Datetime,valueBVP
2023-11-17 15:13:32.273590,11.47209
2023-11-17 15:13:32.289210,14.61854
2023-11-17 15:13:32.304840,20.523
2023-11-17 15:13:32.320470,29.86784
2023-11-17 15:13:32.336090,41.67842
2023-11-17 15:13:32.351720,53.8034
2023-11-17 15:13:32.367340,65.055
2023-11-17 15:13:32.382970,73.93461
2023-11-17 15:13:32.398590,80.47355
2023-11-17 15:13:32.414220,86.72477
2023-11-17 15:13:32.429850,94.59377
2023-11-17 15:13:32.445470,105.4468
2023-11-17 15:13:32.461100,119.0326
2023-11-17 15:13:32.476720,134.829
2023-11-17 15:13:32.492350,151.7512
2023-11-17 15:13:32.507970,168.8307
2023-11-17 15:13:32.523600,184.6445
2023-11-17 15:13:32.539230,196.6105
2023-11-17 15:13:32.554850,200.7782
2023-11-17 15:13:32.570480,192.6592
2023-11-17 15:13:32.586100,169.1726
2023-11-17 15:13:32.601730,130.2478
2023-11-17 15:13:32.617350,79.50118
2023-11-17 15:13:32.632980,23.1924
2023-11-17 15:13:32.648610,-32.08997
2023-11-17 15:13:32.664230,-82.01154
2023-11-17 15:13:32.679860,-125.4427
2023-11-17 15:13:32.695480,-164.2975
2023-11-17 15:13:32.711110,-202.3206
2023-11-17 15:13:32.726730,-243.0547
2023-11-17 15:13:32.742360,-288.4776
2023-11-17 15:13:32.757990,-337.8305
2023-11-17 15:13:32.773610,-387.1666
2023-11-17 15:13:32.789240,-429.5888
2023-11-17 15:13:32.804860,-456.8173
2023-11-17 15:13:32.820490,-461.7333
2023-11-17 15:13:32.836110,-441.5276
2023-11-17 15:13:32.851740,-399.3116
2023-11-17 15:13:32.867370,-343.6453
2023-11-17 15:13:32.882990,-285.8447
2023-11-17 15:13:32.898620,-236.1157
2023-11-17 15:13:32.914240,-200.4788
2023-11-17 15:13:32.929870,-179.3898
2023-11-17 15:13:32.945490,-168.8872
2023-11-17 15:13:32.961120,-163.0904
2023-11-17 15:13:32.976750,-156.4981
2023-11-17 15:13:32.992370,-145.5195
2023-11-17 15:13:33.008000,-128.4574
2023-11-17 15:13:33.023620,-104.8103
2023-11-17 15:13:33.039250,-74.67117
2023-11-17 15:13:33.054870,-38.48232
2023-11-17 15:13:33.070500,2.701503
2023-11-17 15:13:33.086130,46.62403
2023-11-17 15:13:33.101750,89.8709
2023-11-17 15:13:33.117380,128.575
2023-11-17 15:13:33.133000,159.9812
2023-11-17 15:13:33.148630,183.7706
2023-11-17 15:13:33.164250,202.2009
2023-11-17 15:13:33.179880,219.0648
2023-11-17 15:13:33.195510,237.6783
2023-11-17 15:13:33.211130,258.7928
2023-11-17 15:13:33.226760,280.2691
2023-11-17 15:13:33.242380,298.0252
2023-11-17 15:13:33.258010,308.106
2023-11-17 15:13:33.273630,308.4888
2023-11-17 15:13:33.289260,299.358
2023-11-17 15:13:33.304890,282.3692
2023-11-17 15:13:33.320510,259.5247
2023-11-17 15:13:33.336140,232.0761
2023-11-17 15:13:33.351760,200.8884
2023-11-17 15:13:33.367390,167.075
2023-11-17 15:13:33.383010,132.5324
2023-11-17 15:13:33.398640,99.78445
2023-11-17 15:13:33.429890,47.3652
2023-11-17 15:13:33.445520,28.36548
2023-11-17 15:13:33.461140,12.59572
2023-11-17 15:13:33.476770,-1.346313
2023-11-17 15:13:33.492390,-14.11703
2023-11-17 15:13:33.508020,-25.19392
2023-11-17 15:13:33.523650,-33.05276
2023-11-17 15:13:33.539270,-35.70093
2023-11-17 15:13:33.554900,-31.3443
2023-11-17 15:13:33.570520,-18.94136
2023-11-17 15:13:33.586150,1.183014
2023-11-17 15:13:33.601770,27.56624
2023-11-17 15:13:33.617400,57.96773
2023-11-17 15:13:33.633030,90.03564
2023-11-17 15:13:33.648650,121.9251
2023-11-17 15:13:33.664280,152.135
2023-11-17 15:13:33.679900,179.3793
2023-11-17 15:13:33.695530,202.4176
2023-11-17 15:13:33.711160,220.1345
2023-11-17 15:13:33.726780,232.2735
2023-11-17 15:13:33.742410,240.0339
2023-11-17 15:13:33.758030,246.1749
2023-11-17 15:13:33.773660,254.4522
2023-11-17 15:13:33.789280,268.0897
2023-11-17 15:13:33.804910,288.1618
2023-11-17 15:13:33.820540,312.8323
2023-11-17 15:13:33.836160,337.4351
2023-11-17 15:13:33.851790,355.9092
2023-11-17 15:13:33.867410,362.7289
2023-11-17 15:13:33.883040,354.7114
2023-11-17 15:13:33.898660,331.9381
2023-11-17 15:13:33.914290,297.5201
2023-11-17 15:13:33.929920,256.3525
2023-11-17 15:13:33.945540,213.2989
2023-11-17 15:13:33.961170,171.4732
2023-11-17 15:13:33.976790,131.5791
2023-11-17 15:13:33.992420,92.31381
2023-11-17 15:13:34.008040,51.7086
2023-11-17 15:13:34.023670,8.566254
2023-11-17 15:13:34.039300,-36.72643
2023-11-17 15:13:34.054920,-82.35176
2023-11-17 15:13:34.070550,-125.7907
2023-11-17 15:13:34.086170,-165.0796
2023-11-17 15:13:34.101800,-199.4324
2023-11-17 15:13:34.117420,-229.4815
2023-11-17 15:13:34.133050,-256.8584
2023-11-17 15:13:34.148680,-283.5068
2023-11-17 15:13:34.164300,-311.3741
2023-11-17 15:13:34.179930,-341.8502
2023-11-17 15:13:34.195550,-375.3381
2023-11-17 15:13:34.211180,-410.654
2023-11-17 15:13:34.226800,-444.3893
2023-11-17 15:13:34.242430,-470.8196
2023-11-17 15:13:34.258060,-482.8623
2023-11-17 15:13:34.273680,-474.019
2023-11-17 15:13:34.289310,-441.0533
2023-11-17 15:13:34.304930,-385.8706
2023-11-17 15:13:34.320560,-315.691
2023-11-17 15:13:34.336180,-241.272
2023-11-17 15:13:34.351810,-173.3959
2023-11-17 15:13:34.367440,-119.4941
2023-11-17 15:13:34.383060,-81.72369
2023-11-17 15:13:34.398690,-57.38434
2023-11-17 15:13:34.414310,-41.36359
2023-11-17 15:13:34.429940,-29.16791
2023-11-17 15:13:34.445560,-18.9566
2023-11-17 15:13:34.461190,-11.63416
2023-11-17 15:13:34.476820,-9.118469
2023-11-17 15:13:34.492440,-12.02795
2023-11-17 15:13:34.508070,-18.40753
2023-11-17 15:13:34.523690,-24.09619
2023-11-17 15:13:34.539320,-24.76422
2023-11-17 15:13:34.554940,-18.30701
2023-11-17 15:13:34.570570,-5.856567
2023-11-17 15:13:34.586200,8.696777
2023-11-17 15:13:34.617450,27.20648
2023-11-17 15:13:34.633070,28.00677
2023-11-17 15:13:34.648700,24.85406
2023-11-17 15:13:34.664320,19.20636
2023-11-17 15:13:34.679950,10.94458
2023-11-17 15:13:34.695580,-1.448425
2023-11-17 15:13:34.711200,-19.35748
2023-11-17 15:13:34.726830,-42.57849
2023-11-17 15:13:34.742450,-69.04535
2023-11-17 15:13:34.758080,-95.27081
2023-11-17 15:13:34.773700,-117.5298
2023-11-17 15:13:34.789330,-133.311
2023-11-17 15:13:34.804960,-141.5771
2023-11-17 15:13:34.820580,-141.8759
2023-11-17 15:13:34.836210,-133.6367
2023-11-17 15:13:34.851830,-115.6102
2023-11-17 15:13:34.867460,-86.58801
2023-11-17 15:13:34.883080,-47.09052
2023-11-17 15:13:34.898710,1.263733
2023-11-17 15:13:34.914340,56.02679
2023-11-17 15:13:34.929960,113.8237
2023-11-17 15:13:34.945590,169.905
2023-11-17 15:13:34.961210,218.2059
2023-11-17 15:13:34.976840,252.6573
2023-11-17 15:13:34.992460,269.3317
2023-11-17 15:13:35.008090,268.2277
2023-11-17 15:13:35.023720,251.9538
2023-11-17 15:13:35.039340,227.8676
2023-11-17 15:13:35.054970,206.1583
2023-11-17 15:13:35.070590,195.5071
2023-11-17 15:13:35.086220,198.5249
2023-11-17 15:13:35.101840,211.3395
2023-11-17 15:13:35.117470,226.5184
2023-11-17 15:13:35.133100,237.3163
2023-11-17 15:13:35.148720,239.9066
2023-11-17 15:13:35.164350,228.9097
2023-11-17 15:13:35.179970,202.9614
2023-11-17 15:13:35.195600,165.4561
2023-11-17 15:13:35.211220,122.2306
2023-11-17 15:13:35.226850,77.66754
2023-11-17 15:13:35.242480,33.776
2023-11-17 15:13:35.258100,-8.520813
2023-11-17 15:13:35.273730,-47.90173
2023-11-17 15:13:35.289350,-83.88873
2023-11-17 15:13:35.304980,-124.6286
2023-11-17 15:13:35.320600,-175.7253
2023-11-17 15:13:35.336230,-235.9767
2023-11-17 15:13:35.351860,-298.5724
2023-11-17 15:13:35.367480,-357.021
2023-11-17 15:13:35.383110,-407.9762
2023-11-17 15:13:35.398730,-450.5734
2023-11-17 15:13:35.414360,-484.8403
2023-11-17 15:13:35.429980,-512.6952
2023-11-17 15:13:35.445610,-546.8759
2023-11-17 15:13:35.461240,-596.038
2023-11-17 15:13:35.476860,-659.0077
2023-11-17 15:13:35.492490,-726.7452
2023-11-17 15:13:35.508110,-790.4341
2023-11-17 15:13:35.523740,-844.9301
2023-11-17 15:13:35.539360,-887.9038
2023-11-17 15:13:35.554990,-917.4437
2023-11-17 15:13:35.570620,-866.2681
2023-11-17 15:13:35.586240,-706.1232
2023-11-17 15:13:35.601870,-467.3385
2023-11-17 15:13:35.617490,-216.1324
2023-11-17 15:13:35.633120,-2.617981
2023-11-17 15:13:35.664370,265.6494
2023-11-17 15:13:35.680000,332.0862
2023-11-17 15:13:35.695620,373.0536
2023-11-17 15:13:35.711250,398.674
2023-11-17 15:13:35.726870,406.0029
2023-11-17 15:13:35.742500,395.2869
2023-11-17 15:13:35.758120,374.8187
2023-11-17 15:13:35.773750,358.1932
2023-11-17 15:13:35.789380,352.918
2023-11-17 15:13:35.805000,360.5236
2023-11-17 15:13:35.820630,378.3761
2023-11-17 15:13:35.836250,402.2498
2023-11-17 15:13:35.851880,426.6079
2023-11-17 15:13:35.867500,439.1938
2023-11-17 15:13:35.883130,432.2512
2023-11-17 15:13:35.898760,406.179
2023-11-17 15:13:35.914380,368.7172
2023-11-17 15:13:35.930010,329.2685
2023-11-17 15:13:35.945630,295.5538
2023-11-17 15:13:35.961260,272.5571
2023-11-17 15:13:35.976890,260.4858
2023-11-17 15:13:35.992510,254.41
2023-11-17 15:13:36.008140,242.8705
2023-11-17 15:13:36.023760,218.2299
2023-11-17 15:13:36.039390,181.2722
2023-11-17 15:13:36.055010,142.076
2023-11-17 15:13:36.070640,114.3931
2023-11-17 15:13:36.086270,108.8159
2023-11-17 15:13:36.101890,128.1155
2023-11-17 15:13:36.117520,162.9464
2023-11-17 15:13:36.133140,196.1316
2023-11-17 15:13:36.148770,208.7323
2023-11-17 15:13:36.164390,189.7886
2023-11-17 15:13:36.180020,138.9442
2023-11-17 15:13:36.195650,65.32446
2023-11-17 15:13:36.211270,-18.41983
2023-11-17 15:13:36.226900,-101.255
2023-11-17 15:13:36.242520,-175.9762
2023-11-17 15:13:36.258150,-242.3668
2023-11-17 15:13:36.273770,-301.8185
2023-11-17 15:13:36.289400,-354.2904
2023-11-17 15:13:36.305030,-385.6643
2023-11-17 15:13:36.320650,-382.7708
2023-11-17 15:13:36.336280,-344.438
2023-11-17 15:13:36.351900,-284.8351
2023-11-17 15:13:36.367530,-232.6054
2023-11-17 15:13:36.383150,-195.8384
2023-11-17 15:13:36.398780,-175.8667
2023-11-17 15:13:36.414410,-169.2266
2023-11-17 15:13:36.430030,-166.8855
2023-11-17 15:13:36.445660,-159.5293
2023-11-17 15:13:36.461280,-141.1685
2023-11-17 15:13:36.476910,-110.3233
2023-11-17 15:13:36.492530,-69.81309
2023-11-17 15:13:36.508160,-24.77705
2023-11-17 15:13:36.523790,20.55415
2023-11-17 15:13:36.539410,61.20453
2023-11-17 15:13:36.555040,95.5517
2023-11-17 15:13:36.570660,126.0798
2023-11-17 15:13:36.586290,156.9908
2023-11-17 15:13:36.601910,189.9425
2023-11-17 15:13:36.617540,223.6411
2023-11-17 15:13:36.633170,255.5071
2023-11-17 15:13:36.648790,283.842
2023-11-17 15:13:36.664420,309.0857
2023-11-17 15:13:36.680040,330.396
2023-11-17 15:13:36.695670,347.2166
2023-11-17 15:13:36.711290,359.5313
2023-11-17 15:13:36.726920,368.1508
2023-11-17 15:13:36.742550,372.3677
2023-11-17 15:13:36.758170,370.2399
2023-11-17 15:13:36.773800,359.6983
2023-11-17 15:13:36.789420,339.7632
2023-11-17 15:13:36.805050,310.9537
2023-11-17 15:13:36.820670,273.4857
2023-11-17 15:13:36.836300,229.154
2023-11-17 15:13:36.851930,181.9123
2023-11-17 15:13:36.867550,136.9616
2023-11-17 15:13:36.883180,96.36894
2023-11-17 15:13:36.898800,58.17628
2023-11-17 15:13:36.914430,17.68564
2023-11-17 15:13:36.930050,-28.34324
2023-11-17 15:13:36.945680,-79.60613
2023-11-17 15:13:36.961310,-133.5087
2023-11-17 15:13:36.976930,-185.8604
2023-11-17 15:13:36.992560,-232.8172
2023-11-17 15:13:37.008180,-265.6991
2023-11-17 15:13:37.023810,-275.7832
2023-11-17 15:13:37.039430,-262.6277
2023-11-17 15:13:37.055060,-237.1128
2023-11-17 15:13:37.070690,-210.5192
2023-11-17 15:13:37.086310,-186.989
2023-11-17 15:13:37.101940,-164.7521
2023-11-17 15:13:37.117560,-141.1037
2023-11-17 15:13:37.133190,-118.0128
2023-11-17 15:13:37.148810,-96.42052
2023-11-17 15:13:37.164440,-80.75404
2023-11-17 15:13:37.180070,-76.14008
2023-11-17 15:13:37.195690,-86.74032
2023-11-17 15:13:37.211320,-111.1745
2023-11-17 15:13:37.226940,-143.6844
2023-11-17 15:13:37.242570,-177.7067
2023-11-17 15:13:37.258190,-204.688
2023-11-17 15:13:37.273820,-218.4998
2023-11-17 15:13:37.289450,-214.761
2023-11-17 15:13:37.305070,-193.283
2023-11-17 15:13:37.320700,-150.1532
2023-11-17 15:13:37.336320,-93.69939
2023-11-17 15:13:37.351950,-39.83426
2023-11-17 15:13:37.367570,-1.927006
2023-11-17 15:13:37.383200,17.08057
2023-11-17 15:13:37.398830,23.08572
2023-11-17 15:13:37.414450,24.26039
2023-11-17 15:13:37.430080,26.09101
2023-11-17 15:13:37.445700,28.05492
2023-11-17 15:13:37.461330,26.84904
2023-11-17 15:13:37.476950,15.34579
2023-11-17 15:13:37.492580,-8.861835
2023-11-17 15:13:37.508210,-42.11533
2023-11-17 15:13:37.523830,-76.20231
2023-11-17 15:13:37.539460,-101.8427
2023-11-17 15:13:37.555080,-111.7665
2023-11-17 15:13:37.570710,-102.4942
2023-11-17 15:13:37.586330,-75.18107
2023-11-17 15:13:37.601960,-30.66932
2023-11-17 15:13:37.617590,25.44458
2023-11-17 15:13:37.633210,87.99179
2023-11-17 15:13:37.648840,153.552
2023-11-17 15:13:37.664460,219.7301
2023-11-17 15:13:37.680090,283.129
2023-11-17 15:13:37.695710,337.3643
2023-11-17 15:13:37.711340,373.1076
2023-11-17 15:13:37.726970,380.9902
2023-11-17 15:13:37.742590,357.1411
2023-11-17 15:13:37.758220,304.2243
2023-11-17 15:13:37.773840,233.6295
2023-11-17 15:13:37.789470,161.6822
2023-11-17 15:13:37.805090,103.8682
2023-11-17 15:13:37.820720,68.21021
2023-11-17 15:13:37.836350,51.75671
2023-11-17 15:13:37.851970,42.47359
2023-11-17 15:13:37.867600,22.16767
2023-11-17 15:13:37.883220,-16.01171
2023-11-17 15:13:37.898850,-64.32262
2023-11-17 15:13:37.914470,-105.4737
2023-11-17 15:13:37.930100,-126.9997
2023-11-17 15:13:37.945730,-128.382
2023-11-17 15:13:37.961350,-121.4125
2023-11-17 15:13:37.976980,-117.1118
2023-11-17 15:13:37.992600,-121.2115
2023-11-17 15:13:38.008230,-132.9787
2023-11-17 15:13:38.023850,-145.5254
2023-11-17 15:13:38.039480,-153.8012
2023-11-17 15:13:38.055110,-155.4585
2023-11-17 15:13:38.070730,-156.1001
2023-11-17 15:13:38.086360,-163.3282
2023-11-17 15:13:38.101980,-176.2655
2023-11-17 15:13:38.117610,-186.3717
2023-11-17 15:13:38.133230,-181.1264
2023-11-17 15:13:38.148860,-153.1846
2023-11-17 15:13:38.164490,-103.4685
2023-11-17 15:13:38.180110,-41.13674
2023-11-17 15:13:38.195740,22.84272
2023-11-17 15:13:38.211360,79.71512
2023-11-17 15:13:38.226990,125.9332
2023-11-17 15:13:38.242610,161.0696
2023-11-17 15:13:38.258240,184.0217
2023-11-17 15:13:38.273870,196.4228
2023-11-17 15:13:38.289490,191.9131
2023-11-17 15:13:38.305120,166.8517
2023-11-17 15:13:38.320740,121.931
2023-11-17 15:13:38.336370,62.86525
2023-11-17 15:13:38.351990,-0.9410896
2023-11-17 15:13:38.367620,-58.75609
2023-11-17 15:13:38.383250,-101.8555
2023-11-17 15:13:38.398870,-126.8417
2023-11-17 15:13:38.414500,-136.9774
2023-11-17 15:13:38.430120,-141.6393
2023-11-17 15:13:38.445750,-147.2284
2023-11-17 15:13:38.461380,-160.0174
2023-11-17 15:13:38.477000,-181.807
2023-11-17 15:13:38.492630,-208.6721
2023-11-17 15:13:38.508250,-231.9529
2023-11-17 15:13:38.523880,-242.0844
2023-11-17 15:13:38.539500,-233.1093
2023-11-17 15:13:38.555130,-204.9242
2023-11-17 15:13:38.570760,-162.9522
2023-11-17 15:13:38.586380,-113.3608
2023-11-17 15:13:38.602010,-60.79096
2023-11-17 15:13:38.617630,-6.914139
2023-11-17 15:13:38.633260,47.79378
2023-11-17 15:13:38.648880,100.9555
2023-11-17 15:13:38.664510,146.438
2023-11-17 15:13:38.680140,174.949
2023-11-17 15:13:38.695760,177.4221
2023-11-17 15:13:38.711390,148.5926
2023-11-17 15:13:38.727010,90.78207
2023-11-17 15:13:38.742640,13.3466
2023-11-17 15:13:38.758260,-69.79842
2023-11-17 15:13:38.773890,-144.3761
2023-11-17 15:13:38.789520,-199.6577
2023-11-17 15:13:38.805140,-230.1049
2023-11-17 15:13:38.820770,-235.0563
2023-11-17 15:13:38.836390,-217.4004
2023-11-17 15:13:38.852020,-181.7325
2023-11-17 15:13:38.867640,-132.8843
2023-11-17 15:13:38.883270,-75.84404
2023-11-17 15:13:38.898900,-15.23305
2023-11-17 15:13:38.914520,44.7515
2023-11-17 15:13:38.930150,100.7903
2023-11-17 15:13:38.945770,150.5556
2023-11-17 15:13:38.961400,192.8105
2023-11-17 15:13:38.977020,227.5852
2023-11-17 15:13:38.992650,256.2139
2023-11-17 15:13:39.008280,281.2186
2023-11-17 15:13:39.023900,304.9833
2023-11-17 15:13:39.039530,328.3995
2023-11-17 15:13:39.055150,349.4386
2023-11-17 15:13:39.070780,363.117
2023-11-17 15:13:39.086400,362.6557
2023-11-17 15:13:39.102030,342.2141
2023-11-17 15:13:39.117660,298.9606
2023-11-17 15:13:39.133280,234.2138
2023-11-17 15:13:39.148910,152.9494
2023-11-17 15:13:39.164530,62.61432
2023-11-17 15:13:39.180160,-27.89566
2023-11-17 15:13:39.195780,-109.2164
2023-11-17 15:13:39.211410,-172.7188
2023-11-17 15:13:39.227040,-212.1681
2023-11-17 15:13:39.242660,-225.5232
2023-11-17 15:13:39.258290,-215.8075
2023-11-17 15:13:39.273910,-189.9022
2023-11-17 15:13:39.289540,-155.8643
2023-11-17 15:13:39.305160,-119.3118
2023-11-17 15:13:39.320790,-81.58368
2023-11-17 15:13:39.336420,-40.66479
2023-11-17 15:13:39.352040,6.028046
2023-11-17 15:13:39.367670,58.58435
2023-11-17 15:13:39.383290,113.8224
2023-11-17 15:13:39.398920,167.2227
2023-11-17 15:13:39.414540,215.6915
2023-11-17 15:13:39.430170,259.2395
2023-11-17 15:13:39.445800,300.0743
2023-11-17 15:13:39.461420,339.5447
2023-11-17 15:13:39.477050,375.6126
2023-11-17 15:13:39.492670,402.8935
2023-11-17 15:13:39.508300,415.5547
2023-11-17 15:13:39.523920,411.1462
2023-11-17 15:13:39.539550,392.8265
2023-11-17 15:13:39.555180,368.1953
2023-11-17 15:13:39.570800,345.6333
2023-11-17 15:13:39.586430,330.0089
2023-11-17 15:13:39.602050,320.6411
2023-11-17 15:13:39.617680,312.6315
2023-11-17 15:13:39.633300,300.3239
2023-11-17 15:13:39.648930,280.7799
2023-11-17 15:13:39.664560,255.007
2023-11-17 15:13:39.680180,226.6759
2023-11-17 15:13:39.695810,199.5149
2023-11-17 15:13:39.711430,175.1636
2023-11-17 15:13:39.727060,152.9353
2023-11-17 15:13:39.742680,130.9815
2023-11-17 15:13:39.758310,107.934
2023-11-17 15:13:39.773940,83.81401
2023-11-17 15:13:39.789560,59.41699
2023-11-17 15:13:39.805190,35.47383
2023-11-17 15:13:39.820810,11.6817
2023-11-17 15:13:39.836440,-13.36542
2023-11-17 15:13:39.852060,-41.42377
2023-11-17 15:13:39.867690,-73.60728
2023-11-17 15:13:39.883320,-109.6584
2023-11-17 15:13:39.898940,-148.0255
2023-11-17 15:13:39.914570,-186.5383
2023-11-17 15:13:39.930190,-223.4223
2023-11-17 15:13:39.945820,-257.9518
2023-11-17 15:13:39.961440,-290.6237
2023-11-17 15:13:39.977070,-322.8539
2023-11-17 15:13:39.992700,-356.5815
2023-11-17 15:13:40.008320,-393.9492
2023-11-17 15:13:40.023950,-436.7392
2023-11-17 15:13:40.039570,-485.4658
2023-11-17 15:13:40.055200,-538.1337
2023-11-17 15:13:40.070820,-589.4879
2023-11-17 15:13:40.086450,-631.4247
2023-11-17 15:13:40.102080,-655.109
2023-11-17 15:13:40.117700,-653.906
2023-11-17 15:13:40.133330,-625.908
2023-11-17 15:13:40.148950,-574.5586
2023-11-17 15:13:40.164580,-507.3523
2023-11-17 15:13:40.180200,-432.8471
2023-11-17 15:13:40.195830,-357.834
2023-11-17 15:13:40.211460,-286.1883
2023-11-17 15:13:40.227080,-219.174
2023-11-17 15:13:40.242710,-156.8209
2023-11-17 15:13:40.258330,-99.02393
2023-11-17 15:13:40.273960,-45.43024
2023-11-17 15:13:40.289580,5.312927
2023-11-17 15:13:40.305210,56.38458
2023-11-17 15:13:40.320840,112.1727
2023-11-17 15:13:40.336460,175.8682
2023-11-17 15:13:40.352090,246.5262
2023-11-17 15:13:40.367710,317.3533
2023-11-17 15:13:40.383340,376.7523
2023-11-17 15:13:40.398960,412.0135
2023-11-17 15:13:40.414590,414.2957
2023-11-17 15:13:40.430220,382.4759
2023-11-17 15:13:40.445840,323.5156
2023-11-17 15:13:40.461470,249.6668
2023-11-17 15:13:40.477090,173.3164
2023-11-17 15:13:40.492720,102.637
2023-11-17 15:13:40.508340,39.7464
2023-11-17 15:13:40.523970,-18.13116
2023-11-17 15:13:40.539600,-75.9859
2023-11-17 15:13:40.555220,-138.2264
2023-11-17 15:13:40.570850,-206.9965
2023-11-17 15:13:40.586470,-281.532
2023-11-17 15:13:40.602100,-358.1418
2023-11-17 15:13:40.617720,-430.6377
2023-11-17 15:13:40.633350,-491.3554
2023-11-17 15:13:40.648980,-532.9979
2023-11-17 15:13:40.664600,-551.2148
2023-11-17 15:13:40.680230,-546.3181
2023-11-17 15:13:40.695850,-523.1075
2023-11-17 15:13:40.711480,-489.1167
2023-11-17 15:13:40.727100,-451.4781
2023-11-17 15:13:40.742730,-414.4433
2023-11-17 15:13:40.758360,-378.5715
2023-11-17 15:13:40.773980,-341.6853
2023-11-17 15:13:40.789610,-301.2231
2023-11-17 15:13:40.805230,-256.3705
2023-11-17 15:13:40.820860,-209.1445
2023-11-17 15:13:40.836490,-163.984
2023-11-17 15:13:40.852110,-126.1739
2023-11-17 15:13:40.867740,-99.65701
2023-11-17 15:13:40.883360,-85.2038
2023-11-17 15:13:40.898990,-79.59014
2023-11-17 15:13:40.914610,-76.60034
2023-11-17 15:13:40.930240,-69.20675
2023-11-17 15:13:40.945870,-52.62637
2023-11-17 15:13:40.961490,-26.15795
2023-11-17 15:13:40.977120,6.882923
2023-11-17 15:13:40.992740,40.98752
2023-11-17 15:13:41.008370,71.31991
2023-11-17 15:13:41.023990,95.92097
2023-11-17 15:13:41.039620,115.7472
2023-11-17 15:13:41.055250,133.5558
2023-11-17 15:13:41.070870,152.1071
2023-11-17 15:13:41.086500,172.9505
2023-11-17 15:13:41.102120,196.2733
2023-11-17 15:13:41.117750,220.998
2023-11-17 15:13:41.133370,244.4498
2023-11-17 15:13:41.149000,261.8988
2023-11-17 15:13:41.164630,266.6646
2023-11-17 15:13:41.180250,251.9836
2023-11-17 15:13:41.195880,214.5362
2023-11-17 15:13:41.211500,157.2477
2023-11-17 15:13:41.227130,90.29242
2023-11-17 15:13:41.242750,28.40982
2023-11-17 15:13:41.258380,-14.09497
2023-11-17 15:13:41.274010,-28.4223
2023-11-17 15:13:41.289630,-14.12338
2023-11-17 15:13:41.305260,21.80304
2023-11-17 15:13:41.320880,68.53699
2023-11-17 15:13:41.336510,115.5845
2023-11-17 15:13:41.352130,155.7279
2023-11-17 15:13:41.367760,185.6983
2023-11-17 15:13:41.383390,205.3864
2023-11-17 15:13:41.399010,216.7064
2023-11-17 15:13:41.414640,222.6511
2023-11-17 15:13:41.430260,226.8201
2023-11-17 15:13:41.445890,232.7979
2023-11-17 15:13:41.461510,243.1517
2023-11-17 15:13:41.477140,258.8788
2023-11-17 15:13:41.492770,278.8909
2023-11-17 15:13:41.508390,300.4808
2023-11-17 15:13:41.524020,320.4433
2023-11-17 15:13:41.539640,336.0339
2023-11-17 15:13:41.555270,346.1509
2023-11-17 15:13:41.570890,351.9143
2023-11-17 15:13:41.586520,356.4429
2023-11-17 15:13:41.602150,363.7289
2023-11-17 15:13:41.617770,376.9148
2023-11-17 15:13:41.633400,396.4012
2023-11-17 15:13:41.649020,418.8966
2023-11-17 15:13:41.664650,437.8828
2023-11-17 15:13:41.680270,445.6444
2023-11-17 15:13:41.695900,436.1361
2023-11-17 15:13:41.711530,406.8553
2023-11-17 15:13:41.727150,359.5963
2023-11-17 15:13:41.742780,299.4578
2023-11-17 15:13:41.758400,233.2504
2023-11-17 15:13:41.774030,167.892
2023-11-17 15:13:41.789650,109.0183
2023-11-17 15:13:41.805280,60.19629
2023-11-17 15:13:41.820910,22.69012
2023-11-17 15:13:41.836530,-4.311218
2023-11-17 15:13:41.852160,-22.52142
2023-11-17 15:13:41.867780,-33.08527
2023-11-17 15:13:41.883410,-35.57599
2023-11-17 15:13:41.899030,-28.23914
2023-11-17 15:13:41.914660,-9.842468
2023-11-17 15:13:41.930290,18.16357
2023-11-17 15:13:41.945910,50.56238
2023-11-17 15:13:41.961540,79.33789
2023-11-17 15:13:41.977160,96.97113
2023-11-17 15:13:41.992790,99.55219
2023-11-17 15:13:42.008410,88.44366
2023-11-17 15:13:42.024040,69.08334
2023-11-17 15:13:42.039670,47.63675
2023-11-17 15:13:42.055290,27.81137
2023-11-17 15:13:42.070920,9.633179
2023-11-17 15:13:42.086540,-9.294678
2023-11-17 15:13:42.102170,-31.35501
2023-11-17 15:13:42.117790,-56.75879
2023-11-17 15:13:42.133420,-83.41733
2023-11-17 15:13:42.149050,-108.2473
2023-11-17 15:13:42.164670,-129.5672
2023-11-17 15:13:42.180300,-148.391
2023-11-17 15:13:42.195920,-168.1889
2023-11-17 15:13:42.211550,-193.4831
2023-11-17 15:13:42.227170,-227.9624
2023-11-17 15:13:42.242800,-273.435
2023-11-17 15:13:42.258430,-329.4438
2023-11-17 15:13:42.274050,-393.1943
2023-11-17 15:13:42.289680,-459.6991
2023-11-17 15:13:42.305300,-522.125
2023-11-17 15:13:42.320930,-572.5203
2023-11-17 15:13:42.336550,-603.6385
2023-11-17 15:13:42.352180,-611.2433
2023-11-17 15:13:42.367810,-595.7916
2023-11-17 15:13:42.383430,-562.3635
2023-11-17 15:13:42.399060,-518.5359
2023-11-17 15:13:42.414680,-471.144
2023-11-17 15:13:42.430310,-423.6147
2023-11-17 15:13:42.445930,-375.4969
2023-11-17 15:13:42.461560,-324.2429
2023-11-17 15:13:42.477190,-267.9028
2023-11-17 15:13:42.492810,-207.3054
2023-11-17 15:13:42.508440,-146.1731
2023-11-17 15:13:42.524060,-89.40974
2023-11-17 15:13:42.539690,-40.76794
2023-11-17 15:13:42.555310,-1.129303
2023-11-17 15:13:42.570940,31.67715
2023-11-17 15:13:42.586570,61.66251
2023-11-17 15:13:42.602190,93.07706
2023-11-17 15:13:42.617820,129.0453
2023-11-17 15:13:42.633440,170.4504
2023-11-17 15:13:42.649070,215.7698
2023-11-17 15:13:42.664690,261.2791
2023-11-17 15:13:42.680320,301.6526
2023-11-17 15:13:42.695950,331.0685
2023-11-17 15:13:42.711570,344.5261
2023-11-17 15:13:42.727200,339.5078
2023-11-17 15:13:42.742820,317.3457
2023-11-17 15:13:42.758450,283.9444
2023-11-17 15:13:42.774070,249.3018
2023-11-17 15:13:42.789700,225.1861
2023-11-17 15:13:42.805330,221.4943
2023-11-17 15:13:42.820950,242.5279
2023-11-17 15:13:42.836580,284.9642
2023-11-17 15:13:42.852200,338.6468
2023-11-17 15:13:42.867830,390.3387
2023-11-17 15:13:42.883450,428.4185
2023-11-17 15:13:42.899080,446.2497
2023-11-17 15:13:42.914710,442.7316
2023-11-17 15:13:42.930330,420.0829
2023-11-17 15:13:42.945960,380.5381
2023-11-17 15:13:42.961580,324.6302
2023-11-17 15:13:42.977210,252.2884
2023-11-17 15:13:42.992840,165.9787
2023-11-17 15:13:43.008460,73.15842
2023-11-17 15:13:43.024090,-14.64227
2023-11-17 15:13:43.039710,-85.99777
2023-11-17 15:13:43.055340,-135.2758
2023-11-17 15:13:43.070960,-165.8499
2023-11-17 15:13:43.086590,-189.0078
2023-11-17 15:13:43.102220,-218.6638
2023-11-17 15:13:43.117840,-265.1479
2023-11-17 15:13:43.133470,-331.1278
2023-11-17 15:13:43.149090,-411.6314
2023-11-17 15:13:43.164720,-496.9545
2023-11-17 15:13:43.180340,-576.3318
2023-11-17 15:13:43.195970,-640.6746
2023-11-17 15:13:43.211600,-683.5171
2023-11-17 15:13:43.227220,-700.8276
2023-11-17 15:13:43.242850,-691.0658
2023-11-17 15:13:43.258470,-655.7034
2023-11-17 15:13:43.274100,-599.4642
2023-11-17 15:13:43.289720,-529.799
2023-11-17 15:13:43.305350,-455.0914
2023-11-17 15:13:43.320980,-382.4071
2023-11-17 15:13:43.336600,-316.1299
2023-11-17 15:13:43.352230,-258.056
2023-11-17 15:13:43.367850,-208.2876
2023-11-17 15:13:43.383480,-166.2603
2023-11-17 15:13:43.399100,-131.1424
2023-11-17 15:13:43.414730,-101.6655
2023-11-17 15:13:43.430360,-75.7049
2023-11-17 15:13:43.445980,-50.52948
2023-11-17 15:13:43.461610,-23.66541
2023-11-17 15:13:43.477230,6.344116
2023-11-17 15:13:43.492860,39.6507
2023-11-17 15:13:43.508480,75.54108
2023-11-17 15:13:43.524110,112.7449
2023-11-17 15:13:43.539740,149.9271
2023-11-17 15:13:43.555360,185.657
2023-11-17 15:13:43.570990,218.2248
2023-11-17 15:13:43.586610,245.3814
2023-11-17 15:13:43.602240,264.8282
2023-11-17 15:13:43.617860,274.8005
2023-11-17 15:13:43.633490,274.8135
2023-11-17 15:13:43.649120,266.0651
2023-11-17 15:13:43.664740,250.9555
2023-11-17 15:13:43.680370,232.3933
2023-11-17 15:13:43.695990,212.8166
2023-11-17 15:13:43.711620,193.582
2023-11-17 15:13:43.727240,174.9961
2023-11-17 15:13:43.742870,156.8864
2023-11-17 15:13:43.758500,139.2845
2023-11-17 15:13:43.774120,122.9307
2023-11-17 15:13:43.789750,109.1263
2023-11-17 15:13:43.805370,99.28552
2023-11-17 15:13:43.821000,94.32507
2023-11-17 15:13:43.836620,94.12335
2023-11-17 15:13:43.852250,97.69421
2023-11-17 15:13:43.867880,103.5533
2023-11-17 15:13:43.883500,110.2896
2023-11-17 15:13:43.899130,117.0983
2023-11-17 15:13:43.914750,123.5414
2023-11-17 15:13:43.930380,129.2661
2023-11-17 15:13:43.946000,133.5767
2023-11-17 15:13:43.961630,135.2201
2023-11-17 15:13:43.977260,132.9183
2023-11-17 15:13:43.992880,126.1467
2023-11-17 15:13:44.008510,115.882
2023-11-17 15:13:44.024130,104.7129
2023-11-17 15:13:44.039760,96.0575
2023-11-17 15:13:44.055380,92.82349
2023-11-17 15:13:44.071010,96.25806
2023-11-17 15:13:44.086640,104.9713
2023-11-17 15:13:44.102260,115.5751
2023-11-17 15:13:44.117890,123.8159
2023-11-17 15:13:44.133510,126.1265
2023-11-17 15:13:44.149140,120.9293
2023-11-17 15:13:44.164760,108.7166
2023-11-17 15:13:44.180390,91.71094
2023-11-17 15:13:44.196020,72.84387
2023-11-17 15:13:44.211640,54.85449
2023-11-17 15:13:44.227270,39.85681
2023-11-17 15:13:44.242890,29.1709
2023-11-17 15:13:44.258520,23.27576
2023-11-17 15:13:44.274140,21.81592
2023-11-17 15:13:44.289770,23.42261
2023-11-17 15:13:44.305400,26.10913
2023-11-17 15:13:44.321020,28.02527
2023-11-17 15:13:44.336650,27.92664
2023-11-17 15:13:44.352270,26.01526
2023-11-17 15:13:44.367900,23.70361
2023-11-17 15:13:44.383520,22.90137
2023-11-17 15:13:44.399150,25.11328
2023-11-17 15:13:44.414780,30.51501
2023-11-17 15:13:44.430400,37.89673
2023-11-17 15:13:44.446030,45.15405
2023-11-17 15:13:44.461650,50.26917
2023-11-17 15:13:44.477280,52.12537
2023-11-17 15:13:44.492900,51.08289
2023-11-17 15:13:44.508530,48.94629
2023-11-17 15:13:44.524160,48.41797
2023-11-17 15:13:44.539780,52.04449
2023-11-17 15:13:44.555410,61.00836
2023-11-17 15:13:44.571030,74.24493
2023-11-17 15:13:44.586660,87.65845
2023-11-17 15:13:44.602280,95.11621
2023-11-17 15:13:44.617910,90.26465
2023-11-17 15:13:44.633540,69.22565
2023-11-17 15:13:44.649160,32.96576
2023-11-17 15:13:44.664790,-12.2901
2023-11-17 15:13:44.680410,-56.69141
2023-11-17 15:13:44.696040,-90.16278
2023-11-17 15:13:44.711660,-106.116
2023-11-17 15:13:44.727290,-103.4409
2023-11-17 15:13:44.742920,-86.11584
2023-11-17 15:13:44.758540,-60.89001
2023-11-17 15:13:44.774170,-34.0708
2023-11-17 15:13:44.789790,-9.529663
2023-11-17 15:13:44.805420,11.69812
2023-11-17 15:13:44.821040,30.49438
2023-11-17 15:13:44.836670,47.91968
2023-11-17 15:13:44.852300,64.64801
2023-11-17 15:13:44.867920,80.95703
2023-11-17 15:13:44.883550,97.39789
2023-11-17 15:13:44.899170,115.1445
2023-11-17 15:13:44.914800,135.4231
2023-11-17 15:13:44.930420,158.6648
2023-11-17 15:13:44.946050,183.5613
2023-11-17 15:13:44.961680,207.1003
2023-11-17 15:13:44.977300,225.5717
2023-11-17 15:13:44.992930,236.0682
2023-11-17 15:13:45.008550,237.4918
2023-11-17 15:13:45.024180,230.8399
2023-11-17 15:13:45.039800,218.2748
2023-11-17 15:13:45.055430,202.0914
2023-11-17 15:13:45.071060,184.1765
2023-11-17 15:13:45.086680,165.6044
2023-11-17 15:13:45.102310,147.342
2023-11-17 15:13:45.117930,130.4935
2023-11-17 15:13:45.133560,116.3659
2023-11-17 15:13:45.149180,106.1179
2023-11-17 15:13:45.164810,100.1569
2023-11-17 15:13:45.180440,97.97766
2023-11-17 15:13:45.196060,98.32886
2023-11-17 15:13:45.211690,99.76117
2023-11-17 15:13:45.227310,101.1104
2023-11-17 15:13:45.242940,101.9689
2023-11-17 15:13:45.258560,102.5525
2023-11-17 15:13:45.274190,103.418
2023-11-17 15:13:45.289820,104.953
2023-11-17 15:13:45.305440,106.9535
2023-11-17 15:13:45.321070,108.5555
2023-11-17 15:13:45.336690,108.2155
2023-11-17 15:13:45.352320,104.3142
2023-11-17 15:13:45.367940,95.62732
2023-11-17 15:13:45.383570,81.96336
2023-11-17 15:13:45.399200,64.39455
2023-11-17 15:13:45.414820,44.81595
2023-11-17 15:13:45.430450,25.43382
2023-11-17 15:13:45.446070,8.068436
2023-11-17 15:13:45.461700,-6.451614
2023-11-17 15:13:45.477320,-18.51551
2023-11-17 15:13:45.492950,-29.61971
2023-11-17 15:13:45.508580,-42.01648
2023-11-17 15:13:45.524200,-58.05256
2023-11-17 15:13:45.539830,-79.61676
2023-11-17 15:13:45.555450,-107.5858
2023-11-17 15:13:45.571080,-141.3577
2023-11-17 15:13:45.586700,-179.3251
2023-11-17 15:13:45.602330,-219.1683
2023-11-17 15:13:45.617960,-258.7134
2023-11-17 15:13:45.633580,-296.5308
2023-11-17 15:13:45.649210,-331.9852
2023-11-17 15:13:45.664830,-365.4082
2023-11-17 15:13:45.680460,-397.9021
2023-11-17 15:13:45.696090,-431.2756
2023-11-17 15:13:45.711710,-467.4243
2023-11-17 15:13:45.727340,-507.3024
2023-11-17 15:13:45.742960,-549.4682
2023-11-17 15:13:45.758590,-589.1933
2023-11-17 15:13:45.774210,-618.9304
2023-11-17 15:13:45.789840,-630.5524
2023-11-17 15:13:45.805470,-618.3112
2023-11-17 15:13:45.821090,-581.2577
2023-11-17 15:13:45.836720,-523.8707
2023-11-17 15:13:45.852340,-454.0705
2023-11-17 15:13:45.867970,-380.1451
2023-11-17 15:13:45.883590,-307.8319
2023-11-17 15:13:45.899220,-239.0064
2023-11-17 15:13:45.914850,-172.7627
2023-11-17 15:13:45.930470,-107.6628
2023-11-17 15:13:45.946100,-43.80133
2023-11-17 15:13:45.961720,16.38245
2023-11-17 15:13:45.977350,69.29645
2023-11-17 15:13:45.992970,112.2432
2023-11-17 15:13:46.008600,145.1574
2023-11-17 15:13:46.024230,171.0084
2023-11-17 15:13:46.039850,194.4653
2023-11-17 15:13:46.055480,219.7217
2023-11-17 15:13:46.071100,248.5089
2023-11-17 15:13:46.086730,279.1886
2023-11-17 15:13:46.102350,307.9177
2023-11-17 15:13:46.117980,330.787
2023-11-17 15:13:46.133610,345.9302
2023-11-17 15:13:46.149230,354.1526
2023-11-17 15:13:46.164860,358.3835
2023-11-17 15:13:46.180480,362.1303
2023-11-17 15:13:46.196110,367.7049
2023-11-17 15:13:46.211730,374.9558
2023-11-17 15:13:46.227360,381.5338
2023-11-17 15:13:46.242990,383.8116
2023-11-17 15:13:46.258610,378.2341
2023-11-17 15:13:46.274240,362.513
2023-11-17 15:13:46.289860,335.6545
2023-11-17 15:13:46.305490,297.8468
2023-11-17 15:13:46.321110,249.8926
2023-11-17 15:13:46.336740,192.7154
2023-11-17 15:13:46.352370,127.781
2023-11-17 15:13:46.367990,57.99789
2023-11-17 15:13:46.383620,-11.52032
2023-11-17 15:13:46.399240,-73.95865
2023-11-17 15:13:46.414870,-123.1622
2023-11-17 15:13:46.430490,-156.6432
2023-11-17 15:13:46.446120,-176.7281
2023-11-17 15:13:46.461750,-189.8484
2023-11-17 15:13:46.477370,-203.7294
2023-11-17 15:13:46.493000,-224.2895
2023-11-17 15:13:46.508620,-253.7564
2023-11-17 15:13:46.524250,-290.7344
2023-11-17 15:13:46.539870,-332.1208
2023-11-17 15:13:46.555500,-374.9064
2023-11-17 15:13:46.571130,-417.4071
2023-11-17 15:13:46.586750,-456.7551
2023-11-17 15:13:46.602380,-486.9107
2023-11-17 15:13:46.618000,-499.2207
2023-11-17 15:13:46.633630,-485.7576
2023-11-17 15:13:46.649250,-442.9849
2023-11-17 15:13:46.664880,-373.9431
2023-11-17 15:13:46.680510,-287.5478
2023-11-17 15:13:46.696130,-196.2377
2023-11-17 15:13:46.711760,-114.4217
2023-11-17 15:13:46.727380,-51.79211
2023-11-17 15:13:46.743010,-10.28049
2023-11-17 15:13:46.758630,15.11914
2023-11-17 15:13:46.774260,32.25531
2023-11-17 15:13:46.789890,47.8754
2023-11-17 15:13:46.805510,66.21127
2023-11-17 15:13:46.821140,89.28302
2023-11-17 15:13:46.836760,116.5106
2023-11-17 15:13:46.852390,142.6742
2023-11-17 15:13:46.868010,163.3636
2023-11-17 15:13:46.883640,177.7813
2023-11-17 15:13:46.899270,188.3289
2023-11-17 15:13:46.914890,196.5247
2023-11-17 15:13:46.930520,200.9482
2023-11-17 15:13:46.946140,198.5594
2023-11-17 15:13:46.961770,187.141
2023-11-17 15:13:46.977390,164.9593
2023-11-17 15:13:46.993020,127.5459
2023-11-17 15:13:47.008650,73.3317
2023-11-17 15:13:47.024270,6.041534
2023-11-17 15:13:47.039900,-66.62009
2023-11-17 15:13:47.055520,-138.3657
2023-11-17 15:13:47.071150,-206.3427
2023-11-17 15:13:47.086770,-269.2488
2023-11-17 15:13:47.102400,-325.0488
2023-11-17 15:13:47.118030,-341.8315
2023-11-17 15:13:47.133650,-300.1656
2023-11-17 15:13:47.149280,-208.46
2023-11-17 15:13:47.164900,-98.02454
2023-11-17 15:13:47.180530,2.694061
2023-11-17 15:13:47.196150,79.7341
2023-11-17 15:13:47.211780,130.9256
2023-11-17 15:13:47.227410,156.5654
2023-11-17 15:13:47.243030,169.1281
2023-11-17 15:13:47.258660,177.0072
2023-11-17 15:13:47.274280,179.767
2023-11-17 15:13:47.289910,174.5302
2023-11-17 15:13:47.305530,160.0216
2023-11-17 15:13:47.321160,136.9615
2023-11-17 15:13:47.336790,106.267
2023-11-17 15:13:47.352410,66.50311
2023-11-17 15:13:47.368040,18.77303
2023-11-17 15:13:47.383660,-30.83069
2023-11-17 15:13:47.399290,-74.79132
2023-11-17 15:13:47.414910,-108.9602
2023-11-17 15:13:47.430540,-130.2284
2023-11-17 15:13:47.446170,-136.2784
2023-11-17 15:13:47.461790,-127.0883
2023-11-17 15:13:47.477420,-110.5083
2023-11-17 15:13:47.493040,-98.81462
2023-11-17 15:13:47.508670,-101.8976
2023-11-17 15:13:47.524290,-123.2286
2023-11-17 15:13:47.539920,-161.9016
2023-11-17 15:13:47.555550,-215.3379
2023-11-17 15:13:47.571170,-277.6484
2023-11-17 15:13:47.586800,-339.5902
2023-11-17 15:13:47.602420,-371.1317
2023-11-17 15:13:47.618050,-352.5556
2023-11-17 15:13:47.633670,-289.9283
2023-11-17 15:13:47.649300,-209.4203
2023-11-17 15:13:47.664930,-136.0535
2023-11-17 15:13:47.680550,-82.87328
2023-11-17 15:13:47.696180,-52.60215
2023-11-17 15:13:47.711800,-41.3632
2023-11-17 15:13:47.727430,-42.59563
2023-11-17 15:13:47.743050,-49.29733
2023-11-17 15:13:47.758680,-60.28265
2023-11-17 15:13:47.774310,-76.01059
2023-11-17 15:13:47.789930,-94.12425
2023-11-17 15:13:47.805560,-108.8068
2023-11-17 15:13:47.821180,-114.3035
2023-11-17 15:13:47.836810,-107.5364
2023-11-17 15:13:47.852440,-88.05074
2023-11-17 15:13:47.868060,-56.48747
2023-11-17 15:13:47.883690,-17.68121
2023-11-17 15:13:47.899310,22.37503
2023-11-17 15:13:47.914940,59.20805
2023-11-17 15:13:47.930560,92.24207
2023-11-17 15:13:47.946190,124.3328
2023-11-17 15:13:47.961820,158.4287
2023-11-17 15:13:47.977440,195.738
2023-11-17 15:13:47.993070,235.1076
2023-11-17 15:13:48.008690,273.9021
2023-11-17 15:13:48.024320,309.291
2023-11-17 15:13:48.039940,338.4603
2023-11-17 15:13:48.055570,360.4976
2023-11-17 15:13:48.071200,377.358
2023-11-17 15:13:48.086820,392.9256
2023-11-17 15:13:48.102450,410.3682
2023-11-17 15:13:48.118070,430.5118
2023-11-17 15:13:48.133700,451.1335
2023-11-17 15:13:48.149320,468.2831
2023-11-17 15:13:48.164950,478.1274
2023-11-17 15:13:48.180580,478.5674
2023-11-17 15:13:48.196200,470.1194
2023-11-17 15:13:48.211830,455.6696
2023-11-17 15:13:48.227450,439.4629
2023-11-17 15:13:48.243080,424.4667
2023-11-17 15:13:48.258700,411.9288
2023-11-17 15:13:48.274330,400.7475
2023-11-17 15:13:48.289960,388.3599
2023-11-17 15:13:48.305580,372.5201
2023-11-17 15:13:48.321210,352.0719
2023-11-17 15:13:48.336830,326.4373
2023-11-17 15:13:48.352460,294.748
2023-11-17 15:13:48.368080,256.1527
2023-11-17 15:13:48.383710,209.0648
2023-11-17 15:13:48.399340,152.9987
2023-11-17 15:13:48.414960,88.16257
2023-11-17 15:13:48.430590,15.59531
2023-11-17 15:13:48.446210,-61.85165
2023-11-17 15:13:48.461840,-139.8233
2023-11-17 15:13:48.477460,-213.8705
2023-11-17 15:13:48.493090,-280.9431
2023-11-17 15:13:48.508720,-339.0469
2023-11-17 15:13:48.524340,-388.1978
2023-11-17 15:13:48.539970,-422.3234
2023-11-17 15:13:48.555590,-431.9404
2023-11-17 15:13:48.571220,-414.6752
2023-11-17 15:13:48.586840,-379.2885
2023-11-17 15:13:48.602470,-338.2238
2023-11-17 15:13:48.618100,-299.8212
2023-11-17 15:13:48.633720,-271.0541
2023-11-17 15:13:48.649350,-247.4848
2023-11-17 15:13:48.664970,-224.363
2023-11-17 15:13:48.680600,-197.2095
2023-11-17 15:13:48.696220,-163.7448
2023-11-17 15:13:48.711850,-124.5313
2023-11-17 15:13:48.727480,-79.93773
2023-11-17 15:13:48.743100,-33.16649
2023-11-17 15:13:48.758730,11.90192
2023-11-17 15:13:48.774350,51.86475
2023-11-17 15:13:48.789980,85.66261
2023-11-17 15:13:48.805600,113.151
2023-11-17 15:13:48.821230,135.1716
2023-11-17 15:13:48.836860,151.5368
2023-11-17 15:13:48.852480,160.8838
2023-11-17 15:13:48.868110,162.7188
2023-11-17 15:13:48.883730,158.9282
2023-11-17 15:13:48.899360,153.8257
2023-11-17 15:13:48.914980,151.6134
2023-11-17 15:13:48.930610,154.3515
2023-11-17 15:13:48.946240,159.3685
2023-11-17 15:13:48.961860,160.7728
2023-11-17 15:13:48.977490,151.4061
2023-11-17 15:13:48.993110,125.9419
2023-11-17 15:13:49.008740,83.68972
2023-11-17 15:13:49.024360,28.37569
2023-11-17 15:13:49.039990,-33.97496
2023-11-17 15:13:49.055620,-97.96603
2023-11-17 15:13:49.071240,-160.2972
2023-11-17 15:13:49.086870,-220.7459
2023-11-17 15:13:49.102490,-280.3899
2023-11-17 15:13:49.118120,-340.4825
2023-11-17 15:13:49.133740,-401.0458
2023-11-17 15:13:49.149370,-459.7571
2023-11-17 15:13:49.165000,-512.1445
2023-11-17 15:13:49.180620,-552.2217
2023-11-17 15:13:49.196250,-574.1534
2023-11-17 15:13:49.211870,-574.0168
2023-11-17 15:13:49.227500,-551.1667
2023-11-17 15:13:49.243120,-508.2338
2023-11-17 15:13:49.258750,-450.4581
2023-11-17 15:13:49.274380,-384.3115
2023-11-17 15:13:49.290000,-316.3119
2023-11-17 15:13:49.305630,-252.1455
2023-11-17 15:13:49.321250,-196.1814
2023-11-17 15:13:49.336880,-151.1604
2023-11-17 15:13:49.352500,-117.928
2023-11-17 15:13:49.368130,-95.34467
2023-11-17 15:13:49.383760,-80.35393
2023-11-17 15:13:49.399380,-68.43686
2023-11-17 15:13:49.415010,-54.76326
2023-11-17 15:13:49.430630,-35.70103
2023-11-17 15:13:49.446260,-10.24318
2023-11-17 15:13:49.461880,18.76328
2023-11-17 15:13:49.477510,44.56016
2023-11-17 15:13:49.493140,57.54073
2023-11-17 15:13:49.508760,48.84222
2023-11-17 15:13:49.524390,14.62224
2023-11-17 15:13:49.540010,-41.1207
2023-11-17 15:13:49.555640,-106.4813
2023-11-17 15:13:49.571260,-165.599
2023-11-17 15:13:49.586890,-204.5806
2023-11-17 15:13:49.602520,-216.6759
2023-11-17 15:13:49.618140,-203.9266
2023-11-17 15:13:49.633770,-174.6285
2023-11-17 15:13:49.649390,-138.1353
2023-11-17 15:13:49.665020,-100.5423
2023-11-17 15:13:49.680640,-63.19644
2023-11-17 15:13:49.696270,-24.32932
2023-11-17 15:13:49.711900,17.5119
2023-11-17 15:13:49.727520,61.26108
2023-11-17 15:13:49.743150,103.3252
2023-11-17 15:13:49.758770,139.5701
2023-11-17 15:13:49.774400,167.9431
2023-11-17 15:13:49.790020,189.6329
2023-11-17 15:13:49.805650,208.4534
2023-11-17 15:13:49.821280,228.544
2023-11-17 15:13:49.836900,251.8065
2023-11-17 15:13:49.852530,276.8425
2023-11-17 15:13:49.868150,299.2985
2023-11-17 15:13:49.883780,313.6539
2023-11-17 15:13:49.899400,315.7235
2023-11-17 15:13:49.915030,304.5967
2023-11-17 15:13:49.930660,283.1841
2023-11-17 15:13:49.946280,257.2131
2023-11-17 15:13:49.961910,232.6783
2023-11-17 15:13:49.977530,213.5761
2023-11-17 15:13:49.993160,200.3687
2023-11-17 15:13:50.008780,190.4994
2023-11-17 15:13:50.024410,180.1991
2023-11-17 15:13:50.040040,166.663
2023-11-17 15:13:50.055660,149.2737
2023-11-17 15:13:50.071290,129.5197
2023-11-17 15:13:50.086910,109.7487
2023-11-17 15:13:50.102540,92.04578
2023-11-17 15:13:50.118170,77.58301
2023-11-17 15:13:50.133790,66.8053
2023-11-17 15:13:50.149420,60.03436
2023-11-17 15:13:50.165040,57.50256
2023-11-17 15:13:50.180670,59.16522
2023-11-17 15:13:50.196290,64.26166
2023-11-17 15:13:50.211920,70.90753
2023-11-17 15:13:50.227550,76.8363
2023-11-17 15:13:50.243170,80.14447
2023-11-17 15:13:50.258800,79.99823
2023-11-17 15:13:50.274420,76.76837
2023-11-17 15:13:50.290050,71.29547
2023-11-17 15:13:50.305670,64.36383
2023-11-17 15:13:50.321300,56.6424
2023-11-17 15:13:50.336930,48.53467
2023-11-17 15:13:50.352550,40.55536
2023-11-17 15:13:50.368180,33.1214
2023-11-17 15:13:50.383800,26.15002
2023-11-17 15:13:50.399430,18.96759
2023-11-17 15:13:50.415050,10.53162
2023-11-17 15:13:50.430680,0.1515503
2023-11-17 15:13:50.446310,-11.83197
2023-11-17 15:13:50.461930,-24.28101
2023-11-17 15:13:50.477560,-35.50781
2023-11-17 15:13:50.493180,-44.06726
2023-11-17 15:13:50.508810,-48.98132
2023-11-17 15:13:50.524430,-49.52338
2023-11-17 15:13:50.540060,-45.04938
2023-11-17 15:13:50.555690,-35.03601
2023-11-17 15:13:50.571310,-19.5387
2023-11-17 15:13:50.586940,-0.15625
2023-11-17 15:13:50.602560,20.25232
2023-11-17 15:13:50.618190,38.35065
2023-11-17 15:13:50.633810,51.85791
2023-11-17 15:13:50.649440,60.72913
2023-11-17 15:13:50.665070,66.80396
2023-11-17 15:13:50.680690,72.37268
2023-11-17 15:13:50.696320,78.48193
2023-11-17 15:13:50.711940,83.77563
2023-11-17 15:13:50.727570,85.46179
2023-11-17 15:13:50.743190,80.95074
2023-11-17 15:13:50.758820,69.63202
2023-11-17 15:13:50.774450,53.57159
2023-11-17 15:13:50.790070,36.39795
2023-11-17 15:13:50.805700,21.68481
2023-11-17 15:13:50.821320,11.38361
2023-11-17 15:13:50.836950,5.005005
2023-11-17 15:13:50.852570,0.4918213
2023-11-17 15:13:50.868200,-4.592224
2023-11-17 15:13:50.883830,-11.84735
2023-11-17 15:13:50.899450,-21.29816
2023-11-17 15:13:50.915080,-31.58746
2023-11-17 15:13:50.930700,-40.60089
2023-11-17 15:13:50.946330,-46.15424
2023-11-17 15:13:50.961950,-46.98334
2023-11-17 15:13:50.977580,-42.88287
2023-11-17 15:13:50.993210,-34.71112
2023-11-17 15:13:51.008830,-23.96863
2023-11-17 15:13:51.024460,-12.15009
2023-11-17 15:13:51.040080,-0.4976196
2023-11-17 15:13:51.055710,10.1814
2023-11-17 15:13:51.071330,19.49335
2023-11-17 15:13:51.086960,26.90985
2023-11-17 15:13:51.102590,31.95697
2023-11-17 15:13:51.118210,34.23993
2023-11-17 15:13:51.133840,33.75848
2023-11-17 15:13:51.149460,31.16724
2023-11-17 15:13:51.165090,27.60742
2023-11-17 15:13:51.180710,24.35107
2023-11-17 15:13:51.196340,22.33124
2023-11-17 15:13:51.211970,21.69702
2023-11-17 15:13:51.227590,22.04694
2023-11-17 15:13:51.243220,22.76874
2023-11-17 15:13:51.258840,23.46393
2023-11-17 15:13:51.274470,24.35266
2023-11-17 15:13:51.290090,25.99139
2023-11-17 15:13:51.305720,28.87439
2023-11-17 15:13:51.321350,33.052
2023-11-17 15:13:51.336970,37.65637
2023-11-17 15:13:51.352600,41.63782
2023-11-17 15:13:51.368220,44.59521
2023-11-17 15:13:51.383850,47.63989
2023-11-17 15:13:51.399470,53.53217
2023-11-17 15:13:51.415100,65.776
2023-11-17 15:13:51.430730,87.07062
2023-11-17 15:13:51.446350,117.8419
2023-11-17 15:13:51.461980,155.3723
2023-11-17 15:13:51.477600,194.2684
2023-11-17 15:13:51.493230,227.8911
2023-11-17 15:13:51.508850,250.1584
2023-11-17 15:13:51.524480,257.2991
2023-11-17 15:13:51.540110,248.6165
2023-11-17 15:13:51.555730,226.3725
2023-11-17 15:13:51.571360,194.9459
2023-11-17 15:13:51.586980,159.0814
2023-11-17 15:13:51.602610,122.7841
2023-11-17 15:13:51.618230,88.56561
2023-11-17 15:13:51.633860,57.617
2023-11-17 15:13:51.649490,30.49579
2023-11-17 15:13:51.665110,7.534729
2023-11-17 15:13:51.680740,-11.12421
2023-11-17 15:13:51.696360,-26.13763
2023-11-17 15:13:51.711990,-39.46918
2023-11-17 15:13:51.727610,-53.95471
2023-11-17 15:13:51.743240,-72.09912
2023-11-17 15:13:51.758870,-94.48993
2023-11-17 15:13:51.774490,-118.7219
2023-11-17 15:13:51.790120,-140.052
2023-11-17 15:13:51.805740,-153.1932
2023-11-17 15:13:51.821370,-154.6403
2023-11-17 15:13:51.836990,-144.4998
2023-11-17 15:13:51.852620,-126.3387
2023-11-17 15:13:51.868250,-105.6735
2023-11-17 15:13:51.883870,-87.81891
2023-11-17 15:13:51.899500,-76.00494
2023-11-17 15:13:51.915120,-70.77313
2023-11-17 15:13:51.930750,-70.58478
2023-11-17 15:13:51.946370,-72.68317
2023-11-17 15:13:51.962000,-73.95673
2023-11-17 15:13:51.977630,-71.05414
2023-11-17 15:13:51.993250,-60.62726
2023-11-17 15:13:52.008880,-40.2337
2023-11-17 15:13:52.024500,-9.96347
2023-11-17 15:13:52.040130,25.85602
2023-11-17 15:13:52.055750,58.82019
2023-11-17 15:13:52.071380,79.07162
2023-11-17 15:13:52.087010,79.09311
2023-11-17 15:13:52.102630,57.31601
2023-11-17 15:13:52.118260,18.51105
2023-11-17 15:13:52.133880,-28.63333
2023-11-17 15:13:52.149510,-75.28503
2023-11-17 15:13:52.165130,-115.4754
2023-11-17 15:13:52.180760,-146.3365
2023-11-17 15:13:52.196390,-166.6071
2023-11-17 15:13:52.212010,-175.3298
2023-11-17 15:13:52.227640,-171.6618
2023-11-17 15:13:52.243260,-156.6683
2023-11-17 15:13:52.258890,-134.8429
2023-11-17 15:13:52.274510,-113.0656
2023-11-17 15:13:52.290140,-97.45514
2023-11-17 15:13:52.305770,-89.49384
2023-11-17 15:13:52.321390,-84.60327
2023-11-17 15:13:52.337020,-75.18652
2023-11-17 15:13:52.352640,-55.65161
2023-11-17 15:13:52.368270,-26.34045
2023-11-17 15:13:52.383890,6.354767
2023-11-17 15:13:52.399520,33.91019
2023-11-17 15:13:52.415150,51.1348
2023-11-17 15:13:52.430770,59.05984
2023-11-17 15:13:52.446400,63.53519
2023-11-17 15:13:52.462020,70.11884
2023-11-17 15:13:52.477650,79.19391
2023-11-17 15:13:52.493270,85.24115
2023-11-17 15:13:52.508900,81.30649
2023-11-17 15:13:52.524530,65.14951
2023-11-17 15:13:52.540150,41.19824
2023-11-17 15:13:52.555780,18.61642
2023-11-17 15:13:52.571400,5.566956
2023-11-17 15:13:52.587030,3.351868
2023-11-17 15:13:52.602650,5.719147
2023-11-17 15:13:52.618280,2.46376
2023-11-17 15:13:52.633910,-13.15178
2023-11-17 15:13:52.649530,-38.48697
2023-11-17 15:13:52.665160,-62.27745
2023-11-17 15:13:52.680780,-72.46414
2023-11-17 15:13:52.696410,-62.84219
2023-11-17 15:13:52.712040,-35.76283
2023-11-17 15:13:52.727660,0.8861694
2023-11-17 15:13:52.743290,39.52354
2023-11-17 15:13:52.758910,75.43729
2023-11-17 15:13:52.774540,107.576
2023-11-17 15:13:52.790160,136.5368
2023-11-17 15:13:52.805790,161.8221
2023-11-17 15:13:52.821420,178.3077
2023-11-17 15:13:52.837040,179.1222
2023-11-17 15:13:52.852670,161.2392
2023-11-17 15:13:52.868290,128.585
2023-11-17 15:13:52.883920,91.42216
2023-11-17 15:13:52.899540,59.5208
2023-11-17 15:13:52.915170,37.2662
2023-11-17 15:13:52.930800,22.58284
2023-11-17 15:13:52.946420,9.325905
2023-11-17 15:13:52.962050,-11.86317
2023-11-17 15:13:52.977670,-47.98694
2023-11-17 15:13:52.993300,-99.45175
2023-11-17 15:13:53.008920,-160.8248
2023-11-17 15:13:53.024550,-212.158
2023-11-17 15:13:53.040180,-231.7322
2023-11-17 15:13:53.055800,-213.1766
2023-11-17 15:13:53.071430,-175.1939
2023-11-17 15:13:53.087050,-133.2646
2023-11-17 15:13:53.102680,-95.83578
2023-11-17 15:13:53.118300,-63.27562
2023-11-17 15:13:53.133930,-29.33968
2023-11-17 15:13:53.149560,12.07199
2023-11-17 15:13:53.165180,64.58772
2023-11-17 15:13:53.180810,124.5727
2023-11-17 15:13:53.196430,181.923
2023-11-17 15:13:53.212060,224.9837
2023-11-17 15:13:53.227680,245.0405
2023-11-17 15:13:53.243310,238.9886
2023-11-17 15:13:53.258940,211.5102
2023-11-17 15:13:53.274560,173.1799
2023-11-17 15:13:53.290190,134.9104
2023-11-17 15:13:53.305810,103.9943
2023-11-17 15:13:53.321440,80.87595
2023-11-17 15:13:53.337060,60.75085
2023-11-17 15:13:53.352690,38.07356
2023-11-17 15:13:53.368320,7.67099
2023-11-17 15:13:53.383940,-32.24864
2023-11-17 15:13:53.399570,-78.00701
2023-11-17 15:13:53.415190,-122.0435
2023-11-17 15:13:53.430820,-157.8158
2023-11-17 15:13:53.446440,-182.1262
2023-11-17 15:13:53.462070,-196.4235
2023-11-17 15:13:53.477700,-205.0288
2023-11-17 15:13:53.493320,-212.4438
2023-11-17 15:13:53.508950,-224.8387
2023-11-17 15:13:53.524570,-246.2409
2023-11-17 15:13:53.540200,-276.1118
2023-11-17 15:13:53.555820,-310.4948
2023-11-17 15:13:53.571450,-345.8931
2023-11-17 15:13:53.587080,-379.806
2023-11-17 15:13:53.602700,-409.3163
2023-11-17 15:13:53.618330,-429.5857
2023-11-17 15:13:53.633950,-409.4353
2023-11-17 15:13:53.649580,-334.0369
2023-11-17 15:13:53.665200,-219.1397
2023-11-17 15:13:53.680830,-101.269
2023-11-17 15:13:53.696460,-10.26184
2023-11-17 15:13:53.712080,43.32734
2023-11-17 15:13:53.727710,65.24476
2023-11-17 15:13:53.743330,68.69868
2023-11-17 15:13:53.758960,67.24997
2023-11-17 15:13:53.774580,69.92758
2023-11-17 15:13:53.790210,76.09985
2023-11-17 15:13:53.805840,82.02255
2023-11-17 15:13:53.821460,84.98283
2023-11-17 15:13:53.837090,86.46936
2023-11-17 15:13:53.852710,86.61779
2023-11-17 15:13:53.868340,83.27474
2023-11-17 15:13:53.883960,73.88327
2023-11-17 15:13:53.899590,58.79209
2023-11-17 15:13:53.915220,41.79861
2023-11-17 15:13:53.930840,25.63802
2023-11-17 15:13:53.946470,13.78315
2023-11-17 15:13:53.962090,9.951767
2023-11-17 15:13:53.977720,16.91933
2023-11-17 15:13:53.993340,33.34925
2023-11-17 15:13:54.008970,57.44302
2023-11-17 15:13:54.024600,86.12264
2023-11-17 15:13:54.040220,117.9251
2023-11-17 15:13:54.055850,152.2235
2023-11-17 15:13:54.071470,185.7067
2023-11-17 15:13:54.087100,214.114
2023-11-17 15:13:54.102720,234.3174
2023-11-17 15:13:54.118350,245.3297
2023-11-17 15:13:54.133980,245.5363
2023-11-17 15:13:54.149600,234.6945
2023-11-17 15:13:54.165230,214.1765
2023-11-17 15:13:54.180850,186.6045
2023-11-17 15:13:54.196480,153.7753
2023-11-17 15:13:54.212100,114.6571
2023-11-17 15:13:54.227730,67.98221
2023-11-17 15:13:54.243360,14.38506
2023-11-17 15:13:54.258980,-42.74358
2023-11-17 15:13:54.274610,-101.2078
2023-11-17 15:13:54.290230,-158.473
2023-11-17 15:13:54.305860,-211.6582
2023-11-17 15:13:54.321480,-257.5775
2023-11-17 15:13:54.337110,-294.1735
2023-11-17 15:13:54.352740,-321.0833
2023-11-17 15:13:54.368360,-337.4757
2023-11-17 15:13:54.383990,-341.6876
2023-11-17 15:13:54.399610,-317.8186
2023-11-17 15:13:54.415240,-259.9441
2023-11-17 15:13:54.430860,-177.489
2023-11-17 15:13:54.446490,-90.50819
2023-11-17 15:13:54.462120,-16.79615
2023-11-17 15:13:54.477740,34.51119
2023-11-17 15:13:54.493370,60.82616
2023-11-17 15:13:54.508990,64.18095
2023-11-17 15:13:54.524620,48.93991
2023-11-17 15:13:54.540240,21.39591
2023-11-17 15:13:54.555870,-13.01051
2023-11-17 15:13:54.571500,-47.56734
2023-11-17 15:13:54.587120,-75.16397
2023-11-17 15:13:54.602750,-90.75282
2023-11-17 15:13:54.618370,-91.28245
2023-11-17 15:13:54.634000,-77.5006
2023-11-17 15:13:54.649620,-51.95789
2023-11-17 15:13:54.665250,-19.24104
2023-11-17 15:13:54.680880,15.41154
2023-11-17 15:13:54.696500,45.33498
2023-11-17 15:13:54.712130,65.75603
2023-11-17 15:13:54.727750,75.57627
2023-11-17 15:13:54.743380,77.62582
2023-11-17 15:13:54.759000,77.51336
2023-11-17 15:13:54.774630,74.69243
2023-11-17 15:13:54.790260,71.21964
2023-11-17 15:13:54.805880,68.54555
2023-11-17 15:13:54.821510,67.16562
2023-11-17 15:13:54.837130,65.11145
2023-11-17 15:13:54.852760,59.80284
2023-11-17 15:13:54.868380,49.09044
2023-11-17 15:13:54.884010,31.95219
2023-11-17 15:13:54.899640,8.707321
2023-11-17 15:13:54.915260,-18.84807
2023-11-17 15:13:54.930890,-45.75189
2023-11-17 15:13:54.946510,-65.93663
2023-11-17 15:13:54.962140,-74.12576
2023-11-17 15:13:54.977770,-68.70618
2023-11-17 15:13:54.993390,-52.42253
2023-11-17 15:13:55.009020,-31.35254
2023-11-17 15:13:55.024640,-12.28517
2023-11-17 15:13:55.040270,0.08636475
2023-11-17 15:13:55.055890,4.694962
2023-11-17 15:13:55.071520,4.92926
2023-11-17 15:13:55.087150,5.066528
2023-11-17 15:13:55.102770,8.058197
2023-11-17 15:13:55.118400,13.84808
2023-11-17 15:13:55.134020,20.24536
2023-11-17 15:13:55.149650,25.05783
2023-11-17 15:13:55.165270,27.60153
2023-11-17 15:13:55.180900,28.99753
2023-11-17 15:13:55.196530,30.88928
2023-11-17 15:13:55.212150,34.34216
2023-11-17 15:13:55.227780,38.50134
2023-11-17 15:13:55.243400,41.27783
2023-11-17 15:13:55.259030,40.72977
2023-11-17 15:13:55.274650,36.47061
2023-11-17 15:13:55.290280,30.00397
2023-11-17 15:13:55.305910,23.92874
2023-11-17 15:13:55.321530,20.62149
2023-11-17 15:13:55.337160,20.76871
2023-11-17 15:13:55.352780,23.57361
2023-11-17 15:13:55.368410,26.94983
2023-11-17 15:13:55.384030,28.72119
2023-11-17 15:13:55.399660,27.73517
2023-11-17 15:13:55.415290,24.1897
2023-11-17 15:13:55.430910,19.46399
2023-11-17 15:13:55.446540,15.37457
2023-11-17 15:13:55.462160,13.23615
2023-11-17 15:13:55.477790,13.48993
2023-11-17 15:13:55.493410,15.78912
2023-11-17 15:13:55.509040,19.32089
2023-11-17 15:13:55.524670,23.39001
2023-11-17 15:13:55.540290,27.64023
2023-11-17 15:13:55.555920,32.00244
2023-11-17 15:13:55.571540,36.54214
2023-11-17 15:13:55.587170,40.81271
2023-11-17 15:13:55.602790,44.17966
2023-11-17 15:13:55.618420,45.94
2023-11-17 15:13:55.634050,45.79889
2023-11-17 15:13:55.649670,44.08752
2023-11-17 15:13:55.665300,41.58459
2023-11-17 15:13:55.680920,39.07239
2023-11-17 15:13:55.696550,36.94351
2023-11-17 15:13:55.712170,34.83536
2023-11-17 15:13:55.727800,31.96777
2023-11-17 15:13:55.743430,27.64215
2023-11-17 15:13:55.759050,21.69525
2023-11-17 15:13:55.774680,14.83743
2023-11-17 15:13:55.790300,8.208527
2023-11-17 15:13:55.805930,2.981934
2023-11-17 15:13:55.821550,-0.09307861
2023-11-17 15:13:55.837180,-1.151276
2023-11-17 15:13:55.852810,-0.7929077
2023-11-17 15:13:55.868430,0.3352356
2023-11-17 15:13:55.884060,2.022858
2023-11-17 15:13:55.899680,4.634766
2023-11-17 15:13:55.915310,8.788422
2023-11-17 15:13:55.930930,14.81155
2023-11-17 15:13:55.946560,22.37479
2023-11-17 15:13:55.962190,30.26163
2023-11-17 15:13:55.977810,36.98346
2023-11-17 15:13:55.993440,41.36884
2023-11-17 15:13:56.009060,43.19174
2023-11-17 15:13:56.024690,43.36368
2023-11-17 15:13:56.040310,43.38208
2023-11-17 15:13:56.055940,44.689
2023-11-17 15:13:56.071570,48.09543
2023-11-17 15:13:56.087190,53.15604
2023-11-17 15:13:56.102820,58.608
2023-11-17 15:13:56.118440,62.85559
2023-11-17 15:13:56.134070,64.71552
2023-11-17 15:13:56.149690,63.87341
2023-11-17 15:13:56.165320,60.7659
2023-11-17 15:13:56.180950,55.9827
2023-11-17 15:13:56.196570,49.62677
2023-11-17 15:13:56.212200,40.72772
2023-11-17 15:13:56.227820,27.87646
2023-11-17 15:13:56.243450,10.19717
2023-11-17 15:13:56.259070,-11.49744
2023-11-17 15:13:56.274700,-34.25049
2023-11-17 15:13:56.290330,-53.90338
2023-11-17 15:13:56.305950,-66.69168
2023-11-17 15:13:56.321580,-70.87051
2023-11-17 15:13:56.337200,-67.66626
2023-11-17 15:13:56.352830,-60.43921
2023-11-17 15:13:56.368450,-52.9483
2023-11-17 15:13:56.384080,-47.52051
2023-11-17 15:13:56.399710,-44.18857
2023-11-17 15:13:56.415330,-41.33734
2023-11-17 15:13:56.430960,-37.14578
2023-11-17 15:13:56.446580,-30.87152
2023-11-17 15:13:56.462210,-23.69394
2023-11-17 15:13:56.477830,-17.81921
2023-11-17 15:13:56.493460,-15.2178
2023-11-17 15:13:56.509090,-16.3125
2023-11-17 15:13:56.524710,-19.60666
2023-11-17 15:13:56.540340,-22.55984
2023-11-17 15:13:56.555960,-22.94955
2023-11-17 15:13:56.571590,-19.9339
2023-11-17 15:13:56.587210,-14.34888
2023-11-17 15:13:56.602840,-7.680359
2023-11-17 15:13:56.618470,-0.7633667
2023-11-17 15:13:56.634090,7.069733
2023-11-17 15:13:56.649720,17.77689
2023-11-17 15:13:56.665340,32.95395
2023-11-17 15:13:56.680970,52.23227
2023-11-17 15:13:56.696590,72.62015
2023-11-17 15:13:56.712220,89.17215
2023-11-17 15:13:56.727850,97.53284
2023-11-17 15:13:56.743470,95.56161
2023-11-17 15:13:56.759100,84.21857
2023-11-17 15:13:56.774720,66.69788
2023-11-17 15:13:56.790350,46.55173
2023-11-17 15:13:56.805970,26.23203
2023-11-17 15:13:56.821600,6.814941
2023-11-17 15:13:56.837230,-11.76447
2023-11-17 15:13:56.852850,-29.41034
2023-11-17 15:13:56.868480,-44.39865
2023-11-17 15:13:56.884100,-54.43564
2023-11-17 15:13:56.899730,-57.75479
2023-11-17 15:13:56.915350,-54.26685
2023-11-17 15:13:56.930980,-45.4982
2023-11-17 15:13:56.946610,-33.89694
2023-11-17 15:13:56.962230,-22.15158
2023-11-17 15:13:56.977860,-12.23108
2023-11-17 15:13:56.993480,-5.248138
2023-11-17 15:13:57.009110,0.2336731
2023-11-17 15:13:57.024730,6.126892
2023-11-17 15:13:57.040360,13.673
2023-11-17 15:13:57.055990,23.00616
2023-11-17 15:13:57.071610,33.52252
2023-11-17 15:13:57.087240,44.3743
2023-11-17 15:13:57.102860,55.20392
2023-11-17 15:13:57.118490,65.91861
2023-11-17 15:13:57.134110,76.37616
2023-11-17 15:13:57.149740,89.21481
2023-11-17 15:13:57.165370,106.4403
2023-11-17 15:13:57.180990,127.8816
2023-11-17 15:13:57.196620,150.6252
2023-11-17 15:13:57.212240,170.064
2023-11-17 15:13:57.227870,182.6
2023-11-17 15:13:57.243490,187.7267
2023-11-17 15:13:57.259120,187.5429
2023-11-17 15:13:57.274750,185.1315
2023-11-17 15:13:57.290370,186.6871
2023-11-17 15:13:57.306000,195.809
2023-11-17 15:13:57.321620,211.5558
2023-11-17 15:13:57.337250,228.9957
2023-11-17 15:13:57.352870,242.0956
2023-11-17 15:13:57.368500,248.3744
2023-11-17 15:13:57.384130,250.8401
2023-11-17 15:13:57.399750,253.269
2023-11-17 15:13:57.415380,238.7856
2023-11-17 15:13:57.431000,198.3042
2023-11-17 15:13:57.446630,135.1864
2023-11-17 15:13:57.462260,64.15514
2023-11-17 15:13:57.477880,0.5668869
2023-11-17 15:13:57.493510,-48.29188
2023-11-17 15:13:57.509130,-79.83371
2023-11-17 15:13:57.524760,-97.15231
2023-11-17 15:13:57.540380,-104.8634
2023-11-17 15:13:57.556010,-109.4524
2023-11-17 15:13:57.571640,-112.9066
2023-11-17 15:13:57.587260,-117.0838
2023-11-17 15:13:57.602890,-122.2364
2023-11-17 15:13:57.618510,-130.4879
2023-11-17 15:13:57.634140,-146.3588
2023-11-17 15:13:57.649760,-171.6333
2023-11-17 15:13:57.665390,-202.1665
2023-11-17 15:13:57.681020,-234.3627
2023-11-17 15:13:57.696640,-266.9989
2023-11-17 15:13:57.712270,-295.6741
2023-11-17 15:13:57.727890,-317.1027
2023-11-17 15:13:57.743520,-330.5708
2023-11-17 15:13:57.759140,-319.9259
2023-11-17 15:13:57.774770,-278.8223
2023-11-17 15:13:57.790400,-238.966
2023-11-17 15:13:57.806020,-213.1247
2023-11-17 15:13:57.821650,-194.412
2023-11-17 15:13:57.837270,-181.5486
2023-11-17 15:13:57.852900,-172.226
2023-11-17 15:13:57.868520,-165.7419
2023-11-17 15:13:57.884150,-163.4764
2023-11-17 15:13:57.899780,-168.1724
2023-11-17 15:13:57.915400,-184.9749
2023-11-17 15:13:57.931030,-201.8107
2023-11-17 15:13:57.946650,-206.6135
2023-11-17 15:13:57.962280,-196.9804
2023-11-17 15:13:57.977900,-177.7581
2023-11-17 15:13:57.993530,-150.2529
2023-11-17 15:13:58.009160,-113.0469
2023-11-17 15:13:58.024780,-65.73476
2023-11-17 15:13:58.040410,-12.0934
2023-11-17 15:13:58.056030,38.27446
2023-11-17 15:13:58.071660,72.48061
2023-11-17 15:13:58.087280,88.97949
2023-11-17 15:13:58.102910,87.38411
2023-11-17 15:13:58.118540,68.97218
2023-11-17 15:13:58.134160,39.32272
2023-11-17 15:13:58.149790,4.407288
2023-11-17 15:13:58.165410,-31.06685
2023-11-17 15:13:58.181040,-63.55394
2023-11-17 15:13:58.196660,-91.72146
2023-11-17 15:13:58.212290,-108.0973
2023-11-17 15:13:58.227920,-107.6484
2023-11-17 15:13:58.243540,-90.25691
2023-11-17 15:13:58.259170,-59.53296
2023-11-17 15:13:58.274790,-19.84163
2023-11-17 15:13:58.290420,22.2804
2023-11-17 15:13:58.306040,59.34155
2023-11-17 15:13:58.321670,84.90251
2023-11-17 15:13:58.337300,94.08899
2023-11-17 15:13:58.352920,85.02592
2023-11-17 15:13:58.368550,58.70284
2023-11-17 15:13:58.384170,18.29906
2023-11-17 15:13:58.399800,-30.62611
2023-11-17 15:13:58.415420,-75.78017
2023-11-17 15:13:58.431050,-106.1599
2023-11-17 15:13:58.446680,-118.9957
2023-11-17 15:13:58.462300,-119.5518
2023-11-17 15:13:58.477930,-115.3261
2023-11-17 15:13:58.493550,-110.9743
2023-11-17 15:13:58.509180,-107.8616
2023-11-17 15:13:58.524800,-105.2711
2023-11-17 15:13:58.540430,-103.1459
2023-11-17 15:13:58.556060,-98.74583
2023-11-17 15:13:58.571680,-91.43403
2023-11-17 15:13:58.587310,-81.79366
2023-11-17 15:13:58.602930,-69.75835
2023-11-17 15:13:58.618560,-54.29148
2023-11-17 15:13:58.634180,-34.19691
2023-11-17 15:13:58.649810,-9.131729
2023-11-17 15:13:58.665440,21.17949
2023-11-17 15:13:58.681060,52.43456
2023-11-17 15:13:58.696690,82.01877
2023-11-17 15:13:58.712310,107.4301
2023-11-17 15:13:58.727940,127.0218
2023-11-17 15:13:58.743560,140.4554
2023-11-17 15:13:58.759190,148.489
2023-11-17 15:13:58.774820,152.4944
2023-11-17 15:13:58.790440,153.8553
2023-11-17 15:13:58.806070,154.1381
2023-11-17 15:13:58.821690,154.846
2023-11-17 15:13:58.837320,157.7739
2023-11-17 15:13:58.852940,163.1162
2023-11-17 15:13:58.868570,169.9697
2023-11-17 15:13:58.884200,177.1552
2023-11-17 15:13:58.899820,183.7152
2023-11-17 15:13:58.915450,188.8249
2023-11-17 15:13:58.931070,191.2216
2023-11-17 15:13:58.946700,189.0779
2023-11-17 15:13:58.962320,179.9529
2023-11-17 15:13:58.977950,162.2822
2023-11-17 15:13:58.993580,135.3772
2023-11-17 15:13:59.009200,100.389
2023-11-17 15:13:59.024830,60.67075
2023-11-17 15:13:59.040450,20.88644
2023-11-17 15:13:59.056080,-14.41827
2023-11-17 15:13:59.071700,-42.15771
2023-11-17 15:13:59.087330,-61.59848
2023-11-17 15:13:59.102960,-74.00842
2023-11-17 15:13:59.118580,-81.32358
2023-11-17 15:13:59.134210,-85.43137
2023-11-17 15:13:59.149830,-87.18207
2023-11-17 15:13:59.165460,-86.4567
2023-11-17 15:13:59.181080,-82.73944
2023-11-17 15:13:59.196710,-76.03714
2023-11-17 15:13:59.212340,-67.53815
2023-11-17 15:13:59.227960,-59.41217
2023-11-17 15:13:59.243590,-53.91693
2023-11-17 15:13:59.259210,-52.1145
2023-11-17 15:13:59.274840,-53.30267
2023-11-17 15:13:59.290460,-55.4021
2023-11-17 15:13:59.306090,-55.85052
2023-11-17 15:13:59.321720,-52.83829
2023-11-17 15:13:59.337340,-46.34479
2023-11-17 15:13:59.352970,-37.99991
2023-11-17 15:13:59.368590,-30.35211
2023-11-17 15:13:59.384220,-25.65234
2023-11-17 15:13:59.399840,-24.73438
2023-11-17 15:13:59.415470,-26.62027
2023-11-17 15:13:59.431100,-28.98959
2023-11-17 15:13:59.446720,-29.01157
2023-11-17 15:13:59.462350,-24.46823
2023-11-17 15:13:59.477970,-14.1286
2023-11-17 15:13:59.493600,2.304413
2023-11-17 15:13:59.509220,24.64774
2023-11-17 15:13:59.524850,52.64291
2023-11-17 15:13:59.540480,85.66656
2023-11-17 15:13:59.556100,122.4165
2023-11-17 15:13:59.571730,160.4934
2023-11-17 15:13:59.587350,196.4015
2023-11-17 15:13:59.602980,226.6035
2023-11-17 15:13:59.618600,248.7767
2023-11-17 15:13:59.634230,262.8081
2023-11-17 15:13:59.649860,270.8713
2023-11-17 15:13:59.665480,276.0234
2023-11-17 15:13:59.681110,280.3591
2023-11-17 15:13:59.696730,283.5941
2023-11-17 15:13:59.712360,282.9211
2023-11-17 15:13:59.727980,274.342
2023-11-17 15:13:59.743610,254.5707
2023-11-17 15:13:59.759240,222.412
2023-11-17 15:13:59.774860,179.1855
2023-11-17 15:13:59.790490,127.6317
2023-11-17 15:13:59.806110,70.67377
2023-11-17 15:13:59.821740,10.53085
2023-11-17 15:13:59.837370,-51.42169
2023-11-17 15:13:59.852990,-113.5802
2023-11-17 15:13:59.868620,-173.2388
2023-11-17 15:13:59.884240,-226.4307
2023-11-17 15:13:59.899870,-268.7206
2023-11-17 15:13:59.915490,-296.7137
2023-11-17 15:13:59.931120,-309.1489
2023-11-17 15:13:59.946750,-307.2598
2023-11-17 15:13:59.962370,-294.5138
2023-11-17 15:13:59.978000,-275.1884
2023-11-17 15:13:59.993620,-252.8698
2023-11-17 15:14:00.009250,-229.2583
2023-11-17 15:14:00.024870,-203.8658
2023-11-17 15:14:00.040500,-175.1312
2023-11-17 15:14:00.056130,-141.3881
2023-11-17 15:14:00.071750,-101.7257
2023-11-17 15:14:00.087380,-56.56546
2023-11-17 15:14:00.103000,-7.510529
2023-11-17 15:14:00.118630,43.09377
2023-11-17 15:14:00.134250,92.98969
2023-11-17 15:14:00.149880,140.4231
2023-11-17 15:14:00.181130,220.8276
2023-11-17 15:14:00.196760,249.0206
2023-11-17 15:14:00.212380,266.9742
2023-11-17 15:14:00.228010,275.2868
2023-11-17 15:14:00.243630,276.5167
2023-11-17 15:14:00.259260,274.1456
2023-11-17 15:14:00.274890,271.3204
2023-11-17 15:14:00.290510,269.2424
2023-11-17 15:14:00.306140,266.325
2023-11-17 15:14:00.321760,257.4687
2023-11-17 15:14:00.337390,235.7785
2023-11-17 15:14:00.353010,196.1825
2023-11-17 15:14:00.368640,138.0877
2023-11-17 15:14:00.384270,66.1557
2023-11-17 15:14:00.399890,-9.866447
2023-11-17 15:14:00.415520,-76.96776
2023-11-17 15:14:00.431140,-122.1078
2023-11-17 15:14:00.446770,-136.5087
2023-11-17 15:14:00.462390,-120.428
2023-11-17 15:14:00.478020,-83.26912
2023-11-17 15:14:00.493650,-39.69751
2023-11-17 15:14:00.509270,-4.450119
2023-11-17 15:14:00.524900,11.93517
2023-11-17 15:14:00.540520,5.805515
2023-11-17 15:14:00.556150,-19.25493
2023-11-17 15:14:00.571770,-55.05444
2023-11-17 15:14:00.587400,-85.82125
2023-11-17 15:14:00.603030,-97.08819
2023-11-17 15:14:00.618650,-86.5812
2023-11-17 15:14:00.634280,-62.88572
2023-11-17 15:14:00.649900,-35.51115
2023-11-17 15:14:00.665530,-9.101646
2023-11-17 15:14:00.681150,16.14539
2023-11-17 15:14:00.696780,41.45734
2023-11-17 15:14:00.712410,65.74925
2023-11-17 15:14:00.728030,87.20393
2023-11-17 15:14:00.743660,101.7881
2023-11-17 15:14:00.759280,106.1138
2023-11-17 15:14:00.774910,100.466
2023-11-17 15:14:00.790530,88.5087
2023-11-17 15:14:00.806160,74.65703
2023-11-17 15:14:00.821790,61.28842
2023-11-17 15:14:00.837410,47.1514
2023-11-17 15:14:00.853040,32.2462
2023-11-17 15:14:00.868660,14.63315
2023-11-17 15:14:00.884290,-8.120148
2023-11-17 15:14:00.899910,-36.89247
2023-11-17 15:14:00.915540,-69.57069
2023-11-17 15:14:00.931170,-101.5787
2023-11-17 15:14:00.946790,-128.2975
2023-11-17 15:14:00.962420,-147.1096
2023-11-17 15:14:00.978040,-158.2697
2023-11-17 15:14:00.993670,-164.3843
2023-11-17 15:14:01.009290,-169.4966
2023-11-17 15:14:01.024920,-177.736
2023-11-17 15:14:01.040550,-191.7846
2023-11-17 15:14:01.056170,-211.5971
2023-11-17 15:14:01.071800,-235.0536
2023-11-17 15:14:01.087420,-259.8056
2023-11-17 15:14:01.103050,-284.7438
2023-11-17 15:14:01.118670,-310.5836
2023-11-17 15:14:01.134300,-339.4188
2023-11-17 15:14:01.149930,-374.1146
2023-11-17 15:14:01.165550,-416.8853
2023-11-17 15:14:01.181180,-467.4312
2023-11-17 15:14:01.196800,-521.4017
2023-11-17 15:14:01.212430,-570.6318
2023-11-17 15:14:01.228050,-605.1069
2023-11-17 15:14:01.243680,-616.1567
2023-11-17 15:14:01.259310,-599.6278
2023-11-17 15:14:01.274930,-557.2629
2023-11-17 15:14:01.290560,-496.2842
2023-11-17 15:14:01.306180,-426.1611
2023-11-17 15:14:01.321810,-355.0298
2023-11-17 15:14:01.337430,-287.4235
2023-11-17 15:14:01.353060,-224.4122
2023-11-17 15:14:01.368690,-165.6085
2023-11-17 15:14:01.384310,-111.4343
2023-11-17 15:14:01.399940,-63.62666
2023-11-17 15:14:01.415560,-24.25217
2023-11-17 15:14:01.431190,6.141563
2023-11-17 15:14:01.446810,29.60671
2023-11-17 15:14:01.462440,50.00844
2023-11-17 15:14:01.478070,71.25393
2023-11-17 15:14:01.493690,95.57741
2023-11-17 15:14:01.509320,123.4548
2023-11-17 15:14:01.524940,154.4599
2023-11-17 15:14:01.540570,187.7056
2023-11-17 15:14:01.556190,221.4122
2023-11-17 15:14:01.571820,251.6205
2023-11-17 15:14:01.587450,271.8112
2023-11-17 15:14:01.603070,274.8035
2023-11-17 15:14:01.618700,256.6059
2023-11-17 15:14:01.634320,220.0185
2023-11-17 15:14:01.649950,175.3663
2023-11-17 15:14:01.665570,136.9298
2023-11-17 15:14:01.681200,117.0107
2023-11-17 15:14:01.696830,120.8499
2023-11-17 15:14:01.712450,145.2567
2023-11-17 15:14:01.728080,181.6162
2023-11-17 15:14:01.743700,221.267
2023-11-17 15:14:01.759330,259.5735
2023-11-17 15:14:01.774950,296.6543
2023-11-17 15:14:01.790580,334.7155
2023-11-17 15:14:01.806210,374.7854
2023-11-17 15:14:01.821830,415.099
2023-11-17 15:14:01.837460,452.0508
2023-11-17 15:14:01.853080,482.5269
2023-11-17 15:14:01.868710,505.6834
2023-11-17 15:14:01.884330,522.6582
2023-11-17 15:14:01.899960,534.8988
2023-11-17 15:14:01.915590,542.0189
2023-11-17 15:14:01.931210,541.238
2023-11-17 15:14:01.946840,528.5802
2023-11-17 15:14:01.962460,500.9559
2023-11-17 15:14:01.978090,458.2268
2023-11-17 15:14:01.993720,403.6585
2023-11-17 15:14:02.009340,343.0422
2023-11-17 15:14:02.024970,282.6589
2023-11-17 15:14:02.040590,227.2188
2023-11-17 15:14:02.056220,178.7294
2023-11-17 15:14:02.071840,136.5429
2023-11-17 15:14:02.087470,97.8092
2023-11-17 15:14:02.103100,58.45529
2023-11-17 15:14:02.118720,13.90759
2023-11-17 15:14:02.134350,-39.72156
2023-11-17 15:14:02.149970,-103.749
2023-11-17 15:14:02.165600,-175.5209
2023-11-17 15:14:02.181220,-247.5596
2023-11-17 15:14:02.196850,-308.7911
2023-11-17 15:14:02.212480,-347.6508
2023-11-17 15:14:02.228100,-356.5581
2023-11-17 15:14:02.243730,-335.3387
2023-11-17 15:14:02.259350,-292.3857
2023-11-17 15:14:02.274980,-242.3552
2023-11-17 15:14:02.290600,-201.3746
2023-11-17 15:14:02.306230,-182.0417
2023-11-17 15:14:02.321860,-190.2209
2023-11-17 15:14:02.337480,-224.5862
2023-11-17 15:14:02.353110,-278.4865
2023-11-17 15:14:02.368730,-342.5022
2023-11-17 15:14:02.384360,-406.3808
2023-11-17 15:14:02.399980,-460.0146
2023-11-17 15:14:02.431240,-501.6658
2023-11-17 15:14:02.446860,-478.4337
2023-11-17 15:14:02.462490,-425.1086
2023-11-17 15:14:02.478110,-346.9048
2023-11-17 15:14:02.493740,-252.1478
2023-11-17 15:14:02.509360,-149.5974
2023-11-17 15:14:02.524990,-45.82832
2023-11-17 15:14:02.540620,55.48871
2023-11-17 15:14:02.556240,152.2039
2023-11-17 15:14:02.571870,241.5284
2023-11-17 15:14:02.587490,318.2612
2023-11-17 15:14:02.603120,375.6045
2023-11-17 15:14:02.618740,407.5825
2023-11-17 15:14:02.634370,412.0854
2023-11-17 15:14:02.650000,392.4128
2023-11-17 15:14:02.665620,356.0117
2023-11-17 15:14:02.681250,311.5234
2023-11-17 15:14:02.696870,265.2515
2023-11-17 15:14:02.712500,219.0692
2023-11-17 15:14:02.728120,170.4287
2023-11-17 15:14:02.743750,115.094
2023-11-17 15:14:02.759380,50.57315
2023-11-17 15:14:02.775000,-21.12627
2023-11-17 15:14:02.790630,-92.89067
2023-11-17 15:14:02.806250,-154.3295
2023-11-17 15:14:02.821880,-195.2819
2023-11-17 15:14:02.837500,-209.448
2023-11-17 15:14:02.853130,-196.2197
2023-11-17 15:14:02.868760,-160.6777
2023-11-17 15:14:02.884380,-111.4955
2023-11-17 15:14:02.900010,-58.08708
2023-11-17 15:14:02.915630,-8.429016
2023-11-17 15:14:02.931260,32.12682
2023-11-17 15:14:02.946880,60.90614
2023-11-17 15:14:02.962510,77.27277
2023-11-17 15:14:02.978140,82.24779
2023-11-17 15:14:02.993760,78.23503
2023-11-17 15:14:03.009390,68.55016
2023-11-17 15:14:03.025010,56.94225
2023-11-17 15:14:03.040640,46.63718
2023-11-17 15:14:03.056260,39.57828
2023-11-17 15:14:03.071890,36.2339
2023-11-17 15:14:03.087520,36.21501
2023-11-17 15:14:03.103140,39.37254
2023-11-17 15:14:03.118770,46.25098
2023-11-17 15:14:03.134390,58.05356
2023-11-17 15:14:03.150020,75.49818
2023-11-17 15:14:03.165640,97.55544
2023-11-17 15:14:03.181270,120.7979
2023-11-17 15:14:03.196900,139.9419
2023-11-17 15:14:03.212520,149.4404
2023-11-17 15:14:03.228150,145.4571
2023-11-17 15:14:03.243770,127.1417
2023-11-17 15:14:03.259400,96.55872
2023-11-17 15:14:03.275020,57.51677
2023-11-17 15:14:03.290650,14.00693
2023-11-17 15:14:03.306280,-30.48664
2023-11-17 15:14:03.321900,-72.66562
2023-11-17 15:14:03.337530,-108.9613
2023-11-17 15:14:03.353150,-135.0723
2023-11-17 15:14:03.368780,-147.1008
2023-11-17 15:14:03.384400,-142.9916
2023-11-17 15:14:03.400030,-123.4229
2023-11-17 15:14:03.415660,-91.81625
2023-11-17 15:14:03.431280,-52.66326
2023-11-17 15:14:03.446910,-9.849312
2023-11-17 15:14:03.462530,33.75962
2023-11-17 15:14:03.478160,75.83775
2023-11-17 15:14:03.493780,113.2708
2023-11-17 15:14:03.509410,141.1384
2023-11-17 15:14:03.525040,153.3216
2023-11-17 15:14:03.540660,144.6943
2023-11-17 15:14:03.556290,113.9609
2023-11-17 15:14:03.571910,65.33669
2023-11-17 15:14:03.587540,7.768661
2023-11-17 15:14:03.603160,-48.37031
2023-11-17 15:14:03.618790,-95.56876
2023-11-17 15:14:03.634420,-132.3982
2023-11-17 15:14:03.650040,-163.8501
2023-11-17 15:14:03.665670,-198.0616
2023-11-17 15:14:03.681290,-241.2171
2023-11-17 15:14:03.696920,-293.3416
2023-11-17 15:14:03.712540,-347.2151
2023-11-17 15:14:03.728170,-391.0478
2023-11-17 15:14:03.743800,-413.5786
2023-11-17 15:14:03.759420,-408.5906
2023-11-17 15:14:03.775050,-376.4809
2023-11-17 15:14:03.790670,-323.2091
2023-11-17 15:14:03.806300,-257.3018
2023-11-17 15:14:03.821920,-187.4791
2023-11-17 15:14:03.837550,-122.3029
2023-11-17 15:14:03.853180,-70.57311
2023-11-17 15:14:03.868800,-41.72739
2023-11-17 15:14:03.884430,-44.20375
2023-11-17 15:14:03.900050,-81.98218
2023-11-17 15:14:03.915680,-151.5709
2023-11-17 15:14:03.931300,-240.8859
2023-11-17 15:14:03.946930,-331.8209
2023-11-17 15:14:03.962560,-405.7756
2023-11-17 15:14:03.978180,-449.6483
2023-11-17 15:14:03.993810,-459.398
2023-11-17 15:14:04.009430,-439.9251
2023-11-17 15:14:04.025060,-401.6488
2023-11-17 15:14:04.040680,-355.8152
2023-11-17 15:14:04.056310,-310.4485
2023-11-17 15:14:04.071940,-268.7126
2023-11-17 15:14:04.087560,-229.7394
2023-11-17 15:14:04.103190,-190.5619
2023-11-17 15:14:04.118810,-147.8674
2023-11-17 15:14:04.134440,-99.80093
2023-11-17 15:14:04.150060,-45.45258
2023-11-17 15:14:04.165690,14.6897
2023-11-17 15:14:04.181320,78.57358
2023-11-17 15:14:04.196940,142.4932
2023-11-17 15:14:04.212570,201.2683
2023-11-17 15:14:04.228190,249.6432
2023-11-17 15:14:04.243820,284.2845
2023-11-17 15:14:04.259440,305.432
2023-11-17 15:14:04.275070,316.8903
2023-11-17 15:14:04.290700,325.2048
2023-11-17 15:14:04.306320,337.0884
2023-11-17 15:14:04.321950,356.7401
2023-11-17 15:14:04.337570,383.8703
2023-11-17 15:14:04.353200,413.4244
2023-11-17 15:14:04.368820,436.8891
2023-11-17 15:14:04.384450,444.7388
2023-11-17 15:14:04.400080,429.7961
2023-11-17 15:14:04.415700,387.7253
2023-11-17 15:14:04.431330,320.5621
2023-11-17 15:14:04.446950,236.342
2023-11-17 15:14:04.462580,147.5824
2023-11-17 15:14:04.478200,68.448
2023-11-17 15:14:04.493830,11.05164
2023-11-17 15:14:04.509460,-17.59467
2023-11-17 15:14:04.525080,-16.90704
2023-11-17 15:14:04.540710,9.809204
2023-11-17 15:14:04.556330,53.30408
2023-11-17 15:14:04.571960,106.8401
2023-11-17 15:14:04.587580,166.0422
2023-11-17 15:14:04.603210,228.3821
2023-11-17 15:14:04.618840,291.1543
2023-11-17 15:14:04.634460,349.5515
2023-11-17 15:14:04.650090,396.6027
2023-11-17 15:14:04.665710,424.8342
2023-11-17 15:14:04.681340,432.5715
2023-11-17 15:14:04.696970,416.0338
2023-11-17 15:14:04.712590,380.1492
2023-11-17 15:14:04.728220,332.554
2023-11-17 15:14:04.743840,280.4794
2023-11-17 15:14:04.759470,228.1886
2023-11-17 15:14:04.775090,176.619
2023-11-17 15:14:04.790720,124.452
2023-11-17 15:14:04.806350,69.98853
2023-11-17 15:14:04.821970,17.87384
2023-11-17 15:14:04.837600,-37.28693
2023-11-17 15:14:04.853220,-94.15631
2023-11-17 15:14:04.868850,-150.8029
2023-11-17 15:14:04.884470,-204.0861
2023-11-17 15:14:04.900100,-248.8567
2023-11-17 15:14:04.915730,-278.2994
2023-11-17 15:14:04.931350,-285.6255
2023-11-17 15:14:04.946980,-267.0173
2023-11-17 15:14:04.962600,-216.4411
2023-11-17 15:14:04.978230,-146.9503
2023-11-17 15:14:04.993850,-66.43018
2023-11-17 15:14:05.009480,17.39771
2023-11-17 15:14:05.025110,99.34747
2023-11-17 15:14:05.040730,177.7636
2023-11-17 15:14:05.056360,253.9318
2023-11-17 15:14:05.071980,329.9755
2023-11-17 15:14:05.087610,360.5358
2023-11-17 15:14:05.103230,397.4647
2023-11-17 15:14:05.118860,426.2121
2023-11-17 15:14:05.134490,440.4486
2023-11-17 15:14:05.150110,435.2614
2023-11-17 15:14:05.165740,408.6228
2023-11-17 15:14:05.181360,362.4523
2023-11-17 15:14:05.196990,302.25
2023-11-17 15:14:05.212610,235.2352
2023-11-17 15:14:05.228240,165.8383
2023-11-17 15:14:05.243870,102.7744
2023-11-17 15:14:05.259490,39.00778
2023-11-17 15:14:05.275120,-23.93991
2023-11-17 15:14:05.290740,-83.46701
2023-11-17 15:14:05.306370,-136.3172
2023-11-17 15:14:05.321990,-179.5963
2023-11-17 15:14:05.337620,-211.7857
2023-11-17 15:14:05.353250,-234.1371
2023-11-17 15:14:05.368870,-252.788
2023-11-17 15:14:05.384500,-270.151
2023-11-17 15:14:05.400120,-297.3191
2023-11-17 15:14:05.415750,-334.9226
2023-11-17 15:14:05.431370,-380.6308
2023-11-17 15:14:05.447000,-431.3218
2023-11-17 15:14:05.462630,-484.2982
2023-11-17 15:14:05.478250,-537.1842
2023-11-17 15:14:05.493880,-571.7596
2023-11-17 15:14:05.509500,-570.5508
2023-11-17 15:14:05.525130,-525.8859
2023-11-17 15:14:05.540750,-453.7263
2023-11-17 15:14:05.556380,-371.5114
2023-11-17 15:14:05.572010,-292.3369
2023-11-17 15:14:05.587630,-223.4151
2023-11-17 15:14:05.603260,-167.3478
2023-11-17 15:14:05.618880,-123.4454
2023-11-17 15:14:05.634510,-88.69825
2023-11-17 15:14:05.650130,-61.04192
2023-11-17 15:14:05.665760,-39.51392
2023-11-17 15:14:05.681390,-26.05005
2023-11-17 15:14:05.697010,-18.28732
2023-11-17 15:14:05.712640,-12.34381
2023-11-17 15:14:05.728260,-4.160362
2023-11-17 15:14:05.743890,10.31125
2023-11-17 15:14:05.759510,35.43299
2023-11-17 15:14:05.775140,72.31587
2023-11-17 15:14:05.790770,120.3331
2023-11-17 15:14:05.806390,177.3719
2023-11-17 15:14:05.822020,238.5629
2023-11-17 15:14:05.837640,298.4323
2023-11-17 15:14:05.853270,349.5531
2023-11-17 15:14:05.868890,383.701
2023-11-17 15:14:05.884520,394.7376
2023-11-17 15:14:05.900150,381.0964
2023-11-17 15:14:05.915770,346.2322
2023-11-17 15:14:05.931400,296.3887
2023-11-17 15:14:05.947020,238.4636
2023-11-17 15:14:05.962650,179.2763
2023-11-17 15:14:05.978270,125.4095
2023-11-17 15:14:05.993900,82.72231
2023-11-17 15:14:06.009530,55.64156
2023-11-17 15:14:06.025150,46.37392
2023-11-17 15:14:06.040780,53.64952
2023-11-17 15:14:06.056400,72.27046
2023-11-17 15:14:06.072030,94.01173
2023-11-17 15:14:06.087650,110.3454
2023-11-17 15:14:06.103280,115.9933
2023-11-17 15:14:06.118910,110.4541
2023-11-17 15:14:06.134530,96.68912
2023-11-17 15:14:06.150160,78.58465
2023-11-17 15:14:06.165780,58.88463
2023-11-17 15:14:06.181410,38.36694
2023-11-17 15:14:06.197030,16.6437
2023-11-17 15:14:06.212660,-6.974907
2023-11-17 15:14:06.228290,-32.94999
2023-11-17 15:14:06.243910,-61.39594
2023-11-17 15:14:06.259540,-92.19609
2023-11-17 15:14:06.275160,-125.0148
2023-11-17 15:14:06.290790,-158.8973
2023-11-17 15:14:06.306410,-191.7822
2023-11-17 15:14:06.322040,-221.3526
2023-11-17 15:14:06.337670,-245.7641
2023-11-17 15:14:06.353290,-264.2646
2023-11-17 15:14:06.368920,-277.3019
2023-11-17 15:14:06.384540,-285.3492
2023-11-17 15:14:06.400170,-287.2534
2023-11-17 15:14:06.415790,-279.8833
2023-11-17 15:14:06.431420,-259.0582
2023-11-17 15:14:06.447050,-221.5509
2023-11-17 15:14:06.462670,-167.4812
2023-11-17 15:14:06.478300,-99.94644
2023-11-17 15:14:06.493920,-23.70493
2023-11-17 15:14:06.509550,56.38376
2023-11-17 15:14:06.525170,136.0934
2023-11-17 15:14:06.540800,211.2472
2023-11-17 15:14:06.556430,276.9901
2023-11-17 15:14:06.572050,327.5951
2023-11-17 15:14:06.587680,357.7334
2023-11-17 15:14:06.603300,364.0571
2023-11-17 15:14:06.618930,348.5405
2023-11-17 15:14:06.634550,318.9327
2023-11-17 15:14:06.650180,286.2254
2023-11-17 15:14:06.665810,260.1604
2023-11-17 15:14:06.681430,245.5096
2023-11-17 15:14:06.697060,240.9653
2023-11-17 15:14:06.712680,240.4341
2023-11-17 15:14:06.728310,236.4122
2023-11-17 15:14:06.743930,221.2023
2023-11-17 15:14:06.759560,192.5286
2023-11-17 15:14:06.775190,153.9121
2023-11-17 15:14:06.790810,111.7007
2023-11-17 15:14:06.806440,71.38739
2023-11-17 15:14:06.822060,35.88037
2023-11-17 15:14:06.837690,5.803162
2023-11-17 15:14:06.853310,-19.29962
2023-11-17 15:14:06.868940,-39.98779
2023-11-17 15:14:06.884570,-61.23505
2023-11-17 15:14:06.900190,-85.26282
2023-11-17 15:14:06.915820,-111.2775
2023-11-17 15:14:06.947070,-164.1238
2023-11-17 15:14:06.962700,-192.6061
2023-11-17 15:14:06.978320,-224.5098
2023-11-17 15:14:06.993950,-260.0351
2023-11-17 15:14:07.009570,-298.285
2023-11-17 15:14:07.025200,-345.111
2023-11-17 15:14:07.040820,-402.2444
2023-11-17 15:14:07.056450,-465.9201
2023-11-17 15:14:07.072080,-530.3909
2023-11-17 15:14:07.087700,-592.9752
2023-11-17 15:14:07.103330,-654.4714
2023-11-17 15:14:07.118950,-716.1161
2023-11-17 15:14:07.134580,-776.5192
2023-11-17 15:14:07.150200,-830.2573
2023-11-17 15:14:07.165830,-878.0697
2023-11-17 15:14:07.181460,-914.4792
2023-11-17 15:14:07.197080,-929.0056
2023-11-17 15:14:07.212710,-913.264
2023-11-17 15:14:07.228330,-868.1068
2023-11-17 15:14:07.243960,-802.9877
2023-11-17 15:14:07.259580,-730.0944
2023-11-17 15:14:07.275210,-659.0535
2023-11-17 15:14:07.290840,-536.0939
2023-11-17 15:14:07.306460,-351.3586
2023-11-17 15:14:07.322090,-139.4922
2023-11-17 15:14:07.337710,49.49829
2023-11-17 15:14:07.353340,187.9478
2023-11-17 15:14:07.368960,274.6673
2023-11-17 15:14:07.384590,321.1178
2023-11-17 15:14:07.400220,341.3211
2023-11-17 15:14:07.415840,347.1788
2023-11-17 15:14:07.431470,347.4539
2023-11-17 15:14:07.447090,338.1855
2023-11-17 15:14:07.462720,317.562
2023-11-17 15:14:07.478340,290.0048
2023-11-17 15:14:07.493970,263.3054
2023-11-17 15:14:07.509600,242.8113
2023-11-17 15:14:07.525220,230.2938
2023-11-17 15:14:07.540850,226.0594
2023-11-17 15:14:07.556470,230.9348
2023-11-17 15:14:07.572100,243.0645
2023-11-17 15:14:07.587720,254.2565
2023-11-17 15:14:07.603350,260.4689
2023-11-17 15:14:07.618980,263.2371
2023-11-17 15:14:07.634600,266.2141
2023-11-17 15:14:07.650230,270.9442
2023-11-17 15:14:07.665850,276.5327
2023-11-17 15:14:07.681480,281.7976
2023-11-17 15:14:07.697100,286.2796
2023-11-17 15:14:07.712730,289.5664
2023-11-17 15:14:07.728360,286.4486
2023-11-17 15:14:07.743980,273.5745
2023-11-17 15:14:07.759610,251.6246
2023-11-17 15:14:07.775230,224.5882
2023-11-17 15:14:07.790860,197.3362
2023-11-17 15:14:07.806480,174.2558
2023-11-17 15:14:07.822110,158.1987
2023-11-17 15:14:07.837740,149.1894
2023-11-17 15:14:07.853360,144.3896
2023-11-17 15:14:07.868990,137.9703
2023-11-17 15:14:07.884610,126.8015
2023-11-17 15:14:07.900240,112.9296
2023-11-17 15:14:07.915860,101.6287
2023-11-17 15:14:07.931490,98.15842
2023-11-17 15:14:07.947120,105.0891
2023-11-17 15:14:07.962740,121.5572
2023-11-17 15:14:07.978370,144.3783
2023-11-17 15:14:07.993990,170.0933
2023-11-17 15:14:08.009620,196.0161
2023-11-17 15:14:08.040870,246.4588
2023-11-17 15:14:08.056500,268.734
2023-11-17 15:14:08.072120,284.6098
2023-11-17 15:14:08.087750,290.6201
2023-11-17 15:14:08.103370,286.1227
2023-11-17 15:14:08.119000,274.1629
2023-11-17 15:14:08.134620,260.7906
2023-11-17 15:14:08.150250,252.8764
2023-11-17 15:14:08.165880,254.9792
2023-11-17 15:14:08.181500,267.199
2023-11-17 15:14:08.197130,282.9739
2023-11-17 15:14:08.212750,293.5449
2023-11-17 15:14:08.228380,292.4945
2023-11-17 15:14:08.244000,278.2628
2023-11-17 15:14:08.259630,253.4424
2023-11-17 15:14:08.275260,222.9261
2023-11-17 15:14:08.290880,191.6081
2023-11-17 15:14:08.306510,162.8076
2023-11-17 15:14:08.322130,137.52
2023-11-17 15:14:08.337760,111.3656
2023-11-17 15:14:08.353380,80.1096
2023-11-17 15:14:08.369010,42.85825
2023-11-17 15:14:08.384640,2.300919
2023-11-17 15:14:08.400260,-38.15451
2023-11-17 15:14:08.415890,-76.84604
2023-11-17 15:14:08.431510,-114.3632
2023-11-17 15:14:08.447140,-152.4888
2023-11-17 15:14:08.462760,-193.04
2023-11-17 15:14:08.478390,-240.7903
2023-11-17 15:14:08.494020,-297.3944
2023-11-17 15:14:08.509640,-359.0297
2023-11-17 15:14:08.525270,-417.8841
2023-11-17 15:14:08.540890,-467.4335
2023-11-17 15:14:08.556520,-505.4174
2023-11-17 15:14:08.572140,-533.9753
2023-11-17 15:14:08.587770,-557.107
2023-11-17 15:14:08.603400,-551.3195
2023-11-17 15:14:08.619020,-502.8809
2023-11-17 15:14:08.634650,-418.6978
2023-11-17 15:14:08.650270,-321.646
2023-11-17 15:14:08.665900,-230.927
2023-11-17 15:14:08.681520,-154.1866
2023-11-17 15:14:08.697150,-91.56339
2023-11-17 15:14:08.712780,-41.55196
2023-11-17 15:14:08.728400,-2.462734
2023-11-17 15:14:08.744030,27.27228
2023-11-17 15:14:08.759650,45.04128
2023-11-17 15:14:08.775280,49.65681
2023-11-17 15:14:08.790900,43.23289
2023-11-17 15:14:08.806530,31.94995
2023-11-17 15:14:08.822160,21.22249
2023-11-17 15:14:08.837780,13.72185
2023-11-17 15:14:08.853410,9.037266
2023-11-17 15:14:08.869030,5.570477
2023-11-17 15:14:08.884660,1.218254
2023-11-17 15:14:08.900280,-9.337624
2023-11-17 15:14:08.915910,-30.44706
2023-11-17 15:14:08.931540,-62.78897
2023-11-17 15:14:08.947160,-103.1385
2023-11-17 15:14:08.962790,-147.2636
2023-11-17 15:14:08.978410,-185.2367
2023-11-17 15:14:08.994040,-208.9745
2023-11-17 15:14:09.009660,-212.2465
2023-11-17 15:14:09.025290,-192.4805
2023-11-17 15:14:09.040920,-153.9708
2023-11-17 15:14:09.056540,-104.4787
2023-11-17 15:14:09.072170,-51.53696
2023-11-17 15:14:09.087790,-0.1065769
2023-11-17 15:14:09.103420,47.82971
2023-11-17 15:14:09.119050,92.38154
2023-11-17 15:14:09.134670,133.9215
2023-11-17 15:14:09.150300,173.0726
2023-11-17 15:14:09.165920,210.2704
2023-11-17 15:14:09.181550,245.1465
2023-11-17 15:14:09.197170,278.3578
2023-11-17 15:14:09.212800,312.2303
2023-11-17 15:14:09.228430,349.5521
2023-11-17 15:14:09.244050,390.9794
2023-11-17 15:14:09.259680,433.3531
2023-11-17 15:14:09.275300,469.1534
2023-11-17 15:14:09.290930,488.9938
2023-11-17 15:14:09.306550,484.6944
2023-11-17 15:14:09.322180,452.053
2023-11-17 15:14:09.337810,392.7795
2023-11-17 15:14:09.353430,314.2335
2023-11-17 15:14:09.369060,226.6772
2023-11-17 15:14:09.384680,139.7778
2023-11-17 15:14:09.400310,59.94358
2023-11-17 15:14:09.415930,-11.01466
2023-11-17 15:14:09.431560,-74.24784
2023-11-17 15:14:09.447190,-132.1047
2023-11-17 15:14:09.462810,-186.5877
2023-11-17 15:14:09.478440,-238.927
2023-11-17 15:14:09.494060,-289.6305
2023-11-17 15:14:09.509690,-338.6125
2023-11-17 15:14:09.525310,-384.5634
2023-11-17 15:14:09.540940,-424.4282
2023-11-17 15:14:09.556570,-453.5155
2023-11-17 15:14:09.572190,-466.2878
2023-11-17 15:14:09.587820,-458.8416
2023-11-17 15:14:09.603440,-430.4122
2023-11-17 15:14:09.619070,-384.1855
2023-11-17 15:14:09.634690,-326.1489
2023-11-17 15:14:09.650320,-262.9456
2023-11-17 15:14:09.665950,-200.1262
2023-11-17 15:14:09.681570,-141.1595
2023-11-17 15:14:09.697200,-88.04326
2023-11-17 15:14:09.712820,-41.88348
2023-11-17 15:14:09.728450,-3.295654
2023-11-17 15:14:09.744070,28.08565
2023-11-17 15:14:09.759700,54.43036
2023-11-17 15:14:09.775330,80.24174
2023-11-17 15:14:09.790950,111.5207
2023-11-17 15:14:09.806580,153.7472
2023-11-17 15:14:09.822200,209.2543
2023-11-17 15:14:09.837830,274.9859
2023-11-17 15:14:09.853450,342.5002
2023-11-17 15:14:09.869080,399.6534
2023-11-17 15:14:09.884710,434.4371
2023-11-17 15:14:09.900330,438.75
2023-11-17 15:14:09.915960,410.643
2023-11-17 15:14:09.931580,355.0424
2023-11-17 15:14:09.947210,282.6086
2023-11-17 15:14:09.962830,207.2285
2023-11-17 15:14:09.978460,142.687
2023-11-17 15:14:09.994090,99.17412
2023-11-17 15:14:10.009710,80.45999
2023-11-17 15:14:10.025340,83.43509
2023-11-17 15:14:10.040960,99.72298
2023-11-17 15:14:10.056590,119.5514
2023-11-17 15:14:10.072210,135.8939
2023-11-17 15:14:10.087840,146.6357
2023-11-17 15:14:10.103470,153.7279
2023-11-17 15:14:10.119090,159.7138
2023-11-17 15:14:10.134720,164.2556
2023-11-17 15:14:10.150340,162.9549
2023-11-17 15:14:10.165970,149.8597
2023-11-17 15:14:10.181590,121.4504
2023-11-17 15:14:10.197220,79.06157
2023-11-17 15:14:10.212850,28.82736
2023-11-17 15:14:10.228470,-21.52454
2023-11-17 15:14:10.244100,-66.39203
2023-11-17 15:14:10.259720,-104.6393
2023-11-17 15:14:10.275350,-139.0148
2023-11-17 15:14:10.290970,-174.0176
2023-11-17 15:14:10.306600,-212.2741
2023-11-17 15:14:10.337850,-297.5921
2023-11-17 15:14:10.353480,-342.8964
2023-11-17 15:14:10.369100,-390.1597
2023-11-17 15:14:10.384730,-439.8967
2023-11-17 15:14:10.400350,-490.7484
2023-11-17 15:14:10.415980,-538.472
2023-11-17 15:14:10.431610,-576.5229
2023-11-17 15:14:10.447230,-596.6925
2023-11-17 15:14:10.462860,-592.6461
2023-11-17 15:14:10.478480,-563.208
2023-11-17 15:14:10.494110,-512.8859
2023-11-17 15:14:10.509730,-449.9549
2023-11-17 15:14:10.525360,-382.849
2023-11-17 15:14:10.540990,-317.646
2023-11-17 15:14:10.556610,-257.2339
2023-11-17 15:14:10.572240,-202.449
2023-11-17 15:14:10.587860,-151.7321
2023-11-17 15:14:10.603490,-102.9431
2023-11-17 15:14:10.619110,-55.00359
2023-11-17 15:14:10.634740,-7.982178
2023-11-17 15:14:10.650370,37.45209
2023-11-17 15:14:10.665990,80.83398
2023-11-17 15:14:10.681620,122.0835
2023-11-17 15:14:10.697240,164.3888
2023-11-17 15:14:10.712870,202.0433
2023-11-17 15:14:10.728490,226.9905
2023-11-17 15:14:10.744120,235.8035
2023-11-17 15:14:10.759750,230.8257
2023-11-17 15:14:10.775370,216.7309
2023-11-17 15:14:10.791000,197.3278
2023-11-17 15:14:10.806620,175.4775
2023-11-17 15:14:10.822250,153.5938
2023-11-17 15:14:10.837870,133.1988
2023-11-17 15:14:10.853500,114.6216
2023-11-17 15:14:10.869130,98.80196
2023-11-17 15:14:10.884750,87.37041
2023-11-17 15:14:10.900380,80.85016
2023-11-17 15:14:10.916000,78.88173
2023-11-17 15:14:10.931630,80.10788
2023-11-17 15:14:10.947250,83.3777
2023-11-17 15:14:10.962880,88.61355
2023-11-17 15:14:10.978510,95.96356
2023-11-17 15:14:10.994130,105.3696
2023-11-17 15:14:11.009760,117.7366
2023-11-17 15:14:11.025380,134.9513
2023-11-17 15:14:11.041010,159.3275
2023-11-17 15:14:11.056630,193.8856
2023-11-17 15:14:11.072260,236.6362
2023-11-17 15:14:11.087890,278.2757
2023-11-17 15:14:11.103510,309.4732
2023-11-17 15:14:11.119140,321.9708
2023-11-17 15:14:11.134760,310.3893
2023-11-17 15:14:11.150390,273.7596
2023-11-17 15:14:11.166010,215.7753
2023-11-17 15:14:11.181640,144.5262
2023-11-17 15:14:11.197270,71.25031
2023-11-17 15:14:11.212890,7.152008
2023-11-17 15:14:11.228520,-39.81725
2023-11-17 15:14:11.244140,-67.04101
2023-11-17 15:14:11.259770,-79.70932
2023-11-17 15:14:11.275390,-85.08171
2023-11-17 15:14:11.291020,-90.09721
2023-11-17 15:14:11.306650,-99.34026
2023-11-17 15:14:11.322270,-114.1031
2023-11-17 15:14:11.337900,-132.9104
2023-11-17 15:14:11.353520,-152.3348
2023-11-17 15:14:11.369150,-167.7684
2023-11-17 15:14:11.384770,-174.4904
2023-11-17 15:14:11.400400,-164.974
2023-11-17 15:14:11.416030,-136.4256
2023-11-17 15:14:11.431650,-91.75288
2023-11-17 15:14:11.447280,-38.92092
2023-11-17 15:14:11.462900,11.65055
2023-11-17 15:14:11.478530,50.34574
2023-11-17 15:14:11.494150,71.06891
2023-11-17 15:14:11.509780,72.73791
2023-11-17 15:14:11.525410,58.87383
2023-11-17 15:14:11.541030,35.31456
2023-11-17 15:14:11.556660,7.745729
2023-11-17 15:14:11.572280,-19.17685
2023-11-17 15:14:11.587910,-41.99853
2023-11-17 15:14:11.603530,-57.9031
2023-11-17 15:14:11.619160,-64.90195
2023-11-17 15:14:11.634790,-62.13042
2023-11-17 15:14:11.650410,-50.21673
2023-11-17 15:14:11.666040,-31.34992
2023-11-17 15:14:11.681660,-9.288177
2023-11-17 15:14:11.697290,11.04337
2023-11-17 15:14:11.712910,25.12794
2023-11-17 15:14:11.728540,30.3845
2023-11-17 15:14:11.744170,27.216
2023-11-17 15:14:11.759790,18.83422
2023-11-17 15:14:11.775420,10.09028
2023-11-17 15:14:11.791040,5.318802
2023-11-17 15:14:11.806670,6.720959
2023-11-17 15:14:11.822300,13.74683
2023-11-17 15:14:11.837920,23.14382
2023-11-17 15:14:11.853550,31.07286
2023-11-17 15:14:11.869170,34.71307
2023-11-17 15:14:11.884800,33.35294
2023-11-17 15:14:11.900420,28.2557
2023-11-17 15:14:11.916050,21.49968
2023-11-17 15:14:11.931680,14.71709
2023-11-17 15:14:11.947300,8.342133
2023-11-17 15:14:11.962930,1.540138
2023-11-17 15:14:11.978550,-6.969013
2023-11-17 15:14:11.994180,-17.83076
2023-11-17 15:14:12.009800,-30.50618
2023-11-17 15:14:12.025430,-43.33468
2023-11-17 15:14:12.041060,-54.61692
2023-11-17 15:14:12.056680,-63.40123
2023-11-17 15:14:12.072310,-69.86811
2023-11-17 15:14:12.087930,-75.33617
2023-11-17 15:14:12.103560,-81.25249
2023-11-17 15:14:12.119180,-88.5045
2023-11-17 15:14:12.134810,-96.89372
2023-11-17 15:14:12.150440,-105.1369
2023-11-17 15:14:12.166060,-111.3734
2023-11-17 15:14:12.181690,-113.6956
2023-11-17 15:14:12.197310,-110.5508
2023-11-17 15:14:12.212940,-101.2297
2023-11-17 15:14:12.228560,-85.85207
2023-11-17 15:14:12.244190,-65.31137
2023-11-17 15:14:12.259820,-40.89942
2023-11-17 15:14:12.275440,-13.76537
2023-11-17 15:14:12.291070,15.12467
2023-11-17 15:14:12.306690,44.69334
2023-11-17 15:14:12.322320,73.05226
2023-11-17 15:14:12.337940,96.64847
2023-11-17 15:14:12.353570,110.9936
2023-11-17 15:14:12.369200,112.1131
2023-11-17 15:14:12.384820,98.54713
2023-11-17 15:14:12.400450,72.6209
2023-11-17 15:14:12.416070,39.68346
2023-11-17 15:14:12.431700,5.988678
2023-11-17 15:14:12.447320,-23.80629
2023-11-17 15:14:12.462950,-48.166
2023-11-17 15:14:12.478580,-67.87656
2023-11-17 15:14:12.494200,-84.18643
2023-11-17 15:14:12.509830,-96.95322
2023-11-17 15:14:12.525450,-104.0737
2023-11-17 15:14:12.541080,-103.0232
2023-11-17 15:14:12.556700,-92.79637
2023-11-17 15:14:12.572330,-75.17912
2023-11-17 15:14:12.587960,-54.60571
2023-11-17 15:14:12.603580,-36.23578
2023-11-17 15:14:12.619210,-23.77556
2023-11-17 15:14:12.634830,-18.17169
2023-11-17 15:14:12.650460,-17.71095
2023-11-17 15:14:12.666080,-19.4731
2023-11-17 15:14:12.681710,-21.03163
2023-11-17 15:14:12.697340,-21.55597
2023-11-17 15:14:12.712960,-22.01651
2023-11-17 15:14:12.728590,-24.00064
2023-11-17 15:14:12.744210,-28.5701
2023-11-17 15:14:12.759840,-35.42126
2023-11-17 15:14:12.775460,-43.12842
2023-11-17 15:14:12.791090,-50.42761
2023-11-17 15:14:12.806720,-57.30127
2023-11-17 15:14:12.822340,-65.30707
2023-11-17 15:14:12.837970,-76.96368
2023-11-17 15:14:12.853590,-93.7518
2023-11-17 15:14:12.869220,-114.7076
2023-11-17 15:14:12.884840,-135.9727
2023-11-17 15:14:12.900470,-151.7759
2023-11-17 15:14:12.916100,-156.6092
2023-11-17 15:14:12.931720,-147.1816
2023-11-17 15:14:12.947350,-123.5673
2023-11-17 15:14:12.962970,-89.08511
2023-11-17 15:14:12.978600,-48.81863
2023-11-17 15:14:12.994220,-7.969666
2023-11-17 15:14:13.009850,29.54401
2023-11-17 15:14:13.025480,61.92273
2023-11-17 15:14:13.041100,89.33121
2023-11-17 15:14:13.056730,113.3994
2023-11-17 15:14:13.072350,136.4565
2023-11-17 15:14:13.087980,160.5197
2023-11-17 15:14:13.103600,186.7375
2023-11-17 15:14:13.119230,214.818
2023-11-17 15:14:13.134860,242.8844
2023-11-17 15:14:13.150480,267.7328
2023-11-17 15:14:13.166110,285.4959
2023-11-17 15:14:13.181730,292.7441
2023-11-17 15:14:13.197360,287.5941
2023-11-17 15:14:13.212980,270.2099
2023-11-17 15:14:13.228610,243.1125
2023-11-17 15:14:13.244240,210.3112
2023-11-17 15:14:13.259860,176.285
2023-11-17 15:14:13.275490,144.9137
2023-11-17 15:14:13.291110,118.5456
2023-11-17 15:14:13.306740,98.08484
2023-11-17 15:14:13.322360,83.48322
2023-11-17 15:14:13.337990,74.10669
2023-11-17 15:14:13.353620,69.44525
2023-11-17 15:14:13.369240,69.0556
2023-11-17 15:14:13.384870,72.38733
2023-11-17 15:14:13.400490,78.64758
2023-11-17 15:14:13.416120,86.5022
2023-11-17 15:14:13.431740,94.2533
2023-11-17 15:14:13.447370,100.0265
2023-11-17 15:14:13.463000,101.9997
2023-11-17 15:14:13.478620,98.97992
2023-11-17 15:14:13.494250,90.75702
2023-11-17 15:14:13.509870,78.30603
2023-11-17 15:14:13.525500,63.64642
2023-11-17 15:14:13.541120,49.13831
2023-11-17 15:14:13.556750,36.64966
2023-11-17 15:14:13.572380,27.00632
2023-11-17 15:14:13.588000,19.61148
2023-11-17 15:14:13.603630,13.38242
2023-11-17 15:14:13.619250,7.726715
2023-11-17 15:14:13.634880,3.411682
2023-11-17 15:14:13.650500,2.603912
2023-11-17 15:14:13.666130,7.613739
2023-11-17 15:14:13.681760,19.52371
2023-11-17 15:14:13.697380,37.49365
2023-11-17 15:14:13.713010,58.83948
2023-11-17 15:14:13.728630,80.49362
2023-11-17 15:14:13.759880,117.7027
2023-11-17 15:14:13.775510,132.9504
2023-11-17 15:14:13.791140,145.9239
2023-11-17 15:14:13.806760,155.2434
2023-11-17 15:14:13.822390,158.7161
2023-11-17 15:14:13.838010,154.5762
2023-11-17 15:14:13.853640,143.0404
2023-11-17 15:14:13.869260,126.5029
2023-11-17 15:14:13.884890,108.4225
2023-11-17 15:14:13.900520,91.4024
2023-11-17 15:14:13.916140,75.59482
2023-11-17 15:14:13.931770,58.68527
2023-11-17 15:14:13.947390,37.29431
2023-11-17 15:14:13.963020,8.591553
2023-11-17 15:14:13.978650,-28.40634
2023-11-17 15:14:13.994270,-72.80246
2023-11-17 15:14:14.009900,-122.4938
2023-11-17 15:14:14.025520,-174.7541
2023-11-17 15:14:14.041150,-226.535
2023-11-17 15:14:14.056770,-274.282
2023-11-17 15:14:14.072400,-313.8463
2023-11-17 15:14:14.088030,-341.4116
2023-11-17 15:14:14.103650,-354.4122
2023-11-17 15:14:14.119280,-352.7471
2023-11-17 15:14:14.134900,-338.9199
2023-11-17 15:14:14.150530,-317.0485
2023-11-17 15:14:14.166150,-291.4789
2023-11-17 15:14:14.181780,-265.5845
2023-11-17 15:14:14.197410,-241.2068
2023-11-17 15:14:14.213030,-219.0777
2023-11-17 15:14:14.228660,-199.1316
2023-11-17 15:14:14.244280,-180.8826
2023-11-17 15:14:14.259910,-163.6594
2023-11-17 15:14:14.275530,-146.7911
2023-11-17 15:14:14.291160,-130.2167
2023-11-17 15:14:14.306790,-114.7456
2023-11-17 15:14:14.322410,-101.9496
2023-11-17 15:14:14.338040,-93.44061
2023-11-17 15:14:14.353660,-89.59682
2023-11-17 15:14:14.369290,-88.78586
2023-11-17 15:14:14.384910,-87.4436
2023-11-17 15:14:14.400540,-81.05278
2023-11-17 15:14:14.416170,-65.59918
2023-11-17 15:14:14.431790,-38.9227
2023-11-17 15:14:14.447420,-1.533798
2023-11-17 15:14:14.463040,43.11499
2023-11-17 15:14:14.478670,89.15388
2023-11-17 15:14:14.494290,129.2971
2023-11-17 15:14:14.509920,156.25
2023-11-17 15:14:14.525550,164.4624
2023-11-17 15:14:14.541170,151.8768
2023-11-17 15:14:14.556800,121.2879
2023-11-17 15:14:14.572420,80.62932
2023-11-17 15:14:14.588050,41.12015
2023-11-17 15:14:14.603670,14.44795
2023-11-17 15:14:14.619300,8.919128
2023-11-17 15:14:14.634930,26.50719
2023-11-17 15:14:14.650550,62.24615
2023-11-17 15:14:14.666180,105.9142
2023-11-17 15:14:14.681800,145.7631
2023-11-17 15:14:14.697430,172.5261
2023-11-17 15:14:14.713050,181.7572
2023-11-17 15:14:14.728680,174.412
2023-11-17 15:14:14.744310,155.3272
2023-11-17 15:14:14.759930,130.9946
2023-11-17 15:14:14.775560,107.6592
2023-11-17 15:14:14.806810,82.57654
2023-11-17 15:14:14.822430,86.49661
2023-11-17 15:14:14.838060,102.1729
2023-11-17 15:14:14.853690,127.5199
2023-11-17 15:14:14.869310,158.4088
2023-11-17 15:14:14.884940,189.697
2023-11-17 15:14:14.900560,216.6434
2023-11-17 15:14:14.916190,236.1638
2023-11-17 15:14:14.931810,247.5813
2023-11-17 15:14:14.947440,252.3182
2023-11-17 15:14:14.963070,253.1444
2023-11-17 15:14:14.978690,253.3297
2023-11-17 15:14:14.994320,255.7466
2023-11-17 15:14:15.009940,262.1382
2023-11-17 15:14:15.025570,272.5591
2023-11-17 15:14:15.041190,285.1476
2023-11-17 15:14:15.056820,296.4135
2023-11-17 15:14:15.072450,302.4936
2023-11-17 15:14:15.088070,300.0817
2023-11-17 15:14:15.103700,287.8958
2023-11-17 15:14:15.119320,266.9786
2023-11-17 15:14:15.134950,240.1249
2023-11-17 15:14:15.150570,210.8894
2023-11-17 15:14:15.166200,182.0586
2023-11-17 15:14:15.181830,154.9864
2023-11-17 15:14:15.197450,129.5023
2023-11-17 15:14:15.213080,104.4019
2023-11-17 15:14:15.228700,78.24889
2023-11-17 15:14:15.244330,50.16986
2023-11-17 15:14:15.259950,20.63223
2023-11-17 15:14:15.275580,-8.000122
2023-11-17 15:14:15.291210,-31.52359
2023-11-17 15:14:15.306830,-44.87695
2023-11-17 15:14:15.322460,-44.05392
2023-11-17 15:14:15.338080,-28.61307
2023-11-17 15:14:15.353710,-2.823578
2023-11-17 15:14:15.369330,25.0314
2023-11-17 15:14:15.384960,45.52274
2023-11-17 15:14:15.400590,51.77954
2023-11-17 15:14:15.416210,42.08002
2023-11-17 15:14:15.431840,20.08148
2023-11-17 15:14:15.447460,-7.519531
2023-11-17 15:14:15.463090,-34.42572
2023-11-17 15:14:15.478710,-57.36737
2023-11-17 15:14:15.494340,-76.63611
2023-11-17 15:14:15.509970,-94.47302
2023-11-17 15:14:15.525590,-112.8348
2023-11-17 15:14:15.541220,-132.0706
2023-11-17 15:14:15.556840,-151.2327
2023-11-17 15:14:15.572470,-169.1176
2023-11-17 15:14:15.588090,-186.0707
2023-11-17 15:14:15.603720,-204.0274
2023-11-17 15:14:15.619350,-225.7964
2023-11-17 15:14:15.634970,-253.6676
2023-11-17 15:14:15.650600,-288.1409
2023-11-17 15:14:15.666220,-327.798
2023-11-17 15:14:15.681850,-369.7352
2023-11-17 15:14:15.697470,-410.4351
2023-11-17 15:14:15.713100,-446.0812
2023-11-17 15:14:15.728730,-472.6551
2023-11-17 15:14:15.744350,-485.9685
2023-11-17 15:14:15.759980,-482.1722
2023-11-17 15:14:15.775600,-458.9035
2023-11-17 15:14:15.791230,-416.6305
2023-11-17 15:14:15.806850,-359.2378
2023-11-17 15:14:15.822480,-293.7048
2023-11-17 15:14:15.838110,-228.8313
2023-11-17 15:14:15.853730,-173.4297
2023-11-17 15:14:15.869360,-134.9039
2023-11-17 15:14:15.884980,-118.5073
2023-11-17 15:14:15.900610,-127.2921
2023-11-17 15:14:15.916230,-162.0323
2023-11-17 15:14:15.931860,-220.2224
2023-11-17 15:14:15.947490,-295.1884
2023-11-17 15:14:15.963110,-375.9384
2023-11-17 15:14:15.978740,-448.8137
2023-11-17 15:14:15.994360,-500.9544
2023-11-17 15:14:16.025610,-517.1449
2023-11-17 15:14:16.041240,-485.2852
2023-11-17 15:14:16.056870,-437.9122
2023-11-17 15:14:16.072490,-384.1738
2023-11-17 15:14:16.088120,-330.6766
2023-11-17 15:14:16.103740,-280.2762
2023-11-17 15:14:16.119370,-233.2059
2023-11-17 15:14:16.134990,-188.4526
2023-11-17 15:14:16.150620,-144.8409
2023-11-17 15:14:16.166250,-101.4923
2023-11-17 15:14:16.181870,-57.96088
2023-11-17 15:14:16.197500,-14.75531
2023-11-17 15:14:16.213120,26.17242
2023-11-17 15:14:16.228750,61.39374
2023-11-17 15:14:16.244370,87.09912
2023-11-17 15:14:16.260000,100.9153
2023-11-17 15:14:16.275630,103.5289
2023-11-17 15:14:16.291250,98.58508
2023-11-17 15:14:16.306880,91.52881
2023-11-17 15:14:16.322500,87.32965
2023-11-17 15:14:16.338130,88.64417
2023-11-17 15:14:16.353760,95.64978
2023-11-17 15:14:16.369380,106.8052
2023-11-17 15:14:16.385010,120.4318
2023-11-17 15:14:16.400630,135.7172
2023-11-17 15:14:16.416260,152.3707
2023-11-17 15:14:16.431880,169.9097
2023-11-17 15:14:16.447510,186.8964
2023-11-17 15:14:16.463140,200.8092
2023-11-17 15:14:16.478760,209.0894
2023-11-17 15:14:16.494390,210.328
2023-11-17 15:14:16.510010,204.9189
2023-11-17 15:14:16.525640,195.3269
2023-11-17 15:14:16.541260,185.2234
2023-11-17 15:14:16.556890,178.0973
2023-11-17 15:14:16.572520,176.0431
2023-11-17 15:14:16.588140,178.5938
2023-11-17 15:14:16.603770,183.3527
2023-11-17 15:14:16.619390,187.1401
2023-11-17 15:14:16.635020,188.0437
2023-11-17 15:14:16.650640,186.8545
2023-11-17 15:14:16.666270,186.8306
2023-11-17 15:14:16.681900,192.1247
2023-11-17 15:14:16.697520,205.269
2023-11-17 15:14:16.713150,225.17
2023-11-17 15:14:16.728770,246.955
2023-11-17 15:14:16.744400,263.6513
2023-11-17 15:14:16.760020,269.0883
2023-11-17 15:14:16.775650,260.5555
2023-11-17 15:14:16.791280,239.3721
2023-11-17 15:14:16.806900,209.7005
2023-11-17 15:14:16.822530,175.9628
2023-11-17 15:14:16.838150,140.3511
2023-11-17 15:14:16.853780,102.559
2023-11-17 15:14:16.869400,60.71754
2023-11-17 15:14:16.885030,13.40239
2023-11-17 15:14:16.900660,-38.66519
2023-11-17 15:14:16.916280,-92.29874
2023-11-17 15:14:16.931910,-142.797
2023-11-17 15:14:16.947530,-185.5204
2023-11-17 15:14:16.963160,-217.8515
2023-11-17 15:14:16.978780,-239.6959
2023-11-17 15:14:16.994410,-252.8965
2023-11-17 15:14:17.010040,-259.7357
2023-11-17 15:14:17.025660,-261.165
2023-11-17 15:14:17.041290,-256.2804
2023-11-17 15:14:17.056910,-243.0521
2023-11-17 15:14:17.072540,-220.0123
2023-11-17 15:14:17.088160,-187.9794
2023-11-17 15:14:17.103790,-150.1692
2023-11-17 15:14:17.119420,-111.3864
2023-11-17 15:14:17.135040,-76.0323
2023-11-17 15:14:17.150670,-46.23796
2023-11-17 15:14:17.166290,-21.40273
2023-11-17 15:14:17.181920,1.122047
2023-11-17 15:14:17.197540,24.42487
2023-11-17 15:14:17.213170,50.07618
2023-11-17 15:14:17.228800,77.73456
2023-11-17 15:14:17.244420,105.5369
2023-11-17 15:14:17.260050,131.4398
2023-11-17 15:14:17.275670,154.5091
2023-11-17 15:14:17.291300,175.2877
2023-11-17 15:14:17.306920,195.3949
2023-11-17 15:14:17.322550,216.4527
2023-11-17 15:14:17.338180,239.0946
2023-11-17 15:14:17.353800,262.8623
2023-11-17 15:14:17.369430,286.7094
2023-11-17 15:14:17.385050,309.6143
2023-11-17 15:14:17.400680,330.6898
2023-11-17 15:14:17.416300,348.6196
2023-11-17 15:14:17.431930,361.0562
2023-11-17 15:14:17.447560,364.5659
2023-11-17 15:14:17.463180,355.1825
2023-11-17 15:14:17.478810,330.03
2023-11-17 15:14:17.494430,288.669
2023-11-17 15:14:17.510060,233.39
2023-11-17 15:14:17.525680,168.6053
2023-11-17 15:14:17.541310,98.90928
2023-11-17 15:14:17.556940,27.60269
2023-11-17 15:14:17.572560,-43.93336
2023-11-17 15:14:17.588190,-115.9206
2023-11-17 15:14:17.603810,-188.5338
2023-11-17 15:14:17.619440,-260.5779
2023-11-17 15:14:17.635060,-328.9227
2023-11-17 15:14:17.650690,-388.9417
2023-11-17 15:14:17.666320,-435.9435
2023-11-17 15:14:17.681940,-466.7521
2023-11-17 15:14:17.697570,-480.6336
2023-11-17 15:14:17.713190,-479.6502
2023-11-17 15:14:17.728820,-467.6681
2023-11-17 15:14:17.744440,-448.7621
2023-11-17 15:14:17.760070,-425.6025
2023-11-17 15:14:17.775700,-398.6887
2023-11-17 15:14:17.791320,-366.8884
2023-11-17 15:14:17.806950,-328.6228
2023-11-17 15:14:17.822570,-283.2621
2023-11-17 15:14:17.838200,-231.9766
2023-11-17 15:14:17.853820,-177.3624
2023-11-17 15:14:17.869450,-122.5074
2023-11-17 15:14:17.885080,-69.65779
2023-11-17 15:14:17.900700,-19.42931
2023-11-17 15:14:17.916330,28.87997
2023-11-17 15:14:17.931950,76.41767
2023-11-17 15:14:17.947580,123.5043
2023-11-17 15:14:17.963200,168.7992
2023-11-17 15:14:17.978830,209.7784
2023-11-17 15:14:17.994460,243.9964
2023-11-17 15:14:18.010080,269.9925
2023-11-17 15:14:18.025710,288.1754
2023-11-17 15:14:18.041330,300.0685
2023-11-17 15:14:18.056960,307.2771
2023-11-17 15:14:18.072580,310.5503
2023-11-17 15:14:18.088210,309.5424
2023-11-17 15:14:18.103840,303.863
2023-11-17 15:14:18.119460,294.4703
2023-11-17 15:14:18.135090,284.4344
2023-11-17 15:14:18.150710,278.0683
2023-11-17 15:14:18.166340,278.5525
2023-11-17 15:14:18.181960,285.5527
2023-11-17 15:14:18.197590,294.2223
2023-11-17 15:14:18.213220,296.51
2023-11-17 15:14:18.228840,284.4002
2023-11-17 15:14:18.244470,253.4304
2023-11-17 15:14:18.260090,204.4824
2023-11-17 15:14:18.275720,143.2798
2023-11-17 15:14:18.291340,77.57837
2023-11-17 15:14:18.306970,13.88618
2023-11-17 15:14:18.322600,-44.54532
2023-11-17 15:14:18.338220,-98.13287
2023-11-17 15:14:18.353850,-149.651
2023-11-17 15:14:18.369470,-202.4258
2023-11-17 15:14:18.385100,-258.6306
2023-11-17 15:14:18.400720,-318.0255
2023-11-17 15:14:18.416350,-377.4854
2023-11-17 15:14:18.431980,-431.1512
2023-11-17 15:14:18.447600,-471.5921
2023-11-17 15:14:18.463230,-492.085
2023-11-17 15:14:18.478850,-489.1035
2023-11-17 15:14:18.494480,-463.808
2023-11-17 15:14:18.510100,-421.8676
2023-11-17 15:14:18.525730,-370.9597
2023-11-17 15:14:18.541360,-317.9261
2023-11-17 15:14:18.556980,-266.3361
2023-11-17 15:14:18.572610,-216.2617
2023-11-17 15:14:18.588230,-166.0636
2023-11-17 15:14:18.603860,-114.7032
2023-11-17 15:14:18.619480,-63.25839
2023-11-17 15:14:18.635110,-14.4505
2023-11-17 15:14:18.650740,29.04794
2023-11-17 15:14:18.666360,66.26511
2023-11-17 15:14:18.681990,98.34607
2023-11-17 15:14:18.697610,127.4803
2023-11-17 15:14:18.713240,155.2136
2023-11-17 15:14:18.728860,181.455
2023-11-17 15:14:18.744490,204.7744
2023-11-17 15:14:18.760120,223.4971
2023-11-17 15:14:18.775740,236.7114
2023-11-17 15:14:18.791370,243.8909
2023-11-17 15:14:18.806990,244.0077
2023-11-17 15:14:18.822620,234.6697
2023-11-17 15:14:18.838250,212.8358
2023-11-17 15:14:18.853870,177.1741
2023-11-17 15:14:18.869500,130.4721
2023-11-17 15:14:18.885120,80.17932
2023-11-17 15:14:18.900750,35.914
2023-11-17 15:14:18.916370,4.798431
2023-11-17 15:14:18.932000,-12.41595
2023-11-17 15:14:18.947630,-21.85431
2023-11-17 15:14:18.963250,-33.14594
2023-11-17 15:14:18.978880,-53.75171
2023-11-17 15:14:18.994500,-84.414
2023-11-17 15:14:19.010130,-118.7952
2023-11-17 15:14:19.025750,-147.1512
2023-11-17 15:14:19.041380,-161.978
2023-11-17 15:14:19.057010,-161.7134
2023-11-17 15:14:19.072630,-150.6531
2023-11-17 15:14:19.088260,-135.6909
2023-11-17 15:14:19.103880,-121.9693
2023-11-17 15:14:19.119510,-110.3978
2023-11-17 15:14:19.135130,-97.91937
2023-11-17 15:14:19.150760,-79.94489
2023-11-17 15:14:19.166390,-53.22339
2023-11-17 15:14:19.182010,-17.23529
2023-11-17 15:14:19.197640,26.22943
2023-11-17 15:14:19.213260,74.50793
2023-11-17 15:14:19.228890,125.3724
2023-11-17 15:14:19.244510,177.2263
2023-11-17 15:14:19.260140,228.1723
2023-11-17 15:14:19.275770,274.9375
2023-11-17 15:14:19.291390,312.1731
2023-11-17 15:14:19.307020,333.408
2023-11-17 15:14:19.322640,333.0109
2023-11-17 15:14:19.338270,308.1849
2023-11-17 15:14:19.353890,260.6652
2023-11-17 15:14:19.369520,196.7234
2023-11-17 15:14:19.385150,125.4888
2023-11-17 15:14:19.416400,-4.043274
2023-11-17 15:14:19.432020,-53.05493
2023-11-17 15:14:19.447650,-91.83966
2023-11-17 15:14:19.463270,-123.4827
2023-11-17 15:14:19.478900,-150.7022
2023-11-17 15:14:19.494530,-174.2335
2023-11-17 15:14:19.510150,-192.6837
2023-11-17 15:14:19.525780,-203.4169
2023-11-17 15:14:19.541400,-203.7596
2023-11-17 15:14:19.557030,-192.0744
2023-11-17 15:14:19.572650,-167.9305
2023-11-17 15:14:19.588280,-132.1776
2023-11-17 15:14:19.603910,-86.50262
2023-11-17 15:14:19.619530,-33.27942
2023-11-17 15:14:19.635160,24.32141
2023-11-17 15:14:19.650780,82.67383
2023-11-17 15:14:19.666410,137.9235
2023-11-17 15:14:19.682030,186.5137
2023-11-17 15:14:19.697660,225.7343
2023-11-17 15:14:19.713290,253.885
2023-11-17 15:14:19.728910,270.1523
2023-11-17 15:14:19.744540,274.4597
2023-11-17 15:14:19.760160,267.2933
2023-11-17 15:14:19.775790,249.9843
2023-11-17 15:14:19.791410,224.7668
2023-11-17 15:14:19.807040,194.9894
2023-11-17 15:14:19.822670,164.993
2023-11-17 15:14:19.838290,139.1698
2023-11-17 15:14:19.853920,121.1806
2023-11-17 15:14:19.869540,113.0286
2023-11-17 15:14:19.885170,114.6842
2023-11-17 15:14:19.900790,124.1497
2023-11-17 15:14:19.916420,137.7766
2023-11-17 15:14:19.932050,151.0704
2023-11-17 15:14:19.947670,159.5234
2023-11-17 15:14:19.963300,159.4418
2023-11-17 15:14:19.978920,149.2
2023-11-17 15:14:19.994550,129.8915
2023-11-17 15:14:20.010170,105.3685
2023-11-17 15:14:20.025800,81.24719
2023-11-17 15:14:20.041430,63.08905
2023-11-17 15:14:20.057050,54.22235
2023-11-17 15:14:20.072680,54.69739
2023-11-17 15:14:20.088300,61.20721
2023-11-17 15:14:20.103930,69.02808
2023-11-17 15:14:20.119550,74.69714
2023-11-17 15:14:20.135180,78.02936
2023-11-17 15:14:20.150810,82.56067
2023-11-17 15:14:20.166430,93.43365
2023-11-17 15:14:20.182060,114.2833
2023-11-17 15:14:20.197680,144.3597
2023-11-17 15:14:20.213310,178.1492
2023-11-17 15:14:20.228930,207.7563
2023-11-17 15:14:20.244560,226.7164
2023-11-17 15:14:20.260190,233.1645
2023-11-17 15:14:20.275810,230.3013
2023-11-17 15:14:20.291440,223.6666
2023-11-17 15:14:20.307060,217.2432
2023-11-17 15:14:20.322690,211.0235
2023-11-17 15:14:20.338310,201.1266
2023-11-17 15:14:20.353940,182.9979
2023-11-17 15:14:20.369570,154.6388
2023-11-17 15:14:20.385190,117.9764
2023-11-17 15:14:20.400820,78.23715
2023-11-17 15:14:20.416440,41.017
2023-11-17 15:14:20.432070,9.719025
2023-11-17 15:14:20.447690,-15.36011
2023-11-17 15:14:20.463320,-35.90115
2023-11-17 15:14:20.478950,-53.24706
2023-11-17 15:14:20.494570,-66.9272
2023-11-17 15:14:20.510200,-74.64807
2023-11-17 15:14:20.525820,-74.02386
2023-11-17 15:14:20.541450,-63.54126
2023-11-17 15:14:20.557070,-44.04022
2023-11-17 15:14:20.572700,-19.63728
2023-11-17 15:14:20.588330,2.38472
2023-11-17 15:14:20.603950,13.81126
2023-11-17 15:14:20.619580,8.371269
2023-11-17 15:14:20.635200,-15.96569
2023-11-17 15:14:20.650830,-56.15631
2023-11-17 15:14:20.666450,-106.7039
2023-11-17 15:14:20.682080,-159.9634
2023-11-17 15:14:20.697710,-208.9027
2023-11-17 15:14:20.713330,-249.7075
2023-11-17 15:14:20.728960,-282.7805
2023-11-17 15:14:20.744580,-311.5197
2023-11-17 15:14:20.760210,-340.2594
2023-11-17 15:14:20.775830,-372.7844
2023-11-17 15:14:20.791460,-411.3679
2023-11-17 15:14:20.807090,-457.7814
2023-11-17 15:14:20.822710,-509.3477
2023-11-17 15:14:20.838340,-558.4921
2023-11-17 15:14:20.853960,-594.9378
2023-11-17 15:14:20.869590,-609.3572
2023-11-17 15:14:20.885210,-596.3423
2023-11-17 15:14:20.900840,-555.8802
2023-11-17 15:14:20.916470,-493.8755
2023-11-17 15:14:20.932090,-420.5807
2023-11-17 15:14:20.947720,-349.5168
2023-11-17 15:14:20.963340,-290.4393
2023-11-17 15:14:20.978970,-246.1887
2023-11-17 15:14:20.994590,-214.046
2023-11-17 15:14:21.010220,-188.9012
2023-11-17 15:14:21.025850,-165.4227
2023-11-17 15:14:21.041470,-139.3147
2023-11-17 15:14:21.057100,-108.1503
2023-11-17 15:14:21.072720,-56.89354
2023-11-17 15:14:21.088350,13.63142
2023-11-17 15:14:21.103980,87.69714
2023-11-17 15:14:21.119600,148.1263
2023-11-17 15:14:21.135230,188.0844
2023-11-17 15:14:21.150850,209.9291
2023-11-17 15:14:21.166480,218.201
2023-11-17 15:14:21.182100,216.5591
2023-11-17 15:14:21.197730,207.606
2023-11-17 15:14:21.213360,193.7616
2023-11-17 15:14:21.228980,177.5684
2023-11-17 15:14:21.244610,162.4832
2023-11-17 15:14:21.260230,154.2973
2023-11-17 15:14:21.275860,157.748
2023-11-17 15:14:21.291480,173.4717
2023-11-17 15:14:21.307110,197.204
2023-11-17 15:14:21.322740,221.3662
2023-11-17 15:14:21.338360,237.6196
2023-11-17 15:14:21.353990,234.7176
2023-11-17 15:14:21.369610,207.8391
2023-11-17 15:14:21.385240,162.4785
2023-11-17 15:14:21.400860,112.2104
2023-11-17 15:14:21.416490,70.66256
2023-11-17 15:14:21.432120,45.4138
2023-11-17 15:14:21.447740,37.16822
2023-11-17 15:14:21.463370,42.27657
2023-11-17 15:14:21.478990,56.94246
2023-11-17 15:14:21.494620,78.92533
2023-11-17 15:14:21.510240,106.2665
2023-11-17 15:14:21.525870,135.985
2023-11-17 15:14:21.541500,164.4571
2023-11-17 15:14:21.557120,185.5016
2023-11-17 15:14:21.572750,192.8726
2023-11-17 15:14:21.588370,183.632
2023-11-17 15:14:21.604000,159.0279
2023-11-17 15:14:21.619620,124.2524
2023-11-17 15:14:21.635250,85.80032
2023-11-17 15:14:21.666500,16.61555
2023-11-17 15:14:21.682130,-11.97606
2023-11-17 15:14:21.697750,-39.81758
2023-11-17 15:14:21.713380,-72.17886
2023-11-17 15:14:21.729000,-109.4611
2023-11-17 15:14:21.744630,-152.199
2023-11-17 15:14:21.760260,-199.0476
2023-11-17 15:14:21.775880,-246.6417
2023-11-17 15:14:21.791510,-290.0645
2023-11-17 15:14:21.807130,-324.3557
2023-11-17 15:14:21.822760,-345.9941
2023-11-17 15:14:21.838380,-354.6176
2023-11-17 15:14:21.854010,-352.9788
2023-11-17 15:14:21.869640,-346.0902
2023-11-17 15:14:21.885260,-340.7583
2023-11-17 15:14:21.900890,-343.0291
2023-11-17 15:14:21.916510,-356.3464
2023-11-17 15:14:21.932140,-379.7329
2023-11-17 15:14:21.947760,-407.5497
2023-11-17 15:14:21.963390,-430.5226
2023-11-17 15:14:21.979020,-438.6197
2023-11-17 15:14:21.994640,-424.3629
2023-11-17 15:14:22.010270,-385.5728
2023-11-17 15:14:22.025890,-326.7065
2023-11-17 15:14:22.041520,-256.5999
2023-11-17 15:14:22.057140,-185.0141
2023-11-17 15:14:22.072770,-119.3264
2023-11-17 15:14:22.088400,-63.138
2023-11-17 15:14:22.104020,-16.87199
2023-11-17 15:14:22.119650,20.29505
2023-11-17 15:14:22.135270,49.04105
2023-11-17 15:14:22.150900,69.72438
2023-11-17 15:14:22.166520,82.69802
2023-11-17 15:14:22.182150,89.73524
2023-11-17 15:14:22.197780,94.41696
2023-11-17 15:14:22.213400,100.8748
2023-11-17 15:14:22.229030,112.6346
2023-11-17 15:14:22.244650,131.3634
2023-11-17 15:14:22.260280,156.8008
2023-11-17 15:14:22.275900,187.2876
2023-11-17 15:14:22.291530,220.5393
2023-11-17 15:14:22.307160,254.1592
2023-11-17 15:14:22.322780,285.9815
2023-11-17 15:14:22.338410,313.9742
2023-11-17 15:14:22.354030,336.4466
2023-11-17 15:14:22.369660,352.1115
2023-11-17 15:14:22.385280,360.3593
2023-11-17 15:14:22.400910,361.3881
2023-11-17 15:14:22.416540,355.961
2023-11-17 15:14:22.432160,345.1992
2023-11-17 15:14:22.447790,330.3316
2023-11-17 15:14:22.463410,312.6144
2023-11-17 15:14:22.479040,293.7131
2023-11-17 15:14:22.494660,275.605
2023-11-17 15:14:22.510290,260.2363
2023-11-17 15:14:22.525920,248.8808
2023-11-17 15:14:22.541540,241.1914
2023-11-17 15:14:22.557170,235.1268
2023-11-17 15:14:22.572790,227.6032
2023-11-17 15:14:22.588420,215.9417
2023-11-17 15:14:22.604040,199.3297
2023-11-17 15:14:22.619670,179.536
2023-11-17 15:14:22.635300,160.2919
2023-11-17 15:14:22.650920,145.557
2023-11-17 15:14:22.666550,137.4904
2023-11-17 15:14:22.682170,135.0814
2023-11-17 15:14:22.697800,134.5963
2023-11-17 15:14:22.713420,130.9028
2023-11-17 15:14:22.729050,119.819
2023-11-17 15:14:22.744680,99.4101
2023-11-17 15:14:22.760300,70.22348
2023-11-17 15:14:22.775930,34.62415
2023-11-17 15:14:22.791550,-4.324249
2023-11-17 15:14:22.807180,-42.99817
2023-11-17 15:14:22.822800,-77.18198
2023-11-17 15:14:22.838430,-102.7769
2023-11-17 15:14:22.854060,-117.1056
2023-11-17 15:14:22.869680,-120.8523
2023-11-17 15:14:22.885310,-118.8323
2023-11-17 15:14:22.900930,-118.6537
2023-11-17 15:14:22.916560,-127.2263
2023-11-17 15:14:22.932180,-146.8581
2023-11-17 15:14:22.947810,-173.3746
2023-11-17 15:14:22.963440,-197.7255
2023-11-17 15:14:22.979060,-209.8241
2023-11-17 15:14:22.994690,-202.9227
2023-11-17 15:14:23.010310,-176.0835
2023-11-17 15:14:23.025940,-133.6556
2023-11-17 15:14:23.041560,-82.82916
2023-11-17 15:14:23.057190,-30.90599
2023-11-17 15:14:23.072820,16.18646
2023-11-17 15:14:23.088440,53.76605
2023-11-17 15:14:23.104070,77.76805
2023-11-17 15:14:23.119690,84.30699
2023-11-17 15:14:23.135320,70.79887
2023-11-17 15:14:23.150940,37.74327
2023-11-17 15:14:23.166570,-9.665703
2023-11-17 15:14:23.182200,-61.51187
2023-11-17 15:14:23.197820,-105.0427
2023-11-17 15:14:23.213450,-128.5376
2023-11-17 15:14:23.229070,-125.0145
2023-11-17 15:14:23.244700,-94.79034
2023-11-17 15:14:23.260320,-45.31701
2023-11-17 15:14:23.275950,11.92263
2023-11-17 15:14:23.291580,65.60065
2023-11-17 15:14:23.307200,108.4254
2023-11-17 15:14:23.322830,138.4473
2023-11-17 15:14:23.338450,157.8345
2023-11-17 15:14:23.354080,170.1747
2023-11-17 15:14:23.369700,178.1267
2023-11-17 15:14:23.385330,182.7038
2023-11-17 15:14:23.400960,183.6993
2023-11-17 15:14:23.416580,180.5774
2023-11-17 15:14:23.432210,173.0228
2023-11-17 15:14:23.447830,160.6435
2023-11-17 15:14:23.463460,142.4181
2023-11-17 15:14:23.479080,116.77
2023-11-17 15:14:23.494710,82.00856
2023-11-17 15:14:23.510340,37.21146
2023-11-17 15:14:23.525960,-17.25052
2023-11-17 15:14:23.541590,-79.73534
2023-11-17 15:14:23.557210,-147.8246
2023-11-17 15:14:23.572840,-218.9086
2023-11-17 15:14:23.588460,-290.6177
2023-11-17 15:14:23.604090,-360.5817
2023-11-17 15:14:23.619720,-426.3375
2023-11-17 15:14:23.635340,-485.1751
2023-11-17 15:14:23.650970,-534.1096
2023-11-17 15:14:23.666590,-570.3959
2023-11-17 15:14:23.682220,-591.5921
2023-11-17 15:14:23.697850,-595.7867
2023-11-17 15:14:23.713470,-582.2106
2023-11-17 15:14:23.729100,-551.4182
2023-11-17 15:14:23.744720,-505.4523
2023-11-17 15:14:23.760350,-447.4707
2023-11-17 15:14:23.775970,-381.1653
2023-11-17 15:14:23.791600,-310.5715
2023-11-17 15:14:23.807230,-240.0613
2023-11-17 15:14:23.822850,-174.6203
2023-11-17 15:14:23.838480,-119.743
2023-11-17 15:14:23.854100,-80.28235
2023-11-17 15:14:23.869730,-58.46957
2023-11-17 15:14:23.885350,-52.15053
2023-11-17 15:14:23.900980,-54.47326
2023-11-17 15:14:23.916610,-55.94901
2023-11-17 15:14:23.932230,-47.89577
2023-11-17 15:14:23.947860,-26.06042
2023-11-17 15:14:23.963480,8.078476
2023-11-17 15:14:23.979110,48.89622
2023-11-17 15:14:24.010360,125.4297
2023-11-17 15:14:24.025990,154.5641
2023-11-17 15:14:24.041610,178.7099
2023-11-17 15:14:24.057240,201.0723
2023-11-17 15:14:24.072860,224.6117
2023-11-17 15:14:24.088490,250.8101
2023-11-17 15:14:24.104110,280.2062
2023-11-17 15:14:24.119740,312.9954
2023-11-17 15:14:24.135370,349.2729
2023-11-17 15:14:24.150990,388.0807
2023-11-17 15:14:24.166620,426.5316
2023-11-17 15:14:24.182240,459.8153
2023-11-17 15:14:24.197870,482.3243
2023-11-17 15:14:24.213490,489.5039
2023-11-17 15:14:24.229120,479.4771
2023-11-17 15:14:24.244750,454.5796
2023-11-17 15:14:24.260370,420.9025
2023-11-17 15:14:24.276000,386.5089
2023-11-17 15:14:24.291620,356.8744
2023-11-17 15:14:24.307250,333.7738
2023-11-17 15:14:24.322870,315.8122
2023-11-17 15:14:24.338500,300.5976
2023-11-17 15:14:24.354130,286.8329
2023-11-17 15:14:24.369750,273.8346
2023-11-17 15:14:24.385380,262.8542
2023-11-17 15:14:24.401000,256.3447
2023-11-17 15:14:24.416630,257.2147
2023-11-17 15:14:24.432250,263.7111
2023-11-17 15:14:24.447880,271.2253
2023-11-17 15:14:24.463510,274.3872
2023-11-17 15:14:24.479130,269.803
2023-11-17 15:14:24.494760,256.7086
2023-11-17 15:14:24.510380,233.6199
2023-11-17 15:14:24.526010,201.2417
2023-11-17 15:14:24.541630,163.0973
2023-11-17 15:14:24.557260,127.063
2023-11-17 15:14:24.572890,95.98131
2023-11-17 15:14:24.588510,69.74561
2023-11-17 15:14:24.604140,46.75169
2023-11-17 15:14:24.619760,25.85835
2023-11-17 15:14:24.635390,5.87149
2023-11-17 15:14:24.651010,-19.72224
2023-11-17 15:14:24.666640,-56.84715
2023-11-17 15:14:24.682270,-107.2649
2023-11-17 15:14:24.697890,-164.0125
2023-11-17 15:14:24.713520,-224.9917
2023-11-17 15:14:24.729140,-288.3313
2023-11-17 15:14:24.744770,-351.3449
2023-11-17 15:14:24.760390,-408.8843
2023-11-17 15:14:24.776020,-456.283
2023-11-17 15:14:24.791650,-498.3636
2023-11-17 15:14:24.807270,-542.1031
2023-11-17 15:14:24.822900,-591.3007
2023-11-17 15:14:24.838520,-639.4819
2023-11-17 15:14:24.854150,-686.3613
2023-11-17 15:14:24.869770,-731.9814
2023-11-17 15:14:24.885400,-775.4755
2023-11-17 15:14:24.901030,-812.6932
2023-11-17 15:14:24.916650,-798.9398
2023-11-17 15:14:24.932280,-709.9796
2023-11-17 15:14:24.947900,-559.8536
2023-11-17 15:14:24.963530,-425.068
2023-11-17 15:14:24.979150,-317.4651
2023-11-17 15:14:24.994780,-232.1171
2023-11-17 15:14:25.010410,-152.1019
2023-11-17 15:14:25.026030,-73.08681
2023-11-17 15:14:25.041660,6.197186
2023-11-17 15:14:25.057280,85.30115
2023-11-17 15:14:25.072910,156.7396
2023-11-17 15:14:25.088530,214.4687
2023-11-17 15:14:25.104160,258.3234
2023-11-17 15:14:25.119790,297.952
2023-11-17 15:14:25.135410,333.1081
2023-11-17 15:14:25.151040,358.7479
2023-11-17 15:14:25.166660,368.1231
2023-11-17 15:14:25.182290,359.227
2023-11-17 15:14:25.197910,335.3741
2023-11-17 15:14:25.213540,299.2607
2023-11-17 15:14:25.229170,256.8653
2023-11-17 15:14:25.244790,217.1559
2023-11-17 15:14:25.260420,193.2476
2023-11-17 15:14:25.276040,187.1103
2023-11-17 15:14:25.291670,194.339
2023-11-17 15:14:25.307290,207.6729
2023-11-17 15:14:25.322920,221.8838
2023-11-17 15:14:25.338550,233.5035
2023-11-17 15:14:25.354170,237.4041
2023-11-17 15:14:25.369800,230.1989
2023-11-17 15:14:25.385420,212.422
2023-11-17 15:14:25.401050,191.2594
2023-11-17 15:14:25.416670,171.1434
2023-11-17 15:14:25.432300,155.2103
2023-11-17 15:14:25.447930,144.6929
2023-11-17 15:14:25.463550,139.7343
2023-11-17 15:14:25.479180,138.828
2023-11-17 15:14:25.494800,138.2009
2023-11-17 15:14:25.510430,134.8626
2023-11-17 15:14:25.526050,128.6573
2023-11-17 15:14:25.541680,123.3624
2023-11-17 15:14:25.557310,121.5752
2023-11-17 15:14:25.572930,125.0357
2023-11-17 15:14:25.588560,134.1742
2023-11-17 15:14:25.604180,148.8928
2023-11-17 15:14:25.619810,168.1861
2023-11-17 15:14:25.635430,189.5159
2023-11-17 15:14:25.651060,209.5115
2023-11-17 15:14:25.666690,224.3022
2023-11-17 15:14:25.682310,230.5416
2023-11-17 15:14:25.697940,224.6308
2023-11-17 15:14:25.713560,204.0997
2023-11-17 15:14:25.729190,168.7191
2023-11-17 15:14:25.744810,120.9059
2023-11-17 15:14:25.760440,65.05762
2023-11-17 15:14:25.776070,6.276093
2023-11-17 15:14:25.791690,-51.02464
2023-11-17 15:14:25.807320,-103.9135
2023-11-17 15:14:25.822940,-151.1248
2023-11-17 15:14:25.838570,-193.0857
2023-11-17 15:14:25.854190,-231.1249
2023-11-17 15:14:25.869820,-267.1862
2023-11-17 15:14:25.885450,-303.5045
2023-11-17 15:14:25.901070,-342.0428
2023-11-17 15:14:25.916700,-384.0542
2023-11-17 15:14:25.932320,-429.0507
2023-11-17 15:14:25.947950,-474.1166
2023-11-17 15:14:25.963580,-514.0399
2023-11-17 15:14:25.979200,-542.5463
2023-11-17 15:14:25.994830,-554.3342
2023-11-17 15:14:26.010450,-547.0413
2023-11-17 15:14:26.026080,-522.0803
2023-11-17 15:14:26.041700,-483.957
2023-11-17 15:14:26.057330,-438.1832
2023-11-17 15:14:26.072960,-388.953
2023-11-17 15:14:26.088580,-337.9875
2023-11-17 15:14:26.104210,-284.5448
2023-11-17 15:14:26.119830,-227.0079
2023-11-17 15:14:26.135460,-164.7526
2023-11-17 15:14:26.151080,-99.04453
2023-11-17 15:14:26.166710,-32.98346
2023-11-17 15:14:26.182340,29.78302
2023-11-17 15:14:26.197960,86.28799
2023-11-17 15:14:26.213590,134.89
2023-11-17 15:14:26.229210,175.3079
2023-11-17 15:14:26.244840,208.3781
2023-11-17 15:14:26.260460,235.8557
2023-11-17 15:14:26.276090,260.2828
2023-11-17 15:14:26.291720,284.4565
2023-11-17 15:14:26.307340,310.4893
2023-11-17 15:14:26.322970,338.6424
2023-11-17 15:14:26.338590,365.9161
2023-11-17 15:14:26.354220,386.3527
2023-11-17 15:14:26.369840,392.5598
2023-11-17 15:14:26.385470,378.2594
2023-11-17 15:14:26.401100,340.8098
2023-11-17 15:14:26.416720,281.9373
2023-11-17 15:14:26.432350,207.1794
2023-11-17 15:14:26.447970,123.8022
2023-11-17 15:14:26.463600,38.99077
2023-11-17 15:14:26.479220,-41.31409
2023-11-17 15:14:26.494850,-112.6452
2023-11-17 15:14:26.510480,-172.2627
2023-11-17 15:14:26.526100,-219.5854
2023-11-17 15:14:26.541730,-256.9729
2023-11-17 15:14:26.557350,-289.5411
2023-11-17 15:14:26.572980,-323.4063
2023-11-17 15:14:26.588600,-362.9588
2023-11-17 15:14:26.604230,-407.8616
2023-11-17 15:14:26.619860,-452.1769
2023-11-17 15:14:26.635480,-486.1397
2023-11-17 15:14:26.651110,-500.0248
2023-11-17 15:14:26.666730,-488.278
2023-11-17 15:14:26.682360,-451.5839
2023-11-17 15:14:26.697980,-396.1856
2023-11-17 15:14:26.713610,-330.9569
2023-11-17 15:14:26.729240,-264.04
2023-11-17 15:14:26.744860,-200.6556
2023-11-17 15:14:26.760490,-142.88
2023-11-17 15:14:26.776110,-90.61637
2023-11-17 15:14:26.791740,-43.00007
2023-11-17 15:14:26.807360,1.012343
2023-11-17 15:14:26.822990,42.91142
2023-11-17 15:14:26.838620,84.53321
2023-11-17 15:14:26.854240,127.8544
2023-11-17 15:14:26.869870,173.8228
2023-11-17 15:14:26.885490,221.3182
2023-11-17 15:14:26.901120,267.1341
2023-11-17 15:14:26.916740,306.7847
2023-11-17 15:14:26.932370,336.3738
2023-11-17 15:14:26.948000,353.9624
2023-11-17 15:14:26.963620,360.0401
2023-11-17 15:14:26.979250,356.9368
2023-11-17 15:14:26.994870,347.6607
2023-11-17 15:14:27.010500,334.9287
2023-11-17 15:14:27.026120,320.7351
2023-11-17 15:14:27.041750,306.1285
2023-11-17 15:14:27.057380,291.5104
2023-11-17 15:14:27.073000,276.701
2023-11-17 15:14:27.088630,261.0908
2023-11-17 15:14:27.104250,244.1326
2023-11-17 15:14:27.119880,225.7009
2023-11-17 15:14:27.135500,206.3691
2023-11-17 15:14:27.151130,187.4004
2023-11-17 15:14:27.166760,170.0201
2023-11-17 15:14:27.182380,154.9048
2023-11-17 15:14:27.198010,141.9502
2023-11-17 15:14:27.213630,130.3956
2023-11-17 15:14:27.229260,119.3924
2023-11-17 15:14:27.244880,108.3482
2023-11-17 15:14:27.260510,96.83757
2023-11-17 15:14:27.276140,84.14647
2023-11-17 15:14:27.291760,68.58945
2023-11-17 15:14:27.307390,47.43419
2023-11-17 15:14:27.323010,17.41766
2023-11-17 15:14:27.338640,-24.35011
2023-11-17 15:14:27.354260,-78.80127
2023-11-17 15:14:27.369890,-143.6703
2023-11-17 15:14:27.385520,-212.9174
2023-11-17 15:14:27.401140,-277.0115
2023-11-17 15:14:27.416770,-324.9144
2023-11-17 15:14:27.448020,-338.7393
2023-11-17 15:14:27.463640,-302.8118
2023-11-17 15:14:27.479270,-249.5507
2023-11-17 15:14:27.494900,-193.7981
2023-11-17 15:14:27.510520,-149.8296
2023-11-17 15:14:27.526150,-126.1826
2023-11-17 15:14:27.541770,-123.1578
2023-11-17 15:14:27.557400,-133.7089
2023-11-17 15:14:27.573020,-147.4956
2023-11-17 15:14:27.588650,-156.0936
2023-11-17 15:14:27.604280,-155.9049
2023-11-17 15:14:27.619900,-148.1637
2023-11-17 15:14:27.635530,-136.2359
2023-11-17 15:14:27.651150,-122.3136
2023-11-17 15:14:27.666780,-106.0218
2023-11-17 15:14:27.682400,-85.36819
2023-11-17 15:14:27.698030,-59.19519
2023-11-17 15:14:27.713660,-29.27942
2023-11-17 15:14:27.729280,0.04129028
2023-11-17 15:14:27.744910,24.099
2023-11-17 15:14:27.760530,40.69681
2023-11-17 15:14:27.776160,51.4971
2023-11-17 15:14:27.791780,60.89377
2023-11-17 15:14:27.807410,73.38828
2023-11-17 15:14:27.823040,90.93073
2023-11-17 15:14:27.838660,111.7429
2023-11-17 15:14:27.854290,131.6224
2023-11-17 15:14:27.869910,146.4992
2023-11-17 15:14:27.885540,154.891
2023-11-17 15:14:27.901160,158.6561
2023-11-17 15:14:27.916790,161.6067
2023-11-17 15:14:27.932420,167.2909
2023-11-17 15:14:27.948040,177.2223
2023-11-17 15:14:27.963670,190.3819
2023-11-17 15:14:27.979290,204.1683
2023-11-17 15:14:27.994920,215.5578
2023-11-17 15:14:28.010540,221.6298
2023-11-17 15:14:28.026170,219.4912
2023-11-17 15:14:28.041800,205.9074
2023-11-17 15:14:28.057420,177.9391
2023-11-17 15:14:28.073050,134.4446
2023-11-17 15:14:28.088670,77.43686
2023-11-17 15:14:28.104300,12.79312
2023-11-17 15:14:28.119930,-51.14969
2023-11-17 15:14:28.135550,-106.0446
2023-11-17 15:14:28.151180,-146.1789
2023-11-17 15:14:28.166800,-169.8395
2023-11-17 15:14:28.182430,-178.6978
2023-11-17 15:14:28.198050,-176.2047
2023-11-17 15:14:28.213680,-165.9797
2023-11-17 15:14:28.229310,-150.8102
2023-11-17 15:14:28.244930,-132.7106
2023-11-17 15:14:28.260560,-113.0946
2023-11-17 15:14:28.276180,-92.5574
2023-11-17 15:14:28.291810,-70.78824
2023-11-17 15:14:28.307430,-46.56885
2023-11-17 15:14:28.323060,-18.32382
2023-11-17 15:14:28.338690,14.5174
2023-11-17 15:14:28.354310,50.85434
2023-11-17 15:14:28.369940,87.59152
2023-11-17 15:14:28.385560,120.4599
2023-11-17 15:14:28.401190,145.1935
2023-11-17 15:14:28.416810,158.4887
2023-11-17 15:14:28.432440,158.2469
2023-11-17 15:14:28.448070,143.5957
2023-11-17 15:14:28.463690,114.8782
2023-11-17 15:14:28.479320,74.36298
2023-11-17 15:14:28.494940,27.02811
2023-11-17 15:14:28.510570,-19.4025
2023-11-17 15:14:28.526190,-55.58328
2023-11-17 15:14:28.557450,-68.49768
2023-11-17 15:14:28.573070,-42.37399
2023-11-17 15:14:28.588700,-1.756622
2023-11-17 15:14:28.604320,44.16916
2023-11-17 15:14:28.619950,87.03232
2023-11-17 15:14:28.635570,121.9883
2023-11-17 15:14:28.651200,148.2521
2023-11-17 15:14:28.666830,167.6873
2023-11-17 15:14:28.682450,182.686
2023-11-17 15:14:28.698080,194.5419
2023-11-17 15:14:28.713700,203.3134
2023-11-17 15:14:28.729330,208.9999
2023-11-17 15:14:28.744950,212.7172
2023-11-17 15:14:28.760580,216.8827
2023-11-17 15:14:28.776210,224.3042
2023-11-17 15:14:28.791830,236.2445
2023-11-17 15:14:28.807460,251.2537
2023-11-17 15:14:28.823080,265.2551
2023-11-17 15:14:28.838710,272.6947
2023-11-17 15:14:28.854330,268.6418
2023-11-17 15:14:28.869960,250.4316
2023-11-17 15:14:28.885590,218.4477
2023-11-17 15:14:28.901210,175.511
2023-11-17 15:14:28.916840,125.7446
2023-11-17 15:14:28.932460,73.21431
2023-11-17 15:14:28.948090,21.07875
2023-11-17 15:14:28.963710,-29.02238
2023-11-17 15:14:28.979340,-76.67882
2023-11-17 15:14:28.994970,-122.421
2023-11-17 15:14:29.010590,-166.7469
2023-11-17 15:14:29.026220,-208.9507
2023-11-17 15:14:29.041840,-246.6001
2023-11-17 15:14:29.057470,-275.4746
2023-11-17 15:14:29.073090,-290.9424
2023-11-17 15:14:29.088720,-290.2837
2023-11-17 15:14:29.104350,-274.153
2023-11-17 15:14:29.119970,-246.8661
2023-11-17 15:14:29.135600,-214.8324
2023-11-17 15:14:29.151220,-183.6125
2023-11-17 15:14:29.166850,-155.5997
2023-11-17 15:14:29.182470,-129.4156
2023-11-17 15:14:29.198100,-101.3944
2023-11-17 15:14:29.213730,-68.48769
2023-11-17 15:14:29.229350,-30.38718
2023-11-17 15:14:29.244980,10.12827
2023-11-17 15:14:29.260600,48.8233
2023-11-17 15:14:29.276230,82.52003
2023-11-17 15:14:29.291850,110.6317
2023-11-17 15:14:29.307480,135.2093
2023-11-17 15:14:29.323110,159.2111
2023-11-17 15:14:29.338730,184.2802
2023-11-17 15:14:29.354360,209.2376
2023-11-17 15:14:29.369980,230.1198
2023-11-17 15:14:29.385610,241.5496
2023-11-17 15:14:29.401230,238.9012
2023-11-17 15:14:29.416860,220.0139
2023-11-17 15:14:29.432490,186.0732
2023-11-17 15:14:29.448110,141.1128
2023-11-17 15:14:29.463740,90.27669
2023-11-17 15:14:29.479360,38.19731
2023-11-17 15:14:29.494990,-12.55716
2023-11-17 15:14:29.510610,-61.68939
2023-11-17 15:14:29.526240,-110.5245
2023-11-17 15:14:29.541870,-161.1
2023-11-17 15:14:29.557490,-215.2589
2023-11-17 15:14:29.573120,-274.1716
2023-11-17 15:14:29.588740,-338.0211
2023-11-17 15:14:29.604370,-405.2787
2023-11-17 15:14:29.619990,-471.8127
2023-11-17 15:14:29.635620,-530.6219
2023-11-17 15:14:29.651250,-572.8467
2023-11-17 15:14:29.666870,-590.4664
2023-11-17 15:14:29.682500,-579.3487
2023-11-17 15:14:29.698120,-541.1053
2023-11-17 15:14:29.713750,-483.0727
2023-11-17 15:14:29.729370,-415.5306
2023-11-17 15:14:29.745000,-348.0575
2023-11-17 15:14:29.760630,-286.4448
2023-11-17 15:14:29.776250,-231.7492
2023-11-17 15:14:29.791880,-181.6298
2023-11-17 15:14:29.807500,-132.5874
2023-11-17 15:14:29.823130,-82.10472
2023-11-17 15:14:29.838750,-29.83377
2023-11-17 15:14:29.854380,22.3248
2023-11-17 15:14:29.870010,71.02382
2023-11-17 15:14:29.885630,112.4071
2023-11-17 15:14:29.901260,143.0694
2023-11-17 15:14:29.916880,160.8063
2023-11-17 15:14:29.932510,165.6239
2023-11-17 15:14:29.948130,160.4141
2023-11-17 15:14:29.963760,150.6066
2023-11-17 15:14:29.979390,143.1734
2023-11-17 15:14:29.995010,144.0496
2023-11-17 15:14:30.010640,155.7034
2023-11-17 15:14:30.026260,175.7931
2023-11-17 15:14:30.041890,197.9187
2023-11-17 15:14:30.057510,214.5706
2023-11-17 15:14:30.073140,220.4961
2023-11-17 15:14:30.088770,214.8282
2023-11-17 15:14:30.104390,200.9519
2023-11-17 15:14:30.120020,184.5163
2023-11-17 15:14:30.135640,170.4032
2023-11-17 15:14:30.151270,160.9399
2023-11-17 15:14:30.166890,155.5402
2023-11-17 15:14:30.182520,151.9439
2023-11-17 15:14:30.198150,147.7845
2023-11-17 15:14:30.213770,140.8979
2023-11-17 15:14:30.229400,129.3421
2023-11-17 15:14:30.245020,111.2822
2023-11-17 15:14:30.260650,85.80101
2023-11-17 15:14:30.276270,54.30276
2023-11-17 15:14:30.291900,21.08767
2023-11-17 15:14:30.307530,-7.504982
2023-11-17 15:14:30.323150,-25.58373
2023-11-17 15:14:30.338780,-30.63648
2023-11-17 15:14:30.354400,-24.812
2023-11-17 15:14:30.370030,-13.85504
2023-11-17 15:14:30.385650,-4.369736
2023-11-17 15:14:30.401280,-0.937767
2023-11-17 15:14:30.416910,-5.230972
2023-11-17 15:14:30.432530,-17.00781
2023-11-17 15:14:30.448160,-35.99251
2023-11-17 15:14:30.463780,-63.03106
2023-11-17 15:14:30.479410,-98.71597
2023-11-17 15:14:30.495030,-141.0206
2023-11-17 15:14:30.510660,-183.4767
2023-11-17 15:14:30.526290,-216.1508
2023-11-17 15:14:30.541910,-229.5545
2023-11-17 15:14:30.557540,-219.0668
2023-11-17 15:14:30.573160,-187.4542
2023-11-17 15:14:30.588790,-144.0025
2023-11-17 15:14:30.604410,-100.3117
2023-11-17 15:14:30.620040,-65.28093
2023-11-17 15:14:30.635670,-42.22812
2023-11-17 15:14:30.651290,-28.8418
2023-11-17 15:14:30.666920,-20.26574
2023-11-17 15:14:30.682540,-12.5146
2023-11-17 15:14:30.698170,-4.545807
2023-11-17 15:14:30.713790,1.502125
2023-11-17 15:14:30.729420,2.496578
2023-11-17 15:14:30.745050,-3.02894
2023-11-17 15:14:30.760670,-12.9896
2023-11-17 15:14:30.776300,-22.05869
2023-11-17 15:14:30.791920,-24.24615
2023-11-17 15:14:30.807550,-16.12557
2023-11-17 15:14:30.823180,1.010365
2023-11-17 15:14:30.838800,21.55104
2023-11-17 15:14:30.854430,38.86795
2023-11-17 15:14:30.870050,49.24913
2023-11-17 15:14:30.885680,53.95593
2023-11-17 15:14:30.901300,58.19042
2023-11-17 15:14:30.916930,67.15596
2023-11-17 15:14:30.932560,82.10284
2023-11-17 15:14:30.948180,98.75993
2023-11-17 15:14:30.963810,108.8047
2023-11-17 15:14:30.979430,104.2635
2023-11-17 15:14:30.995060,81.55289
2023-11-17 15:14:31.010680,43.18727
2023-11-17 15:14:31.026310,-3.524124
2023-11-17 15:14:31.041940,-49.81236
2023-11-17 15:14:31.057560,-88.56468
2023-11-17 15:14:31.073190,-115.7994
2023-11-17 15:14:31.088810,-130.7608
2023-11-17 15:14:31.104440,-134.5034
2023-11-17 15:14:31.120060,-128.6241
2023-11-17 15:14:31.135690,-114.5107
2023-11-17 15:14:31.151320,-93.04095
2023-11-17 15:14:31.166940,-65.28141
2023-11-17 15:14:31.182570,-33.03632
2023-11-17 15:14:31.198190,0.9271698
2023-11-17 15:14:31.213820,33.0126
2023-11-17 15:14:31.229440,59.97313
2023-11-17 15:14:31.245070,79.91309
2023-11-17 15:14:31.260700,93.00291
2023-11-17 15:14:31.276320,101.3638
2023-11-17 15:14:31.291950,107.8678
2023-11-17 15:14:31.307570,114.9283
2023-11-17 15:14:31.323200,123.566
2023-11-17 15:14:31.338820,132.8864
2023-11-17 15:14:31.354450,140.8014
2023-11-17 15:14:31.370080,144.9604
2023-11-17 15:14:31.385700,143.9312
2023-11-17 15:14:31.401330,138.0657
2023-11-17 15:14:31.416950,129.4395
2023-11-17 15:14:31.432580,121.0732
2023-11-17 15:14:31.448200,115.6447
2023-11-17 15:14:31.463830,114.1259
2023-11-17 15:14:31.479460,115.4309
2023-11-17 15:14:31.495080,117.0186
2023-11-17 15:14:31.510710,116.3585
2023-11-17 15:14:31.526330,112.3183
2023-11-17 15:14:31.541960,105.587
2023-11-17 15:14:31.557580,98.03076
2023-11-17 15:14:31.573210,91.55437
2023-11-17 15:14:31.588840,86.84328
2023-11-17 15:14:31.604460,83.75143
2023-11-17 15:14:31.620090,82.02731
2023-11-17 15:14:31.635710,82.23521
2023-11-17 15:14:31.651340,85.63829
2023-11-17 15:14:31.666960,92.71156
2023-11-17 15:14:31.682590,101.6148
2023-11-17 15:14:31.698220,107.6262
2023-11-17 15:14:31.713840,104.2968
2023-11-17 15:14:31.729470,86.50014
2023-11-17 15:14:31.745090,53.05133
2023-11-17 15:14:31.760720,7.821335
2023-11-17 15:14:31.776340,-41.62262
2023-11-17 15:14:31.791970,-87.29265
2023-11-17 15:14:31.807600,-123.8495
2023-11-17 15:14:31.823220,-150.0413
2023-11-17 15:14:31.838850,-168.2275
2023-11-17 15:14:31.854470,-181.8822
2023-11-17 15:14:31.870100,-193.4184
2023-11-17 15:14:31.885720,-203.1811
2023-11-17 15:14:31.901350,-209.9953
2023-11-17 15:14:31.916980,-212.5779
2023-11-17 15:14:31.932600,-210.6645
2023-11-17 15:14:31.948230,-205.0801
2023-11-17 15:14:31.979480,-185.8403
2023-11-17 15:14:31.995100,-170.2535
2023-11-17 15:14:32.010730,-147.3553
2023-11-17 15:14:32.026360,-115.1657
2023-11-17 15:14:32.041980,-74.3821
2023-11-17 15:14:32.057610,-28.93187
2023-11-17 15:14:32.073230,15.22342
2023-11-17 15:14:32.088860,52.18135
2023-11-17 15:14:32.104480,78.79421
2023-11-17 15:14:32.120110,95.74656
2023-11-17 15:14:32.135740,106.9758
2023-11-17 15:14:32.151360,117.6186
2023-11-17 15:14:32.166990,131.4686
2023-11-17 15:14:32.182610,149.4269
2023-11-17 15:14:32.198240,169.4052
2023-11-17 15:14:32.213860,187.1147
2023-11-17 15:14:32.229490,198.1424
2023-11-17 15:14:32.245120,199.4338
2023-11-17 15:14:32.260740,190.5514
2023-11-17 15:14:32.276370,173.855
2023-11-17 15:14:32.291990,153.5032
2023-11-17 15:14:32.307620,133.9901
2023-11-17 15:14:32.323240,118.3302
2023-11-17 15:14:32.338870,106.8116
2023-11-17 15:14:32.354500,97.07325
2023-11-17 15:14:32.370120,85.02159
2023-11-17 15:14:32.385750,66.19241
2023-11-17 15:14:32.401370,37.02027
2023-11-17 15:14:32.417000,-4.349831
2023-11-17 15:14:32.432620,-57.21796
2023-11-17 15:14:32.448250,-117.6074
2023-11-17 15:14:32.463880,-178.0995
2023-11-17 15:14:32.479500,-228.6319
2023-11-17 15:14:32.495130,-259.2068
2023-11-17 15:14:32.510750,-263.48
2023-11-17 15:14:32.526380,-241.9192
2023-11-17 15:14:32.542000,-202.5906
2023-11-17 15:14:32.557630,-158.8036
2023-11-17 15:14:32.573260,-124.5452
2023-11-17 15:14:32.588880,-110.0566
2023-11-17 15:14:32.604510,-119.4064
2023-11-17 15:14:32.620130,-150.7911
2023-11-17 15:14:32.635760,-198.6703
2023-11-17 15:14:32.651380,-255.7917
2023-11-17 15:14:32.667010,-314.2632
2023-11-17 15:14:32.682640,-365.4884
2023-11-17 15:14:32.698260,-400.3741
2023-11-17 15:14:32.713890,-411.0769
2023-11-17 15:14:32.729510,-393.1788
2023-11-17 15:14:32.745140,-348.0203
2023-11-17 15:14:32.760760,-282.7221
2023-11-17 15:14:32.776390,-207.9705
2023-11-17 15:14:32.792020,-134.2225
2023-11-17 15:14:32.807640,-68.32462
2023-11-17 15:14:32.823270,-12.14314
2023-11-17 15:14:32.838890,36.27306
2023-11-17 15:14:32.854520,80.11426
2023-11-17 15:14:32.870140,121.3702
2023-11-17 15:14:32.885770,159.9897
2023-11-17 15:14:32.901400,194.9301
2023-11-17 15:14:32.917020,225.4168
2023-11-17 15:14:32.932650,251.6105
2023-11-17 15:14:32.948270,273.7517
2023-11-17 15:14:32.963900,290.6731
2023-11-17 15:14:32.979520,299.4491
2023-11-17 15:14:32.995150,296.3813
2023-11-17 15:14:33.010780,279.2376
2023-11-17 15:14:33.026400,249.1301
2023-11-17 15:14:33.042030,210.7715
2023-11-17 15:14:33.057650,170.4621
2023-11-17 15:14:33.073280,133.4464
2023-11-17 15:14:33.088910,101.7175
2023-11-17 15:14:33.104530,74.54576
2023-11-17 15:14:33.120160,50.90906
2023-11-17 15:14:33.135780,32.15758
2023-11-17 15:14:33.151410,22.9054
2023-11-17 15:14:33.167030,28.90472
2023-11-17 15:14:33.182660,53.48605
2023-11-17 15:14:33.198290,94.26862
2023-11-17 15:14:33.213910,142.25
2023-11-17 15:14:33.229540,184.3252
2023-11-17 15:14:33.245160,208.404
2023-11-17 15:14:33.260790,208.5256
2023-11-17 15:14:33.276410,186.9545
2023-11-17 15:14:33.292040,152.0812
2023-11-17 15:14:33.307670,113.7798
2023-11-17 15:14:33.323290,78.95454
2023-11-17 15:14:33.338920,49.04951
2023-11-17 15:14:33.354540,21.44487
2023-11-17 15:14:33.370170,-7.619629
2023-11-17 15:14:33.385790,-38.263
2023-11-17 15:14:33.401420,-64.23691
2023-11-17 15:14:33.417050,-74.61833
2023-11-17 15:14:33.432670,-59.38646
2023-11-17 15:14:33.448300,-15.30469
2023-11-17 15:14:33.463920,51.44012
2023-11-17 15:14:33.479550,126.2294
2023-11-17 15:14:33.495170,191.2377
2023-11-17 15:14:33.510800,230.3502
2023-11-17 15:14:33.526430,235.2254
2023-11-17 15:14:33.542050,208.2799
2023-11-17 15:14:33.557680,160.3984
2023-11-17 15:14:33.573300,105.0758
2023-11-17 15:14:33.588930,52.64929
2023-11-17 15:14:33.604550,9.153305
2023-11-17 15:14:33.620180,-24.45766
2023-11-17 15:14:33.635810,-49.85557
2023-11-17 15:14:33.651430,-71.33875
2023-11-17 15:14:33.667060,-93.30949
2023-11-17 15:14:33.682680,-118.1796
2023-11-17 15:14:33.698310,-146.2946
2023-11-17 15:14:33.713930,-177.6756
2023-11-17 15:14:33.729560,-212.6753
2023-11-17 15:14:33.745190,-249.6861
2023-11-17 15:14:33.760810,-286.1053
2023-11-17 15:14:33.776440,-307.0218
2023-11-17 15:14:33.792060,-299.4367
2023-11-17 15:14:33.807690,-264.7085
2023-11-17 15:14:33.823310,-218.6565
2023-11-17 15:14:33.838940,-177.1079
2023-11-17 15:14:33.854570,-145.9642
2023-11-17 15:14:33.870190,-125.979
2023-11-17 15:14:33.885820,-108.2558
2023-11-17 15:14:33.901440,-86.6041
2023-11-17 15:14:33.917070,-58.7364
2023-11-17 15:14:33.932690,-27.32913
2023-11-17 15:14:33.948320,4.033894
2023-11-17 15:14:33.963950,34.73933
2023-11-17 15:14:33.979570,66.1039
2023-11-17 15:14:33.995200,100.3062
2023-11-17 15:14:34.010820,132.6258
2023-11-17 15:14:34.026450,156.6699
2023-11-17 15:14:34.042070,167.5109
2023-11-17 15:14:34.057700,164.9402
2023-11-17 15:14:34.073330,150.494
2023-11-17 15:14:34.088950,126.843
2023-11-17 15:14:34.104580,98.45096
2023-11-17 15:14:34.120200,70.76144
2023-11-17 15:14:34.135830,48.39668
2023-11-17 15:14:34.151450,33.28656
2023-11-17 15:14:34.167080,26.33174
2023-11-17 15:14:34.182710,26.80477
2023-11-17 15:14:34.198330,33.20591
2023-11-17 15:14:34.229580,49.34156
2023-11-17 15:14:34.245210,52.31856
2023-11-17 15:14:34.260830,48.16528
2023-11-17 15:14:34.276460,35.35078
2023-11-17 15:14:34.292090,13.87675
2023-11-17 15:14:34.307710,-12.72871
2023-11-17 15:14:34.323340,-39.19494
2023-11-17 15:14:34.338960,-60.34711
2023-11-17 15:14:34.354590,-73.38035
2023-11-17 15:14:34.370210,-77.2843
2023-11-17 15:14:34.385840,-72.68997
2023-11-17 15:14:34.401470,-61.02316
2023-11-17 15:14:34.417090,-43.47689
2023-11-17 15:14:34.432720,-20.82834
2023-11-17 15:14:34.448340,7.265041
2023-11-17 15:14:34.463970,40.1631
2023-11-17 15:14:34.479590,76.17919
2023-11-17 15:14:34.495220,110.1555
2023-11-17 15:14:34.510850,137.4779
2023-11-17 15:14:34.526470,155.1159
2023-11-17 15:14:34.542100,161.9395
2023-11-17 15:14:34.557720,158.95
2023-11-17 15:14:34.573350,145.539
2023-11-17 15:14:34.588970,124.8664
2023-11-17 15:14:34.604600,103.0751
2023-11-17 15:14:34.620230,86.22388
2023-11-17 15:14:34.635850,72.56816
2023-11-17 15:14:34.651480,58.65574
2023-11-17 15:14:34.667100,42.95436
2023-11-17 15:14:34.682730,25.00712
2023-11-17 15:14:34.698350,5.661255
2023-11-17 15:14:34.713980,-13.62541
2023-11-17 15:14:34.729610,-30.96161
2023-11-17 15:14:34.745230,-46.07444
2023-11-17 15:14:34.760860,-61.0928
2023-11-17 15:14:34.776480,-80.01418
2023-11-17 15:14:34.792110,-106.143
2023-11-17 15:14:34.807730,-141.4269
2023-11-17 15:14:34.823360,-185.7783
2023-11-17 15:14:34.838990,-236.7262
2023-11-17 15:14:34.854610,-289.1699
2023-11-17 15:14:34.870240,-336.0701
2023-11-17 15:14:34.885860,-370.4666
2023-11-17 15:14:34.901490,-387.2119
2023-11-17 15:14:34.917110,-384.2462
2023-11-17 15:14:34.932740,-362.2619
2023-11-17 15:14:34.948370,-325.156
2023-11-17 15:14:34.963990,-279.3775
2023-11-17 15:14:34.979620,-231.9032
2023-11-17 15:14:34.995240,-188.0745
2023-11-17 15:14:35.010870,-149.8845
2023-11-17 15:14:35.026490,-116.213
2023-11-17 15:14:35.042120,-84.10147
2023-11-17 15:14:35.057750,-50.38062
2023-11-17 15:14:35.073370,-12.37109
2023-11-17 15:14:35.089000,31.04478
2023-11-17 15:14:35.104620,79.52368
2023-11-17 15:14:35.120250,132.0087
2023-11-17 15:14:35.135870,187.3195
2023-11-17 15:14:35.151500,244.2993
2023-11-17 15:14:35.167130,300.89
2023-11-17 15:14:35.182750,353.6593
2023-11-17 15:14:35.198380,397.9028
2023-11-17 15:14:35.214000,428.6852
2023-11-17 15:14:35.229630,441.9153
2023-11-17 15:14:35.245250,435.5189
2023-11-17 15:14:35.260880,410.1212
2023-11-17 15:14:35.276510,369.0076
2023-11-17 15:14:35.307760,258.6929
2023-11-17 15:14:35.323380,198.3347
2023-11-17 15:14:35.339010,138.0254
2023-11-17 15:14:35.354640,78.60431
2023-11-17 15:14:35.370260,19.86589
2023-11-17 15:14:35.385890,-38.96216
2023-11-17 15:14:35.401510,-98.76093
2023-11-17 15:14:35.417140,-160.291
2023-11-17 15:14:35.432760,-223.6387
2023-11-17 15:14:35.448390,-287.3906
2023-11-17 15:14:35.464020,-347.9509
2023-11-17 15:14:35.479640,-399.6654
2023-11-17 15:14:35.495270,-435.9803
2023-11-17 15:14:35.510890,-451.5787
2023-11-17 15:14:35.526520,-444.2793
2023-11-17 15:14:35.542140,-416.0792
2023-11-17 15:14:35.557770,-372.4538
2023-11-17 15:14:35.573400,-320.532
2023-11-17 15:14:35.589020,-266.9288
2023-11-17 15:14:35.604650,-216.3191
2023-11-17 15:14:35.620270,-171.1555
2023-11-17 15:14:35.635900,-132.2561
2023-11-17 15:14:35.651520,-99.45579
2023-11-17 15:14:35.667150,-71.89401
2023-11-17 15:14:35.682780,-47.74086
2023-11-17 15:14:35.698400,-23.95118
2023-11-17 15:14:35.714030,3.1828
2023-11-17 15:14:35.729650,36.91674
2023-11-17 15:14:35.745280,78.31004
2023-11-17 15:14:35.760900,125.3556
2023-11-17 15:14:35.776530,173.4189
2023-11-17 15:14:35.792160,216.6199
2023-11-17 15:14:35.807780,250.0998
2023-11-17 15:14:35.823410,271.766
2023-11-17 15:14:35.839030,282.4508
2023-11-17 15:14:35.854660,285.0904
2023-11-17 15:14:35.870280,283.0204
2023-11-17 15:14:35.885910,278.4221
2023-11-17 15:14:35.901540,271.8877
2023-11-17 15:14:35.917160,262.6198
2023-11-17 15:14:35.932790,249.2642
2023-11-17 15:14:35.948410,230.6897
2023-11-17 15:14:35.964040,206.2041
2023-11-17 15:14:35.979660,175.9786
2023-11-17 15:14:35.995290,140.9647
2023-11-17 15:14:36.010920,103.1512
2023-11-17 15:14:36.026540,65.52926
2023-11-17 15:14:36.042170,31.75907
2023-11-17 15:14:36.057790,5.465958
2023-11-17 15:14:36.073420,-10.53585
2023-11-17 15:14:36.089040,-15.05186
2023-11-17 15:14:36.104670,-9.073502
2023-11-17 15:14:36.120300,4.333527
2023-11-17 15:14:36.135920,20.78703
2023-11-17 15:14:36.151550,36.16576
2023-11-17 15:14:36.167170,48.15693
2023-11-17 15:14:36.182800,57.26418
2023-11-17 15:14:36.198420,66.40721
2023-11-17 15:14:36.214050,78.88571
2023-11-17 15:14:36.229680,96.19829
2023-11-17 15:14:36.245300,116.2822
2023-11-17 15:14:36.260930,133.8088
2023-11-17 15:14:36.276550,142.1743
2023-11-17 15:14:36.292180,136.2924
2023-11-17 15:14:36.307800,114.78
2023-11-17 15:14:36.323430,80.37013
2023-11-17 15:14:36.339060,38.3047
2023-11-17 15:14:36.354680,-6.015007
2023-11-17 15:14:36.370310,-48.88363
2023-11-17 15:14:36.385930,-89.15601
2023-11-17 15:14:36.401560,-127.4367
2023-11-17 15:14:36.417180,-165.304
2023-11-17 15:14:36.432810,-204.4631
2023-11-17 15:14:36.448440,-246.5506
2023-11-17 15:14:36.464060,-293.3546
2023-11-17 15:14:36.479690,-346.0295
2023-11-17 15:14:36.495310,-403.9927
2023-11-17 15:14:36.510940,-463.6057
2023-11-17 15:14:36.526560,-517.892
2023-11-17 15:14:36.542190,-557.9177
2023-11-17 15:14:36.557820,-575.8085
2023-11-17 15:14:36.573440,-567.6216
2023-11-17 15:14:36.589070,-535.0941
2023-11-17 15:14:36.604690,-484.759
2023-11-17 15:14:36.620320,-425.0452
2023-11-17 15:14:36.635940,-363.0218
2023-11-17 15:14:36.651570,-302.2491
2023-11-17 15:14:36.667200,-243.0056
2023-11-17 15:14:36.682820,-184.0097
2023-11-17 15:14:36.698450,-124.7795
2023-11-17 15:14:36.714070,-66.82584
2023-11-17 15:14:36.729700,-13.25926
2023-11-17 15:14:36.745320,32.80914
2023-11-17 15:14:36.760950,70.15409
2023-11-17 15:14:36.776580,100.1892
2023-11-17 15:14:36.792200,126.3518
2023-11-17 15:14:36.807830,152.7251
2023-11-17 15:14:36.823450,182.6244
2023-11-17 15:14:36.839080,217.4983
2023-11-17 15:14:36.854700,256.7365
2023-11-17 15:14:36.870330,297.9984
2023-11-17 15:14:36.885960,337.7487
2023-11-17 15:14:36.901580,372.3085
2023-11-17 15:14:36.917210,398.7169
2023-11-17 15:14:36.932830,415.8768
2023-11-17 15:14:36.948460,425.3195
2023-11-17 15:14:36.964080,430.9119
2023-11-17 15:14:36.979710,437.5028
2023-11-17 15:14:36.995340,448.6583
2023-11-17 15:14:37.010960,464.4849
2023-11-17 15:14:37.026590,480.9498
2023-11-17 15:14:37.042210,490.8191
2023-11-17 15:14:37.057840,486.4304
2023-11-17 15:14:37.073460,462.5856
2023-11-17 15:14:37.089090,417.8369
2023-11-17 15:14:37.104720,354.2235
2023-11-17 15:14:37.120340,275.3672
2023-11-17 15:14:37.135970,184.8314
2023-11-17 15:14:37.151590,86.02888
2023-11-17 15:14:37.167220,-16.92924
2023-11-17 15:14:37.182840,-117.8911
2023-11-17 15:14:37.198470,-208.6937
2023-11-17 15:14:37.214100,-280.9215
2023-11-17 15:14:37.229720,-328.7758
2023-11-17 15:14:37.245350,-351.7224
2023-11-17 15:14:37.260970,-355.1355
2023-11-17 15:14:37.276600,-348.8544
2023-11-17 15:14:37.292220,-344.0412
2023-11-17 15:14:37.307850,-349.6485
2023-11-17 15:14:37.323480,-369.8007
2023-11-17 15:14:37.339100,-403.0152
2023-11-17 15:14:37.354730,-442.9283
2023-11-17 15:14:37.370350,-480.3293
2023-11-17 15:14:37.385980,-505.9286
2023-11-17 15:14:37.401600,-512.7162
2023-11-17 15:14:37.417230,-497.7907
2023-11-17 15:14:37.432860,-462.5523
2023-11-17 15:14:37.448480,-411.6519
2023-11-17 15:14:37.464110,-351.0869
2023-11-17 15:14:37.479730,-286.2357
2023-11-17 15:14:37.495360,-220.7219
2023-11-17 15:14:37.510980,-156.415
2023-11-17 15:14:37.526610,-94.07301
2023-11-17 15:14:37.542240,-34.25621
2023-11-17 15:14:37.557860,22.34666
2023-11-17 15:14:37.573490,75.063
2023-11-17 15:14:37.589110,123.1965
2023-11-17 15:14:37.604740,166.529
2023-11-17 15:14:37.620360,204.9988
2023-11-17 15:14:37.651620,267.1421
2023-11-17 15:14:37.667240,290.5934
2023-11-17 15:14:37.682870,308.8189
2023-11-17 15:14:37.698490,321.9661
2023-11-17 15:14:37.714120,330.7104
2023-11-17 15:14:37.729740,336.4245
2023-11-17 15:14:37.745370,340.9842
2023-11-17 15:14:37.761000,345.8897
2023-11-17 15:14:37.776620,351.1731
2023-11-17 15:14:37.792250,354.4087
2023-11-17 15:14:37.807870,350.8835
2023-11-17 15:14:37.823500,335.1322
2023-11-17 15:14:37.839120,303.3215
2023-11-17 15:14:37.854750,255.329
2023-11-17 15:14:37.870380,195.1329
2023-11-17 15:14:37.886000,129.733
2023-11-17 15:14:37.901630,66.45081
2023-11-17 15:14:37.917250,10.27087
2023-11-17 15:14:37.932880,-37.29547
2023-11-17 15:14:37.948510,-77.94769
2023-11-17 15:14:37.964130,-115.4137
2023-11-17 15:14:37.979760,-153.871
2023-11-17 15:14:37.995380,-196.7199
2023-11-17 15:14:38.011010,-245.3895
2023-11-17 15:14:38.026630,-298.309
2023-11-17 15:14:38.042260,-350.6548
2023-11-17 15:14:38.057890,-394.8309
2023-11-17 15:14:38.073510,-422.4335
2023-11-17 15:14:38.089140,-427.3554
2023-11-17 15:14:38.104760,-407.9091
2023-11-17 15:14:38.120390,-367.567
2023-11-17 15:14:38.136010,-313.415
2023-11-17 15:14:38.151640,-253.1725
2023-11-17 15:14:38.167270,-192.7192
2023-11-17 15:14:38.182890,-134.9264
2023-11-17 15:14:38.198520,-80.29895
2023-11-17 15:14:38.214140,-28.57166
2023-11-17 15:14:38.229770,20.06378
2023-11-17 15:14:38.245390,64.85559
2023-11-17 15:14:38.261020,105.2896
2023-11-17 15:14:38.276650,142.0168
2023-11-17 15:14:38.292270,176.8593
2023-11-17 15:14:38.307900,212.1109
2023-11-17 15:14:38.323520,249.19
2023-11-17 15:14:38.339150,287.6035
2023-11-17 15:14:38.354770,325.1757
2023-11-17 15:14:38.370400,358.6292
2023-11-17 15:14:38.386030,385.3171
2023-11-17 15:14:38.401650,404.4724
2023-11-17 15:14:38.417280,417.5775
2023-11-17 15:14:38.432900,427.6814
2023-11-17 15:14:38.448530,438.1488
2023-11-17 15:14:38.464150,451.1373
2023-11-17 15:14:38.479780,466.6529
2023-11-17 15:14:38.495410,482.4956
2023-11-17 15:14:38.511030,495.0074
2023-11-17 15:14:38.526660,500.3334
2023-11-17 15:14:38.542280,495.3034
2023-11-17 15:14:38.557910,478.0805
2023-11-17 15:14:38.573530,448.3086
2023-11-17 15:14:38.589160,406.9482
2023-11-17 15:14:38.604790,355.8358
2023-11-17 15:14:38.620410,297.1211
2023-11-17 15:14:38.636040,232.8356
2023-11-17 15:14:38.651660,164.7872
2023-11-17 15:14:38.667290,94.58334
2023-11-17 15:14:38.682910,23.93878
2023-11-17 15:14:38.698540,-45.2149
2023-11-17 15:14:38.714170,-111.1183
2023-11-17 15:14:38.729790,-172.4531
2023-11-17 15:14:38.745420,-228.8034
2023-11-17 15:14:38.761040,-280.5609
2023-11-17 15:14:38.776670,-328.3211
2023-11-17 15:14:38.792290,-372.615
2023-11-17 15:14:38.807920,-413.5575
2023-11-17 15:14:38.823550,-450.8037
2023-11-17 15:14:38.839170,-483.7577
2023-11-17 15:14:38.854800,-511.3511
2023-11-17 15:14:38.870420,-531.7374
2023-11-17 15:14:38.886050,-542.3873
2023-11-17 15:14:38.901670,-540.6216
2023-11-17 15:14:38.917300,-524.6492
2023-11-17 15:14:38.932930,-494.4729
2023-11-17 15:14:38.948550,-452.1342
2023-11-17 15:14:38.964180,-401.3324
2023-11-17 15:14:38.979800,-346.4127
2023-11-17 15:14:38.995430,-291.616
2023-11-17 15:14:39.011050,-240.5151
2023-11-17 15:14:39.026680,-195.5965
2023-11-17 15:14:39.042310,-158.0417
2023-11-17 15:14:39.057930,-127.2023
2023-11-17 15:14:39.073560,-100.6705
2023-11-17 15:14:39.089180,-75.26512
2023-11-17 15:14:39.104810,-48.49895
2023-11-17 15:14:39.120430,-19.59158
2023-11-17 15:14:39.136060,10.47607
2023-11-17 15:14:39.151690,40.38957
2023-11-17 15:14:39.167310,69.63455
2023-11-17 15:14:39.182940,98.86749
2023-11-17 15:14:39.198560,128.6576
2023-11-17 15:14:39.214190,157.6872
2023-11-17 15:14:39.229810,181.0424
2023-11-17 15:14:39.245440,191.6052
2023-11-17 15:14:39.261070,183.6716
2023-11-17 15:14:39.276690,157.1526
2023-11-17 15:14:39.292320,119.1643
2023-11-17 15:14:39.307940,80.5667
2023-11-17 15:14:39.323570,50.72964
2023-11-17 15:14:39.339190,32.95505
2023-11-17 15:14:39.354820,24.22092
2023-11-17 15:14:39.370450,17.74149
2023-11-17 15:14:39.386070,8.158752
2023-11-17 15:14:39.401700,-4.858429
2023-11-17 15:14:39.417320,-16.74298
2023-11-17 15:14:39.432950,-20.50885
2023-11-17 15:14:39.448570,-12.72891
2023-11-17 15:14:39.464200,4.94397
2023-11-17 15:14:39.479830,27.91452
2023-11-17 15:14:39.495450,53.45563
2023-11-17 15:14:39.511080,81.52136
2023-11-17 15:14:39.526700,113.8053
2023-11-17 15:14:39.542330,150.5972
2023-11-17 15:14:39.557950,188.4705
2023-11-17 15:14:39.573580,222.07
2023-11-17 15:14:39.589210,244.151
2023-11-17 15:14:39.604830,250.0601
2023-11-17 15:14:39.620460,241.1683
2023-11-17 15:14:39.636080,226.6516
2023-11-17 15:14:39.651710,217.9365
2023-11-17 15:14:39.667330,223.2665
2023-11-17 15:14:39.682960,243.94
2023-11-17 15:14:39.698590,273.6934
2023-11-17 15:14:39.714210,303.7991
2023-11-17 15:14:39.729840,322.8576
2023-11-17 15:14:39.745460,321.5919
2023-11-17 15:14:39.761090,296.1209
2023-11-17 15:14:39.776710,251.2589
2023-11-17 15:14:39.792340,195.9299
2023-11-17 15:14:39.807970,139.1512
2023-11-17 15:14:39.823590,87.26997
2023-11-17 15:14:39.839220,29.76222
2023-11-17 15:14:39.854840,-31.85417
2023-11-17 15:14:39.870470,-89.2117
2023-11-17 15:14:39.886090,-131.0517
2023-11-17 15:14:39.901720,-162.5869
2023-11-17 15:14:39.932970,-209.8347
2023-11-17 15:14:39.948600,-224.532
2023-11-17 15:14:39.964220,-228.9054
2023-11-17 15:14:39.979850,-219.1387
2023-11-17 15:14:39.995470,-190.8775
2023-11-17 15:14:40.011100,-145.4368
2023-11-17 15:14:40.026730,-90.45505
2023-11-17 15:14:40.042350,-38.46053
2023-11-17 15:14:40.057980,-0.7736359
2023-11-17 15:14:40.073600,13.93154
2023-11-17 15:14:40.089230,1.804771
2023-11-17 15:14:40.104860,-35.33038
2023-11-17 15:14:40.120480,-91.18529
2023-11-17 15:14:40.136110,-156.2884
2023-11-17 15:14:40.151730,-224.0686
2023-11-17 15:14:40.167360,-291.7327
2023-11-17 15:14:40.182980,-358.3452
2023-11-17 15:14:40.198610,-420.1075
2023-11-17 15:14:40.214240,-470.6674
2023-11-17 15:14:40.229860,-502.4546
2023-11-17 15:14:40.245490,-509.3913
2023-11-17 15:14:40.261110,-489.6797
2023-11-17 15:14:40.276740,-445.9185
2023-11-17 15:14:40.292360,-385.8048
2023-11-17 15:14:40.307990,-318.8266
2023-11-17 15:14:40.323620,-252.6785
2023-11-17 15:14:40.339240,-190.7162
2023-11-17 15:14:40.354870,-133.5983
2023-11-17 15:14:40.370490,-81.58267
2023-11-17 15:14:40.386120,-35.9508
2023-11-17 15:14:40.401740,1.400856
2023-11-17 15:14:40.417370,29.69649
2023-11-17 15:14:40.433000,49.51622
2023-11-17 15:14:40.448620,62.88326
2023-11-17 15:14:40.464250,72.24196
2023-11-17 15:14:40.479870,79.81276
2023-11-17 15:14:40.495500,86.39665
2023-11-17 15:14:40.511120,91.61511
2023-11-17 15:14:40.526750,94.8273
2023-11-17 15:14:40.542380,95.66315
2023-11-17 15:14:40.558000,94.40012
2023-11-17 15:14:40.573630,91.40616
2023-11-17 15:14:40.589250,87.04465
2023-11-17 15:14:40.604880,82.24431
2023-11-17 15:14:40.620500,79.25291
2023-11-17 15:14:40.636130,81.29968
2023-11-17 15:14:40.651760,91.26772
2023-11-17 15:14:40.667380,109.5771
2023-11-17 15:14:40.683010,132.9156
2023-11-17 15:14:40.698630,154.7868
2023-11-17 15:14:40.714260,167.8811
2023-11-17 15:14:40.729880,167.6548
2023-11-17 15:14:40.745510,154.9175
2023-11-17 15:14:40.761140,135.8081
2023-11-17 15:14:40.776760,119.0909
2023-11-17 15:14:40.792390,112.1604
2023-11-17 15:14:40.808010,117.9731
2023-11-17 15:14:40.823640,134.5053
2023-11-17 15:14:40.839260,156.0009
2023-11-17 15:14:40.854890,175.6953
2023-11-17 15:14:40.870520,187.7476
2023-11-17 15:14:40.886140,188.3378
2023-11-17 15:14:40.901770,175.8602
2023-11-17 15:14:40.917390,150.8293
2023-11-17 15:14:40.933020,115.9936
2023-11-17 15:14:40.948640,76.29147
2023-11-17 15:14:40.964270,37.90213
2023-11-17 15:14:40.979900,6.905273
2023-11-17 15:14:40.995520,-12.67065
2023-11-17 15:14:41.011150,-20.20935
2023-11-17 15:14:41.026770,-18.61606
2023-11-17 15:14:41.042400,-13.4762
2023-11-17 15:14:41.058020,-11.15894
2023-11-17 15:14:41.073650,-16.86942
2023-11-17 15:14:41.089280,-33.28873
2023-11-17 15:14:41.104900,-59.50854
2023-11-17 15:14:41.120530,-91.0867
2023-11-17 15:14:41.136150,-121.0102
2023-11-17 15:14:41.151780,-141.5706
2023-11-17 15:14:41.167400,-146.7256
2023-11-17 15:14:41.183030,-134.1054
2023-11-17 15:14:41.198660,-105.7161
2023-11-17 15:14:41.214280,-67.37851
2023-11-17 15:14:41.229910,-26.74005
2023-11-17 15:14:41.245530,9.024872
2023-11-17 15:14:41.261160,35.14786
2023-11-17 15:14:41.276780,50.21237
2023-11-17 15:14:41.292410,55.74033
2023-11-17 15:14:41.308040,54.95157
2023-11-17 15:14:41.323660,51.17004
2023-11-17 15:14:41.339290,46.16367
2023-11-17 15:14:41.354910,40.0531
2023-11-17 15:14:41.370540,31.72452
2023-11-17 15:14:41.386160,20.12384
2023-11-17 15:14:41.401790,5.235291
2023-11-17 15:14:41.417420,-11.73621
2023-11-17 15:14:41.433040,-28.72421
2023-11-17 15:14:41.448670,-43.40195
2023-11-17 15:14:41.464290,-53.95938
2023-11-17 15:14:41.479920,-59.19028
2023-11-17 15:14:41.495540,-58.86047
2023-11-17 15:14:41.511170,-54.07239
2023-11-17 15:14:41.526800,-47.20224
2023-11-17 15:14:41.542420,-41.76334
2023-11-17 15:14:41.558050,-41.3316
2023-11-17 15:14:41.573670,-48.05231
2023-11-17 15:14:41.589300,-62.01794
2023-11-17 15:14:41.604920,-80.93494
2023-11-17 15:14:41.620550,-101.1535
2023-11-17 15:14:41.636180,-119.0431
2023-11-17 15:14:41.651800,-132.0305
2023-11-17 15:14:41.667430,-138.7764
2023-11-17 15:14:41.683050,-138.5018
2023-11-17 15:14:41.698680,-130.2642
2023-11-17 15:14:41.714300,-113.0259
2023-11-17 15:14:41.729930,-86.09088
2023-11-17 15:14:41.745560,-50.0592
2023-11-17 15:14:41.761180,-7.415802
2023-11-17 15:14:41.776810,38.07068
2023-11-17 15:14:41.792430,81.74817
2023-11-17 15:14:41.808060,118.8888
2023-11-17 15:14:41.823680,145.7208
2023-11-17 15:14:41.839310,160.019
2023-11-17 15:14:41.854940,161.7032
2023-11-17 15:14:41.870560,153.0599
2023-11-17 15:14:41.886190,138.8244
2023-11-17 15:14:41.901810,125.5965
2023-11-17 15:14:41.917440,120.2165
2023-11-17 15:14:41.933060,126.7288
2023-11-17 15:14:41.948690,143.7882
2023-11-17 15:14:41.964320,163.9141
2023-11-17 15:14:41.979940,176.1229
2023-11-17 15:14:41.995570,170.3232
2023-11-17 15:14:42.011190,142.0086
2023-11-17 15:14:42.026820,94.89044
2023-11-17 15:14:42.042440,39.6394
2023-11-17 15:14:42.058070,-9.782471
2023-11-17 15:14:42.073700,-42.54095
2023-11-17 15:14:42.089320,-55.51349
2023-11-17 15:14:42.104950,-53.76721
2023-11-17 15:14:42.120570,-47.57629
2023-11-17 15:14:42.136200,-47.73596
2023-11-17 15:14:42.151820,-61.12592
2023-11-17 15:14:42.167450,-88.07666
2023-11-17 15:14:42.183080,-122.3368
2023-11-17 15:14:42.198700,-151.5023
2023-11-17 15:14:42.214330,-163.5511
2023-11-17 15:14:42.229950,-151.2432
2023-11-17 15:14:42.245580,-113.6912
2023-11-17 15:14:42.261200,-55.62445
2023-11-17 15:14:42.276830,13.70978
2023-11-17 15:14:42.292460,81.80609
2023-11-17 15:14:42.308080,135.4264
2023-11-17 15:14:42.323710,163.4689
2023-11-17 15:14:42.339330,163.7744
2023-11-17 15:14:42.354960,139.7693
2023-11-17 15:14:42.370580,98.96521
2023-11-17 15:14:42.386210,52.33484
2023-11-17 15:14:42.401840,13.03876
2023-11-17 15:14:42.417460,-8.112549
2023-11-17 15:14:42.433090,-7.988403
2023-11-17 15:14:42.448710,7.74292
2023-11-17 15:14:42.464340,26.37097
2023-11-17 15:14:42.479960,40.242
2023-11-17 15:14:42.495590,43.85272
2023-11-17 15:14:42.511220,34.65527
2023-11-17 15:14:42.526840,15.65646
2023-11-17 15:14:42.542470,-3.5289
2023-11-17 15:14:42.558090,-10.58679
2023-11-17 15:14:42.573720,3.262665
2023-11-17 15:14:42.589340,41.63678
2023-11-17 15:14:42.604970,102.2279
2023-11-17 15:14:42.620600,187.3154
2023-11-17 15:14:42.636220,293.9889
2023-11-17 15:14:42.651850,410.5987
2023-11-17 15:14:42.667470,520.0936
2023-11-17 15:14:42.683100,606.3724
2023-11-17 15:14:42.698720,658.0571
2023-11-17 15:14:42.714350,669.5977
2023-11-17 15:14:42.729980,644.5299
2023-11-17 15:14:42.745600,543.9166
2023-11-17 15:14:42.761230,367.8309
2023-11-17 15:14:42.776850,160.9475
2023-11-17 15:14:42.792480,-18.81888
2023-11-17 15:14:42.808110,-142.3332
2023-11-17 15:14:42.823730,-215.1576
2023-11-17 15:14:42.839360,-255.2323
2023-11-17 15:14:42.854980,-286.225
2023-11-17 15:14:42.870610,-316.709
2023-11-17 15:14:42.886230,-344.9717
2023-11-17 15:14:42.901860,-356.8689
2023-11-17 15:14:42.917490,-342.6611
2023-11-17 15:14:42.933110,-301.8592
2023-11-17 15:14:42.948740,-242.1476
2023-11-17 15:14:42.964360,-173.4791
2023-11-17 15:14:42.979990,-105.6895
2023-11-17 15:14:42.995610,-53.16121
2023-11-17 15:14:43.011240,-27.40149
2023-11-17 15:14:43.026870,-31.86781
2023-11-17 15:14:43.042490,-55.11963
2023-11-17 15:14:43.058120,-79.06129
2023-11-17 15:14:43.073740,-101.2779
2023-11-17 15:14:43.089370,-124.4521
2023-11-17 15:14:43.104990,-149.7029
2023-11-17 15:14:43.120620,-175.7002
2023-11-17 15:14:43.136250,-198.6331
2023-11-17 15:14:43.151870,-213.7662
2023-11-17 15:14:43.167500,-219.4093
2023-11-17 15:14:43.183120,-213.2475
2023-11-17 15:14:43.198750,-196.8867
2023-11-17 15:14:43.214370,-176.8822
2023-11-17 15:14:43.230000,-159.9651
2023-11-17 15:14:43.245630,-150.1433
2023-11-17 15:14:43.261250,-147.8374
2023-11-17 15:14:43.276880,-150.7288
2023-11-17 15:14:43.292500,-154.0726
2023-11-17 15:14:43.308130,-153.4465
2023-11-17 15:14:43.323750,-144.7396
2023-11-17 15:14:43.339380,-128.2383
2023-11-17 15:14:43.355010,-109.3804
2023-11-17 15:14:43.370630,-94.5403
2023-11-17 15:14:43.386260,-87.63624
2023-11-17 15:14:43.401880,-88.17207
2023-11-17 15:14:43.417510,-91.87113
2023-11-17 15:14:43.433130,-92.48279
2023-11-17 15:14:43.448760,-85.68327
2023-11-17 15:14:43.464390,-70.87349
2023-11-17 15:14:43.480010,-51.93127
2023-11-17 15:14:43.495640,-35.56149
2023-11-17 15:14:43.511260,-26.67165
2023-11-17 15:14:43.526890,-25.99604
2023-11-17 15:14:43.542510,-30.50033
2023-11-17 15:14:43.558140,-35.99339
2023-11-17 15:14:43.573770,-39.81474
2023-11-17 15:14:43.589390,-42.68041
2023-11-17 15:14:43.605020,-47.48533
2023-11-17 15:14:43.620640,-56.75527
2023-11-17 15:14:43.636270,-70.45918
2023-11-17 15:14:43.651890,-85.1461
2023-11-17 15:14:43.667520,-95.7231
2023-11-17 15:14:43.683150,-98.08237
2023-11-17 15:14:43.698770,-90.59682
2023-11-17 15:14:43.714400,-73.9306
2023-11-17 15:14:43.730020,-49.6228
2023-11-17 15:14:43.745650,-18.24269
2023-11-17 15:14:43.761270,21.4044
2023-11-17 15:14:43.776900,71.58914
2023-11-17 15:14:43.792530,134.0973
2023-11-17 15:14:43.808150,208.1297
2023-11-17 15:14:43.823780,289.1903
2023-11-17 15:14:43.839400,368.7261
2023-11-17 15:14:43.855030,436.0034
2023-11-17 15:14:43.870650,480.6495
2023-11-17 15:14:43.886280,495.9586
2023-11-17 15:14:43.901910,481.1164
2023-11-17 15:14:43.917530,441.1918
2023-11-17 15:14:43.933160,385.0695
2023-11-17 15:14:43.948780,321.9062
2023-11-17 15:14:43.964410,257.9452
2023-11-17 15:14:43.980030,195.8897
2023-11-17 15:14:43.995660,136.4249
2023-11-17 15:14:44.011290,80.49022
2023-11-17 15:14:44.026910,30.82086
2023-11-17 15:14:44.042540,-8.747589
2023-11-17 15:14:44.058160,-35.3826
2023-11-17 15:14:44.073790,-49.1003
2023-11-17 15:14:44.089410,-53.4151
2023-11-17 15:14:44.105040,-53.58714
2023-11-17 15:14:44.120670,-54.27216
2023-11-17 15:14:44.136290,-57.50043
2023-11-17 15:14:44.151920,-62.48311
2023-11-17 15:14:44.167540,-66.79398
2023-11-17 15:14:44.183170,-68.38925
2023-11-17 15:14:44.198790,-67.03964
2023-11-17 15:14:44.214420,-64.54795
2023-11-17 15:14:44.230050,-63.81534
2023-11-17 15:14:44.245670,-67.40383
2023-11-17 15:14:44.261300,-76.29887
2023-11-17 15:14:44.276920,-89.4339
2023-11-17 15:14:44.292550,-104.2564
2023-11-17 15:14:44.308170,-117.7518
2023-11-17 15:14:44.323800,-127.4532
2023-11-17 15:14:44.339430,-132.586
2023-11-17 15:14:44.355050,-133.8434
2023-11-17 15:14:44.370680,-133.014
2023-11-17 15:14:44.386300,-131.7769
2023-11-17 15:14:44.401930,-130.3327
2023-11-17 15:14:44.417550,-126.9116
2023-11-17 15:14:44.433180,-118.0027
2023-11-17 15:14:44.448810,-99.69192
2023-11-17 15:14:44.464430,-69.72192
2023-11-17 15:14:44.480060,-28.79144
2023-11-17 15:14:44.495680,19.2065
2023-11-17 15:14:44.511310,68.23032
2023-11-17 15:14:44.526930,111.6082
2023-11-17 15:14:44.542560,143.9144
2023-11-17 15:14:44.558190,161.7405
2023-11-17 15:14:44.573810,163.7616
2023-11-17 15:14:44.589440,149.7815
2023-11-17 15:14:44.605060,120.4621
2023-11-17 15:14:44.620690,77.79239
2023-11-17 15:14:44.636310,25.76873
2023-11-17 15:14:44.651940,-29.49639
2023-11-17 15:14:44.667570,-81.03704
2023-11-17 15:14:44.683190,-122.2843
2023-11-17 15:14:44.698820,-148.6241
2023-11-17 15:14:44.714440,-158.5638
2023-11-17 15:14:44.730070,-153.4772
2023-11-17 15:14:44.745690,-137.0648
2023-11-17 15:14:44.761320,-113.4985
2023-11-17 15:14:44.776950,-86.1356
2023-11-17 15:14:44.792570,-57.09466
2023-11-17 15:14:44.808200,-28.13067
2023-11-17 15:14:44.823820,-0.213089
2023-11-17 15:14:44.839450,25.99603
2023-11-17 15:14:44.855070,50.04883
2023-11-17 15:14:44.870700,71.58041
2023-11-17 15:14:44.886330,89.24529
2023-11-17 15:14:44.901950,101.8636
2023-11-17 15:14:44.917580,108.7789
2023-11-17 15:14:44.933200,109.9951
2023-11-17 15:14:44.948830,104.4842
2023-11-17 15:14:44.964460,92.27194
2023-11-17 15:14:44.980080,75.65115
2023-11-17 15:14:44.995710,58.6601
2023-11-17 15:14:45.011330,46.35522
2023-11-17 15:14:45.026960,41.02104
2023-11-17 15:14:45.042580,43.83638
2023-11-17 15:14:45.058210,55.19431
2023-11-17 15:14:45.073840,74.41109
2023-11-17 15:14:45.089460,96.30702
2023-11-17 15:14:45.105090,116.344
2023-11-17 15:14:45.120710,133.2965
2023-11-17 15:14:45.136340,148.774
2023-11-17 15:14:45.151960,166.1152
2023-11-17 15:14:45.167590,182.7355
2023-11-17 15:14:45.183220,194.5177
2023-11-17 15:14:45.198840,197.6794
2023-11-17 15:14:45.214470,188.7899
2023-11-17 15:14:45.230090,160.5547
2023-11-17 15:14:45.245720,110.0762
2023-11-17 15:14:45.261340,42.97359
2023-11-17 15:14:45.276970,-28.13268
2023-11-17 15:14:45.292600,-87.35756
2023-11-17 15:14:45.308220,-129.8367
2023-11-17 15:14:45.323850,-157.1297
2023-11-17 15:14:45.339470,-175.6273
2023-11-17 15:14:45.355100,-195.544
2023-11-17 15:14:45.370720,-233.8402
2023-11-17 15:14:45.386350,-301.057
2023-11-17 15:14:45.401980,-394.6563
2023-11-17 15:14:45.417600,-500.8778
2023-11-17 15:14:45.433230,-599.9307
2023-11-17 15:14:45.448850,-684.3886
2023-11-17 15:14:45.464480,-752.8093
2023-11-17 15:14:45.480100,-806.5554
2023-11-17 15:14:45.495730,-799.8565
2023-11-17 15:14:45.511360,-709.1788
2023-11-17 15:14:45.526980,-553.6246
2023-11-17 15:14:45.542610,-382.257
2023-11-17 15:14:45.573860,-176.8797
2023-11-17 15:14:45.589480,-114.037
2023-11-17 15:14:45.605110,-59.78325
2023-11-17 15:14:45.620740,1.035706
2023-11-17 15:14:45.636360,71.22411
2023-11-17 15:14:45.651990,140.8221
2023-11-17 15:14:45.667610,198.5985
2023-11-17 15:14:45.683240,239.1391
2023-11-17 15:14:45.698860,263.5426
2023-11-17 15:14:45.714490,278.3684
2023-11-17 15:14:45.730120,281.3519
2023-11-17 15:14:45.745740,270.4215
2023-11-17 15:14:45.761370,246.8525
2023-11-17 15:14:45.776990,213.9837
2023-11-17 15:14:45.792620,171.9323
2023-11-17 15:14:45.808240,122.5602
2023-11-17 15:14:45.823870,71.31532
2023-11-17 15:14:45.839500,25.36507
2023-11-17 15:14:45.855120,-7.234892
2023-11-17 15:14:45.870750,-27.41501
2023-11-17 15:14:45.886370,-36.6547
2023-11-17 15:14:45.902000,-34.36642
2023-11-17 15:14:45.917620,-19.43513
2023-11-17 15:14:45.933250,6.074114
2023-11-17 15:14:45.948880,40.02509
2023-11-17 15:14:45.964500,81.79968
2023-11-17 15:14:45.980130,131.8908
2023-11-17 15:14:45.995750,191.281
2023-11-17 15:14:46.011380,254.5123
2023-11-17 15:14:46.027000,314.3489
2023-11-17 15:14:46.042630,363.8806
2023-11-17 15:14:46.058260,397.154
2023-11-17 15:14:46.073880,409.3993
2023-11-17 15:14:46.089510,399.2387
2023-11-17 15:14:46.105130,369.8267
2023-11-17 15:14:46.120760,327.4579
2023-11-17 15:14:46.136380,279.7608
2023-11-17 15:14:46.152010,231.3908
2023-11-17 15:14:46.167640,185.5677
2023-11-17 15:14:46.183260,144.7376
2023-11-17 15:14:46.198890,110.311
2023-11-17 15:14:46.214510,82.42244
2023-11-17 15:14:46.230140,60.7668
2023-11-17 15:14:46.245760,45.37323
2023-11-17 15:14:46.261390,36.78336
2023-11-17 15:14:46.277020,35.84818
2023-11-17 15:14:46.292640,41.9841
2023-11-17 15:14:46.308270,53.25401
2023-11-17 15:14:46.323890,66.33224
2023-11-17 15:14:46.339520,76.11797
2023-11-17 15:14:46.355140,77.10132
2023-11-17 15:14:46.370770,64.5198
2023-11-17 15:14:46.386400,36.0301
2023-11-17 15:14:46.402020,-7.192802
2023-11-17 15:14:46.417650,-60.64016
2023-11-17 15:14:46.433270,-117.6463
2023-11-17 15:14:46.448900,-171.1523
2023-11-17 15:14:46.464520,-215.5648
2023-11-17 15:14:46.480150,-247.7269
2023-11-17 15:14:46.495780,-266.6832
2023-11-17 15:14:46.511400,-272.8336
2023-11-17 15:14:46.527030,-266.9293
2023-11-17 15:14:46.542650,-249.6035
2023-11-17 15:14:46.558280,-221.3451
2023-11-17 15:14:46.573900,-182.8876
2023-11-17 15:14:46.589530,-136.1168
2023-11-17 15:14:46.605160,-83.58408
2023-11-17 15:14:46.620780,-28.21014
2023-11-17 15:14:46.636410,27.65097
2023-11-17 15:14:46.652030,82.89165
2023-11-17 15:14:46.667660,137.269
2023-11-17 15:14:46.683280,190.5596
2023-11-17 15:14:46.698910,241.4606
2023-11-17 15:14:46.714540,287.2511
2023-11-17 15:14:46.730160,324.3789
2023-11-17 15:14:46.745790,349.7373
2023-11-17 15:14:46.761410,361.6662
2023-11-17 15:14:46.777040,360.3666
2023-11-17 15:14:46.792660,347.1897
2023-11-17 15:14:46.808290,323.7331
2023-11-17 15:14:46.823920,291.4452
2023-11-17 15:14:46.839540,251.3715
2023-11-17 15:14:46.855170,205.0278
2023-11-17 15:14:46.870790,154.4919
2023-11-17 15:14:46.886420,102.2762
2023-11-17 15:14:46.902040,50.57321
2023-11-17 15:14:46.917670,0.4045105
2023-11-17 15:14:46.933300,-48.51637
2023-11-17 15:14:46.948920,-97.34183
2023-11-17 15:14:46.964550,-147.1547
2023-11-17 15:14:46.980170,-197.892
2023-11-17 15:14:46.995800,-247.759
2023-11-17 15:14:47.011420,-293.4754
2023-11-17 15:14:47.027050,-330.9919
2023-11-17 15:14:47.042680,-356.817
2023-11-17 15:14:47.058300,-368.9401
2023-11-17 15:14:47.073930,-367.3167
2023-11-17 15:14:47.089550,-354.1583
2023-11-17 15:14:47.105180,-332.7712
2023-11-17 15:14:47.120800,-306.8043
2023-11-17 15:14:47.136430,-279.3439
2023-11-17 15:14:47.152060,-252.3009
2023-11-17 15:14:47.167680,-226.5605
2023-11-17 15:14:47.183310,-202.5853
2023-11-17 15:14:47.198930,-181.177
2023-11-17 15:14:47.214560,-163.8975
2023-11-17 15:14:47.230190,-152.6097
2023-11-17 15:14:47.245810,-148.2282
2023-11-17 15:14:47.261440,-149.2926
2023-11-17 15:14:47.277060,-151.1364
2023-11-17 15:14:47.292690,-146.9077
2023-11-17 15:14:47.308310,-129.9983
2023-11-17 15:14:47.323940,-97.13644
2023-11-17 15:14:47.339570,-50.73747
2023-11-17 15:14:47.355190,1.810577
2023-11-17 15:14:47.370820,50.64153
2023-11-17 15:14:47.386440,87.17471
2023-11-17 15:14:47.402070,106.8995
2023-11-17 15:14:47.417690,109.5936
2023-11-17 15:14:47.433320,97.83684
2023-11-17 15:14:47.448950,74.66203
2023-11-17 15:14:47.464570,42.11005
2023-11-17 15:14:47.480200,1.502441
2023-11-17 15:14:47.495820,-45.1673
2023-11-17 15:14:47.511450,-94.26593
2023-11-17 15:14:47.527070,-140.8739
2023-11-17 15:14:47.542700,-180.5056
2023-11-17 15:14:47.558330,-210.9747
2023-11-17 15:14:47.573950,-233.1131
2023-11-17 15:14:47.589580,-249.9453
2023-11-17 15:14:47.605200,-264.3045
2023-11-17 15:14:47.620830,-276.7509
2023-11-17 15:14:47.636450,-284.6793
2023-11-17 15:14:47.652080,-283.4194
2023-11-17 15:14:47.667710,-268.6979
2023-11-17 15:14:47.683330,-238.8768
2023-11-17 15:14:47.698960,-196.0903
2023-11-17 15:14:47.714580,-145.8071
2023-11-17 15:14:47.730210,-94.53717
2023-11-17 15:14:47.745830,-47.42048
2023-11-17 15:14:47.761460,-6.687466
2023-11-17 15:14:47.777090,28.80368
2023-11-17 15:14:47.792710,62.45345
2023-11-17 15:14:47.808340,98.21347
2023-11-17 15:14:47.839590,185.1845
2023-11-17 15:14:47.855210,234.2875
2023-11-17 15:14:47.870840,281.3427
2023-11-17 15:14:47.886470,319.8771
2023-11-17 15:14:47.902090,343.4857
2023-11-17 15:14:47.917720,347.4476
2023-11-17 15:14:47.933340,330.4479
2023-11-17 15:14:47.948970,295.2293
2023-11-17 15:14:47.964590,248.121
2023-11-17 15:14:47.980220,197.2379
2023-11-17 15:14:47.995850,149.9422
2023-11-17 15:14:48.011470,110.7171
2023-11-17 15:14:48.027100,80.46838
2023-11-17 15:14:48.042720,57.40378
2023-11-17 15:14:48.058350,39.22522
2023-11-17 15:14:48.073970,25.00168
2023-11-17 15:14:48.089600,15.64639
2023-11-17 15:14:48.105230,13.38785
2023-11-17 15:14:48.120850,20.31622
2023-11-17 15:14:48.136480,37.23264
2023-11-17 15:14:48.152100,63.10205
2023-11-17 15:14:48.167730,94.64874
2023-11-17 15:14:48.183350,126.8581
2023-11-17 15:14:48.198980,153.6288
2023-11-17 15:14:48.214610,168.7742
2023-11-17 15:14:48.230230,168.1395
2023-11-17 15:14:48.245860,151.4413
2023-11-17 15:14:48.261480,122.8654
2023-11-17 15:14:48.277110,89.74472
2023-11-17 15:14:48.292730,59.49609
2023-11-17 15:14:48.308360,36.31494
2023-11-17 15:14:48.323990,19.98755
2023-11-17 15:14:48.339610,6.945435
2023-11-17 15:14:48.355240,-6.187988
2023-11-17 15:14:48.370860,-19.89914
2023-11-17 15:14:48.386490,-31.16159
2023-11-17 15:14:48.402110,-35.41333
2023-11-17 15:14:48.417740,-29.96393
2023-11-17 15:14:48.433370,-15.84433
2023-11-17 15:14:48.448990,2.479156
2023-11-17 15:14:48.464620,19.47449
2023-11-17 15:14:48.480240,31.34949
2023-11-17 15:14:48.495870,37.40976
2023-11-17 15:14:48.511490,39.52762
2023-11-17 15:14:48.527120,40.53458
2023-11-17 15:14:48.542750,42.522
2023-11-17 15:14:48.558370,46.19632
2023-11-17 15:14:48.574000,51.15741
2023-11-17 15:14:48.589620,56.255
2023-11-17 15:14:48.605250,60.49631
2023-11-17 15:14:48.620870,63.71967
2023-11-17 15:14:48.636500,67.32599
2023-11-17 15:14:48.652130,74.77853
2023-11-17 15:14:48.667750,90.71161
2023-11-17 15:14:48.683380,119.0669
2023-11-17 15:14:48.699000,160.486
2023-11-17 15:14:48.714630,210.4553
2023-11-17 15:14:48.730250,260.0121
2023-11-17 15:14:48.745880,298.9177
2023-11-17 15:14:48.761510,319.7166
2023-11-17 15:14:48.777130,320.7829
2023-11-17 15:14:48.792760,306.2065
2023-11-17 15:14:48.808380,282.9128
2023-11-17 15:14:48.824010,256.8203
2023-11-17 15:14:48.839630,229.713
2023-11-17 15:14:48.855260,199.2318
2023-11-17 15:14:48.870890,160.8075
2023-11-17 15:14:48.886510,110.7908
2023-11-17 15:14:48.902140,49.03476
2023-11-17 15:14:48.917760,-20.40889
2023-11-17 15:14:48.933390,-90.08841
2023-11-17 15:14:48.949010,-151.0301
2023-11-17 15:14:48.964640,-195.3641
2023-11-17 15:14:48.980270,-218.3582
2023-11-17 15:14:48.995890,-219.8201
2023-11-17 15:14:49.011520,-204.6496
2023-11-17 15:14:49.027140,-181.8308
2023-11-17 15:14:49.042770,-162.0722
2023-11-17 15:14:49.058390,-154.6015
2023-11-17 15:14:49.074020,-164.2047
2023-11-17 15:14:49.089650,-190.3403
2023-11-17 15:14:49.105270,-228.02
2023-11-17 15:14:49.120900,-270.558
2023-11-17 15:14:49.136520,-312.5004
2023-11-17 15:14:49.152150,-350.925
2023-11-17 15:14:49.167770,-384.9368
2023-11-17 15:14:49.183400,-413.5214
2023-11-17 15:14:49.199030,-433.9344
2023-11-17 15:14:49.214650,-441.7001
2023-11-17 15:14:49.230280,-432.4135
2023-11-17 15:14:49.245900,-404.2133
2023-11-17 15:14:49.261530,-359.4081
2023-11-17 15:14:49.277150,-303.7447
2023-11-17 15:14:49.292780,-244.3948
2023-11-17 15:14:49.308410,-187.5091
2023-11-17 15:14:49.324030,-136.7444
2023-11-17 15:14:49.339660,-93.66989
2023-11-17 15:14:49.355280,-58.53867
2023-11-17 15:14:49.370910,-31.23846
2023-11-17 15:14:49.386530,-11.17029
2023-11-17 15:14:49.402160,3.364899
2023-11-17 15:14:49.417790,15.7001
2023-11-17 15:14:49.433410,30.43066
2023-11-17 15:14:49.449040,52.1104
2023-11-17 15:14:49.464660,82.69244
2023-11-17 15:14:49.480290,119.5953
2023-11-17 15:14:49.495910,155.5351
2023-11-17 15:14:49.511540,180.4486
2023-11-17 15:14:49.527170,185.5224
2023-11-17 15:14:49.542790,167.2602
2023-11-17 15:14:49.558420,129.685
2023-11-17 15:14:49.574040,83.29657
2023-11-17 15:14:49.589670,40.77744
2023-11-17 15:14:49.605290,11.95354
2023-11-17 15:14:49.620920,0.402298
2023-11-17 15:14:49.636550,3.325592
2023-11-17 15:14:49.652170,14.70027
2023-11-17 15:14:49.667800,28.98524
2023-11-17 15:14:49.683420,43.87997
2023-11-17 15:14:49.699050,60.40973
2023-11-17 15:14:49.714670,80.67468
2023-11-17 15:14:49.730300,105.6976
2023-11-17 15:14:49.745930,134.558
2023-11-17 15:14:49.761550,165.4674
2023-11-17 15:14:49.777180,197.3678
2023-11-17 15:14:49.792800,230.3511
2023-11-17 15:14:49.808430,264.5257
2023-11-17 15:14:49.824060,298.2983
2023-11-17 15:14:49.839680,327.2294
2023-11-17 15:14:49.855310,344.9236
2023-11-17 15:14:49.870930,345.6411
2023-11-17 15:14:49.886560,327.1724
2023-11-17 15:14:49.902180,292.14
2023-11-17 15:14:49.917810,246.949
2023-11-17 15:14:49.933440,198.894
2023-11-17 15:14:49.949060,152.9904
2023-11-17 15:14:49.964690,110.055
2023-11-17 15:14:49.980310,67.31406
2023-11-17 15:14:49.995940,21.03641
2023-11-17 15:14:50.011560,-29.88803
2023-11-17 15:14:50.027190,-81.58243
2023-11-17 15:14:50.042820,-125.5153
2023-11-17 15:14:50.058440,-151.5844
2023-11-17 15:14:50.074070,-152.7788
2023-11-17 15:14:50.089690,-129.2167
2023-11-17 15:14:50.105320,-88.91624
2023-11-17 15:14:50.120940,-45.08836
2023-11-17 15:14:50.136570,-11.24315
2023-11-17 15:14:50.152200,4.065918
2023-11-17 15:14:50.167820,-0.5018005
2023-11-17 15:14:50.183450,-20.10382
2023-11-17 15:14:50.199070,-46.8766
2023-11-17 15:14:50.214700,-73.21434
2023-11-17 15:14:50.230320,-93.47412
2023-11-17 15:14:50.245950,-103.9154
2023-11-17 15:14:50.261580,-102.4467
2023-11-17 15:14:50.277200,-88.9054
2023-11-17 15:14:50.292830,-66.08374
2023-11-17 15:14:50.308450,-39.99329
2023-11-17 15:14:50.324080,-18.47191
2023-11-17 15:14:50.339700,-8.541275
2023-11-17 15:14:50.355330,-13.832
2023-11-17 15:14:50.370960,-33.94542
2023-11-17 15:14:50.386580,-65.81789
2023-11-17 15:14:50.402210,-106.0305
2023-11-17 15:14:50.417830,-152.2038
2023-11-17 15:14:50.433460,-202.511
2023-11-17 15:14:50.449080,-254.0538
2023-11-17 15:14:50.464710,-301.97
2023-11-17 15:14:50.480340,-340.1428
2023-11-17 15:14:50.495960,-363.7316
2023-11-17 15:14:50.511590,-371.4323
2023-11-17 15:14:50.527210,-365.9025
2023-11-17 15:14:50.542840,-351.906
2023-11-17 15:14:50.558460,-333.1186
2023-11-17 15:14:50.574090,-309.8027
2023-11-17 15:14:50.589720,-279.412
2023-11-17 15:14:50.605340,-239.027
2023-11-17 15:14:50.620970,-188.2076
2023-11-17 15:14:50.636590,-130.3989
2023-11-17 15:14:50.652220,-71.68768
2023-11-17 15:14:50.667840,-18.15677
2023-11-17 15:14:50.683470,27.25339
2023-11-17 15:14:50.699100,65.91702
2023-11-17 15:14:50.714720,102.2703
2023-11-17 15:14:50.730350,140.2025
2023-11-17 15:14:50.745970,180.2979
2023-11-17 15:14:50.761600,218.8485
2023-11-17 15:14:50.777220,249.4923
2023-11-17 15:14:50.792850,265.9379
2023-11-17 15:14:50.808480,264.7853
2023-11-17 15:14:50.824100,247.2097
2023-11-17 15:14:50.839730,218.3088
2023-11-17 15:14:50.855350,185.55
2023-11-17 15:14:50.870980,155.8193
2023-11-17 15:14:50.886600,134.114
2023-11-17 15:14:50.902230,123.1792
2023-11-17 15:14:50.917860,123.8969
2023-11-17 15:14:50.933480,135.628
2023-11-17 15:14:50.949110,155.9308
2023-11-17 15:14:50.964730,181.1957
2023-11-17 15:14:50.980360,207.6751
2023-11-17 15:14:50.995980,232.9587
2023-11-17 15:14:51.011610,255.3077
2023-11-17 15:14:51.027240,274.0917
2023-11-17 15:14:51.042860,288.779
2023-11-17 15:14:51.058490,298.1112
2023-11-17 15:14:51.074110,299.7125
2023-11-17 15:14:51.089740,289.5194
2023-11-17 15:14:51.105360,265.8445
2023-11-17 15:14:51.120990,231.734
2023-11-17 15:14:51.136620,196.0539
2023-11-17 15:14:51.152240,167.0195
2023-11-17 15:14:51.167870,149.8823
2023-11-17 15:14:51.183490,145.3133
2023-11-17 15:14:51.199120,150.5027
2023-11-17 15:14:51.214740,161.1631
2023-11-17 15:14:51.230370,171.3506
2023-11-17 15:14:51.261620,182.1358
2023-11-17 15:14:51.277250,189.4191
2023-11-17 15:14:51.292870,200.1299
2023-11-17 15:14:51.308500,211.1799
2023-11-17 15:14:51.324120,218.3286
2023-11-17 15:14:51.339750,219.3613
2023-11-17 15:14:51.355380,213.8427
2023-11-17 15:14:51.371000,197.2446
2023-11-17 15:14:51.386630,165.0827
2023-11-17 15:14:51.402250,115.6671
2023-11-17 15:14:51.417880,55.12029
2023-11-17 15:14:51.433500,-14.63326
2023-11-17 15:14:51.449130,-91.70692
2023-11-17 15:14:51.464760,-173.5467
2023-11-17 15:14:51.480380,-255.2717
2023-11-17 15:14:51.496010,-332.3587
2023-11-17 15:14:51.511630,-408.0496
2023-11-17 15:14:51.527260,-486.5088
2023-11-17 15:14:51.542880,-568.28
2023-11-17 15:14:51.558510,-643.6223
2023-11-17 15:14:51.574140,-709.8833
2023-11-17 15:14:51.589760,-768.4477
2023-11-17 15:14:51.605390,-822.7693
2023-11-17 15:14:51.621010,-873.4363
2023-11-17 15:14:51.636640,-880.6998
2023-11-17 15:14:51.652260,-816.5897
2023-11-17 15:14:51.667890,-684.4246
2023-11-17 15:14:51.683520,-550.3708
2023-11-17 15:14:51.699140,-426.2364
2023-11-17 15:14:51.714770,-312.5113
2023-11-17 15:14:51.730390,-201.3151
2023-11-17 15:14:51.746020,-98.17778
2023-11-17 15:14:51.761640,-8.721558
2023-11-17 15:14:51.777270,64.61376
2023-11-17 15:14:51.792900,117.4013
2023-11-17 15:14:51.808520,148.415
2023-11-17 15:14:51.824150,160.6412
2023-11-17 15:14:51.839770,165.9753
2023-11-17 15:14:51.855400,167.7029
2023-11-17 15:14:51.871020,165.04
2023-11-17 15:14:51.886650,156.3481
2023-11-17 15:14:51.902280,144.4445
2023-11-17 15:14:51.917900,135.1465
2023-11-17 15:14:51.933530,131.684
2023-11-17 15:14:51.949150,136.2571
2023-11-17 15:14:51.964780,148.9819
2023-11-17 15:14:51.980400,174.0387
2023-11-17 15:14:51.996030,207.3113
2023-11-17 15:14:52.011660,240.0819
2023-11-17 15:14:52.027280,262.7872
2023-11-17 15:14:52.042910,269.9867
2023-11-17 15:14:52.058530,260.3556
2023-11-17 15:14:52.074160,235.1395
2023-11-17 15:14:52.089790,197.5253
2023-11-17 15:14:52.105410,150.2907
2023-11-17 15:14:52.121040,103.6967
2023-11-17 15:14:52.136660,66.772
2023-11-17 15:14:52.152290,44.78647
2023-11-17 15:14:52.167910,38.09488
2023-11-17 15:14:52.183540,43.50769
2023-11-17 15:14:52.199170,55.13522
2023-11-17 15:14:52.214790,68.50342
2023-11-17 15:14:52.230420,80.64902
2023-11-17 15:14:52.246040,85.83945
2023-11-17 15:14:52.261670,85.55743
2023-11-17 15:14:52.277290,83.509
2023-11-17 15:14:52.292920,80.43411
2023-11-17 15:14:52.308550,74.8504
2023-11-17 15:14:52.324170,65.9938
2023-11-17 15:14:52.339800,55.21707
2023-11-17 15:14:52.355420,50.47775
2023-11-17 15:14:52.371050,59.43704
2023-11-17 15:14:52.386670,78.95828
2023-11-17 15:14:52.402300,106.4757
2023-11-17 15:14:52.417930,140.282
2023-11-17 15:14:52.433550,176.4422
2023-11-17 15:14:52.449180,211.4285
