Datetime,valueBVP
2024-04-29 14:02:25.239420,19.59015
2024-04-29 14:02:25.255050,11.57544
2024-04-29 14:02:25.270670,0.7833481
2024-04-29 14:02:25.286300,-12.19759
2024-04-29 14:02:25.301920,-26.2037
2024-04-29 14:02:25.317550,-39.83198
2024-04-29 14:02:25.333180,-51.80886
2024-04-29 14:02:25.348800,-61.30449
2024-04-29 14:02:25.364430,-68.02155
2024-04-29 14:02:25.380050,-72.08918
2024-04-29 14:02:25.395680,-73.90247
2024-04-29 14:02:25.411300,-73.94441
2024-04-29 14:02:25.426930,-72.74266
2024-04-29 14:02:25.442560,-70.79073
2024-04-29 14:02:25.458180,-68.51819
2024-04-29 14:02:25.473810,-66.16582
2024-04-29 14:02:25.489430,-63.66993
2024-04-29 14:02:25.505060,-60.62954
2024-04-29 14:02:25.520680,-56.45366
2024-04-29 14:02:25.536310,-50.64715
2024-04-29 14:02:25.551940,-43.09723
2024-04-29 14:02:25.567560,-34.22969
2024-04-29 14:02:25.583190,-24.95859
2024-04-29 14:02:25.598810,-16.4131
2024-04-29 14:02:25.614440,-9.567586
2024-04-29 14:02:25.630060,-4.947436
2024-04-29 14:02:25.645690,-2.459857
2024-04-29 14:02:25.661320,-1.512273
2024-04-29 14:02:25.676940,-1.263498
2024-04-29 14:02:25.692570,-0.9196072
2024-04-29 14:02:25.708190,-0.001186371
2024-04-29 14:02:25.723820,1.583845
2024-04-29 14:02:25.739440,3.624516
2024-04-29 14:02:25.755070,5.79285
2024-04-29 14:02:25.770700,7.830572
2024-04-29 14:02:25.786320,9.638405
2024-04-29 14:02:25.801950,11.27389
2024-04-29 14:02:25.817570,12.82027
2024-04-29 14:02:25.833200,14.3152
2024-04-29 14:02:25.848820,15.67226
2024-04-29 14:02:25.864450,16.74072
2024-04-29 14:02:25.880080,17.43594
2024-04-29 14:02:25.895700,17.87464
2024-04-29 14:02:25.911330,18.37521
2024-04-29 14:02:25.926950,19.37364
2024-04-29 14:02:25.942580,21.20464
2024-04-29 14:02:25.958200,23.92839
2024-04-29 14:02:25.973830,27.29519
2024-04-29 14:02:25.989460,30.81892
2024-04-29 14:02:26.005080,33.95523
2024-04-29 14:02:26.020710,36.29087
2024-04-29 14:02:26.036330,37.65143
2024-04-29 14:02:26.051960,38.07873
2024-04-29 14:02:26.067580,37.78287
2024-04-29 14:02:26.083210,37.02592
2024-04-29 14:02:26.098840,35.99818
2024-04-29 14:02:26.114460,34.80141
2024-04-29 14:02:26.130090,33.41439
2024-04-29 14:02:26.145710,31.77376
2024-04-29 14:02:26.161340,29.80646
2024-04-29 14:02:26.176970,27.48918
2024-04-29 14:02:26.192590,24.83351
2024-04-29 14:02:26.208220,21.9007
2024-04-29 14:02:26.223840,18.78548
2024-04-29 14:02:26.239470,15.58246
2024-04-29 14:02:26.255090,12.4232
2024-04-29 14:02:26.270720,9.450394
2024-04-29 14:02:26.286350,6.811432
2024-04-29 14:02:26.301970,4.607925
2024-04-29 14:02:26.317600,2.814255
2024-04-29 14:02:26.333220,1.242096
2024-04-29 14:02:26.348850,-0.4327087
2024-04-29 14:02:26.364470,-2.543808
2024-04-29 14:02:26.380100,-5.300156
2024-04-29 14:02:26.395730,-8.612686
2024-04-29 14:02:26.411350,-12.0677
2024-04-29 14:02:26.426980,-14.94873
2024-04-29 14:02:26.442600,-16.43813
2024-04-29 14:02:26.458230,-15.84999
2024-04-29 14:02:26.473850,-12.86079
2024-04-29 14:02:26.489480,-7.639114
2024-04-29 14:02:26.505110,-0.8323059
2024-04-29 14:02:26.520730,6.591873
2024-04-29 14:02:26.536360,13.6553
2024-04-29 14:02:26.551980,19.60117
2024-04-29 14:02:26.567610,24.06941
2024-04-29 14:02:26.583230,27.08189
2024-04-29 14:02:26.598860,28.8526
2024-04-29 14:02:26.614490,29.6414
2024-04-29 14:02:26.630110,29.65132
2024-04-29 14:02:26.645740,29.06534
2024-04-29 14:02:26.661360,28.06532
2024-04-29 14:02:26.676990,26.95483
2024-04-29 14:02:26.692610,26.06615
2024-04-29 14:02:26.708240,25.6584
2024-04-29 14:02:26.723870,25.81769
2024-04-29 14:02:26.739490,26.38782
2024-04-29 14:02:26.755120,27.0661
2024-04-29 14:02:26.770740,27.53307
2024-04-29 14:02:26.786370,27.59534
2024-04-29 14:02:26.801990,27.22412
2024-04-29 14:02:26.817620,26.55875
2024-04-29 14:02:26.833250,25.81715
2024-04-29 14:02:26.848870,25.19421
2024-04-29 14:02:26.864500,24.81551
2024-04-29 14:02:26.880120,24.67525
2024-04-29 14:02:26.895750,24.65303
2024-04-29 14:02:26.911370,24.55533
2024-04-29 14:02:26.927000,24.1895
2024-04-29 14:02:26.942630,23.44583
2024-04-29 14:02:26.958250,22.32988
2024-04-29 14:02:26.973880,20.96764
2024-04-29 14:02:26.989500,19.5101
2024-04-29 14:02:27.005130,18.08742
2024-04-29 14:02:27.020750,16.71758
2024-04-29 14:02:27.036380,15.36182
2024-04-29 14:02:27.052010,13.97438
2024-04-29 14:02:27.067630,12.56633
2024-04-29 14:02:27.083260,11.25427
2024-04-29 14:02:27.098880,10.18994
2024-04-29 14:02:27.114510,9.444
2024-04-29 14:02:27.130130,8.937714
2024-04-29 14:02:27.145760,8.465332
2024-04-29 14:02:27.161390,7.827682
2024-04-29 14:02:27.177010,7.013412
2024-04-29 14:02:27.192640,6.298462
2024-04-29 14:02:27.208260,6.166321
2024-04-29 14:02:27.223890,7.097839
2024-04-29 14:02:27.239510,9.316147
2024-04-29 14:02:27.255140,12.63728
2024-04-29 14:02:27.270770,16.52759
2024-04-29 14:02:27.286390,20.29601
2024-04-29 14:02:27.302020,23.26556
2024-04-29 14:02:27.317640,24.79927
2024-04-29 14:02:27.333270,24.25135
2024-04-29 14:02:27.348890,20.91042
2024-04-29 14:02:27.364520,14.19836
2024-04-29 14:02:27.380150,3.993195
2024-04-29 14:02:27.395770,-9.049164
2024-04-29 14:02:27.411400,-23.37643
2024-04-29 14:02:27.427020,-36.86624
2024-04-29 14:02:27.442650,-47.41422
2024-04-29 14:02:27.458270,-53.55482
2024-04-29 14:02:27.473900,-54.81969
2024-04-29 14:02:27.489530,-51.68096
2024-04-29 14:02:27.505150,-45.16811
2024-04-29 14:02:27.520780,-36.46626
2024-04-29 14:02:27.536400,-26.63577
2024-04-29 14:02:27.552030,-16.55389
2024-04-29 14:02:27.567650,-6.985641
2024-04-29 14:02:27.583280,1.348846
2024-04-29 14:02:27.614530,12.16349
2024-04-29 14:02:27.630160,14.24198
2024-04-29 14:02:27.645780,14.3135
2024-04-29 14:02:27.661410,12.74868
2024-04-29 14:02:27.677030,9.914253
2024-04-29 14:02:27.692660,6.085403
2024-04-29 14:02:27.708290,1.492043
2024-04-29 14:02:27.723910,-3.60363
2024-04-29 14:02:27.739540,-8.825516
2024-04-29 14:02:27.755160,-13.69737
2024-04-29 14:02:27.770790,-17.83829
2024-04-29 14:02:27.786410,-21.11187
2024-04-29 14:02:27.802040,-23.7077
2024-04-29 14:02:27.817670,-26.04859
2024-04-29 14:02:27.833290,-28.57708
2024-04-29 14:02:27.848920,-31.56525
2024-04-29 14:02:27.864540,-34.99983
2024-04-29 14:02:27.880170,-38.65202
2024-04-29 14:02:27.895790,-42.20936
2024-04-29 14:02:27.911420,-45.38716
2024-04-29 14:02:27.927050,-47.95403
2024-04-29 14:02:27.942670,-49.66337
2024-04-29 14:02:27.958300,-50.23446
2024-04-29 14:02:27.973920,-49.39445
2024-04-29 14:02:27.989550,-46.97291
2024-04-29 14:02:28.005170,-42.97604
2024-04-29 14:02:28.020800,-37.56588
2024-04-29 14:02:28.036430,-30.94062
2024-04-29 14:02:28.052050,-23.2142
2024-04-29 14:02:28.067680,-14.40044
2024-04-29 14:02:28.083300,-4.527969
2024-04-29 14:02:28.098930,6.137074
2024-04-29 14:02:28.114550,16.99313
2024-04-29 14:02:28.130180,27.14954
2024-04-29 14:02:28.145810,35.66555
2024-04-29 14:02:28.161430,41.82464
2024-04-29 14:02:28.177060,45.32595
2024-04-29 14:02:28.192680,46.29452
2024-04-29 14:02:28.208310,45.14168
2024-04-29 14:02:28.223930,42.37996
2024-04-29 14:02:28.239560,38.46054
2024-04-29 14:02:28.255190,33.76798
2024-04-29 14:02:28.270810,28.60992
2024-04-29 14:02:28.286440,23.27688
2024-04-29 14:02:28.302060,18.04707
2024-04-29 14:02:28.317690,13.18022
2024-04-29 14:02:28.333310,8.913315
2024-04-29 14:02:28.348940,5.394817
2024-04-29 14:02:28.364570,2.654186
2024-04-29 14:02:28.380190,0.5517349
2024-04-29 14:02:28.395820,-1.167427
2024-04-29 14:02:28.411440,-2.778885
2024-04-29 14:02:28.427070,-4.497086
2024-04-29 14:02:28.442690,-6.333591
2024-04-29 14:02:28.458320,-8.126289
2024-04-29 14:02:28.473950,-9.636044
2024-04-29 14:02:28.489570,-10.71001
2024-04-29 14:02:28.505200,-11.41121
2024-04-29 14:02:28.520820,-11.99525
2024-04-29 14:02:28.536450,-12.79626
2024-04-29 14:02:28.552070,-14.06737
2024-04-29 14:02:28.567700,-15.8988
2024-04-29 14:02:28.583330,-18.16657
2024-04-29 14:02:28.598950,-20.58481
2024-04-29 14:02:28.614580,-22.77643
2024-04-29 14:02:28.630200,-24.32915
2024-04-29 14:02:28.645830,-24.83879
2024-04-29 14:02:28.661460,-23.96707
2024-04-29 14:02:28.677080,-21.53548
2024-04-29 14:02:28.692710,-17.60644
2024-04-29 14:02:28.708330,-12.54033
2024-04-29 14:02:28.723960,-6.904964
2024-04-29 14:02:28.739580,-1.330196
2024-04-29 14:02:28.755210,3.645718
2024-04-29 14:02:28.770840,7.689499
2024-04-29 14:02:28.786460,10.67847
2024-04-29 14:02:28.802090,12.6343
2024-04-29 14:02:28.817710,13.65682
2024-04-29 14:02:28.833340,13.8868
2024-04-29 14:02:28.848960,13.53028
2024-04-29 14:02:28.864590,12.85442
2024-04-29 14:02:28.880220,12.16244
2024-04-29 14:02:28.895840,11.70258
2024-04-29 14:02:28.911470,11.6078
2024-04-29 14:02:28.927090,11.82658
2024-04-29 14:02:28.942720,12.15935
2024-04-29 14:02:28.958340,12.36248
2024-04-29 14:02:28.973970,12.25019
2024-04-29 14:02:28.989600,11.78228
2024-04-29 14:02:29.005220,11.05606
2024-04-29 14:02:29.020850,10.24632
2024-04-29 14:02:29.036470,9.509922
2024-04-29 14:02:29.052100,8.934544
2024-04-29 14:02:29.067720,8.496334
2024-04-29 14:02:29.083350,8.068481
2024-04-29 14:02:29.098980,7.477802
2024-04-29 14:02:29.114600,6.564854
2024-04-29 14:02:29.130230,5.255318
2024-04-29 14:02:29.145850,3.591408
2024-04-29 14:02:29.161480,1.714298
2024-04-29 14:02:29.177100,-0.2126007
2024-04-29 14:02:29.192730,-2.045738
2024-04-29 14:02:29.208360,-3.755688
2024-04-29 14:02:29.223980,-5.436371
2024-04-29 14:02:29.239610,-7.24918
2024-04-29 14:02:29.255230,-9.363888
2024-04-29 14:02:29.270860,-11.85347
2024-04-29 14:02:29.286480,-14.63181
2024-04-29 14:02:29.302110,-17.41891
2024-04-29 14:02:29.317740,-19.74704
2024-04-29 14:02:29.333360,-21.06782
2024-04-29 14:02:29.348990,-20.91756
2024-04-29 14:02:29.364610,-19.08374
2024-04-29 14:02:29.380240,-15.70488
2024-04-29 14:02:29.395860,-11.23743
2024-04-29 14:02:29.411490,-6.309891
2024-04-29 14:02:29.427120,-1.503475
2024-04-29 14:02:29.442740,2.785683
2024-04-29 14:02:29.458370,6.383884
2024-04-29 14:02:29.473990,9.236721
2024-04-29 14:02:29.489620,11.30113
2024-04-29 14:02:29.505240,12.51628
2024-04-29 14:02:29.520870,12.85764
2024-04-29 14:02:29.536500,12.44118
2024-04-29 14:02:29.552120,11.52906
2024-04-29 14:02:29.567750,10.48158
2024-04-29 14:02:29.583370,9.617313
2024-04-29 14:02:29.599000,9.119938
2024-04-29 14:02:29.614620,8.983059
2024-04-29 14:02:29.630250,9.086735
2024-04-29 14:02:29.645880,9.271225
2024-04-29 14:02:29.661500,9.393864
2024-04-29 14:02:29.677130,9.337399
2024-04-29 14:02:29.692750,9.010723
2024-04-29 14:02:29.708380,8.339485
2024-04-29 14:02:29.724000,7.307827
2024-04-29 14:02:29.739630,5.990761
2024-04-29 14:02:29.755260,4.505501
2024-04-29 14:02:29.770880,2.978798
2024-04-29 14:02:29.786510,1.463665
2024-04-29 14:02:29.802130,-0.08198547
2024-04-29 14:02:29.817760,-1.730015
2024-04-29 14:02:29.833380,-3.507694
2024-04-29 14:02:29.849010,-5.337715
2024-04-29 14:02:29.864640,-7.077652
2024-04-29 14:02:29.880260,-8.600327
2024-04-29 14:02:29.895890,-9.903538
2024-04-29 14:02:29.911510,-11.14011
2024-04-29 14:02:29.927140,-12.56186
2024-04-29 14:02:29.942760,-14.38136
2024-04-29 14:02:29.958390,-16.63213
2024-04-29 14:02:29.974020,-19.06941
2024-04-29 14:02:29.989640,-21.21404
2024-04-29 14:02:30.005270,-22.47549
2024-04-29 14:02:30.020890,-22.34259
2024-04-29 14:02:30.036520,-20.5464
2024-04-29 14:02:30.052140,-17.16163
2024-04-29 14:02:30.067770,-12.61274
2024-04-29 14:02:30.083400,-7.535965
2024-04-29 14:02:30.099020,-2.605537
2024-04-29 14:02:30.114650,1.649349
2024-04-29 14:02:30.130270,4.938526
2024-04-29 14:02:30.145900,7.224228
2024-04-29 14:02:30.161520,8.625484
2024-04-29 14:02:30.177150,9.31192
2024-04-29 14:02:30.192780,9.458336
2024-04-29 14:02:30.208400,9.236317
2024-04-29 14:02:30.224030,8.856804
2024-04-29 14:02:30.239650,8.583954
2024-04-29 14:02:30.255280,8.664249
2024-04-29 14:02:30.270900,9.231709
2024-04-29 14:02:30.286530,10.21554
2024-04-29 14:02:30.302160,11.35685
2024-04-29 14:02:30.317780,12.3309
2024-04-29 14:02:30.333410,12.88042
2024-04-29 14:02:30.349030,12.93667
2024-04-29 14:02:30.364660,12.58885
2024-04-29 14:02:30.380280,12.00817
2024-04-29 14:02:30.395910,11.2948
2024-04-29 14:02:30.411540,10.40065
2024-04-29 14:02:30.427160,9.158554
2024-04-29 14:02:30.442790,7.418781
2024-04-29 14:02:30.458410,5.155815
2024-04-29 14:02:30.474040,2.52853
2024-04-29 14:02:30.489660,-0.1829758
2024-04-29 14:02:30.505290,-2.693161
2024-04-29 14:02:30.520920,-4.818558
2024-04-29 14:02:30.536540,-6.524075
2024-04-29 14:02:30.552170,-7.921535
2024-04-29 14:02:30.567790,-9.200787
2024-04-29 14:02:30.583420,-10.53215
2024-04-29 14:02:30.599040,-12.02215
2024-04-29 14:02:30.614670,-13.68665
2024-04-29 14:02:30.630300,-15.44326
2024-04-29 14:02:30.645920,-17.11489
2024-04-29 14:02:30.661550,-18.4165
2024-04-29 14:02:30.677170,-19.01288
2024-04-29 14:02:30.692800,-18.55817
2024-04-29 14:02:30.708420,-16.82509
2024-04-29 14:02:30.724050,-13.78436
2024-04-29 14:02:30.739680,-9.657021
2024-04-29 14:02:30.755300,-4.892981
2024-04-29 14:02:30.770930,-0.06336212
2024-04-29 14:02:30.786550,4.297241
2024-04-29 14:02:30.802180,7.802187
2024-04-29 14:02:30.817810,10.27408
2024-04-29 14:02:30.833430,11.73477
2024-04-29 14:02:30.849060,12.31913
2024-04-29 14:02:30.864680,12.1957
2024-04-29 14:02:30.880310,11.52951
2024-04-29 14:02:30.895930,10.4845
2024-04-29 14:02:30.911560,9.257479
2024-04-29 14:02:30.927190,8.082792
2024-04-29 14:02:30.942810,7.191341
2024-04-29 14:02:30.958440,6.755625
2024-04-29 14:02:30.974060,6.807283
2024-04-29 14:02:30.989690,7.246605
2024-04-29 14:02:31.005310,7.867619
2024-04-29 14:02:31.020940,8.449135
2024-04-29 14:02:31.036570,8.832701
2024-04-29 14:02:31.052190,8.938005
2024-04-29 14:02:31.067820,8.716549
2024-04-29 14:02:31.083440,8.133963
2024-04-29 14:02:31.099070,7.133516
2024-04-29 14:02:31.114690,5.690994
2024-04-29 14:02:31.130320,3.880331
2024-04-29 14:02:31.145950,1.878613
2024-04-29 14:02:31.161570,-0.07265472
2024-04-29 14:02:31.177200,-1.760906
2024-04-29 14:02:31.192820,-3.099997
2024-04-29 14:02:31.208450,-4.173515
2024-04-29 14:02:31.224070,-5.181728
2024-04-29 14:02:31.239700,-6.335636
2024-04-29 14:02:31.255330,-7.816246
2024-04-29 14:02:31.270950,-9.680834
2024-04-29 14:02:31.286580,-11.87597
2024-04-29 14:02:31.302200,-14.18817
2024-04-29 14:02:31.317830,-16.22801
2024-04-29 14:02:31.333450,-17.48842
2024-04-29 14:02:31.349080,-17.4826
2024-04-29 14:02:31.364710,-15.8981
2024-04-29 14:02:31.380330,-12.75996
2024-04-29 14:02:31.395960,-8.448458
2024-04-29 14:02:31.411580,-3.585367
2024-04-29 14:02:31.427210,1.161495
2024-04-29 14:02:31.442830,5.249205
2024-04-29 14:02:31.458460,8.377581
2024-04-29 14:02:31.474090,10.44696
2024-04-29 14:02:31.489710,11.48494
2024-04-29 14:02:31.505340,11.58974
2024-04-29 14:02:31.520960,10.9199
2024-04-29 14:02:31.536590,9.731688
2024-04-29 14:02:31.552210,8.355587
2024-04-29 14:02:31.567840,7.123199
2024-04-29 14:02:31.583470,6.285864
2024-04-29 14:02:31.599090,5.915237
2024-04-29 14:02:31.614720,5.888117
2024-04-29 14:02:31.630340,5.977516
2024-04-29 14:02:31.645970,5.951918
2024-04-29 14:02:31.661590,5.686373
2024-04-29 14:02:31.677220,5.18383
2024-04-29 14:02:31.692850,4.539808
2024-04-29 14:02:31.708470,3.862688
2024-04-29 14:02:31.724100,3.207623
2024-04-29 14:02:31.739720,2.567059
2024-04-29 14:02:31.755350,1.852102
2024-04-29 14:02:31.770970,0.9801254
2024-04-29 14:02:31.786600,-0.1184921
2024-04-29 14:02:31.802230,-1.453222
2024-04-29 14:02:31.817850,-2.975943
2024-04-29 14:02:31.833480,-4.592249
2024-04-29 14:02:31.849100,-6.192419
2024-04-29 14:02:31.864730,-7.682053
2024-04-29 14:02:31.880350,-9.018213
2024-04-29 14:02:31.895980,-10.25346
2024-04-29 14:02:31.911610,-11.51876
2024-04-29 14:02:31.927230,-12.94388
2024-04-29 14:02:31.942860,-14.53621
2024-04-29 14:02:31.958480,-16.09552
2024-04-29 14:02:31.974110,-17.18121
2024-04-29 14:02:31.989730,-17.26188
2024-04-29 14:02:32.005360,-15.92528
2024-04-29 14:02:32.020990,-13.0427
2024-04-29 14:02:32.036610,-8.872688
2024-04-29 14:02:32.052240,-3.950937
2024-04-29 14:02:32.067860,1.051937
2024-04-29 14:02:32.083490,5.542927
2024-04-29 14:02:32.099110,9.136652
2024-04-29 14:02:32.114740,11.67936
2024-04-29 14:02:32.130370,13.21242
2024-04-29 14:02:32.145990,13.87414
2024-04-29 14:02:32.161620,13.85238
2024-04-29 14:02:32.177240,13.329
2024-04-29 14:02:32.192870,12.50028
2024-04-29 14:02:32.208490,11.58491
2024-04-29 14:02:32.224120,10.77839
2024-04-29 14:02:32.239750,10.2354
2024-04-29 14:02:32.255370,9.993749
2024-04-29 14:02:32.271000,9.990768
2024-04-29 14:02:32.286620,10.07544
2024-04-29 14:02:32.302250,10.09565
2024-04-29 14:02:32.317870,9.934158
2024-04-29 14:02:32.333500,9.56043
2024-04-29 14:02:32.349130,9.019451
2024-04-29 14:02:32.364750,8.374736
2024-04-29 14:02:32.380380,7.678362
2024-04-29 14:02:32.396000,6.924673
2024-04-29 14:02:32.411630,6.072709
2024-04-29 14:02:32.427250,5.058019
2024-04-29 14:02:32.442880,3.819616
2024-04-29 14:02:32.458510,2.324583
2024-04-29 14:02:32.474130,0.5826778
2024-04-29 14:02:32.489760,-1.326034
2024-04-29 14:02:32.505380,-3.276032
2024-04-29 14:02:32.521010,-5.115409
2024-04-29 14:02:32.536630,-6.760206
2024-04-29 14:02:32.552260,-8.226273
2024-04-29 14:02:32.567890,-9.651094
2024-04-29 14:02:32.583510,-11.20443
2024-04-29 14:02:32.599140,-12.96752
2024-04-29 14:02:32.614760,-14.82881
2024-04-29 14:02:32.630390,-16.43143
2024-04-29 14:02:32.646010,-17.30025
2024-04-29 14:02:32.661640,-16.97183
2024-04-29 14:02:32.677270,-15.1992
2024-04-29 14:02:32.692890,-12.05431
2024-04-29 14:02:32.708520,-7.904394
2024-04-29 14:02:32.724140,-3.333179
2024-04-29 14:02:32.739770,1.021208
2024-04-29 14:02:32.755390,4.615686
2024-04-29 14:02:32.771020,7.102435
2024-04-29 14:02:32.786650,8.375644
2024-04-29 14:02:32.802270,8.546936
2024-04-29 14:02:32.817900,7.891629
2024-04-29 14:02:32.833520,6.768999
2024-04-29 14:02:32.849150,5.556588
2024-04-29 14:02:32.864770,4.567981
2024-04-29 14:02:32.880400,4.003372
2024-04-29 14:02:32.896030,3.919131
2024-04-29 14:02:32.911650,4.233332
2024-04-29 14:02:32.927280,4.798896
2024-04-29 14:02:32.942900,5.428835
2024-04-29 14:02:32.958530,5.972678
2024-04-29 14:02:32.974150,6.316245
2024-04-29 14:02:32.989780,6.417682
2024-04-29 14:02:33.005410,6.260392
2024-04-29 14:02:33.021030,5.874552
2024-04-29 14:02:33.036660,5.293944
2024-04-29 14:02:33.052280,4.582435
2024-04-29 14:02:33.067910,3.783835
2024-04-29 14:02:33.083530,2.917166
2024-04-29 14:02:33.099160,1.965082
2024-04-29 14:02:33.114790,0.8764286
2024-04-29 14:02:33.130410,-0.3866415
2024-04-29 14:02:33.146040,-1.799483
2024-04-29 14:02:33.161660,-3.224517
2024-04-29 14:02:33.177290,-4.503037
2024-04-29 14:02:33.192910,-5.516165
2024-04-29 14:02:33.208540,-6.285548
2024-04-29 14:02:33.224170,-6.986193
2024-04-29 14:02:33.239790,-7.890704
2024-04-29 14:02:33.255420,-9.220568
2024-04-29 14:02:33.271040,-11.0648
2024-04-29 14:02:33.286670,-13.28896
2024-04-29 14:02:33.302290,-15.54053
2024-04-29 14:02:33.317920,-17.32384
2024-04-29 14:02:33.333550,-18.11475
2024-04-29 14:02:33.349170,-17.49404
2024-04-29 14:02:33.364800,-15.28248
2024-04-29 14:02:33.380420,-11.63307
2024-04-29 14:02:33.396050,-7.01424
2024-04-29 14:02:33.411670,-2.126594
2024-04-29 14:02:33.427300,2.321732
2024-04-29 14:02:33.442930,5.799611
2024-04-29 14:02:33.458550,8.063786
2024-04-29 14:02:33.474180,9.147751
2024-04-29 14:02:33.489800,9.284651
2024-04-29 14:02:33.505430,8.759985
2024-04-29 14:02:33.521060,7.848648
2024-04-29 14:02:33.536680,6.778183
2024-04-29 14:02:33.552310,5.757214
2024-04-29 14:02:33.567930,4.977938
2024-04-29 14:02:33.583560,4.578604
2024-04-29 14:02:33.599180,4.617521
2024-04-29 14:02:33.614810,5.030182
2024-04-29 14:02:33.630440,5.652342
2024-04-29 14:02:33.646060,6.238031
2024-04-29 14:02:33.661690,6.567209
2024-04-29 14:02:33.677310,6.501369
2024-04-29 14:02:33.692940,6.033836
2024-04-29 14:02:33.708560,5.27533
2024-04-29 14:02:33.724190,4.401964
2024-04-29 14:02:33.739820,3.549906
2024-04-29 14:02:33.755440,2.76259
2024-04-29 14:02:33.771070,1.980362
2024-04-29 14:02:33.786690,1.06514
2024-04-29 14:02:33.802320,-0.06673622
2024-04-29 14:02:33.817940,-1.388987
2024-04-29 14:02:33.833570,-2.780865
2024-04-29 14:02:33.849200,-4.084204
2024-04-29 14:02:33.864820,-5.180548
2024-04-29 14:02:33.880450,-6.073402
2024-04-29 14:02:33.896070,-6.880932
2024-04-29 14:02:33.911700,-7.787617
2024-04-29 14:02:33.927320,-8.97765
2024-04-29 14:02:33.942950,-10.53658
2024-04-29 14:02:33.958580,-12.38593
2024-04-29 14:02:33.974200,-14.2758
2024-04-29 14:02:33.989830,-15.79656
2024-04-29 14:02:34.005450,-16.49629
2024-04-29 14:02:34.021080,-16.00297
2024-04-29 14:02:34.036700,-14.15652
2024-04-29 14:02:34.052330,-11.08594
2024-04-29 14:02:34.067960,-7.195633
2024-04-29 14:02:34.083580,-3.03849
2024-04-29 14:02:34.099210,0.8497772
2024-04-29 14:02:34.114830,4.05549
2024-04-29 14:02:34.130460,6.362915
2024-04-29 14:02:34.146080,7.717655
2024-04-29 14:02:34.161710,8.165524
2024-04-29 14:02:34.177340,7.826651
2024-04-29 14:02:34.192960,6.918888
2024-04-29 14:02:34.208590,5.705799
2024-04-29 14:02:34.224210,4.508146
2024-04-29 14:02:34.239840,3.615055
2024-04-29 14:02:34.255460,3.200817
2024-04-29 14:02:34.271090,3.300161
2024-04-29 14:02:34.286720,3.789576
2024-04-29 14:02:34.302340,4.448294
2024-04-29 14:02:34.317970,5.056831
2024-04-29 14:02:34.333590,5.452641
2024-04-29 14:02:34.349220,5.529451
2024-04-29 14:02:34.364840,5.248888
2024-04-29 14:02:34.380470,4.597565
2024-04-29 14:02:34.396100,3.589888
2024-04-29 14:02:34.411720,2.267723
2024-04-29 14:02:34.427350,0.7150841
2024-04-29 14:02:34.442970,-0.9571457
2024-04-29 14:02:34.458600,-2.638138
2024-04-29 14:02:34.474220,-4.231829
2024-04-29 14:02:34.489850,-5.702602
2024-04-29 14:02:34.505480,-7.06155
2024-04-29 14:02:34.521100,-8.353382
2024-04-29 14:02:34.536730,-9.62645
2024-04-29 14:02:34.552350,-10.88094
2024-04-29 14:02:34.567980,-12.1129
2024-04-29 14:02:34.583600,-13.35001
2024-04-29 14:02:34.599230,-14.67594
2024-04-29 14:02:34.614860,-16.17377
2024-04-29 14:02:34.630480,-17.84402
2024-04-29 14:02:34.646110,-19.46989
2024-04-29 14:02:34.661730,-20.61378
2024-04-29 14:02:34.677360,-20.7322
2024-04-29 14:02:34.692980,-19.38134
2024-04-29 14:02:34.708610,-16.45614
2024-04-29 14:02:34.724240,-12.27481
2024-04-29 14:02:34.739860,-7.467569
2024-04-29 14:02:34.755490,-2.754652
2024-04-29 14:02:34.771110,1.311657
2024-04-29 14:02:34.786740,4.440651
2024-04-29 14:02:34.802360,6.598955
2024-04-29 14:02:34.817990,7.866013
2024-04-29 14:02:34.833620,8.344048
2024-04-29 14:02:34.849240,8.140886
2024-04-29 14:02:34.864870,7.404074
2024-04-29 14:02:34.880490,6.371922
2024-04-29 14:02:34.896120,5.339051
2024-04-29 14:02:34.911740,4.603464
2024-04-29 14:02:34.927370,4.31842
2024-04-29 14:02:34.943000,4.48578
2024-04-29 14:02:34.958620,4.946561
2024-04-29 14:02:34.974250,5.485941
2024-04-29 14:02:34.989870,5.899432
2024-04-29 14:02:35.005500,6.080379
2024-04-29 14:02:35.021120,6.008613
2024-04-29 14:02:35.036750,5.694888
2024-04-29 14:02:35.052380,5.190322
2024-04-29 14:02:35.068000,4.493091
2024-04-29 14:02:35.083630,3.592855
2024-04-29 14:02:35.099250,2.437778
2024-04-29 14:02:35.114880,1.003509
2024-04-29 14:02:35.130500,-0.6927965
2024-04-29 14:02:35.146130,-2.537087
2024-04-29 14:02:35.161760,-4.351227
2024-04-29 14:02:35.177380,-5.943923
2024-04-29 14:02:35.193010,-7.166203
2024-04-29 14:02:35.208630,-8.031998
2024-04-29 14:02:35.224260,-8.682969
2024-04-29 14:02:35.239880,-9.376321
2024-04-29 14:02:35.255510,-10.37598
2024-04-29 14:02:35.271140,-11.8477
2024-04-29 14:02:35.286760,-13.76146
2024-04-29 14:02:35.302390,-15.8981
2024-04-29 14:02:35.318010,-17.84403
2024-04-29 14:02:35.333640,-19.10896
2024-04-29 14:02:35.349260,-19.23312
2024-04-29 14:02:35.364890,-17.9019
2024-04-29 14:02:35.380520,-15.04106
2024-04-29 14:02:35.396140,-10.86607
2024-04-29 14:02:35.411770,-5.842852
2024-04-29 14:02:35.427390,-0.5869799
2024-04-29 14:02:35.443020,4.259512
2024-04-29 14:02:35.458640,8.175178
2024-04-29 14:02:35.474270,10.85442
2024-04-29 14:02:35.489900,12.24395
2024-04-29 14:02:35.505520,12.52349
2024-04-29 14:02:35.521150,12.03941
2024-04-29 14:02:35.536770,11.17905
2024-04-29 14:02:35.552400,10.29404
2024-04-29 14:02:35.568020,9.631268
2024-04-29 14:02:35.583650,9.304775
2024-04-29 14:02:35.599280,9.310295
2024-04-29 14:02:35.614900,9.564806
2024-04-29 14:02:35.630530,9.941702
2024-04-29 14:02:35.646150,10.32971
2024-04-29 14:02:35.661780,10.64574
2024-04-29 14:02:35.677410,10.8042
2024-04-29 14:02:35.693030,10.75006
2024-04-29 14:02:35.708660,10.42049
2024-04-29 14:02:35.724280,9.770916
2024-04-29 14:02:35.739910,8.794216
2024-04-29 14:02:35.755530,7.528015
2024-04-29 14:02:35.771160,6.032747
2024-04-29 14:02:35.786790,4.389774
2024-04-29 14:02:35.802410,2.701931
2024-04-29 14:02:35.818040,1.042763
2024-04-29 14:02:35.833660,-0.5193596
2024-04-29 14:02:35.849290,-1.952179
2024-04-29 14:02:35.864910,-3.261093
2024-04-29 14:02:35.880540,-4.494339
2024-04-29 14:02:35.896170,-5.716125
2024-04-29 14:02:35.911790,-6.989689
2024-04-29 14:02:35.927420,-8.374779
2024-04-29 14:02:35.943040,-9.898731
2024-04-29 14:02:35.958670,-11.60135
2024-04-29 14:02:35.974290,-13.45974
2024-04-29 14:02:35.989920,-15.36321
2024-04-29 14:02:36.005550,-17.03334
2024-04-29 14:02:36.021170,-18.03658
2024-04-29 14:02:36.036800,-17.84749
2024-04-29 14:02:36.052420,-16.04862
2024-04-29 14:02:36.068050,-12.53502
2024-04-29 14:02:36.083670,-7.598694
2024-04-29 14:02:36.099300,-1.882923
2024-04-29 14:02:36.114930,3.830936
2024-04-29 14:02:36.130550,8.883289
2024-04-29 14:02:36.146180,12.87236
2024-04-29 14:02:36.161800,15.67521
2024-04-29 14:02:36.177430,17.35066
2024-04-29 14:02:36.193050,18.05057
2024-04-29 14:02:36.208680,17.93225
2024-04-29 14:02:36.224310,17.22573
2024-04-29 14:02:36.239930,16.22784
2024-04-29 14:02:36.255560,15.33074
2024-04-29 14:02:36.271180,14.91025
2024-04-29 14:02:36.286810,15.194
2024-04-29 14:02:36.302430,16.23038
2024-04-29 14:02:36.318060,17.84558
2024-04-29 14:02:36.333690,19.74153
2024-04-29 14:02:36.349310,21.61032
2024-04-29 14:02:36.364940,23.23008
2024-04-29 14:02:36.380560,24.48847
2024-04-29 14:02:36.396190,25.38989
2024-04-29 14:02:36.411810,25.99125
2024-04-29 14:02:36.427440,26.34622
2024-04-29 14:02:36.443070,26.50166
2024-04-29 14:02:36.458690,26.45223
2024-04-29 14:02:36.474320,26.18898
2024-04-29 14:02:36.489940,25.72168
2024-04-29 14:02:36.505570,25.13852
2024-04-29 14:02:36.521190,24.55486
2024-04-29 14:02:36.536820,24.14715
2024-04-29 14:02:36.552450,24.06591
2024-04-29 14:02:36.568070,24.39484
2024-04-29 14:02:36.583700,25.15047
2024-04-29 14:02:36.599320,26.2282
2024-04-29 14:02:36.614950,27.46969
2024-04-29 14:02:36.630570,28.70971
2024-04-29 14:02:36.646200,29.86878
2024-04-29 14:02:36.661830,30.96129
2024-04-29 14:02:36.677450,32.08784
2024-04-29 14:02:36.693080,33.33076
2024-04-29 14:02:36.708700,34.59763
2024-04-29 14:02:36.724330,35.56956
2024-04-29 14:02:36.739950,35.67453
2024-04-29 14:02:36.755580,34.28111
2024-04-29 14:02:36.771210,30.91573
2024-04-29 14:02:36.786830,25.46387
2024-04-29 14:02:36.802460,18.24092
2024-04-29 14:02:36.818080,9.898465
2024-04-29 14:02:36.833710,1.205888
2024-04-29 14:02:36.849330,-7.20645
2024-04-29 14:02:36.864960,-14.98094
2024-04-29 14:02:36.880590,-22.08555
2024-04-29 14:02:36.896210,-28.67966
2024-04-29 14:02:36.911840,-34.93372
2024-04-29 14:02:36.927460,-40.88887
2024-04-29 14:02:36.943090,-46.38964
2024-04-29 14:02:36.958710,-51.15408
2024-04-29 14:02:36.974340,-54.89331
2024-04-29 14:02:36.989970,-57.47185
2024-04-29 14:02:37.005590,-58.96396
2024-04-29 14:02:37.021220,-59.6772
2024-04-29 14:02:37.036840,-59.99935
2024-04-29 14:02:37.052470,-60.29396
2024-04-29 14:02:37.068090,-60.76807
2024-04-29 14:02:37.083720,-61.39523
2024-04-29 14:02:37.099350,-61.93839
2024-04-29 14:02:37.114970,-61.98639
2024-04-29 14:02:37.130600,-61.06308
2024-04-29 14:02:37.146220,-58.67829
2024-04-29 14:02:37.161850,-54.46284
2024-04-29 14:02:37.177470,-48.23449
2024-04-29 14:02:37.193100,-40.12648
2024-04-29 14:02:37.208730,-30.64695
2024-04-29 14:02:37.224350,-20.61091
2024-04-29 14:02:37.239980,-11.02453
2024-04-29 14:02:37.255600,-2.868721
2024-04-29 14:02:37.271230,3.129372
2024-04-29 14:02:37.286850,6.635971
2024-04-29 14:02:37.302480,7.749128
2024-04-29 14:02:37.318110,6.904984
2024-04-29 14:02:37.333730,4.696871
2024-04-29 14:02:37.349360,1.677322
2024-04-29 14:02:37.364980,-1.746252
2024-04-29 14:02:37.380610,-5.333399
2024-04-29 14:02:37.396230,-8.879897
2024-04-29 14:02:37.411860,-12.08927
2024-04-29 14:02:37.427490,-14.50291
2024-04-29 14:02:37.443110,-15.59117
2024-04-29 14:02:37.458740,-14.90488
2024-04-29 14:02:37.474360,-12.29327
2024-04-29 14:02:37.489990,-8.016807
2024-04-29 14:02:37.505610,-2.686708
2024-04-29 14:02:37.521240,2.899956
2024-04-29 14:02:37.536870,7.998666
2024-04-29 14:02:37.552490,12.09019
2024-04-29 14:02:37.568120,14.93202
2024-04-29 14:02:37.583740,16.51599
2024-04-29 14:02:37.599370,16.96509
2024-04-29 14:02:37.614990,16.47924
2024-04-29 14:02:37.630620,15.2961
2024-04-29 14:02:37.646250,13.73906
2024-04-29 14:02:37.661870,12.17886
2024-04-29 14:02:37.677500,10.99114
2024-04-29 14:02:37.693120,10.45622
2024-04-29 14:02:37.708750,10.67678
2024-04-29 14:02:37.724370,11.55421
2024-04-29 14:02:37.740000,12.83969
2024-04-29 14:02:37.755630,14.19669
2024-04-29 14:02:37.771250,15.32151
2024-04-29 14:02:37.786880,16.00146
2024-04-29 14:02:37.802500,16.13699
2024-04-29 14:02:37.818130,15.69034
2024-04-29 14:02:37.833750,14.67401
2024-04-29 14:02:37.849380,13.13391
2024-04-29 14:02:37.865010,11.14275
2024-04-29 14:02:37.880630,8.856094
2024-04-29 14:02:37.896260,6.476803
2024-04-29 14:02:37.911880,4.222086
2024-04-29 14:02:37.927510,2.271896
2024-04-29 14:02:37.943140,0.6978283
2024-04-29 14:02:37.958760,-0.561348
2024-04-29 14:02:37.974390,-1.650829
2024-04-29 14:02:37.990010,-2.760824
2024-04-29 14:02:38.005640,-4.081656
2024-04-29 14:02:38.021260,-5.745239
2024-04-29 14:02:38.036890,-7.827976
2024-04-29 14:02:38.052520,-10.27103
2024-04-29 14:02:38.068140,-12.85584
2024-04-29 14:02:38.083770,-15.17352
2024-04-29 14:02:38.099390,-16.68408
2024-04-29 14:02:38.115020,-16.84398
2024-04-29 14:02:38.130640,-15.29955
2024-04-29 14:02:38.146270,-12.03922
2024-04-29 14:02:38.161900,-7.444397
2024-04-29 14:02:38.177520,-2.199566
2024-04-29 14:02:38.193150,2.953339
2024-04-29 14:02:38.208770,7.41452
2024-04-29 14:02:38.224400,10.8334
2024-04-29 14:02:38.240020,13.11333
2024-04-29 14:02:38.255650,14.31636
2024-04-29 14:02:38.271280,14.57895
2024-04-29 14:02:38.286900,14.08804
2024-04-29 14:02:38.302530,13.13266
2024-04-29 14:02:38.318150,12.12286
2024-04-29 14:02:38.333780,11.52837
2024-04-29 14:02:38.349400,11.74142
2024-04-29 14:02:38.365030,12.88408
2024-04-29 14:02:38.380660,14.75728
2024-04-29 14:02:38.396280,16.89032
2024-04-29 14:02:38.411910,18.72293
2024-04-29 14:02:38.427530,19.83692
2024-04-29 14:02:38.443160,20.07864
2024-04-29 14:02:38.458780,19.54897
2024-04-29 14:02:38.474410,18.4607
2024-04-29 14:02:38.490040,16.99764
2024-04-29 14:02:38.505660,15.18209
2024-04-29 14:02:38.521290,12.93785
2024-04-29 14:02:38.536910,10.18409
2024-04-29 14:02:38.552540,6.961845
2024-04-29 14:02:38.568160,3.490929
2024-04-29 14:02:38.583790,0.1025238
2024-04-29 14:02:38.599420,-2.873905
2024-04-29 14:02:38.615040,-5.249527
2024-04-29 14:02:38.630670,-7.059418
2024-04-29 14:02:38.646290,-8.508751
2024-04-29 14:02:38.661920,-9.876823
2024-04-29 14:02:38.677540,-11.42196
2024-04-29 14:02:38.693170,-13.27427
2024-04-29 14:02:38.708800,-15.42423
2024-04-29 14:02:38.724420,-17.71666
2024-04-29 14:02:38.740050,-19.84359
2024-04-29 14:02:38.755670,-21.39833
2024-04-29 14:02:38.771300,-21.9416
2024-04-29 14:02:38.786920,-21.08173
2024-04-29 14:02:38.802550,-18.6274
2024-04-29 14:02:38.818180,-14.68382
2024-04-29 14:02:38.833800,-9.673088
2024-04-29 14:02:38.849430,-4.240719
2024-04-29 14:02:38.865050,0.9203835
2024-04-29 14:02:38.880680,5.251953
2024-04-29 14:02:38.896300,8.42942
2024-04-29 14:02:38.911930,10.34571
2024-04-29 14:02:38.927560,11.09273
2024-04-29 14:02:38.943180,10.85989
2024-04-29 14:02:38.958810,9.906006
2024-04-29 14:02:38.974430,8.523281
2024-04-29 14:02:38.990060,7.034069
2024-04-29 14:02:39.005680,5.744263
2024-04-29 14:02:39.021310,4.879471
2024-04-29 14:02:39.036940,4.560131
2024-04-29 14:02:39.052560,4.742458
2024-04-29 14:02:39.068190,5.273666
2024-04-29 14:02:39.083810,5.917572
2024-04-29 14:02:39.099440,6.426167
2024-04-29 14:02:39.115060,6.625496
2024-04-29 14:02:39.130690,6.436005
2024-04-29 14:02:39.146320,5.880352
2024-04-29 14:02:39.161940,5.041157
2024-04-29 14:02:39.177570,4.024216
2024-04-29 14:02:39.193190,2.908188
2024-04-29 14:02:39.208820,1.709625
2024-04-29 14:02:39.224440,0.4042625
2024-04-29 14:02:39.240070,-1.02319
2024-04-29 14:02:39.255700,-2.524166
2024-04-29 14:02:39.271320,-4.006927
2024-04-29 14:02:39.286950,-5.363586
2024-04-29 14:02:39.302570,-6.566643
2024-04-29 14:02:39.318200,-7.685902
2024-04-29 14:02:39.333820,-8.882145
2024-04-29 14:02:39.349450,-10.31792
2024-04-29 14:02:39.365080,-12.07848
2024-04-29 14:02:39.380700,-14.08655
2024-04-29 14:02:39.396330,-16.09257
2024-04-29 14:02:39.411950,-17.72268
2024-04-29 14:02:39.427580,-18.52936
2024-04-29 14:02:39.443200,-18.13065
2024-04-29 14:02:39.458830,-16.29082
2024-04-29 14:02:39.474460,-13.00627
2024-04-29 14:02:39.490080,-8.556038
2024-04-29 14:02:39.505710,-3.426163
2024-04-29 14:02:39.521330,1.78791
2024-04-29 14:02:39.536960,6.539673
2024-04-29 14:02:39.552580,10.42393
2024-04-29 14:02:39.568210,13.27672
2024-04-29 14:02:39.583840,15.08875
2024-04-29 14:02:39.599460,15.95691
2024-04-29 14:02:39.615090,16.01659
2024-04-29 14:02:39.630710,15.42324
2024-04-29 14:02:39.646340,14.37043
2024-04-29 14:02:39.661960,13.09898
2024-04-29 14:02:39.677590,11.87312
2024-04-29 14:02:39.693220,10.90538
2024-04-29 14:02:39.708840,10.29824
2024-04-29 14:02:39.724470,10.01459
2024-04-29 14:02:39.740090,9.926117
2024-04-29 14:02:39.755720,9.899208
2024-04-29 14:02:39.771340,9.822838
2024-04-29 14:02:39.786970,9.655876
2024-04-29 14:02:39.802600,9.364876
2024-04-29 14:02:39.818220,8.909622
2024-04-29 14:02:39.833850,8.21669
2024-04-29 14:02:39.849470,7.202469
2024-04-29 14:02:39.865100,5.81897
2024-04-29 14:02:39.880720,4.078178
2024-04-29 14:02:39.896350,2.060768
2024-04-29 14:02:39.911980,-0.1288681
2024-04-29 14:02:39.927600,-2.3797
2024-04-29 14:02:39.943230,-4.587639
2024-04-29 14:02:39.958850,-6.68177
2024-04-29 14:02:39.974480,-8.596626
2024-04-29 14:02:39.990100,-10.32185
2024-04-29 14:02:40.005730,-11.89897
2024-04-29 14:02:40.021360,-13.4491
2024-04-29 14:02:40.036980,-15.09733
2024-04-29 14:02:40.052610,-16.91246
2024-04-29 14:02:40.068230,-18.7467
2024-04-29 14:02:40.083860,-20.21429
2024-04-29 14:02:40.099480,-20.76421
2024-04-29 14:02:40.115110,-19.83628
2024-04-29 14:02:40.130740,-17.11793
2024-04-29 14:02:40.146360,-12.70607
2024-04-29 14:02:40.161990,-7.132813
2024-04-29 14:02:40.177610,-1.198578
2024-04-29 14:02:40.193240,4.2612
2024-04-29 14:02:40.208860,8.65065
2024-04-29 14:02:40.224490,11.7246
2024-04-29 14:02:40.240120,13.53503
2024-04-29 14:02:40.255740,14.31295
2024-04-29 14:02:40.271370,14.31071
2024-04-29 14:02:40.286990,13.73797
2024-04-29 14:02:40.302620,12.7683
2024-04-29 14:02:40.318240,11.62292
2024-04-29 14:02:40.333870,10.55548
2024-04-29 14:02:40.349500,9.816681
2024-04-29 14:02:40.365120,9.563828
2024-04-29 14:02:40.380750,9.766998
2024-04-29 14:02:40.396370,10.23051
2024-04-29 14:02:40.412000,10.67565
2024-04-29 14:02:40.427620,10.84284
2024-04-29 14:02:40.443250,10.60889
2024-04-29 14:02:40.458880,10.00003
2024-04-29 14:02:40.474500,9.137375
2024-04-29 14:02:40.490130,8.136093
2024-04-29 14:02:40.505750,7.020073
2024-04-29 14:02:40.521380,5.742317
2024-04-29 14:02:40.537010,4.223976
2024-04-29 14:02:40.552630,2.462997
2024-04-29 14:02:40.568260,0.5442429
2024-04-29 14:02:40.583880,-1.360596
2024-04-29 14:02:40.599510,-3.09198
2024-04-29 14:02:40.615130,-4.577347
2024-04-29 14:02:40.630760,-5.857071
2024-04-29 14:02:40.646390,-7.095963
2024-04-29 14:02:40.662010,-8.494965
2024-04-29 14:02:40.677640,-10.22799
2024-04-29 14:02:40.693260,-12.40302
2024-04-29 14:02:40.708890,-14.98612
2024-04-29 14:02:40.724510,-17.78308
2024-04-29 14:02:40.740140,-20.41036
2024-04-29 14:02:40.755770,-22.35672
2024-04-29 14:02:40.771390,-23.07851
2024-04-29 14:02:40.787020,-22.19726
2024-04-29 14:02:40.802640,-19.62965
2024-04-29 14:02:40.818270,-15.64123
2024-04-29 14:02:40.833890,-10.7776
2024-04-29 14:02:40.849520,-5.630112
2024-04-29 14:02:40.865150,-0.6959763
2024-04-29 14:02:40.880770,3.740387
2024-04-29 14:02:40.896400,7.54409
2024-04-29 14:02:40.912020,10.65302
2024-04-29 14:02:40.927650,12.98557
2024-04-29 14:02:40.943270,14.44203
2024-04-29 14:02:40.958900,14.99778
2024-04-29 14:02:40.974530,14.75527
2024-04-29 14:02:40.990150,14.00291
2024-04-29 14:02:41.005780,13.1094
2024-04-29 14:02:41.021400,12.43088
2024-04-29 14:02:41.037030,12.1597
2024-04-29 14:02:41.052650,12.28768
2024-04-29 14:02:41.068280,12.63435
2024-04-29 14:02:41.083910,12.97029
2024-04-29 14:02:41.099530,13.10612
2024-04-29 14:02:41.115160,12.95054
2024-04-29 14:02:41.130780,12.52084
2024-04-29 14:02:41.146410,11.86346
2024-04-29 14:02:41.162030,11.05186
2024-04-29 14:02:41.177660,10.12038
2024-04-29 14:02:41.193290,9.073059
2024-04-29 14:02:41.208910,7.912331
2024-04-29 14:02:41.224540,6.648651
2024-04-29 14:02:41.240160,5.316704
2024-04-29 14:02:41.255790,3.937599
2024-04-29 14:02:41.271410,2.512527
2024-04-29 14:02:41.287040,1.012032
2024-04-29 14:02:41.302670,-0.5818481
2024-04-29 14:02:41.318290,-2.27552
2024-04-29 14:02:41.333920,-4.046242
2024-04-29 14:02:41.349540,-5.8535
2024-04-29 14:02:41.365170,-7.681168
2024-04-29 14:02:41.380790,-9.544914
2024-04-29 14:02:41.396420,-11.4983
2024-04-29 14:02:41.412050,-13.61123
2024-04-29 14:02:41.427670,-15.90696
2024-04-29 14:02:41.443300,-18.32498
2024-04-29 14:02:41.458920,-20.67886
2024-04-29 14:02:41.474550,-22.64527
2024-04-29 14:02:41.490170,-23.8132
2024-04-29 14:02:41.505800,-23.79474
2024-04-29 14:02:41.521430,-22.30443
2024-04-29 14:02:41.537050,-19.27343
2024-04-29 14:02:41.552680,-14.89443
2024-04-29 14:02:41.568300,-9.586586
2024-04-29 14:02:41.583930,-3.925896
2024-04-29 14:02:41.599550,1.503502
2024-04-29 14:02:41.615180,6.242073
2024-04-29 14:02:41.630810,10.0302
2024-04-29 14:02:41.646430,12.77805
2024-04-29 14:02:41.662060,14.54976
2024-04-29 14:02:41.677680,15.47377
2024-04-29 14:02:41.693310,15.70098
2024-04-29 14:02:41.708930,15.442
2024-04-29 14:02:41.724560,14.90795
2024-04-29 14:02:41.740190,14.34966
2024-04-29 14:02:41.755810,13.99593
2024-04-29 14:02:41.771440,13.97445
2024-04-29 14:02:41.787060,14.28798
2024-04-29 14:02:41.802690,14.81783
2024-04-29 14:02:41.818310,15.38351
2024-04-29 14:02:41.833940,15.78535
2024-04-29 14:02:41.849570,15.90448
2024-04-29 14:02:41.865190,15.69405
2024-04-29 14:02:41.880820,15.19764
2024-04-29 14:02:41.896440,14.51732
2024-04-29 14:02:41.912070,13.74663
2024-04-29 14:02:41.927690,12.92875
2024-04-29 14:02:41.943320,12.04491
2024-04-29 14:02:41.958950,11.00394
2024-04-29 14:02:41.974570,9.69326
2024-04-29 14:02:41.990200,8.062675
2024-04-29 14:02:42.005820,6.135876
2024-04-29 14:02:42.021450,4.038937
2024-04-29 14:02:42.037070,1.940121
2024-04-29 14:02:42.052700,-0.05437851
2024-04-29 14:02:42.068330,-1.909782
2024-04-29 14:02:42.083950,-3.686977
2024-04-29 14:02:42.099580,-5.466309
2024-04-29 14:02:42.115200,-7.277325
2024-04-29 14:02:42.130830,-9.070606
2024-04-29 14:02:42.146450,-10.75981
2024-04-29 14:02:42.162080,-12.24178
2024-04-29 14:02:42.177710,-13.4825
2024-04-29 14:02:42.193330,-14.56744
2024-04-29 14:02:42.208960,-15.66721
2024-04-29 14:02:42.224580,-16.99502
2024-04-29 14:02:42.240210,-18.6901
2024-04-29 14:02:42.255830,-20.7258
2024-04-29 14:02:42.271460,-22.82869
2024-04-29 14:02:42.287090,-24.49383
2024-04-29 14:02:42.302710,-25.10651
2024-04-29 14:02:42.318340,-24.12284
2024-04-29 14:02:42.333960,-21.30645
2024-04-29 14:02:42.349590,-16.84621
2024-04-29 14:02:42.365210,-11.32649
2024-04-29 14:02:42.380840,-5.538593
2024-04-29 14:02:42.396470,-0.2069893
2024-04-29 14:02:42.412090,4.210228
2024-04-29 14:02:42.427720,7.583221
2024-04-29 14:02:42.443340,10.02262
2024-04-29 14:02:42.458970,11.7222
2024-04-29 14:02:42.474590,12.81847
2024-04-29 14:02:42.490220,13.38539
2024-04-29 14:02:42.505850,13.47778
2024-04-29 14:02:42.521470,13.22449
2024-04-29 14:02:42.537100,12.85658
2024-04-29 14:02:42.552720,12.64397
2024-04-29 14:02:42.568350,12.81193
2024-04-29 14:02:42.583970,13.42496
2024-04-29 14:02:42.599600,14.3663
2024-04-29 14:02:42.615230,15.38749
2024-04-29 14:02:42.630850,16.19355
2024-04-29 14:02:42.646480,16.54733
2024-04-29 14:02:42.662100,16.34261
2024-04-29 14:02:42.677730,15.60877
2024-04-29 14:02:42.693350,14.49998
2024-04-29 14:02:42.708980,13.21151
2024-04-29 14:02:42.724610,11.93582
2024-04-29 14:02:42.740230,10.78131
2024-04-29 14:02:42.755860,9.76613
2024-04-29 14:02:42.771480,8.807199
2024-04-29 14:02:42.787110,7.78993
2024-04-29 14:02:42.802740,6.617676
2024-04-29 14:02:42.818360,5.283442
2024-04-29 14:02:42.833990,3.860586
2024-04-29 14:02:42.849610,2.468672
2024-04-29 14:02:42.865240,1.202456
2024-04-29 14:02:42.880860,0.07970047
2024-04-29 14:02:42.896490,-0.9764309
2024-04-29 14:02:42.912120,-2.112999
2024-04-29 14:02:42.927740,-3.449934
2024-04-29 14:02:42.943370,-5.031818
2024-04-29 14:02:42.958990,-6.799654
2024-04-29 14:02:42.974620,-8.61528
2024-04-29 14:02:42.990240,-10.34438
2024-04-29 14:02:43.005870,-11.90652
2024-04-29 14:02:43.021500,-13.30677
2024-04-29 14:02:43.037120,-14.60808
2024-04-29 14:02:43.052750,-15.92258
2024-04-29 14:02:43.068370,-17.3455
2024-04-29 14:02:43.084000,-18.95759
2024-04-29 14:02:43.099620,-20.78274
2024-04-29 14:02:43.115250,-22.72283
2024-04-29 14:02:43.130880,-24.54176
2024-04-29 14:02:43.146500,-25.82943
2024-04-29 14:02:43.162130,-26.08764
2024-04-29 14:02:43.177750,-24.89116
2024-04-29 14:02:43.193380,-22.04244
2024-04-29 14:02:43.209000,-17.70072
2024-04-29 14:02:43.224630,-12.36685
2024-04-29 14:02:43.240260,-6.732624
2024-04-29 14:02:43.255880,-1.446345
2024-04-29 14:02:43.271510,3.009215
2024-04-29 14:02:43.287130,6.435661
2024-04-29 14:02:43.302760,8.826429
2024-04-29 14:02:43.318380,10.28948
2024-04-29 14:02:43.334010,10.93757
2024-04-29 14:02:43.349640,10.89308
2024-04-29 14:02:43.365260,10.30208
2024-04-29 14:02:43.380890,9.414476
2024-04-29 14:02:43.396510,8.542673
2024-04-29 14:02:43.412140,7.999327
2024-04-29 14:02:43.427760,7.991477
2024-04-29 14:02:43.443390,8.538665
2024-04-29 14:02:43.459020,9.46091
2024-04-29 14:02:43.474640,10.44129
2024-04-29 14:02:43.490270,11.16903
2024-04-29 14:02:43.505890,11.4195
2024-04-29 14:02:43.521520,11.16808
2024-04-29 14:02:43.537140,10.56391
2024-04-29 14:02:43.552770,9.833495
2024-04-29 14:02:43.568400,9.180195
2024-04-29 14:02:43.584020,8.693571
2024-04-29 14:02:43.599650,8.298067
2024-04-29 14:02:43.615270,7.819893
2024-04-29 14:02:43.630900,7.099898
2024-04-29 14:02:43.646520,6.050202
2024-04-29 14:02:43.662150,4.736371
2024-04-29 14:02:43.677780,3.314576
2024-04-29 14:02:43.693400,1.965727
2024-04-29 14:02:43.709030,0.8156199
2024-04-29 14:02:43.724650,-0.1445208
2024-04-29 14:02:43.740280,-1.039364
2024-04-29 14:02:43.755900,-2.037738
2024-04-29 14:02:43.771530,-3.268706
2024-04-29 14:02:43.787160,-4.751088
2024-04-29 14:02:43.802780,-6.403918
2024-04-29 14:02:43.818410,-8.104339
2024-04-29 14:02:43.834030,-9.719853
2024-04-29 14:02:43.849660,-11.17913
2024-04-29 14:02:43.865280,-12.48492
2024-04-29 14:02:43.880910,-13.69231
2024-04-29 14:02:43.896540,-14.90359
2024-04-29 14:02:43.912160,-16.23692
2024-04-29 14:02:43.927790,-17.80547
2024-04-29 14:02:43.943410,-19.6805
2024-04-29 14:02:43.959040,-21.80883
2024-04-29 14:02:43.974660,-23.91683
2024-04-29 14:02:43.990290,-25.53016
2024-04-29 14:02:44.005920,-26.08061
2024-04-29 14:02:44.021540,-25.10204
2024-04-29 14:02:44.037170,-22.43576
2024-04-29 14:02:44.052790,-18.33859
2024-04-29 14:02:44.068420,-13.37068
2024-04-29 14:02:44.084040,-8.200327
2024-04-29 14:02:44.099670,-3.390505
2024-04-29 14:02:44.115300,0.732008
2024-04-29 14:02:44.130920,4.052243
2024-04-29 14:02:44.146550,6.565746
2024-04-29 14:02:44.162170,8.297548
2024-04-29 14:02:44.177800,9.275114
2024-04-29 14:02:44.193420,9.589378
2024-04-29 14:02:44.209050,9.441517
2024-04-29 14:02:44.224680,9.12701
2024-04-29 14:02:44.240300,8.957865
2024-04-29 14:02:44.255930,9.159975
2024-04-29 14:02:44.271550,9.773212
2024-04-29 14:02:44.287180,10.67953
2024-04-29 14:02:44.302800,11.67988
2024-04-29 14:02:44.318430,12.55955
2024-04-29 14:02:44.334060,13.19447
2024-04-29 14:02:44.349680,13.54183
2024-04-29 14:02:44.365310,13.63163
2024-04-29 14:02:44.380930,13.51074
2024-04-29 14:02:44.396560,13.22959
2024-04-29 14:02:44.412180,12.79156
2024-04-29 14:02:44.427810,12.13183
2024-04-29 14:02:44.443440,11.1657
2024-04-29 14:02:44.459060,9.797869
2024-04-29 14:02:44.474690,8.032528
2024-04-29 14:02:44.490310,6.00675
2024-04-29 14:02:44.505940,3.974442
2024-04-29 14:02:44.521560,2.231331
2024-04-29 14:02:44.537190,0.9535828
2024-04-29 14:02:44.552820,0.1232033
2024-04-29 14:02:44.568440,-0.5047493
2024-04-29 14:02:44.584070,-1.248615
2024-04-29 14:02:44.599690,-2.377571
2024-04-29 14:02:44.615320,-3.958691
2024-04-29 14:02:44.630940,-5.880032
2024-04-29 14:02:44.646570,-7.906826
2024-04-29 14:02:44.662200,-9.819313
2024-04-29 14:02:44.677820,-11.51608
2024-04-29 14:02:44.693450,-13.01365
2024-04-29 14:02:44.709070,-14.40695
2024-04-29 14:02:44.724700,-15.79631
2024-04-29 14:02:44.740320,-17.28135
2024-04-29 14:02:44.755950,-18.94124
2024-04-29 14:02:44.771580,-20.82042
2024-04-29 14:02:44.787200,-22.94329
2024-04-29 14:02:44.802830,-25.20539
2024-04-29 14:02:44.818450,-27.34117
2024-04-29 14:02:44.834080,-28.90805
2024-04-29 14:02:44.849700,-29.3828
2024-04-29 14:02:44.865330,-28.30843
2024-04-29 14:02:44.880960,-25.52118
2024-04-29 14:02:44.896580,-21.19868
2024-04-29 14:02:44.912210,-15.85065
2024-04-29 14:02:44.927830,-10.15654
2024-04-29 14:02:44.943460,-4.756065
2024-04-29 14:02:44.959080,-0.1071577
2024-04-29 14:02:44.974710,3.600748
2024-04-29 14:02:44.990340,6.39418
2024-04-29 14:02:45.005960,8.400407
2024-04-29 14:02:45.021590,9.793005
2024-04-29 14:02:45.037210,10.69566
2024-04-29 14:02:45.052840,11.23236
2024-04-29 14:02:45.068460,11.51222
2024-04-29 14:02:45.084090,11.70079
2024-04-29 14:02:45.099720,11.97411
2024-04-29 14:02:45.115340,12.50109
2024-04-29 14:02:45.130970,13.37742
2024-04-29 14:02:45.146590,14.57734
2024-04-29 14:02:45.162220,15.93166
2024-04-29 14:02:45.177850,17.16359
2024-04-29 14:02:45.193470,18.01252
2024-04-29 14:02:45.209100,18.30292
2024-04-29 14:02:45.224720,18.04247
2024-04-29 14:02:45.240350,17.38455
2024-04-29 14:02:45.255970,16.5261
2024-04-29 14:02:45.271600,15.61542
2024-04-29 14:02:45.287230,14.689
2024-04-29 14:02:45.302850,13.68596
2024-04-29 14:02:45.318480,12.50075
2024-04-29 14:02:45.334100,11.09171
2024-04-29 14:02:45.349730,9.477703
2024-04-29 14:02:45.365350,7.771094
2024-04-29 14:02:45.380980,6.09362
2024-04-29 14:02:45.396610,4.542678
2024-04-29 14:02:45.412230,3.135126
2024-04-29 14:02:45.427860,1.813178
2024-04-29 14:02:45.443480,0.4633927
2024-04-29 14:02:45.459110,-1.044834
2024-04-29 14:02:45.474730,-2.774065
2024-04-29 14:02:45.490360,-4.717016
2024-04-29 14:02:45.505990,-6.762603
2024-04-29 14:02:45.521610,-8.746474
2024-04-29 14:02:45.537240,-10.54604
2024-04-29 14:02:45.552860,-12.13263
2024-04-29 14:02:45.568490,-13.60419
2024-04-29 14:02:45.584110,-15.14384
2024-04-29 14:02:45.599740,-16.93528
2024-04-29 14:02:45.615370,-19.08053
2024-04-29 14:02:45.630990,-21.56415
2024-04-29 14:02:45.646620,-24.21632
2024-04-29 14:02:45.662240,-26.7315
2024-04-29 14:02:45.677870,-28.70813
2024-04-29 14:02:45.693490,-29.70419
2024-04-29 14:02:45.709120,-29.31477
2024-04-29 14:02:45.724750,-27.29851
2024-04-29 14:02:45.740370,-23.63172
2024-04-29 14:02:45.756000,-18.56982
2024-04-29 14:02:45.771620,-12.63312
2024-04-29 14:02:45.787250,-6.461688
2024-04-29 14:02:45.802870,-0.6834836
2024-04-29 14:02:45.818500,4.221061
2024-04-29 14:02:45.834130,8.011611
2024-04-29 14:02:45.849750,10.65814
2024-04-29 14:02:45.865380,12.29869
2024-04-29 14:02:45.881000,13.16748
2024-04-29 14:02:45.896630,13.51677
2024-04-29 14:02:45.912250,13.58253
2024-04-29 14:02:45.927880,13.56115
2024-04-29 14:02:45.943510,13.60989
2024-04-29 14:02:45.959130,13.81466
2024-04-29 14:02:45.974760,14.22438
2024-04-29 14:02:45.990380,14.81009
2024-04-29 14:02:46.006010,15.46553
2024-04-29 14:02:46.021630,16.06052
2024-04-29 14:02:46.037260,16.45797
2024-04-29 14:02:46.052890,16.57869
2024-04-29 14:02:46.068510,16.46582
2024-04-29 14:02:46.084140,16.22883
2024-04-29 14:02:46.099760,15.98118
2024-04-29 14:02:46.115390,15.76611
2024-04-29 14:02:46.131010,15.50165
2024-04-29 14:02:46.146640,14.99314
2024-04-29 14:02:46.162270,14.06171
2024-04-29 14:02:46.177890,12.64205
2024-04-29 14:02:46.193520,10.82995
2024-04-29 14:02:46.209140,8.88165
2024-04-29 14:02:46.224770,7.059971
2024-04-29 14:02:46.240390,5.537088
2024-04-29 14:02:46.256020,4.305258
2024-04-29 14:02:46.271650,3.191757
2024-04-29 14:02:46.287270,1.969139
2024-04-29 14:02:46.302900,0.4536095
2024-04-29 14:02:46.318520,-1.401386
2024-04-29 14:02:46.334150,-3.495253
2024-04-29 14:02:46.349770,-5.631842
2024-04-29 14:02:46.365400,-7.609762
2024-04-29 14:02:46.381030,-9.296425
2024-04-29 14:02:46.396650,-10.69383
2024-04-29 14:02:46.412280,-11.92791
2024-04-29 14:02:46.427900,-13.19214
2024-04-29 14:02:46.443530,-14.6579
2024-04-29 14:02:46.459150,-16.42392
2024-04-29 14:02:46.474780,-18.46056
2024-04-29 14:02:46.490410,-20.60176
2024-04-29 14:02:46.506030,-22.55849
2024-04-29 14:02:46.521660,-23.91008
2024-04-29 14:02:46.537280,-24.18171
2024-04-29 14:02:46.552910,-22.97496
2024-04-29 14:02:46.568530,-20.10513
2024-04-29 14:02:46.584160,-15.71225
2024-04-29 14:02:46.599790,-10.27242
2024-04-29 14:02:46.615410,-4.480783
2024-04-29 14:02:46.631040,0.9606209
2024-04-29 14:02:46.646660,5.493137
2024-04-29 14:02:46.662290,8.879141
2024-04-29 14:02:46.677910,11.14004
2024-04-29 14:02:46.693540,12.48055
2024-04-29 14:02:46.709170,13.13085
2024-04-29 14:02:46.724790,13.27456
2024-04-29 14:02:46.740420,13.04499
2024-04-29 14:02:46.756040,12.60356
2024-04-29 14:02:46.771670,12.15592
2024-04-29 14:02:46.787290,11.92998
2024-04-29 14:02:46.802920,12.11094
2024-04-29 14:02:46.818550,12.72545
2024-04-29 14:02:46.834170,13.62739
2024-04-29 14:02:46.849800,14.53541
2024-04-29 14:02:46.865420,15.17163
2024-04-29 14:02:46.881050,15.37336
2024-04-29 14:02:46.896670,15.14404
2024-04-29 14:02:46.912300,14.61696
2024-04-29 14:02:46.927930,13.93934
2024-04-29 14:02:46.943550,13.19416
2024-04-29 14:02:46.959180,12.36127
2024-04-29 14:02:46.974800,11.38691
2024-04-29 14:02:46.990430,10.23117
2024-04-29 14:02:47.006050,8.911928
2024-04-29 14:02:47.021680,7.491756
2024-04-29 14:02:47.037310,6.018721
2024-04-29 14:02:47.052930,4.491653
2024-04-29 14:02:47.068560,2.881569
2024-04-29 14:02:47.084180,1.188009
2024-04-29 14:02:47.099810,-0.5455265
2024-04-29 14:02:47.115430,-2.218899
2024-04-29 14:02:47.131060,-3.720116
2024-04-29 14:02:47.146690,-4.990683
2024-04-29 14:02:47.162310,-6.050428
2024-04-29 14:02:47.177940,-6.999191
2024-04-29 14:02:47.193560,-7.980118
2024-04-29 14:02:47.209190,-9.14599
2024-04-29 14:02:47.224810,-10.61608
2024-04-29 14:02:47.240440,-12.4716
2024-04-29 14:02:47.256070,-14.68688
2024-04-29 14:02:47.271690,-17.11132
2024-04-29 14:02:47.287320,-19.45741
2024-04-29 14:02:47.302940,-21.30791
2024-04-29 14:02:47.318570,-22.20726
2024-04-29 14:02:47.334190,-21.7631
2024-04-29 14:02:47.349820,-19.79621
2024-04-29 14:02:47.365450,-16.38689
2024-04-29 14:02:47.381070,-11.88742
2024-04-29 14:02:47.396700,-6.834904
2024-04-29 14:02:47.412320,-1.813656
2024-04-29 14:02:47.427950,2.67086
2024-04-29 14:02:47.443570,6.276381
2024-04-29 14:02:47.459200,8.844046
2024-04-29 14:02:47.474830,10.38004
2024-04-29 14:02:47.490450,11.00287
2024-04-29 14:02:47.506080,10.88095
2024-04-29 14:02:47.521700,10.22488
2024-04-29 14:02:47.537330,9.273876
2024-04-29 14:02:47.552950,8.270252
2024-04-29 14:02:47.568580,7.473259
2024-04-29 14:02:47.584210,7.103485
2024-04-29 14:02:47.599830,7.311348
2024-04-29 14:02:47.615460,8.110449
2024-04-29 14:02:47.631080,9.360199
2024-04-29 14:02:47.646710,10.77784
2024-04-29 14:02:47.662340,12.01324
2024-04-29 14:02:47.677960,12.74913
2024-04-29 14:02:47.693590,12.79214
2024-04-29 14:02:47.709210,12.12328
2024-04-29 14:02:47.724840,10.89247
2024-04-29 14:02:47.740460,9.328745
2024-04-29 14:02:47.756090,7.657013
2024-04-29 14:02:47.771720,6.025185
2024-04-29 14:02:47.787340,4.476854
2024-04-29 14:02:47.802970,2.996374
2024-04-29 14:02:47.818590,1.537018
2024-04-29 14:02:47.834220,0.09165192
2024-04-29 14:02:47.849840,-1.317604
2024-04-29 14:02:47.865470,-2.649864
2024-04-29 14:02:47.881100,-3.882105
2024-04-29 14:02:47.896720,-5.026569
2024-04-29 14:02:47.912350,-6.134933
2024-04-29 14:02:47.927970,-7.284886
2024-04-29 14:02:47.943600,-8.554889
2024-04-29 14:02:47.959220,-10.01558
2024-04-29 14:02:47.974850,-11.7257
2024-04-29 14:02:47.990480,-13.69646
2024-04-29 14:02:48.006100,-15.86868
2024-04-29 14:02:48.021730,-18.07712
2024-04-29 14:02:48.037350,-20.00755
2024-04-29 14:02:48.052980,-21.23863
2024-04-29 14:02:48.068600,-21.32619
2024-04-29 14:02:48.084230,-19.94721
2024-04-29 14:02:48.099860,-17.0087
2024-04-29 14:02:48.115480,-12.73636
2024-04-29 14:02:48.131110,-7.620882
2024-04-29 14:02:48.146730,-2.273905
2024-04-29 14:02:48.162360,2.69728
2024-04-29 14:02:48.177980,6.860924
2024-04-29 14:02:48.193610,9.983173
2024-04-29 14:02:48.209240,12.02477
2024-04-29 14:02:48.224860,13.04751
2024-04-29 14:02:48.240490,13.1831
2024-04-29 14:02:48.256110,12.60703
2024-04-29 14:02:48.271740,11.56765
2024-04-29 14:02:48.287360,10.37443
2024-04-29 14:02:48.302990,9.37209
2024-04-29 14:02:48.318620,8.860673
2024-04-29 14:02:48.334240,8.985994
2024-04-29 14:02:48.349870,9.701237
2024-04-29 14:02:48.365490,10.7805
2024-04-29 14:02:48.381120,11.89899
2024-04-29 14:02:48.396740,12.74795
2024-04-29 14:02:48.412370,13.11422
2024-04-29 14:02:48.428000,12.91767
2024-04-29 14:02:48.443620,12.20004
2024-04-29 14:02:48.459250,11.07838
2024-04-29 14:02:48.474870,9.688624
2024-04-29 14:02:48.490500,8.158036
2024-04-29 14:02:48.506120,6.582936
2024-04-29 14:02:48.521750,5.022842
2024-04-29 14:02:48.537380,3.496371
2024-04-29 14:02:48.553000,1.996376
2024-04-29 14:02:48.568630,0.5270576
2024-04-29 14:02:48.584250,-0.9244204
2024-04-29 14:02:48.599880,-2.367215
2024-04-29 14:02:48.615500,-3.834721
2024-04-29 14:02:48.631130,-5.367242
2024-04-29 14:02:48.646760,-6.969241
2024-04-29 14:02:48.662380,-8.59083
2024-04-29 14:02:48.678010,-10.1495
2024-04-29 14:02:48.693630,-11.56705
2024-04-29 14:02:48.709260,-12.85678
2024-04-29 14:02:48.724880,-14.16607
2024-04-29 14:02:48.740510,-15.69754
2024-04-29 14:02:48.756140,-17.56903
2024-04-29 14:02:48.771760,-19.62623
2024-04-29 14:02:48.787390,-21.401
2024-04-29 14:02:48.803010,-22.23481
2024-04-29 14:02:48.818640,-21.54024
2024-04-29 14:02:48.834260,-19.05906
2024-04-29 14:02:48.849890,-14.99003
2024-04-29 14:02:48.865520,-9.907297
2024-04-29 14:02:48.881140,-4.54111
2024-04-29 14:02:48.896770,0.4615655
2024-04-29 14:02:48.912390,4.690946
2024-04-29 14:02:48.928020,7.970563
2024-04-29 14:02:48.943640,10.29784
2024-04-29 14:02:48.959270,11.74764
2024-04-29 14:02:48.974900,12.4103
2024-04-29 14:02:48.990520,12.3931
2024-04-29 14:02:49.006150,11.85839
2024-04-29 14:02:49.021770,11.02654
2024-04-29 14:02:49.037400,10.17131
2024-04-29 14:02:49.053020,9.548075
2024-04-29 14:02:49.068650,9.324314
2024-04-29 14:02:49.084280,9.527859
2024-04-29 14:02:49.099900,10.06485
2024-04-29 14:02:49.115530,10.74112
2024-04-29 14:02:49.131150,11.34883
2024-04-29 14:02:49.146780,11.72155
2024-04-29 14:02:49.162400,11.78269
2024-04-29 14:02:49.178030,11.52804
2024-04-29 14:02:49.193660,11.00692
2024-04-29 14:02:49.209280,10.28196
2024-04-29 14:02:49.224910,9.388163
2024-04-29 14:02:49.240530,8.362348
2024-04-29 14:02:49.256160,7.197163
2024-04-29 14:02:49.271780,5.870674
2024-04-29 14:02:49.287410,4.357476
2024-04-29 14:02:49.303040,2.66427
2024-04-29 14:02:49.318660,0.841374
2024-04-29 14:02:49.334290,-1.007612
2024-04-29 14:02:49.349910,-2.769483
2024-04-29 14:02:49.365540,-4.360244
2024-04-29 14:02:49.381160,-5.759535
2024-04-29 14:02:49.396790,-7.023461
2024-04-29 14:02:49.412420,-8.208942
2024-04-29 14:02:49.428040,-9.354978
2024-04-29 14:02:49.443670,-10.45485
2024-04-29 14:02:49.459290,-11.52939
2024-04-29 14:02:49.474920,-12.66295
2024-04-29 14:02:49.490540,-14.02779
2024-04-29 14:02:49.506170,-15.78013
2024-04-29 14:02:49.521800,-17.9155
2024-04-29 14:02:49.537420,-20.15011
2024-04-29 14:02:49.553050,-21.92707
2024-04-29 14:02:49.568670,-22.58133
2024-04-29 14:02:49.584300,-21.57966
2024-04-29 14:02:49.599920,-18.75778
2024-04-29 14:02:49.615550,-14.38928
2024-04-29 14:02:49.631180,-9.104681
2024-04-29 14:02:49.646800,-3.670529
2024-04-29 14:02:49.662430,1.24583
2024-04-29 14:02:49.678050,5.247388
2024-04-29 14:02:49.693680,8.22398
2024-04-29 14:02:49.709300,10.25938
2024-04-29 14:02:49.724930,11.49571
2024-04-29 14:02:49.740560,12.03635
2024-04-29 14:02:49.756180,11.96586
2024-04-29 14:02:49.771810,11.40097
2024-04-29 14:02:49.787430,10.54607
2024-04-29 14:02:49.803060,9.705424
2024-04-29 14:02:49.818680,9.184207
2024-04-29 14:02:49.834310,9.197289
2024-04-29 14:02:49.849940,9.753099
2024-04-29 14:02:49.865560,10.6478
2024-04-29 14:02:49.881190,11.56838
2024-04-29 14:02:49.896810,12.21726
2024-04-29 14:02:49.912440,12.43479
2024-04-29 14:02:49.928070,12.20693
2024-04-29 14:02:49.943690,11.65615
2024-04-29 14:02:49.959320,10.90599
2024-04-29 14:02:49.974940,10.06428
2024-04-29 14:02:49.990570,9.174394
2024-04-29 14:02:50.006190,8.235012
2024-04-29 14:02:50.021820,7.228353
2024-04-29 14:02:50.037450,6.129661
2024-04-29 14:02:50.053070,4.912857
2024-04-29 14:02:50.068700,3.553334
2024-04-29 14:02:50.084320,2.063173
2024-04-29 14:02:50.099950,0.4774799
2024-04-29 14:02:50.115570,-1.129121
2024-04-29 14:02:50.131200,-2.670152
2024-04-29 14:02:50.146830,-4.088539
2024-04-29 14:02:50.162450,-5.364672
2024-04-29 14:02:50.178080,-6.535075
2024-04-29 14:02:50.193700,-7.66869
2024-04-29 14:02:50.209330,-8.87194
2024-04-29 14:02:50.224950,-10.24241
2024-04-29 14:02:50.240580,-11.87536
2024-04-29 14:02:50.256210,-13.83052
2024-04-29 14:02:50.271830,-16.04852
2024-04-29 14:02:50.287460,-18.31339
2024-04-29 14:02:50.303080,-20.20724
2024-04-29 14:02:50.318710,-21.19837
2024-04-29 14:02:50.334330,-20.82042
2024-04-29 14:02:50.349960,-18.83725
2024-04-29 14:02:50.365590,-15.38555
2024-04-29 14:02:50.381210,-10.91901
2024-04-29 14:02:50.396840,-6.093365
2024-04-29 14:02:50.412460,-1.511613
2024-04-29 14:02:50.428090,2.397165
2024-04-29 14:02:50.443710,5.466125
2024-04-29 14:02:50.459340,7.711592
2024-04-29 14:02:50.474970,9.192702
2024-04-29 14:02:50.490590,9.942104
2024-04-29 14:02:50.506220,9.948391
2024-04-29 14:02:50.521840,9.235664
2024-04-29 14:02:50.537470,7.949285
2024-04-29 14:02:50.553090,6.401312
2024-04-29 14:02:50.568720,4.994814
2024-04-29 14:02:50.584350,4.111538
2024-04-29 14:02:50.599970,3.983318
2024-04-29 14:02:50.615600,4.574915
2024-04-29 14:02:50.631220,5.617979
2024-04-29 14:02:50.646850,6.706377
2024-04-29 14:02:50.662470,7.460735
2024-04-29 14:02:50.678100,7.665607
2024-04-29 14:02:50.693730,7.345806
2024-04-29 14:02:50.709350,6.672869
2024-04-29 14:02:50.724980,5.873779
2024-04-29 14:02:50.740600,5.102148
2024-04-29 14:02:50.756230,4.342249
2024-04-29 14:02:50.771850,3.469345
2024-04-29 14:02:50.787480,2.298487
2024-04-29 14:02:50.803110,0.7086697
2024-04-29 14:02:50.818730,-1.266178
2024-04-29 14:02:50.834360,-3.423119
2024-04-29 14:02:50.849980,-5.481367
2024-04-29 14:02:50.865610,-7.200453
2024-04-29 14:02:50.881230,-8.452757
2024-04-29 14:02:50.896860,-9.321974
2024-04-29 14:02:50.912490,-10.01193
2024-04-29 14:02:50.928110,-10.79428
2024-04-29 14:02:50.943740,-11.88025
2024-04-29 14:02:50.959360,-13.36256
2024-04-29 14:02:50.974990,-15.21501
2024-04-29 14:02:50.990610,-17.32067
2024-04-29 14:02:51.006240,-19.4664
2024-04-29 14:02:51.021870,-21.3226
2024-04-29 14:02:51.037490,-22.47114
2024-04-29 14:02:51.053120,-22.43401
2024-04-29 14:02:51.068740,-20.82981
2024-04-29 14:02:51.084370,-17.54196
2024-04-29 14:02:51.099990,-12.81871
2024-04-29 14:02:51.115620,-7.267737
2024-04-29 14:02:51.131250,-1.67707
2024-04-29 14:02:51.146870,3.217455
2024-04-29 14:02:51.162500,6.957967
2024-04-29 14:02:51.178120,9.414106
2024-04-29 14:02:51.193750,10.73138
2024-04-29 14:02:51.209370,11.17463
2024-04-29 14:02:51.225000,10.99311
2024-04-29 14:02:51.240630,10.40297
2024-04-29 14:02:51.256250,9.562332
2024-04-29 14:02:51.271880,8.676286
2024-04-29 14:02:51.287500,7.944099
2024-04-29 14:02:51.303130,7.553175
2024-04-29 14:02:51.318750,7.611988
2024-04-29 14:02:51.334380,8.127759
2024-04-29 14:02:51.350010,9.00333
2024-04-29 14:02:51.365630,10.04916
2024-04-29 14:02:51.381260,11.05883
2024-04-29 14:02:51.396880,11.8463
2024-04-29 14:02:51.412510,12.30935
2024-04-29 14:02:51.428130,12.41675
2024-04-29 14:02:51.443760,12.22056
2024-04-29 14:02:51.459390,11.80335
2024-04-29 14:02:51.475010,11.20884
2024-04-29 14:02:51.490640,10.42775
2024-04-29 14:02:51.506260,9.388056
2024-04-29 14:02:51.521890,8.045494
2024-04-29 14:02:51.537510,6.42232
2024-04-29 14:02:51.553140,4.644996
2024-04-29 14:02:51.568770,2.932579
2024-04-29 14:02:51.584390,1.511281
2024-04-29 14:02:51.600020,0.5693436
2024-04-29 14:02:51.615640,0.2021866
2024-04-29 14:02:51.631270,0.4496174
2024-04-29 14:02:51.646890,1.263876
2024-04-29 14:02:51.662520,2.573393
2024-04-29 14:02:51.678150,4.2784
2024-04-29 14:02:51.693770,6.283104
2024-04-29 14:02:51.709400,8.551373
2024-04-29 14:02:51.725020,11.15645
2024-04-29 14:02:51.740650,14.3153
2024-04-29 14:02:51.756270,18.33259
2024-04-29 14:02:51.771900,23.53095
2024-04-29 14:02:51.787530,30.08821
2024-04-29 14:02:51.803150,37.96222
2024-04-29 14:02:51.818780,46.81818
2024-04-29 14:02:51.834400,56.11559
2024-04-29 14:02:51.850030,65.19997
2024-04-29 14:02:51.865650,73.47793
2024-04-29 14:02:51.881280,80.54449
2024-04-29 14:02:51.896910,86.26366
2024-04-29 14:02:51.912530,90.73496
2024-04-29 14:02:51.928160,94.1411
2024-04-29 14:02:51.943780,96.669
2024-04-29 14:02:51.959410,98.41947
2024-04-29 14:02:51.975030,99.34978
2024-04-29 14:02:51.990660,99.31801
2024-04-29 14:02:52.006290,98.08181
2024-04-29 14:02:52.021910,95.32744
2024-04-29 14:02:52.037540,90.66866
2024-04-29 14:02:52.053160,83.69907
2024-04-29 14:02:52.068790,74.02781
2024-04-29 14:02:52.084410,61.36076
2024-04-29 14:02:52.100040,45.60579
2024-04-29 14:02:52.115670,26.90794
2024-04-29 14:02:52.131290,5.722664
2024-04-29 14:02:52.146920,-17.17204
2024-04-29 14:02:52.162540,-40.63865
2024-04-29 14:02:52.178170,-63.25363
2024-04-29 14:02:52.193790,-83.50325
2024-04-29 14:02:52.209420,-100.118
2024-04-29 14:02:52.225050,-112.4048
2024-04-29 14:02:52.240670,-120.3823
2024-04-29 14:02:52.256300,-124.6526
2024-04-29 14:02:52.271920,-126.1038
2024-04-29 14:02:52.287550,-125.5483
2024-04-29 14:02:52.303170,-123.5265
2024-04-29 14:02:52.318800,-120.3777
2024-04-29 14:02:52.334430,-116.4181
2024-04-29 14:02:52.350050,-112.1989
2024-04-29 14:02:52.365680,-108.4528
2024-04-29 14:02:52.381300,-105.8872
2024-04-29 14:02:52.396930,-104.848
2024-04-29 14:02:52.412550,-105.1433
2024-04-29 14:02:52.428180,-106.0623
2024-04-29 14:02:52.443810,-106.5973
2024-04-29 14:02:52.459430,-105.6641
2024-04-29 14:02:52.475060,-102.3103
2024-04-29 14:02:52.490680,-95.85112
2024-04-29 14:02:52.506310,-85.96001
2024-04-29 14:02:52.521940,-72.77501
2024-04-29 14:02:52.537560,-56.99702
2024-04-29 14:02:52.553190,-39.86609
2024-04-29 14:02:52.568810,-22.92986
2024-04-29 14:02:52.584440,-7.709854
2024-04-29 14:02:52.600060,4.674225
2024-04-29 14:02:52.615690,13.74927
2024-04-29 14:02:52.631320,19.6501
2024-04-29 14:02:52.646940,22.88667
2024-04-29 14:02:52.662570,24.03761
2024-04-29 14:02:52.678190,23.5777
2024-04-29 14:02:52.693820,21.85756
2024-04-29 14:02:52.709440,19.26329
2024-04-29 14:02:52.725070,16.36079
2024-04-29 14:02:52.740700,13.81473
2024-04-29 14:02:52.756320,12.25494
2024-04-29 14:02:52.771950,11.99991
2024-04-29 14:02:52.787570,12.9185
2024-04-29 14:02:52.803200,14.46632
2024-04-29 14:02:52.818820,15.92514
2024-04-29 14:02:52.834450,16.73701
2024-04-29 14:02:52.850080,16.68605
2024-04-29 14:02:52.865700,15.9444
2024-04-29 14:02:52.881330,14.87277
2024-04-29 14:02:52.896950,13.82507
2024-04-29 14:02:52.912580,12.93896
2024-04-29 14:02:52.928200,12.13766
2024-04-29 14:02:52.943830,11.19119
2024-04-29 14:02:52.959460,9.864014
2024-04-29 14:02:52.975080,8.084396
2024-04-29 14:02:52.990710,5.952515
2024-04-29 14:02:53.006330,3.692657
2024-04-29 14:02:53.021960,1.515594
2024-04-29 14:02:53.037580,-0.4532776
2024-04-29 14:02:53.053210,-2.26799
2024-04-29 14:02:53.068840,-4.122276
2024-04-29 14:02:53.084460,-6.241364
2024-04-29 14:02:53.100090,-8.782181
2024-04-29 14:02:53.115710,-11.72027
2024-04-29 14:02:53.131340,-14.81429
2024-04-29 14:02:53.146960,-17.63455
2024-04-29 14:02:53.162590,-19.66934
2024-04-29 14:02:53.178220,-20.43706
2024-04-29 14:02:53.193840,-19.62534
2024-04-29 14:02:53.209470,-17.21353
2024-04-29 14:02:53.225090,-13.48158
2024-04-29 14:02:53.240720,-8.967514
2024-04-29 14:02:53.256340,-4.306442
2024-04-29 14:02:53.271970,-0.07202148
2024-04-29 14:02:53.287600,3.34848
2024-04-29 14:02:53.303220,5.810265
2024-04-29 14:02:53.318850,7.389641
2024-04-29 14:02:53.334470,8.267014
2024-04-29 14:02:53.350100,8.631638
2024-04-29 14:02:53.365720,8.607445
2024-04-29 14:02:53.381350,8.277893
2024-04-29 14:02:53.396980,7.765091
2024-04-29 14:02:53.412600,7.239937
2024-04-29 14:02:53.428230,6.914566
2024-04-29 14:02:53.443850,6.99926
2024-04-29 14:02:53.459480,7.584335
2024-04-29 14:02:53.475100,8.609764
2024-04-29 14:02:53.490730,9.850449
2024-04-29 14:02:53.506360,11.00579
2024-04-29 14:02:53.521980,11.78318
2024-04-29 14:02:53.537610,11.99928
2024-04-29 14:02:53.553230,11.62611
2024-04-29 14:02:53.568860,10.74519
2024-04-29 14:02:53.584480,9.518444
2024-04-29 14:02:53.600110,8.105537
2024-04-29 14:02:53.615740,6.617226
2024-04-29 14:02:53.631360,5.120262
2024-04-29 14:02:53.646990,3.642315
2024-04-29 14:02:53.662610,2.234802
2024-04-29 14:02:53.678240,0.9302254
2024-04-29 14:02:53.693860,-0.226387
2024-04-29 14:02:53.709490,-1.258121
2024-04-29 14:02:53.725120,-2.247501
2024-04-29 14:02:53.740740,-3.356876
2024-04-29 14:02:53.756370,-4.747662
2024-04-29 14:02:53.771990,-6.474812
2024-04-29 14:02:53.787620,-8.405443
2024-04-29 14:02:53.803240,-10.19686
2024-04-29 14:02:53.818870,-11.33593
2024-04-29 14:02:53.834500,-11.31968
2024-04-29 14:02:53.850120,-9.792631
2024-04-29 14:02:53.865750,-6.70185
2024-04-29 14:02:53.881370,-2.327883
2024-04-29 14:02:53.897000,2.778753
2024-04-29 14:02:53.912620,7.947895
2024-04-29 14:02:53.928250,12.55341
2024-04-29 14:02:53.943880,16.1695
2024-04-29 14:02:53.959500,18.62347
2024-04-29 14:02:53.975130,19.98579
2024-04-29 14:02:53.990750,20.45094
2024-04-29 14:02:54.006380,20.23798
2024-04-29 14:02:54.022000,19.54127
2024-04-29 14:02:54.037630,18.49354
2024-04-29 14:02:54.053260,17.2294
2024-04-29 14:02:54.068880,15.8936
2024-04-29 14:02:54.084510,14.62293
2024-04-29 14:02:54.100130,13.526
2024-04-29 14:02:54.115760,12.64998
2024-04-29 14:02:54.131380,11.96546
2024-04-29 14:02:54.147010,11.35894
2024-04-29 14:02:54.162640,10.67458
2024-04-29 14:02:54.178260,9.722588
2024-04-29 14:02:54.193890,8.345222
2024-04-29 14:02:54.209510,6.46126
2024-04-29 14:02:54.225140,4.13706
2024-04-29 14:02:54.240760,1.553854
2024-04-29 14:02:54.256390,-1.013931
2024-04-29 14:02:54.272020,-3.335499
2024-04-29 14:02:54.287640,-5.313288
2024-04-29 14:02:54.303270,-7.03303
2024-04-29 14:02:54.318890,-8.68861
2024-04-29 14:02:54.334520,-10.49141
2024-04-29 14:02:54.350140,-12.55531
2024-04-29 14:02:54.365770,-14.89601
2024-04-29 14:02:54.381400,-17.47155
2024-04-29 14:02:54.397020,-20.181
2024-04-29 14:02:54.412650,-22.85981
2024-04-29 14:02:54.428270,-25.18996
2024-04-29 14:02:54.443900,-26.6794
2024-04-29 14:02:54.459520,-26.76702
2024-04-29 14:02:54.475150,-25.03532
2024-04-29 14:02:54.490780,-21.37695
2024-04-29 14:02:54.506400,-16.12881
2024-04-29 14:02:54.522030,-9.946404
2024-04-29 14:02:54.537650,-3.563057
2024-04-29 14:02:54.553280,2.426781
2024-04-29 14:02:54.568900,7.698326
2024-04-29 14:02:54.584530,12.16398
2024-04-29 14:02:54.600160,15.86522
2024-04-29 14:02:54.615780,18.85427
2024-04-29 14:02:54.631410,21.16771
2024-04-29 14:02:54.647030,22.81664
2024-04-29 14:02:54.662660,23.86138
2024-04-29 14:02:54.678280,24.43197
2024-04-29 14:02:54.693910,24.70621
2024-04-29 14:02:54.709540,24.85004
2024-04-29 14:02:54.725160,24.99249
2024-04-29 14:02:54.740790,25.16824
2024-04-29 14:02:54.756410,25.31671
2024-04-29 14:02:54.772040,25.34498
2024-04-29 14:02:54.787670,25.14283
2024-04-29 14:02:54.803290,24.65281
2024-04-29 14:02:54.818920,23.89678
2024-04-29 14:02:54.834540,22.93047
2024-04-29 14:02:54.850170,21.81219
2024-04-29 14:02:54.865790,20.54001
2024-04-29 14:02:54.881420,19.0523
2024-04-29 14:02:54.897050,17.25991
2024-04-29 14:02:54.912670,15.13828
2024-04-29 14:02:54.928300,12.72813
2024-04-29 14:02:54.943920,10.15336
2024-04-29 14:02:54.959550,7.564117
2024-04-29 14:02:54.975170,5.046005
2024-04-29 14:02:54.990800,2.627693
2024-04-29 14:02:55.006430,0.2435837
2024-04-29 14:02:55.022050,-2.215782
2024-04-29 14:02:55.037680,-4.875076
2024-04-29 14:02:55.053300,-7.824043
2024-04-29 14:02:55.068930,-11.04169
2024-04-29 14:02:55.084550,-14.30535
2024-04-29 14:02:55.100180,-17.18662
2024-04-29 14:02:55.115810,-19.10823
2024-04-29 14:02:55.131430,-19.52516
2024-04-29 14:02:55.147060,-18.13654
2024-04-29 14:02:55.162680,-15.03446
2024-04-29 14:02:55.178310,-10.72353
2024-04-29 14:02:55.193930,-5.937347
2024-04-29 14:02:55.209560,-1.384048
2024-04-29 14:02:55.225190,2.515747
2024-04-29 14:02:55.240810,5.689812
2024-04-29 14:02:55.256440,8.306702
2024-04-29 14:02:55.272060,10.57291
2024-04-29 14:02:55.287690,12.54527
2024-04-29 14:02:55.303310,14.09188
2024-04-29 14:02:55.318940,15.02441
2024-04-29 14:02:55.334570,15.25514
2024-04-29 14:02:55.350190,14.92518
2024-04-29 14:02:55.365820,14.34608
2024-04-29 14:02:55.381440,13.86686
2024-04-29 14:02:55.397070,13.6942
2024-04-29 14:02:55.412690,13.85111
2024-04-29 14:02:55.428320,14.19593
2024-04-29 14:02:55.443950,14.5247
2024-04-29 14:02:55.459570,14.67997
2024-04-29 14:02:55.475200,14.57566
2024-04-29 14:02:55.490820,14.1702
2024-04-29 14:02:55.506450,13.43556
2024-04-29 14:02:55.522070,12.36692
2024-04-29 14:02:55.537700,11.02509
2024-04-29 14:02:55.553330,9.564308
2024-04-29 14:02:55.568950,8.204567
2024-04-29 14:02:55.584580,7.120598
2024-04-29 14:02:55.600200,6.351212
2024-04-29 14:02:55.615830,5.783638
2024-04-29 14:02:55.631450,5.211334
2024-04-29 14:02:55.647080,4.459435
2024-04-29 14:02:55.662710,3.457657
2024-04-29 14:02:55.678330,2.264328
2024-04-29 14:02:55.693960,0.9654694
2024-04-29 14:02:55.709580,-0.3794098
2024-04-29 14:02:55.725210,-1.800934
2024-04-29 14:02:55.740830,-3.408127
2024-04-29 14:02:55.756460,-5.30777
2024-04-29 14:02:55.772090,-7.555466
2024-04-29 14:02:55.787710,-10.09016
2024-04-29 14:02:55.803340,-12.74508
2024-04-29 14:02:55.818960,-15.2274
2024-04-29 14:02:55.834590,-17.18493
2024-04-29 14:02:55.850210,-18.23561
2024-04-29 14:02:55.865840,-18.07433
2024-04-29 14:02:55.881470,-16.55909
2024-04-29 14:02:55.897090,-13.77031
2024-04-29 14:02:55.912720,-10.03375
2024-04-29 14:02:55.928340,-5.82478
2024-04-29 14:02:55.943970,-1.657288
2024-04-29 14:02:55.959590,2.064384
2024-04-29 14:02:55.975220,5.117596
2024-04-29 14:02:55.990850,7.473339
2024-04-29 14:02:56.006470,9.211731
2024-04-29 14:02:56.022100,10.45077
2024-04-29 14:02:56.037720,11.27991
2024-04-29 14:02:56.053350,11.71626
2024-04-29 14:02:56.068970,11.77801
2024-04-29 14:02:56.084600,11.53497
2024-04-29 14:02:56.100230,11.13532
2024-04-29 14:02:56.115850,10.77691
2024-04-29 14:02:56.131480,10.62273
2024-04-29 14:02:56.147100,10.72456
2024-04-29 14:02:56.162730,10.97814
2024-04-29 14:02:56.178350,11.19399
2024-04-29 14:02:56.193980,11.17864
2024-04-29 14:02:56.209610,10.84066
2024-04-29 14:02:56.225230,10.22597
2024-04-29 14:02:56.240860,9.461418
2024-04-29 14:02:56.256480,8.656292
2024-04-29 14:02:56.272110,7.838158
2024-04-29 14:02:56.287730,6.955082
2024-04-29 14:02:56.303360,5.91708
2024-04-29 14:02:56.318990,4.704586
2024-04-29 14:02:56.334610,3.401398
2024-04-29 14:02:56.350240,2.188633
2024-04-29 14:02:56.365860,1.232811
2024-04-29 14:02:56.381490,0.5735664
2024-04-29 14:02:56.397110,0.09890556
2024-04-29 14:02:56.412740,-0.4205971
2024-04-29 14:02:56.428370,-1.182405
2024-04-29 14:02:56.443990,-2.287268
2024-04-29 14:02:56.459620,-3.663923
2024-04-29 14:02:56.475240,-5.14776
2024-04-29 14:02:56.490870,-6.542784
2024-04-29 14:02:56.506490,-7.759129
2024-04-29 14:02:56.522120,-8.832521
2024-04-29 14:02:56.537750,-9.919256
2024-04-29 14:02:56.553370,-11.20938
2024-04-29 14:02:56.569000,-12.87725
2024-04-29 14:02:56.584620,-15.0007
2024-04-29 14:02:56.600250,-17.47722
2024-04-29 14:02:56.615870,-20.03226
2024-04-29 14:02:56.631500,-22.20321
2024-04-29 14:02:56.647130,-23.43373
2024-04-29 14:02:56.662750,-23.24545
2024-04-29 14:02:56.678380,-21.38694
2024-04-29 14:02:56.694000,-17.97414
2024-04-29 14:02:56.709630,-13.47191
2024-04-29 14:02:56.725250,-8.553685
2024-04-29 14:02:56.740880,-3.874982
2024-04-29 14:02:56.756510,0.09776688
2024-04-29 14:02:56.772130,3.182419
2024-04-29 14:02:56.787760,5.439084
2024-04-29 14:02:56.803380,7.06799
2024-04-29 14:02:56.819010,8.272058
2024-04-29 14:02:56.834630,9.184716
2024-04-29 14:02:56.850260,9.848791
2024-04-29 14:02:56.865890,10.2699
2024-04-29 14:02:56.881510,10.45632
2024-04-29 14:02:56.897140,10.45671
2024-04-29 14:02:56.912760,10.33718
2024-04-29 14:02:56.928390,10.18238
2024-04-29 14:02:56.944020,10.0359
2024-04-29 14:02:56.959640,9.904318
2024-04-29 14:02:56.975270,9.723185
2024-04-29 14:02:56.990890,9.411526
2024-04-29 14:02:57.006520,8.889977
2024-04-29 14:02:57.022140,8.145369
2024-04-29 14:02:57.037770,7.207933
2024-04-29 14:02:57.053400,6.158574
2024-04-29 14:02:57.069020,5.075436
2024-04-29 14:02:57.084650,4.000084
2024-04-29 14:02:57.100270,2.92573
2024-04-29 14:02:57.115900,1.812443
2024-04-29 14:02:57.131520,0.6530933
2024-04-29 14:02:57.147150,-0.5305119
2024-04-29 14:02:57.162780,-1.661908
2024-04-29 14:02:57.178400,-2.685308
2024-04-29 14:02:57.194030,-3.580188
2024-04-29 14:02:57.209650,-4.411729
2024-04-29 14:02:57.225280,-5.286898
2024-04-29 14:02:57.240900,-6.298862
2024-04-29 14:02:57.256530,-7.492695
2024-04-29 14:02:57.272160,-8.834263
2024-04-29 14:02:57.287780,-10.2251
2024-04-29 14:02:57.303410,-11.54927
2024-04-29 14:02:57.319030,-12.71468
2024-04-29 14:02:57.334660,-13.68378
2024-04-29 14:02:57.350280,-14.5195
2024-04-29 14:02:57.365910,-15.35576
2024-04-29 14:02:57.381540,-16.39209
2024-04-29 14:02:57.397160,-17.79964
2024-04-29 14:02:57.412790,-19.6459
2024-04-29 14:02:57.428410,-21.79407
2024-04-29 14:02:57.444040,-23.90052
2024-04-29 14:02:57.459660,-25.45606
2024-04-29 14:02:57.475290,-25.93663
2024-04-29 14:02:57.490920,-24.99882
2024-04-29 14:02:57.506540,-22.58394
2024-04-29 14:02:57.522170,-18.94504
2024-04-29 14:02:57.537790,-14.54262
2024-04-29 14:02:57.553420,-9.921085
2024-04-29 14:02:57.569040,-5.533316
2024-04-29 14:02:57.584670,-1.667847
2024-04-29 14:02:57.600300,1.576527
2024-04-29 14:02:57.615920,4.194679
2024-04-29 14:02:57.631550,6.242386
2024-04-29 14:02:57.647170,7.743265
2024-04-29 14:02:57.662800,8.731468
2024-04-29 14:02:57.678420,9.252064
2024-04-29 14:02:57.694050,9.41081
2024-04-29 14:02:57.709680,9.364992
2024-04-29 14:02:57.725300,9.298447
2024-04-29 14:02:57.740930,9.34627
2024-04-29 14:02:57.756550,9.52854
2024-04-29 14:02:57.772180,9.740004
2024-04-29 14:02:57.787800,9.801418
2024-04-29 14:02:57.803430,9.545668
2024-04-29 14:02:57.819060,8.919682
2024-04-29 14:02:57.834680,8.03216
2024-04-29 14:02:57.850310,7.087847
2024-04-29 14:02:57.865930,6.300369
2024-04-29 14:02:57.881560,5.749533
2024-04-29 14:02:57.897180,5.35005
2024-04-29 14:02:57.912810,4.908449
2024-04-29 14:02:57.928440,4.220974
2024-04-29 14:02:57.944060,3.195753
2024-04-29 14:02:57.959690,1.911024
2024-04-29 14:02:57.975310,0.5642185
2024-04-29 14:02:57.990940,-0.6277237
2024-04-29 14:02:58.006560,-1.541704
2024-04-29 14:02:58.022190,-2.203474
2024-04-29 14:02:58.037820,-2.762068
2024-04-29 14:02:58.053440,-3.397572
2024-04-29 14:02:58.069070,-4.257099
2024-04-29 14:02:58.084690,-5.389996
2024-04-29 14:02:58.100320,-6.735186
2024-04-29 14:02:58.115940,-8.196568
2024-04-29 14:02:58.131570,-9.651138
2024-04-29 14:02:58.147200,-11.02373
2024-04-29 14:02:58.162820,-12.27225
2024-04-29 14:02:58.178450,-13.4266
2024-04-29 14:02:58.194070,-14.53608
2024-04-29 14:02:58.209700,-15.71836
2024-04-29 14:02:58.225320,-17.09806
2024-04-29 14:02:58.240950,-18.76344
2024-04-29 14:02:58.256580,-20.71301
2024-04-29 14:02:58.272200,-22.76556
2024-04-29 14:02:58.287830,-24.53099
2024-04-29 14:02:58.303450,-25.47178
2024-04-29 14:02:58.319080,-25.06192
2024-04-29 14:02:58.334700,-23.00177
2024-04-29 14:02:58.350330,-19.36571
2024-04-29 14:02:58.365960,-14.5786
2024-04-29 14:02:58.381580,-9.305277
2024-04-29 14:02:58.397210,-4.199878
2024-04-29 14:02:58.412830,0.2896786
2024-04-29 14:02:58.428460,3.988854
2024-04-29 14:02:58.444080,6.930509
2024-04-29 14:02:58.459710,9.232326
2024-04-29 14:02:58.475340,10.97631
2024-04-29 14:02:58.490960,12.19212
2024-04-29 14:02:58.506590,12.89041
2024-04-29 14:02:58.522210,13.13759
2024-04-29 14:02:58.537840,13.0898
2024-04-29 14:02:58.553460,12.97383
2024-04-29 14:02:58.569090,12.98109
2024-04-29 14:02:58.584720,13.20664
2024-04-29 14:02:58.600340,13.60635
2024-04-29 14:02:58.615970,14.00804
2024-04-29 14:02:58.631590,14.22245
2024-04-29 14:02:58.647220,14.12485
2024-04-29 14:02:58.662840,13.70377
2024-04-29 14:02:58.678470,13.04518
2024-04-29 14:02:58.694100,12.3079
2024-04-29 14:02:58.709720,11.62978
2024-04-29 14:02:58.725350,11.05552
2024-04-29 14:02:58.740970,10.5581
2024-04-29 14:02:58.756600,10.00337
2024-04-29 14:02:58.772220,9.267662
2024-04-29 14:02:58.787850,8.257417
2024-04-29 14:02:58.803480,6.973155
2024-04-29 14:02:58.819100,5.509887
2024-04-29 14:02:58.834730,4.017366
2024-04-29 14:02:58.850350,2.626377
2024-04-29 14:02:58.865980,1.385699
2024-04-29 14:02:58.881600,0.2411811
2024-04-29 14:02:58.897230,-0.9247444
2024-04-29 14:02:58.912860,-2.206556
2024-04-29 14:02:58.928480,-3.599952
2024-04-29 14:02:58.944110,-4.998759
2024-04-29 14:02:58.959730,-6.253664
2024-04-29 14:02:58.975360,-7.304032
2024-04-29 14:02:58.990980,-8.21349
2024-04-29 14:02:59.006610,-9.191833
2024-04-29 14:02:59.022240,-10.47814
2024-04-29 14:02:59.037860,-12.23081
2024-04-29 14:02:59.053490,-14.46224
2024-04-29 14:02:59.069110,-17.05905
2024-04-29 14:02:59.084740,-19.83472
2024-04-29 14:02:59.100360,-22.56692
2024-04-29 14:02:59.115990,-25.00511
2024-04-29 14:02:59.131620,-26.83531
2024-04-29 14:02:59.147240,-27.65488
2024-04-29 14:02:59.162870,-27.07742
2024-04-29 14:02:59.178490,-24.85767
2024-04-29 14:02:59.194120,-21.02206
2024-04-29 14:02:59.209740,-15.91499
2024-04-29 14:02:59.225370,-10.13215
2024-04-29 14:02:59.241000,-4.333052
2024-04-29 14:02:59.256620,0.9197445
2024-04-29 14:02:59.272250,5.274878
2024-04-29 14:02:59.287870,8.629868
2024-04-29 14:02:59.303500,11.05784
2024-04-29 14:02:59.319120,12.68907
2024-04-29 14:02:59.334750,13.66321
2024-04-29 14:02:59.350380,14.09636
2024-04-29 14:02:59.366000,14.09215
2024-04-29 14:02:59.381630,13.80025
2024-04-29 14:02:59.397250,13.41232
2024-04-29 14:02:59.412880,13.14395
2024-04-29 14:02:59.428500,13.18441
2024-04-29 14:02:59.444130,13.62963
2024-04-29 14:02:59.459760,14.45901
2024-04-29 14:02:59.475380,15.50241
2024-04-29 14:02:59.491010,16.52003
2024-04-29 14:02:59.506630,17.24987
2024-04-29 14:02:59.522260,17.50479
2024-04-29 14:02:59.537880,17.20126
2024-04-29 14:02:59.553510,16.3889
2024-04-29 14:02:59.569140,15.19024
2024-04-29 14:02:59.584760,13.75494
2024-04-29 14:02:59.600390,12.19445
2024-04-29 14:02:59.616010,10.55784
2024-04-29 14:02:59.631640,8.839039
2024-04-29 14:02:59.647270,7.038136
2024-04-29 14:02:59.662890,5.212788
2024-04-29 14:02:59.678520,3.472946
2024-04-29 14:02:59.694140,1.927597
2024-04-29 14:02:59.709770,0.580574
2024-04-29 14:02:59.725390,-0.6939125
2024-04-29 14:02:59.741020,-2.115093
2024-04-29 14:02:59.756650,-3.853279
2024-04-29 14:02:59.772270,-5.915871
2024-04-29 14:02:59.787900,-8.097721
2024-04-29 14:02:59.803520,-10.05769
2024-04-29 14:02:59.819150,-11.49701
2024-04-29 14:02:59.834770,-12.3062
2024-04-29 14:02:59.850400,-12.65878
2024-04-29 14:02:59.866030,-12.92594
2024-04-29 14:02:59.881650,-13.53012
2024-04-29 14:02:59.897280,-14.78131
2024-04-29 14:02:59.912900,-16.74457
2024-04-29 14:02:59.928530,-19.18698
2024-04-29 14:02:59.944150,-21.6125
2024-04-29 14:02:59.959780,-23.36908
2024-04-29 14:02:59.975410,-23.80497
2024-04-29 14:02:59.991030,-22.46199
2024-04-29 14:03:00.006660,-19.21689
2024-04-29 14:03:00.022280,-14.33509
2024-04-29 14:03:00.037910,-8.410664
2024-04-29 14:03:00.053530,-2.171165
2024-04-29 14:03:00.069160,3.714104
2024-04-29 14:03:00.084790,8.775749
2024-04-29 14:03:00.100410,12.75846
2024-04-29 14:03:00.116040,15.60953
2024-04-29 14:03:00.131660,17.36826
2024-04-29 14:03:00.147290,18.13006
2024-04-29 14:03:00.162910,18.04039
2024-04-29 14:03:00.178540,17.30322
2024-04-29 14:03:00.194170,16.19971
2024-04-29 14:03:00.209790,15.05202
2024-04-29 14:03:00.225420,14.16304
2024-04-29 14:03:00.241040,13.74047
2024-04-29 14:03:00.256670,13.86425
2024-04-29 14:03:00.272290,14.44439
2024-04-29 14:03:00.287920,15.26276
2024-04-29 14:03:00.303550,16.05122
2024-04-29 14:03:00.319170,16.57431
2024-04-29 14:03:00.334800,16.69419
2024-04-29 14:03:00.350420,16.38818
2024-04-29 14:03:00.366050,15.69524
2024-04-29 14:03:00.381670,14.6772
2024-04-29 14:03:00.397300,13.3654
2024-04-29 14:03:00.412930,11.77089
2024-04-29 14:03:00.428550,9.926857
2024-04-29 14:03:00.444180,7.928005
2024-04-29 14:03:00.459800,5.950691
2024-04-29 14:03:00.475430,4.162315
2024-04-29 14:03:00.491050,2.620163
2024-04-29 14:03:00.506680,1.235615
2024-04-29 14:03:00.522310,-0.2137642
2024-04-29 14:03:00.537930,-1.954102
2024-04-29 14:03:00.553560,-4.071777
2024-04-29 14:03:00.569180,-6.428722
2024-04-29 14:03:00.584810,-8.749439
2024-04-29 14:03:00.600430,-10.72565
2024-04-29 14:03:00.616060,-12.1977
2024-04-29 14:03:00.631690,-13.2635
2024-04-29 14:03:00.647310,-14.21162
2024-04-29 14:03:00.662940,-15.41599
2024-04-29 14:03:00.678560,-17.16997
2024-04-29 14:03:00.694190,-19.54503
2024-04-29 14:03:00.709810,-22.3266
2024-04-29 14:03:00.725440,-25.03971
2024-04-29 14:03:00.741070,-27.06339
2024-04-29 14:03:00.756690,-27.74046
2024-04-29 14:03:00.772320,-26.62421
2024-04-29 14:03:00.787940,-23.56982
2024-04-29 14:03:00.803570,-18.81754
2024-04-29 14:03:00.819190,-12.89286
2024-04-29 14:03:00.834820,-6.478081
2024-04-29 14:03:00.850450,-0.2039566
2024-04-29 14:03:00.866070,5.443504
2024-04-29 14:03:00.881700,10.17056
2024-04-29 14:03:00.897320,13.83458
2024-04-29 14:03:00.912950,16.3983
2024-04-29 14:03:00.928570,17.90018
2024-04-29 14:03:00.944200,18.44522
2024-04-29 14:03:00.959830,18.22586
2024-04-29 14:03:00.975450,17.50165
2024-04-29 14:03:00.991080,16.57355
2024-04-29 14:03:01.006700,15.73232
2024-04-29 14:03:01.022330,15.20417
2024-04-29 14:03:01.037950,15.11646
2024-04-29 14:03:01.053580,15.43795
2024-04-29 14:03:01.069210,16.02187
2024-04-29 14:03:01.084830,16.61177
2024-04-29 14:03:01.100460,16.94152
2024-04-29 14:03:01.116080,16.82509
2024-04-29 14:03:01.131710,16.22269
2024-04-29 14:03:01.147330,15.23888
2024-04-29 14:03:01.162960,14.05235
2024-04-29 14:03:01.178590,12.80801
2024-04-29 14:03:01.194210,11.554
2024-04-29 14:03:01.209840,10.2468
2024-04-29 14:03:01.225460,8.814331
2024-04-29 14:03:01.241090,7.196274
2024-04-29 14:03:01.256710,5.408539
2024-04-29 14:03:01.272340,3.511223
2024-04-29 14:03:01.287970,1.582794
2024-04-29 14:03:01.303590,-0.3449554
2024-04-29 14:03:01.319220,-2.275627
2024-04-29 14:03:01.334840,-4.209877
2024-04-29 14:03:01.350470,-6.150757
2024-04-29 14:03:01.366090,-8.048515
2024-04-29 14:03:01.381720,-9.853516
2024-04-29 14:03:01.397350,-11.56465
2024-04-29 14:03:01.412970,-13.2365
2024-04-29 14:03:01.428600,-14.99137
2024-04-29 14:03:01.444220,-16.98397
2024-04-29 14:03:01.459850,-19.32784
2024-04-29 14:03:01.475470,-22.02012
2024-04-29 14:03:01.491100,-24.88482
2024-04-29 14:03:01.506730,-27.53944
2024-04-29 14:03:01.522350,-29.43623
2024-04-29 14:03:01.537980,-29.97649
2024-04-29 14:03:01.553600,-28.6861
2024-04-29 14:03:01.569230,-25.36523
2024-04-29 14:03:01.584850,-20.20145
2024-04-29 14:03:01.600480,-13.71749
2024-04-29 14:03:01.616110,-6.68412
2024-04-29 14:03:01.631730,0.0916214
2024-04-29 14:03:01.647360,5.953148
2024-04-29 14:03:01.662980,10.52774
2024-04-29 14:03:01.678610,13.71154
2024-04-29 14:03:01.694230,15.62728
2024-04-29 14:03:01.709860,16.51877
2024-04-29 14:03:01.725490,16.67564
2024-04-29 14:03:01.741110,16.39021
2024-04-29 14:03:01.756740,15.90108
2024-04-29 14:03:01.772360,15.41643
2024-04-29 14:03:01.787990,15.09611
2024-04-29 14:03:01.803620,15.04306
2024-04-29 14:03:01.819240,15.2636
2024-04-29 14:03:01.834870,15.69159
2024-04-29 14:03:01.850490,16.16624
2024-04-29 14:03:01.866120,16.49474
2024-04-29 14:03:01.881740,16.52229
2024-04-29 14:03:01.897370,16.15418
2024-04-29 14:03:01.913000,15.40512
2024-04-29 14:03:01.928620,14.35393
2024-04-29 14:03:01.944250,13.1256
2024-04-29 14:03:01.959870,11.79915
2024-04-29 14:03:01.975500,10.423
2024-04-29 14:03:01.991120,8.994621
2024-04-29 14:03:02.006750,7.471848
2024-04-29 14:03:02.022380,5.832527
2024-04-29 14:03:02.038000,4.054413
2024-04-29 14:03:02.053630,2.153465
2024-04-29 14:03:02.069250,0.1611786
2024-04-29 14:03:02.084880,-1.864685
2024-04-29 14:03:02.100500,-3.84478
2024-04-29 14:03:02.116130,-5.69368
2024-04-29 14:03:02.131760,-7.341049
2024-04-29 14:03:02.147380,-8.798233
2024-04-29 14:03:02.163010,-10.14496
2024-04-29 14:03:02.178630,-11.53288
2024-04-29 14:03:02.194260,-13.12843
2024-04-29 14:03:02.209880,-15.07382
2024-04-29 14:03:02.225510,-17.4174
2024-04-29 14:03:02.241140,-20.06921
2024-04-29 14:03:02.256760,-22.78594
2024-04-29 14:03:02.272390,-25.13761
2024-04-29 14:03:02.288010,-26.59706
2024-04-29 14:03:02.303640,-26.61107
2024-04-29 14:03:02.319260,-24.76975
2024-04-29 14:03:02.334890,-20.95834
2024-04-29 14:03:02.350520,-15.46416
2024-04-29 14:03:02.366140,-8.930637
2024-04-29 14:03:02.381770,-2.221302
2024-04-29 14:03:02.397390,3.823006
2024-04-29 14:03:02.413020,8.634117
2024-04-29 14:03:02.428640,12.00989
2024-04-29 14:03:02.444270,14.09284
2024-04-29 14:03:02.459900,15.21639
2024-04-29 14:03:02.475520,15.73306
2024-04-29 14:03:02.491150,15.89585
2024-04-29 14:03:02.506770,15.85649
2024-04-29 14:03:02.522400,15.71036
2024-04-29 14:03:02.538020,15.53476
2024-04-29 14:03:02.553650,15.42087
2024-04-29 14:03:02.569280,15.42266
2024-04-29 14:03:02.584900,15.53468
2024-04-29 14:03:02.600530,15.67426
2024-04-29 14:03:02.616150,15.72444
2024-04-29 14:03:02.631780,15.59661
2024-04-29 14:03:02.647400,15.25492
2024-04-29 14:03:02.663030,14.69302
2024-04-29 14:03:02.678660,13.92311
2024-04-29 14:03:02.694280,12.94488
2024-04-29 14:03:02.709910,11.75703
2024-04-29 14:03:02.725530,10.37463
2024-04-29 14:03:02.741160,8.86182
2024-04-29 14:03:02.756780,7.302055
2024-04-29 14:03:02.772410,5.783489
2024-04-29 14:03:02.788040,4.32859
2024-04-29 14:03:02.803660,2.873882
2024-04-29 14:03:02.819290,1.321148
2024-04-29 14:03:02.834910,-0.4058075
2024-04-29 14:03:02.850540,-2.322205
2024-04-29 14:03:02.866160,-4.343067
2024-04-29 14:03:02.881790,-6.34716
2024-04-29 14:03:02.897420,-8.213501
2024-04-29 14:03:02.913040,-9.89534
2024-04-29 14:03:02.928670,-11.41818
2024-04-29 14:03:02.944290,-12.89331
2024-04-29 14:03:02.959920,-14.45234
2024-04-29 14:03:02.975540,-16.19849
2024-04-29 14:03:02.991170,-18.18378
2024-04-29 14:03:03.006800,-20.3871
2024-04-29 14:03:03.022420,-22.66807
2024-04-29 14:03:03.038050,-24.75184
2024-04-29 14:03:03.053670,-26.23291
2024-04-29 14:03:03.069300,-26.60763
2024-04-29 14:03:03.084920,-25.42513
2024-04-29 14:03:03.100550,-22.4513
2024-04-29 14:03:03.116180,-17.79458
2024-04-29 14:03:03.131800,-11.93373
2024-04-29 14:03:03.147430,-5.611568
2024-04-29 14:03:03.163050,0.3859444
2024-04-29 14:03:03.178680,5.448467
2024-04-29 14:03:03.194300,9.285152
2024-04-29 14:03:03.209930,11.92328
2024-04-29 14:03:03.225560,13.56935
2024-04-29 14:03:03.241180,14.46952
2024-04-29 14:03:03.256810,14.79243
2024-04-29 14:03:03.272430,14.64229
2024-04-29 14:03:03.288060,14.14542
2024-04-29 14:03:03.303680,13.49581
2024-04-29 14:03:03.319310,12.94936
2024-04-29 14:03:03.334940,12.76015
2024-04-29 14:03:03.350560,13.04349
2024-04-29 14:03:03.366190,13.71653
2024-04-29 14:03:03.381810,14.54641
2024-04-29 14:03:03.397440,15.25243
2024-04-29 14:03:03.413060,15.63421
2024-04-29 14:03:03.428690,15.62497
2024-04-29 14:03:03.444320,15.27826
2024-04-29 14:03:03.459940,14.68961
2024-04-29 14:03:03.475570,13.91868
2024-04-29 14:03:03.491190,12.97281
2024-04-29 14:03:03.506820,11.80789
2024-04-29 14:03:03.522440,10.40024
2024-04-29 14:03:03.538070,8.769516
2024-04-29 14:03:03.553700,6.959866
2024-04-29 14:03:03.569320,5.024235
2024-04-29 14:03:03.584950,2.996761
2024-04-29 14:03:03.600570,0.8901024
2024-04-29 14:03:03.616200,-1.283627
2024-04-29 14:03:03.631820,-3.484451
2024-04-29 14:03:03.647450,-5.638752
2024-04-29 14:03:03.663080,-7.66103
2024-04-29 14:03:03.678700,-9.46912
2024-04-29 14:03:03.694330,-10.99952
2024-04-29 14:03:03.709950,-12.26375
2024-04-29 14:03:03.725580,-13.32763
2024-04-29 14:03:03.741200,-14.3248
2024-04-29 14:03:03.756830,-15.45145
2024-04-29 14:03:03.772460,-16.90885
2024-04-29 14:03:03.788080,-18.81853
2024-04-29 14:03:03.803710,-21.15679
2024-04-29 14:03:03.819330,-23.66442
2024-04-29 14:03:03.834960,-25.84344
2024-04-29 14:03:03.850580,-27.06183
2024-04-29 14:03:03.866210,-26.72513
2024-04-29 14:03:03.881840,-24.48266
2024-04-29 14:03:03.897460,-20.36841
2024-04-29 14:03:03.913090,-14.79096
2024-04-29 14:03:03.928710,-8.464746
2024-04-29 14:03:03.944340,-2.193914
2024-04-29 14:03:03.959960,3.358164
2024-04-29 14:03:03.975590,7.780815
2024-04-29 14:03:03.991220,10.96613
2024-04-29 14:03:04.006840,12.99458
2024-04-29 14:03:04.022470,14.04833
2024-04-29 14:03:04.038090,14.31778
2024-04-29 14:03:04.053720,14.02099
2024-04-29 14:03:04.069350,13.4153
2024-04-29 14:03:04.084970,12.77127
2024-04-29 14:03:04.100600,12.36215
2024-04-29 14:03:04.116220,12.33441
2024-04-29 14:03:04.131850,12.69052
2024-04-29 14:03:04.147470,13.28216
2024-04-29 14:03:04.163100,13.88654
2024-04-29 14:03:04.178730,14.2971
2024-04-29 14:03:04.194350,14.41794
2024-04-29 14:03:04.209980,14.22486
2024-04-29 14:03:04.225600,13.74854
2024-04-29 14:03:04.241230,13.0354
2024-04-29 14:03:04.256850,12.10931
2024-04-29 14:03:04.272480,10.97644
2024-04-29 14:03:04.288110,9.652939
2024-04-29 14:03:04.303730,8.156704
2024-04-29 14:03:04.319360,6.51075
2024-04-29 14:03:04.334980,4.763868
2024-04-29 14:03:04.350610,2.97556
2024-04-29 14:03:04.366230,1.224251
2024-04-29 14:03:04.381860,-0.4279709
2024-04-29 14:03:04.397490,-1.995394
2024-04-29 14:03:04.413110,-3.540714
2024-04-29 14:03:04.428740,-5.149681
2024-04-29 14:03:04.444360,-6.877068
2024-04-29 14:03:04.459990,-8.688919
2024-04-29 14:03:04.475610,-10.47219
2024-04-29 14:03:04.491240,-12.10286
2024-04-29 14:03:04.506870,-13.51838
2024-04-29 14:03:04.522490,-14.74836
2024-04-29 14:03:04.538120,-15.93247
2024-04-29 14:03:04.553740,-17.24611
2024-04-29 14:03:04.569370,-18.79672
2024-04-29 14:03:04.584990,-20.59548
2024-04-29 14:03:04.600620,-22.49399
2024-04-29 14:03:04.616250,-24.19508
2024-04-29 14:03:04.631870,-25.30255
2024-04-29 14:03:04.647500,-25.38676
2024-04-29 14:03:04.663120,-24.0785
2024-04-29 14:03:04.678750,-21.20381
2024-04-29 14:03:04.694370,-16.85095
2024-04-29 14:03:04.710000,-11.38887
2024-04-29 14:03:04.725630,-5.405437
2024-04-29 14:03:04.741250,0.4298868
2024-04-29 14:03:04.756880,5.540171
2024-04-29 14:03:04.772500,9.54073
2024-04-29 14:03:04.788130,12.26947
2024-04-29 14:03:04.803750,13.80353
2024-04-29 14:03:04.819380,14.32755
2024-04-29 14:03:04.835010,14.09925
2024-04-29 14:03:04.850630,13.3819
2024-04-29 14:03:04.866260,12.44096
2024-04-29 14:03:04.881880,11.55983
2024-04-29 14:03:04.897510,10.98147
2024-04-29 14:03:04.913130,10.88787
2024-04-29 14:03:04.928760,11.28317
2024-04-29 14:03:04.944390,12.02875
2024-04-29 14:03:04.960010,12.87315
2024-04-29 14:03:04.975640,13.55619
2024-04-29 14:03:04.991260,13.90816
2024-04-29 14:03:05.006890,13.87029
2024-04-29 14:03:05.022510,13.45756
2024-04-29 14:03:05.038140,12.72359
2024-04-29 14:03:05.053770,11.71437
2024-04-29 14:03:05.069390,10.48573
2024-04-29 14:03:05.085020,9.150348
2024-04-29 14:03:05.100640,7.855171
2024-04-29 14:03:05.116270,6.709009
2024-04-29 14:03:05.131890,5.724625
2024-04-29 14:03:05.147520,4.767323
2024-04-29 14:03:05.163150,3.630538
2024-04-29 14:03:05.178770,2.154128
2024-04-29 14:03:05.194400,0.2954162
2024-04-29 14:03:05.210020,-1.836086
2024-04-29 14:03:05.225650,-4.049119
2024-04-29 14:03:05.241270,-6.182452
2024-04-29 14:03:05.256900,-8.172539
2024-04-29 14:03:05.272530,-10.00996
2024-04-29 14:03:05.288150,-11.72439
2024-04-29 14:03:05.303780,-13.31104
2024-04-29 14:03:05.319400,-14.74356
2024-04-29 14:03:05.335030,-16.04014
2024-04-29 14:03:05.350650,-17.28052
2024-04-29 14:03:05.366280,-18.55403
2024-04-29 14:03:05.381910,-19.87806
2024-04-29 14:03:05.397530,-21.09582
2024-04-29 14:03:05.413160,-21.84106
2024-04-29 14:03:05.428780,-21.67749
2024-04-29 14:03:05.444410,-20.25655
2024-04-29 14:03:05.460030,-17.45326
2024-04-29 14:03:05.475660,-13.45858
2024-04-29 14:03:05.491290,-8.703333
2024-04-29 14:03:05.506910,-3.721691
2024-04-29 14:03:05.522540,0.974638
2024-04-29 14:03:05.538160,4.984957
2024-04-29 14:03:05.553790,8.064072
2024-04-29 14:03:05.569410,10.09815
2024-04-29 14:03:05.585040,11.07372
2024-04-29 14:03:05.600670,11.10639
2024-04-29 14:03:05.616290,10.42878
2024-04-29 14:03:05.631920,9.36859
2024-04-29 14:03:05.647540,8.309001
2024-04-29 14:03:05.663170,7.574442
2024-04-29 14:03:05.678790,7.353665
2024-04-29 14:03:05.694420,7.647167
2024-04-29 14:03:05.710050,8.283376
2024-04-29 14:03:05.725670,9.00459
2024-04-29 14:03:05.741300,9.57338
2024-04-29 14:03:05.756920,9.83164
2024-04-29 14:03:05.772550,9.722705
2024-04-29 14:03:05.803800,8.427428
2024-04-29 14:03:05.819430,7.297021
2024-04-29 14:03:05.835050,5.891532
2024-04-29 14:03:05.850680,4.269276
2024-04-29 14:03:05.866300,2.535539
2024-04-29 14:03:05.881930,0.7785902
2024-04-29 14:03:05.897550,-0.9497347
2024-04-29 14:03:05.913180,-2.672157
2024-04-29 14:03:05.928810,-4.42767
2024-04-29 14:03:05.944430,-6.210208
2024-04-29 14:03:05.960060,-7.931387
2024-04-29 14:03:05.975680,-9.447403
2024-04-29 14:03:05.991310,-10.65424
2024-04-29 14:03:06.006930,-11.55265
2024-04-29 14:03:06.022560,-12.2875
2024-04-29 14:03:06.038190,-13.09296
2024-04-29 14:03:06.053810,-14.17191
2024-04-29 14:03:06.069440,-15.59609
2024-04-29 14:03:06.085060,-17.27175
2024-04-29 14:03:06.100690,-18.95505
2024-04-29 14:03:06.116310,-20.31422
2024-04-29 14:03:06.131940,-21.00071
2024-04-29 14:03:06.147570,-20.71585
2024-04-29 14:03:06.163190,-19.25779
2024-04-29 14:03:06.178820,-16.5738
2024-04-29 14:03:06.194440,-12.80125
2024-04-29 14:03:06.210070,-8.252605
2024-04-29 14:03:06.225690,-3.35748
2024-04-29 14:03:06.241320,1.436691
2024-04-29 14:03:06.256950,5.75992
2024-04-29 14:03:06.272570,9.366078
2024-04-29 14:03:06.288200,12.12245
2024-04-29 14:03:06.303820,13.99563
2024-04-29 14:03:06.319450,15.02561
2024-04-29 14:03:06.335070,15.29622
2024-04-29 14:03:06.350700,14.93988
2024-04-29 14:03:06.366330,14.14919
2024-04-29 14:03:06.381950,13.1542
2024-04-29 14:03:06.397580,12.21469
2024-04-29 14:03:06.413200,11.57092
2024-04-29 14:03:06.428830,11.3821
2024-04-29 14:03:06.444450,11.677
2024-04-29 14:03:06.460080,12.3247
2024-04-29 14:03:06.475710,13.05651
2024-04-29 14:03:06.491330,13.55457
2024-04-29 14:03:06.506960,13.57768
2024-04-29 14:03:06.522580,13.03698
2024-04-29 14:03:06.538210,11.99742
2024-04-29 14:03:06.553830,10.64461
2024-04-29 14:03:06.569460,9.172896
2024-04-29 14:03:06.585090,7.697792
2024-04-29 14:03:06.600710,6.218065
2024-04-29 14:03:06.616340,4.663013
2024-04-29 14:03:06.631960,2.940072
2024-04-29 14:03:06.647590,0.9983835
2024-04-29 14:03:06.663220,-1.122838
2024-04-29 14:03:06.678840,-3.303179
2024-04-29 14:03:06.694470,-5.359854
2024-04-29 14:03:06.710090,-7.124959
2024-04-29 14:03:06.725720,-8.485806
2024-04-29 14:03:06.741340,-9.472958
2024-04-29 14:03:06.756970,-10.22166
2024-04-29 14:03:06.772600,-10.97998
2024-04-29 14:03:06.788220,-12.01389
2024-04-29 14:03:06.803850,-13.54029
2024-04-29 14:03:06.819470,-15.62348
2024-04-29 14:03:06.835100,-18.11892
2024-04-29 14:03:06.850720,-20.64495
2024-04-29 14:03:06.866350,-22.61245
2024-04-29 14:03:06.881980,-23.38666
2024-04-29 14:03:06.897600,-22.44882
2024-04-29 14:03:06.913230,-19.63373
2024-04-29 14:03:06.928850,-15.22516
2024-04-29 14:03:06.944480,-9.874028
2024-04-29 14:03:06.960100,-4.400712
2024-04-29 14:03:06.975730,0.5171838
2024-04-29 14:03:06.991360,4.544734
2024-04-29 14:03:07.006980,7.713611
2024-04-29 14:03:07.022610,10.24531
2024-04-29 14:03:07.038230,12.3352
2024-04-29 14:03:07.053860,13.99477
2024-04-29 14:03:07.069480,15.10691
2024-04-29 14:03:07.085110,15.54594
2024-04-29 14:03:07.100740,15.33586
2024-04-29 14:03:07.116360,14.69082
2024-04-29 14:03:07.131990,13.96471
2024-04-29 14:03:07.147610,13.44664
2024-04-29 14:03:07.163240,13.26914
2024-04-29 14:03:07.178860,13.36719
2024-04-29 14:03:07.194490,13.5453
2024-04-29 14:03:07.210120,13.5802
2024-04-29 14:03:07.225740,13.30656
2024-04-29 14:03:07.241370,12.62297
2024-04-29 14:03:07.256990,11.50512
2024-04-29 14:03:07.272620,9.989441
2024-04-29 14:03:07.288240,8.162905
2024-04-29 14:03:07.303870,6.147959
2024-04-29 14:03:07.319500,4.068312
2024-04-29 14:03:07.335120,1.983913
2024-04-29 14:03:07.350750,-0.133503
2024-04-29 14:03:07.366370,-2.363183
2024-04-29 14:03:07.382000,-4.766086
2024-04-29 14:03:07.397620,-7.295275
2024-04-29 14:03:07.413250,-9.785173
2024-04-29 14:03:07.428880,-12.04449
2024-04-29 14:03:07.444500,-13.90876
2024-04-29 14:03:07.460130,-15.33323
2024-04-29 14:03:07.475750,-16.4023
2024-04-29 14:03:07.491380,-17.28372
2024-04-29 14:03:07.507000,-18.14305
2024-04-29 14:03:07.522630,-19.12846
2024-04-29 14:03:07.538260,-20.30987
2024-04-29 14:03:07.553880,-21.6821
2024-04-29 14:03:07.569510,-23.09774
2024-04-29 14:03:07.585130,-24.25817
2024-04-29 14:03:07.600760,-24.69763
2024-04-29 14:03:07.616380,-23.93882
2024-04-29 14:03:07.632010,-21.61922
2024-04-29 14:03:07.647640,-17.68638
2024-04-29 14:03:07.663260,-12.44662
2024-04-29 14:03:07.678890,-6.505523
2024-04-29 14:03:07.694510,-0.5826464
2024-04-29 14:03:07.710140,4.687166
2024-04-29 14:03:07.725760,8.922895
2024-04-29 14:03:07.741390,12.038
2024-04-29 14:03:07.757020,14.14968
2024-04-29 14:03:07.772640,15.47705
2024-04-29 14:03:07.788270,16.21856
2024-04-29 14:03:07.803890,16.51127
2024-04-29 14:03:07.819520,16.45007
2024-04-29 14:03:07.835140,16.14131
2024-04-29 14:03:07.850770,15.74239
2024-04-29 14:03:07.866400,15.42173
2024-04-29 14:03:07.882020,15.28683
2024-04-29 14:03:07.897650,15.30573
2024-04-29 14:03:07.913270,15.33885
2024-04-29 14:03:07.928900,15.17641
2024-04-29 14:03:07.944520,14.67931
2024-04-29 14:03:07.960150,13.82094
2024-04-29 14:03:07.975780,12.68716
2024-04-29 14:03:07.991400,11.37194
2024-04-29 14:03:08.007030,9.910257
2024-04-29 14:03:08.022650,8.231177
2024-04-29 14:03:08.038280,6.225064
2024-04-29 14:03:08.053900,3.833493
2024-04-29 14:03:08.069530,1.124143
2024-04-29 14:03:08.085160,-1.743453
2024-04-29 14:03:08.100780,-4.558428
2024-04-29 14:03:08.116410,-7.147234
2024-04-29 14:03:08.132030,-9.417364
2024-04-29 14:03:08.147660,-11.33887
2024-04-29 14:03:08.163280,-12.92007
2024-04-29 14:03:08.178910,-14.21031
2024-04-29 14:03:08.194540,-15.30138
2024-04-29 14:03:08.210160,-16.35807
2024-04-29 14:03:08.225790,-17.55298
2024-04-29 14:03:08.241410,-18.96798
2024-04-29 14:03:08.257040,-20.47247
2024-04-29 14:03:08.272660,-21.68394
2024-04-29 14:03:08.288290,-22.0431
2024-04-29 14:03:08.303920,-20.99677
2024-04-29 14:03:08.319540,-18.25566
2024-04-29 14:03:08.335170,-13.91792
2024-04-29 14:03:08.350790,-8.484815
2024-04-29 14:03:08.366420,-2.665791
2024-04-29 14:03:08.382040,2.878474
2024-04-29 14:03:08.397670,7.735445
2024-04-29 14:03:08.413300,11.77947
2024-04-29 14:03:08.428920,15.0518
2024-04-29 14:03:08.444550,17.58818
2024-04-29 14:03:08.460170,19.32527
2024-04-29 14:03:08.475800,20.1676
2024-04-29 14:03:08.491420,20.10217
2024-04-29 14:03:08.507050,19.34604
2024-04-29 14:03:08.522680,18.30342
2024-04-29 14:03:08.538300,17.43365
2024-04-29 14:03:08.553930,17.01631
2024-04-29 14:03:08.569550,17.04257
2024-04-29 14:03:08.585180,17.2364
2024-04-29 14:03:08.600800,17.2145
2024-04-29 14:03:08.616430,16.70399
2024-04-29 14:03:08.632060,15.64744
2024-04-29 14:03:08.647680,14.20852
2024-04-29 14:03:08.663310,12.6122
2024-04-29 14:03:08.678930,11.02596
2024-04-29 14:03:08.694560,9.453287
2024-04-29 14:03:08.710180,7.776819
2024-04-29 14:03:08.725810,5.848341
2024-04-29 14:03:08.741440,3.589305
2024-04-29 14:03:08.757060,1.04961
2024-04-29 14:03:08.772690,-1.613842
2024-04-29 14:03:08.788310,-4.188565
2024-04-29 14:03:08.803940,-6.520711
2024-04-29 14:03:08.819560,-8.550406
2024-04-29 14:03:08.835190,-10.35161
2024-04-29 14:03:08.850820,-12.08274
2024-04-29 14:03:08.866440,-13.90471
2024-04-29 14:03:08.882070,-15.93111
2024-04-29 14:03:08.897690,-18.16379
2024-04-29 14:03:08.913320,-20.48926
2024-04-29 14:03:08.928950,-22.67857
2024-04-29 14:03:08.944570,-24.44398
2024-04-29 14:03:08.960200,-25.43778
2024-04-29 14:03:08.975820,-25.33109
2024-04-29 14:03:08.991450,-23.88843
2024-04-29 14:03:09.007070,-21.00773
2024-04-29 14:03:09.022700,-16.79078
2024-04-29 14:03:09.038330,-11.52098
2024-04-29 14:03:09.053950,-5.648435
2024-04-29 14:03:09.069580,0.284934
2024-04-29 14:03:09.085200,5.747088
2024-04-29 14:03:09.100830,10.30813
2024-04-29 14:03:09.116450,13.70497
2024-04-29 14:03:09.132080,15.8562
2024-04-29 14:03:09.147710,16.88172
2024-04-29 14:03:09.163330,16.9901
2024-04-29 14:03:09.178960,16.4607
2024-04-29 14:03:09.194580,15.57466
2024-04-29 14:03:09.210210,14.59624
2024-04-29 14:03:09.225830,13.78016
2024-04-29 14:03:09.241460,13.36208
2024-04-29 14:03:09.257090,13.48542
2024-04-29 14:03:09.272710,14.13014
2024-04-29 14:03:09.288340,15.1036
2024-04-29 14:03:09.303960,16.04371
2024-04-29 14:03:09.319590,16.56532
2024-04-29 14:03:09.335210,16.42591
2024-04-29 14:03:09.350840,15.59979
2024-04-29 14:03:09.366470,14.2818
2024-04-29 14:03:09.382090,12.74582
2024-04-29 14:03:09.397720,11.19624
2024-04-29 14:03:09.413340,9.655663
2024-04-29 14:03:09.428970,8.034492
2024-04-29 14:03:09.444590,6.178619
2024-04-29 14:03:09.460220,4.025432
2024-04-29 14:03:09.475850,1.6448
2024-04-29 14:03:09.491470,-0.8064103
2024-04-29 14:03:09.507100,-3.151675
2024-04-29 14:03:09.522720,-5.273623
2024-04-29 14:03:09.538350,-7.137544
2024-04-29 14:03:09.553970,-8.772556
2024-04-29 14:03:09.569600,-10.23906
2024-04-29 14:03:09.585230,-11.61243
2024-04-29 14:03:09.600850,-13.01104
2024-04-29 14:03:09.616480,-14.56999
2024-04-29 14:03:09.632100,-16.44143
2024-04-29 14:03:09.647730,-18.66566
2024-04-29 14:03:09.663350,-21.11477
2024-04-29 14:03:09.678980,-23.43982
2024-04-29 14:03:09.694610,-25.12925
2024-04-29 14:03:09.710230,-25.64931
2024-04-29 14:03:09.725860,-24.62854
2024-04-29 14:03:09.741480,-21.99142
2024-04-29 14:03:09.757110,-17.99347
2024-04-29 14:03:09.772730,-13.157
2024-04-29 14:03:09.788360,-8.079743
2024-04-29 14:03:09.803990,-3.291716
2024-04-29 14:03:09.819610,0.8702269
2024-04-29 14:03:09.835240,4.254945
2024-04-29 14:03:09.850860,6.874903
2024-04-29 14:03:09.866490,8.798092
2024-04-29 14:03:09.882110,10.12517
2024-04-29 14:03:09.897740,10.94943
2024-04-29 14:03:09.913370,11.37786
2024-04-29 14:03:09.928990,11.55731
2024-04-29 14:03:09.944620,11.64194
2024-04-29 14:03:09.960240,11.78378
2024-04-29 14:03:09.975870,12.08668
2024-04-29 14:03:09.991490,12.57378
2024-04-29 14:03:10.007120,13.18322
2024-04-29 14:03:10.022750,13.81407
2024-04-29 14:03:10.038370,14.34924
2024-04-29 14:03:10.054000,14.68891
2024-04-29 14:03:10.069620,14.78201
2024-04-29 14:03:10.085250,14.64344
2024-04-29 14:03:10.100870,14.30639
2024-04-29 14:03:10.116500,13.81991
2024-04-29 14:03:10.132130,13.20884
2024-04-29 14:03:10.147750,12.44906
2024-04-29 14:03:10.163380,11.50454
2024-04-29 14:03:10.179000,10.35669
2024-04-29 14:03:10.194630,9.014816
2024-04-29 14:03:10.210250,7.539389
2024-04-29 14:03:10.225880,5.990053
2024-04-29 14:03:10.241510,4.425732
2024-04-29 14:03:10.257130,2.868841
2024-04-29 14:03:10.272760,1.319941
2024-04-29 14:03:10.288380,-0.2093449
2024-04-29 14:03:10.304010,-1.695156
2024-04-29 14:03:10.319630,-3.089815
2024-04-29 14:03:10.335260,-4.385691
2024-04-29 14:03:10.350890,-5.626137
2024-04-29 14:03:10.366510,-6.923683
2024-04-29 14:03:10.382140,-8.413658
2024-04-29 14:03:10.397760,-10.22701
2024-04-29 14:03:10.413390,-12.39769
2024-04-29 14:03:10.429010,-14.8246
2024-04-29 14:03:10.444640,-17.2437
2024-04-29 14:03:10.460270,-19.2623
2024-04-29 14:03:10.475890,-20.41347
2024-04-29 14:03:10.491520,-20.30108
2024-04-29 14:03:10.507140,-18.7319
2024-04-29 14:03:10.522770,-15.78759
2024-04-29 14:03:10.538390,-11.83401
2024-04-29 14:03:10.554020,-7.399702
2024-04-29 14:03:10.569650,-3.00034
2024-04-29 14:03:10.585270,1.001465
2024-04-29 14:03:10.600900,4.439857
2024-04-29 14:03:10.616520,7.305679
2024-04-29 14:03:10.632150,9.627701
2024-04-29 14:03:10.647770,11.40606
2024-04-29 14:03:10.663400,12.60172
2024-04-29 14:03:10.679030,13.21152
2024-04-29 14:03:10.694650,13.32664
2024-04-29 14:03:10.710280,13.13104
2024-04-29 14:03:10.725900,12.83921
2024-04-29 14:03:10.741530,12.60442
2024-04-29 14:03:10.757150,12.47296
2024-04-29 14:03:10.772780,12.37737
2024-04-29 14:03:10.788410,12.23788
2024-04-29 14:03:10.804030,11.99104
2024-04-29 14:03:10.819660,11.65011
2024-04-29 14:03:10.835280,11.25195
2024-04-29 14:03:10.850910,10.81382
2024-04-29 14:03:10.866530,10.31342
2024-04-29 14:03:10.882160,9.701008
2024-04-29 14:03:10.897790,8.926048
2024-04-29 14:03:10.913410,7.995735
2024-04-29 14:03:10.929040,6.968788
2024-04-29 14:03:10.944660,5.940716
2024-04-29 14:03:10.960290,4.99049
2024-04-29 14:03:10.975910,4.157524
2024-04-29 14:03:10.991540,3.404694
2024-04-29 14:03:11.007170,2.668289
2024-04-29 14:03:11.022790,1.874676
2024-04-29 14:03:11.038420,0.9535179
2024-04-29 14:03:11.054040,-0.1316223
2024-04-29 14:03:11.069670,-1.356865
2024-04-29 14:03:11.085290,-2.685505
2024-04-29 14:03:11.100920,-4.069084
2024-04-29 14:03:11.116550,-5.438076
2024-04-29 14:03:11.132170,-6.769821
2024-04-29 14:03:11.147800,-8.031578
2024-04-29 14:03:11.163420,-9.226738
2024-04-29 14:03:11.179050,-10.39204
2024-04-29 14:03:11.194670,-11.58444
2024-04-29 14:03:11.210300,-12.89269
2024-04-29 14:03:11.225930,-14.41209
2024-04-29 14:03:11.241550,-16.20715
2024-04-29 14:03:11.257180,-18.20223
2024-04-29 14:03:11.272800,-20.18584
2024-04-29 14:03:11.288430,-21.77371
2024-04-29 14:03:11.304050,-22.51841
2024-04-29 14:03:11.319680,-22.04482
2024-04-29 14:03:11.335310,-20.18707
2024-04-29 14:03:11.350930,-17.06946
2024-04-29 14:03:11.366560,-13.05883
2024-04-29 14:03:11.382180,-8.671974
2024-04-29 14:03:11.397810,-4.399017
2024-04-29 14:03:11.413430,-0.6228867
2024-04-29 14:03:11.429060,2.466515
2024-04-29 14:03:11.444690,4.803276
2024-04-29 14:03:11.460310,6.423386
2024-04-29 14:03:11.475940,7.392212
2024-04-29 14:03:11.491560,7.810425
2024-04-29 14:03:11.507190,7.838127
2024-04-29 14:03:11.522820,7.689529
2024-04-29 14:03:11.538440,7.6241
2024-04-29 14:03:11.554070,7.828438
2024-04-29 14:03:11.569690,8.382599
2024-04-29 14:03:11.585320,9.210617
2024-04-29 14:03:11.600940,10.16359
2024-04-29 14:03:11.616570,11.08824
2024-04-29 14:03:11.632200,11.88334
2024-04-29 14:03:11.647820,12.56757
2024-04-29 14:03:11.663450,13.17872
2024-04-29 14:03:11.679070,13.75844
2024-04-29 14:03:11.694700,14.28304
2024-04-29 14:03:11.710320,14.67232
2024-04-29 14:03:11.725950,14.82139
2024-04-29 14:03:11.741580,14.63591
2024-04-29 14:03:11.757200,14.08159
2024-04-29 14:03:11.772830,13.17871
2024-04-29 14:03:11.788450,12.01625
2024-04-29 14:03:11.804080,10.72884
2024-04-29 14:03:11.819700,9.467583
2024-04-29 14:03:11.835330,8.314621
2024-04-29 14:03:11.850960,7.198196
2024-04-29 14:03:11.866580,5.884552
2024-04-29 14:03:11.882210,4.023567
2024-04-29 14:03:11.897830,1.278755
2024-04-29 14:03:11.913460,-2.544151
2024-04-29 14:03:11.929080,-7.419975
2024-04-29 14:03:11.944710,-13.15233
2024-04-29 14:03:11.960340,-19.41261
2024-04-29 14:03:11.975960,-25.82968
2024-04-29 14:03:11.991590,-32.02744
2024-04-29 14:03:12.007210,-37.60535
2024-04-29 14:03:12.022840,-42.17294
2024-04-29 14:03:12.038460,-45.39059
2024-04-29 14:03:12.054090,-47.02378
2024-04-29 14:03:12.069720,-46.99629
2024-04-29 14:03:12.085340,-45.37186
2024-04-29 14:03:12.100970,-42.28532
2024-04-29 14:03:12.116590,-37.88995
2024-04-29 14:03:12.132220,-32.3558
2024-04-29 14:03:12.147840,-25.87862
2024-04-29 14:03:12.163470,-18.76974
2024-04-29 14:03:12.179100,-11.47851
2024-04-29 14:03:12.194720,-4.540024
2024-04-29 14:03:12.210350,1.534508
2024-04-29 14:03:12.225970,6.366943
2024-04-29 14:03:12.241600,9.78289
2024-04-29 14:03:12.257220,11.8235
2024-04-29 14:03:12.272850,12.69279
2024-04-29 14:03:12.288480,12.68313
2024-04-29 14:03:12.304100,12.09473
2024-04-29 14:03:12.319730,11.18176
2024-04-29 14:03:12.335350,10.17167
2024-04-29 14:03:12.350980,9.25795
2024-04-29 14:03:12.366600,8.60125
2024-04-29 14:03:12.382230,8.320396
2024-04-29 14:03:12.397860,8.448448
2024-04-29 14:03:12.413480,8.910423
2024-04-29 14:03:12.429110,9.571915
2024-04-29 14:03:12.444730,10.27905
2024-04-29 14:03:12.460360,10.92702
2024-04-29 14:03:12.475980,11.48853
2024-04-29 14:03:12.491610,11.9759
2024-04-29 14:03:12.507240,12.3417
2024-04-29 14:03:12.522860,12.4902
2024-04-29 14:03:12.538490,12.24924
2024-04-29 14:03:12.554110,11.48566
2024-04-29 14:03:12.569740,10.19682
2024-04-29 14:03:12.585360,8.537315
2024-04-29 14:03:12.600990,6.757614
2024-04-29 14:03:12.616620,5.096893
2024-04-29 14:03:12.632240,3.679939
2024-04-29 14:03:12.647870,2.470963
2024-04-29 14:03:12.663490,1.357407
2024-04-29 14:03:12.679120,0.1966095
2024-04-29 14:03:12.694740,-1.058411
2024-04-29 14:03:12.710370,-2.379745
2024-04-29 14:03:12.726000,-3.674637
2024-04-29 14:03:12.741620,-4.871422
2024-04-29 14:03:12.757250,-5.949013
2024-04-29 14:03:12.772870,-6.961876
2024-04-29 14:03:12.788500,-7.995621
2024-04-29 14:03:12.804120,-9.09108
2024-04-29 14:03:12.819750,-10.23983
2024-04-29 14:03:12.835380,-11.37609
2024-04-29 14:03:12.851000,-12.48212
2024-04-29 14:03:12.866630,-13.63066
2024-04-29 14:03:12.882250,-15.00703
2024-04-29 14:03:12.897880,-16.77937
2024-04-29 14:03:12.913500,-18.94602
2024-04-29 14:03:12.929130,-21.21677
2024-04-29 14:03:12.944760,-23.02325
2024-04-29 14:03:12.960380,-23.71117
2024-04-29 14:03:12.976010,-22.79259
2024-04-29 14:03:12.991630,-20.16315
2024-04-29 14:03:13.007260,-16.15955
2024-04-29 14:03:13.022880,-11.41225
2024-04-29 14:03:13.038510,-6.603851
2024-04-29 14:03:13.054140,-2.261101
2024-04-29 14:03:13.069760,1.332436
2024-04-29 14:03:13.085390,4.115967
2024-04-29 14:03:13.101010,6.090195
2024-04-29 14:03:13.116640,7.285706
2024-04-29 14:03:13.132260,7.758453
2024-04-29 14:03:13.147890,7.638283
2024-04-29 14:03:13.163520,7.171295
2024-04-29 14:03:13.179140,6.678413
2024-04-29 14:03:13.194770,6.472008
2024-04-29 14:03:13.210390,6.727959
2024-04-29 14:03:13.226020,7.461838
2024-04-29 14:03:13.241640,8.499947
2024-04-29 14:03:13.257270,9.615448
2024-04-29 14:03:13.272900,10.60453
2024-04-29 14:03:13.288520,11.33795
2024-04-29 14:03:13.304150,11.77921
2024-04-29 14:03:13.319770,11.93264
2024-04-29 14:03:13.335400,11.80049
2024-04-29 14:03:13.351020,11.36337
2024-04-29 14:03:13.366650,10.6198
2024-04-29 14:03:13.382280,9.589363
2024-04-29 14:03:13.397900,8.343956
2024-04-29 14:03:13.413530,6.993568
2024-04-29 14:03:13.429150,5.642464
2024-04-29 14:03:13.444780,4.362434
2024-04-29 14:03:13.460400,3.184715
2024-04-29 14:03:13.476030,2.09787
2024-04-29 14:03:13.491660,1.049225
2024-04-29 14:03:13.507280,-0.0001678467
2024-04-29 14:03:13.522910,-1.114891
2024-04-29 14:03:13.538530,-2.355804
2024-04-29 14:03:13.554160,-3.746033
2024-04-29 14:03:13.569780,-5.27697
2024-04-29 14:03:13.585410,-6.865707
2024-04-29 14:03:13.601040,-8.39196
2024-04-29 14:03:13.616660,-9.747932
2024-04-29 14:03:13.632290,-10.88077
2024-04-29 14:03:13.647910,-11.85145
2024-04-29 14:03:13.663540,-12.86246
2024-04-29 14:03:13.679160,-14.1626
2024-04-29 14:03:13.694790,-15.9555
2024-04-29 14:03:13.710420,-18.24684
2024-04-29 14:03:13.726040,-20.76231
2024-04-29 14:03:13.741670,-22.9859
2024-04-29 14:03:13.757290,-24.28881
2024-04-29 14:03:13.772920,-24.11988
2024-04-29 14:03:13.788550,-22.20705
2024-04-29 14:03:13.804170,-18.65569
2024-04-29 14:03:13.819800,-13.90458
2024-04-29 14:03:13.835420,-8.607849
2024-04-29 14:03:13.851050,-3.438934
2024-04-29 14:03:13.866670,1.079197
2024-04-29 14:03:13.882300,4.652138
2024-04-29 14:03:13.897930,7.193302
2024-04-29 14:03:13.913550,8.758312
2024-04-29 14:03:13.929180,9.479824
2024-04-29 14:03:13.944800,9.540825
2024-04-29 14:03:13.960430,9.164658
2024-04-29 14:03:13.976050,8.618114
2024-04-29 14:03:13.991680,8.158348
2024-04-29 14:03:14.007310,7.99752
2024-04-29 14:03:14.022930,8.257713
2024-04-29 14:03:14.038560,8.934006
2024-04-29 14:03:14.054180,9.900169
2024-04-29 14:03:14.069810,10.96471
2024-04-29 14:03:14.085430,11.91739
2024-04-29 14:03:14.101060,12.59243
2024-04-29 14:03:14.116690,12.89251
2024-04-29 14:03:14.132310,12.78531
2024-04-29 14:03:14.147940,12.31152
2024-04-29 14:03:14.163560,11.54102
2024-04-29 14:03:14.179190,10.56464
2024-04-29 14:03:14.194810,9.435493
2024-04-29 14:03:14.210440,8.170765
2024-04-29 14:03:14.226070,6.752789
2024-04-29 14:03:14.241690,5.149155
2024-04-29 14:03:14.257320,3.341091
2024-04-29 14:03:14.272940,1.374828
2024-04-29 14:03:14.288570,-0.6622849
2024-04-29 14:03:14.304190,-2.66666
2024-04-29 14:03:14.319820,-4.525589
2024-04-29 14:03:14.335450,-6.18494
2024-04-29 14:03:14.351070,-7.607948
2024-04-29 14:03:14.366700,-8.839504
2024-04-29 14:03:14.382320,-9.954578
2024-04-29 14:03:14.397950,-11.05974
2024-04-29 14:03:14.413570,-12.27769
2024-04-29 14:03:14.429200,-13.75473
2024-04-29 14:03:14.444830,-15.60178
2024-04-29 14:03:14.460450,-17.85148
2024-04-29 14:03:14.476080,-20.39876
2024-04-29 14:03:14.491700,-22.92797
2024-04-29 14:03:14.507330,-24.94695
2024-04-29 14:03:14.522950,-25.87788
2024-04-29 14:03:14.538580,-25.21251
2024-04-29 14:03:14.554210,-22.71307
2024-04-29 14:03:14.569830,-18.50665
2024-04-29 14:03:14.585460,-13.06692
2024-04-29 14:03:14.601080,-7.088139
2024-04-29 14:03:14.616710,-1.252352
2024-04-29 14:03:14.632330,3.934644
2024-04-29 14:03:14.647960,8.193204
2024-04-29 14:03:14.663590,11.44706
2024-04-29 14:03:14.679210,13.74129
2024-04-29 14:03:14.694840,15.14711
2024-04-29 14:03:14.710460,15.77324
2024-04-29 14:03:14.726090,15.77558
2024-04-29 14:03:14.741710,15.39012
2024-04-29 14:03:14.757340,14.92025
2024-04-29 14:03:14.772970,14.65451
2024-04-29 14:03:14.788590,14.78852
2024-04-29 14:03:14.804220,15.3457
2024-04-29 14:03:14.819840,16.20117
2024-04-29 14:03:14.835470,17.12379
2024-04-29 14:03:14.851090,17.87461
2024-04-29 14:03:14.866720,18.27842
2024-04-29 14:03:14.882350,18.23334
2024-04-29 14:03:14.897970,17.73079
2024-04-29 14:03:14.913600,16.84072
2024-04-29 14:03:14.929220,15.68019
2024-04-29 14:03:14.944850,14.36595
2024-04-29 14:03:14.960470,12.97454
2024-04-29 14:03:14.976100,11.50963
2024-04-29 14:03:14.991730,9.88775
2024-04-29 14:03:15.007350,8.019374
2024-04-29 14:03:15.022980,5.825289
2024-04-29 14:03:15.038600,3.325488
2024-04-29 14:03:15.054230,0.6559639
2024-04-29 14:03:15.069850,-1.99363
2024-04-29 14:03:15.085480,-4.432561
2024-04-29 14:03:15.101110,-6.550086
2024-04-29 14:03:15.116730,-8.335267
2024-04-29 14:03:15.132360,-9.874464
2024-04-29 14:03:15.147980,-11.27302
2024-04-29 14:03:15.163610,-12.67782
2024-04-29 14:03:15.179230,-14.21228
2024-04-29 14:03:15.194860,-15.98689
2024-04-29 14:03:15.210490,-18.10174
2024-04-29 14:03:15.226110,-20.56196
2024-04-29 14:03:15.241740,-23.22986
2024-04-29 14:03:15.257360,-25.73472
2024-04-29 14:03:15.272990,-27.54487
2024-04-29 14:03:15.288610,-28.01979
2024-04-29 14:03:15.304240,-26.66088
2024-04-29 14:03:15.319870,-23.28815
2024-04-29 14:03:15.335490,-18.12844
2024-04-29 14:03:15.351120,-11.81817
2024-04-29 14:03:15.366740,-5.158876
2024-04-29 14:03:15.382370,1.09075
2024-04-29 14:03:15.397990,6.432274
2024-04-29 14:03:15.413620,10.65187
2024-04-29 14:03:15.429250,13.76987
2024-04-29 14:03:15.444870,15.89889
2024-04-29 14:03:15.460500,17.14357
2024-04-29 14:03:15.476120,17.60332
2024-04-29 14:03:15.491750,17.39803
2024-04-29 14:03:15.507370,16.75851
2024-04-29 14:03:15.523000,16.02581
2024-04-29 14:03:15.538630,15.54702
2024-04-29 14:03:15.554250,15.59021
2024-04-29 14:03:15.569880,16.21621
2024-04-29 14:03:15.585500,17.25534
2024-04-29 14:03:15.601130,18.34723
2024-04-29 14:03:15.616750,19.12339
2024-04-29 14:03:15.632380,19.27614
2024-04-29 14:03:15.648010,18.71988
2024-04-29 14:03:15.663630,17.57753
2024-04-29 14:03:15.679260,16.08843
2024-04-29 14:03:15.694880,14.52287
2024-04-29 14:03:15.710510,13.05041
2024-04-29 14:03:15.726130,11.68563
2024-04-29 14:03:15.741760,10.3171
2024-04-29 14:03:15.757390,8.806854
2024-04-29 14:03:15.773010,7.03495
2024-04-29 14:03:15.788640,4.976681
2024-04-29 14:03:15.804260,2.721378
2024-04-29 14:03:15.819890,0.3800163
2024-04-29 14:03:15.835510,-1.892635
2024-04-29 14:03:15.851140,-3.992237
2024-04-29 14:03:15.866770,-5.895775
2024-04-29 14:03:15.882390,-7.669559
2024-04-29 14:03:15.898020,-9.436592
2024-04-29 14:03:15.913640,-11.34717
2024-04-29 14:03:15.929270,-13.49093
2024-04-29 14:03:15.944900,-15.85928
2024-04-29 14:03:15.960520,-18.36597
2024-04-29 14:03:15.976150,-20.84557
2024-04-29 14:03:15.991770,-23.09984
2024-04-29 14:03:16.007400,-24.90194
2024-04-29 14:03:16.023020,-25.95392
2024-04-29 14:03:16.038650,-25.90844
2024-04-29 14:03:16.054280,-24.40799
2024-04-29 14:03:16.069900,-21.19081
2024-04-29 14:03:16.085530,-16.25699
2024-04-29 14:03:16.101150,-10.0015
2024-04-29 14:03:16.116780,-3.122742
2024-04-29 14:03:16.132400,3.517338
2024-04-29 14:03:16.148030,9.164761
2024-04-29 14:03:16.163660,13.3984
2024-04-29 14:03:16.179280,16.17213
2024-04-29 14:03:16.194910,17.70972
2024-04-29 14:03:16.210530,18.35441
2024-04-29 14:03:16.226160,18.38828
2024-04-29 14:03:16.241780,17.9947
2024-04-29 14:03:16.257410,17.29372
2024-04-29 14:03:16.273040,16.44662
2024-04-29 14:03:16.288660,15.661
2024-04-29 14:03:16.304290,15.19208
2024-04-29 14:03:16.319910,15.20427
2024-04-29 14:03:16.335540,15.69553
2024-04-29 14:03:16.351160,16.46934
2024-04-29 14:03:16.366790,17.18525
2024-04-29 14:03:16.382420,17.52829
2024-04-29 14:03:16.398040,17.31078
2024-04-29 14:03:16.413670,16.54803
2024-04-29 14:03:16.429290,15.39348
2024-04-29 14:03:16.444920,14.08167
2024-04-29 14:03:16.460540,12.78444
2024-04-29 14:03:16.476170,11.55924
2024-04-29 14:03:16.491800,10.33555
2024-04-29 14:03:16.507420,8.966209
2024-04-29 14:03:16.523050,7.341766
2024-04-29 14:03:16.538670,5.431038
2024-04-29 14:03:16.554300,3.296837
2024-04-29 14:03:16.569920,1.060577
2024-04-29 14:03:16.585550,-1.162323
2024-04-29 14:03:16.601180,-3.312874
2024-04-29 14:03:16.616800,-5.38308
2024-04-29 14:03:16.632430,-7.376701
2024-04-29 14:03:16.648050,-9.292137
2024-04-29 14:03:16.663680,-11.09523
2024-04-29 14:03:16.679300,-12.76868
2024-04-29 14:03:16.694930,-14.34521
2024-04-29 14:03:16.710560,-15.92387
2024-04-29 14:03:16.726180,-17.61376
2024-04-29 14:03:16.741810,-19.42153
2024-04-29 14:03:16.757430,-21.14902
2024-04-29 14:03:16.773060,-22.34775
2024-04-29 14:03:16.788680,-22.44272
2024-04-29 14:03:16.804310,-20.92139
2024-04-29 14:03:16.819940,-17.59635
2024-04-29 14:03:16.835560,-12.70122
2024-04-29 14:03:16.851190,-6.840691
2024-04-29 14:03:16.866810,-0.7768021
2024-04-29 14:03:16.882440,4.819244
2024-04-29 14:03:16.898060,9.508095
2024-04-29 14:03:16.913690,13.1213
2024-04-29 14:03:16.929320,15.62508
2024-04-29 14:03:16.944940,17.05436
2024-04-29 14:03:16.960570,17.45367
2024-04-29 14:03:16.976190,16.98544
2024-04-29 14:03:16.991820,15.94545
2024-04-29 14:03:17.007440,14.76573
2024-04-29 14:03:17.023070,13.86394
2024-04-29 14:03:17.038700,13.48838
2024-04-29 14:03:17.054320,13.64446
2024-04-29 14:03:17.069950,14.10787
2024-04-29 14:03:17.085570,14.56909
2024-04-29 14:03:17.101200,14.7793
2024-04-29 14:03:17.116820,14.63781
2024-04-29 14:03:17.132450,14.15981
2024-04-29 14:03:17.148080,13.41734
2024-04-29 14:03:17.163700,12.48931
2024-04-29 14:03:17.179330,11.41706
2024-04-29 14:03:17.194950,10.23825
2024-04-29 14:03:17.210580,8.96521
2024-04-29 14:03:17.226200,7.593819
2024-04-29 14:03:17.241830,6.063271
2024-04-29 14:03:17.257460,4.309898
2024-04-29 14:03:17.273080,2.263275
2024-04-29 14:03:17.288710,-0.05599213
2024-04-29 14:03:17.304330,-2.514175
2024-04-29 14:03:17.319960,-4.894966
2024-04-29 14:03:17.335580,-6.958519
2024-04-29 14:03:17.351210,-8.561974
2024-04-29 14:03:17.366840,-9.709076
2024-04-29 14:03:17.382460,-10.58509
2024-04-29 14:03:17.398090,-11.4629
2024-04-29 14:03:17.413710,-12.61103
2024-04-29 14:03:17.429340,-14.17505
2024-04-29 14:03:17.444960,-16.10766
2024-04-29 14:03:17.460590,-18.20137
2024-04-29 14:03:17.476220,-20.11097
2024-04-29 14:03:17.491840,-21.45875
2024-04-29 14:03:17.507470,-21.86513
2024-04-29 14:03:17.523090,-21.03409
2024-04-29 14:03:17.538720,-18.8104
2024-04-29 14:03:17.554340,-15.23204
2024-04-29 14:03:17.569970,-10.57023
2024-04-29 14:03:17.585600,-5.281406
2024-04-29 14:03:17.601220,0.06899261
2024-04-29 14:03:17.616850,4.958282
2024-04-29 14:03:17.632470,8.990585
2024-04-29 14:03:17.648100,11.94827
2024-04-29 14:03:17.663720,13.77151
2024-04-29 14:03:17.679350,14.51942
2024-04-29 14:03:17.694980,14.35796
2024-04-29 14:03:17.710600,13.53588
2024-04-29 14:03:17.726230,12.39339
2024-04-29 14:03:17.741850,11.27272
2024-04-29 14:03:17.757480,10.45434
2024-04-29 14:03:17.773100,10.0433
2024-04-29 14:03:17.788730,9.975224
2024-04-29 14:03:17.804360,10.0882
2024-04-29 14:03:17.819980,10.22568
2024-04-29 14:03:17.835610,10.30522
2024-04-29 14:03:17.851230,10.33303
2024-04-29 14:03:17.866860,10.3362
2024-04-29 14:03:17.882480,10.27032
2024-04-29 14:03:17.898110,10.01788
2024-04-29 14:03:17.913740,9.394463
2024-04-29 14:03:17.929360,8.260044
2024-04-29 14:03:17.944990,6.571926
2024-04-29 14:03:17.960610,4.410286
2024-04-29 14:03:17.976240,1.956623
2024-04-29 14:03:17.991860,-0.5614357
2024-04-29 14:03:18.007490,-2.909355
2024-04-29 14:03:18.023120,-4.928009
2024-04-29 14:03:18.038740,-6.544861
2024-04-29 14:03:18.054370,-7.803677
2024-04-29 14:03:18.069990,-8.853466
2024-04-29 14:03:18.085620,-9.912868
2024-04-29 14:03:18.101240,-11.21882
2024-04-29 14:03:18.116870,-12.94018
2024-04-29 14:03:18.132500,-15.08613
2024-04-29 14:03:18.148120,-17.46592
2024-04-29 14:03:18.163750,-19.68191
2024-04-29 14:03:18.179370,-21.19405
2024-04-29 14:03:18.195000,-21.45123
2024-04-29 14:03:18.210620,-20.08405
2024-04-29 14:03:18.226250,-17.0235
2024-04-29 14:03:18.241880,-12.57283
2024-04-29 14:03:18.257500,-7.305809
2024-04-29 14:03:18.273130,-1.919197
2024-04-29 14:03:18.288750,2.973106
2024-04-29 14:03:18.304380,6.94846
2024-04-29 14:03:18.320000,9.812946
2024-04-29 14:03:18.335630,11.54599
2024-04-29 14:03:18.351260,12.25266
2024-04-29 14:03:18.366880,12.1246
2024-04-29 14:03:18.382510,11.41942
2024-04-29 14:03:18.398130,10.46328
2024-04-29 14:03:18.413760,9.574013
2024-04-29 14:03:18.429380,9.006561
2024-04-29 14:03:18.445010,8.855408
2024-04-29 14:03:18.460640,9.031197
2024-04-29 14:03:18.476260,9.314194
2024-04-29 14:03:18.491890,9.4561
2024-04-29 14:03:18.507510,9.296787
2024-04-29 14:03:18.523140,8.822624
2024-04-29 14:03:18.538760,8.155659
2024-04-29 14:03:18.554390,7.448696
2024-04-29 14:03:18.570020,6.78688
2024-04-29 14:03:18.585640,6.109833
2024-04-29 14:03:18.601270,5.243488
2024-04-29 14:03:18.616890,3.983166
2024-04-29 14:03:18.632520,2.227119
2024-04-29 14:03:18.648150,0.04639816
2024-04-29 14:03:18.663770,-2.323452
2024-04-29 14:03:18.679400,-4.61771
2024-04-29 14:03:18.695020,-6.667206
2024-04-29 14:03:18.710650,-8.475941
2024-04-29 14:03:18.726270,-10.20205
2024-04-29 14:03:18.741900,-12.02777
2024-04-29 14:03:18.757530,-14.07002
2024-04-29 14:03:18.773150,-16.33028
2024-04-29 14:03:18.788780,-18.71372
2024-04-29 14:03:18.804400,-21.05769
2024-04-29 14:03:18.820030,-23.15969
2024-04-29 14:03:18.835650,-24.74236
2024-04-29 14:03:18.851280,-25.43216
2024-04-29 14:03:18.866910,-24.83034
2024-04-29 14:03:18.882530,-22.6576
2024-04-29 14:03:18.898160,-18.9127
2024-04-29 14:03:18.913780,-13.95853
2024-04-29 14:03:18.929410,-8.424623
2024-04-29 14:03:18.945030,-3.011852
2024-04-29 14:03:18.960660,1.740425
2024-04-29 14:03:18.976290,5.569048
2024-04-29 14:03:18.991910,8.482073
2024-04-29 14:03:19.007540,10.59838
2024-04-29 14:03:19.023160,12.01722
2024-04-29 14:03:19.038790,12.76576
2024-04-29 14:03:19.054410,12.87096
2024-04-29 14:03:19.070040,12.43128
2024-04-29 14:03:19.085670,11.66567
2024-04-29 14:03:19.101290,10.88414
2024-04-29 14:03:19.116920,10.34933
2024-04-29 14:03:19.132540,10.17078
2024-04-29 14:03:19.148170,10.26534
2024-04-29 14:03:19.163790,10.41267
2024-04-29 14:03:19.179420,10.36349
2024-04-29 14:03:19.195050,9.968029
2024-04-29 14:03:19.210670,9.232639
2024-04-29 14:03:19.226300,8.269884
2024-04-29 14:03:19.241920,7.2342
2024-04-29 14:03:19.257550,6.204611
2024-04-29 14:03:19.273170,5.149656
2024-04-29 14:03:19.288800,3.926954
2024-04-29 14:03:19.304430,2.416798
2024-04-29 14:03:19.320050,0.5790634
2024-04-29 14:03:19.335680,-1.492794
2024-04-29 14:03:19.351300,-3.604174
2024-04-29 14:03:19.366930,-5.559238
2024-04-29 14:03:19.382550,-7.255455
2024-04-29 14:03:19.398180,-8.72057
2024-04-29 14:03:19.413810,-10.09569
2024-04-29 14:03:19.429430,-11.57925
2024-04-29 14:03:19.445060,-13.32234
2024-04-29 14:03:19.460680,-15.40586
2024-04-29 14:03:19.476310,-17.768
2024-04-29 14:03:19.491930,-20.18663
2024-04-29 14:03:19.507560,-22.25299
2024-04-29 14:03:19.523190,-23.43478
2024-04-29 14:03:19.538810,-23.17335
2024-04-29 14:03:19.554440,-21.08775
2024-04-29 14:03:19.570060,-17.15407
2024-04-29 14:03:19.585690,-11.78131
2024-04-29 14:03:19.601310,-5.71764
2024-04-29 14:03:19.616940,0.2011337
2024-04-29 14:03:19.632570,5.320896
2024-04-29 14:03:19.648190,9.340294
2024-04-29 14:03:19.663820,12.29721
2024-04-29 14:03:19.679440,14.40577
2024-04-29 14:03:19.695070,15.86115
2024-04-29 14:03:19.710690,16.73655
2024-04-29 14:03:19.726320,17.03887
2024-04-29 14:03:19.741950,16.80015
2024-04-29 14:03:19.757570,16.2096
2024-04-29 14:03:19.773200,15.56775
2024-04-29 14:03:19.788820,15.17122
2024-04-29 14:03:19.804450,15.16024
2024-04-29 14:03:19.820070,15.45568
2024-04-29 14:03:19.835700,15.78892
2024-04-29 14:03:19.851330,15.85633
2024-04-29 14:03:19.866950,15.46354
2024-04-29 14:03:19.882580,14.58776
2024-04-29 14:03:19.898200,13.35582
2024-04-29 14:03:19.913830,11.94337
2024-04-29 14:03:19.929450,10.49019
2024-04-29 14:03:19.945080,9.043034
2024-04-29 14:03:19.960710,7.558346
2024-04-29 14:03:19.976330,5.963509
2024-04-29 14:03:19.991960,4.202915
2024-04-29 14:03:20.007580,2.302782
2024-04-29 14:03:20.023210,0.3577156
2024-04-29 14:03:20.038830,-1.498892
2024-04-29 14:03:20.054460,-3.142061
2024-04-29 14:03:20.070090,-4.522047
2024-04-29 14:03:20.085710,-5.68148
2024-04-29 14:03:20.101340,-6.74036
2024-04-29 14:03:20.116960,-7.841906
2024-04-29 14:03:20.132590,-9.097906
2024-04-29 14:03:20.148210,-10.56369
2024-04-29 14:03:20.163840,-12.25864
2024-04-29 14:03:20.179470,-14.17763
2024-04-29 14:03:20.195090,-16.25722
2024-04-29 14:03:20.210720,-18.38103
2024-04-29 14:03:20.226340,-20.29896
2024-04-29 14:03:20.241970,-21.66166
2024-04-29 14:03:20.257590,-22.06588
2024-04-29 14:03:20.273220,-21.16665
2024-04-29 14:03:20.288850,-18.7802
2024-04-29 14:03:20.304470,-14.98501
2024-04-29 14:03:20.320100,-10.12511
2024-04-29 14:03:20.335720,-4.739311
2024-04-29 14:03:20.351350,0.5731716
2024-04-29 14:03:20.366970,5.301867
2024-04-29 14:03:20.382600,9.129704
2024-04-29 14:03:20.398230,11.9542
2024-04-29 14:03:20.413850,13.84982
2024-04-29 14:03:20.429480,14.97679
2024-04-29 14:03:20.445100,15.52001
2024-04-29 14:03:20.460730,15.60497
2024-04-29 14:03:20.476350,15.35468
2024-04-29 14:03:20.491980,14.91051
2024-04-29 14:03:20.507610,14.48423
2024-04-29 14:03:20.523230,14.2942
2024-04-29 14:03:20.538860,14.48488
2024-04-29 14:03:20.554480,15.03275
2024-04-29 14:03:20.570110,15.75983
2024-04-29 14:03:20.585730,16.37822
2024-04-29 14:03:20.601360,16.63438
2024-04-29 14:03:20.616990,16.3733
2024-04-29 14:03:20.632610,15.59204
2024-04-29 14:03:20.648240,14.38983
2024-04-29 14:03:20.663860,12.88145
2024-04-29 14:03:20.679490,11.15001
2024-04-29 14:03:20.695110,9.266927
2024-04-29 14:03:20.710740,7.300677
2024-04-29 14:03:20.726370,5.363071
2024-04-29 14:03:20.741990,3.613575
2024-04-29 14:03:20.757620,2.165254
2024-04-29 14:03:20.773240,1.029011
2024-04-29 14:03:20.788870,0.07178211
2024-04-29 14:03:20.804490,-0.9462423
2024-04-29 14:03:20.820120,-2.257842
2024-04-29 14:03:20.835750,-3.981345
2024-04-29 14:03:20.851370,-6.05397
2024-04-29 14:03:20.867000,-8.279631
2024-04-29 14:03:20.882620,-10.40529
2024-04-29 14:03:20.898250,-12.26697
2024-04-29 14:03:20.913880,-13.85455
2024-04-29 14:03:20.929500,-15.29984
2024-04-29 14:03:20.945130,-16.79193
2024-04-29 14:03:20.960750,-18.48648
2024-04-29 14:03:20.976380,-20.40989
2024-04-29 14:03:20.992000,-22.43989
2024-04-29 14:03:21.007630,-24.27578
2024-04-29 14:03:21.023260,-25.50092
2024-04-29 14:03:21.038880,-25.65986
2024-04-29 14:03:21.054510,-24.38533
2024-04-29 14:03:21.070130,-21.5288
2024-04-29 14:03:21.085760,-17.24952
2024-04-29 14:03:21.101380,-11.96752
2024-04-29 14:03:21.117010,-6.287796
2024-04-29 14:03:21.132640,-0.8322957
2024-04-29 14:03:21.148260,3.940395
2024-04-29 14:03:21.163890,7.800534
2024-04-29 14:03:21.179510,10.7244
2024-04-29 14:03:21.195140,12.82635
2024-04-29 14:03:21.210760,14.25348
2024-04-29 14:03:21.226390,15.13651
2024-04-29 14:03:21.242020,15.60307
2024-04-29 14:03:21.257640,15.78015
2024-04-29 14:03:21.273270,15.81339
2024-04-29 14:03:21.288890,15.83823
2024-04-29 14:03:21.304520,15.95557
2024-04-29 14:03:21.320140,16.1632
2024-04-29 14:03:21.335770,16.40852
2024-04-29 14:03:21.351400,16.60479
2024-04-29 14:03:21.367020,16.68399
2024-04-29 14:03:21.382650,16.63424
2024-04-29 14:03:21.398270,16.47628
2024-04-29 14:03:21.413900,16.21728
2024-04-29 14:03:21.429520,15.84589
2024-04-29 14:03:21.445150,15.31031
2024-04-29 14:03:21.460780,14.52819
2024-04-29 14:03:21.476400,13.45416
2024-04-29 14:03:21.492030,12.07976
2024-04-29 14:03:21.507650,10.45308
2024-04-29 14:03:21.523280,8.623409
2024-04-29 14:03:21.538900,6.617159
2024-04-29 14:03:21.554530,4.463551
2024-04-29 14:03:21.570160,2.201153
2024-04-29 14:03:21.585780,-0.1179562
2024-04-29 14:03:21.601410,-2.438589
2024-04-29 14:03:21.617030,-4.678503
2024-04-29 14:03:21.632660,-6.809677
2024-04-29 14:03:21.648280,-8.808853
2024-04-29 14:03:21.663910,-10.6757
2024-04-29 14:03:21.679540,-12.41381
2024-04-29 14:03:21.695160,-14.02706
2024-04-29 14:03:21.710790,-15.54464
2024-04-29 14:03:21.726410,-17.0293
2024-04-29 14:03:21.742040,-18.58922
2024-04-29 14:03:21.757660,-20.33178
2024-04-29 14:03:21.773290,-22.33532
2024-04-29 14:03:21.788920,-24.57012
2024-04-29 14:03:21.804540,-26.80076
2024-04-29 14:03:21.820170,-28.64666
2024-04-29 14:03:21.835790,-29.59703
2024-04-29 14:03:21.851420,-29.18233
2024-04-29 14:03:21.867040,-27.09827
2024-04-29 14:03:21.882670,-23.36136
2024-04-29 14:03:21.898300,-18.297
2024-04-29 14:03:21.913920,-12.51926
2024-04-29 14:03:21.929550,-6.711067
2024-04-29 14:03:21.945170,-1.442024
2024-04-29 14:03:21.960800,2.955891
2024-04-29 14:03:21.976420,6.428501
2024-04-29 14:03:21.992050,9.103821
2024-04-29 14:03:22.007680,11.16105
2024-04-29 14:03:22.023300,12.73444
2024-04-29 14:03:22.038930,13.87041
2024-04-29 14:03:22.054550,14.58244
2024-04-29 14:03:22.070180,14.94635
2024-04-29 14:03:22.085800,15.14231
2024-04-29 14:03:22.101430,15.3649
2024-04-29 14:03:22.117060,15.76523
2024-04-29 14:03:22.132680,16.33543
2024-04-29 14:03:22.148310,16.89277
2024-04-29 14:03:22.163930,17.18115
2024-04-29 14:03:22.179560,17.0158
2024-04-29 14:03:22.195180,16.37846
2024-04-29 14:03:22.210810,15.4197
2024-04-29 14:03:22.226440,14.37345
2024-04-29 14:03:22.242060,13.39648
2024-04-29 14:03:22.257690,12.5062
2024-04-29 14:03:22.273310,11.57911
2024-04-29 14:03:22.288940,10.42882
2024-04-29 14:03:22.304560,8.942307
2024-04-29 14:03:22.320190,7.131519
2024-04-29 14:03:22.335820,5.137749
2024-04-29 14:03:22.351440,3.153866
2024-04-29 14:03:22.367070,1.35096
2024-04-29 14:03:22.382690,-0.186676
2024-04-29 14:03:22.398320,-1.476006
2024-04-29 14:03:22.413940,-2.611645
2024-04-29 14:03:22.429570,-3.728706
2024-04-29 14:03:22.445200,-4.950424
2024-04-29 14:03:22.460820,-6.364323
2024-04-29 14:03:22.476450,-7.990086
2024-04-29 14:03:22.492070,-9.761253
2024-04-29 14:03:22.507700,-11.58703
2024-04-29 14:03:22.523320,-13.36185
2024-04-29 14:03:22.538950,-15.02842
2024-04-29 14:03:22.554580,-16.58044
2024-04-29 14:03:22.570200,-18.06644
2024-04-29 14:03:22.585830,-19.57488
2024-04-29 14:03:22.601450,-21.21139
2024-04-29 14:03:22.617080,-23.04316
2024-04-29 14:03:22.632700,-25.00217
2024-04-29 14:03:22.648330,-26.84364
2024-04-29 14:03:22.663960,-28.11293
2024-04-29 14:03:22.679580,-28.27835
2024-04-29 14:03:22.695210,-26.88634
2024-04-29 14:03:22.710830,-23.79958
2024-04-29 14:03:22.726460,-19.27069
2024-04-29 14:03:22.742080,-13.90602
2024-04-29 14:03:22.757710,-8.446095
2024-04-29 14:03:22.773340,-3.504883
2024-04-29 14:03:22.788960,0.5715637
2024-04-29 14:03:22.804590,3.753269
2024-04-29 14:03:22.820210,6.174587
2024-04-29 14:03:22.835840,7.990768
2024-04-29 14:03:22.851460,9.282951
2024-04-29 14:03:22.867090,10.09471
2024-04-29 14:03:22.882720,10.48878
2024-04-29 14:03:22.898340,10.60425
2024-04-29 14:03:22.913970,10.66043
2024-04-29 14:03:22.929590,10.83726
2024-04-29 14:03:22.945220,11.22931
2024-04-29 14:03:22.960840,11.78664
2024-04-29 14:03:22.976470,12.37495
2024-04-29 14:03:22.992100,12.84011
2024-04-29 14:03:23.007720,13.08775
2024-04-29 14:03:23.023350,13.11551
2024-04-29 14:03:23.038970,12.96747
2024-04-29 14:03:23.054600,12.68269
2024-04-29 14:03:23.070230,12.24782
2024-04-29 14:03:23.085850,11.62664
2024-04-29 14:03:23.101480,10.76188
2024-04-29 14:03:23.117100,9.641918
2024-04-29 14:03:23.132730,8.315338
2024-04-29 14:03:23.148350,6.874088
2024-04-29 14:03:23.163980,5.43544
2024-04-29 14:03:23.179610,4.099525
2024-04-29 14:03:23.195230,2.928051
2024-04-29 14:03:23.210860,1.910542
2024-04-29 14:03:23.226480,0.9944992
2024-04-29 14:03:23.242110,0.07138062
2024-04-29 14:03:23.257730,-0.9665451
2024-04-29 14:03:23.273360,-2.210457
2024-04-29 14:03:23.288990,-3.693695
2024-04-29 14:03:23.304610,-5.374527
2024-04-29 14:03:23.320240,-7.156418
2024-04-29 14:03:23.335860,-8.923874
2024-04-29 14:03:23.351490,-10.59772
2024-04-29 14:03:23.367110,-12.15966
2024-04-29 14:03:23.382740,-13.67107
2024-04-29 14:03:23.398370,-15.26105
2024-04-29 14:03:23.413990,-17.06509
2024-04-29 14:03:23.429620,-19.17261
2024-04-29 14:03:23.445240,-21.56323
2024-04-29 14:03:23.460870,-24.03632
2024-04-29 14:03:23.476490,-26.21223
2024-04-29 14:03:23.492120,-27.60152
2024-04-29 14:03:23.507750,-27.72163
2024-04-29 14:03:23.523370,-26.26973
2024-04-29 14:03:23.539000,-23.21193
2024-04-29 14:03:23.554620,-18.82391
2024-04-29 14:03:23.570250,-13.61518
2024-04-29 14:03:23.585870,-8.190956
2024-04-29 14:03:23.601500,-3.098515
2024-04-29 14:03:23.617130,1.262127
2024-04-29 14:03:23.632750,4.68388
2024-04-29 14:03:23.648380,7.111565
2024-04-29 14:03:23.664000,8.606968
2024-04-29 14:03:23.679630,9.319176
2024-04-29 14:03:23.695250,9.479206
2024-04-29 14:03:23.710880,9.369984
2024-04-29 14:03:23.726510,9.260426
2024-04-29 14:03:23.742130,9.35601
2024-04-29 14:03:23.757760,9.755428
2024-04-29 14:03:23.773380,10.44027
2024-04-29 14:03:23.789010,11.30098
2024-04-29 14:03:23.804630,12.19294
2024-04-29 14:03:23.820260,12.97197
2024-04-29 14:03:23.835890,13.54044
2024-04-29 14:03:23.851510,13.85537
2024-04-29 14:03:23.867140,13.90652
2024-04-29 14:03:23.882760,13.7047
2024-04-29 14:03:23.898390,13.25653
2024-04-29 14:03:23.914010,12.55274
2024-04-29 14:03:23.929640,11.56048
2024-04-29 14:03:23.945270,10.24948
2024-04-29 14:03:23.960890,8.673702
2024-04-29 14:03:23.976520,6.949421
2024-04-29 14:03:23.992140,5.249573
2024-04-29 14:03:24.007770,3.727676
2024-04-29 14:03:24.023390,2.432869
2024-04-29 14:03:24.039020,1.292965
2024-04-29 14:03:24.054650,0.1643448
2024-04-29 14:03:24.070270,-1.09943
2024-04-29 14:03:24.085900,-2.57819
2024-04-29 14:03:24.101520,-4.191986
2024-04-29 14:03:24.117150,-5.812859
2024-04-29 14:03:24.132770,-7.300697
2024-04-29 14:03:24.148400,-8.577995
2024-04-29 14:03:24.164030,-9.67355
2024-04-29 14:03:24.179650,-10.69286
2024-04-29 14:03:24.195280,-11.76919
2024-04-29 14:03:24.210900,-13.00471
2024-04-29 14:03:24.226530,-14.46225
2024-04-29 14:03:24.242150,-16.11484
2024-04-29 14:03:24.257780,-17.86838
2024-04-29 14:03:24.273410,-19.54337
2024-04-29 14:03:24.289030,-20.83947
2024-04-29 14:03:24.304660,-21.40294
2024-04-29 14:03:24.320280,-20.88553
2024-04-29 14:03:24.335910,-19.02185
2024-04-29 14:03:24.351530,-15.76252
2024-04-29 14:03:24.367160,-11.34211
2024-04-29 14:03:24.382790,-6.23616
2024-04-29 14:03:24.398410,-1.06501
2024-04-29 14:03:24.414040,3.598801
2024-04-29 14:03:24.429660,7.410366
2024-04-29 14:03:24.445290,10.23229
2024-04-29 14:03:24.460910,12.10793
2024-04-29 14:03:24.476540,13.1499
2024-04-29 14:03:24.492170,13.44906
2024-04-29 14:03:24.507790,13.10772
2024-04-29 14:03:24.523420,12.28275
2024-04-29 14:03:24.539040,11.25186
2024-04-29 14:03:24.554670,10.38186
2024-04-29 14:03:24.570290,10.03076
2024-04-29 14:03:24.585920,10.3413
2024-04-29 14:03:24.601550,11.23186
2024-04-29 14:03:24.617170,12.40319
2024-04-29 14:03:24.632800,13.48779
2024-04-29 14:03:24.648420,14.19867
2024-04-29 14:03:24.664050,14.40328
2024-04-29 14:03:24.679670,14.11617
2024-04-29 14:03:24.695300,13.43902
2024-04-29 14:03:24.710930,12.48795
2024-04-29 14:03:24.726550,11.3158
2024-04-29 14:03:24.742180,9.971153
2024-04-29 14:03:24.757800,8.474155
2024-04-29 14:03:24.773430,6.824966
2024-04-29 14:03:24.789050,5.040672
2024-04-29 14:03:24.804680,3.149059
2024-04-29 14:03:24.820310,1.19492
2024-04-29 14:03:24.835930,-0.7617531
2024-04-29 14:03:24.851560,-2.648018
2024-04-29 14:03:24.867180,-4.443138
2024-04-29 14:03:24.882810,-6.136089
2024-04-29 14:03:24.898430,-7.742657
2024-04-29 14:03:24.914060,-9.288116
2024-04-29 14:03:24.929690,-10.74997
2024-04-29 14:03:24.945310,-12.08625
2024-04-29 14:03:24.960940,-13.26531
2024-04-29 14:03:24.976560,-14.34247
2024-04-29 14:03:24.992190,-15.45098
2024-04-29 14:03:25.007810,-16.77479
2024-04-29 14:03:25.023440,-18.41239
2024-04-29 14:03:25.039070,-20.27416
2024-04-29 14:03:25.054690,-22.02639
2024-04-29 14:03:25.070320,-23.13742
2024-04-29 14:03:25.085940,-23.05878
2024-04-29 14:03:25.101570,-21.41187
2024-04-29 14:03:25.117190,-18.14468
2024-04-29 14:03:25.132820,-13.55579
2024-04-29 14:03:25.148450,-8.204014
2024-04-29 14:03:25.164070,-2.747009
2024-04-29 14:03:25.179700,2.222746
2024-04-29 14:03:25.195320,6.290314
2024-04-29 14:03:25.210950,9.242523
2024-04-29 14:03:25.226570,11.03584
2024-04-29 14:03:25.242200,11.75914
2024-04-29 14:03:25.257830,11.5946
2024-04-29 14:03:25.273450,10.80433
2024-04-29 14:03:25.289080,9.694941
2024-04-29 14:03:25.304700,8.602652
2024-04-29 14:03:25.320330,7.820415
2024-04-29 14:03:25.335950,7.551491
2024-04-29 14:03:25.351580,7.856583
2024-04-29 14:03:25.367210,8.629255
2024-04-29 14:03:25.382830,9.632154
2024-04-29 14:03:25.398460,10.56625
2024-04-29 14:03:25.414080,11.16598
2024-04-29 14:03:25.429710,11.26205
2024-04-29 14:03:25.445330,10.8423
2024-04-29 14:03:25.460960,10.00859
2024-04-29 14:03:25.476590,8.937271
2024-04-29 14:03:25.492210,7.774988
2024-04-29 14:03:25.507840,6.607519
2024-04-29 14:03:25.523460,5.411808
2024-04-29 14:03:25.539090,4.098711
2024-04-29 14:03:25.554710,2.560093
2024-04-29 14:03:25.570340,0.7405949
2024-04-29 14:03:25.585970,-1.314194
2024-04-29 14:03:25.601590,-3.465139
2024-04-29 14:03:25.617220,-5.503124
2024-04-29 14:03:25.632840,-7.263794
2024-04-29 14:03:25.648470,-8.637665
2024-04-29 14:03:25.664090,-9.629883
2024-04-29 14:03:25.679720,-10.3519
2024-04-29 14:03:25.695350,-10.94666
2024-04-29 14:03:25.710970,-11.58519
2024-04-29 14:03:25.726600,-12.39706
2024-04-29 14:03:25.742220,-13.47781
2024-04-29 14:03:25.757850,-14.84114
2024-04-29 14:03:25.773480,-16.38649
2024-04-29 14:03:25.789100,-17.84729
2024-04-29 14:03:25.804730,-18.8177
2024-04-29 14:03:25.820350,-18.83669
2024-04-29 14:03:25.835980,-17.51666
2024-04-29 14:03:25.851600,-14.71853
2024-04-29 14:03:25.867230,-10.60099
2024-04-29 14:03:25.882860,-5.610023
2024-04-29 14:03:25.898480,-0.3248401
2024-04-29 14:03:25.914110,4.673697
2024-04-29 14:03:25.929730,8.923286
2024-04-29 14:03:25.945360,12.14089
2024-04-29 14:03:25.960980,14.19361
2024-04-29 14:03:25.976610,15.10538
2024-04-29 14:03:25.992240,15.0154
2024-04-29 14:03:26.007860,14.18582
2024-04-29 14:03:26.023490,12.97149
2024-04-29 14:03:26.039110,11.77799
2024-04-29 14:03:26.054740,10.95914
2024-04-29 14:03:26.070360,10.73751
2024-04-29 14:03:26.085990,11.16151
2024-04-29 14:03:26.101620,12.08665
2024-04-29 14:03:26.117240,13.25939
2024-04-29 14:03:26.132870,14.37054
2024-04-29 14:03:26.148490,15.15649
2024-04-29 14:03:26.164120,15.4569
2024-04-29 14:03:26.179740,15.24435
2024-04-29 14:03:26.195370,14.593
2024-04-29 14:03:26.211000,13.61533
2024-04-29 14:03:26.226620,12.40946
2024-04-29 14:03:26.242250,11.00917
2024-04-29 14:03:26.257870,9.415576
2024-04-29 14:03:26.273500,7.637463
2024-04-29 14:03:26.289120,5.696481
2024-04-29 14:03:26.304750,3.662045
2024-04-29 14:03:26.320380,1.619288
2024-04-29 14:03:26.336000,-0.3525796
2024-04-29 14:03:26.351630,-2.191099
2024-04-29 14:03:26.367250,-3.849661
2024-04-29 14:03:26.382880,-5.308368
2024-04-29 14:03:26.398500,-6.604953
2024-04-29 14:03:26.414130,-7.834443
2024-04-29 14:03:26.429760,-9.158024
2024-04-29 14:03:26.445380,-10.72687
2024-04-29 14:03:26.461010,-12.62482
2024-04-29 14:03:26.476630,-14.7906
2024-04-29 14:03:26.492260,-16.98698
2024-04-29 14:03:26.507880,-18.82807
2024-04-29 14:03:26.523510,-19.87809
2024-04-29 14:03:26.539140,-19.76887
2024-04-29 14:03:26.554760,-18.25709
2024-04-29 14:03:26.570390,-15.30904
2024-04-29 14:03:26.586010,-11.10224
2024-04-29 14:03:26.601640,-6.02516
2024-04-29 14:03:26.617260,-0.6240578
2024-04-29 14:03:26.632890,4.490356
2024-04-29 14:03:26.648520,8.76625
2024-04-29 14:03:26.664140,11.80759
2024-04-29 14:03:26.679770,13.44386
2024-04-29 14:03:26.695390,13.7577
2024-04-29 14:03:26.711020,13.00056
2024-04-29 14:03:26.726640,11.55095
2024-04-29 14:03:26.742270,9.818597
2024-04-29 14:03:26.757900,8.175432
2024-04-29 14:03:26.773520,6.910967
2024-04-29 14:03:26.789150,6.195265
2024-04-29 14:03:26.804770,6.056484
2024-04-29 14:03:26.820400,6.38063
2024-04-29 14:03:26.836020,6.958511
2024-04-29 14:03:26.851650,7.551308
2024-04-29 14:03:26.867280,7.959117
2024-04-29 14:03:26.882900,8.113521
2024-04-29 14:03:26.898530,8.033647
2024-04-29 14:03:26.914150,7.797231
2024-04-29 14:03:26.929780,7.433928
2024-04-29 14:03:26.945400,6.907172
2024-04-29 14:03:26.961030,6.099936
2024-04-29 14:03:26.976660,4.919374
2024-04-29 14:03:26.992280,3.329807
2024-04-29 14:03:27.007910,1.412781
2024-04-29 14:03:27.023530,-0.6783266
2024-04-29 14:03:27.039160,-2.772849
2024-04-29 14:03:27.054780,-4.724539
2024-04-29 14:03:27.070410,-6.441594
2024-04-29 14:03:27.086040,-7.894899
2024-04-29 14:03:27.101660,-9.12574
2024-04-29 14:03:27.117290,-10.23448
2024-04-29 14:03:27.132910,-11.39402
2024-04-29 14:03:27.148540,-12.7664
2024-04-29 14:03:27.164160,-14.4352
2024-04-29 14:03:27.179790,-16.31145
2024-04-29 14:03:27.195420,-18.0833
2024-04-29 14:03:27.211040,-19.25471
2024-04-29 14:03:27.226670,-19.31282
2024-04-29 14:03:27.242290,-17.90117
2024-04-29 14:03:27.257920,-14.94933
2024-04-29 14:03:27.273540,-10.72492
2024-04-29 14:03:27.289170,-5.732829
2024-04-29 14:03:27.304800,-0.5495605
2024-04-29 14:03:27.320420,4.294897
2024-04-29 14:03:27.336050,8.393764
2024-04-29 14:03:27.351670,11.50036
2024-04-29 14:03:27.367300,13.49542
2024-04-29 14:03:27.382920,14.35396
2024-04-29 14:03:27.398550,14.15747
2024-04-29 14:03:27.414180,13.1064
2024-04-29 14:03:27.429800,11.50604
2024-04-29 14:03:27.445430,9.758356
2024-04-29 14:03:27.461050,8.248789
2024-04-29 14:03:27.476680,7.263817
2024-04-29 14:03:27.492300,6.920891
2024-04-29 14:03:27.507930,7.154724
2024-04-29 14:03:27.523560,7.737186
2024-04-29 14:03:27.539180,8.395657
2024-04-29 14:03:27.554810,8.88769
2024-04-29 14:03:27.570430,9.077921
2024-04-29 14:03:27.586060,8.958801
2024-04-29 14:03:27.601680,8.587868
2024-04-29 14:03:27.617310,8.023014
2024-04-29 14:03:27.632940,7.280418
2024-04-29 14:03:27.648560,6.318415
2024-04-29 14:03:27.664190,5.077423
2024-04-29 14:03:27.679810,3.538612
2024-04-29 14:03:27.695440,1.730297
2024-04-29 14:03:27.711060,-0.2400799
2024-04-29 14:03:27.726690,-2.246258
2024-04-29 14:03:27.742320,-4.175686
2024-04-29 14:03:27.757940,-5.964878
2024-04-29 14:03:27.773570,-7.590208
2024-04-29 14:03:27.789190,-9.077353
2024-04-29 14:03:27.804820,-10.49246
2024-04-29 14:03:27.820440,-11.88639
2024-04-29 14:03:27.836070,-13.31882
2024-04-29 14:03:27.851700,-14.7895
2024-04-29 14:03:27.867320,-16.17964
2024-04-29 14:03:27.882950,-17.23287
2024-04-29 14:03:27.898570,-17.58975
2024-04-29 14:03:27.914200,-16.87966
2024-04-29 14:03:27.929830,-14.87224
2024-04-29 14:03:27.945450,-11.59391
2024-04-29 14:03:27.961080,-7.343126
2024-04-29 14:03:27.976700,-2.658089
2024-04-29 14:03:27.992330,1.857334
2024-04-29 14:03:28.007950,5.690018
2024-04-29 14:03:28.023580,8.512106
2024-04-29 14:03:28.039210,10.22298
2024-04-29 14:03:28.054830,10.90326
2024-04-29 14:03:28.070460,10.73097
2024-04-29 14:03:28.086080,9.947681
2024-04-29 14:03:28.101710,8.836933
2024-04-29 14:03:28.117330,7.694141
2024-04-29 14:03:28.132960,6.775822
2024-04-29 14:03:28.148590,6.277214
2024-04-29 14:03:28.164210,6.224661
2024-04-29 14:03:28.179840,6.505533
2024-04-29 14:03:28.195460,6.912306
2024-04-29 14:03:28.211090,7.24404
2024-04-29 14:03:28.226710,7.354128
2024-04-29 14:03:28.242340,7.220245
2024-04-29 14:03:28.257970,6.875624
2024-04-29 14:03:28.273590,6.343521
2024-04-29 14:03:28.289220,5.624874
2024-04-29 14:03:28.304840,4.643282
2024-04-29 14:03:28.320470,3.347952
2024-04-29 14:03:28.336090,1.743896
2024-04-29 14:03:28.351720,-0.06307793
2024-04-29 14:03:28.367350,-1.921377
2024-04-29 14:03:28.382970,-3.696341
2024-04-29 14:03:28.398600,-5.330719
2024-04-29 14:03:28.414220,-6.88343
2024-04-29 14:03:28.429850,-8.454178
2024-04-29 14:03:28.445470,-10.15874
2024-04-29 14:03:28.461100,-12.04372
2024-04-29 14:03:28.476730,-14.08716
2024-04-29 14:03:28.492350,-16.18998
2024-04-29 14:03:28.507980,-18.16892
2024-04-29 14:03:28.523600,-19.74627
2024-04-29 14:03:28.539230,-20.55814
2024-04-29 14:03:28.554850,-20.22046
2024-04-29 14:03:28.570480,-18.43334
2024-04-29 14:03:28.586110,-15.13772
2024-04-29 14:03:28.601730,-10.61504
2024-04-29 14:03:28.617360,-5.44017
2024-04-29 14:03:28.632980,-0.3536568
2024-04-29 14:03:28.648610,4.004101
2024-04-29 14:03:28.664230,7.285263
2024-04-29 14:03:28.679860,9.467079
2024-04-29 14:03:28.695490,10.75119
2024-04-29 14:03:28.711110,11.43498
2024-04-29 14:03:28.726740,11.69085
2024-04-29 14:03:28.742360,11.58727
2024-04-29 14:03:28.757990,11.13032
2024-04-29 14:03:28.773610,10.38598
2024-04-29 14:03:28.789240,9.528637
2024-04-29 14:03:28.804870,8.809097
2024-04-29 14:03:28.820490,8.429855
2024-04-29 14:03:28.836120,8.43494
2024-04-29 14:03:28.851740,8.709869
2024-04-29 14:03:28.867370,9.03801
2024-04-29 14:03:28.882990,9.205677
2024-04-29 14:03:28.898620,9.091991
2024-04-29 14:03:28.914250,8.649765
2024-04-29 14:03:28.929870,7.861511
2024-04-29 14:03:28.945500,6.71035
2024-04-29 14:03:28.961120,5.163052
2024-04-29 14:03:28.976750,3.239857
2024-04-29 14:03:28.992370,1.042442
2024-04-29 14:03:29.008000,-1.221485
2024-04-29 14:03:29.023630,-3.318554
2024-04-29 14:03:29.039250,-5.08712
2024-04-29 14:03:29.054880,-6.512218
2024-04-29 14:03:29.070500,-7.726727
2024-04-29 14:03:29.086130,-8.953499
2024-04-29 14:03:29.101750,-10.42493
2024-04-29 14:03:29.117380,-12.28941
2024-04-29 14:03:29.133010,-14.57223
2024-04-29 14:03:29.148630,-17.09372
2024-04-29 14:03:29.164260,-19.45969
2024-04-29 14:03:29.179880,-21.11566
2024-04-29 14:03:29.195510,-21.48199
2024-04-29 14:03:29.211130,-20.14942
2024-04-29 14:03:29.226760,-17.05017
2024-04-29 14:03:29.242390,-12.51946
2024-04-29 14:03:29.258010,-7.200016
2024-04-29 14:03:29.273640,-1.841427
2024-04-29 14:03:29.289260,2.919899
2024-04-29 14:03:29.304890,6.712677
2024-04-29 14:03:29.320510,9.436539
2024-04-29 14:03:29.336140,11.16547
2024-04-29 14:03:29.351770,12.03669
2024-04-29 14:03:29.367390,12.16205
2024-04-29 14:03:29.383020,11.65978
2024-04-29 14:03:29.398640,10.69437
2024-04-29 14:03:29.414270,9.525597
2024-04-29 14:03:29.429890,8.450233
2024-04-29 14:03:29.445520,7.765377
2024-04-29 14:03:29.461150,7.634144
2024-04-29 14:03:29.476770,8.067978
2024-04-29 14:03:29.492400,8.894123
2024-04-29 14:03:29.508020,9.849724
2024-04-29 14:03:29.523650,10.65552
2024-04-29 14:03:29.539270,11.10218
2024-04-29 14:03:29.554900,11.0728
2024-04-29 14:03:29.570530,10.52803
2024-04-29 14:03:29.586150,9.480274
2024-04-29 14:03:29.601780,7.970684
2024-04-29 14:03:29.617400,6.076832
2024-04-29 14:03:29.633030,3.887718
2024-04-29 14:03:29.648650,1.52673
2024-04-29 14:03:29.664280,-0.8698578
2024-04-29 14:03:29.679910,-3.183327
2024-04-29 14:03:29.695530,-5.288174
2024-04-29 14:03:29.711160,-7.116764
2024-04-29 14:03:29.726780,-8.665138
2024-04-29 14:03:29.742410,-10.04088
2024-04-29 14:03:29.758030,-11.44373
2024-04-29 14:03:29.773660,-13.12791
2024-04-29 14:03:29.789290,-15.27294
2024-04-29 14:03:29.804910,-17.85863
2024-04-29 14:03:29.820540,-20.56383
2024-04-29 14:03:29.836160,-22.79806
2024-04-29 14:03:29.851790,-23.86857
2024-04-29 14:03:29.867410,-23.25369
2024-04-29 14:03:29.883040,-20.78812
2024-04-29 14:03:29.898670,-16.73541
2024-04-29 14:03:29.914290,-11.66057
2024-04-29 14:03:29.929920,-6.23349
2024-04-29 14:03:29.945540,-1.003487
2024-04-29 14:03:29.961170,3.701447
2024-04-29 14:03:29.976790,7.785629
2024-04-29 14:03:29.992420,11.24698
2024-04-29 14:03:30.008050,14.12817
2024-04-29 14:03:30.023670,16.42567
2024-04-29 14:03:30.039300,18.13661
2024-04-29 14:03:30.054920,19.27593
2024-04-29 14:03:30.070550,19.9152
2024-04-29 14:03:30.086170,20.16527
2024-04-29 14:03:30.101800,20.12273
2024-04-29 14:03:30.117430,19.87405
2024-04-29 14:03:30.133050,19.476
2024-04-29 14:03:30.148680,18.98458
2024-04-29 14:03:30.164300,18.47477
2024-04-29 14:03:30.179930,17.99869
2024-04-29 14:03:30.195550,17.5844
2024-04-29 14:03:30.211180,17.19114
2024-04-29 14:03:30.226810,16.73413
2024-04-29 14:03:30.242430,16.0966
2024-04-29 14:03:30.258060,15.21602
2024-04-29 14:03:30.273680,14.06517
2024-04-29 14:03:30.289310,12.67839
2024-04-29 14:03:30.304930,11.10322
2024-04-29 14:03:30.320560,9.381081
2024-04-29 14:03:30.336190,7.521118
2024-04-29 14:03:30.351810,5.531273
2024-04-29 14:03:30.367440,3.436661
2024-04-29 14:03:30.383060,1.297791
2024-04-29 14:03:30.398690,-0.8300705
2024-04-29 14:03:30.414310,-2.913361
2024-04-29 14:03:30.429940,-4.952385
2024-04-29 14:03:30.445570,-6.967758
2024-04-29 14:03:30.461190,-8.968834
2024-04-29 14:03:30.476820,-10.91929
2024-04-29 14:03:30.492440,-12.78189
2024-04-29 14:03:30.508070,-14.54548
2024-04-29 14:03:30.523690,-16.27818
2024-04-29 14:03:30.539320,-18.09841
2024-04-29 14:03:30.554950,-20.09616
2024-04-29 14:03:30.570570,-22.18863
2024-04-29 14:03:30.586200,-24.01225
2024-04-29 14:03:30.601820,-25.01904
2024-04-29 14:03:30.617450,-24.61507
2024-04-29 14:03:30.633080,-22.42696
2024-04-29 14:03:30.648700,-18.50027
2024-04-29 14:03:30.664330,-13.28549
2024-04-29 14:03:30.679950,-7.492119
2024-04-29 14:03:30.695580,-1.830338
2024-04-29 14:03:30.711200,3.207848
2024-04-29 14:03:30.726830,7.426537
2024-04-29 14:03:30.742460,10.82603
2024-04-29 14:03:30.758080,13.52536
2024-04-29 14:03:30.773710,15.61398
2024-04-29 14:03:30.789330,17.13634
2024-04-29 14:03:30.804960,18.13155
2024-04-29 14:03:30.820580,18.6808
2024-04-29 14:03:30.836210,18.95611
2024-04-29 14:03:30.851840,19.16976
2024-04-29 14:03:30.867460,19.51031
2024-04-29 14:03:30.883090,20.03671
2024-04-29 14:03:30.898710,20.65677
2024-04-29 14:03:30.914340,21.13452
2024-04-29 14:03:30.929960,21.21545
2024-04-29 14:03:30.945590,20.756
2024-04-29 14:03:30.961220,19.79881
2024-04-29 14:03:30.976840,18.57126
2024-04-29 14:03:30.992470,17.34559
2024-04-29 14:03:31.008090,16.30235
2024-04-29 14:03:31.023720,15.41319
2024-04-29 14:03:31.039340,14.49599
2024-04-29 14:03:31.054970,13.30029
2024-04-29 14:03:31.070600,11.68835
2024-04-29 14:03:31.086220,9.716198
2024-04-29 14:03:31.101850,7.611267
2024-04-29 14:03:31.117470,5.657219
2024-04-29 14:03:31.133100,4.045345
2024-04-29 14:03:31.148720,2.79142
2024-04-29 14:03:31.164350,1.746994
2024-04-29 14:03:31.179980,0.6901398
2024-04-29 14:03:31.195600,-0.5813751
2024-04-29 14:03:31.211230,-2.153458
2024-04-29 14:03:31.226850,-3.976067
2024-04-29 14:03:31.242480,-5.901775
2024-04-29 14:03:31.258100,-7.725357
2024-04-29 14:03:31.273730,-9.290672
2024-04-29 14:03:31.289360,-10.54702
2024-04-29 14:03:31.304980,-11.56121
2024-04-29 14:03:31.320610,-12.51504
2024-04-29 14:03:31.336230,-13.65801
2024-04-29 14:03:31.351860,-15.22498
2024-04-29 14:03:31.367480,-17.3673
2024-04-29 14:03:31.383110,-20.05236
2024-04-29 14:03:31.398740,-22.99471
2024-04-29 14:03:31.414360,-25.70469
2024-04-29 14:03:31.429990,-27.56113
2024-04-29 14:03:31.445610,-28.01442
2024-04-29 14:03:31.461240,-26.74908
2024-04-29 14:03:31.476860,-23.80805
2024-04-29 14:03:31.492490,-19.54048
2024-04-29 14:03:31.508120,-14.49566
2024-04-29 14:03:31.523740,-9.214939
2024-04-29 14:03:31.539370,-4.137791
2024-04-29 14:03:31.554990,0.4581413
2024-04-29 14:03:31.570620,4.42939
2024-04-29 14:03:31.586240,7.716068
2024-04-29 14:03:31.601870,10.30663
2024-04-29 14:03:31.617500,12.20239
2024-04-29 14:03:31.633120,13.45452
2024-04-29 14:03:31.648750,14.12866
2024-04-29 14:03:31.664370,14.33784
2024-04-29 14:03:31.680000,14.21515
2024-04-29 14:03:31.695620,13.92822
2024-04-29 14:03:31.711250,13.6537
2024-04-29 14:03:31.726880,13.56726
2024-04-29 14:03:31.742500,13.78207
2024-04-29 14:03:31.758130,14.31177
2024-04-29 14:03:31.773750,15.04902
2024-04-29 14:03:31.789380,15.77067
2024-04-29 14:03:31.805000,16.25686
2024-04-29 14:03:31.820630,16.3378
2024-04-29 14:03:31.836260,15.9711
2024-04-29 14:03:31.851880,15.21552
2024-04-29 14:03:31.867510,14.17835
2024-04-29 14:03:31.883130,12.94568
2024-04-29 14:03:31.898760,11.55371
2024-04-29 14:03:31.914380,10.01591
2024-04-29 14:03:31.930010,8.347914
2024-04-29 14:03:31.945640,6.606619
2024-04-29 14:03:31.961260,4.891848
2024-04-29 14:03:31.976890,3.297129
2024-04-29 14:03:31.992510,1.876385
2024-04-29 14:03:32.008140,0.5808687
2024-04-29 14:03:32.023760,-0.6680288
2024-04-29 14:03:32.039390,-1.994952
2024-04-29 14:03:32.055020,-3.440683
2024-04-29 14:03:32.070640,-4.984158
2024-04-29 14:03:32.086270,-6.533342
2024-04-29 14:03:32.101890,-7.982134
2024-04-29 14:03:32.117520,-9.28863
2024-04-29 14:03:32.133140,-10.47909
2024-04-29 14:03:32.148770,-11.66718
2024-04-29 14:03:32.164400,-12.97076
2024-04-29 14:03:32.180020,-14.53574
2024-04-29 14:03:32.195650,-16.43979
2024-04-29 14:03:32.211270,-18.65628
2024-04-29 14:03:32.226900,-20.98507
2024-04-29 14:03:32.242520,-23.03514
2024-04-29 14:03:32.258150,-24.30238
2024-04-29 14:03:32.273780,-24.29487
2024-04-29 14:03:32.289400,-22.76344
2024-04-29 14:03:32.305030,-19.78259
2024-04-29 14:03:32.320650,-15.77695
2024-04-29 14:03:32.336280,-11.34916
2024-04-29 14:03:32.351900,-7.072401
2024-04-29 14:03:32.367530,-3.312049
2024-04-29 14:03:32.383160,-0.1797662
2024-04-29 14:03:32.398780,2.374842
2024-04-29 14:03:32.414410,4.431257
2024-04-29 14:03:32.430030,6.022164
2024-04-29 14:03:32.445660,7.114856
2024-04-29 14:03:32.461280,7.694409
2024-04-29 14:03:32.476910,7.857682
2024-04-29 14:03:32.492540,7.78596
2024-04-29 14:03:32.508160,7.705022
2024-04-29 14:03:32.523790,7.779588
2024-04-29 14:03:32.539410,8.073717
2024-04-29 14:03:32.555040,8.538036
2024-04-29 14:03:32.570660,9.075947
2024-04-29 14:03:32.586290,9.552559
2024-04-29 14:03:32.601920,9.872032
2024-04-29 14:03:32.617540,9.952074
2024-04-29 14:03:32.633170,9.762266
2024-04-29 14:03:32.648790,9.300318
2024-04-29 14:03:32.664420,8.59882
2024-04-29 14:03:32.680040,7.718632
2024-04-29 14:03:32.695670,6.701998
2024-04-29 14:03:32.711300,5.572601
2024-04-29 14:03:32.726920,4.3083
2024-04-29 14:03:32.742550,2.901031
2024-04-29 14:03:32.758170,1.356909
2024-04-29 14:03:32.773800,-0.2520771
2024-04-29 14:03:32.789430,-1.828947
2024-04-29 14:03:32.805050,-3.305779
2024-04-29 14:03:32.820680,-4.659155
2024-04-29 14:03:32.836300,-5.946772
2024-04-29 14:03:32.851930,-7.237614
2024-04-29 14:03:32.867550,-8.590845
2024-04-29 14:03:32.883180,-9.989666
2024-04-29 14:03:32.898810,-11.41147
2024-04-29 14:03:32.914430,-12.85171
2024-04-29 14:03:32.930060,-14.35232
2024-04-29 14:03:32.945680,-16.03476
2024-04-29 14:03:32.961310,-18.01311
2024-04-29 14:03:32.976930,-20.30892
2024-04-29 14:03:32.992560,-22.76079
2024-04-29 14:03:33.008190,-25.01488
2024-04-29 14:03:33.023810,-26.55587
2024-04-29 14:03:33.039440,-26.86569
2024-04-29 14:03:33.055060,-25.57091
2024-04-29 14:03:33.070690,-22.57891
2024-04-29 14:03:33.086310,-18.15662
2024-04-29 14:03:33.101940,-12.84708
2024-04-29 14:03:33.117570,-7.364872
2024-04-29 14:03:33.133190,-2.359013
2024-04-29 14:03:33.148820,1.722662
2024-04-29 14:03:33.164440,4.74214
2024-04-29 14:03:33.180070,6.798458
2024-04-29 14:03:33.195690,8.142944
2024-04-29 14:03:33.211320,9.023834
2024-04-29 14:03:33.226950,9.596699
2024-04-29 14:03:33.242570,9.969151
2024-04-29 14:03:33.258200,10.19247
2024-04-29 14:03:33.273820,10.35015
2024-04-29 14:03:33.289450,10.5391
2024-04-29 14:03:33.305070,10.83665
2024-04-29 14:03:33.320700,11.25095
2024-04-29 14:03:33.336330,11.71194
2024-04-29 14:03:33.351950,12.09669
2024-04-29 14:03:33.367580,12.26648
2024-04-29 14:03:33.383200,12.16654
2024-04-29 14:03:33.398830,11.78624
2024-04-29 14:03:33.414450,11.16428
2024-04-29 14:03:33.430080,10.35278
2024-04-29 14:03:33.445710,9.381886
2024-04-29 14:03:33.461330,8.239552
2024-04-29 14:03:33.476960,6.87685
2024-04-29 14:03:33.492580,5.245987
2024-04-29 14:03:33.508210,3.299141
2024-04-29 14:03:33.523830,1.051388
2024-04-29 14:03:33.539460,-1.431934
2024-04-29 14:03:33.555090,-4.033703
2024-04-29 14:03:33.570710,-6.590969
2024-04-29 14:03:33.586340,-8.95413
2024-04-29 14:03:33.601960,-11.02577
2024-04-29 14:03:33.617590,-12.8022
2024-04-29 14:03:33.633210,-14.35753
2024-04-29 14:03:33.648840,-15.82996
2024-04-29 14:03:33.664470,-17.3539
2024-04-29 14:03:33.680090,-19.05574
2024-04-29 14:03:33.695720,-21.01378
2024-04-29 14:03:33.711340,-23.27097
2024-04-29 14:03:33.726970,-25.82589
2024-04-29 14:03:33.742590,-28.58609
2024-04-29 14:03:33.758220,-31.3379
2024-04-29 14:03:33.773850,-33.67932
2024-04-29 14:03:33.789470,-35.08937
2024-04-29 14:03:33.805100,-35.04723
2024-04-29 14:03:33.820720,-33.20647
2024-04-29 14:03:33.836350,-29.53182
2024-04-29 14:03:33.851970,-24.37754
2024-04-29 14:03:33.867600,-18.39414
2024-04-29 14:03:33.883230,-12.31261
2024-04-29 14:03:33.898850,-6.754501
2024-04-29 14:03:33.914480,-2.059687
2024-04-29 14:03:33.930100,1.708204
2024-04-29 14:03:33.945730,4.675438
2024-04-29 14:03:33.961350,7.037144
2024-04-29 14:03:33.976980,8.956142
2024-04-29 14:03:33.992610,10.53267
2024-04-29 14:03:34.008230,11.82225
2024-04-29 14:03:34.023860,12.87002
2024-04-29 14:03:34.039480,13.77601
2024-04-29 14:03:34.055110,14.64712
2024-04-29 14:03:34.070730,15.57822
2024-04-29 14:03:34.086360,16.60554
2024-04-29 14:03:34.101990,17.6935
2024-04-29 14:03:34.117610,18.73371
2024-04-29 14:03:34.133240,19.59311
2024-04-29 14:03:34.148860,20.1713
2024-04-29 14:03:34.164490,20.40962
2024-04-29 14:03:34.180110,20.31525
2024-04-29 14:03:34.195740,19.90717
2024-04-29 14:03:34.211370,19.19734
2024-04-29 14:03:34.226990,18.18574
2024-04-29 14:03:34.242620,16.87633
2024-04-29 14:03:34.258240,15.29574
2024-04-29 14:03:34.273870,13.50126
2024-04-29 14:03:34.289490,11.59581
2024-04-29 14:03:34.305120,9.649108
2024-04-29 14:03:34.320750,7.705302
2024-04-29 14:03:34.336370,5.764561
2024-04-29 14:03:34.352000,3.792848
2024-04-29 14:03:34.367620,1.787688
2024-04-29 14:03:34.383250,-0.2057495
2024-04-29 14:03:34.398870,-2.113528
2024-04-29 14:03:34.414500,-3.882022
2024-04-29 14:03:34.430130,-5.501843
2024-04-29 14:03:34.445750,-7.098286
2024-04-29 14:03:34.461380,-8.847841
2024-04-29 14:03:34.477000,-10.93025
2024-04-29 14:03:34.492630,-13.4233
2024-04-29 14:03:34.508250,-16.24325
2024-04-29 14:03:34.523880,-19.16714
2024-04-29 14:03:34.539510,-21.83683
2024-04-29 14:03:34.555130,-23.82101
2024-04-29 14:03:34.570760,-24.6685
2024-04-29 14:03:34.586380,-24.02425
2024-04-29 14:03:34.602010,-21.69826
2024-04-29 14:03:34.617630,-17.78489
2024-04-29 14:03:34.633260,-12.67215
2024-04-29 14:03:34.648890,-6.985018
2024-04-29 14:03:34.664510,-1.406746
2024-04-29 14:03:34.680140,3.516584
2024-04-29 14:03:34.695760,7.506599
2024-04-29 14:03:34.711390,10.52827
2024-04-29 14:03:34.727010,12.67233
2024-04-29 14:03:34.742640,14.05412
2024-04-29 14:03:34.758270,14.765
2024-04-29 14:03:34.773890,14.89915
2024-04-29 14:03:34.789520,14.64081
2024-04-29 14:03:34.805140,14.25237
2024-04-29 14:03:34.820770,14.04165
2024-04-29 14:03:34.836390,14.2289
2024-04-29 14:03:34.852020,14.85288
2024-04-29 14:03:34.867650,15.75968
2024-04-29 14:03:34.883270,16.69857
2024-04-29 14:03:34.898900,17.41099
2024-04-29 14:03:34.914520,17.7152
2024-04-29 14:03:34.930150,17.54495
2024-04-29 14:03:34.945770,16.89624
2024-04-29 14:03:34.961400,15.82241
2024-04-29 14:03:34.977030,14.39721
2024-04-29 14:03:34.992650,12.7098
2024-04-29 14:03:35.008280,10.8772
2024-04-29 14:03:35.023900,9.011911
2024-04-29 14:03:35.039530,7.178377
2024-04-29 14:03:35.055160,5.389925
2024-04-29 14:03:35.070780,3.60784
2024-04-29 14:03:35.086410,1.757708
2024-04-29 14:03:35.102030,-0.1890888
2024-04-29 14:03:35.117660,-2.174128
2024-04-29 14:03:35.133280,-4.066282
2024-04-29 14:03:35.148910,-5.715809
2024-04-29 14:03:35.164540,-7.022249
2024-04-29 14:03:35.180160,-8.026825
2024-04-29 14:03:35.195790,-8.90312
2024-04-29 14:03:35.211410,-9.90592
2024-04-29 14:03:35.227040,-11.31166
2024-04-29 14:03:35.242660,-13.3014
2024-04-29 14:03:35.258290,-15.86658
2024-04-29 14:03:35.273920,-18.78815
2024-04-29 14:03:35.289540,-21.6329
2024-04-29 14:03:35.305170,-23.82849
2024-04-29 14:03:35.320790,-24.7884
2024-04-29 14:03:35.336420,-24.05232
2024-04-29 14:03:35.352040,-21.42678
2024-04-29 14:03:35.367670,-17.07825
2024-04-29 14:03:35.383300,-11.5283
2024-04-29 14:03:35.398920,-5.502659
2024-04-29 14:03:35.414550,0.2418118
2024-04-29 14:03:35.430170,5.157383
2024-04-29 14:03:35.445800,8.975534
2024-04-29 14:03:35.461420,11.71512
2024-04-29 14:03:35.477050,13.55365
2024-04-29 14:03:35.492680,14.6896
2024-04-29 14:03:35.508300,15.27023
2024-04-29 14:03:35.523930,15.37217
2024-04-29 14:03:35.539550,15.11112
2024-04-29 14:03:35.555180,14.67636
2024-04-29 14:03:35.570800,14.34788
2024-04-29 14:03:35.586430,14.39513
2024-04-29 14:03:35.602060,14.94323
2024-04-29 14:03:35.617680,15.89196
2024-04-29 14:03:35.633310,16.94478
2024-04-29 14:03:35.648930,17.71976
2024-04-29 14:03:35.664560,17.89649
2024-04-29 14:03:35.680180,17.36011
2024-04-29 14:03:35.695810,16.2048
2024-04-29 14:03:35.711440,14.67715
2024-04-29 14:03:35.727060,13.0308
2024-04-29 14:03:35.742690,11.39219
2024-04-29 14:03:35.758310,9.754232
2024-04-29 14:03:35.773940,8.01214
2024-04-29 14:03:35.789560,6.064112
2024-04-29 14:03:35.805190,3.888407
2024-04-29 14:03:35.820820,1.577364
2024-04-29 14:03:35.836440,-0.7244587
2024-04-29 14:03:35.852070,-2.879211
2024-04-29 14:03:35.867690,-4.808355
2024-04-29 14:03:35.883320,-6.534813
2024-04-29 14:03:35.898940,-8.104633
2024-04-29 14:03:35.914570,-9.592176
2024-04-29 14:03:35.930200,-11.04191
2024-04-29 14:03:35.945820,-12.47879
2024-04-29 14:03:35.961450,-13.94781
2024-04-29 14:03:35.977070,-15.53184
2024-04-29 14:03:35.992700,-17.34023
2024-04-29 14:03:36.008320,-19.39377
2024-04-29 14:03:36.023950,-21.5733
2024-04-29 14:03:36.039580,-23.52049
2024-04-29 14:03:36.055200,-24.73947
2024-04-29 14:03:36.070830,-24.72314
2024-04-29 14:03:36.086450,-23.1496
2024-04-29 14:03:36.102080,-20.01888
2024-04-29 14:03:36.117700,-15.68019
2024-04-29 14:03:36.133330,-10.70338
2024-04-29 14:03:36.148960,-5.688347
2024-04-29 14:03:36.164580,-1.122339
2024-04-29 14:03:36.180210,2.72378
2024-04-29 14:03:36.195830,5.721235
2024-04-29 14:03:36.211460,7.831989
2024-04-29 14:03:36.227080,9.075567
2024-04-29 14:03:36.242710,9.507519
2024-04-29 14:03:36.258340,9.291704
2024-04-29 14:03:36.273960,8.690691
2024-04-29 14:03:36.289590,8.050261
2024-04-29 14:03:36.305210,7.676323
2024-04-29 14:03:36.320840,7.775997
2024-04-29 14:03:36.336460,8.357695
2024-04-29 14:03:36.352090,9.286314
2024-04-29 14:03:36.367720,10.35794
2024-04-29 14:03:36.383340,11.35839
2024-04-29 14:03:36.398970,12.14746
2024-04-29 14:03:36.414590,12.64658
2024-04-29 14:03:36.430220,12.84501
2024-04-29 14:03:36.445840,12.75124
2024-04-29 14:03:36.461470,12.37419
2024-04-29 14:03:36.477100,11.70603
2024-04-29 14:03:36.492720,10.72028
2024-04-29 14:03:36.508350,9.406357
2024-04-29 14:03:36.523970,7.758717
2024-04-29 14:03:36.539600,5.824436
2024-04-29 14:03:36.555220,3.688322
2024-04-29 14:03:36.570850,1.474489
2024-04-29 14:03:36.586480,-0.6574821
2024-04-29 14:03:36.602100,-2.542297
2024-04-29 14:03:36.617730,-4.064241
2024-04-29 14:03:36.633350,-5.185362
2024-04-29 14:03:36.648980,-5.955608
2024-04-29 14:03:36.664600,-6.540644
2024-04-29 14:03:36.680230,-7.134727
2024-04-29 14:03:36.695860,-7.884722
2024-04-29 14:03:36.711480,-8.807316
2024-04-29 14:03:36.727110,-9.728922
2024-04-29 14:03:36.742730,-10.3084
2024-04-29 14:03:36.758360,-10.12152
2024-04-29 14:03:36.773980,-8.807472
2024-04-29 14:03:36.789610,-6.187523
2024-04-29 14:03:36.805240,-2.352629
2024-04-29 14:03:36.820860,2.346582
2024-04-29 14:03:36.836490,7.360039
2024-04-29 14:03:36.852110,12.09542
2024-04-29 14:03:36.867740,16.03088
2024-04-29 14:03:36.883360,18.83348
2024-04-29 14:03:36.898990,20.38749
2024-04-29 14:03:36.914620,20.7814
2024-04-29 14:03:36.930240,20.23541
2024-04-29 14:03:36.945870,19.01949
2024-04-29 14:03:36.961490,17.39507
2024-04-29 14:03:36.977120,15.5755
2024-04-29 14:03:36.992740,13.73994
2024-04-29 14:03:37.008370,12.02993
2024-04-29 14:03:37.024000,10.56947
2024-04-29 14:03:37.039620,9.434916
2024-04-29 14:03:37.055250,8.638716
2024-04-29 14:03:37.070870,8.108761
2024-04-29 14:03:37.086500,7.703459
2024-04-29 14:03:37.102120,7.293859
2024-04-29 14:03:37.117750,6.806667
2024-04-29 14:03:37.133380,6.248964
2024-04-29 14:03:37.149000,5.690804
2024-04-29 14:03:37.164630,5.179651
2024-04-29 14:03:37.180250,4.672859
2024-04-29 14:03:37.195880,4.036589
2024-04-29 14:03:37.211500,3.09665
2024-04-29 14:03:37.227130,1.721371
2024-04-29 14:03:37.242760,-0.08341932
2024-04-29 14:03:37.258380,-2.147734
2024-04-29 14:03:37.274010,-4.214314
2024-04-29 14:03:37.289630,-6.016046
2024-04-29 14:03:37.305260,-7.371077
2024-04-29 14:03:37.320880,-8.241051
2024-04-29 14:03:37.336510,-8.733718
2024-04-29 14:03:37.352140,-9.06105
2024-04-29 14:03:37.367760,-9.473174
2024-04-29 14:03:37.383390,-10.1793
2024-04-29 14:03:37.399010,-11.30039
2024-04-29 14:03:37.414640,-12.8441
2024-04-29 14:03:37.430260,-14.68197
2024-04-29 14:03:37.445890,-16.56359
2024-04-29 14:03:37.461520,-18.13957
2024-04-29 14:03:37.477140,-19.0039
2024-04-29 14:03:37.492770,-18.76717
2024-04-29 14:03:37.508390,-17.15873
2024-04-29 14:03:37.524020,-14.1211
2024-04-29 14:03:37.539640,-9.891219
2024-04-29 14:03:37.555270,-5.001464
2024-04-29 14:03:37.570900,-0.131341
2024-04-29 14:03:37.586520,4.067258
2024-04-29 14:03:37.602150,7.148002
2024-04-29 14:03:37.617770,8.978924
2024-04-29 14:03:37.633400,9.693687
2024-04-29 14:03:37.649030,9.574671
2024-04-29 14:03:37.664650,8.899927
2024-04-29 14:03:37.680280,7.877317
2024-04-29 14:03:37.695900,6.665966
2024-04-29 14:03:37.711530,5.446001
2024-04-29 14:03:37.727150,4.432295
2024-04-29 14:03:37.742780,3.822807
2024-04-29 14:03:37.758410,3.749695
2024-04-29 14:03:37.774030,4.168928
2024-04-29 14:03:37.789660,4.873539
2024-04-29 14:03:37.805280,5.556643
2024-04-29 14:03:37.820910,5.938105
2024-04-29 14:03:37.836530,5.900726
2024-04-29 14:03:37.852160,5.500238
2024-04-29 14:03:37.867790,4.915977
2024-04-29 14:03:37.883410,4.308952
2024-04-29 14:03:37.899040,3.758884
2024-04-29 14:03:37.914660,3.181719
2024-04-29 14:03:37.930290,2.411606
2024-04-29 14:03:37.945910,1.281654
2024-04-29 14:03:37.961540,-0.2812119
2024-04-29 14:03:37.977170,-2.18903
2024-04-29 14:03:37.992790,-4.240894
2024-04-29 14:03:38.008420,-6.194168
2024-04-29 14:03:38.024040,-7.885696
2024-04-29 14:03:38.039670,-9.247627
2024-04-29 14:03:38.055290,-10.3735
2024-04-29 14:03:38.070920,-11.42548
2024-04-29 14:03:38.086550,-12.53507
2024-04-29 14:03:38.102170,-13.78364
2024-04-29 14:03:38.117800,-15.13911
2024-04-29 14:03:38.133420,-16.48297
2024-04-29 14:03:38.149050,-17.59204
2024-04-29 14:03:38.164670,-18.18322
2024-04-29 14:03:38.180300,-17.92208
2024-04-29 14:03:38.195930,-16.56679
2024-04-29 14:03:38.211550,-14.03219
2024-04-29 14:03:38.227180,-10.46599
2024-04-29 14:03:38.242800,-6.278183
2024-04-29 14:03:38.258430,-2.013721
2024-04-29 14:03:38.274050,1.777626
2024-04-29 14:03:38.289680,4.706654
2024-04-29 14:03:38.305310,6.589935
2024-04-29 14:03:38.320930,7.473053
2024-04-29 14:03:38.336560,7.527222
2024-04-29 14:03:38.352180,6.978539
2024-04-29 14:03:38.367810,6.094135
2024-04-29 14:03:38.383430,5.123028
2024-04-29 14:03:38.399060,4.331371
2024-04-29 14:03:38.414690,3.938435
2024-04-29 14:03:38.430310,4.058418
2024-04-29 14:03:38.445940,4.651508
2024-04-29 14:03:38.461560,5.541405
2024-04-29 14:03:38.477190,6.443359
2024-04-29 14:03:38.492810,7.093399
2024-04-29 14:03:38.508440,7.33028
2024-04-29 14:03:38.524070,7.107018
2024-04-29 14:03:38.539690,6.517776
2024-04-29 14:03:38.555320,5.707565
2024-04-29 14:03:38.570940,4.78027
2024-04-29 14:03:38.586570,3.766911
2024-04-29 14:03:38.602190,2.600254
2024-04-29 14:03:38.617820,1.197582
2024-04-29 14:03:38.633450,-0.4730644
2024-04-29 14:03:38.649070,-2.319302
2024-04-29 14:03:38.664700,-4.171947
2024-04-29 14:03:38.680320,-5.807781
2024-04-29 14:03:38.695950,-7.099739
2024-04-29 14:03:38.711570,-8.066666
2024-04-29 14:03:38.727200,-8.866512
2024-04-29 14:03:38.742830,-9.737804
2024-04-29 14:03:38.758450,-10.88396
2024-04-29 14:03:38.774080,-12.3811
2024-04-29 14:03:38.789700,-14.14905
2024-04-29 14:03:38.805330,-15.98383
2024-04-29 14:03:38.820950,-17.58361
2024-04-29 14:03:38.836580,-18.62016
2024-04-29 14:03:38.852210,-18.79942
2024-04-29 14:03:38.867830,-17.88577
2024-04-29 14:03:38.883460,-15.785
2024-04-29 14:03:38.899080,-12.5665
2024-04-29 14:03:38.914710,-8.492558
2024-04-29 14:03:38.930330,-3.996342
2024-04-29 14:03:38.945960,0.3829231
2024-04-29 14:03:38.961590,4.122486
2024-04-29 14:03:38.977210,6.815487
2024-04-29 14:03:38.992840,8.24131
2024-04-29 14:03:39.008460,8.442562
2024-04-29 14:03:39.024090,7.675705
2024-04-29 14:03:39.039710,6.371696
2024-04-29 14:03:39.055340,5.019169
2024-04-29 14:03:39.070970,4.02816
2024-04-29 14:03:39.086590,3.61306
2024-04-29 14:03:39.102220,3.756763
2024-04-29 14:03:39.117840,4.269917
2024-04-29 14:03:39.133470,4.890022
2024-04-29 14:03:39.149090,5.439896
2024-04-29 14:03:39.164720,5.843334
2024-04-29 14:03:39.180350,6.121586
2024-04-29 14:03:39.195970,6.3022
2024-04-29 14:03:39.211600,6.345779
2024-04-29 14:03:39.227220,6.128498
2024-04-29 14:03:39.242850,5.507488
2024-04-29 14:03:39.258470,4.415703
2024-04-29 14:03:39.274100,2.901806
2024-04-29 14:03:39.289730,1.123051
2024-04-29 14:03:39.305350,-0.7495499
2024-04-29 14:03:39.320980,-2.606533
2024-04-29 14:03:39.336600,-4.400616
2024-04-29 14:03:39.352230,-6.181164
2024-04-29 14:03:39.367850,-7.977993
2024-04-29 14:03:39.383480,-9.791206
2024-04-29 14:03:39.399110,-11.57061
2024-04-29 14:03:39.414730,-13.29177
2024-04-29 14:03:39.430360,-14.96815
2024-04-29 14:03:39.445980,-16.67204
2024-04-29 14:03:39.461610,-18.43724
2024-04-29 14:03:39.477230,-20.13957
2024-04-29 14:03:39.492860,-21.46746
2024-04-29 14:03:39.508490,-21.96072
2024-04-29 14:03:39.524110,-21.18221
2024-04-29 14:03:39.539740,-18.9141
2024-04-29 14:03:39.555360,-15.28183
2024-04-29 14:03:39.570990,-10.70282
2024-04-29 14:03:39.586610,-5.769379
2024-04-29 14:03:39.602240,-1.063858
2024-04-29 14:03:39.617870,2.991127
2024-04-29 14:03:39.633490,6.141087
2024-04-29 14:03:39.649120,8.269432
2024-04-29 14:03:39.664740,9.360649
2024-04-29 14:03:39.680370,9.501354
2024-04-29 14:03:39.695990,8.897388
2024-04-29 14:03:39.711620,7.913048
2024-04-29 14:03:39.727250,6.955547
2024-04-29 14:03:39.742870,6.34375
2024-04-29 14:03:39.758500,6.219292
2024-04-29 14:03:39.774120,6.471268
2024-04-29 14:03:39.789750,6.867558
2024-04-29 14:03:39.805370,7.187126
2024-04-29 14:03:39.821000,7.340675
2024-04-29 14:03:39.836630,7.393143
2024-04-29 14:03:39.852250,7.442986
2024-04-29 14:03:39.867880,7.51833
2024-04-29 14:03:39.883500,7.47678
2024-04-29 14:03:39.899130,7.079308
2024-04-29 14:03:39.914760,6.084541
2024-04-29 14:03:39.930380,4.396652
2024-04-29 14:03:39.946010,2.118046
2024-04-29 14:03:39.961630,-0.5117416
2024-04-29 14:03:39.977260,-3.187304
2024-04-29 14:03:39.992880,-5.670084
2024-04-29 14:03:40.008510,-7.830738
2024-04-29 14:03:40.024140,-9.661356
2024-04-29 14:03:40.039760,-11.2382
2024-04-29 14:03:40.055390,-12.70048
2024-04-29 14:03:40.071010,-14.19825
2024-04-29 14:03:40.086640,-15.88914
2024-04-29 14:03:40.102260,-17.87792
2024-04-29 14:03:40.117890,-20.15504
2024-04-29 14:03:40.133520,-22.50647
2024-04-29 14:03:40.149140,-24.5126
2024-04-29 14:03:40.164770,-25.61474
2024-04-29 14:03:40.180390,-25.26123
2024-04-29 14:03:40.196020,-23.14084
2024-04-29 14:03:40.211640,-19.29927
2024-04-29 14:03:40.227270,-14.14869
2024-04-29 14:03:40.242900,-8.361378
2024-04-29 14:03:40.258520,-2.656452
2024-04-29 14:03:40.274150,2.390625
2024-04-29 14:03:40.289770,6.433157
2024-04-29 14:03:40.305400,9.353926
2024-04-29 14:03:40.321020,11.18358
2024-04-29 14:03:40.336650,12.06701
2024-04-29 14:03:40.352280,12.22865
2024-04-29 14:03:40.367900,11.96209
2024-04-29 14:03:40.383530,11.58631
2024-04-29 14:03:40.399150,11.37975
2024-04-29 14:03:40.414780,11.49859
2024-04-29 14:03:40.430400,11.93041
2024-04-29 14:03:40.446030,12.541
2024-04-29 14:03:40.461660,13.12264
2024-04-29 14:03:40.477280,13.49975
2024-04-29 14:03:40.492910,13.56517
2024-04-29 14:03:40.508530,13.29108
2024-04-29 14:03:40.524160,12.71479
2024-04-29 14:03:40.539780,11.91681
2024-04-29 14:03:40.555410,10.97621
2024-04-29 14:03:40.571040,9.940135
2024-04-29 14:03:40.586660,8.756622
2024-04-29 14:03:40.602290,7.30455
2024-04-29 14:03:40.617910,5.442523
2024-04-29 14:03:40.633540,3.116485
2024-04-29 14:03:40.649160,0.4362488
2024-04-29 14:03:40.664790,-2.350973
2024-04-29 14:03:40.680420,-4.941313
2024-04-29 14:03:40.696040,-7.123251
2024-04-29 14:03:40.711670,-8.870789
2024-04-29 14:03:40.727290,-10.35419
2024-04-29 14:03:40.742920,-11.85168
2024-04-29 14:03:40.758540,-13.63702
2024-04-29 14:03:40.774170,-15.85785
2024-04-29 14:03:40.789800,-18.46496
2024-04-29 14:03:40.805420,-21.16266
2024-04-29 14:03:40.821050,-23.45617
2024-04-29 14:03:40.836670,-24.75112
2024-04-29 14:03:40.852300,-24.49116
2024-04-29 14:03:40.867920,-22.35147
2024-04-29 14:03:40.883550,-18.37123
2024-04-29 14:03:40.899180,-12.98771
2024-04-29 14:03:40.914800,-6.8964
2024-04-29 14:03:40.930430,-0.8296165
2024-04-29 14:03:40.946050,4.661232
2024-04-29 14:03:40.961680,9.277351
2024-04-29 14:03:40.977300,12.95287
2024-04-29 14:03:40.992930,15.724
2024-04-29 14:03:41.008560,17.62841
2024-04-29 14:03:41.024180,18.69551
2024-04-29 14:03:41.039810,18.97709
2024-04-29 14:03:41.055430,18.62545
2024-04-29 14:03:41.071060,17.9266
2024-04-29 14:03:41.086680,17.22194
2024-04-29 14:03:41.102310,16.82237
2024-04-29 14:03:41.117940,16.89806
2024-04-29 14:03:41.133560,17.38634
2024-04-29 14:03:41.149190,18.07121
2024-04-29 14:03:41.164810,18.66045
2024-04-29 14:03:41.180440,18.91132
2024-04-29 14:03:41.196060,18.73518
2024-04-29 14:03:41.211690,18.16216
2024-04-29 14:03:41.227320,17.30027
2024-04-29 14:03:41.242940,16.23176
2024-04-29 14:03:41.258570,14.98354
2024-04-29 14:03:41.274190,13.47135
2024-04-29 14:03:41.289820,11.598
2024-04-29 14:03:41.305440,9.292118
2024-04-29 14:03:41.321070,6.584805
2024-04-29 14:03:41.336700,3.61079
2024-04-29 14:03:41.352320,0.5707741
2024-04-29 14:03:41.367950,-2.324589
2024-04-29 14:03:41.383570,-4.926373
2024-04-29 14:03:41.399200,-7.166885
2024-04-29 14:03:41.414820,-9.095375
2024-04-29 14:03:41.430450,-10.83307
2024-04-29 14:03:41.446080,-12.55838
2024-04-29 14:03:41.461700,-14.44519
2024-04-29 14:03:41.477330,-16.62498
2024-04-29 14:03:41.492950,-19.14591
2024-04-29 14:03:41.508580,-21.87437
2024-04-29 14:03:41.524200,-24.46445
2024-04-29 14:03:41.539830,-26.38
2024-04-29 14:03:41.555460,-27.01236
2024-04-29 14:03:41.571080,-25.88116
2024-04-29 14:03:41.586710,-22.81674
2024-04-29 14:03:41.602330,-18.05693
2024-04-29 14:03:41.617960,-12.1725
2024-04-29 14:03:41.633580,-5.915855
2024-04-29 14:03:41.649210,0.04586029
2024-04-29 14:03:41.664840,5.271866
2024-04-29 14:03:41.680460,9.584373
2024-04-29 14:03:41.696090,12.99802
2024-04-29 14:03:41.711710,15.59326
2024-04-29 14:03:41.727340,17.42625
2024-04-29 14:03:41.742960,18.53369
2024-04-29 14:03:41.758590,18.98766
2024-04-29 14:03:41.774220,18.90973
2024-04-29 14:03:41.789840,18.52129
2024-04-29 14:03:41.805470,18.07718
2024-04-29 14:03:41.821090,17.80206
2024-04-29 14:03:41.836720,17.83755
2024-04-29 14:03:41.852340,18.1834
2024-04-29 14:03:41.867970,18.70039
2024-04-29 14:03:41.883600,19.14697
2024-04-29 14:03:41.899220,19.25629
2024-04-29 14:03:41.914850,18.83888
2024-04-29 14:03:41.930470,17.84844
2024-04-29 14:03:41.946100,16.37479
2024-04-29 14:03:41.961720,14.60786
2024-04-29 14:03:41.977350,12.73468
2024-04-29 14:03:41.992980,10.86166
2024-04-29 14:03:42.008600,8.960396
2024-04-29 14:03:42.024230,6.926262
2024-04-29 14:03:42.039850,4.65522
2024-04-29 14:03:42.055480,2.142433
2024-04-29 14:03:42.071110,-0.4894257
2024-04-29 14:03:42.086730,-3.02066
2024-04-29 14:03:42.102360,-5.244461
2024-04-29 14:03:42.117980,-7.033562
2024-04-29 14:03:42.133610,-8.423294
2024-04-29 14:03:42.149230,-9.586014
2024-04-29 14:03:42.164860,-10.74837
2024-04-29 14:03:42.180490,-12.12611
2024-04-29 14:03:42.196110,-13.86273
2024-04-29 14:03:42.211740,-16.0324
2024-04-29 14:03:42.227360,-18.63673
2024-04-29 14:03:42.242990,-21.59404
2024-04-29 14:03:42.258610,-24.65478
2024-04-29 14:03:42.274240,-27.37635
2024-04-29 14:03:42.289870,-29.15097
2024-04-29 14:03:42.305490,-29.33771
2024-04-29 14:03:42.321120,-27.47929
2024-04-29 14:03:42.336740,-23.50528
2024-04-29 14:03:42.352370,-17.77361
2024-04-29 14:03:42.367990,-10.99384
2024-04-29 14:03:42.383620,-4.008499
2024-04-29 14:03:42.399250,2.48452
2024-04-29 14:03:42.414870,8.050056
2024-04-29 14:03:42.430500,12.55662
2024-04-29 14:03:42.446120,16.05168
2024-04-29 14:03:42.461750,18.66468
2024-04-29 14:03:42.477370,20.48441
2024-04-29 14:03:42.493000,21.57976
2024-04-29 14:03:42.508630,22.01734
2024-04-29 14:03:42.524250,21.91672
2024-04-29 14:03:42.539880,21.4803
2024-04-29 14:03:42.555500,20.9544
2024-04-29 14:03:42.571130,20.56835
2024-04-29 14:03:42.586750,20.45109
2024-04-29 14:03:42.602380,20.59229
2024-04-29 14:03:42.618010,20.83327
2024-04-29 14:03:42.633630,20.94672
2024-04-29 14:03:42.649260,20.72166
2024-04-29 14:03:42.664880,20.04417
2024-04-29 14:03:42.680510,18.94564
2024-04-29 14:03:42.696130,17.55257
2024-04-29 14:03:42.711760,16.01641
2024-04-29 14:03:42.727390,14.43023
2024-04-29 14:03:42.743010,12.79452
2024-04-29 14:03:42.758640,11.0167
2024-04-29 14:03:42.774260,9.036049
2024-04-29 14:03:42.789890,6.828468
2024-04-29 14:03:42.805510,4.454575
2024-04-29 14:03:42.821140,2.025772
2024-04-29 14:03:42.836770,-0.361412
2024-04-29 14:03:42.852390,-2.656845
2024-04-29 14:03:42.868020,-4.877594
2024-04-29 14:03:42.883640,-7.065079
2024-04-29 14:03:42.899270,-9.235023
2024-04-29 14:03:42.914890,-11.33256
2024-04-29 14:03:42.930520,-13.27241
2024-04-29 14:03:42.946150,-15.00249
2024-04-29 14:03:42.961770,-16.55055
2024-04-29 14:03:42.977400,-18.08443
2024-04-29 14:03:42.993020,-19.83659
2024-04-29 14:03:43.008650,-21.99048
2024-04-29 14:03:43.024270,-24.5157
2024-04-29 14:03:43.039900,-27.0955
2024-04-29 14:03:43.055530,-29.12962
2024-04-29 14:03:43.071150,-29.89626
2024-04-29 14:03:43.086780,-28.81572
2024-04-29 14:03:43.102400,-25.6538
2024-04-29 14:03:43.118030,-20.65925
2024-04-29 14:03:43.133650,-14.46036
2024-04-29 14:03:43.149280,-7.871445
2024-04-29 14:03:43.164910,-1.59494
2024-04-29 14:03:43.180530,3.939377
2024-04-29 14:03:43.196160,8.606247
2024-04-29 14:03:43.211780,12.47321
2024-04-29 14:03:43.227410,15.63153
2024-04-29 14:03:43.243030,18.10963
2024-04-29 14:03:43.258660,19.85452
2024-04-29 14:03:43.274290,20.85201
2024-04-29 14:03:43.289910,21.17592
2024-04-29 14:03:43.305540,21.04375
2024-04-29 14:03:43.321160,20.7135
2024-04-29 14:03:43.336790,20.41199
2024-04-29 14:03:43.352410,20.24343
2024-04-29 14:03:43.368040,20.16142
2024-04-29 14:03:43.383670,20.0451
2024-04-29 14:03:43.399290,19.76562
2024-04-29 14:03:43.414920,19.26492
2024-04-29 14:03:43.430540,18.54935
2024-04-29 14:03:43.446170,17.67262
2024-04-29 14:03:43.461790,16.6894
2024-04-29 14:03:43.477420,15.63103
2024-04-29 14:03:43.493050,14.48411
2024-04-29 14:03:43.508670,13.20738
2024-04-29 14:03:43.524300,11.74889
2024-04-29 14:03:43.539920,10.10505
2024-04-29 14:03:43.555550,8.319069
2024-04-29 14:03:43.571170,6.483368
2024-04-29 14:03:43.586800,4.697891
2024-04-29 14:03:43.602430,3.03157
2024-04-29 14:03:43.618050,1.489388
2024-04-29 14:03:43.633680,0.02787018
2024-04-29 14:03:43.649300,-1.448204
2024-04-29 14:03:43.664930,-3.025116
2024-04-29 14:03:43.680550,-4.753792
2024-04-29 14:03:43.696180,-6.612846
2024-04-29 14:03:43.711810,-8.535751
2024-04-29 14:03:43.727430,-10.45152
2024-04-29 14:03:43.743060,-12.33469
2024-04-29 14:03:43.758680,-14.22296
2024-04-29 14:03:43.774310,-16.22514
2024-04-29 14:03:43.789930,-18.45911
2024-04-29 14:03:43.805560,-21.00883
2024-04-29 14:03:43.821190,-23.8558
2024-04-29 14:03:43.836810,-26.82751
2024-04-29 14:03:43.852440,-29.57526
2024-04-29 14:03:43.868060,-31.60873
2024-04-29 14:03:43.883690,-32.38461
2024-04-29 14:03:43.899310,-31.44818
2024-04-29 14:03:43.914940,-28.59808
2024-04-29 14:03:43.930570,-23.98504
2024-04-29 14:03:43.946190,-18.1154
2024-04-29 14:03:43.961820,-11.70625
2024-04-29 14:03:43.977440,-5.482876
2024-04-29 14:03:43.993070,0.05078125
2024-04-29 14:03:44.008690,4.708523
2024-04-29 14:03:44.024320,8.538715
2024-04-29 14:03:44.039950,11.69585
2024-04-29 14:03:44.055570,14.25309
2024-04-29 14:03:44.071200,16.19515
2024-04-29 14:03:44.086820,17.44039
2024-04-29 14:03:44.102450,17.9929
2024-04-29 14:03:44.118070,18.00768
2024-04-29 14:03:44.133700,17.79242
2024-04-29 14:03:44.149330,17.67176
2024-04-29 14:03:44.164950,17.82412
2024-04-29 14:03:44.180580,18.2242
2024-04-29 14:03:44.196200,18.66811
2024-04-29 14:03:44.211830,18.94049
2024-04-29 14:03:44.227450,18.91121
2024-04-29 14:03:44.243080,18.6031
2024-04-29 14:03:44.258710,18.13977
2024-04-29 14:03:44.274330,17.60885
2024-04-29 14:03:44.289960,17.0301
2024-04-29 14:03:44.305580,16.29088
2024-04-29 14:03:44.321210,15.25964
2024-04-29 14:03:44.336830,13.83611
2024-04-29 14:03:44.352460,12.04911
2024-04-29 14:03:44.368090,10.017
2024-04-29 14:03:44.383710,7.932827
2024-04-29 14:03:44.399340,5.984264
2024-04-29 14:03:44.414960,4.284302
2024-04-29 14:03:44.430590,2.841457
2024-04-29 14:03:44.446210,1.54406
2024-04-29 14:03:44.461840,0.2203674
2024-04-29 14:03:44.477470,-1.314465
2024-04-29 14:03:44.493090,-3.138596
2024-04-29 14:03:44.508720,-5.218613
2024-04-29 14:03:44.524340,-7.387535
2024-04-29 14:03:44.539970,-9.426569
2024-04-29 14:03:44.555590,-11.19422
2024-04-29 14:03:44.571220,-12.68545
2024-04-29 14:03:44.586850,-14.04319
2024-04-29 14:03:44.602470,-15.47438
2024-04-29 14:03:44.618100,-17.17864
2024-04-29 14:03:44.633720,-19.23914
2024-04-29 14:03:44.649350,-21.62918
2024-04-29 14:03:44.664970,-24.20582
2024-04-29 14:03:44.680600,-26.71248
2024-04-29 14:03:44.696230,-28.79062
2024-04-29 14:03:44.711850,-29.99153
2024-04-29 14:03:44.727480,-29.8483
2024-04-29 14:03:44.743100,-28.02151
2024-04-29 14:03:44.758730,-24.44682
2024-04-29 14:03:44.774360,-19.4096
2024-04-29 14:03:44.789980,-13.51118
2024-04-29 14:03:44.805610,-7.474323
2024-04-29 14:03:44.821230,-1.939991
2024-04-29 14:03:44.836860,2.704077
2024-04-29 14:03:44.852480,6.37903
2024-04-29 14:03:44.868110,9.222195
2024-04-29 14:03:44.883740,11.43727
2024-04-29 14:03:44.899360,13.16464
2024-04-29 14:03:44.914990,14.4677
2024-04-29 14:03:44.930610,15.35754
2024-04-29 14:03:44.946240,15.89535
2024-04-29 14:03:44.961860,16.21352
2024-04-29 14:03:44.977490,16.48279
2024-04-29 14:03:44.993120,16.84591
2024-04-29 14:03:45.008740,17.33887
2024-04-29 14:03:45.024370,17.87865
2024-04-29 14:03:45.039990,18.29732
2024-04-29 14:03:45.055620,18.42924
2024-04-29 14:03:45.071240,18.1757
2024-04-29 14:03:45.086870,17.54235
2024-04-29 14:03:45.102500,16.60607
2024-04-29 14:03:45.118120,15.46623
2024-04-29 14:03:45.133750,14.19834
2024-04-29 14:03:45.149370,12.8183
2024-04-29 14:03:45.165000,11.32007
2024-04-29 14:03:45.180620,9.699707
2024-04-29 14:03:45.196250,7.99598
2024-04-29 14:03:45.211880,6.279789
2024-04-29 14:03:45.227500,4.653458
2024-04-29 14:03:45.243130,3.183265
2024-04-29 14:03:45.258750,1.88975
2024-04-29 14:03:45.274380,0.7483082
2024-04-29 14:03:45.290000,-0.3372412
2024-04-29 14:03:45.305630,-1.476089
2024-04-29 14:03:45.321260,-2.793801
2024-04-29 14:03:45.336880,-4.384084
2024-04-29 14:03:45.352510,-6.241963
2024-04-29 14:03:45.368130,-8.269712
2024-04-29 14:03:45.383760,-10.29629
2024-04-29 14:03:45.399380,-12.1187
2024-04-29 14:03:45.415010,-13.60635
2024-04-29 14:03:45.430640,-14.77294
2024-04-29 14:03:45.446260,-15.76336
2024-04-29 14:03:45.461890,-16.83177
2024-04-29 14:03:45.477510,-18.22827
2024-04-29 14:03:45.493140,-20.09811
2024-04-29 14:03:45.508760,-22.41472
2024-04-29 14:03:45.524390,-24.98605
2024-04-29 14:03:45.540020,-27.45122
2024-04-29 14:03:45.555640,-29.34658
2024-04-29 14:03:45.571270,-30.15868
2024-04-29 14:03:45.586890,-29.43628
2024-04-29 14:03:45.602520,-26.92308
2024-04-29 14:03:45.618140,-22.68407
2024-04-29 14:03:45.633770,-17.14759
2024-04-29 14:03:45.649400,-11.01962
2024-04-29 14:03:45.665020,-5.077665
2024-04-29 14:03:45.680650,0.07099724
2024-04-29 14:03:45.696270,4.14777
2024-04-29 14:03:45.711900,7.193369
2024-04-29 14:03:45.727520,9.43342
2024-04-29 14:03:45.743150,11.06856
2024-04-29 14:03:45.758780,12.19095
2024-04-29 14:03:45.774400,12.81181
2024-04-29 14:03:45.790030,12.95954
2024-04-29 14:03:45.805650,12.77764
2024-04-29 14:03:45.821280,12.5384
2024-04-29 14:03:45.836900,12.5053
2024-04-29 14:03:45.852530,12.8065
2024-04-29 14:03:45.868160,13.37668
2024-04-29 14:03:45.883780,13.98684
2024-04-29 14:03:45.899410,14.40764
2024-04-29 14:03:45.915030,14.54079
2024-04-29 14:03:45.930660,14.41666
2024-04-29 14:03:45.946280,14.16285
2024-04-29 14:03:45.961910,13.87776
2024-04-29 14:03:45.977540,13.54684
2024-04-29 14:03:45.993160,13.06074
2024-04-29 14:03:46.008790,12.3088
2024-04-29 14:03:46.024410,11.23759
2024-04-29 14:03:46.040040,9.871319
2024-04-29 14:03:46.055660,8.300316
2024-04-29 14:03:46.071290,6.599255
2024-04-29 14:03:46.086920,4.862812
2024-04-29 14:03:46.102540,3.158352
2024-04-29 14:03:46.118170,1.532001
2024-04-29 14:03:46.133790,0.01904678
2024-04-29 14:03:46.149420,-1.392441
2024-04-29 14:03:46.165040,-2.765854
2024-04-29 14:03:46.180670,-4.202888
2024-04-29 14:03:46.196300,-5.777344
2024-04-29 14:03:46.211920,-7.497585
2024-04-29 14:03:46.227550,-9.274353
2024-04-29 14:03:46.243170,-10.99665
2024-04-29 14:03:46.258800,-12.59123
2024-04-29 14:03:46.274420,-14.06218
2024-04-29 14:03:46.290050,-15.48612
2024-04-29 14:03:46.305680,-16.96409
2024-04-29 14:03:46.321300,-18.56852
2024-04-29 14:03:46.336930,-20.305
2024-04-29 14:03:46.352550,-22.15258
2024-04-29 14:03:46.368180,-24.04139
2024-04-29 14:03:46.383800,-25.83746
2024-04-29 14:03:46.399430,-27.32661
2024-04-29 14:03:46.415060,-28.15948
2024-04-29 14:03:46.430680,-27.94976
2024-04-29 14:03:46.446310,-26.3845
2024-04-29 14:03:46.461930,-23.36285
2024-04-29 14:03:46.477560,-19.04768
2024-04-29 14:03:46.493180,-13.87754
2024-04-29 14:03:46.508810,-8.402336
2024-04-29 14:03:46.524440,-3.137047
2024-04-29 14:03:46.540060,1.491062
2024-04-29 14:03:46.555690,5.227371
2024-04-29 14:03:46.571310,7.949921
2024-04-29 14:03:46.586940,9.661556
2024-04-29 14:03:46.602560,10.4943
2024-04-29 14:03:46.618190,10.6572
2024-04-29 14:03:46.633820,10.42641
2024-04-29 14:03:46.649440,10.09049
2024-04-29 14:03:46.665070,9.922756
2024-04-29 14:03:46.680690,10.09377
2024-04-29 14:03:46.696320,10.69431
2024-04-29 14:03:46.711940,11.69126
2024-04-29 14:03:46.727570,12.94882
2024-04-29 14:03:46.743200,14.24155
2024-04-29 14:03:46.758820,15.28505
2024-04-29 14:03:46.774450,15.85508
2024-04-29 14:03:46.790070,15.81483
2024-04-29 14:03:46.805700,15.21748
2024-04-29 14:03:46.821320,14.21419
2024-04-29 14:03:46.836950,13.02222
2024-04-29 14:03:46.852580,11.8092
2024-04-29 14:03:46.868200,10.63094
2024-04-29 14:03:46.883830,9.466022
2024-04-29 14:03:46.899450,8.245979
2024-04-29 14:03:46.915080,6.962891
2024-04-29 14:03:46.930710,5.640141
2024-04-29 14:03:46.946330,4.353859
2024-04-29 14:03:46.961960,3.146385
2024-04-29 14:03:46.977580,2.017754
2024-04-29 14:03:46.993210,0.882679
2024-04-29 14:03:47.008830,-0.3549461
2024-04-29 14:03:47.024460,-1.75164
2024-04-29 14:03:47.040090,-3.293697
2024-04-29 14:03:47.055710,-4.863739
2024-04-29 14:03:47.071340,-6.310368
2024-04-29 14:03:47.086960,-7.513977
2024-04-29 14:03:47.102590,-8.449535
2024-04-29 14:03:47.118210,-9.21225
2024-04-29 14:03:47.133840,-10.0037
2024-04-29 14:03:47.149470,-11.05797
2024-04-29 14:03:47.165090,-12.56721
2024-04-29 14:03:47.180720,-14.63384
2024-04-29 14:03:47.196340,-17.20779
2024-04-29 14:03:47.211970,-20.06867
2024-04-29 14:03:47.227590,-22.81606
2024-04-29 14:03:47.243220,-24.90958
2024-04-29 14:03:47.258850,-25.77489
2024-04-29 14:03:47.274470,-24.9383
2024-04-29 14:03:47.290100,-22.21529
2024-04-29 14:03:47.305720,-17.78513
2024-04-29 14:03:47.321350,-12.18579
2024-04-29 14:03:47.336970,-6.174965
2024-04-29 14:03:47.352600,-0.5098763
2024-04-29 14:03:47.368230,4.24099
2024-04-29 14:03:47.383850,7.804546
2024-04-29 14:03:47.399480,10.16877
2024-04-29 14:03:47.415100,11.48886
2024-04-29 14:03:47.430730,11.96578
2024-04-29 14:03:47.446350,11.80301
2024-04-29 14:03:47.461980,11.19855
2024-04-29 14:03:47.477610,10.38537
2024-04-29 14:03:47.493230,9.612282
2024-04-29 14:03:47.508860,9.136486
2024-04-29 14:03:47.524480,9.134022
2024-04-29 14:03:47.540110,9.638279
2024-04-29 14:03:47.555730,10.53253
2024-04-29 14:03:47.571360,11.57962
2024-04-29 14:03:47.586990,12.5218
2024-04-29 14:03:47.602610,13.14599
2024-04-29 14:03:47.618240,13.36906
2024-04-29 14:03:47.633860,13.19423
2024-04-29 14:03:47.649490,12.69502
2024-04-29 14:03:47.665110,11.95601
2024-04-29 14:03:47.680740,11.01885
2024-04-29 14:03:47.696370,9.883331
2024-04-29 14:03:47.711990,8.536293
2024-04-29 14:03:47.727620,7.003937
2024-04-29 14:03:47.743240,5.35144
2024-04-29 14:03:47.758870,3.697609
2024-04-29 14:03:47.774490,2.139278
2024-04-29 14:03:47.790120,0.7149353
2024-04-29 14:03:47.805750,-0.6222992
2024-04-29 14:03:47.821370,-1.980995
2024-04-29 14:03:47.837000,-3.452801
2024-04-29 14:03:47.852620,-5.057098
2024-04-29 14:03:47.868250,-6.702808
2024-04-29 14:03:47.883870,-8.251381
2024-04-29 14:03:47.899500,-9.563637
2024-04-29 14:03:47.915130,-10.58373
2024-04-29 14:03:47.930750,-11.41325
2024-04-29 14:03:47.946380,-12.23486
2024-04-29 14:03:47.962000,-13.26947
2024-04-29 14:03:47.977630,-14.69506
2024-04-29 14:03:47.993250,-16.55515
2024-04-29 14:03:48.008880,-18.72001
2024-04-29 14:03:48.024510,-20.8808
2024-04-29 14:03:48.040130,-22.57832
2024-04-29 14:03:48.055760,-23.28119
2024-04-29 14:03:48.071380,-22.5666
2024-04-29 14:03:48.087010,-20.20892
2024-04-29 14:03:48.102630,-16.30514
2024-04-29 14:03:48.118260,-11.26566
2024-04-29 14:03:48.133890,-5.718952
2024-04-29 14:03:48.149510,-0.3500824
2024-04-29 14:03:48.165140,4.265549
2024-04-29 14:03:48.180760,7.745407
2024-04-29 14:03:48.196390,9.956379
2024-04-29 14:03:48.212010,10.96377
2024-04-29 14:03:48.227640,10.98022
2024-04-29 14:03:48.243270,10.30533
2024-04-29 14:03:48.258890,9.266979
2024-04-29 14:03:48.274520,8.19566
2024-04-29 14:03:48.290140,7.365513
2024-04-29 14:03:48.305770,6.964546
2024-04-29 14:03:48.321390,7.05896
2024-04-29 14:03:48.337020,7.59425
2024-04-29 14:03:48.352650,8.427471
2024-04-29 14:03:48.368270,9.360722
2024-04-29 14:03:48.383900,10.20391
2024-04-29 14:03:48.399520,10.81078
2024-04-29 14:03:48.415150,11.12619
2024-04-29 14:03:48.430770,11.14059
2024-04-29 14:03:48.446400,10.90664
2024-04-29 14:03:48.462030,10.48085
2024-04-29 14:03:48.477650,9.901627
2024-04-29 14:03:48.493280,9.166397
2024-04-29 14:03:48.508900,8.222893
2024-04-29 14:03:48.524530,7.006008
2024-04-29 14:03:48.540150,5.450714
2024-04-29 14:03:48.555780,3.570786
2024-04-29 14:03:48.571410,1.431557
2024-04-29 14:03:48.587030,-0.8184547
2024-04-29 14:03:48.602660,-3.01812
2024-04-29 14:03:48.618280,-5.029446
2024-04-29 14:03:48.633910,-6.785591
2024-04-29 14:03:48.649530,-8.319454
2024-04-29 14:03:48.665160,-9.711216
2024-04-29 14:03:48.680790,-11.06703
2024-04-29 14:03:48.696410,-12.45901
2024-04-29 14:03:48.712040,-13.93242
2024-04-29 14:03:48.727660,-15.53316
2024-04-29 14:03:48.743290,-17.30789
2024-04-29 14:03:48.758910,-19.28828
2024-04-29 14:03:48.774540,-21.37848
2024-04-29 14:03:48.790170,-23.28906
2024-04-29 14:03:48.805790,-24.51923
2024-04-29 14:03:48.821420,-24.48354
2024-04-29 14:03:48.837040,-22.73422
2024-04-29 14:03:48.852670,-19.16082
2024-04-29 14:03:48.868290,-14.0863
2024-04-29 14:03:48.883920,-8.181087
2024-04-29 14:03:48.899550,-2.252392
2024-04-29 14:03:48.915170,3.018993
2024-04-29 14:03:48.930800,7.214352
2024-04-29 14:03:48.946420,10.20455
2024-04-29 14:03:48.962050,12.04534
2024-04-29 14:03:48.977670,12.86411
2024-04-29 14:03:48.993300,12.83376
2024-04-29 14:03:49.008930,12.14326
2024-04-29 14:03:49.024550,11.05634
2024-04-29 14:03:49.040180,9.890465
2024-04-29 14:03:49.055800,8.989506
2024-04-29 14:03:49.071430,8.606236
2024-04-29 14:03:49.087050,8.84734
2024-04-29 14:03:49.102680,9.612568
2024-04-29 14:03:49.118310,10.64417
2024-04-29 14:03:49.133930,11.623
2024-04-29 14:03:49.149560,12.26996
2024-04-29 14:03:49.165180,12.42243
2024-04-29 14:03:49.180810,12.07014
2024-04-29 14:03:49.196430,11.32302
2024-04-29 14:03:49.212060,10.35807
2024-04-29 14:03:49.227690,9.311535
2024-04-29 14:03:49.243310,8.244713
2024-04-29 14:03:49.258940,7.125401
2024-04-29 14:03:49.274560,5.848534
2024-04-29 14:03:49.290190,4.301514
2024-04-29 14:03:49.305810,2.426657
2024-04-29 14:03:49.321440,0.2657928
2024-04-29 14:03:49.337070,-2.052382
2024-04-29 14:03:49.352690,-4.323763
2024-04-29 14:03:49.368320,-6.356609
2024-04-29 14:03:49.383940,-8.034628
2024-04-29 14:03:49.399570,-9.360918
2024-04-29 14:03:49.415190,-10.46282
2024-04-29 14:03:49.430820,-11.53672
2024-04-29 14:03:49.446450,-12.76784
2024-04-29 14:03:49.462070,-14.26088
2024-04-29 14:03:49.477700,-16.04324
2024-04-29 14:03:49.493320,-18.00373
2024-04-29 14:03:49.508950,-19.90447
2024-04-29 14:03:49.524580,-21.37975
2024-04-29 14:03:49.540200,-21.96515
2024-04-29 14:03:49.555830,-21.23676
2024-04-29 14:03:49.571450,-18.93749
2024-04-29 14:03:49.587080,-15.10402
2024-04-29 14:03:49.602700,-10.11309
2024-04-29 14:03:49.618330,-4.602684
2024-04-29 14:03:49.633960,0.7155666
2024-04-29 14:03:49.649580,5.274101
2024-04-29 14:03:49.665210,8.75242
2024-04-29 14:03:49.680830,11.10707
2024-04-29 14:03:49.696460,12.45454
2024-04-29 14:03:49.712080,12.96003
2024-04-29 14:03:49.727710,12.78124
2024-04-29 14:03:49.743340,12.05583
2024-04-29 14:03:49.758960,10.97941
2024-04-29 14:03:49.774590,9.829624
2024-04-29 14:03:49.790210,8.938837
2024-04-29 14:03:49.805840,8.572367
2024-04-29 14:03:49.821460,8.849495
2024-04-29 14:03:49.837090,9.651173
2024-04-29 14:03:49.852720,10.67223
2024-04-29 14:03:49.868340,11.54057
2024-04-29 14:03:49.883970,11.94315
2024-04-29 14:03:49.899590,11.73627
2024-04-29 14:03:49.915220,10.97598
2024-04-29 14:03:49.930840,9.82919
2024-04-29 14:03:49.946470,8.490428
2024-04-29 14:03:49.962100,7.093261
2024-04-29 14:03:49.977720,5.683406
2024-04-29 14:03:49.993350,4.204028
2024-04-29 14:03:50.008970,2.579336
2024-04-29 14:03:50.024600,0.7640591
2024-04-29 14:03:50.040220,-1.181161
2024-04-29 14:03:50.055850,-3.124295
2024-04-29 14:03:50.071480,-4.89861
2024-04-29 14:03:50.087100,-6.385985
2024-04-29 14:03:50.102730,-7.574306
2024-04-29 14:03:50.118350,-8.563475
2024-04-29 14:03:50.133980,-9.534513
2024-04-29 14:03:50.149600,-10.67766
2024-04-29 14:03:50.165230,-12.11788
2024-04-29 14:03:50.180860,-13.8637
2024-04-29 14:03:50.196480,-15.7585
2024-04-29 14:03:50.212110,-17.50833
2024-04-29 14:03:50.227730,-18.71602
2024-04-29 14:03:50.243360,-18.9648
2024-04-29 14:03:50.258980,-17.9336
2024-04-29 14:03:50.274610,-15.50839
2024-04-29 14:03:50.290240,-11.80638
2024-04-29 14:03:50.305860,-7.209646
2024-04-29 14:03:50.321490,-2.234077
2024-04-29 14:03:50.337110,2.572786
2024-04-29 14:03:50.352740,6.735109
2024-04-29 14:03:50.368360,9.927856
2024-04-29 14:03:50.383990,11.97654
2024-04-29 14:03:50.399620,12.88638
2024-04-29 14:03:50.415240,12.80226
2024-04-29 14:03:50.430870,11.97174
2024-04-29 14:03:50.446490,10.72869
2024-04-29 14:03:50.462120,9.413094
2024-04-29 14:03:50.477740,8.341429
2024-04-29 14:03:50.493370,7.751351
2024-04-29 14:03:50.509000,7.775601
2024-04-29 14:03:50.524620,8.392396
2024-04-29 14:03:50.540250,9.432212
2024-04-29 14:03:50.555870,10.58764
2024-04-29 14:03:50.571500,11.50721
2024-04-29 14:03:50.587120,11.92345
2024-04-29 14:03:50.602750,11.73407
2024-04-29 14:03:50.618380,11.02022
2024-04-29 14:03:50.634000,9.981587
2024-04-29 14:03:50.649630,8.820967
2024-04-29 14:03:50.665250,7.631121
2024-04-29 14:03:50.680880,6.364947
2024-04-29 14:03:50.696500,4.901914
2024-04-29 14:03:50.712130,3.150723
2024-04-29 14:03:50.727760,1.134782
2024-04-29 14:03:50.743380,-1.003606
2024-04-29 14:03:50.759010,-3.07042
2024-04-29 14:03:50.774630,-4.921856
2024-04-29 14:03:50.790260,-6.485106
2024-04-29 14:03:50.805880,-7.811936
2024-04-29 14:03:50.821510,-9.00955
2024-04-29 14:03:50.837140,-10.21433
2024-04-29 14:03:50.852760,-11.54689
2024-04-29 14:03:50.868390,-13.06945
2024-04-29 14:03:50.884010,-14.75885
2024-04-29 14:03:50.899640,-16.44597
2024-04-29 14:03:50.915260,-17.78392
2024-04-29 14:03:50.930890,-18.30956
2024-04-29 14:03:50.946520,-17.57545
2024-04-29 14:03:50.962140,-15.32568
2024-04-29 14:03:50.977770,-11.61551
2024-04-29 14:03:50.993390,-6.851079
2024-04-29 14:03:51.009020,-1.654954
2024-04-29 14:03:51.024640,3.32305
2024-04-29 14:03:51.040270,7.585213
2024-04-29 14:03:51.055900,10.84045
2024-04-29 14:03:51.071520,12.97389
2024-04-29 14:03:51.087150,13.98891
2024-04-29 14:03:51.102770,13.94552
2024-04-29 14:03:51.118400,13.01406
2024-04-29 14:03:51.134020,11.4743
2024-04-29 14:03:51.149650,9.725357
2024-04-29 14:03:51.165280,8.204533
2024-04-29 14:03:51.180900,7.268776
2024-04-29 14:03:51.196530,7.097006
2024-04-29 14:03:51.212150,7.656723
2024-04-29 14:03:51.227780,8.730213
2024-04-29 14:03:51.243400,9.987226
2024-04-29 14:03:51.259030,11.07182
2024-04-29 14:03:51.274660,11.69415
2024-04-29 14:03:51.290280,11.69236
2024-04-29 14:03:51.305910,11.05908
2024-04-29 14:03:51.321530,9.937033
2024-04-29 14:03:51.337160,8.517906
2024-04-29 14:03:51.352780,6.959913
2024-04-29 14:03:51.368410,5.303457
2024-04-29 14:03:51.384040,3.488241
2024-04-29 14:03:51.399660,1.44305
2024-04-29 14:03:51.415290,-0.7879963
2024-04-29 14:03:51.430910,-3.017649
2024-04-29 14:03:51.446540,-4.994766
2024-04-29 14:03:51.462160,-6.54838
2024-04-29 14:03:51.477790,-7.681835
2024-04-29 14:03:51.493420,-8.581419
2024-04-29 14:03:51.509040,-9.541313
2024-04-29 14:03:51.524670,-10.80935
2024-04-29 14:03:51.540290,-12.4897
2024-04-29 14:03:51.555920,-14.48273
2024-04-29 14:03:51.571540,-16.5149
2024-04-29 14:03:51.587170,-18.16937
2024-04-29 14:03:51.602800,-19.01402
2024-04-29 14:03:51.618420,-18.65339
2024-04-29 14:03:51.634050,-16.86359
2024-04-29 14:03:51.649670,-13.67694
2024-04-29 14:03:51.665300,-9.391962
2024-04-29 14:03:51.680920,-4.518215
2024-04-29 14:03:51.696550,0.3318214
2024-04-29 14:03:51.712180,4.603312
2024-04-29 14:03:51.727800,7.900581
2024-04-29 14:03:51.743430,10.03921
2024-04-29 14:03:51.759050,11.02402
2024-04-29 14:03:51.774680,11.02866
2024-04-29 14:03:51.790300,10.33394
2024-04-29 14:03:51.805930,9.283882
2024-04-29 14:03:51.821560,8.217316
2024-04-29 14:03:51.837180,7.399591
2024-04-29 14:03:51.852810,6.992165
2024-04-29 14:03:51.868430,7.023899
2024-04-29 14:03:51.884060,7.434618
2024-04-29 14:03:51.899690,8.084805
2024-04-29 14:03:51.915310,8.790359
2024-04-29 14:03:51.930940,9.356464
2024-04-29 14:03:51.946560,9.596628
2024-04-29 14:03:51.962190,9.356016
2024-04-29 14:03:51.977810,8.543972
2024-04-29 14:03:51.993440,7.173418
2024-04-29 14:03:52.009070,5.357368
2024-04-29 14:03:52.024690,3.277336
2024-04-29 14:03:52.040320,1.12715
2024-04-29 14:03:52.055940,-0.9515076
2024-04-29 14:03:52.071570,-2.891308
2024-04-29 14:03:52.087190,-4.694548
2024-04-29 14:03:52.102820,-6.401606
2024-04-29 14:03:52.118450,-8.040972
2024-04-29 14:03:52.134070,-9.598896
2024-04-29 14:03:52.149700,-11.05984
2024-04-29 14:03:52.165320,-12.4251
2024-04-29 14:03:52.180950,-13.76193
2024-04-29 14:03:52.196570,-15.17621
2024-04-29 14:03:52.212200,-16.70955
2024-04-29 14:03:52.227830,-18.25857
2024-04-29 14:03:52.243450,-19.49181
2024-04-29 14:03:52.259080,-19.92083
2024-04-29 14:03:52.274700,-19.06424
2024-04-29 14:03:52.290330,-16.64103
2024-04-29 14:03:52.305950,-12.72116
2024-04-29 14:03:52.321580,-7.758297
2024-04-29 14:03:52.337210,-2.440083
2024-04-29 14:03:52.352830,2.528183
2024-04-29 14:03:52.368460,6.606506
2024-04-29 14:03:52.384080,9.544823
2024-04-29 14:03:52.399710,11.35263
2024-04-29 14:03:52.415330,12.20531
2024-04-29 14:03:52.430960,12.3173
2024-04-29 14:03:52.446590,11.88154
2024-04-29 14:03:52.462210,11.0549
2024-04-29 14:03:52.477840,9.993114
2024-04-29 14:03:52.493460,8.879021
2024-04-29 14:03:52.509090,7.934032
2024-04-29 14:03:52.524710,7.349014
2024-04-29 14:03:52.540340,7.21439
2024-04-29 14:03:52.555970,7.476318
2024-04-29 14:03:52.571590,7.920784
2024-04-29 14:03:52.587220,8.253994
2024-04-29 14:03:52.602840,8.183899
2024-04-29 14:03:52.618470,7.517208
2024-04-29 14:03:52.634090,6.209499
2024-04-29 14:03:52.649720,4.358616
2024-04-29 14:03:52.665350,2.152252
2024-04-29 14:03:52.680970,-0.1967239
2024-04-29 14:03:52.696600,-2.504822
2024-04-29 14:03:52.712220,-4.660442
2024-04-29 14:03:52.727850,-6.60743
2024-04-29 14:03:52.743470,-8.347382
2024-04-29 14:03:52.759100,-9.931694
2024-04-29 14:03:52.774730,-11.45142
2024-04-29 14:03:52.790350,-13.02996
2024-04-29 14:03:52.805980,-14.79281
2024-04-29 14:03:52.821600,-16.79566
2024-04-29 14:03:52.837230,-18.97687
2024-04-29 14:03:52.852850,-21.09361
2024-04-29 14:03:52.868480,-22.74094
2024-04-29 14:03:52.884110,-23.43805
2024-04-29 14:03:52.899730,-22.77041
2024-04-29 14:03:52.915360,-20.52299
2024-04-29 14:03:52.930980,-16.78115
2024-04-29 14:03:52.946610,-11.89035
2024-04-29 14:03:52.962230,-6.39629
2024-04-29 14:03:52.977860,-0.8829689
2024-04-29 14:03:52.993490,4.15646
2024-04-29 14:03:53.009110,8.405975
2024-04-29 14:03:53.024740,11.72822
2024-04-29 14:03:53.040360,14.10132
2024-04-29 14:03:53.055990,15.5496
2024-04-29 14:03:53.071610,16.12829
2024-04-29 14:03:53.087240,15.94212
2024-04-29 14:03:53.102870,15.18896
2024-04-29 14:03:53.118490,14.16642
2024-04-29 14:03:53.134120,13.21696
2024-04-29 14:03:53.149740,12.61972
2024-04-29 14:03:53.165370,12.50587
2024-04-29 14:03:53.180990,12.78795
2024-04-29 14:03:53.196620,13.23829
2024-04-29 14:03:53.212250,13.5461
2024-04-29 14:03:53.227870,13.4792
2024-04-29 14:03:53.243500,12.90861
2024-04-29 14:03:53.259120,11.81869
2024-04-29 14:03:53.274750,10.26468
2024-04-29 14:03:53.290370,8.322601
2024-04-29 14:03:53.306000,6.079285
2024-04-29 14:03:53.321630,3.63633
2024-04-29 14:03:53.337250,1.129196
2024-04-29 14:03:53.352880,-1.289848
2024-04-29 14:03:53.368500,-3.476257
2024-04-29 14:03:53.384130,-5.357399
2024-04-29 14:03:53.399750,-6.978271
2024-04-29 14:03:53.415380,-8.476715
2024-04-29 14:03:53.431010,-10.04399
2024-04-29 14:03:53.446630,-11.83746
2024-04-29 14:03:53.462260,-13.95688
2024-04-29 14:03:53.477880,-16.38304
2024-04-29 14:03:53.493510,-18.98988
2024-04-29 14:03:53.509130,-21.54175
2024-04-29 14:03:53.524760,-23.67855
2024-04-29 14:03:53.540390,-24.94359
2024-04-29 14:03:53.556010,-24.88724
2024-04-29 14:03:53.571640,-23.1877
2024-04-29 14:03:53.587260,-19.79772
2024-04-29 14:03:53.602890,-15.0235
2024-04-29 14:03:53.618510,-9.440659
2024-04-29 14:03:53.634140,-3.683784
2024-04-29 14:03:53.649770,1.753036
2024-04-29 14:03:53.665390,6.634064
2024-04-29 14:03:53.681020,10.94226
2024-04-29 14:03:53.696640,14.72519
2024-04-29 14:03:53.712270,17.93336
2024-04-29 14:03:53.727890,20.42289
2024-04-29 14:03:53.743520,22.00439
2024-04-29 14:03:53.759150,22.6457
2024-04-29 14:03:53.774770,22.52823
2024-04-29 14:03:53.790400,22.02493
2024-04-29 14:03:53.806020,21.53714
2024-04-29 14:03:53.821650,21.33653
2024-04-29 14:03:53.837270,21.45053
2024-04-29 14:03:53.852900,21.67924
2024-04-29 14:03:53.868530,21.73588
2024-04-29 14:03:53.884150,21.35107
2024-04-29 14:03:53.899780,20.42252
2024-04-29 14:03:53.915400,19.01035
2024-04-29 14:03:53.931030,17.31029
2024-04-29 14:03:53.946650,15.52898
2024-04-29 14:03:53.962280,13.82646
2024-04-29 14:03:53.977910,12.27265
2024-04-29 14:03:53.993530,10.84171
2024-04-29 14:03:54.009160,9.446503
2024-04-29 14:03:54.024780,7.958405
2024-04-29 14:03:54.040410,6.276093
2024-04-29 14:03:54.056040,4.321129
2024-04-29 14:03:54.071660,2.117447
2024-04-29 14:03:54.087290,-0.2287598
2024-04-29 14:03:54.102910,-2.538757
2024-04-29 14:03:54.118540,-4.653618
2024-04-29 14:03:54.134160,-6.503235
2024-04-29 14:03:54.149790,-8.15274
2024-04-29 14:03:54.165420,-9.785332
2024-04-29 14:03:54.181040,-11.60982
2024-04-29 14:03:54.196670,-13.77113
2024-04-29 14:03:54.212290,-16.29013
2024-04-29 14:03:54.227920,-19.045
2024-04-29 14:03:54.243540,-21.78038
2024-04-29 14:03:54.259170,-24.14787
2024-04-29 14:03:54.274800,-25.72268
2024-04-29 14:03:54.290420,-26.05024
2024-04-29 14:03:54.306050,-24.76433
2024-04-29 14:03:54.321670,-21.72437
2024-04-29 14:03:54.337300,-17.11782
2024-04-29 14:03:54.352920,-11.43674
2024-04-29 14:03:54.368550,-5.354706
2024-04-29 14:03:54.384180,0.5042267
2024-04-29 14:03:54.399800,5.74028
2024-04-29 14:03:54.415430,10.20619
2024-04-29 14:03:54.431050,13.93617
2024-04-29 14:03:54.446680,16.9959
2024-04-29 14:03:54.462300,19.37395
2024-04-29 14:03:54.477930,21.03182
2024-04-29 14:03:54.493560,21.94988
2024-04-29 14:03:54.509180,22.22006
2024-04-29 14:03:54.524810,22.05945
2024-04-29 14:03:54.540430,21.73226
2024-04-29 14:03:54.556060,21.44403
2024-04-29 14:03:54.571680,21.27508
2024-04-29 14:03:54.587310,21.17942
2024-04-29 14:03:54.602940,21.01039
2024-04-29 14:03:54.618560,20.6315
2024-04-29 14:03:54.634190,19.97493
2024-04-29 14:03:54.649810,19.07224
2024-04-29 14:03:54.665440,18.03117
2024-04-29 14:03:54.681060,16.9641
2024-04-29 14:03:54.696690,15.91998
2024-04-29 14:03:54.712320,14.86194
2024-04-29 14:03:54.727940,13.68122
2024-04-29 14:03:54.743570,12.27282
2024-04-29 14:03:54.759190,10.61875
2024-04-29 14:03:54.774820,8.815125
2024-04-29 14:03:54.790440,7.029083
2024-04-29 14:03:54.806070,5.447639
2024-04-29 14:03:54.821700,4.170738
2024-04-29 14:03:54.837320,3.168137
2024-04-29 14:03:54.852950,2.291748
2024-04-29 14:03:54.868570,1.328491
2024-04-29 14:03:54.884200,0.07926941
2024-04-29 14:03:54.899820,-1.559471
2024-04-29 14:03:54.915450,-3.556824
2024-04-29 14:03:54.931080,-5.760612
2024-04-29 14:03:54.946700,-7.911507
2024-04-29 14:03:54.962330,-9.785286
2024-04-29 14:03:54.977950,-11.25026
2024-04-29 14:03:54.993580,-12.36885
2024-04-29 14:03:55.009200,-13.38195
2024-04-29 14:03:55.024830,-14.6141
2024-04-29 14:03:55.040460,-16.34365
2024-04-29 14:03:55.056080,-18.65784
2024-04-29 14:03:55.071710,-21.41366
2024-04-29 14:03:55.087330,-24.22295
2024-04-29 14:03:55.102960,-26.57799
2024-04-29 14:03:55.118580,-27.9551
2024-04-29 14:03:55.134210,-27.92478
2024-04-29 14:03:55.149840,-26.25111
2024-04-29 14:03:55.165460,-22.95826
2024-04-29 14:03:55.181090,-18.32706
2024-04-29 14:03:55.196710,-12.87251
2024-04-29 14:03:55.212340,-7.195427
2024-04-29 14:03:55.227960,-1.840473
2024-04-29 14:03:55.243590,2.819256
2024-04-29 14:03:55.259220,6.610229
2024-04-29 14:03:55.274840,9.547112
2024-04-29 14:03:55.290470,11.71958
2024-04-29 14:03:55.306090,13.22974
2024-04-29 14:03:55.321720,14.16596
2024-04-29 14:03:55.337340,14.6124
2024-04-29 14:03:55.352970,14.70432
2024-04-29 14:03:55.368600,14.61558
2024-04-29 14:03:55.384220,14.54205
2024-04-29 14:03:55.399850,14.60552
2024-04-29 14:03:55.415470,14.83587
2024-04-29 14:03:55.431100,15.14767
2024-04-29 14:03:55.446720,15.40707
2024-04-29 14:03:55.462350,15.46265
2024-04-29 14:03:55.477980,15.23547
2024-04-29 14:03:55.493600,14.74034
2024-04-29 14:03:55.509230,14.07697
2024-04-29 14:03:55.524850,13.36844
2024-04-29 14:03:55.540480,12.71133
2024-04-29 14:03:55.556100,12.10582
2024-04-29 14:03:55.571730,11.48062
2024-04-29 14:03:55.587360,10.74114
2024-04-29 14:03:55.602980,9.814369
2024-04-29 14:03:55.618610,8.725788
2024-04-29 14:03:55.634230,7.578053
2024-04-29 14:03:55.649860,6.48251
2024-04-29 14:03:55.665480,5.512421
2024-04-29 14:03:55.681110,4.677673
2024-04-29 14:03:55.696740,3.893057
2024-04-29 14:03:55.712360,3.055704
2024-04-29 14:03:55.727990,2.083776
2024-04-29 14:03:55.743610,0.9351654
2024-04-29 14:03:55.759240,-0.3926258
2024-04-29 14:03:55.774860,-1.894718
2024-04-29 14:03:55.790490,-3.56028
2024-04-29 14:03:55.806120,-5.359785
2024-04-29 14:03:55.821740,-7.231932
2024-04-29 14:03:55.837370,-9.117432
2024-04-29 14:03:55.852990,-10.94926
2024-04-29 14:03:55.868620,-12.71613
2024-04-29 14:03:55.884240,-14.48167
2024-04-29 14:03:55.899870,-16.36254
2024-04-29 14:03:55.915500,-18.4794
2024-04-29 14:03:55.931120,-20.86978
2024-04-29 14:03:55.946750,-23.36278
2024-04-29 14:03:55.962370,-25.60242
2024-04-29 14:03:55.978000,-27.09682
2024-04-29 14:03:55.993620,-27.37698
2024-04-29 14:03:56.009250,-26.1416
2024-04-29 14:03:56.024880,-23.41456
2024-04-29 14:03:56.040500,-19.49314
2024-04-29 14:03:56.056130,-14.87113
2024-04-29 14:03:56.071750,-10.07907
2024-04-29 14:03:56.087380,-5.51401
2024-04-29 14:03:56.103000,-1.416005
2024-04-29 14:03:56.118630,2.114141
2024-04-29 14:03:56.134260,5.040633
2024-04-29 14:03:56.149880,7.34363
2024-04-29 14:03:56.165510,8.98535
2024-04-29 14:03:56.181130,9.956546
2024-04-29 14:03:56.196760,10.31755
2024-04-29 14:03:56.212380,10.21339
2024-04-29 14:03:56.228010,9.887814
2024-04-29 14:03:56.243640,9.588847
2024-04-29 14:03:56.259260,9.530293
2024-04-29 14:03:56.274890,9.813647
2024-04-29 14:03:56.290510,10.40766
2024-04-29 14:03:56.306140,11.14897
2024-04-29 14:03:56.321760,11.85131
2024-04-29 14:03:56.337390,12.35229
2024-04-29 14:03:56.353020,12.58388
2024-04-29 14:03:56.368640,12.56945
2024-04-29 14:03:56.384270,12.35759
2024-04-29 14:03:56.399890,11.98179
2024-04-29 14:03:56.415520,11.43045
2024-04-29 14:03:56.431140,10.6445
2024-04-29 14:03:56.446770,9.595085
2024-04-29 14:03:56.462400,8.321112
2024-04-29 14:03:56.478020,6.965981
2024-04-29 14:03:56.493650,5.705956
2024-04-29 14:03:56.509270,4.696014
2024-04-29 14:03:56.524900,3.963179
2024-04-29 14:03:56.540520,3.391394
2024-04-29 14:03:56.556150,2.774996
2024-04-29 14:03:56.571780,1.901472
2024-04-29 14:03:56.587400,0.6537743
2024-04-29 14:03:56.603030,-0.9569664
2024-04-29 14:03:56.618650,-2.798569
2024-04-29 14:03:56.634280,-4.716715
2024-04-29 14:03:56.649900,-6.596548
2024-04-29 14:03:56.665530,-8.395542
2024-04-29 14:03:56.681160,-10.12521
2024-04-29 14:03:56.696780,-11.78953
2024-04-29 14:03:56.712410,-13.36516
2024-04-29 14:03:56.728030,-14.81237
2024-04-29 14:03:56.743660,-16.13678
2024-04-29 14:03:56.759290,-17.43716
2024-04-29 14:03:56.774910,-18.9053
2024-04-29 14:03:56.790540,-20.72192
2024-04-29 14:03:56.806160,-22.95663
2024-04-29 14:03:56.821790,-25.43224
2024-04-29 14:03:56.837410,-27.75845
2024-04-29 14:03:56.853040,-29.38018
2024-04-29 14:03:56.868670,-29.78281
2024-04-29 14:03:56.884290,-28.63404
2024-04-29 14:03:56.899920,-25.91451
2024-04-29 14:03:56.915540,-21.92589
2024-04-29 14:03:56.931170,-17.1869
2024-04-29 14:03:56.946790,-12.25571
2024-04-29 14:03:56.962420,-7.572708
2024-04-29 14:03:56.978050,-3.405014
2024-04-29 14:03:56.993670,0.1608238
2024-04-29 14:03:57.009300,3.098339
2024-04-29 14:03:57.024920,5.36982
2024-04-29 14:03:57.040550,6.91954
2024-04-29 14:03:57.056170,7.727474
2024-04-29 14:03:57.071800,7.921089
2024-04-29 14:03:57.087430,7.811275
2024-04-29 14:03:57.103050,7.811234
2024-04-29 14:03:57.118680,8.269104
2024-04-29 14:03:57.134300,9.327354
2024-04-29 14:03:57.149930,10.8387
2024-04-29 14:03:57.165550,12.44072
2024-04-29 14:03:57.181180,13.72372
2024-04-29 14:03:57.196810,14.39442
2024-04-29 14:03:57.212430,14.38781
2024-04-29 14:03:57.228060,13.83713
2024-04-29 14:03:57.243680,12.98571
2024-04-29 14:03:57.259310,12.06681
2024-04-29 14:03:57.274930,11.23058
2024-04-29 14:03:57.290560,10.52042
2024-04-29 14:03:57.306190,9.890266
2024-04-29 14:03:57.321810,9.258488
2024-04-29 14:03:57.337440,8.516125
2024-04-29 14:03:57.353060,7.583111
2024-04-29 14:03:57.368690,6.404331
2024-04-29 14:03:57.384310,4.992401
2024-04-29 14:03:57.399940,3.432091
2024-04-29 14:03:57.415570,1.874054
2024-04-29 14:03:57.431190,0.4428215
2024-04-29 14:03:57.446820,-0.7995453
2024-04-29 14:03:57.462440,-1.915241
2024-04-29 14:03:57.478070,-3.061756
2024-04-29 14:03:57.493690,-4.396267
2024-04-29 14:03:57.509320,-6.01952
2024-04-29 14:03:57.524950,-7.888714
2024-04-29 14:03:57.540570,-9.847954
2024-04-29 14:03:57.556200,-11.70964
2024-04-29 14:03:57.571820,-13.3624
2024-04-29 14:03:57.587450,-14.82478
2024-04-29 14:03:57.603070,-16.22622
2024-04-29 14:03:57.618700,-17.76039
2024-04-29 14:03:57.634330,-19.58369
2024-04-29 14:03:57.649950,-21.79053
2024-04-29 14:03:57.665580,-24.35484
2024-04-29 14:03:57.681200,-27.13465
2024-04-29 14:03:57.696830,-29.8415
2024-04-29 14:03:57.712450,-32.06647
2024-04-29 14:03:57.728080,-33.30582
2024-04-29 14:03:57.743710,-33.06844
2024-04-29 14:03:57.759330,-31.04944
2024-04-29 14:03:57.774960,-27.24062
2024-04-29 14:03:57.790580,-22.00735
2024-04-29 14:03:57.806210,-15.99662
2024-04-29 14:03:57.821830,-9.93705
2024-04-29 14:03:57.837460,-4.427292
2024-04-29 14:03:57.853090,0.1993446
2024-04-29 14:03:57.868710,3.889187
2024-04-29 14:03:57.884340,6.770546
2024-04-29 14:03:57.899960,8.989502
2024-04-29 14:03:57.915590,10.64246
2024-04-29 14:03:57.931210,11.74655
2024-04-29 14:03:57.946840,12.339
2024-04-29 14:03:57.962470,12.53638
2024-04-29 14:03:57.978090,12.58365
2024-04-29 14:03:57.993720,12.78731
2024-04-29 14:03:58.009340,13.36226
2024-04-29 14:03:58.024970,14.33826
2024-04-29 14:03:58.040590,15.52272
2024-04-29 14:03:58.056220,16.58644
2024-04-29 14:03:58.071850,17.23356
2024-04-29 14:03:58.087470,17.35428
2024-04-29 14:03:58.103100,17.04747
2024-04-29 14:03:58.118720,16.56287
2024-04-29 14:03:58.134350,16.11524
2024-04-29 14:03:58.149970,15.74251
2024-04-29 14:03:58.165600,15.28513
2024-04-29 14:03:58.181230,14.46894
2024-04-29 14:03:58.196850,13.11009
2024-04-29 14:03:58.212480,11.24402
2024-04-29 14:03:58.228100,9.125481
2024-04-29 14:03:58.243730,7.11692
2024-04-29 14:03:58.259350,5.493885
2024-04-29 14:03:58.274980,4.313759
2024-04-29 14:03:58.290610,3.413223
2024-04-29 14:03:58.306230,2.523396
2024-04-29 14:03:58.321860,1.400238
2024-04-29 14:03:58.337480,-0.04732895
2024-04-29 14:03:58.353110,-1.785904
2024-04-29 14:03:58.368730,-3.705654
2024-04-29 14:03:58.384360,-5.682392
2024-04-29 14:03:58.399990,-7.631447
2024-04-29 14:03:58.415610,-9.498228
2024-04-29 14:03:58.431240,-11.25806
2024-04-29 14:03:58.446860,-12.89777
2024-04-29 14:03:58.462490,-14.45273
2024-04-29 14:03:58.478110,-16.02851
2024-04-29 14:03:58.493740,-17.78259
2024-04-29 14:03:58.509370,-19.89995
2024-04-29 14:03:58.524990,-22.46419
2024-04-29 14:03:58.540620,-25.37971
2024-04-29 14:03:58.556240,-28.28157
2024-04-29 14:03:58.571870,-30.58051
2024-04-29 14:03:58.587490,-31.5807
2024-04-29 14:03:58.603120,-30.71216
2024-04-29 14:03:58.618750,-27.74412
2024-04-29 14:03:58.634370,-22.90242
2024-04-29 14:03:58.650000,-16.81392
2024-04-29 14:03:58.665620,-10.29846
2024-04-29 14:03:58.681250,-4.118631
2024-04-29 14:03:58.696870,1.259527
2024-04-29 14:03:58.712500,5.684517
2024-04-29 14:03:58.728130,9.224342
2024-04-29 14:03:58.743750,12.00254
2024-04-29 14:03:58.759380,14.09079
2024-04-29 14:03:58.775000,15.50081
2024-04-29 14:03:58.790630,16.26657
2024-04-29 14:03:58.806250,16.53179
2024-04-29 14:03:58.821880,16.53379
2024-04-29 14:03:58.837510,16.55396
2024-04-29 14:03:58.853130,16.79252
2024-04-29 14:03:58.868760,17.2799
2024-04-29 14:03:58.884380,17.91082
2024-04-29 14:03:58.900010,18.50451
2024-04-29 14:03:58.915640,18.92111
2024-04-29 14:03:58.931260,19.10798
2024-04-29 14:03:58.946890,19.0816
2024-04-29 14:03:58.962510,18.90258
2024-04-29 14:03:58.978140,18.60517
2024-04-29 14:03:58.993760,18.16249
2024-04-29 14:03:59.009390,17.47915
2024-04-29 14:03:59.025020,16.45082
2024-04-29 14:03:59.040640,14.97958
2024-04-29 14:03:59.056270,13.05986
2024-04-29 14:03:59.071890,10.81062
2024-04-29 14:03:59.087520,8.448709
2024-04-29 14:03:59.103140,6.262771
2024-04-29 14:03:59.118770,4.490947
2024-04-29 14:03:59.134400,3.223693
2024-04-29 14:03:59.150020,2.352669
2024-04-29 14:03:59.165650,1.613101
2024-04-29 14:03:59.181270,0.6688175
2024-04-29 14:03:59.196900,-0.7454634
2024-04-29 14:03:59.212520,-2.710114
2024-04-29 14:03:59.228150,-5.121534
2024-04-29 14:03:59.243780,-7.736798
2024-04-29 14:03:59.259400,-10.24903
2024-04-29 14:03:59.275030,-12.43741
2024-04-29 14:03:59.290650,-14.21566
2024-04-29 14:03:59.306280,-15.66119
2024-04-29 14:03:59.321900,-16.99004
2024-04-29 14:03:59.337530,-18.49092
2024-04-29 14:03:59.353160,-20.38974
2024-04-29 14:03:59.368780,-22.75429
2024-04-29 14:03:59.384410,-25.39869
2024-04-29 14:03:59.400030,-27.84089
2024-04-29 14:03:59.415660,-29.43595
2024-04-29 14:03:59.431280,-29.53886
2024-04-29 14:03:59.446910,-27.74217
2024-04-29 14:03:59.462540,-24.02885
2024-04-29 14:03:59.478160,-18.79283
2024-04-29 14:03:59.493790,-12.70349
2024-04-29 14:03:59.509410,-6.513129
2024-04-29 14:03:59.525040,-0.8221651
2024-04-29 14:03:59.540660,4.028892
2024-04-29 14:03:59.556290,7.948181
2024-04-29 14:03:59.571920,10.98871
2024-04-29 14:03:59.587540,13.19384
2024-04-29 14:03:59.603170,14.57722
2024-04-29 14:03:59.618790,15.15052
2024-04-29 14:03:59.634420,15.05676
2024-04-29 14:03:59.650040,14.59831
2024-04-29 14:03:59.665670,14.19222
2024-04-29 14:03:59.681300,14.21956
2024-04-29 14:03:59.696920,14.85287
2024-04-29 14:03:59.712550,16.01321
2024-04-29 14:03:59.728170,17.41951
2024-04-29 14:03:59.743800,18.7246
2024-04-29 14:03:59.759420,19.67393
2024-04-29 14:03:59.775050,20.1996
2024-04-29 14:03:59.790680,20.3563
2024-04-29 14:03:59.806300,20.23869
2024-04-29 14:03:59.821930,19.89654
2024-04-29 14:03:59.837550,19.26802
2024-04-29 14:03:59.853180,18.22136
2024-04-29 14:03:59.868800,16.6636
2024-04-29 14:03:59.884430,14.59272
2024-04-29 14:03:59.900060,12.14656
2024-04-29 14:03:59.915680,9.568418
2024-04-29 14:03:59.931310,7.116445
2024-04-29 14:03:59.946930,4.97718
2024-04-29 14:03:59.962560,3.190209
2024-04-29 14:03:59.978180,1.641419
2024-04-29 14:03:59.993810,0.1265059
2024-04-29 14:04:00.009440,-1.525928
2024-04-29 14:04:00.025060,-3.401984
2024-04-29 14:04:00.040690,-5.435009
2024-04-29 14:04:00.056310,-7.465702
2024-04-29 14:04:00.071940,-9.339481
2024-04-29 14:04:00.087560,-10.97
2024-04-29 14:04:00.103190,-12.3784
2024-04-29 14:04:00.118820,-13.67634
2024-04-29 14:04:00.134440,-15.02086
2024-04-29 14:04:00.150070,-16.57021
2024-04-29 14:04:00.165690,-18.44899
2024-04-29 14:04:00.181320,-20.64609
2024-04-29 14:04:00.196940,-22.95302
2024-04-29 14:04:00.212570,-24.93083
2024-04-29 14:04:00.228200,-25.95284
2024-04-29 14:04:00.243820,-25.40704
2024-04-29 14:04:00.259450,-22.91325
2024-04-29 14:04:00.275070,-18.48991
2024-04-29 14:04:00.290700,-12.60666
2024-04-29 14:04:00.306320,-6.068484
2024-04-29 14:04:00.321950,0.264595
2024-04-29 14:04:00.337580,5.697757
2024-04-29 14:04:00.353200,9.847734
2024-04-29 14:04:00.368830,12.6416
2024-04-29 14:04:00.384450,14.20457
2024-04-29 14:04:00.400080,14.74836
2024-04-29 14:04:00.415700,14.51189
2024-04-29 14:04:00.431330,13.75392
2024-04-29 14:04:00.446960,12.76265
2024-04-29 14:04:00.462580,11.84349
2024-04-29 14:04:00.478210,11.25755
2024-04-29 14:04:00.493830,11.15054
2024-04-29 14:04:00.509460,11.5294
2024-04-29 14:04:00.525080,12.26414
2024-04-29 14:04:00.540710,13.14157
2024-04-29 14:04:00.556340,13.96105
2024-04-29 14:04:00.571960,14.55297
2024-04-29 14:04:00.587590,14.80111
2024-04-29 14:04:00.603210,14.63677
2024-04-29 14:04:00.618840,14.0024
2024-04-29 14:04:00.634460,12.89763
2024-04-29 14:04:00.650090,11.42319
2024-04-29 14:04:00.665720,9.763502
2024-04-29 14:04:00.681340,8.114341
2024-04-29 14:04:00.696970,6.61122
2024-04-29 14:04:00.712590,5.225294
2024-04-29 14:04:00.728220,3.783951
2024-04-29 14:04:00.743840,2.085965
2024-04-29 14:04:00.759470,0.02504444
2024-04-29 14:04:00.775100,-2.315457
2024-04-29 14:04:00.790720,-4.66399
2024-04-29 14:04:00.806350,-6.728522
2024-04-29 14:04:00.821970,-8.338398
2024-04-29 14:04:00.837600,-9.543189
2024-04-29 14:04:00.853220,-10.5837
2024-04-29 14:04:00.868850,-11.7626
2024-04-29 14:04:00.884480,-13.27286
2024-04-29 14:04:00.900100,-15.14165
2024-04-29 14:04:00.915730,-17.24797
2024-04-29 14:04:00.931350,-19.38067
2024-04-29 14:04:00.946980,-21.29284
2024-04-29 14:04:00.962600,-22.70671
2024-04-29 14:04:00.978230,-23.26381
2024-04-29 14:04:00.993860,-22.57004
2024-04-29 14:04:01.009480,-20.31888
2024-04-29 14:04:01.025110,-16.44764
2024-04-29 14:04:01.040730,-11.26728
2024-04-29 14:04:01.056360,-5.433638
2024-04-29 14:04:01.071980,0.2527599
2024-04-29 14:04:01.087610,5.100004
2024-04-29 14:04:01.103240,8.745168
2024-04-29 14:04:01.118860,11.21432
2024-04-29 14:04:01.134490,12.77188
2024-04-29 14:04:01.150110,13.72172
2024-04-29 14:04:01.165740,14.23232
2024-04-29 14:04:01.181370,14.31434
2024-04-29 14:04:01.196990,13.91582
2024-04-29 14:04:01.212620,13.09214
2024-04-29 14:04:01.228240,12.06339
2024-04-29 14:04:01.243870,11.18029
2024-04-29 14:04:01.259490,10.7822
2024-04-29 14:04:01.275120,11.01966
2024-04-29 14:04:01.290750,11.77187
2024-04-29 14:04:01.306370,12.69636
2024-04-29 14:04:01.322000,13.37418
2024-04-29 14:04:01.337620,13.48428
2024-04-29 14:04:01.353250,12.95962
2024-04-29 14:04:01.368870,11.94934
2024-04-29 14:04:01.384500,10.71362
2024-04-29 14:04:01.400130,9.44779
2024-04-29 14:04:01.415750,8.180298
2024-04-29 14:04:01.431380,6.778669
2024-04-29 14:04:01.447000,5.060676
2024-04-29 14:04:01.462630,2.93246
2024-04-29 14:04:01.478250,0.4472294
2024-04-29 14:04:01.493880,-2.203809
2024-04-29 14:04:01.509510,-4.789207
2024-04-29 14:04:01.525130,-7.143854
2024-04-29 14:04:01.540760,-9.205776
2024-04-29 14:04:01.556380,-11.01655
2024-04-29 14:04:01.572010,-12.65655
2024-04-29 14:04:01.587630,-14.21727
2024-04-29 14:04:01.603260,-15.78319
2024-04-29 14:04:01.618890,-17.44425
2024-04-29 14:04:01.634510,-19.28361
2024-04-29 14:04:01.650140,-21.29553
2024-04-29 14:04:01.665760,-23.3368
2024-04-29 14:04:01.681390,-25.04687
2024-04-29 14:04:01.697010,-25.91476
2024-04-29 14:04:01.712640,-25.41404
2024-04-29 14:04:01.728270,-23.20414
2024-04-29 14:04:01.743890,-19.26069
2024-04-29 14:04:01.759520,-13.93851
2024-04-29 14:04:01.775140,-7.868121
2024-04-29 14:04:01.790770,-1.757998
2024-04-29 14:04:01.806390,3.782512
2024-04-29 14:04:01.822020,8.373972
2024-04-29 14:04:01.837650,11.83759
2024-04-29 14:04:01.853270,14.15091
2024-04-29 14:04:01.868900,15.33785
2024-04-29 14:04:01.884520,15.48241
2024-04-29 14:04:01.900150,14.74488
2024-04-29 14:04:01.915770,13.40085
2024-04-29 14:04:01.931400,11.85988
2024-04-29 14:04:01.947030,10.56616
2024-04-29 14:04:01.962650,9.889523
2024-04-29 14:04:01.978280,10.01167
2024-04-29 14:04:01.993900,10.8389
2024-04-29 14:04:02.009530,12.0706
2024-04-29 14:04:02.025150,13.29368
2024-04-29 14:04:02.040780,14.12694
2024-04-29 14:04:02.056410,14.31025
2024-04-29 14:04:02.072030,13.78052
2024-04-29 14:04:02.087660,12.63645
2024-04-29 14:04:02.103280,11.07377
2024-04-29 14:04:02.118910,9.277864
2024-04-29 14:04:02.134530,7.347779
2024-04-29 14:04:02.150160,5.279698
2024-04-29 14:04:02.165790,3.000905
2024-04-29 14:04:02.181410,0.4745984
2024-04-29 14:04:02.197040,-2.22685
2024-04-29 14:04:02.212660,-4.915725
2024-04-29 14:04:02.228290,-7.343258
2024-04-29 14:04:02.243910,-9.323113
2024-04-29 14:04:02.259540,-10.79923
2024-04-29 14:04:02.275170,-11.90699
2024-04-29 14:04:02.290790,-12.90833
2024-04-29 14:04:02.306420,-14.1176
2024-04-29 14:04:02.322040,-15.76718
2024-04-29 14:04:02.337670,-17.92442
2024-04-29 14:04:02.353290,-20.43324
2024-04-29 14:04:02.368920,-22.90564
2024-04-29 14:04:02.384550,-24.80739
2024-04-29 14:04:02.400170,-25.58189
2024-04-29 14:04:02.415800,-24.8155
2024-04-29 14:04:02.431420,-22.35808
2024-04-29 14:04:02.447050,-18.38317
2024-04-29 14:04:02.462670,-13.33423
2024-04-29 14:04:02.478300,-7.772848
2024-04-29 14:04:02.493930,-2.277092
2024-04-29 14:04:02.509550,2.691031
2024-04-29 14:04:02.525180,6.781443
2024-04-29 14:04:02.540800,9.793896
2024-04-29 14:04:02.556430,11.65015
2024-04-29 14:04:02.572050,12.41528
2024-04-29 14:04:02.587680,12.28529
2024-04-29 14:04:02.603310,11.58463
2024-04-29 14:04:02.618930,10.70757
2024-04-29 14:04:02.634560,10.0106
2024-04-29 14:04:02.650180,9.749003
2024-04-29 14:04:02.665810,9.994882
2024-04-29 14:04:02.681430,10.64656
2024-04-29 14:04:02.697060,11.50211
2024-04-29 14:04:02.712690,12.28698
2024-04-29 14:04:02.728310,12.79228
2024-04-29 14:04:02.743940,12.89889
2024-04-29 14:04:02.759560,12.61069
2024-04-29 14:04:02.775190,12.00243
2024-04-29 14:04:02.790810,11.15852
2024-04-29 14:04:02.806440,10.12463
2024-04-29 14:04:02.822070,8.877646
2024-04-29 14:04:02.837690,7.382704
2024-04-29 14:04:02.853320,5.590702
2024-04-29 14:04:02.868940,3.536291
2024-04-29 14:04:02.884570,1.28826
2024-04-29 14:04:02.900190,-1.040634
2024-04-29 14:04:02.915820,-3.3594
2024-04-29 14:04:02.931450,-5.599337
2024-04-29 14:04:02.947070,-7.725962
2024-04-29 14:04:02.962700,-9.748486
2024-04-29 14:04:02.978320,-11.70915
2024-04-29 14:04:02.993950,-13.69418
2024-04-29 14:04:03.009570,-15.80036
2024-04-29 14:04:03.025200,-18.08112
2024-04-29 14:04:03.040830,-20.42143
2024-04-29 14:04:03.056450,-22.48262
2024-04-29 14:04:03.072080,-23.73185
2024-04-29 14:04:03.087700,-23.59108
2024-04-29 14:04:03.103330,-21.67376
2024-04-29 14:04:03.118950,-17.94678
2024-04-29 14:04:03.134580,-12.82162
2024-04-29 14:04:03.150210,-6.994007
2024-04-29 14:04:03.165830,-1.23777
2024-04-29 14:04:03.181460,3.816126
2024-04-29 14:04:03.197080,7.815664
2024-04-29 14:04:03.212710,10.64847
2024-04-29 14:04:03.228330,12.35334
2024-04-29 14:04:03.243960,13.04565
2024-04-29 14:04:03.259590,12.92415
2024-04-29 14:04:03.275210,12.26649
2024-04-29 14:04:03.290840,11.42929
2024-04-29 14:04:03.306460,10.78421
2024-04-29 14:04:03.322090,10.58361
2024-04-29 14:04:03.337710,10.87762
2024-04-29 14:04:03.353340,11.4841
2024-04-29 14:04:03.368970,12.13139
2024-04-29 14:04:03.384590,12.56343
2024-04-29 14:04:03.400220,12.69093
2024-04-29 14:04:03.415840,12.56526
2024-04-29 14:04:03.431470,12.29534
2024-04-29 14:04:03.447090,11.93215
2024-04-29 14:04:03.462720,11.40228
2024-04-29 14:04:03.478350,10.52722
2024-04-29 14:04:03.493970,9.137817
2024-04-29 14:04:03.509600,7.1887
2024-04-29 14:04:03.525220,4.804577
2024-04-29 14:04:03.540850,2.236336
2024-04-29 14:04:03.556470,-0.2253819
2024-04-29 14:04:03.572100,-2.390711
2024-04-29 14:04:03.587730,-4.196341
2024-04-29 14:04:03.603350,-5.727295
2024-04-29 14:04:03.618980,-7.135103
2024-04-29 14:04:03.634600,-8.592077
2024-04-29 14:04:03.650230,-10.2652
2024-04-29 14:04:03.665850,-12.26915
2024-04-29 14:04:03.681480,-14.64293
2024-04-29 14:04:03.697110,-17.29654
2024-04-29 14:04:03.712730,-19.93351
2024-04-29 14:04:03.728360,-22.07807
2024-04-29 14:04:03.743980,-23.17086
2024-04-29 14:04:03.759610,-22.71486
2024-04-29 14:04:03.775240,-20.46594
2024-04-29 14:04:03.790860,-16.53678
2024-04-29 14:04:03.806490,-11.36493
2024-04-29 14:04:03.822110,-5.57443
2024-04-29 14:04:03.837740,0.1838531
2024-04-29 14:04:03.853360,5.350281
2024-04-29 14:04:03.868990,9.547697
2024-04-29 14:04:03.884620,12.5799
2024-04-29 14:04:03.900240,14.42441
2024-04-29 14:04:03.915870,15.21591
2024-04-29 14:04:03.931490,15.19617
2024-04-29 14:04:03.947120,14.67181
2024-04-29 14:04:03.962740,13.96557
2024-04-29 14:04:03.978370,13.33716
2024-04-29 14:04:03.994000,12.96136
2024-04-29 14:04:04.009620,12.90105
2024-04-29 14:04:04.025250,13.12162
2024-04-29 14:04:04.040870,13.51926
2024-04-29 14:04:04.056500,13.94239
2024-04-29 14:04:04.072120,14.23101
2024-04-29 14:04:04.087750,14.25012
2024-04-29 14:04:04.103380,13.92693
2024-04-29 14:04:04.119000,13.25368
2024-04-29 14:04:04.134630,12.30731
2024-04-29 14:04:04.150250,11.18388
2024-04-29 14:04:04.165880,9.934261
2024-04-29 14:04:04.181500,8.544758
2024-04-29 14:04:04.197130,6.916306
2024-04-29 14:04:04.212760,4.927105
2024-04-29 14:04:04.228380,2.513165
2024-04-29 14:04:04.244010,-0.2599945
2024-04-29 14:04:04.259630,-3.168419
2024-04-29 14:04:04.275260,-5.911236
2024-04-29 14:04:04.290880,-8.231167
2024-04-29 14:04:04.306510,-10.05905
2024-04-29 14:04:04.322140,-11.52024
2024-04-29 14:04:04.337760,-12.89745
2024-04-29 14:04:04.353390,-14.49554
2024-04-29 14:04:04.369010,-16.52141
2024-04-29 14:04:04.384640,-18.98229
2024-04-29 14:04:04.400260,-21.66102
2024-04-29 14:04:04.415890,-24.12452
2024-04-29 14:04:04.431520,-25.81877
2024-04-29 14:04:04.447140,-26.20346
2024-04-29 14:04:04.462770,-24.89439
2024-04-29 14:04:04.478390,-21.81319
2024-04-29 14:04:04.494020,-17.21564
2024-04-29 14:04:04.509640,-11.63625
2024-04-29 14:04:04.525270,-5.737839
2024-04-29 14:04:04.540900,-0.1115685
2024-04-29 14:04:04.556520,4.837055
2024-04-29 14:04:04.572150,8.918922
2024-04-29 14:04:04.587770,12.08251
2024-04-29 14:04:04.603400,14.326
2024-04-29 14:04:04.619020,15.65918
2024-04-29 14:04:04.634650,16.14159
2024-04-29 14:04:04.650280,15.94378
2024-04-29 14:04:04.665900,15.33888
2024-04-29 14:04:04.681530,14.65171
2024-04-29 14:04:04.697150,14.17583
2024-04-29 14:04:04.712780,14.09319
2024-04-29 14:04:04.728400,14.42583
2024-04-29 14:04:04.744030,15.05366
2024-04-29 14:04:04.759660,15.77299
2024-04-29 14:04:04.775280,16.37267
2024-04-29 14:04:04.790910,16.67146
2024-04-29 14:04:04.806530,16.54123
2024-04-29 14:04:04.822160,15.93886
2024-04-29 14:04:04.837780,14.89856
2024-04-29 14:04:04.853410,13.53675
2024-04-29 14:04:04.869040,11.99399
2024-04-29 14:04:04.884660,10.40211
2024-04-29 14:04:04.900290,8.822838
2024-04-29 14:04:04.915910,7.238558
2024-04-29 14:04:04.931540,5.583851
2024-04-29 14:04:04.947160,3.798443
2024-04-29 14:04:04.962790,1.887465
2024-04-29 14:04:04.978420,-0.07610703
2024-04-29 14:04:04.994040,-1.971298
2024-04-29 14:04:05.009670,-3.702139
2024-04-29 14:04:05.025290,-5.231405
2024-04-29 14:04:05.040920,-6.60466
2024-04-29 14:04:05.056540,-7.929516
2024-04-29 14:04:05.072170,-9.341299
2024-04-29 14:04:05.087800,-10.95609
2024-04-29 14:04:05.103420,-12.87003
2024-04-29 14:04:05.119050,-15.14626
2024-04-29 14:04:05.134670,-17.78043
2024-04-29 14:04:05.150300,-20.62628
2024-04-29 14:04:05.165920,-23.34805
2024-04-29 14:04:05.181550,-25.43697
2024-04-29 14:04:05.197180,-26.30839
2024-04-29 14:04:05.212800,-25.49054
2024-04-29 14:04:05.228430,-22.8255
2024-04-29 14:04:05.244050,-18.55396
2024-04-29 14:04:05.259680,-13.28446
2024-04-29 14:04:05.275300,-7.752928
2024-04-29 14:04:05.290930,-2.595428
2024-04-29 14:04:05.306560,1.836933
2024-04-29 14:04:05.322180,5.487726
2024-04-29 14:04:05.337810,8.442612
2024-04-29 14:04:05.353430,10.77359
2024-04-29 14:04:05.369060,12.42791
2024-04-29 14:04:05.384680,13.27597
2024-04-29 14:04:05.400310,13.24701
2024-04-29 14:04:05.415940,12.49982
2024-04-29 14:04:05.431560,11.42076
2024-04-29 14:04:05.447190,10.52941
2024-04-29 14:04:05.462810,10.26026
2024-04-29 14:04:05.478440,10.76904
2024-04-29 14:04:05.494060,11.8805
2024-04-29 14:04:05.509690,13.19499
2024-04-29 14:04:05.525320,14.27843
2024-04-29 14:04:05.540940,14.84901
2024-04-29 14:04:05.556570,14.86642
2024-04-29 14:04:05.572190,14.46727
2024-04-29 14:04:05.587820,13.84702
2024-04-29 14:04:05.603440,13.11871
2024-04-29 14:04:05.619070,12.27397
2024-04-29 14:04:05.634700,11.21984
2024-04-29 14:04:05.650320,9.914393
2024-04-29 14:04:05.665950,8.439057
2024-04-29 14:04:05.681570,6.97601
2024-04-29 14:04:05.697200,5.71679
2024-04-29 14:04:05.712820,4.74299
2024-04-29 14:04:05.728450,3.959923
2024-04-29 14:04:05.744080,3.174746
2024-04-29 14:04:05.759700,2.20694
2024-04-29 14:04:05.775330,0.9950523
2024-04-29 14:04:05.790950,-0.3798599
2024-04-29 14:04:05.806580,-1.796896
2024-04-29 14:04:05.822200,-3.152294
2024-04-29 14:04:05.837830,-4.47167
2024-04-29 14:04:05.853460,-5.867144
2024-04-29 14:04:05.869080,-7.459988
2024-04-29 14:04:05.884710,-9.325056
2024-04-29 14:04:05.900330,-11.46411
2024-04-29 14:04:05.915960,-13.80943
2024-04-29 14:04:05.931580,-16.22405
2024-04-29 14:04:05.947210,-18.49187
2024-04-29 14:04:05.962840,-20.264
2024-04-29 14:04:05.978460,-21.09745
2024-04-29 14:04:05.994090,-20.57491
2024-04-29 14:04:06.009710,-18.45566
2024-04-29 14:04:06.025340,-14.81378
2024-04-29 14:04:06.040970,-10.0634
2024-04-29 14:04:06.056590,-4.840749
2024-04-29 14:04:06.072220,0.2055716
2024-04-29 14:04:06.087840,4.588567
2024-04-29 14:04:06.103470,8.086515
2024-04-29 14:04:06.119090,10.69294
2024-04-29 14:04:06.134720,12.51294
2024-04-29 14:04:06.150350,13.63321
2024-04-29 14:04:06.165970,14.12967
2024-04-29 14:04:06.181600,14.06664
2024-04-29 14:04:06.197220,13.59923
2024-04-29 14:04:06.212850,12.99294
2024-04-29 14:04:06.228470,12.54842
2024-04-29 14:04:06.244100,12.51948
2024-04-29 14:04:06.259730,12.96867
2024-04-29 14:04:06.275350,13.75976
2024-04-29 14:04:06.290980,14.6071
2024-04-29 14:04:06.306600,15.20557
2024-04-29 14:04:06.322230,15.36325
2024-04-29 14:04:06.337850,15.03139
2024-04-29 14:04:06.353480,14.27338
2024-04-29 14:04:06.369110,13.16821
2024-04-29 14:04:06.384730,11.76735
2024-04-29 14:04:06.400360,10.06125
2024-04-29 14:04:06.415980,8.046492
2024-04-29 14:04:06.431610,5.778896
2024-04-29 14:04:06.447230,3.392334
2024-04-29 14:04:06.462860,1.061646
2024-04-29 14:04:06.478490,-1.057434
2024-04-29 14:04:06.494110,-2.885536
2024-04-29 14:04:06.509740,-4.459143
2024-04-29 14:04:06.525360,-5.888594
2024-04-29 14:04:06.540990,-7.315123
2024-04-29 14:04:06.556610,-8.879892
2024-04-29 14:04:06.572240,-10.64581
2024-04-29 14:04:06.587870,-12.591
2024-04-29 14:04:06.603490,-14.61373
2024-04-29 14:04:06.619120,-16.5821
2024-04-29 14:04:06.634740,-18.37105
2024-04-29 14:04:06.650370,-19.935
2024-04-29 14:04:06.665990,-21.28271
2024-04-29 14:04:06.681620,-22.51094
2024-04-29 14:04:06.697250,-23.73969
2024-04-29 14:04:06.712870,-25.09768
2024-04-29 14:04:06.728500,-26.66154
2024-04-29 14:04:06.744120,-28.37569
2024-04-29 14:04:06.759750,-30.02612
2024-04-29 14:04:06.775370,-31.2255
2024-04-29 14:04:06.791000,-31.4575
2024-04-29 14:04:06.806630,-30.24689
2024-04-29 14:04:06.822250,-27.3357
2024-04-29 14:04:06.837880,-22.81308
2024-04-29 14:04:06.853500,-17.13879
2024-04-29 14:04:06.869130,-11.00732
2024-04-29 14:04:06.884750,-5.114567
2024-04-29 14:04:06.900380,0.03293228
2024-04-29 14:04:06.916010,4.217003
2024-04-29 14:04:06.931630,7.453617
2024-04-29 14:04:06.947260,9.876755
2024-04-29 14:04:06.962880,11.60947
2024-04-29 14:04:06.978510,12.73732
2024-04-29 14:04:06.994130,13.33091
2024-04-29 14:04:07.009760,13.51903
2024-04-29 14:04:07.025390,13.50334
2024-04-29 14:04:07.041010,13.5368
2024-04-29 14:04:07.056640,13.81045
2024-04-29 14:04:07.072260,14.40565
2024-04-29 14:04:07.087890,15.23622
2024-04-29 14:04:07.103510,16.10315
2024-04-29 14:04:07.119140,16.79119
2024-04-29 14:04:07.134770,17.12737
2024-04-29 14:04:07.150390,17.04808
2024-04-29 14:04:07.166020,16.57701
2024-04-29 14:04:07.181640,15.80167
2024-04-29 14:04:07.197270,14.83567
2024-04-29 14:04:07.212890,13.78209
2024-04-29 14:04:07.228520,12.71421
2024-04-29 14:04:07.244150,11.65029
2024-04-29 14:04:07.259770,10.58623
2024-04-29 14:04:07.275400,9.462315
2024-04-29 14:04:07.291020,8.243614
2024-04-29 14:04:07.306650,6.929398
2024-04-29 14:04:07.322270,5.554977
2024-04-29 14:04:07.337900,4.164433
2024-04-29 14:04:07.353530,2.743336
2024-04-29 14:04:07.369150,1.22279
2024-04-29 14:04:07.384780,-0.5103035
2024-04-29 14:04:07.400400,-2.522469
2024-04-29 14:04:07.416030,-4.75407
2024-04-29 14:04:07.431650,-6.987625
2024-04-29 14:04:07.447280,-8.957054
2024-04-29 14:04:07.462910,-10.46164
2024-04-29 14:04:07.478530,-11.47548
2024-04-29 14:04:07.494160,-12.19546
2024-04-29 14:04:07.509780,-12.96329
2024-04-29 14:04:07.525410,-14.11205
2024-04-29 14:04:07.541030,-15.84656
2024-04-29 14:04:07.556660,-18.11877
2024-04-29 14:04:07.572290,-20.588
2024-04-29 14:04:07.587910,-22.71086
2024-04-29 14:04:07.603540,-23.85762
2024-04-29 14:04:07.619160,-23.49068
2024-04-29 14:04:07.634790,-21.34909
2024-04-29 14:04:07.650410,-17.56281
2024-04-29 14:04:07.666040,-12.63088
2024-04-29 14:04:07.681670,-7.278271
2024-04-29 14:04:07.697290,-2.241909
2024-04-29 14:04:07.712920,1.946747
2024-04-29 14:04:07.728540,5.053608
2024-04-29 14:04:07.744170,7.10799
2024-04-29 14:04:07.759790,8.271954
2024-04-29 14:04:07.775420,8.723221
2024-04-29 14:04:07.791050,8.603725
2024-04-29 14:04:07.806670,8.075829
2024-04-29 14:04:07.822300,7.365498
2024-04-29 14:04:07.837920,6.765907
2024-04-29 14:04:07.853550,6.555958
2024-04-29 14:04:07.869170,6.890396
2024-04-29 14:04:07.884800,7.728939
2024-04-29 14:04:07.900430,8.851257
2024-04-29 14:04:07.916050,9.955177
2024-04-29 14:04:07.931680,10.80089
2024-04-29 14:04:07.947300,11.27414
2024-04-29 14:04:07.962930,11.36972
2024-04-29 14:04:07.978550,11.15179
2024-04-29 14:04:07.994180,10.66784
2024-04-29 14:04:08.009810,9.952961
2024-04-29 14:04:08.025430,9.034691
2024-04-29 14:04:08.041060,7.98576
2024-04-29 14:04:08.056680,6.903316
2024-04-29 14:04:08.072310,5.876572
2024-04-29 14:04:08.087930,4.935146
2024-04-29 14:04:08.103560,4.00489
2024-04-29 14:04:08.119190,2.960205
2024-04-29 14:04:08.134810,1.676151
2024-04-29 14:04:08.150440,0.1271935
2024-04-29 14:04:08.166060,-1.649502
2024-04-29 14:04:08.181690,-3.532982
2024-04-29 14:04:08.197310,-5.401588
2024-04-29 14:04:08.212940,-7.158363
2024-04-29 14:04:08.228570,-8.747372
2024-04-29 14:04:08.244190,-10.1432
2024-04-29 14:04:08.259820,-11.35705
2024-04-29 14:04:08.275440,-12.4473
2024-04-29 14:04:08.291070,-13.52519
2024-04-29 14:04:08.306690,-14.78292
2024-04-29 14:04:08.322320,-16.37999
2024-04-29 14:04:08.337950,-18.36965
2024-04-29 14:04:08.353570,-20.60306
2024-04-29 14:04:08.369200,-22.68696
2024-04-29 14:04:08.384820,-24.07885
2024-04-29 14:04:08.400450,-24.24791
2024-04-29 14:04:08.416070,-22.84954
2024-04-29 14:04:08.431700,-19.83088
2024-04-29 14:04:08.447330,-15.45563
2024-04-29 14:04:08.462950,-10.2238
2024-04-29 14:04:08.478580,-4.742966
2024-04-29 14:04:08.494200,0.3974419
2024-04-29 14:04:08.509830,4.744473
2024-04-29 14:04:08.525460,7.994469
2024-04-29 14:04:08.541080,10.02987
2024-04-29 14:04:08.556710,10.89647
2024-04-29 14:04:08.572330,10.81075
2024-04-29 14:04:08.587960,10.12374
2024-04-29 14:04:08.603580,9.245049
2024-04-29 14:04:08.619210,8.559124
2024-04-29 14:04:08.634840,8.273594
2024-04-29 14:04:08.650460,8.411861
2024-04-29 14:04:08.666090,8.839252
2024-04-29 14:04:08.681710,9.374111
2024-04-29 14:04:08.697340,9.891365
2024-04-29 14:04:08.712960,10.3845
2024-04-29 14:04:08.728590,10.91019
2024-04-29 14:04:08.744220,11.45196
2024-04-29 14:04:08.759840,11.87651
2024-04-29 14:04:08.775470,11.94772
2024-04-29 14:04:08.791090,11.45636
2024-04-29 14:04:08.806720,10.36433
2024-04-29 14:04:08.822340,8.854057
2024-04-29 14:04:08.837970,7.260422
2024-04-29 14:04:08.853600,5.87915
2024-04-29 14:04:08.869220,4.825451
2024-04-29 14:04:08.884850,3.954216
2024-04-29 14:04:08.900470,2.974628
2024-04-29 14:04:08.916100,1.585281
2024-04-29 14:04:08.931720,-0.3180199
2024-04-29 14:04:08.947350,-2.628139
2024-04-29 14:04:08.962980,-5.057259
2024-04-29 14:04:08.978600,-7.304585
2024-04-29 14:04:08.994230,-9.177414
2024-04-29 14:04:09.009850,-10.65917
2024-04-29 14:04:09.025480,-11.87132
2024-04-29 14:04:09.041100,-12.97823
2024-04-29 14:04:09.056730,-14.13421
2024-04-29 14:04:09.072360,-15.41405
2024-04-29 14:04:09.087980,-16.86944
2024-04-29 14:04:09.103610,-18.50759
2024-04-29 14:04:09.119230,-20.28742
2024-04-29 14:04:09.134860,-22.05853
2024-04-29 14:04:09.150480,-23.53112
2024-04-29 14:04:09.166110,-24.26257
2024-04-29 14:04:09.181740,-23.7588
2024-04-29 14:04:09.197360,-21.66222
2024-04-29 14:04:09.212990,-17.91713
2024-04-29 14:04:09.228610,-12.854
2024-04-29 14:04:09.244240,-7.112644
2024-04-29 14:04:09.259860,-1.462517
2024-04-29 14:04:09.275490,3.453415
2024-04-29 14:04:09.291120,7.263985
2024-04-29 14:04:09.306740,9.920353
2024-04-29 14:04:09.322370,11.58917
2024-04-29 14:04:09.337990,12.48034
2024-04-29 14:04:09.353620,12.76226
2024-04-29 14:04:09.369240,12.5176
2024-04-29 14:04:09.384870,11.87144
2024-04-29 14:04:09.400500,11.05866
2024-04-29 14:04:09.416120,10.40055
2024-04-29 14:04:09.431750,10.23434
2024-04-29 14:04:09.447370,10.73336
2024-04-29 14:04:09.463000,11.80342
2024-04-29 14:04:09.478620,13.10573
2024-04-29 14:04:09.494250,14.21867
2024-04-29 14:04:09.509880,14.78658
2024-04-29 14:04:09.525500,14.67472
2024-04-29 14:04:09.541130,13.96318
2024-04-29 14:04:09.556750,12.8375
2024-04-29 14:04:09.572380,11.48669
2024-04-29 14:04:09.588000,10.01729
2024-04-29 14:04:09.603630,8.450104
2024-04-29 14:04:09.619260,6.760815
2024-04-29 14:04:09.634880,4.96324
2024-04-29 14:04:09.650510,3.070684
2024-04-29 14:04:09.666130,1.142004
2024-04-29 14:04:09.681760,-0.7807522
2024-04-29 14:04:09.697380,-2.652542
2024-04-29 14:04:09.713010,-4.421089
2024-04-29 14:04:09.728640,-6.03886
2024-04-29 14:04:09.744260,-7.46726
2024-04-29 14:04:09.759890,-8.696829
2024-04-29 14:04:09.775510,-9.77961
2024-04-29 14:04:09.791140,-10.84773
2024-04-29 14:04:09.806760,-12.07742
2024-04-29 14:04:09.822390,-13.62528
2024-04-29 14:04:09.838020,-15.57299
2024-04-29 14:04:09.853640,-17.81968
2024-04-29 14:04:09.869270,-20.10998
2024-04-29 14:04:09.884890,-22.01765
2024-04-29 14:04:09.900520,-23.04725
2024-04-29 14:04:09.916140,-22.74397
2024-04-29 14:04:09.931770,-20.84962
2024-04-29 14:04:09.947400,-17.36748
2024-04-29 14:04:09.963020,-12.60069
2024-04-29 14:04:09.978650,-7.089424
2024-04-29 14:04:09.994270,-1.434933
2024-04-29 14:04:10.009900,3.793032
2024-04-29 14:04:10.025520,8.181185
2024-04-29 14:04:10.041150,11.45973
2024-04-29 14:04:10.056780,13.53881
2024-04-29 14:04:10.072400,14.44266
2024-04-29 14:04:10.088030,14.34781
2024-04-29 14:04:10.103650,13.56494
2024-04-29 14:04:10.119280,12.47616
2024-04-29 14:04:10.134900,11.4864
2024-04-29 14:04:10.150530,10.92195
2024-04-29 14:04:10.166160,10.9545
2024-04-29 14:04:10.181780,11.54477
2024-04-29 14:04:10.197410,12.49556
2024-04-29 14:04:10.213030,13.50187
2024-04-29 14:04:10.228660,14.26019
2024-04-29 14:04:10.244280,14.55888
2024-04-29 14:04:10.259910,14.31216
2024-04-29 14:04:10.275540,13.58595
2024-04-29 14:04:10.291160,12.54246
2024-04-29 14:04:10.306790,11.36024
2024-04-29 14:04:10.322410,10.15529
2024-04-29 14:04:10.338040,8.916169
2024-04-29 14:04:10.353660,7.548882
2024-04-29 14:04:10.369290,5.906778
2024-04-29 14:04:10.384920,3.915079
2024-04-29 14:04:10.400540,1.607367
2024-04-29 14:04:10.416170,-0.8380404
2024-04-29 14:04:10.431790,-3.210806
2024-04-29 14:04:10.447420,-5.313122
2024-04-29 14:04:10.463040,-7.03273
2024-04-29 14:04:10.478670,-8.374293
2024-04-29 14:04:10.494300,-9.412142
2024-04-29 14:04:10.509920,-10.29107
2024-04-29 14:04:10.525550,-11.1555
2024-04-29 14:04:10.541170,-12.17821
2024-04-29 14:04:10.556800,-13.49055
2024-04-29 14:04:10.572420,-15.16717
2024-04-29 14:04:10.588050,-17.15044
2024-04-29 14:04:10.603680,-19.20854
2024-04-29 14:04:10.619300,-20.92688
2024-04-29 14:04:10.634930,-21.78637
2024-04-29 14:04:10.650550,-21.31411
2024-04-29 14:04:10.666180,-19.2208
2024-04-29 14:04:10.681800,-15.56179
2024-04-29 14:04:10.697430,-10.70767
2024-04-29 14:04:10.713060,-5.248869
2024-04-29 14:04:10.728680,0.1692023
2024-04-29 14:04:10.744310,5.014607
2024-04-29 14:04:10.759930,8.9609
2024-04-29 14:04:10.775560,11.85818
2024-04-29 14:04:10.791180,13.68363
2024-04-29 14:04:10.806810,14.48527
2024-04-29 14:04:10.822440,14.35141
2024-04-29 14:04:10.838060,13.45326
2024-04-29 14:04:10.853690,12.08417
2024-04-29 14:04:10.869310,10.65606
2024-04-29 14:04:10.884940,9.591285
2024-04-29 14:04:10.900570,9.192389
2024-04-29 14:04:10.916190,9.530455
2024-04-29 14:04:10.931820,10.41399
2024-04-29 14:04:10.947440,11.5047
2024-04-29 14:04:10.963070,12.47102
2024-04-29 14:04:10.978690,13.10042
2024-04-29 14:04:10.994320,13.35697
2024-04-29 14:04:11.009950,13.31469
2024-04-29 14:04:11.025570,13.03608
2024-04-29 14:04:11.041200,12.52026
2024-04-29 14:04:11.056820,11.66674
2024-04-29 14:04:11.072450,10.3545
2024-04-29 14:04:11.088070,8.529119
2024-04-29 14:04:11.103700,6.268801
2024-04-29 14:04:11.119330,3.771928
2024-04-29 14:04:11.134950,1.296062
2024-04-29 14:04:11.150580,-0.9446878
2024-04-29 14:04:11.166200,-2.8296
2024-04-29 14:04:11.181830,-4.352645
2024-04-29 14:04:11.197450,-5.598186
2024-04-29 14:04:11.213080,-6.667995
2024-04-29 14:04:11.228710,-7.675817
2024-04-29 14:04:11.244330,-8.73891
2024-04-29 14:04:11.259960,-9.998358
2024-04-29 14:04:11.275580,-11.57835
2024-04-29 14:04:11.291210,-13.5954
2024-04-29 14:04:11.306830,-15.99791
2024-04-29 14:04:11.322460,-18.54675
2024-04-29 14:04:11.338090,-20.78638
2024-04-29 14:04:11.353710,-22.11886
2024-04-29 14:04:11.369340,-22.00288
2024-04-29 14:04:11.384960,-20.12874
2024-04-29 14:04:11.400590,-16.56892
2024-04-29 14:04:11.416210,-11.7454
2024-04-29 14:04:11.431840,-6.317976
2024-04-29 14:04:11.447470,-0.9513226
2024-04-29 14:04:11.463090,3.821238
2024-04-29 14:04:11.478720,7.721323
2024-04-29 14:04:11.494340,10.67056
2024-04-29 14:04:11.509970,12.71399
2024-04-29 14:04:11.525590,13.91552
2024-04-29 14:04:11.541220,14.31259
2024-04-29 14:04:11.556850,13.96188
2024-04-29 14:04:11.572470,13.018
2024-04-29 14:04:11.588100,11.76664
2024-04-29 14:04:11.603720,10.58586
2024-04-29 14:04:11.619350,9.850151
2024-04-29 14:04:11.634970,9.77141
2024-04-29 14:04:11.650600,10.30462
2024-04-29 14:04:11.666230,11.17588
2024-04-29 14:04:11.681850,11.99303
2024-04-29 14:04:11.697480,12.41867
2024-04-29 14:04:11.713100,12.3092
2024-04-29 14:04:11.728730,11.72177
2024-04-29 14:04:11.744350,10.85076
2024-04-29 14:04:11.759980,9.867111
2024-04-29 14:04:11.775610,8.887064
2024-04-29 14:04:11.806860,6.778288
2024-04-29 14:04:11.822480,5.484703
2024-04-29 14:04:11.838110,3.95294
2024-04-29 14:04:11.853730,2.181938
2024-04-29 14:04:11.869360,0.2056236
2024-04-29 14:04:11.884990,-1.87281
2024-04-29 14:04:11.900610,-3.931335
2024-04-29 14:04:11.916240,-5.805981
2024-04-29 14:04:11.931860,-7.396414
2024-04-29 14:04:11.947490,-8.640467
2024-04-29 14:04:11.963110,-9.613546
2024-04-29 14:04:11.978740,-10.46372
2024-04-29 14:04:11.994370,-11.38796
2024-04-29 14:04:12.009990,-12.56384
2024-04-29 14:04:12.025620,-14.07465
2024-04-29 14:04:12.041240,-15.85809
2024-04-29 14:04:12.056870,-17.64362
2024-04-29 14:04:12.072490,-18.9723
2024-04-29 14:04:12.088120,-19.2631
2024-04-29 14:04:12.103750,-18.02032
2024-04-29 14:04:12.119370,-15.03843
2024-04-29 14:04:12.135000,-10.52842
2024-04-29 14:04:12.150620,-5.116167
2024-04-29 14:04:12.166250,0.3928661
2024-04-29 14:04:12.181870,5.267788
2024-04-29 14:04:12.197500,9.076696
2024-04-29 14:04:12.213130,11.71079
2024-04-29 14:04:12.228750,13.28669
2024-04-29 14:04:12.244380,13.98458
2024-04-29 14:04:12.260000,13.92086
2024-04-29 14:04:12.275630,13.2125
2024-04-29 14:04:12.291250,12.0295
2024-04-29 14:04:12.306880,10.68294
2024-04-29 14:04:12.322510,9.565563
2024-04-29 14:04:12.338130,9.014227
2024-04-29 14:04:12.353760,9.150385
2024-04-29 14:04:12.369380,9.829584
2024-04-29 14:04:12.385010,10.74673
2024-04-29 14:04:12.400630,11.54632
2024-04-29 14:04:12.416260,11.99128
2024-04-29 14:04:12.431890,11.98729
2024-04-29 14:04:12.447510,11.58152
2024-04-29 14:04:12.463140,10.86393
2024-04-29 14:04:12.478760,9.908453
2024-04-29 14:04:12.494390,8.71616
2024-04-29 14:04:12.510010,7.242359
2024-04-29 14:04:12.525640,5.4037
2024-04-29 14:04:12.541270,3.168219
2024-04-29 14:04:12.556890,0.6044273
2024-04-29 14:04:12.572520,-2.12323
2024-04-29 14:04:12.588140,-4.77294
2024-04-29 14:04:12.603770,-7.105379
2024-04-29 14:04:12.619390,-8.984158
2024-04-29 14:04:12.635020,-10.42709
2024-04-29 14:04:12.650650,-11.59441
2024-04-29 14:04:12.666270,-12.74212
2024-04-29 14:04:12.681900,-14.13081
2024-04-29 14:04:12.697520,-15.89413
2024-04-29 14:04:12.713150,-17.99659
2024-04-29 14:04:12.728770,-20.20978
2024-04-29 14:04:12.744400,-22.13251
2024-04-29 14:04:12.760030,-23.27068
2024-04-29 14:04:12.775650,-23.14946
2024-04-29 14:04:12.791280,-21.42823
2024-04-29 14:04:12.806900,-18.04322
2024-04-29 14:04:12.822530,-13.26273
2024-04-29 14:04:12.838150,-7.621864
2024-04-29 14:04:12.853780,-1.807919
2024-04-29 14:04:12.869410,3.514645
2024-04-29 14:04:12.885030,7.848976
2024-04-29 14:04:12.900660,10.94661
2024-04-29 14:04:12.916280,12.77561
2024-04-29 14:04:12.931910,13.49393
2024-04-29 14:04:12.947530,13.34331
2024-04-29 14:04:12.963160,12.61278
2024-04-29 14:04:12.978790,11.60464
2024-04-29 14:04:12.994410,10.5956
2024-04-29 14:04:13.010040,9.849241
2024-04-29 14:04:13.025660,9.535395
2024-04-29 14:04:13.041290,9.747896
2024-04-29 14:04:13.056920,10.43195
2024-04-29 14:04:13.072540,11.43499
2024-04-29 14:04:13.088170,12.5121
2024-04-29 14:04:13.103790,13.39906
2024-04-29 14:04:13.119420,13.87026
2024-04-29 14:04:13.135040,13.80209
2024-04-29 14:04:13.150670,13.18918
2024-04-29 14:04:13.166300,12.11421
2024-04-29 14:04:13.181920,10.69693
2024-04-29 14:04:13.197550,9.025269
2024-04-29 14:04:13.213170,7.13636
2024-04-29 14:04:13.228800,5.008116
2024-04-29 14:04:13.244420,2.616829
2024-04-29 14:04:13.260050,-0.01994514
2024-04-29 14:04:13.275680,-2.822529
2024-04-29 14:04:13.291300,-5.659267
2024-04-29 14:04:13.306930,-8.398579
2024-04-29 14:04:13.322550,-10.97789
2024-04-29 14:04:13.338180,-13.42009
2024-04-29 14:04:13.353800,-15.82475
2024-04-29 14:04:13.369430,-18.2924
2024-04-29 14:04:13.385060,-20.81721
2024-04-29 14:04:13.400680,-23.20333
2024-04-29 14:04:13.416310,-25.06208
2024-04-29 14:04:13.431930,-25.87091
2024-04-29 14:04:13.447560,-25.16508
2024-04-29 14:04:13.463180,-22.70639
2024-04-29 14:04:13.478810,-18.61001
2024-04-29 14:04:13.494440,-13.32837
2024-04-29 14:04:13.510060,-7.555941
2024-04-29 14:04:13.525690,-2.009615
2024-04-29 14:04:13.541310,2.754431
2024-04-29 14:04:13.556940,6.427408
2024-04-29 14:04:13.572560,8.967981
2024-04-29 14:04:13.588190,10.4902
2024-04-29 14:04:13.603820,11.19216
2024-04-29 14:04:13.619440,11.25605
2024-04-29 14:04:13.635070,10.8715
2024-04-29 14:04:13.650690,10.22894
2024-04-29 14:04:13.666320,9.528206
2024-04-29 14:04:13.681940,8.966175
2024-04-29 14:04:13.697570,8.66363
2024-04-29 14:04:13.713200,8.641317
2024-04-29 14:04:13.728820,8.781713
2024-04-29 14:04:13.744450,8.886679
2024-04-29 14:04:13.760070,8.748152
2024-04-29 14:04:13.775700,8.270187
2024-04-29 14:04:13.791320,7.456545
2024-04-29 14:04:13.806950,6.415674
2024-04-29 14:04:13.822580,5.250391
2024-04-29 14:04:13.838200,3.989841
2024-04-29 14:04:13.853830,2.611532
2024-04-29 14:04:13.869450,1.065107
2024-04-29 14:04:13.885080,-0.6628647
2024-04-29 14:04:13.900700,-2.525854
2024-04-29 14:04:13.916330,-4.420317
2024-04-29 14:04:13.931960,-6.242867
2024-04-29 14:04:13.947580,-7.932137
2024-04-29 14:04:13.963210,-9.476187
2024-04-29 14:04:13.978830,-10.96152
2024-04-29 14:04:13.994460,-12.50984
2024-04-29 14:04:14.010080,-14.30512
2024-04-29 14:04:14.025710,-16.49891
2024-04-29 14:04:14.041340,-19.15634
2024-04-29 14:04:14.056960,-22.13613
2024-04-29 14:04:14.072590,-25.05761
2024-04-29 14:04:14.088210,-27.36522
2024-04-29 14:04:14.103840,-28.43786
2024-04-29 14:04:14.119460,-27.80491
2024-04-29 14:04:14.135090,-25.30306
2024-04-29 14:04:14.150720,-21.11707
2024-04-29 14:04:14.166340,-15.72139
2024-04-29 14:04:14.181970,-9.723619
2024-04-29 14:04:14.197590,-3.705778
2024-04-29 14:04:14.213220,1.900183
2024-04-29 14:04:14.228840,6.849384
2024-04-29 14:04:14.244470,11.05341
2024-04-29 14:04:14.260100,14.48413
2024-04-29 14:04:14.275720,17.11946
2024-04-29 14:04:14.291350,18.92068
2024-04-29 14:04:14.306970,19.85956
2024-04-29 14:04:14.322600,20.02067
2024-04-29 14:04:14.338220,19.59969
2024-04-29 14:04:14.353850,18.87035
2024-04-29 14:04:14.369480,18.10113
2024-04-29 14:04:14.385100,17.44379
2024-04-29 14:04:14.400730,16.89031
2024-04-29 14:04:14.416350,16.30067
2024-04-29 14:04:14.431980,15.5253
2024-04-29 14:04:14.447600,14.47063
2024-04-29 14:04:14.463230,13.17127
2024-04-29 14:04:14.478860,11.74402
2024-04-29 14:04:14.494480,10.30183
2024-04-29 14:04:14.510110,8.885983
2024-04-29 14:04:14.525730,7.45356
2024-04-29 14:04:14.541360,5.889133
2024-04-29 14:04:14.556980,4.074623
2024-04-29 14:04:14.572610,1.954659
2024-04-29 14:04:14.588240,-0.4363403
2024-04-29 14:04:14.603860,-2.996197
2024-04-29 14:04:14.619490,-5.534462
2024-04-29 14:04:14.635110,-7.884544
2024-04-29 14:04:14.650740,-9.917976
2024-04-29 14:04:14.666360,-11.60684
2024-04-29 14:04:14.681990,-13.02186
2024-04-29 14:04:14.697620,-14.33436
2024-04-29 14:04:14.713240,-15.75924
2024-04-29 14:04:14.728870,-17.52504
2024-04-29 14:04:14.744490,-19.78347
2024-04-29 14:04:14.760120,-22.47099
2024-04-29 14:04:14.775740,-25.27314
2024-04-29 14:04:14.791370,-27.61015
2024-04-29 14:04:14.807000,-28.78883
2024-04-29 14:04:14.822620,-28.22825
2024-04-29 14:04:14.838250,-25.68842
2024-04-29 14:04:14.853870,-21.37996
2024-04-29 14:04:14.869500,-15.88332
2024-04-29 14:04:14.885120,-9.972656
2024-04-29 14:04:14.900750,-4.320549
2024-04-29 14:04:14.916380,0.6368561
2024-04-29 14:04:14.932000,4.737869
2024-04-29 14:04:14.947630,7.977707
2024-04-29 14:04:14.963250,10.3795
2024-04-29 14:04:14.978880,11.92185
2024-04-29 14:04:14.994500,12.55928
2024-04-29 14:04:15.010130,12.30431
2024-04-29 14:04:15.025760,11.2939
2024-04-29 14:04:15.041380,9.808903
2024-04-29 14:04:15.057010,8.185421
2024-04-29 14:04:15.072630,6.711201
2024-04-29 14:04:15.088260,5.555496
2024-04-29 14:04:15.103880,4.726795
2024-04-29 14:04:15.119510,4.123901
2024-04-29 14:04:15.135140,3.597572
2024-04-29 14:04:15.150760,3.028801
2024-04-29 14:04:15.166390,2.340683
2024-04-29 14:04:15.182010,1.534882
2024-04-29 14:04:15.197640,0.6667252
2024-04-29 14:04:15.213260,-0.1543198
2024-04-29 14:04:15.228890,-0.7649002
2024-04-29 14:04:15.244520,-0.9990158
2024-04-29 14:04:15.260140,-0.7157516
2024-04-29 14:04:15.275770,0.1961212
2024-04-29 14:04:15.291390,1.802292
2024-04-29 14:04:15.307020,4.135201
2024-04-29 14:04:15.322640,7.229248
2024-04-29 14:04:15.338270,11.11322
2024-04-29 14:04:15.353900,15.77499
2024-04-29 14:04:15.369520,21.12304
2024-04-29 14:04:15.385150,26.9519
2024-04-29 14:04:15.400770,32.92109
2024-04-29 14:04:15.416400,38.58154
2024-04-29 14:04:15.432020,43.4202
2024-04-29 14:04:15.447650,46.90577
2024-04-29 14:04:15.463280,48.53105
2024-04-29 14:04:15.478900,47.89081
2024-04-29 14:04:15.494530,44.71844
2024-04-29 14:04:15.510150,38.9958
2024-04-29 14:04:15.525780,30.99274
2024-04-29 14:04:15.541400,21.33553
2024-04-29 14:04:15.557030,10.95822
2024-04-29 14:04:15.572660,0.9900818
2024-04-29 14:04:15.588280,-7.456039
2024-04-29 14:04:15.603910,-13.53332
2024-04-29 14:04:15.619530,-16.86154
2024-04-29 14:04:15.635160,-17.63735
2024-04-29 14:04:15.650780,-16.47385
2024-04-29 14:04:15.666410,-14.21842
2024-04-29 14:04:15.682040,-11.61831
2024-04-29 14:04:15.697660,-9.136406
2024-04-29 14:04:15.713290,-6.939842
2024-04-29 14:04:15.728910,-5.020596
2024-04-29 14:04:15.744540,-3.317146
2024-04-29 14:04:15.760170,-1.824966
2024-04-29 14:04:15.775790,-0.6012001
2024-04-29 14:04:15.791420,0.3796349
2024-04-29 14:04:15.807040,1.214146
2024-04-29 14:04:15.822670,2.078453
2024-04-29 14:04:15.838290,3.10535
2024-04-29 14:04:15.853920,4.316357
2024-04-29 14:04:15.869550,5.566437
2024-04-29 14:04:15.885170,6.660549
2024-04-29 14:04:15.900800,7.429649
2024-04-29 14:04:15.916420,7.821373
2024-04-29 14:04:15.932050,7.894581
2024-04-29 14:04:15.947670,7.750416
2024-04-29 14:04:15.963300,7.448807
2024-04-29 14:04:15.978930,6.99498
2024-04-29 14:04:15.994550,6.350594
2024-04-29 14:04:16.010180,5.488659
2024-04-29 14:04:16.025800,4.445827
2024-04-29 14:04:16.041430,3.317432
2024-04-29 14:04:16.057050,2.205696
2024-04-29 14:04:16.072680,1.194649
2024-04-29 14:04:16.088310,0.2936707
2024-04-29 14:04:16.103930,-0.5368271
2024-04-29 14:04:16.119560,-1.355717
2024-04-29 14:04:16.135180,-2.218765
2024-04-29 14:04:16.150810,-3.155735
2024-04-29 14:04:16.166430,-4.218491
2024-04-29 14:04:16.182060,-5.472801
2024-04-29 14:04:16.197690,-6.990761
2024-04-29 14:04:16.213310,-8.784121
2024-04-29 14:04:16.228940,-10.80892
2024-04-29 14:04:16.244560,-12.9312
2024-04-29 14:04:16.260190,-14.973
2024-04-29 14:04:16.275810,-16.82721
2024-04-29 14:04:16.291440,-18.50073
2024-04-29 14:04:16.307070,-20.13288
2024-04-29 14:04:16.322690,-21.89318
2024-04-29 14:04:16.338320,-23.83139
2024-04-29 14:04:16.353940,-25.7186
2024-04-29 14:04:16.369570,-27.07269
2024-04-29 14:04:16.385190,-27.30005
2024-04-29 14:04:16.400820,-25.92511
2024-04-29 14:04:16.416450,-22.79587
2024-04-29 14:04:16.432070,-18.16208
2024-04-29 14:04:16.447700,-12.61868
2024-04-29 14:04:16.463320,-6.869108
2024-04-29 14:04:16.478950,-1.542189
2024-04-29 14:04:16.494570,3.005674
2024-04-29 14:04:16.510200,6.654648
2024-04-29 14:04:16.525830,9.455721
2024-04-29 14:04:16.541450,11.50089
2024-04-29 14:04:16.557080,12.85912
2024-04-29 14:04:16.572700,13.59616
2024-04-29 14:04:16.588330,13.80012
2024-04-29 14:04:16.603950,13.67547
2024-04-29 14:04:16.619580,13.46125
2024-04-29 14:04:16.635210,13.3931
2024-04-29 14:04:16.650830,13.59149
2024-04-29 14:04:16.666460,14.02497
2024-04-29 14:04:16.682080,14.54526
2024-04-29 14:04:16.697710,14.95973
2024-04-29 14:04:16.713330,15.1125
2024-04-29 14:04:16.728960,14.91226
2024-04-29 14:04:16.744590,14.39812
2024-04-29 14:04:16.760210,13.65084
2024-04-29 14:04:16.775840,12.80222
2024-04-29 14:04:16.791460,11.94892
2024-04-29 14:04:16.807090,11.16867
2024-04-29 14:04:16.822710,10.46508
2024-04-29 14:04:16.838340,9.782835
2024-04-29 14:04:16.853970,9.033685
2024-04-29 14:04:16.869590,8.143142
2024-04-29 14:04:16.885220,7.094333
2024-04-29 14:04:16.900840,5.902864
2024-04-29 14:04:16.916470,4.610274
2024-04-29 14:04:16.932090,3.262896
2024-04-29 14:04:16.947720,1.920216
2024-04-29 14:04:16.963350,0.6391778
2024-04-29 14:04:16.978970,-0.5482883
2024-04-29 14:04:16.994600,-1.605237
2024-04-29 14:04:17.010220,-2.55771
2024-04-29 14:04:17.025850,-3.465367
2024-04-29 14:04:17.041470,-4.435029
2024-04-29 14:04:17.057100,-5.567775
2024-04-29 14:04:17.072730,-6.927247
2024-04-29 14:04:17.088350,-8.547979
2024-04-29 14:04:17.103980,-10.43867
2024-04-29 14:04:17.119600,-12.6113
2024-04-29 14:04:17.135230,-15.06438
2024-04-29 14:04:17.150850,-17.74592
2024-04-29 14:04:17.166480,-20.51606
2024-04-29 14:04:17.182110,-23.09532
2024-04-29 14:04:17.197730,-25.07719
2024-04-29 14:04:17.213360,-26.00323
2024-04-29 14:04:17.228980,-25.48579
2024-04-29 14:04:17.244610,-23.34007
2024-04-29 14:04:17.260230,-19.70039
2024-04-29 14:04:17.275860,-15.0276
2024-04-29 14:04:17.291490,-9.984947
2024-04-29 14:04:17.307110,-5.245619
2024-04-29 14:04:17.322740,-1.294262
2024-04-29 14:04:17.338360,1.671618
2024-04-29 14:04:17.353990,3.713299
2024-04-29 14:04:17.369610,4.988165
2024-04-29 14:04:17.385240,5.660858
2024-04-29 14:04:17.400870,5.836075
2024-04-29 14:04:17.416490,5.625597
2024-04-29 14:04:17.432120,5.196285
2024-04-29 14:04:17.447740,4.788691
2024-04-29 14:04:17.463370,4.652569
2024-04-29 14:04:17.478990,4.919727
2024-04-29 14:04:17.494620,5.584982
2024-04-29 14:04:17.510250,6.488527
2024-04-29 14:04:17.525870,7.43508
2024-04-29 14:04:17.541500,8.264305
2024-04-29 14:04:17.557120,8.901478
2024-04-29 14:04:17.572750,9.312365
2024-04-29 14:04:17.588370,9.501459
2024-04-29 14:04:17.604000,9.468645
2024-04-29 14:04:17.619630,9.204172
2024-04-29 14:04:17.635250,8.70867
2024-04-29 14:04:17.650880,7.981831
2024-04-29 14:04:17.666500,6.993088
2024-04-29 14:04:17.682130,5.742035
2024-04-29 14:04:17.697750,4.286747
2024-04-29 14:04:17.713380,2.760471
2024-04-29 14:04:17.729010,1.380646
2024-04-29 14:04:17.744630,0.3068237
2024-04-29 14:04:17.760260,-0.4134521
2024-04-29 14:04:17.775880,-0.9331284
2024-04-29 14:04:17.791510,-1.49482
2024-04-29 14:04:17.807130,-2.335323
2024-04-29 14:04:17.822760,-3.526592
2024-04-29 14:04:17.838390,-4.959003
2024-04-29 14:04:17.854010,-6.420563
2024-04-29 14:04:17.869640,-7.723991
2024-04-29 14:04:17.885260,-8.81052
2024-04-29 14:04:17.900890,-9.740955
2024-04-29 14:04:17.916510,-10.64986
2024-04-29 14:04:17.932140,-11.64429
2024-04-29 14:04:17.947770,-12.79904
2024-04-29 14:04:17.963390,-14.1433
2024-04-29 14:04:17.979020,-15.68079
2024-04-29 14:04:17.994640,-17.33079
2024-04-29 14:04:18.010270,-18.88135
2024-04-29 14:04:18.025900,-19.97514
2024-04-29 14:04:18.041520,-20.17243
2024-04-29 14:04:18.057150,-19.10104
2024-04-29 14:04:18.072770,-16.63276
2024-04-29 14:04:18.088400,-12.95364
2024-04-29 14:04:18.104020,-8.527584
2024-04-29 14:04:18.119650,-3.920624
2024-04-29 14:04:18.135280,0.3706207
2024-04-29 14:04:18.150900,4.029209
2024-04-29 14:04:18.166530,6.904343
2024-04-29 14:04:18.182150,8.95676
2024-04-29 14:04:18.197780,10.19247
2024-04-29 14:04:18.213400,10.66865
2024-04-29 14:04:18.229030,10.51846
2024-04-29 14:04:18.244660,9.976368
2024-04-29 14:04:18.260280,9.376724
2024-04-29 14:04:18.275910,9.019779
2024-04-29 14:04:18.291530,9.135254
2024-04-29 14:04:18.307160,9.75264
2024-04-29 14:04:18.322780,10.71502
2024-04-29 14:04:18.338410,11.73124
2024-04-29 14:04:18.354040,12.48187
2024-04-29 14:04:18.369660,12.73721
2024-04-29 14:04:18.385290,12.42462
2024-04-29 14:04:18.400910,11.62828
2024-04-29 14:04:18.416540,10.50641
2024-04-29 14:04:18.432160,9.232597
2024-04-29 14:04:18.447790,7.937443
2024-04-29 14:04:18.463420,6.690708
2024-04-29 14:04:18.479040,5.519672
2024-04-29 14:04:18.494670,4.430618
2024-04-29 14:04:18.510290,3.429432
2024-04-29 14:04:18.525920,2.476677
2024-04-29 14:04:18.541540,1.485352
2024-04-29 14:04:18.557170,0.323452
2024-04-29 14:04:18.572800,-1.114849
2024-04-29 14:04:18.588420,-2.833969
2024-04-29 14:04:18.604050,-4.737827
2024-04-29 14:04:18.619670,-6.670189
2024-04-29 14:04:18.635300,-8.476135
2024-04-29 14:04:18.650920,-10.0681
2024-04-29 14:04:18.666550,-11.42268
2024-04-29 14:04:18.682180,-12.56573
2024-04-29 14:04:18.697800,-13.55457
2024-04-29 14:04:18.713430,-14.46951
2024-04-29 14:04:18.729050,-15.44088
2024-04-29 14:04:18.744680,-16.66077
2024-04-29 14:04:18.760300,-18.2847
2024-04-29 14:04:18.775930,-20.31936
2024-04-29 14:04:18.791560,-22.50148
2024-04-29 14:04:18.807180,-24.30102
2024-04-29 14:04:18.822810,-25.07368
2024-04-29 14:04:18.838430,-24.30953
2024-04-29 14:04:18.854060,-21.85722
2024-04-29 14:04:18.869680,-17.98057
2024-04-29 14:04:18.885310,-13.27533
2024-04-29 14:04:18.900940,-8.421764
2024-04-29 14:04:18.916560,-3.966915
2024-04-29 14:04:18.932190,-0.2246208
2024-04-29 14:04:18.947810,2.706596
2024-04-29 14:04:18.963440,4.82819
2024-04-29 14:04:18.979060,6.161205
2024-04-29 14:04:18.994690,6.735069
2024-04-29 14:04:19.010320,6.658367
2024-04-29 14:04:19.025940,6.151394
2024-04-29 14:04:19.041570,5.555565
2024-04-29 14:04:19.057190,5.239887
2024-04-29 14:04:19.072820,5.43803
2024-04-29 14:04:19.088440,6.202648
2024-04-29 14:04:19.104070,7.387043
2024-04-29 14:04:19.119700,8.739101
2024-04-29 14:04:19.135320,10.00814
2024-04-29 14:04:19.150950,11.02354
2024-04-29 14:04:19.166570,11.68995
2024-04-29 14:04:19.182200,11.98149
2024-04-29 14:04:19.197820,11.91804
2024-04-29 14:04:19.213450,11.5116
2024-04-29 14:04:19.229080,10.80561
2024-04-29 14:04:19.244700,9.854687
2024-04-29 14:04:19.260330,8.706718
2024-04-29 14:04:19.275950,7.386173
2024-04-29 14:04:19.291580,5.867989
2024-04-29 14:04:19.307200,4.095352
2024-04-29 14:04:19.322830,2.021175
2024-04-29 14:04:19.338460,-0.3059464
2024-04-29 14:04:19.354080,-2.768398
2024-04-29 14:04:19.369710,-5.148628
2024-04-29 14:04:19.385330,-7.220673
2024-04-29 14:04:19.400960,-8.858952
2024-04-29 14:04:19.416580,-10.0748
2024-04-29 14:04:19.432210,-11.01165
2024-04-29 14:04:19.447840,-11.87071
2024-04-29 14:04:19.463460,-12.85077
2024-04-29 14:04:19.479090,-14.06927
2024-04-29 14:04:19.494710,-15.58606
2024-04-29 14:04:19.510340,-17.38581
2024-04-29 14:04:19.525960,-19.38478
2024-04-29 14:04:19.541590,-21.40372
2024-04-29 14:04:19.557220,-23.12336
2024-04-29 14:04:19.572840,-24.1002
2024-04-29 14:04:19.588470,-23.861
2024-04-29 14:04:19.604090,-22.08213
2024-04-29 14:04:19.619720,-18.69357
2024-04-29 14:04:19.635340,-13.9616
2024-04-29 14:04:19.650970,-8.417213
2024-04-29 14:04:19.666600,-2.675373
2024-04-29 14:04:19.682220,2.706051
2024-04-29 14:04:19.697850,7.337284
2024-04-29 14:04:19.713470,10.99303
2024-04-29 14:04:19.729100,13.56497
2024-04-29 14:04:19.744720,15.03333
2024-04-29 14:04:19.760350,15.48227
2024-04-29 14:04:19.775980,15.11184
2024-04-29 14:04:19.791600,14.25628
2024-04-29 14:04:19.807230,13.32768
2024-04-29 14:04:19.822850,12.711
2024-04-29 14:04:19.838480,12.67693
2024-04-29 14:04:19.854100,13.2765
2024-04-29 14:04:19.869730,14.34697
2024-04-29 14:04:19.885360,15.56726
2024-04-29 14:04:19.900980,16.5875
2024-04-29 14:04:19.916610,17.10925
2024-04-29 14:04:19.932230,17.01024
2024-04-29 14:04:19.947860,16.33611
2024-04-29 14:04:19.963480,15.29234
2024-04-29 14:04:19.979110,14.12768
2024-04-29 14:04:19.994740,13.044
2024-04-29 14:04:20.010360,12.09082
2024-04-29 14:04:20.025990,11.1682
2024-04-29 14:04:20.041610,10.09753
2024-04-29 14:04:20.057240,8.694633
2024-04-29 14:04:20.072860,6.890453
2024-04-29 14:04:20.088490,4.730957
2024-04-29 14:04:20.104120,2.353125
2024-04-29 14:04:20.119740,-0.08346176
2024-04-29 14:04:20.135370,-2.43891
2024-04-29 14:04:20.150990,-4.630043
2024-04-29 14:04:20.166620,-6.637716
2024-04-29 14:04:20.182250,-8.469635
2024-04-29 14:04:20.197870,-10.17394
2024-04-29 14:04:20.213500,-11.82955
2024-04-29 14:04:20.229120,-13.54362
2024-04-29 14:04:20.244750,-15.4289
2024-04-29 14:04:20.260370,-17.55301
2024-04-29 14:04:20.276000,-19.83032
2024-04-29 14:04:20.291630,-21.97676
2024-04-29 14:04:20.307250,-23.50972
2024-04-29 14:04:20.322880,-23.89182
2024-04-29 14:04:20.338500,-22.6969
2024-04-29 14:04:20.354130,-19.79923
2024-04-29 14:04:20.369750,-15.44668
2024-04-29 14:04:20.385380,-10.19182
2024-04-29 14:04:20.401010,-4.706166
2024-04-29 14:04:20.416630,0.4167385
2024-04-29 14:04:20.432260,4.788205
2024-04-29 14:04:20.447880,8.221254
2024-04-29 14:04:20.463510,10.64963
2024-04-29 14:04:20.479130,12.04815
2024-04-29 14:04:20.494760,12.45905
2024-04-29 14:04:20.510390,12.02325
2024-04-29 14:04:20.526010,11.02934
2024-04-29 14:04:20.541640,9.856067
2024-04-29 14:04:20.557260,8.872391
2024-04-29 14:04:20.572890,8.326502
2024-04-29 14:04:20.588510,8.288172
2024-04-29 14:04:20.604140,8.665251
2024-04-29 14:04:20.619770,9.283698
2024-04-29 14:04:20.635390,9.97286
2024-04-29 14:04:20.651020,10.59745
2024-04-29 14:04:20.666640,11.05025
2024-04-29 14:04:20.682270,11.23388
2024-04-29 14:04:20.697890,11.10304
2024-04-29 14:04:20.713520,10.63508
2024-04-29 14:04:20.729150,9.869248
2024-04-29 14:04:20.744770,8.847498
2024-04-29 14:04:20.760400,7.581776
2024-04-29 14:04:20.776020,6.024104
2024-04-29 14:04:20.791650,4.095414
2024-04-29 14:04:20.807270,1.796698
2024-04-29 14:04:20.822900,-0.7521465
2024-04-29 14:04:20.838530,-3.313678
2024-04-29 14:04:20.854150,-5.621621
2024-04-29 14:04:20.869780,-7.490463
2024-04-29 14:04:20.885400,-8.90132
2024-04-29 14:04:20.901030,-9.992462
2024-04-29 14:04:20.916650,-10.99219
2024-04-29 14:04:20.932280,-12.18066
2024-04-29 14:04:20.947910,-13.75725
2024-04-29 14:04:20.963530,-15.78672
2024-04-29 14:04:20.979160,-18.14566
2024-04-29 14:04:20.994780,-20.4687
2024-04-29 14:04:21.010410,-22.20757
2024-04-29 14:04:21.026030,-22.76091
2024-04-29 14:04:21.041660,-21.65759
2024-04-29 14:04:21.057290,-18.74089
2024-04-29 14:04:21.072910,-14.24233
2024-04-29 14:04:21.088540,-8.72657
2024-04-29 14:04:21.104160,-2.9162
2024-04-29 14:04:21.119790,2.504354
2024-04-29 14:04:21.135410,7.056186
2024-04-29 14:04:21.151040,10.51405
2024-04-29 14:04:21.166670,12.86014
2024-04-29 14:04:21.182290,14.19758
2024-04-29 14:04:21.197920,14.69561
2024-04-29 14:04:21.213540,14.53894
2024-04-29 14:04:21.229170,13.93966
2024-04-29 14:04:21.244790,13.10346
2024-04-29 14:04:21.260420,12.22679
2024-04-29 14:04:21.276050,11.47053
2024-04-29 14:04:21.291670,10.93563
2024-04-29 14:04:21.307300,10.64727
2024-04-29 14:04:21.322920,10.56879
2024-04-29 14:04:21.338550,10.59975
2024-04-29 14:04:21.354170,10.62251
2024-04-29 14:04:21.369800,10.53413
2024-04-29 14:04:21.385430,10.26024
2024-04-29 14:04:21.401050,9.760932
2024-04-29 14:04:21.416680,8.978374
2024-04-29 14:04:21.432300,7.841671
2024-04-29 14:04:21.447930,6.269461
2024-04-29 14:04:21.463550,4.229402
2024-04-29 14:04:21.479180,1.786341
2024-04-29 14:04:21.494810,-0.8891497
2024-04-29 14:04:21.510430,-3.555637
2024-04-29 14:04:21.526060,-5.993052
2024-04-29 14:04:21.541680,-8.086447
2024-04-29 14:04:21.557310,-9.862053
2024-04-29 14:04:21.572930,-11.45807
2024-04-29 14:04:21.588560,-13.0654
2024-04-29 14:04:21.604190,-14.84088
2024-04-29 14:04:21.619810,-16.89564
2024-04-29 14:04:21.635440,-19.21145
2024-04-29 14:04:21.651060,-21.61525
2024-04-29 14:04:21.666690,-23.69841
2024-04-29 14:04:21.682310,-24.91095
2024-04-29 14:04:21.697940,-24.67917
2024-04-29 14:04:21.713570,-22.61648
2024-04-29 14:04:21.729190,-18.68142
2024-04-29 14:04:21.744820,-13.22869
2024-04-29 14:04:21.760440,-6.914362
2024-04-29 14:04:21.776070,-0.4698277
2024-04-29 14:04:21.791690,5.485628
2024-04-29 14:04:21.807320,10.56928
2024-04-29 14:04:21.822950,14.60298
2024-04-29 14:04:21.838570,17.53679
2024-04-29 14:04:21.854200,19.40543
2024-04-29 14:04:21.869820,20.28221
2024-04-29 14:04:21.885450,20.33709
2024-04-29 14:04:21.901070,19.83912
2024-04-29 14:04:21.916700,19.09439
2024-04-29 14:04:21.932330,18.37152
2024-04-29 14:04:21.947950,17.83838
2024-04-29 14:04:21.963580,17.54162
2024-04-29 14:04:21.979200,17.41158
2024-04-29 14:04:21.994830,17.32035
2024-04-29 14:04:22.010450,17.091
2024-04-29 14:04:22.026080,16.56406
2024-04-29 14:04:22.041710,15.61607
2024-04-29 14:04:22.057330,14.20659
2024-04-29 14:04:22.072960,12.38275
2024-04-29 14:04:22.088580,10.23615
2024-04-29 14:04:22.104210,7.8706
2024-04-29 14:04:22.119830,5.339336
2024-04-29 14:04:22.135460,2.664257
2024-04-29 14:04:22.151090,-0.157568
2024-04-29 14:04:22.166710,-3.034826
2024-04-29 14:04:22.182340,-5.801243
2024-04-29 14:04:22.197960,-8.266249
2024-04-29 14:04:22.213590,-10.30913
2024-04-29 14:04:22.229210,-11.99828
2024-04-29 14:04:22.244840,-13.58226
2024-04-29 14:04:22.260470,-15.39741
2024-04-29 14:04:22.276090,-17.66666
2024-04-29 14:04:22.291720,-20.35625
2024-04-29 14:04:22.307340,-23.11308
2024-04-29 14:04:22.322970,-25.34115
2024-04-29 14:04:22.338590,-26.40678
2024-04-29 14:04:22.354220,-25.81642
2024-04-29 14:04:22.369850,-23.38092
2024-04-29 14:04:22.385470,-19.2532
2024-04-29 14:04:22.401100,-13.86631
2024-04-29 14:04:22.416720,-7.818905
2024-04-29 14:04:22.432350,-1.743553
2024-04-29 14:04:22.447970,3.829601
2024-04-29 14:04:22.463600,8.547493
2024-04-29 14:04:22.479230,12.25342
2024-04-29 14:04:22.494850,14.98245
2024-04-29 14:04:22.510480,16.8634
2024-04-29 14:04:22.526100,18.06199
2024-04-29 14:04:22.541730,18.72688
2024-04-29 14:04:22.557350,18.96547
2024-04-29 14:04:22.572980,18.85054
2024-04-29 14:04:22.588610,18.48756
2024-04-29 14:04:22.604230,17.98722
2024-04-29 14:04:22.619860,17.48991
2024-04-29 14:04:22.635480,17.10887
2024-04-29 14:04:22.651110,16.89804
2024-04-29 14:04:22.666730,16.82366
2024-04-29 14:04:22.682360,16.78383
2024-04-29 14:04:22.697990,16.61232
2024-04-29 14:04:22.713610,16.10869
2024-04-29 14:04:22.729240,15.11755
2024-04-29 14:04:22.744860,13.56879
2024-04-29 14:04:22.760490,11.51424
2024-04-29 14:04:22.776110,9.085335
2024-04-29 14:04:22.791740,6.47031
2024-04-29 14:04:22.807370,3.82869
2024-04-29 14:04:22.822990,1.265633
2024-04-29 14:04:22.838620,-1.182144
2024-04-29 14:04:22.854240,-3.537609
2024-04-29 14:04:22.869870,-5.850281
2024-04-29 14:04:22.885500,-8.203621
2024-04-29 14:04:22.901120,-10.6941
2024-04-29 14:04:22.916750,-13.42712
2024-04-29 14:04:22.932370,-16.45555
2024-04-29 14:04:22.948000,-19.69661
2024-04-29 14:04:22.963620,-22.86497
2024-04-29 14:04:22.979250,-25.49128
2024-04-29 14:04:22.994880,-26.9985
2024-04-29 14:04:23.010500,-26.87248
2024-04-29 14:04:23.026130,-24.83777
2024-04-29 14:04:23.041750,-20.9832
2024-04-29 14:04:23.057380,-15.75631
2024-04-29 14:04:23.073000,-9.860483
2024-04-29 14:04:23.088630,-4.049133
2024-04-29 14:04:23.104260,1.058832
2024-04-29 14:04:23.119880,5.124491
2024-04-29 14:04:23.135510,8.088322
2024-04-29 14:04:23.151130,10.11465
2024-04-29 14:04:23.166760,11.4201
2024-04-29 14:04:23.182380,12.17745
2024-04-29 14:04:23.198010,12.48777
2024-04-29 14:04:23.213640,12.42307
2024-04-29 14:04:23.229260,12.10098
2024-04-29 14:04:23.244890,11.70838
2024-04-29 14:04:23.260510,11.45892
2024-04-29 14:04:23.276140,11.47919
2024-04-29 14:04:23.291760,11.74246
2024-04-29 14:04:23.307390,12.07365
2024-04-29 14:04:23.323020,12.24949
2024-04-29 14:04:23.338640,12.13028
2024-04-29 14:04:23.354270,11.70003
2024-04-29 14:04:23.369890,11.05393
2024-04-29 14:04:23.385520,10.29127
2024-04-29 14:04:23.401140,9.415415
2024-04-29 14:04:23.416770,8.319817
2024-04-29 14:04:23.432400,6.859552
2024-04-29 14:04:23.448020,4.948853
2024-04-29 14:04:23.463650,2.651434
2024-04-29 14:04:23.479270,0.1512222
2024-04-29 14:04:23.494900,-2.317518
2024-04-29 14:04:23.510520,-4.592283
2024-04-29 14:04:23.526150,-6.646357
2024-04-29 14:04:23.541780,-8.56716
2024-04-29 14:04:23.557400,-10.5217
2024-04-29 14:04:23.573030,-12.63269
2024-04-29 14:04:23.588650,-14.93931
2024-04-29 14:04:23.604280,-17.37409
2024-04-29 14:04:23.619900,-19.73531
2024-04-29 14:04:23.635530,-21.69556
2024-04-29 14:04:23.651160,-22.82921
2024-04-29 14:04:23.666780,-22.71713
2024-04-29 14:04:23.682410,-21.06922
2024-04-29 14:04:23.698030,-17.88285
2024-04-29 14:04:23.713660,-13.48798
2024-04-29 14:04:23.729280,-8.462177
2024-04-29 14:04:23.744910,-3.448652
2024-04-29 14:04:23.760540,1.085644
2024-04-29 14:04:23.776160,4.937094
2024-04-29 14:04:23.791790,8.14061
2024-04-29 14:04:23.807410,10.81787
2024-04-29 14:04:23.838660,14.65051
2024-04-29 14:04:23.854290,15.59503
2024-04-29 14:04:23.869920,15.79602
2024-04-29 14:04:23.885540,15.38349
2024-04-29 14:04:23.901170,14.66569
2024-04-29 14:04:23.916790,13.97752
2024-04-29 14:04:23.932420,13.5754
2024-04-29 14:04:23.948040,13.5353
2024-04-29 14:04:23.963670,13.76081
2024-04-29 14:04:23.979300,14.05776
2024-04-29 14:04:23.994920,14.22793
2024-04-29 14:04:24.010550,14.12574
2024-04-29 14:04:24.026170,13.678
2024-04-29 14:04:24.041800,12.90803
2024-04-29 14:04:24.057420,11.86382
2024-04-29 14:04:24.073050,10.64016
2024-04-29 14:04:24.088680,9.318557
2024-04-29 14:04:24.104300,7.944068
2024-04-29 14:04:24.119930,6.494675
2024-04-29 14:04:24.135550,4.910988
2024-04-29 14:04:24.151180,3.123132
2024-04-29 14:04:24.166800,1.092476
2024-04-29 14:04:24.182430,-1.133654
2024-04-29 14:04:24.198060,-3.444332
2024-04-29 14:04:24.213680,-5.713335
2024-04-29 14:04:24.229310,-7.839308
2024-04-29 14:04:24.244930,-9.812354
2024-04-29 14:04:24.260560,-11.6933
2024-04-29 14:04:24.276180,-13.59429
2024-04-29 14:04:24.291810,-15.61068
2024-04-29 14:04:24.307440,-17.79729
2024-04-29 14:04:24.323060,-20.13015
2024-04-29 14:04:24.338690,-22.5241
2024-04-29 14:04:24.354310,-24.82065
2024-04-29 14:04:24.369940,-26.77748
2024-04-29 14:04:24.385560,-28.06359
2024-04-29 14:04:24.401190,-28.28106
2024-04-29 14:04:24.416820,-27.07657
2024-04-29 14:04:24.432440,-24.28164
2024-04-29 14:04:24.448070,-20.04357
2024-04-29 14:04:24.463690,-14.81795
2024-04-29 14:04:24.479320,-9.232578
2024-04-29 14:04:24.494940,-3.891548
2024-04-29 14:04:24.510570,0.8338118
2024-04-29 14:04:24.526200,4.827218
2024-04-29 14:04:24.541820,8.159679
2024-04-29 14:04:24.557450,10.94053
2024-04-29 14:04:24.573070,13.19438
2024-04-29 14:04:24.588700,14.85973
2024-04-29 14:04:24.604320,15.85956
2024-04-29 14:04:24.619950,16.20494
2024-04-29 14:04:24.635580,16.07819
2024-04-29 14:04:24.651200,15.78704
2024-04-29 14:04:24.666830,15.63642
2024-04-29 14:04:24.682450,15.80384
2024-04-29 14:04:24.698080,16.27493
2024-04-29 14:04:24.713700,16.85919
2024-04-29 14:04:24.729330,17.31338
2024-04-29 14:04:24.744960,17.43548
2024-04-29 14:04:24.760580,17.17019
2024-04-29 14:04:24.776210,16.56649
2024-04-29 14:04:24.791830,15.71311
2024-04-29 14:04:24.807460,14.63864
2024-04-29 14:04:24.823080,13.30103
2024-04-29 14:04:24.838710,11.64017
2024-04-29 14:04:24.854340,9.66375
2024-04-29 14:04:24.869960,7.542396
2024-04-29 14:04:24.885590,5.553257
2024-04-29 14:04:24.901210,3.94667
2024-04-29 14:04:24.916840,2.805504
2024-04-29 14:04:24.932460,1.989643
2024-04-29 14:04:24.948090,1.183619
2024-04-29 14:04:24.963720,0.09584904
2024-04-29 14:04:24.979340,-1.424301
2024-04-29 14:04:24.994970,-3.31421
2024-04-29 14:04:25.010590,-5.373496
2024-04-29 14:04:25.026220,-7.383609
2024-04-29 14:04:25.041850,-9.255068
2024-04-29 14:04:25.057470,-11.02742
2024-04-29 14:04:25.073100,-12.81206
2024-04-29 14:04:25.088720,-14.71427
2024-04-29 14:04:25.104350,-16.7795
2024-04-29 14:04:25.119970,-18.96612
2024-04-29 14:04:25.135600,-21.21202
2024-04-29 14:04:25.151230,-23.41955
2024-04-29 14:04:25.166850,-25.44497
2024-04-29 14:04:25.182480,-27.01015
2024-04-29 14:04:25.198100,-27.69681
2024-04-29 14:04:25.213730,-27.04214
2024-04-29 14:04:25.229350,-24.70751
2024-04-29 14:04:25.244980,-20.69408
2024-04-29 14:04:25.260610,-15.38618
2024-04-29 14:04:25.276230,-9.474029
2024-04-29 14:04:25.291860,-3.704891
2024-04-29 14:04:25.307480,1.326446
2024-04-29 14:04:25.323110,5.341111
2024-04-29 14:04:25.338730,8.344613
2024-04-29 14:04:25.354360,10.46994
2024-04-29 14:04:25.369990,11.86417
2024-04-29 14:04:25.385610,12.62306
2024-04-29 14:04:25.401240,12.85664
2024-04-29 14:04:25.416860,12.73322
2024-04-29 14:04:25.432490,12.52606
2024-04-29 14:04:25.448110,12.51809
2024-04-29 14:04:25.463740,12.88737
2024-04-29 14:04:25.479370,13.61343
2024-04-29 14:04:25.494990,14.4828
2024-04-29 14:04:25.510620,15.20983
2024-04-29 14:04:25.526240,15.56189
2024-04-29 14:04:25.541870,15.46215
2024-04-29 14:04:25.557490,14.95127
2024-04-29 14:04:25.573120,14.1454
2024-04-29 14:04:25.588750,13.15622
2024-04-29 14:04:25.604370,12.03427
2024-04-29 14:04:25.620000,10.7937
2024-04-29 14:04:25.635620,9.425764
2024-04-29 14:04:25.651250,7.940453
2024-04-29 14:04:25.666870,6.362349
2024-04-29 14:04:25.682500,4.751699
2024-04-29 14:04:25.698130,3.178669
2024-04-29 14:04:25.713750,1.719374
2024-04-29 14:04:25.729380,0.4175301
2024-04-29 14:04:25.745000,-0.7428036
2024-04-29 14:04:25.760630,-1.848789
2024-04-29 14:04:25.776250,-3.039528
2024-04-29 14:04:25.791880,-4.428553
2024-04-29 14:04:25.807510,-6.023029
2024-04-29 14:04:25.823130,-7.699202
2024-04-29 14:04:25.838760,-9.255011
2024-04-29 14:04:25.854380,-10.5267
2024-04-29 14:04:25.870010,-11.48879
2024-04-29 14:04:25.885630,-12.30039
2024-04-29 14:04:25.901260,-13.22829
2024-04-29 14:04:25.916890,-14.547
2024-04-29 14:04:25.932510,-16.42684
2024-04-29 14:04:25.948140,-18.83304
2024-04-29 14:04:25.963760,-21.54458
2024-04-29 14:04:25.979390,-24.15938
2024-04-29 14:04:25.995010,-26.16698
2024-04-29 14:04:26.010640,-27.02722
2024-04-29 14:04:26.026270,-26.33579
2024-04-29 14:04:26.041890,-23.90849
2024-04-29 14:04:26.057520,-19.90283
2024-04-29 14:04:26.073140,-14.78641
2024-04-29 14:04:26.088770,-9.216309
2024-04-29 14:04:26.104390,-3.858698
2024-04-29 14:04:26.120020,0.7880573
2024-04-29 14:04:26.135650,4.476257
2024-04-29 14:04:26.151270,7.20088
2024-04-29 14:04:26.166900,9.083191
2024-04-29 14:04:26.182520,10.28696
2024-04-29 14:04:26.198150,10.95683
2024-04-29 14:04:26.213770,11.22981
2024-04-29 14:04:26.229400,11.23614
2024-04-29 14:04:26.245030,11.16818
2024-04-29 14:04:26.260650,11.23525
2024-04-29 14:04:26.276280,11.61021
2024-04-29 14:04:26.291900,12.34386
2024-04-29 14:04:26.307530,13.32232
2024-04-29 14:04:26.323150,14.33221
2024-04-29 14:04:26.338780,15.15256
2024-04-29 14:04:26.354410,15.6418
2024-04-29 14:04:26.370030,15.78378
2024-04-29 14:04:26.385660,15.62165
2024-04-29 14:04:26.401280,15.2275
2024-04-29 14:04:26.416910,14.62409
2024-04-29 14:04:26.432530,13.76579
2024-04-29 14:04:26.448160,12.6077
2024-04-29 14:04:26.463790,11.1292
2024-04-29 14:04:26.479410,9.387627
2024-04-29 14:04:26.495040,7.508316
2024-04-29 14:04:26.510660,5.646971
2024-04-29 14:04:26.526290,3.937456
2024-04-29 14:04:26.541910,2.478548
2024-04-29 14:04:26.557540,1.278296
2024-04-29 14:04:26.573170,0.2696419
2024-04-29 14:04:26.588790,-0.6898994
2024-04-29 14:04:26.604420,-1.765903
2024-04-29 14:04:26.620040,-3.058022
2024-04-29 14:04:26.635670,-4.557892
2024-04-29 14:04:26.651290,-6.132439
2024-04-29 14:04:26.666920,-7.620266
2024-04-29 14:04:26.682550,-8.920296
2024-04-29 14:04:26.698170,-10.09668
2024-04-29 14:04:26.713800,-11.31396
2024-04-29 14:04:26.729420,-12.76736
2024-04-29 14:04:26.745050,-14.57708
2024-04-29 14:04:26.760670,-16.72566
2024-04-29 14:04:26.776300,-19.11324
2024-04-29 14:04:26.791930,-21.57996
2024-04-29 14:04:26.807550,-23.92274
2024-04-29 14:04:26.823180,-25.84245
2024-04-29 14:04:26.838800,-26.95185
2024-04-29 14:04:26.854430,-26.78029
2024-04-29 14:04:26.870050,-24.94928
2024-04-29 14:04:26.885680,-21.36527
2024-04-29 14:04:26.901310,-16.30837
2024-04-29 14:04:26.916930,-10.41327
2024-04-29 14:04:26.932560,-4.463799
2024-04-29 14:04:26.948180,0.877037
2024-04-29 14:04:26.963810,5.229458
2024-04-29 14:04:26.979430,8.469151
2024-04-29 14:04:26.995060,10.66878
2024-04-29 14:04:27.010690,11.92172
2024-04-29 14:04:27.026310,12.31012
2024-04-29 14:04:27.041940,11.94913
2024-04-29 14:04:27.057560,11.07628
2024-04-29 14:04:27.073190,10.05867
2024-04-29 14:04:27.088810,9.320766
2024-04-29 14:04:27.104440,9.218727
2024-04-29 14:04:27.120070,9.879642
2024-04-29 14:04:27.135690,11.19676
2024-04-29 14:04:27.151320,12.86244
2024-04-29 14:04:27.166940,14.52084
2024-04-29 14:04:27.182570,15.86163
2024-04-29 14:04:27.198190,16.73321
2024-04-29 14:04:27.213820,17.09524
2024-04-29 14:04:27.229450,17.01274
2024-04-29 14:04:27.245070,16.53722
2024-04-29 14:04:27.260700,15.67128
2024-04-29 14:04:27.276320,14.38842
2024-04-29 14:04:27.291950,12.67019
2024-04-29 14:04:27.307570,10.57515
2024-04-29 14:04:27.323200,8.288776
2024-04-29 14:04:27.338830,6.072121
2024-04-29 14:04:27.354450,4.174828
2024-04-29 14:04:27.370080,2.713535
2024-04-29 14:04:27.385700,1.611507
2024-04-29 14:04:27.401330,0.6585236
2024-04-29 14:04:27.416950,-0.3879356
2024-04-29 14:04:27.432580,-1.708473
2024-04-29 14:04:27.448210,-3.335838
2024-04-29 14:04:27.463830,-5.178524
2024-04-29 14:04:27.479460,-7.074074
2024-04-29 14:04:27.495080,-8.863926
2024-04-29 14:04:27.510710,-10.43845
2024-04-29 14:04:27.526340,-11.76373
2024-04-29 14:04:27.541960,-12.90049
2024-04-29 14:04:27.557590,-13.97581
2024-04-29 14:04:27.573210,-15.19093
2024-04-29 14:04:27.588840,-16.7305
2024-04-29 14:04:27.604460,-18.66986
2024-04-29 14:04:27.620090,-20.8954
2024-04-29 14:04:27.635720,-23.09069
2024-04-29 14:04:27.651340,-24.77349
2024-04-29 14:04:27.666970,-25.41969
2024-04-29 14:04:27.682590,-24.64693
2024-04-29 14:04:27.698220,-22.26572
2024-04-29 14:04:27.713840,-18.38034
2024-04-29 14:04:27.729470,-13.33874
2024-04-29 14:04:27.745100,-7.648594
2024-04-29 14:04:27.760720,-1.890766
2024-04-29 14:04:27.776350,3.394188
2024-04-29 14:04:27.791970,7.793602
2024-04-29 14:04:27.807600,11.0318
2024-04-29 14:04:27.823220,12.99237
2024-04-29 14:04:27.838850,13.70909
2024-04-29 14:04:27.854480,13.3557
2024-04-29 14:04:27.870100,12.24404
2024-04-29 14:04:27.885730,10.81398
2024-04-29 14:04:27.901350,9.532051
2024-04-29 14:04:27.916980,8.806992
2024-04-29 14:04:27.932600,8.870693
2024-04-29 14:04:27.948230,9.696579
2024-04-29 14:04:27.963860,11.02388
2024-04-29 14:04:27.979480,12.48433
2024-04-29 14:04:27.995110,13.72298
2024-04-29 14:04:28.010730,14.52751
2024-04-29 14:04:28.026360,14.86219
2024-04-29 14:04:28.041980,14.79508
2024-04-29 14:04:28.057610,14.43784
2024-04-29 14:04:28.073240,13.84548
2024-04-29 14:04:28.088860,13.01587
2024-04-29 14:04:28.104490,11.92969
2024-04-29 14:04:28.120110,10.58906
2024-04-29 14:04:28.135740,9.039005
2024-04-29 14:04:28.151360,7.356094
2024-04-29 14:04:28.166990,5.612534
2024-04-29 14:04:28.182620,3.844398
2024-04-29 14:04:28.198240,2.065693
2024-04-29 14:04:28.213870,0.262516
2024-04-29 14:04:28.229490,-1.569229
2024-04-29 14:04:28.245120,-3.383316
2024-04-29 14:04:28.260740,-5.116512
2024-04-29 14:04:28.276370,-6.715771
2024-04-29 14:04:28.292000,-8.148716
2024-04-29 14:04:28.307620,-9.435295
2024-04-29 14:04:28.323250,-10.63383
2024-04-29 14:04:28.338870,-11.816
2024-04-29 14:04:28.354500,-13.05344
2024-04-29 14:04:28.370120,-14.41928
2024-04-29 14:04:28.385750,-15.97208
2024-04-29 14:04:28.401380,-17.75913
2024-04-29 14:04:28.417000,-19.79728
2024-04-29 14:04:28.432630,-21.96894
2024-04-29 14:04:28.448250,-23.98769
2024-04-29 14:04:28.463880,-25.41505
2024-04-29 14:04:28.479500,-25.72718
2024-04-29 14:04:28.495130,-24.50776
2024-04-29 14:04:28.510760,-21.61182
2024-04-29 14:04:28.526380,-17.22613
2024-04-29 14:04:28.542010,-11.84167
2024-04-29 14:04:28.557630,-6.086189
2024-04-29 14:04:28.573260,-0.5470695
2024-04-29 14:04:28.588880,4.328754
2024-04-29 14:04:28.604510,8.269943
2024-04-29 14:04:28.620140,11.16003
2024-04-29 14:04:28.635760,12.97247
2024-04-29 14:04:28.651390,13.77017
2024-04-29 14:04:28.667010,13.72042
2024-04-29 14:04:28.682640,13.0997
2024-04-29 14:04:28.698260,12.29243
2024-04-29 14:04:28.713890,11.69148
2024-04-29 14:04:28.729520,11.5543
2024-04-29 14:04:28.745140,11.92541
2024-04-29 14:04:28.760770,12.64339
2024-04-29 14:04:28.776390,13.41483
2024-04-29 14:04:28.792020,13.97013
2024-04-29 14:04:28.807640,14.14738
2024-04-29 14:04:28.823270,13.92254
2024-04-29 14:04:28.838900,13.36813
2024-04-29 14:04:28.854520,12.58531
2024-04-29 14:04:28.870150,11.6327
2024-04-29 14:04:28.885770,10.53707
2024-04-29 14:04:28.901400,9.319656
2024-04-29 14:04:28.917020,8.003017
2024-04-29 14:04:28.932650,6.60817
2024-04-29 14:04:28.948280,5.119495
2024-04-29 14:04:28.963900,3.490299
2024-04-29 14:04:28.979530,1.674679
2024-04-29 14:04:28.995150,-0.3199272
2024-04-29 14:04:29.010780,-2.411377
2024-04-29 14:04:29.026400,-4.448715
2024-04-29 14:04:29.042030,-6.312077
2024-04-29 14:04:29.057660,-7.956688
2024-04-29 14:04:29.073280,-9.437195
2024-04-29 14:04:29.088910,-10.84504
2024-04-29 14:04:29.104530,-12.2279
2024-04-29 14:04:29.120160,-13.56348
2024-04-29 14:04:29.135780,-14.82469
2024-04-29 14:04:29.151410,-16.0494
2024-04-29 14:04:29.167040,-17.36703
2024-04-29 14:04:29.182660,-18.92442
2024-04-29 14:04:29.198290,-20.73359
2024-04-29 14:04:29.213910,-22.519
2024-04-29 14:04:29.229540,-23.75048
2024-04-29 14:04:29.245160,-23.79542
2024-04-29 14:04:29.260790,-22.15786
2024-04-29 14:04:29.276420,-18.72057
2024-04-29 14:04:29.292040,-13.82153
2024-04-29 14:04:29.307670,-8.104286
2024-04-29 14:04:29.323290,-2.334312
2024-04-29 14:04:29.338920,2.845242
2024-04-29 14:04:29.354540,7.062622
2024-04-29 14:04:29.370170,10.17777
2024-04-29 14:04:29.385800,12.20298
2024-04-29 14:04:29.401420,13.24105
2024-04-29 14:04:29.417050,13.42347
2024-04-29 14:04:29.432670,12.91319
2024-04-29 14:04:29.448300,11.94974
2024-04-29 14:04:29.463920,10.82255
2024-04-29 14:04:29.479550,9.830597
2024-04-29 14:04:29.495180,9.218
2024-04-29 14:04:29.510800,9.10401
2024-04-29 14:04:29.526430,9.441872
2024-04-29 14:04:29.542050,10.07213
2024-04-29 14:04:29.557680,10.77403
2024-04-29 14:04:29.573300,11.33281
2024-04-29 14:04:29.588930,11.60705
2024-04-29 14:04:29.604560,11.53928
2024-04-29 14:04:29.620180,11.15365
2024-04-29 14:04:29.635810,10.48966
2024-04-29 14:04:29.651430,9.572357
2024-04-29 14:04:29.667060,8.37429
2024-04-29 14:04:29.682680,6.829752
2024-04-29 14:04:29.698310,4.907125
2024-04-29 14:04:29.713940,2.672426
2024-04-29 14:04:29.729560,0.2873039
2024-04-29 14:04:29.745190,-2.009272
2024-04-29 14:04:29.760810,-4.010862
2024-04-29 14:04:29.776440,-5.6105
2024-04-29 14:04:29.792060,-6.858763
2024-04-29 14:04:29.807690,-7.897499
2024-04-29 14:04:29.823320,-8.900507
2024-04-29 14:04:29.838940,-10.01811
2024-04-29 14:04:29.854570,-11.33871
2024-04-29 14:04:29.870190,-12.91615
2024-04-29 14:04:29.885820,-14.74963
2024-04-29 14:04:29.901450,-16.74323
2024-04-29 14:04:29.917070,-18.62664
2024-04-29 14:04:29.932700,-19.968
2024-04-29 14:04:29.948320,-20.22191
2024-04-29 14:04:29.963950,-18.93296
2024-04-29 14:04:29.979570,-15.92954
2024-04-29 14:04:29.995200,-11.42892
2024-04-29 14:04:30.010830,-6.003754
2024-04-29 14:04:30.026450,-0.4012566
2024-04-29 14:04:30.042080,4.674538
2024-04-29 14:04:30.057700,8.735706
2024-04-29 14:04:30.073330,11.57888
2024-04-29 14:04:30.088950,13.21146
2024-04-29 14:04:30.104580,13.75921
2024-04-29 14:04:30.120210,13.39461
2024-04-29 14:04:30.135830,12.30974
2024-04-29 14:04:30.151460,10.75574
2024-04-29 14:04:30.167080,9.074221
2024-04-29 14:04:30.182710,7.62509
2024-04-29 14:04:30.198330,6.747944
2024-04-29 14:04:30.213960,6.631025
2024-04-29 14:04:30.229590,7.23604
2024-04-29 14:04:30.245210,8.324162
2024-04-29 14:04:30.260840,9.52947
2024-04-29 14:04:30.276460,10.49667
2024-04-29 14:04:30.292090,10.98397
2024-04-29 14:04:30.307710,10.91216
2024-04-29 14:04:30.323340,10.34677
2024-04-29 14:04:30.338970,9.426247
2024-04-29 14:04:30.354590,8.286358
2024-04-29 14:04:30.370220,6.997793
2024-04-29 14:04:30.385840,5.574629
2024-04-29 14:04:30.401470,4.001875
2024-04-29 14:04:30.417090,2.279663
2024-04-29 14:04:30.432720,0.415966
2024-04-29 14:04:30.448350,-1.55546
2024-04-29 14:04:30.463970,-3.579584
2024-04-29 14:04:30.479600,-5.607183
2024-04-29 14:04:30.495220,-7.584664
2024-04-29 14:04:30.510850,-9.485105
2024-04-29 14:04:30.526470,-11.33162
2024-04-29 14:04:30.542100,-13.16264
2024-04-29 14:04:30.557730,-15.01651
2024-04-29 14:04:30.573350,-16.8202
2024-04-29 14:04:30.588980,-18.34738
2024-04-29 14:04:30.604600,-19.19566
2024-04-29 14:04:30.620230,-18.91107
2024-04-29 14:04:30.635850,-17.13555
2024-04-29 14:04:30.651480,-13.79795
2024-04-29 14:04:30.667110,-9.170135
2024-04-29 14:04:30.682730,-3.816359
2024-04-29 14:04:30.698360,1.585505
2024-04-29 14:04:30.713980,6.432362
2024-04-29 14:04:30.729610,10.32533
2024-04-29 14:04:30.745230,13.05654
2024-04-29 14:04:30.760860,14.58464
2024-04-29 14:04:30.776490,14.93571
2024-04-29 14:04:30.792110,14.2321
2024-04-29 14:04:30.807740,12.69629
2024-04-29 14:04:30.823360,10.67922
2024-04-29 14:04:30.838990,8.633661
2024-04-29 14:04:30.854610,7.017248
2024-04-29 14:04:30.870240,6.167922
2024-04-29 14:04:30.885870,6.153028
2024-04-29 14:04:30.901490,6.796123
2024-04-29 14:04:30.917120,7.743992
2024-04-29 14:04:30.932740,8.603573
2024-04-29 14:04:30.948370,9.081772
2024-04-29 14:04:30.963990,9.0377
2024-04-29 14:04:30.979620,8.443711
2024-04-29 14:04:30.995250,7.344533
2024-04-29 14:04:31.010870,5.791239
2024-04-29 14:04:31.026500,3.832278
2024-04-29 14:04:31.042120,1.565943
2024-04-29 14:04:31.057750,-0.8440332
2024-04-29 14:04:31.073370,-3.1895
2024-04-29 14:04:31.089000,-5.287633
2024-04-29 14:04:31.104630,-7.036194
2024-04-29 14:04:31.120250,-8.472944
2024-04-29 14:04:31.135880,-9.759644
2024-04-29 14:04:31.151500,-11.1161
2024-04-29 14:04:31.167130,-12.73508
2024-04-29 14:04:31.182750,-14.66949
2024-04-29 14:04:31.198380,-16.78347
2024-04-29 14:04:31.214010,-18.75019
2024-04-29 14:04:31.229630,-20.09525
2024-04-29 14:04:31.245260,-20.31578
2024-04-29 14:04:31.260880,-19.01519
2024-04-29 14:04:31.276510,-16.05594
2024-04-29 14:04:31.292130,-11.63654
2024-04-29 14:04:31.307760,-6.25604
2024-04-29 14:04:31.323390,-0.5930891
2024-04-29 14:04:31.339010,4.66107
2024-04-29 14:04:31.354640,8.951223
2024-04-29 14:04:31.370260,11.98342
2024-04-29 14:04:31.385890,13.68913
2024-04-29 14:04:31.401510,14.19887
2024-04-29 14:04:31.417140,13.75531
2024-04-29 14:04:31.432770,12.64744
2024-04-29 14:04:31.448390,11.17527
2024-04-29 14:04:31.464020,9.623775
2024-04-29 14:04:31.479640,8.237085
2024-04-29 14:04:31.495270,7.228762
2024-04-29 14:04:31.510890,6.755238
2024-04-29 14:04:31.526520,6.862836
2024-04-29 14:04:31.542150,7.473911
2024-04-29 14:04:31.557770,8.362024
2024-04-29 14:04:31.573400,9.213037
2024-04-29 14:04:31.589020,9.686487
2024-04-29 14:04:31.604650,9.52698
2024-04-29 14:04:31.620270,8.651183
2024-04-29 14:04:31.635900,7.164168
2024-04-29 14:04:31.651530,5.304995
2024-04-29 14:04:31.667150,3.341567
2024-04-29 14:04:31.682780,1.463072
2024-04-29 14:04:31.698400,-0.2704506
2024-04-29 14:04:31.714030,-1.889883
2024-04-29 14:04:31.729650,-3.447235
2024-04-29 14:04:31.745280,-4.965116
2024-04-29 14:04:31.760910,-6.411165
2024-04-29 14:04:31.776530,-7.770888
2024-04-29 14:04:31.792160,-9.096325
2024-04-29 14:04:31.807780,-10.50932
2024-04-29 14:04:31.823410,-12.13554
2024-04-29 14:04:31.839030,-13.93552
2024-04-29 14:04:31.854660,-15.63389
2024-04-29 14:04:31.870290,-16.69357
2024-04-29 14:04:31.885910,-16.51188
2024-04-29 14:04:31.901540,-14.66455
2024-04-29 14:04:31.917160,-11.1157
2024-04-29 14:04:31.932790,-6.273303
2024-04-29 14:04:31.948410,-0.861239
2024-04-29 14:04:31.964040,4.331757
2024-04-29 14:04:31.979670,8.679195
2024-04-29 14:04:31.995290,11.82146
2024-04-29 14:04:32.010920,13.70109
2024-04-29 14:04:32.026540,14.4376
2024-04-29 14:04:32.042170,14.2376
2024-04-29 14:04:32.057790,13.32853
2024-04-29 14:04:32.073420,11.97602
2024-04-29 14:04:32.089050,10.47534
2024-04-29 14:04:32.104670,9.128857
2024-04-29 14:04:32.120300,8.199723
2024-04-29 14:04:32.135920,7.801025
2024-04-29 14:04:32.151550,7.903345
2024-04-29 14:04:32.167180,8.332625
2024-04-29 14:04:32.182800,8.849965
2024-04-29 14:04:32.198430,9.207346
2024-04-29 14:04:32.214050,9.236406
2024-04-29 14:04:32.229680,8.872518
2024-04-29 14:04:32.245300,8.102571
2024-04-29 14:04:32.260930,6.986648
2024-04-29 14:04:32.276560,5.575058
2024-04-29 14:04:32.292180,3.926068
2024-04-29 14:04:32.307810,2.124959
2024-04-29 14:04:32.323430,0.2775044
2024-04-29 14:04:32.339060,-1.492262
2024-04-29 14:04:32.354680,-3.095455
2024-04-29 14:04:32.370310,-4.493809
2024-04-29 14:04:32.385940,-5.75482
2024-04-29 14:04:32.401560,-7.001089
2024-04-29 14:04:32.417190,-8.3813
2024-04-29 14:04:32.432810,-10.00838
2024-04-29 14:04:32.448440,-11.86867
2024-04-29 14:04:32.464060,-13.80019
2024-04-29 14:04:32.479690,-15.5095
2024-04-29 14:04:32.495320,-16.62148
2024-04-29 14:04:32.510940,-16.76321
2024-04-29 14:04:32.526570,-15.63653
2024-04-29 14:04:32.542190,-13.11661
2024-04-29 14:04:32.557820,-9.325566
2024-04-29 14:04:32.573440,-4.646785
2024-04-29 14:04:32.589070,0.3064566
2024-04-29 14:04:32.604700,4.829656
2024-04-29 14:04:32.620320,8.335968
2024-04-29 14:04:32.635950,10.48625
2024-04-29 14:04:32.651570,11.29378
2024-04-29 14:04:32.667200,11.05767
2024-04-29 14:04:32.682820,10.21797
2024-04-29 14:04:32.698450,9.170621
2024-04-29 14:04:32.714080,8.162755
2024-04-29 14:04:32.729700,7.292915
2024-04-29 14:04:32.745330,6.571699
2024-04-29 14:04:32.760950,6.020012
2024-04-29 14:04:32.776580,5.67335
2024-04-29 14:04:32.792200,5.548339
2024-04-29 14:04:32.807830,5.642092
2024-04-29 14:04:32.823460,5.879177
2024-04-29 14:04:32.839080,6.148969
2024-04-29 14:04:32.854710,6.333445
2024-04-29 14:04:32.870330,6.31875
2024-04-29 14:04:32.885960,6.006094
2024-04-29 14:04:32.901580,5.320723
2024-04-29 14:04:32.917210,4.230396
2024-04-29 14:04:32.932840,2.753996
2024-04-29 14:04:32.948460,1.006136
2024-04-29 14:04:32.964090,-0.8188515
2024-04-29 14:04:32.979710,-2.55143
2024-04-29 14:04:32.995340,-4.085693
2024-04-29 14:04:33.010960,-5.428337
2024-04-29 14:04:33.026590,-6.65362
2024-04-29 14:04:33.042220,-7.857679
2024-04-29 14:04:33.057840,-9.133457
2024-04-29 14:04:33.073470,-10.55331
2024-04-29 14:04:33.089090,-12.16608
2024-04-29 14:04:33.104720,-13.90396
2024-04-29 14:04:33.120340,-15.55733
2024-04-29 14:04:33.135970,-16.74019
2024-04-29 14:04:33.151600,-16.96681
2024-04-29 14:04:33.167220,-15.82841
2024-04-29 14:04:33.182850,-13.16451
2024-04-29 14:04:33.198470,-9.180717
2024-04-29 14:04:33.214100,-4.421465
2024-04-29 14:04:33.229720,0.391922
2024-04-29 14:04:33.245350,4.593002
2024-04-29 14:04:33.260980,7.737082
2024-04-29 14:04:33.276600,9.69113
2024-04-29 14:04:33.292230,10.57173
2024-04-29 14:04:33.307850,10.63737
2024-04-29 14:04:33.323480,10.15633
2024-04-29 14:04:33.339100,9.369886
2024-04-29 14:04:33.354730,8.447273
2024-04-29 14:04:33.370360,7.532034
2024-04-29 14:04:33.385980,6.75605
2024-04-29 14:04:33.401610,6.241795
2024-04-29 14:04:33.417230,6.090763
2024-04-29 14:04:33.432860,6.313946
2024-04-29 14:04:33.448480,6.797497
2024-04-29 14:04:33.464110,7.315599
2024-04-29 14:04:33.479740,7.595438
2024-04-29 14:04:33.495360,7.4293
2024-04-29 14:04:33.510990,6.724092
2024-04-29 14:04:33.526610,5.525381
2024-04-29 14:04:33.542240,3.972843
2024-04-29 14:04:33.557860,2.235193
2024-04-29 14:04:33.573490,0.4450569
2024-04-29 14:04:33.589120,-1.328402
2024-04-29 14:04:33.604740,-3.042356
2024-04-29 14:04:33.620370,-4.661755
2024-04-29 14:04:33.635990,-6.169659
2024-04-29 14:04:33.651620,-7.582092
2024-04-29 14:04:33.667240,-8.96615
2024-04-29 14:04:33.682870,-10.4432
2024-04-29 14:04:33.698500,-12.13572
2024-04-29 14:04:33.714120,-14.11344
2024-04-29 14:04:33.729750,-16.30417
2024-04-29 14:04:33.745370,-18.44627
2024-04-29 14:04:33.761000,-20.11988
2024-04-29 14:04:33.776620,-20.84149
2024-04-29 14:04:33.792250,-20.20584
2024-04-29 14:04:33.807880,-18.00639
2024-04-29 14:04:33.823500,-14.33779
2024-04-29 14:04:33.839130,-9.59152
2024-04-29 14:04:33.854750,-4.378267
2024-04-29 14:04:33.870380,0.6168385
2024-04-29 14:04:33.886000,4.825777
2024-04-29 14:04:33.901630,7.903177
2024-04-29 14:04:33.917260,9.756491
2024-04-29 14:04:33.932880,10.51079
2024-04-29 14:04:33.948510,10.41919
2024-04-29 14:04:33.964130,9.731346
2024-04-29 14:04:33.979760,8.666973
2024-04-29 14:04:33.995380,7.405828
2024-04-29 14:04:34.011010,6.128498
2024-04-29 14:04:34.026640,5.027924
2024-04-29 14:04:34.042260,4.299896
2024-04-29 14:04:34.057890,4.05024
2024-04-29 14:04:34.073510,4.276932
2024-04-29 14:04:34.089140,4.813797
2024-04-29 14:04:34.104760,5.403936
2024-04-29 14:04:34.120390,5.776161
2024-04-29 14:04:34.136020,5.725859
2024-04-29 14:04:34.151640,5.137426
2024-04-29 14:04:34.167270,3.999228
2024-04-29 14:04:34.182890,2.341593
2024-04-29 14:04:34.198520,0.2483768
2024-04-29 14:04:34.214140,-2.1502
2024-04-29 14:04:34.229770,-4.683527
2024-04-29 14:04:34.245400,-7.142874
2024-04-29 14:04:34.261020,-9.341984
2024-04-29 14:04:34.276650,-11.20576
2024-04-29 14:04:34.292270,-12.78454
2024-04-29 14:04:34.307900,-14.25645
2024-04-29 14:04:34.323520,-15.8307
2024-04-29 14:04:34.339150,-17.65566
2024-04-29 14:04:34.354780,-19.71636
2024-04-29 14:04:34.370400,-21.83148
2024-04-29 14:04:34.386030,-23.64768
2024-04-29 14:04:34.401650,-24.69823
2024-04-29 14:04:34.417280,-24.5447
2024-04-29 14:04:34.432900,-22.87033
2024-04-29 14:04:34.448530,-19.61163
2024-04-29 14:04:34.464160,-15.01683
2024-04-29 14:04:34.479780,-9.610973
2024-04-29 14:04:34.495410,-4.045717
2024-04-29 14:04:34.511030,1.040453
2024-04-29 14:04:34.526660,5.197063
2024-04-29 14:04:34.542280,8.277423
2024-04-29 14:04:34.557910,10.34006
2024-04-29 14:04:34.573540,11.591
2024-04-29 14:04:34.589160,12.23463
2024-04-29 14:04:34.604790,12.42854
2024-04-29 14:04:34.620410,12.3116
2024-04-29 14:04:34.636040,12.03039
2024-04-29 14:04:34.651660,11.71812
2024-04-29 14:04:34.667290,11.48697
2024-04-29 14:04:34.682920,11.39752
2024-04-29 14:04:34.698540,11.41129
2024-04-29 14:04:34.714170,11.45096
2024-04-29 14:04:34.729790,11.41469
2024-04-29 14:04:34.745420,11.24872
2024-04-29 14:04:34.761050,10.93896
2024-04-29 14:04:34.776670,10.4724
2024-04-29 14:04:34.792300,9.805138
2024-04-29 14:04:34.807920,8.841489
2024-04-29 14:04:34.823550,7.490742
2024-04-29 14:04:34.839170,5.68306
2024-04-29 14:04:34.854800,3.44425
2024-04-29 14:04:34.870430,0.9131598
2024-04-29 14:04:34.886050,-1.722414
2024-04-29 14:04:34.901680,-4.272465
2024-04-29 14:04:34.917300,-6.611949
2024-04-29 14:04:34.932930,-8.714779
2024-04-29 14:04:34.948550,-10.65348
2024-04-29 14:04:34.964180,-12.57249
2024-04-29 14:04:34.979810,-14.66312
2024-04-29 14:04:34.995430,-17.06115
2024-04-29 14:04:35.011060,-19.76752
2024-04-29 14:04:35.026680,-22.59918
2024-04-29 14:04:35.042310,-25.15451
2024-04-29 14:04:35.057930,-26.86844
2024-04-29 14:04:35.073560,-27.16434
2024-04-29 14:04:35.089190,-25.62636
2024-04-29 14:04:35.104810,-22.17583
2024-04-29 14:04:35.120440,-17.1307
2024-04-29 14:04:35.136060,-11.12647
2024-04-29 14:04:35.151690,-4.928978
2024-04-29 14:04:35.167310,0.7913456
2024-04-29 14:04:35.182940,5.617699
2024-04-29 14:04:35.198570,9.41523
2024-04-29 14:04:35.214190,12.23207
2024-04-29 14:04:35.229820,14.17858
2024-04-29 14:04:35.245440,15.34459
2024-04-29 14:04:35.261070,15.80477
2024-04-29 14:04:35.276690,15.70253
2024-04-29 14:04:35.292320,15.29874
2024-04-29 14:04:35.307950,14.95267
2024-04-29 14:04:35.323570,15.00448
2024-04-29 14:04:35.339200,15.64299
2024-04-29 14:04:35.354820,16.7817
2024-04-29 14:04:35.370450,18.11295
2024-04-29 14:04:35.386070,19.21126
2024-04-29 14:04:35.401700,19.7127
2024-04-29 14:04:35.417330,19.461
2024-04-29 14:04:35.432950,18.52055
2024-04-29 14:04:35.448580,17.11584
2024-04-29 14:04:35.464200,15.50396
2024-04-29 14:04:35.479830,13.8636
2024-04-29 14:04:35.495450,12.22389
2024-04-29 14:04:35.511080,10.50837
2024-04-29 14:04:35.526710,8.594002
2024-04-29 14:04:35.542330,6.390072
2024-04-29 14:04:35.557960,3.94294
2024-04-29 14:04:35.573580,1.378471
2024-04-29 14:04:35.589210,-1.11742
2024-04-29 14:04:35.604830,-3.398834
2024-04-29 14:04:35.620460,-5.421535
2024-04-29 14:04:35.636090,-7.25449
2024-04-29 14:04:35.651710,-9.042686
2024-04-29 14:04:35.667340,-10.93168
2024-04-29 14:04:35.682960,-13.03829
2024-04-29 14:04:35.698590,-15.40477
2024-04-29 14:04:35.714210,-18.00305
2024-04-29 14:04:35.729840,-20.70055
2024-04-29 14:04:35.745470,-23.24894
2024-04-29 14:04:35.761090,-25.2404
2024-04-29 14:04:35.776720,-26.16803
2024-04-29 14:04:35.792340,-25.54322
2024-04-29 14:04:35.807970,-23.05051
2024-04-29 14:04:35.823590,-18.72333
2024-04-29 14:04:35.839220,-12.99427
2024-04-29 14:04:35.854850,-6.588451
2024-04-29 14:04:35.870470,-0.2956848
2024-04-29 14:04:35.886100,5.243988
2024-04-29 14:04:35.901720,9.704445
2024-04-29 14:04:35.917350,13.04691
2024-04-29 14:04:35.932970,15.42098
2024-04-29 14:04:35.948600,17.02198
2024-04-29 14:04:35.964230,18.00151
2024-04-29 14:04:35.979850,18.4683
2024-04-29 14:04:35.995480,18.55018
2024-04-29 14:04:36.011100,18.44115
2024-04-29 14:04:36.026730,18.36511
2024-04-29 14:04:36.042350,18.52552
2024-04-29 14:04:36.057980,19.00934
2024-04-29 14:04:36.073610,19.73928
2024-04-29 14:04:36.089230,20.49782
2024-04-29 14:04:36.104860,21.01868
2024-04-29 14:04:36.120480,21.07919
2024-04-29 14:04:36.136110,20.5961
2024-04-29 14:04:36.151730,19.6334
2024-04-29 14:04:36.167360,18.35271
2024-04-29 14:04:36.182990,16.95095
2024-04-29 14:04:36.198610,15.56052
2024-04-29 14:04:36.214240,14.23046
2024-04-29 14:04:36.229860,12.90956
2024-04-29 14:04:36.245490,11.50837
2024-04-29 14:04:36.261110,9.940151
2024-04-29 14:04:36.276740,8.187611
2024-04-29 14:04:36.292370,6.292515
2024-04-29 14:04:36.307990,4.342567
2024-04-29 14:04:36.323620,2.448517
2024-04-29 14:04:36.339240,0.6859283
2024-04-29 14:04:36.354870,-0.9249916
2024-04-29 14:04:36.370490,-2.385742
2024-04-29 14:04:36.386120,-3.723362
2024-04-29 14:04:36.401750,-4.939808
2024-04-29 14:04:36.417370,-6.038277
2024-04-29 14:04:36.433000,-7.05632
2024-04-29 14:04:36.448620,-8.121719
2024-04-29 14:04:36.464250,-9.426342
2024-04-29 14:04:36.479870,-11.19035
2024-04-29 14:04:36.495500,-13.53049
2024-04-29 14:04:36.511130,-16.30872
2024-04-29 14:04:36.526750,-19.10354
2024-04-29 14:04:36.542380,-21.2411
2024-04-29 14:04:36.558000,-22.01388
2024-04-29 14:04:36.573630,-20.90549
2024-04-29 14:04:36.589250,-17.8224
2024-04-29 14:04:36.604880,-13.13268
2024-04-29 14:04:36.620510,-7.565742
2024-04-29 14:04:36.636130,-1.956722
2024-04-29 14:04:36.651760,3.01265
2024-04-29 14:04:36.667380,6.962788
2024-04-29 14:04:36.683010,9.8591
2024-04-29 14:04:36.698630,11.86435
2024-04-29 14:04:36.714260,13.1945
2024-04-29 14:04:36.729890,14.0117
2024-04-29 14:04:36.745510,14.3968
2024-04-29 14:04:36.761140,14.39062
2024-04-29 14:04:36.776760,14.11139
2024-04-29 14:04:36.792390,13.76135
2024-04-29 14:04:36.808010,13.57977
2024-04-29 14:04:36.823640,13.75636
2024-04-29 14:04:36.839270,14.32169
2024-04-29 14:04:36.854890,15.15261
2024-04-29 14:04:36.870520,16.00798
2024-04-29 14:04:36.886140,16.6387
2024-04-29 14:04:36.901770,16.87815
2024-04-29 14:04:36.917390,16.67584
2024-04-29 14:04:36.933020,16.09836
2024-04-29 14:04:36.948650,15.24329
2024-04-29 14:04:36.964270,14.17855
2024-04-29 14:04:36.979900,12.91546
2024-04-29 14:04:36.995520,11.42409
2024-04-29 14:04:37.011150,9.691858
2024-04-29 14:04:37.026780,7.788008
2024-04-29 14:04:37.042400,5.856356
2024-04-29 14:04:37.058030,4.073242
2024-04-29 14:04:37.073650,2.58382
2024-04-29 14:04:37.089280,1.423426
2024-04-29 14:04:37.104900,0.5040283
2024-04-29 14:04:37.120530,-0.3600502
2024-04-29 14:04:37.136160,-1.367989
2024-04-29 14:04:37.151780,-2.659969
2024-04-29 14:04:37.167410,-4.270771
2024-04-29 14:04:37.183030,-6.104977
2024-04-29 14:04:37.198660,-7.996651
2024-04-29 14:04:37.214280,-9.779786
2024-04-29 14:04:37.229910,-11.35549
2024-04-29 14:04:37.245540,-12.74212
2024-04-29 14:04:37.261160,-14.06975
2024-04-29 14:04:37.276790,-15.51589
2024-04-29 14:04:37.292410,-17.23353
2024-04-29 14:04:37.308040,-19.28022
2024-04-29 14:04:37.323660,-21.52197
2024-04-29 14:04:37.339290,-23.64828
2024-04-29 14:04:37.354920,-25.17475
2024-04-29 14:04:37.370540,-25.59147
2024-04-29 14:04:37.386170,-24.49509
2024-04-29 14:04:37.401790,-21.72469
2024-04-29 14:04:37.417420,-17.45441
2024-04-29 14:04:37.433040,-12.15637
2024-04-29 14:04:37.448670,-6.485434
2024-04-29 14:04:37.464300,-1.113446
2024-04-29 14:04:37.479920,3.433398
2024-04-29 14:04:37.495550,6.847303
2024-04-29 14:04:37.511170,9.027056
2024-04-29 14:04:37.526800,10.02902
2024-04-29 14:04:37.542420,10.05409
2024-04-29 14:04:37.558050,9.373645
2024-04-29 14:04:37.573680,8.341017
2024-04-29 14:04:37.589300,7.373724
2024-04-29 14:04:37.604930,6.835355
2024-04-29 14:04:37.620550,6.938386
2024-04-29 14:04:37.636180,7.656211
2024-04-29 14:04:37.651800,8.750166
2024-04-29 14:04:37.667430,9.898245
2024-04-29 14:04:37.683060,10.84918
2024-04-29 14:04:37.698680,11.50661
2024-04-29 14:04:37.714310,11.92331
2024-04-29 14:04:37.729930,12.22906
2024-04-29 14:04:37.745560,12.48901
2024-04-29 14:04:37.761180,12.66152
2024-04-29 14:04:37.776810,12.60375
2024-04-29 14:04:37.792440,12.16152
2024-04-29 14:04:37.808060,11.26604
2024-04-29 14:04:37.823690,9.966488
2024-04-29 14:04:37.839310,8.39489
2024-04-29 14:04:37.854940,6.715536
2024-04-29 14:04:37.870560,5.079102
2024-04-29 14:04:37.886190,3.576452
2024-04-29 14:04:37.901820,2.224434
2024-04-29 14:04:37.917440,0.9756012
2024-04-29 14:04:37.933070,-0.278677
2024-04-29 14:04:37.948690,-1.648752
2024-04-29 14:04:37.964320,-3.201057
2024-04-29 14:04:37.979940,-4.918806
2024-04-29 14:04:37.995570,-6.700191
2024-04-29 14:04:38.011200,-8.382048
2024-04-29 14:04:38.026820,-9.863998
2024-04-29 14:04:38.042450,-11.10878
2024-04-29 14:04:38.058070,-12.16544
2024-04-29 14:04:38.073700,-13.17331
2024-04-29 14:04:38.089320,-14.28693
2024-04-29 14:04:38.104950,-15.62772
2024-04-29 14:04:38.120580,-17.26607
2024-04-29 14:04:38.136200,-19.18444
2024-04-29 14:04:38.151830,-21.22293
2024-04-29 14:04:38.167450,-23.07896
2024-04-29 14:04:38.183080,-24.29242
2024-04-29 14:04:38.198700,-24.3465
2024-04-29 14:04:38.214330,-22.85535
2024-04-29 14:04:38.229960,-19.71458
2024-04-29 14:04:38.245580,-15.21238
2024-04-29 14:04:38.261210,-9.969189
2024-04-29 14:04:38.276830,-4.739483
2024-04-29 14:04:38.292460,-0.1568718
2024-04-29 14:04:38.308080,3.427917
2024-04-29 14:04:38.323710,5.985119
2024-04-29 14:04:38.339340,7.688705
2024-04-29 14:04:38.354960,8.723591
2024-04-29 14:04:38.370590,9.195679
2024-04-29 14:04:38.386210,9.14537
2024-04-29 14:04:38.401840,8.644836
2024-04-29 14:04:38.417460,7.901615
2024-04-29 14:04:38.433090,7.255234
2024-04-29 14:04:38.448720,7.047535
2024-04-29 14:04:38.464340,7.458115
2024-04-29 14:04:38.479970,8.416645
2024-04-29 14:04:38.495590,9.614891
2024-04-29 14:04:38.511220,10.66948
2024-04-29 14:04:38.526840,11.28889
2024-04-29 14:04:38.542470,11.37869
2024-04-29 14:04:38.558100,11.05326
2024-04-29 14:04:38.573720,10.52493
2024-04-29 14:04:38.589350,9.961933
2024-04-29 14:04:38.604970,9.416508
2024-04-29 14:04:38.620600,8.827667
2024-04-29 14:04:38.636220,8.086346
2024-04-29 14:04:38.651850,7.118027
2024-04-29 14:04:38.667480,5.933067
2024-04-29 14:04:38.683100,4.599747
2024-04-29 14:04:38.698730,3.224472
2024-04-29 14:04:38.714350,1.913036
2024-04-29 14:04:38.729980,0.7397118
2024-04-29 14:04:38.745600,-0.2636681
2024-04-29 14:04:38.761230,-1.11726
2024-04-29 14:04:38.776860,-1.892681
2024-04-29 14:04:38.792480,-2.690083
2024-04-29 14:04:38.808110,-3.633556
2024-04-29 14:04:38.823730,-4.822971
2024-04-29 14:04:38.839360,-6.317429
2024-04-29 14:04:38.854980,-8.121056
2024-04-29 14:04:38.870610,-10.19143
2024-04-29 14:04:38.886240,-12.4535
2024-04-29 14:04:38.901860,-14.81445
2024-04-29 14:04:38.917490,-17.21017
2024-04-29 14:04:38.933110,-19.58673
2024-04-29 14:04:38.948740,-21.9215
2024-04-29 14:04:38.964360,-24.23341
2024-04-29 14:04:38.979990,-26.51017
2024-04-29 14:04:38.995620,-28.67508
2024-04-29 14:04:39.011240,-30.50153
2024-04-29 14:04:39.026870,-31.59158
2024-04-29 14:04:39.042490,-31.44805
2024-04-29 14:04:39.058120,-29.66805
2024-04-29 14:04:39.073740,-26.10742
2024-04-29 14:04:39.089370,-20.99017
2024-04-29 14:04:39.105000,-14.90609
2024-04-29 14:04:39.120620,-8.617153
2024-04-29 14:04:39.136250,-2.856785
2024-04-29 14:04:39.151870,1.867535
2024-04-29 14:04:39.167500,5.342983
2024-04-29 14:04:39.183130,7.611248
2024-04-29 14:04:39.198750,8.855232
2024-04-29 14:04:39.214380,9.310184
2024-04-29 14:04:39.230000,9.204296
2024-04-29 14:04:39.245630,8.761253
2024-04-29 14:04:39.261250,8.223148
2024-04-29 14:04:39.276880,7.81102
2024-04-29 14:04:39.292510,7.71769
2024-04-29 14:04:39.308130,8.046329
2024-04-29 14:04:39.323760,8.798828
2024-04-29 14:04:39.339380,9.863255
2024-04-29 14:04:39.355010,11.04977
2024-04-29 14:04:39.370630,12.14817
2024-04-29 14:04:39.386260,12.96955
2024-04-29 14:04:39.401890,13.43556
2024-04-29 14:04:39.417510,13.53349
2024-04-29 14:04:39.433140,13.34046
2024-04-29 14:04:39.448760,12.91847
2024-04-29 14:04:39.464390,12.25904
2024-04-29 14:04:39.480010,11.29338
2024-04-29 14:04:39.495640,9.938858
2024-04-29 14:04:39.511270,8.195732
2024-04-29 14:04:39.526890,6.199482
2024-04-29 14:04:39.542520,4.219585
2024-04-29 14:04:39.558140,2.535839
2024-04-29 14:04:39.573770,1.300175
2024-04-29 14:04:39.589390,0.4613647
2024-04-29 14:04:39.605020,-0.2407608
2024-04-29 14:04:39.620650,-1.139221
2024-04-29 14:04:39.636270,-2.490173
2024-04-29 14:04:39.651900,-4.3489
2024-04-29 14:04:39.667520,-6.552715
2024-04-29 14:04:39.683150,-8.800194
2024-04-29 14:04:39.698770,-10.81902
2024-04-29 14:04:39.714400,-12.4574
2024-04-29 14:04:39.730030,-13.77948
2024-04-29 14:04:39.745650,-15.00398
2024-04-29 14:04:39.761280,-16.41848
2024-04-29 14:04:39.776900,-18.26269
2024-04-29 14:04:39.792530,-20.61252
2024-04-29 14:04:39.808150,-23.31464
2024-04-29 14:04:39.823780,-25.99959
2024-04-29 14:04:39.839410,-28.13226
2024-04-29 14:04:39.855030,-29.14525
2024-04-29 14:04:39.870660,-28.5526
2024-04-29 14:04:39.886280,-26.12776
2024-04-29 14:04:39.901910,-21.94554
2024-04-29 14:04:39.917530,-16.43887
2024-04-29 14:04:39.933160,-10.25953
2024-04-29 14:04:39.948790,-4.110538
2024-04-29 14:04:39.964410,1.414509
2024-04-29 14:04:39.980040,5.959373
2024-04-29 14:04:39.995660,9.393143
2024-04-29 14:04:40.011290,11.73496
2024-04-29 14:04:40.026910,13.05745
2024-04-29 14:04:40.042540,13.47814
2024-04-29 14:04:40.058170,13.16314
2024-04-29 14:04:40.073790,12.35645
2024-04-29 14:04:40.089420,11.38438
2024-04-29 14:04:40.105040,10.57915
2024-04-29 14:04:40.120670,10.20055
2024-04-29 14:04:40.136290,10.35891
2024-04-29 14:04:40.151920,10.98396
2024-04-29 14:04:40.167550,11.89487
2024-04-29 14:04:40.183170,12.85246
2024-04-29 14:04:40.198800,13.63602
2024-04-29 14:04:40.214420,14.1022
2024-04-29 14:04:40.230050,14.17708
2024-04-29 14:04:40.245670,13.85713
2024-04-29 14:04:40.261300,13.19348
2024-04-29 14:04:40.276930,12.25515
2024-04-29 14:04:40.292550,11.07748
2024-04-29 14:04:40.308180,9.701008
2024-04-29 14:04:40.323800,8.158905
2024-04-29 14:04:40.339430,6.502316
2024-04-29 14:04:40.355050,4.795856
2024-04-29 14:04:40.370680,3.127562
2024-04-29 14:04:40.386310,1.5249
2024-04-29 14:04:40.401930,-0.0472908
2024-04-29 14:04:40.417560,-1.658792
2024-04-29 14:04:40.433180,-3.380417
2024-04-29 14:04:40.448810,-5.207741
2024-04-29 14:04:40.464430,-7.050739
2024-04-29 14:04:40.480060,-8.793713
2024-04-29 14:04:40.495690,-10.36562
2024-04-29 14:04:40.511310,-11.76854
2024-04-29 14:04:40.526940,-13.10808
2024-04-29 14:04:40.542560,-14.54517
2024-04-29 14:04:40.558190,-16.21589
2024-04-29 14:04:40.573810,-18.20898
2024-04-29 14:04:40.589440,-20.48157
2024-04-29 14:04:40.605070,-22.81882
2024-04-29 14:04:40.620690,-24.80886
2024-04-29 14:04:40.636320,-25.87683
2024-04-29 14:04:40.651940,-25.43989
2024-04-29 14:04:40.667570,-23.08013
2024-04-29 14:04:40.683190,-18.79142
2024-04-29 14:04:40.698820,-13.00059
2024-04-29 14:04:40.714450,-6.491941
2024-04-29 14:04:40.730070,-0.1454754
2024-04-29 14:04:40.745700,5.359976
2024-04-29 14:04:40.761320,9.660817
2024-04-29 14:04:40.776950,12.72049
2024-04-29 14:04:40.792570,14.6483
2024-04-29 14:04:40.808200,15.56928
2024-04-29 14:04:40.823830,15.58708
2024-04-29 14:04:40.839450,14.85613
2024-04-29 14:04:40.855080,13.6611
2024-04-29 14:04:40.870700,12.43221
2024-04-29 14:04:40.886330,11.63305
2024-04-29 14:04:40.901950,11.55689
2024-04-29 14:04:40.917580,12.22797
2024-04-29 14:04:40.933210,13.38843
2024-04-29 14:04:40.948830,14.64437
2024-04-29 14:04:40.964460,15.64697
2024-04-29 14:04:40.980080,16.23106
2024-04-29 14:04:40.995710,16.385
2024-04-29 14:04:41.011330,16.22401
2024-04-29 14:04:41.026960,15.83978
2024-04-29 14:04:41.042590,15.21133
2024-04-29 14:04:41.058210,14.25084
2024-04-29 14:04:41.073840,12.86354
2024-04-29 14:04:41.089460,11.04423
2024-04-29 14:04:41.105090,8.892994
2024-04-29 14:04:41.120710,6.591467
2024-04-29 14:04:41.136340,4.296249
2024-04-29 14:04:41.151970,2.079267
2024-04-29 14:04:41.167590,-0.06349564
2024-04-29 14:04:41.183220,-2.196616
2024-04-29 14:04:41.198840,-4.320993
2024-04-29 14:04:41.214470,-6.374901
2024-04-29 14:04:41.230090,-8.229054
2024-04-29 14:04:41.245720,-9.785788
2024-04-29 14:04:41.261350,-11.05275
2024-04-29 14:04:41.276970,-12.16586
2024-04-29 14:04:41.292600,-13.36037
2024-04-29 14:04:41.308220,-14.84759
2024-04-29 14:04:41.323850,-16.73458
2024-04-29 14:04:41.339470,-18.93139
2024-04-29 14:04:41.355100,-21.14642
2024-04-29 14:04:41.370730,-22.89665
2024-04-29 14:04:41.386350,-23.6076
2024-04-29 14:04:41.401980,-22.7638
2024-04-29 14:04:41.417600,-20.0653
2024-04-29 14:04:41.433230,-15.57646
2024-04-29 14:04:41.448850,-9.745174
2024-04-29 14:04:41.464480,-3.300201
2024-04-29 14:04:41.480110,2.981573
2024-04-29 14:04:41.495730,8.457714
2024-04-29 14:04:41.511360,12.75725
2024-04-29 14:04:41.526980,15.76391
2024-04-29 14:04:41.542610,17.50695
2024-04-29 14:04:41.558230,18.08025
2024-04-29 14:04:41.573860,17.60879
2024-04-29 14:04:41.589490,16.31784
2024-04-29 14:04:41.605110,14.55426
2024-04-29 14:04:41.620740,12.78777
2024-04-29 14:04:41.636360,11.47692
2024-04-29 14:04:41.651990,10.91144
2024-04-29 14:04:41.667610,11.13115
2024-04-29 14:04:41.683240,11.91144
2024-04-29 14:04:41.698870,12.91362
2024-04-29 14:04:41.714490,13.7901
2024-04-29 14:04:41.730120,14.32115
2024-04-29 14:04:41.745740,14.4286
2024-04-29 14:04:41.761370,14.15445
2024-04-29 14:04:41.776990,13.58896
2024-04-29 14:04:41.792620,12.80227
2024-04-29 14:04:41.808250,11.84331
2024-04-29 14:04:41.823870,10.70695
2024-04-29 14:04:41.839500,9.371128
2024-04-29 14:04:41.855120,7.786322
2024-04-29 14:04:41.870750,5.911007
2024-04-29 14:04:41.886380,3.742085
2024-04-29 14:04:41.902000,1.356621
2024-04-29 14:04:41.917630,-1.114454
2024-04-29 14:04:41.933250,-3.511747
2024-04-29 14:04:41.948880,-5.678377
2024-04-29 14:04:41.964500,-7.546612
2024-04-29 14:04:41.980130,-9.140409
2024-04-29 14:04:41.995760,-10.54989
2024-04-29 14:04:42.011380,-11.92505
2024-04-29 14:04:42.027010,-13.42186
2024-04-29 14:04:42.042630,-15.15298
2024-04-29 14:04:42.058260,-17.15853
2024-04-29 14:04:42.073880,-19.30288
2024-04-29 14:04:42.089510,-21.21919
2024-04-29 14:04:42.105140,-22.38202
2024-04-29 14:04:42.120760,-22.21224
2024-04-29 14:04:42.136390,-20.28415
2024-04-29 14:04:42.152010,-16.51651
2024-04-29 14:04:42.167640,-11.24474
2024-04-29 14:04:42.183260,-5.135012
2024-04-29 14:04:42.198890,0.9924164
2024-04-29 14:04:42.214520,6.42025
2024-04-29 14:04:42.230140,10.68701
2024-04-29 14:04:42.245770,13.61795
2024-04-29 14:04:42.261390,15.24998
2024-04-29 14:04:42.277020,15.72935
2024-04-29 14:04:42.292640,15.25532
2024-04-29 14:04:42.308270,14.0784
2024-04-29 14:04:42.323900,12.54434
2024-04-29 14:04:42.339520,11.06444
2024-04-29 14:04:42.355150,10.05148
2024-04-29 14:04:42.370770,9.785667
2024-04-29 14:04:42.386400,10.28582
2024-04-29 14:04:42.402020,11.33834
2024-04-29 14:04:42.417650,12.55167
2024-04-29 14:04:42.433280,13.52364
2024-04-29 14:04:42.448900,13.97968
2024-04-29 14:04:42.464530,13.8599
2024-04-29 14:04:42.480150,13.26346
2024-04-29 14:04:42.495780,12.35017
2024-04-29 14:04:42.511400,11.24811
2024-04-29 14:04:42.527030,9.971096
2024-04-29 14:04:42.542660,8.465759
2024-04-29 14:04:42.558280,6.661161
2024-04-29 14:04:42.573910,4.539595
2024-04-29 14:04:42.589530,2.189175
2024-04-29 14:04:42.605160,-0.2207184
2024-04-29 14:04:42.620780,-2.490126
2024-04-29 14:04:42.636410,-4.472719
2024-04-29 14:04:42.652040,-6.100271
2024-04-29 14:04:42.667660,-7.431501
2024-04-29 14:04:42.683290,-8.589729
2024-04-29 14:04:42.698910,-9.736687
2024-04-29 14:04:42.714540,-11.02091
2024-04-29 14:04:42.730160,-12.54494
2024-04-29 14:04:42.745790,-14.32185
2024-04-29 14:04:42.761420,-16.23329
2024-04-29 14:04:42.777040,-18.00309
2024-04-29 14:04:42.792670,-19.17131
2024-04-29 14:04:42.808290,-19.21243
2024-04-29 14:04:42.823920,-17.68974
2024-04-29 14:04:42.839540,-14.44806
2024-04-29 14:04:42.855170,-9.744118
2024-04-29 14:04:42.870800,-4.183069
2024-04-29 14:04:42.886420,1.457712
2024-04-29 14:04:42.902050,6.483526
2024-04-29 14:04:42.917670,10.43467
2024-04-29 14:04:42.933300,13.14948
2024-04-29 14:04:42.948920,14.66163
2024-04-29 14:04:42.964550,15.09069
2024-04-29 14:04:42.980180,14.59308
2024-04-29 14:04:42.995800,13.34707
2024-04-29 14:04:43.011430,11.62421
2024-04-29 14:04:43.027050,9.813047
2024-04-29 14:04:43.042680,8.323584
2024-04-29 14:04:43.058300,7.485394
2024-04-29 14:04:43.073930,7.409039
2024-04-29 14:04:43.089560,7.933771
2024-04-29 14:04:43.105180,8.706329
2024-04-29 14:04:43.120810,9.344406
2024-04-29 14:04:43.136430,9.580667
2024-04-29 14:04:43.152060,9.354834
2024-04-29 14:04:43.167680,8.794512
2024-04-29 14:04:43.183310,8.032108
2024-04-29 14:04:43.198940,7.118332
2024-04-29 14:04:43.214560,5.932455
2024-04-29 14:04:43.230190,4.296844
2024-04-29 14:04:43.245810,2.11994
2024-04-29 14:04:43.261440,-0.5048809
2024-04-29 14:04:43.277060,-3.282461
2024-04-29 14:04:43.292690,-5.872387
2024-04-29 14:04:43.308320,-8.024162
2024-04-29 14:04:43.323940,-9.708876
2024-04-29 14:04:43.339570,-11.07254
2024-04-29 14:04:43.355190,-12.36164
2024-04-29 14:04:43.370820,-13.79969
2024-04-29 14:04:43.386440,-15.49617
2024-04-29 14:04:43.402070,-17.43723
2024-04-29 14:04:43.417700,-19.44373
2024-04-29 14:04:43.433320,-21.1957
2024-04-29 14:04:43.448950,-22.24398
2024-04-29 14:04:43.464570,-22.123
2024-04-29 14:04:43.480200,-20.50018
2024-04-29 14:04:43.495820,-17.35569
2024-04-29 14:04:43.511450,-13.04638
2024-04-29 14:04:43.527080,-8.200735
2024-04-29 14:04:43.542700,-3.544647
2024-04-29 14:04:43.558330,0.3634758
2024-04-29 14:04:43.573950,3.240807
2024-04-29 14:04:43.589580,5.060169
2024-04-29 14:04:43.605200,5.941404
2024-04-29 14:04:43.620830,6.028522
2024-04-29 14:04:43.636460,5.456755
2024-04-29 14:04:43.652080,4.372829
2024-04-29 14:04:43.667710,3.010422
2024-04-29 14:04:43.683330,1.684347
2024-04-29 14:04:43.698960,0.7348099
2024-04-29 14:04:43.714580,0.4144287
2024-04-29 14:04:43.730210,0.7832012
2024-04-29 14:04:43.745840,1.711901
2024-04-29 14:04:43.761460,2.920666
2024-04-29 14:04:43.777090,4.088116
2024-04-29 14:04:43.792710,4.915251
2024-04-29 14:04:43.808340,5.19927
2024-04-29 14:04:43.823960,4.837673
2024-04-29 14:04:43.839590,3.853937
2024-04-29 14:04:43.855220,2.380964
2024-04-29 14:04:43.870840,0.613493
2024-04-29 14:04:43.886470,-1.233143
2024-04-29 14:04:43.902090,-2.999226
2024-04-29 14:04:43.917720,-4.612579
2024-04-29 14:04:43.933340,-6.107695
2024-04-29 14:04:43.948970,-7.573288
2024-04-29 14:04:43.964600,-9.106886
2024-04-29 14:04:43.980220,-10.76885
2024-04-29 14:04:43.995850,-12.58472
2024-04-29 14:04:44.011470,-14.55741
2024-04-29 14:04:44.027100,-16.68051
2024-04-29 14:04:44.042730,-18.88443
2024-04-29 14:04:44.058350,-20.98066
2024-04-29 14:04:44.073980,-22.59828
2024-04-29 14:04:44.089600,-23.24002
2024-04-29 14:04:44.105230,-22.40958
2024-04-29 14:04:44.120850,-19.82236
2024-04-29 14:04:44.136480,-15.53891
2024-04-29 14:04:44.152110,-10.00411
2024-04-29 14:04:44.167730,-3.920303
2024-04-29 14:04:44.183360,1.962849
2024-04-29 14:04:44.198980,7.071045
2024-04-29 14:04:44.214610,11.0998
2024-04-29 14:04:44.230230,14.00426
2024-04-29 14:04:44.245860,15.86535
2024-04-29 14:04:44.261490,16.8053
2024-04-29 14:04:44.277110,16.92421
2024-04-29 14:04:44.292740,16.35482
2024-04-29 14:04:44.308360,15.31672
2024-04-29 14:04:44.323990,14.13551
2024-04-29 14:04:44.339610,13.16588
2024-04-29 14:04:44.355240,12.67401
2024-04-29 14:04:44.370870,12.73462
2024-04-29 14:04:44.386490,13.18815
2024-04-29 14:04:44.402120,13.72214
2024-04-29 14:04:44.417740,14.00441
2024-04-29 14:04:44.433370,13.81595
2024-04-29 14:04:44.448990,13.09365
2024-04-29 14:04:44.464620,11.93098
2024-04-29 14:04:44.480250,10.46632
2024-04-29 14:04:44.495870,8.827118
2024-04-29 14:04:44.511500,7.074097
2024-04-29 14:04:44.527120,5.213619
2024-04-29 14:04:44.542750,3.256897
2024-04-29 14:04:44.558370,1.273247
2024-04-29 14:04:44.574000,-0.6131287
2024-04-29 14:04:44.589630,-2.290306
2024-04-29 14:04:44.605250,-3.710625
2024-04-29 14:04:44.620880,-4.968933
2024-04-29 14:04:44.636500,-6.233273
2024-04-29 14:04:44.652130,-7.712841
2024-04-29 14:04:44.667750,-9.524944
2024-04-29 14:04:44.683380,-11.63681
2024-04-29 14:04:44.699010,-13.81466
2024-04-29 14:04:44.714630,-15.65782
2024-04-29 14:04:44.730260,-16.68237
2024-04-29 14:04:44.745880,-16.42399
2024-04-29 14:04:44.761510,-14.57191
2024-04-29 14:04:44.777130,-11.05333
2024-04-29 14:04:44.792760,-6.105854
2024-04-29 14:04:44.808390,-0.2391624
2024-04-29 14:04:44.824010,5.88311
2024-04-29 14:04:44.839640,11.62401
2024-04-29 14:04:44.855260,16.5116
2024-04-29 14:04:44.870890,20.31926
2024-04-29 14:04:44.886510,23.04927
2024-04-29 14:04:44.902140,24.80059
2024-04-29 14:04:44.917770,25.70946
2024-04-29 14:04:44.933390,25.91746
2024-04-29 14:04:44.949020,25.59837
2024-04-29 14:04:44.964640,25.01093
2024-04-29 14:04:44.980270,24.46372
2024-04-29 14:04:44.995890,24.23188
2024-04-29 14:04:45.011520,24.42226
2024-04-29 14:04:45.027150,24.92916
2024-04-29 14:04:45.042770,25.45877
2024-04-29 14:04:45.058400,25.68847
2024-04-29 14:04:45.074020,25.41756
2024-04-29 14:04:45.089650,24.63883
2024-04-29 14:04:45.105270,23.49572
2024-04-29 14:04:45.120900,22.15195
2024-04-29 14:04:45.136530,20.67371
2024-04-29 14:04:45.152150,18.97238
2024-04-29 14:04:45.167780,16.89782
2024-04-29 14:04:45.183400,14.32479
2024-04-29 14:04:45.199030,11.2653
2024-04-29 14:04:45.214650,7.879154
2024-04-29 14:04:45.230280,4.409912
2024-04-29 14:04:45.245910,1.131901
2024-04-29 14:04:45.261530,-1.721752
2024-04-29 14:04:45.277160,-3.994469
2024-04-29 14:04:45.292780,-5.670288
2024-04-29 14:04:45.308410,-6.83712
2024-04-29 14:04:45.324030,-7.714312
2024-04-29 14:04:45.339660,-8.547922
2024-04-29 14:04:45.355290,-9.517208
2024-04-29 14:04:45.370910,-10.65421
2024-04-29 14:04:45.386540,-11.80433
2024-04-29 14:04:45.402160,-12.67813
2024-04-29 14:04:45.417790,-12.94932
2024-04-29 14:04:45.433410,-12.30512
2024-04-29 14:04:45.449040,-10.46037
2024-04-29 14:04:45.464670,-7.218799
2024-04-29 14:04:45.480290,-2.48716
2024-04-29 14:04:45.495920,3.708662
2024-04-29 14:04:45.511540,11.14448
2024-04-29 14:04:45.527170,19.44389
2024-04-29 14:04:45.542790,28.08506
2024-04-29 14:04:45.558420,36.51838
2024-04-29 14:04:45.574050,44.2072
2024-04-29 14:04:45.589670,50.68003
2024-04-29 14:04:45.605300,55.52976
2024-04-29 14:04:45.620920,58.47057
2024-04-29 14:04:45.636550,59.39495
2024-04-29 14:04:45.652170,58.36994
2024-04-29 14:04:45.667800,55.63836
2024-04-29 14:04:45.683430,51.50959
2024-04-29 14:04:45.699050,46.31506
2024-04-29 14:04:45.714680,40.34384
2024-04-29 14:04:45.730300,33.86791
2024-04-29 14:04:45.745930,27.08525
2024-04-29 14:04:45.761550,20.08922
2024-04-29 14:04:45.777180,12.80507
2024-04-29 14:04:45.792810,4.958118
2024-04-29 14:04:45.808430,-3.741276
2024-04-29 14:04:45.824060,-13.49288
2024-04-29 14:04:45.839680,-24.26483
2024-04-29 14:04:45.855310,-35.87624
2024-04-29 14:04:45.870930,-48.14885
2024-04-29 14:04:45.886560,-61.02052
2024-04-29 14:04:45.902190,-74.4632
2024-04-29 14:04:45.917810,-88.22736
2024-04-29 14:04:45.933440,-101.5359
2024-04-29 14:04:45.949060,-113.0138
2024-04-29 14:04:45.964690,-120.9866
2024-04-29 14:04:45.980310,-124.053
2024-04-29 14:04:45.995940,-121.6277
2024-04-29 14:04:46.011570,-114.2109
2024-04-29 14:04:46.027190,-103.1507
2024-04-29 14:04:46.042820,-90.18227
2024-04-29 14:04:46.058440,-76.87099
2024-04-29 14:04:46.074070,-64.33005
2024-04-29 14:04:46.089690,-53.17298
2024-04-29 14:04:46.105320,-43.67926
2024-04-29 14:04:46.120950,-36.00196
2024-04-29 14:04:46.136570,-30.23508
2024-04-29 14:04:46.152200,-26.45327
2024-04-29 14:04:46.167820,-24.57664
2024-04-29 14:04:46.183450,-24.34392
2024-04-29 14:04:46.199070,-25.2458
2024-04-29 14:04:46.214700,-26.62798
2024-04-29 14:04:46.230330,-27.77483
2024-04-29 14:04:46.245950,-28.0501
2024-04-29 14:04:46.261580,-27.02836
2024-04-29 14:04:46.277200,-24.56031
2024-04-29 14:04:46.292830,-20.82788
2024-04-29 14:04:46.308450,-16.2685
2024-04-29 14:04:46.324080,-11.44164
2024-04-29 14:04:46.339710,-6.878017
2024-04-29 14:04:46.355330,-2.901398
2024-04-29 14:04:46.370960,0.4633713
2024-04-29 14:04:46.386580,3.473961
2024-04-29 14:04:46.402210,6.561474
2024-04-29 14:04:46.417840,10.17268
2024-04-29 14:04:46.433460,14.6468
2024-04-29 14:04:46.449090,20.14014
2024-04-29 14:04:46.464710,26.64838
2024-04-29 14:04:46.480340,34.0423
2024-04-29 14:04:46.495960,42.10398
2024-04-29 14:04:46.511590,50.50917
2024-04-29 14:04:46.527220,58.78267
2024-04-29 14:04:46.542840,66.29596
2024-04-29 14:04:46.558470,72.35745
2024-04-29 14:04:46.574090,76.33852
2024-04-29 14:04:46.589720,77.81974
2024-04-29 14:04:46.605340,76.70314
2024-04-29 14:04:46.620970,73.21122
2024-04-29 14:04:46.636600,67.83077
2024-04-29 14:04:46.652220,61.17428
2024-04-29 14:04:46.667850,53.85403
2024-04-29 14:04:46.683470,46.36467
2024-04-29 14:04:46.699100,39.06248
2024-04-29 14:04:46.714720,32.14349
2024-04-29 14:04:46.730350,25.7023
2024-04-29 14:04:46.745980,19.81229
2024-04-29 14:04:46.761600,14.56832
2024-04-29 14:04:46.777230,10.08475
2024-04-29 14:04:46.792850,6.465226
2024-04-29 14:04:46.808480,3.68548
2024-04-29 14:04:46.824100,1.580689
2024-04-29 14:04:46.839730,-0.1389537
2024-04-29 14:04:46.855360,-1.783598
2024-04-29 14:04:46.870980,-3.584087
2024-04-29 14:04:46.886610,-5.602992
2024-04-29 14:04:46.902230,-7.748009
2024-04-29 14:04:46.917860,-9.846911
2024-04-29 14:04:46.933480,-11.70725
2024-04-29 14:04:46.949110,-13.24639
2024-04-29 14:04:46.964740,-14.46868
2024-04-29 14:04:46.980360,-15.48582
2024-04-29 14:04:46.995990,-16.48969
2024-04-29 14:04:47.011610,-17.67898
2024-04-29 14:04:47.027240,-19.21043
2024-04-29 14:04:47.042860,-21.13508
2024-04-29 14:04:47.058490,-23.35404
2024-04-29 14:04:47.074120,-25.57967
2024-04-29 14:04:47.089740,-27.3954
2024-04-29 14:04:47.105370,-28.29692
2024-04-29 14:04:47.120990,-27.84711
2024-04-29 14:04:47.136620,-25.78357
2024-04-29 14:04:47.152240,-22.1445
2024-04-29 14:04:47.167870,-17.26811
2024-04-29 14:04:47.183500,-11.75061
2024-04-29 14:04:47.199120,-6.255434
2024-04-29 14:04:47.214750,-1.333097
2024-04-29 14:04:47.230370,2.682717
2024-04-29 14:04:47.246000,5.740794
2024-04-29 14:04:47.261620,7.935378
2024-04-29 14:04:47.277250,9.417919
2024-04-29 14:04:47.292880,10.33128
2024-04-29 14:04:47.308500,10.78825
2024-04-29 14:04:47.324130,10.92391
2024-04-29 14:04:47.339750,10.93911
2024-04-29 14:04:47.355380,11.08753
2024-04-29 14:04:47.371000,11.56519
2024-04-29 14:04:47.386630,12.46246
2024-04-29 14:04:47.402260,13.68901
2024-04-29 14:04:47.417880,15.0032
2024-04-29 14:04:47.433510,16.13135
2024-04-29 14:04:47.449130,16.83396
2024-04-29 14:04:47.464760,16.99884
2024-04-29 14:04:47.480380,16.65495
2024-04-29 14:04:47.496010,15.92933
2024-04-29 14:04:47.511640,14.98683
2024-04-29 14:04:47.527260,13.98899
2024-04-29 14:04:47.542890,13.03722
2024-04-29 14:04:47.558510,12.1442
2024-04-29 14:04:47.574140,11.23701
2024-04-29 14:04:47.589760,10.197
2024-04-29 14:04:47.605390,8.916315
2024-04-29 14:04:47.621020,7.341019
2024-04-29 14:04:47.636640,5.520857
2024-04-29 14:04:47.652270,3.587286
2024-04-29 14:04:47.667890,1.7117
2024-04-29 14:04:47.683520,0.01625824
2024-04-29 14:04:47.699140,-1.475288
2024-04-29 14:04:47.714770,-2.84738
2024-04-29 14:04:47.730400,-4.247412
2024-04-29 14:04:47.746020,-5.78684
2024-04-29 14:04:47.761650,-7.508528
2024-04-29 14:04:47.777270,-9.341825
2024-04-29 14:04:47.792900,-11.14779
2024-04-29 14:04:47.808520,-12.7995
2024-04-29 14:04:47.824150,-14.26343
2024-04-29 14:04:47.839780,-15.60809
2024-04-29 14:04:47.855400,-16.98878
2024-04-29 14:04:47.871030,-18.57289
2024-04-29 14:04:47.886650,-20.48803
2024-04-29 14:04:47.902280,-22.71759
2024-04-29 14:04:47.917900,-25.09409
2024-04-29 14:04:47.933530,-27.30414
2024-04-29 14:04:47.949160,-28.91318
2024-04-29 14:04:47.964780,-29.48155
2024-04-29 14:04:47.980410,-28.65941
2024-04-29 14:04:47.996030,-26.28559
2024-04-29 14:04:48.011660,-22.4246
2024-04-29 14:04:48.027280,-17.42024
2024-04-29 14:04:48.042910,-11.79754
2024-04-29 14:04:48.058540,-6.167162
2024-04-29 14:04:48.074160,-1.121431
2024-04-29 14:04:48.089790,2.905207
2024-04-29 14:04:48.105410,5.695063
2024-04-29 14:04:48.121040,7.293112
2024-04-29 14:04:48.136660,7.966396
2024-04-29 14:04:48.152290,8.0777
2024-04-29 14:04:48.167920,7.993593
2024-04-29 14:04:48.183540,7.983942
2024-04-29 14:04:48.199170,8.193729
2024-04-29 14:04:48.214790,8.631891
2024-04-29 14:04:48.230420,9.25597
2024-04-29 14:04:48.246040,9.998678
2024-04-29 14:04:48.261670,10.77207
2024-04-29 14:04:48.277300,11.49641
2024-04-29 14:04:48.292920,12.03543
2024-04-29 14:04:48.308550,12.28472
2024-04-29 14:04:48.324170,12.19392
2024-04-29 14:04:48.339800,11.80858
2024-04-29 14:04:48.355420,11.2325
2024-04-29 14:04:48.371050,10.60569
2024-04-29 14:04:48.386680,9.977339
2024-04-29 14:04:48.402300,9.311855
2024-04-29 14:04:48.417930,8.515276
2024-04-29 14:04:48.433550,7.490038
2024-04-29 14:04:48.449180,6.207148
2024-04-29 14:04:48.464800,4.732233
2024-04-29 14:04:48.480430,3.200237
2024-04-29 14:04:48.496060,1.747625
2024-04-29 14:04:48.511680,0.4903965
2024-04-29 14:04:48.527310,-0.5362358
2024-04-29 14:04:48.542930,-1.384003
2024-04-29 14:04:48.558560,-2.158903
2024-04-29 14:04:48.574180,-2.986908
2024-04-29 14:04:48.589810,-3.975903
2024-04-29 14:04:48.605440,-5.182947
2024-04-29 14:04:48.621060,-6.611155
2024-04-29 14:04:48.636690,-8.199463
2024-04-29 14:04:48.652310,-9.849485
2024-04-29 14:04:48.667940,-11.47063
2024-04-29 14:04:48.683560,-13.01133
2024-04-29 14:04:48.699190,-14.49889
2024-04-29 14:04:48.714820,-16.05313
2024-04-29 14:04:48.730440,-17.82546
2024-04-29 14:04:48.746070,-19.88578
2024-04-29 14:04:48.761690,-22.1391
2024-04-29 14:04:48.777320,-24.23098
2024-04-29 14:04:48.792940,-25.61724
2024-04-29 14:04:48.808570,-25.71222
2024-04-29 14:04:48.824200,-24.08967
2024-04-29 14:04:48.839820,-20.68604
2024-04-29 14:04:48.855450,-15.82854
2024-04-29 14:04:48.871070,-10.13313
2024-04-29 14:04:48.886700,-4.2843
2024-04-29 14:04:48.902320,1.122575
2024-04-29 14:04:48.917950,5.711899
2024-04-29 14:04:48.933580,9.303064
2024-04-29 14:04:48.949200,11.85534
2024-04-29 14:04:48.964830,13.41238
2024-04-29 14:04:48.980450,14.05336
2024-04-29 14:04:48.996080,13.95262
2024-04-29 14:04:49.011710,13.36981
2024-04-29 14:04:49.027330,12.65832
2024-04-29 14:04:49.042960,12.15666
2024-04-29 14:04:49.058580,12.09644
2024-04-29 14:04:49.074210,12.54002
2024-04-29 14:04:49.089830,13.36531
2024-04-29 14:04:49.105460,14.36515
2024-04-29 14:04:49.121090,15.29756
2024-04-29 14:04:49.136710,15.99011
2024-04-29 14:04:49.152340,16.35485
2024-04-29 14:04:49.167960,16.37533
2024-04-29 14:04:49.183590,16.06594
2024-04-29 14:04:49.199210,15.46642
2024-04-29 14:04:49.214840,14.61918
2024-04-29 14:04:49.230470,13.54009
2024-04-29 14:04:49.246090,12.23828
2024-04-29 14:04:49.261720,10.69072
2024-04-29 14:04:49.277340,8.896766
2024-04-29 14:04:49.292970,6.917289
2024-04-29 14:04:49.308590,4.905193
2024-04-29 14:04:49.324220,3.060358
2024-04-29 14:04:49.339850,1.546113
2024-04-29 14:04:49.355470,0.3921676
2024-04-29 14:04:49.371100,-0.5727959
2024-04-29 14:04:49.386720,-1.615658
2024-04-29 14:04:49.402350,-2.960048
2024-04-29 14:04:49.417970,-4.637498
2024-04-29 14:04:49.433600,-6.510337
2024-04-29 14:04:49.449230,-8.345457
2024-04-29 14:04:49.464850,-9.983858
2024-04-29 14:04:49.480480,-11.41834
2024-04-29 14:04:49.496100,-12.77547
2024-04-29 14:04:49.511730,-14.2443
2024-04-29 14:04:49.527350,-15.94092
2024-04-29 14:04:49.542980,-17.90641
2024-04-29 14:04:49.558610,-20.07635
2024-04-29 14:04:49.574230,-22.33754
2024-04-29 14:04:49.589860,-24.48896
2024-04-29 14:04:49.605480,-26.18444
2024-04-29 14:04:49.621110,-26.94245
2024-04-29 14:04:49.636730,-26.28025
2024-04-29 14:04:49.652360,-23.87745
2024-04-29 14:04:49.667990,-19.75474
2024-04-29 14:04:49.683610,-14.32471
2024-04-29 14:04:49.699240,-8.268189
2024-04-29 14:04:49.714860,-2.298334
2024-04-29 14:04:49.730490,3.013404
2024-04-29 14:04:49.746110,7.343813
2024-04-29 14:04:49.761740,10.59962
2024-04-29 14:04:49.777370,12.78823
2024-04-29 14:04:49.792990,13.97966
2024-04-29 14:04:49.808620,14.31623
2024-04-29 14:04:49.824240,14.00236
2024-04-29 14:04:49.839870,13.32038
2024-04-29 14:04:49.855490,12.60239
2024-04-29 14:04:49.871120,12.12226
2024-04-29 14:04:49.886750,12.03218
2024-04-29 14:04:49.902370,12.3518
2024-04-29 14:04:49.918000,13.00673
2024-04-29 14:04:49.933620,13.86137
2024-04-29 14:04:49.949250,14.79903
2024-04-29 14:04:49.964870,15.68411
2024-04-29 14:04:49.980500,16.35229
2024-04-29 14:04:49.996130,16.63796
2024-04-29 14:04:50.011750,16.37637
2024-04-29 14:04:50.027380,15.48165
2024-04-29 14:04:50.043000,13.98302
2024-04-29 14:04:50.058630,12.03707
2024-04-29 14:04:50.074250,9.886773
2024-04-29 14:04:50.089880,7.778355
2024-04-29 14:04:50.105510,5.887973
2024-04-29 14:04:50.121130,4.265547
2024-04-29 14:04:50.136760,2.867026
2024-04-29 14:04:50.152380,1.565125
2024-04-29 14:04:50.168010,0.2285614
2024-04-29 14:04:50.183630,-1.235165
2024-04-29 14:04:50.199260,-2.875403
2024-04-29 14:04:50.214890,-4.658335
2024-04-29 14:04:50.230510,-6.519542
2024-04-29 14:04:50.246140,-8.372165
2024-04-29 14:04:50.261760,-10.13352
2024-04-29 14:04:50.277390,-11.74471
2024-04-29 14:04:50.293010,-13.19513
2024-04-29 14:04:50.308640,-14.52996
2024-04-29 14:04:50.324270,-15.85038
2024-04-29 14:04:50.339890,-17.31902
2024-04-29 14:04:50.355520,-19.09479
2024-04-29 14:04:50.371140,-21.22747
2024-04-29 14:04:50.386770,-23.55973
2024-04-29 14:04:50.402390,-25.6547
2024-04-29 14:04:50.418020,-26.8498
2024-04-29 14:04:50.433650,-26.47795
2024-04-29 14:04:50.449270,-24.08735
2024-04-29 14:04:50.464900,-19.65155
2024-04-29 14:04:50.480520,-13.63468
2024-04-29 14:04:50.496150,-6.833376
2024-04-29 14:04:50.511770,-0.168005
2024-04-29 14:04:50.527400,5.603531
2024-04-29 14:04:50.543030,10.04859
2024-04-29 14:04:50.558650,13.0605
2024-04-29 14:04:50.574280,14.78202
2024-04-29 14:04:50.589900,15.46424
2024-04-29 14:04:50.605530,15.38905
2024-04-29 14:04:50.621150,14.81395
2024-04-29 14:04:50.636780,14.02781
2024-04-29 14:04:50.652410,13.3042
2024-04-29 14:04:50.668030,12.9118
2024-04-29 14:04:50.683660,13.01827
2024-04-29 14:04:50.699280,13.63824
2024-04-29 14:04:50.714910,14.59914
2024-04-29 14:04:50.730530,15.59674
2024-04-29 14:04:50.746160,16.29947
2024-04-29 14:04:50.761790,16.46628
2024-04-29 14:04:50.777410,16.04741
2024-04-29 14:04:50.793040,15.17241
2024-04-29 14:04:50.808660,14.05392
2024-04-29 14:04:50.824290,12.86712
2024-04-29 14:04:50.839910,11.67774
2024-04-29 14:04:50.855540,10.4348
2024-04-29 14:04:50.871170,9.03808
2024-04-29 14:04:50.886790,7.447966
2024-04-29 14:04:50.902420,5.713726
2024-04-29 14:04:50.918040,3.973707
2024-04-29 14:04:50.933670,2.340799
2024-04-29 14:04:50.949290,0.8588448
2024-04-29 14:04:50.964920,-0.5394783
2024-04-29 14:04:50.980550,-1.996923
2024-04-29 14:04:50.996170,-3.587152
2024-04-29 14:04:51.011800,-5.314957
2024-04-29 14:04:51.027420,-7.088634
2024-04-29 14:04:51.043050,-8.778391
2024-04-29 14:04:51.058670,-10.31602
2024-04-29 14:04:51.074300,-11.74704
2024-04-29 14:04:51.089930,-13.20221
2024-04-29 14:04:51.105550,-14.84558
2024-04-29 14:04:51.121180,-16.81632
2024-04-29 14:04:51.136800,-19.09423
2024-04-29 14:04:51.152430,-21.51452
2024-04-29 14:04:51.168060,-23.72089
2024-04-29 14:04:51.183680,-25.22115
2024-04-29 14:04:51.199310,-25.46851
2024-04-29 14:04:51.214930,-24.01479
2024-04-29 14:04:51.230560,-20.68529
2024-04-29 14:04:51.246180,-15.67118
2024-04-29 14:04:51.261810,-9.562872
2024-04-29 14:04:51.277440,-3.150715
2024-04-29 14:04:51.293060,2.775675
2024-04-29 14:04:51.308690,7.660276
2024-04-29 14:04:51.324310,11.28118
2024-04-29 14:04:51.339940,13.68938
2024-04-29 14:04:51.355560,15.07075
2024-04-29 14:04:51.371190,15.61529
2024-04-29 14:04:51.386820,15.45241
2024-04-29 14:04:51.402440,14.67761
2024-04-29 14:04:51.418070,13.47262
2024-04-29 14:04:51.433690,12.10843
2024-04-29 14:04:51.449320,10.92392
2024-04-29 14:04:51.464940,10.24798
2024-04-29 14:04:51.480570,10.22459
2024-04-29 14:04:51.496200,10.79172
2024-04-29 14:04:51.511820,11.68184
2024-04-29 14:04:51.527450,12.55568
2024-04-29 14:04:51.543070,13.12714
2024-04-29 14:04:51.558700,13.28403
2024-04-29 14:04:51.574320,13.06103
2024-04-29 14:04:51.589950,12.57944
2024-04-29 14:04:51.605580,11.94918
2024-04-29 14:04:51.621200,11.19636
2024-04-29 14:04:51.636830,10.25403
2024-04-29 14:04:51.652450,9.010876
2024-04-29 14:04:51.668080,7.390091
2024-04-29 14:04:51.683700,5.380119
2024-04-29 14:04:51.699330,3.078354
2024-04-29 14:04:51.714960,0.6462135
2024-04-29 14:04:51.730580,-1.732243
2024-04-29 14:04:51.746210,-3.901321
2024-04-29 14:04:51.761830,-5.771194
2024-04-29 14:04:51.777460,-7.348721
2024-04-29 14:04:51.793080,-8.712013
2024-04-29 14:04:51.808710,-10.00491
2024-04-29 14:04:51.824340,-11.3855
2024-04-29 14:04:51.839960,-12.95447
2024-04-29 14:04:51.855590,-14.76023
2024-04-29 14:04:51.871210,-16.78303
2024-04-29 14:04:51.886840,-18.92471
2024-04-29 14:04:51.902460,-21.02965
2024-04-29 14:04:51.918090,-22.84744
2024-04-29 14:04:51.933720,-24.00874
2024-04-29 14:04:51.949340,-24.08531
2024-04-29 14:04:51.964970,-22.67656
2024-04-29 14:04:51.980590,-19.5836
2024-04-29 14:04:51.996220,-14.92114
2024-04-29 14:04:52.011840,-9.177624
2024-04-29 14:04:52.027470,-3.063164
2024-04-29 14:04:52.043100,2.666206
2024-04-29 14:04:52.058720,7.43074
2024-04-29 14:04:52.074350,10.93793
2024-04-29 14:04:52.089970,13.1688
2024-04-29 14:04:52.105600,14.27378
2024-04-29 14:04:52.121220,14.48078
2024-04-29 14:04:52.136850,14.02
2024-04-29 14:04:52.152480,13.15491
2024-04-29 14:04:52.168100,12.17941
2024-04-29 14:04:52.183730,11.38812
2024-04-29 14:04:52.199350,11.0282
2024-04-29 14:04:52.214980,11.20638
2024-04-29 14:04:52.230600,11.8769
2024-04-29 14:04:52.246230,12.86192
2024-04-29 14:04:52.261860,13.9127
2024-04-29 14:04:52.277480,14.78275
2024-04-29 14:04:52.293110,15.29158
2024-04-29 14:04:52.308730,15.32581
2024-04-29 14:04:52.324360,14.84048
2024-04-29 14:04:52.339980,13.87471
2024-04-29 14:04:52.355610,12.52778
2024-04-29 14:04:52.371240,10.92677
2024-04-29 14:04:52.386860,9.179714
2024-04-29 14:04:52.402490,7.340031
2024-04-29 14:04:52.418110,5.40239
2024-04-29 14:04:52.433740,3.33197
2024-04-29 14:04:52.449360,1.127033
2024-04-29 14:04:52.464990,-1.178391
2024-04-29 14:04:52.480620,-3.481831
2024-04-29 14:04:52.496240,-5.672665
2024-04-29 14:04:52.511870,-7.638241
2024-04-29 14:04:52.527490,-9.334106
2024-04-29 14:04:52.543120,-10.75629
2024-04-29 14:04:52.558740,-11.98887
2024-04-29 14:04:52.574370,-13.18338
2024-04-29 14:04:52.590000,-14.5249
2024-04-29 14:04:52.605620,-16.19484
2024-04-29 14:04:52.621250,-18.25317
2024-04-29 14:04:52.636870,-20.58026
2024-04-29 14:04:52.652500,-22.82299
2024-04-29 14:04:52.668120,-24.45602
2024-04-29 14:04:52.683750,-24.88351
2024-04-29 14:04:52.699380,-23.62767
2024-04-29 14:04:52.715000,-20.51315
2024-04-29 14:04:52.730630,-15.74286
2024-04-29 14:04:52.746250,-9.883762
2024-04-29 14:04:52.761880,-3.704468
2024-04-29 14:04:52.777500,2.044128
2024-04-29 14:04:52.793130,6.835972
2024-04-29 14:04:52.808760,10.44603
2024-04-29 14:04:52.824380,12.89877
2024-04-29 14:04:52.840010,14.34934
2024-04-29 14:04:52.855630,14.94489
2024-04-29 14:04:52.871260,14.80164
2024-04-29 14:04:52.886880,14.05204
2024-04-29 14:04:52.902510,12.93017
2024-04-29 14:04:52.918140,11.77856
2024-04-29 14:04:52.933760,10.96022
2024-04-29 14:04:52.949390,10.71596
2024-04-29 14:04:52.965010,11.04065
2024-04-29 14:04:52.980640,11.6986
2024-04-29 14:04:52.996260,12.31543
2024-04-29 14:04:53.011890,12.5643
2024-04-29 14:04:53.027520,12.28376
2024-04-29 14:04:53.043140,11.52183
2024-04-29 14:04:53.058770,10.45141
2024-04-29 14:04:53.074390,9.275536
2024-04-29 14:04:53.090020,8.13023
2024-04-29 14:04:53.105640,7.037437
2024-04-29 14:04:53.121270,5.915169
2024-04-29 14:04:53.136900,4.621403
2024-04-29 14:04:53.152520,3.012417
2024-04-29 14:04:53.168150,1.00687
2024-04-29 14:04:53.183770,-1.362835
2024-04-29 14:04:53.199400,-3.93021
2024-04-29 14:04:53.215020,-6.444
2024-04-29 14:04:53.230650,-8.634212
2024-04-29 14:04:53.246280,-10.32276
2024-04-29 14:04:53.261900,-11.47582
2024-04-29 14:04:53.277530,-12.23657
2024-04-29 14:04:53.293150,-12.87523
2024-04-29 14:04:53.308780,-13.69998
2024-04-29 14:04:53.324400,-14.94008
2024-04-29 14:04:53.340030,-16.65483
2024-04-29 14:04:53.355660,-18.64875
2024-04-29 14:04:53.371280,-20.50084
2024-04-29 14:04:53.386910,-21.65724
2024-04-29 14:04:53.402530,-21.57015
2024-04-29 14:04:53.418160,-19.87733
2024-04-29 14:04:53.433780,-16.54085
2024-04-29 14:04:53.449410,-11.86149
2024-04-29 14:04:53.465040,-6.39703
2024-04-29 14:04:53.480660,-0.8160515
2024-04-29 14:04:53.496290,4.276997
2024-04-29 14:04:53.511910,8.442795
2024-04-29 14:04:53.527540,11.43575
2024-04-29 14:04:53.543160,13.17337
2024-04-29 14:04:53.558790,13.71307
2024-04-29 14:04:53.574420,13.22012
2024-04-29 14:04:53.590040,11.97728
2024-04-29 14:04:53.605670,10.35442
2024-04-29 14:04:53.621290,8.766888
2024-04-29 14:04:53.636920,7.576664
2024-04-29 14:04:53.652540,7.006096
2024-04-29 14:04:53.668170,7.077213
2024-04-29 14:04:53.683800,7.627155
2024-04-29 14:04:53.699420,8.388699
2024-04-29 14:04:53.715050,9.083168
2024-04-29 14:04:53.730670,9.525208
2024-04-29 14:04:53.746300,9.629414
2024-04-29 14:04:53.761920,9.428398
2024-04-29 14:04:53.777550,9.003098
2024-04-29 14:04:53.793180,8.412121
2024-04-29 14:04:53.808800,7.629299
2024-04-29 14:04:53.824430,6.560177
2024-04-29 14:04:53.840050,5.058361
2024-04-29 14:04:53.855680,3.017178
2024-04-29 14:04:53.871310,0.4653435
2024-04-29 14:04:53.886930,-2.426254
2024-04-29 14:04:53.902560,-5.363964
2024-04-29 14:04:53.918180,-8.02631
2024-04-29 14:04:53.933810,-10.17785
2024-04-29 14:04:53.949430,-11.75459
2024-04-29 14:04:53.965060,-12.85633
2024-04-29 14:04:53.980690,-13.71756
2024-04-29 14:04:53.996310,-14.62486
2024-04-29 14:04:54.011940,-15.84839
2024-04-29 14:04:54.027560,-17.53011
2024-04-29 14:04:54.043190,-19.60229
2024-04-29 14:04:54.058810,-21.74035
2024-04-29 14:04:54.074440,-23.3809
2024-04-29 14:04:54.090070,-23.86294
2024-04-29 14:04:54.105690,-22.63905
2024-04-29 14:04:54.121320,-19.48724
2024-04-29 14:04:54.136940,-14.63954
2024-04-29 14:04:54.152570,-8.711815
2024-04-29 14:04:54.168190,-2.512722
2024-04-29 14:04:54.183820,3.199276
2024-04-29 14:04:54.199450,7.900761
2024-04-29 14:04:54.215070,11.37299
2024-04-29 14:04:54.230700,13.62364
2024-04-29 14:04:54.246320,14.76964
2024-04-29 14:04:54.261950,14.97293
2024-04-29 14:04:54.277570,14.43683
2024-04-29 14:04:54.293200,13.42373
2024-04-29 14:04:54.308830,12.27424
2024-04-29 14:04:54.324450,11.34045
2024-04-29 14:04:54.340080,10.8759
2024-04-29 14:04:54.355700,10.9697
2024-04-29 14:04:54.371330,11.50678
2024-04-29 14:04:54.386950,12.24582
2024-04-29 14:04:54.402580,12.89296
2024-04-29 14:04:54.418210,13.22212
2024-04-29 14:04:54.433830,13.12369
2024-04-29 14:04:54.449460,12.58779
2024-04-29 14:04:54.465080,11.6165
2024-04-29 14:04:54.480710,10.20424
2024-04-29 14:04:54.496330,8.326591
2024-04-29 14:04:54.511960,5.979973
2024-04-29 14:04:54.527590,3.245525
2024-04-29 14:04:54.543210,0.3182831
2024-04-29 14:04:54.558840,-2.546288
2024-04-29 14:04:54.574460,-5.114571
2024-04-29 14:04:54.590090,-7.244644
2024-04-29 14:04:54.605710,-8.946487
2024-04-29 14:04:54.621340,-10.34801
2024-04-29 14:04:54.636970,-11.63607
2024-04-29 14:04:54.652590,-13.00998
2024-04-29 14:04:54.668220,-14.65067
2024-04-29 14:04:54.683840,-16.66936
2024-04-29 14:04:54.699470,-19.07753
2024-04-29 14:04:54.715090,-21.71203
2024-04-29 14:04:54.730720,-24.15074
2024-04-29 14:04:54.746350,-25.77389
2024-04-29 14:04:54.761970,-25.89474
2024-04-29 14:04:54.777600,-23.99282
2024-04-29 14:04:54.793220,-19.96802
2024-04-29 14:04:54.808850,-14.22266
2024-04-29 14:04:54.824470,-7.52417
2024-04-29 14:04:54.840100,-0.7866516
2024-04-29 14:04:54.855730,5.209335
2024-04-29 14:04:54.871350,9.992706
2024-04-29 14:04:54.886980,13.40366
2024-04-29 14:04:54.902600,15.53182
2024-04-29 14:04:54.918230,16.58418
2024-04-29 14:04:54.933850,16.79262
2024-04-29 14:04:54.949480,16.41061
2024-04-29 14:04:54.965110,15.68958
2024-04-29 14:04:54.980730,14.90076
2024-04-29 14:04:54.996360,14.29316
2024-04-29 14:04:55.011980,14.03565
2024-04-29 14:04:55.027610,14.15179
2024-04-29 14:04:55.043230,14.51795
2024-04-29 14:04:55.058860,14.89934
2024-04-29 14:04:55.074490,15.03269
2024-04-29 14:04:55.090110,14.73537
2024-04-29 14:04:55.105740,13.95682
2024-04-29 14:04:55.121360,12.78027
2024-04-29 14:04:55.136990,11.37186
2024-04-29 14:04:55.152610,9.886078
2024-04-29 14:04:55.168240,8.37056
2024-04-29 14:04:55.183870,6.770706
2024-04-29 14:04:55.199490,4.977257
2024-04-29 14:04:55.215120,2.899879
2024-04-29 14:04:55.230740,0.5403595
2024-04-29 14:04:55.246370,-1.972603
2024-04-29 14:04:55.261990,-4.462997
2024-04-29 14:04:55.277620,-6.739075
2024-04-29 14:04:55.293250,-8.693092
2024-04-29 14:04:55.308870,-10.3644
2024-04-29 14:04:55.324500,-11.91434
2024-04-29 14:04:55.340120,-13.59573
2024-04-29 14:04:55.355750,-15.64076
2024-04-29 14:04:55.371370,-18.13268
2024-04-29 14:04:55.387000,-20.90211
2024-04-29 14:04:55.402630,-23.5069
2024-04-29 14:04:55.418250,-25.29449
2024-04-29 14:04:55.433880,-25.59328
2024-04-29 14:04:55.449500,-23.92827
2024-04-29 14:04:55.465130,-20.20564
2024-04-29 14:04:55.480750,-14.7786
2024-04-29 14:04:55.496380,-8.342728
2024-04-29 14:04:55.512010,-1.739212
2024-04-29 14:04:55.527630,4.303627
2024-04-29 14:04:55.543260,9.310875
2024-04-29 14:04:55.558880,13.11175
2024-04-29 14:04:55.574510,15.7469
2024-04-29 14:04:55.590130,17.36514
2024-04-29 14:04:55.605760,18.12066
2024-04-29 14:04:55.621390,18.14846
2024-04-29 14:04:55.637010,17.6017
2024-04-29 14:04:55.652640,16.69032
2024-04-29 14:04:55.668260,15.69279
2024-04-29 14:04:55.683890,14.90462
2024-04-29 14:04:55.699510,14.55345
2024-04-29 14:04:55.715140,14.70572
2024-04-29 14:04:55.730770,15.23569
2024-04-29 14:04:55.746390,15.86499
2024-04-29 14:04:55.762020,16.27889
2024-04-29 14:04:55.777640,16.26215
2024-04-29 14:04:55.793270,15.76901
2024-04-29 14:04:55.808890,14.91083
2024-04-29 14:04:55.824520,13.87325
2024-04-29 14:04:55.840150,12.79687
2024-04-29 14:04:55.855770,11.69034
2024-04-29 14:04:55.871400,10.45464
2024-04-29 14:04:55.887020,8.905769
2024-04-29 14:04:55.902650,6.913933
2024-04-29 14:04:55.918270,4.471039
2024-04-29 14:04:55.933900,1.74968
2024-04-29 14:04:55.949530,-0.9797668
2024-04-29 14:04:55.965150,-3.428894
2024-04-29 14:04:55.980780,-5.389046
2024-04-29 14:04:55.996400,-6.826698
2024-04-29 14:04:56.012030,-7.873482
2024-04-29 14:04:56.027660,-8.813095
2024-04-29 14:04:56.043280,-9.971519
2024-04-29 14:04:56.058910,-11.62508
2024-04-29 14:04:56.074530,-13.88279
2024-04-29 14:04:56.090160,-16.65947
2024-04-29 14:04:56.105780,-19.63249
2024-04-29 14:04:56.121410,-22.31101
2024-04-29 14:04:56.137040,-24.10173
2024-04-29 14:04:56.152660,-24.43987
2024-04-29 14:04:56.168290,-22.94372
2024-04-29 14:04:56.183910,-19.54704
2024-04-29 14:04:56.199540,-14.54849
2024-04-29 14:04:56.215160,-8.570724
2024-04-29 14:04:56.230790,-2.384666
2024-04-29 14:04:56.246420,3.334862
2024-04-29 14:04:56.262040,8.142273
2024-04-29 14:04:56.277670,11.90441
2024-04-29 14:04:56.293290,14.70739
2024-04-29 14:04:56.308920,16.71484
2024-04-29 14:04:56.324540,18.06097
2024-04-29 14:04:56.340170,18.82224
2024-04-29 14:04:56.355800,19.05593
2024-04-29 14:04:56.371420,18.86744
2024-04-29 14:04:56.387050,18.46181
2024-04-29 14:04:56.402670,18.05421
2024-04-29 14:04:56.418300,17.8112
2024-04-29 14:04:56.433920,17.79696
2024-04-29 14:04:56.449550,17.952
2024-04-29 14:04:56.465180,18.13963
2024-04-29 14:04:56.480800,18.22579
2024-04-29 14:04:56.496430,18.10925
2024-04-29 14:04:56.512050,17.73425
2024-04-29 14:04:56.527680,17.07478
2024-04-29 14:04:56.543300,16.10442
2024-04-29 14:04:56.558930,14.82085
2024-04-29 14:04:56.574560,13.26015
2024-04-29 14:04:56.590180,11.50957
2024-04-29 14:04:56.605810,9.693153
2024-04-29 14:04:56.621430,7.913841
2024-04-29 14:04:56.637060,6.201851
2024-04-29 14:04:56.652680,4.515549
2024-04-29 14:04:56.668310,2.769905
2024-04-29 14:04:56.683940,0.8922195
2024-04-29 14:04:56.699560,-1.133331
2024-04-29 14:04:56.715190,-3.258598
2024-04-29 14:04:56.730810,-5.406998
2024-04-29 14:04:56.746440,-7.489479
2024-04-29 14:04:56.762060,-9.458893
2024-04-29 14:04:56.777690,-11.31339
2024-04-29 14:04:56.793320,-13.08492
2024-04-29 14:04:56.808940,-14.83261
2024-04-29 14:04:56.824570,-16.64246
2024-04-29 14:04:56.840190,-18.61082
2024-04-29 14:04:56.855820,-20.80043
2024-04-29 14:04:56.871440,-23.19957
2024-04-29 14:04:56.887070,-25.63182
2024-04-29 14:04:56.902700,-27.71787
2024-04-29 14:04:56.918320,-28.92456
2024-04-29 14:04:56.933950,-28.70335
2024-04-29 14:04:56.949570,-26.69265
2024-04-29 14:04:56.965200,-22.86724
2024-04-29 14:04:56.980820,-17.61129
2024-04-29 14:04:56.996450,-11.58392
2024-04-29 14:04:57.012080,-5.499096
2024-04-29 14:04:57.027700,0.07336426
2024-04-29 14:04:57.043330,4.82814
2024-04-29 14:04:57.058950,8.714645
2024-04-29 14:04:57.074580,11.77245
2024-04-29 14:04:57.090200,14.02647
2024-04-29 14:04:57.105830,15.45594
2024-04-29 14:04:57.121460,16.06787
2024-04-29 14:04:57.137080,16.01687
2024-04-29 14:04:57.152710,15.63415
2024-04-29 14:04:57.168330,15.34135
2024-04-29 14:04:57.183960,15.48712
2024-04-29 14:04:57.199580,16.20751
2024-04-29 14:04:57.215210,17.36381
2024-04-29 14:04:57.230840,18.63029
2024-04-29 14:04:57.246460,19.62976
2024-04-29 14:04:57.262090,20.08889
2024-04-29 14:04:57.277710,19.91518
2024-04-29 14:04:57.293340,19.18388
2024-04-29 14:04:57.308960,18.08508
2024-04-29 14:04:57.324590,16.82048
2024-04-29 14:04:57.340220,15.53569
2024-04-29 14:04:57.355840,14.25906
2024-04-29 14:04:57.371470,12.92667
2024-04-29 14:04:57.387090,11.44243
2024-04-29 14:04:57.402720,9.762796
2024-04-29 14:04:57.418340,7.962427
2024-04-29 14:04:57.433970,6.184299
2024-04-29 14:04:57.449600,4.567574
2024-04-29 14:04:57.465220,3.176008
2024-04-29 14:04:57.480850,1.94231
2024-04-29 14:04:57.496470,0.6929512
2024-04-29 14:04:57.512100,-0.720911
2024-04-29 14:04:57.527720,-2.376434
2024-04-29 14:04:57.543350,-4.228052
2024-04-29 14:04:57.558980,-6.162477
2024-04-29 14:04:57.574600,-8.095055
2024-04-29 14:04:57.590230,-9.963408
2024-04-29 14:04:57.605850,-11.74568
2024-04-29 14:04:57.621480,-13.42332
2024-04-29 14:04:57.637100,-14.98951
2024-04-29 14:04:57.652730,-16.44208
2024-04-29 14:04:57.668360,-17.87396
2024-04-29 14:04:57.683980,-19.44156
2024-04-29 14:04:57.699610,-21.29178
2024-04-29 14:04:57.715230,-23.45557
2024-04-29 14:04:57.730860,-25.68869
2024-04-29 14:04:57.746480,-27.46362
2024-04-29 14:04:57.762110,-28.08916
2024-04-29 14:04:57.777740,-26.9436
2024-04-29 14:04:57.793360,-23.72336
2024-04-29 14:04:57.808990,-18.64295
2024-04-29 14:04:57.824610,-12.40503
2024-04-29 14:04:57.840240,-5.979195
2024-04-29 14:04:57.855860,-0.2625471
2024-04-29 14:04:57.871490,4.221208
2024-04-29 14:04:57.887120,7.411387
2024-04-29 14:04:57.902740,9.598228
2024-04-29 14:04:57.918370,11.16419
2024-04-29 14:04:57.933990,12.35493
2024-04-29 14:04:57.949620,13.1759
2024-04-29 14:04:57.965240,13.52492
2024-04-29 14:04:57.980870,13.36414
2024-04-29 14:04:57.996500,12.86173
2024-04-29 14:04:58.012120,12.38209
2024-04-29 14:04:58.027750,12.28041
2024-04-29 14:04:58.043370,12.72317
2024-04-29 14:04:58.059000,13.56612
2024-04-29 14:04:58.074620,14.43786
2024-04-29 14:04:58.090250,14.93328
2024-04-29 14:04:58.105880,14.81953
2024-04-29 14:04:58.121500,14.1318
2024-04-29 14:04:58.137130,13.1158
2024-04-29 14:04:58.152750,12.06498
2024-04-29 14:04:58.168380,11.15013
2024-04-29 14:04:58.184000,10.35776
2024-04-29 14:04:58.199630,9.507172
2024-04-29 14:04:58.215260,8.404465
2024-04-29 14:04:58.230880,6.937986
2024-04-29 14:04:58.246510,5.177603
2024-04-29 14:04:58.262130,3.32593
2024-04-29 14:04:58.277760,1.601776
2024-04-29 14:04:58.293390,0.1478462
2024-04-29 14:04:58.309010,-1.035145
2024-04-29 14:04:58.324640,-2.073421
2024-04-29 14:04:58.340260,-3.155075
2024-04-29 14:04:58.355890,-4.392471
2024-04-29 14:04:58.371510,-5.813076
2024-04-29 14:04:58.387140,-7.337902
2024-04-29 14:04:58.402770,-8.835705
2024-04-29 14:04:58.418390,-10.22111
2024-04-29 14:04:58.434020,-11.45069
2024-04-29 14:04:58.449640,-12.5625
2024-04-29 14:04:58.465270,-13.63117
2024-04-29 14:04:58.480890,-14.78035
2024-04-29 14:04:58.496520,-16.11684
2024-04-29 14:04:58.512150,-17.73862
2024-04-29 14:04:58.527770,-19.6855
2024-04-29 14:04:58.543400,-21.88868
2024-04-29 14:04:58.559020,-24.16198
2024-04-29 14:04:58.574650,-26.15534
2024-04-29 14:04:58.590270,-27.41287
2024-04-29 14:04:58.605900,-27.46461
2024-04-29 14:04:58.621530,-25.99017
2024-04-29 14:04:58.637150,-22.88723
2024-04-29 14:04:58.652780,-18.39794
2024-04-29 14:04:58.668400,-13.02064
2024-04-29 14:04:58.684030,-7.381252
2024-04-29 14:04:58.699650,-2.092564
2024-04-29 14:04:58.715280,2.404873
2024-04-29 14:04:58.730910,5.836842
2024-04-29 14:04:58.746530,8.11478
2024-04-29 14:04:58.762160,9.255341
2024-04-29 14:04:58.777780,9.398315
2024-04-29 14:04:58.793410,8.780125
2024-04-29 14:04:58.809030,7.747326
2024-04-29 14:04:58.824660,6.687954
2024-04-29 14:04:58.840290,5.928482
2024-04-29 14:04:58.855910,5.659378
2024-04-29 14:04:58.871540,5.862278
2024-04-29 14:04:58.887160,6.376949
2024-04-29 14:04:58.902790,7.008278
2024-04-29 14:04:58.918410,7.608101
2024-04-29 14:04:58.934040,8.098579
2024-04-29 14:04:58.949670,8.462334
2024-04-29 14:04:58.965290,8.686371
2024-04-29 14:04:58.980920,8.720016
2024-04-29 14:04:58.996540,8.534157
2024-04-29 14:04:59.012170,8.122643
2024-04-29 14:04:59.027790,7.521721
2024-04-29 14:04:59.043420,6.785133
2024-04-29 14:04:59.059050,5.917816
2024-04-29 14:04:59.074670,4.902718
2024-04-29 14:04:59.090300,3.75
2024-04-29 14:04:59.105920,2.537498
2024-04-29 14:04:59.121550,1.371681
2024-04-29 14:04:59.137170,0.3744812
2024-04-29 14:04:59.152800,-0.4316711
2024-04-29 14:04:59.168430,-1.128906
2024-04-29 14:04:59.184050,-1.868439
2024-04-29 14:04:59.199680,-2.788719
2024-04-29 14:04:59.215300,-3.944099
2024-04-29 14:04:59.230930,-5.284454
2024-04-29 14:04:59.246550,-6.686775
2024-04-29 14:04:59.262180,-8.059723
2024-04-29 14:04:59.277810,-9.365456
2024-04-29 14:04:59.293430,-10.62621
2024-04-29 14:04:59.309060,-11.88315
2024-04-29 14:04:59.324680,-13.17861
2024-04-29 14:04:59.340310,-14.55999
2024-04-29 14:04:59.355930,-16.09358
2024-04-29 14:04:59.371560,-17.84539
2024-04-29 14:04:59.387190,-19.80702
2024-04-29 14:04:59.402810,-21.83215
2024-04-29 14:04:59.418440,-23.5597
2024-04-29 14:04:59.434060,-24.49403
2024-04-29 14:04:59.449690,-24.13536
2024-04-29 14:04:59.465310,-22.18348
2024-04-29 14:04:59.480940,-18.67634
2024-04-29 14:04:59.496570,-14.01029
2024-04-29 14:04:59.512190,-8.837486
2024-04-29 14:04:59.527820,-3.872086
2024-04-29 14:04:59.543440,0.3155899
2024-04-29 14:04:59.559070,3.429024
2024-04-29 14:04:59.574690,5.439774
2024-04-29 14:04:59.590320,6.520393
2024-04-29 14:04:59.605950,6.919357
2024-04-29 14:04:59.621570,6.862961
2024-04-29 14:04:59.637200,6.549942
2024-04-29 14:04:59.652820,6.146904
2024-04-29 14:04:59.668450,5.83522
2024-04-29 14:04:59.684070,5.772339
2024-04-29 14:04:59.699700,6.060593
2024-04-29 14:04:59.715330,6.711914
2024-04-29 14:04:59.730950,7.616409
2024-04-29 14:04:59.746580,8.59211
2024-04-29 14:04:59.762200,9.449432
2024-04-29 14:04:59.777830,10.04624
2024-04-29 14:04:59.793450,10.33835
2024-04-29 14:04:59.809080,10.36713
2024-04-29 14:04:59.824710,10.19054
2024-04-29 14:04:59.840330,9.818321
2024-04-29 14:04:59.855960,9.206558
2024-04-29 14:04:59.871580,8.272102
2024-04-29 14:04:59.887210,6.988533
2024-04-29 14:04:59.902830,5.410355
2024-04-29 14:04:59.918460,3.695717
2024-04-29 14:04:59.934090,2.031296
2024-04-29 14:04:59.949710,0.5705948
2024-04-29 14:04:59.965340,-0.6459427
2024-04-29 14:04:59.980960,-1.701088
2024-04-29 14:04:59.996590,-2.732971
2024-04-29 14:05:00.012210,-3.861839
2024-04-29 14:05:00.027840,-5.09771
2024-04-29 14:05:00.043470,-6.340256
2024-04-29 14:05:00.059090,-7.440216
2024-04-29 14:05:00.074720,-8.294113
2024-04-29 14:05:00.090340,-8.911079
2024-04-29 14:05:00.105970,-9.389748
2024-04-29 14:05:00.121590,-9.915947
2024-04-29 14:05:00.137220,-10.64642
2024-04-29 14:05:00.152850,-11.72939
2024-04-29 14:05:00.168470,-13.21973
2024-04-29 14:05:00.184100,-15.0958
2024-04-29 14:05:00.199720,-17.22403
2024-04-29 14:05:00.215350,-19.3476
2024-04-29 14:05:00.230970,-21.061
2024-04-29 14:05:00.246600,-21.84499
2024-04-29 14:05:00.262230,-21.23296
2024-04-29 14:05:00.277850,-18.94811
2024-04-29 14:05:00.293480,-15.09994
2024-04-29 14:05:00.309100,-10.16215
2024-04-29 14:05:00.324730,-4.830414
2024-04-29 14:05:00.340350,0.1826477
2024-04-29 14:05:00.355980,4.364491
2024-04-29 14:05:00.371610,7.485645
2024-04-29 14:05:00.387230,9.554405
2024-04-29 14:05:00.402860,10.68299
2024-04-29 14:05:00.418480,11.01774
2024-04-29 14:05:00.434110,10.67675
2024-04-29 14:05:00.449730,9.812012
2024-04-29 14:05:00.465360,8.656338
2024-04-29 14:05:00.480990,7.50856
2024-04-29 14:05:00.496610,6.682648
2024-04-29 14:05:00.512240,6.403275
2024-04-29 14:05:00.527860,6.722557
2024-04-29 14:05:00.543490,7.520405
2024-04-29 14:05:00.559110,8.577194
2024-04-29 14:05:00.574740,9.633648
2024-04-29 14:05:00.590370,10.45785
2024-04-29 14:05:00.605990,10.88097
2024-04-29 14:05:00.621620,10.80823
2024-04-29 14:05:00.637240,10.21411
2024-04-29 14:05:00.652870,9.160576
2024-04-29 14:05:00.668490,7.779911
2024-04-29 14:05:00.684120,6.232624
2024-04-29 14:05:00.699750,4.686684
2024-04-29 14:05:00.715370,3.233437
2024-04-29 14:05:00.731000,1.868908
2024-04-29 14:05:00.746620,0.5234146
2024-04-29 14:05:00.762250,-0.9233589
2024-04-29 14:05:00.777870,-2.535885
2024-04-29 14:05:00.793500,-4.313648
2024-04-29 14:05:00.809130,-6.172531
2024-04-29 14:05:00.824750,-7.974167
2024-04-29 14:05:00.840380,-9.563473
2024-04-29 14:05:00.856000,-10.84
2024-04-29 14:05:00.871630,-11.79027
2024-04-29 14:05:00.887260,-12.49893
2024-04-29 14:05:00.902880,-13.17228
2024-04-29 14:05:00.918510,-14.06403
2024-04-29 14:05:00.934130,-15.38822
2024-04-29 14:05:00.949760,-17.19051
2024-04-29 14:05:00.965380,-19.26809
2024-04-29 14:05:00.981010,-21.13649
2024-04-29 14:05:00.996640,-22.17354
2024-04-29 14:05:01.012260,-21.8098
2024-04-29 14:05:01.027890,-19.70284
2024-04-29 14:05:01.043510,-15.9141
2024-04-29 14:05:01.059140,-10.85324
2024-04-29 14:05:01.074760,-5.177444
2024-04-29 14:05:01.090390,0.4071007
2024-04-29 14:05:01.106020,5.283691
2024-04-29 14:05:01.121640,9.086102
2024-04-29 14:05:01.137270,11.7063
2024-04-29 14:05:01.152890,13.2478
2024-04-29 14:05:01.168520,13.92682
2024-04-29 14:05:01.184140,13.98544
2024-04-29 14:05:01.199770,13.61841
2024-04-29 14:05:01.215400,12.97963
2024-04-29 14:05:01.231020,12.21055
2024-04-29 14:05:01.246650,11.49853
2024-04-29 14:05:01.262270,11.05726
2024-04-29 14:05:01.277900,11.08626
2024-04-29 14:05:01.293520,11.62522
2024-04-29 14:05:01.309150,12.50558
2024-04-29 14:05:01.324780,13.39128
2024-04-29 14:05:01.340400,13.89174
2024-04-29 14:05:01.356030,13.76526
2024-04-29 14:05:01.371650,12.97812
2024-04-29 14:05:01.387280,11.71899
2024-04-29 14:05:01.402900,10.25244
2024-04-29 14:05:01.418530,8.776236
2024-04-29 14:05:01.434160,7.334976
2024-04-29 14:05:01.449780,5.851839
2024-04-29 14:05:01.465410,4.206104
2024-04-29 14:05:01.481030,2.309278
2024-04-29 14:05:01.496660,0.1964607
2024-04-29 14:05:01.512280,-2.031515
2024-04-29 14:05:01.527910,-4.216508
2024-04-29 14:05:01.543540,-6.221418
2024-04-29 14:05:01.559160,-7.978409
2024-04-29 14:05:01.574790,-9.48867
2024-04-29 14:05:01.590410,-10.81636
2024-04-29 14:05:01.606040,-12.09671
2024-04-29 14:05:01.621660,-13.51042
2024-04-29 14:05:01.637290,-15.20948
2024-04-29 14:05:01.652920,-17.30968
2024-04-29 14:05:01.668540,-19.81813
2024-04-29 14:05:01.684170,-22.55944
2024-04-29 14:05:01.699790,-25.15817
2024-04-29 14:05:01.715420,-27.04776
2024-04-29 14:05:01.731040,-27.60165
2024-04-29 14:05:01.746670,-26.31198
2024-04-29 14:05:01.762300,-22.9933
2024-04-29 14:05:01.777920,-17.86104
2024-04-29 14:05:01.793550,-11.5163
2024-04-29 14:05:01.809170,-4.762749
2024-04-29 14:05:01.824800,1.644218
2024-04-29 14:05:01.840420,7.147508
2024-04-29 14:05:01.856050,11.48507
2024-04-29 14:05:01.871680,14.61448
2024-04-29 14:05:01.887300,16.61237
2024-04-29 14:05:01.902930,17.61194
2024-04-29 14:05:01.918550,17.75457
2024-04-29 14:05:01.934180,17.22993
2024-04-29 14:05:01.949800,16.30778
2024-04-29 14:05:01.965430,15.33064
2024-04-29 14:05:01.981060,14.62032
2024-04-29 14:05:01.996680,14.39568
2024-04-29 14:05:02.012310,14.70356
2024-04-29 14:05:02.027930,15.38616
2024-04-29 14:05:02.043560,16.16967
2024-04-29 14:05:02.059180,16.7411
2024-04-29 14:05:02.074810,16.86108
2024-04-29 14:05:02.090440,16.43958
2024-04-29 14:05:02.106060,15.5311
2024-04-29 14:05:02.121690,14.25555
2024-04-29 14:05:02.137310,12.75292
2024-04-29 14:05:02.152940,11.10529
2024-04-29 14:05:02.168560,9.304291
2024-04-29 14:05:02.184190,7.28389
2024-04-29 14:05:02.199820,4.971079
2024-04-29 14:05:02.215440,2.334293
2024-04-29 14:05:02.231070,-0.5451736
2024-04-29 14:05:02.246690,-3.479893
2024-04-29 14:05:02.262320,-6.214548
2024-04-29 14:05:02.277940,-8.493299
2024-04-29 14:05:02.293570,-10.18195
2024-04-29 14:05:02.309200,-11.32873
2024-04-29 14:05:02.324820,-12.17514
2024-04-29 14:05:02.340450,-13.10105
2024-04-29 14:05:02.356070,-14.48919
2024-04-29 14:05:02.371700,-16.56238
2024-04-29 14:05:02.387320,-19.28484
2024-04-29 14:05:02.402950,-22.27959
2024-04-29 14:05:02.418580,-24.90755
2024-04-29 14:05:02.434200,-26.44804
2024-04-29 14:05:02.449830,-26.28498
2024-04-29 14:05:02.465450,-24.08903
2024-04-29 14:05:02.481080,-19.91169
2024-04-29 14:05:02.496700,-14.173
2024-04-29 14:05:02.512330,-7.544903
2024-04-29 14:05:02.527960,-0.8087959
2024-04-29 14:05:02.543580,5.36071
2024-04-29 14:05:02.559210,10.47526
2024-04-29 14:05:02.574830,14.29862
2024-04-29 14:05:02.590460,16.81401
2024-04-29 14:05:02.606080,18.15266
2024-04-29 14:05:02.621710,18.52999
2024-04-29 14:05:02.637340,18.20554
2024-04-29 14:05:02.652960,17.47798
2024-04-29 14:05:02.668590,16.63748
2024-04-29 14:05:02.684210,15.98443
2024-04-29 14:05:02.699840,15.7226
2024-04-29 14:05:02.715460,15.93441
2024-04-29 14:05:02.731090,16.52896
2024-04-29 14:05:02.746720,17.27012
2024-04-29 14:05:02.762340,17.8529
2024-04-29 14:05:02.777970,18.01443
2024-04-29 14:05:02.793590,17.62448
2024-04-29 14:05:02.809220,16.70757
2024-04-29 14:05:02.824840,15.42984
2024-04-29 14:05:02.840470,13.9856
2024-04-29 14:05:02.856100,12.53705
2024-04-29 14:05:02.871720,11.12903
2024-04-29 14:05:02.887350,9.683151
2024-04-29 14:05:02.902970,8.015602
2024-04-29 14:05:02.918600,5.947422
2024-04-29 14:05:02.934220,3.389126
2024-04-29 14:05:02.949850,0.4126015
2024-04-29 14:05:02.965480,-2.7318
2024-04-29 14:05:02.981100,-5.712379
2024-04-29 14:05:02.996730,-8.238171
2024-04-29 14:05:03.012350,-10.1717
2024-04-29 14:05:03.027980,-11.5914
2024-04-29 14:05:03.043600,-12.7504
2024-04-29 14:05:03.059230,-13.97127
2024-04-29 14:05:03.074860,-15.53386
2024-04-29 14:05:03.090480,-17.57965
2024-04-29 14:05:03.106110,-20.01501
2024-04-29 14:05:03.121730,-22.53387
2024-04-29 14:05:03.137360,-24.61673
2024-04-29 14:05:03.152990,-25.63039
2024-04-29 14:05:03.168610,-25.02102
2024-04-29 14:05:03.184240,-22.48415
2024-04-29 14:05:03.199860,-18.12141
2024-04-29 14:05:03.215490,-12.42921
2024-04-29 14:05:03.231110,-6.152992
2024-04-29 14:05:03.246740,-0.02593613
2024-04-29 14:05:03.262370,5.422852
2024-04-29 14:05:03.277990,9.939632
2024-04-29 14:05:03.293620,13.49395
2024-04-29 14:05:03.309240,16.11258
2024-04-29 14:05:03.324870,17.79345
2024-04-29 14:05:03.340490,18.50635
2024-04-29 14:05:03.356120,18.30095
2024-04-29 14:05:03.371750,17.38258
2024-04-29 14:05:03.387370,16.17445
2024-04-29 14:05:03.403000,15.16386
2024-04-29 14:05:03.418620,14.74073
2024-04-29 14:05:03.434250,15.05029
2024-04-29 14:05:03.449870,15.9171
2024-04-29 14:05:03.465500,16.96302
2024-04-29 14:05:03.481130,17.76845
2024-04-29 14:05:03.496750,18.05481
2024-04-29 14:05:03.512380,17.74609
2024-04-29 14:05:03.528000,16.95777
2024-04-29 14:05:03.543630,15.85084
2024-04-29 14:05:03.559250,14.5568
2024-04-29 14:05:03.574880,13.1045
2024-04-29 14:05:03.590510,11.45184
2024-04-29 14:05:03.606130,9.572021
2024-04-29 14:05:03.621760,7.48613
2024-04-29 14:05:03.637380,5.284924
2024-04-29 14:05:03.653010,3.071495
2024-04-29 14:05:03.668630,0.9203186
2024-04-29 14:05:03.684260,-1.156055
2024-04-29 14:05:03.699890,-3.154682
2024-04-29 14:05:03.715510,-5.064514
2024-04-29 14:05:03.731140,-6.854504
2024-04-29 14:05:03.746760,-8.500629
2024-04-29 14:05:03.762390,-10.0231
2024-04-29 14:05:03.778010,-11.4859
2024-04-29 14:05:03.793640,-12.9861
2024-04-29 14:05:03.809270,-14.62816
2024-04-29 14:05:03.824890,-16.49678
2024-04-29 14:05:03.840520,-18.62806
2024-04-29 14:05:03.856140,-20.98775
2024-04-29 14:05:03.871770,-23.39344
2024-04-29 14:05:03.887390,-25.47171
2024-04-29 14:05:03.903020,-26.66253
2024-04-29 14:05:03.918650,-26.36639
2024-04-29 14:05:03.934270,-24.16807
2024-04-29 14:05:03.949900,-20.06557
2024-04-29 14:05:03.965520,-14.51967
2024-04-29 14:05:03.981150,-8.30917
2024-04-29 14:05:03.996770,-2.269043
2024-04-29 14:05:04.012400,2.996445
2024-04-29 14:05:04.028030,7.255466
2024-04-29 14:05:04.043650,10.57262
2024-04-29 14:05:04.059280,13.13134
2024-04-29 14:05:04.074900,15.04919
2024-04-29 14:05:04.090530,16.30815
2024-04-29 14:05:04.106150,16.83556
2024-04-29 14:05:04.121780,16.65792
2024-04-29 14:05:04.137410,15.95856
2024-04-29 14:05:04.153030,15.09106
2024-04-29 14:05:04.168660,14.42095
2024-04-29 14:05:04.184280,14.19112
2024-04-29 14:05:04.199910,14.41167
2024-04-29 14:05:04.215530,14.87056
2024-04-29 14:05:04.231160,15.24073
2024-04-29 14:05:04.246790,15.24045
2024-04-29 14:05:04.262410,14.73767
2024-04-29 14:05:04.278040,13.80862
2024-04-29 14:05:04.293660,12.65675
2024-04-29 14:05:04.309290,11.5043
2024-04-29 14:05:04.324910,10.47102
2024-04-29 14:05:04.340540,9.547428
2024-04-29 14:05:04.356170,8.59782
2024-04-29 14:05:04.371790,7.441673
2024-04-29 14:05:04.387420,5.957279
2024-04-29 14:05:04.403040,4.127129
2024-04-29 14:05:04.418670,2.05822
2024-04-29 14:05:04.434290,-0.04602814
2024-04-29 14:05:04.449920,-1.975353
2024-04-29 14:05:04.465550,-3.594955
2024-04-29 14:05:04.481170,-4.881321
2024-04-29 14:05:04.496800,-5.89941
2024-04-29 14:05:04.512420,-6.776417
2024-04-29 14:05:04.528050,-7.608154
2024-04-29 14:05:04.543670,-8.458809
2024-04-29 14:05:04.559300,-9.395409
2024-04-29 14:05:04.574930,-10.5377
2024-04-29 14:05:04.590550,-12.04898
2024-04-29 14:05:04.606180,-14.06578
2024-04-29 14:05:04.621800,-16.5026
2024-04-29 14:05:04.637430,-18.96017
2024-04-29 14:05:04.653050,-20.72849
2024-04-29 14:05:04.668680,-21.04692
2024-04-29 14:05:04.684310,-19.37539
2024-04-29 14:05:04.699930,-15.67915
2024-04-29 14:05:04.715560,-10.45755
2024-04-29 14:05:04.731180,-4.563469
2024-04-29 14:05:04.746810,1.099876
2024-04-29 14:05:04.762430,5.864803
2024-04-29 14:05:04.778060,9.43343
2024-04-29 14:05:04.793690,11.81303
2024-04-29 14:05:04.809310,13.17951
2024-04-29 14:05:04.824940,13.70916
2024-04-29 14:05:04.840560,13.54396
2024-04-29 14:05:04.856190,12.80875
2024-04-29 14:05:04.871810,11.68862
2024-04-29 14:05:04.887440,10.43347
2024-04-29 14:05:04.903070,9.328247
2024-04-29 14:05:04.918690,8.603519
2024-04-29 14:05:04.934320,8.326698
2024-04-29 14:05:04.949940,8.384853
2024-04-29 14:05:04.965570,8.513744
2024-04-29 14:05:04.981190,8.404469
2024-04-29 14:05:04.996820,7.840145
2024-04-29 14:05:05.012450,6.772125
2024-04-29 14:05:05.028070,5.341511
2024-04-29 14:05:05.043700,3.79121
2024-04-29 14:05:05.059320,2.371738
2024-04-29 14:05:05.074950,1.17625
2024-04-29 14:05:05.090570,0.1510315
2024-04-29 14:05:05.106200,-0.8778496
2024-04-29 14:05:05.121830,-2.099716
2024-04-29 14:05:05.137450,-3.604801
2024-04-29 14:05:05.153080,-5.343513
2024-04-29 14:05:05.168700,-7.170429
2024-04-29 14:05:05.184330,-8.895031
2024-04-29 14:05:05.199950,-10.34656
2024-04-29 14:05:05.215580,-11.45272
2024-04-29 14:05:05.231210,-12.22064
2024-04-29 14:05:05.246830,-12.75661
2024-04-29 14:05:05.262460,-13.23372
2024-04-29 14:05:05.278080,-13.83386
2024-04-29 14:05:05.293710,-14.71129
2024-04-29 14:05:05.309330,-15.90713
2024-04-29 14:05:05.324960,-17.33542
2024-04-29 14:05:05.340590,-18.72211
2024-04-29 14:05:05.356210,-19.6609
2024-04-29 14:05:05.371840,-19.68774
2024-04-29 14:05:05.387460,-18.41691
2024-04-29 14:05:05.403090,-15.65667
2024-04-29 14:05:05.418720,-11.47959
2024-04-29 14:05:05.434340,-6.246273
2024-04-29 14:05:05.449970,-0.4923286
2024-04-29 14:05:05.465590,5.166246
2024-04-29 14:05:05.481220,10.19684
2024-04-29 14:05:05.496840,14.2629
2024-04-29 14:05:05.512470,17.24242
2024-04-29 14:05:05.528100,19.20675
2024-04-29 14:05:05.543720,20.32024
2024-04-29 14:05:05.559350,20.80753
2024-04-29 14:05:05.574970,20.85122
2024-04-29 14:05:05.590600,20.62322
2024-04-29 14:05:05.606220,20.24138
2024-04-29 14:05:05.621850,19.77863
2024-04-29 14:05:05.637480,19.2776
2024-04-29 14:05:05.653100,18.7456
2024-04-29 14:05:05.668730,18.18026
2024-04-29 14:05:05.684350,17.55429
2024-04-29 14:05:05.699980,16.84917
2024-04-29 14:05:05.715600,16.01474
2024-04-29 14:05:05.731230,15.02319
2024-04-29 14:05:05.746860,13.85859
2024-04-29 14:05:05.762480,12.50956
2024-04-29 14:05:05.778110,10.98259
2024-04-29 14:05:05.793730,9.291489
2024-04-29 14:05:05.809360,7.453136
2024-04-29 14:05:05.824980,5.475191
2024-04-29 14:05:05.840610,3.349567
2024-04-29 14:05:05.856240,1.069719
2024-04-29 14:05:05.871860,-1.36042
2024-04-29 14:05:05.887490,-3.894005
2024-04-29 14:05:05.903110,-6.457382
2024-04-29 14:05:05.918740,-8.950428
2024-04-29 14:05:05.934360,-11.28662
2024-04-29 14:05:05.949990,-13.40129
2024-04-29 14:05:05.965620,-15.27766
2024-04-29 14:05:05.981240,-16.98255
2024-04-29 14:05:05.996870,-18.63843
2024-04-29 14:05:06.012490,-20.4154
2024-04-29 14:05:06.028120,-22.46881
2024-04-29 14:05:06.043740,-24.88161
2024-04-29 14:05:06.059370,-27.60201
2024-04-29 14:05:06.075000,-30.41506
2024-04-29 14:05:06.090620,-32.92505
2024-04-29 14:05:06.106250,-34.6164
2024-04-29 14:05:06.121870,-34.95371
2024-04-29 14:05:06.137500,-33.50462
2024-04-29 14:05:06.153120,-30.08814
2024-04-29 14:05:06.168750,-24.86948
2024-04-29 14:05:06.184380,-18.34045
2024-04-29 14:05:06.200000,-11.20044
2024-04-29 14:05:06.215630,-4.205381
2024-04-29 14:05:06.231250,2.030483
2024-04-29 14:05:06.246880,7.146348
2024-04-29 14:05:06.262500,11.05544
2024-04-29 14:05:06.278130,13.84505
2024-04-29 14:05:06.293760,15.6899
2024-04-29 14:05:06.309380,16.76104
2024-04-29 14:05:06.325010,17.21785
2024-04-29 14:05:06.340630,17.25496
2024-04-29 14:05:06.356260,17.10929
2024-04-29 14:05:06.371880,17.03859
2024-04-29 14:05:06.387510,17.25544
2024-04-29 14:05:06.403140,17.83083
2024-04-29 14:05:06.418760,18.68348
2024-04-29 14:05:06.434390,19.56966
2024-04-29 14:05:06.450010,20.19003
2024-04-29 14:05:06.465640,20.31467
2024-04-29 14:05:06.481260,19.85673
2024-04-29 14:05:06.496890,18.90851
2024-04-29 14:05:06.512520,17.66047
2024-04-29 14:05:06.528140,16.29491
2024-04-29 14:05:06.543770,14.91293
2024-04-29 14:05:06.559390,13.50855
2024-04-29 14:05:06.575020,11.99609
2024-04-29 14:05:06.590640,10.2747
2024-04-29 14:05:06.606270,8.298153
2024-04-29 14:05:06.621900,6.070054
2024-04-29 14:05:06.637520,3.637984
2024-04-29 14:05:06.653150,1.069916
2024-04-29 14:05:06.668770,-1.572039
2024-04-29 14:05:06.684400,-4.197248
2024-04-29 14:05:06.700020,-6.705402
2024-04-29 14:05:06.715650,-8.972193
2024-04-29 14:05:06.731280,-10.93833
2024-04-29 14:05:06.746900,-12.63467
2024-04-29 14:05:06.762530,-14.22869
2024-04-29 14:05:06.778150,-15.97344
2024-04-29 14:05:06.793780,-18.09341
2024-04-29 14:05:06.809400,-20.67019
2024-04-29 14:05:06.825030,-23.56043
2024-04-29 14:05:06.840660,-26.39315
2024-04-29 14:05:06.856280,-28.62368
2024-04-29 14:05:06.871910,-29.68648
2024-04-29 14:05:06.887530,-29.1009
2024-04-29 14:05:06.903160,-26.67347
2024-04-29 14:05:06.918780,-22.5291
2024-04-29 14:05:06.934410,-17.13434
2024-04-29 14:05:06.950040,-11.15775
2024-04-29 14:05:06.965660,-5.277126
2024-04-29 14:05:06.981290,0.001310885
2024-04-29 14:05:06.996910,4.448927
2024-04-29 14:05:07.012540,8.043089
2024-04-29 14:05:07.028160,10.87211
2024-04-29 14:05:07.043790,12.99908
2024-04-29 14:05:07.059420,14.45463
2024-04-29 14:05:07.075040,15.28042
2024-04-29 14:05:07.090670,15.58176
2024-04-29 14:05:07.106290,15.57115
2024-04-29 14:05:07.121920,15.48968
2024-04-29 14:05:07.137540,15.53663
2024-04-29 14:05:07.153170,15.77688
2024-04-29 14:05:07.168800,16.18137
2024-04-29 14:05:07.184420,16.66689
2024-04-29 14:05:07.200050,17.15355
2024-04-29 14:05:07.215670,17.61561
2024-04-29 14:05:07.231300,17.99902
2024-04-29 14:05:07.246920,18.19809
2024-04-29 14:05:07.262550,18.0365
2024-04-29 14:05:07.278180,17.34954
2024-04-29 14:05:07.293800,16.04574
2024-04-29 14:05:07.309430,14.19004
2024-04-29 14:05:07.325050,12.00362
2024-04-29 14:05:07.340680,9.762688
2024-04-29 14:05:07.356300,7.722393
2024-04-29 14:05:07.371930,5.993874
2024-04-29 14:05:07.387560,4.522521
2024-04-29 14:05:07.403180,3.11143
2024-04-29 14:05:07.418810,1.569405
2024-04-29 14:05:07.434430,-0.2377586
2024-04-29 14:05:07.450060,-2.301485
2024-04-29 14:05:07.465680,-4.517767
2024-04-29 14:05:07.481310,-6.77098
2024-04-29 14:05:07.496940,-8.976314
2024-04-29 14:05:07.512560,-11.13727
2024-04-29 14:05:07.528190,-13.31236
2024-04-29 14:05:07.543810,-15.57006
2024-04-29 14:05:07.559440,-17.93544
2024-04-29 14:05:07.575060,-20.39237
2024-04-29 14:05:07.590690,-22.87446
2024-04-29 14:05:07.606320,-25.26491
2024-04-29 14:05:07.621940,-27.37232
2024-04-29 14:05:07.637570,-28.88612
2024-04-29 14:05:07.653190,-29.41396
2024-04-29 14:05:07.668820,-28.57838
2024-04-29 14:05:07.684440,-26.13489
2024-04-29 14:05:07.700070,-22.10573
2024-04-29 14:05:07.715700,-16.83835
2024-04-29 14:05:07.731320,-10.90942
2024-04-29 14:05:07.746950,-5.002644
2024-04-29 14:05:07.762570,0.2781811
2024-04-29 14:05:07.778200,4.578686
2024-04-29 14:05:07.793820,7.796307
2024-04-29 14:05:07.809450,10.01891
2024-04-29 14:05:07.825080,11.42655
2024-04-29 14:05:07.840700,12.18596
2024-04-29 14:05:07.856330,12.42017
2024-04-29 14:05:07.871950,12.27782
2024-04-29 14:05:07.887580,11.94975
2024-04-29 14:05:07.903200,11.67976
2024-04-29 14:05:07.918830,11.71317
2024-04-29 14:05:07.934460,12.20307
2024-04-29 14:05:07.950080,13.11912
2024-04-29 14:05:07.965710,14.26206
2024-04-29 14:05:07.981330,15.32961
2024-04-29 14:05:07.996960,16.03907
2024-04-29 14:05:08.012590,16.2421
2024-04-29 14:05:08.028210,15.9459
2024-04-29 14:05:08.043840,15.25978
2024-04-29 14:05:08.059460,14.3124
2024-04-29 14:05:08.075090,13.18761
2024-04-29 14:05:08.090710,11.90335
2024-04-29 14:05:08.106340,10.46733
2024-04-29 14:05:08.121970,8.932938
2024-04-29 14:05:08.137590,7.403067
2024-04-29 14:05:08.153220,5.997887
2024-04-29 14:05:08.168840,4.755634
2024-04-29 14:05:08.184470,3.592766
2024-04-29 14:05:08.200090,2.360424
2024-04-29 14:05:08.215720,0.8976364
2024-04-29 14:05:08.231350,-0.8321571
2024-04-29 14:05:08.246970,-2.717911
2024-04-29 14:05:08.262600,-4.549038
2024-04-29 14:05:08.278220,-6.121323
2024-04-29 14:05:08.293850,-7.336735
2024-04-29 14:05:08.309470,-8.250881
2024-04-29 14:05:08.325100,-9.060684
2024-04-29 14:05:08.340730,-9.992889
2024-04-29 14:05:08.356350,-11.25903
2024-04-29 14:05:08.371980,-12.97499
2024-04-29 14:05:08.387600,-15.11811
2024-04-29 14:05:08.403230,-17.50068
2024-04-29 14:05:08.418850,-19.78397
2024-04-29 14:05:08.434480,-21.48825
2024-04-29 14:05:08.450110,-22.09025
2024-04-29 14:05:08.465730,-21.18438
2024-04-29 14:05:08.481360,-18.60023
2024-04-29 14:05:08.496980,-14.52554
2024-04-29 14:05:08.512610,-9.477367
2024-04-29 14:05:08.528230,-4.180088
2024-04-29 14:05:08.543860,0.6534119
2024-04-29 14:05:08.559490,4.493397
2024-04-29 14:05:08.575110,7.115509
2024-04-29 14:05:08.590740,8.601788
2024-04-29 14:05:08.606360,9.188004
2024-04-29 14:05:08.621990,9.157364
2024-04-29 14:05:08.637610,8.738277
2024-04-29 14:05:08.653240,8.106369
2024-04-29 14:05:08.668870,7.41703
2024-04-29 14:05:08.684490,6.86124
2024-04-29 14:05:08.700120,6.652889
2024-04-29 14:05:08.715740,6.934853
2024-04-29 14:05:08.731370,7.721691
2024-04-29 14:05:08.746990,8.859882
2024-04-29 14:05:08.762620,10.0793
2024-04-29 14:05:08.778250,11.0774
2024-04-29 14:05:08.793870,11.62682
2024-04-29 14:05:08.809500,11.61654
2024-04-29 14:05:08.825120,11.05329
2024-04-29 14:05:08.840750,10.03674
2024-04-29 14:05:08.856370,8.733471
2024-04-29 14:05:08.872000,7.319534
2024-04-29 14:05:08.887630,5.953163
2024-04-29 14:05:08.903250,4.7584
2024-04-29 14:05:08.918880,3.745743
2024-04-29 14:05:08.934500,2.853397
2024-04-29 14:05:08.950130,1.943718
2024-04-29 14:05:08.965750,0.8860512
2024-04-29 14:05:08.981380,-0.3806725
2024-04-29 14:05:08.997010,-1.820007
2024-04-29 14:05:09.012630,-3.319412
2024-04-29 14:05:09.028260,-4.764889
2024-04-29 14:05:09.043880,-6.068958
2024-04-29 14:05:09.059510,-7.220524
2024-04-29 14:05:09.075130,-8.231663
2024-04-29 14:05:09.090760,-9.126057
2024-04-29 14:05:09.106390,-9.935753
2024-04-29 14:05:09.122010,-10.72929
2024-04-29 14:05:09.137640,-11.65026
2024-04-29 14:05:09.153260,-12.86484
2024-04-29 14:05:09.168890,-14.49091
2024-04-29 14:05:09.184510,-16.44174
2024-04-29 14:05:09.200140,-18.34381
2024-04-29 14:05:09.215770,-19.57994
2024-04-29 14:05:09.231390,-19.50568
2024-04-29 14:05:09.247020,-17.69815
2024-04-29 14:05:09.262640,-14.15336
2024-04-29 14:05:09.278270,-9.320908
2024-04-29 14:05:09.293890,-3.939926
2024-04-29 14:05:09.309520,1.197319
2024-04-29 14:05:09.325150,5.47702
2024-04-29 14:05:09.340770,8.562775
2024-04-29 14:05:09.356400,10.43275
2024-04-29 14:05:09.372020,11.22786
2024-04-29 14:05:09.387650,11.17619
2024-04-29 14:05:09.403270,10.51619
2024-04-29 14:05:09.418900,9.473907
2024-04-29 14:05:09.434530,8.283295
2024-04-29 14:05:09.450150,7.187126
2024-04-29 14:05:09.465780,6.426323
2024-04-29 14:05:09.481400,6.164505
2024-04-29 14:05:09.497030,6.460297
2024-04-29 14:05:09.512650,7.196968
2024-04-29 14:05:09.528280,8.123482
2024-04-29 14:05:09.543910,8.933739
2024-04-29 14:05:09.559530,9.35611
2024-04-29 14:05:09.575160,9.251846
2024-04-29 14:05:09.590780,8.621208
2024-04-29 14:05:09.606410,7.599144
2024-04-29 14:05:09.622030,6.364738
2024-04-29 14:05:09.637660,5.087692
2024-04-29 14:05:09.653290,3.865898
2024-04-29 14:05:09.668910,2.732376
2024-04-29 14:05:09.684540,1.643013
2024-04-29 14:05:09.700160,0.5334625
2024-04-29 14:05:09.715790,-0.6904831
2024-04-29 14:05:09.731410,-2.087669
2024-04-29 14:05:09.747040,-3.643974
2024-04-29 14:05:09.762670,-5.276489
2024-04-29 14:05:09.778290,-6.829575
2024-04-29 14:05:09.793920,-8.165825
2024-04-29 14:05:09.809540,-9.200027
2024-04-29 14:05:09.825170,-9.958618
2024-04-29 14:05:09.840790,-10.54729
2024-04-29 14:05:09.856420,-11.13136
2024-04-29 14:05:09.872050,-11.89359
2024-04-29 14:05:09.887670,-12.98437
2024-04-29 14:05:09.903300,-14.4762
2024-04-29 14:05:09.918920,-16.3055
2024-04-29 14:05:09.934550,-18.22975
2024-04-29 14:05:09.950170,-19.83359
2024-04-29 14:05:09.965800,-20.61634
2024-04-29 14:05:09.981430,-20.1232
2024-04-29 14:05:09.997050,-18.12959
2024-04-29 14:05:10.012680,-14.74155
2024-04-29 14:05:10.028300,-10.36909
2024-04-29 14:05:10.043930,-5.615685
2024-04-29 14:05:10.059550,-1.057121
2024-04-29 14:05:10.075180,2.921196
2024-04-29 14:05:10.090810,6.1241
2024-04-29 14:05:10.106430,8.492188
2024-04-29 14:05:10.122060,9.988991
2024-04-29 14:05:10.137680,10.55575
2024-04-29 14:05:10.153310,10.14043
2024-04-29 14:05:10.168940,8.834496
2024-04-29 14:05:10.184560,6.907875
2024-04-29 14:05:10.200190,4.827217
2024-04-29 14:05:10.215810,3.122925
2024-04-29 14:05:10.231440,2.199982
2024-04-29 14:05:10.247060,2.224205
2024-04-29 14:05:10.262690,3.04216
2024-04-29 14:05:10.278320,4.293724
2024-04-29 14:05:10.293940,5.545647
2024-04-29 14:05:10.309570,6.45974
2024-04-29 14:05:10.325190,6.860786
2024-04-29 14:05:10.340820,6.748451
2024-04-29 14:05:10.356440,6.225403
2024-04-29 14:05:10.372070,5.387405
2024-04-29 14:05:10.387700,4.318527
2024-04-29 14:05:10.403320,3.028618
2024-04-29 14:05:10.418950,1.49408
2024-04-29 14:05:10.434570,-0.3145752
2024-04-29 14:05:10.450200,-2.347794
2024-04-29 14:05:10.465820,-4.508461
2024-04-29 14:05:10.481450,-6.61982
2024-04-29 14:05:10.497080,-8.502907
2024-04-29 14:05:10.512700,-10.05157
2024-04-29 14:05:10.528330,-11.22871
2024-04-29 14:05:10.543950,-12.10593
2024-04-29 14:05:10.559580,-12.7992
2024-04-29 14:05:10.575200,-13.44531
2024-04-29 14:05:10.590830,-14.17536
2024-04-29 14:05:10.606460,-15.11404
2024-04-29 14:05:10.622080,-16.35954
2024-04-29 14:05:10.637710,-17.91441
2024-04-29 14:05:10.653330,-19.64558
2024-04-29 14:05:10.668960,-21.20821
2024-04-29 14:05:10.684580,-22.1379
2024-04-29 14:05:10.700210,-21.94559
2024-04-29 14:05:10.715840,-20.30132
2024-04-29 14:05:10.731460,-17.15714
2024-04-29 14:05:10.747090,-12.79804
2024-04-29 14:05:10.762710,-7.743599
2024-04-29 14:05:10.778340,-2.59726
2024-04-29 14:05:10.793960,2.104019
2024-04-29 14:05:10.809590,6.005684
2024-04-29 14:05:10.825220,8.922218
2024-04-29 14:05:10.840840,10.82501
2024-04-29 14:05:10.856470,11.76351
2024-04-29 14:05:10.872090,11.83627
2024-04-29 14:05:10.887720,11.18452
2024-04-29 14:05:10.903340,10.03224
2024-04-29 14:05:10.918970,8.688316
2024-04-29 14:05:10.934600,7.514923
2024-04-29 14:05:10.950220,6.852036
2024-04-29 14:05:10.965850,6.896477
2024-04-29 14:05:10.981470,7.631195
2024-04-29 14:05:10.997100,8.833771
2024-04-29 14:05:11.012720,10.13943
2024-04-29 14:05:11.028350,11.20527
2024-04-29 14:05:11.043980,11.80918
2024-04-29 14:05:11.059600,11.89345
2024-04-29 14:05:11.075230,11.50451
2024-04-29 14:05:11.090850,10.73615
2024-04-29 14:05:11.106480,9.674122
2024-04-29 14:05:11.122100,8.369717
2024-04-29 14:05:11.137730,6.846493
2024-04-29 14:05:11.153360,5.101501
2024-04-29 14:05:11.168980,3.136192
2024-04-29 14:05:11.184610,0.9777527
2024-04-29 14:05:11.200230,-1.281326
2024-04-29 14:05:11.215860,-3.500851
2024-04-29 14:05:11.231480,-5.517303
2024-04-29 14:05:11.247110,-7.20644
2024-04-29 14:05:11.262740,-8.542526
2024-04-29 14:05:11.278360,-9.623795
2024-04-29 14:05:11.293990,-10.64566
2024-04-29 14:05:11.309610,-11.81814
2024-04-29 14:05:11.325240,-13.28178
2024-04-29 14:05:11.340860,-15.01159
2024-04-29 14:05:11.356490,-16.81991
2024-04-29 14:05:11.372120,-18.35821
2024-04-29 14:05:11.387740,-19.23633
2024-04-29 14:05:11.403370,-19.09595
2024-04-29 14:05:11.418990,-17.70669
2024-04-29 14:05:11.434620,-15.02315
2024-04-29 14:05:11.450240,-11.21663
2024-04-29 14:05:11.465870,-6.634529
2024-04-29 14:05:11.481500,-1.734562
2024-04-29 14:05:11.497120,3.017998
2024-04-29 14:05:11.512750,7.234795
2024-04-29 14:05:11.528370,10.63622
2024-04-29 14:05:11.544000,13.06116
2024-04-29 14:05:11.559620,14.43216
2024-04-29 14:05:11.575250,14.77067
2024-04-29 14:05:11.590880,14.20943
2024-04-29 14:05:11.606500,12.9869
2024-04-29 14:05:11.622130,11.45485
2024-04-29 14:05:11.637750,10.01375
2024-04-29 14:05:11.653380,9.017147
2024-04-29 14:05:11.669000,8.639217
2024-04-29 14:05:11.684630,8.846191
2024-04-29 14:05:11.700260,9.417503
2024-04-29 14:05:11.715880,10.06248
2024-04-29 14:05:11.731510,10.53848
2024-04-29 14:05:11.747130,10.73055
2024-04-29 14:05:11.762760,10.6438
2024-04-29 14:05:11.778380,10.33236
2024-04-29 14:05:11.794010,9.820108
2024-04-29 14:05:11.809640,9.07419
2024-04-29 14:05:11.825260,8.0357
2024-04-29 14:05:11.840890,6.6632
2024-04-29 14:05:11.856510,4.96361
2024-04-29 14:05:11.872140,3.020065
2024-04-29 14:05:11.887760,0.9649487
2024-04-29 14:05:11.903390,-1.057674
2024-04-29 14:05:11.919020,-2.918056
2024-04-29 14:05:11.934640,-4.527252
2024-04-29 14:05:11.950270,-5.864134
2024-04-29 14:05:11.965890,-6.972574
2024-04-29 14:05:11.981520,-7.982023
2024-04-29 14:05:11.997140,-9.090845
2024-04-29 14:05:12.012770,-10.47982
2024-04-29 14:05:12.028400,-12.21035
2024-04-29 14:05:12.044020,-14.13994
2024-04-29 14:05:12.059650,-15.88489
2024-04-29 14:05:12.075270,-16.91448
2024-04-29 14:05:12.090900,-16.69991
2024-04-29 14:05:12.106520,-14.91557
2024-04-29 14:05:12.122150,-11.57467
2024-04-29 14:05:12.137780,-7.026899
2024-04-29 14:05:12.153400,-1.867182
2024-04-29 14:05:12.169030,3.230896
2024-04-29 14:05:12.184650,7.688875
2024-04-29 14:05:12.200280,11.12229
2024-04-29 14:05:12.215900,13.34112
2024-04-29 14:05:12.231530,14.3329
2024-04-29 14:05:12.247160,14.19542
2024-04-29 14:05:12.262780,13.14475
2024-04-29 14:05:12.278410,11.50841
2024-04-29 14:05:12.294030,9.70149
2024-04-29 14:05:12.309660,8.162417
2024-04-29 14:05:12.325280,7.256152
2024-04-29 14:05:12.340910,7.149598
2024-04-29 14:05:12.356540,7.752455
2024-04-29 14:05:12.372160,8.761459
2024-04-29 14:05:12.387790,9.770733
2024-04-29 14:05:12.403410,10.44049
2024-04-29 14:05:12.419040,10.60475
2024-04-29 14:05:12.434660,10.32085
2024-04-29 14:05:12.450290,9.781719
2024-04-29 14:05:12.465920,9.15925
2024-04-29 14:05:12.481540,8.542064
2024-04-29 14:05:12.497170,7.833177
2024-04-29 14:05:12.512790,6.859862
2024-04-29 14:05:12.528420,5.451878
2024-04-29 14:05:12.544040,3.56516
2024-04-29 14:05:12.559670,1.3025
2024-04-29 14:05:12.575300,-1.100125
2024-04-29 14:05:12.590920,-3.38227
2024-04-29 14:05:12.606550,-5.343147
2024-04-29 14:05:12.622170,-6.934966
2024-04-29 14:05:12.637800,-8.265142
2024-04-29 14:05:12.653420,-9.565808
2024-04-29 14:05:12.669050,-11.09664
2024-04-29 14:05:12.684680,-13.00443
2024-04-29 14:05:12.700300,-15.2029
2024-04-29 14:05:12.715930,-17.3316
2024-04-29 14:05:12.731550,-18.82841
2024-04-29 14:05:12.747180,-19.09651
2024-04-29 14:05:12.762800,-17.72993
2024-04-29 14:05:12.778430,-14.68077
2024-04-29 14:05:12.794060,-10.28657
2024-04-29 14:05:12.809680,-5.14957
2024-04-29 14:05:12.825310,0.06994486
2024-04-29 14:05:12.840930,4.85377
2024-04-29 14:05:12.856560,8.890209
2024-04-29 14:05:12.872190,12.0415
2024-04-29 14:05:12.887810,14.24428
2024-04-29 14:05:12.903440,15.439
2024-04-29 14:05:12.919060,15.56991
2024-04-29 14:05:12.934690,14.69044
2024-04-29 14:05:12.950310,13.04792
2024-04-29 14:05:12.965940,11.05091
2024-04-29 14:05:12.981570,9.212375
2024-04-29 14:05:12.997190,7.939373
2024-04-29 14:05:13.012820,7.444421
2024-04-29 14:05:13.028440,7.658256
2024-04-29 14:05:13.044070,8.322745
2024-04-29 14:05:13.059690,9.082088
2024-04-29 14:05:13.075320,9.645746
2024-04-29 14:05:13.090950,9.852356
2024-04-29 14:05:13.106570,9.673136
2024-04-29 14:05:13.122200,9.164221
2024-04-29 14:05:13.137820,8.373466
2024-04-29 14:05:13.153450,7.321052
2024-04-29 14:05:13.169070,5.983918
2024-04-29 14:05:13.184700,4.353056
2024-04-29 14:05:13.200330,2.463987
2024-04-29 14:05:13.215950,0.4006133
2024-04-29 14:05:13.231580,-1.724385
2024-04-29 14:05:13.247200,-3.82436
2024-04-29 14:05:13.262830,-5.8843
2024-04-29 14:05:13.278450,-7.962602
2024-04-29 14:05:13.294080,-10.15445
2024-04-29 14:05:13.309710,-12.55012
2024-04-29 14:05:13.325330,-15.19024
2024-04-29 14:05:13.340960,-17.98537
2024-04-29 14:05:13.356580,-20.70798
2024-04-29 14:05:13.372210,-22.9662
2024-04-29 14:05:13.387830,-24.25486
2024-04-29 14:05:13.403460,-24.07649
2024-04-29 14:05:13.419090,-22.09077
2024-04-29 14:05:13.434710,-18.28315
2024-04-29 14:05:13.450340,-13.013
2024-04-29 14:05:13.465960,-6.972214
2024-04-29 14:05:13.481590,-0.9863977
2024-04-29 14:05:13.497210,4.191338
2024-04-29 14:05:13.512840,8.047633
2024-04-29 14:05:13.528470,10.38206
2024-04-29 14:05:13.544090,11.28278
2024-04-29 14:05:13.559720,11.00962
2024-04-29 14:05:13.575340,9.890842
2024-04-29 14:05:13.590970,8.270452
2024-04-29 14:05:13.606590,6.454676
2024-04-29 14:05:13.622220,4.759667
2024-04-29 14:05:13.637850,3.467488
2024-04-29 14:05:13.653470,2.798577
2024-04-29 14:05:13.669100,2.835006
2024-04-29 14:05:13.684720,3.483617
2024-04-29 14:05:13.700350,4.49577
2024-04-29 14:05:13.715970,5.549356
2024-04-29 14:05:13.731600,6.344249
2024-04-29 14:05:13.747230,6.704142
2024-04-29 14:05:13.762850,6.584232
2024-04-29 14:05:13.778480,6.026686
2024-04-29 14:05:13.794100,5.09537
2024-04-29 14:05:13.809730,3.825525
2024-04-29 14:05:13.825350,2.236635
2024-04-29 14:05:13.840980,0.4090111
2024-04-29 14:05:13.856610,-1.502479
2024-04-29 14:05:13.872230,-3.287021
2024-04-29 14:05:13.887860,-4.764373
2024-04-29 14:05:13.903480,-5.892833
2024-04-29 14:05:13.919110,-6.813951
2024-04-29 14:05:13.934730,-7.813169
2024-04-29 14:05:13.950360,-9.169336
2024-04-29 14:05:13.965990,-11.02749
2024-04-29 14:05:13.981610,-13.28924
2024-04-29 14:05:13.997240,-15.60905
2024-04-29 14:05:14.012860,-17.46166
2024-04-29 14:05:14.028490,-18.30192
2024-04-29 14:05:14.044110,-17.71792
2024-04-29 14:05:14.059740,-15.55159
2024-04-29 14:05:14.075370,-11.98668
2024-04-29 14:05:14.090990,-7.475859
2024-04-29 14:05:14.106620,-2.65238
2024-04-29 14:05:14.122240,1.867877
2024-04-29 14:05:14.137870,5.622209
2024-04-29 14:05:14.153490,8.406733
2024-04-29 14:05:14.169120,10.22477
2024-04-29 14:05:14.184750,11.201
2024-04-29 14:05:14.200370,11.46992
2024-04-29 14:05:14.216000,11.12018
2024-04-29 14:05:14.231620,10.24952
2024-04-29 14:05:14.247250,9.001514
2024-04-29 14:05:14.262870,7.603268
2024-04-29 14:05:14.278500,6.327912
2024-04-29 14:05:14.294130,5.408122
2024-04-29 14:05:14.309750,4.959574
2024-04-29 14:05:14.325380,4.927006
2024-04-29 14:05:14.341000,5.148364
2024-04-29 14:05:14.356630,5.414836
2024-04-29 14:05:14.372250,5.570825
2024-04-29 14:05:14.387880,5.52094
2024-04-29 14:05:14.403510,5.211197
2024-04-29 14:05:14.419130,4.582642
2024-04-29 14:05:14.434760,3.567593
2024-04-29 14:05:14.450380,2.100258
2024-04-29 14:05:14.466010,0.1785984
2024-04-29 14:05:14.481630,-2.08021
2024-04-29 14:05:14.497260,-4.470364
2024-04-29 14:05:14.512890,-6.732439
2024-04-29 14:05:14.528510,-8.647581
2024-04-29 14:05:14.544140,-10.17691
2024-04-29 14:05:14.559760,-11.47307
2024-04-29 14:05:14.575390,-12.80106
2024-04-29 14:05:14.591010,-14.39391
2024-04-29 14:05:14.606640,-16.25546
2024-04-29 14:05:14.622270,-18.09263
2024-04-29 14:05:14.637890,-19.37562
2024-04-29 14:05:14.653520,-19.52572
2024-04-29 14:05:14.669140,-18.14199
2024-04-29 14:05:14.684770,-15.18223
2024-04-29 14:05:14.700390,-10.95762
2024-04-29 14:05:14.716020,-6.003069
2024-04-29 14:05:14.731650,-0.9135323
2024-04-29 14:05:14.747270,3.845955
2024-04-29 14:05:14.762900,7.95326
2024-04-29 14:05:14.778520,11.21982
2024-04-29 14:05:14.794150,13.51792
2024-04-29 14:05:14.809770,14.77233
2024-04-29 14:05:14.825400,14.96963
2024-04-29 14:05:14.841030,14.22517
2024-04-29 14:05:14.856650,12.8309
2024-04-29 14:05:14.872280,11.18409
2024-04-29 14:05:14.887900,9.718662
2024-04-29 14:05:14.903530,8.75946
2024-04-29 14:05:14.919150,8.414234
2024-04-29 14:05:14.934780,8.604912
2024-04-29 14:05:14.950410,9.104351
2024-04-29 14:05:14.966030,9.665298
2024-04-29 14:05:14.981660,10.06176
2024-04-29 14:05:14.997280,10.13457
2024-04-29 14:05:15.012910,9.73399
2024-04-29 14:05:15.028540,8.784939
2024-04-29 14:05:15.044160,7.2831
2024-04-29 14:05:15.059790,5.326
2024-04-29 14:05:15.075410,3.107582
2024-04-29 14:05:15.091040,0.8706512
2024-04-29 14:05:15.106660,-1.1931
2024-04-29 14:05:15.122290,-3.013264
2024-04-29 14:05:15.137920,-4.632622
2024-04-29 14:05:15.153540,-6.199932
2024-04-29 14:05:15.169170,-7.86174
2024-04-29 14:05:15.184790,-9.69376
2024-04-29 14:05:15.200420,-11.66978
2024-04-29 14:05:15.216040,-13.62525
2024-04-29 14:05:15.231670,-15.28603
2024-04-29 14:05:15.247300,-16.27847
2024-04-29 14:05:15.262920,-16.20655
2024-04-29 14:05:15.278550,-14.75658
2024-04-29 14:05:15.294170,-11.83435
2024-04-29 14:05:15.309800,-7.607677
2024-04-29 14:05:15.325420,-2.529297
2024-04-29 14:05:15.341050,2.78344
2024-04-29 14:05:15.356680,7.707436
2024-04-29 14:05:15.372300,11.72308
2024-04-29 14:05:15.387930,14.54533
2024-04-29 14:05:15.403550,16.09948
2024-04-29 14:05:15.419180,16.50957
2024-04-29 14:05:15.434800,15.99517
2024-04-29 14:05:15.450430,14.82903
2024-04-29 14:05:15.466060,13.27399
2024-04-29 14:05:15.481680,11.56986
2024-04-29 14:05:15.497310,9.951683
2024-04-29 14:05:15.512930,8.614307
2024-04-29 14:05:15.528560,7.70681
2024-04-29 14:05:15.544180,7.30048
2024-04-29 14:05:15.559810,7.34483
2024-04-29 14:05:15.575440,7.652176
2024-04-29 14:05:15.591060,7.965118
2024-04-29 14:05:15.606690,7.997814
2024-04-29 14:05:15.622310,7.538788
2024-04-29 14:05:15.637940,6.521008
2024-04-29 14:05:15.653560,5.007252
2024-04-29 14:05:15.669190,3.153034
2024-04-29 14:05:15.684820,1.13773
2024-04-29 14:05:15.700440,-0.8850174
2024-04-29 14:05:15.716070,-2.855694
2024-04-29 14:05:15.731690,-4.764542
2024-04-29 14:05:15.747320,-6.655357
2024-04-29 14:05:15.762940,-8.591297
2024-04-29 14:05:15.778570,-10.62976
2024-04-29 14:05:15.794200,-12.81933
2024-04-29 14:05:15.809820,-15.14515
2024-04-29 14:05:15.825450,-17.51972
2024-04-29 14:05:15.841070,-19.68056
2024-04-29 14:05:15.856700,-21.23777
2024-04-29 14:05:15.872320,-21.70763
2024-04-29 14:05:15.887950,-20.66047
2024-04-29 14:05:15.903580,-17.90002
2024-04-29 14:05:15.919200,-13.55728
2024-04-29 14:05:15.934830,-8.145641
2024-04-29 14:05:15.950450,-2.389652
2024-04-29 14:05:15.966080,2.950676
2024-04-29 14:05:15.981700,7.320946
2024-04-29 14:05:15.997330,10.46621
2024-04-29 14:05:16.012960,12.42647
2024-04-29 14:05:16.028580,13.39739
2024-04-29 14:05:16.044210,13.6394
2024-04-29 14:05:16.059830,13.39002
2024-04-29 14:05:16.075460,12.83405
2024-04-29 14:05:16.091080,12.1455
2024-04-29 14:05:16.106710,11.50992
2024-04-29 14:05:16.122340,11.11324
2024-04-29 14:05:16.137960,11.0951
2024-04-29 14:05:16.153590,11.48529
2024-04-29 14:05:16.169210,12.16683
2024-04-29 14:05:16.184840,12.92379
2024-04-29 14:05:16.200460,13.5333
2024-04-29 14:05:16.216090,13.83443
2024-04-29 14:05:16.231720,13.77005
2024-04-29 14:05:16.247340,13.35875
2024-04-29 14:05:16.262970,12.6381
2024-04-29 14:05:16.278590,11.60452
2024-04-29 14:05:16.294220,10.23077
2024-04-29 14:05:16.309840,8.503281
2024-04-29 14:05:16.325470,6.462437
2024-04-29 14:05:16.341100,4.211807
2024-04-29 14:05:16.356720,1.908112
2024-04-29 14:05:16.372350,-0.3183212
2024-04-29 14:05:16.387970,-2.3606
2024-04-29 14:05:16.403600,-4.188969
2024-04-29 14:05:16.419220,-5.828651
2024-04-29 14:05:16.434850,-7.393665
2024-04-29 14:05:16.450480,-9.053455
2024-04-29 14:05:16.466100,-11.00089
2024-04-29 14:05:16.481730,-13.35095
2024-04-29 14:05:16.497350,-15.99415
2024-04-29 14:05:16.512980,-18.50603
2024-04-29 14:05:16.528600,-20.23363
2024-04-29 14:05:16.544230,-20.49175
2024-04-29 14:05:16.559860,-18.82904
2024-04-29 14:05:16.575480,-15.25226
2024-04-29 14:05:16.591110,-10.20824
2024-04-29 14:05:16.606730,-4.445019
2024-04-29 14:05:16.622360,1.278004
2024-04-29 14:05:16.637980,6.389889
2024-04-29 14:05:16.653610,10.59779
2024-04-29 14:05:16.669240,13.8247
2024-04-29 14:05:16.684860,16.08168
2024-04-29 14:05:16.700490,17.40739
2024-04-29 14:05:16.716110,17.85117
2024-04-29 14:05:16.731740,17.56515
2024-04-29 14:05:16.747360,16.82716
2024-04-29 14:05:16.762990,16.01816
2024-04-29 14:05:16.778620,15.48396
2024-04-29 14:05:16.794240,15.41458
2024-04-29 14:05:16.809870,15.7733
2024-04-29 14:05:16.825490,16.30746
2024-04-29 14:05:16.841120,16.68271
2024-04-29 14:05:16.856740,16.6319
2024-04-29 14:05:16.872370,16.03004
2024-04-29 14:05:16.888000,14.91182
2024-04-29 14:05:16.903620,13.41447
2024-04-29 14:05:16.919250,11.6884
2024-04-29 14:05:16.934870,9.860165
2024-04-29 14:05:16.950500,7.994385
2024-04-29 14:05:16.966120,6.13266
2024-04-29 14:05:16.981750,4.289391
2024-04-29 14:05:16.997380,2.427837
2024-04-29 14:05:17.013000,0.4942017
2024-04-29 14:05:17.028630,-1.559586
2024-04-29 14:05:17.044250,-3.733124
2024-04-29 14:05:17.059880,-5.924835
2024-04-29 14:05:17.075500,-7.970688
2024-04-29 14:05:17.091130,-9.704239
2024-04-29 14:05:17.106760,-11.04595
2024-04-29 14:05:17.122380,-12.03412
2024-04-29 14:05:17.138010,-12.84184
2024-04-29 14:05:17.153630,-13.71686
2024-04-29 14:05:17.169260,-14.90261
2024-04-29 14:05:17.184880,-16.56824
2024-04-29 14:05:17.200510,-18.69508
2024-04-29 14:05:17.216140,-21.02833
2024-04-29 14:05:17.231760,-23.08496
2024-04-29 14:05:17.247390,-24.22108
2024-04-29 14:05:17.263010,-23.79538
2024-04-29 14:05:17.278640,-21.42825
2024-04-29 14:05:17.294270,-17.15252
2024-04-29 14:05:17.309890,-11.41733
2024-04-29 14:05:17.325520,-4.99284
2024-04-29 14:05:17.341140,1.309032
2024-04-29 14:05:17.356770,6.868042
2024-04-29 14:05:17.372390,11.3504
2024-04-29 14:05:17.388020,14.69807
2024-04-29 14:05:17.403650,17.03759
2024-04-29 14:05:17.419270,18.51175
2024-04-29 14:05:17.434900,19.25264
2024-04-29 14:05:17.450520,19.38777
2024-04-29 14:05:17.466150,19.06218
2024-04-29 14:05:17.481770,18.51101
2024-04-29 14:05:17.497400,17.98882
2024-04-29 14:05:17.513030,17.69501
2024-04-29 14:05:17.528650,17.72015
2024-04-29 14:05:17.544280,17.99378
2024-04-29 14:05:17.559900,18.32047
2024-04-29 14:05:17.575530,18.47952
2024-04-29 14:05:17.591150,18.34032
2024-04-29 14:05:17.606780,17.851
2024-04-29 14:05:17.622410,17.07475
2024-04-29 14:05:17.638030,16.07108
2024-04-29 14:05:17.653660,14.86719
2024-04-29 14:05:17.669280,13.45235
2024-04-29 14:05:17.684910,11.82033
2024-04-29 14:05:17.700530,10.01049
2024-04-29 14:05:17.716160,8.11228
2024-04-29 14:05:17.731790,6.214481
2024-04-29 14:05:17.747410,4.347754
2024-04-29 14:05:17.763040,2.494123
2024-04-29 14:05:17.778660,0.5878885
2024-04-29 14:05:17.794290,-1.424737
2024-04-29 14:05:17.809910,-3.547081
2024-04-29 14:05:17.825540,-5.722428
2024-04-29 14:05:17.841170,-7.895084
2024-04-29 14:05:17.856790,-10.01416
2024-04-29 14:05:17.872420,-12.05527
2024-04-29 14:05:17.888040,-14.04495
2024-04-29 14:05:17.903670,-16.02031
2024-04-29 14:05:17.919290,-18.05095
2024-04-29 14:05:17.934920,-20.23583
2024-04-29 14:05:17.950550,-22.64202
2024-04-29 14:05:17.966170,-25.23068
2024-04-29 14:05:17.981800,-27.74974
2024-04-29 14:05:17.997420,-29.7359
2024-04-29 14:05:18.013050,-30.6074
2024-04-29 14:05:18.028670,-29.88683
2024-04-29 14:05:18.044300,-27.35768
2024-04-29 14:05:18.059930,-23.19129
2024-04-29 14:05:18.075550,-17.87778
2024-04-29 14:05:18.091180,-12.06188
2024-04-29 14:05:18.106800,-6.383192
2024-04-29 14:05:18.122430,-1.303576
2024-04-29 14:05:18.138050,2.930998
2024-04-29 14:05:18.153680,6.2777
2024-04-29 14:05:18.169310,8.796324
2024-04-29 14:05:18.184930,10.60042
2024-04-29 14:05:18.200560,11.77442
2024-04-29 14:05:18.216180,12.42625
2024-04-29 14:05:18.231810,12.67972
2024-04-29 14:05:18.247430,12.7185
2024-04-29 14:05:18.263060,12.76204
2024-04-29 14:05:18.278690,13.01344
2024-04-29 14:05:18.294310,13.60389
2024-04-29 14:05:18.309940,14.50039
2024-04-29 14:05:18.325560,15.52772
2024-04-29 14:05:18.341190,16.41265
2024-04-29 14:05:18.356810,16.8901
2024-04-29 14:05:18.372440,16.80625
2024-04-29 14:05:18.388070,16.17923
2024-04-29 14:05:18.403690,15.17052
2024-04-29 14:05:18.419320,13.99429
2024-04-29 14:05:18.434940,12.82102
2024-04-29 14:05:18.450570,11.69036
2024-04-29 14:05:18.466190,10.54098
2024-04-29 14:05:18.481820,9.276173
2024-04-29 14:05:18.497450,7.827206
2024-04-29 14:05:18.513070,6.220314
2024-04-29 14:05:18.528700,4.528271
2024-04-29 14:05:18.544320,2.840508
2024-04-29 14:05:18.559950,1.188339
2024-04-29 14:05:18.575570,-0.4516487
2024-04-29 14:05:18.591200,-2.122341
2024-04-29 14:05:18.606830,-3.818893
2024-04-29 14:05:18.622450,-5.467888
2024-04-29 14:05:18.638080,-6.953957
2024-04-29 14:05:18.653700,-8.179665
2024-04-29 14:05:18.669330,-9.137676
2024-04-29 14:05:18.684950,-9.938187
2024-04-29 14:05:18.700580,-10.78691
2024-04-29 14:05:18.716210,-11.92635
2024-04-29 14:05:18.731830,-13.54288
2024-04-29 14:05:18.747460,-15.66147
2024-04-29 14:05:18.763080,-18.09366
2024-04-29 14:05:18.778710,-20.44035
2024-04-29 14:05:18.794330,-22.12222
2024-04-29 14:05:18.809960,-22.5743
2024-04-29 14:05:18.825590,-21.38856
2024-04-29 14:05:18.841210,-18.5092
2024-04-29 14:05:18.856840,-14.27785
2024-04-29 14:05:18.872460,-9.350067
2024-04-29 14:05:18.888090,-4.47937
2024-04-29 14:05:18.903710,-0.2782059
2024-04-29 14:05:18.919340,2.93499
2024-04-29 14:05:18.934970,5.160271
2024-04-29 14:05:18.950590,6.591705
2024-04-29 14:05:18.966220,7.463066
2024-04-29 14:05:18.981840,7.927269
2024-04-29 14:05:18.997470,8.058502
2024-04-29 14:05:19.013090,7.916336
2024-04-29 14:05:19.028720,7.613144
2024-04-29 14:05:19.044350,7.326103
2024-04-29 14:05:19.059970,7.244995
2024-04-29 14:05:19.075600,7.471664
2024-04-29 14:05:19.091220,7.953712
2024-04-29 14:05:19.106850,8.516258
2024-04-29 14:05:19.122470,8.931923
2024-04-29 14:05:19.138100,9.04052
2024-04-29 14:05:19.153730,8.786171
2024-04-29 14:05:19.169350,8.220856
2024-04-29 14:05:19.184980,7.449356
2024-04-29 14:05:19.200600,6.574387
2024-04-29 14:05:19.216230,5.657288
2024-04-29 14:05:19.231850,4.737984
2024-04-29 14:05:19.247480,3.832184
2024-04-29 14:05:19.263110,2.931236
2024-04-29 14:05:19.278730,2.015739
2024-04-29 14:05:19.294360,1.068909
2024-04-29 14:05:19.309980,0.05891418
2024-04-29 14:05:19.325610,-1.002098
2024-04-29 14:05:19.341230,-2.081848
2024-04-29 14:05:19.356860,-3.152618
2024-04-29 14:05:19.372490,-4.188591
2024-04-29 14:05:19.388110,-5.184219
2024-04-29 14:05:19.403740,-6.155708
2024-04-29 14:05:19.419360,-7.089828
2024-04-29 14:05:19.434990,-7.958809
2024-04-29 14:05:19.450610,-8.756554
2024-04-29 14:05:19.466240,-9.532356
2024-04-29 14:05:19.481870,-10.41177
2024-04-29 14:05:19.497490,-11.58282
2024-04-29 14:05:19.513120,-13.20081
2024-04-29 14:05:19.528740,-15.28032
2024-04-29 14:05:19.544370,-17.65544
2024-04-29 14:05:19.559990,-19.95409
2024-04-29 14:05:19.575620,-21.68956
2024-04-29 14:05:19.591250,-22.39247
2024-04-29 14:05:19.606870,-21.72512
2024-04-29 14:05:19.622500,-19.60754
2024-04-29 14:05:19.638120,-16.23205
2024-04-29 14:05:19.653750,-12.04041
2024-04-29 14:05:19.669370,-7.601685
2024-04-29 14:05:19.685000,-3.477142
2024-04-29 14:05:19.700630,-0.1044312
2024-04-29 14:05:19.716250,2.28566
2024-04-29 14:05:19.731880,3.676544
2024-04-29 14:05:19.747500,4.239624
2024-04-29 14:05:19.763130,4.238693
2024-04-29 14:05:19.778750,3.944153
2024-04-29 14:05:19.794380,3.554443
2024-04-29 14:05:19.810010,3.19162
2024-04-29 14:05:19.825630,2.911682
2024-04-29 14:05:19.841260,2.735596
2024-04-29 14:05:19.856880,2.711685
2024-04-29 14:05:19.872510,2.894623
2024-04-29 14:05:19.888130,3.343796
2024-04-29 14:05:19.903760,4.026581
2024-04-29 14:05:19.919390,4.801056
2024-04-29 14:05:19.935010,5.448318
2024-04-29 14:05:19.950640,5.76442
2024-04-29 14:05:19.966260,5.655655
2024-04-29 14:05:19.981890,5.159302
2024-04-29 14:05:19.997520,4.393478
2024-04-29 14:05:20.013140,3.449341
2024-04-29 14:05:20.028770,2.368835
2024-04-29 14:05:20.044390,1.144455
2024-04-29 14:05:20.060020,-0.1990051
2024-04-29 14:05:20.075640,-1.557129
2024-04-29 14:05:20.091270,-2.767105
2024-04-29 14:05:20.106900,-3.697922
2024-04-29 14:05:20.122520,-4.349503
2024-04-29 14:05:20.138150,-4.873749
2024-04-29 14:05:20.153770,-5.515427
2024-04-29 14:05:20.169400,-6.478317
2024-04-29 14:05:20.185020,-7.796844
2024-04-29 14:05:20.200650,-9.318466
2024-04-29 14:05:20.216280,-10.79517
2024-04-29 14:05:20.231900,-12.00047
2024-04-29 14:05:20.247530,-12.8627
2024-04-29 14:05:20.263150,-13.48555
2024-04-29 14:05:20.278780,-14.08319
2024-04-29 14:05:20.294400,-14.89745
2024-04-29 14:05:20.310030,-16.06728
2024-04-29 14:05:20.325660,-17.5417
2024-04-29 14:05:20.341280,-19.08006
2024-04-29 14:05:20.356910,-20.30226
2024-04-29 14:05:20.372530,-20.76302
2024-04-29 14:05:20.388160,-20.12917
2024-04-29 14:05:20.403780,-18.25034
2024-04-29 14:05:20.419410,-15.23746
2024-04-29 14:05:20.435040,-11.42152
2024-04-29 14:05:20.450660,-7.282562
2024-04-29 14:05:20.466290,-3.306381
2024-04-29 14:05:20.481910,0.08094788
2024-04-29 14:05:20.497540,2.615662
2024-04-29 14:05:20.513160,4.197418
2024-04-29 14:05:20.528790,4.877335
2024-04-29 14:05:20.544420,4.823135
2024-04-29 14:05:20.560040,4.290604
2024-04-29 14:05:20.575670,3.569382
2024-04-29 14:05:20.591290,2.940231
2024-04-29 14:05:20.606920,2.627487
2024-04-29 14:05:20.622540,2.766602
2024-04-29 14:05:20.638170,3.38974
2024-04-29 14:05:20.653800,4.43425
2024-04-29 14:05:20.669420,5.749664
2024-04-29 14:05:20.685050,7.123138
2024-04-29 14:05:20.700670,8.317047
2024-04-29 14:05:20.716300,9.08075
2024-04-29 14:05:20.731920,9.256805
2024-04-29 14:05:20.747550,8.812836
2024-04-29 14:05:20.763180,7.866547
2024-04-29 14:05:20.778800,6.635376
2024-04-29 14:05:20.794430,5.357513
2024-04-29 14:05:20.810050,4.17511
2024-04-29 14:05:20.825680,3.090012
2024-04-29 14:05:20.841300,2.005417
2024-04-29 14:05:20.856930,0.7677689
2024-04-29 14:05:20.872560,-0.6904678
2024-04-29 14:05:20.888180,-2.318855
2024-04-29 14:05:20.903810,-3.954582
2024-04-29 14:05:20.919430,-5.425682
2024-04-29 14:05:20.935060,-6.627625
2024-04-29 14:05:20.950680,-7.586617
2024-04-29 14:05:20.966310,-8.45282
2024-04-29 14:05:20.981940,-9.440285
2024-04-29 14:05:20.997560,-10.71938
2024-04-29 14:05:21.013190,-12.38731
2024-04-29 14:05:21.028810,-14.43299
2024-04-29 14:05:21.044440,-16.77824
2024-04-29 14:05:21.060060,-19.26299
2024-04-29 14:05:21.075690,-21.62386
2024-04-29 14:05:21.091320,-23.46776
2024-04-29 14:05:21.106940,-24.3266
2024-04-29 14:05:21.122570,-23.7432
2024-04-29 14:05:21.138190,-21.47273
2024-04-29 14:05:21.153820,-17.58012
2024-04-29 14:05:21.169440,-12.47742
2024-04-29 14:05:21.185070,-6.820137
2024-04-29 14:05:21.200700,-1.255203
2024-04-29 14:05:21.216320,3.690865
2024-04-29 14:05:21.231950,7.742218
2024-04-29 14:05:21.247570,10.78109
2024-04-29 14:05:21.263200,12.76766
2024-04-29 14:05:21.278820,13.66503
2024-04-29 14:05:21.294450,13.47524
2024-04-29 14:05:21.310080,12.33554
2024-04-29 14:05:21.325700,10.58441
2024-04-29 14:05:21.341330,8.722702
2024-04-29 14:05:21.356950,7.279106
2024-04-29 14:05:21.372580,6.646553
2024-04-29 14:05:21.388200,6.938011
2024-04-29 14:05:21.403830,7.961914
2024-04-29 14:05:21.419460,9.320297
2024-04-29 14:05:21.435080,10.57356
2024-04-29 14:05:21.450710,11.40237
2024-04-29 14:05:21.466330,11.69534
2024-04-29 14:05:21.481960,11.50209
2024-04-29 14:05:21.497580,10.96916
2024-04-29 14:05:21.513210,10.21645
2024-04-29 14:05:21.528840,9.300537
2024-04-29 14:05:21.544460,8.201752
2024-04-29 14:05:21.560090,6.885338
2024-04-29 14:05:21.575710,5.329269
2024-04-29 14:05:21.591340,3.560471
2024-04-29 14:05:21.606960,1.638542
2024-04-29 14:05:21.622590,-0.3887711
2024-04-29 14:05:21.638220,-2.452126
2024-04-29 14:05:21.653840,-4.464928
2024-04-29 14:05:21.669470,-6.309082
2024-04-29 14:05:21.685090,-7.867775
2024-04-29 14:05:21.700720,-9.068962
2024-04-29 14:05:21.716340,-9.99913
2024-04-29 14:05:21.731970,-10.88918
2024-04-29 14:05:21.747600,-12.04508
2024-04-29 14:05:21.763220,-13.71483
2024-04-29 14:05:21.778850,-15.91
2024-04-29 14:05:21.794470,-18.33936
2024-04-29 14:05:21.810100,-20.4504
2024-04-29 14:05:21.825720,-21.60423
2024-04-29 14:05:21.841350,-21.29659
2024-04-29 14:05:21.856980,-19.3372
2024-04-29 14:05:21.872600,-15.87822
2024-04-29 14:05:21.888230,-11.33437
2024-04-29 14:05:21.903850,-6.252747
2024-04-29 14:05:21.919480,-1.147118
2024-04-29 14:05:21.935100,3.541058
2024-04-29 14:05:21.950730,7.469475
2024-04-29 14:05:21.966360,10.38235
2024-04-29 14:05:21.981980,12.10261
2024-04-29 14:05:21.997610,12.58389
2024-04-29 14:05:22.013230,11.97254
2024-04-29 14:05:22.028860,10.58518
2024-04-29 14:05:22.044480,8.873013
2024-04-29 14:05:22.060110,7.322514
2024-04-29 14:05:22.075740,6.286278
2024-04-29 14:05:22.091360,5.925625
2024-04-29 14:05:22.106990,6.216743
2024-04-29 14:05:22.122610,6.982574
2024-04-29 14:05:22.138240,8.000946
2024-04-29 14:05:22.153870,9.0798
2024-04-29 14:05:22.169490,10.07882
2024-04-29 14:05:22.185120,10.88911
2024-04-29 14:05:22.200740,11.4497
2024-04-29 14:05:22.216370,11.67315
2024-04-29 14:05:22.231990,11.48167
2024-04-29 14:05:22.247620,10.81812
2024-04-29 14:05:22.263250,9.668083
2024-04-29 14:05:22.278870,8.072613
2024-04-29 14:05:22.294500,6.152933
2024-04-29 14:05:22.310120,4.063002
2024-04-29 14:05:22.325750,1.969112
2024-04-29 14:05:22.341370,-0.003549576
2024-04-29 14:05:22.357000,-1.797892
2024-04-29 14:05:22.372630,-3.461958
2024-04-29 14:05:22.388250,-5.123003
2024-04-29 14:05:22.403880,-6.945498
2024-04-29 14:05:22.419500,-9.064281
2024-04-29 14:05:22.435130,-11.54768
2024-04-29 14:05:22.450750,-14.34273
2024-04-29 14:05:22.466380,-17.27445
2024-04-29 14:05:22.482010,-20.01549
2024-04-29 14:05:22.497630,-22.11716
2024-04-29 14:05:22.513260,-23.06976
2024-04-29 14:05:22.528880,-22.44658
2024-04-29 14:05:22.544510,-20.04031
2024-04-29 14:05:22.560130,-15.97926
2024-04-29 14:05:22.575760,-10.70337
2024-04-29 14:05:22.591390,-4.851672
2024-04-29 14:05:22.607010,0.9276891
2024-04-29 14:05:22.622640,6.136192
2024-04-29 14:05:22.638260,10.44999
2024-04-29 14:05:22.653890,13.69236
2024-04-29 14:05:22.669510,15.73624
2024-04-29 14:05:22.685140,16.4945
2024-04-29 14:05:22.700770,15.98473
2024-04-29 14:05:22.716390,14.41508
2024-04-29 14:05:22.732020,12.23903
2024-04-29 14:05:22.747640,10.05691
2024-04-29 14:05:22.763270,8.418213
2024-04-29 14:05:22.778890,7.618168
2024-04-29 14:05:22.794520,7.648307
2024-04-29 14:05:22.810150,8.250263
2024-04-29 14:05:22.825770,9.090285
2024-04-29 14:05:22.841400,9.896129
2024-04-29 14:05:22.857020,10.52167
2024-04-29 14:05:22.872650,10.89211
2024-04-29 14:05:22.888270,10.93011
2024-04-29 14:05:22.903900,10.5153
2024-04-29 14:05:22.919530,9.524651
2024-04-29 14:05:22.935150,7.897646
2024-04-29 14:05:22.950780,5.730204
2024-04-29 14:05:22.966400,3.236967
2024-04-29 14:05:22.982030,0.6843071
2024-04-29 14:05:22.997650,-1.723463
2024-04-29 14:05:23.013280,-3.88773
2024-04-29 14:05:23.028910,-5.811153
2024-04-29 14:05:23.044530,-7.533043
2024-04-29 14:05:23.060160,-9.10276
2024-04-29 14:05:23.075780,-10.57122
2024-04-29 14:05:23.091410,-12.02552
2024-04-29 14:05:23.107030,-13.59933
2024-04-29 14:05:23.122660,-15.41756
2024-04-29 14:05:23.138290,-17.4365
2024-04-29 14:05:23.153910,-19.3377
2024-04-29 14:05:23.169540,-20.5573
2024-04-29 14:05:23.185160,-20.39185
2024-04-29 14:05:23.200790,-18.30281
2024-04-29 14:05:23.216410,-14.17371
2024-04-29 14:05:23.232040,-8.390015
2024-04-29 14:05:23.247670,-1.760509
2024-04-29 14:05:23.263290,4.761684
2024-04-29 14:05:23.278920,10.37479
2024-04-29 14:05:23.294540,14.62448
2024-04-29 14:05:23.310170,17.3847
2024-04-29 14:05:23.325790,18.77908
2024-04-29 14:05:23.341420,19.00535
2024-04-29 14:05:23.357050,18.26258
2024-04-29 14:05:23.372670,16.76182
2024-04-29 14:05:23.388300,14.78179
2024-04-29 14:05:23.403920,12.70795
2024-04-29 14:05:23.419550,10.96361
2024-04-29 14:05:23.435170,9.888374
2024-04-29 14:05:23.450800,9.624249
2024-04-29 14:05:23.466430,10.07485
2024-04-29 14:05:23.482050,10.96562
2024-04-29 14:05:23.497680,11.95756
2024-04-29 14:05:23.513300,12.74652
2024-04-29 14:05:23.528930,13.13519
2024-04-29 14:05:23.544550,13.01751
2024-04-29 14:05:23.560180,12.331
2024-04-29 14:05:23.575810,11.03378
2024-04-29 14:05:23.591430,9.141376
2024-04-29 14:05:23.607060,6.751804
2024-04-29 14:05:23.622680,4.056892
2024-04-29 14:05:23.638310,1.294388
2024-04-29 14:05:23.653930,-1.302479
2024-04-29 14:05:23.669560,-3.605907
2024-04-29 14:05:23.685190,-5.593025
2024-04-29 14:05:23.700810,-7.335922
2024-04-29 14:05:23.716440,-8.960224
2024-04-29 14:05:23.732060,-10.61894
2024-04-29 14:05:23.747690,-12.44418
2024-04-29 14:05:23.763310,-14.50514
2024-04-29 14:05:23.778940,-16.73421
2024-04-29 14:05:23.794570,-18.85003
2024-04-29 14:05:23.810190,-20.35102
2024-04-29 14:05:23.825820,-20.61245
2024-04-29 14:05:23.841440,-19.10261
2024-04-29 14:05:23.857070,-15.59547
2024-04-29 14:05:23.872690,-10.32402
2024-04-29 14:05:23.888320,-3.936821
2024-04-29 14:05:23.903950,2.731392
2024-04-29 14:05:23.919570,8.886322
2024-04-29 14:05:23.935200,13.97012
2024-04-29 14:05:23.950820,17.71218
2024-04-29 14:05:23.966450,20.03008
2024-04-29 14:05:23.982070,20.95416
2024-04-29 14:05:23.997700,20.57986
2024-04-29 14:05:24.013330,19.10107
2024-04-29 14:05:24.028950,16.85157
2024-04-29 14:05:24.044580,14.31555
2024-04-29 14:05:24.060200,12.01144
2024-04-29 14:05:24.075830,10.35174
2024-04-29 14:05:24.091450,9.535835
2024-04-29 14:05:24.107080,9.528503
2024-04-29 14:05:24.122710,10.13031
2024-04-29 14:05:24.138330,11.06108
2024-04-29 14:05:24.153960,12.03065
2024-04-29 14:05:24.169580,12.74923
2024-04-29 14:05:24.185210,12.95998
2024-04-29 14:05:24.200830,12.44487
2024-04-29 14:05:24.216460,11.11137
2024-04-29 14:05:24.232090,9.049408
2024-04-29 14:05:24.247710,6.499367
2024-04-29 14:05:24.263340,3.800781
2024-04-29 14:05:24.278960,1.235909
2024-04-29 14:05:24.294590,-1.026894
2024-04-29 14:05:24.310210,-2.963989
2024-04-29 14:05:24.325840,-4.643082
2024-04-29 14:05:24.341470,-6.186653
2024-04-29 14:05:24.357090,-7.769051
2024-04-29 14:05:24.372720,-9.566109
2024-04-29 14:05:24.388340,-11.73467
2024-04-29 14:05:24.403970,-14.26307
2024-04-29 14:05:24.419600,-16.87046
2024-04-29 14:05:24.435220,-18.99369
2024-04-29 14:05:24.450850,-19.8971
2024-04-29 14:05:24.466470,-18.96993
2024-04-29 14:05:24.482100,-15.95303
2024-04-29 14:05:24.497720,-11.12828
2024-04-29 14:05:24.513350,-5.189346
2024-04-29 14:05:24.528980,0.9450302
2024-04-29 14:05:24.544600,6.4552
2024-04-29 14:05:24.560230,10.79924
2024-04-29 14:05:24.575850,13.74397
2024-04-29 14:05:24.591480,15.31203
2024-04-29 14:05:24.607100,15.66317
2024-04-29 14:05:24.622730,15.01797
2024-04-29 14:05:24.638360,13.61755
2024-04-29 14:05:24.653980,11.75917
2024-04-29 14:05:24.669610,9.767815
2024-04-29 14:05:24.685230,8.009811
2024-04-29 14:05:24.700860,6.81459
2024-04-29 14:05:24.716480,6.391121
2024-04-29 14:05:24.732110,6.747154
2024-04-29 14:05:24.747740,7.673164
2024-04-29 14:05:24.763360,8.800995
2024-04-29 14:05:24.778990,9.700737
2024-04-29 14:05:24.794610,10.02325
2024-04-29 14:05:24.810240,9.591415
2024-04-29 14:05:24.825860,8.434814
2024-04-29 14:05:24.841490,6.750404
2024-04-29 14:05:24.857120,4.802261
2024-04-29 14:05:24.872740,2.843666
2024-04-29 14:05:24.888370,1.005104
2024-04-29 14:05:24.903990,-0.7074432
2024-04-29 14:05:24.919620,-2.379318
2024-04-29 14:05:24.935240,-4.130318
2024-04-29 14:05:24.950870,-6.044258
2024-04-29 14:05:24.966500,-8.155922
2024-04-29 14:05:24.982120,-10.42418
2024-04-29 14:05:24.997750,-12.78358
2024-04-29 14:05:25.013370,-15.11577
2024-04-29 14:05:25.029000,-17.22694
2024-04-29 14:05:25.044620,-18.77645
2024-04-29 14:05:25.060250,-19.28459
2024-04-29 14:05:25.075880,-18.24433
2024-04-29 14:05:25.091500,-15.33862
2024-04-29 14:05:25.107130,-10.65268
2024-04-29 14:05:25.122750,-4.741776
2024-04-29 14:05:25.138380,1.474083
2024-04-29 14:05:25.154000,7.008141
2024-04-29 14:05:25.169630,11.10706
2024-04-29 14:05:25.185260,13.46561
2024-04-29 14:05:25.200880,14.21505
2024-04-29 14:05:25.216510,13.7584
2024-04-29 14:05:25.232130,12.56898
2024-04-29 14:05:25.247760,11.05589
2024-04-29 14:05:25.263380,9.513977
2024-04-29 14:05:25.279010,8.147728
2024-04-29 14:05:25.294640,7.111435
2024-04-29 14:05:25.310260,6.501823
2024-04-29 14:05:25.325890,6.360985
2024-04-29 14:05:25.341510,6.645958
2024-04-29 14:05:25.357140,7.223465
2024-04-29 14:05:25.372760,7.907478
2024-04-29 14:05:25.388390,8.476791
2024-04-29 14:05:25.404020,8.720032
2024-04-29 14:05:25.419640,8.477882
2024-04-29 14:05:25.435270,7.678299
2024-04-29 14:05:25.450890,6.370987
2024-04-29 14:05:25.466520,4.695969
2024-04-29 14:05:25.482140,2.827026
2024-04-29 14:05:25.497770,0.9116135
2024-04-29 14:05:25.513400,-1.00148
2024-04-29 14:05:25.529020,-2.949585
2024-04-29 14:05:25.544650,-4.992775
2024-04-29 14:05:25.560270,-7.135628
2024-04-29 14:05:25.575900,-9.307648
2024-04-29 14:05:25.591520,-11.4241
2024-04-29 14:05:25.607150,-13.42758
2024-04-29 14:05:25.622780,-15.33344
2024-04-29 14:05:25.638400,-17.1328
2024-04-29 14:05:25.654030,-18.71874
2024-04-29 14:05:25.669650,-19.80278
2024-04-29 14:05:25.685280,-19.94119
2024-04-29 14:05:25.700900,-18.6839
2024-04-29 14:05:25.716530,-15.78589
2024-04-29 14:05:25.732160,-11.38119
2024-04-29 14:05:25.747780,-5.97702
2024-04-29 14:05:25.763410,-0.2975235
2024-04-29 14:05:25.779030,4.93058
2024-04-29 14:05:25.794660,9.168968
2024-04-29 14:05:25.810280,12.15068
2024-04-29 14:05:25.825910,13.85587
2024-04-29 14:05:25.841540,14.42594
2024-04-29 14:05:25.857160,14.09484
2024-04-29 14:05:25.872790,13.1478
2024-04-29 14:05:25.888410,11.88512
2024-04-29 14:05:25.904040,10.61171
2024-04-29 14:05:25.919660,9.602234
2024-04-29 14:05:25.935290,9.022125
2024-04-29 14:05:25.950920,8.914505
2024-04-29 14:05:25.966540,9.169907
2024-04-29 14:05:25.982170,9.580849
2024-04-29 14:05:25.997790,9.92939
2024-04-29 14:05:26.013420,10.03526
2024-04-29 14:05:26.029040,9.83802
2024-04-29 14:05:26.044670,9.33371
2024-04-29 14:05:26.060300,8.577332
2024-04-29 14:05:26.075920,7.58532
2024-04-29 14:05:26.091550,6.337601
2024-04-29 14:05:26.107170,4.761292
2024-04-29 14:05:26.122800,2.793083
2024-04-29 14:05:26.138420,0.4691849
2024-04-29 14:05:26.154050,-2.073441
2024-04-29 14:05:26.169680,-4.619537
2024-04-29 14:05:26.185300,-6.939789
2024-04-29 14:05:26.200930,-8.880821
2024-04-29 14:05:26.216550,-10.40974
2024-04-29 14:05:26.232180,-11.60292
2024-04-29 14:05:26.247800,-12.63469
2024-04-29 14:05:26.263430,-13.70866
2024-04-29 14:05:26.279060,-14.99953
2024-04-29 14:05:26.294680,-16.59671
2024-04-29 14:05:26.310310,-18.43956
2024-04-29 14:05:26.325930,-20.24088
2024-04-29 14:05:26.341560,-21.52683
2024-04-29 14:05:26.357180,-21.72308
2024-04-29 14:05:26.372810,-20.3181
2024-04-29 14:05:26.388440,-17.07783
2024-04-29 14:05:26.404060,-12.19574
2024-04-29 14:05:26.419690,-6.262581
2024-04-29 14:05:26.435310,-0.1199417
2024-04-29 14:05:26.450940,5.402927
2024-04-29 14:05:26.466560,9.720638
2024-04-29 14:05:26.482190,12.57414
2024-04-29 14:05:26.497820,14.02687
2024-04-29 14:05:26.513440,14.29468
2024-04-29 14:05:26.529070,13.67622
2024-04-29 14:05:26.544690,12.47063
2024-04-29 14:05:26.560320,11.0071
2024-04-29 14:05:26.575940,9.64645
2024-04-29 14:05:26.591570,8.734142
2024-04-29 14:05:26.607200,8.503452
2024-04-29 14:05:26.622820,8.95797
2024-04-29 14:05:26.638450,9.880054
2024-04-29 14:05:26.654070,10.89306
2024-04-29 14:05:26.669700,11.62353
2024-04-29 14:05:26.685320,11.82062
2024-04-29 14:05:26.700950,11.44794
2024-04-29 14:05:26.716580,10.62468
2024-04-29 14:05:26.732200,9.533089
2024-04-29 14:05:26.747830,8.31488
2024-04-29 14:05:26.763450,7.010979
2024-04-29 14:05:26.779080,5.581436
2024-04-29 14:05:26.794700,3.970497
2024-04-29 14:05:26.810330,2.150959
2024-04-29 14:05:26.825960,0.171524
2024-04-29 14:05:26.841580,-1.848492
2024-04-29 14:05:26.857210,-3.804783
2024-04-29 14:05:26.872830,-5.612434
2024-04-29 14:05:26.888460,-7.238041
2024-04-29 14:05:26.904080,-8.708961
2024-04-29 14:05:26.919710,-10.06122
2024-04-29 14:05:26.935340,-11.33685
2024-04-29 14:05:26.950960,-12.58467
2024-04-29 14:05:26.966590,-13.89808
2024-04-29 14:05:26.982210,-15.4027
2024-04-29 14:05:26.997840,-17.19532
2024-04-29 14:05:27.013470,-19.22319
2024-04-29 14:05:27.029090,-21.15449
2024-04-29 14:05:27.044720,-22.41666
2024-04-29 14:05:27.060340,-22.32481
2024-04-29 14:05:27.075970,-20.33482
2024-04-29 14:05:27.091590,-16.29945
2024-04-29 14:05:27.107220,-10.603
2024-04-29 14:05:27.122850,-4.053974
2024-04-29 14:05:27.138470,2.364254
2024-04-29 14:05:27.154100,7.795399
2024-04-29 14:05:27.169720,11.74833
2024-04-29 14:05:27.185350,14.14556
2024-04-29 14:05:27.200970,15.19542
2024-04-29 14:05:27.216600,15.21798
2024-04-29 14:05:27.232230,14.49566
2024-04-29 14:05:27.247850,13.25561
2024-04-29 14:05:27.263480,11.74638
2024-04-29 14:05:27.279100,10.29369
2024-04-29 14:05:27.294730,9.285778
2024-04-29 14:05:27.310350,9.062988
2024-04-29 14:05:27.325980,9.74564
2024-04-29 14:05:27.341610,11.12881
2024-04-29 14:05:27.357230,12.70753
2024-04-29 14:05:27.372860,13.85305
2024-04-29 14:05:27.388480,14.09843
2024-04-29 14:05:27.404110,13.30996
2024-04-29 14:05:27.419730,11.73092
2024-04-29 14:05:27.435360,9.803551
2024-04-29 14:05:27.450990,7.950527
2024-04-29 14:05:27.466610,6.382061
2024-04-29 14:05:27.482240,5.059933
2024-04-29 14:05:27.497860,3.772507
2024-04-29 14:05:27.513490,2.297867
2024-04-29 14:05:27.529110,0.5419884
2024-04-29 14:05:27.544740,-1.426079
2024-04-29 14:05:27.560370,-3.441135
2024-04-29 14:05:27.575990,-5.345646
2024-04-29 14:05:27.591620,-7.057873
2024-04-29 14:05:27.607240,-8.595444
2024-04-29 14:05:27.622870,-10.03512
2024-04-29 14:05:27.638490,-11.45427
2024-04-29 14:05:27.654120,-12.90925
2024-04-29 14:05:27.669750,-14.44974
2024-04-29 14:05:27.685370,-16.11963
2024-04-29 14:05:27.701000,-17.96748
2024-04-29 14:05:27.716620,-19.99805
2024-04-29 14:05:27.732250,-22.10284
2024-04-29 14:05:27.747870,-23.99701
2024-04-29 14:05:27.763500,-25.23167
2024-04-29 14:05:27.779130,-25.2843
2024-04-29 14:05:27.794750,-23.73552
2024-04-29 14:05:27.810380,-20.44669
2024-04-29 14:05:27.826000,-15.63765
2024-04-29 14:05:27.841630,-9.853409
2024-04-29 14:05:27.857250,-3.793518
2024-04-29 14:05:27.872880,1.865822
2024-04-29 14:05:27.888510,6.635822
2024-04-29 14:05:27.904130,10.24791
2024-04-29 14:05:27.919760,12.64842
2024-04-29 14:05:27.935380,13.89116
2024-04-29 14:05:27.951010,14.12776
2024-04-29 14:05:27.966630,13.55277
2024-04-29 14:05:27.982260,12.45324
2024-04-29 14:05:27.997890,11.19094
2024-04-29 14:05:28.013510,10.14221
2024-04-29 14:05:28.029140,9.596062
2024-04-29 14:05:28.044760,9.645756
2024-04-29 14:05:28.060390,10.18171
2024-04-29 14:05:28.076010,10.92819
2024-04-29 14:05:28.091640,11.57205
2024-04-29 14:05:28.107270,11.86621
2024-04-29 14:05:28.122890,11.71432
2024-04-29 14:05:28.138520,11.16154
2024-04-29 14:05:28.154140,10.30892
2024-04-29 14:05:28.169770,9.270184
2024-04-29 14:05:28.185390,8.081306
2024-04-29 14:05:28.201020,6.71825
2024-04-29 14:05:28.216650,5.118744
2024-04-29 14:05:28.232270,3.231873
2024-04-29 14:05:28.247900,1.046898
2024-04-29 14:05:28.263520,-1.3736
2024-04-29 14:05:28.279150,-3.885036
2024-04-29 14:05:28.294770,-6.308201
2024-04-29 14:05:28.310400,-8.460159
2024-04-29 14:05:28.326030,-10.21096
2024-04-29 14:05:28.341650,-11.55009
2024-04-29 14:05:28.357280,-12.59596
2024-04-29 14:05:28.372900,-13.58621
2024-04-29 14:05:28.388530,-14.77828
2024-04-29 14:05:28.404150,-16.3825
2024-04-29 14:05:28.419780,-18.40561
2024-04-29 14:05:28.435410,-20.63793
2024-04-29 14:05:28.451030,-22.62356
2024-04-29 14:05:28.466660,-23.75283
2024-04-29 14:05:28.482280,-23.4698
2024-04-29 14:05:28.497910,-21.4329
2024-04-29 14:05:28.513530,-17.6791
2024-04-29 14:05:28.529160,-12.6134
2024-04-29 14:05:28.544790,-6.921917
2024-04-29 14:05:28.560410,-1.330917
2024-04-29 14:05:28.576040,3.574001
2024-04-29 14:05:28.591660,7.470333
2024-04-29 14:05:28.607290,10.26654
2024-04-29 14:05:28.622910,12.0149
2024-04-29 14:05:28.638540,12.81366
2024-04-29 14:05:28.654170,12.77534
2024-04-29 14:05:28.669790,12.06949
2024-04-29 14:05:28.685420,10.96087
2024-04-29 14:05:28.701040,9.80991
2024-04-29 14:05:28.716670,8.963161
2024-04-29 14:05:28.732290,8.664345
2024-04-29 14:05:28.747920,8.950272
2024-04-29 14:05:28.763550,9.659515
2024-04-29 14:05:28.779170,10.52136
2024-04-29 14:05:28.794800,11.24981
2024-04-29 14:05:28.810420,11.66735
2024-04-29 14:05:28.826050,11.70886
2024-04-29 14:05:28.841670,11.42952
2024-04-29 14:05:28.857300,10.89406
2024-04-29 14:05:28.872930,10.14984
2024-04-29 14:05:28.888550,9.170689
2024-04-29 14:05:28.904180,7.857555
2024-04-29 14:05:28.919800,6.093609
2024-04-29 14:05:28.935430,3.826832
2024-04-29 14:05:28.951050,1.142235
2024-04-29 14:05:28.966680,-1.734875
2024-04-29 14:05:28.982310,-4.482769
2024-04-29 14:05:28.997930,-6.810726
2024-04-29 14:05:29.013560,-8.597095
2024-04-29 14:05:29.029180,-9.929047
2024-04-29 14:05:29.044810,-11.08403
2024-04-29 14:05:29.060430,-12.39873
2024-04-29 14:05:29.076060,-14.12882
2024-04-29 14:05:29.091690,-16.35193
2024-04-29 14:05:29.107310,-18.95298
2024-04-29 14:05:29.122940,-21.62827
2024-04-29 14:05:29.138560,-23.93303
2024-04-29 14:05:29.154190,-25.33683
2024-04-29 14:05:29.169810,-25.32697
2024-04-29 14:05:29.185440,-23.53095
2024-04-29 14:05:29.201070,-19.84883
2024-04-29 14:05:29.216690,-14.54094
2024-04-29 14:05:29.232320,-8.22361
2024-04-29 14:05:29.247940,-1.714252
2024-04-29 14:05:29.263570,4.151871
2024-04-29 14:05:29.279200,8.773289
2024-04-29 14:05:29.294820,11.84875
2024-04-29 14:05:29.310450,13.44025
2024-04-29 14:05:29.326070,13.83591
2024-04-29 14:05:29.341700,13.45581
2024-04-29 14:05:29.357320,12.67913
2024-04-29 14:05:29.372950,11.82045
2024-04-29 14:05:29.388580,11.09087
2024-04-29 14:05:29.404200,10.61814
2024-04-29 14:05:29.419830,10.46304
2024-04-29 14:05:29.435450,10.58839
2024-04-29 14:05:29.451080,10.89144
2024-04-29 14:05:29.466700,11.19473
2024-04-29 14:05:29.482330,11.33062
2024-04-29 14:05:29.497960,11.17883
2024-04-29 14:05:29.513580,10.73672
2024-04-29 14:05:29.529210,10.09573
2024-04-29 14:05:29.544830,9.389572
2024-04-29 14:05:29.560460,8.661407
2024-04-29 14:05:29.576080,7.826366
2024-04-29 14:05:29.591710,6.716537
2024-04-29 14:05:29.607340,5.165577
2024-04-29 14:05:29.622960,3.145332
2024-04-29 14:05:29.638590,0.8027954
2024-04-29 14:05:29.654210,-1.605457
2024-04-29 14:05:29.669840,-3.826027
2024-04-29 14:05:29.685460,-5.731441
2024-04-29 14:05:29.701090,-7.350128
2024-04-29 14:05:29.716720,-8.82439
2024-04-29 14:05:29.732340,-10.30899
2024-04-29 14:05:29.747970,-11.89188
2024-04-29 14:05:29.763590,-13.60979
2024-04-29 14:05:29.779220,-15.46689
2024-04-29 14:05:29.794840,-17.45473
2024-04-29 14:05:29.810470,-19.49141
2024-04-29 14:05:29.826100,-21.36061
2024-04-29 14:05:29.841720,-22.61344
2024-04-29 14:05:29.857350,-22.66148
2024-04-29 14:05:29.872970,-20.97752
2024-04-29 14:05:29.888600,-17.31815
2024-04-29 14:05:29.904220,-11.90424
2024-04-29 14:05:29.919850,-5.389236
2024-04-29 14:05:29.935480,1.333431
2024-04-29 14:05:29.951100,7.43792
2024-04-29 14:05:29.966730,12.3718
2024-04-29 14:05:29.982350,15.94595
2024-04-29 14:05:29.997980,18.27341
2024-04-29 14:05:30.013600,19.588
2024-04-29 14:05:30.029230,20.11081
2024-04-29 14:05:30.044860,20.02474
2024-04-29 14:05:30.060480,19.46823
2024-04-29 14:05:30.076110,18.60398
2024-04-29 14:05:30.091730,17.65838
2024-04-29 14:05:30.107360,16.8508
2024-04-29 14:05:30.122980,16.34973
2024-04-29 14:05:30.138610,16.20018
2024-04-29 14:05:30.154240,16.27492
2024-04-29 14:05:30.169860,16.35637
2024-04-29 14:05:30.185490,16.19561
2024-04-29 14:05:30.201110,15.62022
2024-04-29 14:05:30.216740,14.58547
2024-04-29 14:05:30.232360,13.17807
2024-04-29 14:05:30.247990,11.53751
2024-04-29 14:05:30.263620,9.799553
2024-04-29 14:05:30.279240,8.026623
2024-04-29 14:05:30.294870,6.195148
2024-04-29 14:05:30.310490,4.26741
2024-04-29 14:05:30.326120,2.212292
2024-04-29 14:05:30.341740,0.04607773
2024-04-29 14:05:30.357370,-2.138527
2024-04-29 14:05:30.373000,-4.232319
2024-04-29 14:05:30.388620,-6.148033
2024-04-29 14:05:30.404250,-7.828468
2024-04-29 14:05:30.419870,-9.251808
2024-04-29 14:05:30.435500,-10.4493
2024-04-29 14:05:30.451120,-11.47132
2024-04-29 14:05:30.466750,-12.41037
2024-04-29 14:05:30.482380,-13.41172
2024-04-29 14:05:30.498000,-14.63449
2024-04-29 14:05:30.513630,-16.20027
2024-04-29 14:05:30.529250,-18.12091
2024-04-29 14:05:30.544880,-20.18829
2024-04-29 14:05:30.560500,-21.94693
2024-04-29 14:05:30.576130,-22.79734
2024-04-29 14:05:30.591760,-22.13175
2024-04-29 14:05:30.607380,-19.55492
2024-04-29 14:05:30.623010,-15.06498
2024-04-29 14:05:30.638630,-9.047386
2024-04-29 14:05:30.654260,-2.201134
2024-04-29 14:05:30.669880,4.645908
2024-04-29 14:05:30.685510,10.75205
2024-04-29 14:05:30.701140,15.61495
2024-04-29 14:05:30.716760,18.98183
2024-04-29 14:05:30.732390,20.85872
2024-04-29 14:05:30.748010,21.41812
2024-04-29 14:05:30.763640,20.94795
2024-04-29 14:05:30.779260,19.81478
2024-04-29 14:05:30.794890,18.44727
2024-04-29 14:05:30.810520,17.25365
2024-04-29 14:05:30.826140,16.55505
2024-04-29 14:05:30.841770,16.50514
2024-04-29 14:05:30.857390,17.01415
2024-04-29 14:05:30.873020,17.8086
2024-04-29 14:05:30.888640,18.50893
2024-04-29 14:05:30.904270,18.77985
2024-04-29 14:05:30.919900,18.4217
2024-04-29 14:05:30.935520,17.41285
2024-04-29 14:05:30.951150,15.8653
2024-04-29 14:05:30.966770,13.93585
2024-04-29 14:05:30.982400,11.77758
2024-04-29 14:05:30.998020,9.500381
2024-04-29 14:05:31.013650,7.196648
2024-04-29 14:05:31.029280,4.980888
2024-04-29 14:05:31.044900,2.923573
2024-04-29 14:05:31.060530,1.042809
2024-04-29 14:05:31.076150,-0.7411652
2024-04-29 14:05:31.091780,-2.56797
2024-04-29 14:05:31.107400,-4.558056
2024-04-29 14:05:31.123030,-6.728378
2024-04-29 14:05:31.138660,-8.959599
2024-04-29 14:05:31.154280,-11.00714
2024-04-29 14:05:31.169910,-12.62998
2024-04-29 14:05:31.185530,-13.71932
2024-04-29 14:05:31.201160,-14.34232
2024-04-29 14:05:31.216780,-14.75189
2024-04-29 14:05:31.232410,-15.28446
2024-04-29 14:05:31.248040,-16.2084
2024-04-29 14:05:31.263660,-17.64067
2024-04-29 14:05:31.279290,-19.4866
2024-04-29 14:05:31.294910,-21.38728
2024-04-29 14:05:31.310540,-22.82331
2024-04-29 14:05:31.326160,-23.20371
2024-04-29 14:05:31.341790,-22.0078
2024-04-29 14:05:31.357420,-18.99652
2024-04-29 14:05:31.373040,-14.2963
2024-04-29 14:05:31.388670,-8.43359
2024-04-29 14:05:31.404290,-2.18713
2024-04-29 14:05:31.419920,3.606129
2024-04-29 14:05:31.435540,8.301611
2024-04-29 14:05:31.451170,11.59642
2024-04-29 14:05:31.466800,13.53008
2024-04-29 14:05:31.482420,14.41593
2024-04-29 14:05:31.498050,14.65212
2024-04-29 14:05:31.513670,14.57139
2024-04-29 14:05:31.529300,14.38041
2024-04-29 14:05:31.544920,14.17906
2024-04-29 14:05:31.560550,14.01513
2024-04-29 14:05:31.576180,13.9543
2024-04-29 14:05:31.591800,14.09037
2024-04-29 14:05:31.607430,14.47157
2024-04-29 14:05:31.623050,15.08183
2024-04-29 14:05:31.638680,15.76225
2024-04-29 14:05:31.654300,16.27753
2024-04-29 14:05:31.669930,16.38894
2024-04-29 14:05:31.685560,15.94879
2024-04-29 14:05:31.701180,14.95885
2024-04-29 14:05:31.716810,13.55664
2024-04-29 14:05:31.732430,11.90656
2024-04-29 14:05:31.748060,10.13038
2024-04-29 14:05:31.763680,8.286728
2024-04-29 14:05:31.779310,6.362149
2024-04-29 14:05:31.794940,4.356506
2024-04-29 14:05:31.810560,2.310027
2024-04-29 14:05:31.826190,0.2798982
2024-04-29 14:05:31.841810,-1.690219
2024-04-29 14:05:31.857440,-3.597323
2024-04-29 14:05:31.873070,-5.463789
2024-04-29 14:05:31.888690,-7.309366
2024-04-29 14:05:31.904320,-9.114411
2024-04-29 14:05:31.919940,-10.83176
2024-04-29 14:05:31.935570,-12.42187
2024-04-29 14:05:31.951190,-13.89097
2024-04-29 14:05:31.966820,-15.3002
2024-04-29 14:05:31.982450,-16.75629
2024-04-29 14:05:31.998070,-18.36846
2024-04-29 14:05:32.013700,-20.20059
2024-04-29 14:05:32.029320,-22.22982
2024-04-29 14:05:32.044950,-24.27042
2024-04-29 14:05:32.060570,-25.96053
2024-04-29 14:05:32.076200,-26.80784
2024-04-29 14:05:32.091830,-26.31268
2024-04-29 14:05:32.107450,-24.15407
2024-04-29 14:05:32.123080,-20.34854
2024-04-29 14:05:32.138700,-15.3048
2024-04-29 14:05:32.154330,-9.711105
2024-04-29 14:05:32.169950,-4.321306
2024-04-29 14:05:32.185580,0.2879486
2024-04-29 14:05:32.201210,3.833735
2024-04-29 14:05:32.216830,6.315405
2024-04-29 14:05:32.232460,7.885233
2024-04-29 14:05:32.248080,8.719385
2024-04-29 14:05:32.263710,8.94091
2024-04-29 14:05:32.279330,8.660465
2024-04-29 14:05:32.294960,8.073215
2024-04-29 14:05:32.310590,7.477259
2024-04-29 14:05:32.326210,7.245605
2024-04-29 14:05:32.341840,7.671398
2024-04-29 14:05:32.357460,8.836372
2024-04-29 14:05:32.373090,10.54032
2024-04-29 14:05:32.388710,12.37954
2024-04-29 14:05:32.404340,13.88099
2024-04-29 14:05:32.419970,14.6977
2024-04-29 14:05:32.435590,14.69445
2024-04-29 14:05:32.451220,13.97451
2024-04-29 14:05:32.466840,12.78471
2024-04-29 14:05:32.482470,11.38534
2024-04-29 14:05:32.498090,9.944298
2024-04-29 14:05:32.513720,8.499306
2024-04-29 14:05:32.529350,7.004753
2024-04-29 14:05:32.544970,5.409618
2024-04-29 14:05:32.560600,3.741428
2024-04-29 14:05:32.576220,2.100357
2024-04-29 14:05:32.591850,0.5976601
2024-04-29 14:05:32.607470,-0.7071686
2024-04-29 14:05:32.623100,-1.85614
2024-04-29 14:05:32.638730,-2.977253
2024-04-29 14:05:32.654350,-4.2113
2024-04-29 14:05:32.669980,-5.622524
2024-04-29 14:05:32.685600,-7.153931
2024-04-29 14:05:32.701230,-8.663471
2024-04-29 14:05:32.716850,-10.02054
2024-04-29 14:05:32.732480,-11.20214
2024-04-29 14:05:32.748110,-12.30844
2024-04-29 14:05:32.763730,-13.51329
2024-04-29 14:05:32.779360,-14.93489
2024-04-29 14:05:32.794980,-16.49939
2024-04-29 14:05:32.810610,-17.89765
2024-04-29 14:05:32.826230,-18.62712
2024-04-29 14:05:32.841860,-18.16744
2024-04-29 14:05:32.857490,-16.19183
2024-04-29 14:05:32.873110,-12.71592
2024-04-29 14:05:32.888740,-8.139595
2024-04-29 14:05:32.904360,-3.127811
2024-04-29 14:05:32.919990,1.607544
2024-04-29 14:05:32.935610,5.510651
2024-04-29 14:05:32.951240,8.286434
2024-04-29 14:05:32.966870,9.89756
2024-04-29 14:05:32.982490,10.46889
2024-04-29 14:05:32.998120,10.16693
2024-04-29 14:05:33.013740,9.167984
2024-04-29 14:05:33.029370,7.646793
2024-04-29 14:05:33.044990,5.828629
2024-04-29 14:05:33.060620,4.020412
2024-04-29 14:05:33.076250,2.575314
2024-04-29 14:05:33.091870,1.789677
2024-04-29 14:05:33.107500,1.809299
2024-04-29 14:05:33.123120,2.577431
2024-04-29 14:05:33.138750,3.820187
2024-04-29 14:05:33.154370,5.173271
2024-04-29 14:05:33.170000,6.264023
2024-04-29 14:05:33.185630,6.839413
2024-04-29 14:05:33.201250,6.821823
2024-04-29 14:05:33.216880,6.268265
2024-04-29 14:05:33.232500,5.288433
2024-04-29 14:05:33.248130,3.993736
2024-04-29 14:05:33.263750,2.448284
2024-04-29 14:05:33.279380,0.7046738
2024-04-29 14:05:33.295010,-1.149822
2024-04-29 14:05:33.310630,-2.987736
2024-04-29 14:05:33.326260,-4.656506
2024-04-29 14:05:33.341880,-6.033913
2024-04-29 14:05:33.357510,-7.096375
2024-04-29 14:05:33.373130,-7.889992
2024-04-29 14:05:33.388760,-8.48922
2024-04-29 14:05:33.404390,-8.986839
2024-04-29 14:05:33.420010,-9.44957
2024-04-29 14:05:33.435640,-9.93766
2024-04-29 14:05:33.451260,-10.51892
2024-04-29 14:05:33.466890,-11.2679
2024-04-29 14:05:33.482510,-12.23631
2024-04-29 14:05:33.498140,-13.44052
2024-04-29 14:05:33.513770,-14.81057
2024-04-29 14:05:33.529390,-16.17257
2024-04-29 14:05:33.545020,-17.25399
2024-04-29 14:05:33.560640,-17.72516
2024-04-29 14:05:33.576270,-17.24624
2024-04-29 14:05:33.591890,-15.58629
2024-04-29 14:05:33.607520,-12.69562
2024-04-29 14:05:33.623150,-8.767563
2024-04-29 14:05:33.638770,-4.243057
2024-04-29 14:05:33.654400,0.2991104
2024-04-29 14:05:33.670020,4.291832
2024-04-29 14:05:33.685650,7.299461
2024-04-29 14:05:33.701270,9.137619
2024-04-29 14:05:33.716900,9.844391
2024-04-29 14:05:33.732530,9.608208
2024-04-29 14:05:33.748150,8.704781
2024-04-29 14:05:33.763780,7.436752
2024-04-29 14:05:33.779400,6.101677
2024-04-29 14:05:33.795030,4.97583
2024-04-29 14:05:33.810650,4.285225
2024-04-29 14:05:33.826280,4.145981
2024-04-29 14:05:33.841910,4.538345
2024-04-29 14:05:33.857530,5.300125
2024-04-29 14:05:33.873160,6.156075
2024-04-29 14:05:33.888780,6.84539
2024-04-29 14:05:33.904410,7.170784
2024-04-29 14:05:33.920030,7.053185
2024-04-29 14:05:33.935660,6.50473
2024-04-29 14:05:33.951290,5.595535
2024-04-29 14:05:33.966910,4.417503
2024-04-29 14:05:33.982540,3.105057
2024-04-29 14:05:33.998160,1.80867
2024-04-29 14:05:34.013790,0.637825
2024-04-29 14:05:34.029410,-0.3726501
2024-04-29 14:05:34.045040,-1.330437
2024-04-29 14:05:34.060670,-2.435791
2024-04-29 14:05:34.076290,-3.864159
2024-04-29 14:05:34.091920,-5.695137
2024-04-29 14:05:34.107540,-7.798737
2024-04-29 14:05:34.123170,-9.926064
2024-04-29 14:05:34.138800,-11.80682
2024-04-29 14:05:34.154420,-13.30581
2024-04-29 14:05:34.170050,-14.43075
2024-04-29 14:05:34.185670,-15.3669
2024-04-29 14:05:34.201300,-16.35729
2024-04-29 14:05:34.216920,-17.60649
2024-04-29 14:05:34.232550,-19.21676
2024-04-29 14:05:34.248180,-21.10368
2024-04-29 14:05:34.263800,-22.97355
2024-04-29 14:05:34.279430,-24.33849
2024-04-29 14:05:34.295050,-24.66883
2024-04-29 14:05:34.310680,-23.52804
2024-04-29 14:05:34.326300,-20.78409
2024-04-29 14:05:34.341930,-16.67009
2024-04-29 14:05:34.357560,-11.70914
2024-04-29 14:05:34.373180,-6.567188
2024-04-29 14:05:34.388810,-1.834713
2024-04-29 14:05:34.404430,2.070782
2024-04-29 14:05:34.420060,4.948956
2024-04-29 14:05:34.435680,6.735237
2024-04-29 14:05:34.451310,7.459412
2024-04-29 14:05:34.466940,7.210297
2024-04-29 14:05:34.482560,6.181797
2024-04-29 14:05:34.498190,4.697765
2024-04-29 14:05:34.513810,3.178333
2024-04-29 14:05:34.529440,2.06559
2024-04-29 14:05:34.545060,1.681519
2024-04-29 14:05:34.560690,2.150391
2024-04-29 14:05:34.576320,3.3652
2024-04-29 14:05:34.591940,5.036659
2024-04-29 14:05:34.607570,6.786949
2024-04-29 14:05:34.623190,8.267883
2024-04-29 14:05:34.638820,9.274914
2024-04-29 14:05:34.654440,9.722942
2024-04-29 14:05:34.670070,9.676678
2024-04-29 14:05:34.685700,9.277889
2024-04-29 14:05:34.701320,8.68103
2024-04-29 14:05:34.716950,8.000324
2024-04-29 14:05:34.732570,7.270599
2024-04-29 14:05:34.748200,6.426769
2024-04-29 14:05:34.763820,5.337494
2024-04-29 14:05:34.779450,3.909115
2024-04-29 14:05:34.795080,2.117943
2024-04-29 14:05:34.810700,0.08810806
2024-04-29 14:05:34.826330,-1.956165
2024-04-29 14:05:34.841950,-3.785286
2024-04-29 14:05:34.857580,-5.280331
2024-04-29 14:05:34.873200,-6.468098
2024-04-29 14:05:34.888830,-7.5177
2024-04-29 14:05:34.904460,-8.648602
2024-04-29 14:05:34.920080,-10.04505
2024-04-29 14:05:34.935710,-11.79208
2024-04-29 14:05:34.951330,-13.8264
2024-04-29 14:05:34.966960,-15.93517
2024-04-29 14:05:34.982580,-17.74196
2024-04-29 14:05:34.998210,-18.7549
2024-04-29 14:05:35.013840,-18.4561
2024-04-29 14:05:35.029460,-16.46125
2024-04-29 14:05:35.045090,-12.70905
2024-04-29 14:05:35.060710,-7.523756
2024-04-29 14:05:35.076340,-1.618938
2024-04-29 14:05:35.091960,4.150055
2024-04-29 14:05:35.107590,9.00095
2024-04-29 14:05:35.123220,12.4582
2024-04-29 14:05:35.138840,14.43551
2024-04-29 14:05:35.154470,15.14275
2024-04-29 14:05:35.170090,14.91185
2024-04-29 14:05:35.185720,14.05371
2024-04-29 14:05:35.201340,12.81437
2024-04-29 14:05:35.216970,11.41762
2024-04-29 14:05:35.232600,10.1361
2024-04-29 14:05:35.248220,9.28119
2024-04-29 14:05:35.263850,9.119296
2024-04-29 14:05:35.279470,9.741666
2024-04-29 14:05:35.295100,10.96196
2024-04-29 14:05:35.310720,12.38885
2024-04-29 14:05:35.326350,13.54427
2024-04-29 14:05:35.341980,14.10206
2024-04-29 14:05:35.357600,13.99225
2024-04-29 14:05:35.373230,13.4092
2024-04-29 14:05:35.388850,12.64082
2024-04-29 14:05:35.404480,11.89888
2024-04-29 14:05:35.420100,11.19031
2024-04-29 14:05:35.435730,10.30733
2024-04-29 14:05:35.451360,8.994618
2024-04-29 14:05:35.466980,7.081774
2024-04-29 14:05:35.482610,4.612419
2024-04-29 14:05:35.498230,1.82458
2024-04-29 14:05:35.513860,-0.9582177
2024-04-29 14:05:35.529480,-3.456237
2024-04-29 14:05:35.545110,-5.562593
2024-04-29 14:05:35.560740,-7.345017
2024-04-29 14:05:35.576360,-8.975841
2024-04-29 14:05:35.591990,-10.60069
2024-04-29 14:05:35.607610,-12.28211
2024-04-29 14:05:35.623240,-13.97948
2024-04-29 14:05:35.638860,-15.62096
2024-04-29 14:05:35.654490,-17.13314
2024-04-29 14:05:35.670120,-18.43645
2024-04-29 14:05:35.685740,-19.39391
2024-04-29 14:05:35.701370,-19.73829
2024-04-29 14:05:35.716990,-19.10004
2024-04-29 14:05:35.732620,-17.11895
2024-04-29 14:05:35.748240,-13.6402
2024-04-29 14:05:35.763870,-8.835388
2024-04-29 14:05:35.779500,-3.208168
2024-04-29 14:05:35.795120,2.514452
2024-04-29 14:05:35.810750,7.61179
2024-04-29 14:05:35.826370,11.5571
2024-04-29 14:05:35.842000,14.11353
2024-04-29 14:05:35.857620,15.29412
2024-04-29 14:05:35.873250,15.29477
2024-04-29 14:05:35.888880,14.39954
2024-04-29 14:05:35.904500,12.95958
2024-04-29 14:05:35.920130,11.36031
2024-04-29 14:05:35.935750,9.959288
2024-04-29 14:05:35.951380,9.019837
2024-04-29 14:05:35.967000,8.665333
2024-04-29 14:05:35.982630,8.838208
2024-04-29 14:05:35.998260,9.380827
2024-04-29 14:05:36.013880,10.10605
2024-04-29 14:05:36.029510,10.85916
2024-04-29 14:05:36.045130,11.53765
2024-04-29 14:05:36.060760,12.0505
2024-04-29 14:05:36.076380,12.27942
2024-04-29 14:05:36.092010,12.08101
2024-04-29 14:05:36.107640,11.33373
2024-04-29 14:05:36.123260,9.992584
2024-04-29 14:05:36.138890,8.113728
2024-04-29 14:05:36.154510,5.824368
2024-04-29 14:05:36.170140,3.293421
2024-04-29 14:05:36.185760,0.669302
2024-04-29 14:05:36.201390,-1.881634
2024-04-29 14:05:36.217020,-4.191353
2024-04-29 14:05:36.232640,-6.087194
2024-04-29 14:05:36.248270,-7.489082
2024-04-29 14:05:36.263890,-8.458393
2024-04-29 14:05:36.279520,-9.223789
2024-04-29 14:05:36.295150,-10.09962
2024-04-29 14:05:36.310770,-11.37273
2024-04-29 14:05:36.326400,-13.17308
2024-04-29 14:05:36.342020,-15.36806
2024-04-29 14:05:36.357650,-17.58035
2024-04-29 14:05:36.373270,-19.24035
2024-04-29 14:05:36.388900,-19.72181
2024-04-29 14:05:36.404530,-18.54724
2024-04-29 14:05:36.420150,-15.53814
2024-04-29 14:05:36.435780,-10.89776
2024-04-29 14:05:36.451400,-5.192339
2024-04-29 14:05:36.467030,0.8361149
2024-04-29 14:05:36.482650,6.459604
2024-04-29 14:05:36.498280,11.14304
2024-04-29 14:05:36.513910,14.63662
2024-04-29 14:05:36.529530,16.90168
2024-04-29 14:05:36.545160,18.03395
2024-04-29 14:05:36.560780,18.16082
2024-04-29 14:05:36.576410,17.47209
2024-04-29 14:05:36.592030,16.22337
2024-04-29 14:05:36.607660,14.76897
2024-04-29 14:05:36.623290,13.49179
2024-04-29 14:05:36.638910,12.68842
2024-04-29 14:05:36.654540,12.45784
2024-04-29 14:05:36.670160,12.69167
2024-04-29 14:05:36.685790,13.14374
2024-04-29 14:05:36.701410,13.53664
2024-04-29 14:05:36.717040,13.6821
2024-04-29 14:05:36.732670,13.47603
2024-04-29 14:05:36.748290,12.86407
2024-04-29 14:05:36.763920,11.77859
2024-04-29 14:05:36.779540,10.15062
2024-04-29 14:05:36.795170,7.933895
2024-04-29 14:05:36.810790,5.142725
2024-04-29 14:05:36.826420,1.8995
2024-04-29 14:05:36.842050,-1.586414
2024-04-29 14:05:36.857670,-5.066858
2024-04-29 14:05:36.873300,-8.337845
2024-04-29 14:05:36.888920,-11.24769
2024-04-29 14:05:36.904550,-13.73123
2024-04-29 14:05:36.920170,-15.80196
2024-04-29 14:05:36.935800,-17.52846
2024-04-29 14:05:36.951430,-19.04357
2024-04-29 14:05:36.967050,-20.50428
2024-04-29 14:05:36.982680,-22.03713
2024-04-29 14:05:36.998300,-23.67518
2024-04-29 14:05:37.013930,-25.26957
2024-04-29 14:05:37.029550,-26.45768
2024-04-29 14:05:37.045180,-26.72226
2024-04-29 14:05:37.060810,-25.55291
2024-04-29 14:05:37.076430,-22.63433
2024-04-29 14:05:37.092060,-18.01539
2024-04-29 14:05:37.107680,-12.13613
2024-04-29 14:05:37.123310,-5.733341
2024-04-29 14:05:37.138930,0.4012909
2024-04-29 14:05:37.154560,5.635475
2024-04-29 14:05:37.170190,9.631897
2024-04-29 14:05:37.185810,12.33643
2024-04-29 14:05:37.201440,13.85009
2024-04-29 14:05:37.217060,14.32603
2024-04-29 14:05:37.232690,13.93716
2024-04-29 14:05:37.248310,12.89835
2024-04-29 14:05:37.263940,11.49153
2024-04-29 14:05:37.279570,10.09945
2024-04-29 14:05:37.295190,9.090885
2024-04-29 14:05:37.310820,8.689156
2024-04-29 14:05:37.326440,8.880909
2024-04-29 14:05:37.342070,9.427895
2024-04-29 14:05:37.357690,10.01907
2024-04-29 14:05:37.373320,10.39603
2024-04-29 14:05:37.388950,10.46812
2024-04-29 14:05:37.404570,10.27509
2024-04-29 14:05:37.420200,9.898457
2024-04-29 14:05:37.435820,9.345783
2024-04-29 14:05:37.451450,8.53693
2024-04-29 14:05:37.467070,7.345867
2024-04-29 14:05:37.482700,5.725071
2024-04-29 14:05:37.498330,3.745029
2024-04-29 14:05:37.513950,1.581375
2024-04-29 14:05:37.529580,-0.5591393
2024-04-29 14:05:37.545200,-2.53492
2024-04-29 14:05:37.560830,-4.282761
2024-04-29 14:05:37.576450,-5.819962
2024-04-29 14:05:37.592080,-7.180107
2024-04-29 14:05:37.607710,-8.403423
2024-04-29 14:05:37.623330,-9.569077
2024-04-29 14:05:37.638960,-10.83005
2024-04-29 14:05:37.654580,-12.36812
2024-04-29 14:05:37.670210,-14.28012
2024-04-29 14:05:37.685830,-16.4187
2024-04-29 14:05:37.701460,-18.32851
2024-04-29 14:05:37.717090,-19.3267
2024-04-29 14:05:37.732710,-18.7421
2024-04-29 14:05:37.748340,-16.20367
2024-04-29 14:05:37.763960,-11.82566
2024-04-29 14:05:37.779590,-6.17968
2024-04-29 14:05:37.795210,-0.09360123
2024-04-29 14:05:37.810840,5.628929
2024-04-29 14:05:37.826470,10.4327
2024-04-29 14:05:37.842090,14.06456
2024-04-29 14:05:37.857720,16.54474
2024-04-29 14:05:37.873340,18.03505
2024-04-29 14:05:37.888970,18.72763
2024-04-29 14:05:37.904590,18.82504
2024-04-29 14:05:37.920220,18.54447
2024-04-29 14:05:37.935850,18.135
2024-04-29 14:05:37.951470,17.80173
2024-04-29 14:05:37.967100,17.67117
2024-04-29 14:05:37.982720,17.71469
2024-04-29 14:05:37.998350,17.77617
2024-04-29 14:05:38.013970,17.63448
2024-04-29 14:05:38.029600,17.10593
2024-04-29 14:05:38.045230,16.13043
2024-04-29 14:05:38.060850,14.78562
2024-04-29 14:05:38.076480,13.21917
2024-04-29 14:05:38.092100,11.54261
2024-04-29 14:05:38.107730,9.784012
2024-04-29 14:05:38.123350,7.861851
2024-04-29 14:05:38.138980,5.657772
2024-04-29 14:05:38.154610,3.09063
2024-04-29 14:05:38.170230,0.190403
2024-04-29 14:05:38.185860,-2.887913
2024-04-29 14:05:38.201480,-5.922447
2024-04-29 14:05:38.217110,-8.707832
2024-04-29 14:05:38.232730,-11.11926
2024-04-29 14:05:38.248360,-13.14005
2024-04-29 14:05:38.263990,-14.84507
2024-04-29 14:05:38.279610,-16.38982
2024-04-29 14:05:38.295240,-17.94984
2024-04-29 14:05:38.310860,-19.69426
2024-04-29 14:05:38.326490,-21.71946
2024-04-29 14:05:38.342110,-24.00032
2024-04-29 14:05:38.357740,-26.33295
2024-04-29 14:05:38.373370,-28.30613
2024-04-29 14:05:38.388990,-29.34323
2024-04-29 14:05:38.404620,-28.85491
2024-04-29 14:05:38.420240,-26.4698
2024-04-29 14:05:38.435870,-22.16201
2024-04-29 14:05:38.451490,-16.34892
2024-04-29 14:05:38.467120,-9.762264
2024-04-29 14:05:38.482750,-3.212189
2024-04-29 14:05:38.498370,2.662632
2024-04-29 14:05:38.514000,7.524693
2024-04-29 14:05:38.529620,11.32584
2024-04-29 14:05:38.545250,14.16935
2024-04-29 14:05:38.560870,16.1783
2024-04-29 14:05:38.576500,17.44067
2024-04-29 14:05:38.592130,18.04699
2024-04-29 14:05:38.607750,18.13439
2024-04-29 14:05:38.623380,17.94594
2024-04-29 14:05:38.639000,17.74293
2024-04-29 14:05:38.654630,17.756
2024-04-29 14:05:38.670250,18.05729
2024-04-29 14:05:38.685880,18.56126
2024-04-29 14:05:38.701510,19.04913
2024-04-29 14:05:38.717130,19.26645
2024-04-29 14:05:38.732760,18.9976
2024-04-29 14:05:38.748380,18.13222
2024-04-29 14:05:38.764010,16.69699
2024-04-29 14:05:38.779630,14.83078
2024-04-29 14:05:38.795260,12.75669
2024-04-29 14:05:38.810890,10.70965
2024-04-29 14:05:38.826510,8.817245
2024-04-29 14:05:38.842140,7.068821
2024-04-29 14:05:38.857760,5.301807
2024-04-29 14:05:38.873390,3.292488
2024-04-29 14:05:38.889010,0.8837433
2024-04-29 14:05:38.904640,-1.888733
2024-04-29 14:05:38.920270,-4.848583
2024-04-29 14:05:38.935890,-7.726406
2024-04-29 14:05:38.951520,-10.30978
2024-04-29 14:05:38.967140,-12.53902
2024-04-29 14:05:38.982770,-14.51387
2024-04-29 14:05:38.998400,-16.42134
2024-04-29 14:05:39.014020,-18.46089
2024-04-29 14:05:39.029650,-20.77389
2024-04-29 14:05:39.045270,-23.3776
2024-04-29 14:05:39.060900,-26.20895
2024-04-29 14:05:39.076520,-29.09673
2024-04-29 14:05:39.092150,-31.73292
2024-04-29 14:05:39.107780,-33.68478
2024-04-29 14:05:39.123400,-34.40061
2024-04-29 14:05:39.139030,-33.38403
2024-04-29 14:05:39.154650,-30.32538
2024-04-29 14:05:39.170280,-25.30364
2024-04-29 14:05:39.185900,-18.78081
2024-04-29 14:05:39.201530,-11.51083
2024-04-29 14:05:39.217160,-4.331711
2024-04-29 14:05:39.232780,2.072861
2024-04-29 14:05:39.248410,7.312988
2024-04-29 14:05:39.264030,11.34262
2024-04-29 14:05:39.279660,14.31796
2024-04-29 14:05:39.295280,16.48679
2024-04-29 14:05:39.310910,18.04131
2024-04-29 14:05:39.326540,19.11148
2024-04-29 14:05:39.342160,19.78853
2024-04-29 14:05:39.357790,20.18712
2024-04-29 14:05:39.373410,20.45712
2024-04-29 14:05:39.389040,20.72748
2024-04-29 14:05:39.404660,21.07856
2024-04-29 14:05:39.420290,21.46712
2024-04-29 14:05:39.435920,21.75851
2024-04-29 14:05:39.451540,21.79606
2024-04-29 14:05:39.467170,21.48268
2024-04-29 14:05:39.482790,20.81709
2024-04-29 14:05:39.498420,19.88694
2024-04-29 14:05:39.514040,18.80528
2024-04-29 14:05:39.529670,17.63233
2024-04-29 14:05:39.545300,16.37816
2024-04-29 14:05:39.560920,14.98952
2024-04-29 14:05:39.576550,13.43384
2024-04-29 14:05:39.592170,11.72749
2024-04-29 14:05:39.607800,9.933731
2024-04-29 14:05:39.623420,8.154713
2024-04-29 14:05:39.639050,6.442104
2024-04-29 14:05:39.654680,4.802624
2024-04-29 14:05:39.670300,3.173035
2024-04-29 14:05:39.685930,1.459763
2024-04-29 14:05:39.701550,-0.4042625
2024-04-29 14:05:39.717180,-2.430458
2024-04-29 14:05:39.732800,-4.557541
2024-04-29 14:05:39.748430,-6.700554
2024-04-29 14:05:39.764060,-8.745579
2024-04-29 14:05:39.779680,-10.64356
2024-04-29 14:05:39.795310,-12.40895
2024-04-29 14:05:39.810930,-14.19596
2024-04-29 14:05:39.826560,-16.21568
2024-04-29 14:05:39.842180,-18.68232
2024-04-29 14:05:39.857810,-21.63599
2024-04-29 14:05:39.873440,-24.84547
2024-04-29 14:05:39.889060,-27.79235
2024-04-29 14:05:39.904690,-29.76276
2024-04-29 14:05:39.920310,-30.0911
2024-04-29 14:05:39.935940,-28.39799
2024-04-29 14:05:39.951560,-24.75221
2024-04-29 14:05:39.967190,-19.61538
2024-04-29 14:05:39.982820,-13.70005
2024-04-29 14:05:39.998440,-7.721828
2024-04-29 14:05:40.014070,-2.222801
2024-04-29 14:05:40.029690,2.479584
2024-04-29 14:05:40.045320,6.276684
2024-04-29 14:05:40.060940,9.169113
2024-04-29 14:05:40.076570,11.22035
2024-04-29 14:05:40.092200,12.49717
2024-04-29 14:05:40.107820,13.09896
2024-04-29 14:05:40.123450,13.15303
2024-04-29 14:05:40.139070,12.83706
2024-04-29 14:05:40.154700,12.37851
2024-04-29 14:05:40.170320,12.01534
2024-04-29 14:05:40.185950,11.94241
2024-04-29 14:05:40.201580,12.23811
2024-04-29 14:05:40.217200,12.86058
2024-04-29 14:05:40.232830,13.61842
2024-04-29 14:05:40.248450,14.28897
2024-04-29 14:05:40.264080,14.69768
2024-04-29 14:05:40.279700,14.78407
2024-04-29 14:05:40.295330,14.61711
2024-04-29 14:05:40.310960,14.30972
2024-04-29 14:05:40.326580,13.95619
2024-04-29 14:05:40.342210,13.54991
2024-04-29 14:05:40.357830,13.02243
2024-04-29 14:05:40.373460,12.27616
2024-04-29 14:05:40.389080,11.24045
2024-04-29 14:05:40.404710,9.950375
2024-04-29 14:05:40.420340,8.535152
2024-04-29 14:05:40.435960,7.189983
2024-04-29 14:05:40.451590,6.080093
2024-04-29 14:05:40.467210,5.273857
2024-04-29 14:05:40.482840,4.684652
2024-04-29 14:05:40.498460,4.099977
2024-04-29 14:05:40.514090,3.278427
2024-04-29 14:05:40.529720,2.029959
2024-04-29 14:05:40.545340,0.3449879
2024-04-29 14:05:40.560970,-1.63796
2024-04-29 14:05:40.576590,-3.671085
2024-04-29 14:05:40.592220,-5.537161
2024-04-29 14:05:40.607840,-7.102646
2024-04-29 14:05:40.623470,-8.389694
2024-04-29 14:05:40.639100,-9.543457
2024-04-29 14:05:40.654720,-10.78997
2024-04-29 14:05:40.670350,-12.37597
2024-04-29 14:05:40.685970,-14.49022
2024-04-29 14:05:40.701600,-17.16822
2024-04-29 14:05:40.717220,-20.16114
2024-04-29 14:05:40.732850,-22.9276
2024-04-29 14:05:40.748480,-24.72854
2024-04-29 14:05:40.764100,-24.85228
2024-04-29 14:05:40.779730,-22.89363
2024-04-29 14:05:40.795350,-18.92343
2024-04-29 14:05:40.810980,-13.47591
2024-04-29 14:05:40.826600,-7.360445
2024-04-29 14:05:40.842230,-1.386904
2024-04-29 14:05:40.857860,3.854715
2024-04-29 14:05:40.873480,8.063663
2024-04-29 14:05:40.889110,11.16538
2024-04-29 14:05:40.904730,13.19836
2024-04-29 14:05:40.920360,14.25302
2024-04-29 14:05:40.935980,14.47198
2024-04-29 14:05:40.951610,14.07984
2024-04-29 14:05:40.967240,13.38357
2024-04-29 14:05:40.982860,12.72225
2024-04-29 14:05:40.998490,12.35864
2024-04-29 14:05:41.014110,12.43687
2024-04-29 14:05:41.029740,12.93064
2024-04-29 14:05:41.045360,13.71595
2024-04-29 14:05:41.060990,14.61994
2024-04-29 14:05:41.076620,15.47301
2024-04-29 14:05:41.092240,16.12329
2024-04-29 14:05:41.107870,16.45686
2024-04-29 14:05:41.123490,16.41845
2024-04-29 14:05:41.139120,15.99078
2024-04-29 14:05:41.154750,15.21914
2024-04-29 14:05:41.170370,14.17795
2024-04-29 14:05:41.186000,12.96443
2024-04-29 14:05:41.201620,11.6335
2024-04-29 14:05:41.217250,10.19789
2024-04-29 14:05:41.232870,8.664472
2024-04-29 14:05:41.248500,7.027786
2024-04-29 14:05:41.264130,5.333149
2024-04-29 14:05:41.279750,3.682218
2024-04-29 14:05:41.295380,2.191297
2024-04-29 14:05:41.311000,0.9643335
2024-04-29 14:05:41.326630,0.03840923
2024-04-29 14:05:41.342250,-0.6754007
2024-04-29 14:05:41.357880,-1.372361
2024-04-29 14:05:41.373510,-2.279623
2024-04-29 14:05:41.389130,-3.560012
2024-04-29 14:05:41.404760,-5.219637
2024-04-29 14:05:41.420380,-7.093058
2024-04-29 14:05:41.436010,-8.920273
2024-04-29 14:05:41.451630,-10.50872
2024-04-29 14:05:41.467260,-11.80572
2024-04-29 14:05:41.482890,-12.95485
2024-04-29 14:05:41.498510,-14.21272
2024-04-29 14:05:41.514140,-15.80899
2024-04-29 14:05:41.529760,-17.86015
2024-04-29 14:05:41.545390,-20.3015
2024-04-29 14:05:41.561010,-22.87609
2024-04-29 14:05:41.576640,-25.19171
2024-04-29 14:05:41.592270,-26.797
2024-04-29 14:05:41.607890,-27.24572
2024-04-29 14:05:41.623520,-26.18972
2024-04-29 14:05:41.639140,-23.50418
2024-04-29 14:05:41.654770,-19.31961
2024-04-29 14:05:41.670390,-14.07324
2024-04-29 14:05:41.686020,-8.369513
2024-04-29 14:05:41.701650,-2.846119
2024-04-29 14:05:41.717270,1.965897
2024-04-29 14:05:41.732900,5.74115
2024-04-29 14:05:41.748520,8.372276
2024-04-29 14:05:41.764150,9.91708
2024-04-29 14:05:41.779770,10.57025
2024-04-29 14:05:41.795400,10.60885
2024-04-29 14:05:41.811030,10.35178
2024-04-29 14:05:41.826650,10.12226
2024-04-29 14:05:41.842280,10.15388
2024-04-29 14:05:41.857900,10.53624
2024-04-29 14:05:41.873530,11.19116
2024-04-29 14:05:41.889150,11.91295
2024-04-29 14:05:41.904780,12.44731
2024-04-29 14:05:41.920410,12.59288
2024-04-29 14:05:41.936030,12.27487
2024-04-29 14:05:41.951660,11.53488
2024-04-29 14:05:41.967280,10.5013
2024-04-29 14:05:41.982910,9.314163
2024-04-29 14:05:41.998530,8.068954
2024-04-29 14:05:42.014160,6.809879
2024-04-29 14:05:42.029790,5.554977
2024-04-29 14:05:42.045410,4.324715
2024-04-29 14:05:42.061040,3.165398
2024-04-29 14:05:42.076660,2.133133
2024-04-29 14:05:42.092290,1.275692
2024-04-29 14:05:42.107910,0.6200676
2024-04-29 14:05:42.123540,0.1682472
2024-04-29 14:05:42.139170,-0.103611
2024-04-29 14:05:42.154790,-0.2277451
2024-04-29 14:05:42.170420,-0.2807961
2024-04-29 14:05:42.186040,-0.3971214
2024-04-29 14:05:42.201670,-0.7224922
2024-04-29 14:05:42.217290,-1.399784
2024-04-29 14:05:42.232920,-2.509781
2024-04-29 14:05:42.248550,-4.011993
2024-04-29 14:05:42.264170,-5.778156
2024-04-29 14:05:42.279800,-7.615341
2024-04-29 14:05:42.295420,-9.359646
2024-04-29 14:05:42.311050,-10.93017
2024-04-29 14:05:42.326670,-12.36518
2024-04-29 14:05:42.342300,-13.80499
2024-04-29 14:05:42.357930,-15.41951
2024-04-29 14:05:42.373550,-17.35523
2024-04-29 14:05:42.389180,-19.63014
2024-04-29 14:05:42.404800,-22.07031
2024-04-29 14:05:42.420430,-24.29323
2024-04-29 14:05:42.436050,-25.74097
2024-04-29 14:05:42.451680,-25.86936
2024-04-29 14:05:42.467310,-24.28883
2024-04-29 14:05:42.482930,-20.95272
2024-04-29 14:05:42.498560,-16.17713
2024-04-29 14:05:42.514180,-10.58269
2024-04-29 14:05:42.529810,-4.885201
2024-04-29 14:05:42.545430,0.2537537
2024-04-29 14:05:42.561060,4.381599
2024-04-29 14:05:42.576690,7.275833
2024-04-29 14:05:42.592310,8.923737
2024-04-29 14:05:42.607940,9.472786
2024-04-29 14:05:42.623560,9.17392
2024-04-29 14:05:42.639190,8.344528
2024-04-29 14:05:42.654810,7.328354
2024-04-29 14:05:42.670440,6.49456
2024-04-29 14:05:42.686070,6.12149
2024-04-29 14:05:42.701690,6.360573
2024-04-29 14:05:42.717320,7.199471
2024-04-29 14:05:42.732940,8.451416
2024-04-29 14:05:42.748570,9.833328
2024-04-29 14:05:42.764190,11.00657
2024-04-29 14:05:42.779820,11.71105
2024-04-29 14:05:42.795450,11.7983
2024-04-29 14:05:42.811070,11.30273
2024-04-29 14:05:42.826700,10.38204
2024-04-29 14:05:42.842320,9.247696
2024-04-29 14:05:42.857950,8.086037
2024-04-29 14:05:42.873570,6.983521
2024-04-29 14:05:42.889200,5.919434
2024-04-29 14:05:42.904830,4.826874
2024-04-29 14:05:42.920450,3.662621
2024-04-29 14:05:42.936080,2.425827
2024-04-29 14:05:42.951700,1.179665
2024-04-29 14:05:42.967330,-0.02016449
2024-04-29 14:05:42.982950,-1.14782
2024-04-29 14:05:42.998580,-2.235535
2024-04-29 14:05:43.014210,-3.346169
2024-04-29 14:05:43.029830,-4.495331
2024-04-29 14:05:43.045460,-5.652588
2024-04-29 14:05:43.061080,-6.745262
2024-04-29 14:05:43.076710,-7.734482
2024-04-29 14:05:43.092330,-8.636208
2024-04-29 14:05:43.107960,-9.541588
2024-04-29 14:05:43.123590,-10.59148
2024-04-29 14:05:43.139210,-11.89007
2024-04-29 14:05:43.154840,-13.54437
2024-04-29 14:05:43.170460,-15.58178
2024-04-29 14:05:43.186090,-17.9397
2024-04-29 14:05:43.201710,-20.43184
2024-04-29 14:05:43.217340,-22.73923
2024-04-29 14:05:43.232970,-24.4409
2024-04-29 14:05:43.248590,-25.07876
2024-04-29 14:05:43.264220,-24.28437
2024-04-29 14:05:43.279840,-21.88763
2024-04-29 14:05:43.295470,-18.00354
2024-04-29 14:05:43.311090,-13.02041
2024-04-29 14:05:43.326720,-7.503738
2024-04-29 14:05:43.342350,-2.094147
2024-04-29 14:05:43.357970,2.655739
2024-04-29 14:05:43.373600,6.340889
2024-04-29 14:05:43.389220,8.771141
2024-04-29 14:05:43.404850,9.961311
2024-04-29 14:05:43.420480,10.09907
2024-04-29 14:05:43.436100,9.469803
2024-04-29 14:05:43.451730,8.404861
2024-04-29 14:05:43.467350,7.220474
2024-04-29 14:05:43.482980,6.197624
2024-04-29 14:05:43.498600,5.562584
2024-04-29 14:05:43.514230,5.455872
2024-04-29 14:05:43.529860,5.923981
2024-04-29 14:05:43.545480,6.877083
2024-04-29 14:05:43.561110,8.114372
2024-04-29 14:05:43.576730,9.380966
2024-04-29 14:05:43.592360,10.40889
2024-04-29 14:05:43.607980,10.9959
2024-04-29 14:05:43.623610,11.0257
2024-04-29 14:05:43.639240,10.50793
2024-04-29 14:05:43.654860,9.559959
2024-04-29 14:05:43.670490,8.350266
2024-04-29 14:05:43.686110,7.038925
2024-04-29 14:05:43.701740,5.754181
2024-04-29 14:05:43.717360,4.552773
2024-04-29 14:05:43.732990,3.415222
2024-04-29 14:05:43.748620,2.2882
2024-04-29 14:05:43.764240,1.07238
2024-04-29 14:05:43.779870,-0.3126221
2024-04-29 14:05:43.795490,-1.896904
2024-04-29 14:05:43.811120,-3.636612
2024-04-29 14:05:43.826740,-5.449791
2024-04-29 14:05:43.842370,-7.231224
2024-04-29 14:05:43.858000,-8.858521
2024-04-29 14:05:43.873620,-10.27084
2024-04-29 14:05:43.889250,-11.46188
2024-04-29 14:05:43.904870,-12.49696
2024-04-29 14:05:43.920500,-13.52705
2024-04-29 14:05:43.936120,-14.72537
2024-04-29 14:05:43.951750,-16.21934
2024-04-29 14:05:43.967380,-18.04855
2024-04-29 14:05:43.983000,-20.08053
2024-04-29 14:05:43.998630,-21.9632
2024-04-29 14:05:44.014250,-23.19221
2024-04-29 14:05:44.029880,-23.20735
2024-04-29 14:05:44.045500,-21.57458
2024-04-29 14:05:44.061130,-18.1977
2024-04-29 14:05:44.076760,-13.3731
2024-04-29 14:05:44.092380,-7.740349
2024-04-29 14:05:44.108010,-2.08622
2024-04-29 14:05:44.123630,2.888145
2024-04-29 14:05:44.139260,6.732727
2024-04-29 14:05:44.154880,9.312813
2024-04-29 14:05:44.170510,10.73719
2024-04-29 14:05:44.186140,11.22957
2024-04-29 14:05:44.201760,11.03207
2024-04-29 14:05:44.217390,10.35945
2024-04-29 14:05:44.233010,9.418625
2024-04-29 14:05:44.248640,8.427254
2024-04-29 14:05:44.264260,7.623356
2024-04-29 14:05:44.279890,7.196575
2024-04-29 14:05:44.295520,7.217113
2024-04-29 14:05:44.311140,7.666149
2024-04-29 14:05:44.326770,8.392353
2024-04-29 14:05:44.342390,9.193123
2024-04-29 14:05:44.358020,9.865166
2024-04-29 14:05:44.373640,10.26006
2024-04-29 14:05:44.389270,10.28926
2024-04-29 14:05:44.404900,9.952793
2024-04-29 14:05:44.420520,9.303345
2024-04-29 14:05:44.436150,8.417053
2024-04-29 14:05:44.451770,7.367981
2024-04-29 14:05:44.467400,6.182293
2024-04-29 14:05:44.483020,4.834831
2024-04-29 14:05:44.498650,3.296143
2024-04-29 14:05:44.514280,1.567905
2024-04-29 14:05:44.529900,-0.2928314
2024-04-29 14:05:44.545530,-2.153107
2024-04-29 14:05:44.561150,-3.867435
2024-04-29 14:05:44.576780,-5.328461
2024-04-29 14:05:44.592400,-6.478035
2024-04-29 14:05:44.608030,-7.359844
2024-04-29 14:05:44.623660,-8.062126
2024-04-29 14:05:44.639280,-8.722183
2024-04-29 14:05:44.654910,-9.513275
2024-04-29 14:05:44.670530,-10.62189
2024-04-29 14:05:44.686160,-12.20218
2024-04-29 14:05:44.701780,-14.28688
2024-04-29 14:05:44.717410,-16.70535
2024-04-29 14:05:44.733040,-19.01791
2024-04-29 14:05:44.748660,-20.60726
2024-04-29 14:05:44.764290,-20.8362
2024-04-29 14:05:44.779910,-19.26455
2024-04-29 14:05:44.795540,-15.86665
2024-04-29 14:05:44.811160,-11.00263
2024-04-29 14:05:44.826790,-5.314751
2024-04-29 14:05:44.842420,0.4946938
2024-04-29 14:05:44.858040,5.831905
2024-04-29 14:05:44.873670,10.29373
2024-04-29 14:05:44.889290,13.64274
2024-04-29 14:05:44.904920,15.72166
2024-04-29 14:05:44.920540,16.47016
2024-04-29 14:05:44.936170,15.91711
2024-04-29 14:05:44.951800,14.30349
2024-04-29 14:05:44.967420,12.06591
2024-04-29 14:05:44.983050,9.7789
2024-04-29 14:05:44.998670,7.974257
2024-04-29 14:05:45.014300,6.988525
2024-04-29 14:05:45.029920,6.905983
2024-04-29 14:05:45.045550,7.558359
2024-04-29 14:05:45.061180,8.665676
2024-04-29 14:05:45.076800,9.909487
2024-04-29 14:05:45.092430,11.01379
2024-04-29 14:05:45.108050,11.77545
2024-04-29 14:05:45.123680,12.05662
2024-04-29 14:05:45.139300,11.78979
2024-04-29 14:05:45.154930,10.97501
2024-04-29 14:05:45.170560,9.690779
2024-04-29 14:05:45.186180,8.034544
2024-04-29 14:05:45.201810,6.132227
2024-04-29 14:05:45.217430,4.061378
2024-04-29 14:05:45.233060,1.894056
2024-04-29 14:05:45.248680,-0.3053627
2024-04-29 14:05:45.264310,-2.456167
2024-04-29 14:05:45.279940,-4.451925
2024-04-29 14:05:45.295560,-6.190872
2024-04-29 14:05:45.311190,-7.617439
2024-04-29 14:05:45.326810,-8.762127
2024-04-29 14:05:45.342440,-9.728172
2024-04-29 14:05:45.358060,-10.66651
2024-04-29 14:05:45.373690,-11.77037
2024-04-29 14:05:45.389320,-13.17332
2024-04-29 14:05:45.404940,-14.92528
2024-04-29 14:05:45.420570,-16.85701
2024-04-29 14:05:45.436190,-18.58208
2024-04-29 14:05:45.451820,-19.51962
2024-04-29 14:05:45.467440,-19.08834
2024-04-29 14:05:45.483070,-16.88675
2024-04-29 14:05:45.498700,-12.8899
2024-04-29 14:05:45.514320,-7.511381
2024-04-29 14:05:45.529950,-1.470838
2024-04-29 14:05:45.545570,4.391947
2024-04-29 14:05:45.561200,9.382329
2024-04-29 14:05:45.576820,13.10801
2024-04-29 14:05:45.592450,15.44109
2024-04-29 14:05:45.608080,16.4693
2024-04-29 14:05:45.623700,16.36435
2024-04-29 14:05:45.639330,15.34324
2024-04-29 14:05:45.654950,13.67622
2024-04-29 14:05:45.670580,11.71978
2024-04-29 14:05:45.686200,9.885474
2024-04-29 14:05:45.701830,8.563121
2024-04-29 14:05:45.717460,8.010128
2024-04-29 14:05:45.733080,8.261652
2024-04-29 14:05:45.748710,9.12759
2024-04-29 14:05:45.764330,10.27855
2024-04-29 14:05:45.779960,11.33994
2024-04-29 14:05:45.795580,12.03986
2024-04-29 14:05:45.811210,12.24194
2024-04-29 14:05:45.826840,11.95599
2024-04-29 14:05:45.842460,11.26489
2024-04-29 14:05:45.858090,10.24407
2024-04-29 14:05:45.873710,8.920996
2024-04-29 14:05:45.889340,7.301288
2024-04-29 14:05:45.904960,5.391091
2024-04-29 14:05:45.920590,3.258427
2024-04-29 14:05:45.936220,1.042294
2024-04-29 14:05:45.951840,-1.076902
2024-04-29 14:05:45.967470,-2.948114
2024-04-29 14:05:45.983090,-4.497868
2024-04-29 14:05:45.998720,-5.789164
2024-04-29 14:05:46.014350,-6.990361
2024-04-29 14:05:46.029970,-8.297838
2024-04-29 14:05:46.045600,-9.875011
2024-04-29 14:05:46.061220,-11.77526
2024-04-29 14:05:46.076850,-13.87321
2024-04-29 14:05:46.092470,-15.87977
2024-04-29 14:05:46.108100,-17.35951
2024-04-29 14:05:46.123730,-17.82447
2024-04-29 14:05:46.139350,-16.88772
2024-04-29 14:05:46.154980,-14.38531
2024-04-29 14:05:46.170600,-10.46361
2024-04-29 14:05:46.186230,-5.564867
2024-04-29 14:05:46.201850,-0.3190542
2024-04-29 14:05:46.217480,4.652311
2024-04-29 14:05:46.233110,8.839336
2024-04-29 14:05:46.248730,11.93703
2024-04-29 14:05:46.264360,13.81327
2024-04-29 14:05:46.279980,14.47027
2024-04-29 14:05:46.295610,14.00738
2024-04-29 14:05:46.311230,12.63703
2024-04-29 14:05:46.326860,10.68949
2024-04-29 14:05:46.342490,8.609249
2024-04-29 14:05:46.358110,6.862151
2024-04-29 14:05:46.373740,5.786016
2024-04-29 14:05:46.389360,5.519295
2024-04-29 14:05:46.404990,5.944324
2024-04-29 14:05:46.420610,6.774621
2024-04-29 14:05:46.436240,7.692067
2024-04-29 14:05:46.451870,8.440376
2024-04-29 14:05:46.467490,8.871242
2024-04-29 14:05:46.483120,8.943314
2024-04-29 14:05:46.498740,8.665669
2024-04-29 14:05:46.514370,8.018528
2024-04-29 14:05:46.529990,7.000019
2024-04-29 14:05:46.545620,5.60851
2024-04-29 14:05:46.561250,3.894115
2024-04-29 14:05:46.576870,1.964845
2024-04-29 14:05:46.592500,-0.03587186
2024-04-29 14:05:46.608120,-1.995618
2024-04-29 14:05:46.623750,-3.840742
2024-04-29 14:05:46.639370,-5.555028
2024-04-29 14:05:46.655000,-7.182917
2024-04-29 14:05:46.670630,-8.765466
2024-04-29 14:05:46.686250,-10.36965
2024-04-29 14:05:46.701880,-12.06785
2024-04-29 14:05:46.717500,-13.8836
2024-04-29 14:05:46.733130,-15.76031
2024-04-29 14:05:46.748750,-17.48087
2024-04-29 14:05:46.764380,-18.65352
2024-04-29 14:05:46.780010,-18.79205
2024-04-29 14:05:46.795630,-17.48653
2024-04-29 14:05:46.811260,-14.5618
2024-04-29 14:05:46.826880,-10.23519
2024-04-29 14:05:46.842510,-5.04762
2024-04-29 14:05:46.858130,0.2871066
2024-04-29 14:05:46.873760,5.107801
2024-04-29 14:05:46.889390,8.987112
2024-04-29 14:05:46.905010,11.77885
2024-04-29 14:05:46.920640,13.51247
2024-04-29 14:05:46.936260,14.26576
2024-04-29 14:05:46.951890,14.11385
2024-04-29 14:05:46.967510,13.10876
2024-04-29 14:05:46.983140,11.38172
2024-04-29 14:05:46.998770,9.231294
2024-04-29 14:05:47.014390,7.09719
2024-04-29 14:05:47.030020,5.455937
2024-04-29 14:05:47.045640,4.645875
2024-04-29 14:05:47.061270,4.772953
2024-04-29 14:05:47.076890,5.65185
2024-04-29 14:05:47.092520,6.93657
2024-04-29 14:05:47.108150,8.209113
2024-04-29 14:05:47.123770,9.124282
2024-04-29 14:05:47.139400,9.473837
2024-04-29 14:05:47.155020,9.197404
2024-04-29 14:05:47.170650,8.327339
2024-04-29 14:05:47.186270,6.963284
2024-04-29 14:05:47.201900,5.226988
2024-04-29 14:05:47.217530,3.263099
2024-04-29 14:05:47.233150,1.217707
2024-04-29 14:05:47.248780,-0.777576
2024-04-29 14:05:47.264400,-2.607992
2024-04-29 14:05:47.280030,-4.218534
2024-04-29 14:05:47.295650,-5.62888
2024-04-29 14:05:47.311280,-6.919466
2024-04-29 14:05:47.326910,-8.243839
2024-04-29 14:05:47.342530,-9.737923
2024-04-29 14:05:47.358160,-11.51379
2024-04-29 14:05:47.373780,-13.53463
2024-04-29 14:05:47.389410,-15.59736
2024-04-29 14:05:47.405030,-17.30627
2024-04-29 14:05:47.420660,-18.15968
2024-04-29 14:05:47.436290,-17.69079
2024-04-29 14:05:47.451910,-15.61432
2024-04-29 14:05:47.467540,-11.95627
2024-04-29 14:05:47.483160,-7.074941
2024-04-29 14:05:47.498790,-1.582867
2024-04-29 14:05:47.514410,3.804969
2024-04-29 14:05:47.530040,8.446868
2024-04-29 14:05:47.545670,11.9029
2024-04-29 14:05:47.561290,13.9934
2024-04-29 14:05:47.576920,14.77774
2024-04-29 14:05:47.592540,14.47034
2024-04-29 14:05:47.608170,13.34058
2024-04-29 14:05:47.623790,11.70336
2024-04-29 14:05:47.639420,9.846895
2024-04-29 14:05:47.655050,8.065813
2024-04-29 14:05:47.670670,6.609231
2024-04-29 14:05:47.686300,5.649611
2024-04-29 14:05:47.701920,5.229548
2024-04-29 14:05:47.717550,5.283231
2024-04-29 14:05:47.733170,5.658488
2024-04-29 14:05:47.748800,6.165111
2024-04-29 14:05:47.764430,6.657036
2024-04-29 14:05:47.780050,6.988741
2024-04-29 14:05:47.795680,7.033763
2024-04-29 14:05:47.811300,6.661585
2024-04-29 14:05:47.826930,5.734862
2024-04-29 14:05:47.842550,4.227253
2024-04-29 14:05:47.858180,2.242387
2024-04-29 14:05:47.873810,0.03856993
2024-04-29 14:05:47.889430,-2.074054
2024-04-29 14:05:47.905060,-3.840571
2024-04-29 14:05:47.920680,-5.189194
2024-04-29 14:05:47.936310,-6.227302
2024-04-29 14:05:47.951930,-7.164264
2024-04-29 14:05:47.967560,-8.211372
2024-04-29 14:05:47.983190,-9.477165
2024-04-29 14:05:47.998810,-10.95988
2024-04-29 14:05:48.014440,-12.58717
2024-04-29 14:05:48.030060,-14.25671
2024-04-29 14:05:48.045690,-15.80616
2024-04-29 14:05:48.061310,-16.99029
2024-04-29 14:05:48.076940,-17.45688
2024-04-29 14:05:48.092570,-16.80398
2024-04-29 14:05:48.108190,-14.76989
2024-04-29 14:05:48.123820,-11.36775
2024-04-29 14:05:48.139440,-6.961957
2024-04-29 14:05:48.155070,-2.199661
2024-04-29 14:05:48.170690,2.20435
2024-04-29 14:05:48.186320,5.699194
2024-04-29 14:05:48.201950,8.023565
2024-04-29 14:05:48.217570,9.216585
2024-04-29 14:05:48.233200,9.499522
2024-04-29 14:05:48.248820,9.118719
2024-04-29 14:05:48.264450,8.271485
2024-04-29 14:05:48.280080,7.103487
2024-04-29 14:05:48.295700,5.767791
2024-04-29 14:05:48.311330,4.471437
2024-04-29 14:05:48.326950,3.453935
2024-04-29 14:05:48.342580,2.924923
2024-04-29 14:05:48.358200,2.97473
2024-04-29 14:05:48.373830,3.542047
2024-04-29 14:05:48.389460,4.41384
2024-04-29 14:05:48.405080,5.32327
2024-04-29 14:05:48.420710,6.0413
2024-04-29 14:05:48.436330,6.410719
2024-04-29 14:05:48.451960,6.392042
2024-04-29 14:05:48.467580,6.009895
2024-04-29 14:05:48.483210,5.293905
2024-04-29 14:05:48.498840,4.271702
2024-04-29 14:05:48.514460,2.981184
2024-04-29 14:05:48.530090,1.474651
2024-04-29 14:05:48.545710,-0.1566505
2024-04-29 14:05:48.561340,-1.742501
2024-04-29 14:05:48.576960,-3.154377
2024-04-29 14:05:48.592590,-4.317293
2024-04-29 14:05:48.608220,-5.262032
2024-04-29 14:05:48.623840,-6.127704
2024-04-29 14:05:48.639470,-7.117972
2024-04-29 14:05:48.655090,-8.421456
2024-04-29 14:05:48.670720,-10.14197
2024-04-29 14:05:48.686340,-12.22815
2024-04-29 14:05:48.701970,-14.436
2024-04-29 14:05:48.717600,-16.34613
2024-04-29 14:05:48.733220,-17.458
2024-04-29 14:05:48.748850,-17.29358
2024-04-29 14:05:48.764470,-15.57774
2024-04-29 14:05:48.780100,-12.35882
2024-04-29 14:05:48.795720,-8.021571
2024-04-29 14:05:48.811350,-3.202643
2024-04-29 14:05:48.826980,1.41457
2024-04-29 14:05:48.842600,5.280382
2024-04-29 14:05:48.858230,8.087885
2024-04-29 14:05:48.873850,9.767818
2024-04-29 14:05:48.889480,10.41733
2024-04-29 14:05:48.905100,10.18436
2024-04-29 14:05:48.920730,9.282083
2024-04-29 14:05:48.936360,7.960383
2024-04-29 14:05:48.951980,6.559136
2024-04-29 14:05:48.967610,5.46042
2024-04-29 14:05:48.983230,4.965926
2024-04-29 14:05:48.998860,5.191369
2024-04-29 14:05:49.014480,6.027637
2024-04-29 14:05:49.030110,7.178037
2024-04-29 14:05:49.045740,8.245087
2024-04-29 14:05:49.061360,8.932621
2024-04-29 14:05:49.076990,9.082488
2024-04-29 14:05:49.092610,8.69445
2024-04-29 14:05:49.108240,7.886785
2024-04-29 14:05:49.123860,6.808956
2024-04-29 14:05:49.139490,5.596908
2024-04-29 14:05:49.155120,4.332979
2024-04-29 14:05:49.170740,3.059035
2024-04-29 14:05:49.186370,1.737621
2024-04-29 14:05:49.201990,0.3201966
2024-04-29 14:05:49.217620,-1.234299
2024-04-29 14:05:49.233240,-2.920468
2024-04-29 14:05:49.248870,-4.649467
2024-04-29 14:05:49.264500,-6.298833
2024-04-29 14:05:49.280120,-7.768209
2024-04-29 14:05:49.295750,-9.019995
2024-04-29 14:05:49.311370,-10.13265
2024-04-29 14:05:49.327000,-11.26837
2024-04-29 14:05:49.342620,-12.59665
2024-04-29 14:05:49.358250,-14.23659
2024-04-29 14:05:49.373880,-16.17575
2024-04-29 14:05:49.389500,-18.23721
2024-04-29 14:05:49.405130,-20.08447
2024-04-29 14:05:49.420750,-21.25958
2024-04-29 14:05:49.436380,-21.30675
2024-04-29 14:05:49.452000,-19.89621
2024-04-29 14:05:49.467630,-16.95528
2024-04-29 14:05:49.483260,-12.70946
2024-04-29 14:05:49.498880,-7.676501
2024-04-29 14:05:49.514510,-2.501024
2024-04-29 14:05:49.530130,2.209047
2024-04-29 14:05:49.545760,6.008483
2024-04-29 14:05:49.561380,8.704721
2024-04-29 14:05:49.577010,10.30554
2024-04-29 14:05:49.592640,10.95414
2024-04-29 14:05:49.608260,10.86018
2024-04-29 14:05:49.623890,10.27786
2024-04-29 14:05:49.639510,9.458315
2024-04-29 14:05:49.655140,8.662332
2024-04-29 14:05:49.670760,8.112394
2024-04-29 14:05:49.686390,7.960607
2024-04-29 14:05:49.702020,8.254503
2024-04-29 14:05:49.717640,8.926201
2024-04-29 14:05:49.733270,9.796336
2024-04-29 14:05:49.748890,10.62605
2024-04-29 14:05:49.764520,11.18877
2024-04-29 14:05:49.780140,11.30298
2024-04-29 14:05:49.795770,10.89564
2024-04-29 14:05:49.811400,10.0141
2024-04-29 14:05:49.827020,8.786648
2024-04-29 14:05:49.842650,7.368392
2024-04-29 14:05:49.858270,5.867383
2024-04-29 14:05:49.873900,4.330029
2024-04-29 14:05:49.889520,2.712907
2024-04-29 14:05:49.905150,0.969305
2024-04-29 14:05:49.920780,-0.9192834
2024-04-29 14:05:49.936400,-2.861783
2024-04-29 14:05:49.952030,-4.687899
2024-04-29 14:05:49.967650,-6.222345
2024-04-29 14:05:49.983280,-7.375427
2024-04-29 14:05:49.998900,-8.218472
2024-04-29 14:05:50.014530,-8.977242
2024-04-29 14:05:50.030160,-9.939617
2024-04-29 14:05:50.045780,-11.35925
2024-04-29 14:05:50.061410,-13.32252
2024-04-29 14:05:50.077030,-15.68289
2024-04-29 14:05:50.092660,-18.05696
2024-04-29 14:05:50.108280,-19.90386
2024-04-29 14:05:50.123910,-20.66031
2024-04-29 14:05:50.139540,-19.90348
2024-04-29 14:05:50.155160,-17.47889
2024-04-29 14:05:50.170790,-13.58533
2024-04-29 14:05:50.186410,-8.723705
2024-04-29 14:05:50.202040,-3.557828
2024-04-29 14:05:50.217660,1.272227
2024-04-29 14:05:50.233290,5.311721
2024-04-29 14:05:50.248920,8.344744
2024-04-29 14:05:50.264540,10.35683
2024-04-29 14:05:50.280170,11.46014
2024-04-29 14:05:50.295790,11.77793
2024-04-29 14:05:50.311420,11.43756
2024-04-29 14:05:50.327040,10.59279
2024-04-29 14:05:50.342670,9.479477
2024-04-29 14:05:50.358300,8.402081
2024-04-29 14:05:50.373920,7.677738
2024-04-29 14:05:50.389550,7.511917
2024-04-29 14:05:50.405170,7.922461
2024-04-29 14:05:50.420800,8.739235
2024-04-29 14:05:50.436420,9.648323
2024-04-29 14:05:50.452050,10.36216
2024-04-29 14:05:50.467680,10.67905
2024-04-29 14:05:50.483300,10.55808
2024-04-29 14:05:50.498930,10.06379
2024-04-29 14:05:50.514550,9.281578
2024-04-29 14:05:50.530180,8.259453
2024-04-29 14:05:50.545800,6.981981
2024-04-29 14:05:50.561430,5.414118
2024-04-29 14:05:50.577060,3.532087
2024-04-29 14:05:50.592680,1.396194
2024-04-29 14:05:50.608310,-0.8621712
2024-04-29 14:05:50.623930,-3.043682
2024-04-29 14:05:50.639560,-4.973963
2024-04-29 14:05:50.655180,-6.561012
2024-04-29 14:05:50.670810,-7.810699
2024-04-29 14:05:50.686440,-8.836273
2024-04-29 14:05:50.702060,-9.808243
2024-04-29 14:05:50.717690,-10.91195
2024-04-29 14:05:50.733310,-12.30162
2024-04-29 14:05:50.748940,-14.05507
2024-04-29 14:05:50.764560,-16.12601
2024-04-29 14:05:50.780190,-18.32245
2024-04-29 14:05:50.795820,-20.29949
2024-04-29 14:05:50.811440,-21.57401
2024-04-29 14:05:50.827070,-21.64422
2024-04-29 14:05:50.842690,-20.12084
2024-04-29 14:05:50.858320,-16.89231
2024-04-29 14:05:50.873950,-12.21338
2024-04-29 14:05:50.889570,-6.65118
2024-04-29 14:05:50.905200,-0.9273338
2024-04-29 14:05:50.920820,4.301296
2024-04-29 14:05:50.936450,8.61058
2024-04-29 14:05:50.952070,11.85666
2024-04-29 14:05:50.967700,14.09375
2024-04-29 14:05:50.983330,15.46123
2024-04-29 14:05:50.998950,16.1016
2024-04-29 14:05:51.014580,16.15618
2024-04-29 14:05:51.030200,15.78432
2024-04-29 14:05:51.045830,15.22302
2024-04-29 14:05:51.061450,14.72849
2024-04-29 14:05:51.077080,14.50904
2024-04-29 14:05:51.092710,14.63289
2024-04-29 14:05:51.108330,14.99478
2024-04-29 14:05:51.123960,15.37115
2024-04-29 14:05:51.139580,15.51622
2024-04-29 14:05:51.155210,15.25562
2024-04-29 14:05:51.170830,14.52802
2024-04-29 14:05:51.186460,13.36431
2024-04-29 14:05:51.202090,11.87955
2024-04-29 14:05:51.217710,10.23515
2024-04-29 14:05:51.233340,8.613659
2024-04-29 14:05:51.248960,7.152878
2024-04-29 14:05:51.264590,5.918644
2024-04-29 14:05:51.280210,4.856956
2024-04-29 14:05:51.295840,3.800545
2024-04-29 14:05:51.311470,2.551159
2024-04-29 14:05:51.327090,0.9567299
2024-04-29 14:05:51.342720,-0.9865875
2024-04-29 14:05:51.358340,-3.121113
2024-04-29 14:05:51.373970,-5.211941
2024-04-29 14:05:51.389590,-7.072453
2024-04-29 14:05:51.405220,-8.641853
2024-04-29 14:05:51.420850,-10.01068
2024-04-29 14:05:51.436470,-11.36786
2024-04-29 14:05:51.452100,-12.88892
2024-04-29 14:05:51.467720,-14.6973
2024-04-29 14:05:51.483350,-16.82914
2024-04-29 14:05:51.498970,-19.22755
2024-04-29 14:05:51.514600,-21.73983
2024-04-29 14:05:51.530230,-24.08664
2024-04-29 14:05:51.545850,-25.83519
2024-04-29 14:05:51.561480,-26.46028
2024-04-29 14:05:51.577100,-25.4758
2024-04-29 14:05:51.592730,-22.63684
2024-04-29 14:05:51.608350,-18.07141
2024-04-29 14:05:51.623980,-12.30506
2024-04-29 14:05:51.639610,-6.096684
2024-04-29 14:05:51.655230,-0.2024612
2024-04-29 14:05:51.670860,4.874249
2024-04-29 14:05:51.686480,8.950878
2024-04-29 14:05:51.702110,12.1161
2024-04-29 14:05:51.717730,14.52952
2024-04-29 14:05:51.733360,16.31819
2024-04-29 14:05:51.748990,17.51349
2024-04-29 14:05:51.764610,18.12879
2024-04-29 14:05:51.780240,18.25642
2024-04-29 14:05:51.795860,18.12148
2024-04-29 14:05:51.811490,18.0176
2024-04-29 14:05:51.827110,18.18196
2024-04-29 14:05:51.842740,18.67965
2024-04-29 14:05:51.858370,19.37685
2024-04-29 14:05:51.873990,20.00877
2024-04-29 14:05:51.889620,20.32677
2024-04-29 14:05:51.905240,20.186
2024-04-29 14:05:51.920870,19.59985
2024-04-29 14:05:51.936490,18.69959
2024-04-29 14:05:51.952120,17.64256
2024-04-29 14:05:51.967750,16.52425
2024-04-29 14:05:51.983370,15.36608
2024-04-29 14:05:51.999000,14.11266
2024-04-29 14:05:52.014620,12.69105
2024-04-29 14:05:52.030250,11.06766
2024-04-29 14:05:52.045870,9.275837
2024-04-29 14:05:52.061500,7.415863
2024-04-29 14:05:52.077130,5.63287
2024-04-29 14:05:52.092750,4.043106
2024-04-29 14:05:52.108380,2.702057
2024-04-29 14:05:52.124000,1.574757
2024-04-29 14:05:52.139630,0.5435867
2024-04-29 14:05:52.155250,-0.5745201
2024-04-29 14:05:52.170880,-1.949303
2024-04-29 14:05:52.186510,-3.698841
2024-04-29 14:05:52.202130,-5.808399
2024-04-29 14:05:52.217760,-8.162556
2024-04-29 14:05:52.233380,-10.55543
2024-04-29 14:05:52.249010,-12.79005
2024-04-29 14:05:52.264630,-14.75824
2024-04-29 14:05:52.280260,-16.48806
2024-04-29 14:05:52.295890,-18.12465
2024-04-29 14:05:52.311510,-19.86538
2024-04-29 14:05:52.327140,-21.8658
2024-04-29 14:05:52.342760,-24.16566
2024-04-29 14:05:52.358390,-26.62623
2024-04-29 14:05:52.374010,-28.89801
2024-04-29 14:05:52.389640,-30.47882
2024-04-29 14:05:52.405270,-30.8078
2024-04-29 14:05:52.420890,-29.4497
2024-04-29 14:05:52.436520,-26.23391
2024-04-29 14:05:52.452140,-21.35307
2024-04-29 14:05:52.467770,-15.33675
2024-04-29 14:05:52.483390,-8.894222
2024-04-29 14:05:52.499020,-2.704655
2024-04-29 14:05:52.514650,2.766495
2024-04-29 14:05:52.530270,7.318459
2024-04-29 14:05:52.545900,10.98214
2024-04-29 14:05:52.561520,13.86558
2024-04-29 14:05:52.577150,16.08045
2024-04-29 14:05:52.592770,17.69761
2024-04-29 14:05:52.608400,18.79111
2024-04-29 14:05:52.624030,19.51028
2024-04-29 14:05:52.639650,20.07197
2024-04-29 14:05:52.655280,20.70773
2024-04-29 14:05:52.670900,21.55301
2024-04-29 14:05:52.686530,22.5861
2024-04-29 14:05:52.702150,23.64415
2024-04-29 14:05:52.717780,24.49756
2024-04-29 14:05:52.733410,24.96297
2024-04-29 14:05:52.749030,24.97851
2024-04-29 14:05:52.764660,24.61588
2024-04-29 14:05:52.780280,24.00505
2024-04-29 14:05:52.795910,23.27733
2024-04-29 14:05:52.811530,22.49564
2024-04-29 14:05:52.827160,21.67855
2024-04-29 14:05:52.842790,20.80879
2024-04-29 14:05:52.858410,19.87715
2024-04-29 14:05:52.874040,18.88695
2024-04-29 14:05:52.889660,17.87196
2024-04-29 14:05:52.905290,16.88445
2024-04-29 14:05:52.920910,15.99517
2024-04-29 14:05:52.936540,15.29526
2024-04-29 14:05:52.952170,14.88637
2024-04-29 14:05:52.967790,14.86552
2024-04-29 14:05:52.983420,15.27602
2024-04-29 14:05:52.999040,16.10796
2024-04-29 14:05:53.014670,17.27358
2024-04-29 14:05:53.030290,18.676
2024-04-29 14:05:53.045920,20.21543
2024-04-29 14:05:53.061550,21.81994
2024-04-29 14:05:53.077170,23.44699
2024-04-29 14:05:53.092800,25.04142
2024-04-29 14:05:53.108420,26.54981
2024-04-29 14:05:53.124050,27.91373
2024-04-29 14:05:53.139680,29.10423
2024-04-29 14:05:53.155300,30.11596
2024-04-29 14:05:53.170930,30.99222
2024-04-29 14:05:53.186550,31.79672
2024-04-29 14:05:53.202180,32.60945
2024-04-29 14:05:53.217800,33.53458
2024-04-29 14:05:53.233430,34.64539
2024-04-29 14:05:53.249060,35.99514
2024-04-29 14:05:53.264680,37.63174
2024-04-29 14:05:53.280310,39.6168
2024-04-29 14:05:53.295930,42.05888
2024-04-29 14:05:53.311560,45.12769
2024-04-29 14:05:53.327180,48.96128
2024-04-29 14:05:53.342810,53.57326
2024-04-29 14:05:53.358440,58.76379
2024-04-29 14:05:53.374060,64.0431
2024-04-29 14:05:53.389690,68.75844
2024-04-29 14:05:53.405310,72.22449
2024-04-29 14:05:53.420940,73.85667
2024-04-29 14:05:53.436560,73.155
2024-04-29 14:05:53.452190,69.62576
2024-04-29 14:05:53.467820,62.74607
2024-04-29 14:05:53.483440,52.1326
2024-04-29 14:05:53.499070,37.89354
2024-04-29 14:05:53.514690,20.88756
2024-04-29 14:05:53.530320,2.811096
2024-04-29 14:05:53.545940,-14.15569
2024-04-29 14:05:53.561570,-27.93665
2024-04-29 14:05:53.577200,-37.14774
2024-04-29 14:05:53.592820,-41.42455
2024-04-29 14:05:53.608450,-41.31808
2024-04-29 14:05:53.624070,-37.91061
2024-04-29 14:05:53.639700,-32.36253
2024-04-29 14:05:53.655320,-25.65723
2024-04-29 14:05:53.670950,-18.54207
2024-04-29 14:05:53.686580,-11.61708
2024-04-29 14:05:53.702200,-5.401855
2024-04-29 14:05:53.717830,-0.2763824
2024-04-29 14:05:53.733450,3.634491
2024-04-29 14:05:53.749080,6.492447
2024-04-29 14:05:53.764700,8.695587
2024-04-29 14:05:53.780330,10.6951
2024-04-29 14:05:53.795960,12.79251
2024-04-29 14:05:53.811580,15.04025
2024-04-29 14:05:53.827210,17.26224
2024-04-29 14:05:53.842830,19.15353
2024-04-29 14:05:53.858460,20.48199
2024-04-29 14:05:53.874080,21.16742
2024-04-29 14:05:53.889710,21.2894
2024-04-29 14:05:53.905340,21.00293
2024-04-29 14:05:53.920960,20.43103
2024-04-29 14:05:53.936590,19.59717
2024-04-29 14:05:53.952210,18.4353
2024-04-29 14:05:53.967840,16.81461
2024-04-29 14:05:53.983460,14.57602
2024-04-29 14:05:53.999090,11.58914
2024-04-29 14:05:54.014720,7.754395
2024-04-29 14:05:54.030340,3.034241
2024-04-29 14:05:54.045970,-2.504028
2024-04-29 14:05:54.061590,-8.681885
2024-04-29 14:05:54.077220,-15.20581
2024-04-29 14:05:54.092840,-21.79437
2024-04-29 14:05:54.108470,-28.28726
2024-04-29 14:05:54.124100,-34.6983
2024-04-29 14:05:54.139720,-41.1543
2024-04-29 14:05:54.155350,-47.72391
2024-04-29 14:05:54.170970,-54.24768
2024-04-29 14:05:54.186600,-60.27573
2024-04-29 14:05:54.202220,-65.18817
2024-04-29 14:05:54.217850,-68.48328
2024-04-29 14:05:54.233480,-70.01236
2024-04-29 14:05:54.249100,-70.07355
2024-04-29 14:05:54.264730,-69.23285
2024-04-29 14:05:54.280350,-68.0791
2024-04-29 14:05:54.295980,-66.97809
2024-04-29 14:05:54.311600,-66.04767
2024-04-29 14:05:54.327230,-65.22003
2024-04-29 14:05:54.342860,-64.40936
2024-04-29 14:05:54.358480,-63.59021
2024-04-29 14:05:54.374110,-62.77521
2024-04-29 14:05:54.389730,-61.9696
2024-04-29 14:05:54.405360,-61.14868
2024-04-29 14:05:54.420980,-60.32233
2024-04-29 14:05:54.436610,-59.60645
2024-04-29 14:05:54.452240,-59.19708
2024-04-29 14:05:54.467860,-59.30609
2024-04-29 14:05:54.483490,-60.00494
2024-04-29 14:05:54.499110,-61.18024
2024-04-29 14:05:54.514740,-62.56256
2024-04-29 14:05:54.530360,-63.87677
2024-04-29 14:05:54.545990,-64.96735
2024-04-29 14:05:54.561620,-65.87085
2024-04-29 14:05:54.577240,-66.76758
2024-04-29 14:05:54.592870,-67.87805
2024-04-29 14:05:54.608490,-69.39435
2024-04-29 14:05:54.624120,-71.41693
2024-04-29 14:05:54.639740,-73.99188
2024-04-29 14:05:54.655370,-77.11328
2024-04-29 14:05:54.671000,-80.69458
2024-04-29 14:05:54.686620,-84.57855
2024-04-29 14:05:54.702250,-88.50256
2024-04-29 14:05:54.717870,-92.1864
2024-04-29 14:05:54.733500,-95.39221
2024-04-29 14:05:54.749120,-97.95508
