,FP1_Theta,FP1_Alpha,FP1_Beta,FP2_Theta,FP2_Alpha,FP2_Beta,C3_Theta,C3_Alpha,C3_Beta,C4_Theta,C4_Alpha,C4_Beta,P7_Theta,P7_Alpha,P7_Beta,P8_Theta,P8_Alpha,P8_Beta,O1_Theta,O1_Alpha,O1_Beta,O2_Theta,O2_Alpha,O2_Beta,Subject,Scene,Second
0,328.2878570002566,44.18848806501069,27.631097467623732,374.82639629090625,109.00217750797708,92.10516583533786,286.2423028909151,294.55162022920575,332.06439924395505,255.83452575599742,47.452441074697695,25.82250709575957,258.6801359268759,36.976552916856065,24.132073919974925,367.46054185061513,130.74018542789526,73.30290231128767,455.1070742245739,71.3668565908529,22.544573656802104,1842.8002611988995,255.07465642154668,131.4833083636329,001,000,2
1,78.49764384881092,22.987403303024685,41.22614200617107,81.5481925782621,26.05275001708078,72.30832364484856,80.06008069175026,21.824546745259806,16.480897774932096,59.91482124268935,15.973707330402803,7.842060369141372,352.01361963517485,156.34662892003826,212.70183738409906,83.82074827266096,24.757972608176175,69.01680435057843,786.9813393682065,293.1938763900538,223.0169304916588,140.16344413303253,41.24912539575474,41.62686104035667,001,000,4
2,668.9752920514834,162.2963943408677,181.27693824605518,961.6105569551185,255.26888117186235,325.77779733077955,80.09888335238848,52.53425458029661,97.20990961453653,189.83465566401145,102.82884589994791,62.477673975103286,829.0770126251143,218.17121343466155,236.3453193948474,706.1988466227153,205.42565463076718,247.094762617933,828.9570148314059,229.64810570853058,209.5690348058548,1167.0336486365065,467.01318121073666,446.0566002251856,001,000,6
3,705.1570740035746,354.98099405741107,325.85472091681373,1516.957853098104,852.5668127817286,610.691311540083,1173.6116972184561,392.1688336154117,186.9097503877628,1352.844056339627,642.4649728601005,518.3590090569725,1810.8885088241705,1453.0903279849445,868.0888340262889,989.0784564913038,296.8108220559476,242.10053052371458,4144.454215652598,1667.1008262046998,900.0775689255227,4770.565417431645,1160.053429064906,1263.4608639807466,001,000,8
4,472.5167898657849,203.66387928549835,322.91423681969513,1803.081391336424,814.2491340870721,1219.5285248103626,736.0871035193993,381.18007639297343,395.4187923887453,520.0732554353469,172.02574003516375,295.7518651613065,1254.6934513254107,429.2924173869204,563.9947895217011,623.2389551731005,257.14236396534346,371.7136131589817,3744.04197448833,1930.2168623356886,2724.1646758175402,2401.9024923799166,893.1350829954039,1161.448145555718,001,000,10
5,20.041924428997923,5.6835752824620425,17.72917519182615,19.426420937055347,7.965146099549928,23.810018991232937,17.73954200847936,5.444110543097704,11.21827600477678,24.97047327215024,9.700738431542222,7.474206059158722,28.29408343240175,16.8731527966774,38.733633816436935,15.869452408268561,6.293151126701237,28.069992722612646,104.91366675798608,16.12727524494788,33.005446874453,52.92410943894415,17.507938616865403,35.04459666325742,001,000,12
6,176.01265249405463,58.227377759758156,142.55551695807637,742.930084818713,234.682904425674,355.4988054706873,89.77662344763893,30.689901961646868,55.4795214751066,107.93274465087623,32.366258928434945,46.0223372716843,268.08886517254706,79.68654668893846,201.04834190817286,221.941694394757,84.49534894111805,244.44473045683543,7407.716951246259,2768.8092494571183,3693.9001644930872,1129.8723162038305,432.9007052858931,571.8965900199636,001,000,14
7,172.86675389905741,46.78114259881775,78.94245868863295,214.70839604768167,57.23699356205001,134.90031040837033,136.7302784166462,36.782716529973655,70.76822011596467,93.4038986102918,35.10459483699495,63.30308651578651,341.1479434648479,90.3064648384376,176.47800072633075,158.19980627072775,57.07683362585887,141.9823605005286,4311.046351633871,1512.2494037539234,1990.9306843290592,455.56133432229063,181.00088669016964,323.84848407829645,001,000,16
8,231.31865663209797,30.102765382800893,151.0612988626717,229.4404868185082,61.779452064877795,295.7175862284752,322.94915307338914,19.000579584306603,68.04638794657339,262.5119383653808,7.174100488326814,59.24951152440656,762.8070012725184,75.39704793632171,441.97745366704453,268.30266681385723,51.256463882469774,272.5865787508892,791.9612508516574,34.78939487917648,201.61209436598867,800.9860006750919,79.56099383364867,269.0522732286418,001,000,18
9,88.92973673320459,11.650992171779787,91.36948524392345,90.41713630703603,12.725359523654085,116.37946232941725,64.99872781166779,4.5434170331591455,27.44165340635655,113.00850427786331,13.413392358689904,83.32111296066937,89.61092684789985,73.9297372773616,382.59648383745173,130.59640713488892,17.03143232990709,131.30432800891796,209.50144825569257,27.29588993454775,196.81979281380353,707.68023973452,18.092416476482384,107.56691059032927,001,000,20
10,890.2974058906836,308.83777287841133,442.51086936739114,811.4850562412129,302.34207262496545,541.9755715770697,551.0509740446937,143.88678385273826,128.95412077123328,420.7974980420064,101.82914136843772,152.83171193453097,53.32941459581724,62.59969757215178,421.3529503936441,489.9255639888674,154.6304741087054,450.22380856834667,1437.173576756264,504.97365448310177,788.6578203196873,7986.31483906778,2112.1714904599075,2534.1781727160437,001,000,22
11,297.0470786599099,65.7937304657652,74.39102138493503,348.26826105920287,72.68052321144776,94.92352502650044,45.9117226013178,13.180138935674723,38.91099885376882,18.043092772546487,13.306538021474934,54.55950110585782,16.254302003863287,18.129970480893583,162.95225612843802,41.1018929553068,17.903519430326078,98.61266694954516,153.86450054186224,46.83029325436955,138.8399167603887,1382.7856882955045,280.2404918847426,452.68692275714807,001,000,24
12,233.39122066573543,209.1462801082142,285.1159770603154,241.4003693305326,216.0079048293903,318.36043794243017,233.44618357044936,155.0681007758571,172.56230440047955,108.48784493976054,154.60758672057858,227.32973658945443,166.6387957970474,265.5997835559005,514.3759481056587,172.88217523318008,176.13430484553146,274.31301012260076,772.2275629909082,549.4312253534553,621.2079350628126,853.0459580677241,720.337982552088,865.1390651920574,001,000,26
13,35.65622218037065,18.97620097538821,135.46334946914433,36.38636882558993,20.160184318660527,143.8568858839725,22.02027982725778,11.741816119317159,52.46767487264519,43.823161347444696,16.92842512927662,136.81559925316182,163.33371336971223,64.73232010132355,414.70765365579996,32.725288113424945,18.850736432607512,177.5249363889378,228.1824550705408,81.7637822564922,359.5167038472548,195.37235294131924,60.70944226988647,274.9656308027865,001,000,28
14,619.5740251225824,85.75471159218314,239.04759330294831,1192.3055889306477,195.57251660464956,471.9474823591722,441.94362062595377,27.388874510896706,44.239051434167145,340.4376688632097,19.178042254142877,20.956233978324548,1917.361015581624,352.84045313199255,839.9527718192236,638.6376836492607,126.97158323981999,402.8341198282,1090.7546766965283,120.40518162897443,245.46046453834253,3908.652338920684,118.25420498760293,166.5005375807126,001,000,30
15,360.58203053034134,106.56644726345984,180.04310331571054,412.3248225002364,141.07793610999818,338.6906820205401,350.91203422415236,61.456164038029456,134.17952802101385,266.52992245402703,58.55410342410869,52.25505267021104,581.7573645296891,86.73202989373772,241.9067955090496,396.219049457057,135.17638580211153,325.91741800160304,739.5995226070919,263.87285623869457,409.66660920584246,2887.114928922105,520.0468874040052,591.9224474445846,001,000,32
16,152.343004281729,14.51589129264873,28.156090770382868,151.492657042998,12.95729270490772,26.45627749559473,95.91192977307253,19.172925904756553,98.51628782665848,91.99704341149567,15.405522658250032,113.02732641752604,48.074478153460724,28.583908279998496,216.98037907142339,73.7774081717987,8.741274156734478,37.22498038090762,182.14101102848605,17.765892344244996,117.18271398744662,1426.0040722191723,253.47882168895856,204.91196072102332,001,000,34
17,79.0302828852926,23.663990838264795,31.707029973593126,85.79224602978545,24.398778366423468,65.32505635701227,93.0076707324545,30.255907935875,48.58606538524832,122.59463558420418,38.10791628339179,31.521316629004186,38.599864405695065,18.08975849174804,37.90598829841679,76.67771141093567,22.60648419903728,44.17355237722019,595.4837519560006,199.3128976341315,221.11861633025353,374.67916011535095,108.27265967667552,120.01412894420068,001,000,36
18,56.71446859020553,31.26587250142212,41.42214381469255,146.9815318904869,80.32631020713335,116.74342957276455,115.81439431857004,23.828435021723934,74.7209455388404,40.80121071532932,9.442048605224956,25.82201417586364,49.50918548645894,33.15488950613135,50.786643265265106,76.7581192126618,54.91277600741167,85.40963287474024,125.31117516730237,50.28945210131347,25.462019170658312,404.31840688682456,57.5235600507476,27.99741968342191,001,000,38
19,52.69618421078854,87.6273680008822,60.77232637988772,103.22188192005319,127.73557535714046,92.70656106912162,79.7430314793134,124.58808273825684,82.94090761044193,19.43707396113587,51.66024647534904,22.502716236648588,58.705860096214494,76.1428104481563,47.698654028646466,89.94877173563967,115.19065217108039,66.91352342088,43.827161479958,28.963170591516445,14.304233673164221,20.200231684467564,20.000000161107472,11.565791711460015,001,000,40
20,957.2709277478659,253.64576080488754,62.69913652719515,1129.8577874719467,307.41385419674526,67.58779720572716,822.875154947458,170.8196995048152,31.263505702215348,743.1902829860804,185.62317771107914,25.417559079712635,1465.7992467881754,369.8017313823552,89.75602213028168,1041.1709009503984,324.6947734780038,71.15027898022188,1491.360587540012,450.24743190014294,77.3332977572812,5387.886544238439,1003.9729787323067,175.0731255143377,001,000,42
21,100.85801920479496,30.913159928836077,41.622660744798196,242.34920148032148,44.453363631071724,106.11861052636002,75.35125343908848,20.441394159934493,20.315613442597254,76.88775931932624,23.30418418192359,33.0625417977961,212.2288410979148,60.37778486393101,95.84222697274343,114.62976657106624,31.13009440743684,38.173761672075884,255.55316349626085,50.871032494718875,78.85650277252395,395.309894731924,110.2550422368107,128.43568135060409,001,000,44
22,472.44144497319365,154.636282498875,442.238338371365,450.08158825643676,130.15921198134697,535.8194631732113,308.30174147395707,126.6699278140993,261.52558087333597,539.7260535333526,146.03258662413126,412.0203981374161,133.76326514321158,209.24720941128535,753.163169428249,462.19892998729955,136.16524089505234,548.8630441475433,6135.903460833285,2893.0818955368536,3792.859081222287,966.1147674358259,256.7395174566968,775.1782518266722,001,000,46
23,45.10309401634195,28.104312817965564,107.74410544602237,81.97958328805787,52.72454756347001,234.13444802891976,31.04159350191895,22.387323429720894,113.97610874967981,21.135128348586065,16.66296308734402,19.70199579701542,39.5642124102378,17.08512761949731,130.87554994824913,22.396407920939545,28.220371997019203,161.85450132959343,19.739062474008634,14.145066956534894,71.98631069913414,14.302946608138516,9.004062487883266,43.702719976333356,001,000,48
24,105.4425748957605,28.640869226925407,81.63824504015938,111.16225608283784,36.377973731827794,115.93399119291693,104.41689042763369,28.677670145008037,70.34344058835798,102.08087024568715,24.902115452540095,48.468944426016826,190.79437907152638,60.99392861300031,153.92391483146946,115.71372823022871,18.903062063836153,106.57660546287669,394.0351485259009,86.07846599938935,180.68536543794747,388.5490743394319,22.805242287006635,62.0215176464002,001,000,50
25,264.22608697903706,60.828098188225816,80.06799424222903,344.8163563385614,78.18315467894612,111.57831850981754,55.80147372042885,33.306197321135244,41.8637897007542,50.10132575552211,38.68828345890663,55.539119115215435,1012.1983226858426,258.76490869863096,373.8125467741315,284.84457558342217,84.71058613382334,129.05728576257835,226.62403337627325,69.53327522402809,152.27162097249644,860.588190370569,383.1240408624267,276.55429806258405,001,000,52
26,54.52185087210067,12.56603830454053,81.42552157612909,100.6649803354143,34.454717159027595,199.31584657759333,146.78405576896247,51.715104671234144,145.48294386864035,68.54124849017654,22.227306544039028,22.625683984129314,42.25748839443913,16.66978508397164,76.50554258608808,69.67177822566705,35.12195987850144,188.87467013495456,201.24744191846102,59.67078786556141,130.6011640642661,20.837577057281987,7.0925013300165896,28.283342908328947,001,000,54
27,44.60496092958521,13.753206265188856,30.68847945149367,78.19456791367983,26.218542650404043,63.6348902234556,29.905788611104914,13.032518230696494,32.3541523673926,25.577642157093575,4.762617908811402,8.47851777458864,75.36378384240197,16.72823504499493,40.53038734807345,96.05337653992363,28.002157462893532,58.069821843259135,121.5761834639446,22.472171163451925,39.1760889590211,144.9037673571746,21.27044758252459,26.95152892326841,001,000,56
28,32.25593366497711,6.520779944692047,19.050349945856667,31.320101393174184,9.127777770567572,38.81478460740562,25.73685520438175,8.548787422437783,35.26160873567872,22.315679144178098,6.758474353216501,16.33566974496992,84.23978345731203,6.157483992319513,28.509288335124687,43.94266873775164,7.5772228137469515,37.06255872567576,74.27188072898878,11.818173093005806,39.47002402855277,118.64978041074632,12.043138391547116,34.928125356251186,001,000,58
29,32.19798516328346,13.504522000787837,44.00745834026101,41.101526106155454,25.117756203827916,76.48518575632743,26.80972129045316,6.313119073394964,11.584385528877963,20.576039978723074,3.3570153602084285,11.317896276110918,36.66830789473388,29.532007202003157,114.06315855290597,56.05717928720079,13.335075041136347,87.24715832532627,58.602808788524044,22.41988815617406,74.28494657970121,162.7071033928159,20.560136788238122,66.51570416002912,001,000,60
30,16.910814265014167,3.3248845409203915,13.712297097857732,10.666152370480518,3.421615191192523,26.072380760562055,15.589811669033221,3.709775941319151,14.211111235205534,14.34867109942038,1.68418147667315,6.79110824376433,28.15980144256904,11.466583669232696,19.032481075553434,11.734316543515172,3.3885865818256455,22.777319387551834,41.10475913651706,1.9197351670658975,13.711658694360862,58.94208239145919,4.049919213873715,16.241246657629404,001,000,62
31,222.04078287433916,67.064224917579,150.0048192503799,517.4927162988126,175.8809464074819,361.0235859712106,565.3464394312253,163.9663756652557,234.92738929012793,532.6137268912698,162.67005473661078,244.01135553254764,50.75570053273886,19.821398335929914,146.45886308797026,571.3366916888191,171.27464883667284,366.0881287977177,2358.53120915478,740.7089864306859,1065.0881603200053,3234.42063834289,1006.2274034250249,1449.7763868953184,001,000,64
32,551.0630830124354,56.02878712666556,26.887375244975694,649.3521344270459,60.53418781411344,30.713424783175107,311.19631966959105,18.267675117811315,20.26271861255739,305.7554358384053,29.487927797890755,27.985204370023133,201.32356999068892,38.825059401271716,41.25856473054932,366.59998864392304,50.47889283932379,30.963744094978544,820.3401442691394,59.5942236603314,56.03872583183082,3882.2751141433714,340.595971307417,138.4449678017675,001,000,66
33,300.9991325902666,47.00825341121245,108.89391934002337,552.3535788366728,97.12144388867934,242.39059418920328,143.7136848141718,146.70736643754933,378.0767520628393,258.361827864808,47.99427525424302,62.74003617096175,1091.1276396115577,164.75394932630604,430.06260317172826,588.4383700996694,139.33055588918234,340.2594590390955,212.67538229987807,72.9859860743115,37.420483460374065,1234.2535371373974,210.97696422061156,367.1521043030889,001,000,68
34,203.11864090084302,23.084383668370133,27.99856315187853,201.40449906475408,20.511425778862634,44.59847784033608,258.48788989569107,43.437176226271504,71.79760626929648,372.96250061779875,63.65023920140948,43.85061661341962,580.9271115428592,108.05452592385993,79.23931051558642,272.7563992159547,69.33315062158465,40.54468734320551,539.4067442314365,63.190157675828615,38.239608617895485,1476.2629810210517,90.6345318761825,60.99367821023094,001,000,70
35,147.52913458973194,60.15264752707574,100.61394558052503,157.29110695225893,68.7580640618916,155.10834515824155,131.12565458848988,51.79862178280385,109.89450895886081,128.7573475837973,71.78277774365935,95.42290019609894,802.105636637267,403.88031360235124,571.3145087189696,182.23217258145866,136.99225187928505,124.20534993116327,517.4950785446748,172.93020244167042,174.65971595789222,109.52519932365365,55.19446064772204,43.57976960017984,001,000,72
36,12.574428368418584,12.580088763192041,31.526662614134736,8.081618531648148,9.270830890332322,31.687258911494727,5.478711808438062,3.6984805004180705,16.725914502871447,16.293280820380343,5.3559068727506824,32.32257253578429,56.13050017331544,26.102733549565436,127.51354244327838,10.81238828509782,24.916773081884433,37.75147050772775,21.607940820804874,21.205396881709156,58.93223029847957,26.059809699229312,16.139388732320246,37.80342665039245,001,000,74
37,10.50791484542448,8.04719331416405,34.83547057110273,17.32297135422683,23.72985636523773,95.84922750508122,17.27631059908928,9.815766460465394,66.12063860848656,11.288213109198743,10.6095938631166,9.957483043386471,28.346655215950708,22.149908739104973,87.45563916797998,15.850578608738589,36.291350653533094,86.1159154212721,57.026907016266705,34.542819449592294,37.74300619634141,33.358258918696734,18.037159857196585,28.429737103084804,001,000,76
38,53.21069547992876,114.8808669799376,777.2755804201254,79.31404657853905,202.6765349979553,1683.8001102039402,27.71442103927996,55.43179365568642,572.9724097599777,35.72859157122927,31.12616864407329,62.43289683510585,193.97696310379294,330.37267467143056,2230.861568935541,90.97996103821399,193.01897021649603,1598.7296759415958,97.17279895937014,130.12767997151659,758.9300100332762,53.98659943785251,63.72039007685022,282.8195036349974,001,000,78
39,5.1942443942958745,4.840150606301254,8.701144600404415,7.276706058746949,4.47909058371663,10.25880039250833,5.591667449399724,2.344385507114353,10.238686388865538,15.81624544567757,7.917986028239394,10.265799413618591,9.297310820203826,17.054019426237563,15.870131364827595,18.275079973285933,26.15920675568318,8.763978559085071,39.14117756823395,13.43066887470676,17.747600501931938,36.0680882765463,10.525554288731563,16.63643247743708,001,000,80
40,89.66126880654144,69.5934549170349,213.54129376372077,122.02353026886182,109.84751212789709,391.92031453824654,65.46096216080348,28.3993519333583,148.14803013641756,96.3764798893493,53.4356620308685,112.85101177919746,192.43947509546862,192.63330852992266,688.9225836831157,142.69811010838453,101.30075183489767,384.80274738341893,736.8628835669756,291.44210399893205,519.1508034188603,153.36886277377988,72.41652852509159,158.80159642494016,001,000,82
41,142.47188680153172,123.11940659211075,542.0476045599703,266.87065052940585,305.8369501459264,1391.2290589032898,139.54134042601703,210.21915486196306,1383.6166580557547,64.04128611380709,68.67998276452558,533.6955252685372,436.5221535498907,393.3003012796398,1512.2171859786226,244.72661916331208,323.37015307449866,1220.3420074325925,146.63436230034216,144.7343128892423,598.5367265637182,65.09661988981493,57.78839570902083,284.3205906162345,001,000,84
42,248.18929301873368,46.15439471556906,75.71833114948228,260.36668180402734,62.74963151380089,173.06563019197506,244.11404202005258,77.8996551270377,129.9152293227553,236.58123086744325,46.314771079929756,37.81418196387778,1585.4247309086852,276.2518664747765,223.1860011291521,258.1718191283304,64.96878268229347,169.74576166972037,577.1338801066446,58.41122358094863,79.88749872439152,191.33652560487263,34.41739610238328,44.79646136190203,001,000,86
43,80.58683740093815,67.84213592601041,23.938436553789757,102.75340849732817,80.97971795412526,53.44510467436705,59.373968577202085,36.38163029600267,32.73803770990981,38.96670314518498,28.043111919556104,18.232844828368982,89.17503275152983,62.062640894965476,36.2408611330936,98.73374888959613,58.00578977922529,48.01098658239358,96.21745088267583,45.952400594696805,22.614655991359896,80.89834028670745,43.71291290280662,12.637657441380929,001,000,88
44,112.77254224688419,63.25189261523131,40.47925107046086,129.63755693980278,88.0754660993124,64.97319186733252,265.1298645998518,207.67082155811423,81.85156162365284,251.9203806237558,141.96224609846516,75.43030897147938,250.59071746875802,35.595716282643984,75.15127025433027,92.25817953452972,72.12624160026951,55.047637432420125,450.5939802710207,63.90080473876367,80.52929929405224,78.62290145381705,12.408203244119706,18.729546121413424,001,000,90
45,81.0932727342315,20.892375982443525,7.244923639726133,109.06213798336731,20.513614657169423,15.817349517548163,36.30925056754432,19.40806772279726,40.20609746648989,50.15154726694914,26.76653463534358,21.945728596929328,443.0504784561791,76.4540327304005,21.07178945696806,98.6897109031063,26.83642055392545,17.058979062822146,286.0192771732026,44.20140445235134,22.00539183840706,77.24683980536892,13.17333758561966,15.819398823494666,001,000,92
46,32.51101724519664,19.883022425435176,25.139961700343218,36.74077551023191,43.85981229110003,27.335619305727967,88.84532848425216,44.397872282902185,27.102056754496832,102.05037751397307,64.80762431791459,27.439083775371437,33.5964465200411,27.67240897282799,13.066261161921076,46.143768907237664,34.41354607840893,14.98344012715502,254.13203118302943,199.88798909704403,84.81050942960574,180.56231523673515,117.88864503561918,59.32719883295665,001,000,94
47,146.22384400871644,10.541339227685565,5.938005497988017,242.0653624601398,19.014497579592547,13.280064416727726,318.76118719180397,20.679447128465036,24.888825079907587,481.8971498923059,28.585456997296216,22.625077141987873,66.57746227985648,8.586632451333047,9.775809297020665,107.46768054480808,11.947722281336802,10.497056215684134,135.07245900016144,16.172674296854833,7.019203857050406,61.36460936249277,24.744448756224863,4.437114134788071,001,000,96
48,524.7612405044853,74.12762618073269,120.46887745727219,540.7184330254078,93.17118509994373,175.33176035674703,498.36351468162667,56.147369178597,87.61926051851778,478.8545176350408,57.369296496950646,66.27805809490465,498.44212163040356,113.89812115228497,152.4685760174757,580.9512734581892,86.77043799647194,154.32991355698098,1451.674063304999,145.7486440584276,197.25669680040153,3225.9679573040803,370.41906947161254,475.2813140373091,001,000,98
49,137.72291199973913,12.620417126080511,26.83538384248373,174.08637884111408,19.987363032919777,64.20619773246807,57.707344161651044,13.828500354874308,64.6307753024934,79.63566072590456,9.84120781017534,19.74974980480514,147.93878987277554,18.292390415492672,51.79190101289362,153.60835701523837,20.213415878312894,51.552693829009264,329.6962369942652,12.680427153281975,14.79811012679252,613.8748947115624,21.15963415061148,18.081349689572598,001,000,100
50,50.92110307963314,13.104118281813811,75.15669243113837,64.22104013891497,24.285753219009624,136.3294202290114,22.33595031876397,6.950647118606051,42.01546663941984,14.859708998969856,4.263179887707231,12.059297766467521,72.23773443213207,39.276303163031926,197.13536489401565,60.42364129103382,34.53270328182697,131.1491400122052,102.09582204813057,16.328542988217198,70.7210482822436,158.21257119410743,13.123629274669366,44.714703532438705,001,000,102
51,304.8118287013254,31.75173790699543,63.876259999678105,310.31806811877897,29.44090657243085,91.94997577860515,178.29018353450687,36.044074512985944,86.7381807632134,161.6150941662257,30.163134280149624,64.92577679808085,285.9813954264293,44.562802138343535,84.69929144977324,285.1796482662286,20.123199741482292,87.40421336043174,597.70797320809,72.53297877886686,132.48361355977445,1483.285498455383,162.68562702980796,219.8541852036953,001,000,104
52,163.17021293705966,60.214314311939106,97.5134768887115,164.08543621062998,64.00895125335991,129.4475021225058,124.62790076089111,31.295701161095195,27.03262326304836,133.33211895041222,41.317038801920795,43.43116993807757,290.9663110576343,145.41625471237765,235.77611249936004,153.70005706365743,59.788783887702685,128.80161626666958,570.9802375711968,149.59426066208704,175.65450607713794,431.68306089043136,105.43332498365218,103.03358122682661,001,000,106
53,36.24631245111606,9.201098397871636,57.791208960052636,29.051615947699254,9.57390919307585,86.05412640452539,13.856400174538152,10.598500849573101,29.475483416019948,18.581847403221893,1.83007084513683,9.109080367822045,98.69995861573628,17.179787122288186,101.12348982239317,39.20257811516471,12.444621260642833,81.0646073328038,55.54172853522922,8.131651016239324,55.54401425653349,87.39181510419435,20.375057674514757,60.09652927791919,001,000,108
54,33.65381290153269,24.829617652496392,82.93686231716,37.840236686692826,29.82555934673896,112.97373582272728,4.369858354735159,2.4736311479341144,15.098369929954304,18.744428724065987,12.41956350494376,33.804368999937665,85.085240631893,60.614737378296184,263.7925412288886,30.85492430993485,30.563828026379323,137.92635798132756,60.37101163308199,34.77177677285948,135.28105176480003,42.81613036152438,25.39846950850424,62.40001504369823,001,000,110
55,17.739220896389785,12.33583122799247,52.71626018634823,32.8255015248504,23.736702406506655,127.65793812486348,20.407067481964432,16.799989890368273,107.46290794884038,11.639240655547422,5.1277108920523435,15.104999958076982,30.594959482683038,22.039733693257674,89.70603010223918,20.785200567873154,26.935462857683238,105.41062046690003,35.98908983447923,12.197966126769575,39.39947102493447,27.821532315767573,8.242640587089149,19.360166865777046,001,000,112
56,19.29490019353321,15.715254965833989,88.05511799638364,21.244162087238013,16.532190578462853,105.07331391909321,7.556879564658187,2.7584276684804796,8.961681844034413,17.015129982602303,10.789898385810583,47.73814171326488,70.34245313058557,46.18752212963027,261.91310255235703,35.030065359915724,26.040714682020035,114.6307815021361,50.60309405259279,37.783983833920104,151.2098978527268,37.41939168341535,25.008656413922356,83.50938553957448,001,000,114
57,15.004852435188994,11.602093548739688,84.31932432331007,29.737599982751984,29.369122733307904,177.48280710122754,20.312712351674463,18.861375811455165,92.94012501989467,4.143854665448597,2.8172588382821253,10.041158780280748,55.01074311148977,63.217723322101136,153.54141004346636,26.391815338329312,28.58625686808398,160.06987568881993,28.652398748251223,5.562352078359607,64.41515389076329,35.186235666152115,2.283799718054801,35.37591001175842,001,000,116
58,1.9876576982231398,0.8386971560671013,3.1677295734046735,3.980162695208821,0.4618372938819011,2.1324813740468525,0.2262872063192124,0.04420061353675682,0.150804570366947,0.5099167342064853,0.05919054077741078,0.2718219781872417,3.780396246462919,0.6138799416364598,2.8830517376990175,0.060799433058476085,0.021453089252885305,0.06738075673903576,1.0441754486848867,0.16186146401918733,0.7662994190925342,0.2474257104683305,0.05717714132052726,0.24941119371519302,002,000,2
59,9.735518219782799,1.9299653125667737,10.511795511228517,7.570644296028589,4.56753142634193,10.214304347691721,0.14179269401318734,0.17533600113756842,0.47955884795759085,0.9492955941330842,0.5818346503880008,1.2970979847924773,12.50356064808982,4.810246453146566,13.281327499304451,0.04244699078998926,0.027330067951516435,0.16383168845076426,3.329542707048303,1.3253180589415765,3.5725810804691402,1.012426099335461,0.3094135951915198,1.0360277882364253,002,000,4
60,1.5869775858962234,0.9691292908359124,3.4738453209975098,1.6683030003644008,0.931706357677538,2.599575724074303,0.1055900509681949,0.11449580779959265,0.2881024401339721,0.2132455524322141,0.12147711064724835,0.3365384726000392,1.8909183919058263,0.6687247421164942,2.5065273721702166,0.03802752622445474,0.04768551693213219,0.12633418314568823,0.5115386199874079,0.18321866823984703,0.6727581757403409,0.1455181824639177,0.05508009105659883,0.22035004012014936,002,000,6
61,0.517546984710259,1.5721074503449899,3.123450987611556,0.7510258841735341,2.1910759120914425,1.8251608019186631,0.07688212698640082,0.1083393148805608,0.13361917552733488,0.09756766431947629,0.279365339380826,0.23232207734685273,0.5221737733455283,2.4537935686309313,2.64535939785047,0.02867551179183459,0.030793223399386848,0.06391780637383267,0.14556646770128037,0.6685288803235523,0.6989570731762792,0.036377732461816185,0.17576324309588934,0.23708141476491748,002,000,8
62,12.302439979083946,3.9562670818738668,9.404367792579396,13.258660070727846,2.8468871131967255,12.758715102199627,1.187770379015408,0.32510304875304086,0.7762769605487078,1.7107860591242137,0.36878996914135653,1.632957196739661,12.167392000045918,2.7491995295284117,13.291289071021044,0.45991062086731244,0.14430719677570072,0.24890466863883376,3.316724672601809,0.7365369350209253,3.6287244447800635,0.9393455847610968,0.24553274453842802,0.9569890867228548,002,000,10
63,0.9160196611289296,0.6452253415541616,2.6056605206324948,0.9192269039694949,0.9896985656965446,3.915151829754548,0.11484511698125277,0.0748093569151162,0.27884356722483417,0.11998615106621893,0.12743235983381798,0.5032746014006594,0.6244459737842196,0.8744199695513581,3.6190382974400204,0.04751142471653849,0.02519111080645348,0.09230336139844704,0.1718378394714894,0.24108674311784378,0.9952567035033333,0.05072639970427912,0.06061402396671682,0.2528467561092663,002,000,12
64,3.3869773893719803,1.248121986759735,3.894146920427209,1.3408664883779782,2.0591036954826163,3.59006694047588,0.06610072973655823,0.06298428962707284,0.13604853748195408,0.16783248709138415,0.26109163065828433,0.4541816289473418,2.756252077161624,2.4882887057648477,5.022930585034751,0.043162523188971284,0.008718341169794934,0.04459702186729616,0.7174361749953213,0.6781549606574672,1.3471436651625175,0.26173064471384433,0.17260323118668408,0.3952239655352302,002,000,14
65,2.3936802294498443,0.6531965836599215,4.100858273950691,3.148015811088604,1.137014443145855,7.994272765351651,0.08045275210831256,0.05743727027937264,0.2818259930551653,0.39782869297535695,0.14523487180333522,1.016295252527765,4.17775071397971,1.1798889225565317,8.986741799699978,0.010909577720743434,0.01490384789806469,0.0435544226243016,1.130662324005848,0.32379466573739935,2.462403065797593,0.3036977923787692,0.08018835552312656,0.6016691096750807,002,000,16
66,0.635760017655213,0.4068825746950314,3.0487901971743527,0.4900730229667133,0.3167160990604173,2.9650335722314765,0.019779890334593944,0.010797479583426858,0.06890921491024826,0.06191957160945067,0.03993237712366135,0.3733740707350751,0.7301455679825667,0.48518675936236755,4.398533965666116,0.007693873808541045,0.004016224049968007,0.01510286745379382,0.1946660602991013,0.1293394548920301,1.1797670819777932,0.05988543316947253,0.03957317745408443,0.34039391467064056,002,000,18
67,1.9397561336400955,0.8326686490147709,3.9200401230489574,1.448323666502076,0.7714628137832263,6.111310389297235,0.029455274567931244,0.012494553617007069,0.21330931220778726,0.18161274537005867,0.09685246374766221,0.7758118847079012,2.4139187150583,1.2069058169722229,7.2922547944541565,0.009972788803821445,0.0018192983036692792,0.04021355324332731,0.6420406315470537,0.32302291179605985,1.9864477876114746,0.1972751092027639,0.09414834052575458,0.5110401307084042,002,000,20
68,3.2741331116073122,0.9371326626419925,2.572734758285665,1.379991985052327,1.1102608464161683,5.592890534194111,0.047946544711497625,0.04023396862411523,0.2487965561342058,0.1721010843276936,0.14072108999678734,0.7137102433353075,2.8828605002808496,1.4295831249085391,5.734218307854898,0.03302696173799816,0.010253696953325384,0.051304475331033154,0.7523559787906796,0.38643608532867874,1.5800567925393172,0.2672952833931919,0.10629553377382353,0.3728693936723512,002,000,22
69,3.097070503349588,0.38246095317623774,1.471301502677998,4.289988205859437,0.5415007868906506,1.8430120731909538,0.12792538577842766,0.03220327419080801,0.12933086884330525,0.5431776022127891,0.06929349837349702,0.23650902530241033,5.466377849649289,0.5612437390959324,1.845039275970664,0.02164281749936209,0.010053223414871172,0.04502316602483307,1.4826659623580476,0.15340373528700466,0.5035096828692923,0.3930297460614991,0.03997771186711137,0.1356658354421206,002,000,24
70,1.1370100258878775,2.0384304374915443,7.028124865225575,0.7240893215367249,1.4020130739876282,6.48510464362675,0.02809203437348634,0.057113950156882455,0.17289477737414818,0.09118173692624024,0.17688202081062687,0.817173552994524,1.1897201727866262,2.1982302369378974,9.634604121373384,0.012834934861954674,0.024464909232340456,0.04688524889243177,0.3150266433345603,0.5837217208685997,2.5809462099931704,0.10168121850532151,0.18497662211228852,0.754806446721407,002,000,26
71,2.6795571252930994,1.265422293785297,6.459501630718254,8.957917074941474,1.26066356146425,5.8753912550183935,0.8085314557516212,0.18421912569232016,0.43206730805039123,1.1633744666648687,0.16574056887976,0.752584018432986,5.263335286897038,0.6541751130033813,6.6428958022736735,0.25681780195442183,0.07757524788071862,0.17045883544019272,1.513390225242298,0.1824673740824731,1.7895658868348718,0.27339948551980664,0.05501741855469695,0.5336876596293302,002,000,28
72,2.84029486529005,0.9949605423775676,3.72584345973148,7.310995095166805,1.6779028831201586,7.551964853781029,0.3563668369931847,0.11984043753788412,0.29392414174793613,0.9350280828313986,0.2158584534633956,0.9614986309691312,6.984371263490659,1.4854765425200276,8.198481572786102,0.07616794027017978,0.03848831435395134,0.052427386805699756,1.935695359202963,0.4103888152048958,2.251010131805279,0.4365615821735513,0.10043636309392687,0.5432847866157895,002,000,30
73,2.1942581931770175,0.615496488051944,1.4208096333135185,2.036422732918445,1.2253161223911273,1.5683608765081618,0.050003733265801986,0.05760541859363422,0.10992378860272914,0.25642901630730436,0.15643517685428504,0.20104052522550717,3.052075640650378,1.259075333063312,1.6583322324264338,0.012617043154586515,0.013191029058708423,0.03995082264484197,0.8175713823191273,0.34644647075689905,0.4501772479349869,0.23864394199471695,0.08322929129603766,0.126246169254902,002,000,32
74,1.3365329121517122,1.3965548181848693,2.436128834672479,0.5705537291196714,0.7287909496455647,2.288118682172807,0.009160144109812113,0.028601286617489834,0.11627600828454401,0.07069834105829585,0.09146391285490886,0.2908568141737385,1.2656479640532745,1.3252181298376835,2.9486644710056455,0.008563368965162039,0.015607415801161987,0.04160145558096515,0.3305789563737473,0.34842654680371593,0.7926239696658213,0.11546289555585346,0.11817643439079951,0.2322387780736102,002,000,34
75,0.8056991165339182,0.9545439310873679,2.7585949336358317,0.677263856060976,0.9734000950135442,3.0645491134380953,0.07271986754361336,0.026423771549528623,0.1298228041316217,0.08770080619111316,0.12280635005266019,0.3890400931551608,0.6198084168564326,1.3906097376248894,3.8893963831920444,0.030834698798767893,0.006245113083704921,0.03869086551035531,0.1674183874847674,0.37368873307606154,1.0502833956914464,0.05242139892302934,0.10665096851500652,0.2936885828364151,002,000,36
76,0.608375950276759,0.8142221508392031,2.196332920157826,3.059486705488684,1.1528319798319955,3.9664221637690176,0.30046633666039135,0.04978187448499704,0.18837704488387494,0.3988249410353509,0.1466804211094135,0.5062130897904242,1.4507102252968629,1.34030643776569,4.166330389589747,0.09584416430853543,0.012740652690887876,0.045631732162100765,0.42843970699574674,0.3647948945678348,1.143487677274127,0.06010989830077003,0.09574547363387706,0.28129541883510334,002,000,38
77,0.8821199336309143,0.5851536243702238,3.0559360429935865,0.7551442376170816,0.6242690311463988,4.023069508900309,0.02408208171151622,0.013189332381374244,0.15127889869824837,0.09524920868906796,0.07862540205872381,0.5105914999026658,1.1242261024112685,0.9069756555166957,4.962030912087971,0.00792312964559069,0.0020000636537572665,0.03626647039518746,0.300590411072425,0.24387038182493181,1.3459473609795078,0.08970441275001195,0.06880955113312523,0.3604684817613197,002,000,40
78,1.4552957270764237,1.6521943958000311,3.7499297341575377,1.020706871042088,0.627603302701855,3.913915080264461,0.032769212851771916,0.027235315810589317,0.14959710191761041,0.1284169761013926,0.07830307285450663,0.4958468447689571,1.653778723421965,1.353341643099629,5.210100773485619,0.013457160436492055,0.01916744378422305,0.044220757702966615,0.4392460678940428,0.3518317571306136,1.4031507627719721,0.13783341191110696,0.12885270249265826,0.398673687844366,002,000,42
79,1.2146127364108052,1.1187997964450047,3.3150918414535986,0.6264934106965061,0.8503718702617307,2.7346218842844654,0.028709702681810865,0.018230740839943606,0.17668423037277203,0.0787923407667524,0.10670039345094316,0.3487874606013029,1.1145439584401142,1.3996673666585173,3.440444903267838,0.01546042811443173,0.006084897162329281,0.07118141277960653,0.29291860597161484,0.3725100497377974,0.9217955939065604,0.10014803541027169,0.11402040173591835,0.28183319447094307,002,000,44
80,1.1820098570011264,1.6675330126087755,2.814740679515617,4.473650085196184,3.7208011187526875,4.507605618300784,0.24863716099277405,0.1628285479300269,0.23226505937732495,0.574237703953629,0.47474844150044004,0.5756871243868037,3.7496518123531404,3.8128963516874226,4.758628703085324,0.05511450090082831,0.03244767770869262,0.06345530555010453,1.0516568615407993,1.0510494590211792,1.3029764810556288,0.21449513947437424,0.24678544193579502,0.32962472916258484,002,000,46
81,1.1450684311589405,1.3911956459096713,1.7544152862960853,0.8538417736479165,1.209392996306068,1.7752128688929985,0.022559020497569048,0.0596449175234323,0.07708140860465439,0.10729870634613217,0.15351871527489938,0.2252436580271826,1.3836426500377077,1.6260922955868415,2.319311463289527,0.00829051041201815,0.022194776275295425,0.02485386074384097,0.36813034826946556,0.43578491906767713,0.6244432814286952,0.11345500954263162,0.13035761602882584,0.17900048026228488,002,000,48
82,1.9396588125687573,0.57394041578518,1.8233447825713578,1.1698863147184622,0.5192245945494981,2.4284635251801556,0.041732044008710736,0.029102524635465386,0.16749967739930774,0.14702311483159447,0.06609653321397628,0.3116561860031271,2.003538949703872,0.6589896832719989,2.3941133930677894,0.020083910378424313,0.010906296210109754,0.056819836105069604,0.5294473693148384,0.17701853748609353,0.654740186724044,0.17287352641469447,0.05250352603004087,0.17308519598807245,002,000,50
83,0.6642600768597371,1.1530154591886637,1.8647890385327566,0.36542862802727966,0.8682431727785891,2.1479496999365857,0.017730064038703676,0.03600986948329382,0.12060314409094071,0.04605999784810688,0.10970952966453404,0.274096081580931,0.619635507561038,1.2998615739814992,2.4612142127172,0.009026750355392505,0.014345245207418984,0.0400858200175774,0.1632407966134667,0.34630124445509736,0.6671714656996398,0.05504928575127714,0.10724318047432797,0.1847096632920168,002,000,52
84,0.4465014625934026,1.859085357048678,2.850724800849563,1.3041077858370749,1.9051314275708298,2.6346264771579855,0.06150272553711858,0.03312480545292363,0.15562646377297756,0.16677155778362435,0.23953328587470601,0.33582026043013335,1.2307617655300405,2.8609806797794515,3.2503902624762384,0.012028742217198728,0.0035546141300989544,0.05839072887085789,0.3418465890842093,0.7680493703915964,0.8742176235621489,0.0752209360743735,0.2186864062183436,0.2579951998909486,002,000,54
85,0.6115441243441754,0.873514555759603,2.3624030888627403,1.462886901631687,1.139453432620802,3.0289545382512992,0.10189369610518152,0.07975763902073087,0.1625614623682166,0.18841031388905208,0.1462605800907413,0.38652664361821365,1.1829345513962604,1.1236027615668478,3.390767663927111,0.029785414695939066,0.02737901878071055,0.05037361869185305,0.33057249381761267,0.3071215240592684,0.9221614998806564,0.07277409634220991,0.08169546380516379,0.24774459030232987,002,000,56
86,0.84039468495369,0.9017733439448625,1.7119861159896597,1.108820796395282,1.349913054857859,1.7191134383970825,0.09374852131163941,0.04176378612888617,0.11718604709516603,0.14306490431315175,0.17108088476618405,0.22001754336232293,0.9634320669410485,1.6707824161726104,1.923217164595882,0.033989024718284855,0.0067743038507086795,0.04382327036119197,0.2648105165907927,0.45423170689587095,0.5198029564593197,0.06974774940203605,0.11819465221956059,0.15007471705839284,002,000,58
87,0.837756121932494,0.44890989541306536,1.3486819872315396,0.6520628980438185,0.5127571507675558,1.2735032809985953,0.05813289339488656,0.0315163587636977,0.0971466612348932,0.0838245470277163,0.06554952357439203,0.1633471621259095,0.7208354814623982,0.5683601671859146,1.3862117373529188,0.02483112465157937,0.010864518533952048,0.038041921390562485,0.19324120926625205,0.1541959008355893,0.37424996242334957,0.06114175498054301,0.042787835361914016,0.11043087272471086,002,000,60
88,7.004549306572736,2.5128285933006516,5.927433959581654,8.085767485401401,2.8143234174942204,6.932859444943091,0.12850773362460244,0.04271397176381916,0.11161269596593557,1.0172262943830594,0.35386798566469224,0.872350173869383,11.778434622599686,4.153861939580124,10.047445887995606,0.0005969808605480179,3.189609181795844e-05,0.00038176255794028995,3.1718626995592305,1.1175958910565238,2.706745294334481,0.8787174853928805,0.31174059005669447,0.7476376053587331,002,000,62
89,1.074956467842329,1.028318107998604,0.4871459543333514,0.5951872972715861,1.8745895164210098,0.35685800712355475,0.04596655482955368,0.08604710583259893,0.012441631719146837,0.07579532114543533,0.23912242196910752,0.04496900872000331,0.8732594390742082,1.9871601127821608,0.5593735417395149,0.022515338215286576,0.020092679530556653,0.004941246346780963,0.23022232749009217,0.5452662292748361,0.14881510094571124,0.07953985436574629,0.13401746922626534,0.04625564213262103,002,000,64
90,3.7573857880321704,0.9588543471322933,1.0567855560330468,2.9436133589568483,0.8667735560767267,1.3606004113516796,0.24601881202702958,0.11807877298977412,0.1209245964925611,0.37770512114905835,0.11345615658923017,0.17578191626542342,3.368533687645253,0.562147562978963,1.1497936918940779,0.1042783344046203,0.050272390936966345,0.04468063517689198,0.9026313314793523,0.15419464568173186,0.3162050212922372,0.2837515301599645,0.04833039484221457,0.08387393978651654,002,000,66
91,0.6778980292176126,1.702530414927816,0.9067717900850171,0.5158356666135329,2.8980241758063294,2.168996303829433,0.015965258879965798,0.09000613612891292,0.1749300856482001,0.06494559660594486,0.36759632626074357,0.2804228194941048,0.8106361504286526,3.4635700371018903,1.5691624156925654,0.005946738772292453,0.012353480420093328,0.0551666119564795,0.2158838820866463,0.9448103556747491,0.44160262723921206,0.06633698622599056,0.23871737039118962,0.09439233976304313,002,000,68
92,1.8257153429287187,1.5228904935568992,3.911212641609375,1.7687717046531615,1.6994635546177994,3.261110480542464,0.04749275313542185,0.045345136395410296,0.058816990191553085,0.22301141308788797,0.2145576743917399,0.40917808104005227,2.5780613726842825,2.359745406159634,5.257568986809254,0.012025343942829054,0.009093694648910619,0.014398152565734524,0.6916759716453574,0.6357878239839725,1.4029627372904119,0.19988637293640996,0.17752251557960483,0.4194475032161215,002,000,70
93,1.2134333540235211,0.7131239663624358,1.4793039956414782,1.5537897331069814,1.4466914892215992,2.6798595753159136,0.0565355018659007,0.05080237727861592,0.11011423374087961,0.19707307257041046,0.18394328312889563,0.3412520533392191,1.9482271642681506,1.6128510006948047,2.945463312260852,0.01346822565168491,0.007498437258082734,0.022868026986992293,0.52789221262742,0.4423338125301562,0.8069121974790813,0.14239878045636786,0.10715221840324123,0.19947988679358744,002,000,72
94,0.9527304238143925,4.748156430394222,2.659228149283437,1.3091359005951544,5.400543384567762,2.666916886568752,0.06045348872512824,0.09782796922361955,0.07717481492353925,0.1667075171789687,0.6798613658465283,0.336622074409457,1.5061756710020124,7.810026483070557,3.7956895133308133,0.016560305812681708,0.006635079544819957,0.019757567439235457,0.40984420840130475,2.102958973756161,1.0196900392826143,0.10829146584427313,0.5845390179087883,0.29228850439040316,002,000,74
95,3.748143675373954,1.4169108296435748,2.71391850267254,2.3600482952574,1.1623417968774132,2.2333981701077854,0.05757708656411072,0.02439407050290298,0.039481296873306246,0.29561249837550857,0.1459658465666377,0.2801476363256723,4.162773194990267,1.859169858502387,3.625123435588507,0.026581798829026962,0.006944294154939793,0.009846924353110883,1.1012909471429293,0.49597385382089804,0.9669397335319229,0.35334643812758976,0.149010779771149,0.28995735990330224,002,000,76
96,0.7133055080989521,2.141352393866816,1.9408016576321852,1.229628965646407,1.6606383018547082,3.5002868710159225,0.057245364329910786,0.03095003536227078,0.1304723757499983,0.1568374451046386,0.20821581518310647,0.44511468403874443,1.3172899441033155,2.7468862139650314,3.9550890172466633,0.01394061311952595,0.009299316769922756,0.023796063187803838,0.3609557313471201,0.7313952861574406,1.0822085107942967,0.08991730327679759,0.22253566732622362,0.2686604365503124,002,000,78
97,1.2175245684994278,0.697897608564775,1.0576835062095264,0.8515960934632163,1.252744530041082,1.2365638737365872,0.06781546613790264,0.04656871578769963,0.04296710371369101,0.10895256426558678,0.1592955766433156,0.1566288152643533,1.067979031824699,1.418200960442834,1.61370004354803,0.0299324460768155,0.00849106114506573,0.010709936247124073,0.2845387062425904,0.38799607441289957,0.43591924479134014,0.09228339570835159,0.0964338725682401,0.12031789941832402,002,000,80
98,2.27680866057862,5.814968505990839,7.04717589270686,6.2368858118625,9.181946211730047,7.099757276357759,0.4992758235639743,0.2518514470589393,0.22272718099309874,0.8066057690772062,1.1626362335563694,0.8969579829166819,4.370147334225496,11.449315643461404,9.954316641019503,0.15358126508302164,0.028005601379511833,0.0602436903205151,1.2354284133106663,3.1147114810957968,2.6753481281522276,0.25253293390213055,0.8019435499566954,0.7662931587985337,002,000,82
99,1.4005671535042925,7.943461889958412,3.6404263717003653,1.5614249887441574,8.2804887573412,5.605301055640262,0.055990123499777444,0.13051866440369975,0.1644134949780785,0.19777136968595108,1.0406831611928047,0.7101163169947767,2.0577973576018698,12.46849372512014,6.953641689086813,0.014978415481199178,0.007864857653437664,0.022928325391813813,0.555166270870921,3.3482560760711992,1.891234874692472,0.155074779512962,0.949426085318568,0.4892746192767527,002,000,84
100,5.843264698306377,10.564729256717943,4.836630196431463,4.618102935350205,13.695609753146922,5.4332282634616895,0.0706640097751926,0.27040366371748964,0.13181788200273067,0.5784841229875382,1.7270087218679246,0.6853975705823128,7.700502366917753,18.87017456354309,7.6294586549567995,0.01763003275475922,0.012257658862184363,0.022682914213721598,2.0511192841790904,5.1001542735682905,2.0553155257595543,0.6204857545632787,1.3759328309726186,0.5729546952889258,002,000,86
101,1.9722783687065406,2.4815707080874017,3.2933765549639236,1.152204200208127,3.6339867396317658,5.65529629424838,0.023318176024748,0.08748181551024896,0.18377620594221433,0.14392335573863013,0.4593635977221369,0.7177414607752646,2.1430128103757573,4.7189102627084605,6.680919314341095,0.012200527203967615,0.0072719870736347204,0.027567922990765693,0.5654939428565267,1.280414285296547,1.8234976217063905,0.18426823896608763,0.3357418654104604,0.4593905061809721,002,000,88
102,6.641345391131121,8.12812256445177,2.71833254929006,1.7136759508070742,4.887807489427546,8.68619825489859,0.29814602617564545,0.19008430823285255,0.46831586180631074,0.22110611678490447,0.614939890747723,1.1137673639519783,3.062565609319691,8.26150100616747,7.611105526794904,0.17700751262812053,0.09140931449266976,0.10460907567573575,0.7758120215926745,2.183112441027278,2.1250807248459753,0.36040210078889273,0.7148976770632234,0.4515471118205074,002,000,90
103,1.208732418309167,0.848615405072446,2.129777103655498,2.297926997157126,0.8659248427422921,2.704435153192319,0.07719988193969841,0.030219393792454637,0.08500342585434795,0.29192117504455467,0.1095489184753628,0.34238980135548525,2.628201099556491,1.18479201438278,3.5039303325190443,0.011063536985244829,0.008646937566830512,0.01743974406110721,0.7193656508669665,0.3187014310063467,0.9483351113358658,0.1770089034364371,0.09103894571502001,0.2565678257346645,002,000,92
104,1.6117898754720188,1.8818686018983146,1.3624206861185577,1.0623663014967875,1.6862646547073223,1.9461946782117965,0.02567066958733978,0.025825512015890555,0.10092308982317487,0.1331547548683739,0.21155407205320395,0.2483968889508469,1.8367979778565229,2.681506044223206,2.1256436494755695,0.011092324073352502,0.003913858234506193,0.0291740446426298,0.48666810675997885,0.7169357098935177,0.5799496370964977,0.15440599370643265,0.21055828357637396,0.15130271858688446,002,000,94
105,1.2702159984048782,6.474639941795049,2.06074031881423,2.098370298755515,7.029161382893951,2.8446632174417914,0.07756676809925207,0.14365595583181107,0.08749768539742203,0.2666731674658628,0.8852375051037547,0.36028824769014633,2.4312033729249123,10.191030803355082,3.6076933937538,0.015040208047978811,0.01913293146091519,0.015654828583237895,0.6636426338680822,2.7413273625321772,0.9786115922955776,0.16820677825142988,0.7702846787071889,0.25955307323636234,002,000,96
106,1.5965080672415763,10.29448070243014,3.3061757443200785,2.247319164366907,10.284751149894783,4.877197816278253,0.06695578354561162,0.16114429628798904,0.14175682365716902,0.2845754286158882,1.2919821344970945,0.6176386720582203,2.8506409265443637,15.71527073533116,6.132099977626708,0.011050082895992937,0.013634707669000237,0.020745755942328005,0.7735274226871142,4.215044314949496,1.6658198660977581,0.20427703309551473,1.2069907819963215,0.4352634101106107,002,000,98
107,4.993425387397509,5.7847636550032036,3.3350901653579585,4.62513431783728,6.667965483200069,5.695745855146192,0.11930964377489257,0.12789188554352274,0.19244631439081858,0.582647914405559,0.8398328829405668,0.7231817711434516,6.892492452456732,9.547721320150242,6.681109752035972,0.031402951335627594,0.010687595056588546,0.031341026838430985,1.8464374738635203,2.5721652053564448,1.8238789580450872,0.5393811673570733,0.7127595324747573,0.45966349317662347,002,000,100
108,3.136157384289485,0.6678450789124541,4.987090613731966,3.7396788006206587,0.4207450896419432,5.083694817016502,0.10577544743760868,0.03128411102773647,0.11462062960135178,0.4726809098910341,0.05364480900291145,0.640318962251154,5.035121724415164,0.5791228120049011,7.444698384308416,0.020611392520014468,0.01443144111031685,0.021849293780804913,1.3595628529313746,0.1535203404833607,1.9994443613755075,0.3735872174674475,0.051064839316847244,0.5703593487423146,002,000,102
109,1.7608463041914106,0.9042178691801945,3.2476411730986103,1.1896425813811273,1.1306656233597332,3.249444593420286,0.02956504997814388,0.029309911301304212,0.08977972203447257,0.14920072447757055,0.1428485345490835,0.4099490368862521,2.0277518496480034,1.520294909446783,4.661619211803422,0.012355641374978084,0.004557097064766315,0.022187788722500327,0.5377142507627375,0.4109039686613343,1.252030984794798,0.16964256189877297,0.1116702026657986,0.35902144076670894,002,000,104
110,0.30756524313112854,1.2823789992765326,1.807813051868184,0.6088542661946259,1.4778483622433005,3.403954127508833,0.03927148607129766,0.03113770856360417,0.1309437895972413,0.07820746583341323,0.1862605182510469,0.4331491883035167,0.5440440087633305,2.0946130011976525,3.7736527430454543,0.011483668680360836,0.003659713335648972,0.02421400639626165,0.1507019174018147,0.564432730859405,1.0340546717392358,0.03543502128644416,0.15640774481820974,0.2539101345586383,002,000,106
111,87.62255982299257,39.03502555551027,68.2656710550101,51.44462938711699,30.339346166692525,54.64198478540195,26.887130572928207,16.72377026947061,32.648809796450564,39.98904161527089,12.509328355190878,54.35092189716279,104.63421837236484,165.17711088109536,744.2175413283436,36.066909251824924,3.3156078929667556,54.623912499174544,207.32102809239484,81.92735999755934,294.32980372265536,33.316647529068604,15.571635864872608,104.59120272312643,003,000,2
112,76.51592486991218,23.286220816419565,80.63769085259224,48.87661506893184,19.58313278161538,66.7708943688105,16.0382516557127,15.447224541205662,78.99608822764554,18.588241179601805,23.88319132679142,84.96160499413193,250.83359677630386,210.21173551803238,923.1594578850132,9.826277491022006,12.84513453063564,38.35475273942981,135.21418269846308,104.21111729384532,414.44498168092014,21.305862755797396,34.1459182685346,114.24931345047837,003,000,4
113,5.730942898526041,2.787484739462489,10.824559228749717,14.051668581144735,3.7143609000254236,14.094736202796822,4.64796371332702,5.217093026091219,29.300051441919603,1.9984130181183393,4.142619579627097,20.0245024885649,35.876793997272294,25.08075645673366,162.90147863311893,6.5358024286103555,8.830340564042903,27.479980531327197,32.64090926801418,28.79909018170016,114.84093238229342,18.02553763861795,9.68441523844777,11.201771620619049,003,000,6
114,7.766271948912792,8.33901217431383,44.072744794779446,5.608759115426361,9.099908965431148,52.87592155529083,15.53104365075968,7.410288706761332,43.89198510736208,18.716300477616542,12.64740344199855,44.740364701777416,103.6558676554289,114.19832854787802,557.6189831662134,9.355692005828729,6.301510497754356,40.78711084016489,80.55910764104905,49.7485665662906,285.18736149449893,14.912637836086484,13.275578607606802,63.20091210851578,003,000,8
115,137.66489674025712,30.998474430908672,83.39696204257153,128.3131144255268,36.58672636253421,89.48356851569892,28.566304543129064,17.287271921389824,67.31193706515297,36.548068755230915,25.907187507817248,67.7778685607281,521.3385001990878,246.9385098181973,833.2509889361739,22.885702000339908,14.622053475957774,52.091169119411035,1377.6551226824024,424.9880031791096,785.3720044362184,39.307683185367395,37.2153100890213,84.86137899501072,003,000,10
116,17.80746978179391,4.841289331734604,19.43580781067642,27.71072164301626,8.365464845647942,13.897542250739154,12.195996930219303,8.810622090985262,10.139270450621582,8.761816445123964,4.69658053298162,16.80504345599177,87.94962057078085,22.554477806600108,128.58471868994133,7.120439976040041,4.657955934929987,8.14761427540979,87.38071471893112,51.70018365607593,50.48713605895607,33.851808433029504,11.459087720682088,22.296431675950885,003,000,12
117,3.7609206297879285,3.535022123079849,10.446158655409784,7.434985099681976,5.815362425453467,14.384614611540632,7.939801414003389,7.852951054975345,9.606021779943433,2.1440112751659552,7.324539367657694,17.83941586205356,33.36859701352595,45.07920515113872,148.00072595623243,3.603205202410434,3.1089611828295425,15.130625396597873,31.89873386085632,36.07096161405599,92.52101820404087,9.218412336463961,6.2460193764232175,24.582647241017867,003,000,14
118,40.45495246806909,2.5464859210010404,3.7207914262140678,29.52660098079529,3.1848239769249718,3.9929552154767034,7.283812539369958,7.221684267137757,4.859236060815368,11.663820141998139,2.606190220707748,5.128404325728202,8.604269946195313,10.764635461344685,29.735479342575925,17.290154371671058,3.0504559055233016,15.851071678155096,44.29841383323311,5.019800686463082,17.456067010117113,28.442259119792855,7.818519494754728,8.132697561755563,003,000,16
119,133.5259793706577,34.81793866796045,23.408261965015903,92.51170305785158,23.45037670586707,13.969391447218378,26.09490421468091,7.605923454629844,15.394881700175477,18.407539587478478,6.92175181058843,19.50789648554965,61.360368370227306,59.33640725855593,125.81147441516897,31.42147807994477,9.181336127839629,31.891012883296884,113.60563841178222,61.40165524429739,95.21799868958313,31.64243324230947,13.677689081363214,27.47131962486821,003,000,18
120,45.52267738242437,49.75220122038739,49.59875363889582,14.023232025280468,28.7746746437458,28.692200293277423,12.002364016805938,3.153806086877505,4.612514218945304,9.577952086331926,5.8492525993422,10.759168155681524,34.31930738101199,50.29085780078904,109.9637996914673,10.657225101034573,3.9933824216029548,20.018103548569528,40.34600984969469,39.59117137414697,66.07120831243122,19.2468985379305,11.910630455545423,28.495135648531047,003,000,20
121,19.720316176318885,13.836793427330546,31.15921334298693,16.497657305867055,11.884715822895892,30.680690359122124,14.672668703989526,7.389097408355305,40.80891335079842,15.501082300973717,13.528006813169824,38.432782135280156,124.1676111107479,76.28876757685383,401.9463358173451,13.286142821992367,7.406341361866838,29.250452073861823,89.9150279041463,76.75789052638187,201.8350430063838,22.284071991552615,22.49037114907017,50.06406974405957,003,000,22
122,13.711357319112702,4.509223319680459,11.36766637161931,10.353345459740119,2.788908333883999,18.633106043209704,7.795132325585917,2.2115004795336937,7.755439703022195,6.176092326073281,2.8179792746613628,8.049931950971658,31.270748944807213,16.44958747933691,66.08215599072139,7.527322552162446,2.2453959000599997,6.036542465314506,80.1958201950108,7.870325739941471,47.87145991106823,11.476607825964948,3.9895801349519813,14.293020699263456,003,000,24
123,20.806522672119296,7.7335148428961995,42.44852838415107,15.029176605555708,5.95168220022061,42.60986034024082,7.130239504070296,11.699020392071649,47.40375265486938,10.05382268823154,6.667233081512151,47.80123104471524,66.19102288796125,62.3751990008104,408.5321004929227,16.60136842539964,13.499569638301434,21.729270606541338,92.62334980803288,82.92217904727677,237.29258196994098,31.802723835579997,10.356593723493932,32.56772951132368,003,000,26
124,58.36750886874779,19.79057075422993,64.99685508814898,63.19405187693333,35.63225869545098,77.26704357819402,18.93578370396989,6.910783823776335,49.705055099754006,29.759472088598166,27.47487703759458,57.611350964359055,220.13980164095724,154.48809611449923,435.6113877034627,46.530202122124585,20.399395801136222,69.95277860412574,1892.6800907484103,775.5164901710484,1417.0559835734289,53.83195900978793,28.627361031241765,92.05262263719979,003,000,28
125,63.42773275656628,14.932477443472255,15.479772610118959,53.5119658124383,13.38381471711258,13.99282734239484,52.19078961159988,18.085269103505873,12.01207104574683,49.30708952306847,8.433789409913924,21.125983731722393,98.39079885224768,59.6075048805126,76.22529227335073,40.4822646527516,11.109045178333245,23.671018245185238,686.2259687260093,252.31478527433754,280.63468837502563,50.6824820023261,19.553882705574566,28.107710987726467,003,000,30
126,26.277163299444297,15.81383837086089,27.785669613169013,12.761988582236958,11.545874794574814,24.084757691426923,12.69990842886732,5.406572453627567,16.804776039482963,12.647146786883962,5.105759557822406,17.072115046263704,60.04231355880417,77.79070367438473,228.81008077341542,7.247097571442568,3.021862582797835,19.940276929970416,55.9969538385958,30.57458434268906,138.58193991454647,13.616796763081375,9.490438156244606,44.48918395574482,003,000,32
127,11.232310991239848,6.086592996206597,20.91739818367873,7.4508582021970176,6.405857533523279,18.062747931742702,6.622390265271992,7.007467187499202,28.440789784152635,3.4789286625291234,4.649836538451101,29.837125747189702,35.57422259827169,39.078308960358044,245.45859676236813,13.999056813235796,5.297392217039414,29.866203081122535,46.388475095872685,35.76246419024958,152.67219535041755,18.164408219024228,5.23372330970237,23.690403282003455,003,000,34
128,59.86886425034916,9.985554516886598,16.71097610168682,35.60771900228173,9.363932815522201,19.007819648106267,2.621495249460516,3.86441527930534,16.72627962679457,5.650638219465758,6.652753826160585,18.894851871343686,86.424442942216,51.11454417837917,213.46583735668898,5.64972753937223,2.7227073444505963,17.582353225987045,54.822167996525145,26.492392493338212,79.63234619181954,13.338476983070954,6.363622331686342,37.843324797384696,003,000,36
129,2.9376411615222944,4.503768009602834,8.650195728485619,4.7934652732263885,3.3216128581648534,6.994697684477196,5.701126469665938,6.858784531528487,6.549064872588258,2.810255486974457,4.351182428410558,8.100024493894418,21.62146698451703,31.7523876094169,79.61511124205947,4.929758869406661,7.0025385255372585,10.115190272417328,34.41614829040963,9.42639073660114,31.14035138838686,19.250842899417876,12.161768914625668,16.85960820773264,003,000,38
130,47.84307263503594,4.250361838770715,8.984406643407675,26.873967792773662,2.7802265824441417,11.127341016260784,5.9940938383391735,6.958950520567606,17.98423417447163,5.436434132222448,11.195816043612464,13.581549836270495,57.972696219311445,24.254280017937717,93.62783325518222,4.886234730646118,4.136320558657585,17.141468795764162,44.880279739717466,20.60642189727118,92.10018884765329,10.327752134188895,6.112617509116173,17.619958389105484,003,000,40
131,17.893622218792267,4.445402097605682,4.117491434908303,9.8708147144825,3.5482904818010397,4.336822617142449,2.3101505541713427,1.3412102877592562,2.0622600976739314,2.9279052855697154,3.9004391692073,6.437510098928519,11.341523632609391,15.62476260241248,41.11702675485478,3.5556729042323636,1.05859277048939,12.721168630207305,40.53660309212432,10.876814549995323,18.564844101658185,3.1417925844930483,1.616432177167903,11.116679263914177,003,000,42
132,10.653659990054077,2.6074906064652854,13.467071480860572,7.234187329612743,2.132635853967036,11.986831233294733,1.9041817696958248,3.9405886154231022,16.882643126039255,2.125280579587392,7.290095992563865,10.529710346096671,23.271792986491548,19.123312284973334,89.53436073677875,5.391964296701673,9.899305104063748,12.559442979255108,38.21103229661598,40.555511498490525,88.18460893821295,4.553579606358053,9.143964385179249,12.409381917393075,003,000,44
133,10.321866344149253,8.572992411786863,32.558170225812795,11.230154153517047,7.192973319241446,32.293633107691896,13.280107935381476,7.70974064720579,20.032782759663675,13.97359740720761,13.544866607008288,30.28950722470097,50.30694626856391,75.94377315846587,307.05808816600626,10.576249258428613,9.724572580542755,32.99974229035598,184.96294163876388,108.76476081533087,259.11945942083673,18.46541146752486,23.2096183305676,42.64436631402179,003,000,46
134,11.585508222751596,6.3986531152212125,20.972271897300583,14.106939576988712,6.994534014928161,17.151574500444234,9.659794403127131,4.667239986324012,14.445204737984064,4.383049228903631,3.0187828053498804,12.851249841440103,68.23785033479743,62.50691595649191,142.1809992499939,6.0531990158795335,6.309237618268439,13.00237597174037,128.84405527132077,50.1237090094067,121.31647052514664,9.04766895587855,8.642353801231605,20.38733467968743,003,000,48
135,23.34632831211605,9.406759746967492,27.19085251216999,22.39521611265375,10.664410978387181,20.876440875162505,17.852637443510503,9.916360291304168,34.45553234484534,8.182264781944625,12.804754463775563,26.298731776958633,40.47698481704329,74.66270781293505,271.3428891988531,4.879960503171935,7.306398250661278,28.98191057811476,86.31388370177234,45.01916184889198,195.486337359799,7.730474409544966,15.953216431802131,34.568135621178584,003,000,50
136,12.611716325252026,10.255554894382442,25.157957767734125,10.836068251212328,6.616339566779963,20.215008691312224,2.3807848120918282,1.6566612460068901,5.6688000635279705,3.171366786181383,2.712127053213829,6.857599115020191,20.240490751186268,12.799460661147,78.78628760107088,2.4005049159287406,7.835331216626113,6.893636943484062,31.721105792262396,21.14205929510442,56.21720468787935,5.548483842314749,14.680762828061996,15.603779404924135,003,000,52
137,6.557694702523684,8.225767461348632,28.643266950878846,6.256322949951097,12.52803839555317,30.30485331881231,6.760469862523809,11.647699460078867,27.23819702572139,5.198461921182004,11.273517805103504,25.352565889589286,57.89804837046871,75.72829094894772,246.01227143373376,7.106979376142608,9.5801919155461,21.92995779262022,45.30912158179845,83.90909237230085,185.72407562459722,14.03915973628591,13.940404084144037,24.763113118295838,003,000,54
138,90.22658309758631,10.173195048709502,34.52619330923616,75.13443392494449,8.092331215164311,32.70433231056322,64.18257764462152,7.7953931586653535,21.050878023306968,63.340636454437366,17.98254498965335,22.78834057350207,396.28631619069785,75.66413367742533,203.17136270700743,61.86428888850603,5.140335306487935,19.923924653234625,1231.4830015277025,134.8658501572446,313.3056550210093,58.099361076996544,12.484321842978833,28.78409926494224,003,000,56
139,13.29366280704306,4.782235641134785,3.6417166917791164,11.2815968154902,2.9187383858983265,2.788428838021198,10.978880598918751,3.226757281041734,6.881361246442938,8.830880022456496,12.835914498754308,7.482395330126316,52.84807036885988,6.253283199143287,10.010974243380993,6.834558478618665,9.014341285644168,5.338735058032654,125.39937841260411,13.270922029598028,31.969244641872784,11.390448181914106,3.6104155392985353,6.477446626261898,003,000,58
140,3.4622665442321314,2.6163103492265423,3.9326131625209038,3.3889219576954357,1.2045505434853225,4.1978408107266825,3.354300563398301,2.504076410725582,3.017348820831008,3.7536673392275883,5.423310808550883,6.758691635687771,11.396969464616152,22.073227580953947,19.441811796678046,6.2863961726857545,4.737461481977824,3.912982461559548,24.72346482710703,20.140029152973117,21.95180386299738,12.53883800204909,21.094550850292226,9.82605931098855,003,000,60
141,9.356802590703799,3.181079460072998,9.23771453338326,11.005092629321663,3.817033202503895,5.656104388702609,18.084761004753247,7.75869380988569,7.663478308740564,11.70931404721375,5.4888528494955855,8.482736413720215,68.95014708014307,39.65264515137708,54.74950533774652,14.951913939614972,7.303007006049839,7.658456039771962,234.51783274106398,26.560423443683295,49.80115040579316,15.162998118396775,8.546736375367377,11.451240579143684,003,000,62
142,116.80611888408866,15.15170585026004,13.591995178883355,96.04281741787341,15.193428796232192,17.91000161139158,91.88184800765723,9.108379351718739,17.05788820194402,101.32003973394494,16.15537539129017,14.597084947239281,541.5988351160375,77.88959731185022,73.25610403706835,92.5232553507158,12.844870429453803,15.926117289223514,2621.9838922435856,313.96404503973554,392.98067855739424,137.9872970652563,10.869202359413018,12.43391506195791,003,000,64
143,5.4523702345098135,5.798943342306904,7.335656117565192,6.319530886988168,4.634922234018951,8.17641676065594,7.142977533673674,4.490837516492905,6.81780097265593,5.258653126799817,2.3047773484590666,7.320239853660479,39.69699631456592,15.162809619379855,44.02442294862083,3.9957070216976804,3.3232082364950815,7.643668384182569,49.36514963656943,13.646843690120953,36.55222665733986,8.955244336118007,10.668808562330488,15.139231352083641,003,000,66
144,1.585613615328994,3.227046742615375,4.133755986867221,2.1486078393636605,3.8928516956485293,4.651891745042349,2.0958111654480938,3.024980356064517,5.9339658144346314,3.132065817215692,2.7408289899791294,4.925060174047084,8.805103589805157,13.095264516722892,24.938255206230778,3.072381291382097,2.152216298346593,8.125236482446747,12.718471911502542,3.726857224603928,27.05711487343207,4.344220537048551,5.800319434058482,8.184740942605455,003,000,68
145,3.7432914812716254,4.34275828897332,9.484789962281964,4.233280501968178,2.9545979022224698,8.24020660844767,6.468552200884986,4.695965954074641,5.077141629615879,6.247285206544182,11.201212507619386,10.527934069232836,23.625756143692403,9.974647600693032,60.44919522324552,7.473143562758285,3.498918614837409,7.850989723695046,53.45127817407974,20.085117025421695,22.96537179996416,14.88818831735047,7.744001529639633,7.458760128676369,003,000,70
146,5.074091594934651,2.9770904004970067,5.333998521557359,4.624211851713037,5.30973325884165,8.349186372397147,10.298277097865038,5.452340707790557,5.281557748401942,5.67915058695933,6.591013064787729,6.177345967641472,14.554320125498734,25.41194042298026,24.508288886633082,3.066656843508677,6.552778572202017,5.413066270521058,66.95649296090133,22.321079362905383,31.575715671758633,16.611420000699603,13.007041284570338,6.446266636569274,003,000,72
147,9.17180409719932,3.5917212380974877,4.540824062189532,10.577443891981051,4.390792166104235,3.211919501807804,14.06795619625382,2.783018632154966,5.676605331710535,7.297508593906253,4.768398803182986,6.235065260667515,45.422982758313644,9.114949066334955,27.90204447017042,14.024127908888163,3.583435607574129,10.172709123147174,148.8785027902235,13.83428836789183,28.633515989506698,20.986887890036222,11.896816898451162,12.883846602093161,003,000,74
148,3.16185208015262,7.629673647246615,5.678463712201518,5.669289928085477,5.995653859161434,4.567255109043015,6.837617068001162,2.2047646613915375,3.9958211943673034,2.489162595461911,3.1426653307485877,3.231375558990105,16.385672270609078,29.021348338168202,35.52313091376503,2.5200072557664823,2.7453175549906854,5.340140941209297,38.03416377326618,8.830195996406875,19.073183217028692,7.6471962542453795,4.879362169788166,8.746049692943354,003,000,76
149,5.818567812365597,10.024296310779832,7.591192195523861,5.23163335952018,8.187035529480811,7.325380526584532,10.204501011381083,5.096323067766092,7.610386791424656,8.76318299029008,3.7795316788848425,7.950890112978072,43.180680168274506,23.25584722772257,54.300307518705154,14.893341976806113,7.041009812625468,9.31202088119537,84.1653787736112,28.220558354987176,54.24479704049948,19.225291071864863,10.430967785173562,13.211012137921376,003,000,78
150,7.312658536476855,3.336924674255064,12.134680474993287,4.057375656448021,3.31321275245852,9.42105178884182,6.648478419123521,5.13170603261332,6.625030936366053,5.731508236803704,8.06639630130969,7.850622776884767,26.74792969828609,17.85549401269745,78.50018243295438,6.600793246786429,7.753691483296393,7.006915522872763,53.40501432880957,14.031463662816382,50.354496236158205,5.9953844120789,5.377701711104776,17.156556988025553,003,000,80
151,2.1272786491329216,2.5582507062197464,3.5647169057493064,3.860052945253326,5.1572171042650705,4.727886377049956,2.0406835665252556,1.1424444065742654,4.952013920415136,3.3013344556633752,8.30640741932141,5.702634275921388,14.388890242048017,17.40458082163455,21.111842318127508,2.7913770465023364,6.500474608756346,6.257657827463758,13.92205885854144,23.570795770150376,32.63535471138077,9.077807401266922,10.052319585661527,6.888010507955282,003,000,82
152,4.749131966747372,3.36554602086194,3.588624287008981,4.356410576437163,5.464400876893587,2.962860866602977,2.9350191762734843,3.3814627897114056,4.074694577434208,5.398234932760636,8.505410791552062,4.600320615385069,8.912502815051656,10.94347825146928,15.390819153873661,5.274491910208316,5.58232612966469,4.3710037539088304,28.883602726194,15.436661082797311,20.226426832907883,5.325029392476397,5.842635318127424,8.586854966085195,003,000,84
153,1.5151109942692267,3.298043668970811,6.904228339718995,2.081392390045368,1.4852077934423855,6.9735066028723125,3.1113418886861517,2.3726688662988225,5.310628739349326,5.389285571497478,14.057733277182285,12.439450813453002,20.481362746934366,37.368224763969124,46.3699013066259,7.61901775376537,12.441010785890215,7.388925559566686,29.92501104058347,23.809026288675014,44.479849935456656,7.257811459182408,7.465237475172275,7.4990570403614845,003,000,86
154,2.574977123333019,4.264393508957312,5.604099670321154,3.841908523363201,3.3527237279616964,5.421616599672711,3.404735738643836,3.8889759958421113,2.8411977321624664,4.688838924739954,2.3279564699413218,4.701348995980087,12.306734478965225,9.726360559830887,35.20045397285915,1.200859347068806,3.756011011049432,4.26913163150698,30.83807199119991,28.43801697211229,27.559981458313043,2.4539883510707985,13.354043793817135,8.820719887010135,003,000,88
155,2.2664995498253155,9.43000022455115,4.972450622828025,3.1052334624265994,4.695288284659586,4.602582804496913,3.6357071115645585,4.134132918966657,3.848935922723244,2.420212039956971,2.0881586550585878,7.416119167159146,10.150188055308652,10.147235271685219,25.065223746629243,2.600116611718697,5.7365632213790025,6.481533088248159,18.332019968431485,12.907786168950102,27.472214721594113,6.829914523504476,5.316010611890205,7.642880496305409,003,000,90
156,3.557067774076918,2.738496778551683,3.913511878353372,3.4965549617833878,2.6802809527861804,3.655230905751645,4.1866634205174496,2.674555855366691,5.02211285858004,7.0251232997985635,5.311275020543937,4.566555562795168,14.268863183914036,9.671091992579782,19.79855563395268,2.0794636974594227,4.360100709749238,6.929577807781752,35.880522774040756,12.593740956820923,26.469243356693784,5.538003923554777,4.275346660686166,4.946529885546567,003,000,92
157,6.494271912884388,3.4246505988519584,5.43217701758191,5.830498850095369,3.88937814093748,5.217713009427612,4.976822241987764,3.8386212063014753,5.731108137791207,3.6498216062232243,5.558411539397875,4.667285957350242,13.583216112985127,20.793595396597482,24.241649454995358,1.912934589354621,3.3483898154377303,5.0099017088847475,32.30633381891371,32.40404534417701,30.46893984588226,9.97971146700189,6.047269642389859,7.942919433639364,003,000,94
158,5.296019665644685,5.154314664099174,4.186983184551148,4.751340425146017,3.293691625383753,6.475894789596428,6.554416764541313,5.190856182888933,4.953530846814608,5.182663370288995,4.476829930870866,7.793512290655554,23.401780243794075,9.366823978002241,34.15730347903539,7.866333874945375,5.531266627018203,6.024916840334778,21.050719817109293,5.6398465257631845,23.62939708318752,12.142969071983611,6.101898674801531,10.976621641426071,003,000,96
159,17.64024301278902,3.356706474129038,8.441524504663313,15.341726433900492,3.246013219362493,9.599762464514878,14.675635922863922,4.198486970075657,8.97752360568775,7.556605289488951,11.172204433786828,6.854815752674572,78.32834505122602,14.621508507663616,55.427111545882234,9.08009256464706,3.842393657596187,8.036839038910284,230.22012540380524,24.618857579063622,59.83587049037412,24.152137699556466,5.538291289155683,10.849931510845062,003,000,98
160,0.8176019997057186,0.9263982775405082,5.398676976429904,2.2900960627586184,2.120002442855753,10.986260898372667,0.3027069431116105,0.2634863403216651,2.2176404133530716,0.8367561259646331,0.5699074841655021,5.317896922603741,2.227452221194801,1.064757809240712,5.5810908715960466,1.2708534850739104,0.8567457949724716,4.859710542987852,1.1317850405451557,1.9213878464822032,8.797257959165341,1.131785040544166,1.9213878464829213,8.797257959171702,004,000,2
161,1.6912901531398143,0.3359952621836315,2.121659648841085,0.6245097892240744,0.2015694660404958,4.380210958153805,0.22990569959189336,0.30224026314145247,1.5429144363280918,0.49117878319870223,1.273702005736314,3.43463706832758,1.4527646434296135,0.5188210874231691,4.5987382165934205,0.40328421953744664,1.2391848907389977,4.543654733671536,0.7385360232868932,0.9427680116716112,5.173931336350747,0.7385360232866058,0.9427680116731109,5.173931336349264,004,000,4
162,0.7677197978351488,0.22651552561167398,2.814907699671013,0.6283543010139807,0.14024982874091899,6.832095421576064,0.3349702501784975,0.30581342850713444,1.8051851117082105,0.7368301076683714,0.42121916134526827,3.4724931267400656,1.1571996582406028,0.8769073217693005,3.960852372990384,0.9316193699343245,0.3482214805408148,5.690155373987026,0.3204615780295216,1.4321602524206751,7.249470913932666,0.32046157802884356,1.4321602524181982,7.249470913928619,004,000,6
163,1.1696269018505525,0.31881804238869166,4.540541885713632,0.35044519538098357,0.5063609917935743,11.022511374861951,0.36589754957359616,0.38979192346170277,4.180184614299832,0.3805772727994207,0.5905687747858025,4.681911101059875,1.1718171309661354,0.6578990182629312,7.664686095326401,0.572527113230415,1.004547918174286,7.45150763114382,0.39869371370542206,1.0169678929559485,11.040892336738946,0.3986937137052692,1.0169678929580086,11.040892336738702,004,000,8
164,10.653516364888686,3.956552384213558,15.194748537125296,20.804815396642965,11.067157123986464,17.375122501909477,0.37508524275161614,0.2584428988263813,1.8517716020281234,2.65054479347313,1.8574321198096997,4.016150181506758,6.127764032466174,3.5903125827090214,9.28038075638677,1.2446140285770322,0.4211689117907852,6.001902123202741,6.588395161197425,3.7074542225233156,11.054603538179501,6.588395161195634,3.707454222522223,11.05460353817789,004,000,10
165,1.904933368314813,0.7452931336365622,4.155222332379564,1.4085138209363928,0.5105982556930265,6.177094494097314,0.7018866849443521,0.4235358144892867,2.3958532378767834,1.2851911368293154,1.8155934850684763,6.681592793238279,0.5800926384400084,0.34970436455025555,8.113760014062475,0.30551244620169826,0.4392707686980832,4.252544991028508,1.1644821659599005,1.5836694392899515,9.628706675924354,1.1644821659604236,1.5836694392903925,9.628706675922153,004,000,12
166,0.813468514590293,0.4462588085930529,3.748379310161019,0.7166607783580109,0.24427406920496267,6.111297550278383,0.43082047181578487,0.33651170134586955,2.0415296830263103,1.1321545670007231,0.21159253528231028,3.974203063859327,0.6257871659756626,0.3705514985695253,2.8181858499070813,0.9351542675060802,0.3524245143253119,5.883123759796373,1.5189751985110957,0.6233949480531665,10.416820301751503,1.518975198514579,0.6233949480533133,10.416820301754802,004,000,14
167,1.1066589072279567,0.24440662675007002,3.9764163433109934,0.6795934096654139,0.24430992646151656,6.404278292917003,0.8662466015294,0.21626798068218633,1.267558011879315,0.8222043806211178,0.9434706257618208,3.8559013352724847,1.2065247123539198,0.5124241956412808,3.7109125710116153,0.6078852933088474,0.40634838207658613,4.372639272345001,0.7467957129337054,1.2565196412581607,8.069584104004406,0.7467957129311592,1.2565196412604065,8.069584103999249,004,000,16
168,0.19374254259794532,0.6690892805401746,4.601705490674026,0.25497622486518645,0.8697214064204066,7.994846931979522,0.38876730226426814,0.31813066039391347,2.2573393723470843,1.0794187266274964,0.6180225505327681,3.934919599526603,0.4761171355930496,0.818058194538521,3.3603051893962927,0.8386911289024226,0.7666365605380823,5.645798225954477,0.7350439133510706,1.6304803345112053,9.237040102303723,0.7350439133510882,1.630480334514288,9.237040102299376,004,000,18
169,0.5104585648865779,0.49216765254884365,5.377468424874186,0.8254055326087962,0.4040585326692754,7.087258990980925,0.49485542795499204,0.23934776124657206,2.1871181228830245,1.4705570242549024,0.38095115555112385,3.264046180671115,2.2634077219139157,0.5298078370941828,3.610057631272686,0.22109015649447022,0.5625545915394063,3.842563176368507,0.877651654514114,1.0265815747144593,5.930274548965424,0.877651654510231,1.0265815747159208,5.930274548968153,004,000,20
170,0.38086832703498213,0.33020287650833124,4.024211996059836,0.5191485255060087,0.52806190703892,4.521259368095434,0.11409141316431863,0.33947434942502475,3.0801022886468212,0.6765165229916787,0.7244506309146588,3.6567743434868856,0.6139710959212082,0.2355777919565711,1.5044009082907084,0.8530425842929498,0.3886168198362179,4.249861838284791,0.3303907119991104,0.5978356640977072,6.115132229921442,0.3303907119990937,0.597835664098556,6.115132229914855,004,000,22
171,1.3619275479584712,0.2068320295932683,5.222508331796787,0.6646919099675657,0.6931484018377556,3.874109628726875,0.34810186291861417,0.16358559443134746,1.9964719586840673,0.7317736147823125,0.3126100199124304,4.470993694433818,0.8286819473939278,0.28622072947483085,3.9070547603362313,1.3084058872820217,0.7034883766751658,5.492509942520964,0.9256798135601061,1.045673005652842,11.387050919735493,0.9256798135594484,1.0456730056535068,11.387050919732514,004,000,24
172,0.5814268113841812,0.7973073480467978,9.572694263719429,1.2516321980487346,0.8131182204878068,6.296428078617888,0.7180490801938302,0.41444802460915187,1.4123433016002473,0.5519385480696809,0.3443435059323593,3.112404317608611,0.8257896985548935,0.9445607662528472,2.8128415916583376,0.24219548237862523,0.6867496103742734,3.263115328983074,0.7769896681726378,1.5793529112635267,10.923287422012042,0.776989668175193,1.5793529112626636,10.923287422017353,004,000,26
173,3.3061501941782234,1.3626114030719623,4.666508358402995,3.244276017947259,1.9116142092290684,5.542245768663285,1.1868635610382647,0.15080521274522724,2.3571274615133633,1.9444405621437788,1.6319589692745589,6.153568387623181,0.580438717906367,0.48921644295000855,4.575660148953762,3.2691392887562807,1.140716028634889,3.3551129228998646,1.782053524202733,1.5610607112326784,10.420281526153714,1.7820535242048874,1.5610607112324952,10.420281526154296,004,000,28
174,0.7344113910042954,0.7108110418072011,6.543599583125039,0.889400139738292,0.2539850125332273,8.600274818525603,1.4748338902900713,0.3586991490082276,1.9899823311472382,0.5077459810803605,0.35350604811600755,4.920109389679384,0.4296896340399675,0.5695404726756328,2.177585702320315,0.7030190370265076,1.5514341586867744,4.392890771635888,0.819390733587703,1.5555679842290857,9.754828274606293,0.8193907335886419,1.555567984229268,9.754828274613667,004,000,30
175,0.4807208928648299,0.24526014879913463,5.512711014947339,0.7591158771468554,0.4628292136043658,5.62026684693663,0.363489338355749,0.12750024238731875,2.5883760854409514,1.7259547139289309,1.5432350781246797,5.867740194918851,1.114911926134388,0.3511652725835803,4.662283832219264,0.43529770390333966,0.5840483627727475,3.7344499119101333,0.40961894272003246,1.13354342336085,10.783202211537924,0.409618942720409,1.1335434233605466,10.783202211540273,004,000,32
176,0.3979779302932133,0.551448153355826,5.816409463796182,0.3666305541804433,0.611142584272008,6.483602867034981,0.6857987327970855,0.10803560701211005,2.2345742252189797,0.8477005337152074,0.9014989382503018,2.8812841457796905,0.6339476264776651,0.17496173142844046,3.446267100519068,0.7108402727046931,0.19061809018993864,2.8618057337940934,0.9844966292526738,1.1670195491420325,8.766530289150763,0.9844966292526398,1.1670195491403192,8.766530289150696,004,000,34
177,0.5030108106924112,0.29224695475322543,7.0148545720403135,0.38759087907395895,0.5385973046730917,11.32501451783317,0.2938338486086979,0.26068547215654697,3.092033542950541,1.7874568926916403,0.7944777579511334,4.827335091681171,1.102851151550701,0.8762634111171816,4.373096259929048,0.4082684749756047,0.22279265787407115,1.9983625371683051,0.4436980774070599,0.8290101024450593,12.243370625925955,0.4436980774078225,0.8290101024461759,12.24337062592158,004,000,36
178,0.6782487230267712,0.45285144168371333,5.348571389546395,0.6218757936070987,0.5157089554733467,6.180930789793525,0.9036406986615663,0.5495114085631746,2.469305219072541,0.48948706308218715,0.9682177634250759,2.817514592674719,1.4505954584722707,0.5934765712162191,2.1751601013777013,0.6306762556982064,0.3902904045722854,2.8742960130803645,0.6583865040243801,1.9253146381243178,9.45771235801772,0.6583865040236585,1.9253146381271338,9.45771235802124,004,000,38
179,0.32130990247315894,0.5519522413265585,5.071839237119414,1.035423944539231,0.5152235714232352,2.9549370830028594,0.4307895872262141,0.18897043983796669,2.296364769757592,0.6140437623489561,0.4932968632745889,3.880087097520894,1.725370317801826,0.5201882729354586,3.0258870435626015,0.8872214892562694,0.19885462714050026,1.0270833693547599,0.5097980094273878,0.48358207708046075,4.21042360551147,0.509798009428538,0.48358207708183965,4.210423605509454,004,000,40
180,1.0606021507377037,0.88870178633278,6.2341293688411135,0.21493027215815858,0.8763744632558117,5.995387085720842,0.23351408344746027,0.2635014406969702,1.8158060965752465,0.44506935566909234,0.5730333239220384,3.307742557334018,0.5608272325288949,0.5250920562472875,2.2951361908562093,0.677306561418196,0.365448387319705,2.950448749780097,0.7216559905452846,2.1041474466367243,9.3350624450055,0.7216559905459645,2.104147446632654,9.335062444997456,004,000,42
181,0.5764111462657565,0.4907425402228189,3.1438614052469185,0.3159363608067505,0.15111276372369117,7.418119594671208,0.9352678006870498,0.3880865668418758,2.6402357368409772,0.44467673125346097,0.4881567037123016,4.178889461903545,0.7313006619936183,0.2798135804574048,1.649275106266426,0.8450330477298154,0.6353766737749702,2.0317675171301963,0.41506195626419445,1.2328187212311899,8.90589291357662,0.41506195626389497,1.2328187212300554,8.905892913573204,004,000,44
182,0.4891163609380692,0.8031308994797941,4.999027727352146,3.401802838248777,1.5097044001179858,9.65507520820225,1.119475302836368,0.18435667566219371,2.2307020949778584,4.043068830358034,1.4386912689382603,3.5920785412387364,1.447890123706636,0.13739200744079627,2.7409789093857375,1.4691988281029429,1.443350962958026,2.4430796975548685,0.30768190650425703,0.5438499690977883,9.829088375974418,0.3076819065031758,0.5438499690970775,9.829088375971809,004,000,46
183,1.1387298096195757,0.20738621656531056,7.004934966550094,0.6511522257069038,0.21190345750126785,4.652620962894806,0.31525539820705806,0.6341462367947248,2.697796362294195,0.48780550406595496,0.6453266991662878,3.547341202308362,0.4435881056649776,0.44792523147438795,2.4454491633455815,1.3043327689583453,0.80136039064752,2.043299423036331,0.22040657711667191,0.5078811021317737,8.322376668042967,0.22040657711683748,0.5078811021311747,8.322376668038066,004,000,48
184,3.4782435596119594,1.1111116312449614,9.445369957440914,4.618895298408274,1.1949548505858707,6.314291452773123,0.8743724942204126,0.1951245142447129,2.4855688102469804,0.30415979069654786,0.8808552816125949,3.532717685577552,1.099546730622869,1.1560712150692634,1.9661821839351938,0.8517556619736942,0.5394983530730492,2.5834157429370883,1.930136834030709,1.5236279915578057,9.084363442664838,1.930136834031165,1.5236279915576605,9.084363442667023,004,000,50
185,0.8673895414916207,0.5490275555168682,6.03221540563407,0.6634340889600303,0.2855821369156543,5.917065495650042,0.7086325296961663,0.20861385590367582,2.149435626334816,1.2954576490354524,0.38580881670017175,5.236273640091009,1.348215117504053,0.48225068620713263,1.9722513792250862,0.7881119768528471,0.5497292661561302,1.946843816519901,0.717666513927158,1.3340965628845671,10.546934920808896,0.7176665139300711,1.3340965628847548,10.54693492081236,004,000,52
186,1.466777093238469,0.145413048902038,2.858980869674003,1.1211047022486291,0.0654428548431264,4.398163872687839,0.6265576175819455,0.15320904264311033,1.550868610662565,0.9344956454807993,1.037185604320451,3.1098331801995847,1.569641463324406,0.6834103825668825,2.625003311391579,0.5840168280107427,0.24207330987157766,1.8442512109215765,1.4584227209972627,0.5691096710400925,9.061678957348205,1.4584227209946061,0.5691096710397876,9.061678957354673,004,000,54
187,1.1168094481208486,0.6711993140687569,6.379122150129112,0.784909614095749,1.2020540737628382,5.192360901147985,0.6852704629855273,0.3374828033067556,1.7948829168907299,0.8000614275558272,1.4077396279950558,2.7243069263417845,1.3866019202873974,1.0433534403103177,4.261650671389377,0.43587447663900064,1.2653526955490926,3.822406645477436,0.4382326135101087,0.6649809484205284,10.82772712747349,0.43823261351028914,0.6649809484204153,10.827727127476342,004,000,56
188,0.7707833630541051,0.344578647781074,2.417502211178816,0.7168383458222328,0.699082936321799,2.7163110321121553,0.422563156887693,0.3416203732458697,2.6762302114883334,0.6129869758161055,0.6040663041997776,2.2168838989343977,1.0410378901600992,0.9364696341584595,4.9689852285859715,1.0996079062369848,0.4785145058529504,4.212250696076801,0.3426348782269058,0.4237875878058835,11.370862699119451,0.34263487822621125,0.4237875878055235,11.370862699117032,004,000,58
189,0.7138229666343661,0.6599275514233567,3.4153005639015865,9.347519521600187,2.9584308830273605,5.5999826674388755,0.9703268779036793,0.4342686442322201,2.252308070030747,1.4067737606642878,0.6224564453630201,3.0259062578489493,0.9823017658084026,0.7821523219564073,2.5419526177960403,1.154580383173505,2.7173969217704244,2.8350996267757718,0.49603229609913435,0.80969709741632,9.303365736784887,0.49603229609832233,0.8096970974157898,9.303365736783269,004,000,60
190,0.5323602669602527,0.4232144895906486,3.502628545317111,0.5718876205189138,0.8278374805679717,3.5536197789019575,1.8149568138771186,0.9033677053961569,2.5127951510054882,1.5384321159024037,0.6886623079741188,4.381360884821576,0.3875336653913636,1.7947680376006672,4.094826288663499,0.9725296235849423,0.974123844993831,2.2251079058863295,1.0995631160642498,0.601895195833597,12.81631824716718,1.099563116062568,0.6018951958326137,12.816318247164062,004,000,62
191,6.690725965740634,0.94276848574636,4.135224892550819,8.416769983528214,3.5593404925815357,6.5123853462583545,1.2168377254308178,0.6721750687213797,1.6499801565558927,1.9279003924254925,1.1418281175749667,4.751027971260464,2.9254087339567545,2.1125417297636946,4.078433025311368,0.9170780056448006,0.5547092092354977,3.3499759835740077,1.2208964902822423,1.227349625339238,9.305130090885498,1.220896490282913,1.227349625339992,9.30513009088706,004,000,64
192,0.881345681735657,0.385149580474516,1.4147471969228609,7.003968197182188,1.9118841451163102,3.0978059565538807,0.9162068916782274,0.36994921741659076,0.8380317970891064,1.0761684669406004,1.562776620241181,1.5142805299801172,1.7102066099299766,1.4668627630071942,4.341943272608292,1.5328904903221012,1.2949694116921417,1.818538908560971,0.676010575766333,0.6703016602921568,1.2112637655250924,0.676010575767981,0.6703016602915809,1.211263765525398,004,000,66
193,0.42502424390398247,2.2234457973123702,1.601091519994958,2.0238538569268782,2.5155527760235312,2.063731371073049,0.5725794742128355,0.9130745740677592,1.197398050081438,1.31092242172211,1.1949496642221202,2.1941206166118654,2.114172773795765,7.450292187968,3.7865747522104507,1.7531768718704586,2.3999289700117226,2.138585416735359,0.8607849865588854,1.3354379707996493,3.0541303441346135,0.8607849871898471,1.3354379718253577,3.0541303433005846,004,000,68
194,1.1058227568069143,3.673999319026085,1.7097149175864308,5.538846527449466,4.418572618271365,1.430625335059448,2.7440236027763456,0.6978483721584028,1.2290732560582054,3.109012439423588,1.4027436367669963,2.6751975982063976,4.831436992996275,11.136904538498746,6.169193728968996,1.27191311937412,2.953076802605222,3.055936570739448,0.6346167280523874,0.6315401571581358,1.4878958634132486,0.6384793774555214,0.6345394934146409,1.486838222022001,004,000,70
195,0.9178591784625545,0.6337189728305935,1.3633177291770455,14.581445018026944,2.937378082464903,3.4429535424900237,0.6022736461930938,0.5316278281388003,0.9504655693342201,0.9539015501120555,0.7254919634387799,0.9961116331834302,2.7764861507184073,1.7710549852418764,1.1091929797275635,0.5912358766834936,0.40008996398326246,0.7718108749151762,1.4122103956821832,0.4835879205690965,1.4658418828971762,1.4071289564552287,0.48294562462240737,1.4687030760253175,004,000,72
196,0.5480254251288925,0.5285646282071,1.952146258075226,1.614206325455555,2.8000840091095527,1.4305797496952988,1.2950332826186188,0.15858703345120453,1.2889595335391932,0.5507622357038038,0.8308895303230764,2.111352491252433,0.7867935247070033,1.1300691418271716,3.126125642987244,1.731041753237927,1.5683128105864617,0.9315040429862125,0.3153242837310943,0.3957221341732742,4.348786349053129,0.3188505443842344,0.39711183764862656,4.346661613769343,004,000,74
197,1.100419736284694,0.5816024199253225,2.1975787249333467,1.7979489764052268,0.46589473974749607,2.1168726819047365,0.4226105737567042,0.4683531064051631,1.5352688312149068,0.8017921715480867,1.1090268023544134,2.368357839512184,0.7862300548623254,0.5918069625456938,1.1706926808938627,0.3785991271746938,0.8219730169465562,1.425583503077033,0.6669560039486842,1.6803806075989325,7.8555907373144755,0.6668445220790777,1.6801716946245666,7.855702789246148,004,000,76
198,0.6793897057420673,2.682402469206285,7.026107388632952,6.417320795678718,4.267644418519435,21.97944391272406,0.8167045849399199,1.4685796250524565,2.7654291052520623,2.3751964635407616,1.9217249782654315,7.654603105911244,3.9998388615175595,9.760432530427714,21.209490008062826,2.0082090396046195,2.772155945271283,3.8824651565037276,0.4330245584691942,0.9498040711654476,7.582279828848306,0.4330245576449784,0.9498040712246021,7.58227982894198,004,000,78
199,1.0879162650120036,0.49627362487285004,1.9170853764441422,2.0566189763597476,1.3313489904783733,3.940866875108844,0.31003380147532056,0.5093539698216297,2.5467638226798757,1.62139521823166,0.7384386013397087,1.7862965117911316,0.6986188281894757,0.9056504562952067,7.352764544219041,1.98673075232653,0.9450011575009108,1.8147768180019708,0.7681603674811279,0.4951709443458283,5.4832694291020365,0.7681603674732479,0.49517094434646813,5.483269429089401,004,000,80
200,1.818447782016353,0.4443690253111582,2.1752917785383343,0.34960005715066156,0.04535488443006613,0.5289406287496706,0.2453869380866995,0.4195319171806075,1.3252889385922388,3.297088164822724,0.8476419885553134,1.5022387108412367,9.210788764554728,2.064009945091585,2.6312025453156744,1.5353507619464566,1.0325783561747255,1.6127432684609828,0.4710127606529998,1.3791312367643163,2.5747132990512562,0.4710127606525123,1.3791312367605244,2.574713299055818,004,000,82
201,1.58339566244384,1.813665085958968,5.032830870991112,9.591988852626285,7.022775856975923,11.073357829627328,0.5468562412907169,0.7145659994961016,2.7192607005678298,3.4832897909254608,1.5346765736040062,5.221414290926332,4.671831331820899,2.6134947766736403,18.15540461858215,2.1230215872208658,2.8149512351430266,3.0045798349245496,0.5144890685391299,0.9874323413479222,8.241452186064937,0.5144890685397383,0.9874323413495424,8.241452186067466,004,000,84
202,1.0126376659459178,0.9786480591582065,3.4352521981645543,1.3133583932808064,1.5400634256122756,2.4296200780916806,1.1867873136861935,0.3341848641460313,1.8008358535403743,1.613933855989724,1.049109375608467,1.6109521817438095,1.033625227853801,1.190212500617954,3.0023311490447675,2.3172016937430113,2.495672483654756,2.314920638614011,0.4745471715575994,0.8181320500494869,7.160561539954227,0.47454717155994114,0.8181320500507994,7.160561539952569,004,000,86
203,0.7272635616233377,1.0847439180565788,2.3900299841529695,2.7669068853665952,0.9246307272655117,1.9281228909108659,0.6828790368438078,0.6925260447974233,1.9446097363037356,0.6658077069083681,0.7173883038485146,2.182761835955168,1.1469846450117074,3.0097525949070714,3.8613439296573153,1.0980589381144148,1.8951101464806548,2.9142708984353995,0.6066854323279202,0.8170848700839087,10.655077692366282,0.6066854323278605,0.8170848700837119,10.65507769235418,004,000,88
204,0.9847512461275326,1.12767663572456,2.8238467562275313,2.4538195669756737,1.0230762186031357,2.154455541655586,1.0472949429820482,0.5693630249198048,2.300369709501647,0.5869696577230845,0.6062759705246675,2.4527439091480763,0.7259112864215447,1.6733217274367735,1.7400591155199545,1.93639610468189,1.2166290584643444,1.5064921660468702,0.7965218653813555,1.3607453874154654,7.143962026360094,0.7965218653821677,1.3607453874164568,7.1439620263620975,004,000,90
205,2.5902700168116786,0.6986229359932027,1.416002370567076,6.423691850161914,1.4989262605898994,2.329805324738052,2.8975895560633105,0.4749072282175911,1.139309879681613,1.862812872572808,0.5720870214583781,2.154329288079437,1.9064724067508445,1.2905884108007935,1.9819961916259228,4.922402189190773,0.5571782698279075,1.2172984843692423,0.6499794524953403,1.2584069882368203,6.113272614885097,0.6499794524964,1.258406988236962,6.113272614882172,004,000,92
206,0.1488327549951562,0.9914553350527733,2.927556095329279,5.347661355773493,1.4695484613462344,1.8745560653556261,1.0464378520253803,1.1231701516378692,2.571349226294278,1.1078343859079176,0.6697952248962407,1.7587383104586254,0.9972694194868088,1.230325419317504,1.7340531381388518,2.618689778015331,1.1257311398577778,0.942192051228037,0.4738998591591096,0.8477003875826368,8.278327280613901,0.473899859158894,0.847700387582758,8.278327280614576,004,000,94
207,0.6851355409515854,0.7308620974318929,2.4922033708982236,8.888565764349075,1.073291913643568,2.1200285778088044,0.3431873221761296,0.3898545779566034,1.283994185859701,1.132599990299049,0.15739825031836902,1.4913525269893606,5.948837877822671,2.167965471337963,4.066145191693968,1.101834966457183,2.1683451812946704,2.1589077597996043,0.24469651314847637,1.1890202047947434,6.481205336360397,0.2446965131483342,1.1890202047954808,6.481205336356419,004,000,96
208,0.9471588206041928,0.7877277392443623,2.111107713538108,2.571834209050131,0.598443496827886,1.1697641108094128,1.1565437114522428,0.13684490372916402,1.2391332369340744,1.665022597658668,0.38432599066191553,1.8548368487891806,1.1862502363588248,0.48074203381903235,1.3133387348848728,0.38513534449761616,0.893293045464014,1.2697630839136453,0.8260897124281479,0.44250376600371993,6.633917308363005,0.826089712430326,0.44250376600631314,6.633917308361375,004,000,98
209,0.8183744041023399,1.1946675699980922,2.760695288538365,3.1220331321819437,1.4320892236281304,1.6922479813323856,0.3612081335026099,0.3278527899292547,1.0821968767199437,2.529103354253666,0.4842228560069728,3.517141490775715,1.0912606441268533,1.1833902350901595,3.491349579589418,1.0814591008708716,0.8223440977136474,2.6190307874830725,0.8027322087601019,0.8703429922196141,9.947690826736915,0.8027322087596227,0.8703429922180856,9.947690826740894,004,000,100
210,0.5668969169598839,0.6571297826638178,2.021114179016155,1.42161018615085,1.2329875079288226,1.2390859076664444,0.4749422265764691,0.37928468870415705,1.9104750880367636,0.25170518165400524,0.4338043203931915,2.208981983390606,0.8852542363008924,2.575319643587286,2.6667191014540084,1.5520434866648571,0.5570066865817604,2.030602489676929,0.3456209030655344,1.334882168629502,8.636507665776444,0.34562090306593896,1.334882168626259,8.636507665772909,004,000,102
211,0.7772155437264547,0.335826165601039,1.9919932846974968,0.6886554627742345,0.6560731386010159,1.5201435007122701,0.2237672472154064,0.939269490018244,1.8471348166217862,0.2950052061450269,0.627625031696059,3.749399822558933,1.2600228192045204,1.6507211355049787,3.674186442869192,1.0772568739289738,1.3506451310157008,2.824309818466432,1.0009049688700689,1.3890868826274894,10.19378929138458,1.0009049688698253,1.3890868826271028,10.19378929139301,004,000,104
212,0.26575069221283015,0.4320430137129581,2.8368493215110884,1.6217050887155828,0.9390895457243178,1.09706747941103,0.7625675979342337,0.22781249355863747,1.3971251812338081,0.9379841960640491,0.40064264487166823,2.6724236249535966,1.3039845286834868,1.7031444457079794,1.5193962490946924,2.357570214590111,0.7651331860502794,1.360105738703339,0.961734281931542,0.4368469758322631,7.5370920124829235,0.9617342819316143,0.4368469758323955,7.537092012482497,004,000,106
213,3.1897100931604396,2.7860315394333837,12.645868877041009,2.3603144609274196,3.2675829702197614,10.760477836179495,9.233313882822806,15.231460265256011,55.50052514495824,1.2633328252629024,2.158744875675985,6.893673992175842,1.1784473457439626,0.8045867553350743,14.79568285980656,5.934567875315273,2.225560258319074,9.308775666260791,21.84089321012922,8.39398848733132,31.616479852855615,2.3010307301965582,2.2540527539935247,13.588122400441796,006,000,2
214,14.2267244405383,4.808224468700631,9.640707476146854,9.66512350798358,4.372043421209109,5.957254123611578,35.84765198516466,8.399683998812616,16.429384733608913,4.878169501609629,3.883293187156765,5.798233385404366,15.453157083572007,1.7935760302659056,7.00430640331805,10.611629264967963,2.5841744814627288,5.123623859568612,84.86798275411711,31.66246432218439,53.27853638855985,10.873603035782189,1.3698415590225808,6.705992912070017,006,000,4
215,11.627928975407485,6.185708113068166,7.005913425544412,31.631504868165035,15.569156342480886,10.339032273572904,5.129189487266718,2.326804410415663,3.1072638517006745,1.3876477038263209,0.45466601228901127,2.334163361375327,17.644575118381272,10.149067265335193,11.185734682165105,20.299599479030974,20.922040424368877,9.374013678914709,61.278942130031346,24.357438148578378,19.247776589237276,5.060066953254036,4.450029335995736,7.497960309484871,006,000,6
216,13.708536601615705,4.915559963794676,10.93459465122415,4.277921896958282,2.815745714081487,12.593530004928661,11.32744397996396,18.10050186113051,85.30512335876774,8.54022438763097,5.309572495577755,9.601534648663787,8.978281356889688,4.786694476409877,18.896521133826653,8.209620727578558,1.729238963256245,4.17117698692124,55.95694352549538,40.54978386962917,55.99745445691143,9.369090051605793,4.6122452248128605,13.524710875402079,006,000,8
217,7.12270820703692,2.9781901091258263,6.650906245130597,11.06201322605735,3.998087879724927,7.660591920869989,10.4138938222714,8.787229346955712,35.48986261952246,0.6149858755108556,1.1424457639828276,4.3940085974065255,4.102811255977768,1.2642299345899304,5.781613401279157,2.005940384453723,0.6438893478099501,3.21167056128277,9.692319880726759,6.544257673665523,10.233805503428895,0.6656696157530928,1.3234411668614632,8.32576049354983,006,000,10
218,5.890667978116449,5.858227048177635,9.760408170288477,4.445059863914501,3.6467904836444536,12.204503376884412,97.08474982824514,31.940743184597522,96.99578306373714,3.5558215322044173,3.1463492384973786,7.093474611596458,14.309460724496732,6.277856741018711,11.478944921133476,14.812044069102237,4.424943094279285,3.894229165147998,101.47845847522503,13.63364164652824,11.259314895023378,2.8234805200114423,4.496614649989466,8.070130368980633,006,000,12
219,16.698286894024,5.509819783947603,3.6806298394152366,2.961860011958415,1.8600398484584932,1.115456421743509,13.93096517503354,16.376245697835163,8.960663247351372,1.682122581716336,0.5254408782502857,0.9425896047711029,4.491321739597484,2.6497028259095234,2.8214160279001437,1.6640770697836897,1.3696596686933917,1.679040584429335,5.104877746873745,1.508134618475075,1.6768768808229768,2.0820294444185734,1.3200384346280691,1.7072512634304315,006,000,14
220,5.673319709980866,3.369676313325979,14.491157496756037,3.3030113788899884,1.8276352063871824,6.80569563445184,16.475571830950066,5.500099738341039,55.21739370152387,0.7554046367130478,0.3206235352471388,3.276356439917239,2.6771831509900665,1.1868911297793727,6.317321754704418,2.3178863843906137,0.4413876590151696,2.535088606694494,6.341576245176068,0.7801443508251147,3.931531072058266,3.653570876597281,0.5473505949788109,7.4397270338334565,006,000,16
221,10.813436633379279,4.0641551237874065,11.820150127004888,15.558289796045536,4.8387046737532975,9.641881406855223,8.093282200730615,16.5794753403705,71.7903452967227,5.052409921209843,1.0534313358680383,5.056369981214226,9.144412174342998,2.2693932236791396,8.866522429690237,6.285177780213194,0.7852305947786928,1.6314176013455435,119.10988614954972,16.839565702772212,11.32662645027181,7.092709543512203,2.3255002536563762,7.409327598417932,006,000,18
222,2.354473001377154,2.060531095886784,4.802115711050713,0.6759150977140655,0.5995992503491835,1.5304305364151034,5.596258202709534,7.197810193808348,5.996453533295556,1.6875025158662431,0.49517028576098865,1.6344003932747366,1.8130981384359859,1.6007414862614466,1.6017393436596008,1.4325342923366606,1.7489193373893603,2.2998546019030535,2.2120773671885745,1.6093250773261463,1.7458839183871921,0.5065359674648405,0.7139756893869187,2.377120132762176,006,000,20
223,2.0645181228350857,1.5096053431106768,6.242355313417086,0.9833425595529979,1.3284543018459831,6.748360786893026,11.902098950270512,24.00909587401388,89.50272527322048,0.9878338437294406,0.7193730408176884,4.136688068208861,2.099293347181531,1.4283077715882562,5.046514602419405,1.967359340051454,1.7227251275575082,2.2487753958520234,0.7333218339128648,0.6159201421110394,4.020893154475285,0.5520978410226156,2.5165105028969665,7.588749717568224,006,000,22
224,10.498248671732064,4.4538614053985075,14.585355805318287,4.474468191292618,4.817513354572361,12.574564407488081,25.57701639745246,31.078254063489794,93.08233966081978,0.6732035596291215,2.571583854350936,7.302259528685106,4.847526289211376,2.846457213098564,11.17618537459177,1.0826869715570506,0.41553596747245225,1.9993829632506712,0.5315509257026264,0.9045112213382579,2.0181472544558994,2.7914030263478233,0.8552098159177817,5.786209324113283,006,000,24
225,6.133996047294142,3.6421566112270556,14.525944501118436,7.533123035791315,4.1767278862998225,13.702774769278562,29.362748028740178,27.69940233830941,84.6327100670399,1.3654801163599553,2.29430923946901,6.007414387215022,5.461257407946902,1.6459779735560802,9.54265290020784,3.6022818784263824,1.0669044290006222,2.1375583721961835,1.0086736509470746,0.5546177022262647,2.1152037434760635,2.851587633076322,3.8172464897773937,8.653817299958813,006,000,26
226,10.040615215112421,3.3646619714457473,4.814121975684067,1.7149820365750965,1.1083871243419205,1.8451298367414986,34.65991661402674,4.825682705752774,32.99339386388595,2.5922617376793813,0.25848143158464776,2.5485509169294542,13.654107150890116,8.709912601946801,12.804317960445939,5.406118545303437,0.5371373957266116,2.6921072251189804,93.91658657921167,22.405130558693752,44.58941284822157,3.6590536436093717,2.4313735829226135,4.118406934256889,006,000,28
227,6.202445848584427,2.6062128546968606,6.850183213412619,3.1776214289892257,1.060813722296925,7.210752110252793,5.507177601814405,8.702303618003494,47.52633989059224,0.7789105351052301,0.6872789794549301,2.209467510444505,4.1727771329318095,2.8273263216395548,5.1838937604384965,2.248659719090815,0.6242811765917882,1.9890701507409907,24.159568511389416,1.2450380576999431,2.808652431305266,1.5615597522128453,0.6060363360157859,5.185432367448301,006,000,30
228,2.8093960315247397,7.258101173936341,19.53486771640175,5.76393612714031,4.685788665757678,19.530007709151484,15.463567212249863,21.596626201613844,100.83349062739347,2.2195397545926885,1.621039581808873,9.548829849574016,1.4430013936516004,1.7102123105674576,10.281229674736302,0.9885016048366843,0.4790194728599385,4.045843419292964,6.301831052810851,5.372262212200267,7.028477772120555,2.424412814436754,1.80518160421811,10.093689096593474,006,000,32
229,2.5452330960740026,1.4588281979676774,5.283246267214297,2.7377520229672676,0.6833634941259803,2.153918195108954,6.419332014163471,10.763358922489076,16.596719157144,0.6247607993424569,0.5194974091493143,1.835754972332212,6.232620125071676,2.041148553397335,5.085522176552366,1.6142187309972493,2.3382710710684913,2.735591468378601,1.4824108061685493,0.6447357986226488,1.4315613072893238,2.2981484111104944,0.8656546322973485,2.3963720646078763,006,000,34
230,8.639734325738086,1.7847216562023702,8.081903422659316,4.939063284898289,5.315938682162341,6.119285775187719,4.898286866854483,2.9609160022672087,25.848411608117615,2.3420597365349876,0.5826111658091474,3.659896214481379,2.415121819721711,1.0560323588273133,3.464537826416189,2.678225268122834,0.2311943348947968,3.064398176836362,16.23399144397849,2.86923961724351,4.656828485384924,1.9506611844780475,0.7615163812443471,3.2283699815801974,006,000,36
231,21.797764709460914,7.309780513062837,36.28170537690162,4.35693227106164,3.511504436285621,6.721456725291626,20.187510899957573,7.3947862829415545,41.00606906208117,1.8494525282422658,1.111648638877644,3.441875478719632,4.73419588518954,5.310176584447294,3.50964315738377,2.9906238762003436,2.8855739513844725,3.630369737664991,92.07444157289865,41.43910870076422,28.65082142475041,3.951088502075088,4.104212070306634,5.580400756601968,006,000,38
232,26.03051495250709,9.573377543981618,19.920126232276566,0.7111898057392763,0.9603236713458772,3.336380275059648,9.776106882132357,6.315565983092785,14.30399968847237,1.4817228164261012,0.9530726673583994,1.4590164508069567,2.5908340490882256,1.299074451081884,4.496866432085908,1.321565259272551,1.3946850400570456,2.7009975781697,19.498536728514246,6.736744853424342,9.946953085505758,1.0991854327859472,1.3974660575879827,2.9667406683090807,006,000,40
233,14.717200828091574,3.8895337639266705,22.097673813600633,2.4893036543698264,2.5807202003041088,5.91102632018172,10.451309013896537,12.331438446074866,17.623058600085397,0.8243866183362789,1.2086098902810885,2.3887196057364144,2.623273262669513,0.614738521616528,5.05617960950691,1.3642732411316787,0.4424973596810438,2.8687269766866716,17.022783579801327,14.147098478326471,29.846568111945242,2.5736957163209797,1.6366993272433779,4.4817523921702,006,000,42
234,1.6918058494635075,1.2850423675452243,5.7360121480756945,2.8774334100102665,1.2912896562553335,4.810156557710768,8.045555894801085,7.984773915912996,15.64234967247383,2.51219490317197,1.1315231362973606,1.7064557604207415,1.9504328162538094,1.4309904575392731,3.8985829980820967,1.7339003161019853,0.45514303713214366,1.8101177772171477,17.616842905452735,9.718189044795572,16.67575955621057,2.195620742385622,0.5990840088894044,2.8346237357926123,006,000,44
235,33.862406920184114,9.27441644644444,17.124220534028773,11.236625275917117,6.804813634180104,11.887532044664578,41.58009601773626,19.082023842895943,33.54272225874181,7.248605068147143,1.944423880981058,5.207024429668621,5.176211799245236,2.227812563548131,4.453849940143252,5.620303921847739,1.7445142089306462,5.440657639402387,60.19663609366798,22.344737984988516,51.28782634573643,5.697054229094548,3.7574895872572287,7.982880287010843,006,000,46
236,3.1616395847122214,1.0242699122726489,2.508867718136342,1.6197210446221764,0.9234905872775314,2.5187708295402897,7.70506712087075,4.322791452584477,9.244589312085163,0.8871381342347897,0.41299589149721433,1.3741142726352467,2.8813772582506294,1.7511109951831823,3.8564330797072692,2.3925064041898603,0.9290627052513,2.9866275194025214,79.19442299416214,15.857965078514333,10.81551364723133,2.2788066778171783,1.4706137245487838,3.1389818859580685,006,000,48
237,1.247353694558394,0.4891947470627691,5.092176202827719,0.876049821371906,0.41777757877435817,4.185041912442135,3.2933582039486002,1.610635962138259,28.434172956765686,0.7314136759444655,0.18256131066682404,2.650052396797951,3.130113830912979,1.841420331400704,3.5245079902102012,0.8932303955344885,0.8358935912374041,3.0474085816465513,10.227032389654536,2.8035734080546937,7.888047737347112,1.5006132687925098,1.7584371110017227,3.092236356897874,006,000,50
238,5.1222588547554295,3.163801452601764,11.66986198094327,2.5549823382935313,2.980836346191463,12.342794116395787,9.022672831460273,7.382742833198368,31.77154593459032,1.9298560633362989,0.9004773420501063,6.197124698140259,3.7904747064448308,1.6419574011386358,3.730990891183606,5.6785468313039384,2.141331188213047,2.6403925939798722,102.95252936419662,34.36225596960827,40.91117806885621,5.739823130549677,2.8791936816906993,7.22990033983084,006,000,52
239,2.3585106870596624,2.621233284764041,10.407638835453511,3.119812738776546,2.210383210107038,8.104977220128724,16.2571416436089,3.301802799504551,18.215435236267734,3.036910830977612,0.970386297659555,3.8436724433369593,5.789924279738104,1.5870816825095064,3.1967322842415213,4.443209829568716,1.332134175282264,4.586950637211078,15.925314071261916,16.891973955643092,61.27497061279648,3.3830698164239315,1.2009263923253637,9.321844635665128,006,000,54
240,13.70834768526516,2.929115989525281,3.3001730558785107,15.51906399952566,2.217343799196091,2.4762931728239668,13.94271110683231,8.509998559497255,13.36482162360937,9.811950882763405,1.685771121607041,2.3700654893491535,5.092423762258965,2.6276206117966763,2.8708664752653204,5.3904994460806055,1.0783356161229942,2.1009091640033413,8.937246329608378,0.7185330276341874,0.9306377816505208,9.313208665530375,2.7759251025625886,2.7278831380020563,006,000,56
241,3.222312359244662,1.144525778242081,4.049665212789265,3.1764761394639924,0.9879141646608112,3.3029772508589907,9.956266946348016,7.035882180864802,13.209160315123942,1.0643378380958963,0.7040107153677796,2.874552111161779,8.319959236139793,2.317879489400357,4.301574201442556,1.4856616814269208,1.4277442882365206,2.3507330506261046,2.752761252315157,1.1815154889152495,4.13446419150887,2.3058959830484995,9.422815030123793,16.361524704006346,006,000,58
242,33.27138826336041,32.346327825282934,15.35285626159828,5.227971844665336,5.185428101652967,4.329205576018938,12.298963112993821,5.512148483213838,12.091810484018962,0.6509663950556248,2.131223922413521,3.385858809592022,13.263853042929322,6.274769168387239,9.19780150031641,1.7414346567479115,3.1045146484556816,2.9439212953835714,56.770725239190014,17.78343649227413,21.26065645986511,3.721169278478166,3.7890117469415463,5.322196399416668,006,000,60
243,6.683648384456436,18.37578341309103,19.570221132442157,3.8918236811482894,5.803563873448283,8.159200960085217,6.559580256484008,17.22244954849799,10.746772615749164,0.837002221063404,1.3109187391647343,1.2788284302889412,2.4196169436769623,1.8953343660422068,5.27116410579602,0.6332854632664233,15.207172761294746,5.324835688866963,8.103253620161592,5.281801761342261,13.527434307018058,1.566660414532796,40.20021586383379,14.371804807771358,006,000,62
244,6.597923761352789,9.766784184442212,6.690629868327495,5.068938665585843,8.047251472453674,6.42162050985099,10.261614153849436,4.31164429551937,23.54061983925444,1.05530953878106,2.048128675288151,2.1215120972616757,5.069526810241824,16.09589069696296,5.576136812719716,1.013675136298054,14.067062470650963,5.587924956012336,34.267498375693,14.17150666262464,18.983638529168758,3.3042839077162007,18.586086472158108,8.594035164344271,006,000,64
245,7.087628578910909,13.89977079218072,19.03533389009307,1.1763557874728496,3.561169515037502,5.057913795173778,10.73301152851066,9.493737863178898,8.80735702493065,1.8058014227576078,1.577094154531059,1.902344947030209,1.858632097845585,2.362570651025248,4.745974841984583,2.9464227188973884,1.7012849013450115,5.750997723128039,20.191299469943402,10.713673029908103,29.102679116954544,2.0289670414625975,8.450657715472824,8.26759266725986,006,000,66
246,1.3556199454030762,2.001474404605626,4.325567257653395,1.811048166612963,1.4087101777756417,3.837398342622762,9.113465837095593,2.399408521586662,11.887310706612757,1.226643494381003,0.6130258529250465,1.469145961407378,2.848820065550771,1.6976598427054062,2.835435881915934,1.752825297389479,10.490699395889173,3.13606532871022,20.96959447961888,5.787267892558877,15.505197957189331,0.7939915715982799,5.841011102648317,5.413970712427812,006,000,68
247,1.9938982716380995,2.8439404049906694,5.1338138459081,3.5249024562725806,3.4654754222951,6.227165682399796,12.921849649487317,8.769135185750363,13.952734040323639,0.6736852953455694,0.8690901118289687,2.5118336087239266,2.2566342397793293,1.3944382193322378,2.66389109293863,1.7021464824107484,6.3699573668398255,4.446168063068885,28.42543546644628,9.14100848031857,15.674483979794546,2.5030594880837826,15.158334950289706,8.400288200182393,006,000,70
248,4.398084119751916,5.6485004942058605,8.272381005502229,4.6165083827349,4.99148914905552,6.853218022642036,9.768937577935027,15.815958742005257,21.857229196490877,1.1453088091674102,1.6108610933299157,4.282663339263883,2.639985689468291,2.6950463891313783,3.4213612958085764,2.1645125756784878,8.551443574670781,7.6059455635777695,38.58237656240943,10.129649873375653,22.710609505736922,4.687850038948432,40.80069409089208,10.170906760143113,006,000,72
249,2.2371723671629775,4.230771498120387,3.5524195689071503,2.3557298722930597,3.902947998936278,3.705466022921676,12.411085473422876,14.827273944829173,12.305938201105333,1.2323904763362645,1.04636091868667,1.282941034592795,1.4267730372226184,1.6150613028811724,3.05990551770136,3.1232785140930277,2.5761776414399846,4.501848557097926,26.948016606140392,6.234756351090649,13.860415765378752,3.7026045248268846,15.16523885089035,7.020636037174338,006,000,74
250,3.795762567394261,0.8430597450222298,4.996223177946117,3.949818190342915,1.072737537369771,4.804133808171047,4.663969209783845,5.708683550376794,13.700991685191628,3.2112157468033957,1.2449237495248804,1.420851173405722,4.052423235208687,1.4685559247157245,4.584819184684889,4.584149924998419,1.014056711696628,2.3973424975809277,106.90167987098226,29.59515612173902,26.600221474854234,3.6744194900523666,6.030229777585133,7.380797858414781,006,000,76
251,1.7535824946065277,7.912213779942621,6.327946011574442,2.810545872974431,7.702332286728204,6.826104482136195,4.467047734985541,5.698750521138095,18.982288259918132,1.0437189788576853,5.477321114707837,2.675799702812271,1.2649353182510539,0.9153840418860034,2.3769582638525497,1.5385734877048052,12.100805290636153,5.219529720627166,4.442061744139303,5.273015266210264,24.8021610587656,2.005570813377987,30.877637961591905,15.513130640015527,006,000,78
252,2.6924501906896747,3.5326764725295963,3.111661396470324,1.5799670752501813,4.852375597030534,2.9604916635303,5.387333452007274,9.100730302084038,18.060826266634933,1.6741506529415,2.1282121116801282,1.8084049505936857,2.5430933674991585,2.4933416065031855,4.015361064672334,1.1066906020040392,8.26086120400698,4.887319201092288,7.000104031883594,4.306871170197757,14.15064060477199,2.4652737941631147,25.6460257096749,12.186947964575408,006,000,80
253,1.693392231582222,2.424998999310712,4.77071794311842,1.4181677913226534,2.2940104006352318,4.151226096087482,17.22479047430042,9.715506593833451,19.255637345036458,0.37422534635373944,0.44625182546744324,2.9291098841808347,3.9883460793418095,4.246302055343052,3.2773547897895576,3.483703297380375,3.017057419739662,3.8945918668193222,10.322919772141395,7.7922475724275335,18.389349165580025,3.135567551762943,9.906990631231249,9.764101731324253,006,000,82
254,1.618157274277241,2.5455196945343594,4.208793014605491,1.3381019215592782,3.145770892060221,4.970430231835795,5.997617375292242,2.9010544096188404,13.39824805250708,1.0665249080274743,1.4561799991668334,2.550020087309294,2.796797480450235,3.401436376986553,4.755233422612044,1.1601012370839208,1.0978307562940621,3.103339858215703,1.929412912328023,3.95669837179128,11.695144458271301,2.1479582113773876,7.779588796172142,7.067408271310257,006,000,84
255,2.4224683423462787,3.2865072707404894,3.269641936007679,1.706754101357682,2.9937865791489204,3.85803863711977,9.49187516229204,2.793606847694402,9.231947408110745,1.2868934035427664,1.0976036652326577,1.2666152276059344,5.695091127718349,2.316170639418367,3.748857377884039,1.4197707172476532,4.743018247906932,2.7400454020688567,14.357558216925513,2.630310530785343,6.357459480036533,2.618661258868056,17.098101217886324,10.388450912776069,006,000,86
256,2.073290643053442,0.7798433283732321,4.236832431092825,1.3072423240891644,1.2760856424041083,3.927934288026631,13.830190069231314,13.809498897352091,14.172138881336622,1.6944704003690187,0.6336817784202952,2.092205878944808,2.5242474063424587,3.1726844289433593,3.163654646595514,2.901293018734274,10.997683695262477,5.875424590638771,21.818545058993656,7.413703735293252,14.571180602322242,3.7592129693479275,13.045978727258621,11.42151082998327,006,000,88
257,1.476890076069158,3.9825053434653555,3.0962259146185507,2.619769191115144,4.005984749611483,3.8783985817280207,12.411800777453863,6.7453649194253265,7.085379078817559,0.7687531555846595,1.4841623449011223,1.0883624744630165,1.8959268363148705,3.279917745273712,1.7643187327179952,0.5124593004448145,3.6434777044257816,2.992560982833434,19.279271918849684,8.075245530755165,16.414844740135234,1.179101952197451,9.516803470440776,8.626467220881223,006,000,90
258,1.8145352323535222,2.5766194881464917,2.7404430568943203,0.9527376665200489,1.6485408704120585,2.6603360848033875,2.291350585051369,7.728848669186396,7.121041691474599,0.47897177886843795,0.8838746754891148,1.200747485578847,2.8183506878953564,1.1747763583211914,2.6986741259566185,0.786520707692196,3.1688799909299012,1.7716279898274738,10.913894726526147,5.818731558709887,10.91727969514595,2.1666238120877814,17.404225629715988,4.056632896986802,006,000,92
259,0.9982611816000146,1.2256523061079632,4.026912297928017,1.2199716317649278,1.1879796930646875,6.6992855851882,2.7201551380097593,6.633296092045419,10.065703919752812,0.7563299549816599,0.32322982602463934,1.500995377678485,1.0445419925064798,1.2518089778892072,2.9517110558434094,2.913455509970509,1.1758416353577883,2.269799069585551,3.7781929930748666,7.446584302117593,11.050596069587606,1.150687057647933,4.107693790079018,4.455682000384411,006,000,94
260,0.6155113539494182,1.0709578791339904,5.074373080986682,1.1190553810270525,1.9897970204486293,5.67005788875975,13.89045267725788,5.591006531485318,14.68909054189304,1.5321874375263476,4.712622565253506,2.8281264122783343,2.940917901981236,6.983290188664798,2.1332762227532838,1.1161021333430563,8.348767297991559,4.007529704240133,23.079608069196443,6.273679683123631,20.579556108763487,3.1021144662403235,10.978575744293906,11.620810048767211,006,000,96
261,5.792885791626782,7.170710786549207,9.236258422815254,6.176839822317238,6.084904398128916,9.887405163011245,3.002801656880585,8.6380952240347,24.535274501424748,5.183786108244908,2.0362944751007634,3.708409988207359,4.709919681981478,2.0381271687239884,4.8481618844349725,2.2906597509793007,3.412305781716924,5.3054412444408605,119.83530983761094,40.579953313894,90.77328155888334,3.365695783676163,14.333170296554108,11.512257055549865,006,000,98
262,12.116054672249572,4.964901825396285,5.495511446516664,1.5674092369173933,0.5014922799138055,0.9625718459068949,5.805390397289712,0.8624041666461022,4.793003184963169,12.393254341321734,5.727548987755462,3.222668547409648,3.233143600796239,2.5486901603939334,2.008602985756049,2.8086582081172846,1.421917863927179,1.951417431991453,1.984084407494054,1.5771357643056856,3.077430219080583,15.09860139655537,2.0075970279054114,3.2119961179791066,008,000,2
263,13.432574221684906,1.1878863618356705,3.35446690313456,3.8557046284523278,2.341320511868388,3.5193676714613646,10.349176738780617,2.006705280081979,5.494590711299897,13.68546179206946,1.0479649091909091,3.4334305639541993,1.7966109129365355,0.6509166673339507,0.8951377455706077,1.0001133018434214,1.749858973948669,2.000255006015855,5.481169401755861,1.115338625111796,2.7754595512638556,6.873297425231505,7.372141210995931,5.347375307488762,008,000,4
264,36.13165175062231,13.197736748332307,5.725195261073562,40.77933691363269,12.902405333982559,5.448829372356872,24.40901818623402,7.810093734161978,7.7237584138652835,9.205605678181412,1.5570036280691033,1.2247465954004537,4.122540827706775,1.8279043799952277,0.9908595970079211,6.1247847458584195,1.7976387470675366,1.1195368294350676,6.178488145292836,3.1786530496450993,4.049208183954886,6.9184567927733,1.8597507916132492,1.0998840975396746,008,000,6
265,3.7934783208067384,0.5862215101832138,5.5639539074252236,3.255236524516344,0.5875505304033508,3.8780395498417715,2.618537272726816,2.049264788738688,9.364803592644556,4.179399156206916,0.13462838570485713,1.3227744204720886,0.7160244860164269,0.4041763940979553,1.2083630203125777,1.0990891541883765,0.5765779654687692,1.513392283091267,0.7194169000822048,0.3376402747626114,0.9418426444200334,4.161098832361611,1.9192999636358001,1.767877037195178,008,000,8
266,5.4149436218123705,2.5024068853273738,3.4995834398290966,1.2516551342143096,0.48356010218861434,0.8708924261371587,4.943854785275546,1.3425021787305176,5.711013143597597,2.0743077538135193,0.2815444945597946,1.4518458562148224,1.170710947729752,0.19963093723334083,0.6863603767284273,2.450479517274784,1.6470555611898108,1.5089954812503248,2.0878437370220357,0.38970458020028714,1.3956485359167037,2.8582826454861303,0.9979357387182114,1.5111413385533137,008,000,10
267,12.930314402604663,3.498264530662887,5.783908035030104,2.477194469100188,0.5044349692978692,0.8497621953548953,5.85612501061103,0.90733905936654,5.109518287037213,1.022167633993062,0.6061605818565223,1.6270627263069386,1.1062482873410036,0.5521049490251702,0.9237427221367224,1.0837884062269854,1.18344700767774,2.226340826465742,2.735915778594691,1.1408437989769717,1.884416839824852,1.39540869663533,1.254310415670568,2.0740999471593566,008,000,12
268,2.927863638954437,2.7771566734484816,3.059366193460915,0.4602065648866052,0.5999402968719734,1.1191659961178544,4.813930983837691,4.791250372439385,13.779292465944684,0.44799931915906727,0.8287308725129725,1.2604748335704672,0.8945550813122609,0.305640262639619,1.5231854622403818,0.34149420998581886,0.3210971109450835,0.7984940552037303,3.9875707242417073,2.297444509689682,1.2739647679250063,1.2621177837918176,1.96929131139392,1.1677417701317554,008,000,14
269,2.7148838921041425,0.9072040705522287,1.4484256604403225,0.409145988639049,0.22807555785835634,0.6707061071905743,7.266975465826412,3.8047336408832892,10.174218618183327,1.4429738474262317,0.5061373222808674,1.016409038238499,0.21498761453003262,0.4131136846404704,1.061347042808296,1.3525397011914735,0.375206630640987,1.066296952168412,2.328572309108372,0.6463775832855693,1.3525206565392571,2.5580814315309253,0.6597397839748919,1.3703177115992886,008,000,16
270,1.5292607416346482,0.6696783895314458,1.909523828875863,0.5181350217971107,0.22548999990209412,0.9573124169962137,2.2736553457737414,0.95966073449709,4.511708252059354,0.68218978421322,0.4236841146450044,0.8708646103322759,0.1305846115149214,0.317150552903093,0.5091015783889543,0.48886986482343686,0.2759788001882037,0.545374883688451,0.9243390521259112,0.26753679852272494,1.7039792430189127,0.40932487017263064,0.7951349594252307,0.5880908615843804,008,000,18
271,39.369022215622415,13.76484359972099,6.033164430788962,7.001918926471288,2.9200902975399057,1.6960986621397969,16.07474018438142,4.7993640855479525,18.185354928307245,1.5945379895296694,0.9174901178812094,1.4073995068951484,3.4846006694754106,2.3063593373657953,2.300866881548206,2.9853878103509173,0.5448594103065115,2.663627185427671,4.094450335506794,1.520746059409177,2.2183303728230377,4.177010044150023,1.1245850592240103,2.364359654361924,008,000,20
272,30.07745864757025,12.058599720636213,15.50754520939162,5.559071038845222,2.6624792702467714,3.8169484740497115,13.154019809860078,11.390541781355612,17.48269079022031,1.2532859444967308,2.672934376765703,2.5871330690479657,3.6040409383908547,3.0449811559460342,4.758990960764897,2.1795758553033524,0.7661376612260475,1.4237973041845324,2.2306174277378004,1.8787943815850985,1.6408465899117215,2.6692931994619986,0.7441679980053144,2.077379325147155,008,000,22
273,0.4339264016805927,1.4955819746488812,2.0768288025215518,1.1048936568993974,0.35182498457246775,1.553250097060889,1.4107062989960524,0.46064709816731675,2.6576544564143565,0.4068562134398974,0.38050870724405217,1.3117962337050453,0.2820213103966553,0.26240288177402304,0.8945725849097971,0.46433729620179065,0.2461132946951265,0.5861623019388669,0.18118337789348715,0.21998753713948843,0.7139565939318396,1.968611229414733,0.4294469181705501,1.3944325607413475,008,000,24
274,21.73900487983871,4.217194170104245,6.599828652307623,4.454718374213096,1.0551844471000393,1.714703771134033,5.660187080182614,1.6394850668077443,9.479869242854496,3.8057806837944574,1.4457128002541018,1.6147260199369982,1.1921149578432368,0.6852531279125884,2.020741162791292,4.059228173777926,0.4067583718071446,1.4254754938194907,2.247796523174775,0.7782012872738772,2.9668385020118713,2.1046980062404814,0.6087528366086489,2.187174542535037,008,000,26
275,1.749806869014466,0.8326821636036434,1.9761539672114932,2.69232165630984,1.4680732416905986,3.1748248051776806,3.9843022121000202,2.5950375555051326,15.166455107103486,3.5867666759613144,0.9839798299234448,1.673393216835024,2.1910446689627423,2.0211990670024043,1.7780992851866564,0.3118813490196165,0.5603163557469764,1.3767899027309873,1.4931366918245135,2.084141995949127,3.504172576810851,4.349972440734339,4.585580298098009,5.514296785754204,008,000,28
276,5.423377777854827,1.40017910689704,2.3055130879786896,4.740881199062891,2.7467558030501826,2.3429586649101304,31.40815683888391,3.194781552533569,6.2613884557019475,11.269661557029186,5.185662038033449,5.342784244594643,0.5399848484929122,0.3119470271468,0.9927323436170215,1.0541828593999587,1.2090225532267376,2.027992164589296,5.665994667681292,0.8587355919600056,1.3222506593602454,2.4866241412654153,0.5065649760092938,1.6420208444996052,008,000,30
277,0.826547519916866,0.3431056217895038,1.8197076102947174,6.017304134852671,5.719114441066694,15.812383567009258,5.5080018154331025,3.2209416109577544,16.160198246120284,0.9896857946473794,0.5900790834517041,1.0440308231847364,0.2764714911174345,0.359401026493422,1.1857089425404899,0.5812637746614852,0.24478889477825097,0.49930215477168594,1.1778778707178266,0.7447858874465496,1.3815065477569322,0.35714706288685255,0.47950174921007627,2.1953394090460057,008,000,32
278,4.2044940431629625,2.01700443499222,3.431373794542982,1.782614980081513,0.6218434055928009,1.8699689741652907,4.131032879077489,2.201145475992851,1.279082025892422,1.2539132444009184,0.43716917744557815,0.7123835815364147,0.5452186223319078,0.13559648853192166,0.6958267214571314,0.4506916072058189,0.28243637270832844,0.9796565214404681,1.4528512689867745,1.0691024533423823,0.5100580537810635,1.3949164871856243,0.4097691020246467,0.7975412279717577,008,000,34
279,14.250010852121918,1.201580538277383,1.7216188147409686,9.655550814010404,1.7692469003871638,1.7322076895814404,1.65538699207033,1.9257662950634025,14.49525161649127,2.2999595936373383,0.41142748620220304,1.163664837824802,3.2386855693991645,0.7595499409078523,0.8878139536536201,1.9851157033280877,0.3007937441926051,2.439266865368154,3.1427169145425182,0.19034499361561324,2.2719760931229365,3.186654749547632,1.4865575118279406,3.463912293831086,008,000,36
280,2.6161814667738836,0.529799722660441,0.530176232580544,4.818467977229737,0.2975381693756156,2.0925229916826726,9.563186777800354,2.0987752265902397,3.6690004321898573,0.9449168970909709,0.5168376247925736,0.8538297741376949,0.8229510768459478,0.2433286657823763,0.7660268996601842,0.9032987755202947,0.6566648340973611,0.3502564119688325,1.4873050927344043,1.0816855333778839,1.0984318960436614,0.6209150322907534,0.14418967545719985,0.6931379707479713,008,000,38
281,6.290029709518931,1.9089030992075875,2.4281592824955056,7.382064126926622,0.41054053462977497,2.4622298397732068,5.990796446205638,3.533160796911328,14.730194843287597,0.33228515792072255,0.7893922562965714,1.5245004549183347,1.1966336967165978,0.7260955306922526,1.3777399171856908,0.8268785419117287,0.5083966632975694,1.6974367781619053,2.14289645852863,0.26278974353249646,1.4798008145967299,2.5720446625684588,0.17147903154599312,1.5606165881682443,008,000,40
282,8.526123246298939,0.4687992148744206,1.7059729832403272,7.664974741011335,0.4467635020320312,2.578672090386157,2.6747148488442534,0.5611179413618029,1.340725211413998,0.6242471640061525,0.2978040842969335,1.049897430492586,1.251465203396195,0.16319947606714497,1.1752129356271461,1.2759617049195289,0.27230778397448285,1.1035177106619782,2.2089706501807234,0.34027584965605,1.0125173546730286,1.9821453230871529,0.23750125286449306,0.8121198490785766,008,000,42
283,0.42429665615411283,0.974809688376717,0.9049285591348268,10.354935154845624,1.4317842285610525,2.395371800335426,10.123155317874792,2.380664217155367,10.57434524725234,1.3615053896918268,0.3368687514243075,1.1865493967682137,0.7665407564789224,0.37068513395176944,1.0294707486378516,0.8344196819585068,0.4110926974992575,1.393116525396242,0.6980847490996857,0.23882727663215267,1.4873166168168404,0.8319728663795252,0.4231146666133363,1.0163672697295185,008,000,44
284,0.6423476053368381,0.35558353236191353,0.4220157097527006,1.3241649105663318,0.9400802139456199,1.5758519645390896,1.3400511788350107,1.9173842450859664,6.218154042444212,0.22739177190751508,0.19809409895894775,1.681565829655659,0.20547851718092985,0.31021735484006036,0.6517538051934066,0.7103918015918755,0.5591854364358116,0.9169596440002059,0.2913853672857033,0.6071007284041481,1.3865289947237467,0.30226677220640397,0.30656101188546675,1.2829379897088593,008,000,46
285,3.3848199615429517,1.090371459660497,1.930167748204982,4.9482941527516555,1.4461931294243295,4.356040365121401,8.269996073648738,1.0825520499434418,2.699357942564215,0.6543860640109435,0.3965102527078517,0.9070291653235953,0.30178354993834433,0.30087948331843756,1.14795643267798,0.7771607210617015,0.4892972578553202,0.8192718989089626,0.5728014046190429,0.6342103477246356,0.9089906144595844,0.5345774558061472,0.5081048463311086,0.6062757008928377,008,000,48
286,3.505629521693523,0.3794382238305153,2.1689547342787923,3.594719493848624,0.4321159644036231,1.4298739767988307,9.792972230943505,1.7221850721825271,3.2897533293836614,0.9245165596780909,0.17833149473160434,0.8506636272710791,1.16471205045418,0.1806598072814201,0.5733188805550229,1.1477936297580986,0.3363666678779506,0.7169799989621317,1.7743390702359134,0.29755451596150984,0.5320643030362909,1.086646433054736,0.23091790170887908,0.47043917944902985,008,000,50
287,7.4275418672253055,1.1010107887546887,3.8232430796516352,10.997119215513209,3.6622584677288668,2.880712148439518,7.78922810021331,1.5012386895847596,2.930271622633118,1.6270353753714213,0.6589091145333225,0.7467174246575131,1.7882044578018226,0.5137785430260658,0.9788537009524556,1.5035913690224707,0.39451390545320486,0.9942872614547575,2.4529546852979984,0.5813932751406127,1.0890708112628127,0.6916852610081281,0.3542797884845427,1.5832927523370008,008,000,52
288,1.7839778899722152,0.6796371681224109,3.010073607332531,2.409546534767299,0.6612615138623125,2.218807052663524,3.365009410266958,0.8725491335263069,1.6210604238333428,1.6249718884159348,0.37486664663721936,1.2773368256376347,0.4079323892240452,0.2576941283249459,0.7922105562868301,0.7952743247824166,0.4925371722741667,0.6088786877148232,1.1468289718069604,0.33564928303160174,1.0261460690080149,0.5687159122495161,0.29335290574849743,0.5104516188445667,008,000,54
289,1.2584480472779236,0.29944625300357636,1.0894727485791444,35.875979556468465,5.564042225161787,2.2135153544881776,15.984421605793319,5.479017535401459,14.45605300543073,4.27179946914068,1.3240864097162688,2.275512373202228,1.9357239916093882,0.7761176271421097,1.5809060873635825,0.5875490497264784,0.32511709266094835,1.1548056369838262,0.7574211412580478,0.46290038053635174,1.4108952433283544,6.130692452220873,1.392328214964003,1.8115675955526656,008,000,56
290,2.73220399039214,0.29798068508394415,2.0506991905793255,1.390416576255663,0.07883191137694916,0.7409317576370985,13.253089220362398,1.2480524298054445,8.508529067866798,2.003664472993335,0.46643171074711465,0.730107567775277,1.2956859758264585,0.2073754652290071,0.7856436289444952,0.5993406720532296,0.44889388693281274,0.7413788233900321,1.4199154853256988,0.1358315023361324,1.4537501637511854,0.7228051849994194,0.28674175915680183,0.8238445517164806,008,000,58
291,11.89384598619326,18.92681800006315,7.105741599135838,1.8015799130567556,5.165418910125295,2.229666842454164,4.091140568268668,12.855789435612976,13.836598602914465,2.243109129862309,0.8671729437571795,1.957835538703911,2.154419294851058,0.679061919694852,1.1408657557505493,1.8581759891777723,1.0235409696322573,1.3446130208897873,3.1675572915123116,1.2820990303297015,4.167597516678199,5.441856906241369,5.245772232527523,2.940956632572327,008,000,60
292,3.644146011352205,4.10981258115601,7.17100678489042,2.5796796043676404,0.680913971535921,5.221010409044326,1.0887508290221732,2.3949846335930713,22.089823652572477,4.040698271500883,1.1915153695189735,2.0021569522744267,0.5416800095098648,0.12539601014521068,1.3011857587130395,0.9589302943009065,0.8568996895502143,3.08055160582298,0.6549492183985333,0.7199252453214702,2.433445414189351,1.5374721467829147,1.3475894295414843,4.109130039704064,008,000,62
293,3.5321394904651076,2.7744873673662482,2.9581671465409776,7.198258949418905,6.942869557427532,6.684366981720635,9.153123796931009,2.34908058526858,3.2226413468153905,0.7810844732514026,1.2656853962944543,2.9130332684057003,0.44288884032243925,0.7173274691912874,0.9855362277176163,0.430975264770862,0.8515158154177174,2.783971975888342,1.980000964971036,2.9554464245991796,1.7826726381042357,2.4093637579742144,1.3951083802712605,1.8974242933696366,008,000,64
294,1.8144123534759227,0.5983335784089868,1.493477336126895,1.0803127755900614,1.7208192985339883,2.7837873403571742,6.359522973890584,1.4497795227552142,2.246988675910712,1.6001949581790076,0.5159578176699987,1.2298318433571758,1.0175016292011678,0.9609623669884867,0.8171474248579094,0.6006542931389289,0.6178466277214886,1.0082266942014375,0.8240561900616833,1.27504568822875,1.2518206946837103,0.9586491760929006,0.7021537701753922,0.8747995325434446,008,000,66
295,2.430699051942904,0.8001173622644154,1.4878127194950805,1.4571575686624918,0.7887284644364919,1.239740266170284,1.541038760820717,0.6394899609834269,1.6529306542724975,0.5737317137290887,0.11742234069957022,0.7651374331023535,0.4351942793370269,0.3729954144795352,0.6080046395596332,0.19454526872768801,0.29401915957513414,1.0548225606004193,0.44619273890241773,0.7134054266078182,0.496274670541158,0.3495215555004345,0.20741819905993347,0.46470053207925893,008,000,68
296,2.8553431729398486,3.8492837056857194,1.8566619200971208,2.8917410177344784,3.113319255487963,2.278691607278004,3.119889455429392,0.5936836427206782,2.63095396348344,0.4312427398936698,0.254828799554134,1.0159094155590571,1.1043000463990016,0.7584909678935322,0.6711345346919484,1.009935041881384,1.217421219513434,0.7764023162198752,1.1507693257550697,1.2393382279053506,1.2138104464195352,0.8970109089150297,0.847072478071464,0.9652904132450082,008,000,70
297,1.3844098197378885,3.105191130536406,2.588174303288529,0.9356231323502929,2.591610518749194,2.9131487535254683,1.017391399002508,1.352930556113501,6.857189826411176,0.3982449394771344,0.6029824273272444,1.0321191443138056,0.500127032460746,0.7551988079679784,0.6640520384364905,0.799002476516939,0.6541071038707251,0.8451170919194959,0.2842875607637444,2.94248167753563,2.2595370005242335,1.2093617775620376,2.364858049479518,1.1400517638670618,008,000,72
298,0.2627638293554363,0.3470022041517547,2.103158980640702,2.5659280339574977,1.0486511538305983,3.6489013984473915,4.6214968742700915,1.128084185822568,3.209859187057599,1.0733957415272073,0.8301902136081467,1.0657888067081511,0.303485368472086,0.5833684614396021,1.2586268295934333,0.18243780658363284,0.29595483520587823,1.2348462154552469,0.4109198441957721,0.7012036313401064,1.2643788861136294,0.37335999094197314,0.39080979778679686,0.9753225184739628,008,000,74
299,4.575577080302439,6.4858223805731985,2.8420455595601535,4.612672817184417,5.739344124539031,4.798621783185531,2.6152417383419055,1.0663712600714113,1.9087911127436448,1.2086436522488233,0.43759777462365446,0.9121224904284699,1.4528261044864739,0.839400233378897,1.3070229944417098,0.8420879333561808,0.9629382908756229,1.2700758686156408,0.9128717710086608,1.4244882764657727,1.7551158772453295,0.696283503067496,1.7342386807202588,1.2593019401557743,008,000,76
300,2.256647066075868,1.9299457167540008,3.0979226337985803,1.4582931978750426,0.6143496845020203,1.6643293387266014,0.4804438667308184,0.69780689907822,1.176610235384281,2.4069752814819427,0.6578974083587934,0.9462712484750951,0.18089439095641727,0.24726161247109407,0.45034099170014935,0.5257822386232425,0.2406250869237601,0.9123328235610018,1.2018293185144182,1.0642343074419818,1.0177203862077018,0.6870621425045159,0.8023185336850294,1.033803898595634,008,000,78
301,5.163524563489748,1.2446081005274625,3.463707679317272,4.928926196178857,0.5987066976563601,1.8210676461533015,2.9604602096324184,1.0727333369239134,1.7256591689381193,2.459000888721911,0.8492150243723771,1.0005058017317927,0.7281695922197529,0.5374943881743763,1.3855665824056107,1.6571669968221205,0.5166440826543268,2.035641371990534,2.151885968562096,1.2602590126739013,1.1425658501869378,1.0164145827127549,0.8640329844687044,0.983957788385145,008,000,80
302,1.9789501285389661,0.8327689140225505,2.001697567172334,5.909204443346212,2.6324827864842986,2.8127181051871872,1.651880342221696,2.7351336921824383,7.677623731099373,1.4290268354942497,0.770676316063853,1.3544147160429003,2.878101761625463,2.274598691932489,3.5416849052576898,1.7724324145668242,0.9856203795153955,1.0145755573835007,0.6404096317264611,2.2760954038383754,1.8472369381051237,1.033512520594556,3.744767609308127,2.3978132219010075,008,000,82
303,5.4511382815700795,0.9333568312095137,1.0306742542007088,2.867641705069607,1.122772546363508,1.2608438499626637,4.091757531840839,0.43276635745355474,1.0956196601079924,1.333341017645959,0.900091891582296,1.1430064184782909,0.7125118842587005,0.8282416646770694,0.6748266876719253,0.8101290531081828,0.4708290238721421,1.0077947561906948,1.3958629891090335,0.8194449284586685,0.6225072502842971,1.1490814362922253,2.0533166185014733,0.5924450705035641,008,000,84
304,0.9056320314844111,0.7737246458986946,2.1115564501384583,1.1526943982236169,0.6484154354922138,2.5928660846550446,3.587052423005952,1.5214556738385472,2.469144503474089,0.5658357368918621,0.7558994329836062,1.0626753168291534,0.2927967786120701,0.48255513284252194,1.0430650581899,0.29365781634882504,0.3330672888822475,0.9571907750641918,1.3384651488946706,1.2337272451481316,0.5843139780480021,0.6840696492377292,1.5676170737353332,0.5218531663084455,008,000,86
305,2.2250499681133054,0.717569519208286,1.581157844536465,1.4821515795212992,1.2598928108167065,1.5994331139896882,3.972855033280182,1.90760616761714,1.4567396397279933,0.7665200449239133,0.3671626109186079,1.0007295150488387,0.34891522124822444,0.41427771867541513,0.8287052365176704,0.3814702840788384,0.6477531383337047,0.7402805078228328,1.0251489102731768,1.3107600693621644,1.02567658307115,0.8510270213509544,0.7465453502839051,0.5515748261411381,008,000,88
306,1.399714977071529,1.6196187897297494,1.9554032636574528,0.9005776424738344,0.6942453892657834,1.3141413724560078,2.203692256504096,0.32786076870881176,1.601228606898825,1.0231732179259116,0.721001388520534,1.2590876208320394,0.7881069114560473,0.48557591297582237,0.8385231502505515,0.6091758051792826,0.7170126776187316,0.8166280437539291,0.6304645247027918,1.9040182651521529,1.7027951973773274,0.5179677954790483,1.4315522153006839,1.2237170546249807,008,000,90
307,17.25918078985493,1.8072441256656702,3.6006876513848876,3.6488619778245295,2.7622735695533196,2.154847663492448,7.262369539736889,2.7861978145594986,1.7355790303425576,0.7009562559445963,0.30301389966983927,0.7948279881062852,1.0172513523737938,0.24815750191333613,0.45792545546190716,2.0573766983293846,0.3235751185443412,0.6838530674028476,3.869069822564391,0.4697647270431986,0.8278253754658309,2.0818641433667233,0.541725754847598,0.7786667882172886,008,000,92
308,4.542667123740957,3.665112608832308,3.5151569909707945,1.7466735997674168,1.9182527265469131,1.9413855987734903,3.855440860619619,1.7080603178205949,2.2109870647000354,1.3172505050607746,0.3961730081960722,0.6784739271108459,0.5912332319480107,0.42077726047211705,0.6880534244970475,1.680271044288753,1.0396049118543382,1.0905307355800609,1.5826460946472598,2.3242775412958867,1.487141253051111,0.6957135872396649,4.39837401514055,1.0537282671338872,008,000,94
309,7.322514277636325,2.6932729804476434,2.2432614398899995,3.3247293502664323,2.1715586194969005,2.9944112466738066,16.551561286030555,4.922518157280903,5.41953752887667,2.741042654848527,0.8014012884888428,1.6525830933788506,1.5680548760011972,0.5973667880593927,0.8406797811317948,0.812335654012276,0.2216857590513368,0.9160092492310582,3.43811267753904,1.8568180760308892,1.777512553527814,0.7821582556414846,0.9272874062005,0.9787297312085117,008,000,96
310,1.3189283170670962,2.1427067407168785,2.277344928115495,1.630073849369446,2.515907670952322,2.2016870451608863,2.570193000767758,1.6533814723839917,5.778706691509539,0.8604148288938805,0.4915384615171343,1.2857881984070818,0.15109539335059397,0.6989825941841287,0.9934947189097945,0.42209730696594844,0.8618275481799296,1.3775650089103604,1.0845643605001232,3.4756311347878337,1.4449968753156504,0.4633811075620973,5.23969010400829,1.3991822572131505,008,000,98
311,24.035063253132563,11.383990453111268,16.523176973221858,1.5493224651337472,1.1642917953789946,2.8536532266427024,7.681045135030882,4.871572858547429,14.826200128230386,1.794967012886974,1.47911489735777,2.4686244303822265,3.8909435658802094,1.265723695838929,2.7042999135456878,2.2555980123244934,1.1644777475748544,1.542672660380038,4.652561918199718,1.4035981235718418,2.965601931431039,1.0747757546911691,0.7451468410021056,1.5576779781263197,008,000,100
312,27.32091799017207,6.1651708924902,10.386582612677412,9.126514845303333,2.2335106546250785,4.389858450689436,5.90921361473067,0.3512024822292467,5.099205215552385,0.46357671513781845,0.8172007740468991,0.6770696264668027,3.279377914673034,1.4340910490514647,1.2458608058048146,4.277314061851785,0.9282767684107844,2.382960146122644,9.1009618693857,2.0515648901867856,3.8027823199853272,4.529042446269234,1.2346812733925896,3.3844118640339445,008,000,102
313,2.4263906566351583,2.643631658400502,2.4922363259702447,0.7088036942182341,2.1664898448790613,2.2172475190564604,2.1628995136629787,2.8051707621182307,2.1872696858840737,0.6017772968059337,1.1596308024031456,0.9457624103644388,0.957264941925603,0.8065995991327208,0.5559278072383846,0.6342022506579905,0.5101663633729028,0.4983668634416654,1.4934127812479487,5.295280090112232,1.4074031062871561,1.3922568373503916,8.090647360944375,2.09837885372509,008,000,104
314,2.7557757976843367,0.4945861158338004,2.902739400386809,1.469736547518701,0.7320191267641818,2.9128890483956305,7.569596806549635,0.9376589110188207,1.042707273966773,2.2110694554020838,0.49347559964661103,1.692605878999359,0.907640058567506,0.5923713177425356,0.9965009428400075,0.38501542281809953,0.5306248643784736,0.7843857218988479,1.7170372493668864,1.3799998048208453,1.0933737084257225,0.9241134029033872,0.38845284962459214,1.064117397493957,008,000,106
315,82.9228299237515,8.435367895898528,13.123212568495303,94.4900004348442,9.101238947956663,24.482254040790913,17.719639133990036,12.53107237173643,23.93570572638091,12.760764680369855,3.243264689868198,2.9436117043885615,3.1041336184808346,1.1032663290266544,3.195055913214405,7.632173207271378,3.801060387734532,2.9199725967745547,34.41753022288759,5.816188102618143,9.319267331569893,24.05745664575182,8.091098854732309,16.28524818632892,009,000,2
316,45.428777801262186,5.915972102576399,9.812153142205306,44.419900088066875,8.603490998100991,18.03135462318411,14.168956048122293,25.415428257119515,20.910455303232595,18.647598105210424,7.813938490633676,4.370691245809303,7.245405652941647,1.627010456313878,10.788379956336675,5.451357583625875,3.2994084170410325,5.9913705687403205,10.759947456507444,4.202881421532415,17.303621488585797,23.042260482703195,4.597469919415703,15.358978856530157,009,000,4
317,50.08178883427401,4.696162609980894,8.441826077105675,43.41971798609887,7.377328277336119,28.001888595895764,5.439467207453943,2.584533942551518,38.34113673126878,11.878995950564839,1.8934699385129934,3.8866568733495876,4.370642845664806,0.9464719952306225,4.927760461385424,8.747558126262183,2.5358475612977758,3.4465345258308457,6.845013270634024,3.1448910259943323,5.415468166569476,31.32115865472518,8.060376340032072,9.354936783674937,009,000,6
318,70.86336816615996,19.289377508956775,14.953175623022874,62.2227159285979,23.36570087934901,20.99255033408954,26.58862173011151,11.31487427392568,22.07568331515119,16.074730771210696,1.886761484161453,12.78609823645595,17.202557520271583,3.7551490053974765,6.9398178395884855,35.824944248233464,4.427690390686567,4.01021648396923,9.579526915949632,15.936127085165907,32.00277539866932,14.418369774186797,6.269213153316244,6.6097082123258595,009,000,8
319,44.1056825324288,25.762310883451462,65.41547848181828,51.84420174770341,34.80886223691266,67.29219200636062,32.72126135396675,24.673838818922352,76.67435987275556,62.53745139416591,22.510148543593303,32.51844558487271,4.410915496786016,1.6331808050880867,3.761298394803454,46.09789180248006,19.781027566905603,31.495940374871527,23.460157103877847,17.97659828706418,20.459347322542342,36.98098987138519,21.316258214323796,11.076035567621002,009,000,10
320,117.34533239340811,43.67909168880268,31.093824417337558,115.0135037425879,29.18551264668419,20.33654120834829,19.77913993910017,15.933692455405946,25.215792826634043,22.243766665784797,8.44819939578561,10.107209837845355,18.715160945018102,4.65380839327267,11.809774263099307,17.15289123018266,5.77493321548495,9.73667253528587,24.78468820154293,7.568898849750748,20.23526872033742,20.760920075999422,4.075530722472835,4.8281225654774635,009,000,12
321,33.7100393687544,7.9349047726216995,5.390686532242322,33.408288112960555,7.983321340870072,5.1836240630609085,11.324436253693813,8.237419869816964,30.778333123107544,6.6304230685048395,8.092562532246628,8.600526645911698,9.599947344144255,5.21806943481419,6.931403386019833,7.185878117188949,4.564984754919848,2.8749724949877864,10.130439763134325,12.356586427858161,8.022863365559942,6.819486541595442,4.280831409017584,2.6159305046742194,009,000,14
322,9.40906143447944,20.48147566742163,7.662899108883836,13.298131160823695,21.04227827639004,6.261060313386035,3.406684608057697,3.349586919716442,13.798662079704634,4.808645445962313,2.5339616660275017,2.0229995386552284,3.4824997343168125,9.426219302612155,4.482761109750905,13.55746637310351,11.578523166998577,10.36975444651352,2.378176774201715,9.361213742899897,10.942472857844658,6.416559257095743,7.839146069845681,5.524210959517312,009,000,16
323,9.61918988780315,29.756833445294237,12.30228830402004,7.488083716996596,30.96153263863735,13.0065621360538,6.166997529479457,16.298542780712626,48.22417887448728,8.60636580934198,9.349734729749107,7.9276990868133215,5.931006041275806,21.612836333771078,14.45385158092146,9.928929387594067,17.4151192960376,12.967588441821244,9.140723480086766,28.85407230540552,19.776449036232407,3.332645495087924,9.083584318642433,2.6372187198730392,009,000,18
324,15.731601951203526,30.316707601132094,13.731963165698007,35.88150478538791,35.796189235924146,25.77579596999749,26.57048324717044,7.795183543796919,30.631084314497194,3.921190360342568,8.928588251495507,6.231598069137602,20.77152037029446,13.158977366968163,7.409292673059428,19.021236791143476,25.298847206717543,11.952190436390302,24.59598318712121,17.510883999295555,24.07331928423586,13.620256735083238,16.553255543620487,7.711795369837306,009,000,20
325,20.40290980560088,11.111331845593691,6.998692403197698,39.397123176789684,17.607741046917155,8.523033971131827,10.144284131709425,13.474188814039508,11.395054846751572,22.113513902757553,4.48671560608493,3.5212927700528978,7.92629311706486,7.722314779912059,5.26926362815664,8.294318772897574,19.43801163869198,4.7931803254441645,14.391210984181322,6.300534759664411,6.57951940453248,55.87477731133023,10.658670914049358,3.48728088490198,009,000,22
326,50.04827301418237,8.26199903851843,5.545621856314457,53.174658026884615,10.803565013805407,5.048924784740745,4.521852480027787,8.10979924311813,6.481608353179353,5.418015517075856,3.9645904666971816,3.755517849695502,14.350593583791062,4.927887807949633,5.302555222527619,12.483688114634353,6.844277100746123,8.65000716500317,12.488523500906258,3.192298873731363,4.683914298997269,206.52231810177705,32.805379388521025,6.750941813061882,009,000,24
327,66.44761811470065,13.754391174303718,6.907853894732465,46.74412515343871,8.838671994925694,12.662202191877965,10.680843330739282,9.502906513521431,19.10283068496922,7.508230307584125,1.4060549327118712,3.508297289565297,20.8862563797732,4.664144791258064,5.784444830862587,19.488466257963857,11.17762401169181,3.3296422240858776,13.03903327995818,12.314339718774612,7.215749387122307,10.383176998337479,8.996297088813163,5.617430370768818,009,000,26
328,13.293154111667995,3.843410380822684,5.3083890911762595,7.645501673911599,6.975773565012515,7.261951875652388,8.438270447708362,4.9657418654318555,13.531931074474896,6.924850813093015,3.49390362802452,2.9423096644397515,5.241620956316451,5.486132341484032,6.326704718418,24.50968545845627,8.583963022619855,6.933833594209308,5.9534867371492055,5.47250797228564,8.498446410745466,5.1435016585988,1.5033969840039318,2.4503604769072385,009,000,28
329,22.40793984935073,14.737095559909552,7.156361886408889,26.245902728463854,14.737906257621516,8.445040933749793,7.843735610621374,4.9687490268505305,12.26644769288254,6.1887316132451184,3.6985370481873265,3.108640549497137,8.300696962469129,5.125092384261773,5.181490778581109,7.27648355271599,9.53610007555666,4.2691446242109246,3.977955529169408,9.081944768447263,7.232176570786724,10.834467333437598,13.13057046429345,2.688647871026489,009,000,30
330,51.82425473807142,8.345081899981126,3.6829916053166802,54.9918271185219,14.361503640517583,7.5520836181457405,8.358213444247427,1.9537000665370314,13.282582258707622,14.618832241734992,1.639054323233625,3.5488989315618693,8.866116174969152,1.8120812091847147,3.0863979722143,7.6105743877317575,15.793614078201838,2.445806214690084,14.376599810094344,2.077247743628628,4.698044091566625,13.815412642736044,3.13405195587257,1.9448682839858287,009,000,32
331,37.12086379404191,20.31911179421892,9.96642149427933,44.00221304868678,15.70246625735842,17.79194795633962,4.531917160530281,6.506925837763288,9.071968650355464,8.369881384658397,5.198453768763951,3.6916921510782195,18.878943568803983,4.815390306810142,5.478784333461077,13.555552833423679,13.921668937246134,7.104685334458299,12.135701840225899,9.23085136207907,5.697606415215562,5.2399279916395205,17.515655109817537,5.222998091358304,009,000,34
332,111.5651128887263,7.822360314536871,5.4801746512461875,176.41710669113021,6.882839454508978,11.85643424824142,11.085098647678734,2.7289174933310765,7.250180967414811,43.09183975794984,4.6191558698836666,3.7748672466635402,11.284366417391361,1.6777875491678043,2.4607804088698875,16.235224655892733,4.560954542227211,3.9021058390137617,19.686391171763233,1.842248207902006,8.869247333594073,28.546674647567368,2.741712368509097,3.125529865111146,009,000,36
333,87.93320644988721,9.890498129188394,11.488281785535811,110.93699102558197,13.000085971022909,26.810329814248465,6.667841524991425,11.204828268062402,29.067051639436283,33.33547857431131,5.677174600689314,9.561203003081458,16.24517815485522,5.56644050137892,4.271431901987089,20.38788826106868,6.450187927287609,5.7865867796366155,16.312501048824878,7.358814074593226,16.80454465606304,20.218959609484205,6.953900539971375,2.8157050626326856,009,000,38
334,4.228911127649939,2.597961326653439,6.147399849116085,4.571399364760395,2.4749661825292675,7.232617275452901,3.6813509285250277,5.186612270682392,27.25706771071946,0.8283709878277712,1.6137673987521717,2.549379446256894,6.3733874032261175,1.2878526290633414,3.257783937356047,4.268111246607619,5.493376815342748,3.3152463152716787,3.028324224437891,6.065110471228634,6.708461568219213,4.454417639439311,3.4496596659995546,6.919268795079922,009,000,40
335,23.64694438547486,6.268179126642284,4.435007307638701,35.3522488735294,8.01121064885099,6.504188442129383,8.011710723447305,16.406447767844007,13.723210365282256,3.2629742412797103,2.0377996996916967,2.909945558063344,32.21748497454836,11.746361367866077,2.6882398385513833,12.812954460607218,6.345179023134024,6.33263358274234,15.529686460282598,13.740182581664232,13.268875057885058,3.972651687144039,7.549284009671714,3.175442810813147,009,000,42
336,12.913118352871999,11.697081644217393,11.289091228155165,14.72304494617157,13.465792480296571,16.001784424474312,6.139879703658561,16.981825127120008,43.65140803779637,3.85139122743015,6.852317899713674,5.21449645096296,17.531548448217276,22.138407020584467,8.038044832865445,23.966211488546058,15.742701641968896,8.194393478893033,13.541385205204314,13.902211335607827,15.961514582223334,6.058579938242374,3.707773910089543,5.116421733322318,009,000,44
337,53.17393242094891,10.04372928704379,11.717225651215758,45.75265539970054,4.258644091297453,11.101378238923145,17.813462368778254,13.504274551654785,37.80570986888077,9.062070827828189,3.8026265388226617,6.4612312548969175,37.99250975098452,12.800100427232213,12.874863829527724,124.1593448977689,56.181816902147986,10.513133246117608,10.499402048462477,10.675040381321768,12.683756075992973,16.652103258988628,15.088290369772695,5.557537088034155,009,000,46
338,18.081942582409674,16.194357310488833,7.632606485645563,16.124362211968077,18.116655898885398,6.674227158115947,9.220356538753792,10.964807860113808,10.104369724906986,26.116949907817457,2.6615595654051023,2.492890908894278,25.849328159652895,27.770659806967068,5.855057711756728,107.7367574594889,14.279832284341536,22.83697590534234,21.47601826511457,10.616037010708391,6.672497521518437,8.540726603227974,7.629486331180758,4.5702596595102385,009,000,48
339,111.07992234305324,10.342618319450139,6.652827471406002,80.27650810779438,10.59296404906038,8.050551117750103,3.2218166148085947,8.798332360715932,9.874111229970952,7.563226273704341,4.092454897468255,1.3691604036570848,22.153734714784754,4.0005490185534915,4.789308666816276,18.14007527450034,8.543226184448402,4.672310871431507,22.527681082997074,2.7304778316158806,6.748497121558276,34.292452434316125,9.387398664478575,3.5531647359035383,009,000,50
340,16.232907930159847,16.964514017467746,3.6398260664027102,13.53342199743403,16.627751446931676,4.1130111987115106,9.121645524054134,29.432977648966286,13.841123017211153,8.603638407072994,10.175209730580695,2.976301262139116,21.655641511263084,13.486305506699788,5.064879643223975,53.29175828554687,31.98132901805861,8.894269370901478,8.182746988337344,14.429120924884007,4.604097386639648,6.061131381477483,5.683097603828324,4.751811448277726,009,000,52
341,34.45105299778283,27.054054997845974,7.384662844275501,39.70852042119938,36.19851435329727,9.266017253237521,9.40137542936926,16.826599248579615,8.638678653344918,10.703270909435053,12.80475158892724,5.725260829753319,42.74535624362703,17.36199891195379,9.084230311324697,54.064801344232706,45.32527244326933,11.08330267993614,21.21299442863812,24.94059320563734,5.219631237662277,9.578103256414659,15.198596509094246,4.454039385222884,009,000,54
342,15.735876257045081,7.480977177810569,9.78534451349905,18.049830004805955,4.860416615177523,8.055814068109287,13.199402011684175,8.045275052392263,12.749787042625172,10.317177618843612,2.6652413953390397,2.1219686080316857,22.254404659471653,7.722029845169835,6.814576640206387,28.993054705814146,27.664131845490587,13.568372429484603,22.61846910786148,21.05943324548606,6.889564275536605,6.781894980241222,9.464041033519258,6.871346595109473,009,000,56
343,3.9624632940800266,2.1031226883040217,4.371952865661979,3.4939685279860244,2.5740942499759765,6.133004725696234,2.8809699239879945,7.544842442380382,18.57675348631604,2.218139311744498,2.691411649395041,2.7320770608849516,1.5027600845038902,0.8633143697005854,1.7824398832108017,7.602695132849899,5.189843995932111,2.8966315301069576,1.5488547701366238,1.8953563791306451,4.147292908210049,2.34398495293642,1.8269486435176314,2.1590387249458876,009,000,58
344,18.528806717342277,6.72783771442087,2.8373790082052044,26.018343043536152,6.63925663870036,2.7765332487884047,5.998098831772357,8.854109625849786,13.145877429069953,3.5419206174723343,2.1999137226191072,2.608270719730534,26.002932524183105,10.221977406354407,4.39210423543883,33.358766913345676,8.304793643422963,6.993645089049881,2.671747566843513,1.03388322103836,4.0229640447707355,11.605217550139125,4.943848543019675,1.9014128839974849,009,000,60
345,95.60623492042072,12.56549198049695,6.782637592501031,87.25839361355648,10.804344226657502,9.266540178386377,50.507972629078,22.791017720379944,31.887298988859552,27.092891785518024,6.207279427202769,3.210212350839937,45.617455725423454,12.370194075541189,8.185839303200654,103.34126945834623,29.700762116252783,11.552513355241778,53.75938204534826,17.22932515715855,9.546422915840623,110.52029503807199,26.79408182488597,8.242162969891204,009,000,62
346,48.392913102056205,9.891355680653685,11.854754426708412,49.54709270084489,9.975182014309889,11.625579018475547,5.131775714129688,9.759125595155068,23.681124035933323,10.383450203526955,2.9623582142678737,5.4050267757962,13.203477056461098,7.77882906860608,4.475468545634526,11.696841690040543,19.909349894762915,25.062204492332306,13.125968228167535,7.213756797451924,10.233303357704674,31.17765840299424,18.97392715560899,23.97148651666952,009,000,64
347,32.408637477467074,2.6736132434029507,3.887332567905732,23.151671399797884,2.139243054778791,2.981197002242982,5.135701871867731,6.442893444214178,10.11576451534664,3.9395665849245995,1.105888570332377,3.313539858467909,10.881584797556577,4.577136520308629,6.707755559272748,9.511400766239241,5.1954818060063594,5.7362122306932655,19.383769018793863,3.367530969128329,4.766294536332071,18.986943228357152,5.163972442579896,3.8006721207392355,009,000,66
348,7.1066159404339935,8.28175770980787,6.565262989023578,8.918203773616806,6.756865877754299,14.766460208316813,20.134886566319516,13.828600972621384,9.434372276120946,8.324753806648424,5.838759152907841,2.65271569720712,11.23452529652467,6.849141530154109,4.221710987460145,9.315631420988545,8.328156951436513,4.194909501728229,11.025124108402949,5.365828805337863,7.71634252705076,83.30413658096845,14.89102708536659,10.369072420779373,009,000,68
349,16.360024286007235,5.171807072332255,2.6746244365061473,19.50080038814513,2.946119350193502,2.208146484840718,5.004724021841636,4.020740555658014,7.901090071784525,6.568018282756864,2.646966437641362,1.329787287915828,2.9253977717252515,3.922163539794188,3.2425117416927485,12.096827471218852,6.895542549376594,4.242335293915971,7.3792084643036,11.808288487609467,2.8631207589251577,15.237512835676318,5.817965635201073,9.020041315104576,009,000,70
350,10.184960690088358,3.004743795561052,5.402953277392754,22.501697600024094,1.4680619408592652,8.757047956416613,3.8638866654851185,5.885206053097669,8.926058766497686,8.784515350590759,4.302554425983653,2.025496774319066,13.680187224465529,7.813770663264815,4.73762871115154,31.215489902428374,26.780954361110805,1.999041879147376,2.442421463234977,3.383274467929682,3.9006172032858153,21.250139867307162,5.84438903731008,6.1228771465082525,009,000,72
351,9.636075305526958,12.312391091679348,7.398963365730452,10.396597695071991,14.816433662741472,7.681874998503015,13.705317803248874,3.4389405256429404,5.786685803677789,2.0136061485771912,6.040244480674517,2.391145491679201,14.642514475566752,24.822587171997668,5.26985827431672,27.067785600213107,48.206820534288816,7.744422835264828,4.127540919936012,18.772824380660516,6.7817706726467435,2.3801902159678057,2.445973353198993,1.3205814436333116,009,000,74
352,9.401046097966027,12.014973465631904,4.9711266688303715,12.16842177650556,10.933146905621909,4.493833119515012,3.49164401786665,13.64079117576084,4.046460277303776,3.444870027171394,6.864381250652308,1.255265204328352,11.552811258067882,10.14441568894054,2.581890447263373,20.927501378732288,51.9639710715664,8.233193519158092,3.7246313729997524,7.5101540575574806,5.218629213796076,7.843405840405493,8.586458293084233,5.451870073802599,009,000,76
353,7.193020229701185,15.495544519211371,3.9047924650485695,5.657001221292617,10.752024092979632,5.145663308724077,20.450825108950095,9.535920157438001,9.892362967165633,4.874072020603846,5.048943902662911,2.5469070335927366,20.880933639109855,13.38906816139964,3.8587453196422272,57.10754222920646,54.53093597457223,7.553423748098789,3.550803511064913,10.117795917194762,5.175341629253577,8.642255962610001,17.651544599433144,3.192561613653745,009,000,78
354,24.038598507266535,20.714002614473426,7.53489909402206,17.312649135653665,16.54103974599232,5.967631370225837,9.460647525411687,7.654720267371822,10.627844570645184,4.968984756645798,7.848007042518798,2.6523812394458717,16.75984239398191,10.352894313963379,2.8718390026742675,48.30553173448042,19.354094024450823,6.0023446793378366,10.645761279624697,10.40561162914197,4.7445471586726855,12.167263243264543,10.83314429749987,4.372011229766227,009,000,80
355,6.716758828821703,3.926543004311591,4.90597908533463,2.542586722280962,5.0608696717330535,5.742614873551649,8.307895449344294,8.703682071032798,19.167644897786097,5.676426006324755,1.0278858830032123,2.991613175428357,10.978969513467597,7.829303551189874,4.964658849978692,27.040373942453925,30.935907236594968,5.7526761821175265,3.2686167223547185,4.134174898804467,4.354529108946215,0.9520028220832425,1.5568451723012693,0.6903577138166472,009,000,82
356,5.728804405209781,11.116288924368842,5.754550975777527,4.400945612323635,10.300287371612407,4.7696551632125574,14.590349571097725,13.452818758094413,16.190382904085208,5.070329769607037,4.720543929555047,2.011391320357696,10.010508772656149,35.458544006075115,4.457874067280525,54.62491408923259,53.55316178671404,9.250938829868169,5.511153061803301,17.865182884011123,4.318021050626821,55.83066993249476,13.209067409904966,9.423595602924209,009,000,84
357,7.3493448127399805,11.258204765817336,4.322098928542783,7.2440060421826225,11.059045395383375,5.379383276533451,6.297157100907795,11.75298798466604,8.616376914262641,4.445776049195928,4.54374355793795,1.7784501458975397,12.204726992215324,8.690946680102062,5.139068643520391,29.52786933413929,14.401771839236815,3.9024823311717625,5.528824532132733,12.558724476721354,4.132357221223103,21.42385965309834,13.543238213910104,7.184529241611337,009,000,86
358,7.0779534394350545,3.618090147673951,3.8995745263438555,4.900018482057973,3.2310412506135617,3.660784679939266,7.072214791383106,8.412821473038434,10.138816102392292,4.4593846316828465,6.937900130351826,3.1862325504020834,25.610589063539116,9.58275338048475,7.0647308885667774,16.668619159762887,12.292484351836283,9.91927075808803,25.406236408875934,7.125020438001806,8.156127557217891,18.681470969941007,11.064969297745028,3.5373125691085074,009,000,88
359,11.63254795365398,14.571873798672495,5.791955439258809,13.91527743767417,10.685986639907865,5.616783151547699,17.99519722965629,24.580044382835275,14.516206702553898,7.101796055587466,3.526126206659461,2.5997014969363343,13.922386281131061,3.5843472522577393,3.4611208988069855,58.476970132437444,26.81891784583308,8.167305641294378,7.707509712454711,20.283490744477717,5.552717412955728,4.2315902227423585,6.863229636398948,1.5254303472693322,009,000,90
360,36.17629542879187,26.557512957312277,4.477887538600283,31.775613275686688,13.04826729991719,6.159416927262676,7.480620317407075,8.602337760643955,9.332463732810647,14.228857894496569,11.256485386075042,3.2119155967250363,28.84906320292918,7.9990200185201825,4.936604915715202,47.06364786407691,33.39247122122474,4.928517159507311,17.350520893799725,12.176001766947445,4.91854026435514,27.253749516616388,28.057510208091575,3.511758250444053,009,000,92
361,6.935767710785657,15.548897005489811,2.3978735806076434,4.410453084534563,14.30939790676661,3.6146137121047937,4.063467657847989,8.456857995928063,9.825722478702541,5.464950407407531,3.895593350427357,2.4130927848727453,57.86453488315553,35.44693462997043,17.459284930365364,62.5019101158977,19.270894964850385,13.764843393605693,18.060392659127352,6.3951385939863625,3.5740073888004353,18.272482435255142,4.528181649239689,7.0793425769490845,009,000,94
362,11.83350949200965,22.423625572784545,3.432611118302666,9.889064444134283,19.372830831981258,4.900867899055362,13.970870860945208,7.563250284687817,6.239442565682392,4.946762964917143,4.868854468389375,1.0493674395759227,19.106356263327882,10.892394373260155,4.016794411841143,56.294863379843314,9.133249393415138,4.739279239918358,14.604160497676933,17.21890180240579,5.760411409433966,18.55250576139012,16.865912642381534,4.0624606078694026,009,000,96
363,20.350679686743355,11.16432440622238,3.9541484869894714,17.276139085190493,10.453106403499905,4.167432169116076,4.8657740178267135,14.500187741884593,9.180503592084102,6.147570762735215,4.881519660413808,1.7318151086800844,5.5124941626709365,7.5682531457876125,2.8479605787249,21.580460797451085,21.61804620954495,6.570327085334227,16.504684575799907,26.191293161426564,2.476263628830749,20.154116457111108,14.54813090492775,5.389194811909153,009,000,98
364,33.33223227876402,24.87672035171925,1.8482125051057723,27.527838460662508,25.3346678890879,2.538457273026753,14.287371851001769,11.544124697456873,13.911368845341515,3.7364475073676227,6.595949756172383,2.5655361572340296,20.563422466294114,20.70919717364029,5.766057137545666,54.00082542119856,37.11169578872071,7.420167617315796,21.055039209982706,17.999233422972583,3.063285257455091,4.787222433764951,6.9878685577087305,1.809984463613508,009,000,100
365,16.06635668595191,8.992296745210231,8.276703241443021,13.527984433303061,9.063003176240667,6.629694189078217,5.4912812364900425,4.366473511495455,10.12792306011666,12.05552075256109,5.125807350843645,2.446293746003898,47.080473215870626,11.363184570500945,8.027142737328724,67.09007656942474,25.727002680311223,23.670380806823562,11.959334379417436,11.940389527057373,6.9138377157147,33.541598974033974,11.30334007289821,5.887823310291569,009,000,102
366,28.81173529556331,13.312071480989331,4.960617757396289,29.036609112158153,11.607458556762904,4.972517794087409,23.859687218636026,19.663942838749676,9.863180205803141,4.5631875370108945,5.373283848739916,1.944349135193173,25.015914600669852,5.752004925035725,3.2359415375234653,25.032693116111005,20.850756087177558,7.8528846913651495,21.33886753141178,8.515387916578097,4.286079608908922,17.511701838011515,13.987923293634648,4.0589307860132156,009,000,104
367,14.488396570639999,12.526955269622537,2.916938744574475,12.611896562674609,2.8163746000329626,3.7203043193456398,34.96572099060451,37.386427732474516,7.5931536129356045,7.4280203149827155,10.43850367075405,3.7493063565345834,44.61886088061591,43.767089554778295,3.7144683295966807,145.06510972948928,71.7325849636314,4.236847608858602,11.011585040130008,18.808945857893484,4.0295731770449645,29.926959297377365,24.49729706826976,3.911767160892464,009,000,106
368,40.66422578161888,50.9494768376132,4.3637600952818065,44.40443059345818,52.60168067031422,4.533280851368137,30.281853555500767,33.1350774978675,8.229484309229576,8.600311725122765,7.910500537550609,2.201129013757898,31.527012272899867,24.712059135894496,5.340514734914,73.67722268889563,48.58158492546212,4.012249403392725,16.199875685090717,20.80199331253315,3.020398383995825,13.695036494363354,15.375625641347833,1.521452126364388,009,000,108
369,10.39057940428405,7.817237581523595,3.7300155735771305,10.542742161193159,9.031365282315301,3.9026435601696523,21.16707848220484,15.51308024714413,7.8996580331322335,3.0366489584612806,4.0261672430667605,1.7614699879277815,50.06177190857796,12.949032632563414,7.893332348520498,50.622166825797315,24.503958975976108,11.87441002068969,31.819910462244156,13.22653528828152,6.480064752551831,12.439404553937528,8.293134882362903,2.682697367108256,009,000,110
370,57.92912392760892,16.966551243486222,5.5921763384151255,59.04173276871002,24.928504636060335,5.483292342699107,27.27711717327768,4.911076327637733,14.05195563158886,7.984284316207607,8.287808357200616,2.308242588438892,62.83290710667195,14.058897728700595,6.1210837683708155,129.04034548156199,12.052053740052528,8.599550470725998,20.020500920018087,11.179463705697021,7.360975371372707,8.783637150443555,7.732924270195654,5.001796962159968,009,000,112
371,28.170316248575816,14.29956891519339,4.428169642474317,36.52560728314554,14.617199205192767,4.957834594840511,22.144071406069145,22.238983340288858,16.567242630789572,3.51918605959353,4.98876078684656,2.044546179729871,30.14375446027342,13.00922524448697,3.6281368032112726,29.44831772687793,25.810867558159092,4.646005468798771,29.2826263192574,7.506798116822153,4.493421640519922,20.38480221652425,13.800059913584603,3.148689677290534,009,000,114
372,11.060228178032379,10.810105891007058,2.4999749587629143,9.756906308518253,15.353477185809137,2.3622287138034697,14.762887455743304,8.322498030490753,6.170665131094081,3.3453093642813148,2.688042027330784,2.011492365472663,9.151651872185969,6.67146951726658,3.479016035303198,39.274801215657554,28.685090464609495,5.093762339608243,7.848853351780971,2.870430081651645,2.4641296386992666,20.89254540412055,10.169254823368213,3.4348167210911917,009,000,116
