Datetime,valueBVP
2024-05-02 10:13:47.375130,-91.159
2024-05-02 10:13:47.390760,-90.82462
2024-05-02 10:13:47.406380,-85.74826
2024-05-02 10:13:47.422010,-77.0163
2024-05-02 10:13:47.437630,-65.78064
2024-05-02 10:13:47.453260,-53.28281
2024-05-02 10:13:47.468890,-40.87567
2024-05-02 10:13:47.484510,-29.83438
2024-05-02 10:13:47.500140,-21.07224
2024-05-02 10:13:47.515760,-14.90601
2024-05-02 10:13:47.531390,-10.97754
2024-05-02 10:13:47.547010,-8.440857
2024-05-02 10:13:47.562640,-6.235748
2024-05-02 10:13:47.578270,-3.429596
2024-05-02 10:13:47.593890,0.5745239
2024-05-02 10:13:47.609520,5.948517
2024-05-02 10:13:47.625140,12.51227
2024-05-02 10:13:47.640770,19.89954
2024-05-02 10:13:47.656390,27.73383
2024-05-02 10:13:47.672020,35.70886
2024-05-02 10:13:47.687650,43.57483
2024-05-02 10:13:47.703270,51.06137
2024-05-02 10:13:47.718900,57.75192
2024-05-02 10:13:47.734520,63.15436
2024-05-02 10:13:47.750150,66.79001
2024-05-02 10:13:47.765770,68.41266
2024-05-02 10:13:47.781400,68.11728
2024-05-02 10:13:47.797030,66.33044
2024-05-02 10:13:47.812650,63.69992
2024-05-02 10:13:47.828280,60.83475
2024-05-02 10:13:47.843900,58.15121
2024-05-02 10:13:47.859530,55.81232
2024-05-02 10:13:47.875150,53.73489
2024-05-02 10:13:47.890780,51.7341
2024-05-02 10:13:47.906410,49.57956
2024-05-02 10:13:47.922030,47.10449
2024-05-02 10:13:47.937660,44.23743
2024-05-02 10:13:47.953280,40.99576
2024-05-02 10:13:47.968910,37.43362
2024-05-02 10:13:47.984530,33.63324
2024-05-02 10:13:48.000160,29.64618
2024-05-02 10:13:48.015790,25.5289
2024-05-02 10:13:48.031410,21.37744
2024-05-02 10:13:48.047040,17.36969
2024-05-02 10:13:48.062660,13.74573
2024-05-02 10:13:48.078290,10.70102
2024-05-02 10:13:48.093910,8.277985
2024-05-02 10:13:48.109540,6.273438
2024-05-02 10:13:48.125170,4.291382
2024-05-02 10:13:48.140790,1.892853
2024-05-02 10:13:48.156420,-1.194366
2024-05-02 10:13:48.172040,-4.905518
2024-05-02 10:13:48.187670,-8.791473
2024-05-02 10:13:48.203290,-12.1463
2024-05-02 10:13:48.218920,-14.2269
2024-05-02 10:13:48.234550,-14.50864
2024-05-02 10:13:48.250170,-12.85828
2024-05-02 10:13:48.265800,-9.595703
2024-05-02 10:13:48.281420,-5.408112
2024-05-02 10:13:48.297050,-1.145752
2024-05-02 10:13:48.312670,2.434357
2024-05-02 10:13:48.328300,4.846802
2024-05-02 10:13:48.343930,5.937988
2024-05-02 10:13:48.359550,5.833984
2024-05-02 10:13:48.375180,4.796692
2024-05-02 10:13:48.390800,3.112366
2024-05-02 10:13:48.406430,1.046631
2024-05-02 10:13:48.422050,-1.131958
2024-05-02 10:13:48.437680,-3.111053
2024-05-02 10:13:48.453310,-4.563141
2024-05-02 10:13:48.468930,-5.230957
2024-05-02 10:13:48.484560,-5.035095
2024-05-02 10:13:48.500180,-4.110046
2024-05-02 10:13:48.515810,-2.783691
2024-05-02 10:13:48.531430,-1.433502
2024-05-02 10:13:48.547060,-0.3817444
2024-05-02 10:13:48.562690,0.178009
2024-05-02 10:13:48.578310,0.2242432
2024-05-02 10:13:48.593940,-0.1602478
2024-05-02 10:13:48.609560,-0.842041
2024-05-02 10:13:48.625190,-1.685028
2024-05-02 10:13:48.640810,-2.577545
2024-05-02 10:13:48.656440,-3.483612
2024-05-02 10:13:48.672070,-4.455383
2024-05-02 10:13:48.687690,-5.566193
2024-05-02 10:13:48.703320,-6.899536
2024-05-02 10:13:48.718940,-8.453247
2024-05-02 10:13:48.734570,-10.16278
2024-05-02 10:13:48.750190,-11.89474
2024-05-02 10:13:48.765820,-13.60141
2024-05-02 10:13:48.781450,-15.32135
2024-05-02 10:13:48.797070,-17.19083
2024-05-02 10:13:48.812700,-19.27548
2024-05-02 10:13:48.828320,-21.41467
2024-05-02 10:13:48.843950,-23.14792
2024-05-02 10:13:48.859570,-23.82651
2024-05-02 10:13:48.875200,-22.86472
2024-05-02 10:13:48.890830,-20.03525
2024-05-02 10:13:48.906450,-15.63495
2024-05-02 10:13:48.922080,-10.40329
2024-05-02 10:13:48.937700,-5.261169
2024-05-02 10:13:48.953330,-0.9675903
2024-05-02 10:13:48.968950,2.094604
2024-05-02 10:13:48.984580,3.952545
2024-05-02 10:13:49.000210,4.899261
2024-05-02 10:13:49.015830,5.247406
2024-05-02 10:13:49.031460,5.224762
2024-05-02 10:13:49.047080,4.968994
2024-05-02 10:13:49.062710,4.609344
2024-05-02 10:13:49.078330,4.346436
2024-05-02 10:13:49.093960,4.442993
2024-05-02 10:13:49.109590,5.077911
2024-05-02 10:13:49.125210,6.242249
2024-05-02 10:13:49.140840,7.70047
2024-05-02 10:13:49.156460,9.098297
2024-05-02 10:13:49.172090,10.13336
2024-05-02 10:13:49.187710,10.70102
2024-05-02 10:13:49.203340,10.90762
2024-05-02 10:13:49.218970,10.97638
2024-05-02 10:13:49.234590,11.04788
2024-05-02 10:13:49.250220,11.11859
2024-05-02 10:13:49.265840,11.02203
2024-05-02 10:13:49.281470,10.59125
2024-05-02 10:13:49.297100,9.790314
2024-05-02 10:13:49.312720,8.741821
2024-05-02 10:13:49.328350,7.660522
2024-05-02 10:13:49.343970,6.718658
2024-05-02 10:13:49.359600,5.909637
2024-05-02 10:13:49.375220,5.065125
2024-05-02 10:13:49.390850,3.952454
2024-05-02 10:13:49.406480,2.392181
2024-05-02 10:13:49.422100,0.3496704
2024-05-02 10:13:49.437730,-2.06601
2024-05-02 10:13:49.453350,-4.633575
2024-05-02 10:13:49.468980,-7.06102
2024-05-02 10:13:49.484600,-8.997482
2024-05-02 10:13:49.500230,-10.04997
2024-05-02 10:13:49.515860,-9.830978
2024-05-02 10:13:49.531480,-8.071198
2024-05-02 10:13:49.547110,-4.746979
2024-05-02 10:13:49.562730,-0.1649475
2024-05-02 10:13:49.578360,5.084793
2024-05-02 10:13:49.593980,10.25464
2024-05-02 10:13:49.609610,14.65457
2024-05-02 10:13:49.625240,17.79247
2024-05-02 10:13:49.656490,19.67595
2024-05-02 10:13:49.672110,18.66193
2024-05-02 10:13:49.687740,16.75775
2024-05-02 10:13:49.703360,14.39517
2024-05-02 10:13:49.718990,12.07716
2024-05-02 10:13:49.734620,10.24336
2024-05-02 10:13:49.750240,9.217804
2024-05-02 10:13:49.765870,9.071732
2024-05-02 10:13:49.781490,9.643158
2024-05-02 10:13:49.797120,10.60574
2024-05-02 10:13:49.812740,11.61404
2024-05-02 10:13:49.828370,12.38831
2024-05-02 10:13:49.844000,12.78894
2024-05-02 10:13:49.859620,12.77725
2024-05-02 10:13:49.875250,12.3374
2024-05-02 10:13:49.890870,11.45685
2024-05-02 10:13:49.906500,10.12268
2024-05-02 10:13:49.922120,8.385681
2024-05-02 10:13:49.937750,6.366425
2024-05-02 10:13:49.953380,4.238098
2024-05-02 10:13:49.969000,2.163635
2024-05-02 10:13:49.984630,0.2228699
2024-05-02 10:13:50.000250,-1.614624
2024-05-02 10:13:50.015880,-3.460022
2024-05-02 10:13:50.031500,-5.451263
2024-05-02 10:13:50.047130,-7.728668
2024-05-02 10:13:50.062760,-10.37909
2024-05-02 10:13:50.078380,-13.44333
2024-05-02 10:13:50.094010,-16.84567
2024-05-02 10:13:50.109630,-20.33127
2024-05-02 10:13:50.125260,-23.44229
2024-05-02 10:13:50.140880,-25.55139
2024-05-02 10:13:50.156510,-26.05475
2024-05-02 10:13:50.172140,-24.56946
2024-05-02 10:13:50.187760,-21.13727
2024-05-02 10:13:50.203390,-16.25531
2024-05-02 10:13:50.219010,-10.71848
2024-05-02 10:13:50.234640,-5.405518
2024-05-02 10:13:50.250260,-1.013672
2024-05-02 10:13:50.265890,2.051361
2024-05-02 10:13:50.281520,3.709656
2024-05-02 10:13:50.297140,4.131439
2024-05-02 10:13:50.312770,3.634796
2024-05-02 10:13:50.328390,2.582458
2024-05-02 10:13:50.344020,1.332397
2024-05-02 10:13:50.359640,0.1708069
2024-05-02 10:13:50.375270,-0.7031555
2024-05-02 10:13:50.390900,-1.201141
2024-05-02 10:13:50.406520,-1.343903
2024-05-02 10:13:50.422150,-1.21933
2024-05-02 10:13:50.437770,-0.9574585
2024-05-02 10:13:50.453400,-0.6995544
2024-05-02 10:13:50.469020,-0.5896606
2024-05-02 10:13:50.484650,-0.7563171
2024-05-02 10:13:50.500280,-1.272614
2024-05-02 10:13:50.515900,-2.141785
2024-05-02 10:13:50.531530,-3.249115
2024-05-02 10:13:50.547150,-4.427002
2024-05-02 10:13:50.562780,-5.489502
2024-05-02 10:13:50.578400,-6.335602
2024-05-02 10:13:50.594030,-6.983276
2024-05-02 10:13:50.609660,-7.545898
2024-05-02 10:13:50.625280,-8.204834
2024-05-02 10:13:50.640910,-9.078064
2024-05-02 10:13:50.656530,-10.20834
2024-05-02 10:13:50.672160,-11.53448
2024-05-02 10:13:50.687780,-12.94904
2024-05-02 10:13:50.703410,-14.311
2024-05-02 10:13:50.719040,-15.45392
2024-05-02 10:13:50.734660,-16.16049
2024-05-02 10:13:50.750290,-16.1167
2024-05-02 10:13:50.765910,-14.96817
2024-05-02 10:13:50.797160,-8.640503
2024-05-02 10:13:50.812790,-3.83316
2024-05-02 10:13:50.828420,1.293976
2024-05-02 10:13:50.844040,6.024658
2024-05-02 10:13:50.859670,9.812042
2024-05-02 10:13:50.875290,12.42587
2024-05-02 10:13:50.890920,13.96048
2024-05-02 10:13:50.906540,14.64526
2024-05-02 10:13:50.922170,14.70523
2024-05-02 10:13:50.937800,14.25861
2024-05-02 10:13:50.953420,13.3642
2024-05-02 10:13:50.969050,12.11285
2024-05-02 10:13:50.984670,10.69623
2024-05-02 10:13:51.000300,9.391022
2024-05-02 10:13:51.015920,8.425537
2024-05-02 10:13:51.031550,7.931686
2024-05-02 10:13:51.047180,7.872864
2024-05-02 10:13:51.062800,8.076736
2024-05-02 10:13:51.078430,8.333939
2024-05-02 10:13:51.094050,8.431671
2024-05-02 10:13:51.109680,8.187408
2024-05-02 10:13:51.125300,7.488251
2024-05-02 10:13:51.140930,6.29509
2024-05-02 10:13:51.156560,4.666992
2024-05-02 10:13:51.172180,2.761307
2024-05-02 10:13:51.187810,0.7721558
2024-05-02 10:13:51.203430,-1.095612
2024-05-02 10:13:51.219060,-2.706635
2024-05-02 10:13:51.234680,-4.014679
2024-05-02 10:13:51.250310,-5.092667
2024-05-02 10:13:51.265940,-6.084473
2024-05-02 10:13:51.281560,-7.163467
2024-05-02 10:13:51.297190,-8.450562
2024-05-02 10:13:51.312810,-9.917969
2024-05-02 10:13:51.328440,-11.31906
2024-05-02 10:13:51.344060,-12.21715
2024-05-02 10:13:51.359690,-12.08238
2024-05-02 10:13:51.375320,-10.52054
2024-05-02 10:13:51.390940,-7.446198
2024-05-02 10:13:51.406570,-3.159363
2024-05-02 10:13:51.422190,1.715302
2024-05-02 10:13:51.437820,6.431641
2024-05-02 10:13:51.453440,10.34267
2024-05-02 10:13:51.469070,13.06241
2024-05-02 10:13:51.484700,14.47556
2024-05-02 10:13:51.500320,14.70523
2024-05-02 10:13:51.515950,14.00276
2024-05-02 10:13:51.531570,12.66769
2024-05-02 10:13:51.547200,11.00621
2024-05-02 10:13:51.562820,9.296844
2024-05-02 10:13:51.578450,7.805252
2024-05-02 10:13:51.594080,6.739761
2024-05-02 10:13:51.609700,6.233109
2024-05-02 10:13:51.625330,6.310852
2024-05-02 10:13:51.640950,6.917587
2024-05-02 10:13:51.656580,7.865616
2024-05-02 10:13:51.672200,8.868423
2024-05-02 10:13:51.687830,9.589798
2024-05-02 10:13:51.703460,9.733673
2024-05-02 10:13:51.719080,9.116501
2024-05-02 10:13:51.734710,7.758575
2024-05-02 10:13:51.750330,5.849548
2024-05-02 10:13:51.765960,3.679825
2024-05-02 10:13:51.781580,1.530258
2024-05-02 10:13:51.797210,-0.4503021
2024-05-02 10:13:51.812840,-2.239471
2024-05-02 10:13:51.828460,-3.912903
2024-05-02 10:13:51.844090,-5.593903
2024-05-02 10:13:51.859710,-7.36937
2024-05-02 10:13:51.875340,-9.322815
2024-05-02 10:13:51.890970,-11.51486
2024-05-02 10:13:51.906590,-13.9738
2024-05-02 10:13:51.922220,-16.63084
2024-05-02 10:13:51.937840,-19.24109
2024-05-02 10:13:51.953470,-21.31354
2024-05-02 10:13:51.969090,-22.2343
2024-05-02 10:13:51.984720,-21.45213
2024-05-02 10:13:52.000350,-18.69043
2024-05-02 10:13:52.015970,-14.13278
2024-05-02 10:13:52.031600,-8.397095
2024-05-02 10:13:52.047220,-2.347183
2024-05-02 10:13:52.062850,3.171051
2024-05-02 10:13:52.078470,7.557373
2024-05-02 10:13:52.094100,10.58389
2024-05-02 10:13:52.109730,12.29715
2024-05-02 10:13:52.125350,12.88295
2024-05-02 10:13:52.140980,12.53551
2024-05-02 10:13:52.156600,11.4604
2024-05-02 10:13:52.172230,9.911087
2024-05-02 10:13:52.187850,8.238068
2024-05-02 10:13:52.203480,6.893967
2024-05-02 10:13:52.219110,6.254272
2024-05-02 10:13:52.234730,6.500549
2024-05-02 10:13:52.250360,7.475891
2024-05-02 10:13:52.265980,8.800888
2024-05-02 10:13:52.281610,9.981598
2024-05-02 10:13:52.297230,10.62819
2024-05-02 10:13:52.312860,10.57909
2024-05-02 10:13:52.328490,9.939377
2024-05-02 10:13:52.344110,8.913727
2024-05-02 10:13:52.359740,7.754578
2024-05-02 10:13:52.375360,6.594528
2024-05-02 10:13:52.390990,5.462906
2024-05-02 10:13:52.406610,4.328293
2024-05-02 10:13:52.422240,3.138321
2024-05-02 10:13:52.437870,1.894562
2024-05-02 10:13:52.453490,0.6436157
2024-05-02 10:13:52.469120,-0.5883026
2024-05-02 10:13:52.484740,-1.844818
2024-05-02 10:13:52.500370,-3.295593
2024-05-02 10:13:52.515990,-5.180878
2024-05-02 10:13:52.531620,-7.664108
2024-05-02 10:13:52.547250,-10.63441
2024-05-02 10:13:52.562870,-13.63184
2024-05-02 10:13:52.578500,-15.94209
2024-05-02 10:13:52.594120,-16.83936
2024-05-02 10:13:52.609750,-15.92538
2024-05-02 10:13:52.625370,-13.28207
2024-05-02 10:13:52.641000,-9.424866
2024-05-02 10:13:52.656630,-5.101135
2024-05-02 10:13:52.672250,-0.9840393
2024-05-02 10:13:52.687880,2.479309
2024-05-02 10:13:52.703500,5.071655
2024-05-02 10:13:52.719130,6.736511
2024-05-02 10:13:52.734750,7.490784
2024-05-02 10:13:52.750380,7.403625
2024-05-02 10:13:52.766010,6.656097
2024-05-02 10:13:52.781630,5.557648
2024-05-02 10:13:52.797260,4.487488
2024-05-02 10:13:52.812880,3.772888
2024-05-02 10:13:52.828510,3.583038
2024-05-02 10:13:52.844130,3.881134
2024-05-02 10:13:52.859760,4.477844
2024-05-02 10:13:52.875390,5.160309
2024-05-02 10:13:52.891010,5.768158
2024-05-02 10:13:52.906640,6.263977
2024-05-02 10:13:52.922260,6.662384
2024-05-02 10:13:52.937890,6.952454
2024-05-02 10:13:52.953510,7.07608
2024-05-02 10:13:52.969140,6.872101
2024-05-02 10:13:52.984770,6.169617
2024-05-02 10:13:53.000390,4.892334
2024-05-02 10:13:53.016020,3.084229
2024-05-02 10:13:53.031640,0.953125
2024-05-02 10:13:53.047270,-1.195221
2024-05-02 10:13:53.062890,-3.08725
2024-05-02 10:13:53.078520,-4.593048
2024-05-02 10:13:53.094150,-5.760315
2024-05-02 10:13:53.109770,-6.795441
2024-05-02 10:13:53.125400,-7.965973
2024-05-02 10:13:53.141020,-9.486084
2024-05-02 10:13:53.156650,-11.43085
2024-05-02 10:13:53.172270,-13.67056
2024-05-02 10:13:53.187900,-15.87885
2024-05-02 10:13:53.203530,-17.56546
2024-05-02 10:13:53.219150,-18.19943
2024-05-02 10:13:53.234780,-17.36572
2024-05-02 10:13:53.250400,-14.91318
2024-05-02 10:13:53.266030,-11.04626
2024-05-02 10:13:53.281650,-6.281677
2024-05-02 10:13:53.297280,-1.280151
2024-05-02 10:13:53.312910,3.316193
2024-05-02 10:13:53.328530,7.068359
2024-05-02 10:13:53.344160,9.776489
2024-05-02 10:13:53.359780,11.41907
2024-05-02 10:13:53.375410,12.12387
2024-05-02 10:13:53.391030,12.06546
2024-05-02 10:13:53.406660,11.46091
2024-05-02 10:13:53.422290,10.56674
2024-05-02 10:13:53.437910,9.632568
2024-05-02 10:13:53.453540,8.867188
2024-05-02 10:13:53.469160,8.391479
2024-05-02 10:13:53.484790,8.209595
2024-05-02 10:13:53.500410,8.212494
2024-05-02 10:13:53.516040,8.245117
2024-05-02 10:13:53.531670,8.162567
2024-05-02 10:13:53.547290,7.858124
2024-05-02 10:13:53.562920,7.303925
2024-05-02 10:13:53.578540,6.53363
2024-05-02 10:13:53.594170,5.598145
2024-05-02 10:13:53.609790,4.524109
2024-05-02 10:13:53.625420,3.307892
2024-05-02 10:13:53.641050,1.898743
2024-05-02 10:13:53.656670,0.2798767
2024-05-02 10:13:53.672300,-1.480316
2024-05-02 10:13:53.687920,-3.203308
2024-05-02 10:13:53.703550,-4.699097
2024-05-02 10:13:53.719170,-5.850555
2024-05-02 10:13:53.734800,-6.769745
2024-05-02 10:13:53.750430,-7.791687
2024-05-02 10:13:53.766050,-9.303345
2024-05-02 10:13:53.781680,-11.56381
2024-05-02 10:13:53.797300,-14.49884
2024-05-02 10:13:53.812930,-17.67404
2024-05-02 10:13:53.828550,-20.41895
2024-05-02 10:13:53.844180,-22.06805
2024-05-02 10:13:53.859810,-22.14084
2024-05-02 10:13:53.875430,-20.50037
2024-05-02 10:13:53.891060,-17.3233
2024-05-02 10:13:53.906680,-13.00677
2024-05-02 10:13:53.922310,-8.097687
2024-05-02 10:13:53.937930,-3.175995
2024-05-02 10:13:53.953560,1.18277
2024-05-02 10:13:53.969190,4.508301
2024-05-02 10:13:53.984810,6.49295
2024-05-02 10:13:54.000440,7.078857
2024-05-02 10:13:54.016060,6.487396
2024-05-02 10:13:54.031690,5.179565
2024-05-02 10:13:54.047310,3.730286
2024-05-02 10:13:54.062940,2.670624
2024-05-02 10:13:54.078570,2.327606
2024-05-02 10:13:54.094190,2.730408
2024-05-02 10:13:54.109820,3.65332
2024-05-02 10:13:54.125440,4.708832
2024-05-02 10:13:54.141070,5.544312
2024-05-02 10:13:54.156700,5.919434
2024-05-02 10:13:54.172320,5.757263
2024-05-02 10:13:54.187950,5.082703
2024-05-02 10:13:54.203570,3.963196
2024-05-02 10:13:54.219200,2.451965
2024-05-02 10:13:54.234820,0.6333618
2024-05-02 10:13:54.250450,-1.328766
2024-05-02 10:13:54.266080,-3.207367
2024-05-02 10:13:54.281700,-4.747223
2024-05-02 10:13:54.297330,-5.801971
2024-05-02 10:13:54.312950,-6.384949
2024-05-02 10:13:54.328580,-6.735474
2024-05-02 10:13:54.344200,-7.20224
2024-05-02 10:13:54.359830,-8.117279
2024-05-02 10:13:54.375460,-9.694214
2024-05-02 10:13:54.391080,-11.96896
2024-05-02 10:13:54.406710,-14.77948
2024-05-02 10:13:54.422330,-17.79456
2024-05-02 10:13:54.437960,-20.49289
2024-05-02 10:13:54.453580,-22.27597
2024-05-02 10:13:54.469210,-22.58569
2024-05-02 10:13:54.484840,-21.08566
2024-05-02 10:13:54.500460,-17.82532
2024-05-02 10:13:54.516090,-13.2529
2024-05-02 10:13:54.531710,-8.080627
2024-05-02 10:13:54.547340,-3.100464
2024-05-02 10:13:54.562960,1.048248
2024-05-02 10:13:54.578590,3.982422
2024-05-02 10:13:54.594220,5.581299
2024-05-02 10:13:54.609840,5.911102
2024-05-02 10:13:54.625470,5.138489
2024-05-02 10:13:54.641090,3.518738
2024-05-02 10:13:54.656720,1.395233
2024-05-02 10:13:54.672340,-0.8201294
2024-05-02 10:13:54.687970,-2.678375
2024-05-02 10:13:54.703600,-3.783875
2024-05-02 10:13:54.719220,-3.912903
2024-05-02 10:13:54.734850,-3.088455
2024-05-02 10:13:54.750470,-1.567551
2024-05-02 10:13:54.766100,0.2126007
2024-05-02 10:13:54.781720,1.769211
2024-05-02 10:13:54.797350,2.680557
2024-05-02 10:13:54.812980,2.753235
2024-05-02 10:13:54.828600,1.989029
2024-05-02 10:13:54.844230,0.5678406
2024-05-02 10:13:54.859850,-1.279388
2024-05-02 10:13:54.875480,-3.325562
2024-05-02 10:13:54.891100,-5.433395
2024-05-02 10:13:54.906730,-7.509995
2024-05-02 10:13:54.922360,-9.549561
2024-05-02 10:13:54.937980,-11.60773
2024-05-02 10:13:54.953610,-13.84941
2024-05-02 10:13:54.969230,-16.4973
2024-05-02 10:13:54.984860,-19.71468
2024-05-02 10:13:55.000480,-23.43779
2024-05-02 10:13:55.016110,-27.2748
2024-05-02 10:13:55.031740,-30.50908
2024-05-02 10:13:55.047360,-32.28952
2024-05-02 10:13:55.062990,-31.92644
2024-05-02 10:13:55.078610,-29.19774
2024-05-02 10:13:55.094240,-24.4352
2024-05-02 10:13:55.109860,-18.45802
2024-05-02 10:13:55.125490,-12.22957
2024-05-02 10:13:55.141120,-6.606232
2024-05-02 10:13:55.156740,-2.050232
2024-05-02 10:13:55.172370,1.321716
2024-05-02 10:13:55.187990,3.625229
2024-05-02 10:13:55.203620,5.030731
2024-05-02 10:13:55.219240,5.655167
2024-05-02 10:13:55.234870,5.604523
2024-05-02 10:13:55.250500,5.033813
2024-05-02 10:13:55.266120,4.259354
2024-05-02 10:13:55.281750,3.687225
2024-05-02 10:13:55.297370,3.707718
2024-05-02 10:13:55.313000,4.510132
2024-05-02 10:13:55.328620,5.969559
2024-05-02 10:13:55.344250,7.678726
2024-05-02 10:13:55.359880,9.116531
2024-05-02 10:13:55.375500,9.891663
2024-05-02 10:13:55.391130,9.796524
2024-05-02 10:13:55.406750,8.934097
2024-05-02 10:13:55.422380,7.524399
2024-05-02 10:13:55.438000,5.796829
2024-05-02 10:13:55.453630,3.873428
2024-05-02 10:13:55.469260,1.772217
2024-05-02 10:13:55.484880,-0.5644226
2024-05-02 10:13:55.500510,-3.211716
2024-05-02 10:13:55.516130,-6.182236
2024-05-02 10:13:55.531760,-9.475235
2024-05-02 10:13:55.547380,-13.00842
2024-05-02 10:13:55.563010,-16.72717
2024-05-02 10:13:55.578640,-20.53137
2024-05-02 10:13:55.594260,-24.3019
2024-05-02 10:13:55.609890,-27.81548
2024-05-02 10:13:55.625510,-30.69485
2024-05-02 10:13:55.641140,-32.42668
2024-05-02 10:13:55.656760,-32.43633
2024-05-02 10:13:55.672390,-30.3089
2024-05-02 10:13:55.688020,-25.95213
2024-05-02 10:13:55.703640,-19.77515
2024-05-02 10:13:55.719270,-12.59956
2024-05-02 10:13:55.734890,-5.428291
2024-05-02 10:13:55.750520,0.8829651
2024-05-02 10:13:55.766140,5.874779
2024-05-02 10:13:55.781770,9.489006
2024-05-02 10:13:55.797400,11.94258
2024-05-02 10:13:55.813020,13.44931
2024-05-02 10:13:55.828650,14.13113
2024-05-02 10:13:55.844270,14.02525
2024-05-02 10:13:55.859900,13.26025
2024-05-02 10:13:55.875520,12.17146
2024-05-02 10:13:55.891150,11.22837
2024-05-02 10:13:55.906780,10.90133
2024-05-02 10:13:55.922400,11.40495
2024-05-02 10:13:55.938030,12.624
2024-05-02 10:13:55.953650,14.1365
2024-05-02 10:13:55.969280,15.4788
2024-05-02 10:13:55.984900,16.32118
2024-05-02 10:13:56.000530,16.56358
2024-05-02 10:13:56.016160,16.28551
2024-05-02 10:13:56.031780,15.62384
2024-05-02 10:13:56.047410,14.69489
2024-05-02 10:13:56.063030,13.55905
2024-05-02 10:13:56.078660,12.27998
2024-05-02 10:13:56.094280,10.92139
2024-05-02 10:13:56.109910,9.557018
2024-05-02 10:13:56.125540,8.255337
2024-05-02 10:13:56.141160,7.031132
2024-05-02 10:13:56.156790,5.828342
2024-05-02 10:13:56.172410,4.520603
2024-05-02 10:13:56.188040,2.939003
2024-05-02 10:13:56.203660,0.9278316
2024-05-02 10:13:56.219290,-1.529045
2024-05-02 10:13:56.234920,-4.205563
2024-05-02 10:13:56.250540,-6.545273
2024-05-02 10:13:56.266170,-7.79122
2024-05-02 10:13:56.281790,-7.204306
2024-05-02 10:13:56.297420,-4.350305
2024-05-02 10:13:56.313050,0.6271544
2024-05-02 10:13:56.328670,7.061943
2024-05-02 10:13:56.344300,13.8994
2024-05-02 10:13:56.359920,20.13542
2024-05-02 10:13:56.375550,25.04514
2024-05-02 10:13:56.391170,28.4011
2024-05-02 10:13:56.406800,30.30933
2024-05-02 10:13:56.422430,31.03608
2024-05-02 10:13:56.438050,30.83428
2024-05-02 10:13:56.453680,29.88755
2024-05-02 10:13:56.469300,28.35186
2024-05-02 10:13:56.484930,26.45964
2024-05-02 10:13:56.500550,24.52118
2024-05-02 10:13:56.516180,22.84567
2024-05-02 10:13:56.531810,21.6486
2024-05-02 10:13:56.547430,20.90984
2024-05-02 10:13:56.563060,20.4474
2024-05-02 10:13:56.578680,19.98095
2024-05-02 10:13:56.594310,19.28303
2024-05-02 10:13:56.609930,18.27955
2024-05-02 10:13:56.625560,17.00187
2024-05-02 10:13:56.641190,15.53226
2024-05-02 10:13:56.656810,13.86343
2024-05-02 10:13:56.672440,11.93542
2024-05-02 10:13:56.688060,9.66324
2024-05-02 10:13:56.703690,7.078381
2024-05-02 10:13:56.719310,4.314796
2024-05-02 10:13:56.734940,1.580948
2024-05-02 10:13:56.750570,-0.9505959
2024-05-02 10:13:56.766190,-3.27116
2024-05-02 10:13:56.781820,-5.573586
2024-05-02 10:13:56.797440,-8.128242
2024-05-02 10:13:56.813070,-11.21028
2024-05-02 10:13:56.828690,-14.90169
2024-05-02 10:13:56.844320,-19.03497
2024-05-02 10:13:56.859950,-23.1078
2024-05-02 10:13:56.875570,-26.40659
2024-05-02 10:13:56.891200,-28.10022
2024-05-02 10:13:56.906820,-27.54055
2024-05-02 10:13:56.922450,-24.42963
2024-05-02 10:13:56.938070,-19.00478
2024-05-02 10:13:56.953700,-12.00018
2024-05-02 10:13:56.969330,-4.467236
2024-05-02 10:13:56.984950,2.54821
2024-05-02 10:13:57.000580,8.244537
2024-05-02 10:13:57.016200,12.22755
2024-05-02 10:13:57.031830,14.49448
2024-05-02 10:13:57.047450,15.27613
2024-05-02 10:13:57.063080,14.89698
2024-05-02 10:13:57.078710,13.71416
2024-05-02 10:13:57.094330,12.07204
2024-05-02 10:13:57.109960,10.3577
2024-05-02 10:13:57.125580,8.966595
2024-05-02 10:13:57.141210,8.254219
2024-05-02 10:13:57.156830,8.398785
2024-05-02 10:13:57.172460,9.329006
2024-05-02 10:13:57.188090,10.69744
2024-05-02 10:13:57.203710,12.01323
2024-05-02 10:13:57.219340,12.78706
2024-05-02 10:13:57.234960,12.73129
2024-05-02 10:13:57.250590,11.82402
2024-05-02 10:13:57.266210,10.31216
2024-05-02 10:13:57.281840,8.527817
2024-05-02 10:13:57.297470,6.763466
2024-05-02 10:13:57.313090,5.128685
2024-05-02 10:13:57.328720,3.533409
2024-05-02 10:13:57.344340,1.787083
2024-05-02 10:13:57.359970,-0.2866974
2024-05-02 10:13:57.375590,-2.765945
2024-05-02 10:13:57.391220,-5.600899
2024-05-02 10:13:57.406850,-8.694725
2024-05-02 10:13:57.422470,-11.89373
2024-05-02 10:13:57.438100,-15.00096
2024-05-02 10:13:57.453720,-17.71069
2024-05-02 10:13:57.469350,-19.61272
2024-05-02 10:13:57.484970,-20.21023
2024-05-02 10:13:57.500600,-19.13186
2024-05-02 10:13:57.516230,-16.26373
2024-05-02 10:13:57.531850,-11.83573
2024-05-02 10:13:57.547480,-6.405041
2024-05-02 10:13:57.563100,-0.6693115
2024-05-02 10:13:57.578730,4.678688
2024-05-02 10:13:57.594350,9.135899
2024-05-02 10:13:57.609980,12.40459
2024-05-02 10:13:57.625610,14.39748
2024-05-02 10:13:57.641230,15.17553
2024-05-02 10:13:57.656860,14.90065
2024-05-02 10:13:57.672480,13.84222
2024-05-02 10:13:57.688110,12.35026
2024-05-02 10:13:57.703730,10.83021
2024-05-02 10:13:57.719360,9.643875
2024-05-02 10:13:57.734990,9.041451
2024-05-02 10:13:57.750610,9.074203
2024-05-02 10:13:57.766240,9.590721
2024-05-02 10:13:57.781860,10.25463
2024-05-02 10:13:57.797490,10.72154
2024-05-02 10:13:57.813110,10.76614
2024-05-02 10:13:57.828740,10.3635
2024-05-02 10:13:57.844370,9.685623
2024-05-02 10:13:57.859990,8.981247
2024-05-02 10:13:57.875620,8.432457
2024-05-02 10:13:57.891240,8.0289
2024-05-02 10:13:57.906870,7.607384
2024-05-02 10:13:57.922490,6.893425
2024-05-02 10:13:57.938120,5.644325
2024-05-02 10:13:57.953750,3.709541
2024-05-02 10:13:57.969370,0.9956589
2024-05-02 10:13:57.985000,-2.482216
2024-05-02 10:13:58.000620,-6.620277
2024-05-02 10:13:58.016250,-11.10487
2024-05-02 10:13:58.031870,-15.39768
2024-05-02 10:13:58.047500,-18.7418
2024-05-02 10:13:58.063130,-20.38687
2024-05-02 10:13:58.078750,-19.83418
2024-05-02 10:13:58.094380,-17.03786
2024-05-02 10:13:58.110000,-12.45429
2024-05-02 10:13:58.125630,-6.877731
2024-05-02 10:13:58.141250,-1.190308
2024-05-02 10:13:58.156880,3.880753
2024-05-02 10:13:58.172510,7.873543
2024-05-02 10:13:58.188130,10.57831
2024-05-02 10:13:58.203760,11.9535
2024-05-02 10:13:58.219380,12.03226
2024-05-02 10:13:58.235010,10.9346
2024-05-02 10:13:58.250630,8.92057
2024-05-02 10:13:58.266260,6.422562
2024-05-02 10:13:58.281890,3.969261
2024-05-02 10:13:58.297510,2.060989
2024-05-02 10:13:58.313140,0.9736481
2024-05-02 10:13:58.328760,0.6530914
2024-05-02 10:13:58.344390,0.7716599
2024-05-02 10:13:58.360010,0.8849335
2024-05-02 10:13:58.375640,0.6393051
2024-05-02 10:13:58.391270,-0.06560516
2024-05-02 10:13:58.406890,-1.096558
2024-05-02 10:13:58.422520,-2.208221
2024-05-02 10:13:58.438140,-3.21608
2024-05-02 10:13:58.453770,-4.107147
2024-05-02 10:13:58.469390,-5.066116
2024-05-02 10:13:58.485020,-6.372551
2024-05-02 10:13:58.500650,-8.260056
2024-05-02 10:13:58.516270,-10.85058
2024-05-02 10:13:58.531900,-14.1535
2024-05-02 10:13:58.547520,-18.05221
2024-05-02 10:13:58.563150,-22.30178
2024-05-02 10:13:58.578770,-26.48126
2024-05-02 10:13:58.594400,-30.00121
2024-05-02 10:13:58.610030,-32.16279
2024-05-02 10:13:58.625650,-32.35323
2024-05-02 10:13:58.641280,-30.27999
2024-05-02 10:13:58.656900,-26.12793
2024-05-02 10:13:58.672530,-20.5555
2024-05-02 10:13:58.688150,-14.52444
2024-05-02 10:13:58.703780,-9.013565
2024-05-02 10:13:58.719410,-4.77565
2024-05-02 10:13:58.735030,-2.179665
2024-05-02 10:13:58.750660,-1.222244
2024-05-02 10:13:58.766280,-1.649559
2024-05-02 10:13:58.781910,-3.067825
2024-05-02 10:13:58.797530,-5.043343
2024-05-02 10:13:58.813160,-7.155174
2024-05-02 10:13:58.828790,-9.048973
2024-05-02 10:13:58.844410,-10.47893
2024-05-02 10:13:58.860040,-11.39757
2024-05-02 10:13:58.875660,-11.95448
2024-05-02 10:13:58.891290,-12.43838
2024-05-02 10:13:58.906910,-13.17869
2024-05-02 10:13:58.922540,-14.42173
2024-05-02 10:13:58.938170,-16.20631
2024-05-02 10:13:58.953790,-18.38545
2024-05-02 10:13:58.969420,-20.68958
2024-05-02 10:13:58.985040,-22.86787
2024-05-02 10:13:59.000670,-24.77112
2024-05-02 10:13:59.016300,-26.39879
2024-05-02 10:13:59.031920,-27.83948
2024-05-02 10:13:59.047550,-29.2345
2024-05-02 10:13:59.063170,-30.73146
2024-05-02 10:13:59.078800,-32.45699
2024-05-02 10:13:59.094420,-34.48421
2024-05-02 10:13:59.110050,-36.7308
2024-05-02 10:13:59.125680,-38.86813
2024-05-02 10:13:59.141300,-40.29234
2024-05-02 10:13:59.156930,-40.26459
2024-05-02 10:13:59.172550,-38.15991
2024-05-02 10:13:59.188180,-33.74446
2024-05-02 10:13:59.203800,-27.3297
2024-05-02 10:13:59.219430,-19.68303
2024-05-02 10:13:59.235060,-11.75999
2024-05-02 10:13:59.250680,-4.37233
2024-05-02 10:13:59.266310,2.030334
2024-05-02 10:13:59.281930,7.36795
2024-05-02 10:13:59.297560,11.7412
2024-05-02 10:13:59.313180,15.22641
2024-05-02 10:13:59.328810,17.7668
2024-05-02 10:13:59.344440,19.27577
2024-05-02 10:13:59.360060,19.78535
2024-05-02 10:13:59.375690,19.6053
2024-05-02 10:13:59.391310,19.28387
2024-05-02 10:13:59.406940,19.39035
2024-05-02 10:13:59.422560,20.23051
2024-05-02 10:13:59.438190,21.69188
2024-05-02 10:13:59.453820,23.24834
2024-05-02 10:13:59.469440,24.23952
2024-05-02 10:13:59.485070,24.16489
2024-05-02 10:13:59.500690,22.92198
2024-05-02 10:13:59.516320,20.79425
2024-05-02 10:13:59.531940,18.27457
2024-05-02 10:13:59.547570,15.77477
2024-05-02 10:13:59.563200,13.46432
2024-05-02 10:13:59.578820,11.24161
2024-05-02 10:13:59.594450,8.85257
2024-05-02 10:13:59.610070,6.037262
2024-05-02 10:13:59.625700,2.641663
2024-05-02 10:13:59.641320,-1.305176
2024-05-02 10:13:59.656950,-5.580139
2024-05-02 10:13:59.672580,-9.711945
2024-05-02 10:13:59.688200,-12.99722
2024-05-02 10:13:59.703830,-14.61362
2024-05-02 10:13:59.719450,-13.83084
2024-05-02 10:13:59.735080,-10.31677
2024-05-02 10:13:59.750700,-4.32309
2024-05-02 10:13:59.766330,3.317444
2024-05-02 10:13:59.781960,11.43924
2024-05-02 10:13:59.797580,18.93045
2024-05-02 10:13:59.813210,25.08182
2024-05-02 10:13:59.828830,29.65375
2024-05-02 10:13:59.844460,32.81744
2024-05-02 10:13:59.860080,34.86658
2024-05-02 10:13:59.875710,36.00464
2024-05-02 10:13:59.891340,36.27628
2024-05-02 10:13:59.906960,35.69397
2024-05-02 10:13:59.922590,34.38113
2024-05-02 10:13:59.938210,32.69885
2024-05-02 10:13:59.953840,31.13766
2024-05-02 10:13:59.969460,30.12155
2024-05-02 10:13:59.985090,29.79739
2024-05-02 10:14:00.000720,29.95239
2024-05-02 10:14:00.016340,30.10736
2024-05-02 10:14:00.031970,29.76691
2024-05-02 10:14:00.047590,28.66882
2024-05-02 10:14:00.063220,26.86032
2024-05-02 10:14:00.078840,24.66949
2024-05-02 10:14:00.094470,22.45865
2024-05-02 10:14:00.110100,20.4491
2024-05-02 10:14:00.125720,18.61191
2024-05-02 10:14:00.141350,16.73911
2024-05-02 10:14:00.156970,14.59344
2024-05-02 10:14:00.172600,12.05457
2024-05-02 10:14:00.188220,9.149261
2024-05-02 10:14:00.203850,5.942535
2024-05-02 10:14:00.219480,2.454132
2024-05-02 10:14:00.235100,-1.363861
2024-05-02 10:14:00.250730,-5.468781
2024-05-02 10:14:00.266350,-9.550934
2024-05-02 10:14:00.281980,-12.94894
2024-05-02 10:14:00.297600,-14.81073
2024-05-02 10:14:00.313230,-14.40448
2024-05-02 10:14:00.328860,-11.46393
2024-05-02 10:14:00.344480,-6.356415
2024-05-02 10:14:00.360110,0.06521606
2024-05-02 10:14:00.375730,6.775787
2024-05-02 10:14:00.391360,12.93994
2024-05-02 10:14:00.406980,18.10037
2024-05-02 10:14:00.422610,22.11551
2024-05-02 10:14:00.438240,25.01578
2024-05-02 10:14:00.453860,26.81769
2024-05-02 10:14:00.469490,27.513
2024-05-02 10:14:00.485110,27.11975
2024-05-02 10:14:00.500740,25.82144
2024-05-02 10:14:00.516360,23.98407
2024-05-02 10:14:00.531990,22.09232
2024-05-02 10:14:00.547620,20.564
2024-05-02 10:14:00.563240,19.61456
2024-05-02 10:14:00.578870,19.20029
2024-05-02 10:14:00.594490,19.04233
2024-05-02 10:14:00.610120,18.78
2024-05-02 10:14:00.625740,18.11859
2024-05-02 10:14:00.641370,16.95792
2024-05-02 10:14:00.657000,15.35233
2024-05-02 10:14:00.672620,13.48355
2024-05-02 10:14:00.688250,11.51892
2024-05-02 10:14:00.703870,9.57663
2024-05-02 10:14:00.719500,7.702301
2024-05-02 10:14:00.735120,5.912811
2024-05-02 10:14:00.750750,4.218689
2024-05-02 10:14:00.766380,2.563385
2024-05-02 10:14:00.782000,0.8230896
2024-05-02 10:14:00.797630,-1.243042
2024-05-02 10:14:00.813250,-3.883759
2024-05-02 10:14:00.828880,-7.256989
2024-05-02 10:14:00.844500,-11.29443
2024-05-02 10:14:00.860130,-15.62558
2024-05-02 10:14:00.875760,-19.64349
2024-05-02 10:14:00.891380,-22.62091
2024-05-02 10:14:00.907010,-23.88907
2024-05-02 10:14:00.922630,-23.02759
2024-05-02 10:14:00.938260,-19.99545
2024-05-02 10:14:00.953880,-15.16757
2024-05-02 10:14:00.969510,-9.273743
2024-05-02 10:14:00.985140,-3.191833
2024-05-02 10:14:01.000760,2.238037
2024-05-02 10:14:01.016390,6.421204
2024-05-02 10:14:01.032010,9.111023
2024-05-02 10:14:01.047640,10.35428
2024-05-02 10:14:01.063260,10.41153
2024-05-02 10:14:01.078890,9.611389
2024-05-02 10:14:01.094520,8.292816
2024-05-02 10:14:01.110140,6.759308
2024-05-02 10:14:01.125770,5.272705
2024-05-02 10:14:01.141390,4.074707
2024-05-02 10:14:01.157020,3.298584
2024-05-02 10:14:01.172650,3.008728
2024-05-02 10:14:01.188270,3.15979
2024-05-02 10:14:01.203900,3.641083
2024-05-02 10:14:01.219520,4.277679
2024-05-02 10:14:01.235150,4.852417
2024-05-02 10:14:01.250770,5.161469
2024-05-02 10:14:01.266400,5.025574
2024-05-02 10:14:01.282030,4.367767
2024-05-02 10:14:01.297650,3.235779
2024-05-02 10:14:01.313280,1.816467
2024-05-02 10:14:01.328900,0.3261719
2024-05-02 10:14:01.344530,-1.059021
2024-05-02 10:14:01.360150,-2.281616
2024-05-02 10:14:01.375780,-3.399139
2024-05-02 10:14:01.391410,-4.535278
2024-05-02 10:14:01.407030,-5.798431
2024-05-02 10:14:01.422660,-7.272614
2024-05-02 10:14:01.438280,-9.006622
2024-05-02 10:14:01.453910,-11.03476
2024-05-02 10:14:01.469530,-13.34271
2024-05-02 10:14:01.485160,-15.79556
2024-05-02 10:14:01.500790,-18.05493
2024-05-02 10:14:01.516410,-19.59537
2024-05-02 10:14:01.532040,-19.81412
2024-05-02 10:14:01.547660,-18.26105
2024-05-02 10:14:01.563290,-14.82724
2024-05-02 10:14:01.578910,-9.852112
2024-05-02 10:14:01.594540,-4.044891
2024-05-02 10:14:01.610170,1.720184
2024-05-02 10:14:01.625790,6.653687
2024-05-02 10:14:01.641420,10.26367
2024-05-02 10:14:01.657040,12.43246
2024-05-02 10:14:01.672670,13.32657
2024-05-02 10:14:01.688290,13.28296
2024-05-02 10:14:01.703920,12.66364
2024-05-02 10:14:01.719550,11.77057
2024-05-02 10:14:01.735170,10.8345
2024-05-02 10:14:01.750800,10.05164
2024-05-02 10:14:01.766420,9.587433
2024-05-02 10:14:01.782050,9.558136
2024-05-02 10:14:01.797670,9.979736
2024-05-02 10:14:01.813300,10.71686
2024-05-02 10:14:01.828930,11.49716
2024-05-02 10:14:01.844550,11.99219
2024-05-02 10:14:01.860180,11.92825
2024-05-02 10:14:01.875800,11.17368
2024-05-02 10:14:01.891430,9.759613
2024-05-02 10:14:01.907050,7.835175
2024-05-02 10:14:01.922680,5.592194
2024-05-02 10:14:01.938310,3.224792
2024-05-02 10:14:01.953930,0.896759
2024-05-02 10:14:01.969560,-1.224518
2024-05-02 10:14:01.985180,-2.989624
2024-05-02 10:14:02.000810,-4.318726
2024-05-02 10:14:02.016430,-5.260406
2024-05-02 10:14:02.032060,-6.03363
2024-05-02 10:14:02.047690,-6.973419
2024-05-02 10:14:02.063310,-8.430115
2024-05-02 10:14:02.078940,-10.61401
2024-05-02 10:14:02.094560,-13.4335
2024-05-02 10:14:02.110190,-16.43872
2024-05-02 10:14:02.125810,-18.92773
2024-05-02 10:14:02.141440,-20.10727
2024-05-02 10:14:02.157070,-19.36887
2024-05-02 10:14:02.172690,-16.5022
2024-05-02 10:14:02.188320,-11.83221
2024-05-02 10:14:02.203940,-6.08197
2024-05-02 10:14:02.219570,-0.1825562
2024-05-02 10:14:02.235190,5.015625
2024-05-02 10:14:02.250820,8.943512
2024-05-02 10:14:02.266450,11.39522
2024-05-02 10:14:02.282070,12.46291
2024-05-02 10:14:02.297700,12.42436
2024-05-02 10:14:02.313320,11.62378
2024-05-02 10:14:02.328950,10.43326
2024-05-02 10:14:02.344570,9.186005
2024-05-02 10:14:02.360200,8.185333
2024-05-02 10:14:02.375830,7.647766
2024-05-02 10:14:02.391450,7.677002
2024-05-02 10:14:02.407080,8.212158
2024-05-02 10:14:02.422700,9.085037
2024-05-02 10:14:02.438330,10.05316
2024-05-02 10:14:02.453950,10.87576
2024-05-02 10:14:02.469580,11.32614
2024-05-02 10:14:02.485210,11.24527
2024-05-02 10:14:02.500830,10.54796
2024-05-02 10:14:02.516460,9.244766
2024-05-02 10:14:02.532080,7.443115
2024-05-02 10:14:02.547710,5.366043
2024-05-02 10:14:02.563330,3.275574
2024-05-02 10:14:02.578960,1.392502
2024-05-02 10:14:02.594590,-0.1573334
2024-05-02 10:14:02.610210,-1.372543
2024-05-02 10:14:02.625840,-2.374191
2024-05-02 10:14:02.641460,-3.327881
2024-05-02 10:14:02.657090,-4.428528
2024-05-02 10:14:02.672710,-5.827835
2024-05-02 10:14:02.688340,-7.64299
2024-05-02 10:14:02.703970,-9.849731
2024-05-02 10:14:02.719590,-12.23526
2024-05-02 10:14:02.735220,-14.37106
2024-05-02 10:14:02.750840,-15.69592
2024-05-02 10:14:02.766470,-15.64626
2024-05-02 10:14:02.782090,-13.88637
2024-05-02 10:14:02.797720,-10.43768
2024-05-02 10:14:02.813350,-5.709167
2024-05-02 10:14:02.828970,-0.376236
2024-05-02 10:14:02.844600,4.824036
2024-05-02 10:14:02.860220,9.320602
2024-05-02 10:14:02.875850,12.81599
2024-05-02 10:14:02.891470,15.31644
2024-05-02 10:14:02.907100,16.98517
2024-05-02 10:14:02.922730,18.0593
2024-05-02 10:14:02.938350,18.70412
2024-05-02 10:14:02.953980,19.0369
2024-05-02 10:14:02.969600,19.12923
2024-05-02 10:14:02.985230,19.0838
2024-05-02 10:14:03.000850,19.02327
2024-05-02 10:14:03.016480,19.06827
2024-05-02 10:14:03.032110,19.26312
2024-05-02 10:14:03.047730,19.55127
2024-05-02 10:14:03.063360,19.76471
2024-05-02 10:14:03.078980,19.6917
2024-05-02 10:14:03.094610,19.16292
2024-05-02 10:14:03.110230,18.10979
2024-05-02 10:14:03.125860,16.55334
2024-05-02 10:14:03.141490,14.60635
2024-05-02 10:14:03.157110,12.39821
2024-05-02 10:14:03.172740,10.08232
2024-05-02 10:14:03.188360,7.794556
2024-05-02 10:14:03.203990,5.639496
2024-05-02 10:14:03.219610,3.626968
2024-05-02 10:14:03.235240,1.705154
2024-05-02 10:14:03.250870,-0.2480316
2024-05-02 10:14:03.266490,-2.387466
2024-05-02 10:14:03.282120,-4.851776
2024-05-02 10:14:03.297740,-7.704895
2024-05-02 10:14:03.313370,-10.90146
2024-05-02 10:14:03.328990,-14.2468
2024-05-02 10:14:03.344620,-17.39676
2024-05-02 10:14:03.360250,-19.87016
2024-05-02 10:14:03.375870,-21.17555
2024-05-02 10:14:03.391500,-20.9282
2024-05-02 10:14:03.407120,-19.06232
2024-05-02 10:14:03.422750,-15.8557
2024-05-02 10:14:03.438380,-11.87509
2024-05-02 10:14:03.454000,-7.813843
2024-05-02 10:14:03.469630,-4.266586
2024-05-02 10:14:03.485250,-1.56601
2024-05-02 10:14:03.500880,0.2200241
2024-05-02 10:14:03.516500,1.221626
2024-05-02 10:14:03.532130,1.647644
2024-05-02 10:14:03.547760,1.695572
2024-05-02 10:14:03.563380,1.542938
2024-05-02 10:14:03.579010,1.371246
2024-05-02 10:14:03.594630,1.377312
2024-05-02 10:14:03.610260,1.740379
2024-05-02 10:14:03.625880,2.554237
2024-05-02 10:14:03.641510,3.767563
2024-05-02 10:14:03.657140,5.160553
2024-05-02 10:14:03.672760,6.400215
2024-05-02 10:14:03.688390,7.139313
2024-05-02 10:14:03.704010,7.138451
2024-05-02 10:14:03.719640,6.316643
2024-05-02 10:14:03.735260,4.796257
2024-05-02 10:14:03.750890,2.821434
2024-05-02 10:14:03.766520,0.7142982
2024-05-02 10:14:03.782140,-1.271515
2024-05-02 10:14:03.797770,-2.988514
2024-05-02 10:14:03.813390,-4.447899
2024-05-02 10:14:03.829020,-5.766483
2024-05-02 10:14:03.844640,-7.12994
2024-05-02 10:14:03.860270,-8.737984
2024-05-02 10:14:03.875900,-10.75337
2024-05-02 10:14:03.891520,-13.26453
2024-05-02 10:14:03.907150,-16.22596
2024-05-02 10:14:03.922770,-19.4201
2024-05-02 10:14:03.938400,-22.42028
2024-05-02 10:14:03.954020,-24.66944
2024-05-02 10:14:03.969650,-25.63119
2024-05-02 10:14:03.985280,-24.97752
2024-05-02 10:14:04.000900,-22.75401
2024-05-02 10:14:04.016530,-19.39473
2024-05-02 10:14:04.032150,-15.58535
2024-05-02 10:14:04.047780,-12.03004
2024-05-02 10:14:04.063400,-9.247194
2024-05-02 10:14:04.079030,-7.482986
2024-05-02 10:14:04.094660,-6.746582
2024-05-02 10:14:04.110280,-6.937248
2024-05-02 10:14:04.125910,-7.924256
2024-05-02 10:14:04.141530,-9.565281
2024-05-02 10:14:04.157160,-11.63701
2024-05-02 10:14:04.172780,-13.8241
2024-05-02 10:14:04.188410,-15.68843
2024-05-02 10:14:04.204040,-16.82939
2024-05-02 10:14:04.219660,-16.97082
2024-05-02 10:14:04.235290,-16.07352
2024-05-02 10:14:04.250910,-14.39984
2024-05-02 10:14:04.266540,-12.38242
2024-05-02 10:14:04.282160,-10.52586
2024-05-02 10:14:04.297790,-9.20551
2024-05-02 10:14:04.313420,-8.56059
2024-05-02 10:14:04.329040,-8.450577
2024-05-02 10:14:04.344670,-8.544612
2024-05-02 10:14:04.360290,-8.46063
2024-05-02 10:14:04.375920,-7.905016
2024-05-02 10:14:04.391540,-6.742492
2024-05-02 10:14:04.407170,-5.000542
2024-05-02 10:14:04.422800,-2.807984
2024-05-02 10:14:04.438420,-0.3583565
2024-05-02 10:14:04.454050,2.090228
2024-05-02 10:14:04.469670,4.240108
2024-05-02 10:14:04.485300,5.777811
2024-05-02 10:14:04.500920,6.507871
2024-05-02 10:14:04.516550,6.486138
2024-05-02 10:14:04.532180,6.113638
2024-05-02 10:14:04.547800,6.065998
2024-05-02 10:14:04.563430,7.066225
2024-05-02 10:14:04.579050,9.588806
2024-05-02 10:14:04.594680,13.61778
2024-05-02 10:14:04.610300,18.62914
2024-05-02 10:14:04.625930,23.75878
2024-05-02 10:14:04.641560,28.13686
2024-05-02 10:14:04.657180,31.17141
2024-05-02 10:14:04.672810,32.65793
2024-05-02 10:14:04.688430,32.73763
2024-05-02 10:14:04.704060,31.70298
2024-05-02 10:14:04.719680,29.83841
2024-05-02 10:14:04.735310,27.33927
2024-05-02 10:14:04.750940,24.35618
2024-05-02 10:14:04.766560,21.07474
2024-05-02 10:14:04.782190,17.78835
2024-05-02 10:14:04.797810,14.83947
2024-05-02 10:14:04.813440,12.52699
2024-05-02 10:14:04.829060,11.00125
2024-05-02 10:14:04.844690,10.15565
2024-05-02 10:14:04.860320,9.695976
2024-05-02 10:14:04.875940,9.225113
2024-05-02 10:14:04.891570,8.420563
2024-05-02 10:14:04.907190,7.085407
2024-05-02 10:14:04.922820,5.181568
2024-05-02 10:14:04.938440,2.8349
2024-05-02 10:14:04.954070,0.198452
2024-05-02 10:14:04.969700,-2.562271
2024-05-02 10:14:04.985320,-5.316914
2024-05-02 10:14:05.000950,-7.945267
2024-05-02 10:14:05.016570,-10.38613
2024-05-02 10:14:05.032200,-12.60407
2024-05-02 10:14:05.047820,-14.67597
2024-05-02 10:14:05.063450,-16.76502
2024-05-02 10:14:05.079080,-19.08088
2024-05-02 10:14:05.094700,-21.77966
2024-05-02 10:14:05.110330,-24.82729
2024-05-02 10:14:05.125950,-27.9213
2024-05-02 10:14:05.141580,-30.51488
2024-05-02 10:14:05.157200,-31.97861
2024-05-02 10:14:05.172830,-31.80499
2024-05-02 10:14:05.188460,-29.77227
2024-05-02 10:14:05.204080,-26.05996
2024-05-02 10:14:05.219710,-21.18264
2024-05-02 10:14:05.235330,-15.87626
2024-05-02 10:14:05.250960,-10.89706
2024-05-02 10:14:05.266580,-6.844032
2024-05-02 10:14:05.282210,-4.019371
2024-05-02 10:14:05.297840,-2.458382
2024-05-02 10:14:05.313460,-1.965797
2024-05-02 10:14:05.329090,-2.255791
2024-05-02 10:14:05.344710,-3.069702
2024-05-02 10:14:05.360340,-4.219704
2024-05-02 10:14:05.375960,-5.568558
2024-05-02 10:14:05.391590,-6.965096
2024-05-02 10:14:05.407220,-8.217834
2024-05-02 10:14:05.422840,-9.105553
2024-05-02 10:14:05.438470,-9.48246
2024-05-02 10:14:05.454090,-9.369904
2024-05-02 10:14:05.469720,-9.019958
2024-05-02 10:14:05.485340,-8.863785
2024-05-02 10:14:05.500970,-9.325668
2024-05-02 10:14:05.516600,-10.65777
2024-05-02 10:14:05.532220,-12.81896
2024-05-02 10:14:05.547850,-15.52057
2024-05-02 10:14:05.563470,-18.34337
2024-05-02 10:14:05.579100,-20.94584
2024-05-02 10:14:05.594720,-23.1692
2024-05-02 10:14:05.610350,-25.03732
2024-05-02 10:14:05.625980,-26.68089
2024-05-02 10:14:05.641600,-28.22505
2024-05-02 10:14:05.657230,-29.7376
2024-05-02 10:14:05.672850,-31.25047
2024-05-02 10:14:05.688480,-32.8007
2024-05-02 10:14:05.704100,-34.41785
2024-05-02 10:14:05.719730,-36.06252
2024-05-02 10:14:05.735360,-37.50657
2024-05-02 10:14:05.750980,-38.28543
2024-05-02 10:14:05.766610,-37.77634
2024-05-02 10:14:05.782230,-35.39221
2024-05-02 10:14:05.797860,-30.88123
2024-05-02 10:14:05.813480,-24.50895
2024-05-02 10:14:05.829110,-17.03197
2024-05-02 10:14:05.844740,-9.492378
2024-05-02 10:14:05.860360,-2.904739
2024-05-02 10:14:05.875990,2.083939
2024-05-02 10:14:05.891610,5.291649
2024-05-02 10:14:05.907240,6.988701
2024-05-02 10:14:05.922860,7.680954
2024-05-02 10:14:05.938490,7.895683
2024-05-02 10:14:05.954120,8.00441
2024-05-02 10:14:05.969740,8.209213
2024-05-02 10:14:05.985370,8.561623
2024-05-02 10:14:06.000990,9.093575
2024-05-02 10:14:06.016620,9.815933
2024-05-02 10:14:06.032250,10.75159
2024-05-02 10:14:06.047870,11.85307
2024-05-02 10:14:06.063500,12.97083
2024-05-02 10:14:06.079120,13.85854
2024-05-02 10:14:06.094750,14.25716
2024-05-02 10:14:06.110370,14.01265
2024-05-02 10:14:06.126000,13.15223
2024-05-02 10:14:06.141630,11.84882
2024-05-02 10:14:06.157250,10.38233
2024-05-02 10:14:06.172880,8.952194
2024-05-02 10:14:06.188500,7.639435
2024-05-02 10:14:06.204130,6.369347
2024-05-02 10:14:06.219750,5.039139
2024-05-02 10:14:06.235380,3.561852
2024-05-02 10:14:06.251010,1.914063
2024-05-02 10:14:06.266630,0.07817841
2024-05-02 10:14:06.282260,-2.016117
2024-05-02 10:14:06.297880,-4.46793
2024-05-02 10:14:06.313510,-7.301468
2024-05-02 10:14:06.329130,-10.3069
2024-05-02 10:14:06.344760,-12.95682
2024-05-02 10:14:06.360390,-14.50045
2024-05-02 10:14:06.376010,-14.21682
2024-05-02 10:14:06.391640,-11.75608
2024-05-02 10:14:06.407260,-7.32687
2024-05-02 10:14:06.422890,-1.706734
2024-05-02 10:14:06.438510,4.086903
2024-05-02 10:14:06.454140,9.135998
2024-05-02 10:14:06.469770,12.9432
2024-05-02 10:14:06.485390,15.42387
2024-05-02 10:14:06.501020,16.81851
2024-05-02 10:14:06.516640,17.39529
2024-05-02 10:14:06.532270,17.33947
2024-05-02 10:14:06.547890,16.73629
2024-05-02 10:14:06.563520,15.67938
2024-05-02 10:14:06.579150,14.37501
2024-05-02 10:14:06.594770,13.11006
2024-05-02 10:14:06.610400,12.16
2024-05-02 10:14:06.626020,11.65138
2024-05-02 10:14:06.641650,11.52973
2024-05-02 10:14:06.657270,11.62739
2024-05-02 10:14:06.672900,11.76359
2024-05-02 10:14:06.688530,11.84189
2024-05-02 10:14:06.704150,11.78856
2024-05-02 10:14:06.719780,11.54805
2024-05-02 10:14:06.735400,11.02028
2024-05-02 10:14:06.751030,10.12241
2024-05-02 10:14:06.766650,8.823227
2024-05-02 10:14:06.782280,7.204739
2024-05-02 10:14:06.797910,5.394257
2024-05-02 10:14:06.813530,3.499203
2024-05-02 10:14:06.829160,1.5504
2024-05-02 10:14:06.844780,-0.5227146
2024-05-02 10:14:06.860410,-2.815403
2024-05-02 10:14:06.876030,-5.431417
2024-05-02 10:14:06.891660,-8.414457
2024-05-02 10:14:06.907290,-11.73624
2024-05-02 10:14:06.922910,-15.25093
2024-05-02 10:14:06.938540,-18.67971
2024-05-02 10:14:06.954160,-21.56674
2024-05-02 10:14:06.969790,-23.3641
2024-05-02 10:14:06.985410,-23.59973
2024-05-02 10:14:07.001040,-22.04147
2024-05-02 10:14:07.016670,-18.84089
2024-05-02 10:14:07.032290,-14.4862
2024-05-02 10:14:07.047920,-9.655007
2024-05-02 10:14:07.063540,-4.993795
2024-05-02 10:14:07.079170,-0.9717517
2024-05-02 10:14:07.094790,2.177114
2024-05-02 10:14:07.110420,4.385491
2024-05-02 10:14:07.126050,5.697511
2024-05-02 10:14:07.141670,6.220483
2024-05-02 10:14:07.157300,6.124254
2024-05-02 10:14:07.172920,5.645726
2024-05-02 10:14:07.188550,5.071762
2024-05-02 10:14:07.204170,4.692025
2024-05-02 10:14:07.219800,4.737796
2024-05-02 10:14:07.235430,5.340936
2024-05-02 10:14:07.251050,6.498528
2024-05-02 10:14:07.266680,8.050845
2024-05-02 10:14:07.282300,9.718967
2024-05-02 10:14:07.297930,11.12584
2024-05-02 10:14:07.313550,11.91219
2024-05-02 10:14:07.329180,11.83748
2024-05-02 10:14:07.344810,10.83566
2024-05-02 10:14:07.360430,9.07866
2024-05-02 10:14:07.376060,6.926272
2024-05-02 10:14:07.391680,4.79579
2024-05-02 10:14:07.407310,3.017698
2024-05-02 10:14:07.422930,1.731892
2024-05-02 10:14:07.438560,0.849308
2024-05-02 10:14:07.454190,0.1194124
2024-05-02 10:14:07.469810,-0.7890968
2024-05-02 10:14:07.485440,-2.170154
2024-05-02 10:14:07.501060,-4.224083
2024-05-02 10:14:07.516690,-7.00037
2024-05-02 10:14:07.532310,-10.35973
2024-05-02 10:14:07.547940,-13.94808
2024-05-02 10:14:07.563570,-17.1806
2024-05-02 10:14:07.579190,-19.33922
2024-05-02 10:14:07.594820,-19.78399
2024-05-02 10:14:07.610440,-18.15671
2024-05-02 10:14:07.626070,-14.56939
2024-05-02 10:14:07.641690,-9.614386
2024-05-02 10:14:07.657320,-4.154491
2024-05-02 10:14:07.672950,0.9574394
2024-05-02 10:14:07.688570,5.151501
2024-05-02 10:14:07.704200,8.221176
2024-05-02 10:14:07.719820,10.25739
2024-05-02 10:14:07.735450,11.42986
2024-05-02 10:14:07.751070,11.89
2024-05-02 10:14:07.766700,11.73196
2024-05-02 10:14:07.782330,11.12213
2024-05-02 10:14:07.797950,10.35422
2024-05-02 10:14:07.813580,9.825016
2024-05-02 10:14:07.829200,9.898308
2024-05-02 10:14:07.844830,10.71339
2024-05-02 10:14:07.860450,12.08864
2024-05-02 10:14:07.876080,13.58514
2024-05-02 10:14:07.891710,14.71627
2024-05-02 10:14:07.907330,15.15815
2024-05-02 10:14:07.922960,14.86842
2024-05-02 10:14:07.938580,14.01794
2024-05-02 10:14:07.954210,12.86469
2024-05-02 10:14:07.969830,11.59119
2024-05-02 10:14:07.985460,10.22086
2024-05-02 10:14:08.001090,8.709648
2024-05-02 10:14:08.016710,7.010868
2024-05-02 10:14:08.032340,5.171524
2024-05-02 10:14:08.047960,3.286297
2024-05-02 10:14:08.063590,1.429451
2024-05-02 10:14:08.079210,-0.420578
2024-05-02 10:14:08.094840,-2.402729
2024-05-02 10:14:08.110470,-4.709892
2024-05-02 10:14:08.126090,-7.449093
2024-05-02 10:14:08.141720,-10.53622
2024-05-02 10:14:08.157340,-13.63144
2024-05-02 10:14:08.172970,-16.22694
2024-05-02 10:14:08.188590,-17.75157
2024-05-02 10:14:08.204220,-17.76379
2024-05-02 10:14:08.219850,-16.09981
2024-05-02 10:14:08.235470,-12.93764
2024-05-02 10:14:08.251100,-8.746323
2024-05-02 10:14:08.266720,-4.137432
2024-05-02 10:14:08.282350,0.2884789
2024-05-02 10:14:08.297980,4.112492
2024-05-02 10:14:08.313600,7.124817
2024-05-02 10:14:08.329230,9.327499
2024-05-02 10:14:08.344850,10.81628
2024-05-02 10:14:08.360480,11.7077
2024-05-02 10:14:08.376100,12.09318
2024-05-02 10:14:08.391730,12.02821
2024-05-02 10:14:08.407360,11.57245
2024-05-02 10:14:08.422980,10.83561
2024-05-02 10:14:08.438610,9.99379
2024-05-02 10:14:08.454230,9.252064
2024-05-02 10:14:08.469860,8.775429
2024-05-02 10:14:08.485480,8.5979
2024-05-02 10:14:08.501110,8.584934
2024-05-02 10:14:08.516740,8.475346
2024-05-02 10:14:08.532360,7.985695
2024-05-02 10:14:08.547990,6.918774
2024-05-02 10:14:08.563610,5.239536
2024-05-02 10:14:08.579240,3.086388
2024-05-02 10:14:08.594860,0.6992188
2024-05-02 10:14:08.610490,-1.669399
2024-05-02 10:14:08.626120,-3.827724
2024-05-02 10:14:08.641740,-5.666309
2024-05-02 10:14:08.657370,-7.161106
2024-05-02 10:14:08.672990,-8.352856
2024-05-02 10:14:08.688620,-9.322601
2024-05-02 10:14:08.704240,-10.18619
2024-05-02 10:14:08.719870,-11.08509
2024-05-02 10:14:08.735500,-12.18258
2024-05-02 10:14:08.751120,-13.60186
2024-05-02 10:14:08.766750,-15.34524
2024-05-02 10:14:08.782370,-17.24289
2024-05-02 10:14:08.798000,-18.85296
2024-05-02 10:14:08.813620,-19.56148
2024-05-02 10:14:08.829250,-18.71679
2024-05-02 10:14:08.844880,-15.92535
2024-05-02 10:14:08.860500,-11.2248
2024-05-02 10:14:08.876130,-5.160965
2024-05-02 10:14:08.891750,1.377819
2024-05-02 10:14:08.907380,7.465824
2024-05-02 10:14:08.923000,12.43151
2024-05-02 10:14:08.938630,16.01134
2024-05-02 10:14:08.954260,18.30025
2024-05-02 10:14:08.969880,19.57261
2024-05-02 10:14:08.985510,20.11853
2024-05-02 10:14:09.001130,20.14711
2024-05-02 10:14:09.016760,19.82731
2024-05-02 10:14:09.032380,19.33093
2024-05-02 10:14:09.048010,18.90346
2024-05-02 10:14:09.063640,18.75163
2024-05-02 10:14:09.079260,19.00704
2024-05-02 10:14:09.094890,19.64102
2024-05-02 10:14:09.110510,20.48803
2024-05-02 10:14:09.126140,21.29372
2024-05-02 10:14:09.141760,21.81783
2024-05-02 10:14:09.157390,21.88135
2024-05-02 10:14:09.173020,21.41721
2024-05-02 10:14:09.188640,20.4185
2024-05-02 10:14:09.204270,18.97061
2024-05-02 10:14:09.219890,17.18256
2024-05-02 10:14:09.235520,15.17773
2024-05-02 10:14:09.251140,13.02522
2024-05-02 10:14:09.266770,10.75487
2024-05-02 10:14:09.282400,8.348492
2024-05-02 10:14:09.298020,5.799923
2024-05-02 10:14:09.313650,3.139557
2024-05-02 10:14:09.329270,0.4638062
2024-05-02 10:14:09.344900,-2.17297
2024-05-02 10:14:09.360520,-4.788292
2024-05-02 10:14:09.376150,-7.532608
2024-05-02 10:14:09.391780,-10.61039
2024-05-02 10:14:09.407400,-14.12122
2024-05-02 10:14:09.423030,-17.87932
2024-05-02 10:14:09.438650,-21.36369
2024-05-02 10:14:09.454280,-23.84263
2024-05-02 10:14:09.469900,-24.62956
2024-05-02 10:14:09.485530,-23.38871
2024-05-02 10:14:09.501160,-20.30445
2024-05-02 10:14:09.516780,-15.98202
2024-05-02 10:14:09.532410,-11.26912
2024-05-02 10:14:09.548030,-6.907661
2024-05-02 10:14:09.563660,-3.374355
2024-05-02 10:14:09.579280,-0.8568573
2024-05-02 10:14:09.594910,0.6627541
2024-05-02 10:14:09.610540,1.276855
2024-05-02 10:14:09.626160,1.102238
2024-05-02 10:14:09.641790,0.3006897
2024-05-02 10:14:09.657410,-0.8810997
2024-05-02 10:14:09.673040,-2.077866
2024-05-02 10:14:09.688660,-2.921555
2024-05-02 10:14:09.704290,-3.124073
2024-05-02 10:14:09.719920,-2.618523
2024-05-02 10:14:09.735540,-1.571674
2024-05-02 10:14:09.751170,-0.321331
2024-05-02 10:14:09.766790,0.7317467
2024-05-02 10:14:09.782420,1.232403
2024-05-02 10:14:09.798040,0.9915619
2024-05-02 10:14:09.813670,-0.01492691
2024-05-02 10:14:09.829300,-1.629776
2024-05-02 10:14:09.844920,-3.570045
2024-05-02 10:14:09.860550,-5.538567
2024-05-02 10:14:09.876170,-7.317787
2024-05-02 10:14:09.891800,-8.832218
2024-05-02 10:14:09.907420,-10.16134
2024-05-02 10:14:09.923050,-11.50584
2024-05-02 10:14:09.938680,-13.08161
2024-05-02 10:14:09.954300,-15.06421
2024-05-02 10:14:09.969930,-17.52565
2024-05-02 10:14:09.985550,-20.40763
2024-05-02 10:14:10.001180,-23.48923
2024-05-02 10:14:10.016800,-26.36833
2024-05-02 10:14:10.032430,-28.52604
2024-05-02 10:14:10.048060,-29.40031
2024-05-02 10:14:10.063680,-28.58598
2024-05-02 10:14:10.079310,-25.96879
2024-05-02 10:14:10.094930,-21.81219
2024-05-02 10:14:10.110560,-16.67963
2024-05-02 10:14:10.126180,-11.23116
2024-05-02 10:14:10.141810,-6.029121
2024-05-02 10:14:10.157440,-1.420727
2024-05-02 10:14:10.173060,2.461849
2024-05-02 10:14:10.188690,5.566677
2024-05-02 10:14:10.204310,7.872749
2024-05-02 10:14:10.219940,9.377823
2024-05-02 10:14:10.235560,10.12818
2024-05-02 10:14:10.251190,10.34552
2024-05-02 10:14:10.266820,10.3888
2024-05-02 10:14:10.282440,10.66454
2024-05-02 10:14:10.298070,11.46406
2024-05-02 10:14:10.313690,12.8517
2024-05-02 10:14:10.329320,14.60347
2024-05-02 10:14:10.344940,16.29988
2024-05-02 10:14:10.360570,17.51676
2024-05-02 10:14:10.376200,17.94062
2024-05-02 10:14:10.391820,17.48819
2024-05-02 10:14:10.407450,16.27892
2024-05-02 10:14:10.423070,14.5639
2024-05-02 10:14:10.438700,12.61014
2024-05-02 10:14:10.454320,10.6338
2024-05-02 10:14:10.469950,8.764885
2024-05-02 10:14:10.485580,7.012192
2024-05-02 10:14:10.501200,5.303627
2024-05-02 10:14:10.516830,3.502953
2024-05-02 10:14:10.532450,1.439949
2024-05-02 10:14:10.548080,-1.034721
2024-05-02 10:14:10.563700,-4.013069
2024-05-02 10:14:10.579330,-7.434006
2024-05-02 10:14:10.594960,-11.01295
2024-05-02 10:14:10.610580,-14.24911
2024-05-02 10:14:10.626210,-16.53245
2024-05-02 10:14:10.641830,-17.29117
2024-05-02 10:14:10.657460,-16.21311
2024-05-02 10:14:10.673080,-13.34744
2024-05-02 10:14:10.688710,-9.117065
2024-05-02 10:14:10.704340,-4.150482
2024-05-02 10:14:10.719960,0.9069824
2024-05-02 10:14:10.735590,5.541817
2024-05-02 10:14:10.751210,9.432869
2024-05-02 10:14:10.766840,12.44277
2024-05-02 10:14:10.782460,14.53557
2024-05-02 10:14:10.798090,15.75996
2024-05-02 10:14:10.813720,16.257
2024-05-02 10:14:10.829340,16.26271
2024-05-02 10:14:10.844970,16.05947
2024-05-02 10:14:10.860590,15.91334
2024-05-02 10:14:10.876220,15.98708
2024-05-02 10:14:10.891850,16.32854
2024-05-02 10:14:10.907470,16.85968
2024-05-02 10:14:10.923100,17.44498
2024-05-02 10:14:10.938720,17.93143
2024-05-02 10:14:10.954350,18.16882
2024-05-02 10:14:10.969970,18.01324
2024-05-02 10:14:10.985600,17.34576
2024-05-02 10:14:11.001230,16.1185
2024-05-02 10:14:11.016850,14.39705
2024-05-02 10:14:11.032480,12.339
2024-05-02 10:14:11.048100,10.13756
2024-05-02 10:14:11.063730,7.956573
2024-05-02 10:14:11.079350,5.84288
2024-05-02 10:14:11.094980,3.792694
2024-05-02 10:14:11.110610,1.767204
2024-05-02 10:14:11.126230,-0.2437515
2024-05-02 10:14:11.141860,-2.230598
2024-05-02 10:14:11.157480,-4.217545
2024-05-02 10:14:11.173110,-6.30896
2024-05-02 10:14:11.188730,-8.651505
2024-05-02 10:14:11.204360,-11.28975
2024-05-02 10:14:11.219990,-14.02507
2024-05-02 10:14:11.235610,-16.37915
2024-05-02 10:14:11.251240,-17.71953
2024-05-02 10:14:11.266860,-17.48529
2024-05-02 10:14:11.282490,-15.45303
2024-05-02 10:14:11.298110,-11.85254
2024-05-02 10:14:11.313740,-7.270622
2024-05-02 10:14:11.329370,-2.446083
2024-05-02 10:14:11.344990,1.99707
2024-05-02 10:14:11.360620,5.675217
2024-05-02 10:14:11.376240,8.457718
2024-05-02 10:14:11.391870,10.35036
2024-05-02 10:14:11.407490,11.44193
2024-05-02 10:14:11.423120,11.82261
2024-05-02 10:14:11.438750,11.6671
2024-05-02 10:14:11.454370,11.24654
2024-05-02 10:14:11.470000,10.90557
2024-05-02 10:14:11.485620,10.95188
2024-05-02 10:14:11.501250,11.53103
2024-05-02 10:14:11.516870,12.55145
2024-05-02 10:14:11.532500,13.70317
2024-05-02 10:14:11.548130,14.58648
2024-05-02 10:14:11.563750,14.89381
2024-05-02 10:14:11.579380,14.49458
2024-05-02 10:14:11.595000,13.47557
2024-05-02 10:14:11.610630,12.03078
2024-05-02 10:14:11.626250,10.3299
2024-05-02 10:14:11.641880,8.436646
2024-05-02 10:14:11.657510,6.331734
2024-05-02 10:14:11.673130,3.989044
2024-05-02 10:14:11.688760,1.492867
2024-05-02 10:14:11.704380,-0.9741859
2024-05-02 10:14:11.720010,-3.159527
2024-05-02 10:14:11.735630,-4.884449
2024-05-02 10:14:11.751260,-6.139606
2024-05-02 10:14:11.766890,-7.087849
2024-05-02 10:14:11.782510,-8.01305
2024-05-02 10:14:11.798140,-9.199055
2024-05-02 10:14:11.813760,-10.84867
2024-05-02 10:14:11.829390,-13.03518
2024-05-02 10:14:11.845010,-15.67593
2024-05-02 10:14:11.860640,-18.54316
2024-05-02 10:14:11.876270,-21.25764
2024-05-02 10:14:11.891890,-23.32117
2024-05-02 10:14:11.907520,-24.20709
2024-05-02 10:14:11.923140,-23.51158
2024-05-02 10:14:11.938770,-21.10754
2024-05-02 10:14:11.954390,-17.24353
2024-05-02 10:14:11.970020,-12.49402
2024-05-02 10:14:11.985650,-7.587994
2024-05-02 10:14:12.001270,-3.145683
2024-05-02 10:14:12.016900,0.4738808
2024-05-02 10:14:12.032520,3.218477
2024-05-02 10:14:12.048150,5.24332
2024-05-02 10:14:12.063770,6.752932
2024-05-02 10:14:12.079400,7.905416
2024-05-02 10:14:12.095030,8.783573
2024-05-02 10:14:12.110650,9.458664
2024-05-02 10:14:12.126280,10.03982
2024-05-02 10:14:12.141900,10.65565
2024-05-02 10:14:12.157530,11.40878
2024-05-02 10:14:12.173150,12.29959
2024-05-02 10:14:12.188780,13.21906
2024-05-02 10:14:12.204410,13.98604
2024-05-02 10:14:12.220030,14.42446
2024-05-02 10:14:12.235660,14.43567
2024-05-02 10:14:12.251280,13.99451
2024-05-02 10:14:12.266910,13.13356
2024-05-02 10:14:12.282530,11.92139
2024-05-02 10:14:12.298160,10.47262
2024-05-02 10:14:12.313790,8.919634
2024-05-02 10:14:12.329410,7.408622
2024-05-02 10:14:12.345040,6.040976
2024-05-02 10:14:12.360660,4.833841
2024-05-02 10:14:12.376290,3.71044
2024-05-02 10:14:12.391910,2.550488
2024-05-02 10:14:12.407540,1.240926
2024-05-02 10:14:12.423170,-0.2945938
2024-05-02 10:14:12.438790,-2.127684
2024-05-02 10:14:12.454420,-4.373318
2024-05-02 10:14:12.470040,-7.137913
2024-05-02 10:14:12.485670,-10.45024
2024-05-02 10:14:12.501290,-14.09505
2024-05-02 10:14:12.516920,-17.51545
2024-05-02 10:14:12.532550,-19.94012
2024-05-02 10:14:12.548170,-20.57677
2024-05-02 10:14:12.563800,-18.96537
2024-05-02 10:14:12.579420,-15.18659
2024-05-02 10:14:12.595050,-9.854269
2024-05-02 10:14:12.610670,-3.913803
2024-05-02 10:14:12.626300,1.727985
2024-05-02 10:14:12.641930,6.449362
2024-05-02 10:14:12.657550,10.03537
2024-05-02 10:14:12.673180,12.58528
2024-05-02 10:14:12.688800,14.30882
2024-05-02 10:14:12.704430,15.36978
2024-05-02 10:14:12.720050,15.82628
2024-05-02 10:14:12.735680,15.66361
2024-05-02 10:14:12.751310,14.95908
2024-05-02 10:14:12.766930,13.89128
2024-05-02 10:14:12.782560,12.76745
2024-05-02 10:14:12.798180,11.87478
2024-05-02 10:14:12.813810,11.35225
2024-05-02 10:14:12.829430,11.1427
2024-05-02 10:14:12.845060,10.99569
2024-05-02 10:14:12.860690,10.64594
2024-05-02 10:14:12.876310,9.901114
2024-05-02 10:14:12.891940,8.74114
2024-05-02 10:14:12.907560,7.264608
2024-05-02 10:14:12.923190,5.614779
2024-05-02 10:14:12.938810,3.909128
2024-05-02 10:14:12.954440,2.198721
2024-05-02 10:14:12.970070,0.5225735
2024-05-02 10:14:12.985690,-1.086754
2024-05-02 10:14:13.001320,-2.602333
2024-05-02 10:14:13.016940,-3.988792
2024-05-02 10:14:13.032570,-5.268818
2024-05-02 10:14:13.048190,-6.505741
2024-05-02 10:14:13.063820,-7.779308
2024-05-02 10:14:13.079450,-9.179092
2024-05-02 10:14:13.095070,-10.77305
2024-05-02 10:14:13.110700,-12.64005
2024-05-02 10:14:13.126320,-14.82019
2024-05-02 10:14:13.141950,-17.28038
2024-05-02 10:14:13.157580,-19.83826
2024-05-02 10:14:13.173200,-22.0753
2024-05-02 10:14:13.188830,-23.43645
2024-05-02 10:14:13.204450,-23.36842
2024-05-02 10:14:13.220080,-21.55227
2024-05-02 10:14:13.235700,-18.08561
2024-05-02 10:14:13.251330,-13.4561
2024-05-02 10:14:13.266960,-8.419151
2024-05-02 10:14:13.282580,-3.706398
2024-05-02 10:14:13.298210,0.1704903
2024-05-02 10:14:13.313830,3.01841
2024-05-02 10:14:13.329460,4.895039
2024-05-02 10:14:13.345080,5.987137
2024-05-02 10:14:13.360710,6.473423
2024-05-02 10:14:13.376340,6.477322
2024-05-02 10:14:13.391960,6.127258
2024-05-02 10:14:13.407590,5.610176
2024-05-02 10:14:13.423210,5.173607
2024-05-02 10:14:13.438840,5.047859
2024-05-02 10:14:13.454460,5.342804
2024-05-02 10:14:13.470090,5.985832
2024-05-02 10:14:13.485720,6.759422
2024-05-02 10:14:13.501340,7.414581
2024-05-02 10:14:13.516970,7.766281
2024-05-02 10:14:13.532590,7.757408
2024-05-02 10:14:13.548220,7.435837
2024-05-02 10:14:13.563840,6.870445
2024-05-02 10:14:13.579470,6.113358
2024-05-02 10:14:13.595100,5.17662
2024-05-02 10:14:13.610720,4.063583
2024-05-02 10:14:13.626350,2.830666
2024-05-02 10:14:13.641970,1.576469
2024-05-02 10:14:13.657600,0.3972855
2024-05-02 10:14:13.673220,-0.6522675
2024-05-02 10:14:13.688850,-1.603409
2024-05-02 10:14:13.704480,-2.534363
2024-05-02 10:14:13.720100,-3.510155
2024-05-02 10:14:13.735730,-4.550529
2024-05-02 10:14:13.751350,-5.655167
2024-05-02 10:14:13.766980,-6.872223
2024-05-02 10:14:13.782600,-8.341949
2024-05-02 10:14:13.798230,-10.24397
2024-05-02 10:14:13.813860,-12.66234
2024-05-02 10:14:13.829480,-15.42577
2024-05-02 10:14:13.845110,-18.04357
2024-05-02 10:14:13.860730,-19.79167
2024-05-02 10:14:13.876360,-19.98267
2024-05-02 10:14:13.891980,-18.23451
2024-05-02 10:14:13.907610,-14.6805
2024-05-02 10:14:13.923240,-9.923981
2024-05-02 10:14:13.938860,-4.780716
2024-05-02 10:14:13.954490,0.02362061
2024-05-02 10:14:13.970110,4.07093
2024-05-02 10:14:13.985740,7.258003
2024-05-02 10:14:14.001360,9.658745
2024-05-02 10:14:14.016990,11.33749
2024-05-02 10:14:14.032620,12.25937
2024-05-02 10:14:14.048240,12.39285
2024-05-02 10:14:14.063870,11.81261
2024-05-02 10:14:14.079490,10.8087
2024-05-02 10:14:14.095120,9.807053
2024-05-02 10:14:14.110740,9.194763
2024-05-02 10:14:14.126370,9.108047
2024-05-02 10:14:14.142000,9.425751
2024-05-02 10:14:14.157620,9.814827
2024-05-02 10:14:14.173250,9.972229
2024-05-02 10:14:14.188870,9.75325
2024-05-02 10:14:14.204500,9.216034
2024-05-02 10:14:14.220120,8.542572
2024-05-02 10:14:14.235750,7.90477
2024-05-02 10:14:14.251380,7.364334
2024-05-02 10:14:14.267000,6.898346
2024-05-02 10:14:14.282630,6.393539
2024-05-02 10:14:14.298250,5.731873
2024-05-02 10:14:14.313880,4.803619
2024-05-02 10:14:14.329500,3.525398
2024-05-02 10:14:14.345130,1.856758
2024-05-02 10:14:14.360760,-0.144989
2024-05-02 10:14:14.376380,-2.320068
2024-05-02 10:14:14.392010,-4.401413
2024-05-02 10:14:14.407630,-6.132721
2024-05-02 10:14:14.423260,-7.386581
2024-05-02 10:14:14.438880,-8.258072
2024-05-02 10:14:14.454510,-9.039383
2024-05-02 10:14:14.470140,-10.1227
2024-05-02 10:14:14.485760,-11.81525
2024-05-02 10:14:14.501390,-14.17537
2024-05-02 10:14:14.517010,-16.89957
2024-05-02 10:14:14.532640,-19.38559
2024-05-02 10:14:14.548260,-20.86894
2024-05-02 10:14:14.563890,-20.70532
2024-05-02 10:14:14.579520,-18.58275
2024-05-02 10:14:14.595140,-14.67345
2024-05-02 10:14:14.610770,-9.569061
2024-05-02 10:14:14.626390,-4.125122
2024-05-02 10:14:14.642020,0.8371887
2024-05-02 10:14:14.657640,4.707733
2024-05-02 10:14:14.673270,7.216965
2024-05-02 10:14:14.688900,8.389557
2024-05-02 10:14:14.704520,8.461716
2024-05-02 10:14:14.720150,7.750687
2024-05-02 10:14:14.735770,6.615906
2024-05-02 10:14:14.751400,5.447922
2024-05-02 10:14:14.767020,4.659714
2024-05-02 10:14:14.782650,4.60791
2024-05-02 10:14:14.798280,5.510925
2024-05-02 10:14:14.813900,7.351746
2024-05-02 10:14:14.829530,9.840088
2024-05-02 10:14:14.845150,12.49214
2024-05-02 10:14:14.860780,14.75003
2024-05-02 10:14:14.876400,16.11945
2024-05-02 10:14:14.892030,16.2986
2024-05-02 10:14:14.907660,15.20792
2024-05-02 10:14:14.923280,12.98492
2024-05-02 10:14:14.938910,9.937653
2024-05-02 10:14:14.954530,6.472092
2024-05-02 10:14:14.970160,3.024658
2024-05-02 10:14:14.985780,0.002929688
2024-05-02 10:14:15.001410,-2.284302
2024-05-02 10:14:15.017040,-3.687241
2024-05-02 10:14:15.032660,-4.269516
2024-05-02 10:14:15.048290,-4.263107
2024-05-02 10:14:15.063910,-4.026566
2024-05-02 10:14:15.079540,-3.946732
2024-05-02 10:14:15.095160,-4.349716
2024-05-02 10:14:15.110790,-5.463867
2024-05-02 10:14:15.126420,-7.400757
2024-05-02 10:14:15.142040,-10.11092
2024-05-02 10:14:15.157670,-13.37543
2024-05-02 10:14:15.173290,-16.73769
2024-05-02 10:14:15.188920,-19.57599
2024-05-02 10:14:15.204540,-21.21236
2024-05-02 10:14:15.220170,-21.12889
2024-05-02 10:14:15.235800,-19.16806
2024-05-02 10:14:15.251420,-15.58594
2024-05-02 10:14:15.267050,-11.01672
2024-05-02 10:14:15.282670,-6.246506
2024-05-02 10:14:15.298300,-1.989532
2024-05-02 10:14:15.313920,1.274612
2024-05-02 10:14:15.329550,3.363205
2024-05-02 10:14:15.345180,4.328842
2024-05-02 10:14:15.360800,4.322113
2024-05-02 10:14:15.376430,3.537003
2024-05-02 10:14:15.392050,2.147675
2024-05-02 10:14:15.407680,0.3779144
2024-05-02 10:14:15.423310,-1.486099
2024-05-02 10:14:15.438930,-3.064453
2024-05-02 10:14:15.454560,-3.994064
2024-05-02 10:14:15.470180,-4.043213
2024-05-02 10:14:15.485810,-3.216644
2024-05-02 10:14:15.501430,-1.813217
2024-05-02 10:14:15.517060,-0.3402557
2024-05-02 10:14:15.532690,0.659668
2024-05-02 10:14:15.548310,0.7982635
2024-05-02 10:14:15.563940,-0.02926636
2024-05-02 10:14:15.579560,-1.684677
2024-05-02 10:14:15.595190,-3.879715
2024-05-02 10:14:15.610810,-6.340149
2024-05-02 10:14:15.626440,-8.860535
2024-05-02 10:14:15.642070,-11.29773
2024-05-02 10:14:15.657690,-13.55017
2024-05-02 10:14:15.673320,-15.50987
2024-05-02 10:14:15.688940,-17.10251
2024-05-02 10:14:15.704570,-18.3356
2024-05-02 10:14:15.720190,-19.38263
2024-05-02 10:14:15.735820,-20.51234
2024-05-02 10:14:15.751450,-21.97452
2024-05-02 10:14:15.767070,-23.82286
2024-05-02 10:14:15.782700,-25.8241
2024-05-02 10:14:15.798320,-27.4193
2024-05-02 10:14:15.813950,-27.97665
2024-05-02 10:14:15.829570,-27.00137
2024-05-02 10:14:15.845200,-24.36772
2024-05-02 10:14:15.860830,-20.4102
2024-05-02 10:14:15.876450,-15.77058
2024-05-02 10:14:15.892080,-11.185
2024-05-02 10:14:15.907700,-7.211304
2024-05-02 10:14:15.923330,-4.105499
2024-05-02 10:14:15.938950,-1.819336
2024-05-02 10:14:15.954580,-0.1515656
2024-05-02 10:14:15.970210,1.06929
2024-05-02 10:14:15.985830,1.897278
2024-05-02 10:14:16.001460,2.323654
2024-05-02 10:14:16.017080,2.345856
2024-05-02 10:14:16.032710,2.092316
2024-05-02 10:14:16.048330,1.799194
2024-05-02 10:14:16.063960,1.751984
2024-05-02 10:14:16.079590,2.116623
2024-05-02 10:14:16.095210,2.83989
2024-05-02 10:14:16.110840,3.641693
2024-05-02 10:14:16.126460,4.116028
2024-05-02 10:14:16.142090,3.912094
2024-05-02 10:14:16.157710,2.891388
2024-05-02 10:14:16.173340,1.143204
2024-05-02 10:14:16.188970,-1.051971
2024-05-02 10:14:16.204590,-3.338425
2024-05-02 10:14:16.220220,-5.443176
2024-05-02 10:14:16.235840,-7.245483
2024-05-02 10:14:16.251470,-8.770935
2024-05-02 10:14:16.267090,-10.1694
2024-05-02 10:14:16.282720,-11.62442
2024-05-02 10:14:16.298350,-13.30498
2024-05-02 10:14:16.313970,-15.3367
2024-05-02 10:14:16.329600,-17.79898
2024-05-02 10:14:16.345220,-20.73416
2024-05-02 10:14:16.360850,-24.10248
2024-05-02 10:14:16.376470,-27.73744
2024-05-02 10:14:16.392100,-31.24934
2024-05-02 10:14:16.407730,-34.03667
2024-05-02 10:14:16.423350,-35.43564
2024-05-02 10:14:16.438980,-34.89111
2024-05-02 10:14:16.454600,-32.22462
2024-05-02 10:14:16.470230,-27.70476
2024-05-02 10:14:16.485850,-22.00084
2024-05-02 10:14:16.501480,-15.92427
2024-05-02 10:14:16.517110,-10.17149
2024-05-02 10:14:16.532730,-5.131317
2024-05-02 10:14:16.548360,-0.8773956
2024-05-02 10:14:16.563980,2.664108
2024-05-02 10:14:16.579610,5.565765
2024-05-02 10:14:16.595230,7.800613
2024-05-02 10:14:16.610860,9.285812
2024-05-02 10:14:16.626490,10.0334
2024-05-02 10:14:16.642110,10.21338
2024-05-02 10:14:16.657740,10.17558
2024-05-02 10:14:16.673360,10.2862
2024-05-02 10:14:16.688990,10.7816
2024-05-02 10:14:16.704610,11.66234
2024-05-02 10:14:16.720240,12.7022
2024-05-02 10:14:16.735870,13.54787
2024-05-02 10:14:16.751490,13.86904
2024-05-02 10:14:16.767120,13.49371
2024-05-02 10:14:16.782740,12.41426
2024-05-02 10:14:16.798370,10.79797
2024-05-02 10:14:16.813990,8.872566
2024-05-02 10:14:16.829620,6.858337
2024-05-02 10:14:16.845250,4.86068
2024-05-02 10:14:16.860870,2.898323
2024-05-02 10:14:16.876500,0.883812
2024-05-02 10:14:16.892120,-1.290421
2024-05-02 10:14:16.907750,-3.695244
2024-05-02 10:14:16.923370,-6.383705
2024-05-02 10:14:16.939000,-9.34124
2024-05-02 10:14:16.954630,-12.61582
2024-05-02 10:14:16.970250,-16.25002
2024-05-02 10:14:16.985880,-20.27271
2024-05-02 10:14:17.001500,-24.54345
2024-05-02 10:14:17.017130,-28.67424
2024-05-02 10:14:17.032750,-32.00093
2024-05-02 10:14:17.048380,-33.74893
2024-05-02 10:14:17.064010,-33.27525
2024-05-02 10:14:17.079630,-30.34157
2024-05-02 10:14:17.095260,-25.23635
2024-05-02 10:14:17.110880,-18.70054
2024-05-02 10:14:17.126510,-11.6766
2024-05-02 10:14:17.142130,-5.009708
2024-05-02 10:14:17.157760,0.7847633
2024-05-02 10:14:17.173390,5.580059
2024-05-02 10:14:17.189010,9.502258
2024-05-02 10:14:17.204640,12.72115
2024-05-02 10:14:17.220260,15.31316
2024-05-02 10:14:17.235890,17.22237
2024-05-02 10:14:17.251510,18.34665
2024-05-02 10:14:17.267140,18.69889
2024-05-02 10:14:17.282770,18.46645
2024-05-02 10:14:17.298390,17.9835
2024-05-02 10:14:17.314020,17.58914
2024-05-02 10:14:17.329640,17.50495
2024-05-02 10:14:17.345270,17.71262
2024-05-02 10:14:17.360890,18.0011
2024-05-02 10:14:17.376520,18.07972
2024-05-02 10:14:17.392150,17.72475
2024-05-02 10:14:17.407770,16.87016
2024-05-02 10:14:17.423400,15.59134
2024-05-02 10:14:17.439020,14.0462
2024-05-02 10:14:17.454650,12.37815
2024-05-02 10:14:17.470270,10.67297
2024-05-02 10:14:17.485900,8.963005
2024-05-02 10:14:17.501530,7.247013
2024-05-02 10:14:17.517150,5.507095
2024-05-02 10:14:17.532780,3.702251
2024-05-02 10:14:17.548400,1.723858
2024-05-02 10:14:17.564030,-0.586647
2024-05-02 10:14:17.579650,-3.407204
2024-05-02 10:14:17.595280,-6.836472
2024-05-02 10:14:17.610910,-10.79953
2024-05-02 10:14:17.626530,-14.96286
2024-05-02 10:14:17.642160,-18.74836
2024-05-02 10:14:17.657780,-21.41227
2024-05-02 10:14:17.673410,-22.24476
2024-05-02 10:14:17.689030,-20.80679
2024-05-02 10:14:17.704660,-17.11977
2024-05-02 10:14:17.720290,-11.64886
2024-05-02 10:14:17.735910,-5.180298
2024-05-02 10:14:17.751540,1.490326
2024-05-02 10:14:17.767160,7.760612
2024-05-02 10:14:17.782790,13.29942
2024-05-02 10:14:17.798410,17.96087
2024-05-02 10:14:17.814040,21.62473
2024-05-02 10:14:17.829670,24.09629
2024-05-02 10:14:17.845290,25.21422
2024-05-02 10:14:17.860920,24.9938
2024-05-02 10:14:17.876540,23.73806
2024-05-02 10:14:17.892170,22.02504
2024-05-02 10:14:17.907790,20.48965
2024-05-02 10:14:17.923420,19.54099
2024-05-02 10:14:17.939050,19.2248
2024-05-02 10:14:17.954670,19.25906
2024-05-02 10:14:17.970300,19.20093
2024-05-02 10:14:17.985920,18.67553
2024-05-02 10:14:18.001550,17.50256
2024-05-02 10:14:18.017180,15.71501
2024-05-02 10:14:18.032800,13.46821
2024-05-02 10:14:18.048430,10.96908
2024-05-02 10:14:18.064050,8.397568
2024-05-02 10:14:18.079680,5.868729
2024-05-02 10:14:18.095300,3.409149
2024-05-02 10:14:18.110930,0.9541779
2024-05-02 10:14:18.126560,-1.58963
2024-05-02 10:14:18.142180,-4.342087
2024-05-02 10:14:18.157810,-7.402374
2024-05-02 10:14:18.173430,-10.84917
2024-05-02 10:14:18.189060,-14.71846
2024-05-02 10:14:18.204680,-18.9789
2024-05-02 10:14:18.220310,-23.444
2024-05-02 10:14:18.235940,-27.68782
2024-05-02 10:14:18.251560,-31.07172
2024-05-02 10:14:18.267190,-32.83418
2024-05-02 10:14:18.282810,-32.4026
2024-05-02 10:14:18.298440,-29.59541
2024-05-02 10:14:18.314060,-24.73044
2024-05-02 10:14:18.329690,-18.52846
2024-05-02 10:14:18.345320,-11.84035
2024-05-02 10:14:18.360940,-5.340149
2024-05-02 10:14:18.376570,0.6204224
2024-05-02 10:14:18.392190,5.956909
2024-05-02 10:14:18.407820,10.72955
2024-05-02 10:14:18.423440,14.92575
2024-05-02 10:14:18.439070,18.45074
2024-05-02 10:14:18.454700,21.13647
2024-05-02 10:14:18.470320,22.8996
2024-05-02 10:14:18.485950,23.84004
2024-05-02 10:14:18.501570,24.20439
2024-05-02 10:14:18.517200,24.33543
2024-05-02 10:14:18.532820,24.47932
2024-05-02 10:14:18.548450,24.74232
2024-05-02 10:14:18.564080,25.02657
2024-05-02 10:14:18.579700,25.13148
2024-05-02 10:14:18.595330,24.82655
2024-05-02 10:14:18.610950,23.98561
2024-05-02 10:14:18.626580,22.6123
2024-05-02 10:14:18.642200,20.82454
2024-05-02 10:14:18.657830,18.80989
2024-05-02 10:14:18.673460,16.69806
2024-05-02 10:14:18.689080,14.57301
2024-05-02 10:14:18.704710,12.41245
2024-05-02 10:14:18.720330,10.15457
2024-05-02 10:14:18.735960,7.748398
2024-05-02 10:14:18.751580,5.155151
2024-05-02 10:14:18.767210,2.407181
2024-05-02 10:14:18.782840,-0.4958191
2024-05-02 10:14:18.798460,-3.595413
2024-05-02 10:14:18.814090,-6.995453
2024-05-02 10:14:18.829710,-10.75177
2024-05-02 10:14:18.845340,-14.77536
2024-05-02 10:14:18.860960,-18.69888
2024-05-02 10:14:18.876590,-21.89799
2024-05-02 10:14:18.892220,-23.662
2024-05-02 10:14:18.907840,-23.42433
2024-05-02 10:14:18.923470,-21.02946
2024-05-02 10:14:18.939090,-16.74843
2024-05-02 10:14:18.954720,-11.22078
2024-05-02 10:14:18.970340,-5.178024
2024-05-02 10:14:18.985970,0.7688904
2024-05-02 10:14:19.001600,6.256638
2024-05-02 10:14:19.017220,11.14355
2024-05-02 10:14:19.032850,15.3519
2024-05-02 10:14:19.048470,18.81021
2024-05-02 10:14:19.064100,21.40878
2024-05-02 10:14:19.079720,23.10854
2024-05-02 10:14:19.095350,23.95984
2024-05-02 10:14:19.110980,24.19028
2024-05-02 10:14:19.126600,24.1169
2024-05-02 10:14:19.142230,24.05812
2024-05-02 10:14:19.157850,24.24596
2024-05-02 10:14:19.173480,24.69884
2024-05-02 10:14:19.189100,25.26459
2024-05-02 10:14:19.204730,25.63661
2024-05-02 10:14:19.220360,25.48474
2024-05-02 10:14:19.235980,24.57405
2024-05-02 10:14:19.251610,22.83379
2024-05-02 10:14:19.267230,20.36369
2024-05-02 10:14:19.282860,17.3774
2024-05-02 10:14:19.298480,14.12088
2024-05-02 10:14:19.314110,10.80481
2024-05-02 10:14:19.329740,7.590195
2024-05-02 10:14:19.345360,4.581131
2024-05-02 10:14:19.360990,1.838242
2024-05-02 10:14:19.376610,-0.6611328
2024-05-02 10:14:19.392240,-3.054718
2024-05-02 10:14:19.407860,-5.573486
2024-05-02 10:14:19.423490,-8.495087
2024-05-02 10:14:19.439120,-11.99078
2024-05-02 10:14:19.454740,-16.05884
2024-05-02 10:14:19.470370,-20.41223
2024-05-02 10:14:19.485990,-24.55054
2024-05-02 10:14:19.501620,-27.85202
2024-05-02 10:14:19.517240,-29.67441
2024-05-02 10:14:19.532870,-29.53317
2024-05-02 10:14:19.548500,-27.20212
2024-05-02 10:14:19.564120,-22.82095
2024-05-02 10:14:19.579750,-16.85733
2024-05-02 10:14:19.595370,-10.0452
2024-05-02 10:14:19.611000,-3.167236
2024-05-02 10:14:19.626620,3.106384
2024-05-02 10:14:19.642250,8.35437
2024-05-02 10:14:19.657880,12.4082
2024-05-02 10:14:19.673500,15.27893
2024-05-02 10:14:19.689130,17.09833
2024-05-02 10:14:19.704750,18.05066
2024-05-02 10:14:19.720380,18.39493
2024-05-02 10:14:19.736000,18.43054
2024-05-02 10:14:19.751630,18.48367
2024-05-02 10:14:19.767260,18.79636
2024-05-02 10:14:19.782880,19.42358
2024-05-02 10:14:19.798510,20.23108
2024-05-02 10:14:19.814130,20.94281
2024-05-02 10:14:19.829760,21.28452
2024-05-02 10:14:19.845380,21.07877
2024-05-02 10:14:19.861010,20.33749
2024-05-02 10:14:19.876640,19.19308
2024-05-02 10:14:19.892260,17.82297
2024-05-02 10:14:19.907890,16.35458
2024-05-02 10:14:19.923510,14.83484
2024-05-02 10:14:19.939140,13.23795
2024-05-02 10:14:19.954760,11.51001
2024-05-02 10:14:19.970390,9.625275
2024-05-02 10:14:19.986020,7.606293
2024-05-02 10:14:20.001640,5.497009
2024-05-02 10:14:20.017270,3.339966
2024-05-02 10:14:20.032890,1.144775
2024-05-02 10:14:20.048520,-1.084351
2024-05-02 10:14:20.064140,-3.363098
2024-05-02 10:14:20.079770,-5.701538
2024-05-02 10:14:20.095400,-8.14917
2024-05-02 10:14:20.111020,-10.80884
2024-05-02 10:14:20.126650,-13.81427
2024-05-02 10:14:20.142270,-17.2511
2024-05-02 10:14:20.157900,-20.99536
2024-05-02 10:14:20.173520,-24.62674
2024-05-02 10:14:20.189150,-27.46793
2024-05-02 10:14:20.204780,-28.74754
2024-05-02 10:14:20.220400,-27.88826
2024-05-02 10:14:20.236030,-24.7532
2024-05-02 10:14:20.251650,-19.72038
2024-05-02 10:14:20.267280,-13.52644
2024-05-02 10:14:20.282910,-7.012634
2024-05-02 10:14:20.298530,-0.8283234
2024-05-02 10:14:20.314160,4.641388
2024-05-02 10:14:20.329780,9.247452
2024-05-02 10:14:20.345410,12.94287
2024-05-02 10:14:20.361030,15.68047
2024-05-02 10:14:20.376660,17.40491
2024-05-02 10:14:20.392290,18.15419
2024-05-02 10:14:20.407910,18.10657
2024-05-02 10:14:20.423540,17.59004
2024-05-02 10:14:20.439160,16.95641
2024-05-02 10:14:20.454790,16.4865
2024-05-02 10:14:20.470410,16.28365
2024-05-02 10:14:20.486040,16.29349
2024-05-02 10:14:20.501670,16.37141
2024-05-02 10:14:20.517290,16.37102
2024-05-02 10:14:20.532920,16.19011
2024-05-02 10:14:20.548540,15.8116
2024-05-02 10:14:20.564170,15.22952
2024-05-02 10:14:20.579790,14.44679
2024-05-02 10:14:20.595420,13.44229
2024-05-02 10:14:20.611050,12.19328
2024-05-02 10:14:20.626670,10.68977
2024-05-02 10:14:20.642300,8.955032
2024-05-02 10:14:20.657920,7.055222
2024-05-02 10:14:20.673550,5.108017
2024-05-02 10:14:20.689170,3.224823
2024-05-02 10:14:20.704800,1.498138
2024-05-02 10:14:20.720430,-0.04899597
2024-05-02 10:14:20.736050,-1.43985
2024-05-02 10:14:20.751680,-2.772934
2024-05-02 10:14:20.767300,-4.175018
2024-05-02 10:14:20.782930,-5.82637
2024-05-02 10:14:20.798550,-7.918533
2024-05-02 10:14:20.814180,-10.59848
2024-05-02 10:14:20.829810,-13.89465
2024-05-02 10:14:20.845430,-17.58963
2024-05-02 10:14:20.861060,-21.21187
2024-05-02 10:14:20.876680,-24.05106
2024-05-02 10:14:20.892310,-25.36676
2024-05-02 10:14:20.907930,-24.61685
2024-05-02 10:14:20.923560,-21.64012
2024-05-02 10:14:20.939190,-16.76595
2024-05-02 10:14:20.954810,-10.70566
2024-05-02 10:14:20.970440,-4.329956
2024-05-02 10:14:20.986060,1.558823
2024-05-02 10:14:21.001690,6.408997
2024-05-02 10:14:21.017310,9.983124
2024-05-02 10:14:21.032940,12.28265
2024-05-02 10:14:21.048570,13.46764
2024-05-02 10:14:21.064190,13.76103
2024-05-02 10:14:21.079820,13.43958
2024-05-02 10:14:21.095440,12.81181
2024-05-02 10:14:21.111070,12.19841
2024-05-02 10:14:21.126690,11.87183
2024-05-02 10:14:21.142320,11.96889
2024-05-02 10:14:21.157950,12.45935
2024-05-02 10:14:21.173570,13.14059
2024-05-02 10:14:21.189200,13.72092
2024-05-02 10:14:21.204820,13.92786
2024-05-02 10:14:21.220450,13.5943
2024-05-02 10:14:21.236070,12.71194
2024-05-02 10:14:21.251700,11.39508
2024-05-02 10:14:21.267330,9.818039
2024-05-02 10:14:21.282950,8.134949
2024-05-02 10:14:21.298580,6.427307
2024-05-02 10:14:21.314200,4.679733
2024-05-02 10:14:21.329830,2.859406
2024-05-02 10:14:21.345450,0.9628296
2024-05-02 10:14:21.361080,-0.9633789
2024-05-02 10:14:21.376710,-2.780838
2024-05-02 10:14:21.392330,-4.333252
2024-05-02 10:14:21.407960,-5.488998
2024-05-02 10:14:21.423580,-6.191345
2024-05-02 10:14:21.439210,-6.480988
2024-05-02 10:14:21.454830,-6.516861
2024-05-02 10:14:21.470460,-6.525055
2024-05-02 10:14:21.486090,-6.78476
2024-05-02 10:14:21.501710,-7.55069
2024-05-02 10:14:21.517340,-9.003769
2024-05-02 10:14:21.532960,-11.10448
2024-05-02 10:14:21.548590,-13.55733
2024-05-02 10:14:21.564210,-15.80103
2024-05-02 10:14:21.579840,-17.1272
2024-05-02 10:14:21.595470,-16.92546
2024-05-02 10:14:21.611090,-14.86702
2024-05-02 10:14:21.626720,-11.07877
2024-05-02 10:14:21.642340,-6.086594
2024-05-02 10:14:21.657970,-0.6329956
2024-05-02 10:14:21.673590,4.525177
2024-05-02 10:14:21.689220,8.836258
2024-05-02 10:14:21.704850,12.02136
2024-05-02 10:14:21.720470,14.03917
2024-05-02 10:14:21.736100,15.01553
2024-05-02 10:14:21.751720,15.14279
2024-05-02 10:14:21.767350,14.64656
2024-05-02 10:14:21.782970,13.77646
2024-05-02 10:14:21.798600,12.82951
2024-05-02 10:14:21.814230,12.09949
2024-05-02 10:14:21.829850,11.78284
2024-05-02 10:14:21.845480,11.90683
2024-05-02 10:14:21.861100,12.26082
2024-05-02 10:14:21.876730,12.5379
2024-05-02 10:14:21.892350,12.43909
2024-05-02 10:14:21.907980,11.8432
2024-05-02 10:14:21.923610,10.82497
2024-05-02 10:14:21.939230,9.615799
2024-05-02 10:14:21.954860,8.420959
2024-05-02 10:14:21.970480,7.300385
2024-05-02 10:14:21.986110,6.156433
2024-05-02 10:14:22.001730,4.816132
2024-05-02 10:14:22.017360,3.163437
2024-05-02 10:14:22.032990,1.232422
2024-05-02 10:14:22.048610,-0.7931366
2024-05-02 10:14:22.064240,-2.694618
2024-05-02 10:14:22.079860,-4.300034
2024-05-02 10:14:22.095490,-5.608421
2024-05-02 10:14:22.111110,-6.707863
2024-05-02 10:14:22.126740,-7.750107
2024-05-02 10:14:22.142370,-8.902405
2024-05-02 10:14:22.157990,-10.26485
2024-05-02 10:14:22.173620,-11.95169
2024-05-02 10:14:22.189240,-14.02818
2024-05-02 10:14:22.204870,-16.5168
2024-05-02 10:14:22.220490,-19.28309
2024-05-02 10:14:22.236120,-21.96557
2024-05-02 10:14:22.251750,-23.94913
2024-05-02 10:14:22.267370,-24.50662
2024-05-02 10:14:22.283000,-23.08509
2024-05-02 10:14:22.298620,-19.54352
2024-05-02 10:14:22.314250,-14.29094
2024-05-02 10:14:22.329870,-8.194389
2024-05-02 10:14:22.345500,-2.249557
2024-05-02 10:14:22.361130,2.719322
2024-05-02 10:14:22.376750,6.276199
2024-05-02 10:14:22.392380,8.348053
2024-05-02 10:14:22.408000,9.121307
2024-05-02 10:14:22.423630,8.821945
2024-05-02 10:14:22.439260,7.713318
2024-05-02 10:14:22.454880,6.105652
2024-05-02 10:14:22.470510,4.409691
2024-05-02 10:14:22.486130,3.114403
2024-05-02 10:14:22.501760,2.632973
2024-05-02 10:14:22.517380,3.133057
2024-05-02 10:14:22.533010,4.463585
2024-05-02 10:14:22.548640,6.16214
2024-05-02 10:14:22.564260,7.662369
2024-05-02 10:14:22.579890,8.526031
2024-05-02 10:14:22.595510,8.575081
2024-05-02 10:14:22.611140,7.927711
2024-05-02 10:14:22.626760,6.863602
2024-05-02 10:14:22.642390,5.636719
2024-05-02 10:14:22.658020,4.381775
2024-05-02 10:14:22.673640,3.059883
2024-05-02 10:14:22.689270,1.588348
2024-05-02 10:14:22.704890,-0.06551361
2024-05-02 10:14:22.720520,-1.79858
2024-05-02 10:14:22.736140,-3.431896
2024-05-02 10:14:22.751770,-4.792606
2024-05-02 10:14:22.767400,-5.844009
2024-05-02 10:14:22.783020,-6.735909
2024-05-02 10:14:22.798650,-7.728065
2024-05-02 10:14:22.814270,-9.06926
2024-05-02 10:14:22.829900,-10.90709
2024-05-02 10:14:22.845520,-13.21376
2024-05-02 10:14:22.861150,-15.76642
2024-05-02 10:14:22.876780,-18.21043
2024-05-02 10:14:22.892400,-20.106
2024-05-02 10:14:22.908030,-21.00641
2024-05-02 10:14:22.923650,-20.55001
2024-05-02 10:14:22.939280,-18.54214
2024-05-02 10:14:22.954900,-15.04345
2024-05-02 10:14:22.970530,-10.3796
2024-05-02 10:14:22.986160,-5.104668
2024-05-02 10:14:23.001780,0.1119461
2024-05-02 10:14:23.017410,4.58041
2024-05-02 10:14:23.033030,7.782574
2024-05-02 10:14:23.048660,9.460125
2024-05-02 10:14:23.064280,9.668682
2024-05-02 10:14:23.079910,8.765991
2024-05-02 10:14:23.095540,7.235489
2024-05-02 10:14:23.111160,5.557781
2024-05-02 10:14:23.126790,4.06151
2024-05-02 10:14:23.142410,2.904976
2024-05-02 10:14:23.158040,2.159653
2024-05-02 10:14:23.173660,1.87459
2024-05-02 10:14:23.189290,2.113491
2024-05-02 10:14:23.204920,2.901159
2024-05-02 10:14:23.220540,4.108063
2024-05-02 10:14:23.236170,5.413157
2024-05-02 10:14:23.251790,6.393007
2024-05-02 10:14:23.267420,6.646439
2024-05-02 10:14:23.283040,5.99461
2024-05-02 10:14:23.298670,4.535841
2024-05-02 10:14:23.314300,2.576698
2024-05-02 10:14:23.329920,0.4918137
2024-05-02 10:14:23.345550,-1.471189
2024-05-02 10:14:23.361170,-3.230978
2024-05-02 10:14:23.376800,-4.876081
2024-05-02 10:14:23.392420,-6.535845
2024-05-02 10:14:23.408050,-8.327755
2024-05-02 10:14:23.423680,-10.30744
2024-05-02 10:14:23.439300,-12.4883
2024-05-02 10:14:23.454930,-14.83543
2024-05-02 10:14:23.470550,-17.25918
2024-05-02 10:14:23.486180,-19.57137
2024-05-02 10:14:23.501800,-21.45467
2024-05-02 10:14:23.517430,-22.49327
2024-05-02 10:14:23.533060,-22.26765
2024-05-02 10:14:23.548680,-20.51772
2024-05-02 10:14:23.564310,-17.26269
2024-05-02 10:14:23.579930,-12.84414
2024-05-02 10:14:23.595560,-7.855068
2024-05-02 10:14:23.611180,-2.969071
2024-05-02 10:14:23.626810,1.233121
2024-05-02 10:14:23.642440,4.357479
2024-05-02 10:14:23.658060,6.244913
2024-05-02 10:14:23.673690,6.916171
2024-05-02 10:14:23.689310,6.517699
2024-05-02 10:14:23.704940,5.310378
2024-05-02 10:14:23.720560,3.63439
2024-05-02 10:14:23.736190,1.892053
2024-05-02 10:14:23.751820,0.4842851
2024-05-02 10:14:23.767440,-0.2743322
2024-05-02 10:14:23.783070,-0.2415527
2024-05-02 10:14:23.798690,0.4852032
2024-05-02 10:14:23.814320,1.598767
2024-05-02 10:14:23.829940,2.679342
2024-05-02 10:14:23.845570,3.314152
2024-05-02 10:14:23.861200,3.240517
2024-05-02 10:14:23.876820,2.436012
2024-05-02 10:14:23.892450,1.076266
2024-05-02 10:14:23.908070,-0.5175108
2024-05-02 10:14:23.923700,-2.073328
2024-05-02 10:14:23.939320,-3.455271
2024-05-02 10:14:23.954950,-4.727875
2024-05-02 10:14:23.970580,-6.113688
2024-05-02 10:14:23.986200,-7.873463
2024-05-02 10:14:24.001830,-10.203
2024-05-02 10:14:24.017450,-13.13361
2024-05-02 10:14:24.033080,-16.51587
2024-05-02 10:14:24.048700,-20.02815
2024-05-02 10:14:24.064330,-23.21466
2024-05-02 10:14:24.079960,-25.55425
2024-05-02 10:14:24.095580,-26.54556
2024-05-02 10:14:24.111210,-25.83452
2024-05-02 10:14:24.126830,-23.34978
2024-05-02 10:14:24.142460,-19.35501
2024-05-02 10:14:24.158080,-14.37411
2024-05-02 10:14:24.173710,-9.065471
2024-05-02 10:14:24.189340,-4.01544
2024-05-02 10:14:24.204960,0.3414893
2024-05-02 10:14:24.220590,3.736562
2024-05-02 10:14:24.236210,6.018909
2024-05-02 10:14:24.251840,7.11906
2024-05-02 10:14:24.267460,7.080512
2024-05-02 10:14:24.283090,6.098518
2024-05-02 10:14:24.298720,4.552648
2024-05-02 10:14:24.314340,2.943568
2024-05-02 10:14:24.329970,1.759497
2024-05-02 10:14:24.345590,1.320799
2024-05-02 10:14:24.361220,1.673219
2024-05-02 10:14:24.376840,2.606159
2024-05-02 10:14:24.392470,3.733109
2024-05-02 10:14:24.408100,4.65099
2024-05-02 10:14:24.423720,5.07322
2024-05-02 10:14:24.439350,4.897572
2024-05-02 10:14:24.454970,4.21004
2024-05-02 10:14:24.470600,3.198697
2024-05-02 10:14:24.486220,2.072459
2024-05-02 10:14:24.501850,0.9661932
2024-05-02 10:14:24.517480,-0.08552265
2024-05-02 10:14:24.533100,-1.146263
2024-05-02 10:14:24.548730,-2.323624
2024-05-02 10:14:24.564350,-3.745393
2024-05-02 10:14:24.579980,-5.533721
2024-05-02 10:14:24.595600,-7.814547
2024-05-02 10:14:24.611230,-10.63052
2024-05-02 10:14:24.626860,-13.87415
2024-05-02 10:14:24.642480,-17.19548
2024-05-02 10:14:24.658110,-20.01359
2024-05-02 10:14:24.673730,-21.63389
2024-05-02 10:14:24.689360,-21.47341
2024-05-02 10:14:24.704980,-19.28813
2024-05-02 10:14:24.720610,-15.27378
2024-05-02 10:14:24.736240,-10.01262
2024-05-02 10:14:24.751860,-4.317776
2024-05-02 10:14:24.767490,1.044907
2024-05-02 10:14:24.783110,5.498901
2024-05-02 10:14:24.798740,8.738621
2024-05-02 10:14:24.814360,10.69642
2024-05-02 10:14:24.829990,11.46917
2024-05-02 10:14:24.845620,11.26262
2024-05-02 10:14:24.861240,10.35971
2024-05-02 10:14:24.876870,9.121254
2024-05-02 10:14:24.892490,7.915104
2024-05-02 10:14:24.908120,7.073055
2024-05-02 10:14:24.923740,6.792286
2024-05-02 10:14:24.939370,7.079063
2024-05-02 10:14:24.955000,7.767986
2024-05-02 10:14:24.970620,8.568203
2024-05-02 10:14:24.986250,9.162998
2024-05-02 10:14:25.001870,9.300949
2024-05-02 10:14:25.017500,8.868568
2024-05-02 10:14:25.033120,7.875786
2024-05-02 10:14:25.048750,6.450603
2024-05-02 10:14:25.064380,4.753151
2024-05-02 10:14:25.080000,2.91943
2024-05-02 10:14:25.095630,1.02932
2024-05-02 10:14:25.111250,-0.8893738
2024-05-02 10:14:25.126880,-2.841923
2024-05-02 10:14:25.142510,-4.835606
2024-05-02 10:14:25.158130,-6.879944
2024-05-02 10:14:25.173760,-8.996143
2024-05-02 10:14:25.189380,-11.20431
2024-05-02 10:14:25.205010,-13.51794
2024-05-02 10:14:25.220630,-15.85931
2024-05-02 10:14:25.236260,-17.98759
2024-05-02 10:14:25.251890,-19.47629
2024-05-02 10:14:25.267510,-19.81584
2024-05-02 10:14:25.283140,-18.57417
2024-05-02 10:14:25.298760,-15.58536
2024-05-02 10:14:25.314390,-11.0765
2024-05-02 10:14:25.330010,-5.618938
2024-05-02 10:14:25.345640,0.01084518
2024-05-02 10:14:25.361270,5.073349
2024-05-02 10:14:25.376890,9.034492
2024-05-02 10:14:25.392520,11.65545
2024-05-02 10:14:25.408140,12.95322
2024-05-02 10:14:25.423770,13.15234
2024-05-02 10:14:25.439390,12.56349
2024-05-02 10:14:25.455020,11.57102
2024-05-02 10:14:25.470650,10.55552
2024-05-02 10:14:25.486270,9.856461
2024-05-02 10:14:25.501900,9.70211
2024-05-02 10:14:25.517520,10.12646
2024-05-02 10:14:25.533150,10.96568
2024-05-02 10:14:25.548770,11.9196
2024-05-02 10:14:25.564400,12.65666
2024-05-02 10:14:25.580030,12.93208
2024-05-02 10:14:25.595650,12.62972
2024-05-02 10:14:25.611280,11.77464
2024-05-02 10:14:25.626900,10.43986
2024-05-02 10:14:25.642530,8.75547
2024-05-02 10:14:25.658150,6.857086
2024-05-02 10:14:25.673780,4.898811
2024-05-02 10:14:25.689410,3.01931
2024-05-02 10:14:25.705030,1.294144
2024-05-02 10:14:25.720660,-0.3360901
2024-05-02 10:14:25.736280,-2.077385
2024-05-02 10:14:25.751910,-4.22567
2024-05-02 10:14:25.767530,-7.046478
2024-05-02 10:14:25.783160,-10.56802
2024-05-02 10:14:25.798790,-14.48325
2024-05-02 10:14:25.814410,-18.14754
2024-05-02 10:14:25.830040,-20.73855
2024-05-02 10:14:25.845660,-21.52763
2024-05-02 10:14:25.861290,-20.13364
2024-05-02 10:14:25.876910,-16.66223
2024-05-02 10:14:25.892540,-11.65338
2024-05-02 10:14:25.908170,-5.898811
2024-05-02 10:14:25.923790,-0.1500931
2024-05-02 10:14:25.939420,5.038544
2024-05-02 10:14:25.955040,9.38221
2024-05-02 10:14:25.970670,12.76725
2024-05-02 10:14:25.986290,15.16455
2024-05-02 10:14:26.001920,16.56808
2024-05-02 10:14:26.017550,17.04189
2024-05-02 10:14:26.033170,16.80356
2024-05-02 10:14:26.048800,16.25522
2024-05-02 10:14:26.064420,15.85282
2024-05-02 10:14:26.080050,15.95201
2024-05-02 10:14:26.095670,16.62183
2024-05-02 10:14:26.111300,17.64122
2024-05-02 10:14:26.126930,18.56987
2024-05-02 10:14:26.142550,18.9723
2024-05-02 10:14:26.158180,18.57784
2024-05-02 10:14:26.173800,17.33152
2024-05-02 10:14:26.189430,15.38743
2024-05-02 10:14:26.205050,12.99177
2024-05-02 10:14:26.220680,10.41372
2024-05-02 10:14:26.236310,7.860344
2024-05-02 10:14:26.251930,5.487411
2024-05-02 10:14:26.267560,3.363052
2024-05-02 10:14:26.283180,1.472214
2024-05-02 10:14:26.298810,-0.2916794
2024-05-02 10:14:26.314430,-2.08297
2024-05-02 10:14:26.330060,-4.079887
2024-05-02 10:14:26.345690,-6.432419
2024-05-02 10:14:26.361310,-9.200302
2024-05-02 10:14:26.376940,-12.29014
2024-05-02 10:14:26.392560,-15.41017
2024-05-02 10:14:26.408190,-18.09676
2024-05-02 10:14:26.423810,-19.75793
2024-05-02 10:14:26.439440,-19.85394
2024-05-02 10:14:26.455070,-18.0881
2024-05-02 10:14:26.470690,-14.58053
2024-05-02 10:14:26.486320,-9.852028
2024-05-02 10:14:26.501940,-4.67215
2024-05-02 10:14:26.517570,0.1804504
2024-05-02 10:14:26.533190,4.134979
2024-05-02 10:14:26.548820,6.927429
2024-05-02 10:14:26.564450,8.544617
2024-05-02 10:14:26.580070,9.087624
2024-05-02 10:14:26.595700,8.665482
2024-05-02 10:14:26.611320,7.399689
2024-05-02 10:14:26.626950,5.476128
2024-05-02 10:14:26.642570,3.231834
2024-05-02 10:14:26.658200,1.099693
2024-05-02 10:14:26.673830,-0.4909744
2024-05-02 10:14:26.689450,-1.300972
2024-05-02 10:14:26.705080,-1.372093
2024-05-02 10:14:26.720700,-0.9655304
2024-05-02 10:14:26.736330,-0.4705429
2024-05-02 10:14:26.751950,-0.1895828
2024-05-02 10:14:26.767580,-0.2372742
2024-05-02 10:14:26.783210,-0.5380859
2024-05-02 10:14:26.798830,-0.9506912
2024-05-02 10:14:26.814460,-1.344498
2024-05-02 10:14:26.830080,-1.689018
2024-05-02 10:14:26.845710,-2.050346
2024-05-02 10:14:26.861330,-2.539169
2024-05-02 10:14:26.876960,-3.245941
2024-05-02 10:14:26.892590,-4.228363
2024-05-02 10:14:26.908210,-5.551414
2024-05-02 10:14:26.923840,-7.316742
2024-05-02 10:14:26.939460,-9.600311
2024-05-02 10:14:26.955090,-12.35913
2024-05-02 10:14:26.970710,-15.34096
2024-05-02 10:14:26.986340,-18.06008
2024-05-02 10:14:27.001970,-19.8722
2024-05-02 10:14:27.017590,-20.16362
2024-05-02 10:14:27.033220,-18.59444
2024-05-02 10:14:27.048840,-15.25439
2024-05-02 10:14:27.064470,-10.64801
2024-05-02 10:14:27.080090,-5.532867
2024-05-02 10:14:27.095720,-0.6543503
2024-05-02 10:14:27.111350,3.473
2024-05-02 10:14:27.126970,6.640793
2024-05-02 10:14:27.142600,8.875938
2024-05-02 10:14:27.158220,10.27399
2024-05-02 10:14:27.173850,10.88725
2024-05-02 10:14:27.189470,10.73896
2024-05-02 10:14:27.205100,9.917191
2024-05-02 10:14:27.220730,8.685013
2024-05-02 10:14:27.236350,7.484161
2024-05-02 10:14:27.251980,6.786011
2024-05-02 10:14:27.267600,6.884171
2024-05-02 10:14:27.283230,7.736069
2024-05-02 10:14:27.298860,8.960709
2024-05-02 10:14:27.314480,9.999756
2024-05-02 10:14:27.330110,10.37227
2024-05-02 10:14:27.345730,9.835358
2024-05-02 10:14:27.361360,8.415497
2024-05-02 10:14:27.376980,6.343094
2024-05-02 10:14:27.392610,3.901611
2024-05-02 10:14:27.408240,1.352631
2024-05-02 10:14:27.423860,-1.13652
2024-05-02 10:14:27.439490,-3.484314
2024-05-02 10:14:27.455110,-5.693542
2024-05-02 10:14:27.470740,-7.833176
2024-05-02 10:14:27.486360,-10.04604
2024-05-02 10:14:27.501990,-12.52101
2024-05-02 10:14:27.517620,-15.41089
2024-05-02 10:14:27.533240,-18.71371
2024-05-02 10:14:27.548870,-22.21317
2024-05-02 10:14:27.564490,-25.43669
2024-05-02 10:14:27.580120,-27.75761
2024-05-02 10:14:27.595740,-28.56804
2024-05-02 10:14:27.611370,-27.48973
2024-05-02 10:14:27.627000,-24.50209
2024-05-02 10:14:27.642620,-19.95099
2024-05-02 10:14:27.658250,-14.42078
2024-05-02 10:14:27.673870,-8.565094
2024-05-02 10:14:27.689500,-2.907455
2024-05-02 10:14:27.705120,2.199661
2024-05-02 10:14:27.720750,6.579163
2024-05-02 10:14:27.736380,10.15121
2024-05-02 10:14:27.752000,12.87265
2024-05-02 10:14:27.767630,14.74237
2024-05-02 10:14:27.783250,15.81836
2024-05-02 10:14:27.798880,16.2545
2024-05-02 10:14:27.814500,16.28044
2024-05-02 10:14:27.830130,16.12589
2024-05-02 10:14:27.845760,15.94832
2024-05-02 10:14:27.861380,15.77448
2024-05-02 10:14:27.877010,15.54816
2024-05-02 10:14:27.892630,15.17007
2024-05-02 10:14:27.908260,14.59601
2024-05-02 10:14:27.923880,13.81053
2024-05-02 10:14:27.939510,12.86864
2024-05-02 10:14:27.955140,11.7896
2024-05-02 10:14:27.970760,10.59685
2024-05-02 10:14:27.986390,9.286041
2024-05-02 10:14:28.002010,7.863235
2024-05-02 10:14:28.017640,6.337357
2024-05-02 10:14:28.033260,4.744812
2024-05-02 10:14:28.048890,3.096725
2024-05-02 10:14:28.064520,1.391708
2024-05-02 10:14:28.080140,-0.4107361
2024-05-02 10:14:28.095770,-2.374405
2024-05-02 10:14:28.111390,-4.599991
2024-05-02 10:14:28.127020,-7.17482
2024-05-02 10:14:28.142640,-10.1512
2024-05-02 10:14:28.158270,-13.46021
2024-05-02 10:14:28.173900,-16.87727
2024-05-02 10:14:28.189520,-19.93901
2024-05-02 10:14:28.205150,-22.05887
2024-05-02 10:14:28.220770,-22.64862
2024-05-02 10:14:28.236400,-21.32532
2024-05-02 10:14:28.252020,-18.06093
2024-05-02 10:14:28.267650,-13.20975
2024-05-02 10:14:28.283280,-7.386795
2024-05-02 10:14:28.298900,-1.280624
2024-05-02 10:14:28.314530,4.541138
2024-05-02 10:14:28.330150,9.699005
2024-05-02 10:14:28.345780,13.99158
2024-05-02 10:14:28.361400,17.31116
2024-05-02 10:14:28.377030,19.63567
2024-05-02 10:14:28.392660,21.03226
2024-05-02 10:14:28.408280,21.6893
2024-05-02 10:14:28.423910,21.89667
2024-05-02 10:14:28.439530,21.99098
2024-05-02 10:14:28.455160,22.19833
2024-05-02 10:14:28.470780,22.54929
2024-05-02 10:14:28.486410,22.91614
2024-05-02 10:14:28.502040,23.10172
2024-05-02 10:14:28.517660,22.98923
2024-05-02 10:14:28.533290,22.6172
2024-05-02 10:14:28.548910,22.10141
2024-05-02 10:14:28.564540,21.51726
2024-05-02 10:14:28.580160,20.81093
2024-05-02 10:14:28.595790,19.78612
2024-05-02 10:14:28.611420,18.22389
2024-05-02 10:14:28.627040,16.03772
2024-05-02 10:14:28.642670,13.35326
2024-05-02 10:14:28.658290,10.46576
2024-05-02 10:14:28.673920,7.686081
2024-05-02 10:14:28.689540,5.214462
2024-05-02 10:14:28.705170,3.061554
2024-05-02 10:14:28.720800,1.080841
2024-05-02 10:14:28.736420,-0.9222717
2024-05-02 10:14:28.752050,-3.107285
2024-05-02 10:14:28.767670,-5.573334
2024-05-02 10:14:28.783300,-8.39476
2024-05-02 10:14:28.798920,-11.62715
2024-05-02 10:14:28.814550,-15.22049
2024-05-02 10:14:28.830180,-18.92523
2024-05-02 10:14:28.845800,-22.2075
2024-05-02 10:14:28.861430,-24.33037
2024-05-02 10:14:28.877050,-24.58914
2024-05-02 10:14:28.892680,-22.57568
2024-05-02 10:14:28.908300,-18.4068
2024-05-02 10:14:28.923930,-12.72209
2024-05-02 10:14:28.939560,-6.424652
2024-05-02 10:14:28.955180,-0.3762665
2024-05-02 10:14:28.970810,4.85556
2024-05-02 10:14:28.986430,9.068344
2024-05-02 10:14:29.002060,12.29306
2024-05-02 10:14:29.017680,14.63678
2024-05-02 10:14:29.033310,16.17412
2024-05-02 10:14:29.048940,16.9617
2024-05-02 10:14:29.064560,17.1273
2024-05-02 10:14:29.080190,16.93864
2024-05-02 10:14:29.095810,16.73611
2024-05-02 10:14:29.111440,16.79721
2024-05-02 10:14:29.127060,17.24202
2024-05-02 10:14:29.142690,17.95673
2024-05-02 10:14:29.158320,18.67636
2024-05-02 10:14:29.173940,19.08195
2024-05-02 10:14:29.189570,18.99033
2024-05-02 10:14:29.205190,18.36801
2024-05-02 10:14:29.220820,17.34094
2024-05-02 10:14:29.236440,16.06859
2024-05-02 10:14:29.252070,14.68924
2024-05-02 10:14:29.267700,13.26283
2024-05-02 10:14:29.283320,11.7677
2024-05-02 10:14:29.298950,10.17064
2024-05-02 10:14:29.314570,8.485458
2024-05-02 10:14:29.330200,6.78334
2024-05-02 10:14:29.345820,5.171844
2024-05-02 10:14:29.361450,3.733612
2024-05-02 10:14:29.377080,2.44281
2024-05-02 10:14:29.392700,1.164841
2024-05-02 10:14:29.408330,-0.3177643
2024-05-02 10:14:29.423950,-2.221436
2024-05-02 10:14:29.439580,-4.666779
2024-05-02 10:14:29.455200,-7.653946
2024-05-02 10:14:29.470830,-11.03799
2024-05-02 10:14:29.486460,-14.54175
2024-05-02 10:14:29.502080,-17.77803
2024-05-02 10:14:29.517710,-20.27641
2024-05-02 10:14:29.533330,-21.54785
2024-05-02 10:14:29.548960,-21.20967
2024-05-02 10:14:29.564580,-19.10912
2024-05-02 10:14:29.580210,-15.38864
2024-05-02 10:14:29.595840,-10.46599
2024-05-02 10:14:29.611460,-4.952255
2024-05-02 10:14:29.627090,0.5404816
2024-05-02 10:14:29.642710,5.511276
2024-05-02 10:14:29.658340,9.638901
2024-05-02 10:14:29.673960,12.75639
2024-05-02 10:14:29.689590,14.82346
2024-05-02 10:14:29.705220,15.88457
2024-05-02 10:14:29.720840,16.07918
2024-05-02 10:14:29.736470,15.62517
2024-05-02 10:14:29.752090,14.8279
2024-05-02 10:14:29.767720,14.02066
2024-05-02 10:14:29.783340,13.4465
2024-05-02 10:14:29.798970,13.22343
2024-05-02 10:14:29.814600,13.30978
2024-05-02 10:14:29.830220,13.52174
2024-05-02 10:14:29.845850,13.61131
2024-05-02 10:14:29.861470,13.36232
2024-05-02 10:14:29.877100,12.66762
2024-05-02 10:14:29.892720,11.55782
2024-05-02 10:14:29.908350,10.16268
2024-05-02 10:14:29.923980,8.64415
2024-05-02 10:14:29.939600,7.107979
2024-05-02 10:14:29.955230,5.562836
2024-05-02 10:14:29.970850,3.941818
2024-05-02 10:14:29.986480,2.170052
2024-05-02 10:14:30.002110,0.2095413
2024-05-02 10:14:30.017730,-1.89064
2024-05-02 10:14:30.033360,-4.039551
2024-05-02 10:14:30.048980,-6.119354
2024-05-02 10:14:30.064610,-8.059906
2024-05-02 10:14:30.080230,-9.836617
2024-05-02 10:14:30.095860,-11.50201
2024-05-02 10:14:30.111490,-13.19507
2024-05-02 10:14:30.127110,-15.11069
2024-05-02 10:14:30.142740,-17.39639
2024-05-02 10:14:30.158360,-20.03213
2024-05-02 10:14:30.173990,-22.69004
2024-05-02 10:14:30.189610,-24.73184
2024-05-02 10:14:30.205240,-25.38685
2024-05-02 10:14:30.220870,-24.02184
2024-05-02 10:14:30.236490,-20.47933
2024-05-02 10:14:30.252120,-15.15812
2024-05-02 10:14:30.267740,-8.885124
2024-05-02 10:14:30.283370,-2.63385
2024-05-02 10:14:30.298990,2.821686
2024-05-02 10:14:30.314620,7.099083
2024-05-02 10:14:30.330250,10.17538
2024-05-02 10:14:30.345870,12.22182
2024-05-02 10:14:30.361500,13.42919
2024-05-02 10:14:30.377120,13.93033
2024-05-02 10:14:30.392750,13.84302
2024-05-02 10:14:30.408370,13.3307
2024-05-02 10:14:30.424000,12.65519
2024-05-02 10:14:30.439630,12.10307
2024-05-02 10:14:30.455250,11.87473
2024-05-02 10:14:30.470880,12.00594
2024-05-02 10:14:30.486500,12.35744
2024-05-02 10:14:30.502130,12.69027
2024-05-02 10:14:30.517750,12.79373
2024-05-02 10:14:30.533380,12.55632
2024-05-02 10:14:30.549010,12.00188
2024-05-02 10:14:30.564630,11.1861
2024-05-02 10:14:30.580260,10.16771
2024-05-02 10:14:30.595880,8.951492
2024-05-02 10:14:30.611510,7.504002
2024-05-02 10:14:30.627130,5.80431
2024-05-02 10:14:30.642760,3.893467
2024-05-02 10:14:30.658390,1.878609
2024-05-02 10:14:30.674010,-0.09938049
2024-05-02 10:14:30.689640,-1.941357
2024-05-02 10:14:30.705260,-3.654015
2024-05-02 10:14:30.720890,-5.346966
2024-05-02 10:14:30.736510,-7.192135
2024-05-02 10:14:30.752140,-9.367577
2024-05-02 10:14:30.767770,-11.93973
2024-05-02 10:14:30.783390,-14.84358
2024-05-02 10:14:30.799020,-17.81617
2024-05-02 10:14:30.814640,-20.44057
2024-05-02 10:14:30.830270,-22.18852
2024-05-02 10:14:30.845890,-22.54822
2024-05-02 10:14:30.861520,-21.1962
2024-05-02 10:14:30.877150,-18.10932
2024-05-02 10:14:30.892770,-13.60261
2024-05-02 10:14:30.908400,-8.280091
2024-05-02 10:14:30.924020,-2.853406
2024-05-02 10:14:30.939650,2.020315
2024-05-02 10:14:30.955270,5.876412
2024-05-02 10:14:30.970900,8.502437
2024-05-02 10:14:30.986530,9.897526
2024-05-02 10:14:31.002150,10.22082
2024-05-02 10:14:31.017780,9.752404
2024-05-02 10:14:31.033400,8.8262
2024-05-02 10:14:31.049030,7.816257
2024-05-02 10:14:31.064650,7.048744
2024-05-02 10:14:31.080280,6.738045
2024-05-02 10:14:31.095910,6.93366
2024-05-02 10:14:31.111530,7.514831
2024-05-02 10:14:31.127160,8.252624
2024-05-02 10:14:31.142780,8.8926
2024-05-02 10:14:31.158410,9.247071
2024-05-02 10:14:31.174030,9.206814
2024-05-02 10:14:31.189660,8.753242
2024-05-02 10:14:31.205290,7.901119
2024-05-02 10:14:31.220910,6.710106
2024-05-02 10:14:31.236540,5.249247
2024-05-02 10:14:31.252160,3.619211
2024-05-02 10:14:31.267790,1.917587
2024-05-02 10:14:31.283410,0.2213116
2024-05-02 10:14:31.299040,-1.410061
2024-05-02 10:14:31.314670,-2.962109
2024-05-02 10:14:31.330290,-4.477333
2024-05-02 10:14:31.345920,-6.018028
2024-05-02 10:14:31.361540,-7.659969
2024-05-02 10:14:31.377170,-9.48288
2024-05-02 10:14:31.392790,-11.55669
2024-05-02 10:14:31.408420,-13.96437
2024-05-02 10:14:31.424050,-16.73682
2024-05-02 10:14:31.439670,-19.78229
2024-05-02 10:14:31.455300,-22.79449
2024-05-02 10:14:31.470920,-25.21318
2024-05-02 10:14:31.486550,-26.32925
2024-05-02 10:14:31.502170,-25.52944
2024-05-02 10:14:31.517800,-22.55354
2024-05-02 10:14:31.533430,-17.65798
2024-05-02 10:14:31.549050,-11.58248
2024-05-02 10:14:31.564680,-5.291832
2024-05-02 10:14:31.580300,0.3244095
2024-05-02 10:14:31.595930,4.710358
2024-05-02 10:14:31.611550,7.6912
2024-05-02 10:14:31.627180,9.404976
2024-05-02 10:14:31.642810,10.12801
2024-05-02 10:14:31.658430,10.14648
2024-05-02 10:14:31.674060,9.714592
2024-05-02 10:14:31.689680,9.07444
2024-05-02 10:14:31.705310,8.473839
2024-05-02 10:14:31.720930,8.142693
2024-05-02 10:14:31.736560,8.215515
2024-05-02 10:14:31.752190,8.688873
2024-05-02 10:14:31.767810,9.381821
2024-05-02 10:14:31.783440,10.02187
2024-05-02 10:14:31.799060,10.33206
2024-05-02 10:14:31.814690,10.12816
2024-05-02 10:14:31.830310,9.383141
2024-05-02 10:14:31.845940,8.185165
2024-05-02 10:14:31.861570,6.7173
2024-05-02 10:14:31.877190,5.150681
2024-05-02 10:14:31.892820,3.613136
2024-05-02 10:14:31.908440,2.157654
2024-05-02 10:14:31.924070,0.7771759
2024-05-02 10:14:31.939690,-0.5495453
2024-05-02 10:14:31.955320,-1.868835
2024-05-02 10:14:31.970950,-3.218185
2024-05-02 10:14:31.986570,-4.630447
2024-05-02 10:14:32.002200,-6.160599
2024-05-02 10:14:32.017820,-7.896072
2024-05-02 10:14:32.033450,-9.933777
2024-05-02 10:14:32.049070,-12.37521
2024-05-02 10:14:32.064700,-15.23997
2024-05-02 10:14:32.080330,-18.34966
2024-05-02 10:14:32.095950,-21.25672
2024-05-02 10:14:32.111580,-23.30695
2024-05-02 10:14:32.127200,-23.81654
2024-05-02 10:14:32.142830,-22.30621
2024-05-02 10:14:32.158460,-18.76044
2024-05-02 10:14:32.174080,-13.671
2024-05-02 10:14:32.189710,-7.885162
2024-05-02 10:14:32.205330,-2.324852
2024-05-02 10:14:32.220960,2.303673
2024-05-02 10:14:32.236580,5.664619
2024-05-02 10:14:32.252210,7.744308
2024-05-02 10:14:32.267840,8.726089
2024-05-02 10:14:32.283460,8.808746
2024-05-02 10:14:32.299090,8.174103
2024-05-02 10:14:32.314710,6.994293
2024-05-02 10:14:32.330340,5.519806
2024-05-02 10:14:32.345960,4.087204
2024-05-02 10:14:32.361590,3.053131
2024-05-02 10:14:32.377220,2.670868
2024-05-02 10:14:32.392840,2.992523
2024-05-02 10:14:32.408470,3.841461
2024-05-02 10:14:32.424090,4.875351
2024-05-02 10:14:32.439720,5.722427
2024-05-02 10:14:32.455340,6.097412
2024-05-02 10:14:32.470970,5.85228
2024-05-02 10:14:32.486600,4.973099
2024-05-02 10:14:32.502220,3.516907
2024-05-02 10:14:32.517850,1.566177
2024-05-02 10:14:32.533470,-0.7811737
2024-05-02 10:14:32.549100,-3.385178
2024-05-02 10:14:32.564720,-6.052017
2024-05-02 10:14:32.580350,-8.555603
2024-05-02 10:14:32.595980,-10.70053
2024-05-02 10:14:32.611600,-12.41328
2024-05-02 10:14:32.627230,-13.83531
2024-05-02 10:14:32.642850,-15.25999
2024-05-02 10:14:32.658480,-17.04866
2024-05-02 10:14:32.674100,-19.45473
2024-05-02 10:14:32.689730,-22.47858
2024-05-02 10:14:32.705360,-25.80409
2024-05-02 10:14:32.720980,-28.83472
2024-05-02 10:14:32.736610,-30.84624
2024-05-02 10:14:32.752230,-31.23061
2024-05-02 10:14:32.767860,-29.66035
2024-05-02 10:14:32.783480,-26.21207
2024-05-02 10:14:32.799110,-21.33371
2024-05-02 10:14:32.814740,-15.71214
2024-05-02 10:14:32.830360,-10.07353
2024-05-02 10:14:32.845990,-5.022202
2024-05-02 10:14:32.861610,-0.9516296
2024-05-02 10:14:32.877240,1.987198
2024-05-02 10:14:32.892860,3.805725
2024-05-02 10:14:32.908490,4.619736
2024-05-02 10:14:32.924120,4.609818
2024-05-02 10:14:32.939740,4.019669
2024-05-02 10:14:32.955370,3.129471
2024-05-02 10:14:32.970990,2.254883
2024-05-02 10:14:32.986620,1.692291
2024-05-02 10:14:33.002240,1.617004
2024-05-02 10:14:33.017870,2.07637
2024-05-02 10:14:33.033500,2.977524
2024-05-02 10:14:33.049120,4.134277
2024-05-02 10:14:33.064750,5.328674
2024-05-02 10:14:33.080370,6.375717
2024-05-02 10:14:33.096000,7.12262
2024-05-02 10:14:33.111620,7.513596
2024-05-02 10:14:33.127250,7.555801
2024-05-02 10:14:33.142880,7.32576
2024-05-02 10:14:33.158500,6.935394
2024-05-02 10:14:33.174130,6.476486
2024-05-02 10:14:33.189750,5.992722
2024-05-02 10:14:33.205380,5.42926
2024-05-02 10:14:33.221000,4.68692
2024-05-02 10:14:33.236630,3.631378
2024-05-02 10:14:33.252260,2.125793
2024-05-02 10:14:33.267880,0.05335999
2024-05-02 10:14:33.283510,-2.641785
2024-05-02 10:14:33.299130,-5.876465
2024-05-02 10:14:33.314760,-9.353409
2024-05-02 10:14:33.330380,-12.51761
2024-05-02 10:14:33.346010,-14.6886
2024-05-02 10:14:33.361640,-15.21397
2024-05-02 10:14:33.377260,-13.75279
2024-05-02 10:14:33.392890,-10.43492
2024-05-02 10:14:33.408510,-5.835861
2024-05-02 10:14:33.424140,-0.7920837
2024-05-02 10:14:33.439760,3.877136
2024-05-02 10:14:33.455390,7.574402
2024-05-02 10:14:33.471020,10.00769
2024-05-02 10:14:33.486640,11.11694
2024-05-02 10:14:33.502270,11.00658
2024-05-02 10:14:33.517890,9.859467
2024-05-02 10:14:33.533520,7.977646
2024-05-02 10:14:33.549140,5.79187
2024-05-02 10:14:33.564770,3.823135
2024-05-02 10:14:33.580400,2.55455
2024-05-02 10:14:33.596020,2.246582
2024-05-02 10:14:33.611650,2.834778
2024-05-02 10:14:33.627270,3.932236
2024-05-02 10:14:33.642900,4.974777
2024-05-02 10:14:33.658520,5.429413
2024-05-02 10:14:33.674150,4.955261
2024-05-02 10:14:33.689780,3.52774
2024-05-02 10:14:33.705400,1.371567
2024-05-02 10:14:33.721030,-1.131165
2024-05-02 10:14:33.736650,-3.616043
2024-05-02 10:14:33.752280,-5.83519
2024-05-02 10:14:33.767900,-7.743927
2024-05-02 10:14:33.783530,-9.457855
2024-05-02 10:14:33.799160,-11.22084
2024-05-02 10:14:33.814780,-13.26456
2024-05-02 10:14:33.830410,-15.72986
2024-05-02 10:14:33.846030,-18.63145
2024-05-02 10:14:33.861660,-21.77541
2024-05-02 10:14:33.877280,-24.74155
2024-05-02 10:14:33.892910,-26.9749
2024-05-02 10:14:33.908540,-27.88675
2024-05-02 10:14:33.924160,-27.06274
2024-05-02 10:14:33.939790,-24.41309
2024-05-02 10:14:33.955410,-20.22339
2024-05-02 10:14:33.971040,-15.10857
2024-05-02 10:14:33.986660,-9.83342
2024-05-02 10:14:34.002290,-5.131271
2024-05-02 10:14:34.017920,-1.534576
2024-05-02 10:14:34.033540,0.6898041
2024-05-02 10:14:34.049170,1.552368
2024-05-02 10:14:34.064790,1.2995
2024-05-02 10:14:34.080420,0.3407898
2024-05-02 10:14:34.096040,-0.8394775
2024-05-02 10:14:34.111670,-1.791626
2024-05-02 10:14:34.127300,-2.200653
2024-05-02 10:14:34.142920,-2.025177
2024-05-02 10:14:34.158550,-1.443237
2024-05-02 10:14:34.174170,-0.8448792
2024-05-02 10:14:34.189800,-0.641449
2024-05-02 10:14:34.205420,-1.119324
2024-05-02 10:14:34.221050,-2.326965
2024-05-02 10:14:34.236680,-4.113312
2024-05-02 10:14:34.252300,-6.203171
2024-05-02 10:14:34.267930,-8.366104
2024-05-02 10:14:34.283550,-10.49406
2024-05-02 10:14:34.299180,-12.60362
2024-05-02 10:14:34.314800,-14.80431
2024-05-02 10:14:34.330430,-17.20764
2024-05-02 10:14:34.346060,-19.89845
2024-05-02 10:14:34.361680,-22.91542
2024-05-02 10:14:34.377310,-26.20232
2024-05-02 10:14:34.392930,-29.5666
2024-05-02 10:14:34.408560,-32.59406
2024-05-02 10:14:34.424190,-34.68854
2024-05-02 10:14:34.439810,-35.17896
2024-05-02 10:14:34.455440,-33.59076
2024-05-02 10:14:34.471060,-29.83276
2024-05-02 10:14:34.486690,-24.3037
2024-05-02 10:14:34.502310,-17.76389
2024-05-02 10:14:34.517940,-11.07915
2024-05-02 10:14:34.533570,-4.91301
2024-05-02 10:14:34.549190,0.3860779
2024-05-02 10:14:34.564820,4.745193
2024-05-02 10:14:34.580440,8.220314
2024-05-02 10:14:34.596070,10.81416
2024-05-02 10:14:34.611690,12.45737
2024-05-02 10:14:34.627320,13.10419
2024-05-02 10:14:34.642950,12.8177
2024-05-02 10:14:34.658570,11.88
2024-05-02 10:14:34.674200,10.71386
2024-05-02 10:14:34.689820,9.741226
2024-05-02 10:14:34.705450,9.19677
2024-05-02 10:14:34.721070,9.05986
2024-05-02 10:14:34.736700,9.055138
2024-05-02 10:14:34.752330,8.823441
2024-05-02 10:14:34.767950,8.081871
2024-05-02 10:14:34.783580,6.743805
2024-05-02 10:14:34.799200,4.929985
2024-05-02 10:14:34.814830,2.880257
2024-05-02 10:14:34.830450,0.7941742
2024-05-02 10:14:34.846080,-1.265099
2024-05-02 10:14:34.861710,-3.385986
2024-05-02 10:14:34.877330,-5.779781
2024-05-02 10:14:34.892960,-8.664742
2024-05-02 10:14:34.908580,-12.19344
2024-05-02 10:14:34.924210,-16.37797
2024-05-02 10:14:34.939830,-21.07251
2024-05-02 10:14:34.955460,-25.96136
2024-05-02 10:14:34.971090,-30.53061
2024-05-02 10:14:34.986710,-34.11698
2024-05-02 10:14:35.002340,-36.01474
2024-05-02 10:14:35.017960,-35.66936
2024-05-02 10:14:35.033590,-32.85839
2024-05-02 10:14:35.049210,-27.81095
2024-05-02 10:14:35.064840,-21.15896
2024-05-02 10:14:35.080470,-13.74302
2024-05-02 10:14:35.096090,-6.340721
2024-05-02 10:14:35.111720,0.5123491
2024-05-02 10:14:35.127340,6.57595
2024-05-02 10:14:35.142970,11.78397
2024-05-02 10:14:35.158590,16.10427
2024-05-02 10:14:35.174220,19.44206
2024-05-02 10:14:35.189850,21.68956
2024-05-02 10:14:35.205470,22.83069
2024-05-02 10:14:35.221100,23.0637
2024-05-02 10:14:35.236720,22.78706
2024-05-02 10:14:35.252350,22.50335
2024-05-02 10:14:35.267970,22.6009
2024-05-02 10:14:35.283600,23.22397
2024-05-02 10:14:35.299230,24.23026
2024-05-02 10:14:35.314850,25.28185
2024-05-02 10:14:35.330480,26.01232
2024-05-02 10:14:35.346100,26.15345
2024-05-02 10:14:35.361730,25.61486
2024-05-02 10:14:35.377350,24.44885
2024-05-02 10:14:35.392980,22.78859
2024-05-02 10:14:35.408610,20.75654
2024-05-02 10:14:35.424230,18.42432
2024-05-02 10:14:35.439860,15.83598
2024-05-02 10:14:35.455480,13.0395
2024-05-02 10:14:35.471110,10.09929
2024-05-02 10:14:35.486730,7.086636
2024-05-02 10:14:35.502360,4.034863
2024-05-02 10:14:35.517990,0.8762207
2024-05-02 10:14:35.533610,-2.57045
2024-05-02 10:14:35.549240,-6.510284
2024-05-02 10:14:35.564860,-11.06753
2024-05-02 10:14:35.580490,-16.10619
2024-05-02 10:14:35.596110,-21.1471
2024-05-02 10:14:35.611740,-25.37438
2024-05-02 10:14:35.627370,-27.84858
2024-05-02 10:14:35.642990,-27.77369
2024-05-02 10:14:35.658620,-24.7951
2024-05-02 10:14:35.674240,-19.11086
2024-05-02 10:14:35.689870,-11.40261
2024-05-02 10:14:35.705490,-2.615517
2024-05-02 10:14:35.721120,6.370728
2024-05-02 10:14:35.736750,14.89889
2024-05-02 10:14:35.752370,22.59614
2024-05-02 10:14:35.768000,29.25391
2024-05-02 10:14:35.783620,34.74422
2024-05-02 10:14:35.799250,38.95861
2024-05-02 10:14:35.814870,41.8968
2024-05-02 10:14:35.830500,43.72742
2024-05-02 10:14:35.846130,44.81976
2024-05-02 10:14:35.861750,45.65752
2024-05-02 10:14:35.877380,46.63917
2024-05-02 10:14:35.893000,48.0011
2024-05-02 10:14:35.908630,49.72771
2024-05-02 10:14:35.924250,51.66648
2024-05-02 10:14:35.939880,53.612
2024-05-02 10:14:35.955510,55.41498
2024-05-02 10:14:35.971130,56.98089
2024-05-02 10:14:35.986760,58.26694
2024-05-02 10:14:36.002380,59.24249
2024-05-02 10:14:36.018010,59.90099
2024-05-02 10:14:36.033630,60.29492
2024-05-02 10:14:36.049260,60.54398
2024-05-02 10:14:36.064890,60.78426
2024-05-02 10:14:36.080510,61.0558
2024-05-02 10:14:36.096140,61.22733
2024-05-02 10:14:36.111760,60.94645
2024-05-02 10:14:36.127390,59.76026
2024-05-02 10:14:36.143010,57.29827
2024-05-02 10:14:36.158640,53.41525
2024-05-02 10:14:36.174270,48.25652
2024-05-02 10:14:36.189890,42.2062
2024-05-02 10:14:36.205520,35.71494
2024-05-02 10:14:36.221140,29.15656
2024-05-02 10:14:36.236770,22.82008
2024-05-02 10:14:36.252390,16.89933
2024-05-02 10:14:36.268020,11.66342
2024-05-02 10:14:36.283650,7.463669
2024-05-02 10:14:36.299270,4.648506
2024-05-02 10:14:36.314900,3.443684
2024-05-02 10:14:36.330520,3.839314
2024-05-02 10:14:36.346150,5.626793
2024-05-02 10:14:36.361770,8.578835
2024-05-02 10:14:36.377400,12.63861
2024-05-02 10:14:36.393030,17.95839
2024-05-02 10:14:36.408650,24.68164
2024-05-02 10:14:36.424280,32.65017
2024-05-02 10:14:36.439900,41.12373
2024-05-02 10:14:36.455530,48.83694
2024-05-02 10:14:36.471150,54.29795
2024-05-02 10:14:36.486780,56.30548
2024-05-02 10:14:36.502410,54.36329
2024-05-02 10:14:36.518030,48.84367
2024-05-02 10:14:36.533660,40.79202
2024-05-02 10:14:36.549280,31.58069
2024-05-02 10:14:36.564910,22.49826
2024-05-02 10:14:36.580530,14.50176
2024-05-02 10:14:36.596160,8.182262
2024-05-02 10:14:36.611790,3.842258
2024-05-02 10:14:36.627410,1.55529
2024-05-02 10:14:36.643040,1.196075
2024-05-02 10:14:36.658660,2.400467
2024-05-02 10:14:36.674290,4.519905
2024-05-02 10:14:36.689910,6.70755
2024-05-02 10:14:36.705540,8.065971
2024-05-02 10:14:36.721170,7.871124
2024-05-02 10:14:36.736790,5.808014
2024-05-02 10:14:36.752420,2.00676
2024-05-02 10:14:36.768040,-3.004349
2024-05-02 10:14:36.783670,-8.495834
2024-05-02 10:14:36.799290,-13.83469
2024-05-02 10:14:36.814920,-18.72641
2024-05-02 10:14:36.830550,-23.24988
2024-05-02 10:14:36.846170,-27.75589
2024-05-02 10:14:36.861800,-32.54485
2024-05-02 10:14:36.877420,-37.63168
2024-05-02 10:14:36.893050,-42.67909
2024-05-02 10:14:36.908670,-47.1946
2024-05-02 10:14:36.924300,-50.88507
2024-05-02 10:14:36.939930,-53.86145
2024-05-02 10:14:36.955550,-56.6261
2024-05-02 10:14:36.971180,-59.83498
2024-05-02 10:14:36.986800,-63.96666
2024-05-02 10:14:37.002430,-69.1926
2024-05-02 10:14:37.018060,-75.39148
2024-05-02 10:14:37.033680,-82.33885
2024-05-02 10:14:37.049310,-89.80518
2024-05-02 10:14:37.064930,-97.53432
2024-05-02 10:14:37.080560,-105.1639
2024-05-02 10:14:37.096180,-112.2513
2024-05-02 10:14:37.111810,-118.3911
2024-05-02 10:14:37.127440,-123.4881
2024-05-02 10:14:37.143060,-127.8113
2024-05-02 10:14:37.158690,-131.8641
2024-05-02 10:14:37.174310,-135.9722
2024-05-02 10:14:37.189940,-139.9075
2024-05-02 10:14:37.205560,-142.7741
2024-05-02 10:14:37.221190,-143.3128
2024-05-02 10:14:37.236820,-140.3865
2024-05-02 10:14:37.252440,-133.473
2024-05-02 10:14:37.268070,-122.8971
2024-05-02 10:14:37.283690,-109.7101
2024-05-02 10:14:37.299320,-95.36758
2024-05-02 10:14:37.314940,-81.31387
2024-05-02 10:14:37.330570,-68.6925
2024-05-02 10:14:37.346200,-58.21153
2024-05-02 10:14:37.361820,-50.13364
2024-05-02 10:14:37.377450,-44.37633
2024-05-02 10:14:37.393070,-40.63008
2024-05-02 10:14:37.408700,-38.43297
2024-05-02 10:14:37.424320,-37.29497
2024-05-02 10:14:37.439950,-36.75938
2024-05-02 10:14:37.455580,-36.49678
2024-05-02 10:14:37.471200,-36.36969
2024-05-02 10:14:37.486830,-36.40619
2024-05-02 10:14:37.502450,-36.71205
2024-05-02 10:14:37.518080,-37.27013
2024-05-02 10:14:37.533700,-37.77988
2024-05-02 10:14:37.549330,-37.65588
2024-05-02 10:14:37.564960,-36.14743
2024-05-02 10:14:37.580580,-32.63539
2024-05-02 10:14:37.596210,-26.85891
2024-05-02 10:14:37.611830,-19.01224
2024-05-02 10:14:37.627460,-9.65966
2024-05-02 10:14:37.643080,0.5211639
2024-05-02 10:14:37.658710,10.91267
2024-05-02 10:14:37.674340,21.04625
2024-05-02 10:14:37.689960,30.52735
2024-05-02 10:14:37.705590,38.96468
2024-05-02 10:14:37.721210,45.93173
2024-05-02 10:14:37.736840,51.08025
2024-05-02 10:14:37.752460,54.29361
2024-05-02 10:14:37.768090,55.78527
2024-05-02 10:14:37.783720,56.06088
2024-05-02 10:14:37.799340,55.76611
2024-05-02 10:14:37.814970,55.45805
2024-05-02 10:14:37.830590,55.47457
2024-05-02 10:14:37.846220,55.88671
2024-05-02 10:14:37.861840,56.56479
2024-05-02 10:14:37.877470,57.26482
2024-05-02 10:14:37.893100,57.7165
2024-05-02 10:14:37.908720,57.68734
2024-05-02 10:14:37.924350,56.99339
2024-05-02 10:14:37.939970,55.52508
2024-05-02 10:14:37.955600,53.26365
2024-05-02 10:14:37.971220,50.29192
2024-05-02 10:14:37.986850,46.77266
2024-05-02 10:14:38.002480,42.90964
2024-05-02 10:14:38.018100,38.88226
2024-05-02 10:14:38.033730,34.82373
2024-05-02 10:14:38.049350,30.78207
2024-05-02 10:14:38.064980,26.72503
2024-05-02 10:14:38.080600,22.56219
2024-05-02 10:14:38.096230,18.15948
2024-05-02 10:14:38.111860,13.38249
2024-05-02 10:14:38.127480,8.206985
2024-05-02 10:14:38.143110,2.825699
2024-05-02 10:14:38.158730,-2.276703
2024-05-02 10:14:38.174360,-6.356445
2024-05-02 10:14:38.189980,-8.607513
2024-05-02 10:14:38.205610,-8.460541
2024-05-02 10:14:38.221240,-5.817627
2024-05-02 10:14:38.236860,-1.115036
2024-05-02 10:14:38.252490,4.884308
2024-05-02 10:14:38.268110,11.36598
2024-05-02 10:14:38.283740,17.78856
2024-05-02 10:14:38.299360,23.93913
2024-05-02 10:14:38.314990,29.81673
2024-05-02 10:14:38.330620,35.38072
2024-05-02 10:14:38.346240,40.37454
2024-05-02 10:14:38.361870,44.34294
2024-05-02 10:14:38.377490,46.8409
2024-05-02 10:14:38.393120,47.65482
2024-05-02 10:14:38.408740,46.95702
2024-05-02 10:14:38.424370,45.22369
2024-05-02 10:14:38.440000,43.03047
2024-05-02 10:14:38.455620,40.82945
2024-05-02 10:14:38.471250,38.83717
2024-05-02 10:14:38.486870,37.0262
2024-05-02 10:14:38.502500,35.23892
2024-05-02 10:14:38.518120,33.30264
2024-05-02 10:14:38.533750,31.1114
2024-05-02 10:14:38.549380,28.65015
2024-05-02 10:14:38.565000,25.95624
2024-05-02 10:14:38.580630,23.09978
2024-05-02 10:14:38.596250,20.15659
2024-05-02 10:14:38.611880,17.15665
2024-05-02 10:14:38.627500,14.09204
2024-05-02 10:14:38.643130,10.87515
2024-05-02 10:14:38.658760,7.394043
2024-05-02 10:14:38.674380,3.531662
2024-05-02 10:14:38.690010,-0.7743073
2024-05-02 10:14:38.705630,-5.560257
2024-05-02 10:14:38.721260,-10.78461
2024-05-02 10:14:38.736880,-16.34038
2024-05-02 10:14:38.752510,-21.96049
2024-05-02 10:14:38.768140,-27.17494
2024-05-02 10:14:38.783760,-31.26852
2024-05-02 10:14:38.799390,-33.42818
2024-05-02 10:14:38.815010,-32.98871
2024-05-02 10:14:38.830640,-29.67859
2024-05-02 10:14:38.846260,-23.75374
2024-05-02 10:14:38.861890,-15.95438
2024-05-02 10:14:38.877520,-7.22879
2024-05-02 10:14:38.893140,1.530197
2024-05-02 10:14:38.908770,9.670975
2024-05-02 10:14:38.924390,16.76608
2024-05-02 10:14:38.940020,22.54671
2024-05-02 10:14:38.955640,26.80533
2024-05-02 10:14:38.971270,29.41937
2024-05-02 10:14:38.986900,30.4418
2024-05-02 10:14:39.002520,30.18611
2024-05-02 10:14:39.018150,29.1586
2024-05-02 10:14:39.033770,27.93083
2024-05-02 10:14:39.049400,26.93524
2024-05-02 10:14:39.065020,26.37599
2024-05-02 10:14:39.080650,26.17781
2024-05-02 10:14:39.096280,26.10802
2024-05-02 10:14:39.111900,25.87737
2024-05-02 10:14:39.127530,25.24342
2024-05-02 10:14:39.143150,24.03699
2024-05-02 10:14:39.158780,22.18721
2024-05-02 10:14:39.174400,19.70602
2024-05-02 10:14:39.190030,16.7049
2024-05-02 10:14:39.205660,13.35063
2024-05-02 10:14:39.221280,9.877441
2024-05-02 10:14:39.236910,6.507828
2024-05-02 10:14:39.252530,3.419128
2024-05-02 10:14:39.268160,0.670639
2024-05-02 10:14:39.283790,-1.776169
2024-05-02 10:14:39.299410,-4.092514
2024-05-02 10:14:39.315040,-6.507019
2024-05-02 10:14:39.330660,-9.271805
2024-05-02 10:14:39.346290,-12.56587
2024-05-02 10:14:39.361910,-16.44855
2024-05-02 10:14:39.377540,-20.77747
2024-05-02 10:14:39.393170,-25.17384
2024-05-02 10:14:39.408790,-29.03896
2024-05-02 10:14:39.424420,-31.66689
2024-05-02 10:14:39.440040,-32.39795
2024-05-02 10:14:39.455670,-30.83205
2024-05-02 10:14:39.471290,-26.95433
2024-05-02 10:14:39.486920,-21.19815
2024-05-02 10:14:39.502550,-14.28845
2024-05-02 10:14:39.518170,-7.053772
2024-05-02 10:14:39.533800,-0.1713867
2024-05-02 10:14:39.549420,5.942123
2024-05-02 10:14:39.565050,11.16238
2024-05-02 10:14:39.580670,15.509
2024-05-02 10:14:39.596300,19.01828
2024-05-02 10:14:39.611930,21.67166
2024-05-02 10:14:39.627550,23.40559
2024-05-02 10:14:39.643180,24.21945
2024-05-02 10:14:39.658800,24.26233
2024-05-02 10:14:39.674430,23.81134
2024-05-02 10:14:39.690050,23.21609
2024-05-02 10:14:39.705680,22.72516
2024-05-02 10:14:39.721310,22.41866
2024-05-02 10:14:39.736930,22.17896
2024-05-02 10:14:39.752560,21.79657
2024-05-02 10:14:39.768180,21.10437
2024-05-02 10:14:39.783810,20.08359
2024-05-02 10:14:39.799430,18.84764
2024-05-02 10:14:39.815060,17.55081
2024-05-02 10:14:39.830690,16.23454
2024-05-02 10:14:39.846310,14.78577
2024-05-02 10:14:39.861940,12.97241
2024-05-02 10:14:39.877560,10.59393
2024-05-02 10:14:39.893190,7.621765
2024-05-02 10:14:39.908810,4.278244
2024-05-02 10:14:39.924440,0.9509888
2024-05-02 10:14:39.940070,-1.958237
2024-05-02 10:14:39.955690,-4.246796
2024-05-02 10:14:39.971320,-5.969254
2024-05-02 10:14:39.986940,-7.435593
2024-05-02 10:14:40.002570,-9.087448
2024-05-02 10:14:40.018190,-11.33887
2024-05-02 10:14:40.033820,-14.42543
2024-05-02 10:14:40.049450,-18.30688
2024-05-02 10:14:40.065070,-22.62151
2024-05-02 10:14:40.080700,-26.72337
2024-05-02 10:14:40.096320,-29.80223
2024-05-02 10:14:40.111950,-31.07108
2024-05-02 10:14:40.127570,-30.01794
2024-05-02 10:14:40.143200,-26.59535
2024-05-02 10:14:40.158830,-21.21707
2024-05-02 10:14:40.174450,-14.65738
2024-05-02 10:14:40.190080,-7.741592
2024-05-02 10:14:40.205700,-1.129471
2024-05-02 10:14:40.221330,4.810211
2024-05-02 10:14:40.236950,9.891159
2024-05-02 10:14:40.252580,13.99788
2024-05-02 10:14:40.268210,16.97017
2024-05-02 10:14:40.283830,18.65944
2024-05-02 10:14:40.299460,19.05095
2024-05-02 10:14:40.315080,18.40379
2024-05-02 10:14:40.330710,17.21042
2024-05-02 10:14:40.346330,16.06618
2024-05-02 10:14:40.361960,15.41614
2024-05-02 10:14:40.377590,15.39803
2024-05-02 10:14:40.393210,15.79279
2024-05-02 10:14:40.408840,16.21461
2024-05-02 10:14:40.424460,16.32179
2024-05-02 10:14:40.440090,15.98436
2024-05-02 10:14:40.455710,15.29668
2024-05-02 10:14:40.471340,14.49489
2024-05-02 10:14:40.486970,13.78279
2024-05-02 10:14:40.502590,13.21446
2024-05-02 10:14:40.518220,12.66092
2024-05-02 10:14:40.533840,11.87796
2024-05-02 10:14:40.549470,10.636
2024-05-02 10:14:40.565090,8.83783
2024-05-02 10:14:40.580720,6.558044
2024-05-02 10:14:40.596350,4.015381
2024-05-02 10:14:40.611970,1.489243
2024-05-02 10:14:40.627600,-0.8071747
2024-05-02 10:14:40.643220,-2.794861
2024-05-02 10:14:40.658850,-4.54953
2024-05-02 10:14:40.674470,-6.271896
2024-05-02 10:14:40.690100,-8.227097
2024-05-02 10:14:40.705730,-10.67598
2024-05-02 10:14:40.721350,-13.79947
2024-05-02 10:14:40.736980,-17.63164
2024-05-02 10:14:40.752600,-22.00137
2024-05-02 10:14:40.768230,-26.44714
2024-05-02 10:14:40.783850,-30.24931
2024-05-02 10:14:40.799480,-32.55008
2024-05-02 10:14:40.815110,-32.57967
2024-05-02 10:14:40.830730,-29.96771
2024-05-02 10:14:40.846360,-24.89191
2024-05-02 10:14:40.861980,-18.06353
2024-05-02 10:14:40.877610,-10.49261
2024-05-02 10:14:40.893230,-3.158669
2024-05-02 10:14:40.908860,3.225822
2024-05-02 10:14:40.924490,8.304047
2024-05-02 10:14:40.940110,12.01658
2024-05-02 10:14:40.955740,14.43283
2024-05-02 10:14:40.971360,15.67729
2024-05-02 10:14:40.986990,15.91514
2024-05-02 10:14:41.002610,15.40954
2024-05-02 10:14:41.018240,14.54825
2024-05-02 10:14:41.033870,13.76188
2024-05-02 10:14:41.049490,13.39945
2024-05-02 10:14:41.065120,13.61405
2024-05-02 10:14:41.080740,14.2998
2024-05-02 10:14:41.096370,15.13568
2024-05-02 10:14:41.111990,15.73654
2024-05-02 10:14:41.127620,15.78686
2024-05-02 10:14:41.143250,15.17245
2024-05-02 10:14:41.158870,13.9966
2024-05-02 10:14:41.174500,12.52769
2024-05-02 10:14:41.190120,11.08279
2024-05-02 10:14:41.205750,9.851547
2024-05-02 10:14:41.221370,8.821838
2024-05-02 10:14:41.237000,7.795288
2024-05-02 10:14:41.252630,6.508034
2024-05-02 10:14:41.268250,4.800079
2024-05-02 10:14:41.283880,2.723473
2024-05-02 10:14:41.299500,0.5300293
2024-05-02 10:14:41.315130,-1.460503
2024-05-02 10:14:41.330750,-3.026772
2024-05-02 10:14:41.346380,-4.164345
2024-05-02 10:14:41.362010,-5.04258
2024-05-02 10:14:41.377630,-5.968384
2024-05-02 10:14:41.393260,-7.231583
2024-05-02 10:14:41.408880,-9.065132
2024-05-02 10:14:41.424510,-11.59658
2024-05-02 10:14:41.440140,-14.79952
2024-05-02 10:14:41.455760,-18.44535
2024-05-02 10:14:41.471390,-22.04447
2024-05-02 10:14:41.487010,-24.9026
2024-05-02 10:14:41.502640,-26.26807
2024-05-02 10:14:41.518260,-25.5876
2024-05-02 10:14:41.533890,-22.71902
2024-05-02 10:14:41.549520,-18.00774
2024-05-02 10:14:41.565140,-12.18197
2024-05-02 10:14:41.580770,-6.106689
2024-05-02 10:14:41.596390,-0.5307236
2024-05-02 10:14:41.612020,4.074608
2024-05-02 10:14:41.627640,7.52607
2024-05-02 10:14:41.643270,9.826466
2024-05-02 10:14:41.658900,11.07551
2024-05-02 10:14:41.674520,11.39312
2024-05-02 10:14:41.690150,10.97379
2024-05-02 10:14:41.705770,10.11934
2024-05-02 10:14:41.721400,9.202782
2024-05-02 10:14:41.737020,8.587601
2024-05-02 10:14:41.752650,8.494289
2024-05-02 10:14:41.768280,8.901508
2024-05-02 10:14:41.783900,9.550842
2024-05-02 10:14:41.799530,10.07125
2024-05-02 10:14:41.815150,10.10893
2024-05-02 10:14:41.830780,9.509199
2024-05-02 10:14:41.846400,8.315201
2024-05-02 10:14:41.862030,6.777922
2024-05-02 10:14:41.877660,5.162712
2024-05-02 10:14:41.893280,3.640955
2024-05-02 10:14:41.908910,2.201183
2024-05-02 10:14:41.924530,0.6632175
2024-05-02 10:14:41.940160,-1.193842
2024-05-02 10:14:41.955780,-3.481783
2024-05-02 10:14:41.971410,-6.138611
2024-05-02 10:14:41.987040,-8.944437
2024-05-02 10:14:42.002660,-11.6013
2024-05-02 10:14:42.018290,-13.91023
2024-05-02 10:14:42.033910,-15.82611
2024-05-02 10:14:42.049540,-17.4529
2024-05-02 10:14:42.065160,-18.94907
2024-05-02 10:14:42.080790,-20.44502
2024-05-02 10:14:42.096420,-22.02045
2024-05-02 10:14:42.112040,-23.69907
2024-05-02 10:14:42.127670,-25.47569
2024-05-02 10:14:42.143290,-27.25653
2024-05-02 10:14:42.158920,-28.80289
2024-05-02 10:14:42.174540,-29.65306
2024-05-02 10:14:42.190170,-29.24179
2024-05-02 10:14:42.205800,-27.07152
2024-05-02 10:14:42.221420,-22.99878
2024-05-02 10:14:42.237050,-17.37764
2024-05-02 10:14:42.252670,-11.00991
2024-05-02 10:14:42.268300,-4.905275
2024-05-02 10:14:42.283920,0.08790255
2024-05-02 10:14:42.299550,3.510108
2024-05-02 10:14:42.315180,5.372643
2024-05-02 10:14:42.330800,6.028934
2024-05-02 10:14:42.346430,5.936194
2024-05-02 10:14:42.362050,5.494555
2024-05-02 10:14:42.377680,5.000258
2024-05-02 10:14:42.393300,4.682352
2024-05-02 10:14:42.408930,4.772275
2024-05-02 10:14:42.424560,5.508494
2024-05-02 10:14:42.440180,7.001886
2024-05-02 10:14:42.455810,9.161234
2024-05-02 10:14:42.471430,11.63715
2024-05-02 10:14:42.487060,13.908
2024-05-02 10:14:42.502680,15.48222
2024-05-02 10:14:42.518310,16.10437
2024-05-02 10:14:42.533940,15.837
2024-05-02 10:14:42.549560,14.97807
2024-05-02 10:14:42.565190,13.90602
2024-05-02 10:14:42.580810,12.88984
2024-05-02 10:14:42.596440,12.01302
2024-05-02 10:14:42.612060,11.20949
2024-05-02 10:14:42.627690,10.37112
2024-05-02 10:14:42.643320,9.444691
2024-05-02 10:14:42.658940,8.445562
2024-05-02 10:14:42.674570,7.412077
2024-05-02 10:14:42.690190,6.318743
2024-05-02 10:14:42.705820,5.081181
2024-05-02 10:14:42.721440,3.551821
2024-05-02 10:14:42.737070,1.636292
2024-05-02 10:14:42.752700,-0.6814728
2024-05-02 10:14:42.768320,-3.328552
2024-05-02 10:14:42.783950,-6.159874
2024-05-02 10:14:42.799570,-8.990862
2024-05-02 10:14:42.815200,-11.58997
2024-05-02 10:14:42.830820,-13.6229
2024-05-02 10:14:42.846450,-14.68007
2024-05-02 10:14:42.862080,-14.35483
2024-05-02 10:14:42.877700,-12.40593
2024-05-02 10:14:42.893330,-8.92482
2024-05-02 10:14:42.908950,-4.404613
2024-05-02 10:14:42.924580,0.3889008
2024-05-02 10:14:42.940200,4.626972
2024-05-02 10:14:42.955830,7.67561
2024-05-02 10:14:42.971460,9.243446
2024-05-02 10:14:42.987080,9.380692
2024-05-02 10:14:43.002710,8.340069
2024-05-02 10:14:43.018330,6.469837
2024-05-02 10:14:43.033960,4.101006
2024-05-02 10:14:43.049580,1.581306
2024-05-02 10:14:43.065210,-0.7554703
2024-05-02 10:14:43.080840,-2.56226
2024-05-02 10:14:43.096460,-3.570168
2024-05-02 10:14:43.112090,-3.676254
2024-05-02 10:14:43.127710,-3.017185
2024-05-02 10:14:43.143340,-1.952572
2024-05-02 10:14:43.158960,-0.9530449
2024-05-02 10:14:43.174590,-0.4308586
2024-05-02 10:14:43.190220,-0.5849762
2024-05-02 10:14:43.205840,-1.33345
2024-05-02 10:14:43.221470,-2.413807
2024-05-02 10:14:43.237090,-3.529339
2024-05-02 10:14:43.252720,-4.536385
2024-05-02 10:14:43.268340,-5.494884
2024-05-02 10:14:43.283970,-6.619877
2024-05-02 10:14:43.299600,-8.119583
2024-05-02 10:14:43.315220,-10.11608
2024-05-02 10:14:43.330850,-12.55096
2024-05-02 10:14:43.346470,-15.26194
2024-05-02 10:14:43.362100,-18.03796
2024-05-02 10:14:43.377720,-20.66405
2024-05-02 10:14:43.393350,-22.87312
2024-05-02 10:14:43.408980,-24.32758
2024-05-02 10:14:43.424600,-24.63274
2024-05-02 10:14:43.440230,-23.45152
2024-05-02 10:14:43.455850,-20.66779
2024-05-02 10:14:43.471480,-16.49138
2024-05-02 10:14:43.487100,-11.43388
2024-05-02 10:14:43.502730,-6.178024
2024-05-02 10:14:43.518360,-1.359131
2024-05-02 10:14:43.533980,2.552719
2024-05-02 10:14:43.549610,5.289627
2024-05-02 10:14:43.565230,6.728928
2024-05-02 10:14:43.580860,6.874535
2024-05-02 10:14:43.596480,5.792404
2024-05-02 10:14:43.612110,3.712234
2024-05-02 10:14:43.627740,1.036613
2024-05-02 10:14:43.643360,-1.66729
2024-05-02 10:14:43.658990,-3.803444
2024-05-02 10:14:43.674610,-4.92131
2024-05-02 10:14:43.690240,-4.886665
2024-05-02 10:14:43.705860,-3.929733
2024-05-02 10:14:43.721490,-2.545593
2024-05-02 10:14:43.737120,-1.289505
2024-05-02 10:14:43.752740,-0.5624695
2024-05-02 10:14:43.768370,-0.503685
2024-05-02 10:14:43.783990,-0.9899139
2024-05-02 10:14:43.799620,-1.780701
2024-05-02 10:14:43.815240,-2.660225
2024-05-02 10:14:43.830870,-3.556656
2024-05-02 10:14:43.846500,-4.556587
2024-05-02 10:14:43.862120,-5.819
2024-05-02 10:14:43.877750,-7.500847
2024-05-02 10:14:43.893370,-9.662926
2024-05-02 10:14:43.909000,-12.30375
2024-05-02 10:14:43.924620,-15.31506
2024-05-02 10:14:43.940250,-18.48512
2024-05-02 10:14:43.955880,-21.44016
2024-05-02 10:14:43.971500,-23.65106
2024-05-02 10:14:43.987130,-24.50517
2024-05-02 10:14:44.002750,-23.4978
2024-05-02 10:14:44.018380,-20.48037
2024-05-02 10:14:44.034000,-15.76883
2024-05-02 10:14:44.049630,-10.10123
2024-05-02 10:14:44.065260,-4.382969
2024-05-02 10:14:44.080880,0.6226044
2024-05-02 10:14:44.096510,4.485939
2024-05-02 10:14:44.112130,7.132492
2024-05-02 10:14:44.127760,8.705616
2024-05-02 10:14:44.143390,9.372997
2024-05-02 10:14:44.159010,9.259396
2024-05-02 10:14:44.174640,8.491947
2024-05-02 10:14:44.190260,7.312695
2024-05-02 10:14:44.205890,6.077011
2024-05-02 10:14:44.221510,5.179863
2024-05-02 10:14:44.237140,4.883926
2024-05-02 10:14:44.252770,5.203968
2024-05-02 10:14:44.268390,5.89793
2024-05-02 10:14:44.284020,6.588078
2024-05-02 10:14:44.299640,6.910187
2024-05-02 10:14:44.315270,6.65987
2024-05-02 10:14:44.330890,5.80687
2024-05-02 10:14:44.346520,4.447674
2024-05-02 10:14:44.362150,2.725468
2024-05-02 10:14:44.377770,0.7573586
2024-05-02 10:14:44.393400,-1.366077
2024-05-02 10:14:44.409020,-3.582245
2024-05-02 10:14:44.424650,-5.869617
2024-05-02 10:14:44.440270,-8.241127
2024-05-02 10:14:44.455900,-10.7593
2024-05-02 10:14:44.471530,-13.50663
2024-05-02 10:14:44.487150,-16.51323
2024-05-02 10:14:44.502780,-19.64533
2024-05-02 10:14:44.518400,-22.54497
2024-05-02 10:14:44.534030,-24.63622
2024-05-02 10:14:44.549650,-25.30213
2024-05-02 10:14:44.565280,-24.06824
2024-05-02 10:14:44.580910,-20.85917
2024-05-02 10:14:44.596530,-16.08863
2024-05-02 10:14:44.612160,-10.53524
2024-05-02 10:14:44.627780,-5.092173
2024-05-02 10:14:44.643410,-0.4617329
2024-05-02 10:14:44.659030,3.02194
2024-05-02 10:14:44.674660,5.359635
2024-05-02 10:14:44.690290,6.731793
2024-05-02 10:14:44.705910,7.304482
2024-05-02 10:14:44.721540,7.176408
2024-05-02 10:14:44.737160,6.428848
2024-05-02 10:14:44.752790,5.294405
2024-05-02 10:14:44.768410,4.161123
2024-05-02 10:14:44.784040,3.481329
2024-05-02 10:14:44.799670,3.540728
2024-05-02 10:14:44.815290,4.304125
2024-05-02 10:14:44.830920,5.391398
2024-05-02 10:14:44.846540,6.259532
2024-05-02 10:14:44.862170,6.485451
2024-05-02 10:14:44.877790,5.921007
2024-05-02 10:14:44.893420,4.734118
2024-05-02 10:14:44.909050,3.244857
2024-05-02 10:14:44.924670,1.714664
2024-05-02 10:14:44.940300,0.2612991
2024-05-02 10:14:44.955920,-1.148582
2024-05-02 10:14:44.971550,-2.624514
2024-05-02 10:14:44.987170,-4.242149
2024-05-02 10:14:45.002800,-6.038195
2024-05-02 10:14:45.018430,-8.051586
2024-05-02 10:14:45.034050,-10.32054
2024-05-02 10:14:45.049680,-12.86128
2024-05-02 10:14:45.065300,-15.53506
2024-05-02 10:14:45.080930,-17.97557
2024-05-02 10:14:45.096550,-19.63026
2024-05-02 10:14:45.112180,-19.89709
2024-05-02 10:14:45.127810,-18.33955
2024-05-02 10:14:45.143430,-14.88936
2024-05-02 10:14:45.159060,-9.902084
2024-05-02 10:14:45.174680,-4.018848
2024-05-02 10:14:45.190310,2.026466
2024-05-02 10:14:45.205930,7.655262
2024-05-02 10:14:45.221560,12.52555
2024-05-02 10:14:45.237190,16.50942
2024-05-02 10:14:45.252810,19.6284
2024-05-02 10:14:45.268440,21.92781
2024-05-02 10:14:45.284060,23.48859
2024-05-02 10:14:45.299690,24.39419
2024-05-02 10:14:45.315310,24.81435
2024-05-02 10:14:45.330940,24.94076
2024-05-02 10:14:45.346570,24.97988
2024-05-02 10:14:45.362190,25.08969
2024-05-02 10:14:45.377820,25.34451
2024-05-02 10:14:45.393440,25.7271
2024-05-02 10:14:45.409070,26.15996
2024-05-02 10:14:45.424690,26.46689
2024-05-02 10:14:45.440320,26.42949
2024-05-02 10:14:45.455950,25.83588
2024-05-02 10:14:45.471570,24.51789
2024-05-02 10:14:45.487200,22.43816
2024-05-02 10:14:45.502820,19.71864
2024-05-02 10:14:45.518450,16.63303
2024-05-02 10:14:45.534070,13.5344
2024-05-02 10:14:45.549700,10.7466
2024-05-02 10:14:45.565330,8.427216
2024-05-02 10:14:45.580950,6.524826
2024-05-02 10:14:45.596580,4.757935
2024-05-02 10:14:45.612200,2.669403
2024-05-02 10:14:45.627830,-0.1913681
2024-05-02 10:14:45.643450,-4.096458
2024-05-02 10:14:45.659080,-8.987541
2024-05-02 10:14:45.674710,-14.38837
2024-05-02 10:14:45.690330,-19.46511
2024-05-02 10:14:45.705960,-23.25698
2024-05-02 10:14:45.721580,-24.97542
2024-05-02 10:14:45.737210,-24.25017
2024-05-02 10:14:45.752830,-21.23009
2024-05-02 10:14:45.768460,-16.51556
2024-05-02 10:14:45.784090,-10.91698
2024-05-02 10:14:45.799710,-5.240639
2024-05-02 10:14:45.815340,-0.130127
2024-05-02 10:14:45.830960,3.997581
2024-05-02 10:14:45.846590,6.935699
2024-05-02 10:14:45.862210,8.607689
2024-05-02 10:14:45.877840,9.102997
2024-05-02 10:14:45.893470,8.615829
2024-05-02 10:14:45.909090,7.499809
2024-05-02 10:14:45.924720,6.192108
2024-05-02 10:14:45.940340,5.136848
2024-05-02 10:14:45.955970,4.664841
2024-05-02 10:14:45.971590,4.914154
2024-05-02 10:14:45.987220,5.773758
2024-05-02 10:14:46.002850,6.928154
2024-05-02 10:14:46.018470,7.968254
2024-05-02 10:14:46.034100,8.487656
2024-05-02 10:14:46.049720,8.250717
2024-05-02 10:14:46.065350,7.205917
2024-05-02 10:14:46.080970,5.496941
2024-05-02 10:14:46.096600,3.364426
2024-05-02 10:14:46.112230,1.042503
2024-05-02 10:14:46.127850,-1.316124
2024-05-02 10:14:46.143480,-3.641052
2024-05-02 10:14:46.159100,-5.934624
2024-05-02 10:14:46.174730,-8.243355
2024-05-02 10:14:46.190350,-10.62107
2024-05-02 10:14:46.205980,-13.17766
2024-05-02 10:14:46.221610,-16.03139
2024-05-02 10:14:46.237230,-19.24073
2024-05-02 10:14:46.252860,-22.68713
2024-05-02 10:14:46.268480,-25.98528
2024-05-02 10:14:46.284110,-28.51022
2024-05-02 10:14:46.299730,-29.55313
2024-05-02 10:14:46.315360,-28.56948
2024-05-02 10:14:46.330990,-25.39731
2024-05-02 10:14:46.346610,-20.32883
2024-05-02 10:14:46.362240,-14.02858
2024-05-02 10:14:46.377860,-7.312897
2024-05-02 10:14:46.393490,-0.9131317
2024-05-02 10:14:46.409120,4.674026
2024-05-02 10:14:46.424740,9.186615
2024-05-02 10:14:46.440370,12.54855
2024-05-02 10:14:46.455990,14.7601
2024-05-02 10:14:46.471620,15.8782
2024-05-02 10:14:46.487240,16.00678
2024-05-02 10:14:46.502870,15.35976
2024-05-02 10:14:46.518500,14.2933
2024-05-02 10:14:46.534120,13.24822
2024-05-02 10:14:46.549750,12.64549
2024-05-02 10:14:46.565370,12.74912
2024-05-02 10:14:46.581000,13.54775
2024-05-02 10:14:46.596620,14.73607
2024-05-02 10:14:46.612250,15.82248
2024-05-02 10:14:46.627880,16.27768
2024-05-02 10:14:46.643500,15.7484
2024-05-02 10:14:46.659130,14.13953
2024-05-02 10:14:46.674750,11.64439
2024-05-02 10:14:46.690380,8.636383
2024-05-02 10:14:46.706000,5.514923
2024-05-02 10:14:46.721630,2.578178
2024-05-02 10:14:46.737260,-0.04284668
2024-05-02 10:14:46.752880,-2.378113
2024-05-02 10:14:46.768510,-4.520805
2024-05-02 10:14:46.784130,-6.589676
2024-05-02 10:14:46.799760,-8.670189
2024-05-02 10:14:46.815380,-10.84514
2024-05-02 10:14:46.831010,-13.1768
2024-05-02 10:14:46.846640,-15.70164
2024-05-02 10:14:46.862260,-18.28036
2024-05-02 10:14:46.877890,-20.55029
2024-05-02 10:14:46.893510,-21.90545
2024-05-02 10:14:46.909140,-21.68736
2024-05-02 10:14:46.924760,-19.4413
2024-05-02 10:14:46.940390,-15.16969
2024-05-02 10:14:46.956020,-9.401115
2024-05-02 10:14:46.971640,-2.997025
2024-05-02 10:14:46.987270,3.15712
2024-05-02 10:14:47.002890,8.441666
2024-05-02 10:14:47.018520,12.63387
2024-05-02 10:14:47.034140,15.79085
2024-05-02 10:14:47.049770,18.06551
2024-05-02 10:14:47.065400,19.54875
2024-05-02 10:14:47.081020,20.26302
2024-05-02 10:14:47.096650,20.24982
2024-05-02 10:14:47.112270,19.67458
2024-05-02 10:14:47.127900,18.82869
2024-05-02 10:14:47.143520,18.03307
2024-05-02 10:14:47.159150,17.50134
2024-05-02 10:14:47.174780,17.28979
2024-05-02 10:14:47.190400,17.29207
2024-05-02 10:14:47.206030,17.33763
2024-05-02 10:14:47.221650,17.26337
2024-05-02 10:14:47.237280,16.94041
2024-05-02 10:14:47.252900,16.28374
2024-05-02 10:14:47.268530,15.23811
2024-05-02 10:14:47.284160,13.77515
2024-05-02 10:14:47.299780,11.92244
2024-05-02 10:14:47.315410,9.756287
2024-05-02 10:14:47.331030,7.410782
2024-05-02 10:14:47.346660,5.018265
2024-05-02 10:14:47.362280,2.694565
2024-05-02 10:14:47.377910,0.5201416
2024-05-02 10:14:47.393540,-1.47261
2024-05-02 10:14:47.409160,-3.310944
2024-05-02 10:14:47.424790,-5.110657
2024-05-02 10:14:47.440410,-7.058075
2024-05-02 10:14:47.456040,-9.3302
2024-05-02 10:14:47.471660,-11.97444
2024-05-02 10:14:47.487290,-14.76044
2024-05-02 10:14:47.502920,-17.15053
2024-05-02 10:14:47.518540,-18.40436
2024-05-02 10:14:47.534170,-17.86676
2024-05-02 10:14:47.549790,-15.22424
2024-05-02 10:14:47.565420,-10.69432
2024-05-02 10:14:47.581040,-4.927185
2024-05-02 10:14:47.596670,1.215927
2024-05-02 10:14:47.612300,6.978058
2024-05-02 10:14:47.627920,11.88345
2024-05-02 10:14:47.643550,15.74533
2024-05-02 10:14:47.659170,18.56496
2024-05-02 10:14:47.674800,20.37505
2024-05-02 10:14:47.690420,21.19405
2024-05-02 10:14:47.706050,21.07831
2024-05-02 10:14:47.721680,20.21086
2024-05-02 10:14:47.737300,18.92172
2024-05-02 10:14:47.752930,17.64008
2024-05-02 10:14:47.768550,16.73755
2024-05-02 10:14:47.784180,16.37637
2024-05-02 10:14:47.799800,16.48466
2024-05-02 10:14:47.815430,16.80224
2024-05-02 10:14:47.831060,17.05005
2024-05-02 10:14:47.846680,17.01167
2024-05-02 10:14:47.862310,16.63291
2024-05-02 10:14:47.877930,15.96099
2024-05-02 10:14:47.893560,15.07658
2024-05-02 10:14:47.909180,14.05863
2024-05-02 10:14:47.924810,12.91776
2024-05-02 10:14:47.940440,11.6208
2024-05-02 10:14:47.956060,10.11893
2024-05-02 10:14:47.971690,8.361046
2024-05-02 10:14:47.987310,6.319878
2024-05-02 10:14:48.002940,4.017319
2024-05-02 10:14:48.018560,1.540512
2024-05-02 10:14:48.034190,-0.953804
2024-05-02 10:14:48.049820,-3.264389
2024-05-02 10:14:48.065440,-5.255821
2024-05-02 10:14:48.081070,-6.925255
2024-05-02 10:14:48.096690,-8.470093
2024-05-02 10:14:48.112320,-10.21921
2024-05-02 10:14:48.127940,-12.49464
2024-05-02 10:14:48.143570,-15.40403
2024-05-02 10:14:48.159200,-18.67267
2024-05-02 10:14:48.174820,-21.64037
2024-05-02 10:14:48.190450,-23.44062
2024-05-02 10:14:48.206070,-23.27525
2024-05-02 10:14:48.221700,-20.73702
2024-05-02 10:14:48.237320,-15.98178
2024-05-02 10:14:48.252950,-9.679703
2024-05-02 10:14:48.268580,-2.829391
2024-05-02 10:14:48.284200,3.567963
2024-05-02 10:14:48.299830,8.750702
2024-05-02 10:14:48.315450,12.34792
2024-05-02 10:14:48.331080,14.34937
2024-05-02 10:14:48.346700,14.98102
2024-05-02 10:14:48.362330,14.59128
2024-05-02 10:14:48.377960,13.52172
2024-05-02 10:14:48.393580,12.14771
2024-05-02 10:14:48.409210,10.83159
2024-05-02 10:14:48.424830,9.911453
2024-05-02 10:14:48.440460,9.638519
2024-05-02 10:14:48.456080,10.08923
2024-05-02 10:14:48.471710,11.14026
2024-05-02 10:14:48.487340,12.49756
2024-05-02 10:14:48.502960,13.76865
2024-05-02 10:14:48.518590,14.58007
2024-05-02 10:14:48.534210,14.6469
2024-05-02 10:14:48.549840,13.81687
2024-05-02 10:14:48.565460,12.09298
2024-05-02 10:14:48.581090,9.605263
2024-05-02 10:14:48.596720,6.579918
2024-05-02 10:14:48.612340,3.29023
2024-05-02 10:14:48.627970,0.01659393
2024-05-02 10:14:48.643590,-3.051716
2024-05-02 10:14:48.659220,-5.809002
2024-05-02 10:14:48.674840,-8.219803
2024-05-02 10:14:48.690470,-10.29702
2024-05-02 10:14:48.706100,-12.01524
2024-05-02 10:14:48.721720,-13.33558
2024-05-02 10:14:48.737350,-14.2589
2024-05-02 10:14:48.752970,-14.8979
2024-05-02 10:14:48.768600,-15.48206
2024-05-02 10:14:48.784220,-16.30032
2024-05-02 10:14:48.799850,-17.57351
2024-05-02 10:14:48.815480,-19.32066
2024-05-02 10:14:48.831100,-21.274
2024-05-02 10:14:48.846730,-22.95008
2024-05-02 10:14:48.862350,-23.73476
2024-05-02 10:14:48.877980,-23.11898
2024-05-02 10:14:48.893600,-20.81857
2024-05-02 10:14:48.909230,-16.9093
2024-05-02 10:14:48.924860,-11.82402
2024-05-02 10:14:48.940480,-6.208832
2024-05-02 10:14:48.956110,-0.7605038
2024-05-02 10:14:48.971730,3.946716
2024-05-02 10:14:48.987360,7.578821
2024-05-02 10:14:49.002990,10.03781
2024-05-02 10:14:49.018610,11.41519
2024-05-02 10:14:49.034240,11.92877
2024-05-02 10:14:49.049860,11.87877
2024-05-02 10:14:49.065490,11.58679
2024-05-02 10:14:49.081110,11.37768
2024-05-02 10:14:49.096740,11.46957
2024-05-02 10:14:49.112370,11.94187
2024-05-02 10:14:49.127990,12.70654
2024-05-02 10:14:49.143620,13.561
2024-05-02 10:14:49.159240,14.31388
2024-05-02 10:14:49.174870,14.85663
2024-05-02 10:14:49.190490,15.19261
2024-05-02 10:14:49.206120,15.38105
2024-05-02 10:14:49.221750,15.43071
2024-05-02 10:14:49.237370,15.25377
2024-05-02 10:14:49.253000,14.69139
2024-05-02 10:14:49.268620,13.6022
2024-05-02 10:14:49.284250,11.96482
2024-05-02 10:14:49.299870,9.898722
2024-05-02 10:14:49.315500,7.627869
2024-05-02 10:14:49.331130,5.394723
2024-05-02 10:14:49.346750,3.356256
2024-05-02 10:14:49.362380,1.570192
2024-05-02 10:14:49.378000,0.0003938675
2024-05-02 10:14:49.393630,-1.414602
2024-05-02 10:14:49.409250,-2.71879
2024-05-02 10:14:49.424880,-3.948992
2024-05-02 10:14:49.440510,-5.164902
2024-05-02 10:14:49.456130,-6.490135
2024-05-02 10:14:49.471760,-8.063997
2024-05-02 10:14:49.487380,-9.95244
2024-05-02 10:14:49.503010,-12.00104
2024-05-02 10:14:49.518630,-13.80775
2024-05-02 10:14:49.534260,-14.77628
2024-05-02 10:14:49.549890,-14.33146
2024-05-02 10:14:49.565510,-12.16264
2024-05-02 10:14:49.581140,-8.38522
2024-05-02 10:14:49.596760,-3.531719
2024-05-02 10:14:49.612390,1.605995
2024-05-02 10:14:49.628010,6.23127
2024-05-02 10:14:49.643640,9.777771
2024-05-02 10:14:49.659270,11.99147
2024-05-02 10:14:49.674890,12.89564
2024-05-02 10:14:49.690520,12.6912
2024-05-02 10:14:49.706140,11.67733
2024-05-02 10:14:49.721770,10.17725
2024-05-02 10:14:49.737390,8.513691
2024-05-02 10:14:49.753020,6.995914
2024-05-02 10:14:49.768650,5.866062
2024-05-02 10:14:49.784270,5.275608
2024-05-02 10:14:49.799900,5.219181
2024-05-02 10:14:49.815520,5.537262
2024-05-02 10:14:49.831150,5.967163
2024-05-02 10:14:49.846770,6.199097
2024-05-02 10:14:49.862400,5.972122
2024-05-02 10:14:49.878030,5.148842
2024-05-02 10:14:49.893650,3.754181
2024-05-02 10:14:49.909280,1.974648
2024-05-02 10:14:49.924900,0.08351898
2024-05-02 10:14:49.940530,-1.66362
2024-05-02 10:14:49.956150,-3.120483
2024-05-02 10:14:49.971780,-4.335014
2024-05-02 10:14:49.987410,-5.47541
2024-05-02 10:14:50.003030,-6.785706
2024-05-02 10:14:50.018660,-8.475174
2024-05-02 10:14:50.034280,-10.64101
2024-05-02 10:14:50.049910,-13.2636
2024-05-02 10:14:50.065530,-16.20769
2024-05-02 10:14:50.081160,-19.24432
2024-05-02 10:14:50.096790,-21.97921
2024-05-02 10:14:50.112410,-23.91648
2024-05-02 10:14:50.128040,-24.50484
2024-05-02 10:14:50.143660,-23.36043
2024-05-02 10:14:50.159290,-20.41515
2024-05-02 10:14:50.174910,-16.01623
2024-05-02 10:14:50.190540,-10.86449
2024-05-02 10:14:50.206170,-5.749985
2024-05-02 10:14:50.221790,-1.304878
2024-05-02 10:14:50.237420,2.142426
2024-05-02 10:14:50.253040,4.535912
2024-05-02 10:14:50.268670,5.95752
2024-05-02 10:14:50.284290,6.497398
2024-05-02 10:14:50.299920,6.251732
2024-05-02 10:14:50.315550,5.365112
2024-05-02 10:14:50.331170,4.124062
2024-05-02 10:14:50.346800,2.909035
2024-05-02 10:14:50.362420,2.072189
2024-05-02 10:14:50.378050,1.804169
2024-05-02 10:14:50.393670,2.047714
2024-05-02 10:14:50.409300,2.558014
2024-05-02 10:14:50.424930,2.992538
2024-05-02 10:14:50.440550,3.074142
2024-05-02 10:14:50.456180,2.631439
2024-05-02 10:14:50.471800,1.599747
2024-05-02 10:14:50.487430,0.01972961
2024-05-02 10:14:50.503050,-1.991821
2024-05-02 10:14:50.518680,-4.27562
2024-05-02 10:14:50.534310,-6.658218
2024-05-02 10:14:50.549930,-8.970779
2024-05-02 10:14:50.565560,-11.11516
2024-05-02 10:14:50.581180,-13.07059
2024-05-02 10:14:50.596810,-14.88831
2024-05-02 10:14:50.612430,-16.68065
2024-05-02 10:14:50.628060,-18.57449
2024-05-02 10:14:50.643690,-20.72824
2024-05-02 10:14:50.659310,-23.2506
2024-05-02 10:14:50.674940,-26.12512
2024-05-02 10:14:50.690560,-29.05928
2024-05-02 10:14:50.706190,-31.46565
2024-05-02 10:14:50.721810,-32.56575
2024-05-02 10:14:50.737440,-31.64532
2024-05-02 10:14:50.753070,-28.36714
2024-05-02 10:14:50.768690,-22.96758
2024-05-02 10:14:50.784320,-16.19948
2024-05-02 10:14:50.799940,-9.056091
2024-05-02 10:14:50.815570,-2.44902
2024-05-02 10:14:50.831190,3.082581
2024-05-02 10:14:50.846820,7.421692
2024-05-02 10:14:50.862450,10.71521
2024-05-02 10:14:50.878070,13.16267
2024-05-02 10:14:50.893700,14.85796
2024-05-02 10:14:50.909320,15.79904
2024-05-02 10:14:50.924950,15.95352
2024-05-02 10:14:50.940570,15.40056
2024-05-02 10:14:50.956200,14.2943
2024-05-02 10:14:50.971830,12.82877
2024-05-02 10:14:50.987450,11.09695
2024-05-02 10:14:51.003080,9.101303
2024-05-02 10:14:51.018700,6.789551
2024-05-02 10:14:51.034330,4.138824
2024-05-02 10:14:51.049950,1.216934
2024-05-02 10:14:51.065580,-1.84819
2024-05-02 10:14:51.081210,-4.92186
2024-05-02 10:14:51.096830,-7.929123
2024-05-02 10:14:51.112460,-10.83908
2024-05-02 10:14:51.128080,-13.61911
2024-05-02 10:14:51.143710,-16.1978
2024-05-02 10:14:51.159330,-18.47217
2024-05-02 10:14:51.174960,-20.37714
2024-05-02 10:14:51.190590,-21.95134
2024-05-02 10:14:51.206210,-23.3494
2024-05-02 10:14:51.221840,-24.80228
2024-05-02 10:14:51.237460,-26.5544
2024-05-02 10:14:51.253090,-28.75734
2024-05-02 10:14:51.268720,-31.49477
2024-05-02 10:14:51.284340,-34.75899
2024-05-02 10:14:51.299970,-38.41823
2024-05-02 10:14:51.315590,-42.14285
2024-05-02 10:14:51.331220,-45.38191
2024-05-02 10:14:51.346840,-47.37202
2024-05-02 10:14:51.362470,-47.34897
2024-05-02 10:14:51.378100,-44.80119
2024-05-02 10:14:51.393720,-39.73091
2024-05-02 10:14:51.409350,-32.67137
2024-05-02 10:14:51.424970,-24.55125
2024-05-02 10:14:51.440600,-16.3233
2024-05-02 10:14:51.456220,-8.72319
2024-05-02 10:14:51.471850,-2.09198
2024-05-02 10:14:51.487480,3.490158
2024-05-02 10:14:51.503100,8.067505
2024-05-02 10:14:51.518730,11.63618
2024-05-02 10:14:51.534350,14.15486
2024-05-02 10:14:51.549980,15.61093
2024-05-02 10:14:51.565600,16.14595
2024-05-02 10:14:51.581230,16.05074
2024-05-02 10:14:51.596860,15.68545
2024-05-02 10:14:51.612480,15.32941
2024-05-02 10:14:51.628110,15.09677
2024-05-02 10:14:51.643730,14.9195
2024-05-02 10:14:51.659360,14.61964
2024-05-02 10:14:51.674980,14.03013
2024-05-02 10:14:51.690610,13.04984
2024-05-02 10:14:51.706240,11.6499
2024-05-02 10:14:51.721860,9.889702
2024-05-02 10:14:51.737490,7.864708
2024-05-02 10:14:51.753110,5.709579
2024-05-02 10:14:51.768740,3.574516
2024-05-02 10:14:51.784360,1.610367
2024-05-02 10:14:51.799990,-0.08724213
2024-05-02 10:14:51.815620,-1.497154
2024-05-02 10:14:51.831240,-2.69722
2024-05-02 10:14:51.846870,-3.84111
2024-05-02 10:14:51.862490,-5.110252
2024-05-02 10:14:51.878120,-6.702873
2024-05-02 10:14:51.893740,-8.797462
2024-05-02 10:14:51.909370,-11.55058
2024-05-02 10:14:51.925000,-15.04361
2024-05-02 10:14:51.940620,-19.17995
2024-05-02 10:14:51.956250,-23.617
2024-05-02 10:14:51.971870,-27.67178
2024-05-02 10:14:51.987500,-30.46002
2024-05-02 10:14:52.003120,-31.11006
2024-05-02 10:14:52.018750,-29.08307
2024-05-02 10:14:52.034380,-24.38917
2024-05-02 10:14:52.050000,-17.63689
2024-05-02 10:14:52.065630,-9.818779
2024-05-02 10:14:52.081250,-1.976086
2024-05-02 10:14:52.096880,5.113506
2024-05-02 10:14:52.112500,11.04795
2024-05-02 10:14:52.128130,15.75162
2024-05-02 10:14:52.143760,19.32668
2024-05-02 10:14:52.159380,21.88892
2024-05-02 10:14:52.175010,23.55273
2024-05-02 10:14:52.190630,24.4432
2024-05-02 10:14:52.206260,24.75067
2024-05-02 10:14:52.221880,24.69599
2024-05-02 10:14:52.237510,24.502
2024-05-02 10:14:52.253140,24.32474
2024-05-02 10:14:52.268760,24.21901
2024-05-02 10:14:52.284390,24.172
2024-05-02 10:14:52.300010,24.12251
2024-05-02 10:14:52.315640,23.96904
2024-05-02 10:14:52.331260,23.60067
2024-05-02 10:14:52.346890,22.88781
2024-05-02 10:14:52.362520,21.72474
2024-05-02 10:14:52.378140,20.08383
2024-05-02 10:14:52.393770,18.01901
2024-05-02 10:14:52.409390,15.6415
2024-05-02 10:14:52.425020,13.07763
2024-05-02 10:14:52.440640,10.39842
2024-05-02 10:14:52.456270,7.587825
2024-05-02 10:14:52.471900,4.621658
2024-05-02 10:14:52.487520,1.509151
2024-05-02 10:14:52.503150,-1.67061
2024-05-02 10:14:52.518770,-4.822358
2024-05-02 10:14:52.534400,-7.926345
2024-05-02 10:14:52.550020,-11.0943
2024-05-02 10:14:52.565650,-14.49111
2024-05-02 10:14:52.581280,-18.17567
2024-05-02 10:14:52.596900,-21.85692
2024-05-02 10:14:52.612530,-24.84325
2024-05-02 10:14:52.628150,-26.21421
2024-05-02 10:14:52.643780,-25.16281
2024-05-02 10:14:52.659400,-21.40369
2024-05-02 10:14:52.675030,-15.33142
2024-05-02 10:14:52.690660,-7.908646
2024-05-02 10:14:52.706280,-0.2770329
2024-05-02 10:14:52.721910,6.626627
2024-05-02 10:14:52.737530,12.29704
2024-05-02 10:14:52.753160,16.64499
2024-05-02 10:14:52.768780,19.75667
2024-05-02 10:14:52.784410,21.7115
2024-05-02 10:14:52.800040,22.5205
2024-05-02 10:14:52.815660,22.23184
2024-05-02 10:14:52.831290,21.05093
2024-05-02 10:14:52.846910,19.40081
2024-05-02 10:14:52.862540,17.7899
2024-05-02 10:14:52.878160,16.62927
2024-05-02 10:14:52.893790,16.08389
2024-05-02 10:14:52.909420,16.02224
2024-05-02 10:14:52.925040,16.11625
2024-05-02 10:14:52.940670,16.00037
2024-05-02 10:14:52.956290,15.37921
2024-05-02 10:14:52.971920,14.12614
2024-05-02 10:14:52.987540,12.26956
2024-05-02 10:14:53.003170,9.953876
2024-05-02 10:14:53.018800,7.390188
2024-05-02 10:14:53.034420,4.788315
2024-05-02 10:14:53.050050,2.312935
2024-05-02 10:14:53.065670,0.06297684
2024-05-02 10:14:53.081300,-1.978058
2024-05-02 10:14:53.096920,-3.927856
2024-05-02 10:14:53.112550,-6.00753
2024-05-02 10:14:53.128180,-8.528934
2024-05-02 10:14:53.143800,-11.74682
2024-05-02 10:14:53.159430,-15.7848
2024-05-02 10:14:53.175050,-20.44682
2024-05-02 10:14:53.190680,-25.19549
2024-05-02 10:14:53.206300,-29.1792
2024-05-02 10:14:53.221930,-31.45719
2024-05-02 10:14:53.237560,-31.31788
2024-05-02 10:14:53.253180,-28.53994
2024-05-02 10:14:53.268810,-23.50434
2024-05-02 10:14:53.284430,-17.04513
2024-05-02 10:14:53.300060,-10.16262
2024-05-02 10:14:53.315680,-3.679531
2024-05-02 10:14:53.331310,1.926025
2024-05-02 10:14:53.346940,6.517815
2024-05-02 10:14:53.362560,10.14122
2024-05-02 10:14:53.378190,12.82285
2024-05-02 10:14:53.393810,14.52149
2024-05-02 10:14:53.409440,15.16788
2024-05-02 10:14:53.425070,14.80577
2024-05-02 10:14:53.440690,13.66422
2024-05-02 10:14:53.456320,12.16529
2024-05-02 10:14:53.471940,10.77478
2024-05-02 10:14:53.487570,9.852047
2024-05-02 10:14:53.503190,9.521702
2024-05-02 10:14:53.518820,9.665546
2024-05-02 10:14:53.534450,9.985775
2024-05-02 10:14:53.550070,10.14542
2024-05-02 10:14:53.565700,9.873177
2024-05-02 10:14:53.581320,9.035316
2024-05-02 10:14:53.596950,7.618614
2024-05-02 10:14:53.612570,5.743004
2024-05-02 10:14:53.628200,3.573883
2024-05-02 10:14:53.643830,1.286583
2024-05-02 10:14:53.659450,-0.9841919
2024-05-02 10:14:53.675080,-3.179596
2024-05-02 10:14:53.690700,-5.32637
2024-05-02 10:14:53.706330,-7.514153
2024-05-02 10:14:53.721950,-9.862625
2024-05-02 10:14:53.737580,-12.52636
2024-05-02 10:14:53.753210,-15.67653
2024-05-02 10:14:53.768830,-19.42602
2024-05-02 10:14:53.784460,-23.7075
2024-05-02 10:14:53.800080,-28.17528
2024-05-02 10:14:53.815710,-32.11353
2024-05-02 10:14:53.831330,-34.59308
2024-05-02 10:14:53.846960,-34.74126
2024-05-02 10:14:53.862590,-32.07914
2024-05-02 10:14:53.878210,-26.79091
2024-05-02 10:14:53.893840,-19.66399
2024-05-02 10:14:53.909460,-11.83195
2024-05-02 10:14:53.925090,-4.339828
2024-05-02 10:14:53.940710,2.182312
2024-05-02 10:14:53.956340,7.596001
2024-05-02 10:14:53.971970,12.05133
2024-05-02 10:14:53.987590,15.74455
2024-05-02 10:14:54.003220,18.70238
2024-05-02 10:14:54.018840,20.80857
2024-05-02 10:14:54.034470,21.97128
2024-05-02 10:14:54.050090,22.31382
2024-05-02 10:14:54.065720,22.17511
2024-05-02 10:14:54.081350,21.98965
2024-05-02 10:14:54.096970,22.06624
2024-05-02 10:14:54.112600,22.45979
2024-05-02 10:14:54.128220,22.99529
2024-05-02 10:14:54.143850,23.39982
2024-05-02 10:14:54.159470,23.48241
2024-05-02 10:14:54.175100,23.21198
2024-05-02 10:14:54.190730,22.6524
2024-05-02 10:14:54.206350,21.85795
2024-05-02 10:14:54.221980,20.80919
2024-05-02 10:14:54.237600,19.42776
2024-05-02 10:14:54.253230,17.6376
2024-05-02 10:14:54.268850,15.45335
2024-05-02 10:14:54.284480,12.99796
2024-05-02 10:14:54.300110,10.44782
2024-05-02 10:14:54.315730,7.948326
2024-05-02 10:14:54.331360,5.532166
2024-05-02 10:14:54.346980,3.110435
2024-05-02 10:14:54.362610,0.5070953
2024-05-02 10:14:54.378230,-2.484497
2024-05-02 10:14:54.393860,-6.023026
2024-05-02 10:14:54.409490,-10.13084
2024-05-02 10:14:54.425110,-14.62599
2024-05-02 10:14:54.440740,-19.08549
2024-05-02 10:14:54.456360,-22.84013
2024-05-02 10:14:54.471990,-25.11397
2024-05-02 10:14:54.487610,-25.19681
2024-05-02 10:14:54.503240,-22.71924
2024-05-02 10:14:54.518870,-17.81378
2024-05-02 10:14:54.534490,-11.12537
2024-05-02 10:14:54.550120,-3.636902
2024-05-02 10:14:54.565740,3.62999
2024-05-02 10:14:54.581370,9.901749
2024-05-02 10:14:54.596990,14.80583
2024-05-02 10:14:54.612620,18.32451
2024-05-02 10:14:54.628250,20.63522
2024-05-02 10:14:54.643870,21.92941
2024-05-02 10:14:54.659500,22.33376
2024-05-02 10:14:54.675120,21.96602
2024-05-02 10:14:54.690750,21.01004
2024-05-02 10:14:54.706370,19.75224
2024-05-02 10:14:54.722000,18.52754
2024-05-02 10:14:54.737630,17.59108
2024-05-02 10:14:54.753250,17.02859
2024-05-02 10:14:54.768880,16.72714
2024-05-02 10:14:54.784500,16.46773
2024-05-02 10:14:54.800130,16.03893
2024-05-02 10:14:54.815750,15.31923
2024-05-02 10:14:54.831380,14.29895
2024-05-02 10:14:54.847010,13.02242
2024-05-02 10:14:54.862630,11.51486
2024-05-02 10:14:54.878260,9.779602
2024-05-02 10:14:54.893880,7.762619
2024-05-02 10:14:54.909510,5.434601
2024-05-02 10:14:54.925130,2.823929
2024-05-02 10:14:54.940760,0.03875732
2024-05-02 10:14:54.956390,-2.746109
2024-05-02 10:14:54.972010,-5.345444
2024-05-02 10:14:54.987640,-7.602539
2024-05-02 10:14:55.003260,-9.522812
2024-05-02 10:14:55.018890,-11.25516
2024-05-02 10:14:55.034510,-13.11179
2024-05-02 10:14:55.050140,-15.41199
2024-05-02 10:14:55.065770,-18.32878
2024-05-02 10:14:55.081390,-21.74095
2024-05-02 10:14:55.097020,-25.16043
2024-05-02 10:14:55.112640,-27.85313
2024-05-02 10:14:55.128270,-29.04198
2024-05-02 10:14:55.143890,-28.17409
2024-05-02 10:14:55.159520,-25.09984
2024-05-02 10:14:55.175150,-20.12805
2024-05-02 10:14:55.190770,-13.89467
2024-05-02 10:14:55.206400,-7.17952
2024-05-02 10:14:55.222020,-0.6794128
2024-05-02 10:14:55.237650,5.086533
2024-05-02 10:14:55.253270,9.816147
2024-05-02 10:14:55.268900,13.35817
2024-05-02 10:14:55.284530,15.65178
2024-05-02 10:14:55.300150,16.7327
2024-05-02 10:14:55.315780,16.75934
2024-05-02 10:14:55.331400,16.06006
2024-05-02 10:14:55.347030,15.11359
2024-05-02 10:14:55.362650,14.41888
2024-05-02 10:14:55.378280,14.35269
2024-05-02 10:14:55.393910,15.01329
2024-05-02 10:14:55.409530,16.22002
2024-05-02 10:14:55.425160,17.58377
2024-05-02 10:14:55.440780,18.71484
2024-05-02 10:14:55.456410,19.36659
2024-05-02 10:14:55.472030,19.48781
2024-05-02 10:14:55.487660,19.18187
2024-05-02 10:14:55.503290,18.59636
2024-05-02 10:14:55.518910,17.79518
2024-05-02 10:14:55.534540,16.74013
2024-05-02 10:14:55.550160,15.39076
2024-05-02 10:14:55.565790,13.758
2024-05-02 10:14:55.581410,11.99059
2024-05-02 10:14:55.597040,10.27635
2024-05-02 10:14:55.612670,8.764282
2024-05-02 10:14:55.628290,7.461014
2024-05-02 10:14:55.643920,6.188202
2024-05-02 10:14:55.659540,4.688141
2024-05-02 10:14:55.675170,2.715294
2024-05-02 10:14:55.690790,0.114006
2024-05-02 10:14:55.706420,-3.147896
2024-05-02 10:14:55.722050,-6.988548
2024-05-02 10:14:55.737670,-11.16592
2024-05-02 10:14:55.753300,-15.2847
2024-05-02 10:14:55.768920,-18.77724
2024-05-02 10:14:55.784550,-20.96451
2024-05-02 10:14:55.800170,-21.23542
2024-05-02 10:14:55.815800,-19.22667
2024-05-02 10:14:55.831430,-14.9938
2024-05-02 10:14:55.847050,-9.034927
2024-05-02 10:14:55.862680,-2.163803
2024-05-02 10:14:55.878300,4.706413
2024-05-02 10:14:55.893930,10.80447
2024-05-02 10:14:55.909550,15.63695
2024-05-02 10:14:55.925180,19.02327
2024-05-02 10:14:55.940810,21.03838
2024-05-02 10:14:55.956430,21.91257
2024-05-02 10:14:55.972060,21.93729
2024-05-02 10:14:55.987680,21.37383
2024-05-02 10:14:56.003310,20.48331
2024-05-02 10:14:56.018930,19.48859
2024-05-02 10:14:56.034560,18.60802
2024-05-02 10:14:56.050190,18.01956
2024-05-02 10:14:56.065810,17.81986
2024-05-02 10:14:56.081440,17.9538
2024-05-02 10:14:56.097060,18.19668
2024-05-02 10:14:56.112690,18.22168
2024-05-02 10:14:56.128320,17.7247
2024-05-02 10:14:56.143940,16.57021
2024-05-02 10:14:56.159570,14.84377
2024-05-02 10:14:56.175190,12.82896
2024-05-02 10:14:56.190820,10.84842
2024-05-02 10:14:56.206440,9.098343
2024-05-02 10:14:56.222070,7.551857
2024-05-02 10:14:56.237700,5.963394
2024-05-02 10:14:56.253320,4.040512
2024-05-02 10:14:56.268950,1.598999
2024-05-02 10:14:56.284570,-1.27462
2024-05-02 10:14:56.300200,-4.291779
2024-05-02 10:14:56.315820,-7.052597
2024-05-02 10:14:56.331450,-9.288483
2024-05-02 10:14:56.347080,-10.97478
2024-05-02 10:14:56.362700,-12.35259
2024-05-02 10:14:56.378330,-13.83843
2024-05-02 10:14:56.393950,-15.81852
2024-05-02 10:14:56.409580,-18.50539
2024-05-02 10:14:56.425200,-21.80379
2024-05-02 10:14:56.440830,-25.31355
2024-05-02 10:14:56.456460,-28.40379
2024-05-02 10:14:56.472080,-30.36853
2024-05-02 10:14:56.487710,-30.63671
2024-05-02 10:14:56.503330,-28.92276
2024-05-02 10:14:56.518960,-25.32424
2024-05-02 10:14:56.534580,-20.2723
2024-05-02 10:14:56.550210,-14.4266
2024-05-02 10:14:56.565840,-8.476307
2024-05-02 10:14:56.581460,-3.034321
2024-05-02 10:14:56.597090,1.459801
2024-05-02 10:14:56.612710,4.736286
2024-05-02 10:14:56.628340,6.675674
2024-05-02 10:14:56.643960,7.358135
2024-05-02 10:14:56.659590,7.061382
2024-05-02 10:14:56.675220,6.263672
2024-05-02 10:14:56.690840,5.502144
2024-05-02 10:14:56.706470,5.213486
2024-05-02 10:14:56.722090,5.586756
2024-05-02 10:14:56.737720,6.501345
2024-05-02 10:14:56.753340,7.638575
2024-05-02 10:14:56.768970,8.613388
2024-05-02 10:14:56.784600,9.156004
2024-05-02 10:14:56.800220,9.160078
2024-05-02 10:14:56.815850,8.662222
2024-05-02 10:14:56.831470,7.776572
2024-05-02 10:14:56.847100,6.672072
2024-05-02 10:14:56.862720,5.533834
2024-05-02 10:14:56.878350,4.5373
2024-05-02 10:14:56.893980,3.775629
2024-05-02 10:14:56.909600,3.209903
2024-05-02 10:14:56.925230,2.678736
2024-05-02 10:14:56.940850,1.930849
2024-05-02 10:14:56.956480,0.7663403
2024-05-02 10:14:56.972100,-0.868997
2024-05-02 10:14:56.987730,-2.85715
2024-05-02 10:14:57.003360,-4.963279
2024-05-02 10:14:57.018980,-6.978575
2024-05-02 10:14:57.034610,-8.751066
2024-05-02 10:14:57.050230,-10.29397
2024-05-02 10:14:57.065860,-11.69011
2024-05-02 10:14:57.081480,-13.08841
2024-05-02 10:14:57.097110,-14.63714
2024-05-02 10:14:57.112740,-16.43524
2024-05-02 10:14:57.128360,-18.47703
2024-05-02 10:14:57.143990,-20.55427
2024-05-02 10:14:57.159610,-22.25585
2024-05-02 10:14:57.175240,-23.01023
2024-05-02 10:14:57.190860,-22.27311
2024-05-02 10:14:57.206490,-19.74326
2024-05-02 10:14:57.222120,-15.51514
2024-05-02 10:14:57.237740,-10.09881
2024-05-02 10:14:57.253370,-4.243599
2024-05-02 10:14:57.268990,1.268162
2024-05-02 10:14:57.284620,5.855711
2024-05-02 10:14:57.300240,9.225243
2024-05-02 10:14:57.315870,11.37242
2024-05-02 10:14:57.331500,12.45323
2024-05-02 10:14:57.347120,12.71675
2024-05-02 10:14:57.362750,12.43164
2024-05-02 10:14:57.378370,11.89095
2024-05-02 10:14:57.394000,11.3913
2024-05-02 10:14:57.409620,11.20339
2024-05-02 10:14:57.425250,11.4786
2024-05-02 10:14:57.440880,12.20185
2024-05-02 10:14:57.456500,13.16877
2024-05-02 10:14:57.472130,14.06923
2024-05-02 10:14:57.487750,14.59213
2024-05-02 10:14:57.503380,14.56408
2024-05-02 10:14:57.519000,13.99304
2024-05-02 10:14:57.534630,13.0798
2024-05-02 10:14:57.550260,12.0702
2024-05-02 10:14:57.565880,11.18651
2024-05-02 10:14:57.581510,10.47909
2024-05-02 10:14:57.597130,9.805347
2024-05-02 10:14:57.612760,8.885654
2024-05-02 10:14:57.628380,7.455505
2024-05-02 10:14:57.644010,5.41058
2024-05-02 10:14:57.659640,2.890709
2024-05-02 10:14:57.675260,0.2303009
2024-05-02 10:14:57.690890,-2.191177
2024-05-02 10:14:57.706510,-4.149418
2024-05-02 10:14:57.722140,-5.680008
2024-05-02 10:14:57.737760,-7.029572
2024-05-02 10:14:57.753390,-8.521004
2024-05-02 10:14:57.769020,-10.41212
2024-05-02 10:14:57.784640,-12.76647
2024-05-02 10:14:57.800270,-15.43178
2024-05-02 10:14:57.815890,-18.09203
2024-05-02 10:14:57.831520,-20.3142
2024-05-02 10:14:57.847140,-21.60608
2024-05-02 10:14:57.862770,-21.52156
2024-05-02 10:14:57.878400,-19.78094
2024-05-02 10:14:57.894020,-16.41116
2024-05-02 10:14:57.909650,-11.76653
2024-05-02 10:14:57.925270,-6.53952
2024-05-02 10:14:57.940900,-1.498619
2024-05-02 10:14:57.956520,2.681778
2024-05-02 10:14:57.972150,5.653107
2024-05-02 10:14:57.987780,7.396278
2024-05-02 10:14:58.003400,8.149956
2024-05-02 10:14:58.019030,8.20932
2024-05-02 10:14:58.034650,7.855782
2024-05-02 10:14:58.050280,7.30378
2024-05-02 10:14:58.065900,6.736153
2024-05-02 10:14:58.081530,6.359573
2024-05-02 10:14:58.097160,6.362305
2024-05-02 10:14:58.112780,6.836395
2024-05-02 10:14:58.128410,7.69722
2024-05-02 10:14:58.144030,8.69706
2024-05-02 10:14:58.159660,9.50502
2024-05-02 10:14:58.175280,9.850273
2024-05-02 10:14:58.190910,9.67466
2024-05-02 10:14:58.206540,9.126945
2024-05-02 10:14:58.222160,8.467804
2024-05-02 10:14:58.237790,7.902405
2024-05-02 10:14:58.253410,7.482002
2024-05-02 10:14:58.269040,7.07325
2024-05-02 10:14:58.284670,6.454567
2024-05-02 10:14:58.300290,5.474983
2024-05-02 10:14:58.315920,4.126251
2024-05-02 10:14:58.331540,2.567886
2024-05-02 10:14:58.347170,0.9908981
2024-05-02 10:14:58.362790,-0.4853745
2024-05-02 10:14:58.378420,-1.890297
2024-05-02 10:14:58.394050,-3.398499
2024-05-02 10:14:58.409670,-5.208908
2024-05-02 10:14:58.425300,-7.453354
2024-05-02 10:14:58.440920,-10.10585
2024-05-02 10:14:58.456550,-12.99825
2024-05-02 10:14:58.472170,-15.85568
2024-05-02 10:14:58.487800,-18.35823
2024-05-02 10:14:58.503430,-20.17398
2024-05-02 10:14:58.519050,-21.01576
2024-05-02 10:14:58.534680,-20.6559
2024-05-02 10:14:58.550300,-18.97643
2024-05-02 10:14:58.565930,-16.02429
2024-05-02 10:14:58.581550,-12.05991
2024-05-02 10:14:58.597180,-7.552032
2024-05-02 10:14:58.612810,-3.089081
2024-05-02 10:14:58.628430,0.7202759
2024-05-02 10:14:58.644060,3.404282
2024-05-02 10:14:58.659680,4.729675
2024-05-02 10:14:58.675310,4.74585
2024-05-02 10:14:58.690930,3.758453
2024-05-02 10:14:58.706560,2.24205
2024-05-02 10:14:58.722190,0.6686554
2024-05-02 10:14:58.737810,-0.5854034
2024-05-02 10:14:58.753440,-1.343094
2024-05-02 10:14:58.769060,-1.607391
2024-05-02 10:14:58.784690,-1.481888
2024-05-02 10:14:58.800310,-1.074356
2024-05-02 10:14:58.815940,-0.4876709
2024-05-02 10:14:58.831570,0.2024994
2024-05-02 10:14:58.847190,0.8717651
2024-05-02 10:14:58.862820,1.347778
2024-05-02 10:14:58.878440,1.435547
2024-05-02 10:14:58.894070,1.031876
2024-05-02 10:14:58.909690,0.1681366
2024-05-02 10:14:58.925320,-0.9916992
2024-05-02 10:14:58.940950,-2.226837
2024-05-02 10:14:58.956570,-3.378952
2024-05-02 10:14:58.972200,-4.401215
2024-05-02 10:14:58.987820,-5.353333
2024-05-02 10:14:59.003450,-6.316406
2024-05-02 10:14:59.019070,-7.320374
2024-05-02 10:14:59.034700,-8.340408
2024-05-02 10:14:59.050330,-9.338409
2024-05-02 10:14:59.065950,-10.34592
2024-05-02 10:14:59.081580,-11.45947
2024-05-02 10:14:59.097200,-12.81738
2024-05-02 10:14:59.112830,-14.4201
2024-05-02 10:14:59.128450,-16.04686
2024-05-02 10:14:59.144080,-17.22972
2024-05-02 10:14:59.159710,-17.41443
2024-05-02 10:14:59.175330,-16.15215
2024-05-02 10:14:59.190960,-13.3203
2024-05-02 10:14:59.206580,-9.202393
2024-05-02 10:14:59.222210,-4.404755
2024-05-02 10:14:59.237830,0.3149109
2024-05-02 10:14:59.253460,4.303284
2024-05-02 10:14:59.269090,7.146729
2024-05-02 10:14:59.284710,8.746582
2024-05-02 10:14:59.300340,9.274902
2024-05-02 10:14:59.315960,9.029541
2024-05-02 10:14:59.331590,8.3405
2024-05-02 10:14:59.347210,7.49855
2024-05-02 10:14:59.362840,6.744904
2024-05-02 10:14:59.378470,6.280945
2024-05-02 10:14:59.394090,6.27507
2024-05-02 10:14:59.409720,6.79422
2024-05-02 10:14:59.425340,7.788605
2024-05-02 10:14:59.440970,9.054764
2024-05-02 10:14:59.456590,10.29086
2024-05-02 10:14:59.472220,11.19536
2024-05-02 10:14:59.487850,11.58174
2024-05-02 10:14:59.503470,11.43867
2024-05-02 10:14:59.519100,10.90022
2024-05-02 10:14:59.534720,10.15097
2024-05-02 10:14:59.550350,9.348434
2024-05-02 10:14:59.565970,8.548859
2024-05-02 10:14:59.581600,7.748947
2024-05-02 10:14:59.597230,6.912781
2024-05-02 10:14:59.612850,6.022751
2024-05-02 10:14:59.628480,5.050888
2024-05-02 10:14:59.644100,3.971481
2024-05-02 10:14:59.659730,2.693283
2024-05-02 10:14:59.675350,1.095383
2024-05-02 10:14:59.690980,-0.9364624
2024-05-02 10:14:59.706610,-3.460297
2024-05-02 10:14:59.722230,-6.399399
2024-05-02 10:14:59.737860,-9.490875
2024-05-02 10:14:59.753480,-12.30431
2024-05-02 10:14:59.769110,-14.31046
2024-05-02 10:14:59.784730,-15.03244
2024-05-02 10:14:59.800360,-14.20265
2024-05-02 10:14:59.815990,-11.8869
2024-05-02 10:14:59.831610,-8.509964
2024-05-02 10:14:59.847240,-4.756378
2024-05-02 10:14:59.862860,-1.372025
2024-05-02 10:14:59.878490,1.034546
2024-05-02 10:14:59.894110,2.168488
2024-05-02 10:14:59.909740,2.054962
2024-05-02 10:14:59.925370,0.9739838
2024-05-02 10:14:59.940990,-0.6954956
2024-05-02 10:14:59.956620,-2.582703
2024-05-02 10:14:59.972240,-4.390686
2024-05-02 10:14:59.987870,-5.941803
2024-05-02 10:15:00.003490,-7.121185
2024-05-02 10:15:00.019120,-7.879578
2024-05-02 10:15:00.034750,-8.226486
2024-05-02 10:15:00.050370,-8.214645
2024-05-02 10:15:00.066000,-7.97525
2024-05-02 10:15:00.081620,-7.714798
2024-05-02 10:15:00.097250,-7.685165
2024-05-02 10:15:00.112870,-8.106873
2024-05-02 10:15:00.128500,-9.116302
2024-05-02 10:15:00.144130,-10.68542
2024-05-02 10:15:00.159750,-12.61043
2024-05-02 10:15:00.175380,-14.58934
2024-05-02 10:15:00.191000,-16.33214
2024-05-02 10:15:00.206630,-17.67783
2024-05-02 10:15:00.222250,-18.64017
2024-05-02 10:15:00.237880,-19.37251
2024-05-02 10:15:00.253510,-20.05429
2024-05-02 10:15:00.269130,-20.8217
2024-05-02 10:15:00.284760,-21.69507
2024-05-02 10:15:00.300380,-22.64143
2024-05-02 10:15:00.316010,-23.59607
2024-05-02 10:15:00.331630,-24.52162
2024-05-02 10:15:00.347260,-25.36005
2024-05-02 10:15:00.362890,-25.94914
2024-05-02 10:15:00.378510,-26.01363
2024-05-02 10:15:00.394140,-25.22939
2024-05-02 10:15:00.409760,-23.35484
2024-05-02 10:15:00.425390,-20.38245
2024-05-02 10:15:00.441010,-16.57607
2024-05-02 10:15:00.456640,-12.41579
2024-05-02 10:15:00.472270,-8.444641
2024-05-02 10:15:00.487890,-5.08725
2024-05-02 10:15:00.503520,-2.557465
2024-05-02 10:15:00.519140,-0.8888397
2024-05-02 10:15:00.534770,0.05114746
2024-05-02 10:15:00.550400,0.4612274
2024-05-02 10:15:00.566020,0.5755157
2024-05-02 10:15:00.581650,0.6476288
2024-05-02 10:15:00.597270,0.9052582
2024-05-02 10:15:00.612900,1.50441
2024-05-02 10:15:00.628520,2.483627
2024-05-02 10:15:00.644150,3.701706
2024-05-02 10:15:00.659780,4.888977
2024-05-02 10:15:00.675400,5.726089
2024-05-02 10:15:00.691030,5.959473
2024-05-02 10:15:00.706650,5.463654
2024-05-02 10:15:00.722280,4.273392
2024-05-02 10:15:00.737900,2.538956
2024-05-02 10:15:00.753530,0.4579315
2024-05-02 10:15:00.769160,-1.779602
2024-05-02 10:15:00.784780,-4.017334
2024-05-02 10:15:00.800410,-6.142258
2024-05-02 10:15:00.816030,-8.11116
2024-05-02 10:15:00.831660,-9.989563
2024-05-02 10:15:00.847280,-11.94756
2024-05-02 10:15:00.862910,-14.21053
2024-05-02 10:15:00.878540,-16.9171
2024-05-02 10:15:00.894160,-19.93575
2024-05-02 10:15:00.909790,-22.79947
2024-05-02 10:15:00.925410,-24.77905
2024-05-02 10:15:00.941040,-25.14857
2024-05-02 10:15:00.956660,-23.49715
2024-05-02 10:15:00.972290,-19.93524
2024-05-02 10:15:00.987920,-15.07745
2024-05-02 10:15:01.003540,-9.757446
2024-05-02 10:15:01.019170,-4.765244
2024-05-02 10:15:01.034790,-0.5541382
2024-05-02 10:15:01.050420,2.746841
2024-05-02 10:15:01.066040,5.226974
2024-05-02 10:15:01.081670,6.973053
2024-05-02 10:15:01.097300,8.022156
2024-05-02 10:15:01.112920,8.385849
2024-05-02 10:15:01.128550,8.159424
2024-05-02 10:15:01.144170,7.618149
2024-05-02 10:15:01.159800,7.146576
2024-05-02 10:15:01.175420,7.102936
2024-05-02 10:15:01.191050,7.628998
2024-05-02 10:15:01.206680,8.577286
2024-05-02 10:15:01.222300,9.555344
2024-05-02 10:15:01.237930,10.10146
2024-05-02 10:15:01.253550,9.871643
2024-05-02 10:15:01.269180,8.759811
2024-05-02 10:15:01.284800,6.943619
2024-05-02 10:15:01.300430,4.746857
2024-05-02 10:15:01.316060,2.568207
2024-05-02 10:15:01.331680,0.6569366
2024-05-02 10:15:01.347310,-0.9027786
2024-05-02 10:15:01.362930,-2.271759
2024-05-02 10:15:01.378560,-3.758995
2024-05-02 10:15:01.394180,-5.750618
2024-05-02 10:15:01.409810,-8.523804
2024-05-02 10:15:01.425440,-12.13348
2024-05-02 10:15:01.441060,-16.27636
2024-05-02 10:15:01.456690,-20.2802
2024-05-02 10:15:01.472310,-23.25046
2024-05-02 10:15:01.487940,-24.35125
2024-05-02 10:15:01.503560,-23.09136
2024-05-02 10:15:01.519190,-19.54874
2024-05-02 10:15:01.534820,-14.35722
2024-05-02 10:15:01.550440,-8.478058
2024-05-02 10:15:01.566070,-2.843201
2024-05-02 10:15:01.581690,1.878021
2024-05-02 10:15:01.597320,5.401115
2024-05-02 10:15:01.612940,7.714844
2024-05-02 10:15:01.628570,8.934097
2024-05-02 10:15:01.644200,9.178482
2024-05-02 10:15:01.659820,8.561234
2024-05-02 10:15:01.675450,7.29187
2024-05-02 10:15:01.691070,5.747002
2024-05-02 10:15:01.706700,4.409218
2024-05-02 10:15:01.722320,3.706184
2024-05-02 10:15:01.737950,3.799034
2024-05-02 10:15:01.753580,4.4818
2024-05-02 10:15:01.769200,5.245895
2024-05-02 10:15:01.784830,5.534481
2024-05-02 10:15:01.800450,4.980022
2024-05-02 10:15:01.816080,3.590591
2024-05-02 10:15:01.831700,1.665195
2024-05-02 10:15:01.847330,-0.3499641
2024-05-02 10:15:01.862960,-2.135677
2024-05-02 10:15:01.878580,-3.552269
2024-05-02 10:15:01.894210,-4.712534
2024-05-02 10:15:01.909830,-5.7724
2024-05-02 10:15:01.925460,-6.884407
2024-05-02 10:15:01.941080,-8.111586
2024-05-02 10:15:01.956710,-9.483976
2024-05-02 10:15:01.972340,-11.03461
2024-05-02 10:15:01.987960,-12.79305
2024-05-02 10:15:02.003590,-14.63461
2024-05-02 10:15:02.019210,-16.23622
2024-05-02 10:15:02.034840,-17.05387
2024-05-02 10:15:02.050460,-16.51539
2024-05-02 10:15:02.066090,-14.28609
2024-05-02 10:15:02.081720,-10.46742
2024-05-02 10:15:02.097340,-5.588419
2024-05-02 10:15:02.112970,-0.3809891
2024-05-02 10:15:02.128590,4.503135
2024-05-02 10:15:02.144220,8.686872
2024-05-02 10:15:02.159840,12.06473
2024-05-02 10:15:02.175470,14.66452
2024-05-02 10:15:02.191100,16.48461
2024-05-02 10:15:02.206720,17.47593
2024-05-02 10:15:02.222350,17.66405
2024-05-02 10:15:02.237970,17.25844
2024-05-02 10:15:02.253600,16.70239
2024-05-02 10:15:02.269220,16.50797
2024-05-02 10:15:02.284850,17.00281
2024-05-02 10:15:02.300480,18.17261
2024-05-02 10:15:02.316100,19.64701
2024-05-02 10:15:02.331730,20.91302
2024-05-02 10:15:02.347350,21.56276
2024-05-02 10:15:02.362980,21.43636
2024-05-02 10:15:02.378600,20.62821
2024-05-02 10:15:02.394230,19.34295
2024-05-02 10:15:02.409860,17.77821
2024-05-02 10:15:02.425480,16.04394
2024-05-02 10:15:02.441110,14.1829
2024-05-02 10:15:02.456730,12.22086
2024-05-02 10:15:02.472360,10.18021
2024-05-02 10:15:02.487980,8.039108
2024-05-02 10:15:02.503610,5.734505
2024-05-02 10:15:02.519240,3.109383
2024-05-02 10:15:02.534860,0.03431702
2024-05-02 10:15:02.550490,-3.506958
2024-05-02 10:15:02.566110,-7.272476
2024-05-02 10:15:02.581740,-10.77331
2024-05-02 10:15:02.597360,-13.33624
2024-05-02 10:15:02.612990,-14.33239
2024-05-02 10:15:02.628620,-13.38117
2024-05-02 10:15:02.644240,-10.51917
2024-05-02 10:15:02.659870,-6.215805
2024-05-02 10:15:02.675490,-1.21022
2024-05-02 10:15:02.691120,3.723999
2024-05-02 10:15:02.706740,8.001686
2024-05-02 10:15:02.722370,11.29742
2024-05-02 10:15:02.738000,13.53422
2024-05-02 10:15:02.753620,14.76112
2024-05-02 10:15:02.769250,15.06859
2024-05-02 10:15:02.784870,14.58832
2024-05-02 10:15:02.800500,13.51264
2024-05-02 10:15:02.816120,12.13071
2024-05-02 10:15:02.831750,10.75645
2024-05-02 10:15:02.847380,9.622292
2024-05-02 10:15:02.863000,8.790146
2024-05-02 10:15:02.878630,8.13414
2024-05-02 10:15:02.894250,7.429703
2024-05-02 10:15:02.909880,6.467209
2024-05-02 10:15:02.925500,5.153778
2024-05-02 10:15:02.941130,3.524673
2024-05-02 10:15:02.956760,1.703293
2024-05-02 10:15:02.972380,-0.1786499
2024-05-02 10:15:02.988010,-2.035599
2024-05-02 10:15:03.003630,-3.829041
2024-05-02 10:15:03.019260,-5.613617
2024-05-02 10:15:03.034880,-7.452652
2024-05-02 10:15:03.050510,-9.434784
2024-05-02 10:15:03.066140,-11.60101
2024-05-02 10:15:03.081760,-14.0071
2024-05-02 10:15:03.097390,-16.70238
2024-05-02 10:15:03.113010,-19.76524
2024-05-02 10:15:03.128640,-23.24023
2024-05-02 10:15:03.144270,-27.0226
2024-05-02 10:15:03.159890,-30.74762
2024-05-02 10:15:03.175520,-33.76511
2024-05-02 10:15:03.191140,-35.258
2024-05-02 10:15:03.206770,-34.50632
2024-05-02 10:15:03.222390,-31.22601
2024-05-02 10:15:03.238020,-25.68936
2024-05-02 10:15:03.253650,-18.66403
2024-05-02 10:15:03.269270,-11.1179
2024-05-02 10:15:03.284900,-3.856171
2024-05-02 10:15:03.300520,2.625473
2024-05-02 10:15:03.316150,8.169556
2024-05-02 10:15:03.331770,12.74294
2024-05-02 10:15:03.347400,16.30803
2024-05-02 10:15:03.363030,18.77597
2024-05-02 10:15:03.378650,20.09483
2024-05-02 10:15:03.394280,20.40971
2024-05-02 10:15:03.409900,20.08675
2024-05-02 10:15:03.425530,19.62167
2024-05-02 10:15:03.441150,19.45123
2024-05-02 10:15:03.456780,19.79582
2024-05-02 10:15:03.472410,20.59776
2024-05-02 10:15:03.488030,21.59106
2024-05-02 10:15:03.503660,22.44179
2024-05-02 10:15:03.519280,22.89667
2024-05-02 10:15:03.534910,22.83774
2024-05-02 10:15:03.550530,22.2589
2024-05-02 10:15:03.566160,21.24239
2024-05-02 10:15:03.581790,19.89673
2024-05-02 10:15:03.597410,18.3271
2024-05-02 10:15:03.613040,16.6319
2024-05-02 10:15:03.628660,14.88559
2024-05-02 10:15:03.644290,13.1335
2024-05-02 10:15:03.659910,11.3667
2024-05-02 10:15:03.675540,9.517502
2024-05-02 10:15:03.691170,7.494431
2024-05-02 10:15:03.706790,5.176331
2024-05-02 10:15:03.722420,2.447418
2024-05-02 10:15:03.738040,-0.7725372
2024-05-02 10:15:03.753670,-4.487274
2024-05-02 10:15:03.769290,-8.530457
2024-05-02 10:15:03.784920,-12.47816
2024-05-02 10:15:03.800550,-15.64644
2024-05-02 10:15:03.816170,-17.20328
2024-05-02 10:15:03.831800,-16.44095
2024-05-02 10:15:03.847420,-13.08542
2024-05-02 10:15:03.863050,-7.426086
2024-05-02 10:15:03.878670,-0.3094177
2024-05-02 10:15:03.894300,7.15744
2024-05-02 10:15:03.909930,13.9595
2024-05-02 10:15:03.925550,19.4588
2024-05-02 10:15:03.941180,23.44788
2024-05-02 10:15:03.956800,26.06766
2024-05-02 10:15:03.972430,27.55536
2024-05-02 10:15:03.988050,28.14243
2024-05-02 10:15:04.003680,28.02094
2024-05-02 10:15:04.019310,27.41876
2024-05-02 10:15:04.034930,26.634
2024-05-02 10:15:04.050560,25.99396
2024-05-02 10:15:04.066180,25.71127
2024-05-02 10:15:04.081810,25.8063
2024-05-02 10:15:04.097430,26.08325
2024-05-02 10:15:04.113060,26.19916
2024-05-02 10:15:04.128690,25.836
2024-05-02 10:15:04.144310,24.85165
2024-05-02 10:15:04.159940,23.32681
2024-05-02 10:15:04.175560,21.48584
2024-05-02 10:15:04.191190,19.6163
2024-05-02 10:15:04.206810,17.88708
2024-05-02 10:15:04.222440,16.25116
2024-05-02 10:15:04.238070,14.51193
2024-05-02 10:15:04.253690,12.42697
2024-05-02 10:15:04.269320,9.871826
2024-05-02 10:15:04.284940,6.918091
2024-05-02 10:15:04.300570,3.846283
2024-05-02 10:15:04.316190,0.9672852
2024-05-02 10:15:04.331820,-1.493622
2024-05-02 10:15:04.347450,-3.561462
2024-05-02 10:15:04.363070,-5.458588
2024-05-02 10:15:04.378700,-7.536774
2024-05-02 10:15:04.394320,-10.10083
2024-05-02 10:15:04.409950,-13.29608
2024-05-02 10:15:04.425570,-17.03189
2024-05-02 10:15:04.441200,-20.96063
2024-05-02 10:15:04.456830,-24.50446
2024-05-02 10:15:04.472450,-26.94681
2024-05-02 10:15:04.488080,-27.60382
2024-05-02 10:15:04.503700,-26.02545
2024-05-02 10:15:04.519330,-22.17682
2024-05-02 10:15:04.534950,-16.47159
2024-05-02 10:15:04.550580,-9.614716
2024-05-02 10:15:04.566210,-2.400085
2024-05-02 10:15:04.581830,4.552368
2024-05-02 10:15:04.597460,10.85022
2024-05-02 10:15:04.613080,16.29144
2024-05-02 10:15:04.628710,20.71594
2024-05-02 10:15:04.644330,23.95172
2024-05-02 10:15:04.659960,25.86121
2024-05-02 10:15:04.675590,26.48703
2024-05-02 10:15:04.691210,26.11111
2024-05-02 10:15:04.706840,25.25357
2024-05-02 10:15:04.722460,24.48764
2024-05-02 10:15:04.738090,24.21899
2024-05-02 10:15:04.753710,24.54327
2024-05-02 10:15:04.769340,25.21408
2024-05-02 10:15:04.784970,25.80736
2024-05-02 10:15:04.800590,25.9178
2024-05-02 10:15:04.816220,25.3376
2024-05-02 10:15:04.831840,24.16135
2024-05-02 10:15:04.847470,22.64928
2024-05-02 10:15:04.863090,21.10771
2024-05-02 10:15:04.878720,19.68887
2024-05-02 10:15:04.894350,18.35365
2024-05-02 10:15:04.909970,16.91328
2024-05-02 10:15:04.925600,15.17773
2024-05-02 10:15:04.941220,13.05382
2024-05-02 10:15:04.956850,10.62999
2024-05-02 10:15:04.972470,8.076538
2024-05-02 10:15:04.988100,5.575836
2024-05-02 10:15:05.003730,3.209808
2024-05-02 10:15:05.019350,0.9749298
2024-05-02 10:15:05.034980,-1.197418
2024-05-02 10:15:05.050600,-3.360123
2024-05-02 10:15:05.066230,-5.530792
2024-05-02 10:15:05.081850,-7.754456
2024-05-02 10:15:05.097480,-10.1328
2024-05-02 10:15:05.113110,-12.81718
2024-05-02 10:15:05.128730,-15.92773
2024-05-02 10:15:05.144360,-19.37798
2024-05-02 10:15:05.159980,-22.77321
2024-05-02 10:15:05.175610,-25.39018
2024-05-02 10:15:05.191230,-26.38557
2024-05-02 10:15:05.206860,-25.05872
2024-05-02 10:15:05.222490,-21.16171
2024-05-02 10:15:05.238110,-15.03528
2024-05-02 10:15:05.253740,-7.518982
2024-05-02 10:15:05.269360,0.3270264
2024-05-02 10:15:05.284990,7.56633
2024-05-02 10:15:05.300610,13.65645
2024-05-02 10:15:05.316240,18.45418
2024-05-02 10:15:05.331870,22.09427
2024-05-02 10:15:05.347490,24.75902
2024-05-02 10:15:05.363120,26.56769
2024-05-02 10:15:05.378740,27.55116
2024-05-02 10:15:05.394370,27.81207
2024-05-02 10:15:05.410000,27.59172
2024-05-02 10:15:05.425620,27.29448
2024-05-02 10:15:05.441250,27.31653
2024-05-02 10:15:05.456870,27.87413
2024-05-02 10:15:05.472500,28.8533
2024-05-02 10:15:05.488120,29.89038
2024-05-02 10:15:05.503750,30.48111
2024-05-02 10:15:05.519380,30.25351
2024-05-02 10:15:05.535000,29.10986
2024-05-02 10:15:05.550630,27.22845
2024-05-02 10:15:05.566250,24.96518
2024-05-02 10:15:05.581880,22.69937
2024-05-02 10:15:05.597500,20.66364
2024-05-02 10:15:05.613130,18.90753
2024-05-02 10:15:05.628760,17.27859
2024-05-02 10:15:05.644380,15.54568
2024-05-02 10:15:05.660010,13.47905
2024-05-02 10:15:05.675630,10.99422
2024-05-02 10:15:05.691260,8.165939
2024-05-02 10:15:05.706880,5.218605
2024-05-02 10:15:05.722510,2.397018
2024-05-02 10:15:05.738140,-0.1355743
2024-05-02 10:15:05.753760,-2.398537
2024-05-02 10:15:05.769390,-4.553581
2024-05-02 10:15:05.785010,-6.821419
2024-05-02 10:15:05.800640,-9.405525
2024-05-02 10:15:05.816260,-12.4177
2024-05-02 10:15:05.831890,-15.87083
2024-05-02 10:15:05.847520,-19.66506
2024-05-02 10:15:05.863140,-23.56635
2024-05-02 10:15:05.878770,-27.22697
2024-05-02 10:15:05.894390,-30.17858
2024-05-02 10:15:05.910020,-31.96062
2024-05-02 10:15:05.925640,-32.1728
2024-05-02 10:15:05.941270,-30.63034
2024-05-02 10:15:05.956900,-27.4013
2024-05-02 10:15:05.972520,-22.80627
2024-05-02 10:15:05.988150,-17.33658
2024-05-02 10:15:06.003770,-11.59992
2024-05-02 10:15:06.019400,-6.197987
2024-05-02 10:15:06.035020,-1.624413
2024-05-02 10:15:06.050650,1.786383
2024-05-02 10:15:06.066280,3.964844
2024-05-02 10:15:06.081900,5.09721
2024-05-02 10:15:06.097530,5.534468
2024-05-02 10:15:06.113150,5.704361
2024-05-02 10:15:06.128780,5.930084
2024-05-02 10:15:06.144400,6.371615
2024-05-02 10:15:06.160030,6.995229
2024-05-02 10:15:06.175660,7.665905
2024-05-02 10:15:06.191280,8.198961
2024-05-02 10:15:06.206910,8.456486
2024-05-02 10:15:06.222530,8.364012
2024-05-02 10:15:06.238160,7.92235
2024-05-02 10:15:06.253780,7.187716
2024-05-02 10:15:06.269410,6.248877
2024-05-02 10:15:06.285040,5.196815
2024-05-02 10:15:06.300660,4.08408
2024-05-02 10:15:06.316290,2.915195
2024-05-02 10:15:06.331910,1.626865
2024-05-02 10:15:06.347540,0.1332016
2024-05-02 10:15:06.363160,-1.652
2024-05-02 10:15:06.378790,-3.750004
2024-05-02 10:15:06.394420,-6.101784
2024-05-02 10:15:06.410040,-8.585407
2024-05-02 10:15:06.425670,-11.06545
2024-05-02 10:15:06.441290,-13.46812
2024-05-02 10:15:06.456920,-15.81546
2024-05-02 10:15:06.472540,-18.21746
2024-05-02 10:15:06.488170,-20.82087
2024-05-02 10:15:06.503800,-23.7299
2024-05-02 10:15:06.519420,-26.95761
2024-05-02 10:15:06.535050,-30.40229
2024-05-02 10:15:06.550670,-33.87776
2024-05-02 10:15:06.566300,-37.11726
2024-05-02 10:15:06.581920,-39.83216
2024-05-02 10:15:06.597550,-41.73711
2024-05-02 10:15:06.613180,-42.64706
2024-05-02 10:15:06.628800,-42.53832
2024-05-02 10:15:06.644430,-41.62172
2024-05-02 10:15:06.660050,-40.33984
2024-05-02 10:15:06.675680,-39.24063
2024-05-02 10:15:06.691300,-38.82408
2024-05-02 10:15:06.706930,-39.36125
2024-05-02 10:15:06.722560,-40.79517
2024-05-02 10:15:06.738180,-42.79707
2024-05-02 10:15:06.753810,-44.9622
2024-05-02 10:15:06.769430,-47.00085
2024-05-02 10:15:06.785060,-48.83558
2024-05-02 10:15:06.800680,-50.57829
2024-05-02 10:15:06.816310,-52.31364
2024-05-02 10:15:06.831940,-53.94321
2024-05-02 10:15:06.847560,-55.10007
2024-05-02 10:15:06.863190,-55.31106
2024-05-02 10:15:06.878810,-54.22138
2024-05-02 10:15:06.894440,-51.81335
2024-05-02 10:15:06.910060,-48.40688
2024-05-02 10:15:06.925690,-44.5209
2024-05-02 10:15:06.941320,-40.5839
2024-05-02 10:15:06.956940,-36.76398
2024-05-02 10:15:06.972570,-32.93137
2024-05-02 10:15:06.988190,-28.87109
2024-05-02 10:15:07.003820,-24.47093
2024-05-02 10:15:07.019440,-19.85291
2024-05-02 10:15:07.035070,-15.31254
2024-05-02 10:15:07.050700,-11.14197
2024-05-02 10:15:07.066320,-7.429367
2024-05-02 10:15:07.081950,-4.02668
2024-05-02 10:15:07.097570,-0.6180573
2024-05-02 10:15:07.113200,3.035202
2024-05-02 10:15:07.128820,6.971363
2024-05-02 10:15:07.144450,10.92017
2024-05-02 10:15:07.160080,14.42326
2024-05-02 10:15:07.175700,17.01871
2024-05-02 10:15:07.191330,18.44062
2024-05-02 10:15:07.206950,18.66336
2024-05-02 10:15:07.222580,17.8608
2024-05-02 10:15:07.238200,16.37193
2024-05-02 10:15:07.253830,14.59372
2024-05-02 10:15:07.269460,12.98621
2024-05-02 10:15:07.285080,12.08613
2024-05-02 10:15:07.300710,12.4462
2024-05-02 10:15:07.316330,14.47134
2024-05-02 10:15:07.331960,18.23177
2024-05-02 10:15:07.347580,23.32988
2024-05-02 10:15:07.363210,28.96055
2024-05-02 10:15:07.378840,34.14045
2024-05-02 10:15:07.394460,38.07099
2024-05-02 10:15:07.410090,40.36108
2024-05-02 10:15:07.425710,41.07613
2024-05-02 10:15:07.441340,40.61005
2024-05-02 10:15:07.456960,39.41664
2024-05-02 10:15:07.472590,37.83499
2024-05-02 10:15:07.488220,36.04302
2024-05-02 10:15:07.503840,34.13077
2024-05-02 10:15:07.519470,32.2046
2024-05-02 10:15:07.535090,30.41332
2024-05-02 10:15:07.550720,28.92736
2024-05-02 10:15:07.566340,27.84458
2024-05-02 10:15:07.581970,27.10778
2024-05-02 10:15:07.597600,26.49555
2024-05-02 10:15:07.613220,25.67155
2024-05-02 10:15:07.628850,24.34346
2024-05-02 10:15:07.644470,22.3656
2024-05-02 10:15:07.660100,19.81369
2024-05-02 10:15:07.675720,16.93492
2024-05-02 10:15:07.691350,14.0646
2024-05-02 10:15:07.706980,11.45627
2024-05-02 10:15:07.722600,9.183293
2024-05-02 10:15:07.738230,7.142212
2024-05-02 10:15:07.753850,5.119116
2024-05-02 10:15:07.769480,2.945804
2024-05-02 10:15:07.785100,0.5258541
2024-05-02 10:15:07.800730,-2.104504
2024-05-02 10:15:07.816360,-4.912496
2024-05-02 10:15:07.831980,-7.907142
2024-05-02 10:15:07.847610,-11.16128
2024-05-02 10:15:07.863230,-14.69463
2024-05-02 10:15:07.878860,-18.31739
2024-05-02 10:15:07.894490,-21.55805
2024-05-02 10:15:07.910110,-23.7262
2024-05-02 10:15:07.925740,-24.14205
2024-05-02 10:15:07.941360,-22.41349
2024-05-02 10:15:07.956990,-18.60726
2024-05-02 10:15:07.972610,-13.26815
2024-05-02 10:15:07.988240,-7.254494
2024-05-02 10:15:08.003870,-1.455751
2024-05-02 10:15:08.019490,3.427075
2024-05-02 10:15:08.035120,7.007226
2024-05-02 10:15:08.050740,9.212109
2024-05-02 10:15:08.066370,10.18041
2024-05-02 10:15:08.081990,10.1806
2024-05-02 10:15:08.097620,9.534578
2024-05-02 10:15:08.113250,8.562259
2024-05-02 10:15:08.128870,7.582929
2024-05-02 10:15:08.144500,6.874935
2024-05-02 10:15:08.160120,6.663891
2024-05-02 10:15:08.175750,7.066381
2024-05-02 10:15:08.191370,8.07514
2024-05-02 10:15:08.207000,9.533828
2024-05-02 10:15:08.222630,11.1411
2024-05-02 10:15:08.238250,12.5096
2024-05-02 10:15:08.253880,13.26394
2024-05-02 10:15:08.269500,13.15384
2024-05-02 10:15:08.285130,12.1289
2024-05-02 10:15:08.300750,10.35052
2024-05-02 10:15:08.316380,8.141097
2024-05-02 10:15:08.332010,5.86644
2024-05-02 10:15:08.347630,3.78222
2024-05-02 10:15:08.363260,1.971821
2024-05-02 10:15:08.378880,0.3484859
2024-05-02 10:15:08.394510,-1.290073
2024-05-02 10:15:08.410130,-3.146483
2024-05-02 10:15:08.425760,-5.377877
2024-05-02 10:15:08.441390,-8.009529
2024-05-02 10:15:08.457010,-10.93922
2024-05-02 10:15:08.472640,-13.90488
2024-05-02 10:15:08.488260,-16.49458
2024-05-02 10:15:08.503890,-18.18708
2024-05-02 10:15:08.519510,-18.46529
2024-05-02 10:15:08.535140,-16.95725
2024-05-02 10:15:08.550770,-13.61254
2024-05-02 10:15:08.566390,-8.786669
2024-05-02 10:15:08.582020,-3.172146
2024-05-02 10:15:08.597640,2.375141
2024-05-02 10:15:08.613270,7.115307
2024-05-02 10:15:08.628890,10.60524
2024-05-02 10:15:08.644520,12.76809
2024-05-02 10:15:08.660150,13.77404
2024-05-02 10:15:08.675770,13.89571
2024-05-02 10:15:08.691400,13.35127
2024-05-02 10:15:08.707020,12.27155
2024-05-02 10:15:08.722650,10.76876
2024-05-02 10:15:08.738270,8.988607
2024-05-02 10:15:08.753900,7.149237
2024-05-02 10:15:08.769530,5.486788
2024-05-02 10:15:08.785150,4.179979
2024-05-02 10:15:08.800780,3.239902
2024-05-02 10:15:08.816400,2.521982
2024-05-02 10:15:08.832030,1.775112
2024-05-02 10:15:08.847650,0.7573853
2024-05-02 10:15:08.863280,-0.6727123
2024-05-02 10:15:08.878910,-2.509995
2024-05-02 10:15:08.894530,-4.624887
2024-05-02 10:15:08.910160,-6.853489
2024-05-02 10:15:08.925780,-9.050835
2024-05-02 10:15:08.941410,-11.14901
2024-05-02 10:15:08.957030,-13.14292
2024-05-02 10:15:08.972660,-15.07237
2024-05-02 10:15:08.988290,-16.9859
2024-05-02 10:15:09.003910,-18.93039
2024-05-02 10:15:09.019540,-20.96839
2024-05-02 10:15:09.035160,-23.21701
2024-05-02 10:15:09.050790,-25.83244
2024-05-02 10:15:09.066410,-28.94992
2024-05-02 10:15:09.082040,-32.54786
2024-05-02 10:15:09.097670,-36.32842
2024-05-02 10:15:09.113290,-39.65691
2024-05-02 10:15:09.128920,-41.68286
2024-05-02 10:15:09.144540,-41.565
2024-05-02 10:15:09.160170,-38.79607
2024-05-02 10:15:09.175790,-33.3904
2024-05-02 10:15:09.191420,-25.95134
2024-05-02 10:15:09.207050,-17.4793
2024-05-02 10:15:09.222670,-9.076778
2024-05-02 10:15:09.238300,-1.623938
2024-05-02 10:15:09.253920,4.395987
2024-05-02 10:15:09.269550,8.916595
2024-05-02 10:15:09.285170,12.14281
2024-05-02 10:15:09.300800,14.3617
2024-05-02 10:15:09.316430,15.81545
2024-05-02 10:15:09.332050,16.66169
2024-05-02 10:15:09.347680,17.04334
2024-05-02 10:15:09.363300,17.12896
2024-05-02 10:15:09.378930,17.12464
2024-05-02 10:15:09.394550,17.21129
2024-05-02 10:15:09.410180,17.47631
2024-05-02 10:15:09.425810,17.84259
2024-05-02 10:15:09.441430,18.09798
2024-05-02 10:15:09.457060,18.03584
2024-05-02 10:15:09.472680,17.51337
2024-05-02 10:15:09.488310,16.53527
2024-05-02 10:15:09.503930,15.18467
2024-05-02 10:15:09.519560,13.5517
2024-05-02 10:15:09.535190,11.63256
2024-05-02 10:15:09.550810,9.365854
2024-05-02 10:15:09.566440,6.70839
2024-05-02 10:15:09.582060,3.72361
2024-05-02 10:15:09.597690,0.6088722
2024-05-02 10:15:09.613310,-2.383401
2024-05-02 10:15:09.628940,-5.066951
2024-05-02 10:15:09.644570,-7.408357
2024-05-02 10:15:09.660190,-9.545684
2024-05-02 10:15:09.675820,-11.70426
2024-05-02 10:15:09.691440,-14.13822
2024-05-02 10:15:09.707070,-17.05017
2024-05-02 10:15:09.722690,-20.53486
2024-05-02 10:15:09.738320,-24.52617
2024-05-02 10:15:09.753950,-28.72024
2024-05-02 10:15:09.769570,-32.50162
2024-05-02 10:15:09.785200,-35.02832
2024-05-02 10:15:09.800820,-35.41731
2024-05-02 10:15:09.816450,-33.07486
2024-05-02 10:15:09.832070,-27.97078
2024-05-02 10:15:09.847700,-20.67603
2024-05-02 10:15:09.863330,-12.21847
2024-05-02 10:15:09.878950,-3.706703
2024-05-02 10:15:09.894580,3.95743
2024-05-02 10:15:09.910200,10.26994
2024-05-02 10:15:09.925830,15.09841
2024-05-02 10:15:09.941450,18.53941
2024-05-02 10:15:09.957080,20.77903
2024-05-02 10:15:09.972710,22.00627
2024-05-02 10:15:09.988330,22.44909
2024-05-02 10:15:10.003960,22.39327
2024-05-02 10:15:10.019580,22.20314
2024-05-02 10:15:10.035210,22.19338
2024-05-02 10:15:10.050830,22.55753
2024-05-02 10:15:10.066460,23.25715
2024-05-02 10:15:10.082090,24.04593
2024-05-02 10:15:10.097710,24.58175
2024-05-02 10:15:10.113340,24.58366
2024-05-02 10:15:10.128960,23.91319
2024-05-02 10:15:10.144590,22.59045
2024-05-02 10:15:10.160210,20.72195
2024-05-02 10:15:10.175840,18.41895
2024-05-02 10:15:10.191470,15.75641
2024-05-02 10:15:10.207090,12.80361
2024-05-02 10:15:10.222720,9.658951
2024-05-02 10:15:10.238340,6.478233
2024-05-02 10:15:10.253970,3.414066
2024-05-02 10:15:10.269600,0.5700111
2024-05-02 10:15:10.285220,-2.080627
2024-05-02 10:15:10.300850,-4.638187
2024-05-02 10:15:10.316470,-7.229439
2024-05-02 10:15:10.332100,-9.938602
2024-05-02 10:15:10.347720,-12.81047
2024-05-02 10:15:10.363350,-15.93605
2024-05-02 10:15:10.378980,-19.42377
2024-05-02 10:15:10.394600,-23.29443
2024-05-02 10:15:10.410230,-27.3003
2024-05-02 10:15:10.425850,-30.81383
2024-05-02 10:15:10.441480,-32.88724
2024-05-02 10:15:10.457100,-32.5875
2024-05-02 10:15:10.472730,-29.4049
2024-05-02 10:15:10.488360,-23.53371
2024-05-02 10:15:10.503980,-15.88495
2024-05-02 10:15:10.519610,-7.738384
2024-05-02 10:15:10.535230,-0.2873268
2024-05-02 10:15:10.550860,5.757103
2024-05-02 10:15:10.566480,10.24884
2024-05-02 10:15:10.582110,13.47519
2024-05-02 10:15:10.597740,15.78608
2024-05-02 10:15:10.613360,17.3977
2024-05-02 10:15:10.628990,18.31604
2024-05-02 10:15:10.644610,18.46767
2024-05-02 10:15:10.660240,17.90829
2024-05-02 10:15:10.675860,16.90365
2024-05-02 10:15:10.691490,15.91118
2024-05-02 10:15:10.707120,15.38184
2024-05-02 10:15:10.722740,15.56588
2024-05-02 10:15:10.738370,16.35579
2024-05-02 10:15:10.753990,17.36309
2024-05-02 10:15:10.769620,18.06197
2024-05-02 10:15:10.785240,18.02085
2024-05-02 10:15:10.800870,17.05911
2024-05-02 10:15:10.816500,15.29766
2024-05-02 10:15:10.832120,13.05812
2024-05-02 10:15:10.847750,10.71371
2024-05-02 10:15:10.863370,8.505714
2024-05-02 10:15:10.879000,6.483784
2024-05-02 10:15:10.894620,4.555958
2024-05-02 10:15:10.910250,2.553726
2024-05-02 10:15:10.925880,0.3349457
2024-05-02 10:15:10.941500,-2.142826
2024-05-02 10:15:10.957130,-4.887367
2024-05-02 10:15:10.972750,-7.918972
2024-05-02 10:15:10.988380,-11.30965
2024-05-02 10:15:11.004000,-15.10796
2024-05-02 10:15:11.019630,-19.20305
2024-05-02 10:15:11.035260,-23.17018
2024-05-02 10:15:11.050880,-26.25569
2024-05-02 10:15:11.066510,-27.54035
2024-05-02 10:15:11.082130,-26.25441
2024-05-02 10:15:11.097760,-22.1318
2024-05-02 10:15:11.113380,-15.58231
2024-05-02 10:15:11.129010,-7.606846
2024-05-02 10:15:11.144640,0.4999924
2024-05-02 10:15:11.160260,7.591572
2024-05-02 10:15:11.175890,12.97445
2024-05-02 10:15:11.191510,16.4874
2024-05-02 10:15:11.207140,18.37265
2024-05-02 10:15:11.222760,19.02225
2024-05-02 10:15:11.238390,18.77643
2024-05-02 10:15:11.254020,17.84275
2024-05-02 10:15:11.269640,16.37368
2024-05-02 10:15:11.285270,14.55976
2024-05-02 10:15:11.300890,12.68116
2024-05-02 10:15:11.316520,11.07696
2024-05-02 10:15:11.332140,10.02339
2024-05-02 10:15:11.347770,9.633652
2024-05-02 10:15:11.363400,9.773632
2024-05-02 10:15:11.379020,10.10622
2024-05-02 10:15:11.394650,10.20969
2024-05-02 10:15:11.410270,9.738789
2024-05-02 10:15:11.425900,8.553421
2024-05-02 10:15:11.441520,6.756725
2024-05-02 10:15:11.457150,4.593346
2024-05-02 10:15:11.472780,2.341896
2024-05-02 10:15:11.488400,0.1468391
2024-05-02 10:15:11.504030,-2.024021
2024-05-02 10:15:11.519650,-4.306236
2024-05-02 10:15:11.535280,-6.849098
2024-05-02 10:15:11.550900,-9.720139
2024-05-02 10:15:11.566530,-12.88556
2024-05-02 10:15:11.582160,-16.29727
2024-05-02 10:15:11.597780,-19.97171
2024-05-02 10:15:11.613410,-23.95407
2024-05-02 10:15:11.629030,-28.16296
2024-05-02 10:15:11.644660,-32.24751
2024-05-02 10:15:11.660280,-35.51085
2024-05-02 10:15:11.675910,-37.09077
2024-05-02 10:15:11.691540,-36.23925
2024-05-02 10:15:11.707160,-32.67514
2024-05-02 10:15:11.722790,-26.74207
2024-05-02 10:15:11.738410,-19.30611
2024-05-02 10:15:11.754040,-11.42404
2024-05-02 10:15:11.769660,-4.005959
2024-05-02 10:15:11.785290,2.408463
2024-05-02 10:15:11.800920,7.669327
2024-05-02 10:15:11.816540,11.84935
2024-05-02 10:15:11.832170,15.03547
2024-05-02 10:15:11.847790,17.24489
2024-05-02 10:15:11.863420,18.4529
2024-05-02 10:15:11.879040,18.72874
2024-05-02 10:15:11.894670,18.31319
2024-05-02 10:15:11.910300,17.61275
2024-05-02 10:15:11.925920,17.06923
2024-05-02 10:15:11.941550,16.99213
2024-05-02 10:15:11.957170,17.44252
2024-05-02 10:15:11.972800,18.22392
2024-05-02 10:15:11.988420,18.96639
2024-05-02 10:15:12.004050,19.28994
2024-05-02 10:15:12.019680,18.95148
2024-05-02 10:15:12.035300,17.88293
2024-05-02 10:15:12.050930,16.16749
2024-05-02 10:15:12.066550,13.96107
2024-05-02 10:15:12.082180,11.39443
2024-05-02 10:15:12.097800,8.600174
2024-05-02 10:15:12.113430,5.673729
2024-05-02 10:15:12.129060,2.71653
2024-05-02 10:15:12.144680,-0.1724701
2024-05-02 10:15:12.160310,-2.909012
2024-05-02 10:15:12.175930,-5.500481
2024-05-02 10:15:12.191560,-8.030861
2024-05-02 10:15:12.207180,-10.67307
2024-05-02 10:15:12.222810,-13.64934
2024-05-02 10:15:12.238440,-17.17899
2024-05-02 10:15:12.254060,-21.30779
2024-05-02 10:15:12.269690,-25.8
2024-05-02 10:15:12.285310,-30.01388
2024-05-02 10:15:12.300940,-32.98598
2024-05-02 10:15:12.316560,-33.68331
2024-05-02 10:15:12.332190,-31.38019
2024-05-02 10:15:12.347820,-26.00082
2024-05-02 10:15:12.363440,-18.23865
2024-05-02 10:15:12.379070,-9.317932
2024-05-02 10:15:12.394690,-0.5935135
2024-05-02 10:15:12.410320,6.923637
2024-05-02 10:15:12.425950,12.76487
2024-05-02 10:15:12.441570,16.95928
2024-05-02 10:15:12.457200,19.7612
2024-05-02 10:15:12.472820,21.4361
2024-05-02 10:15:12.488450,22.13622
2024-05-02 10:15:12.504070,21.98782
2024-05-02 10:15:12.519700,21.21039
2024-05-02 10:15:12.535330,20.1829
2024-05-02 10:15:12.550950,19.33597
2024-05-02 10:15:12.566580,18.99179
2024-05-02 10:15:12.582200,19.21355
2024-05-02 10:15:12.597830,19.77861
2024-05-02 10:15:12.613450,20.28821
2024-05-02 10:15:12.629080,20.33856
2024-05-02 10:15:12.644710,19.69441
2024-05-02 10:15:12.660330,18.35111
2024-05-02 10:15:12.675960,16.49608
2024-05-02 10:15:12.691580,14.35198
2024-05-02 10:15:12.707210,12.06013
2024-05-02 10:15:12.722830,9.643089
2024-05-02 10:15:12.738460,7.044327
2024-05-02 10:15:12.754090,4.251266
2024-05-02 10:15:12.769710,1.367508
2024-05-02 10:15:12.785340,-1.386765
2024-05-02 10:15:12.800960,-3.766304
2024-05-02 10:15:12.816590,-5.636185
2024-05-02 10:15:12.832210,-7.064995
2024-05-02 10:15:12.847840,-8.356308
2024-05-02 10:15:12.863470,-9.962547
2024-05-02 10:15:12.879090,-12.30318
2024-05-02 10:15:12.894720,-15.58543
2024-05-02 10:15:12.910340,-19.63938
2024-05-02 10:15:12.925970,-23.8805
2024-05-02 10:15:12.941590,-27.40769
2024-05-02 10:15:12.957220,-29.28893
2024-05-02 10:15:12.972850,-28.82133
2024-05-02 10:15:12.988470,-25.83324
2024-05-02 10:15:13.004100,-20.74796
2024-05-02 10:15:13.019720,-14.42343
2024-05-02 10:15:13.035350,-7.842102
2024-05-02 10:15:13.050970,-1.801605
2024-05-02 10:15:13.066600,3.269341
2024-05-02 10:15:13.082230,7.246506
2024-05-02 10:15:13.097850,10.18972
2024-05-02 10:15:13.113480,12.16016
2024-05-02 10:15:13.129100,13.18327
2024-05-02 10:15:13.144730,13.34617
2024-05-02 10:15:13.160350,12.87305
2024-05-02 10:15:13.175980,12.14192
2024-05-02 10:15:13.191610,11.58247
2024-05-02 10:15:13.207230,11.49603
2024-05-02 10:15:13.222860,11.93058
2024-05-02 10:15:13.238480,12.68874
2024-05-02 10:15:13.254110,13.46433
2024-05-02 10:15:13.269730,13.98584
2024-05-02 10:15:13.285360,14.12875
2024-05-02 10:15:13.300990,13.92359
2024-05-02 10:15:13.316610,13.47241
2024-05-02 10:15:13.332240,12.87574
2024-05-02 10:15:13.347860,12.15711
2024-05-02 10:15:13.363490,11.26816
2024-05-02 10:15:13.379110,10.12991
2024-05-02 10:15:13.394740,8.666374
2024-05-02 10:15:13.410370,6.859779
2024-05-02 10:15:13.425990,4.777695
2024-05-02 10:15:13.441620,2.597061
2024-05-02 10:15:13.457240,0.5439758
2024-05-02 10:15:13.472870,-1.178078
2024-05-02 10:15:13.488490,-2.488632
2024-05-02 10:15:13.504120,-3.48941
2024-05-02 10:15:13.519750,-4.453789
2024-05-02 10:15:13.535370,-5.720116
2024-05-02 10:15:13.551000,-7.569672
2024-05-02 10:15:13.566620,-10.07833
2024-05-02 10:15:13.582250,-13.09768
2024-05-02 10:15:13.597870,-16.19157
2024-05-02 10:15:13.613500,-18.75548
2024-05-02 10:15:13.629130,-20.1171
2024-05-02 10:15:13.644750,-19.71587
2024-05-02 10:15:13.660380,-17.26574
2024-05-02 10:15:13.676000,-12.88467
2024-05-02 10:15:13.691630,-7.100441
2024-05-02 10:15:13.707250,-0.7191238
2024-05-02 10:15:13.722880,5.365616
2024-05-02 10:15:13.738510,10.39583
2024-05-02 10:15:13.754130,13.89534
2024-05-02 10:15:13.769760,15.74953
2024-05-02 10:15:13.785380,16.11219
2024-05-02 10:15:13.801010,15.35848
2024-05-02 10:15:13.816630,13.96806
2024-05-02 10:15:13.832260,12.46262
2024-05-02 10:15:13.847890,11.32367
2024-05-02 10:15:13.863510,10.88654
2024-05-02 10:15:13.879140,11.29224
2024-05-02 10:15:13.894760,12.42976
2024-05-02 10:15:13.910390,13.98346
2024-05-02 10:15:13.926010,15.53027
2024-05-02 10:15:13.941640,16.69222
2024-05-02 10:15:13.957270,17.23026
2024-05-02 10:15:13.972890,17.12162
2024-05-02 10:15:13.988520,16.54971
2024-05-02 10:15:14.004140,15.81076
2024-05-02 10:15:14.019770,15.20269
2024-05-02 10:15:14.035390,14.84491
2024-05-02 10:15:14.051020,14.64663
2024-05-02 10:15:14.066650,14.31392
2024-05-02 10:15:14.082270,13.51631
2024-05-02 10:15:14.097900,12.05183
2024-05-02 10:15:14.113520,9.96468
2024-05-02 10:15:14.129150,7.536327
2024-05-02 10:15:14.144770,5.126202
2024-05-02 10:15:14.160400,3.014805
2024-05-02 10:15:14.176030,1.235546
2024-05-02 10:15:14.191650,-0.3858223
2024-05-02 10:15:14.207280,-2.176081
2024-05-02 10:15:14.222900,-4.405109
2024-05-02 10:15:14.238530,-7.159735
2024-05-02 10:15:14.254150,-10.26492
2024-05-02 10:15:14.269780,-13.29967
2024-05-02 10:15:14.285410,-15.71208
2024-05-02 10:15:14.301030,-16.93475
2024-05-02 10:15:14.316660,-16.57716
2024-05-02 10:15:14.332280,-14.4985
2024-05-02 10:15:14.347910,-10.89632
2024-05-02 10:15:14.363530,-6.237209
2024-05-02 10:15:14.379160,-1.200407
2024-05-02 10:15:14.394790,3.546363
2024-05-02 10:15:14.410410,7.439953
2024-05-02 10:15:14.426040,10.13161
2024-05-02 10:15:14.441660,11.51537
2024-05-02 10:15:14.457290,11.67736
2024-05-02 10:15:14.472910,10.83534
2024-05-02 10:15:14.488540,9.262934
2024-05-02 10:15:14.504170,7.289464
2024-05-02 10:15:14.519790,5.276259
2024-05-02 10:15:14.535420,3.601716
2024-05-02 10:15:14.551040,2.619185
2024-05-02 10:15:14.566670,2.51394
2024-05-02 10:15:14.582290,3.254509
2024-05-02 10:15:14.597920,4.51601
2024-05-02 10:15:14.613550,5.786903
2024-05-02 10:15:14.629170,6.54002
2024-05-02 10:15:14.644800,6.406384
2024-05-02 10:15:14.660420,5.295375
2024-05-02 10:15:14.676050,3.40115
2024-05-02 10:15:14.691670,1.077198
2024-05-02 10:15:14.707300,-1.325298
2024-05-02 10:15:14.722930,-3.565706
2024-05-02 10:15:14.738550,-5.553825
2024-05-02 10:15:14.754180,-7.304144
2024-05-02 10:15:14.769800,-8.885199
2024-05-02 10:15:14.785430,-10.37062
2024-05-02 10:15:14.801050,-11.84948
2024-05-02 10:15:14.816680,-13.44658
2024-05-02 10:15:14.832310,-15.2921
2024-05-02 10:15:14.847930,-17.53364
2024-05-02 10:15:14.863560,-20.18747
2024-05-02 10:15:14.879180,-23.10691
2024-05-02 10:15:14.894810,-25.90165
2024-05-02 10:15:14.910430,-27.98242
2024-05-02 10:15:14.926060,-28.72157
2024-05-02 10:15:14.941690,-27.63012
2024-05-02 10:15:14.957310,-24.55701
2024-05-02 10:15:14.972940,-19.76667
2024-05-02 10:15:14.988560,-13.88779
2024-05-02 10:15:15.004190,-7.730228
2024-05-02 10:15:15.019810,-2.063839
2024-05-02 10:15:15.035440,2.533325
2024-05-02 10:15:15.051070,5.790104
2024-05-02 10:15:15.066690,7.682613
2024-05-02 10:15:15.082320,8.370644
2024-05-02 10:15:15.097940,8.071365
2024-05-02 10:15:15.113570,7.035191
2024-05-02 10:15:15.129200,5.566341
2024-05-02 10:15:15.144820,4.014355
2024-05-02 10:15:15.160450,2.732677
2024-05-02 10:15:15.176070,2.031284
2024-05-02 10:15:15.191700,2.052719
2024-05-02 10:15:15.207320,2.71653
2024-05-02 10:15:15.222950,3.744476
2024-05-02 10:15:15.238580,4.757923
2024-05-02 10:15:15.254200,5.406574
2024-05-02 10:15:15.269830,5.484489
2024-05-02 10:15:15.285450,4.959465
2024-05-02 10:15:15.301080,3.929527
2024-05-02 10:15:15.316700,2.540886
2024-05-02 10:15:15.332330,0.9219742
2024-05-02 10:15:15.347960,-0.8519821
2024-05-02 10:15:15.363580,-2.745674
2024-05-02 10:15:15.379210,-4.700706
2024-05-02 10:15:15.394830,-6.636299
2024-05-02 10:15:15.410460,-8.437836
2024-05-02 10:15:15.426080,-10.0568
2024-05-02 10:15:15.441710,-11.53824
2024-05-02 10:15:15.457340,-13.04038
2024-05-02 10:15:15.472960,-14.73193
2024-05-02 10:15:15.488590,-16.6647
2024-05-02 10:15:15.504210,-18.62906
2024-05-02 10:15:15.519840,-20.13419
2024-05-02 10:15:15.535460,-20.57259
2024-05-02 10:15:15.551090,-19.43592
2024-05-02 10:15:15.566720,-16.56709
2024-05-02 10:15:15.582340,-12.25288
2024-05-02 10:15:15.597970,-7.14241
2024-05-02 10:15:15.613590,-2.018761
2024-05-02 10:15:15.629220,2.457703
2024-05-02 10:15:15.644840,5.895172
2024-05-02 10:15:15.660470,8.17128
2024-05-02 10:15:15.676100,9.3535
2024-05-02 10:15:15.691720,9.60807
2024-05-02 10:15:15.707350,9.144165
2024-05-02 10:15:15.722970,8.219116
2024-05-02 10:15:15.738600,7.120781
2024-05-02 10:15:15.754220,6.145912
2024-05-02 10:15:15.769850,5.494583
2024-05-02 10:15:15.785480,5.249123
2024-05-02 10:15:15.801100,5.37159
2024-05-02 10:15:15.816730,5.741516
2024-05-02 10:15:15.832350,6.203094
2024-05-02 10:15:15.847980,6.599586
2024-05-02 10:15:15.863600,6.75795
2024-05-02 10:15:15.879230,6.512726
2024-05-02 10:15:15.894860,5.757843
2024-05-02 10:15:15.910480,4.490646
2024-05-02 10:15:15.926110,2.854347
2024-05-02 10:15:15.941730,1.097198
2024-05-02 10:15:15.957360,-0.5257492
2024-05-02 10:15:15.972980,-1.88092
2024-05-02 10:15:15.988610,-2.997154
2024-05-02 10:15:16.004240,-4.03051
2024-05-02 10:15:16.019860,-5.161667
2024-05-02 10:15:16.035490,-6.499977
2024-05-02 10:15:16.051110,-8.050766
2024-05-02 10:15:16.066740,-9.748161
2024-05-02 10:15:16.082360,-11.49937
2024-05-02 10:15:16.097990,-13.18053
2024-05-02 10:15:16.113620,-14.5995
2024-05-02 10:15:16.129240,-15.42001
2024-05-02 10:15:16.144870,-15.20704
2024-05-02 10:15:16.160490,-13.56927
2024-05-02 10:15:16.176120,-10.35728
2024-05-02 10:15:16.191740,-5.80838
2024-05-02 10:15:16.207370,-0.5050659
2024-05-02 10:15:16.223000,4.779396
2024-05-02 10:15:16.238620,9.372238
2024-05-02 10:15:16.254250,12.87573
2024-05-02 10:15:16.269870,15.20448
2024-05-02 10:15:16.285500,16.48849
2024-05-02 10:15:16.301120,16.92439
2024-05-02 10:15:16.316750,16.69181
2024-05-02 10:15:16.332380,15.95085
2024-05-02 10:15:16.348000,14.88962
2024-05-02 10:15:16.363630,13.77081
2024-05-02 10:15:16.379250,12.87231
2024-05-02 10:15:16.394880,12.40566
2024-05-02 10:15:16.410500,12.46633
2024-05-02 10:15:16.426130,12.95728
2024-05-02 10:15:16.441760,13.65095
2024-05-02 10:15:16.457380,14.2394
2024-05-02 10:15:16.473010,14.43936
2024-05-02 10:15:16.488630,14.05769
2024-05-02 10:15:16.504260,13.04607
2024-05-02 10:15:16.519880,11.48473
2024-05-02 10:15:16.535510,9.547249
2024-05-02 10:15:16.551140,7.427742
2024-05-02 10:15:16.566760,5.288986
2024-05-02 10:15:16.582390,3.21817
2024-05-02 10:15:16.598010,1.268669
2024-05-02 10:15:16.613640,-0.5375519
2024-05-02 10:15:16.629260,-2.208733
2024-05-02 10:15:16.644890,-3.800308
2024-05-02 10:15:16.660520,-5.453392
2024-05-02 10:15:16.676140,-7.354675
2024-05-02 10:15:16.691770,-9.636024
2024-05-02 10:15:16.707390,-12.21106
2024-05-02 10:15:16.723020,-14.70927
2024-05-02 10:15:16.738640,-16.54534
2024-05-02 10:15:16.754270,-17.09718
2024-05-02 10:15:16.769900,-15.982
2024-05-02 10:15:16.785520,-13.20969
2024-05-02 10:15:16.801150,-9.183861
2024-05-02 10:15:16.816770,-4.519669
2024-05-02 10:15:16.832400,0.1373138
2024-05-02 10:15:16.848020,4.258804
2024-05-02 10:15:16.863650,7.523224
2024-05-02 10:15:16.879280,9.782288
2024-05-02 10:15:16.894900,10.99985
2024-05-02 10:15:16.910530,11.24529
2024-05-02 10:15:16.926150,10.6582
2024-05-02 10:15:16.941780,9.466949
2024-05-02 10:15:16.957400,7.95752
2024-05-02 10:15:16.973030,6.447708
2024-05-02 10:15:16.988660,5.193497
2024-05-02 10:15:17.004280,4.342453
2024-05-02 10:15:17.019910,3.870712
2024-05-02 10:15:17.035530,3.617874
2024-05-02 10:15:17.051160,3.340042
2024-05-02 10:15:17.066780,2.806458
2024-05-02 10:15:17.082410,1.824814
2024-05-02 10:15:17.098040,0.336319
2024-05-02 10:15:17.113660,-1.608292
2024-05-02 10:15:17.129290,-3.85289
2024-05-02 10:15:17.144910,-6.19577
2024-05-02 10:15:17.160540,-8.427979
2024-05-02 10:15:17.176160,-10.4136
2024-05-02 10:15:17.191790,-12.10886
2024-05-02 10:15:17.207420,-13.62886
2024-05-02 10:15:17.223040,-15.21793
2024-05-02 10:15:17.238670,-17.18958
2024-05-02 10:15:17.254290,-19.78421
2024-05-02 10:15:17.269920,-23.01715
2024-05-02 10:15:17.285540,-26.60439
2024-05-02 10:15:17.301170,-29.98201
2024-05-02 10:15:17.316800,-32.45026
2024-05-02 10:15:17.332420,-33.37436
2024-05-02 10:15:17.348050,-32.38429
2024-05-02 10:15:17.363670,-29.48831
2024-05-02 10:15:17.379300,-25.03584
2024-05-02 10:15:17.394930,-19.64757
2024-05-02 10:15:17.410550,-14.03415
2024-05-02 10:15:17.426180,-8.844345
2024-05-02 10:15:17.441800,-4.534729
2024-05-02 10:15:17.457430,-1.354401
2024-05-02 10:15:17.473050,0.6547394
2024-05-02 10:15:17.488680,1.586975
2024-05-02 10:15:17.504310,1.67012
2024-05-02 10:15:17.519930,1.224075
2024-05-02 10:15:17.535560,0.6520233
2024-05-02 10:15:17.551180,0.3318634
2024-05-02 10:15:17.566810,0.5654907
2024-05-02 10:15:17.582430,1.438751
2024-05-02 10:15:17.598060,2.813507
2024-05-02 10:15:17.613690,4.353683
2024-05-02 10:15:17.629310,5.650238
2024-05-02 10:15:17.644940,6.357605
2024-05-02 10:15:17.660560,6.280167
2024-05-02 10:15:17.676190,5.400421
2024-05-02 10:15:17.691810,3.857162
2024-05-02 10:15:17.707440,1.852722
2024-05-02 10:15:17.723070,-0.3762512
2024-05-02 10:15:17.738690,-2.622299
2024-05-02 10:15:17.754320,-4.756546
2024-05-02 10:15:17.769940,-6.714371
2024-05-02 10:15:17.785570,-8.543396
2024-05-02 10:15:17.801190,-10.33025
2024-05-02 10:15:17.816820,-12.21463
2024-05-02 10:15:17.832450,-14.32657
2024-05-02 10:15:17.848070,-16.73018
2024-05-02 10:15:17.863700,-19.39392
2024-05-02 10:15:17.879320,-22.10832
2024-05-02 10:15:17.894950,-24.47414
2024-05-02 10:15:17.910570,-25.9669
2024-05-02 10:15:17.926200,-26.08244
2024-05-02 10:15:17.941830,-24.52649
2024-05-02 10:15:17.957450,-21.34375
2024-05-02 10:15:17.973080,-16.93172
2024-05-02 10:15:17.988700,-11.90488
2024-05-02 10:15:18.004330,-6.890503
2024-05-02 10:15:18.019950,-2.378632
2024-05-02 10:15:18.035580,1.343811
2024-05-02 10:15:18.051210,4.162384
2024-05-02 10:15:18.066830,6.065842
2024-05-02 10:15:18.082460,7.110657
2024-05-02 10:15:18.098080,7.443985
2024-05-02 10:15:18.113710,7.337143
2024-05-02 10:15:18.129330,7.14592
2024-05-02 10:15:18.144960,7.240967
2024-05-02 10:15:18.160590,7.876282
2024-05-02 10:15:18.176210,9.082809
2024-05-02 10:15:18.191840,10.7215
2024-05-02 10:15:18.207460,12.51044
2024-05-02 10:15:18.223090,14.15288
2024-05-02 10:15:18.238710,15.40257
2024-05-02 10:15:18.254340,16.09373
2024-05-02 10:15:18.269970,16.16043
2024-05-02 10:15:18.285590,15.64582
2024-05-02 10:15:18.301220,14.73075
2024-05-02 10:15:18.316840,13.64365
2024-05-02 10:15:18.332470,12.61367
2024-05-02 10:15:18.348090,11.76493
2024-05-02 10:15:18.363720,11.07545
2024-05-02 10:15:18.379350,10.38858
2024-05-02 10:15:18.394970,9.517448
2024-05-02 10:15:18.410600,8.295311
2024-05-02 10:15:18.426220,6.621307
2024-05-02 10:15:18.441850,4.462006
2024-05-02 10:15:18.457470,1.838051
2024-05-02 10:15:18.473100,-1.109772
2024-05-02 10:15:18.488730,-4.089958
2024-05-02 10:15:18.504350,-6.621178
2024-05-02 10:15:18.519980,-8.126427
2024-05-02 10:15:18.535600,-8.135689
2024-05-02 10:15:18.551230,-6.490227
2024-05-02 10:15:18.566850,-3.449959
2024-05-02 10:15:18.582480,0.3922882
2024-05-02 10:15:18.598110,4.305862
2024-05-02 10:15:18.613730,7.667175
2024-05-02 10:15:18.629360,10.0647
2024-05-02 10:15:18.644980,11.31328
2024-05-02 10:15:18.660610,11.38691
2024-05-02 10:15:18.676230,10.3797
2024-05-02 10:15:18.691860,8.522652
2024-05-02 10:15:18.707490,6.184464
2024-05-02 10:15:18.723110,3.834793
2024-05-02 10:15:18.738740,1.931488
2024-05-02 10:15:18.754360,0.7822952
2024-05-02 10:15:18.769990,0.4005127
2024-05-02 10:15:18.785610,0.5448532
2024-05-02 10:15:18.801240,0.7992783
2024-05-02 10:15:18.816870,0.7224731
2024-05-02 10:15:18.832490,0.003234863
2024-05-02 10:15:18.848120,-1.458153
2024-05-02 10:15:18.863740,-3.530289
2024-05-02 10:15:18.879370,-5.932686
2024-05-02 10:15:18.894990,-8.331299
2024-05-02 10:15:18.910620,-10.48212
2024-05-02 10:15:18.926250,-12.2785
2024-05-02 10:15:18.941870,-13.80167
2024-05-02 10:15:18.957500,-15.26686
2024-05-02 10:15:18.973120,-16.92886
2024-05-02 10:15:18.988750,-19.01923
2024-05-02 10:15:19.004370,-21.61606
2024-05-02 10:15:19.020000,-24.6167
2024-05-02 10:15:19.035630,-27.64834
2024-05-02 10:15:19.051250,-30.12113
2024-05-02 10:15:19.066880,-31.32972
2024-05-02 10:15:19.082500,-30.65407
2024-05-02 10:15:19.098130,-27.79492
2024-05-02 10:15:19.113750,-22.92156
2024-05-02 10:15:19.129380,-16.65134
2024-05-02 10:15:19.145010,-9.855804
2024-05-02 10:15:19.160630,-3.394653
2024-05-02 10:15:19.176260,2.135223
2024-05-02 10:15:19.191880,6.467651
2024-05-02 10:15:19.207510,9.613167
2024-05-02 10:15:19.223130,11.69429
2024-05-02 10:15:19.238760,12.82561
2024-05-02 10:15:19.254390,13.12974
2024-05-02 10:15:19.270010,12.7742
2024-05-02 10:15:19.285640,12.0415
2024-05-02 10:15:19.301260,11.29897
2024-05-02 10:15:19.316890,10.91924
2024-05-02 10:15:19.332510,11.12483
2024-05-02 10:15:19.348140,11.89832
2024-05-02 10:15:19.363770,13.0066
2024-05-02 10:15:19.379390,14.08506
2024-05-02 10:15:19.395020,14.7711
2024-05-02 10:15:19.410640,14.7943
2024-05-02 10:15:19.426270,14.05502
2024-05-02 10:15:19.441890,12.59081
2024-05-02 10:15:19.457520,10.57218
2024-05-02 10:15:19.473150,8.243229
2024-05-02 10:15:19.488770,5.830818
2024-05-02 10:15:19.504400,3.506779
2024-05-02 10:15:19.520020,1.334381
2024-05-02 10:15:19.535650,-0.7780533
2024-05-02 10:15:19.551280,-3.023407
2024-05-02 10:15:19.566900,-5.63372
2024-05-02 10:15:19.582530,-8.805912
2024-05-02 10:15:19.598150,-12.60511
2024-05-02 10:15:19.613780,-16.87786
2024-05-02 10:15:19.629400,-21.22301
2024-05-02 10:15:19.645030,-24.98287
2024-05-02 10:15:19.660660,-27.39462
2024-05-02 10:15:19.676280,-27.7952
2024-05-02 10:15:19.691910,-25.87807
2024-05-02 10:15:19.707530,-21.78803
2024-05-02 10:15:19.723160,-16.13244
2024-05-02 10:15:19.738780,-9.765505
2024-05-02 10:15:19.754410,-3.543549
2024-05-02 10:15:19.770040,1.869202
2024-05-02 10:15:19.785660,6.069036
2024-05-02 10:15:19.801290,8.883333
2024-05-02 10:15:19.816910,10.31762
2024-05-02 10:15:19.832540,10.53717
2024-05-02 10:15:19.848160,9.865751
2024-05-02 10:15:19.863790,8.761734
2024-05-02 10:15:19.879420,7.739284
2024-05-02 10:15:19.895040,7.23966
2024-05-02 10:15:19.910670,7.453296
2024-05-02 10:15:19.926290,8.318521
2024-05-02 10:15:19.941920,9.56051
2024-05-02 10:15:19.957540,10.84364
2024-05-02 10:15:19.973170,11.8723
2024-05-02 10:15:19.988800,12.49482
2024-05-02 10:15:20.004420,12.64754
2024-05-02 10:15:20.020050,12.33341
2024-05-02 10:15:20.035670,11.57069
2024-05-02 10:15:20.051300,10.38737
2024-05-02 10:15:20.066920,8.85283
2024-05-02 10:15:20.082550,7.062568
2024-05-02 10:15:20.098180,5.133589
2024-05-02 10:15:20.113800,3.174437
2024-05-02 10:15:20.129430,1.233739
2024-05-02 10:15:20.145050,-0.6594076
2024-05-02 10:15:20.160680,-2.510814
2024-05-02 10:15:20.176300,-4.343455
2024-05-02 10:15:20.191930,-6.213433
2024-05-02 10:15:20.207560,-8.241669
2024-05-02 10:15:20.223180,-10.57406
2024-05-02 10:15:20.238810,-13.27524
2024-05-02 10:15:20.254430,-16.20412
2024-05-02 10:15:20.270060,-18.89944
2024-05-02 10:15:20.285680,-20.66706
2024-05-02 10:15:20.301310,-20.81449
2024-05-02 10:15:20.316940,-18.95585
2024-05-02 10:15:20.332560,-15.21677
2024-05-02 10:15:20.348190,-10.22009
2024-05-02 10:15:20.363810,-4.827208
2024-05-02 10:15:20.379440,0.2131462
2024-05-02 10:15:20.395060,4.525707
2024-05-02 10:15:20.410690,8.079113
2024-05-02 10:15:20.426320,11.03477
2024-05-02 10:15:20.441940,13.5004
2024-05-02 10:15:20.457570,15.4333
2024-05-02 10:15:20.473190,16.67099
2024-05-02 10:15:20.488820,17.12823
2024-05-02 10:15:20.504440,16.92978
2024-05-02 10:15:20.520070,16.42627
2024-05-02 10:15:20.535700,16.03306
2024-05-02 10:15:20.551320,16.0574
2024-05-02 10:15:20.566950,16.52467
2024-05-02 10:15:20.582570,17.20819
2024-05-02 10:15:20.598200,17.74927
2024-05-02 10:15:20.613820,17.86644
2024-05-02 10:15:20.629450,17.44394
2024-05-02 10:15:20.645080,16.5814
2024-05-02 10:15:20.660700,15.47793
2024-05-02 10:15:20.676330,14.31577
2024-05-02 10:15:20.691950,13.15301
2024-05-02 10:15:20.707580,11.92949
2024-05-02 10:15:20.723200,10.5265
2024-05-02 10:15:20.738830,8.887714
2024-05-02 10:15:20.754460,7.081959
2024-05-02 10:15:20.770080,5.278461
2024-05-02 10:15:20.785710,3.656029
2024-05-02 10:15:20.801330,2.280979
2024-05-02 10:15:20.816960,1.034641
2024-05-02 10:15:20.832580,-0.3702583
2024-05-02 10:15:20.848210,-2.27729
2024-05-02 10:15:20.863840,-4.947205
2024-05-02 10:15:20.879460,-8.400711
2024-05-02 10:15:20.895090,-12.31444
2024-05-02 10:15:20.910710,-16.07188
2024-05-02 10:15:20.926340,-18.86166
2024-05-02 10:15:20.941960,-19.90828
2024-05-02 10:15:20.957590,-18.69249
2024-05-02 10:15:20.973220,-15.16571
2024-05-02 10:15:20.988840,-9.773308
2024-05-02 10:15:21.004470,-3.348862
2024-05-02 10:15:21.020090,3.157883
2024-05-02 10:15:21.035720,8.917023
2024-05-02 10:15:21.051340,13.44067
2024-05-02 10:15:21.066970,16.58513
2024-05-02 10:15:21.082600,18.45647
2024-05-02 10:15:21.098220,19.28716
2024-05-02 10:15:21.113850,19.34513
2024-05-02 10:15:21.129470,18.92146
2024-05-02 10:15:21.145100,18.33508
2024-05-02 10:15:21.160720,17.91794
2024-05-02 10:15:21.176350,17.93493
2024-05-02 10:15:21.191980,18.43944
2024-05-02 10:15:21.207600,19.26385
2024-05-02 10:15:21.223230,20.006
2024-05-02 10:15:21.238850,20.20657
2024-05-02 10:15:21.254480,19.54677
2024-05-02 10:15:21.270100,17.96899
2024-05-02 10:15:21.285730,15.70913
2024-05-02 10:15:21.301360,13.16602
2024-05-02 10:15:21.316980,10.72996
2024-05-02 10:15:21.332610,8.636909
2024-05-02 10:15:21.348230,6.91954
2024-05-02 10:15:21.363860,5.441666
2024-05-02 10:15:21.379480,4.046745
2024-05-02 10:15:21.395110,2.6436
2024-05-02 10:15:21.410740,1.245781
2024-05-02 10:15:21.426360,-0.08665466
2024-05-02 10:15:21.441990,-1.312874
2024-05-02 10:15:21.457610,-2.488838
2024-05-02 10:15:21.473240,-3.758095
2024-05-02 10:15:21.488860,-5.288185
2024-05-02 10:15:21.504490,-7.241661
2024-05-02 10:15:21.520120,-9.70816
2024-05-02 10:15:21.535740,-12.70007
2024-05-02 10:15:21.551370,-16.10963
2024-05-02 10:15:21.566990,-19.6524
2024-05-02 10:15:21.582620,-22.83482
2024-05-02 10:15:21.598240,-25.01366
2024-05-02 10:15:21.613870,-25.52698
2024-05-02 10:15:21.629500,-23.95737
2024-05-02 10:15:21.645120,-20.3015
2024-05-02 10:15:21.660750,-15.0239
2024-05-02 10:15:21.676370,-8.892288
2024-05-02 10:15:21.692000,-2.722427
2024-05-02 10:15:21.707620,2.875824
2024-05-02 10:15:21.723250,7.600235
2024-05-02 10:15:21.738880,11.40342
2024-05-02 10:15:21.754500,14.35912
2024-05-02 10:15:21.770130,16.53801
2024-05-02 10:15:21.785750,17.98331
2024-05-02 10:15:21.801380,18.76831
2024-05-02 10:15:21.817000,19.0717
2024-05-02 10:15:21.832630,19.19826
2024-05-02 10:15:21.848260,19.46391
2024-05-02 10:15:21.863880,20.0502
2024-05-02 10:15:21.879510,20.92314
2024-05-02 10:15:21.895130,21.81006
2024-05-02 10:15:21.910760,22.35673
2024-05-02 10:15:21.926380,22.26892
2024-05-02 10:15:21.942010,21.50307
2024-05-02 10:15:21.957640,20.2127
2024-05-02 10:15:21.973260,18.67638
2024-05-02 10:15:21.988890,17.11354
2024-05-02 10:15:22.004510,15.54984
2024-05-02 10:15:22.020140,13.83057
2024-05-02 10:15:22.035760,11.73351
2024-05-02 10:15:22.051390,9.156525
2024-05-02 10:15:22.067020,6.225685
2024-05-02 10:15:22.082640,3.271183
2024-05-02 10:15:22.098270,0.6532135
2024-05-02 10:15:22.113890,-1.378868
2024-05-02 10:15:22.129520,-2.82962
2024-05-02 10:15:22.145140,-3.933998
2024-05-02 10:15:22.160770,-5.034504
2024-05-02 10:15:22.176400,-6.429447
2024-05-02 10:15:22.192020,-8.289261
2024-05-02 10:15:22.207650,-10.66813
2024-05-02 10:15:22.223270,-13.51505
2024-05-02 10:15:22.238900,-16.70964
2024-05-02 10:15:22.254530,-20.02158
2024-05-02 10:15:22.270150,-23.05133
2024-05-02 10:15:22.285780,-25.19031
2024-05-02 10:15:22.301400,-25.80467
2024-05-02 10:15:22.317030,-24.4206
2024-05-02 10:15:22.332650,-20.95315
2024-05-02 10:15:22.348280,-15.80061
2024-05-02 10:15:22.363910,-9.742289
2024-05-02 10:15:22.379530,-3.66769
2024-05-02 10:15:22.395160,1.712881
2024-05-02 10:15:22.410780,6.011259
2024-05-02 10:15:22.426410,9.155119
2024-05-02 10:15:22.442030,11.2565
2024-05-02 10:15:22.457660,12.43572
2024-05-02 10:15:22.473290,12.76002
2024-05-02 10:15:22.488910,12.29791
2024-05-02 10:15:22.504540,11.23509
2024-05-02 10:15:22.520160,9.921749
2024-05-02 10:15:22.535790,8.828493
2024-05-02 10:15:22.551410,8.347355
2024-05-02 10:15:22.567040,8.626237
2024-05-02 10:15:22.582670,9.448949
2024-05-02 10:15:22.598290,10.34587
2024-05-02 10:15:22.613920,10.81752
2024-05-02 10:15:22.629540,10.58134
2024-05-02 10:15:22.645170,9.694817
2024-05-02 10:15:22.660790,8.470298
2024-05-02 10:15:22.676420,7.276339
2024-05-02 10:15:22.692050,6.31527
2024-05-02 10:15:22.707670,5.536085
2024-05-02 10:15:22.723300,4.713597
2024-05-02 10:15:22.738920,3.620183
2024-05-02 10:15:22.754550,2.19881
2024-05-02 10:15:22.770170,0.5795023
2024-05-02 10:15:22.785800,-0.9832475
2024-05-02 10:15:22.801430,-2.278562
2024-05-02 10:15:22.817050,-3.231058
2024-05-02 10:15:22.832680,-3.946205
2024-05-02 10:15:22.848300,-4.634079
2024-05-02 10:15:22.863930,-5.533779
2024-05-02 10:15:22.879550,-6.849478
2024-05-02 10:15:22.895180,-8.713818
2024-05-02 10:15:22.910810,-11.18918
2024-05-02 10:15:22.926430,-14.1975
2024-05-02 10:15:22.942060,-17.50148
2024-05-02 10:15:22.957680,-20.65048
2024-05-02 10:15:22.973310,-23.03109
2024-05-02 10:15:22.988930,-23.99977
2024-05-02 10:15:23.004560,-23.07954
2024-05-02 10:15:23.020190,-20.18289
2024-05-02 10:15:23.035810,-15.64138
2024-05-02 10:15:23.051440,-10.20389
2024-05-02 10:15:23.067060,-4.772032
2024-05-02 10:15:23.082690,-0.1514778
2024-05-02 10:15:23.098310,3.15608
2024-05-02 10:15:23.113940,5.014009
2024-05-02 10:15:23.129570,5.591206
2024-05-02 10:15:23.145190,5.188988
2024-05-02 10:15:23.160820,4.143236
2024-05-02 10:15:23.176440,2.760523
2024-05-02 10:15:23.192070,1.334515
2024-05-02 10:15:23.207690,0.1697559
2024-05-02 10:15:23.223320,-0.4801216
2024-05-02 10:15:23.238950,-0.510437
2024-05-02 10:15:23.254570,-0.004135132
2024-05-02 10:15:23.270200,0.7400017
2024-05-02 10:15:23.285820,1.329472
2024-05-02 10:15:23.301450,1.439331
2024-05-02 10:15:23.317070,0.94767
2024-05-02 10:15:23.332700,-0.0388031
2024-05-02 10:15:23.348330,-1.277615
2024-05-02 10:15:23.363950,-2.552757
2024-05-02 10:15:23.379580,-3.776287
2024-05-02 10:15:23.395200,-5.029041
2024-05-02 10:15:23.410830,-6.449631
2024-05-02 10:15:23.426450,-8.089489
2024-05-02 10:15:23.442080,-9.828159
2024-05-02 10:15:23.457710,-11.39691
2024-05-02 10:15:23.473330,-12.49639
2024-05-02 10:15:23.488960,-12.95551
2024-05-02 10:15:23.504580,-12.81078
2024-05-02 10:15:23.520210,-12.32598
2024-05-02 10:15:23.535830,-11.86398
2024-05-02 10:15:23.551460,-11.77528
2024-05-02 10:15:23.567090,-12.29555
2024-05-02 10:15:23.582710,-13.47324
2024-05-02 10:15:23.598340,-15.13268
2024-05-02 10:15:23.613960,-16.88292
2024-05-02 10:15:23.629590,-18.14576
2024-05-02 10:15:23.645210,-18.27701
2024-05-02 10:15:23.660840,-16.74768
2024-05-02 10:15:23.676470,-13.35741
2024-05-02 10:15:23.692090,-8.334839
2024-05-02 10:15:23.707720,-2.282497
2024-05-02 10:15:23.723340,4.021976
2024-05-02 10:15:23.738970,9.868668
2024-05-02 10:15:23.754590,14.79308
2024-05-02 10:15:23.770220,18.58723
2024-05-02 10:15:23.785850,21.22219
2024-05-02 10:15:23.801470,22.7514
2024-05-02 10:15:23.817100,23.2569
2024-05-02 10:15:23.832720,22.88663
2024-05-02 10:15:23.848350,21.90656
2024-05-02 10:15:23.863970,20.66359
2024-05-02 10:15:23.879600,19.54599
2024-05-02 10:15:23.895230,18.83315
2024-05-02 10:15:23.910850,18.57691
2024-05-02 10:15:23.926480,18.60685
2024-05-02 10:15:23.942100,18.61383
2024-05-02 10:15:23.957730,18.29157
2024-05-02 10:15:23.973350,17.47628
2024-05-02 10:15:23.988980,16.21378
2024-05-02 10:15:24.004610,14.69611
2024-05-02 10:15:24.020230,13.14908
2024-05-02 10:15:24.035860,11.67437
2024-05-02 10:15:24.051480,10.20014
2024-05-02 10:15:24.067110,8.525372
2024-05-02 10:15:24.082730,6.46143
2024-05-02 10:15:24.098360,3.975456
2024-05-02 10:15:24.113990,1.268673
2024-05-02 10:15:24.129610,-1.285217
2024-05-02 10:15:24.145240,-3.336193
2024-05-02 10:15:24.160860,-4.742912
2024-05-02 10:15:24.176490,-5.649994
2024-05-02 10:15:24.192110,-6.417137
2024-05-02 10:15:24.207740,-7.44355
2024-05-02 10:15:24.223370,-8.99012
2024-05-02 10:15:24.238990,-11.10327
2024-05-02 10:15:24.254620,-13.597
2024-05-02 10:15:24.270240,-16.12401
2024-05-02 10:15:24.285870,-18.22932
2024-05-02 10:15:24.301490,-19.36903
2024-05-02 10:15:24.317120,-19.02757
2024-05-02 10:15:24.332750,-16.84453
2024-05-02 10:15:24.348370,-12.77752
2024-05-02 10:15:24.364000,-7.231049
2024-05-02 10:15:24.379620,-0.9845352
2024-05-02 10:15:24.395250,5.004417
2024-05-02 10:15:24.410880,9.922867
2024-05-02 10:15:24.426500,13.33076
2024-05-02 10:15:24.442130,15.18816
2024-05-02 10:15:24.457750,15.7491
2024-05-02 10:15:24.473380,15.32748
2024-05-02 10:15:24.489000,14.19301
2024-05-02 10:15:24.504630,12.5649
2024-05-02 10:15:24.520260,10.68672
2024-05-02 10:15:24.535880,8.879417
2024-05-02 10:15:24.551510,7.512886
2024-05-02 10:15:24.567130,6.875237
2024-05-02 10:15:24.582760,7.030472
2024-05-02 10:15:24.598380,7.76786
2024-05-02 10:15:24.614010,8.682274
2024-05-02 10:15:24.629640,9.325638
2024-05-02 10:15:24.645260,9.373878
2024-05-02 10:15:24.660890,8.716827
2024-05-02 10:15:24.676510,7.459419
2024-05-02 10:15:24.692140,5.826584
2024-05-02 10:15:24.707760,4.052856
2024-05-02 10:15:24.723390,2.310883
2024-05-02 10:15:24.739020,0.6561432
2024-05-02 10:15:24.754640,-0.9624863
2024-05-02 10:15:24.770270,-2.657326
2024-05-02 10:15:24.785890,-4.523331
2024-05-02 10:15:24.801520,-6.579597
2024-05-02 10:15:24.817140,-8.757088
2024-05-02 10:15:24.832770,-10.90152
2024-05-02 10:15:24.848400,-12.87017
2024-05-02 10:15:24.864020,-14.57793
2024-05-02 10:15:24.879650,-16.10939
2024-05-02 10:15:24.895270,-17.69176
2024-05-02 10:15:24.910900,-19.62037
2024-05-02 10:15:24.926520,-22.05111
2024-05-02 10:15:24.942150,-24.84275
2024-05-02 10:15:24.957780,-27.47147
2024-05-02 10:15:24.973400,-29.16575
2024-05-02 10:15:24.989030,-29.18913
2024-05-02 10:15:25.004650,-27.14798
2024-05-02 10:15:25.020280,-23.19169
2024-05-02 10:15:25.035900,-17.97836
2024-05-02 10:15:25.051530,-12.4146
2024-05-02 10:15:25.067160,-7.346146
2024-05-02 10:15:25.082780,-3.303268
2024-05-02 10:15:25.098410,-0.4728775
2024-05-02 10:15:25.114030,1.214424
2024-05-02 10:15:25.129660,1.931702
2024-05-02 10:15:25.145280,1.879684
2024-05-02 10:15:25.160910,1.273941
2024-05-02 10:15:25.176540,0.4139557
2024-05-02 10:15:25.192160,-0.3469315
2024-05-02 10:15:25.207790,-0.6695938
2024-05-02 10:15:25.223410,-0.3528748
2024-05-02 10:15:25.239040,0.5825882
2024-05-02 10:15:25.254660,1.920174
2024-05-02 10:15:25.270290,3.306778
2024-05-02 10:15:25.285920,4.407631
2024-05-02 10:15:25.301540,5.027382
2024-05-02 10:15:25.317170,5.12178
2024-05-02 10:15:25.332790,4.774933
2024-05-02 10:15:25.348420,4.100685
2024-05-02 10:15:25.364040,3.201683
2024-05-02 10:15:25.379670,2.105431
2024-05-02 10:15:25.395300,0.8005524
2024-05-02 10:15:25.410920,-0.7119598
2024-05-02 10:15:25.426550,-2.340584
2024-05-02 10:15:25.442170,-3.930595
2024-05-02 10:15:25.457800,-5.256927
2024-05-02 10:15:25.473420,-6.146744
2024-05-02 10:15:25.489050,-6.54866
2024-05-02 10:15:25.504680,-6.588867
2024-05-02 10:15:25.520300,-6.562637
2024-05-02 10:15:25.535930,-6.850311
2024-05-02 10:15:25.551550,-7.817154
2024-05-02 10:15:25.567180,-9.687454
2024-05-02 10:15:25.582800,-12.4259
2024-05-02 10:15:25.598430,-15.67383
2024-05-02 10:15:25.614060,-18.76642
2024-05-02 10:15:25.629680,-20.87527
2024-05-02 10:15:25.645310,-21.22954
2024-05-02 10:15:25.660930,-19.41201
2024-05-02 10:15:25.676560,-15.51169
2024-05-02 10:15:25.692180,-10.14143
2024-05-02 10:15:25.707810,-4.211327
2024-05-02 10:15:25.723440,1.334763
2024-05-02 10:15:25.739060,5.818954
2024-05-02 10:15:25.754690,8.923386
2024-05-02 10:15:25.770310,10.66602
2024-05-02 10:15:25.785940,11.23739
2024-05-02 10:15:25.801560,10.89227
2024-05-02 10:15:25.817190,9.899765
2024-05-02 10:15:25.832820,8.56353
2024-05-02 10:15:25.848440,7.221016
2024-05-02 10:15:25.864070,6.222626
2024-05-02 10:15:25.879690,5.804695
2024-05-02 10:15:25.895320,6.016457
2024-05-02 10:15:25.910940,6.66259
2024-05-02 10:15:25.926570,7.401497
2024-05-02 10:15:25.942200,7.838913
2024-05-02 10:15:25.957820,7.705734
2024-05-02 10:15:25.973450,6.919861
2024-05-02 10:15:25.989070,5.579437
2024-05-02 10:15:26.004700,3.890625
2024-05-02 10:15:26.020320,2.087143
2024-05-02 10:15:26.035950,0.3371124
2024-05-02 10:15:26.051580,-1.299149
2024-05-02 10:15:26.067200,-2.864983
2024-05-02 10:15:26.082830,-4.465141
2024-05-02 10:15:26.098450,-6.245094
2024-05-02 10:15:26.114080,-8.34523
2024-05-02 10:15:26.129700,-10.85751
2024-05-02 10:15:26.145330,-13.8323
2024-05-02 10:15:26.160960,-17.20367
2024-05-02 10:15:26.176580,-20.74479
2024-05-02 10:15:26.192210,-24.03931
2024-05-02 10:15:26.207830,-26.49228
2024-05-02 10:15:26.223460,-27.47438
2024-05-02 10:15:26.239080,-26.5156
2024-05-02 10:15:26.254710,-23.54654
2024-05-02 10:15:26.270340,-18.96231
2024-05-02 10:15:26.285960,-13.54633
2024-05-02 10:15:26.301590,-8.203476
2024-05-02 10:15:26.317210,-3.683449
2024-05-02 10:15:26.332840,-0.3664398
2024-05-02 10:15:26.348460,1.70649
2024-05-02 10:15:26.364090,2.731888
2024-05-02 10:15:26.379720,2.94873
2024-05-02 10:15:26.395340,2.540886
2024-05-02 10:15:26.410970,1.639526
2024-05-02 10:15:26.426590,0.3969498
2024-05-02 10:15:26.442220,-0.9435043
2024-05-02 10:15:26.457840,-2.06871
2024-05-02 10:15:26.473470,-2.713058
2024-05-02 10:15:26.489100,-2.778214
2024-05-02 10:15:26.504720,-2.430443
2024-05-02 10:15:26.520350,-2.025711
2024-05-02 10:15:26.535970,-1.975456
2024-05-02 10:15:26.551600,-2.562073
2024-05-02 10:15:26.567220,-3.848824
2024-05-02 10:15:26.582850,-5.636124
2024-05-02 10:15:26.598480,-7.613319
2024-05-02 10:15:26.614100,-9.498039
2024-05-02 10:15:26.629730,-11.14462
2024-05-02 10:15:26.645350,-12.60683
2024-05-02 10:15:26.660980,-14.07105
2024-05-02 10:15:26.676600,-15.77772
2024-05-02 10:15:26.692230,-17.93198
2024-05-02 10:15:26.707860,-20.68596
2024-05-02 10:15:26.723480,-24.02538
2024-05-02 10:15:26.739110,-27.72173
2024-05-02 10:15:26.754730,-31.27555
2024-05-02 10:15:26.770360,-33.94538
2024-05-02 10:15:26.785980,-34.94832
2024-05-02 10:15:26.801610,-33.71778
2024-05-02 10:15:26.817240,-30.16602
2024-05-02 10:15:26.832860,-24.74809
2024-05-02 10:15:26.848490,-18.32817
2024-05-02 10:15:26.864110,-11.82238
2024-05-02 10:15:26.879740,-5.89043
2024-05-02 10:15:26.895370,-0.7911892
2024-05-02 10:15:26.910990,3.570534
2024-05-02 10:15:26.926620,7.369566
2024-05-02 10:15:26.942240,10.67266
2024-05-02 10:15:26.957870,13.33433
2024-05-02 10:15:26.973490,15.13363
2024-05-02 10:15:26.989120,15.93813
2024-05-02 10:15:27.004750,15.87821
2024-05-02 10:15:27.020370,15.31891
2024-05-02 10:15:27.036000,14.73125
2024-05-02 10:15:27.051620,14.48447
2024-05-02 10:15:27.067250,14.67181
2024-05-02 10:15:27.082870,15.1101
2024-05-02 10:15:27.098500,15.43444
2024-05-02 10:15:27.114130,15.28699
2024-05-02 10:15:27.129750,14.4546
2024-05-02 10:15:27.145380,12.95302
2024-05-02 10:15:27.161000,10.94513
2024-05-02 10:15:27.176630,8.639933
2024-05-02 10:15:27.192250,6.202663
2024-05-02 10:15:27.207880,3.69017
2024-05-02 10:15:27.223510,1.089958
2024-05-02 10:15:27.239130,-1.664452
2024-05-02 10:15:27.254760,-4.653538
2024-05-02 10:15:27.270380,-7.970909
2024-05-02 10:15:27.286010,-11.71011
2024-05-02 10:15:27.301630,-15.9152
2024-05-02 10:15:27.317260,-20.46647
2024-05-02 10:15:27.332890,-24.99372
2024-05-02 10:15:27.348510,-28.88346
2024-05-02 10:15:27.364140,-31.36892
2024-05-02 10:15:27.379760,-31.75574
2024-05-02 10:15:27.395390,-29.70381
2024-05-02 10:15:27.411010,-25.34538
2024-05-02 10:15:27.426640,-19.30988
2024-05-02 10:15:27.442270,-12.4704
2024-05-02 10:15:27.457890,-5.681465
2024-05-02 10:15:27.473520,0.4675903
2024-05-02 10:15:27.489140,5.70787
2024-05-02 10:15:27.504770,10.02552
2024-05-02 10:15:27.520390,13.4818
2024-05-02 10:15:27.536020,16.12027
2024-05-02 10:15:27.551650,17.95082
2024-05-02 10:15:27.567270,19.03231
2024-05-02 10:15:27.582900,19.5483
2024-05-02 10:15:27.598520,19.81048
2024-05-02 10:15:27.614150,20.1424
2024-05-02 10:15:27.629770,20.73867
2024-05-02 10:15:27.645400,21.58385
2024-05-02 10:15:27.661030,22.47419
2024-05-02 10:15:27.676650,23.11911
2024-05-02 10:15:27.692280,23.28412
2024-05-02 10:15:27.707900,22.87312
2024-05-02 10:15:27.723530,21.9099
2024-05-02 10:15:27.739150,20.47942
2024-05-02 10:15:27.754780,18.65073
2024-05-02 10:15:27.770410,16.46387
2024-05-02 10:15:27.786030,13.9536
2024-05-02 10:15:27.801660,11.20186
2024-05-02 10:15:27.817280,8.344955
2024-05-02 10:15:27.832910,5.506134
2024-05-02 10:15:27.848530,2.73645
2024-05-02 10:15:27.864160,-0.02973938
2024-05-02 10:15:27.879790,-2.905304
2024-05-02 10:15:27.895410,-6.009842
2024-05-02 10:15:27.911040,-9.383698
2024-05-02 10:15:27.926660,-13.01643
2024-05-02 10:15:27.942290,-16.80492
2024-05-02 10:15:27.957910,-20.5759
2024-05-02 10:15:27.973540,-24.00885
2024-05-02 10:15:27.989170,-26.61929
2024-05-02 10:15:28.004790,-27.81323
2024-05-02 10:15:28.020420,-27.03062
2024-05-02 10:15:28.036040,-23.96657
2024-05-02 10:15:28.051670,-18.71158
2024-05-02 10:15:28.067290,-11.74947
2024-05-02 10:15:28.082920,-3.802643
2024-05-02 10:15:28.098550,4.419769
2024-05-02 10:15:28.114170,12.40709
2024-05-02 10:15:28.129800,19.87578
2024-05-02 10:15:28.145420,26.6676
2024-05-02 10:15:28.161050,32.64044
2024-05-02 10:15:28.176670,37.62643
2024-05-02 10:15:28.192300,41.49345
2024-05-02 10:15:28.207930,44.28516
2024-05-02 10:15:28.223550,46.26421
2024-05-02 10:15:28.239180,47.87395
2024-05-02 10:15:28.254800,49.57863
2024-05-02 10:15:28.270430,51.70024
2024-05-02 10:15:28.286050,54.29265
2024-05-02 10:15:28.301680,57.15492
2024-05-02 10:15:28.317310,59.93367
2024-05-02 10:15:28.332930,62.28552
2024-05-02 10:15:28.348560,64.02792
2024-05-02 10:15:28.364180,65.18098
2024-05-02 10:15:28.379810,65.93405
2024-05-02 10:15:28.395430,66.49089
2024-05-02 10:15:28.411060,66.94302
2024-05-02 10:15:28.426690,67.21608
2024-05-02 10:15:28.442310,67.13365
2024-05-02 10:15:28.457940,66.56046
2024-05-02 10:15:28.473560,65.52191
2024-05-02 10:15:28.489190,64.2292
2024-05-02 10:15:28.504810,62.96342
2024-05-02 10:15:28.520440,61.91325
2024-05-02 10:15:28.536070,61.03728
2024-05-02 10:15:28.551690,60.06079
2024-05-02 10:15:28.567320,58.54584
2024-05-02 10:15:28.582940,56.0291
2024-05-02 10:15:28.598570,52.11475
2024-05-02 10:15:28.614190,46.51076
2024-05-02 10:15:28.629820,39.04239
2024-05-02 10:15:28.645450,29.66219
2024-05-02 10:15:28.661070,18.53531
2024-05-02 10:15:28.676700,6.094193
2024-05-02 10:15:28.692320,-6.978668
2024-05-02 10:15:28.707950,-19.90137
2024-05-02 10:15:28.723570,-31.99467
2024-05-02 10:15:28.739200,-42.85547
2024-05-02 10:15:28.754830,-52.43127
2024-05-02 10:15:28.770450,-60.90735
2024-05-02 10:15:28.786080,-68.56264
2024-05-02 10:15:28.801700,-75.60657
2024-05-02 10:15:28.817330,-82.1133
2024-05-02 10:15:28.832950,-88.04627
2024-05-02 10:15:28.848580,-93.31272
2024-05-02 10:15:28.864210,-97.86936
2024-05-02 10:15:28.879830,-101.6943
2024-05-02 10:15:28.895460,-104.8078
2024-05-02 10:15:28.911080,-107.1527
2024-05-02 10:15:28.926710,-108.5059
2024-05-02 10:15:28.942330,-108.4189
2024-05-02 10:15:28.957960,-106.2336
2024-05-02 10:15:28.973590,-101.2676
2024-05-02 10:15:28.989210,-93.07766
2024-05-02 10:15:29.004840,-81.74014
2024-05-02 10:15:29.020460,-67.93284
2024-05-02 10:15:29.036090,-52.8304
2024-05-02 10:15:29.051710,-37.73086
2024-05-02 10:15:29.067340,-23.69997
2024-05-02 10:15:29.082970,-11.33031
2024-05-02 10:15:29.098590,-0.7472992
2024-05-02 10:15:29.114220,8.187515
2024-05-02 10:15:29.129840,15.64977
2024-05-02 10:15:29.145470,21.70476
2024-05-02 10:15:29.161090,26.36157
2024-05-02 10:15:29.176720,29.66087
2024-05-02 10:15:29.192350,31.77492
2024-05-02 10:15:29.207970,32.96645
2024-05-02 10:15:29.223600,33.48042
2024-05-02 10:15:29.239220,33.43974
2024-05-02 10:15:29.254850,32.75771
2024-05-02 10:15:29.270480,31.228
2024-05-02 10:15:29.286100,28.62405
2024-05-02 10:15:29.301730,24.8688
2024-05-02 10:15:29.317350,20.13943
2024-05-02 10:15:29.332980,14.91532
2024-05-02 10:15:29.348600,9.923409
2024-05-02 10:15:29.364230,5.962029
2024-05-02 10:15:29.379860,3.73082
2024-05-02 10:15:29.395480,3.578362
2024-05-02 10:15:29.411110,5.438431
2024-05-02 10:15:29.426730,8.837227
2024-05-02 10:15:29.442360,13.11638
2024-05-02 10:15:29.457980,17.62373
2024-05-02 10:15:29.473610,21.9407
2024-05-02 10:15:29.489240,25.88207
2024-05-02 10:15:29.504860,29.37836
2024-05-02 10:15:29.520490,32.33638
2024-05-02 10:15:29.536110,34.5318
2024-05-02 10:15:29.551740,35.69349
2024-05-02 10:15:29.567360,35.64621
2024-05-02 10:15:29.582990,34.46902
2024-05-02 10:15:29.598620,32.52912
2024-05-02 10:15:29.614240,30.32552
2024-05-02 10:15:29.629870,28.27979
2024-05-02 10:15:29.645490,26.55597
2024-05-02 10:15:29.661120,25.02525
2024-05-02 10:15:29.676740,23.39502
2024-05-02 10:15:29.692370,21.38659
2024-05-02 10:15:29.708000,18.86361
2024-05-02 10:15:29.723620,15.8994
2024-05-02 10:15:29.739250,12.71054
2024-05-02 10:15:29.754870,9.545952
2024-05-02 10:15:29.770500,6.592392
2024-05-02 10:15:29.786120,3.92865
2024-05-02 10:15:29.801750,1.524147
2024-05-02 10:15:29.817380,-0.7139511
2024-05-02 10:15:29.833000,-2.869904
2024-05-02 10:15:29.848630,-4.979027
2024-05-02 10:15:29.864250,-7.025642
2024-05-02 10:15:29.879880,-8.964684
2024-05-02 10:15:29.895500,-10.7859
2024-05-02 10:15:29.911130,-12.54071
2024-05-02 10:15:29.926760,-14.36342
2024-05-02 10:15:29.942380,-16.39754
2024-05-02 10:15:29.958010,-18.80714
2024-05-02 10:15:29.973630,-21.67908
2024-05-02 10:15:29.989260,-25.05565
2024-05-02 10:15:30.004880,-28.85201
2024-05-02 10:15:30.020510,-32.82555
2024-05-02 10:15:30.036140,-36.51408
2024-05-02 10:15:30.051760,-39.23334
2024-05-02 10:15:30.067390,-40.2594
2024-05-02 10:15:30.083010,-39.02396
2024-05-02 10:15:30.098640,-35.34856
2024-05-02 10:15:30.114260,-29.55054
2024-05-02 10:15:30.129890,-22.32639
2024-05-02 10:15:30.145520,-14.46795
2024-05-02 10:15:30.161140,-6.602959
2024-05-02 10:15:30.176770,0.9372253
2024-05-02 10:15:30.192390,8.066765
2024-05-02 10:15:30.208020,14.72001
2024-05-02 10:15:30.223640,20.70882
2024-05-02 10:15:30.239270,25.68832
2024-05-02 10:15:30.254900,29.32059
2024-05-02 10:15:30.270520,31.46599
2024-05-02 10:15:30.286150,32.27721
2024-05-02 10:15:30.301770,32.18801
2024-05-02 10:15:30.317400,31.69041
2024-05-02 10:15:30.333020,31.15248
2024-05-02 10:15:30.348650,30.72308
2024-05-02 10:15:30.364280,30.3356
2024-05-02 10:15:30.379900,29.84769
2024-05-02 10:15:30.395530,29.15672
2024-05-02 10:15:30.411150,28.22902
2024-05-02 10:15:30.426780,27.09785
2024-05-02 10:15:30.442400,25.78935
2024-05-02 10:15:30.458030,24.26163
2024-05-02 10:15:30.473660,22.43971
2024-05-02 10:15:30.489280,20.23832
2024-05-02 10:15:30.504910,17.63711
2024-05-02 10:15:30.520530,14.65903
2024-05-02 10:15:30.536160,11.37321
2024-05-02 10:15:30.551780,7.851128
2024-05-02 10:15:30.567410,4.137085
2024-05-02 10:15:30.583040,0.2745667
2024-05-02 10:15:30.598660,-3.6717
2024-05-02 10:15:30.614290,-7.60051
2024-05-02 10:15:30.629910,-11.4034
2024-05-02 10:15:30.645540,-14.98779
2024-05-02 10:15:30.661160,-18.3289
2024-05-02 10:15:30.676790,-21.48413
2024-05-02 10:15:30.692420,-24.57545
2024-05-02 10:15:30.708040,-27.75319
2024-05-02 10:15:30.723670,-31.16556
2024-05-02 10:15:30.739290,-34.91209
2024-05-02 10:15:30.754920,-38.94613
2024-05-02 10:15:30.770540,-42.99369
2024-05-02 10:15:30.786170,-46.54417
2024-05-02 10:15:30.801800,-48.88002
2024-05-02 10:15:30.817420,-49.26968
2024-05-02 10:15:30.833050,-47.24729
2024-05-02 10:15:30.848670,-42.79225
2024-05-02 10:15:30.864300,-36.38797
2024-05-02 10:15:30.879920,-28.82183
2024-05-02 10:15:30.895550,-20.89991
2024-05-02 10:15:30.911180,-13.21179
2024-05-02 10:15:30.926800,-6.02417
2024-05-02 10:15:30.942430,0.5626106
2024-05-02 10:15:30.958050,6.476131
2024-05-02 10:15:30.973680,11.52298
2024-05-02 10:15:30.989300,15.45799
2024-05-02 10:15:31.004930,18.15081
2024-05-02 10:15:31.020560,19.73922
2024-05-02 10:15:31.036180,20.63144
2024-05-02 10:15:31.051810,21.37852
2024-05-02 10:15:31.067430,22.39768
2024-05-02 10:15:31.083060,23.80762
2024-05-02 10:15:31.098680,25.40718
2024-05-02 10:15:31.114310,26.80438
2024-05-02 10:15:31.129940,27.64562
2024-05-02 10:15:31.145560,27.79134
2024-05-02 10:15:31.161190,27.34015
2024-05-02 10:15:31.176810,26.51426
2024-05-02 10:15:31.192440,25.49699
2024-05-02 10:15:31.208060,24.34707
2024-05-02 10:15:31.223690,22.98591
2024-05-02 10:15:31.239320,21.29478
2024-05-02 10:15:31.254940,19.22203
2024-05-02 10:15:31.270570,16.88007
2024-05-02 10:15:31.286190,14.48274
2024-05-02 10:15:31.301820,12.24107
2024-05-02 10:15:31.317440,10.24432
2024-05-02 10:15:31.333070,8.425781
2024-05-02 10:15:31.348700,6.60639
2024-05-02 10:15:31.364320,4.600695
2024-05-02 10:15:31.379950,2.33835
2024-05-02 10:15:31.395570,-0.1127825
2024-05-02 10:15:31.411200,-2.601567
2024-05-02 10:15:31.426820,-4.970553
2024-05-02 10:15:31.442450,-7.176188
2024-05-02 10:15:31.458080,-9.280348
2024-05-02 10:15:31.473700,-11.42394
2024-05-02 10:15:31.489330,-13.76853
2024-05-02 10:15:31.504950,-16.43448
2024-05-02 10:15:31.520580,-19.49583
2024-05-02 10:15:31.536210,-22.97581
2024-05-02 10:15:31.551830,-26.79528
2024-05-02 10:15:31.567460,-30.70111
2024-05-02 10:15:31.583080,-34.19247
2024-05-02 10:15:31.598710,-36.57093
2024-05-02 10:15:31.614330,-37.1245
2024-05-02 10:15:31.629960,-35.39882
2024-05-02 10:15:31.645590,-31.38258
2024-05-02 10:15:31.661210,-25.5886
2024-05-02 10:15:31.676840,-18.85754
2024-05-02 10:15:31.692460,-12.05744
2024-05-02 10:15:31.708090,-5.796539
2024-05-02 10:15:31.723710,-0.2965951
2024-05-02 10:15:31.739340,4.506109
2024-05-02 10:15:31.754970,8.74395
2024-05-02 10:15:31.770590,12.43262
2024-05-02 10:15:31.786220,15.44095
2024-05-02 10:15:31.801840,17.59941
2024-05-02 10:15:31.817470,18.85821
2024-05-02 10:15:31.833090,19.37905
2024-05-02 10:15:31.848720,19.53979
2024-05-02 10:15:31.864350,19.74907
2024-05-02 10:15:31.879970,20.27944
2024-05-02 10:15:31.895600,21.15759
2024-05-02 10:15:31.911220,22.14075
2024-05-02 10:15:31.926850,22.87509
2024-05-02 10:15:31.942470,23.0531
2024-05-02 10:15:31.958100,22.55973
2024-05-02 10:15:31.973730,21.48289
2024-05-02 10:15:31.989350,20.03625
2024-05-02 10:15:32.004980,18.43878
2024-05-02 10:15:32.020600,16.80687
2024-05-02 10:15:32.036230,15.16753
2024-05-02 10:15:32.051850,13.49255
2024-05-02 10:15:32.067480,11.78004
2024-05-02 10:15:32.083110,10.06858
2024-05-02 10:15:32.098730,8.438599
2024-05-02 10:15:32.114360,6.926693
2024-05-02 10:15:32.129980,5.48476
2024-05-02 10:15:32.145610,4.00996
2024-05-02 10:15:32.161230,2.395012
2024-05-02 10:15:32.176860,0.6065636
2024-05-02 10:15:32.192490,-1.298203
2024-05-02 10:15:32.208110,-3.200539
2024-05-02 10:15:32.223740,-4.99979
2024-05-02 10:15:32.239360,-6.674778
2024-05-02 10:15:32.254990,-8.302647
2024-05-02 10:15:32.270610,-10.02741
2024-05-02 10:15:32.286240,-12.04532
2024-05-02 10:15:32.301870,-14.54419
2024-05-02 10:15:32.317490,-17.63041
2024-05-02 10:15:32.333120,-21.33001
2024-05-02 10:15:32.348740,-25.46884
2024-05-02 10:15:32.364370,-29.66503
2024-05-02 10:15:32.379990,-33.29004
2024-05-02 10:15:32.395620,-35.60378
2024-05-02 10:15:32.411250,-35.92041
2024-05-02 10:15:32.426870,-33.88444
2024-05-02 10:15:32.442500,-29.65063
2024-05-02 10:15:32.458120,-23.87934
2024-05-02 10:15:32.473750,-17.51997
2024-05-02 10:15:32.489370,-11.46769
2024-05-02 10:15:32.505000,-6.279205
2024-05-02 10:15:32.520630,-2.101372
2024-05-02 10:15:32.536250,1.208115
2024-05-02 10:15:32.551880,3.833267
2024-05-02 10:15:32.567500,5.840034
2024-05-02 10:15:32.583130,7.164337
2024-05-02 10:15:32.598750,7.787895
2024-05-02 10:15:32.614380,7.870316
2024-05-02 10:15:32.630010,7.781502
2024-05-02 10:15:32.645630,7.939758
2024-05-02 10:15:32.661260,8.60128
2024-05-02 10:15:32.676880,9.719177
2024-05-02 10:15:32.692510,11.01614
2024-05-02 10:15:32.708130,12.146
2024-05-02 10:15:32.723760,12.92317
2024-05-02 10:15:32.739390,13.36696
2024-05-02 10:15:32.755010,13.62171
2024-05-02 10:15:32.770640,13.84335
2024-05-02 10:15:32.786260,14.03123
2024-05-02 10:15:32.801890,14.08911
2024-05-02 10:15:32.817510,13.9036
2024-05-02 10:15:32.833140,13.40588
2024-05-02 10:15:32.848770,12.65173
2024-05-02 10:15:32.864390,11.76115
2024-05-02 10:15:32.880020,10.87498
2024-05-02 10:15:32.895640,10.11182
2024-05-02 10:15:32.911270,9.528648
2024-05-02 10:15:32.926890,9.102318
2024-05-02 10:15:32.942520,8.765617
2024-05-02 10:15:32.958150,8.380867
2024-05-02 10:15:32.973770,7.85746
2024-05-02 10:15:32.989400,7.151588
2024-05-02 10:15:33.005020,6.325363
2024-05-02 10:15:33.020650,5.473763
2024-05-02 10:15:33.036270,4.672791
2024-05-02 10:15:33.051900,3.897301
2024-05-02 10:15:33.067530,3.004227
2024-05-02 10:15:33.083150,1.790169
2024-05-02 10:15:33.098780,0.06990814
2024-05-02 10:15:33.114400,-2.246666
2024-05-02 10:15:33.130030,-5.085526
2024-05-02 10:15:33.145650,-8.216354
2024-05-02 10:15:33.161280,-11.20328
2024-05-02 10:15:33.176910,-13.4978
2024-05-02 10:15:33.192530,-14.48814
2024-05-02 10:15:33.208160,-13.70943
2024-05-02 10:15:33.223780,-11.00557
2024-05-02 10:15:33.239410,-6.653748
2024-05-02 10:15:33.255030,-1.31871
2024-05-02 10:15:33.270660,4.148727
2024-05-02 10:15:33.286290,8.957611
2024-05-02 10:15:33.301910,12.58762
2024-05-02 10:15:33.317540,14.8569
2024-05-02 10:15:33.333160,15.87259
2024-05-02 10:15:33.348790,15.89606
2024-05-02 10:15:33.364410,15.25549
2024-05-02 10:15:33.380040,14.26866
2024-05-02 10:15:33.395670,13.25647
2024-05-02 10:15:33.411290,12.50526
2024-05-02 10:15:33.426920,12.20551
2024-05-02 10:15:33.442540,12.42914
2024-05-02 10:15:33.458170,13.05594
2024-05-02 10:15:33.473790,13.83635
2024-05-02 10:15:33.489420,14.4427
2024-05-02 10:15:33.505050,14.62125
2024-05-02 10:15:33.520670,14.25656
2024-05-02 10:15:33.536300,13.41039
2024-05-02 10:15:33.551920,12.27245
2024-05-02 10:15:33.567550,11.06277
2024-05-02 10:15:33.583170,9.92128
2024-05-02 10:15:33.598800,8.883377
2024-05-02 10:15:33.614430,7.897705
2024-05-02 10:15:33.630050,6.867722
2024-05-02 10:15:33.645680,5.713409
2024-05-02 10:15:33.661300,4.37793
2024-05-02 10:15:33.676930,2.827957
2024-05-02 10:15:33.692550,1.059952
2024-05-02 10:15:33.708180,-0.8985138
2024-05-02 10:15:33.723810,-2.950546
2024-05-02 10:15:33.739430,-4.960114
2024-05-02 10:15:33.755060,-6.789444
2024-05-02 10:15:33.770680,-8.379562
2024-05-02 10:15:33.786310,-9.7957
2024-05-02 10:15:33.801930,-11.23529
2024-05-02 10:15:33.817560,-12.95775
2024-05-02 10:15:33.833190,-15.17838
2024-05-02 10:15:33.848810,-18.03134
2024-05-02 10:15:33.864440,-21.50726
2024-05-02 10:15:33.880060,-25.5052
2024-05-02 10:15:33.895690,-29.79779
2024-05-02 10:15:33.911310,-34.03186
2024-05-02 10:15:33.926940,-37.73033
2024-05-02 10:15:33.942570,-40.32977
2024-05-02 10:15:33.958190,-41.35321
2024-05-02 10:15:33.973820,-40.58974
2024-05-02 10:15:33.989440,-38.21947
2024-05-02 10:15:34.005070,-34.7749
2024-05-02 10:15:34.020690,-30.99493
2024-05-02 10:15:34.036320,-27.55872
2024-05-02 10:15:34.051950,-24.88263
2024-05-02 10:15:34.067570,-23.07959
2024-05-02 10:15:34.083200,-22.03677
2024-05-02 10:15:34.098820,-21.57208
2024-05-02 10:15:34.114450,-21.56467
2024-05-02 10:15:34.130080,-21.98724
2024-05-02 10:15:34.145700,-22.7981
2024-05-02 10:15:34.161330,-23.85477
2024-05-02 10:15:34.176950,-24.87207
2024-05-02 10:15:34.192580,-25.4696
2024-05-02 10:15:34.208200,-25.34085
2024-05-02 10:15:34.223830,-24.36923
2024-05-02 10:15:34.239460,-22.68079
2024-05-02 10:15:34.255080,-20.56964
2024-05-02 10:15:34.270710,-18.37759
2024-05-02 10:15:34.286330,-16.33881
2024-05-02 10:15:34.301960,-14.54236
2024-05-02 10:15:34.317580,-12.95258
2024-05-02 10:15:34.333210,-11.49716
2024-05-02 10:15:34.348840,-10.14468
2024-05-02 10:15:34.364460,-8.919067
2024-05-02 10:15:34.380090,-7.884155
2024-05-02 10:15:34.395710,-7.058228
2024-05-02 10:15:34.411340,-6.398804
2024-05-02 10:15:34.426960,-5.820953
2024-05-02 10:15:34.442590,-5.262604
2024-05-02 10:15:34.458220,-4.716248
2024-05-02 10:15:34.473840,-4.228699
2024-05-02 10:15:34.489470,-3.854858
2024-05-02 10:15:34.505090,-3.571777
2024-05-02 10:15:34.520720,-3.264923
2024-05-02 10:15:34.536340,-2.75647
2024-05-02 10:15:34.551970,-1.920517
2024-05-02 10:15:34.567600,-0.7645416
2024-05-02 10:15:34.583220,0.4820709
2024-05-02 10:15:34.598850,1.421143
2024-05-02 10:15:34.614470,1.645935
2024-05-02 10:15:34.630100,0.9497375
2024-05-02 10:15:34.645720,-0.530365
2024-05-02 10:15:34.661350,-2.292435
2024-05-02 10:15:34.676980,-3.625946
2024-05-02 10:15:34.692600,-3.902115
2024-05-02 10:15:34.708230,-2.789719
2024-05-02 10:15:34.723850,-0.409317
2024-05-02 10:15:34.739480,2.778488
2024-05-02 10:15:34.755100,6.167145
2024-05-02 10:15:34.770730,9.224991
2024-05-02 10:15:34.786360,11.6189
2024-05-02 10:15:34.801980,13.2354
2024-05-02 10:15:34.817610,14.09442
2024-05-02 10:15:34.833230,14.29268
2024-05-02 10:15:34.848860,13.98758
2024-05-02 10:15:34.864480,13.3988
2024-05-02 10:15:34.880110,12.80051
2024-05-02 10:15:34.895740,12.45872
2024-05-02 10:15:34.911360,12.52086
2024-05-02 10:15:34.926990,12.98224
2024-05-02 10:15:34.942610,13.68665
2024-05-02 10:15:34.958240,14.40633
2024-05-02 10:15:34.973860,14.95065
2024-05-02 10:15:34.989490,15.22386
2024-05-02 10:15:35.005120,15.20334
2024-05-02 10:15:35.020740,14.89108
2024-05-02 10:15:35.036370,14.2822
2024-05-02 10:15:35.051990,13.35588
2024-05-02 10:15:35.067620,12.10127
2024-05-02 10:15:35.083240,10.57211
2024-05-02 10:15:35.098870,8.837494
2024-05-02 10:15:35.114500,6.937119
2024-05-02 10:15:35.130120,4.873169
2024-05-02 10:15:35.145750,2.590134
2024-05-02 10:15:35.161370,0.065979
2024-05-02 10:15:35.177000,-2.639297
2024-05-02 10:15:35.192620,-5.39093
2024-05-02 10:15:35.208250,-8.057007
2024-05-02 10:15:35.223880,-10.64343
2024-05-02 10:15:35.239500,-13.31171
2024-05-02 10:15:35.255130,-16.27165
2024-05-02 10:15:35.270750,-19.54234
2024-05-02 10:15:35.286380,-22.78546
2024-05-02 10:15:35.302000,-25.27199
2024-05-02 10:15:35.317630,-26.13957
2024-05-02 10:15:35.333260,-24.73686
2024-05-02 10:15:35.348880,-20.97423
2024-05-02 10:15:35.364510,-15.40189
2024-05-02 10:15:35.380130,-9.036743
2024-05-02 10:15:35.395760,-2.960739
2024-05-02 10:15:35.411380,2.019501
2024-05-02 10:15:35.427010,5.570084
2024-05-02 10:15:35.442640,7.773758
2024-05-02 10:15:35.458260,8.914032
2024-05-02 10:15:35.473890,9.282227
2024-05-02 10:15:35.489510,9.083649
2024-05-02 10:15:35.505140,8.463074
2024-05-02 10:15:35.520760,7.594925
2024-05-02 10:15:35.536390,6.696823
2024-05-02 10:15:35.552020,6.065292
2024-05-02 10:15:35.567640,5.925262
2024-05-02 10:15:35.583270,6.363632
2024-05-02 10:15:35.598890,7.264053
2024-05-02 10:15:35.614520,8.333389
2024-05-02 10:15:35.630140,9.20195
2024-05-02 10:15:35.645770,9.560715
2024-05-02 10:15:35.661400,9.231125
2024-05-02 10:15:35.677020,8.227509
2024-05-02 10:15:35.692650,6.699921
2024-05-02 10:15:35.708270,4.84169
2024-05-02 10:15:35.723900,2.822006
2024-05-02 10:15:35.739520,0.7571259
2024-05-02 10:15:35.755150,-1.313705
2024-05-02 10:15:35.770780,-3.357529
2024-05-02 10:15:35.786400,-5.373337
2024-05-02 10:15:35.802030,-7.362946
2024-05-02 10:15:35.817650,-9.380829
2024-05-02 10:15:35.833280,-11.54213
2024-05-02 10:15:35.848900,-14.00735
2024-05-02 10:15:35.864530,-16.87906
2024-05-02 10:15:35.880160,-20.09761
2024-05-02 10:15:35.895780,-23.36127
2024-05-02 10:15:35.911410,-26.132
2024-05-02 10:15:35.927030,-27.77458
2024-05-02 10:15:35.942660,-27.70958
2024-05-02 10:15:35.958280,-25.6564
2024-05-02 10:15:35.973910,-21.74283
2024-05-02 10:15:35.989540,-16.49818
2024-05-02 10:15:36.005160,-10.73332
2024-05-02 10:15:36.020790,-5.262924
2024-05-02 10:15:36.036410,-0.7279205
2024-05-02 10:15:36.052040,2.550278
2024-05-02 10:15:36.067660,4.560974
2024-05-02 10:15:36.083290,5.496368
2024-05-02 10:15:36.098920,5.623169
2024-05-02 10:15:36.114540,5.224304
2024-05-02 10:15:36.130170,4.564377
2024-05-02 10:15:36.145790,3.920242
2024-05-02 10:15:36.161420,3.56102
2024-05-02 10:15:36.177040,3.710281
2024-05-02 10:15:36.192670,4.450211
2024-05-02 10:15:36.208300,5.682877
2024-05-02 10:15:36.223920,7.154083
2024-05-02 10:15:36.239550,8.550354
2024-05-02 10:15:36.255170,9.595276
2024-05-02 10:15:36.270800,10.15021
2024-05-02 10:15:36.286420,10.18987
2024-05-02 10:15:36.302050,9.800903
2024-05-02 10:15:36.317680,9.073517
2024-05-02 10:15:36.333300,8.087219
2024-05-02 10:15:36.348930,6.893738
2024-05-02 10:15:36.364550,5.520721
2024-05-02 10:15:36.380180,4.002258
2024-05-02 10:15:36.395810,2.394974
2024-05-02 10:15:36.411430,0.7671814
2024-05-02 10:15:36.427060,-0.8634186
2024-05-02 10:15:36.442680,-2.545029
2024-05-02 10:15:36.458310,-4.451935
2024-05-02 10:15:36.473930,-6.805084
2024-05-02 10:15:36.489560,-9.739029
2024-05-02 10:15:36.505190,-13.13606
2024-05-02 10:15:36.520810,-16.52522
2024-05-02 10:15:36.536440,-19.13857
2024-05-02 10:15:36.552060,-20.15555
2024-05-02 10:15:36.567690,-19.01431
2024-05-02 10:15:36.583310,-15.65274
2024-05-02 10:15:36.598940,-10.53831
2024-05-02 10:15:36.614570,-4.504089
2024-05-02 10:15:36.630190,1.554962
2024-05-02 10:15:36.645820,6.8936
2024-05-02 10:15:36.661440,11.05926
2024-05-02 10:15:36.677070,13.84732
2024-05-02 10:15:36.692690,15.23335
2024-05-02 10:15:36.708320,15.34434
2024-05-02 10:15:36.723950,14.44588
2024-05-02 10:15:36.739570,12.93076
2024-05-02 10:15:36.755200,11.27235
2024-05-02 10:15:36.770820,9.925278
2024-05-02 10:15:36.786450,9.180832
2024-05-02 10:15:36.802070,9.127045
2024-05-02 10:15:36.817700,9.633995
2024-05-02 10:15:36.833330,10.43158
2024-05-02 10:15:36.848950,11.19296
2024-05-02 10:15:36.864580,11.62585
2024-05-02 10:15:36.880200,11.50684
2024-05-02 10:15:36.895830,10.73732
2024-05-02 10:15:36.911450,9.360291
2024-05-02 10:15:36.927080,7.514969
2024-05-02 10:15:36.942710,5.422852
2024-05-02 10:15:36.958330,3.318275
2024-05-02 10:15:36.973960,1.379265
2024-05-02 10:15:36.989580,-0.3097
2024-05-02 10:15:37.005210,-1.725624
2024-05-02 10:15:37.020830,-2.943443
2024-05-02 10:15:37.036460,-4.038971
2024-05-02 10:15:37.052090,-5.090752
2024-05-02 10:15:37.067710,-6.209991
2024-05-02 10:15:37.083340,-7.502861
2024-05-02 10:15:37.098960,-9.108955
2024-05-02 10:15:37.114590,-11.10638
2024-05-02 10:15:37.130210,-13.39512
2024-05-02 10:15:37.145840,-15.61098
2024-05-02 10:15:37.161470,-17.12444
2024-05-02 10:15:37.177090,-17.1881
2024-05-02 10:15:37.192720,-15.23151
2024-05-02 10:15:37.208340,-11.13468
2024-05-02 10:15:37.223970,-5.337402
2024-05-02 10:15:37.239590,1.242966
2024-05-02 10:15:37.255220,7.510101
2024-05-02 10:15:37.270850,12.53684
2024-05-02 10:15:37.286470,15.83334
2024-05-02 10:15:37.302100,17.37496
2024-05-02 10:15:37.317720,17.4907
2024-05-02 10:15:37.333350,16.64303
2024-05-02 10:15:37.348970,15.26295
2024-05-02 10:15:37.364600,13.72151
2024-05-02 10:15:37.380230,12.29
2024-05-02 10:15:37.395850,11.15845
2024-05-02 10:15:37.411480,10.44219
2024-05-02 10:15:37.427100,10.11398
2024-05-02 10:15:37.442730,10.01761
2024-05-02 10:15:37.458350,9.901688
2024-05-02 10:15:37.473980,9.489815
2024-05-02 10:15:37.489610,8.570034
2024-05-02 10:15:37.505230,7.081238
2024-05-02 10:15:37.520860,5.090851
2024-05-02 10:15:37.536480,2.781818
2024-05-02 10:15:37.552110,0.3899536
2024-05-02 10:15:37.567730,-1.892666
2024-05-02 10:15:37.583360,-3.924179
2024-05-02 10:15:37.598990,-5.653175
2024-05-02 10:15:37.614610,-7.140556
2024-05-02 10:15:37.630240,-8.488392
2024-05-02 10:15:37.645860,-9.792
2024-05-02 10:15:37.661490,-11.1218
2024-05-02 10:15:37.677110,-12.49803
2024-05-02 10:15:37.692740,-13.94468
2024-05-02 10:15:37.708370,-15.53786
2024-05-02 10:15:37.723990,-17.4055
2024-05-02 10:15:37.739620,-19.64559
2024-05-02 10:15:37.755240,-22.17571
2024-05-02 10:15:37.770870,-24.63128
2024-05-02 10:15:37.786490,-26.33793
2024-05-02 10:15:37.802120,-26.5202
2024-05-02 10:15:37.817750,-24.55299
2024-05-02 10:15:37.833370,-20.25301
2024-05-02 10:15:37.849000,-13.99314
2024-05-02 10:15:37.864620,-6.597618
2024-05-02 10:15:37.880250,0.9472122
2024-05-02 10:15:37.895870,7.761166
2024-05-02 10:15:37.911500,13.29086
2024-05-02 10:15:37.927130,17.29815
2024-05-02 10:15:37.942750,19.80501
2024-05-02 10:15:37.958380,20.94868
2024-05-02 10:15:37.974000,20.95544
2024-05-02 10:15:37.989630,20.12754
2024-05-02 10:15:38.005250,18.87434
2024-05-02 10:15:38.020880,17.64358
2024-05-02 10:15:38.036510,16.87863
2024-05-02 10:15:38.052130,16.85517
2024-05-02 10:15:38.067760,17.59989
2024-05-02 10:15:38.083380,18.87251
2024-05-02 10:15:38.099010,20.28771
2024-05-02 10:15:38.114630,21.42879
2024-05-02 10:15:38.130260,21.99002
2024-05-02 10:15:38.145890,21.8495
2024-05-02 10:15:38.161510,21.05587
2024-05-02 10:15:38.177140,19.77779
2024-05-02 10:15:38.192760,18.22422
2024-05-02 10:15:38.208390,16.59025
2024-05-02 10:15:38.224010,14.9887
2024-05-02 10:15:38.239640,13.4632
2024-05-02 10:15:38.255270,11.96514
2024-05-02 10:15:38.270890,10.38276
2024-05-02 10:15:38.286520,8.601306
2024-05-02 10:15:38.302140,6.480205
2024-05-02 10:15:38.317770,3.904563
2024-05-02 10:15:38.333390,0.8140593
2024-05-02 10:15:38.349020,-2.697338
2024-05-02 10:15:38.364650,-6.320929
2024-05-02 10:15:38.380270,-9.505804
2024-05-02 10:15:38.395900,-11.59076
2024-05-02 10:15:38.411520,-11.97303
2024-05-02 10:15:38.427150,-10.35694
2024-05-02 10:15:38.442770,-6.864842
2024-05-02 10:15:38.458400,-2.044874
2024-05-02 10:15:38.474030,3.290612
2024-05-02 10:15:38.489650,8.284742
2024-05-02 10:15:38.505280,12.28192
2024-05-02 10:15:38.520900,14.90289
2024-05-02 10:15:38.536530,16.06699
2024-05-02 10:15:38.552160,15.92872
2024-05-02 10:15:38.567780,14.78536
2024-05-02 10:15:38.583410,13.01999
2024-05-02 10:15:38.599030,11.04606
2024-05-02 10:15:38.614660,9.249552
2024-05-02 10:15:38.630280,7.930803
2024-05-02 10:15:38.645910,7.244936
2024-05-02 10:15:38.661540,7.185635
2024-05-02 10:15:38.677160,7.621347
2024-05-02 10:15:38.692790,8.301962
2024-05-02 10:15:38.708410,8.932051
2024-05-02 10:15:38.724040,9.221653
2024-05-02 10:15:38.739660,8.974081
2024-05-02 10:15:38.755290,8.120934
2024-05-02 10:15:38.770920,6.74313
2024-05-02 10:15:38.786540,5.058405
2024-05-02 10:15:38.802170,3.339684
2024-05-02 10:15:38.817790,1.814022
2024-05-02 10:15:38.833420,0.5604191
2024-05-02 10:15:38.849040,-0.4943905
2024-05-02 10:15:38.864670,-1.59181
2024-05-02 10:15:38.880300,-3.031706
2024-05-02 10:15:38.895920,-5.049528
2024-05-02 10:15:38.911550,-7.679485
2024-05-02 10:15:38.927170,-10.64695
2024-05-02 10:15:38.942800,-13.39234
2024-05-02 10:15:38.958420,-15.15258
2024-05-02 10:15:38.974050,-15.22497
2024-05-02 10:15:38.989680,-13.20203
2024-05-02 10:15:39.005300,-9.169949
2024-05-02 10:15:39.020930,-3.690845
2024-05-02 10:15:39.036550,2.34367
2024-05-02 10:15:39.052180,8.026234
2024-05-02 10:15:39.067800,12.67916
2024-05-02 10:15:39.083430,15.98252
2024-05-02 10:15:39.099060,17.94582
2024-05-02 10:15:39.114680,18.76127
2024-05-02 10:15:39.130310,18.69037
2024-05-02 10:15:39.145930,17.98085
2024-05-02 10:15:39.161560,16.89224
2024-05-02 10:15:39.177180,15.70514
2024-05-02 10:15:39.192810,14.71878
2024-05-02 10:15:39.208440,14.15413
2024-05-02 10:15:39.224060,14.07102
2024-05-02 10:15:39.239690,14.32367
2024-05-02 10:15:39.255310,14.61472
2024-05-02 10:15:39.270940,14.60541
2024-05-02 10:15:39.286560,14.05178
2024-05-02 10:15:39.302190,12.91632
2024-05-02 10:15:39.317820,11.37901
2024-05-02 10:15:39.333440,9.732319
2024-05-02 10:15:39.349070,8.257153
2024-05-02 10:15:39.364690,7.095562
2024-05-02 10:15:39.380320,6.200272
2024-05-02 10:15:39.395940,5.369125
2024-05-02 10:15:39.411570,4.336563
2024-05-02 10:15:39.427200,2.883163
2024-05-02 10:15:39.442820,0.8990021
2024-05-02 10:15:39.458450,-1.610695
2024-05-02 10:15:39.474070,-4.566254
2024-05-02 10:15:39.489700,-7.829575
2024-05-02 10:15:39.505320,-11.16377
2024-05-02 10:15:39.520950,-14.19448
2024-05-02 10:15:39.536580,-16.42433
2024-05-02 10:15:39.552200,-17.29942
2024-05-02 10:15:39.567830,-16.42245
2024-05-02 10:15:39.583450,-13.74509
2024-05-02 10:15:39.599080,-9.620506
2024-05-02 10:15:39.614700,-4.73262
2024-05-02 10:15:39.630330,0.1236801
2024-05-02 10:15:39.645960,4.277641
2024-05-02 10:15:39.661580,7.311905
2024-05-02 10:15:39.677210,9.095222
2024-05-02 10:15:39.692830,9.691513
2024-05-02 10:15:39.708460,9.287003
2024-05-02 10:15:39.724080,8.12664
2024-05-02 10:15:39.739710,6.507103
2024-05-02 10:15:39.755340,4.744225
2024-05-02 10:15:39.770960,3.155182
2024-05-02 10:15:39.786590,1.968597
2024-05-02 10:15:39.802210,1.280388
2024-05-02 10:15:39.817840,1.062134
2024-05-02 10:15:39.833460,1.198418
2024-05-02 10:15:39.849090,1.553535
2024-05-02 10:15:39.864720,2.012543
2024-05-02 10:15:39.880340,2.499664
2024-05-02 10:15:39.895970,2.974052
2024-05-02 10:15:39.911590,3.405869
2024-05-02 10:15:39.927220,3.749115
2024-05-02 10:15:39.942840,3.957932
2024-05-02 10:15:39.958470,3.979843
2024-05-02 10:15:39.974100,3.764893
2024-05-02 10:15:39.989720,3.230286
2024-05-02 10:15:40.005350,2.276703
2024-05-02 10:15:40.020970,0.7922668
2024-05-02 10:15:40.036600,-1.356613
2024-05-02 10:15:40.052220,-4.238815
2024-05-02 10:15:40.067850,-7.804367
2024-05-02 10:15:40.083480,-11.83128
2024-05-02 10:15:40.099100,-15.9201
2024-05-02 10:15:40.114730,-19.59335
2024-05-02 10:15:40.130350,-22.38722
2024-05-02 10:15:40.145980,-23.99936
2024-05-02 10:15:40.161600,-24.36049
2024-05-02 10:15:40.177230,-23.61336
2024-05-02 10:15:40.192860,-22.06664
2024-05-02 10:15:40.208480,-20.09738
2024-05-02 10:15:40.224110,-18.07294
2024-05-02 10:15:40.239730,-16.30734
2024-05-02 10:15:40.255360,-15.05251
2024-05-02 10:15:40.270980,-14.44713
2024-05-02 10:15:40.286610,-14.51051
2024-05-02 10:15:40.302240,-15.11534
2024-05-02 10:15:40.317860,-16.03065
2024-05-02 10:15:40.333490,-16.98032
2024-05-02 10:15:40.349110,-17.73093
2024-05-02 10:15:40.364740,-18.14946
2024-05-02 10:15:40.380360,-18.23505
2024-05-02 10:15:40.395990,-18.07758
2024-05-02 10:15:40.411620,-17.79572
2024-05-02 10:15:40.427240,-17.50629
2024-05-02 10:15:40.442870,-17.28688
2024-05-02 10:15:40.458490,-17.18687
2024-05-02 10:15:40.474120,-17.224
2024-05-02 10:15:40.489740,-17.39897
2024-05-02 10:15:40.505370,-17.71983
2024-05-02 10:15:40.521000,-18.12912
2024-05-02 10:15:40.536620,-18.55803
2024-05-02 10:15:40.552250,-18.90399
2024-05-02 10:15:40.567870,-19.12163
2024-05-02 10:15:40.583500,-19.19867
2024-05-02 10:15:40.599120,-19.21617
2024-05-02 10:15:40.614750,-19.30658
2024-05-02 10:15:40.630380,-19.64427
2024-05-02 10:15:40.646000,-20.40033
2024-05-02 10:15:40.661630,-21.7209
2024-05-02 10:15:40.677250,-23.65843
2024-05-02 10:15:40.692880,-26.07939
2024-05-02 10:15:40.708500,-28.6418
2024-05-02 10:15:40.724130,-30.81244
2024-05-02 10:15:40.739760,-32.00296
2024-05-02 10:15:40.755380,-31.73294
2024-05-02 10:15:40.771010,-29.79257
2024-05-02 10:15:40.786630,-26.32492
2024-05-02 10:15:40.802260,-21.72913
2024-05-02 10:15:40.817880,-16.59811
2024-05-02 10:15:40.833510,-11.49467
2024-05-02 10:15:40.849140,-6.874557
2024-05-02 10:15:40.864760,-3.014847
2024-05-02 10:15:40.880390,-0.04333496
2024-05-02 10:15:40.896010,2.031662
2024-05-02 10:15:40.911640,3.269196
2024-05-02 10:15:40.927260,3.778931
2024-05-02 10:15:40.942890,3.732574
2024-05-02 10:15:40.958520,3.327049
2024-05-02 10:15:40.974140,2.806313
2024-05-02 10:15:40.989770,2.417404
2024-05-02 10:15:41.005390,2.345352
2024-05-02 10:15:41.021020,2.654739
2024-05-02 10:15:41.036640,3.258446
2024-05-02 10:15:41.052270,3.953796
2024-05-02 10:15:41.067900,4.479843
2024-05-02 10:15:41.083520,4.656525
2024-05-02 10:15:41.099150,4.415482
2024-05-02 10:15:41.114770,3.831375
2024-05-02 10:15:41.130400,3.026619
2024-05-02 10:15:41.146020,2.137474
2024-05-02 10:15:41.161650,1.232399
2024-05-02 10:15:41.177280,0.2964096
2024-05-02 10:15:41.192900,-0.75457
2024-05-02 10:15:41.208530,-2.032509
2024-05-02 10:15:41.224150,-3.60096
2024-05-02 10:15:41.239780,-5.491364
2024-05-02 10:15:41.255410,-7.693359
2024-05-02 10:15:41.271030,-10.18478
2024-05-02 10:15:41.286660,-12.94071
2024-05-02 10:15:41.302280,-15.87016
2024-05-02 10:15:41.317910,-18.74535
2024-05-02 10:15:41.333530,-21.13994
2024-05-02 10:15:41.349160,-22.48957
2024-05-02 10:15:41.364790,-22.2196
2024-05-02 10:15:41.380410,-19.97129
2024-05-02 10:15:41.396040,-15.76738
2024-05-02 10:15:41.411660,-10.07228
2024-05-02 10:15:41.427290,-3.660229
2024-05-02 10:15:41.442910,2.632694
2024-05-02 10:15:41.458540,8.140202
2024-05-02 10:15:41.474170,12.52408
2024-05-02 10:15:41.489790,15.71943
2024-05-02 10:15:41.505420,17.82621
2024-05-02 10:15:41.521040,19.00135
2024-05-02 10:15:41.536670,19.40586
2024-05-02 10:15:41.552290,19.24085
2024-05-02 10:15:41.567920,18.79147
2024-05-02 10:15:41.583550,18.41433
2024-05-02 10:15:41.599170,18.42388
2024-05-02 10:15:41.614800,18.97425
2024-05-02 10:15:41.630420,19.95901
2024-05-02 10:15:41.646050,21.06668
2024-05-02 10:15:41.661670,21.8962
2024-05-02 10:15:41.677300,22.12452
2024-05-02 10:15:41.692930,21.62026
2024-05-02 10:15:41.708550,20.43499
2024-05-02 10:15:41.724180,18.73694
2024-05-02 10:15:41.739800,16.72581
2024-05-02 10:15:41.755430,14.56523
2024-05-02 10:15:41.771050,12.4146
2024-05-02 10:15:41.786680,10.41584
2024-05-02 10:15:41.802310,8.68578
2024-05-02 10:15:41.817930,7.266626
2024-05-02 10:15:41.833560,6.071102
2024-05-02 10:15:41.849180,4.870441
2024-05-02 10:15:41.864810,3.349718
2024-05-02 10:15:41.880430,1.236893
2024-05-02 10:15:41.896060,-1.558029
2024-05-02 10:15:41.911690,-4.877399
2024-05-02 10:15:41.927310,-8.290031
2024-05-02 10:15:41.942940,-11.18491
2024-05-02 10:15:41.958560,-12.9166
2024-05-02 10:15:41.974190,-12.99288
2024-05-02 10:15:41.989810,-11.21126
2024-05-02 10:15:42.005440,-7.732414
2024-05-02 10:15:42.021070,-3.028053
2024-05-02 10:15:42.036690,2.274162
2024-05-02 10:15:42.052320,7.538181
2024-05-02 10:15:42.067940,12.28622
2024-05-02 10:15:42.083570,16.2272
2024-05-02 10:15:42.099190,19.23983
2024-05-02 10:15:42.114820,21.31861
2024-05-02 10:15:42.130450,22.52225
2024-05-02 10:15:42.146070,23.00468
2024-05-02 10:15:42.161700,22.99178
2024-05-02 10:15:42.177320,22.77316
2024-05-02 10:15:42.192950,22.62664
2024-05-02 10:15:42.208570,22.72385
2024-05-02 10:15:42.224200,23.06405
2024-05-02 10:15:42.239830,23.50631
2024-05-02 10:15:42.255450,23.79507
2024-05-02 10:15:42.271080,23.69866
2024-05-02 10:15:42.286700,23.06838
2024-05-02 10:15:42.302330,21.8874
2024-05-02 10:15:42.317950,20.23528
2024-05-02 10:15:42.333580,18.25832
2024-05-02 10:15:42.349210,16.14955
2024-05-02 10:15:42.364830,14.08353
2024-05-02 10:15:42.380460,12.18
2024-05-02 10:15:42.396080,10.47473
2024-05-02 10:15:42.411710,8.859291
2024-05-02 10:15:42.427330,7.096474
2024-05-02 10:15:42.442960,4.89959
2024-05-02 10:15:42.458590,2.026207
2024-05-02 10:15:42.474210,-1.643898
2024-05-02 10:15:42.489840,-6.05603
2024-05-02 10:15:42.505460,-10.99535
2024-05-02 10:15:42.521090,-16.11513
2024-05-02 10:15:42.536710,-20.91216
2024-05-02 10:15:42.552340,-24.80196
2024-05-02 10:15:42.567970,-27.17513
2024-05-02 10:15:42.583590,-27.57368
2024-05-02 10:15:42.599220,-25.82275
2024-05-02 10:15:42.614840,-22.12321
2024-05-02 10:15:42.630470,-17.00575
2024-05-02 10:15:42.646090,-11.16331
2024-05-02 10:15:42.661720,-5.234978
2024-05-02 10:15:42.677350,0.3158264
2024-05-02 10:15:42.692970,5.25235
2024-05-02 10:15:42.708600,9.46595
2024-05-02 10:15:42.724220,12.87814
2024-05-02 10:15:42.739850,15.43766
2024-05-02 10:15:42.755470,17.11908
2024-05-02 10:15:42.771100,17.99522
2024-05-02 10:15:42.786730,18.25101
2024-05-02 10:15:42.802350,18.12219
2024-05-02 10:15:42.817980,17.80835
2024-05-02 10:15:42.833600,17.38126
2024-05-02 10:15:42.849230,16.80363
2024-05-02 10:15:42.864850,15.9764
2024-05-02 10:15:42.880480,14.80476
2024-05-02 10:15:42.896110,13.28271
2024-05-02 10:15:42.911730,11.48148
2024-05-02 10:15:42.927360,9.498901
2024-05-02 10:15:42.942980,7.43203
2024-05-02 10:15:42.958610,5.348381
2024-05-02 10:15:42.974230,3.298096
2024-05-02 10:15:42.989860,1.32692
2024-05-02 10:15:43.005490,-0.5333939
2024-05-02 10:15:43.021110,-2.250687
2024-05-02 10:15:43.036740,-3.832115
2024-05-02 10:15:43.052360,-5.331619
2024-05-02 10:15:43.067990,-6.851143
2024-05-02 10:15:43.083610,-8.506714
2024-05-02 10:15:43.099240,-10.42148
2024-05-02 10:15:43.114870,-12.73357
2024-05-02 10:15:43.130490,-15.56048
2024-05-02 10:15:43.146120,-18.999
2024-05-02 10:15:43.161740,-22.99659
2024-05-02 10:15:43.177370,-27.31803
2024-05-02 10:15:43.192990,-31.47925
2024-05-02 10:15:43.208620,-34.80179
2024-05-02 10:15:43.224250,-36.59807
2024-05-02 10:15:43.239870,-36.39078
2024-05-02 10:15:43.255500,-34.10272
2024-05-02 10:15:43.271120,-30.05282
2024-05-02 10:15:43.286750,-24.84193
2024-05-02 10:15:43.302370,-19.09982
2024-05-02 10:15:43.318000,-13.293
2024-05-02 10:15:43.333630,-7.652
2024-05-02 10:15:43.349250,-2.228386
2024-05-02 10:15:43.364880,2.942062
2024-05-02 10:15:43.380500,7.708626
2024-05-02 10:15:43.396130,11.79469
2024-05-02 10:15:43.411760,14.92997
2024-05-02 10:15:43.427380,17.00176
2024-05-02 10:15:43.443010,18.16824
2024-05-02 10:15:43.458630,18.81709
2024-05-02 10:15:43.474260,19.39478
2024-05-02 10:15:43.489880,20.20335
2024-05-02 10:15:43.505510,21.24149
2024-05-02 10:15:43.521140,22.25456
2024-05-02 10:15:43.536760,22.8946
2024-05-02 10:15:43.552390,22.91687
2024-05-02 10:15:43.568010,22.30013
2024-05-02 10:15:43.583640,21.21329
2024-05-02 10:15:43.599260,19.87698
2024-05-02 10:15:43.614890,18.38249
2024-05-02 10:15:43.630520,16.64751
2024-05-02 10:15:43.646140,14.46323
2024-05-02 10:15:43.661770,11.69993
2024-05-02 10:15:43.677390,8.403656
2024-05-02 10:15:43.693020,4.865997
2024-05-02 10:15:43.708640,1.458549
2024-05-02 10:15:43.724270,-1.52729
2024-05-02 10:15:43.739900,-4.030823
2024-05-02 10:15:43.755520,-6.225349
2024-05-02 10:15:43.771150,-8.401039
2024-05-02 10:15:43.786770,-10.84793
2024-05-02 10:15:43.802400,-13.7484
2024-05-02 10:15:43.818020,-17.20503
2024-05-02 10:15:43.833650,-21.24507
2024-05-02 10:15:43.849280,-25.8096
2024-05-02 10:15:43.864900,-30.64604
2024-05-02 10:15:43.880530,-35.21784
2024-05-02 10:15:43.896150,-38.71398
2024-05-02 10:15:43.911780,-40.26178
2024-05-02 10:15:43.927400,-39.23096
2024-05-02 10:15:43.943030,-35.49861
2024-05-02 10:15:43.958660,-29.55093
2024-05-02 10:15:43.974280,-22.29011
2024-05-02 10:15:43.989910,-14.71434
2024-05-02 10:15:44.005530,-7.59259
2024-05-02 10:15:44.021160,-1.316833
2024-05-02 10:15:44.036780,4.008545
2024-05-02 10:15:44.052410,8.411987
2024-05-02 10:15:44.068040,11.85962
2024-05-02 10:15:44.083660,14.23544
2024-05-02 10:15:44.099290,15.43921
2024-05-02 10:15:44.114910,15.52525
2024-05-02 10:15:44.130540,14.78593
2024-05-02 10:15:44.146160,13.73318
2024-05-02 10:15:44.161790,12.92543
2024-05-02 10:15:44.177420,12.76683
2024-05-02 10:15:44.193040,13.386
2024-05-02 10:15:44.208670,14.57578
2024-05-02 10:15:44.224290,15.8934
2024-05-02 10:15:44.239920,16.84303
2024-05-02 10:15:44.255540,17.08302
2024-05-02 10:15:44.271170,16.53059
2024-05-02 10:15:44.286800,15.35518
2024-05-02 10:15:44.302420,13.82834
2024-05-02 10:15:44.318050,12.16119
2024-05-02 10:15:44.333670,10.39818
2024-05-02 10:15:44.349300,8.432495
2024-05-02 10:15:44.364920,6.137009
2024-05-02 10:15:44.380550,3.505997
2024-05-02 10:15:44.396180,0.7281342
2024-05-02 10:15:44.411800,-1.908524
2024-05-02 10:15:44.427430,-4.132233
2024-05-02 10:15:44.443050,-5.866226
2024-05-02 10:15:44.458680,-7.22731
2024-05-02 10:15:44.474300,-8.479889
2024-05-02 10:15:44.489930,-9.899536
2024-05-02 10:15:44.505560,-11.68803
2024-05-02 10:15:44.521180,-13.94818
2024-05-02 10:15:44.536810,-16.73332
2024-05-02 10:15:44.552430,-20.08923
2024-05-02 10:15:44.568060,-23.95107
2024-05-02 10:15:44.583680,-28.06747
2024-05-02 10:15:44.599310,-31.88766
2024-05-02 10:15:44.614940,-34.62572
2024-05-02 10:15:44.630560,-35.45732
2024-05-02 10:15:44.646190,-33.80948
2024-05-02 10:15:44.661810,-29.59485
2024-05-02 10:15:44.677440,-23.26349
2024-05-02 10:15:44.693060,-15.66692
2024-05-02 10:15:44.708690,-7.740005
2024-05-02 10:15:44.724320,-0.2735291
2024-05-02 10:15:44.739940,6.248978
2024-05-02 10:15:44.755570,11.61981
2024-05-02 10:15:44.771190,15.77782
2024-05-02 10:15:44.786820,18.73332
2024-05-02 10:15:44.802440,20.53461
2024-05-02 10:15:44.818070,21.32123
2024-05-02 10:15:44.833700,21.388
2024-05-02 10:15:44.849320,21.14989
2024-05-02 10:15:44.864950,21.04709
2024-05-02 10:15:44.880570,21.36307
2024-05-02 10:15:44.896200,22.13731
2024-05-02 10:15:44.911820,23.14557
2024-05-02 10:15:44.927450,24.04874
2024-05-02 10:15:44.943080,24.53181
2024-05-02 10:15:44.958700,24.46181
2024-05-02 10:15:44.974330,23.92229
2024-05-02 10:15:44.989950,23.11847
2024-05-02 10:15:45.005580,22.24797
2024-05-02 10:15:45.021200,21.41977
2024-05-02 10:15:45.036830,20.63261
2024-05-02 10:15:45.052460,19.81293
2024-05-02 10:15:45.068080,18.88593
2024-05-02 10:15:45.083710,17.80226
2024-05-02 10:15:45.099330,16.54868
2024-05-02 10:15:45.114960,15.1221
2024-05-02 10:15:45.130580,13.48866
2024-05-02 10:15:45.146210,11.61047
2024-05-02 10:15:45.161840,9.448318
2024-05-02 10:15:45.177460,7.003906
2024-05-02 10:15:45.193090,4.306351
2024-05-02 10:15:45.208710,1.393738
2024-05-02 10:15:45.224340,-1.724609
2024-05-02 10:15:45.239960,-5.021942
2024-05-02 10:15:45.255590,-8.365189
2024-05-02 10:15:45.271220,-11.43213
2024-05-02 10:15:45.286840,-13.67673
2024-05-02 10:15:45.302470,-14.44957
2024-05-02 10:15:45.318090,-13.23578
2024-05-02 10:15:45.333720,-9.903549
2024-05-02 10:15:45.349340,-4.828857
2024-05-02 10:15:45.364970,1.194077
2024-05-02 10:15:45.380600,7.198151
2024-05-02 10:15:45.396220,12.39983
2024-05-02 10:15:45.411850,16.38774
2024-05-02 10:15:45.427470,19.15218
2024-05-02 10:15:45.443100,20.88853
2024-05-02 10:15:45.458720,21.79926
2024-05-02 10:15:45.474350,21.97455
2024-05-02 10:15:45.489980,21.4071
2024-05-02 10:15:45.505600,20.11717
2024-05-02 10:15:45.521230,18.28343
2024-05-02 10:15:45.536850,16.27083
2024-05-02 10:15:45.552480,14.50554
2024-05-02 10:15:45.568100,13.32312
2024-05-02 10:15:45.583730,12.81992
2024-05-02 10:15:45.599360,12.80252
2024-05-02 10:15:45.614980,12.88477
2024-05-02 10:15:45.630610,12.61551
2024-05-02 10:15:45.646230,11.66426
2024-05-02 10:15:45.661860,9.933655
2024-05-02 10:15:45.677480,7.564987
2024-05-02 10:15:45.693110,4.843246
2024-05-02 10:15:45.708740,2.09082
2024-05-02 10:15:45.724360,-0.498764
2024-05-02 10:15:45.739990,-2.904373
2024-05-02 10:15:45.755610,-5.262253
2024-05-02 10:15:45.771240,-7.791809
2024-05-02 10:15:45.786870,-10.68988
2024-05-02 10:15:45.802490,-14.02435
2024-05-02 10:15:45.818120,-17.76614
2024-05-02 10:15:45.833740,-21.81306
2024-05-02 10:15:45.849370,-26.00439
2024-05-02 10:15:45.864990,-30.1132
2024-05-02 10:15:45.880620,-33.79272
2024-05-02 10:15:45.896250,-36.54082
2024-05-02 10:15:45.911870,-37.77829
2024-05-02 10:15:45.927500,-36.99097
2024-05-02 10:15:45.943120,-33.95183
2024-05-02 10:15:45.958750,-28.84656
2024-05-02 10:15:45.974370,-22.28276
2024-05-02 10:15:45.990000,-15.08142
2024-05-02 10:15:46.005630,-8.075424
2024-05-02 10:15:46.021250,-1.861725
2024-05-02 10:15:46.036880,3.279495
2024-05-02 10:15:46.052500,7.326584
2024-05-02 10:15:46.068130,10.3708
2024-05-02 10:15:46.083750,12.53169
2024-05-02 10:15:46.099380,13.87242
2024-05-02 10:15:46.115010,14.47069
2024-05-02 10:15:46.130630,14.47836
2024-05-02 10:15:46.146260,14.11279
2024-05-02 10:15:46.161880,13.64514
2024-05-02 10:15:46.177510,13.31627
2024-05-02 10:15:46.193130,13.26152
2024-05-02 10:15:46.208760,13.494
2024-05-02 10:15:46.224390,13.87434
2024-05-02 10:15:46.240010,14.18509
2024-05-02 10:15:46.255640,14.19482
2024-05-02 10:15:46.271260,13.726
2024-05-02 10:15:46.286890,12.71776
2024-05-02 10:15:46.302510,11.2674
2024-05-02 10:15:46.318140,9.551392
2024-05-02 10:15:46.333770,7.748642
2024-05-02 10:15:46.349390,5.962189
2024-05-02 10:15:46.365020,4.16124
2024-05-02 10:15:46.380640,2.223099
2024-05-02 10:15:46.396270,0.0151825
2024-05-02 10:15:46.411890,-2.508209
2024-05-02 10:15:46.427520,-5.287643
2024-05-02 10:15:46.443150,-8.199768
2024-05-02 10:15:46.458770,-11.17699
2024-05-02 10:15:46.474400,-14.27925
2024-05-02 10:15:46.490020,-17.63501
2024-05-02 10:15:46.505650,-21.2961
2024-05-02 10:15:46.521270,-25.03511
2024-05-02 10:15:46.536900,-28.26662
2024-05-02 10:15:46.552530,-30.16133
2024-05-02 10:15:46.568150,-29.95331
2024-05-02 10:15:46.583780,-27.2545
2024-05-02 10:15:46.599400,-22.283
2024-05-02 10:15:46.615030,-15.78049
2024-05-02 10:15:46.630650,-8.745224
2024-05-02 10:15:46.646280,-2.092331
2024-05-02 10:15:46.661910,3.604813
2024-05-02 10:15:46.677530,8.156845
2024-05-02 10:15:46.693160,11.6355
2024-05-02 10:15:46.708780,14.19186
2024-05-02 10:15:46.724410,15.97614
2024-05-02 10:15:46.740030,17.10228
2024-05-02 10:15:46.755660,17.71744
2024-05-02 10:15:46.771290,18.03392
2024-05-02 10:15:46.786910,18.2861
2024-05-02 10:15:46.802540,18.67914
2024-05-02 10:15:46.818160,19.30263
2024-05-02 10:15:46.833790,20.11545
2024-05-02 10:15:46.849410,20.95786
2024-05-02 10:15:46.865040,21.62677
2024-05-02 10:15:46.880670,21.94817
2024-05-02 10:15:46.896290,21.82993
2024-05-02 10:15:46.911920,21.24956
2024-05-02 10:15:46.927540,20.26208
2024-05-02 10:15:46.943170,18.92538
2024-05-02 10:15:46.958790,17.26378
2024-05-02 10:15:46.974420,15.27672
2024-05-02 10:15:46.990050,12.92004
2024-05-02 10:15:47.005670,10.18997
2024-05-02 10:15:47.021300,7.146057
2024-05-02 10:15:47.036920,3.946564
2024-05-02 10:15:47.052550,0.8082123
2024-05-02 10:15:47.068170,-2.054352
2024-05-02 10:15:47.083800,-4.472198
2024-05-02 10:15:47.099430,-6.441742
2024-05-02 10:15:47.115050,-8.15509
2024-05-02 10:15:47.130680,-9.986237
2024-05-02 10:15:47.146300,-12.38423
2024-05-02 10:15:47.161930,-15.69209
2024-05-02 10:15:47.177550,-19.88402
2024-05-02 10:15:47.193180,-24.43069
2024-05-02 10:15:47.208810,-28.37767
2024-05-02 10:15:47.224430,-30.61516
2024-05-02 10:15:47.240060,-30.30455
2024-05-02 10:15:47.255680,-27.20523
2024-05-02 10:15:47.271310,-21.78391
2024-05-02 10:15:47.286930,-14.99371
2024-05-02 10:15:47.302560,-7.90596
2024-05-02 10:15:47.318190,-1.36795
2024-05-02 10:15:47.333810,4.163971
2024-05-02 10:15:47.349440,8.565186
2024-05-02 10:15:47.365060,11.86388
2024-05-02 10:15:47.380690,14.08086
2024-05-02 10:15:47.396310,15.2144
2024-05-02 10:15:47.411940,15.30551
2024-05-02 10:15:47.427570,14.59192
2024-05-02 10:15:47.443190,13.52515
2024-05-02 10:15:47.458820,12.66592
2024-05-02 10:15:47.474440,12.49188
2024-05-02 10:15:47.490070,13.17065
2024-05-02 10:15:47.505690,14.50175
2024-05-02 10:15:47.521320,16.00215
2024-05-02 10:15:47.536950,17.12727
2024-05-02 10:15:47.552570,17.51428
2024-05-02 10:15:47.568200,17.10834
2024-05-02 10:15:47.583820,16.16328
2024-05-02 10:15:47.599450,15.09076
2024-05-02 10:15:47.615070,14.19751
2024-05-02 10:15:47.630700,13.56175
2024-05-02 10:15:47.646330,13.00734
2024-05-02 10:15:47.661950,12.20631
2024-05-02 10:15:47.677580,10.86771
2024-05-02 10:15:47.693200,8.877304
2024-05-02 10:15:47.708830,6.390091
2024-05-02 10:15:47.724450,3.700073
2024-05-02 10:15:47.740080,1.150833
2024-05-02 10:15:47.755710,-1.029037
2024-05-02 10:15:47.771330,-2.802841
2024-05-02 10:15:47.786960,-4.309875
2024-05-02 10:15:47.802580,-5.788269
2024-05-02 10:15:47.818210,-7.500809
2024-05-02 10:15:47.833830,-9.653976
2024-05-02 10:15:47.849460,-12.35007
2024-05-02 10:15:47.865090,-15.5422
2024-05-02 10:15:47.880710,-18.95702
2024-05-02 10:15:47.896340,-22.0527
2024-05-02 10:15:47.911960,-24.08458
2024-05-02 10:15:47.927590,-24.2964
2024-05-02 10:15:47.943210,-22.2021
2024-05-02 10:15:47.958840,-17.82907
2024-05-02 10:15:47.974470,-11.78181
2024-05-02 10:15:47.990090,-5.076607
2024-05-02 10:15:48.005720,1.169098
2024-05-02 10:15:48.021340,6.100555
2024-05-02 10:15:48.036970,9.313553
2024-05-02 10:15:48.052590,10.84826
2024-05-02 10:15:48.068220,11.05038
2024-05-02 10:15:48.083850,10.36773
2024-05-02 10:15:48.099470,9.243263
2024-05-02 10:15:48.115100,8.066177
2024-05-02 10:15:48.130720,7.18441
2024-05-02 10:15:48.146350,6.865005
2024-05-02 10:15:48.161970,7.263435
2024-05-02 10:15:48.177600,8.34552
2024-05-02 10:15:48.193230,9.857811
2024-05-02 10:15:48.208850,11.42667
2024-05-02 10:15:48.224480,12.67845
2024-05-02 10:15:48.240100,13.3769
2024-05-02 10:15:48.255730,13.52556
2024-05-02 10:15:48.271350,13.30768
2024-05-02 10:15:48.286980,12.97577
2024-05-02 10:15:48.302610,12.70967
2024-05-02 10:15:48.318230,12.49081
2024-05-02 10:15:48.333860,12.06351
2024-05-02 10:15:48.349480,11.05219
2024-05-02 10:15:48.365110,9.122444
2024-05-02 10:15:48.380740,6.163925
2024-05-02 10:15:48.396360,2.386497
2024-05-02 10:15:48.411990,-1.683174
2024-05-02 10:15:48.427610,-5.400131
2024-05-02 10:15:48.443240,-8.214386
2024-05-02 10:15:48.458860,-9.907677
2024-05-02 10:15:48.474490,-10.66021
2024-05-02 10:15:48.490120,-10.98669
2024-05-02 10:15:48.505740,-11.53596
2024-05-02 10:15:48.521370,-12.85872
2024-05-02 10:15:48.536990,-15.16223
2024-05-02 10:15:48.552620,-18.27369
2024-05-02 10:15:48.568240,-21.6313
2024-05-02 10:15:48.583870,-24.47512
2024-05-02 10:15:48.599500,-26.02149
2024-05-02 10:15:48.615120,-25.702
2024-05-02 10:15:48.630750,-23.28455
2024-05-02 10:15:48.646370,-18.95311
2024-05-02 10:15:48.662000,-13.25336
2024-05-02 10:15:48.677620,-6.962231
2024-05-02 10:15:48.693250,-0.8966484
2024-05-02 10:15:48.708880,4.241295
2024-05-02 10:15:48.724500,8.018311
2024-05-02 10:15:48.740130,10.29338
2024-05-02 10:15:48.755750,11.19826
2024-05-02 10:15:48.771380,11.04013
2024-05-02 10:15:48.787000,10.19984
2024-05-02 10:15:48.802630,9.06216
2024-05-02 10:15:48.818260,7.967476
2024-05-02 10:15:48.833880,7.173439
2024-05-02 10:15:48.849510,6.838081
2024-05-02 10:15:48.865130,6.976082
2024-05-02 10:15:48.880760,7.481701
2024-05-02 10:15:48.896380,8.116716
2024-05-02 10:15:48.912010,8.612745
2024-05-02 10:15:48.927640,8.758133
2024-05-02 10:15:48.943260,8.49856
2024-05-02 10:15:48.958890,7.956741
2024-05-02 10:15:48.974510,7.351141
2024-05-02 10:15:48.990140,6.876682
2024-05-02 10:15:49.005760,6.585295
2024-05-02 10:15:49.021390,6.33724
2024-05-02 10:15:49.037020,5.886856
2024-05-02 10:15:49.052640,5.002882
2024-05-02 10:15:49.068270,3.616362
2024-05-02 10:15:49.083890,1.840827
2024-05-02 10:15:49.099520,-0.06180286
2024-05-02 10:15:49.115140,-1.823238
2024-05-02 10:15:49.130770,-3.265478
2024-05-02 10:15:49.146400,-4.388115
2024-05-02 10:15:49.162020,-5.364633
2024-05-02 10:15:49.177650,-6.47627
2024-05-02 10:15:49.193270,-8.002586
2024-05-02 10:15:49.208900,-10.10046
2024-05-02 10:15:49.224520,-12.69593
2024-05-02 10:15:49.240150,-15.42301
2024-05-02 10:15:49.255780,-17.6871
2024-05-02 10:15:49.271400,-18.8006
2024-05-02 10:15:49.287030,-18.21407
2024-05-02 10:15:49.302650,-15.72816
2024-05-02 10:15:49.318280,-11.58727
2024-05-02 10:15:49.333900,-6.456067
2024-05-02 10:15:49.349530,-1.211349
2024-05-02 10:15:49.365160,3.290964
2024-05-02 10:15:49.380780,6.475251
2024-05-02 10:15:49.396410,8.140573
2024-05-02 10:15:49.412030,8.452403
2024-05-02 10:15:49.427660,7.77632
2024-05-02 10:15:49.443280,6.535526
2024-05-02 10:15:49.458910,5.083574
2024-05-02 10:15:49.474540,3.684799
2024-05-02 10:15:49.490160,2.54211
2024-05-02 10:15:49.505790,1.833076
2024-05-02 10:15:49.521410,1.707338
2024-05-02 10:15:49.537040,2.243057
2024-05-02 10:15:49.552660,3.378666
2024-05-02 10:15:49.568290,4.868015
2024-05-02 10:15:49.583920,6.346304
2024-05-02 10:15:49.599540,7.437691
2024-05-02 10:15:49.615170,7.881813
2024-05-02 10:15:49.630790,7.601509
2024-05-02 10:15:49.646420,6.684292
2024-05-02 10:15:49.662040,5.303234
2024-05-02 10:15:49.677670,3.610012
2024-05-02 10:15:49.693300,1.707073
2024-05-02 10:15:49.708920,-0.3464241
2024-05-02 10:15:49.724550,-2.469868
2024-05-02 10:15:49.740170,-4.562847
2024-05-02 10:15:49.755800,-6.532486
2024-05-02 10:15:49.771420,-8.376949
2024-05-02 10:15:49.787050,-10.2523
2024-05-02 10:15:49.802680,-12.43147
2024-05-02 10:15:49.818300,-15.12664
2024-05-02 10:15:49.833930,-18.29776
2024-05-02 10:15:49.849550,-21.51106
2024-05-02 10:15:49.865180,-24.01725
2024-05-02 10:15:49.880800,-24.9703
2024-05-02 10:15:49.896430,-23.79112
2024-05-02 10:15:49.912060,-20.41645
2024-05-02 10:15:49.927680,-15.35577
2024-05-02 10:15:49.943310,-9.474022
2024-05-02 10:15:49.958930,-3.704006
2024-05-02 10:15:49.974560,1.255707
2024-05-02 10:15:49.990180,5.071449
2024-05-02 10:15:50.005810,7.713665
2024-05-02 10:15:50.021440,9.286919
2024-05-02 10:15:50.037060,9.893051
2024-05-02 10:15:50.052690,9.63591
2024-05-02 10:15:50.068310,8.682106
2024-05-02 10:15:50.083940,7.346123
2024-05-02 10:15:50.099560,6.064163
2024-05-02 10:15:50.115190,5.27977
2024-05-02 10:15:50.130820,5.26693
2024-05-02 10:15:50.146440,5.989433
2024-05-02 10:15:50.162070,7.151085
2024-05-02 10:15:50.177690,8.293175
2024-05-02 10:15:50.193320,8.981277
2024-05-02 10:15:50.208940,8.952538
2024-05-02 10:15:50.224570,8.157913
2024-05-02 10:15:50.240200,6.700401
2024-05-02 10:15:50.255820,4.767166
2024-05-02 10:15:50.271450,2.547874
2024-05-02 10:15:50.287070,0.2205353
2024-05-02 10:15:50.302700,-2.061943
2024-05-02 10:15:50.318320,-4.178772
2024-05-02 10:15:50.333950,-6.083611
2024-05-02 10:15:50.349580,-7.83049
2024-05-02 10:15:50.365200,-9.597359
2024-05-02 10:15:50.380830,-11.64099
2024-05-02 10:15:50.396450,-14.16339
2024-05-02 10:15:50.412080,-17.20833
2024-05-02 10:15:50.427700,-20.5266
2024-05-02 10:15:50.443330,-23.55093
2024-05-02 10:15:50.458960,-25.52023
2024-05-02 10:15:50.474580,-25.70596
2024-05-02 10:15:50.490210,-23.66544
2024-05-02 10:15:50.505830,-19.46426
2024-05-02 10:15:50.521460,-13.65838
2024-05-02 10:15:50.537090,-7.147873
2024-05-02 10:15:50.552710,-0.8876953
2024-05-02 10:15:50.568340,4.394615
2024-05-02 10:15:50.583960,8.310333
2024-05-02 10:15:50.599590,10.80324
2024-05-02 10:15:50.615210,12.03653
2024-05-02 10:15:50.630840,12.2882
2024-05-02 10:15:50.646470,11.87431
2024-05-02 10:15:50.662090,11.15076
2024-05-02 10:15:50.677720,10.48296
2024-05-02 10:15:50.693340,10.1873
2024-05-02 10:15:50.708970,10.46459
2024-05-02 10:15:50.724590,11.29716
2024-05-02 10:15:50.740220,12.44982
2024-05-02 10:15:50.755850,13.57672
2024-05-02 10:15:50.771470,14.32679
2024-05-02 10:15:50.787100,14.45321
2024-05-02 10:15:50.802720,13.87074
2024-05-02 10:15:50.818350,12.63654
2024-05-02 10:15:50.833970,10.90376
2024-05-02 10:15:50.849600,8.866905
2024-05-02 10:15:50.865230,6.729942
2024-05-02 10:15:50.880850,4.643845
2024-05-02 10:15:50.896480,2.689331
2024-05-02 10:15:50.912100,0.8336105
2024-05-02 10:15:50.927730,-1.038124
2024-05-02 10:15:50.943350,-3.070465
2024-05-02 10:15:50.958980,-5.375381
2024-05-02 10:15:50.974610,-7.995689
2024-05-02 10:15:50.990230,-10.91074
2024-05-02 10:15:51.005860,-14.06414
2024-05-02 10:15:51.021480,-17.31255
2024-05-02 10:15:51.037110,-20.38849
2024-05-02 10:15:51.052730,-22.82872
2024-05-02 10:15:51.068360,-24.02754
2024-05-02 10:15:51.083990,-23.41406
2024-05-02 10:15:51.099610,-20.73073
2024-05-02 10:15:51.115240,-16.21144
2024-05-02 10:15:51.130860,-10.57318
2024-05-02 10:15:51.146490,-4.778061
2024-05-02 10:15:51.162110,0.3068085
2024-05-02 10:15:51.177740,4.193207
2024-05-02 10:15:51.193370,6.8293
2024-05-02 10:15:51.208990,8.448013
2024-05-02 10:15:51.224620,9.370224
2024-05-02 10:15:51.240240,9.790573
2024-05-02 10:15:51.255870,9.792496
2024-05-02 10:15:51.271490,9.439529
2024-05-02 10:15:51.287120,8.889206
2024-05-02 10:15:51.302750,8.409973
2024-05-02 10:15:51.318370,8.271866
2024-05-02 10:15:51.334000,8.609055
2024-05-02 10:15:51.349620,9.33403
2024-05-02 10:15:51.365250,10.16508
2024-05-02 10:15:51.380870,10.73151
2024-05-02 10:15:51.396500,10.74951
2024-05-02 10:15:51.412130,10.1411
2024-05-02 10:15:51.427750,9.054001
2024-05-02 10:15:51.443380,7.768661
2024-05-02 10:15:51.459000,6.561966
2024-05-02 10:15:51.474630,5.590134
2024-05-02 10:15:51.490250,4.825607
2024-05-02 10:15:51.505880,4.111282
2024-05-02 10:15:51.521510,3.272797
2024-05-02 10:15:51.537130,2.190994
2024-05-02 10:15:51.552760,0.8450928
2024-05-02 10:15:51.568380,-0.748703
2024-05-02 10:15:51.584010,-2.575546
2024-05-02 10:15:51.599630,-4.674683
2024-05-02 10:15:51.615260,-7.089432
2024-05-02 10:15:51.630890,-9.7621
2024-05-02 10:15:51.646510,-12.4313
2024-05-02 10:15:51.662140,-14.63615
2024-05-02 10:15:51.677760,-15.8282
2024-05-02 10:15:51.693390,-15.55333
2024-05-02 10:15:51.709010,-13.66937
2024-05-02 10:15:51.724640,-10.40096
2024-05-02 10:15:51.740270,-6.26947
2024-05-02 10:15:51.755890,-1.904709
2024-05-02 10:15:51.771520,2.146851
2024-05-02 10:15:51.787140,5.55188
2024-05-02 10:15:51.802770,8.173889
2024-05-02 10:15:51.818390,9.997665
2024-05-02 10:15:51.834020,11.03323
2024-05-02 10:15:51.849650,11.2872
2024-05-02 10:15:51.865270,10.81767
2024-05-02 10:15:51.880900,9.779572
2024-05-02 10:15:51.896520,8.443497
2024-05-02 10:15:51.912150,7.140457
2024-05-02 10:15:51.927770,6.168732
2024-05-02 10:15:51.943400,5.677933
2024-05-02 10:15:51.959030,5.661301
2024-05-02 10:15:51.974650,5.977844
2024-05-02 10:15:51.990280,6.417542
2024-05-02 10:15:52.005900,6.784531
2024-05-02 10:15:52.021530,6.92334
2024-05-02 10:15:52.037150,6.76619
2024-05-02 10:15:52.052780,6.325638
2024-05-02 10:15:52.068410,5.668854
2024-05-02 10:15:52.084030,4.878113
2024-05-02 10:15:52.099660,4.011078
2024-05-02 10:15:52.115280,3.069427
2024-05-02 10:15:52.130910,1.97905
2024-05-02 10:15:52.146530,0.6329346
2024-05-02 10:15:52.162160,-1.050339
2024-05-02 10:15:52.177790,-3.108154
2024-05-02 10:15:52.193410,-5.516998
2024-05-02 10:15:52.209040,-8.185318
2024-05-02 10:15:52.224660,-11.00737
2024-05-02 10:15:52.240290,-13.82259
2024-05-02 10:15:52.255910,-16.40071
2024-05-02 10:15:52.271540,-18.43881
2024-05-02 10:15:52.287170,-19.56517
2024-05-02 10:15:52.302790,-19.42918
2024-05-02 10:15:52.318420,-17.83858
2024-05-02 10:15:52.334040,-14.87129
2024-05-02 10:15:52.349670,-10.91432
2024-05-02 10:15:52.365290,-6.628616
2024-05-02 10:15:52.380920,-2.749176
2024-05-02 10:15:52.396550,0.1079559
2024-05-02 10:15:52.412170,1.625626
2024-05-02 10:15:52.427800,1.875427
2024-05-02 10:15:52.443420,1.229004
2024-05-02 10:15:52.459050,0.1967773
2024-05-02 10:15:52.474670,-0.8143005
2024-05-02 10:15:52.490300,-1.621506
2024-05-02 10:15:52.505930,-2.266205
2024-05-02 10:15:52.521550,-2.917877
2024-05-02 10:15:52.537180,-3.683578
2024-05-02 10:15:52.552800,-4.54422
2024-05-02 10:15:52.568430,-5.382767
2024-05-02 10:15:52.584050,-6.111115
2024-05-02 10:15:52.599680,-6.788727
2024-05-02 10:15:52.615310,-7.624863
2024-05-02 10:15:52.630930,-8.892593
2024-05-02 10:15:52.646560,-10.75203
2024-05-02 10:15:52.662180,-13.13995
2024-05-02 10:15:52.677810,-15.7718
2024-05-02 10:15:52.693430,-18.29593
2024-05-02 10:15:52.709060,-20.43776
2024-05-02 10:15:52.724690,-22.16481
2024-05-02 10:15:52.740310,-23.66051
2024-05-02 10:15:52.755940,-25.20824
2024-05-02 10:15:52.771560,-27.03972
2024-05-02 10:15:52.787190,-29.27242
2024-05-02 10:15:52.802810,-31.85971
2024-05-02 10:15:52.818440,-34.66074
2024-05-02 10:15:52.834070,-37.45602
2024-05-02 10:15:52.849690,-39.94252
2024-05-02 10:15:52.865320,-41.71756
2024-05-02 10:15:52.880940,-42.33789
2024-05-02 10:15:52.896570,-41.38736
2024-05-02 10:15:52.912190,-38.65367
2024-05-02 10:15:52.927820,-34.27623
2024-05-02 10:15:52.943450,-28.72836
2024-05-02 10:15:52.959070,-22.74303
2024-05-02 10:15:52.974700,-17.08876
2024-05-02 10:15:52.990320,-12.34724
2024-05-02 10:15:53.005950,-8.795013
2024-05-02 10:15:53.021570,-6.419312
2024-05-02 10:15:53.037200,-5.007095
2024-05-02 10:15:53.052830,-4.275024
2024-05-02 10:15:53.068450,-3.948517
2024-05-02 10:15:53.084080,-3.795227
2024-05-02 10:15:53.099700,-3.615082
2024-05-02 10:15:53.115330,-3.264175
2024-05-02 10:15:53.130950,-2.649399
2024-05-02 10:15:53.146580,-1.788513
2024-05-02 10:15:53.162210,-0.806366
2024-05-02 10:15:53.177830,0.08297729
2024-05-02 10:15:53.193460,0.6383514
2024-05-02 10:15:53.209080,0.6524658
2024-05-02 10:15:53.224710,0.0272522
2024-05-02 10:15:53.240340,-1.218094
2024-05-02 10:15:53.255960,-2.946442
2024-05-02 10:15:53.271590,-4.9245
2024-05-02 10:15:53.287210,-6.895309
2024-05-02 10:15:53.302840,-8.618271
2024-05-02 10:15:53.318460,-9.918762
2024-05-02 10:15:53.334090,-10.71713
2024-05-02 10:15:53.349720,-11.05061
2024-05-02 10:15:53.365340,-11.07301
2024-05-02 10:15:53.380970,-11.05582
2024-05-02 10:15:53.396590,-11.31754
2024-05-02 10:15:53.412220,-12.08891
2024-05-02 10:15:53.427840,-13.39185
2024-05-02 10:15:53.443470,-14.93968
2024-05-02 10:15:53.459100,-16.1763
2024-05-02 10:15:53.474720,-16.43086
2024-05-02 10:15:53.490350,-15.19185
2024-05-02 10:15:53.505970,-12.30513
2024-05-02 10:15:53.521600,-8.039986
2024-05-02 10:15:53.537220,-2.941238
2024-05-02 10:15:53.552850,2.346855
2024-05-02 10:15:53.568480,7.309952
2024-05-02 10:15:53.584100,11.58839
2024-05-02 10:15:53.599730,14.93945
2024-05-02 10:15:53.615350,17.15139
2024-05-02 10:15:53.630980,18.07091
2024-05-02 10:15:53.646600,17.69925
2024-05-02 10:15:53.662230,16.32015
2024-05-02 10:15:53.677860,14.51059
2024-05-02 10:15:53.693480,13.00954
2024-05-02 10:15:53.709110,12.41722
2024-05-02 10:15:53.724730,12.98244
2024-05-02 10:15:53.740360,14.49908
2024-05-02 10:15:53.755980,16.4165
2024-05-02 10:15:53.771610,18.08176
2024-05-02 10:15:53.787240,19.00309
2024-05-02 10:15:53.802860,18.97717
2024-05-02 10:15:53.818490,18.10619
2024-05-02 10:15:53.834110,16.68921
2024-05-02 10:15:53.849740,15.06628
2024-05-02 10:15:53.865360,13.4993
2024-05-02 10:15:53.880990,12.10678
2024-05-02 10:15:53.896620,10.85805
2024-05-02 10:15:53.912240,9.617645
2024-05-02 10:15:53.927870,8.183342
2024-05-02 10:15:53.943490,6.329342
2024-05-02 10:15:53.959120,3.880486
2024-05-02 10:15:53.974740,0.746273
2024-05-02 10:15:53.990370,-2.961849
2024-05-02 10:15:54.006000,-6.850731
2024-05-02 10:15:54.021620,-10.27534
2024-05-02 10:15:54.037250,-12.44368
2024-05-02 10:15:54.052870,-12.67851
2024-05-02 10:15:54.068500,-10.64227
2024-05-02 10:15:54.084120,-6.497742
2024-05-02 10:15:54.099750,-0.9116287
2024-05-02 10:15:54.115380,5.171553
2024-05-02 10:15:54.131000,10.83064
2024-05-02 10:15:54.146630,15.38791
2024-05-02 10:15:54.162250,18.51912
2024-05-02 10:15:54.177880,20.21176
2024-05-02 10:15:54.193500,20.63113
2024-05-02 10:15:54.209130,20.01053
2024-05-02 10:15:54.224760,18.61377
2024-05-02 10:15:54.240380,16.73775
2024-05-02 10:15:54.256010,14.74951
2024-05-02 10:15:54.271630,13.00761
2024-05-02 10:15:54.287260,11.80078
2024-05-02 10:15:54.302880,11.22509
2024-05-02 10:15:54.318510,11.15052
2024-05-02 10:15:54.334140,11.20774
2024-05-02 10:15:54.349760,10.97965
2024-05-02 10:15:54.365390,10.13414
2024-05-02 10:15:54.381010,8.549847
2024-05-02 10:15:54.396640,6.361532
2024-05-02 10:15:54.412260,3.84296
2024-05-02 10:15:54.427890,1.249722
2024-05-02 10:15:54.443520,-1.288572
2024-05-02 10:15:54.459140,-3.802729
2024-05-02 10:15:54.474770,-6.461748
2024-05-02 10:15:54.490390,-9.461891
2024-05-02 10:15:54.506020,-12.89604
2024-05-02 10:15:54.521640,-16.69646
2024-05-02 10:15:54.537270,-20.53639
2024-05-02 10:15:54.552900,-23.89093
2024-05-02 10:15:54.568520,-26.08356
2024-05-02 10:15:54.584150,-26.50219
2024-05-02 10:15:54.599770,-24.77224
2024-05-02 10:15:54.615400,-20.97608
2024-05-02 10:15:54.631020,-15.60674
2024-05-02 10:15:54.646650,-9.465229
2024-05-02 10:15:54.662280,-3.35825
2024-05-02 10:15:54.677900,2.13242
2024-05-02 10:15:54.693530,6.758911
2024-05-02 10:15:54.709150,10.52118
2024-05-02 10:15:54.724780,13.49589
2024-05-02 10:15:54.740400,15.66383
2024-05-02 10:15:54.756030,16.94934
2024-05-02 10:15:54.771660,17.30242
2024-05-02 10:15:54.787280,16.8389
2024-05-02 10:15:54.802910,15.88602
2024-05-02 10:15:54.818530,14.8991
2024-05-02 10:15:54.834160,14.22613
2024-05-02 10:15:54.849780,14.02238
2024-05-02 10:15:54.865410,14.13202
2024-05-02 10:15:54.881040,14.19361
2024-05-02 10:15:54.896660,13.79749
2024-05-02 10:15:54.912290,12.68739
2024-05-02 10:15:54.927910,10.83634
2024-05-02 10:15:54.943540,8.44342
2024-05-02 10:15:54.959160,5.834824
2024-05-02 10:15:54.974790,3.309959
2024-05-02 10:15:54.990420,1.017136
2024-05-02 10:15:55.006040,-1.077156
2024-05-02 10:15:55.021670,-3.151855
2024-05-02 10:15:55.037290,-5.430885
2024-05-02 10:15:55.052920,-8.08033
2024-05-02 10:15:55.068540,-11.15468
2024-05-02 10:15:55.084170,-14.66105
2024-05-02 10:15:55.099800,-18.52875
2024-05-02 10:15:55.115420,-22.66277
2024-05-02 10:15:55.131050,-26.79913
2024-05-02 10:15:55.146670,-30.48628
2024-05-02 10:15:55.162300,-33.0639
2024-05-02 10:15:55.177920,-33.86076
2024-05-02 10:15:55.193550,-32.42416
2024-05-02 10:15:55.209180,-28.73342
2024-05-02 10:15:55.224800,-23.21539
2024-05-02 10:15:55.240430,-16.59758
2024-05-02 10:15:55.256050,-9.637985
2024-05-02 10:15:55.271680,-2.898689
2024-05-02 10:15:55.287300,3.29631
2024-05-02 10:15:55.302930,8.810989
2024-05-02 10:15:55.318560,13.54306
2024-05-02 10:15:55.334180,17.32733
2024-05-02 10:15:55.349810,20.04236
2024-05-02 10:15:55.365430,21.68129
2024-05-02 10:15:55.381060,22.45967
2024-05-02 10:15:55.396690,22.75009
2024-05-02 10:15:55.412310,22.94632
2024-05-02 10:15:55.427940,23.28548
2024-05-02 10:15:55.443560,23.78687
2024-05-02 10:15:55.459190,24.27806
2024-05-02 10:15:55.474810,24.52008
2024-05-02 10:15:55.490440,24.33359
2024-05-02 10:15:55.506070,23.65962
2024-05-02 10:15:55.521690,22.53136
2024-05-02 10:15:55.537320,21.01724
2024-05-02 10:15:55.552940,19.16177
2024-05-02 10:15:55.568570,16.98862
2024-05-02 10:15:55.584190,14.49985
2024-05-02 10:15:55.599820,11.74562
2024-05-02 10:15:55.615450,8.803589
2024-05-02 10:15:55.631070,5.79303
2024-05-02 10:15:55.646700,2.823242
2024-05-02 10:15:55.662320,-0.02716064
2024-05-02 10:15:55.677950,-2.741745
2024-05-02 10:15:55.693570,-5.351303
2024-05-02 10:15:55.709200,-7.919556
2024-05-02 10:15:55.724830,-10.55734
2024-05-02 10:15:55.740450,-13.41153
2024-05-02 10:15:55.756080,-16.6358
2024-05-02 10:15:55.771700,-20.28197
2024-05-02 10:15:55.787330,-24.17355
2024-05-02 10:15:55.802950,-27.80745
2024-05-02 10:15:55.818580,-30.40723
2024-05-02 10:15:55.834210,-31.13083
2024-05-02 10:15:55.849830,-29.38498
2024-05-02 10:15:55.865460,-25.10936
2024-05-02 10:15:55.881080,-18.84837
2024-05-02 10:15:55.896710,-11.53752
2024-05-02 10:15:55.912330,-4.143661
2024-05-02 10:15:55.927960,2.701096
2024-05-02 10:15:55.943590,8.79834
2024-05-02 10:15:55.959210,14.24628
2024-05-02 10:15:55.974840,19.13054
2024-05-02 10:15:55.990460,23.32629
2024-05-02 10:15:56.006090,26.53491
2024-05-02 10:15:56.021710,28.49097
2024-05-02 10:15:56.037340,29.22913
2024-05-02 10:15:56.052970,29.1535
2024-05-02 10:15:56.068590,28.92241
2024-05-02 10:15:56.084220,29.12469
2024-05-02 10:15:56.099840,30.00011
2024-05-02 10:15:56.115470,31.34061
2024-05-02 10:15:56.131090,32.64709
2024-05-02 10:15:56.146720,33.37155
2024-05-02 10:15:56.162350,33.21063
2024-05-02 10:15:56.177970,32.18976
2024-05-02 10:15:56.193600,30.60904
2024-05-02 10:15:56.209220,28.84421
2024-05-02 10:15:56.224850,27.16335
2024-05-02 10:15:56.240470,25.59372
2024-05-02 10:15:56.256100,23.9364
2024-05-02 10:15:56.271730,21.89267
2024-05-02 10:15:56.287350,19.26552
2024-05-02 10:15:56.302980,16.0757
2024-05-02 10:15:56.318600,12.60315
2024-05-02 10:15:56.334230,9.254532
2024-05-02 10:15:56.349850,6.370346
2024-05-02 10:15:56.365480,4.063583
2024-05-02 10:15:56.381110,2.180588
2024-05-02 10:15:56.396730,0.3809814
2024-05-02 10:15:56.412360,-1.708328
2024-05-02 10:15:56.427980,-4.326538
2024-05-02 10:15:56.443610,-7.541916
2024-05-02 10:15:56.459230,-11.26402
2024-05-02 10:15:56.474860,-15.32094
2024-05-02 10:15:56.490490,-19.53186
2024-05-02 10:15:56.506110,-23.64479
2024-05-02 10:15:56.521740,-27.28322
2024-05-02 10:15:56.537360,-29.94023
2024-05-02 10:15:56.552990,-31.05699
2024-05-02 10:15:56.568610,-30.19362
2024-05-02 10:15:56.584240,-27.21854
2024-05-02 10:15:56.599870,-22.40672
2024-05-02 10:15:56.615490,-16.36905
2024-05-02 10:15:56.631120,-9.856979
2024-05-02 10:15:56.646740,-3.53363
2024-05-02 10:15:56.662370,2.161819
2024-05-02 10:15:56.677990,7.05011
2024-05-02 10:15:56.693620,11.1031
2024-05-02 10:15:56.709250,14.32799
2024-05-02 10:15:56.724870,16.71852
2024-05-02 10:15:56.740500,18.28146
2024-05-02 10:15:56.756120,19.10597
2024-05-02 10:15:56.771750,19.3698
2024-05-02 10:15:56.787370,19.31927
2024-05-02 10:15:56.803000,19.16666
2024-05-02 10:15:56.818630,19.04082
2024-05-02 10:15:56.834250,18.95799
2024-05-02 10:15:56.849880,18.88872
2024-05-02 10:15:56.865500,18.77396
2024-05-02 10:15:56.881130,18.56444
2024-05-02 10:15:56.896750,18.19005
2024-05-02 10:15:56.912380,17.55257
2024-05-02 10:15:56.928010,16.52499
2024-05-02 10:15:56.943630,14.98624
2024-05-02 10:15:56.959260,12.87605
2024-05-02 10:15:56.974880,10.22517
2024-05-02 10:15:56.990510,7.144775
2024-05-02 10:15:57.006130,3.812256
2024-05-02 10:15:57.021760,0.4803314
2024-05-02 10:15:57.037390,-2.585083
2024-05-02 10:15:57.053010,-5.13681
2024-05-02 10:15:57.068640,-7.051208
2024-05-02 10:15:57.084260,-8.38475
2024-05-02 10:15:57.099890,-9.420151
2024-05-02 10:15:57.115510,-10.59909
2024-05-02 10:15:57.131140,-12.40024
2024-05-02 10:15:57.146770,-15.15689
2024-05-02 10:15:57.162390,-18.91713
2024-05-02 10:15:57.178020,-23.35388
2024-05-02 10:15:57.193640,-27.80638
2024-05-02 10:15:57.209270,-31.41135
2024-05-02 10:15:57.224890,-33.35313
2024-05-02 10:15:57.240520,-33.09013
2024-05-02 10:15:57.256150,-30.52136
2024-05-02 10:15:57.271770,-25.99048
2024-05-02 10:15:57.287400,-20.13887
2024-05-02 10:15:57.303020,-13.66957
2024-05-02 10:15:57.318650,-7.148438
2024-05-02 10:15:57.334270,-0.9343567
2024-05-02 10:15:57.349900,4.763321
2024-05-02 10:15:57.365530,9.754272
2024-05-02 10:15:57.381150,13.7764
2024-05-02 10:15:57.396780,16.55974
2024-05-02 10:15:57.412400,17.95691
2024-05-02 10:15:57.428030,18.12143
2024-05-02 10:15:57.443650,17.49963
2024-05-02 10:15:57.459280,16.69348
2024-05-02 10:15:57.474910,16.23618
2024-05-02 10:15:57.490530,16.32523
2024-05-02 10:15:57.506160,16.78984
2024-05-02 10:15:57.521780,17.21107
2024-05-02 10:15:57.537410,17.17291
2024-05-02 10:15:57.553030,16.49756
2024-05-02 10:15:57.568660,15.31465
2024-05-02 10:15:57.584290,13.97519
2024-05-02 10:15:57.599910,12.81049
2024-05-02 10:15:57.615540,11.96506
2024-05-02 10:15:57.631160,11.27089
2024-05-02 10:15:57.646790,10.37625
2024-05-02 10:15:57.662420,8.901306
2024-05-02 10:15:57.678040,6.645035
2024-05-02 10:15:57.693670,3.686447
2024-05-02 10:15:57.709290,0.3490601
2024-05-02 10:15:57.724920,-2.96994
2024-05-02 10:15:57.740540,-5.957474
2024-05-02 10:15:57.756170,-8.516846
2024-05-02 10:15:57.771800,-10.78856
2024-05-02 10:15:57.787420,-13.04871
2024-05-02 10:15:57.803050,-15.61267
2024-05-02 10:15:57.818670,-18.72813
2024-05-02 10:15:57.834300,-22.49232
2024-05-02 10:15:57.849920,-26.81755
2024-05-02 10:15:57.865550,-31.36508
2024-05-02 10:15:57.881180,-35.56262
2024-05-02 10:15:57.896800,-38.6535
2024-05-02 10:15:57.912430,-39.87628
2024-05-02 10:15:57.928050,-38.72812
2024-05-02 10:15:57.943680,-35.15723
2024-05-02 10:15:57.959300,-29.6394
2024-05-02 10:15:57.974930,-23.00587
2024-05-02 10:15:57.990560,-16.1236
2024-05-02 10:15:58.006180,-9.619186
2024-05-02 10:15:58.021810,-3.710709
2024-05-02 10:15:58.037430,1.715561
2024-05-02 10:15:58.053060,6.839935
2024-05-02 10:15:58.068680,11.67393
2024-05-02 10:15:58.084310,15.98225
2024-05-02 10:15:58.099940,19.34361
2024-05-02 10:15:58.115560,21.43587
2024-05-02 10:15:58.131190,22.21384
2024-05-02 10:15:58.146810,22.03082
2024-05-02 10:15:58.162440,21.49362
2024-05-02 10:15:58.178060,21.21301
2024-05-02 10:15:58.193690,21.51593
2024-05-02 10:15:58.209320,22.33061
2024-05-02 10:15:58.224940,23.25156
2024-05-02 10:15:58.240570,23.77583
2024-05-02 10:15:58.256190,23.58604
2024-05-02 10:15:58.271820,22.70189
2024-05-02 10:15:58.287440,21.40906
2024-05-02 10:15:58.303070,20.05881
2024-05-02 10:15:58.318700,18.78159
2024-05-02 10:15:58.334320,17.40622
2024-05-02 10:15:58.349950,15.54887
2024-05-02 10:15:58.365570,12.89233
2024-05-02 10:15:58.381200,9.413498
2024-05-02 10:15:58.396820,5.477875
2024-05-02 10:15:58.412450,1.690063
2024-05-02 10:15:58.428080,-1.398331
2024-05-02 10:15:58.443700,-3.549561
2024-05-02 10:15:58.459330,-4.93689
2024-05-02 10:15:58.474950,-6.069946
2024-05-02 10:15:58.490580,-7.529877
2024-05-02 10:15:58.506200,-9.732605
2024-05-02 10:15:58.521830,-12.80797
2024-05-02 10:15:58.537460,-16.5945
2024-05-02 10:15:58.553080,-20.76501
2024-05-02 10:15:58.568710,-24.95462
2024-05-02 10:15:58.584330,-28.7946
2024-05-02 10:15:58.599960,-31.9057
2024-05-02 10:15:58.615580,-33.827
2024-05-02 10:15:58.631210,-34.07564
2024-05-02 10:15:58.646840,-32.2695
2024-05-02 10:15:58.662460,-28.31554
2024-05-02 10:15:58.678090,-22.52049
2024-05-02 10:15:58.693710,-15.56578
2024-05-02 10:15:58.709340,-8.274033
2024-05-02 10:15:58.724960,-1.353394
2024-05-02 10:15:58.740590,4.811295
2024-05-02 10:15:58.756220,10.16347
2024-05-02 10:15:58.771840,14.84093
2024-05-02 10:15:58.787470,18.96585
2024-05-02 10:15:58.803090,22.52065
2024-05-02 10:15:58.818720,25.34645
2024-05-02 10:15:58.834340,27.28772
2024-05-02 10:15:58.849970,28.35547
2024-05-02 10:15:58.865600,28.76228
2024-05-02 10:15:58.881220,28.85544
2024-05-02 10:15:58.896850,28.97968
2024-05-02 10:15:58.912470,29.34529
2024-05-02 10:15:58.928100,29.95216
2024-05-02 10:15:58.943720,30.63469
2024-05-02 10:15:58.959350,31.18283
2024-05-02 10:15:58.974980,31.40686
2024-05-02 10:15:58.990600,31.22609
2024-05-02 10:15:59.006230,30.64969
2024-05-02 10:15:59.021850,29.75089
2024-05-02 10:15:59.037480,28.57713
2024-05-02 10:15:59.053100,27.14757
2024-05-02 10:15:59.068730,25.44554
2024-05-02 10:15:59.084360,23.4512
2024-05-02 10:15:59.099980,21.18939
2024-05-02 10:15:59.115610,18.7384
2024-05-02 10:15:59.131230,16.22374
2024-05-02 10:15:59.146860,13.79131
2024-05-02 10:15:59.162480,11.58102
2024-05-02 10:15:59.178110,9.645309
2024-05-02 10:15:59.193740,7.982834
2024-05-02 10:15:59.209360,6.496292
2024-05-02 10:15:59.224990,5.06398
2024-05-02 10:15:59.240610,3.569946
2024-05-02 10:15:59.256240,1.93364
2024-05-02 10:15:59.271860,0.0900116
2024-05-02 10:15:59.287490,-2.024673
2024-05-02 10:15:59.303120,-4.449387
2024-05-02 10:15:59.318740,-7.141983
2024-05-02 10:15:59.334370,-9.877518
2024-05-02 10:15:59.349990,-12.19559
2024-05-02 10:15:59.365620,-13.44783
2024-05-02 10:15:59.381240,-13.01451
2024-05-02 10:15:59.396870,-10.56984
2024-05-02 10:15:59.412500,-6.262482
2024-05-02 10:15:59.428120,-0.732338
2024-05-02 10:15:59.443750,5.125046
2024-05-02 10:15:59.459370,10.4775
2024-05-02 10:15:59.475000,14.82523
2024-05-02 10:15:59.490620,18.0463
2024-05-02 10:15:59.506250,20.29015
2024-05-02 10:15:59.521880,21.74738
2024-05-02 10:15:59.537500,22.50999
2024-05-02 10:15:59.553130,22.57547
2024-05-02 10:15:59.568750,21.96064
2024-05-02 10:15:59.584380,20.81727
2024-05-02 10:15:59.600000,19.44389
2024-05-02 10:15:59.615630,18.18828
2024-05-02 10:15:59.631260,17.28959
2024-05-02 10:15:59.646880,16.78088
2024-05-02 10:15:59.662510,16.55096
2024-05-02 10:15:59.678130,16.38258
2024-05-02 10:15:59.693760,16.11504
2024-05-02 10:15:59.709380,15.66461
2024-05-02 10:15:59.725010,15.04411
2024-05-02 10:15:59.740640,14.28143
2024-05-02 10:15:59.756260,13.40777
2024-05-02 10:15:59.771890,12.41092
2024-05-02 10:15:59.787510,11.26469
2024-05-02 10:15:59.803140,9.939098
2024-05-02 10:15:59.818760,8.423805
2024-05-02 10:15:59.834390,6.754295
2024-05-02 10:15:59.850020,5.003351
2024-05-02 10:15:59.865640,3.259037
2024-05-02 10:15:59.881270,1.609247
2024-05-02 10:15:59.896890,0.1138935
2024-05-02 10:15:59.912520,-1.217114
2024-05-02 10:15:59.928140,-2.41271
2024-05-02 10:15:59.943770,-3.537271
2024-05-02 10:15:59.959400,-4.704326
2024-05-02 10:15:59.975020,-6.039507
2024-05-02 10:15:59.990650,-7.68093
2024-05-02 10:16:00.006270,-9.777375
2024-05-02 10:16:00.021900,-12.42923
2024-05-02 10:16:00.037520,-15.64158
2024-05-02 10:16:00.053150,-19.26546
2024-05-02 10:16:00.068780,-23.00542
2024-05-02 10:16:00.084400,-26.43807
2024-05-02 10:16:00.100030,-29.12463
2024-05-02 10:16:00.115650,-30.71085
2024-05-02 10:16:00.131280,-30.9997
2024-05-02 10:16:00.146900,-29.97488
2024-05-02 10:16:00.162530,-27.78321
2024-05-02 10:16:00.178160,-24.67922
2024-05-02 10:16:00.193780,-20.94843
2024-05-02 10:16:00.209410,-16.91615
2024-05-02 10:16:00.225030,-12.89239
2024-05-02 10:16:00.240660,-9.183777
2024-05-02 10:16:00.256290,-6.043579
2024-05-02 10:16:00.271910,-3.665192
2024-05-02 10:16:00.287540,-2.107368
2024-05-02 10:16:00.303160,-1.322205
2024-05-02 10:16:00.318790,-1.1492
2024-05-02 10:16:00.334410,-1.371399
2024-05-02 10:16:00.350040,-1.764336
2024-05-02 10:16:00.365670,-2.140968
2024-05-02 10:16:00.381290,-2.370605
2024-05-02 10:16:00.396920,-2.398689
2024-05-02 10:16:00.412540,-2.228691
2024-05-02 10:16:00.428170,-1.899216
2024-05-02 10:16:00.443790,-1.462967
2024-05-02 10:16:00.459420,-0.975647
2024-05-02 10:16:00.475050,-0.4958572
2024-05-02 10:16:00.490670,-0.0745697
2024-05-02 10:16:00.506300,0.2625198
2024-05-02 10:16:00.521920,0.4747467
2024-05-02 10:16:00.537550,0.5376129
2024-05-02 10:16:00.553170,0.4127808
2024-05-02 10:16:00.568800,0.04426575
2024-05-02 10:16:00.584430,-0.6416168
2024-05-02 10:16:00.600050,-1.666992
2024-05-02 10:16:00.615680,-2.987228
2024-05-02 10:16:00.631300,-4.444687
2024-05-02 10:16:00.646930,-5.828629
2024-05-02 10:16:00.662550,-6.936676
2024-05-02 10:16:00.678180,-7.674866
2024-05-02 10:16:00.693810,-8.079453
2024-05-02 10:16:00.709430,-8.286484
2024-05-02 10:16:00.725060,-8.447464
2024-05-02 10:16:00.740680,-8.668472
2024-05-02 10:16:00.756310,-9.001068
2024-05-02 10:16:00.771930,-9.47847
2024-05-02 10:16:00.787560,-10.14859
2024-05-02 10:16:00.803190,-11.05933
2024-05-02 10:16:00.818810,-12.17029
2024-05-02 10:16:00.834440,-13.32504
2024-05-02 10:16:00.850060,-14.24586
2024-05-02 10:16:00.865690,-14.64349
2024-05-02 10:16:00.881310,-14.32724
2024-05-02 10:16:00.896940,-13.30371
2024-05-02 10:16:00.912570,-11.74007
2024-05-02 10:16:00.928190,-9.881302
2024-05-02 10:16:00.943820,-7.971344
2024-05-02 10:16:00.959440,-6.167053
2024-05-02 10:16:00.975070,-4.564163
2024-05-02 10:16:00.990690,-3.211899
2024-05-02 10:16:01.006320,-2.133286
2024-05-02 10:16:01.021950,-1.325394
2024-05-02 10:16:01.037570,-0.7633362
2024-05-02 10:16:01.053200,-0.3925781
2024-05-02 10:16:01.068820,-0.1391754
2024-05-02 10:16:01.084450,0.05104065
2024-05-02 10:16:01.100070,0.244751
2024-05-02 10:16:01.115700,0.5108643
2024-05-02 10:16:01.131330,0.9398193
2024-05-02 10:16:01.146950,1.594757
2024-05-02 10:16:01.162580,2.471527
2024-05-02 10:16:01.178200,3.465012
2024-05-02 10:16:01.193830,4.374573
2024-05-02 10:16:01.209450,4.990051
2024-05-02 10:16:01.225080,5.163895
2024-05-02 10:16:01.240710,4.89859
2024-05-02 10:16:01.256330,4.301697
2024-05-02 10:16:01.271960,3.527969
2024-05-02 10:16:01.287580,2.703568
2024-05-02 10:16:01.303210,1.858627
2024-05-02 10:16:01.318830,0.9750214
2024-05-02 10:16:01.334460,0.01159668
2024-05-02 10:16:01.350090,-1.030975
2024-05-02 10:16:01.365710,-2.121368
2024-05-02 10:16:01.381340,-3.189453
2024-05-02 10:16:01.396960,-4.160004
2024-05-02 10:16:01.412590,-4.987946
2024-05-02 10:16:01.428210,-5.681885
2024-05-02 10:16:01.443840,-6.297699
2024-05-02 10:16:01.459470,-6.946747
2024-05-02 10:16:01.475090,-7.749695
2024-05-02 10:16:01.490720,-8.811432
2024-05-02 10:16:01.506340,-10.17715
2024-05-02 10:16:01.521970,-11.79456
2024-05-02 10:16:01.537590,-13.52887
2024-05-02 10:16:01.553220,-15.16129
2024-05-02 10:16:01.568850,-16.44611
2024-05-02 10:16:01.584470,-17.20023
2024-05-02 10:16:01.600100,-17.32892
2024-05-02 10:16:01.615720,-16.85788
2024-05-02 10:16:01.631350,-15.89853
2024-05-02 10:16:01.646970,-14.59549
2024-05-02 10:16:01.662600,-13.10916
2024-05-02 10:16:01.678230,-11.60074
2024-05-02 10:16:01.693850,-10.25311
2024-05-02 10:16:01.709480,-9.239166
2024-05-02 10:16:01.725100,-8.712311
2024-05-02 10:16:01.740730,-8.751892
2024-05-02 10:16:01.756350,-9.287048
2024-05-02 10:16:01.771980,-10.12546
2024-05-02 10:16:01.787610,-10.98917
2024-05-02 10:16:01.803230,-11.61615
2024-05-02 10:16:01.818860,-11.83585
2024-05-02 10:16:01.834480,-11.61615
2024-05-02 10:16:01.850110,-11.04169
2024-05-02 10:16:01.865730,-10.27344
2024-05-02 10:16:01.881360,-9.535706
2024-05-02 10:16:01.896990,-9.03952
2024-05-02 10:16:01.912610,-8.962311
2024-05-02 10:16:01.928240,-9.380829
2024-05-02 10:16:01.943860,-10.19693
2024-05-02 10:16:01.959490,-11.1441
2024-05-02 10:16:01.975110,-11.90149
2024-05-02 10:16:01.990740,-12.24805
2024-05-02 10:16:02.006370,-12.14191
2024-05-02 10:16:02.021990,-11.75906
2024-05-02 10:16:02.037620,-11.37347
2024-05-02 10:16:02.053240,-11.20886
2024-05-02 10:16:02.068870,-11.34372
2024-05-02 10:16:02.084490,-11.72064
2024-05-02 10:16:02.100120,-12.24283
2024-05-02 10:16:02.115750,-12.85742
2024-05-02 10:16:02.131370,-13.59818
2024-05-02 10:16:02.147000,-14.54071
2024-05-02 10:16:02.162620,-15.75046
2024-05-02 10:16:02.178250,-17.22617
2024-05-02 10:16:02.193870,-18.92456
2024-05-02 10:16:02.209500,-20.72534
2024-05-02 10:16:02.225130,-22.44067
2024-05-02 10:16:02.240750,-23.79898
2024-05-02 10:16:02.256380,-24.4649
2024-05-02 10:16:02.272000,-24.1254
2024-05-02 10:16:02.287630,-22.58923
2024-05-02 10:16:02.303250,-19.87878
2024-05-02 10:16:02.318880,-16.23071
2024-05-02 10:16:02.334510,-12.08292
2024-05-02 10:16:02.350130,-7.938324
2024-05-02 10:16:02.365760,-4.287659
2024-05-02 10:16:02.381380,-1.523926
2024-05-02 10:16:02.397010,0.1543579
2024-05-02 10:16:02.412630,0.7330627
2024-05-02 10:16:02.428260,0.403656
2024-05-02 10:16:02.443890,-0.5179138
2024-05-02 10:16:02.459510,-1.659668
2024-05-02 10:16:02.475140,-2.730164
2024-05-02 10:16:02.490760,-3.538757
2024-05-02 10:16:02.506390,-4.012665
2024-05-02 10:16:02.522020,-4.107422
2024-05-02 10:16:02.537640,-3.802063
2024-05-02 10:16:02.553270,-3.065155
2024-05-02 10:16:02.568890,-1.961609
2024-05-02 10:16:02.584520,-0.6716919
2024-05-02 10:16:02.600140,0.5146179
2024-05-02 10:16:02.615770,1.291718
2024-05-02 10:16:02.631400,1.440918
2024-05-02 10:16:02.647020,0.9616089
2024-05-02 10:16:02.662650,0.02270508
2024-05-02 10:16:02.678270,-1.081573
2024-05-02 10:16:02.693900,-2.109863
2024-05-02 10:16:02.709520,-2.966125
2024-05-02 10:16:02.725150,-3.75116
2024-05-02 10:16:02.740780,-4.669189
2024-05-02 10:16:02.756400,-5.962341
2024-05-02 10:16:02.772030,-7.74231
2024-05-02 10:16:02.787650,-10.00082
2024-05-02 10:16:02.803280,-12.62274
2024-05-02 10:16:02.818900,-15.43848
2024-05-02 10:16:02.834530,-18.28085
2024-05-02 10:16:02.850160,-20.93118
2024-05-02 10:16:02.865780,-23.09499
2024-05-02 10:16:02.881410,-24.38283
2024-05-02 10:16:02.897030,-24.3842
2024-05-02 10:16:02.912660,-22.82825
2024-05-02 10:16:02.928280,-19.70613
2024-05-02 10:16:02.943910,-15.35277
2024-05-02 10:16:02.959540,-10.35947
2024-05-02 10:16:02.975160,-5.41658
2024-05-02 10:16:02.990790,-1.123627
2024-05-02 10:16:03.006410,2.076813
2024-05-02 10:16:03.022040,3.945358
2024-05-02 10:16:03.037660,4.431168
2024-05-02 10:16:03.053290,3.694595
2024-05-02 10:16:03.068920,2.113022
2024-05-02 10:16:03.084540,0.2588348
2024-05-02 10:16:03.100170,-1.216629
2024-05-02 10:16:03.115790,-1.755707
2024-05-02 10:16:03.131420,-1.092773
2024-05-02 10:16:03.147040,0.6792603
2024-05-02 10:16:03.162670,3.13559
2024-05-02 10:16:03.178300,5.691299
2024-05-02 10:16:03.193920,7.792847
2024-05-02 10:16:03.209550,9.093109
2024-05-02 10:16:03.225170,9.484177
2024-05-02 10:16:03.240800,9.104095
2024-05-02 10:16:03.256420,8.184525
2024-05-02 10:16:03.272050,6.971741
2024-05-02 10:16:03.287680,5.596649
2024-05-02 10:16:03.303300,4.081802
2024-05-02 10:16:03.318930,2.361252
2024-05-02 10:16:03.334550,0.3525238
2024-05-02 10:16:03.350180,-2.013657
2024-05-02 10:16:03.365800,-4.750977
2024-05-02 10:16:03.381430,-7.806473
2024-05-02 10:16:03.397060,-11.03781
2024-05-02 10:16:03.412680,-14.17928
2024-05-02 10:16:03.428310,-16.80202
2024-05-02 10:16:03.443930,-18.36591
2024-05-02 10:16:03.459560,-18.35263
2024-05-02 10:16:03.475180,-16.46948
2024-05-02 10:16:03.490810,-12.8269
2024-05-02 10:16:03.506440,-7.930786
2024-05-02 10:16:03.522060,-2.570068
2024-05-02 10:16:03.537690,2.434196
2024-05-02 10:16:03.553310,6.443916
2024-05-02 10:16:03.568940,9.106071
2024-05-02 10:16:03.584560,10.3363
2024-05-02 10:16:03.600190,10.25684
2024-05-02 10:16:03.615820,9.087334
2024-05-02 10:16:03.631440,7.149086
2024-05-02 10:16:03.647070,4.857048
2024-05-02 10:16:03.662690,2.696457
2024-05-02 10:16:03.678320,1.118042
2024-05-02 10:16:03.693940,0.4124374
2024-05-02 10:16:03.709570,0.6238327
2024-05-02 10:16:03.725200,1.473717
2024-05-02 10:16:03.740820,2.487411
2024-05-02 10:16:03.756450,3.132538
2024-05-02 10:16:03.772070,3.023651
2024-05-02 10:16:03.787700,2.030876
2024-05-02 10:16:03.803320,0.3079758
2024-05-02 10:16:03.818950,-1.82003
2024-05-02 10:16:03.834580,-4.025745
2024-05-02 10:16:03.850200,-6.118107
2024-05-02 10:16:03.865830,-8.111176
2024-05-02 10:16:03.881450,-10.20899
2024-05-02 10:16:03.897080,-12.67047
2024-05-02 10:16:03.912700,-15.74361
2024-05-02 10:16:03.928330,-19.52788
2024-05-02 10:16:03.943960,-23.88594
2024-05-02 10:16:03.959580,-28.41136
2024-05-02 10:16:03.975210,-32.41468
2024-05-02 10:16:03.990830,-35.05477
2024-05-02 10:16:04.006460,-35.55708
2024-05-02 10:16:04.022080,-33.49654
2024-05-02 10:16:04.037710,-28.98092
2024-05-02 10:16:04.053340,-22.66632
2024-05-02 10:16:04.068960,-15.56302
2024-05-02 10:16:04.084590,-8.676367
2024-05-02 10:16:04.100210,-2.712299
2024-05-02 10:16:04.115840,2.047699
2024-05-02 10:16:04.131460,5.634205
2024-05-02 10:16:04.147090,8.181807
2024-05-02 10:16:04.162720,9.784973
2024-05-02 10:16:04.178340,10.4826
2024-05-02 10:16:04.193970,10.37003
2024-05-02 10:16:04.209590,9.732952
2024-05-02 10:16:04.225220,9.025352
2024-05-02 10:16:04.240840,8.708515
2024-05-02 10:16:04.256470,9.069202
2024-05-02 10:16:04.272100,10.06898
2024-05-02 10:16:04.287720,11.37421
2024-05-02 10:16:04.303350,12.50778
2024-05-02 10:16:04.318970,13.08283
2024-05-02 10:16:04.334600,12.93288
2024-05-02 10:16:04.350220,12.13327
2024-05-02 10:16:04.365850,10.92531
2024-05-02 10:16:04.381480,9.540482
2024-05-02 10:16:04.397100,8.125313
2024-05-02 10:16:04.412730,6.678062
2024-05-02 10:16:04.428350,5.089539
2024-05-02 10:16:04.443980,3.22625
2024-05-02 10:16:04.459600,0.962738
2024-05-02 10:16:04.475230,-1.794846
2024-05-02 10:16:04.490860,-5.122597
2024-05-02 10:16:04.506480,-9.050079
2024-05-02 10:16:04.522110,-13.53587
2024-05-02 10:16:04.537730,-18.30681
2024-05-02 10:16:04.553360,-22.78897
2024-05-02 10:16:04.568980,-26.13155
2024-05-02 10:16:04.584610,-27.41832
2024-05-02 10:16:04.600240,-26.00966
2024-05-02 10:16:04.615860,-21.78987
2024-05-02 10:16:04.631490,-15.27899
2024-05-02 10:16:04.647110,-7.476639
2024-05-02 10:16:04.662740,0.4833069
2024-05-02 10:16:04.678360,7.666763
2024-05-02 10:16:04.693990,13.55037
2024-05-02 10:16:04.709620,17.98657
2024-05-02 10:16:04.725240,21.10344
2024-05-02 10:16:04.740870,23.08871
2024-05-02 10:16:04.756490,24.14456
2024-05-02 10:16:04.772120,24.46701
2024-05-02 10:16:04.787750,24.31129
2024-05-02 10:16:04.803370,23.93919
2024-05-02 10:16:04.819000,23.64473
2024-05-02 10:16:04.834620,23.62788
2024-05-02 10:16:04.850250,23.9458
2024-05-02 10:16:04.865870,24.50597
2024-05-02 10:16:04.881500,25.08896
2024-05-02 10:16:04.897130,25.44534
2024-05-02 10:16:04.912750,25.36333
2024-05-02 10:16:04.928380,24.7265
2024-05-02 10:16:04.944000,23.51761
2024-05-02 10:16:04.959630,21.78807
2024-05-02 10:16:04.975250,19.63081
2024-05-02 10:16:04.990880,17.12228
2024-05-02 10:16:05.006510,14.3555
2024-05-02 10:16:05.022130,11.45456
2024-05-02 10:16:05.037760,8.588318
2024-05-02 10:16:05.053380,5.907867
2024-05-02 10:16:05.069010,3.510681
2024-05-02 10:16:05.084630,1.327362
2024-05-02 10:16:05.100260,-0.8800659
2024-05-02 10:16:05.115890,-3.482513
2024-05-02 10:16:05.131510,-6.803131
2024-05-02 10:16:05.147140,-10.9599
2024-05-02 10:16:05.162760,-15.70023
2024-05-02 10:16:05.178390,-20.40625
2024-05-02 10:16:05.194010,-24.18097
2024-05-02 10:16:05.209640,-26.09912
2024-05-02 10:16:05.225270,-25.47543
2024-05-02 10:16:05.240890,-22.12891
2024-05-02 10:16:05.256520,-16.43579
2024-05-02 10:16:05.272140,-9.259888
2024-05-02 10:16:05.287770,-1.638672
2024-05-02 10:16:05.303390,5.490967
2024-05-02 10:16:05.319020,11.53616
2024-05-02 10:16:05.334650,16.28082
2024-05-02 10:16:05.350270,19.77832
2024-05-02 10:16:05.365900,22.19202
2024-05-02 10:16:05.381520,23.69806
2024-05-02 10:16:05.397150,24.47894
2024-05-02 10:16:05.412770,24.78375
2024-05-02 10:16:05.428400,24.93161
2024-05-02 10:16:05.444030,25.26102
2024-05-02 10:16:05.459650,25.98868
2024-05-02 10:16:05.475280,27.12866
2024-05-02 10:16:05.490900,28.46417
2024-05-02 10:16:05.506530,29.67352
2024-05-02 10:16:05.522150,30.46072
2024-05-02 10:16:05.537780,30.68918
2024-05-02 10:16:05.553410,30.37793
2024-05-02 10:16:05.569030,29.63562
2024-05-02 10:16:05.584660,28.55954
2024-05-02 10:16:05.600280,27.16553
2024-05-02 10:16:05.615910,25.41382
2024-05-02 10:16:05.631530,23.25479
2024-05-02 10:16:05.647160,20.68643
2024-05-02 10:16:05.662790,17.81662
2024-05-02 10:16:05.678410,14.8407
2024-05-02 10:16:05.694040,11.96585
2024-05-02 10:16:05.709660,9.348206
2024-05-02 10:16:05.725290,7.044006
2024-05-02 10:16:05.740910,4.940338
2024-05-02 10:16:05.756540,2.821075
2024-05-02 10:16:05.772170,0.3692017
2024-05-02 10:16:05.787790,-2.723572
2024-05-02 10:16:05.803420,-6.649719
2024-05-02 10:16:05.819040,-11.33795
2024-05-02 10:16:05.834670,-16.3699
2024-05-02 10:16:05.850290,-20.95621
2024-05-02 10:16:05.865920,-24.10748
2024-05-02 10:16:05.881550,-24.91931
2024-05-02 10:16:05.897170,-22.88309
2024-05-02 10:16:05.912800,-18.13211
2024-05-02 10:16:05.928420,-11.44168
2024-05-02 10:16:05.944050,-3.961151
2024-05-02 10:16:05.959670,3.155701
2024-05-02 10:16:05.975300,9.143402
2024-05-02 10:16:05.990930,13.73053
2024-05-02 10:16:06.006550,17.07043
2024-05-02 10:16:06.022180,19.48346
2024-05-02 10:16:06.037800,21.22049
2024-05-02 10:16:06.053430,22.36728
2024-05-02 10:16:06.069050,22.92548
2024-05-02 10:16:06.084680,22.95309
2024-05-02 10:16:06.100310,22.64761
2024-05-02 10:16:06.115930,22.31403
2024-05-02 10:16:06.131560,22.22818
2024-05-02 10:16:06.147180,22.47928
2024-05-02 10:16:06.162810,22.87842
2024-05-02 10:16:06.178430,23.06427
2024-05-02 10:16:06.194060,22.65643
2024-05-02 10:16:06.209690,21.41425
2024-05-02 10:16:06.225310,19.34613
2024-05-02 10:16:06.240940,16.6478
2024-05-02 10:16:06.256560,13.6312
2024-05-02 10:16:06.272190,10.58054
2024-05-02 10:16:06.287810,7.69577
2024-05-02 10:16:06.303440,5.062012
2024-05-02 10:16:06.319070,2.708557
2024-05-02 10:16:06.334690,0.6054077
2024-05-02 10:16:06.350320,-1.29895
2024-05-02 10:16:06.365940,-3.086212
2024-05-02 10:16:06.381570,-4.88208
2024-05-02 10:16:06.397190,-6.879456
2024-05-02 10:16:06.412820,-9.292053
2024-05-02 10:16:06.428450,-12.32111
2024-05-02 10:16:06.444070,-16.02676
2024-05-02 10:16:06.459700,-20.20193
2024-05-02 10:16:06.475320,-24.31036
2024-05-02 10:16:06.490950,-27.53424
2024-05-02 10:16:06.506570,-29.00745
2024-05-02 10:16:06.522200,-28.09009
2024-05-02 10:16:06.537830,-24.63187
2024-05-02 10:16:06.553450,-19.04575
2024-05-02 10:16:06.569080,-12.15497
2024-05-02 10:16:06.584700,-4.903076
2024-05-02 10:16:06.600330,1.922485
2024-05-02 10:16:06.615950,7.862335
2024-05-02 10:16:06.631580,12.73709
2024-05-02 10:16:06.647210,16.5311
2024-05-02 10:16:06.662830,19.24963
2024-05-02 10:16:06.678460,20.89694
2024-05-02 10:16:06.694080,21.53699
2024-05-02 10:16:06.709710,21.38452
2024-05-02 10:16:06.725330,20.81064
2024-05-02 10:16:06.740960,20.23047
2024-05-02 10:16:06.756590,19.94513
2024-05-02 10:16:06.772210,20.04053
2024-05-02 10:16:06.787840,20.36615
2024-05-02 10:16:06.803460,20.64261
2024-05-02 10:16:06.819090,20.61398
2024-05-02 10:16:06.834710,20.13284
2024-05-02 10:16:06.850340,19.17215
2024-05-02 10:16:06.865970,17.76675
2024-05-02 10:16:06.881590,15.9682
2024-05-02 10:16:06.897220,13.84485
2024-05-02 10:16:06.912840,11.48724
2024-05-02 10:16:06.928470,9.042023
2024-05-02 10:16:06.944090,6.644348
2024-05-02 10:16:06.959720,4.384583
2024-05-02 10:16:06.975350,2.226166
2024-05-02 10:16:06.990970,0.04467773
2024-05-02 10:16:07.006600,-2.323914
2024-05-02 10:16:07.022220,-5.001892
2024-05-02 10:16:07.037850,-8.05069
2024-05-02 10:16:07.053470,-11.45151
2024-05-02 10:16:07.069100,-15.1438
2024-05-02 10:16:07.084730,-18.98383
2024-05-02 10:16:07.100350,-22.71671
2024-05-02 10:16:07.115980,-25.91019
2024-05-02 10:16:07.131600,-28.00241
2024-05-02 10:16:07.147230,-28.4108
2024-05-02 10:16:07.162850,-26.76288
2024-05-02 10:16:07.178480,-23.00644
2024-05-02 10:16:07.194110,-17.48303
2024-05-02 10:16:07.209730,-10.82169
2024-05-02 10:16:07.225360,-3.739227
2024-05-02 10:16:07.240980,3.13797
2024-05-02 10:16:07.256610,9.354492
2024-05-02 10:16:07.272230,14.63531
2024-05-02 10:16:07.287860,18.83902
2024-05-02 10:16:07.303490,21.91446
2024-05-02 10:16:07.319110,23.91418
2024-05-02 10:16:07.334740,24.98117
2024-05-02 10:16:07.350360,25.35471
2024-05-02 10:16:07.365990,25.32516
2024-05-02 10:16:07.381620,25.14243
2024-05-02 10:16:07.397240,24.96652
2024-05-02 10:16:07.412870,24.83057
2024-05-02 10:16:07.428490,24.66898
2024-05-02 10:16:07.444120,24.34888
2024-05-02 10:16:07.459740,23.75778
2024-05-02 10:16:07.475370,22.83414
2024-05-02 10:16:07.491000,21.57739
2024-05-02 10:16:07.506620,20.04321
2024-05-02 10:16:07.522250,18.30154
2024-05-02 10:16:07.537870,16.38354
2024-05-02 10:16:07.553500,14.28421
2024-05-02 10:16:07.569120,11.97391
2024-05-02 10:16:07.584750,9.445801
2024-05-02 10:16:07.600380,6.75882
2024-05-02 10:16:07.616000,4.0448
2024-05-02 10:16:07.631630,1.465942
2024-05-02 10:16:07.647250,-0.8334656
2024-05-02 10:16:07.662880,-2.840393
2024-05-02 10:16:07.678500,-4.647186
2024-05-02 10:16:07.694130,-6.438324
2024-05-02 10:16:07.709760,-8.410492
2024-05-02 10:16:07.725380,-10.75552
2024-05-02 10:16:07.741010,-13.59805
2024-05-02 10:16:07.756630,-16.97949
2024-05-02 10:16:07.772260,-20.76328
2024-05-02 10:16:07.787880,-24.59415
2024-05-02 10:16:07.803510,-27.85846
2024-05-02 10:16:07.819140,-29.82422
2024-05-02 10:16:07.834760,-29.86707
2024-05-02 10:16:07.850390,-27.69797
2024-05-02 10:16:07.866010,-23.50418
2024-05-02 10:16:07.881640,-17.88675
2024-05-02 10:16:07.897260,-11.61423
2024-05-02 10:16:07.912890,-5.37207
2024-05-02 10:16:07.928520,0.4295044
2024-05-02 10:16:07.944140,5.628998
2024-05-02 10:16:07.959770,10.17596
2024-05-02 10:16:07.975390,13.97589
2024-05-02 10:16:07.991020,16.84396
2024-05-02 10:16:08.006640,18.60382
2024-05-02 10:16:08.022270,19.22961
2024-05-02 10:16:08.037900,18.98645
2024-05-02 10:16:08.053520,18.35458
2024-05-02 10:16:08.069150,17.86923
2024-05-02 10:16:08.084770,17.87103
2024-05-02 10:16:08.100400,18.36987
2024-05-02 10:16:08.116020,19.0784
2024-05-02 10:16:08.131650,19.56433
2024-05-02 10:16:08.147280,19.50781
2024-05-02 10:16:08.162900,18.8078
2024-05-02 10:16:08.178530,17.6402
2024-05-02 10:16:08.194150,16.28589
2024-05-02 10:16:08.209780,14.9942
2024-05-02 10:16:08.225400,13.8497
2024-05-02 10:16:08.241030,12.75589
2024-05-02 10:16:08.256660,11.50845
2024-05-02 10:16:08.272280,9.9133
2024-05-02 10:16:08.287910,7.860291
2024-05-02 10:16:08.303530,5.355865
2024-05-02 10:16:08.319160,2.527771
2024-05-02 10:16:08.334780,-0.40802
2024-05-02 10:16:08.350410,-3.194061
2024-05-02 10:16:08.366040,-5.593201
2024-05-02 10:16:08.381660,-7.475342
2024-05-02 10:16:08.397290,-8.864349
2024-05-02 10:16:08.412910,-9.942871
2024-05-02 10:16:08.428540,-11.00443
2024-05-02 10:16:08.444160,-12.33548
2024-05-02 10:16:08.459790,-14.15567
2024-05-02 10:16:08.475420,-16.54175
2024-05-02 10:16:08.491040,-19.39124
2024-05-02 10:16:08.506670,-22.38321
2024-05-02 10:16:08.522290,-25.00653
2024-05-02 10:16:08.537920,-26.59598
2024-05-02 10:16:08.553540,-26.50189
2024-05-02 10:16:08.569170,-24.2851
2024-05-02 10:16:08.584800,-19.92007
2024-05-02 10:16:08.600420,-13.87869
2024-05-02 10:16:08.616050,-7.003326
2024-05-02 10:16:08.631670,-0.2575073
2024-05-02 10:16:08.647300,5.592926
2024-05-02 10:16:08.662920,10.15552
2024-05-02 10:16:08.678550,13.42136
2024-05-02 10:16:08.694180,15.60107
2024-05-02 10:16:08.709800,16.94839
2024-05-02 10:16:08.725430,17.65961
2024-05-02 10:16:08.741050,17.88977
2024-05-02 10:16:08.756680,17.83383
2024-05-02 10:16:08.772300,17.72989
2024-05-02 10:16:08.787930,17.8215
2024-05-02 10:16:08.803560,18.27286
2024-05-02 10:16:08.819180,19.04483
2024-05-02 10:16:08.834810,19.93497
2024-05-02 10:16:08.850430,20.65787
2024-05-02 10:16:08.866060,20.96362
2024-05-02 10:16:08.881680,20.7204
2024-05-02 10:16:08.897310,19.95163
2024-05-02 10:16:08.912940,18.78741
2024-05-02 10:16:08.928560,17.41367
2024-05-02 10:16:08.944190,16.00638
2024-05-02 10:16:08.959810,14.70529
2024-05-02 10:16:08.975440,13.57559
2024-05-02 10:16:08.991060,12.57376
2024-05-02 10:16:09.006690,11.57098
2024-05-02 10:16:09.022320,10.36411
2024-05-02 10:16:09.037940,8.799011
2024-05-02 10:16:09.053570,6.814087
2024-05-02 10:16:09.069190,4.516586
2024-05-02 10:16:09.084820,2.138931
2024-05-02 10:16:09.100440,-0.05247498
2024-05-02 10:16:09.116070,-1.901505
2024-05-02 10:16:09.131700,-3.402069
2024-05-02 10:16:09.147320,-4.714798
2024-05-02 10:16:09.162950,-6.055054
2024-05-02 10:16:09.178570,-7.661713
2024-05-02 10:16:09.194200,-9.703766
2024-05-02 10:16:09.209820,-12.28557
2024-05-02 10:16:09.225450,-15.41853
2024-05-02 10:16:09.241080,-18.98558
2024-05-02 10:16:09.256700,-22.64999
2024-05-02 10:16:09.272330,-25.8156
2024-05-02 10:16:09.287950,-27.74626
2024-05-02 10:16:09.303580,-27.76109
2024-05-02 10:16:09.319200,-25.51958
2024-05-02 10:16:09.334830,-21.20052
2024-05-02 10:16:09.350460,-15.48726
2024-05-02 10:16:09.366080,-9.310272
2024-05-02 10:16:09.381710,-3.539993
2024-05-02 10:16:09.397330,1.255707
2024-05-02 10:16:09.412960,4.886536
2024-05-02 10:16:09.428580,7.434067
2024-05-02 10:16:09.444210,9.070374
2024-05-02 10:16:09.459840,9.936905
2024-05-02 10:16:09.475460,10.13835
2024-05-02 10:16:09.491090,9.820251
2024-05-02 10:16:09.506710,9.221756
2024-05-02 10:16:09.522340,8.656052
2024-05-02 10:16:09.537970,8.43486
2024-05-02 10:16:09.553590,8.750107
2024-05-02 10:16:09.569220,9.57579
2024-05-02 10:16:09.584840,10.70944
2024-05-02 10:16:09.600470,11.83278
2024-05-02 10:16:09.616090,12.63141
2024-05-02 10:16:09.631720,12.87291
2024-05-02 10:16:09.647350,12.46559
2024-05-02 10:16:09.662970,11.46964
2024-05-02 10:16:09.678600,10.03595
2024-05-02 10:16:09.694220,8.38829
2024-05-02 10:16:09.709850,6.749954
2024-05-02 10:16:09.725470,5.290573
2024-05-02 10:16:09.741100,4.066864
2024-05-02 10:16:09.756730,3.00415
2024-05-02 10:16:09.772350,1.936111
2024-05-02 10:16:09.787980,0.6884155
2024-05-02 10:16:09.803600,-0.7956848
2024-05-02 10:16:09.819230,-2.410034
2024-05-02 10:16:09.834850,-3.917053
2024-05-02 10:16:09.850480,-5.11174
2024-05-02 10:16:09.866110,-5.935555
2024-05-02 10:16:09.881730,-6.560471
2024-05-02 10:16:09.897360,-7.30632
2024-05-02 10:16:09.912980,-8.511696
2024-05-02 10:16:09.928610,-10.37489
2024-05-02 10:16:09.944230,-12.90085
2024-05-02 10:16:09.959860,-15.89006
2024-05-02 10:16:09.975490,-19.04665
2024-05-02 10:16:09.991110,-21.96916
2024-05-02 10:16:10.006740,-24.18752
2024-05-02 10:16:10.022360,-25.18147
2024-05-02 10:16:10.037990,-24.48983
2024-05-02 10:16:10.053610,-21.86102
2024-05-02 10:16:10.069240,-17.42585
2024-05-02 10:16:10.084870,-11.75861
2024-05-02 10:16:10.100490,-5.735168
2024-05-02 10:16:10.116120,-0.277153
2024-05-02 10:16:10.131740,3.924789
2024-05-02 10:16:10.147370,6.592461
2024-05-02 10:16:10.162990,7.910038
2024-05-02 10:16:10.178620,8.3522
2024-05-02 10:16:10.194250,8.497597
2024-05-02 10:16:10.209870,8.793777
2024-05-02 10:16:10.225500,9.445816
2024-05-02 10:16:10.241120,10.39404
2024-05-02 10:16:10.256750,11.42727
2024-05-02 10:16:10.272370,12.29363
2024-05-02 10:16:10.288000,12.84181
2024-05-02 10:16:10.303630,13.02951
2024-05-02 10:16:10.319250,12.8771
2024-05-02 10:16:10.334880,12.40981
2024-05-02 10:16:10.350500,11.63098
2024-05-02 10:16:10.366130,10.55455
2024-05-02 10:16:10.381750,9.255739
2024-05-02 10:16:10.397380,7.911197
2024-05-02 10:16:10.413010,6.723675
2024-05-02 10:16:10.428630,5.806744
2024-05-02 10:16:10.444260,5.133699
2024-05-02 10:16:10.459880,4.510556
2024-05-02 10:16:10.475510,3.714258
2024-05-02 10:16:10.491130,2.601046
2024-05-02 10:16:10.506760,1.18025
2024-05-02 10:16:10.522390,-0.384223
2024-05-02 10:16:10.538010,-1.905967
2024-05-02 10:16:10.553640,-3.24756
2024-05-02 10:16:10.569260,-4.354221
2024-05-02 10:16:10.584890,-5.227158
2024-05-02 10:16:10.600510,-5.913759
2024-05-02 10:16:10.616140,-6.479979
2024-05-02 10:16:10.631770,-7.046988
2024-05-02 10:16:10.647390,-7.823345
2024-05-02 10:16:10.663020,-9.045856
2024-05-02 10:16:10.678640,-10.87672
2024-05-02 10:16:10.694270,-13.24881
2024-05-02 10:16:10.709890,-15.79929
2024-05-02 10:16:10.725520,-17.89796
2024-05-02 10:16:10.741150,-18.86642
2024-05-02 10:16:10.756770,-18.20364
2024-05-02 10:16:10.772400,-15.8213
2024-05-02 10:16:10.788020,-12.04382
2024-05-02 10:16:10.803650,-7.515427
2024-05-02 10:16:10.819270,-2.959351
2024-05-02 10:16:10.834900,1.0327
2024-05-02 10:16:10.850530,4.09539
2024-05-02 10:16:10.866150,6.074211
2024-05-02 10:16:10.881780,6.957954
2024-05-02 10:16:10.897400,6.836906
2024-05-02 10:16:10.913030,5.872559
2024-05-02 10:16:10.928650,4.343994
2024-05-02 10:16:10.944280,2.617378
2024-05-02 10:16:10.959910,1.053947
2024-05-02 10:16:10.975530,-0.09929657
2024-05-02 10:16:10.991160,-0.7691116
2024-05-02 10:16:11.006780,-1.075737
2024-05-02 10:16:11.022410,-1.214302
2024-05-02 10:16:11.038030,-1.346893
2024-05-02 10:16:11.053660,-1.541832
2024-05-02 10:16:11.069290,-1.787514
2024-05-02 10:16:11.084910,-2.077019
2024-05-02 10:16:11.100540,-2.461533
2024-05-02 10:16:11.116160,-3.074219
2024-05-02 10:16:11.131790,-4.063187
2024-05-02 10:16:11.147410,-5.51107
2024-05-02 10:16:11.163040,-7.320396
2024-05-02 10:16:11.178670,-9.263306
2024-05-02 10:16:11.194290,-11.02435
2024-05-02 10:16:11.209920,-12.35576
2024-05-02 10:16:11.225540,-13.18011
2024-05-02 10:16:11.241170,-13.6524
2024-05-02 10:16:11.256790,-14.10464
2024-05-02 10:16:11.272420,-14.89311
2024-05-02 10:16:11.288050,-16.2708
2024-05-02 10:16:11.303670,-18.25381
2024-05-02 10:16:11.319300,-20.64296
2024-05-02 10:16:11.334920,-23.06834
2024-05-02 10:16:11.350550,-25.07382
2024-05-02 10:16:11.366170,-26.23573
2024-05-02 10:16:11.381800,-26.17453
2024-05-02 10:16:11.397430,-24.61572
2024-05-02 10:16:11.413050,-21.45859
2024-05-02 10:16:11.428680,-16.84892
2024-05-02 10:16:11.444300,-11.23309
2024-05-02 10:16:11.459930,-5.25943
2024-05-02 10:16:11.475550,0.3434448
2024-05-02 10:16:11.491180,5.026733
2024-05-02 10:16:11.506810,8.528793
2024-05-02 10:16:11.522430,10.91287
2024-05-02 10:16:11.538060,12.43402
2024-05-02 10:16:11.553680,13.3438
2024-05-02 10:16:11.569310,13.78673
2024-05-02 10:16:11.584930,13.79646
2024-05-02 10:16:11.600560,13.38962
2024-05-02 10:16:11.616190,12.66341
2024-05-02 10:16:11.631810,11.83852
2024-05-02 10:16:11.647440,11.14111
2024-05-02 10:16:11.663060,10.74005
2024-05-02 10:16:11.678690,10.64545
2024-05-02 10:16:11.694310,10.74901
2024-05-02 10:16:11.709940,10.88513
2024-05-02 10:16:11.725570,10.89372
2024-05-02 10:16:11.741190,10.65836
2024-05-02 10:16:11.756820,10.08882
2024-05-02 10:16:11.772440,9.12915
2024-05-02 10:16:11.788070,7.774429
2024-05-02 10:16:11.803690,6.11441
2024-05-02 10:16:11.819320,4.302139
2024-05-02 10:16:11.834950,2.503204
2024-05-02 10:16:11.850570,0.8287964
2024-05-02 10:16:11.866200,-0.7478943
2024-05-02 10:16:11.881820,-2.353622
2024-05-02 10:16:11.897450,-4.160614
2024-05-02 10:16:11.913070,-6.280716
2024-05-02 10:16:11.928700,-8.727798
2024-05-02 10:16:11.944330,-11.39766
2024-05-02 10:16:11.959950,-14.08171
2024-05-02 10:16:11.975580,-16.51074
2024-05-02 10:16:11.991200,-18.36559
2024-05-02 10:16:12.006830,-19.33656
2024-05-02 10:16:12.022450,-19.18755
2024-05-02 10:16:12.038080,-17.83612
2024-05-02 10:16:12.053710,-15.38293
2024-05-02 10:16:12.069330,-12.10712
2024-05-02 10:16:12.084960,-8.349579
2024-05-02 10:16:12.100580,-4.512283
2024-05-02 10:16:12.116210,-0.9388428
2024-05-02 10:16:12.131830,2.063522
2024-05-02 10:16:12.147460,4.245605
2024-05-02 10:16:12.163090,5.450867
2024-05-02 10:16:12.178710,5.680832
2024-05-02 10:16:12.194340,5.110718
2024-05-02 10:16:12.209960,4.036484
2024-05-02 10:16:12.225590,2.780792
2024-05-02 10:16:12.241220,1.568359
2024-05-02 10:16:12.256840,0.5299683
2024-05-02 10:16:12.272470,-0.2922974
2024-05-02 10:16:12.288090,-0.876709
2024-05-02 10:16:12.303720,-1.192413
2024-05-02 10:16:12.319340,-1.228638
2024-05-02 10:16:12.334970,-1.061981
2024-05-02 10:16:12.350600,-0.8501587
2024-05-02 10:16:12.366220,-0.8065491
2024-05-02 10:16:12.381850,-1.087585
2024-05-02 10:16:12.397470,-1.745178
2024-05-02 10:16:12.413100,-2.724609
2024-05-02 10:16:12.428720,-3.929077
2024-05-02 10:16:12.444350,-5.293884
2024-05-02 10:16:12.459980,-6.817749
2024-05-02 10:16:12.475600,-8.533997
2024-05-02 10:16:12.491230,-10.44696
2024-05-02 10:16:12.506850,-12.49841
2024-05-02 10:16:12.522480,-14.57443
2024-05-02 10:16:12.538100,-16.61276
2024-05-02 10:16:12.553730,-18.62292
2024-05-02 10:16:12.569360,-20.72537
2024-05-02 10:16:12.584980,-22.99899
2024-05-02 10:16:12.600610,-25.42072
2024-05-02 10:16:12.616230,-27.70142
2024-05-02 10:16:12.631860,-29.3559
2024-05-02 10:16:12.647480,-29.80966
2024-05-02 10:16:12.663110,-28.65488
2024-05-02 10:16:12.678740,-25.81931
2024-05-02 10:16:12.694360,-21.65894
2024-05-02 10:16:12.709990,-16.84348
2024-05-02 10:16:12.725610,-12.12552
2024-05-02 10:16:12.741240,-8.120117
2024-05-02 10:16:12.756860,-5.149323
2024-05-02 10:16:12.772490,-3.259857
2024-05-02 10:16:12.788120,-2.34021
2024-05-02 10:16:12.803740,-2.221191
2024-05-02 10:16:12.819370,-2.73642
2024-05-02 10:16:12.834990,-3.657745
2024-05-02 10:16:12.850620,-4.668518
2024-05-02 10:16:12.866240,-5.376343
2024-05-02 10:16:12.881870,-5.426697
2024-05-02 10:16:12.897500,-4.604492
2024-05-02 10:16:12.913120,-2.963287
2024-05-02 10:16:12.928750,-0.8110046
2024-05-02 10:16:12.944370,1.382172
2024-05-02 10:16:12.960000,3.165924
2024-05-02 10:16:12.975620,4.237915
2024-05-02 10:16:12.991250,4.511871
2024-05-02 10:16:13.006880,4.111847
2024-05-02 10:16:13.022500,3.240814
2024-05-02 10:16:13.038130,2.09668
2024-05-02 10:16:13.053750,0.8043518
2024-05-02 10:16:13.069380,-0.5552979
2024-05-02 10:16:13.085000,-1.908142
2024-05-02 10:16:13.100630,-3.190369
2024-05-02 10:16:13.116260,-4.342407
2024-05-02 10:16:13.131880,-5.395935
2024-05-02 10:16:13.147510,-6.497589
2024-05-02 10:16:13.163130,-7.915039
2024-05-02 10:16:13.178760,-9.854401
2024-05-02 10:16:13.194380,-12.31061
2024-05-02 10:16:13.210010,-14.91309
2024-05-02 10:16:13.225640,-17.00702
2024-05-02 10:16:13.241260,-17.83301
2024-05-02 10:16:13.256890,-16.89609
2024-05-02 10:16:13.272510,-14.13879
2024-05-02 10:16:13.288140,-10.00098
2024-05-02 10:16:13.303760,-5.221405
2024-05-02 10:16:13.319390,-0.5732117
2024-05-02 10:16:13.335020,3.333374
2024-05-02 10:16:13.350640,6.152527
2024-05-02 10:16:13.366270,7.799988
2024-05-02 10:16:13.381890,8.352661
2024-05-02 10:16:13.397520,8.008698
2024-05-02 10:16:13.413140,7.042206
2024-05-02 10:16:13.428770,5.79895
2024-05-02 10:16:13.444400,4.635101
2024-05-02 10:16:13.460020,3.873901
2024-05-02 10:16:13.475650,3.717224
2024-05-02 10:16:13.491270,4.213562
2024-05-02 10:16:13.506900,5.242035
2024-05-02 10:16:13.522520,6.553619
2024-05-02 10:16:13.538150,7.812958
2024-05-02 10:16:13.553780,8.687408
2024-05-02 10:16:13.569400,8.921295
2024-05-02 10:16:13.585030,8.403687
2024-05-02 10:16:13.600650,7.180878
2024-05-02 10:16:13.616280,5.432983
2024-05-02 10:16:13.631900,3.415161
2024-05-02 10:16:13.647530,1.38269
2024-05-02 10:16:13.663160,-0.4767151
2024-05-02 10:16:13.678780,-2.055603
2024-05-02 10:16:13.694410,-3.353088
2024-05-02 10:16:13.710030,-4.459473
2024-05-02 10:16:13.725660,-5.586121
2024-05-02 10:16:13.741280,-6.969269
2024-05-02 10:16:13.756910,-8.838226
2024-05-02 10:16:13.772540,-11.23709
2024-05-02 10:16:13.788160,-13.99701
2024-05-02 10:16:13.803790,-16.69312
2024-05-02 10:16:13.819410,-18.73743
2024-05-02 10:16:13.835040,-19.53903
2024-05-02 10:16:13.850660,-18.69974
2024-05-02 10:16:13.866290,-16.15796
2024-05-02 10:16:13.881920,-12.23196
2024-05-02 10:16:13.897540,-7.529236
2024-05-02 10:16:13.913170,-2.763702
2024-05-02 10:16:13.928790,1.444214
2024-05-02 10:16:13.944420,4.74646
2024-05-02 10:16:13.960040,7.0802
2024-05-02 10:16:13.975670,8.607605
2024-05-02 10:16:13.991300,9.563293
2024-05-02 10:16:14.006920,10.14395
2024-05-02 10:16:14.022550,10.46173
2024-05-02 10:16:14.038170,10.56082
2024-05-02 10:16:14.053800,10.52072
2024-05-02 10:16:14.069420,10.4606
2024-05-02 10:16:14.085050,10.5723
2024-05-02 10:16:14.100680,10.99109
2024-05-02 10:16:14.116300,11.71497
2024-05-02 10:16:14.131930,12.53891
2024-05-02 10:16:14.147550,13.15738
2024-05-02 10:16:14.163180,13.27968
2024-05-02 10:16:14.178800,12.76111
2024-05-02 10:16:14.194430,11.69395
2024-05-02 10:16:14.210060,10.31091
2024-05-02 10:16:14.225680,8.839783
2024-05-02 10:16:14.241310,7.407822
2024-05-02 10:16:14.256930,5.970306
2024-05-02 10:16:14.272560,4.418564
2024-05-02 10:16:14.288180,2.66243
2024-05-02 10:16:14.303810,0.7226105
2024-05-02 10:16:14.319440,-1.298569
2024-05-02 10:16:14.335060,-3.318054
2024-05-02 10:16:14.350690,-5.370529
2024-05-02 10:16:14.366310,-7.604965
2024-05-02 10:16:14.381940,-10.17921
2024-05-02 10:16:14.397560,-13.08604
2024-05-02 10:16:14.413190,-16.02672
2024-05-02 10:16:14.428820,-18.42305
2024-05-02 10:16:14.444440,-19.57324
2024-05-02 10:16:14.460070,-18.92845
2024-05-02 10:16:14.475690,-16.32397
2024-05-02 10:16:14.491320,-12.09462
2024-05-02 10:16:14.506950,-6.9552
2024-05-02 10:16:14.522570,-1.754974
2024-05-02 10:16:14.538200,2.803528
2024-05-02 10:16:14.553820,6.351898
2024-05-02 10:16:14.569450,8.823914
2024-05-02 10:16:14.585070,10.37013
2024-05-02 10:16:14.600700,11.17909
2024-05-02 10:16:14.616330,11.40331
2024-05-02 10:16:14.631950,11.17558
2024-05-02 10:16:14.647580,10.65024
2024-05-02 10:16:14.663200,10.05397
2024-05-02 10:16:14.678830,9.597412
2024-05-02 10:16:14.694450,9.436279
2024-05-02 10:16:14.710080,9.603638
2024-05-02 10:16:14.725710,9.987808
2024-05-02 10:16:14.741330,10.41231
2024-05-02 10:16:14.756960,10.68208
2024-05-02 10:16:14.772580,10.67653
2024-05-02 10:16:14.788210,10.32355
2024-05-02 10:16:14.803830,9.617874
2024-05-02 10:16:14.819460,8.550842
2024-05-02 10:16:14.835090,7.139481
2024-05-02 10:16:14.850710,5.392059
2024-05-02 10:16:14.866340,3.342606
2024-05-02 10:16:14.881960,1.054443
2024-05-02 10:16:14.897590,-1.38736
2024-05-02 10:16:14.913210,-3.869781
2024-05-02 10:16:14.928840,-6.294418
2024-05-02 10:16:14.944470,-8.601776
2024-05-02 10:16:14.960090,-10.83398
2024-05-02 10:16:14.975720,-13.12299
2024-05-02 10:16:14.991340,-15.63626
2024-05-02 10:16:15.006970,-18.44957
2024-05-02 10:16:15.022590,-21.45757
2024-05-02 10:16:15.038220,-24.26733
2024-05-02 10:16:15.053850,-26.28751
2024-05-02 10:16:15.069470,-26.88469
2024-05-02 10:16:15.085100,-25.60571
2024-05-02 10:16:15.100720,-22.3638
2024-05-02 10:16:15.116350,-17.53635
2024-05-02 10:16:15.131970,-11.82454
2024-05-02 10:16:15.147600,-6.071732
2024-05-02 10:16:15.163230,-1.002106
2024-05-02 10:16:15.178850,2.924789
2024-05-02 10:16:15.194480,5.556488
2024-05-02 10:16:15.210100,6.964401
2024-05-02 10:16:15.225730,7.329254
2024-05-02 10:16:15.241350,6.881836
2024-05-02 10:16:15.256980,5.878937
2024-05-02 10:16:15.272610,4.627853
2024-05-02 10:16:15.288230,3.447525
2024-05-02 10:16:15.303860,2.639084
2024-05-02 10:16:15.319480,2.389435
2024-05-02 10:16:15.335110,2.718826
2024-05-02 10:16:15.350730,3.481766
2024-05-02 10:16:15.366360,4.446854
2024-05-02 10:16:15.381990,5.384415
2024-05-02 10:16:15.397610,6.107101
2024-05-02 10:16:15.413240,6.516052
2024-05-02 10:16:15.428860,6.531281
2024-05-02 10:16:15.444490,6.109161
2024-05-02 10:16:15.460110,5.214508
2024-05-02 10:16:15.475740,3.867218
2024-05-02 10:16:15.491370,2.189285
2024-05-02 10:16:15.506990,0.3761444
2024-05-02 10:16:15.522620,-1.358124
2024-05-02 10:16:15.538240,-2.866425
2024-05-02 10:16:15.553870,-4.147827
2024-05-02 10:16:15.569490,-5.346451
2024-05-02 10:16:15.585120,-6.683655
2024-05-02 10:16:15.600750,-8.350616
2024-05-02 10:16:15.616370,-10.4417
2024-05-02 10:16:15.632000,-12.89342
2024-05-02 10:16:15.647620,-15.4808
2024-05-02 10:16:15.663250,-17.80405
2024-05-02 10:16:15.678870,-19.38744
2024-05-02 10:16:15.694500,-19.71654
2024-05-02 10:16:15.710130,-18.4296
2024-05-02 10:16:15.725750,-15.43816
2024-05-02 10:16:15.741380,-11.03909
2024-05-02 10:16:15.757000,-5.871063
2024-05-02 10:16:15.772630,-0.7795868
2024-05-02 10:16:15.788250,3.463989
2024-05-02 10:16:15.803880,6.339279
2024-05-02 10:16:15.819510,7.70488
2024-05-02 10:16:15.835130,7.782791
2024-05-02 10:16:15.850760,7.005249
2024-05-02 10:16:15.866380,5.869568
2024-05-02 10:16:15.882010,4.798096
2024-05-02 10:16:15.897630,4.06665
2024-05-02 10:16:15.913260,3.799576
2024-05-02 10:16:15.928890,4.000717
2024-05-02 10:16:15.944510,4.624741
2024-05-02 10:16:15.960140,5.575653
2024-05-02 10:16:15.975760,6.723099
2024-05-02 10:16:15.991390,7.896896
2024-05-02 10:16:16.007010,8.878876
2024-05-02 10:16:16.022640,9.462479
2024-05-02 10:16:16.038270,9.507431
2024-05-02 10:16:16.053890,9.004501
2024-05-02 10:16:16.069520,8.063553
2024-05-02 10:16:16.085140,6.866898
2024-05-02 10:16:16.100770,5.597855
2024-05-02 10:16:16.116390,4.361465
2024-05-02 10:16:16.132020,3.164154
2024-05-02 10:16:16.147650,1.947235
2024-05-02 10:16:16.163270,0.6727448
2024-05-02 10:16:16.178900,-0.7088013
2024-05-02 10:16:16.194520,-2.199234
2024-05-02 10:16:16.210150,-3.820572
2024-05-02 10:16:16.225770,-5.571976
2024-05-02 10:16:16.241400,-7.423645
2024-05-02 10:16:16.257030,-9.203003
2024-05-02 10:16:16.272650,-10.6096
2024-05-02 10:16:16.288280,-11.21759
2024-05-02 10:16:16.303900,-10.62924
2024-05-02 10:16:16.319530,-8.602173
2024-05-02 10:16:16.335150,-5.201569
2024-05-02 10:16:16.350780,-0.8453217
2024-05-02 10:16:16.366410,3.787277
2024-05-02 10:16:16.382030,7.963318
2024-05-02 10:16:16.397660,11.09204
2024-05-02 10:16:16.413280,12.90208
2024-05-02 10:16:16.428910,13.47537
2024-05-02 10:16:16.444530,13.15923
2024-05-02 10:16:16.460160,12.37804
2024-05-02 10:16:16.475790,11.52898
2024-05-02 10:16:16.491410,10.85991
2024-05-02 10:16:16.507040,10.47327
2024-05-02 10:16:16.522660,10.36275
2024-05-02 10:16:16.538290,10.46286
2024-05-02 10:16:16.553910,10.69157
2024-05-02 10:16:16.569540,10.94208
2024-05-02 10:16:16.585170,11.10908
2024-05-02 10:16:16.600790,11.06435
2024-05-02 10:16:16.616420,10.7033
2024-05-02 10:16:16.632040,9.92205
2024-05-02 10:16:16.647670,8.693642
2024-05-02 10:16:16.663300,7.089081
2024-05-02 10:16:16.678920,5.266418
2024-05-02 10:16:16.694550,3.420372
2024-05-02 10:16:16.710170,1.710526
2024-05-02 10:16:16.725800,0.2008972
2024-05-02 10:16:16.741420,-1.199615
2024-05-02 10:16:16.757050,-2.651268
2024-05-02 10:16:16.772680,-4.35273
2024-05-02 10:16:16.788300,-6.416824
2024-05-02 10:16:16.803930,-8.879227
2024-05-02 10:16:16.819550,-11.63708
2024-05-02 10:16:16.835180,-14.47527
2024-05-02 10:16:16.850800,-17.06702
2024-05-02 10:16:16.866430,-18.96517
2024-05-02 10:16:16.882060,-19.68963
2024-05-02 10:16:16.897680,-18.81523
2024-05-02 10:16:16.913310,-16.18252
2024-05-02 10:16:16.928930,-12.03043
2024-05-02 10:16:16.944560,-6.951355
2024-05-02 10:16:16.960180,-1.760773
2024-05-02 10:16:16.975810,2.829422
2024-05-02 10:16:16.991440,6.421165
2024-05-02 10:16:17.007060,9.020294
2024-05-02 10:16:17.022690,10.88187
2024-05-02 10:16:17.038310,12.29929
2024-05-02 10:16:17.053940,13.40985
2024-05-02 10:16:17.069560,14.16956
2024-05-02 10:16:17.085190,14.45418
2024-05-02 10:16:17.100820,14.21116
2024-05-02 10:16:17.116440,13.55045
2024-05-02 10:16:17.132070,12.69674
2024-05-02 10:16:17.147690,11.86201
2024-05-02 10:16:17.163320,11.12627
2024-05-02 10:16:17.178940,10.37656
2024-05-02 10:16:17.194570,9.396561
2024-05-02 10:16:17.210200,7.991608
2024-05-02 10:16:17.225820,6.108742
2024-05-02 10:16:17.241450,3.882805
2024-05-02 10:16:17.257070,1.553787
2024-05-02 10:16:17.272700,-0.6426315
2024-05-02 10:16:17.288320,-2.578041
2024-05-02 10:16:17.303950,-4.256981
2024-05-02 10:16:17.319580,-5.748985
2024-05-02 10:16:17.335200,-7.141632
2024-05-02 10:16:17.350830,-8.466339
2024-05-02 10:16:17.366450,-9.735054
2024-05-02 10:16:17.382080,-11.02484
2024-05-02 10:16:17.397700,-12.5294
2024-05-02 10:16:17.413330,-14.55874
2024-05-02 10:16:17.428960,-17.38678
2024-05-02 10:16:17.444580,-21.01865
2024-05-02 10:16:17.460210,-25.0742
2024-05-02 10:16:17.475830,-28.78358
2024-05-02 10:16:17.491460,-31.197
2024-05-02 10:16:17.507080,-31.53423
2024-05-02 10:16:17.522710,-29.41906
2024-05-02 10:16:17.538340,-25.02507
2024-05-02 10:16:17.553960,-18.93748
2024-05-02 10:16:17.569590,-11.92778
2024-05-02 10:16:17.585210,-4.70433
2024-05-02 10:16:17.600840,2.203484
2024-05-02 10:16:17.616460,8.431404
2024-05-02 10:16:17.632090,13.72176
2024-05-02 10:16:17.647720,17.85009
2024-05-02 10:16:17.663340,20.65051
2024-05-02 10:16:17.678970,22.08144
2024-05-02 10:16:17.694590,22.27576
2024-05-02 10:16:17.710220,21.53624
2024-05-02 10:16:17.725840,20.25474
2024-05-02 10:16:17.741470,18.8093
2024-05-02 10:16:17.757100,17.49622
2024-05-02 10:16:17.772720,16.51482
2024-05-02 10:16:17.788350,15.98318
2024-05-02 10:16:17.803970,15.93553
2024-05-02 10:16:17.819600,16.33065
2024-05-02 10:16:17.835220,17.01611
2024-05-02 10:16:17.850850,17.73608
2024-05-02 10:16:17.866480,18.18208
2024-05-02 10:16:17.882100,18.09789
2024-05-02 10:16:17.897730,17.38113
2024-05-02 10:16:17.913350,16.10855
2024-05-02 10:16:17.928980,14.45406
2024-05-02 10:16:17.944600,12.63235
2024-05-02 10:16:17.960230,10.77322
2024-05-02 10:16:17.975860,8.888912
2024-05-02 10:16:17.991480,6.926849
2024-05-02 10:16:18.007110,4.803226
2024-05-02 10:16:18.022730,2.477467
2024-05-02 10:16:18.038360,-0.08854675
2024-05-02 10:16:18.053980,-2.935001
2024-05-02 10:16:18.069610,-6.091274
2024-05-02 10:16:18.085240,-9.459606
2024-05-02 10:16:18.100860,-12.73531
2024-05-02 10:16:18.116490,-15.36437
2024-05-02 10:16:18.132110,-16.69495
2024-05-02 10:16:18.147740,-16.21486
2024-05-02 10:16:18.163360,-13.81048
2024-05-02 10:16:18.178990,-9.839828
2024-05-02 10:16:18.194620,-5.00502
2024-05-02 10:16:18.210240,-0.09106827
2024-05-02 10:16:18.225870,4.322369
2024-05-02 10:16:18.241490,7.960281
2024-05-02 10:16:18.257120,10.7905
2024-05-02 10:16:18.272740,12.86216
2024-05-02 10:16:18.288370,14.20381
2024-05-02 10:16:18.304000,14.82859
2024-05-02 10:16:18.319620,14.8063
2024-05-02 10:16:18.335250,14.35163
2024-05-02 10:16:18.350870,13.79768
2024-05-02 10:16:18.366500,13.4758
2024-05-02 10:16:18.382120,13.56271
2024-05-02 10:16:18.397750,14.00501
2024-05-02 10:16:18.413380,14.60057
2024-05-02 10:16:18.429000,15.09363
2024-05-02 10:16:18.444630,15.34982
2024-05-02 10:16:18.460250,15.39347
2024-05-02 10:16:18.475880,15.36713
2024-05-02 10:16:18.491500,15.40295
2024-05-02 10:16:18.507130,15.54712
2024-05-02 10:16:18.522760,15.70363
2024-05-02 10:16:18.538380,15.6873
2024-05-02 10:16:18.554010,15.30672
2024-05-02 10:16:18.569630,14.41199
2024-05-02 10:16:18.585260,12.94018
2024-05-02 10:16:18.600880,10.87009
2024-05-02 10:16:18.616510,8.237808
2024-05-02 10:16:18.632140,5.097328
2024-05-02 10:16:18.647760,1.581284
2024-05-02 10:16:18.663390,-2.095451
2024-05-02 10:16:18.679010,-5.66568
2024-05-02 10:16:18.694640,-8.884476
2024-05-02 10:16:18.710260,-11.60934
2024-05-02 10:16:18.725890,-13.81239
2024-05-02 10:16:18.741520,-15.5001
2024-05-02 10:16:18.757140,-16.59525
2024-05-02 10:16:18.772770,-16.89057
2024-05-02 10:16:18.788390,-16.05428
2024-05-02 10:16:18.804020,-13.82671
2024-05-02 10:16:18.819640,-10.18413
2024-05-02 10:16:18.835270,-5.429787
2024-05-02 10:16:18.850900,-0.1812973
2024-05-02 10:16:18.866520,4.85202
2024-05-02 10:16:18.882150,9.060204
2024-05-02 10:16:18.897770,12.11383
2024-05-02 10:16:18.913400,13.99086
2024-05-02 10:16:18.929020,14.90428
2024-05-02 10:16:18.944650,15.15887
2024-05-02 10:16:18.960280,15.0834
2024-05-02 10:16:18.975900,14.94518
2024-05-02 10:16:18.991530,14.92619
2024-05-02 10:16:19.007150,15.14054
2024-05-02 10:16:19.022780,15.61394
2024-05-02 10:16:19.038400,16.31127
2024-05-02 10:16:19.054030,17.11262
2024-05-02 10:16:19.069660,17.86771
2024-05-02 10:16:19.085280,18.40778
2024-05-02 10:16:19.100910,18.59927
2024-05-02 10:16:19.116530,18.39497
2024-05-02 10:16:19.132160,17.81084
2024-05-02 10:16:19.147780,16.91971
2024-05-02 10:16:19.163410,15.76254
2024-05-02 10:16:19.179040,14.32684
2024-05-02 10:16:19.194660,12.53308
2024-05-02 10:16:19.210290,10.27195
2024-05-02 10:16:19.225910,7.49073
2024-05-02 10:16:19.241540,4.255135
2024-05-02 10:16:19.257160,0.7803879
2024-05-02 10:16:19.272790,-2.653732
2024-05-02 10:16:19.288420,-5.739532
2024-05-02 10:16:19.304040,-8.309387
2024-05-02 10:16:19.319670,-10.36456
2024-05-02 10:16:19.335290,-12.08513
2024-05-02 10:16:19.350920,-13.78987
2024-05-02 10:16:19.366550,-15.80461
2024-05-02 10:16:19.382170,-18.36482
2024-05-02 10:16:19.397800,-21.49031
2024-05-02 10:16:19.413420,-24.92764
2024-05-02 10:16:19.429050,-28.18478
2024-05-02 10:16:19.444670,-30.66277
2024-05-02 10:16:19.460300,-31.81862
2024-05-02 10:16:19.475930,-31.35207
2024-05-02 10:16:19.491550,-29.31383
2024-05-02 10:16:19.507180,-26.06879
2024-05-02 10:16:19.522800,-22.18701
2024-05-02 10:16:19.538430,-18.22134
2024-05-02 10:16:19.554050,-14.617
2024-05-02 10:16:19.569680,-11.62897
2024-05-02 10:16:19.585310,-9.334412
2024-05-02 10:16:19.600930,-7.698059
2024-05-02 10:16:19.616560,-6.613556
2024-05-02 10:16:19.632180,-5.904282
2024-05-02 10:16:19.647810,-5.327805
2024-05-02 10:16:19.663430,-4.644684
2024-05-02 10:16:19.679060,-3.663864
2024-05-02 10:16:19.694690,-2.336334
2024-05-02 10:16:19.710310,-0.7782745
2024-05-02 10:16:19.725940,0.7518921
2024-05-02 10:16:19.741560,1.951935
2024-05-02 10:16:19.757190,2.599915
2024-05-02 10:16:19.772810,2.589996
2024-05-02 10:16:19.788440,1.983765
2024-05-02 10:16:19.804070,0.9378204
2024-05-02 10:16:19.819690,-0.3623352
2024-05-02 10:16:19.835320,-1.780518
2024-05-02 10:16:19.850940,-3.244934
2024-05-02 10:16:19.866570,-4.732086
2024-05-02 10:16:19.882190,-6.236649
2024-05-02 10:16:19.897820,-7.724106
2024-05-02 10:16:19.913450,-9.119934
2024-05-02 10:16:19.929070,-10.34904
2024-05-02 10:16:19.944700,-11.39136
2024-05-02 10:16:19.960320,-12.33202
2024-05-02 10:16:19.975950,-13.35942
2024-05-02 10:16:19.991570,-14.71524
2024-05-02 10:16:20.007200,-16.65231
2024-05-02 10:16:20.022830,-19.30661
2024-05-02 10:16:20.038450,-22.60213
2024-05-02 10:16:20.054080,-26.19698
2024-05-02 10:16:20.069700,-29.46982
2024-05-02 10:16:20.085330,-31.6424
2024-05-02 10:16:20.100950,-31.9816
2024-05-02 10:16:20.116580,-30.04921
2024-05-02 10:16:20.132210,-25.87177
2024-05-02 10:16:20.147830,-19.99118
2024-05-02 10:16:20.163460,-13.29608
2024-05-02 10:16:20.179080,-6.765884
2024-05-02 10:16:20.194710,-1.18248
2024-05-02 10:16:20.210330,3.034256
2024-05-02 10:16:20.225960,5.83992
2024-05-02 10:16:20.241590,7.438446
2024-05-02 10:16:20.257210,8.11911
2024-05-02 10:16:20.272840,8.180664
2024-05-02 10:16:20.288460,7.890625
2024-05-02 10:16:20.304090,7.499985
2024-05-02 10:16:20.319710,7.261475
2024-05-02 10:16:20.335340,7.387344
2024-05-02 10:16:20.350970,8.003372
2024-05-02 10:16:20.366590,9.086182
2024-05-02 10:16:20.382220,10.47227
2024-05-02 10:16:20.397840,11.89224
2024-05-02 10:16:20.413470,13.07854
2024-05-02 10:16:20.429090,13.81087
2024-05-02 10:16:20.444720,13.99387
2024-05-02 10:16:20.460350,13.61079
2024-05-02 10:16:20.475970,12.69475
2024-05-02 10:16:20.491600,11.28477
2024-05-02 10:16:20.507220,9.417648
2024-05-02 10:16:20.522850,7.177994
2024-05-02 10:16:20.538470,4.686874
2024-05-02 10:16:20.554100,2.102921
2024-05-02 10:16:20.569730,-0.4064178
2024-05-02 10:16:20.585350,-2.704727
2024-05-02 10:16:20.600980,-4.753357
2024-05-02 10:16:20.616600,-6.639893
2024-05-02 10:16:20.632230,-8.570602
2024-05-02 10:16:20.647850,-10.81375
2024-05-02 10:16:20.663480,-13.54533
2024-05-02 10:16:20.679110,-16.7036
2024-05-02 10:16:20.694730,-19.86769
2024-05-02 10:16:20.710360,-22.32617
2024-05-02 10:16:20.725980,-23.27797
2024-05-02 10:16:20.741610,-22.15068
2024-05-02 10:16:20.757230,-18.84497
2024-05-02 10:16:20.772860,-13.81314
2024-05-02 10:16:20.788490,-7.867371
2024-05-02 10:16:20.804110,-1.87146
2024-05-02 10:16:20.819740,3.534088
2024-05-02 10:16:20.835360,8.035995
2024-05-02 10:16:20.850990,11.59184
2024-05-02 10:16:20.866610,14.25549
2024-05-02 10:16:20.882240,16.04457
2024-05-02 10:16:20.897870,16.95758
2024-05-02 10:16:20.913490,17.05519
2024-05-02 10:16:20.929120,16.50232
2024-05-02 10:16:20.944740,15.59755
2024-05-02 10:16:20.960370,14.64644
2024-05-02 10:16:20.975990,13.87468
2024-05-02 10:16:20.991620,13.33232
2024-05-02 10:16:21.007250,12.91437
2024-05-02 10:16:21.022870,12.43495
2024-05-02 10:16:21.038500,11.73894
2024-05-02 10:16:21.054120,10.75183
2024-05-02 10:16:21.069750,9.525055
2024-05-02 10:16:21.085370,8.170395
2024-05-02 10:16:21.101000,6.811066
2024-05-02 10:16:21.116630,5.500549
2024-05-02 10:16:21.132250,4.178864
2024-05-02 10:16:21.147880,2.699997
2024-05-02 10:16:21.163500,0.8982086
2024-05-02 10:16:21.179130,-1.291458
2024-05-02 10:16:21.194750,-3.77282
2024-05-02 10:16:21.210380,-6.299881
2024-05-02 10:16:21.226010,-8.601303
2024-05-02 10:16:21.241630,-10.52058
2024-05-02 10:16:21.257260,-12.09745
2024-05-02 10:16:21.272880,-13.60484
2024-05-02 10:16:21.288510,-15.42538
2024-05-02 10:16:21.304130,-17.90274
2024-05-02 10:16:21.319760,-21.15491
2024-05-02 10:16:21.335390,-24.96515
2024-05-02 10:16:21.351010,-28.75228
2024-05-02 10:16:21.366640,-31.69424
2024-05-02 10:16:21.382260,-32.9623
2024-05-02 10:16:21.397890,-32.00669
2024-05-02 10:16:21.413510,-28.74869
2024-05-02 10:16:21.429140,-23.66862
2024-05-02 10:16:21.444770,-17.60564
2024-05-02 10:16:21.460390,-11.47251
2024-05-02 10:16:21.476020,-5.91288
2024-05-02 10:16:21.491640,-1.147118
2024-05-02 10:16:21.507270,2.99897
2024-05-02 10:16:21.522900,6.867752
2024-05-02 10:16:21.538520,10.73222
2024-05-02 10:16:21.554150,14.63051
2024-05-02 10:16:21.569770,18.36785
2024-05-02 10:16:21.585400,21.62031
2024-05-02 10:16:21.601020,24.06413
2024-05-02 10:16:21.616650,25.46685
2024-05-02 10:16:21.632280,25.71046
2024-05-02 10:16:21.647900,24.78163
2024-05-02 10:16:21.663530,22.7723
2024-05-02 10:16:21.679150,19.89786
2024-05-02 10:16:21.694780,16.51196
2024-05-02 10:16:21.710400,13.06716
2024-05-02 10:16:21.726030,10.0637
2024-05-02 10:16:21.741660,7.905434
2024-05-02 10:16:21.757280,6.839272
2024-05-02 10:16:21.772910,6.812134
2024-05-02 10:16:21.788530,7.521317
2024-05-02 10:16:21.804160,8.443207
2024-05-02 10:16:21.819780,8.99276
2024-05-02 10:16:21.835410,8.670219
2024-05-02 10:16:21.851040,7.205528
2024-05-02 10:16:21.866660,4.619804
2024-05-02 10:16:21.882290,1.193092
2024-05-02 10:16:21.897910,-2.631355
2024-05-02 10:16:21.913540,-6.399452
2024-05-02 10:16:21.929160,-9.771889
2024-05-02 10:16:21.944790,-12.59367
2024-05-02 10:16:21.960420,-14.92322
2024-05-02 10:16:21.976040,-16.98727
2024-05-02 10:16:21.991670,-19.12348
2024-05-02 10:16:22.007290,-21.64187
2024-05-02 10:16:22.022920,-24.73875
2024-05-02 10:16:22.038540,-28.34628
2024-05-02 10:16:22.054170,-32.09389
2024-05-02 10:16:22.069800,-35.31147
2024-05-02 10:16:22.085420,-37.1936
2024-05-02 10:16:22.101050,-37.05426
2024-05-02 10:16:22.116670,-34.57687
2024-05-02 10:16:22.132300,-29.96062
2024-05-02 10:16:22.147920,-23.84749
2024-05-02 10:16:22.163550,-17.09467
2024-05-02 10:16:22.179180,-10.48112
2024-05-02 10:16:22.194800,-4.513588
2024-05-02 10:16:22.210430,0.6481323
2024-05-02 10:16:22.226050,5.088757
2024-05-02 10:16:22.241680,8.947433
2024-05-02 10:16:22.257300,12.2769
2024-05-02 10:16:22.272930,14.97107
2024-05-02 10:16:22.288560,16.9263
2024-05-02 10:16:22.304180,18.11192
2024-05-02 10:16:22.319810,18.71094
2024-05-02 10:16:22.335430,19.07194
2024-05-02 10:16:22.351060,19.55673
2024-05-02 10:16:22.366680,20.37184
2024-05-02 10:16:22.382310,21.4581
2024-05-02 10:16:22.397940,22.53195
2024-05-02 10:16:22.413560,23.26966
2024-05-02 10:16:22.429190,23.4367
2024-05-02 10:16:22.444810,23.02961
2024-05-02 10:16:22.460440,22.24706
2024-05-02 10:16:22.476060,21.33904
2024-05-02 10:16:22.491690,20.43321
2024-05-02 10:16:22.507320,19.45606
2024-05-02 10:16:22.522940,18.15075
2024-05-02 10:16:22.538570,16.22623
2024-05-02 10:16:22.554190,13.5405
2024-05-02 10:16:22.569820,10.17924
2024-05-02 10:16:22.585440,6.449825
2024-05-02 10:16:22.601070,2.756023
2024-05-02 10:16:22.616700,-0.519062
2024-05-02 10:16:22.632320,-3.134544
2024-05-02 10:16:22.647950,-5.031395
2024-05-02 10:16:22.663570,-6.307472
2024-05-02 10:16:22.679200,-7.176716
2024-05-02 10:16:22.694820,-7.92201
2024-05-02 10:16:22.710450,-8.872892
2024-05-02 10:16:22.726080,-10.38584
2024-05-02 10:16:22.741700,-12.7599
2024-05-02 10:16:22.757330,-16.12431
2024-05-02 10:16:22.772950,-20.3214
2024-05-02 10:16:22.788580,-24.78723
2024-05-02 10:16:22.804200,-28.65362
2024-05-02 10:16:22.819830,-30.98591
2024-05-02 10:16:22.835460,-31.07437
2024-05-02 10:16:22.851080,-28.71676
2024-05-02 10:16:22.866710,-24.23156
2024-05-02 10:16:22.882330,-18.31694
2024-05-02 10:16:22.897960,-11.75179
2024-05-02 10:16:22.913580,-5.17273
2024-05-02 10:16:22.929210,1.013286
2024-05-02 10:16:22.944840,6.575142
2024-05-02 10:16:22.960460,11.32552
2024-05-02 10:16:22.976090,15.06814
2024-05-02 10:16:22.991710,17.63089
2024-05-02 10:16:23.007340,19.01024
2024-05-02 10:16:23.022960,19.43513
2024-05-02 10:16:23.038590,19.3083
2024-05-02 10:16:23.054220,19.08472
2024-05-02 10:16:23.069840,19.09422
2024-05-02 10:16:23.085470,19.45189
2024-05-02 10:16:23.101090,20.05186
2024-05-02 10:16:23.116720,20.69174
2024-05-02 10:16:23.132340,21.15524
2024-05-02 10:16:23.147970,21.30483
2024-05-02 10:16:23.163600,21.10166
2024-05-02 10:16:23.179220,20.57556
2024-05-02 10:16:23.194850,19.77778
2024-05-02 10:16:23.210470,18.76226
2024-05-02 10:16:23.226100,17.54408
2024-05-02 10:16:23.241720,16.11096
2024-05-02 10:16:23.257350,14.4342
2024-05-02 10:16:23.272980,12.51411
2024-05-02 10:16:23.288600,10.38534
2024-05-02 10:16:23.304230,8.144629
2024-05-02 10:16:23.319850,5.920142
2024-05-02 10:16:23.335480,3.821984
2024-05-02 10:16:23.351100,1.862419
2024-05-02 10:16:23.366730,-0.06534004
2024-05-02 10:16:23.382360,-2.219592
2024-05-02 10:16:23.397980,-4.93324
2024-05-02 10:16:23.413610,-8.515461
2024-05-02 10:16:23.429230,-13.13058
2024-05-02 10:16:23.444860,-18.63472
2024-05-02 10:16:23.460480,-24.51439
2024-05-02 10:16:23.476110,-29.94307
2024-05-02 10:16:23.491740,-33.95811
2024-05-02 10:16:23.507360,-35.74927
2024-05-02 10:16:23.522990,-34.92583
2024-05-02 10:16:23.538610,-31.62593
2024-05-02 10:16:23.554240,-26.4468
2024-05-02 10:16:23.569860,-20.2262
2024-05-02 10:16:23.585490,-13.75935
2024-05-02 10:16:23.601120,-7.596695
2024-05-02 10:16:23.616740,-2.037041
2024-05-02 10:16:23.632370,2.787668
2024-05-02 10:16:23.647990,6.788929
2024-05-02 10:16:23.663620,9.819149
2024-05-02 10:16:23.679240,11.74209
2024-05-02 10:16:23.694870,12.52326
2024-05-02 10:16:23.710500,12.35587
2024-05-02 10:16:23.726120,11.66193
2024-05-02 10:16:23.741750,10.98975
2024-05-02 10:16:23.757370,10.79411
2024-05-02 10:16:23.773000,11.30005
2024-05-02 10:16:23.788630,12.40767
2024-05-02 10:16:23.804250,13.79058
2024-05-02 10:16:23.819880,15.03018
2024-05-02 10:16:23.835500,15.84469
2024-05-02 10:16:23.851130,16.11274
2024-05-02 10:16:23.866750,15.8605
2024-05-02 10:16:23.882380,15.15889
2024-05-02 10:16:23.898010,14.02867
2024-05-02 10:16:23.913630,12.45594
2024-05-02 10:16:23.929260,10.43376
2024-05-02 10:16:23.944880,8.05644
2024-05-02 10:16:23.960510,5.526207
2024-05-02 10:16:23.976130,3.073589
2024-05-02 10:16:23.991760,0.8703842
2024-05-02 10:16:24.007390,-1.066818
2024-05-02 10:16:24.023010,-2.861027
2024-05-02 10:16:24.038640,-4.709625
2024-05-02 10:16:24.054260,-6.775032
2024-05-02 10:16:24.069890,-9.160423
2024-05-02 10:16:24.085510,-11.91983
2024-05-02 10:16:24.101140,-15.0929
2024-05-02 10:16:24.116770,-18.68411
2024-05-02 10:16:24.132390,-22.59908
2024-05-02 10:16:24.148020,-26.52285
2024-05-02 10:16:24.163640,-29.87749
2024-05-02 10:16:24.179270,-31.92546
2024-05-02 10:16:24.194890,-31.9862
2024-05-02 10:16:24.210520,-29.69936
2024-05-02 10:16:24.226150,-25.21411
2024-05-02 10:16:24.241770,-19.14042
2024-05-02 10:16:24.257400,-12.34671
2024-05-02 10:16:24.273020,-5.637608
2024-05-02 10:16:24.288650,0.4620094
2024-05-02 10:16:24.304270,5.820827
2024-05-02 10:16:24.319900,10.48891
2024-05-02 10:16:24.335530,14.56622
2024-05-02 10:16:24.351150,18.00659
2024-05-02 10:16:24.366780,20.63822
2024-05-02 10:16:24.382400,22.30207
2024-05-02 10:16:24.398030,23.0183
2024-05-02 10:16:24.413650,23.03912
2024-05-02 10:16:24.429280,22.76257
2024-05-02 10:16:24.444910,22.5315
2024-05-02 10:16:24.460530,22.48763
2024-05-02 10:16:24.476160,22.5072
2024-05-02 10:16:24.491780,22.35793
2024-05-02 10:16:24.507410,21.83415
2024-05-02 10:16:24.523030,20.90823
2024-05-02 10:16:24.538660,19.69274
2024-05-02 10:16:24.554290,18.36017
2024-05-02 10:16:24.569910,16.99195
2024-05-02 10:16:24.585540,15.52411
2024-05-02 10:16:24.601160,13.78519
2024-05-02 10:16:24.616790,11.61526
2024-05-02 10:16:24.632410,8.988197
2024-05-02 10:16:24.648040,6.044373
2024-05-02 10:16:24.663670,3.049252
2024-05-02 10:16:24.679290,0.2717667
2024-05-02 10:16:24.694920,-2.12188
2024-05-02 10:16:24.710540,-4.135418
2024-05-02 10:16:24.726170,-5.932987
2024-05-02 10:16:24.741790,-7.7743
2024-05-02 10:16:24.757420,-9.930931
2024-05-02 10:16:24.773050,-12.62528
2024-05-02 10:16:24.788670,-15.96762
2024-05-02 10:16:24.804300,-19.85488
2024-05-02 10:16:24.819920,-23.96022
2024-05-02 10:16:24.835550,-27.68164
2024-05-02 10:16:24.851170,-30.25053
2024-05-02 10:16:24.866800,-30.8929
2024-05-02 10:16:24.882430,-29.12183
2024-05-02 10:16:24.898050,-24.938
2024-05-02 10:16:24.913680,-18.86078
2024-05-02 10:16:24.929300,-11.7916
2024-05-02 10:16:24.944930,-4.668373
2024-05-02 10:16:24.960550,1.837395
2024-05-02 10:16:24.976180,7.451431
2024-05-02 10:16:24.991810,12.21535
2024-05-02 10:16:25.007430,16.25064
2024-05-02 10:16:25.023060,19.57647
2024-05-02 10:16:25.038680,22.04073
2024-05-02 10:16:25.054310,23.49886
2024-05-02 10:16:25.069930,23.96151
2024-05-02 10:16:25.085560,23.71053
2024-05-02 10:16:25.101190,23.22443
2024-05-02 10:16:25.116810,22.95599
2024-05-02 10:16:25.132440,23.13301
2024-05-02 10:16:25.148060,23.68073
2024-05-02 10:16:25.163690,24.29819
2024-05-02 10:16:25.179310,24.62721
2024-05-02 10:16:25.194940,24.44889
2024-05-02 10:16:25.210570,23.76617
2024-05-02 10:16:25.226190,22.75935
2024-05-02 10:16:25.241820,21.63747
2024-05-02 10:16:25.257440,20.51305
2024-05-02 10:16:25.273070,19.31865
2024-05-02 10:16:25.288690,17.83262
2024-05-02 10:16:25.304320,15.78372
2024-05-02 10:16:25.319950,12.97555
2024-05-02 10:16:25.335570,9.381126
2024-05-02 10:16:25.351200,5.156979
2024-05-02 10:16:25.366820,0.6202812
2024-05-02 10:16:25.382450,-3.856289
2024-05-02 10:16:25.398070,-7.955414
2024-05-02 10:16:25.413700,-11.52154
2024-05-02 10:16:25.429330,-14.59032
2024-05-02 10:16:25.444950,-17.41136
2024-05-02 10:16:25.460580,-20.35144
2024-05-02 10:16:25.476200,-23.76186
2024-05-02 10:16:25.491830,-27.81497
2024-05-02 10:16:25.507450,-32.36517
2024-05-02 10:16:25.523080,-36.91821
2024-05-02 10:16:25.538710,-40.73027
2024-05-02 10:16:25.554330,-43.02507
2024-05-02 10:16:25.569960,-43.22104
2024-05-02 10:16:25.585580,-41.13702
2024-05-02 10:16:25.601210,-37.01654
2024-05-02 10:16:25.616830,-31.39513
2024-05-02 10:16:25.632460,-24.93318
2024-05-02 10:16:25.648090,-18.23511
2024-05-02 10:16:25.663710,-11.73846
2024-05-02 10:16:25.679340,-5.746502
2024-05-02 10:16:25.694960,-0.4639893
2024-05-02 10:16:25.710590,3.923573
2024-05-02 10:16:25.726210,7.254982
2024-05-02 10:16:25.741840,9.454033
2024-05-02 10:16:25.757470,10.62354
2024-05-02 10:16:25.773090,11.07052
2024-05-02 10:16:25.788720,11.28663
2024-05-02 10:16:25.804340,11.79949
2024-05-02 10:16:25.819970,13.01043
2024-05-02 10:16:25.835590,15.02689
2024-05-02 10:16:25.851220,17.61378
2024-05-02 10:16:25.866850,20.24833
2024-05-02 10:16:25.882470,22.35717
2024-05-02 10:16:25.898100,23.51097
2024-05-02 10:16:25.913720,23.57978
2024-05-02 10:16:25.929350,22.74078
2024-05-02 10:16:25.944970,21.32499
2024-05-02 10:16:25.960600,19.65358
2024-05-02 10:16:25.976230,17.8947
2024-05-02 10:16:25.991850,16.05035
2024-05-02 10:16:26.007480,14.03757
2024-05-02 10:16:26.023100,11.77085
2024-05-02 10:16:26.038730,9.269741
2024-05-02 10:16:26.054350,6.629723
2024-05-02 10:16:26.069980,4.013191
2024-05-02 10:16:26.085610,1.577736
2024-05-02 10:16:26.101230,-0.5980759
2024-05-02 10:16:26.116860,-2.518475
2024-05-02 10:16:26.132480,-4.262005
2024-05-02 10:16:26.148110,-5.946281
2024-05-02 10:16:26.163730,-7.692631
2024-05-02 10:16:26.179360,-9.594799
2024-05-02 10:16:26.194990,-11.71754
2024-05-02 10:16:26.210610,-14.10029
2024-05-02 10:16:26.226240,-16.71094
2024-05-02 10:16:26.241860,-19.40548
2024-05-02 10:16:26.257490,-21.83054
2024-05-02 10:16:26.273110,-23.47011
2024-05-02 10:16:26.288740,-23.72464
2024-05-02 10:16:26.304370,-22.14403
2024-05-02 10:16:26.319990,-18.62405
2024-05-02 10:16:26.335620,-13.53112
2024-05-02 10:16:26.351240,-7.586296
2024-05-02 10:16:26.366870,-1.65416
2024-05-02 10:16:26.382500,3.612354
2024-05-02 10:16:26.398120,7.911201
2024-05-02 10:16:26.413750,11.29714
2024-05-02 10:16:26.429370,13.98454
2024-05-02 10:16:26.445000,16.13374
2024-05-02 10:16:26.460620,17.75113
2024-05-02 10:16:26.476250,18.72256
2024-05-02 10:16:26.491880,18.94962
2024-05-02 10:16:26.507500,18.51655
2024-05-02 10:16:26.523130,17.71625
2024-05-02 10:16:26.538750,16.96514
2024-05-02 10:16:26.554380,16.63988
2024-05-02 10:16:26.570000,16.89047
2024-05-02 10:16:26.585630,17.58699
2024-05-02 10:16:26.601260,18.37952
2024-05-02 10:16:26.616880,18.85151
2024-05-02 10:16:26.632510,18.74308
2024-05-02 10:16:26.648130,18.00422
2024-05-02 10:16:26.663760,16.78296
2024-05-02 10:16:26.679380,15.31118
2024-05-02 10:16:26.695010,13.78881
2024-05-02 10:16:26.710640,12.30766
2024-05-02 10:16:26.726260,10.85207
2024-05-02 10:16:26.741890,9.352291
2024-05-02 10:16:26.757510,7.766434
2024-05-02 10:16:26.773140,6.089722
2024-05-02 10:16:26.788760,4.383423
2024-05-02 10:16:26.804390,2.726482
2024-05-02 10:16:26.820020,1.195152
2024-05-02 10:16:26.835640,-0.1955109
2024-05-02 10:16:26.851270,-1.461411
2024-05-02 10:16:26.866890,-2.679787
2024-05-02 10:16:26.882520,-3.951111
2024-05-02 10:16:26.898140,-5.40139
2024-05-02 10:16:26.913770,-7.133259
2024-05-02 10:16:26.929400,-9.268986
2024-05-02 10:16:26.945020,-11.87317
2024-05-02 10:16:26.960650,-14.91166
2024-05-02 10:16:26.976270,-18.14322
2024-05-02 10:16:26.991900,-21.11772
2024-05-02 10:16:27.007520,-23.1971
2024-05-02 10:16:27.023150,-23.73925
2024-05-02 10:16:27.038780,-22.30082
2024-05-02 10:16:27.054400,-18.84742
2024-05-02 10:16:27.070030,-13.76587
2024-05-02 10:16:27.085650,-7.758148
2024-05-02 10:16:27.101280,-1.584524
2024-05-02 10:16:27.116900,4.116577
2024-05-02 10:16:27.132530,8.966608
2024-05-02 10:16:27.148160,12.77946
2024-05-02 10:16:27.163780,15.4876
2024-05-02 10:16:27.179410,17.05566
2024-05-02 10:16:27.195030,17.54208
2024-05-02 10:16:27.210660,17.12989
2024-05-02 10:16:27.226280,16.18271
2024-05-02 10:16:27.241910,15.15536
2024-05-02 10:16:27.257540,14.47226
2024-05-02 10:16:27.273160,14.35193
2024-05-02 10:16:27.288790,14.76626
2024-05-02 10:16:27.304410,15.46635
2024-05-02 10:16:27.320040,16.12272
2024-05-02 10:16:27.335660,16.42609
2024-05-02 10:16:27.351290,16.22021
2024-05-02 10:16:27.366920,15.49938
2024-05-02 10:16:27.382540,14.35127
2024-05-02 10:16:27.398170,12.9039
2024-05-02 10:16:27.413790,11.28257
2024-05-02 10:16:27.429420,9.575052
2024-05-02 10:16:27.445040,7.824943
2024-05-02 10:16:27.460670,6.036223
2024-05-02 10:16:27.476300,4.212364
2024-05-02 10:16:27.491920,2.340843
2024-05-02 10:16:27.507550,0.4402733
2024-05-02 10:16:27.523170,-1.462905
2024-05-02 10:16:27.538800,-3.301011
2024-05-02 10:16:27.554420,-5.037813
2024-05-02 10:16:27.570050,-6.65568
2024-05-02 10:16:27.585680,-8.207823
2024-05-02 10:16:27.601300,-9.798674
2024-05-02 10:16:27.616930,-11.61052
2024-05-02 10:16:27.632550,-13.82237
2024-05-02 10:16:27.648180,-16.55655
2024-05-02 10:16:27.663800,-19.77382
2024-05-02 10:16:27.679430,-23.22786
2024-05-02 10:16:27.695060,-26.41936
2024-05-02 10:16:27.710680,-28.72303
2024-05-02 10:16:27.726310,-29.54194
2024-05-02 10:16:27.741930,-28.49648
2024-05-02 10:16:27.757560,-25.54964
2024-05-02 10:16:27.773180,-21.03677
2024-05-02 10:16:27.788810,-15.56907
2024-05-02 10:16:27.804440,-9.881924
2024-05-02 10:16:27.820060,-4.651817
2024-05-02 10:16:27.835690,-0.397747
2024-05-02 10:16:27.851310,2.580418
2024-05-02 10:16:27.866940,4.2229
2024-05-02 10:16:27.882560,4.649208
2024-05-02 10:16:27.898190,4.123672
2024-05-02 10:16:27.913820,2.993118
2024-05-02 10:16:27.929440,1.635841
2024-05-02 10:16:27.945070,0.4246216
2024-05-02 10:16:27.960690,-0.3401566
2024-05-02 10:16:27.976320,-0.4611893
2024-05-02 10:16:27.991940,0.1053505
2024-05-02 10:16:28.007570,1.231171
2024-05-02 10:16:28.023200,2.632107
2024-05-02 10:16:28.038820,3.966362
2024-05-02 10:16:28.054450,4.937576
2024-05-02 10:16:28.070070,5.397202
2024-05-02 10:16:28.085700,5.341881
2024-05-02 10:16:28.101320,4.892414
2024-05-02 10:16:28.116950,4.165192
2024-05-02 10:16:28.132580,3.211662
2024-05-02 10:16:28.148200,2.023247
2024-05-02 10:16:28.163830,0.5897446
2024-05-02 10:16:28.179450,-1.034706
2024-05-02 10:16:28.195080,-2.696644
2024-05-02 10:16:28.210700,-4.19265
2024-05-02 10:16:28.226330,-5.374168
2024-05-02 10:16:28.241960,-6.224869
2024-05-02 10:16:28.257580,-6.861923
2024-05-02 10:16:28.273210,-7.5243
2024-05-02 10:16:28.288830,-8.446106
2024-05-02 10:16:28.304460,-9.813698
2024-05-02 10:16:28.320080,-11.67278
2024-05-02 10:16:28.335710,-13.93267
2024-05-02 10:16:28.351340,-16.35384
2024-05-02 10:16:28.366960,-18.54839
2024-05-02 10:16:28.382590,-20.03157
2024-05-02 10:16:28.398210,-20.29913
2024-05-02 10:16:28.413840,-18.97611
2024-05-02 10:16:28.429460,-15.97115
2024-05-02 10:16:28.445090,-11.52388
2024-05-02 10:16:28.460720,-6.210083
2024-05-02 10:16:28.476340,-0.7684631
2024-05-02 10:16:28.491970,4.073669
2024-05-02 10:16:28.507590,7.805527
2024-05-02 10:16:28.523220,10.2021
2024-05-02 10:16:28.538840,11.30278
2024-05-02 10:16:28.554470,11.32009
2024-05-02 10:16:28.570100,10.52195
2024-05-02 10:16:28.585720,9.141495
2024-05-02 10:16:28.601350,7.418671
2024-05-02 10:16:28.616970,5.619209
2024-05-02 10:16:28.632600,4.080086
2024-05-02 10:16:28.648230,3.130547
2024-05-02 10:16:28.663850,2.972168
2024-05-02 10:16:28.679480,3.549591
2024-05-02 10:16:28.695100,4.550568
2024-05-02 10:16:28.710730,5.511948
2024-05-02 10:16:28.726350,5.99482
2024-05-02 10:16:28.741980,5.736336
2024-05-02 10:16:28.757610,4.720909
2024-05-02 10:16:28.773230,3.114143
2024-05-02 10:16:28.788860,1.185219
2024-05-02 10:16:28.804480,-0.8135376
2024-05-02 10:16:28.820110,-2.679726
2024-05-02 10:16:28.835730,-4.286415
2024-05-02 10:16:28.851360,-5.608131
2024-05-02 10:16:28.866990,-6.738342
2024-05-02 10:16:28.882610,-7.88382
2024-05-02 10:16:28.898240,-9.314827
2024-05-02 10:16:28.913860,-11.28319
2024-05-02 10:16:28.929490,-13.84922
2024-05-02 10:16:28.945110,-16.76771
2024-05-02 10:16:28.960740,-19.51597
2024-05-02 10:16:28.976370,-21.38483
2024-05-02 10:16:28.991990,-21.71776
2024-05-02 10:16:29.007620,-20.09002
2024-05-02 10:16:29.023240,-16.47797
2024-05-02 10:16:29.038870,-11.29977
2024-05-02 10:16:29.054490,-5.28595
2024-05-02 10:16:29.070120,0.6980438
2024-05-02 10:16:29.085750,5.916092
2024-05-02 10:16:29.101370,9.914063
2024-05-02 10:16:29.117000,12.56975
2024-05-02 10:16:29.132620,14.00774
2024-05-02 10:16:29.148250,14.47424
2024-05-02 10:16:29.163870,14.22888
2024-05-02 10:16:29.179500,13.50478
2024-05-02 10:16:29.195130,12.52653
2024-05-02 10:16:29.210750,11.5315
2024-05-02 10:16:29.226380,10.7636
2024-05-02 10:16:29.242000,10.39698
2024-05-02 10:16:29.257630,10.4971
2024-05-02 10:16:29.273250,10.99376
2024-05-02 10:16:29.288880,11.70449
2024-05-02 10:16:29.304510,12.36267
2024-05-02 10:16:29.320130,12.67684
2024-05-02 10:16:29.335760,12.40901
2024-05-02 10:16:29.351380,11.3997
2024-05-02 10:16:29.367010,9.634674
2024-05-02 10:16:29.382630,7.25663
2024-05-02 10:16:29.398260,4.55394
2024-05-02 10:16:29.413890,1.861389
2024-05-02 10:16:29.429510,-0.5482788
2024-05-02 10:16:29.445140,-2.563622
2024-05-02 10:16:29.460760,-4.26181
2024-05-02 10:16:29.476390,-5.879303
2024-05-02 10:16:29.492010,-7.7099
2024-05-02 10:16:29.507640,-9.993233
2024-05-02 10:16:29.523270,-12.81845
2024-05-02 10:16:29.538890,-16.06053
2024-05-02 10:16:29.554520,-19.31667
2024-05-02 10:16:29.570140,-21.97639
2024-05-02 10:16:29.585770,-23.3044
2024-05-02 10:16:29.601390,-22.68105
2024-05-02 10:16:29.617020,-19.82676
2024-05-02 10:16:29.632650,-14.99843
2024-05-02 10:16:29.648270,-8.934387
2024-05-02 10:16:29.663900,-2.678963
2024-05-02 10:16:29.679520,2.75869
2024-05-02 10:16:29.695150,6.666031
2024-05-02 10:16:29.710770,8.747009
2024-05-02 10:16:29.726400,9.075783
2024-05-02 10:16:29.742030,7.968605
2024-05-02 10:16:29.757650,5.831467
2024-05-02 10:16:29.773280,3.13604
2024-05-02 10:16:29.788900,0.376236
2024-05-02 10:16:29.804530,-1.939789
2024-05-02 10:16:29.820150,-3.394958
2024-05-02 10:16:29.835780,-3.740524
2024-05-02 10:16:29.851410,-3.012688
2024-05-02 10:16:29.867030,-1.524986
2024-05-02 10:16:29.882660,0.2515411
2024-05-02 10:16:29.898280,1.820236
2024-05-02 10:16:29.913910,2.806999
2024-05-02 10:16:29.929530,3.020813
2024-05-02 10:16:29.945160,2.46022
2024-05-02 10:16:29.960790,1.267776
2024-05-02 10:16:29.976410,-0.3229523
2024-05-02 10:16:29.992040,-2.034485
2024-05-02 10:16:30.007660,-3.643799
2024-05-02 10:16:30.023290,-5.028473
2024-05-02 10:16:30.038910,-6.244492
2024-05-02 10:16:30.054540,-7.488014
2024-05-02 10:16:30.070170,-9.048958
2024-05-02 10:16:30.085790,-11.18051
2024-05-02 10:16:30.101420,-13.98363
2024-05-02 10:16:30.117040,-17.30034
2024-05-02 10:16:30.132670,-20.71006
2024-05-02 10:16:30.148290,-23.58192
2024-05-02 10:16:30.163920,-25.25089
2024-05-02 10:16:30.179550,-25.20451
2024-05-02 10:16:30.195170,-23.24536
2024-05-02 10:16:30.210800,-19.58988
2024-05-02 10:16:30.226420,-14.77821
2024-05-02 10:16:30.242050,-9.542107
2024-05-02 10:16:30.257670,-4.585411
2024-05-02 10:16:30.273300,-0.4116364
2024-05-02 10:16:30.288930,2.698997
2024-05-02 10:16:30.304550,4.697609
2024-05-02 10:16:30.320180,5.656425
2024-05-02 10:16:30.335800,5.738525
2024-05-02 10:16:30.351430,5.16655
2024-05-02 10:16:30.367050,4.247589
2024-05-02 10:16:30.382680,3.332481
2024-05-02 10:16:30.398310,2.758453
2024-05-02 10:16:30.413930,2.744545
2024-05-02 10:16:30.429560,3.329689
2024-05-02 10:16:30.445180,4.366692
2024-05-02 10:16:30.460810,5.54245
2024-05-02 10:16:30.476430,6.480568
2024-05-02 10:16:30.492060,6.847702
2024-05-02 10:16:30.507690,6.436234
2024-05-02 10:16:30.523310,5.230469
2024-05-02 10:16:30.538940,3.416016
2024-05-02 10:16:30.554560,1.303841
2024-05-02 10:16:30.570190,-0.7871399
2024-05-02 10:16:30.585810,-2.627197
2024-05-02 10:16:30.601440,-4.171158
2024-05-02 10:16:30.617070,-5.549095
2024-05-02 10:16:30.632690,-7.005608
2024-05-02 10:16:30.648320,-8.797623
2024-05-02 10:16:30.663940,-11.09722
2024-05-02 10:16:30.679570,-13.95469
2024-05-02 10:16:30.695190,-17.1967
2024-05-02 10:16:30.710820,-20.46199
2024-05-02 10:16:30.726450,-23.18188
2024-05-02 10:16:30.742070,-24.68731
2024-05-02 10:16:30.757700,-24.41417
2024-05-02 10:16:30.773320,-22.05373
2024-05-02 10:16:30.788950,-17.73676
2024-05-02 10:16:30.804570,-12.0294
2024-05-02 10:16:30.820200,-5.781937
2024-05-02 10:16:30.835830,0.1130295
2024-05-02 10:16:30.851450,4.93449
2024-05-02 10:16:30.867080,8.286404
2024-05-02 10:16:30.882700,10.11771
2024-05-02 10:16:30.898330,10.61667
2024-05-02 10:16:30.913950,10.1075
2024-05-02 10:16:30.929580,8.942677
2024-05-02 10:16:30.945210,7.450352
2024-05-02 10:16:30.960830,5.961239
2024-05-02 10:16:30.976460,4.776745
2024-05-02 10:16:30.992080,4.142979
2024-05-02 10:16:31.007710,4.186775
2024-05-02 10:16:31.023330,4.854183
2024-05-02 10:16:31.038960,5.899899
2024-05-02 10:16:31.054590,6.951157
2024-05-02 10:16:31.070210,7.604836
2024-05-02 10:16:31.085840,7.599716
2024-05-02 10:16:31.101460,6.860641
2024-05-02 10:16:31.117090,5.505135
2024-05-02 10:16:31.132710,3.7551
2024-05-02 10:16:31.148340,1.808716
2024-05-02 10:16:31.163970,-0.225914
2024-05-02 10:16:31.179590,-2.357523
2024-05-02 10:16:31.195220,-4.65445
2024-05-02 10:16:31.210840,-7.186174
2024-05-02 10:16:31.226470,-10.0111
2024-05-02 10:16:31.242100,-13.15713
2024-05-02 10:16:31.257720,-16.63227
2024-05-02 10:16:31.273350,-20.3238
2024-05-02 10:16:31.288970,-23.94798
2024-05-02 10:16:31.304600,-27.00877
2024-05-02 10:16:31.320220,-28.85719
2024-05-02 10:16:31.335850,-28.88
2024-05-02 10:16:31.351480,-26.74235
2024-05-02 10:16:31.367100,-22.55447
2024-05-02 10:16:31.382730,-16.85638
2024-05-02 10:16:31.398350,-10.45907
2024-05-02 10:16:31.413980,-4.173813
2024-05-02 10:16:31.429600,1.405894
2024-05-02 10:16:31.445230,5.972027
2024-05-02 10:16:31.460860,9.424093
2024-05-02 10:16:31.476480,11.78084
2024-05-02 10:16:31.492110,13.08799
2024-05-02 10:16:31.507730,13.44122
2024-05-02 10:16:31.523360,13.02652
2024-05-02 10:16:31.538980,12.16487
2024-05-02 10:16:31.554610,11.26758
2024-05-02 10:16:31.570240,10.69147
2024-05-02 10:16:31.585860,10.62921
2024-05-02 10:16:31.601490,11.05904
2024-05-02 10:16:31.617110,11.75583
2024-05-02 10:16:31.632740,12.41313
2024-05-02 10:16:31.648360,12.73722
2024-05-02 10:16:31.663990,12.52536
2024-05-02 10:16:31.679620,11.67681
2024-05-02 10:16:31.695240,10.19268
2024-05-02 10:16:31.710870,8.139271
2024-05-02 10:16:31.726490,5.654728
2024-05-02 10:16:31.742120,2.932922
2024-05-02 10:16:31.757740,0.2068291
2024-05-02 10:16:31.773370,-2.289333
2024-05-02 10:16:31.789000,-4.417091
2024-05-02 10:16:31.804620,-6.20784
2024-05-02 10:16:31.820250,-7.880913
2024-05-02 10:16:31.835870,-9.801186
2024-05-02 10:16:31.851500,-12.32053
2024-05-02 10:16:31.867120,-15.58453
2024-05-02 10:16:31.882750,-19.38589
2024-05-02 10:16:31.898380,-23.14778
2024-05-02 10:16:31.914000,-26.04498
2024-05-02 10:16:31.929630,-27.2732
2024-05-02 10:16:31.945250,-26.29732
2024-05-02 10:16:31.960880,-23.0526
2024-05-02 10:16:31.976500,-17.92596
2024-05-02 10:16:31.992130,-11.61011
2024-05-02 10:16:32.007760,-4.885643
2024-05-02 10:16:32.023380,1.566185
2024-05-02 10:16:32.039010,7.241257
2024-05-02 10:16:32.054630,11.82993
2024-05-02 10:16:32.070260,15.19711
2024-05-02 10:16:32.085880,17.33617
2024-05-02 10:16:32.101510,18.38388
2024-05-02 10:16:32.117140,18.60486
2024-05-02 10:16:32.132760,18.38703
2024-05-02 10:16:32.148390,18.13149
2024-05-02 10:16:32.164010,18.14469
2024-05-02 10:16:32.179640,18.55963
2024-05-02 10:16:32.195260,19.32999
2024-05-02 10:16:32.210890,20.24368
2024-05-02 10:16:32.226520,21.05803
2024-05-02 10:16:32.242140,21.53629
2024-05-02 10:16:32.257770,21.49021
2024-05-02 10:16:32.273390,20.8094
2024-05-02 10:16:32.289020,19.47198
2024-05-02 10:16:32.304640,17.53638
2024-05-02 10:16:32.320270,15.15373
2024-05-02 10:16:32.335900,12.54189
2024-05-02 10:16:32.351520,9.956955
2024-05-02 10:16:32.367150,7.594284
2024-05-02 10:16:32.382770,5.543335
2024-05-02 10:16:32.398400,3.704132
2024-05-02 10:16:32.414020,1.847595
2024-05-02 10:16:32.429650,-0.3433685
2024-05-02 10:16:32.445280,-3.126129
2024-05-02 10:16:32.460900,-6.619064
2024-05-02 10:16:32.476530,-10.71452
2024-05-02 10:16:32.492150,-15.06355
2024-05-02 10:16:32.507780,-19.09834
2024-05-02 10:16:32.523400,-22.11833
2024-05-02 10:16:32.539030,-23.43866
2024-05-02 10:16:32.554660,-22.58902
2024-05-02 10:16:32.570280,-19.42537
2024-05-02 10:16:32.585910,-14.23727
2024-05-02 10:16:32.601530,-7.655273
2024-05-02 10:16:32.617160,-0.5088959
2024-05-02 10:16:32.632780,6.408127
2024-05-02 10:16:32.648410,12.47079
2024-05-02 10:16:32.664040,17.32727
2024-05-02 10:16:32.679660,20.87531
2024-05-02 10:16:32.695290,23.19553
2024-05-02 10:16:32.710910,24.47984
2024-05-02 10:16:32.726540,25.00395
2024-05-02 10:16:32.742160,25.11229
2024-05-02 10:16:32.757790,25.13739
2024-05-02 10:16:32.773420,25.33691
2024-05-02 10:16:32.789040,25.841
2024-05-02 10:16:32.804670,26.62326
2024-05-02 10:16:32.820290,27.54433
2024-05-02 10:16:32.835920,28.38474
2024-05-02 10:16:32.851540,28.94028
2024-05-02 10:16:32.867170,28.9976
2024-05-02 10:16:32.882800,28.41812
2024-05-02 10:16:32.898420,27.13231
2024-05-02 10:16:32.914050,25.18004
2024-05-02 10:16:32.929670,22.6853
2024-05-02 10:16:32.945300,19.84459
2024-05-02 10:16:32.960920,16.88773
2024-05-02 10:16:32.976550,13.99229
2024-05-02 10:16:32.992180,11.27205
2024-05-02 10:16:33.007800,8.74202
2024-05-02 10:16:33.023430,6.35463
2024-05-02 10:16:33.039050,4.000229
2024-05-02 10:16:33.054680,1.523895
2024-05-02 10:16:33.070300,-1.235855
2024-05-02 10:16:33.085930,-4.454895
2024-05-02 10:16:33.101560,-8.250046
2024-05-02 10:16:33.117180,-12.59688
2024-05-02 10:16:33.132810,-17.18068
2024-05-02 10:16:33.148430,-21.39647
2024-05-02 10:16:33.164060,-24.41248
2024-05-02 10:16:33.179680,-25.4153
2024-05-02 10:16:33.195310,-23.90427
2024-05-02 10:16:33.210940,-19.92365
2024-05-02 10:16:33.226560,-14.09178
2024-05-02 10:16:33.242190,-7.375534
2024-05-02 10:16:33.257810,-0.7707977
2024-05-02 10:16:33.273440,5.003922
2024-05-02 10:16:33.289060,9.609726
2024-05-02 10:16:33.304690,13.00981
2024-05-02 10:16:33.320320,15.26849
2024-05-02 10:16:33.335940,16.46123
2024-05-02 10:16:33.351570,16.68074
2024-05-02 10:16:33.367190,16.11859
2024-05-02 10:16:33.382820,15.10826
2024-05-02 10:16:33.398440,14.04846
2024-05-02 10:16:33.414070,13.26112
2024-05-02 10:16:33.429700,12.82057
2024-05-02 10:16:33.445320,12.55824
2024-05-02 10:16:33.460950,12.20006
2024-05-02 10:16:33.476570,11.53152
2024-05-02 10:16:33.492200,10.51942
2024-05-02 10:16:33.507830,9.298264
2024-05-02 10:16:33.523450,8.030411
2024-05-02 10:16:33.539080,6.773697
2024-05-02 10:16:33.554700,5.439789
2024-05-02 10:16:33.570330,3.835281
2024-05-02 10:16:33.585950,1.780685
2024-05-02 10:16:33.601580,-0.7941284
2024-05-02 10:16:33.617210,-3.818314
2024-05-02 10:16:33.632830,-7.122818
2024-05-02 10:16:33.648460,-10.52766
2024-05-02 10:16:33.664080,-13.88556
2024-05-02 10:16:33.679710,-17.1433
2024-05-02 10:16:33.695330,-20.31955
2024-05-02 10:16:33.710960,-23.50661
2024-05-02 10:16:33.726590,-26.84422
2024-05-02 10:16:33.742210,-30.49071
2024-05-02 10:16:33.757840,-34.54118
2024-05-02 10:16:33.773460,-38.92949
2024-05-02 10:16:33.789090,-43.33965
2024-05-02 10:16:33.804710,-47.17487
2024-05-02 10:16:33.820340,-49.72043
2024-05-02 10:16:33.835970,-50.33655
2024-05-02 10:16:33.851590,-48.71611
2024-05-02 10:16:33.867220,-44.98567
2024-05-02 10:16:33.882840,-39.62009
2024-05-02 10:16:33.898470,-33.24826
2024-05-02 10:16:33.914090,-26.44572
2024-05-02 10:16:33.929720,-19.63292
2024-05-02 10:16:33.945350,-13.09474
2024-05-02 10:16:33.960970,-7.052094
2024-05-02 10:16:33.976600,-1.747879
2024-05-02 10:16:33.992220,2.543762
2024-05-02 10:16:34.007850,5.585846
2024-05-02 10:16:34.023470,7.277161
2024-05-02 10:16:34.039100,7.680725
2024-05-02 10:16:34.054730,7.035172
2024-05-02 10:16:34.070350,5.7117
2024-05-02 10:16:34.085980,4.140564
2024-05-02 10:16:34.101600,2.741776
2024-05-02 10:16:34.117230,1.825302
2024-05-02 10:16:34.132850,1.560745
2024-05-02 10:16:34.148480,1.916809
2024-05-02 10:16:34.164110,2.704727
2024-05-02 10:16:34.179730,3.673706
2024-05-02 10:16:34.195360,4.62851
2024-05-02 10:16:34.210980,5.476074
2024-05-02 10:16:34.226610,6.225204
2024-05-02 10:16:34.242230,6.941101
2024-05-02 10:16:34.257860,7.670959
2024-05-02 10:16:34.273490,8.433258
2024-05-02 10:16:34.289110,9.167694
2024-05-02 10:16:34.304740,9.777573
2024-05-02 10:16:34.320360,10.13721
2024-05-02 10:16:34.335990,10.08832
2024-05-02 10:16:34.351610,9.446442
2024-05-02 10:16:34.367240,8.072647
2024-05-02 10:16:34.382870,5.958694
2024-05-02 10:16:34.398490,3.313797
2024-05-02 10:16:34.414120,0.6048279
2024-05-02 10:16:34.429740,-1.544373
2024-05-02 10:16:34.445370,-2.501541
2024-05-02 10:16:34.460990,-1.842255
2024-05-02 10:16:34.476620,0.4901123
2024-05-02 10:16:34.492250,4.182739
2024-05-02 10:16:34.507870,8.62587
2024-05-02 10:16:34.523500,13.14229
2024-05-02 10:16:34.539120,17.14803
2024-05-02 10:16:34.554750,20.2646
2024-05-02 10:16:34.570370,22.30672
2024-05-02 10:16:34.586000,23.24443
2024-05-02 10:16:34.601630,23.13733
2024-05-02 10:16:34.617250,22.10634
2024-05-02 10:16:34.632880,20.39764
2024-05-02 10:16:34.648500,18.36894
2024-05-02 10:16:34.664130,16.45363
2024-05-02 10:16:34.679750,15.04395
2024-05-02 10:16:34.695380,14.38075
2024-05-02 10:16:34.711010,14.41754
2024-05-02 10:16:34.726630,14.83073
2024-05-02 10:16:34.742260,15.117
2024-05-02 10:16:34.757880,14.798
2024-05-02 10:16:34.773510,13.61868
2024-05-02 10:16:34.789130,11.63419
2024-05-02 10:16:34.804760,9.166748
2024-05-02 10:16:34.820390,6.657806
2024-05-02 10:16:34.836010,4.503021
2024-05-02 10:16:34.851640,2.904999
2024-05-02 10:16:34.867260,1.859833
2024-05-02 10:16:34.882890,1.186035
2024-05-02 10:16:34.898510,0.6120605
2024-05-02 10:16:34.914140,-0.1804199
2024-05-02 10:16:34.929770,-1.507294
2024-05-02 10:16:34.945390,-3.561859
2024-05-02 10:16:34.961020,-6.332581
2024-05-02 10:16:34.976640,-9.475037
2024-05-02 10:16:34.992270,-12.3176
2024-05-02 10:16:35.007890,-14.0513
2024-05-02 10:16:35.023520,-13.98172
2024-05-02 10:16:35.039150,-11.79166
2024-05-02 10:16:35.054770,-7.674652
2024-05-02 10:16:35.070400,-2.247009
2024-05-02 10:16:35.086020,3.714691
2024-05-02 10:16:35.101650,9.473145
2024-05-02 10:16:35.117270,14.5032
2024-05-02 10:16:35.132900,18.47885
2024-05-02 10:16:35.148530,21.22253
2024-05-02 10:16:35.164150,22.63004
2024-05-02 10:16:35.179780,22.68896
2024-05-02 10:16:35.195400,21.52014
2024-05-02 10:16:35.211030,19.40829
2024-05-02 10:16:35.226650,16.80307
2024-05-02 10:16:35.242280,14.21469
2024-05-02 10:16:35.257910,12.09329
2024-05-02 10:16:35.273530,10.71783
2024-05-02 10:16:35.289160,10.12668
2024-05-02 10:16:35.304780,10.12946
2024-05-02 10:16:35.320410,10.37057
2024-05-02 10:16:35.336030,10.46753
2024-05-02 10:16:35.351660,10.09706
2024-05-02 10:16:35.367290,9.115234
2024-05-02 10:16:35.382910,7.535675
2024-05-02 10:16:35.398540,5.503479
2024-05-02 10:16:35.414160,3.188721
2024-05-02 10:16:35.429790,0.6922913
2024-05-02 10:16:35.445410,-1.952423
2024-05-02 10:16:35.461040,-4.769226
2024-05-02 10:16:35.476670,-7.756104
2024-05-02 10:16:35.492290,-10.85907
2024-05-02 10:16:35.507920,-13.99115
2024-05-02 10:16:35.523540,-17.08949
2024-05-02 10:16:35.539170,-20.14809
2024-05-02 10:16:35.554790,-23.18968
2024-05-02 10:16:35.570420,-26.16928
2024-05-02 10:16:35.586050,-28.83337
2024-05-02 10:16:35.601670,-30.68974
2024-05-02 10:16:35.617300,-31.09079
2024-05-02 10:16:35.632920,-29.51833
2024-05-02 10:16:35.648550,-25.80496
2024-05-02 10:16:35.664180,-20.30266
2024-05-02 10:16:35.679800,-13.79021
2024-05-02 10:16:35.695430,-7.161774
2024-05-02 10:16:35.711050,-1.11998
2024-05-02 10:16:35.726680,4.038071
2024-05-02 10:16:35.742300,8.375275
2024-05-02 10:16:35.757930,12.12743
2024-05-02 10:16:35.773560,15.45563
2024-05-02 10:16:35.789180,18.32906
2024-05-02 10:16:35.804810,20.57269
2024-05-02 10:16:35.820430,22.03938
2024-05-02 10:16:35.836060,22.7719
2024-05-02 10:16:35.851680,22.99207
2024-05-02 10:16:35.867310,23.06847
2024-05-02 10:16:35.882940,23.30142
2024-05-02 10:16:35.898560,23.8129
2024-05-02 10:16:35.914190,24.48056
2024-05-02 10:16:35.929810,25.00316
2024-05-02 10:16:35.945440,25.00296
2024-05-02 10:16:35.961060,24.16138
2024-05-02 10:16:35.976690,22.32478
2024-05-02 10:16:35.992320,19.53058
2024-05-02 10:16:36.007940,16.00943
2024-05-02 10:16:36.023570,12.10843
2024-05-02 10:16:36.039190,8.207642
2024-05-02 10:16:36.054820,4.628998
2024-05-02 10:16:36.070440,1.578247
2024-05-02 10:16:36.086070,-0.8741455
2024-05-02 10:16:36.101700,-2.798477
2024-05-02 10:16:36.117320,-4.348862
2024-05-02 10:16:36.132950,-5.788589
2024-05-02 10:16:36.148570,-7.431503
2024-05-02 10:16:36.164200,-9.582703
2024-05-02 10:16:36.179820,-12.5179
2024-05-02 10:16:36.195450,-16.35901
2024-05-02 10:16:36.211080,-20.95699
2024-05-02 10:16:36.226700,-25.85173
2024-05-02 10:16:36.242330,-30.27388
2024-05-02 10:16:36.257950,-33.32555
2024-05-02 10:16:36.273580,-34.23862
2024-05-02 10:16:36.289200,-32.67169
2024-05-02 10:16:36.304830,-28.86922
2024-05-02 10:16:36.320460,-23.57353
2024-05-02 10:16:36.336080,-17.69617
2024-05-02 10:16:36.351710,-11.99306
2024-05-02 10:16:36.367330,-6.766235
2024-05-02 10:16:36.382960,-1.910156
2024-05-02 10:16:36.398580,2.851807
2024-05-02 10:16:36.414210,7.677765
2024-05-02 10:16:36.429840,12.41487
2024-05-02 10:16:36.445460,16.67915
2024-05-02 10:16:36.461090,20.08527
2024-05-02 10:16:36.476710,22.50233
2024-05-02 10:16:36.492340,24.11853
2024-05-02 10:16:36.507960,25.32092
2024-05-02 10:16:36.523590,26.4557
2024-05-02 10:16:36.539220,27.60745
2024-05-02 10:16:36.554840,28.59984
2024-05-02 10:16:36.570470,29.08997
2024-05-02 10:16:36.586090,28.80823
2024-05-02 10:16:36.601720,27.66943
2024-05-02 10:16:36.617340,25.84708
2024-05-02 10:16:36.632970,23.65648
2024-05-02 10:16:36.648600,21.39024
2024-05-02 10:16:36.664220,19.21764
2024-05-02 10:16:36.679850,17.1131
2024-05-02 10:16:36.695470,14.94612
2024-05-02 10:16:36.711100,12.57138
2024-05-02 10:16:36.726720,9.938019
2024-05-02 10:16:36.742350,7.110703
2024-05-02 10:16:36.757980,4.248123
2024-05-02 10:16:36.773600,1.491043
2024-05-02 10:16:36.789230,-1.104324
2024-05-02 10:16:36.804850,-3.590561
2024-05-02 10:16:36.820480,-6.145905
2024-05-02 10:16:36.836100,-8.988144
2024-05-02 10:16:36.851730,-12.34203
2024-05-02 10:16:36.867360,-16.35063
2024-05-02 10:16:36.882980,-20.9973
2024-05-02 10:16:36.898610,-26.04884
2024-05-02 10:16:36.914230,-30.98399
2024-05-02 10:16:36.929860,-35.07378
2024-05-02 10:16:36.945480,-37.51328
2024-05-02 10:16:36.961110,-37.67596
2024-05-02 10:16:36.976740,-35.31323
2024-05-02 10:16:36.992360,-30.67734
2024-05-02 10:16:37.007990,-24.45091
2024-05-02 10:16:37.023610,-17.51558
2024-05-02 10:16:37.039240,-10.66429
2024-05-02 10:16:37.054860,-4.386734
2024-05-02 10:16:37.070490,1.163315
2024-05-02 10:16:37.086120,6.052856
2024-05-02 10:16:37.101740,10.34709
2024-05-02 10:16:37.117370,13.96414
2024-05-02 10:16:37.132990,16.69237
2024-05-02 10:16:37.148620,18.33499
2024-05-02 10:16:37.164240,18.90201
2024-05-02 10:16:37.179870,18.66214
2024-05-02 10:16:37.195500,18.07765
2024-05-02 10:16:37.211120,17.58997
2024-05-02 10:16:37.226750,17.42108
2024-05-02 10:16:37.242370,17.52351
2024-05-02 10:16:37.258000,17.64954
2024-05-02 10:16:37.273620,17.53482
2024-05-02 10:16:37.289250,17.04045
2024-05-02 10:16:37.304880,16.16803
2024-05-02 10:16:37.320500,15.01932
2024-05-02 10:16:37.336130,13.6799
2024-05-02 10:16:37.351750,12.15915
2024-05-02 10:16:37.367380,10.40332
2024-05-02 10:16:37.383000,8.39418
2024-05-02 10:16:37.398630,6.190918
2024-05-02 10:16:37.414260,3.95192
2024-05-02 10:16:37.429880,1.87162
2024-05-02 10:16:37.445510,0.07536316
2024-05-02 10:16:37.461130,-1.452393
2024-05-02 10:16:37.476760,-2.895012
2024-05-02 10:16:37.492380,-4.521553
2024-05-02 10:16:37.508010,-6.633095
2024-05-02 10:16:37.523640,-9.439095
2024-05-02 10:16:37.539260,-12.98934
2024-05-02 10:16:37.554890,-17.0873
2024-05-02 10:16:37.570510,-21.27676
2024-05-02 10:16:37.586140,-24.86279
2024-05-02 10:16:37.601760,-27.04355
2024-05-02 10:16:37.617390,-27.15193
2024-05-02 10:16:37.633020,-24.88754
2024-05-02 10:16:37.648640,-20.47887
2024-05-02 10:16:37.664270,-14.62401
2024-05-02 10:16:37.679890,-8.288795
2024-05-02 10:16:37.695520,-2.339516
2024-05-02 10:16:37.711140,2.709648
2024-05-02 10:16:37.726770,6.766525
2024-05-02 10:16:37.742400,10.02795
2024-05-02 10:16:37.758020,12.70406
2024-05-02 10:16:37.773650,14.83792
2024-05-02 10:16:37.789270,16.27771
2024-05-02 10:16:37.804900,16.83282
2024-05-02 10:16:37.820520,16.45181
2024-05-02 10:16:37.836150,15.35022
2024-05-02 10:16:37.851780,13.96384
2024-05-02 10:16:37.867400,12.76258
2024-05-02 10:16:37.883030,12.05588
2024-05-02 10:16:37.898650,11.86997
2024-05-02 10:16:37.914280,12.00021
2024-05-02 10:16:37.929900,12.09411
2024-05-02 10:16:37.945530,11.86826
2024-05-02 10:16:37.961160,11.17143
2024-05-02 10:16:37.976780,9.995819
2024-05-02 10:16:37.992410,8.437428
2024-05-02 10:16:38.008030,6.580723
2024-05-02 10:16:38.023660,4.480919
2024-05-02 10:16:38.039280,2.153149
2024-05-02 10:16:38.054910,-0.3773499
2024-05-02 10:16:38.070540,-3.047909
2024-05-02 10:16:38.086160,-5.758171
2024-05-02 10:16:38.101790,-8.415077
2024-05-02 10:16:38.117410,-11.00482
2024-05-02 10:16:38.133040,-13.62508
2024-05-02 10:16:38.148660,-16.46403
2024-05-02 10:16:38.164290,-19.68591
2024-05-02 10:16:38.179920,-23.31053
2024-05-02 10:16:38.195540,-27.04389
2024-05-02 10:16:38.211170,-30.26868
2024-05-02 10:16:38.226790,-32.15823
2024-05-02 10:16:38.242420,-31.95124
2024-05-02 10:16:38.258040,-29.25502
2024-05-02 10:16:38.273670,-24.26656
2024-05-02 10:16:38.289300,-17.74936
2024-05-02 10:16:38.304920,-10.7718
2024-05-02 10:16:38.320550,-4.338825
2024-05-02 10:16:38.336170,0.8913231
2024-05-02 10:16:38.351800,4.739584
2024-05-02 10:16:38.367430,7.343922
2024-05-02 10:16:38.383050,8.973198
2024-05-02 10:16:38.398680,9.819191
2024-05-02 10:16:38.414300,9.998158
2024-05-02 10:16:38.429930,9.58964
2024-05-02 10:16:38.445550,8.773592
2024-05-02 10:16:38.461180,7.831296
2024-05-02 10:16:38.476810,7.081168
2024-05-02 10:16:38.492430,6.735555
2024-05-02 10:16:38.508060,6.826724
2024-05-02 10:16:38.523680,7.178344
2024-05-02 10:16:38.539310,7.509315
2024-05-02 10:16:38.554930,7.502705
2024-05-02 10:16:38.570560,6.935797
2024-05-02 10:16:38.586190,5.742357
2024-05-02 10:16:38.601810,4.010683
2024-05-02 10:16:38.617440,1.944672
2024-05-02 10:16:38.633060,-0.1988764
2024-05-02 10:16:38.648690,-2.231679
2024-05-02 10:16:38.664310,-4.081026
2024-05-02 10:16:38.679940,-5.822908
2024-05-02 10:16:38.695570,-7.629404
2024-05-02 10:16:38.711190,-9.703205
2024-05-02 10:16:38.726820,-12.21849
2024-05-02 10:16:38.742440,-15.28377
2024-05-02 10:16:38.758070,-18.91118
2024-05-02 10:16:38.773690,-22.94618
2024-05-02 10:16:38.789320,-26.99628
2024-05-02 10:16:38.804950,-30.40611
2024-05-02 10:16:38.820570,-32.3102
2024-05-02 10:16:38.836200,-31.88992
2024-05-02 10:16:38.851820,-28.67764
2024-05-02 10:16:38.867450,-22.81749
2024-05-02 10:16:38.883070,-15.10529
2024-05-02 10:16:38.898700,-6.789089
2024-05-02 10:16:38.914330,0.851368
2024-05-02 10:16:38.929950,6.896832
2024-05-02 10:16:38.945580,11.02503
2024-05-02 10:16:38.961200,13.46072
2024-05-02 10:16:38.976830,14.72778
2024-05-02 10:16:38.992450,15.34369
2024-05-02 10:16:39.008080,15.63794
2024-05-02 10:16:39.023710,15.72314
2024-05-02 10:16:39.039330,15.62538
2024-05-02 10:16:39.054960,15.39916
2024-05-02 10:16:39.070580,15.18778
2024-05-02 10:16:39.086210,15.15051
2024-05-02 10:16:39.101830,15.35383
2024-05-02 10:16:39.117460,15.67894
2024-05-02 10:16:39.133090,15.88325
2024-05-02 10:16:39.148710,15.6974
2024-05-02 10:16:39.164340,14.9621
2024-05-02 10:16:39.179960,13.67679
2024-05-02 10:16:39.195590,11.95825
2024-05-02 10:16:39.211210,9.959827
2024-05-02 10:16:39.226840,7.767906
2024-05-02 10:16:39.242470,5.384254
2024-05-02 10:16:39.258090,2.779995
2024-05-02 10:16:39.273720,-0.0607338
2024-05-02 10:16:39.289340,-3.042477
2024-05-02 10:16:39.304970,-6.004776
2024-05-02 10:16:39.320590,-8.772724
2024-05-02 10:16:39.336220,-11.24065
2024-05-02 10:16:39.351850,-13.44582
2024-05-02 10:16:39.367470,-15.60463
2024-05-02 10:16:39.383100,-18.01482
2024-05-02 10:16:39.398720,-20.94804
2024-05-02 10:16:39.414350,-24.4567
2024-05-02 10:16:39.429970,-28.22095
2024-05-02 10:16:39.445600,-31.51117
2024-05-02 10:16:39.461230,-33.33628
2024-05-02 10:16:39.476850,-32.78637
2024-05-02 10:16:39.492480,-29.42945
2024-05-02 10:16:39.508100,-23.57169
2024-05-02 10:16:39.523730,-16.21454
2024-05-02 10:16:39.539350,-8.71722
2024-05-02 10:16:39.554980,-2.323101
2024-05-02 10:16:39.570610,2.241718
2024-05-02 10:16:39.586230,4.87759
2024-05-02 10:16:39.601860,5.962803
2024-05-02 10:16:39.617480,6.021011
2024-05-02 10:16:39.633110,5.464634
2024-05-02 10:16:39.648730,4.481041
2024-05-02 10:16:39.664360,3.171593
2024-05-02 10:16:39.679990,1.68261
2024-05-02 10:16:39.695610,0.3184395
2024-05-02 10:16:39.711240,-0.5204468
2024-05-02 10:16:39.726860,-0.5117111
2024-05-02 10:16:39.742490,0.4234543
2024-05-02 10:16:39.758110,2.070198
2024-05-02 10:16:39.773740,3.97348
2024-05-02 10:16:39.789370,5.640335
2024-05-02 10:16:39.804990,6.713791
2024-05-02 10:16:39.820620,7.016914
2024-05-02 10:16:39.836240,6.58279
2024-05-02 10:16:39.851870,5.517689
2024-05-02 10:16:39.867490,3.895412
2024-05-02 10:16:39.883120,1.709373
2024-05-02 10:16:39.898750,-1.089245
2024-05-02 10:16:39.914370,-4.507889
2024-05-02 10:16:39.930000,-8.419842
2024-05-02 10:16:39.945620,-12.54751
2024-05-02 10:16:39.961250,-16.54546
2024-05-02 10:16:39.976870,-20.12133
2024-05-02 10:16:39.992500,-23.15356
2024-05-02 10:16:40.008130,-25.71355
2024-05-02 10:16:40.023750,-28.01979
2024-05-02 10:16:40.039380,-30.22126
2024-05-02 10:16:40.055000,-32.25494
2024-05-02 10:16:40.070630,-33.73476
2024-05-02 10:16:40.086250,-34.0498
2024-05-02 10:16:40.101880,-32.59662
2024-05-02 10:16:40.117510,-29.04819
2024-05-02 10:16:40.133130,-23.5495
2024-05-02 10:16:40.148760,-16.71562
2024-05-02 10:16:40.164380,-9.42168
2024-05-02 10:16:40.180010,-2.54076
2024-05-02 10:16:40.195630,3.304108
2024-05-02 10:16:40.211260,7.799843
2024-05-02 10:16:40.226890,10.89743
2024-05-02 10:16:40.242510,12.72336
2024-05-02 10:16:40.258140,13.47951
2024-05-02 10:16:40.273760,13.43207
2024-05-02 10:16:40.289390,12.91072
2024-05-02 10:16:40.305010,12.28566
2024-05-02 10:16:40.320640,11.88232
2024-05-02 10:16:40.336270,11.88057
2024-05-02 10:16:40.351890,12.2803
2024-05-02 10:16:40.367520,12.89956
2024-05-02 10:16:40.383140,13.49858
2024-05-02 10:16:40.398770,13.88166
2024-05-02 10:16:40.414390,13.94696
2024-05-02 10:16:40.430020,13.67916
2024-05-02 10:16:40.445650,13.09895
2024-05-02 10:16:40.461270,12.20359
2024-05-02 10:16:40.476900,10.97211
2024-05-02 10:16:40.492520,9.380444
2024-05-02 10:16:40.508150,7.473785
2024-05-02 10:16:40.523780,5.345299
2024-05-02 10:16:40.539400,3.151367
2024-05-02 10:16:40.555030,1.038216
2024-05-02 10:16:40.570650,-0.8818588
2024-05-02 10:16:40.586280,-2.581131
2024-05-02 10:16:40.601900,-4.119123
2024-05-02 10:16:40.617530,-5.639
2024-05-02 10:16:40.633160,-7.328911
2024-05-02 10:16:40.648780,-9.418617
2024-05-02 10:16:40.664410,-12.09169
2024-05-02 10:16:40.680030,-15.40555
2024-05-02 10:16:40.695660,-19.12893
2024-05-02 10:16:40.711280,-22.67892
2024-05-02 10:16:40.726910,-25.2223
2024-05-02 10:16:40.742540,-25.89505
2024-05-02 10:16:40.758160,-24.13925
2024-05-02 10:16:40.773790,-19.95626
2024-05-02 10:16:40.789410,-13.93081
2024-05-02 10:16:40.805040,-7.031862
2024-05-02 10:16:40.820660,-0.2659626
2024-05-02 10:16:40.836290,5.622164
2024-05-02 10:16:40.851920,10.2918
2024-05-02 10:16:40.867540,13.72558
2024-05-02 10:16:40.883170,16.04036
2024-05-02 10:16:40.898790,17.36153
2024-05-02 10:16:40.914420,17.80713
2024-05-02 10:16:40.930040,17.6035
2024-05-02 10:16:40.945670,17.14338
2024-05-02 10:16:40.961300,16.93301
2024-05-02 10:16:40.976920,17.38929
2024-05-02 10:16:40.992550,18.60524
2024-05-02 10:16:41.008170,20.27378
2024-05-02 10:16:41.023800,21.81572
2024-05-02 10:16:41.039420,22.66604
2024-05-02 10:16:41.055050,22.57134
2024-05-02 10:16:41.070680,21.73528
2024-05-02 10:16:41.086300,20.66244
2024-05-02 10:16:41.101930,19.86637
2024-05-02 10:16:41.117550,19.5611
2024-05-02 10:16:41.133180,19.52994
2024-05-02 10:16:41.148800,19.17648
2024-05-02 10:16:41.164430,17.82848
2024-05-02 10:16:41.180060,15.01138
2024-05-02 10:16:41.195680,10.65161
2024-05-02 10:16:41.211310,5.133594
2024-05-02 10:16:41.226930,-0.8389063
2024-05-02 10:16:41.242560,-6.391593
2024-05-02 10:16:41.258180,-10.66766
2024-05-02 10:16:41.273810,-13.03164
2024-05-02 10:16:41.289440,-13.2114
2024-05-02 10:16:41.305060,-11.44142
2024-05-02 10:16:41.320690,-8.489762
2024-05-02 10:16:41.336310,-5.502998
2024-05-02 10:16:41.351940,-3.682994
2024-05-02 10:16:41.367560,-3.839892
2024-05-02 10:16:41.383190,-6.065875
2024-05-02 10:16:41.398820,-9.623817
2024-05-02 10:16:41.414440,-13.22989
2024-05-02 10:16:41.430070,-15.50025
2024-05-02 10:16:41.445690,-15.50332
2024-05-02 10:16:41.461320,-13.0446
2024-05-02 10:16:41.476940,-8.624644
2024-05-02 10:16:41.492570,-3.166926
2024-05-02 10:16:41.508200,2.391236
2024-05-02 10:16:41.523820,7.376511
2024-05-02 10:16:41.539450,11.40289
2024-05-02 10:16:41.555070,14.29175
2024-05-02 10:16:41.570700,15.94714
2024-05-02 10:16:41.586320,16.33073
2024-05-02 10:16:41.601950,15.51625
2024-05-02 10:16:41.617580,13.7908
2024-05-02 10:16:41.633200,11.65381
2024-05-02 10:16:41.648830,9.695582
2024-05-02 10:16:41.664450,8.398579
2024-05-02 10:16:41.680080,7.968507
2024-05-02 10:16:41.695700,8.288885
2024-05-02 10:16:41.711330,9.017557
2024-05-02 10:16:41.726960,9.739477
2024-05-02 10:16:41.742580,10.12675
2024-05-02 10:16:41.758210,9.981264
2024-05-02 10:16:41.773830,9.248053
2024-05-02 10:16:41.789460,7.952282
2024-05-02 10:16:41.805080,6.181721
2024-05-02 10:16:41.820710,4.02953
2024-05-02 10:16:41.836340,1.618345
2024-05-02 10:16:41.851960,-0.9175587
2024-05-02 10:16:41.867590,-3.435911
2024-05-02 10:16:41.883210,-5.776413
2024-05-02 10:16:41.898840,-7.755987
2024-05-02 10:16:41.914460,-9.208857
2024-05-02 10:16:41.930090,-10.03932
2024-05-02 10:16:41.945720,-10.31846
2024-05-02 10:16:41.961340,-10.27602
2024-05-02 10:16:41.976970,-10.33365
2024-05-02 10:16:41.992590,-10.98092
2024-05-02 10:16:42.008220,-12.66369
2024-05-02 10:16:42.023840,-15.57252
2024-05-02 10:16:42.039470,-19.53964
2024-05-02 10:16:42.055100,-23.93713
2024-05-02 10:16:42.070720,-27.78599
2024-05-02 10:16:42.086350,-30.00485
2024-05-02 10:16:42.101970,-29.75343
2024-05-02 10:16:42.117600,-26.737
2024-05-02 10:16:42.133220,-21.34734
2024-05-02 10:16:42.148850,-14.5176
2024-05-02 10:16:42.164480,-7.391315
2024-05-02 10:16:42.180100,-0.951931
2024-05-02 10:16:42.195730,4.239674
2024-05-02 10:16:42.211350,8.050556
2024-05-02 10:16:42.226980,10.59453
2024-05-02 10:16:42.242600,12.07545
2024-05-02 10:16:42.258230,12.63296
2024-05-02 10:16:42.273860,12.43267
2024-05-02 10:16:42.289480,11.70135
2024-05-02 10:16:42.305110,10.81833
2024-05-02 10:16:42.320730,10.18065
2024-05-02 10:16:42.336360,10.05396
2024-05-02 10:16:42.351980,10.45702
2024-05-02 10:16:42.367610,11.16471
2024-05-02 10:16:42.383240,11.8213
2024-05-02 10:16:42.398860,12.10455
2024-05-02 10:16:42.414490,11.87492
2024-05-02 10:16:42.430110,11.15905
2024-05-02 10:16:42.445740,10.09418
2024-05-02 10:16:42.461360,8.82502
2024-05-02 10:16:42.476990,7.427689
2024-05-02 10:16:42.492620,5.901733
2024-05-02 10:16:42.508240,4.206453
2024-05-02 10:16:42.523870,2.351919
2024-05-02 10:16:42.539490,0.398674
2024-05-02 10:16:42.555120,-1.51368
2024-05-02 10:16:42.570740,-3.250504
2024-05-02 10:16:42.586370,-4.73015
2024-05-02 10:16:42.602000,-5.992352
2024-05-02 10:16:42.617620,-7.194365
2024-05-02 10:16:42.633250,-8.600065
2024-05-02 10:16:42.648870,-10.48851
2024-05-02 10:16:42.664500,-13.03755
2024-05-02 10:16:42.680120,-16.2299
2024-05-02 10:16:42.695750,-19.75255
2024-05-02 10:16:42.711380,-22.98635
2024-05-02 10:16:42.727000,-25.13382
2024-05-02 10:16:42.742630,-25.44392
2024-05-02 10:16:42.758250,-23.47305
2024-05-02 10:16:42.773880,-19.28461
2024-05-02 10:16:42.789510,-13.47922
2024-05-02 10:16:42.805130,-7.000519
2024-05-02 10:16:42.820760,-0.8448505
2024-05-02 10:16:42.836380,4.252687
2024-05-02 10:16:42.852010,7.912577
2024-05-02 10:16:42.867630,10.12602
2024-05-02 10:16:42.883260,11.06005
2024-05-02 10:16:42.898890,10.95267
2024-05-02 10:16:42.914510,10.031
2024-05-02 10:16:42.930140,8.584177
2024-05-02 10:16:42.945760,6.984207
2024-05-02 10:16:42.961390,5.663012
2024-05-02 10:16:42.977010,5.0224
2024-05-02 10:16:42.992640,5.293468
2024-05-02 10:16:43.008270,6.442438
2024-05-02 10:16:43.023890,8.178823
2024-05-02 10:16:43.039520,10.05689
2024-05-02 10:16:43.055140,11.65085
2024-05-02 10:16:43.070770,12.64365
2024-05-02 10:16:43.086390,12.91764
2024-05-02 10:16:43.102020,12.51174
2024-05-02 10:16:43.117650,11.53387
2024-05-02 10:16:43.133270,10.10733
2024-05-02 10:16:43.148900,8.335875
2024-05-02 10:16:43.164520,6.302309
2024-05-02 10:16:43.180150,4.131678
2024-05-02 10:16:43.195770,1.966208
2024-05-02 10:16:43.211400,-0.04320145
2024-05-02 10:16:43.227030,-1.823227
2024-05-02 10:16:43.242650,-3.445768
2024-05-02 10:16:43.258280,-5.146889
2024-05-02 10:16:43.273900,-7.240421
2024-05-02 10:16:43.289530,-9.958361
2024-05-02 10:16:43.305150,-13.30211
2024-05-02 10:16:43.320780,-16.92762
2024-05-02 10:16:43.336410,-20.18936
2024-05-02 10:16:43.352030,-22.34471
2024-05-02 10:16:43.367660,-22.75182
2024-05-02 10:16:43.383280,-21.1109
2024-05-02 10:16:43.398910,-17.55641
2024-05-02 10:16:43.414530,-12.64257
2024-05-02 10:16:43.430160,-7.157053
2024-05-02 10:16:43.445790,-1.908403
2024-05-02 10:16:43.461410,2.474241
2024-05-02 10:16:43.477040,5.64539
2024-05-02 10:16:43.492660,7.53027
2024-05-02 10:16:43.508290,8.261927
2024-05-02 10:16:43.523910,8.09725
2024-05-02 10:16:43.539540,7.348692
2024-05-02 10:16:43.555170,6.378624
2024-05-02 10:16:43.570790,5.54351
2024-05-02 10:16:43.586420,5.143307
2024-05-02 10:16:43.602040,5.346355
2024-05-02 10:16:43.617670,6.13595
2024-05-02 10:16:43.633290,7.303885
2024-05-02 10:16:43.648920,8.560799
2024-05-02 10:16:43.664550,9.602489
2024-05-02 10:16:43.680170,10.21508
2024-05-02 10:16:43.695800,10.29064
2024-05-02 10:16:43.711420,9.793896
2024-05-02 10:16:43.727050,8.702419
2024-05-02 10:16:43.742670,7.022099
2024-05-02 10:16:43.758300,4.829084
2024-05-02 10:16:43.773930,2.28508
2024-05-02 10:16:43.789550,-0.3404751
2024-05-02 10:16:43.805180,-2.803139
2024-05-02 10:16:43.820800,-4.946325
2024-05-02 10:16:43.836430,-6.784519
2024-05-02 10:16:43.852050,-8.481384
2024-05-02 10:16:43.867680,-10.2575
2024-05-02 10:16:43.883310,-12.2847
2024-05-02 10:16:43.898930,-14.58538
2024-05-02 10:16:43.914560,-17.02938
2024-05-02 10:16:43.930180,-19.30762
2024-05-02 10:16:43.945810,-20.97225
2024-05-02 10:16:43.961430,-21.54435
2024-05-02 10:16:43.977060,-20.60246
2024-05-02 10:16:43.992690,-17.97057
2024-05-02 10:16:44.008310,-13.80621
2024-05-02 10:16:44.023940,-8.60089
2024-05-02 10:16:44.039560,-3.044518
2024-05-02 10:16:44.055190,2.152555
2024-05-02 10:16:44.070810,6.472325
2024-05-02 10:16:44.086440,9.61826
2024-05-02 10:16:44.102070,11.53784
2024-05-02 10:16:44.117690,12.29932
2024-05-02 10:16:44.133320,12.06864
2024-05-02 10:16:44.148940,11.11433
2024-05-02 10:16:44.164570,9.804457
2024-05-02 10:16:44.180190,8.565237
2024-05-02 10:16:44.195820,7.800376
2024-05-02 10:16:44.211450,7.776031
2024-05-02 10:16:44.227070,8.504815
2024-05-02 10:16:44.242700,9.781313
2024-05-02 10:16:44.258320,11.20103
2024-05-02 10:16:44.273950,12.28116
2024-05-02 10:16:44.289570,12.58146
2024-05-02 10:16:44.305200,11.83383
2024-05-02 10:16:44.320830,10.03483
2024-05-02 10:16:44.336450,7.461382
2024-05-02 10:16:44.352080,4.605082
2024-05-02 10:16:44.367700,1.994734
2024-05-02 10:16:44.383330,0.02168703
2024-05-02 10:16:44.398950,-1.169584
2024-05-02 10:16:44.414580,-1.70096
2024-05-02 10:16:44.430210,-1.867307
2024-05-02 10:16:44.445830,-2.024199
2024-05-02 10:16:44.461460,-2.510193
2024-05-02 10:16:44.477080,-3.636624
2024-05-02 10:16:44.492710,-5.627898
2024-05-02 10:16:44.508330,-8.548073
2024-05-02 10:16:44.523960,-12.16759
2024-05-02 10:16:44.539590,-15.90733
2024-05-02 10:16:44.555210,-18.90146
2024-05-02 10:16:44.570840,-20.25002
2024-05-02 10:16:44.586460,-19.33995
2024-05-02 10:16:44.602090,-16.06853
2024-05-02 10:16:44.617710,-10.91168
2024-05-02 10:16:44.633340,-4.742548
2024-05-02 10:16:44.648970,1.467574
2024-05-02 10:16:44.664590,6.931288
2024-05-02 10:16:44.680220,11.20025
2024-05-02 10:16:44.695840,14.16307
2024-05-02 10:16:44.711470,15.91116
2024-05-02 10:16:44.727090,16.60815
2024-05-02 10:16:44.742720,16.44153
2024-05-02 10:16:44.758350,15.64093
2024-05-02 10:16:44.773970,14.52687
2024-05-02 10:16:44.789600,13.51585
2024-05-02 10:16:44.805220,13.02577
2024-05-02 10:16:44.820850,13.289
2024-05-02 10:16:44.836470,14.22882
2024-05-02 10:16:44.852100,15.42359
2024-05-02 10:16:44.867730,16.24147
2024-05-02 10:16:44.883350,16.11961
2024-05-02 10:16:44.898980,14.77448
2024-05-02 10:16:44.914600,12.36659
2024-05-02 10:16:44.930230,9.3866
2024-05-02 10:16:44.945850,6.468902
2024-05-02 10:16:44.961480,4.130306
2024-05-02 10:16:44.977110,2.598675
2024-05-02 10:16:44.992730,1.794837
2024-05-02 10:16:45.008360,1.412139
2024-05-02 10:16:45.023980,1.061553
2024-05-02 10:16:45.039610,0.3660975
2024-05-02 10:16:45.055230,-0.9367881
2024-05-02 10:16:45.070860,-2.921553
2024-05-02 10:16:45.086490,-5.447473
2024-05-02 10:16:45.102110,-8.155805
2024-05-02 10:16:45.117740,-10.49659
2024-05-02 10:16:45.133360,-11.87127
2024-05-02 10:16:45.148990,-11.81479
2024-05-02 10:16:45.164610,-10.1299
2024-05-02 10:16:45.180240,-6.9784
2024-05-02 10:16:45.195870,-2.818538
2024-05-02 10:16:45.211490,1.707964
2024-05-02 10:16:45.227120,5.933796
2024-05-02 10:16:45.242740,9.286626
2024-05-02 10:16:45.258370,11.37611
2024-05-02 10:16:45.273990,12.03022
2024-05-02 10:16:45.289620,11.30994
2024-05-02 10:16:45.305250,9.540961
2024-05-02 10:16:45.320870,7.234189
2024-05-02 10:16:45.336500,4.987453
2024-05-02 10:16:45.352120,3.310024
2024-05-02 10:16:45.367750,2.462699
2024-05-02 10:16:45.383370,2.395445
2024-05-02 10:16:45.399000,2.795858
2024-05-02 10:16:45.414630,3.271593
2024-05-02 10:16:45.430250,3.487488
2024-05-02 10:16:45.445880,3.315834
2024-05-02 10:16:45.461500,2.762232
2024-05-02 10:16:45.477130,1.901464
2024-05-02 10:16:45.492760,0.7231121
2024-05-02 10:16:45.508380,-0.8537216
2024-05-02 10:16:45.524010,-2.947086
2024-05-02 10:16:45.539630,-5.584841
2024-05-02 10:16:45.555260,-8.662298
2024-05-02 10:16:45.570880,-11.96211
2024-05-02 10:16:45.586510,-15.26956
2024-05-02 10:16:45.602140,-18.43732
2024-05-02 10:16:45.617760,-21.38421
2024-05-02 10:16:45.633390,-23.9454
2024-05-02 10:16:45.649010,-25.76764
2024-05-02 10:16:45.664640,-26.29773
2024-05-02 10:16:45.680260,-24.98746
2024-05-02 10:16:45.695890,-21.55639
2024-05-02 10:16:45.711520,-16.26311
2024-05-02 10:16:45.727140,-9.88089
2024-05-02 10:16:45.742770,-3.499285
2024-05-02 10:16:45.758390,1.904919
2024-05-02 10:16:45.774020,5.768351
2024-05-02 10:16:45.789640,8.0522
2024-05-02 10:16:45.805270,9.076279
2024-05-02 10:16:45.820900,9.257967
2024-05-02 10:16:45.836520,8.896126
2024-05-02 10:16:45.852150,8.106144
2024-05-02 10:16:45.867770,6.97156
2024-05-02 10:16:45.883400,5.652592
2024-05-02 10:16:45.899020,4.444803
2024-05-02 10:16:45.914650,3.672293
2024-05-02 10:16:45.930280,3.486761
2024-05-02 10:16:45.945900,3.75181
2024-05-02 10:16:45.961530,4.048203
2024-05-02 10:16:45.977150,3.91503
2024-05-02 10:16:45.992780,3.052546
2024-05-02 10:16:46.008400,1.481876
2024-05-02 10:16:46.024030,-0.5027542
2024-05-02 10:16:46.039660,-2.525166
2024-05-02 10:16:46.055280,-4.314936
2024-05-02 10:16:46.070910,-5.837824
2024-05-02 10:16:46.086530,-7.26535
2024-05-02 10:16:46.102160,-8.838711
2024-05-02 10:16:46.117780,-10.78798
2024-05-02 10:16:46.133410,-13.2311
2024-05-02 10:16:46.149040,-16.15928
2024-05-02 10:16:46.164660,-19.38991
2024-05-02 10:16:46.180290,-22.57066
2024-05-02 10:16:46.195910,-25.16542
2024-05-02 10:16:46.211540,-26.56441
2024-05-02 10:16:46.227160,-26.24188
2024-05-02 10:16:46.242790,-23.99921
2024-05-02 10:16:46.258420,-20.04405
2024-05-02 10:16:46.274040,-14.97545
2024-05-02 10:16:46.289670,-9.540653
2024-05-02 10:16:46.305290,-4.412308
2024-05-02 10:16:46.320920,-0.001344681
2024-05-02 10:16:46.336540,3.550261
2024-05-02 10:16:46.352170,6.246991
2024-05-02 10:16:46.367800,8.132603
2024-05-02 10:16:46.383420,9.242338
2024-05-02 10:16:46.399050,9.665627
2024-05-02 10:16:46.414670,9.641524
2024-05-02 10:16:46.430300,9.561151
2024-05-02 10:16:46.445920,9.868846
2024-05-02 10:16:46.461550,10.86784
2024-05-02 10:16:46.477180,12.57186
2024-05-02 10:16:46.492800,14.68042
2024-05-02 10:16:46.508430,16.66084
2024-05-02 10:16:46.524050,17.97473
2024-05-02 10:16:46.539680,18.25018
2024-05-02 10:16:46.555300,17.42688
2024-05-02 10:16:46.570930,15.74243
2024-05-02 10:16:46.586560,13.58285
2024-05-02 10:16:46.602180,11.35842
2024-05-02 10:16:46.617810,9.323172
2024-05-02 10:16:46.633430,7.520615
2024-05-02 10:16:46.649060,5.802725
2024-05-02 10:16:46.664680,3.913231
2024-05-02 10:16:46.680310,1.638226
2024-05-02 10:16:46.695940,-1.118823
2024-05-02 10:16:46.711560,-4.275187
2024-05-02 10:16:46.727190,-7.564259
2024-05-02 10:16:46.742810,-10.57727
2024-05-02 10:16:46.758440,-12.81884
2024-05-02 10:16:46.774060,-13.78421
2024-05-02 10:16:46.789690,-13.079
2024-05-02 10:16:46.805320,-10.54492
2024-05-02 10:16:46.820940,-6.347638
2024-05-02 10:16:46.836570,-1.01508
2024-05-02 10:16:46.852190,4.705519
2024-05-02 10:16:46.867820,10.0232
2024-05-02 10:16:46.883440,14.31522
2024-05-02 10:16:46.899070,17.26926
2024-05-02 10:16:46.914700,18.87651
2024-05-02 10:16:46.930320,19.33513
2024-05-02 10:16:46.945950,18.91538
2024-05-02 10:16:46.961570,17.85192
2024-05-02 10:16:46.977200,16.33556
2024-05-02 10:16:46.992820,14.57119
2024-05-02 10:16:47.008450,12.8028
2024-05-02 10:16:47.024080,11.31182
2024-05-02 10:16:47.039700,10.32565
2024-05-02 10:16:47.055330,9.907184
2024-05-02 10:16:47.070950,9.892139
2024-05-02 10:16:47.086580,9.907063
2024-05-02 10:16:47.102200,9.520965
2024-05-02 10:16:47.117830,8.386057
2024-05-02 10:16:47.133460,6.396264
2024-05-02 10:16:47.149080,3.710447
2024-05-02 10:16:47.164710,0.6971245
2024-05-02 10:16:47.180330,-2.234186
2024-05-02 10:16:47.195960,-4.755503
2024-05-02 10:16:47.211580,-6.727374
2024-05-02 10:16:47.227210,-8.198635
2024-05-02 10:16:47.242840,-9.346493
2024-05-02 10:16:47.258460,-10.40457
2024-05-02 10:16:47.274090,-11.60318
2024-05-02 10:16:47.289710,-13.16141
2024-05-02 10:16:47.305340,-15.25933
2024-05-02 10:16:47.320960,-17.96681
2024-05-02 10:16:47.336590,-21.13453
2024-05-02 10:16:47.352220,-24.32024
2024-05-02 10:16:47.367840,-26.80368
2024-05-02 10:16:47.383470,-27.77101
2024-05-02 10:16:47.399090,-26.61926
2024-05-02 10:16:47.414720,-23.21067
2024-05-02 10:16:47.430340,-17.96161
2024-05-02 10:16:47.445970,-11.71211
2024-05-02 10:16:47.461600,-5.447435
2024-05-02 10:16:47.477220,0.0325017
2024-05-02 10:16:47.492850,4.277869
2024-05-02 10:16:47.508470,7.194431
2024-05-02 10:16:47.524100,8.914394
2024-05-02 10:16:47.539720,9.665025
2024-05-02 10:16:47.555350,9.684796
2024-05-02 10:16:47.570980,9.198263
2024-05-02 10:16:47.586600,8.458264
2024-05-02 10:16:47.602230,7.72236
2024-05-02 10:16:47.617850,7.194977
2024-05-02 10:16:47.633480,6.976772
2024-05-02 10:16:47.649110,7.031022
2024-05-02 10:16:47.664730,7.184078
2024-05-02 10:16:47.680360,7.200903
2024-05-02 10:16:47.695980,6.862763
2024-05-02 10:16:47.711610,6.004093
2024-05-02 10:16:47.727230,4.577676
2024-05-02 10:16:47.742860,2.637275
2024-05-02 10:16:47.758490,0.3378992
2024-05-02 10:16:47.774110,-2.128977
2024-05-02 10:16:47.789740,-4.554822
2024-05-02 10:16:47.805360,-6.739085
2024-05-02 10:16:47.820990,-8.534412
2024-05-02 10:16:47.836610,-9.864515
2024-05-02 10:16:47.852240,-10.80225
2024-05-02 10:16:47.867870,-11.59597
2024-05-02 10:16:47.883490,-12.62568
2024-05-02 10:16:47.899120,-14.3046
2024-05-02 10:16:47.914740,-16.865
2024-05-02 10:16:47.930370,-20.15626
2024-05-02 10:16:47.945990,-23.5901
2024-05-02 10:16:47.961620,-26.23823
2024-05-02 10:16:47.977250,-27.13262
2024-05-02 10:16:47.992870,-25.62279
2024-05-02 10:16:48.008500,-21.6154
2024-05-02 10:16:48.024120,-15.65809
2024-05-02 10:16:48.039750,-8.705602
2024-05-02 10:16:48.055370,-1.789291
2024-05-02 10:16:48.071000,4.279268
2024-05-02 10:16:48.086630,9.096047
2024-05-02 10:16:48.102250,12.60383
2024-05-02 10:16:48.117880,14.92949
2024-05-02 10:16:48.133500,16.2258
2024-05-02 10:16:48.149130,16.66167
2024-05-02 10:16:48.164750,16.42812
2024-05-02 10:16:48.180380,15.82393
2024-05-02 10:16:48.196010,15.26999
2024-05-02 10:16:48.211630,15.15427
2024-05-02 10:16:48.227260,15.67068
2024-05-02 10:16:48.242880,16.72935
2024-05-02 10:16:48.258510,17.95086
2024-05-02 10:16:48.274130,18.84194
2024-05-02 10:16:48.289760,18.99145
2024-05-02 10:16:48.305390,18.24657
2024-05-02 10:16:48.321010,16.73702
2024-05-02 10:16:48.336640,14.7797
2024-05-02 10:16:48.352260,12.70494
2024-05-02 10:16:48.367890,10.72223
2024-05-02 10:16:48.383510,8.889011
2024-05-02 10:16:48.399140,7.125084
2024-05-02 10:16:48.414770,5.295134
2024-05-02 10:16:48.430390,3.31513
2024-05-02 10:16:48.446020,1.137398
2024-05-02 10:16:48.461640,-1.221498
2024-05-02 10:16:48.477270,-3.780218
2024-05-02 10:16:48.492890,-6.594507
2024-05-02 10:16:48.508520,-9.793127
2024-05-02 10:16:48.524150,-13.46728
2024-05-02 10:16:48.539770,-17.56083
2024-05-02 10:16:48.555400,-21.7436
2024-05-02 10:16:48.571020,-25.40152
2024-05-02 10:16:48.586650,-27.75421
2024-05-02 10:16:48.602270,-28.0911
2024-05-02 10:16:48.617900,-26.05359
2024-05-02 10:16:48.633530,-21.79922
2024-05-02 10:16:48.649150,-15.96222
2024-05-02 10:16:48.664780,-9.458288
2024-05-02 10:16:48.680400,-3.214445
2024-05-02 10:16:48.696030,2.143276
2024-05-02 10:16:48.711650,6.388815
2024-05-02 10:16:48.727280,9.596878
2024-05-02 10:16:48.742910,12.01963
2024-05-02 10:16:48.758530,13.85673
2024-05-02 10:16:48.774160,15.19754
2024-05-02 10:16:48.789780,16.01367
2024-05-02 10:16:48.805410,16.29005
2024-05-02 10:16:48.821030,16.08996
2024-05-02 10:16:48.836660,15.6086
2024-05-02 10:16:48.852290,15.08334
2024-05-02 10:16:48.867910,14.71148
2024-05-02 10:16:48.883540,14.55486
2024-05-02 10:16:48.899160,14.53415
2024-05-02 10:16:48.914790,14.46806
2024-05-02 10:16:48.930410,14.19387
2024-05-02 10:16:48.946040,13.63233
2024-05-02 10:16:48.961670,12.81617
2024-05-02 10:16:48.977290,11.81351
2024-05-02 10:16:48.992920,10.68096
2024-05-02 10:16:49.008540,9.394423
2024-05-02 10:16:49.024170,7.906607
2024-05-02 10:16:49.039790,6.170692
2024-05-02 10:16:49.055420,4.239563
2024-05-02 10:16:49.071050,2.243444
2024-05-02 10:16:49.086670,0.3625793
2024-05-02 10:16:49.102300,-1.29043
2024-05-02 10:16:49.117920,-2.727573
2024-05-02 10:16:49.133550,-4.148205
2024-05-02 10:16:49.149170,-5.856499
2024-05-02 10:16:49.164800,-8.150263
2024-05-02 10:16:49.180430,-11.11689
2024-05-02 10:16:49.196050,-14.51859
2024-05-02 10:16:49.211680,-17.75043
2024-05-02 10:16:49.227300,-20.0191
2024-05-02 10:16:49.242930,-20.61497
2024-05-02 10:16:49.258550,-19.17271
2024-05-02 10:16:49.274180,-15.79677
2024-05-02 10:16:49.289810,-11.02886
2024-05-02 10:16:49.305430,-5.613024
2024-05-02 10:16:49.321060,-0.2619438
2024-05-02 10:16:49.336680,4.50322
2024-05-02 10:16:49.352310,8.37126
2024-05-02 10:16:49.367930,11.20555
2024-05-02 10:16:49.383560,12.9528
2024-05-02 10:16:49.399190,13.64873
2024-05-02 10:16:49.414810,13.44947
2024-05-02 10:16:49.430440,12.66604
2024-05-02 10:16:49.446060,11.71572
2024-05-02 10:16:49.461690,10.99186
2024-05-02 10:16:49.477310,10.73678
2024-05-02 10:16:49.492940,10.95736
2024-05-02 10:16:49.508570,11.45798
2024-05-02 10:16:49.524190,11.97187
2024-05-02 10:16:49.539820,12.27957
2024-05-02 10:16:49.555440,12.30617
2024-05-02 10:16:49.571070,12.11419
2024-05-02 10:16:49.586690,11.82309
2024-05-02 10:16:49.602320,11.49785
2024-05-02 10:16:49.617950,11.11581
2024-05-02 10:16:49.633570,10.57778
2024-05-02 10:16:49.649200,9.78705
2024-05-02 10:16:49.664820,8.694834
2024-05-02 10:16:49.680450,7.344456
2024-05-02 10:16:49.696070,5.792049
2024-05-02 10:16:49.711700,4.099137
2024-05-02 10:16:49.727330,2.305625
2024-05-02 10:16:49.742950,0.4461842
2024-05-02 10:16:49.758580,-1.444323
2024-05-02 10:16:49.774200,-3.310215
2024-05-02 10:16:49.789830,-5.156044
2024-05-02 10:16:49.805450,-7.051785
2024-05-02 10:16:49.821080,-9.123879
2024-05-02 10:16:49.836710,-11.50183
2024-05-02 10:16:49.852330,-14.19803
2024-05-02 10:16:49.867960,-17.01276
2024-05-02 10:16:49.883580,-19.50315
2024-05-02 10:16:49.899210,-21.06181
2024-05-02 10:16:49.914830,-21.08002
2024-05-02 10:16:49.930460,-19.14853
2024-05-02 10:16:49.946090,-15.23836
2024-05-02 10:16:49.961710,-9.740418
2024-05-02 10:16:49.977340,-3.402566
2024-05-02 10:16:49.992960,2.893191
2024-05-02 10:16:50.008590,8.352924
2024-05-02 10:16:50.024210,12.49874
2024-05-02 10:16:50.039840,15.23341
2024-05-02 10:16:50.055470,16.76411
2024-05-02 10:16:50.071090,17.45323
2024-05-02 10:16:50.086720,17.65349
2024-05-02 10:16:50.102340,17.59956
2024-05-02 10:16:50.117970,17.42933
2024-05-02 10:16:50.133590,17.24858
2024-05-02 10:16:50.149220,17.18477
2024-05-02 10:16:50.164850,17.36244
2024-05-02 10:16:50.180470,17.8419
2024-05-02 10:16:50.196100,18.54773
2024-05-02 10:16:50.211720,19.22136
2024-05-02 10:16:50.227350,19.53172
2024-05-02 10:16:50.242980,19.18645
2024-05-02 10:16:50.258600,18.06505
2024-05-02 10:16:50.274230,16.27128
2024-05-02 10:16:50.289850,14.06234
2024-05-02 10:16:50.305480,11.71972
2024-05-02 10:16:50.321100,9.423338
2024-05-02 10:16:50.336730,7.22253
2024-05-02 10:16:50.352360,5.057842
2024-05-02 10:16:50.367980,2.839315
2024-05-02 10:16:50.383610,0.5579605
2024-05-02 10:16:50.399230,-1.701248
2024-05-02 10:16:50.414860,-3.797571
2024-05-02 10:16:50.430480,-5.569162
2024-05-02 10:16:50.446110,-6.913786
2024-05-02 10:16:50.461740,-7.809471
2024-05-02 10:16:50.477360,-8.376938
2024-05-02 10:16:50.492990,-8.887386
2024-05-02 10:16:50.508610,-9.72237
2024-05-02 10:16:50.524240,-11.2485
2024-05-02 10:16:50.539860,-13.63687
2024-05-02 10:16:50.555490,-16.65642
2024-05-02 10:16:50.571120,-19.64925
2024-05-02 10:16:50.586740,-21.68403
2024-05-02 10:16:50.602370,-21.90358
2024-05-02 10:16:50.617990,-19.91531
2024-05-02 10:16:50.633620,-15.98259
2024-05-02 10:16:50.649240,-10.96254
2024-05-02 10:16:50.664870,-5.919014
2024-05-02 10:16:50.680500,-1.740608
2024-05-02 10:16:50.696120,1.203686
2024-05-02 10:16:50.711750,3.048042
2024-05-02 10:16:50.727370,4.253998
2024-05-02 10:16:50.743000,5.274506
2024-05-02 10:16:50.758620,6.338703
2024-05-02 10:16:50.774250,7.407913
2024-05-02 10:16:50.789880,8.301994
2024-05-02 10:16:50.805500,8.874046
2024-05-02 10:16:50.821130,9.119499
2024-05-02 10:16:50.836750,9.186989
2024-05-02 10:16:50.852380,9.321526
2024-05-02 10:16:50.868000,9.714561
2024-05-02 10:16:50.883630,10.45538
2024-05-02 10:16:50.899260,11.49038
2024-05-02 10:16:50.914880,12.63025
2024-05-02 10:16:50.930510,13.55184
2024-05-02 10:16:50.946130,13.89736
2024-05-02 10:16:50.961760,13.4081
2024-05-02 10:16:50.977380,12.04041
2024-05-02 10:16:50.993010,10.0591
2024-05-02 10:16:51.008640,8.012886
2024-05-02 10:16:51.024260,6.501976
2024-05-02 10:16:51.039890,5.911575
2024-05-02 10:16:51.055510,6.210892
2024-05-02 10:16:51.071140,6.926811
2024-05-02 10:16:51.086760,7.346741
2024-05-02 10:16:51.102390,6.83947
2024-05-02 10:16:51.118020,5.133934
2024-05-02 10:16:51.133640,2.456375
2024-05-02 10:16:51.149270,-0.5935211
2024-05-02 10:16:51.164890,-3.172874
2024-05-02 10:16:51.180520,-4.361107
2024-05-02 10:16:51.196140,-3.276779
2024-05-02 10:16:51.211770,0.6785965
2024-05-02 10:16:51.227400,7.464203
2024-05-02 10:16:51.243020,15.94967
2024-05-02 10:16:51.258650,23.74459
2024-05-02 10:16:51.274270,27.72047
2024-05-02 10:16:51.289900,25.2244
2024-05-02 10:16:51.305520,15.4064
2024-05-02 10:16:51.321150,0.02703094
2024-05-02 10:16:51.336780,-16.9902
2024-05-02 10:16:51.352400,-31.07224
2024-05-02 10:16:51.368030,-38.89244
2024-05-02 10:16:51.383650,-39.47932
2024-05-02 10:16:51.399280,-34.06293
2024-05-02 10:16:51.414900,-24.76984
2024-05-02 10:16:51.430530,-13.23795
2024-05-02 10:16:51.446160,0.03024292
2024-05-02 10:16:51.461780,15.28729
2024-05-02 10:16:51.477410,32.47047
2024-05-02 10:16:51.493030,50.35721
2024-05-02 10:16:51.508660,66.58945
2024-05-02 10:16:51.524280,78.45717
2024-05-02 10:16:51.539910,84.03099
2024-05-02 10:16:51.555540,82.86769
2024-05-02 10:16:51.571160,76.0459
2024-05-02 10:16:51.586790,65.58049
2024-05-02 10:16:51.602410,53.70569
2024-05-02 10:16:51.618040,42.42705
2024-05-02 10:16:51.633660,33.3418
2024-05-02 10:16:51.649290,27.67957
2024-05-02 10:16:51.664920,26.00977
2024-05-02 10:16:51.680540,27.56836
2024-05-02 10:16:51.696170,29.67856
2024-05-02 10:16:51.711790,27.65994
2024-05-02 10:16:51.727420,16.00864
2024-05-02 10:16:51.743040,-9.488174
2024-05-02 10:16:51.758670,-49.40877
2024-05-02 10:16:51.774300,-99.36281
2024-05-02 10:16:51.789920,-150.3111
2024-05-02 10:16:51.805550,-191.0376
2024-05-02 10:16:51.821170,-211.6659
2024-05-02 10:16:51.836800,-206.9902
2024-05-02 10:16:51.852420,-178.1426
2024-05-02 10:16:51.868050,-131.8747
2024-05-02 10:16:51.883680,-78.03009
2024-05-02 10:16:51.899300,-26.32594
2024-05-02 10:16:51.914930,16.09041
2024-05-02 10:16:51.930550,45.55597
2024-05-02 10:16:51.946180,61.31639
2024-05-02 10:16:51.961800,64.28772
2024-05-02 10:16:51.977430,56.22295
2024-05-02 10:16:51.993060,39.52715
2024-05-02 10:16:52.008680,17.56107
2024-05-02 10:16:52.024310,-5.365814
2024-05-02 10:16:52.039930,-24.73613
2024-05-02 10:16:52.055560,-37.14145
2024-05-02 10:16:52.071180,-41.48886
2024-05-02 10:16:52.086810,-39.39294
2024-05-02 10:16:52.102440,-34.35289
2024-05-02 10:16:52.118060,-30.14008
2024-05-02 10:16:52.133690,-29.47791
2024-05-02 10:16:52.149310,-33.36057
2024-05-02 10:16:52.164940,-41.25778
2024-05-02 10:16:52.180560,-51.60915
2024-05-02 10:16:52.196190,-62.03963
2024-05-02 10:16:52.211820,-69.48367
2024-05-02 10:16:52.227440,-70.48451
2024-05-02 10:16:52.243070,-62.12791
2024-05-02 10:16:52.258690,-43.32086
2024-05-02 10:16:52.274320,-15.91013
2024-05-02 10:16:52.289940,15.38339
2024-05-02 10:16:52.305570,44.39978
2024-05-02 10:16:52.321200,65.76736
2024-05-02 10:16:52.336820,76.83876
2024-05-02 10:16:52.352450,78.32083
2024-05-02 10:16:52.368070,73.49852
2024-05-02 10:16:52.383700,66.49403
2024-05-02 10:16:52.399320,60.56229
2024-05-02 10:16:52.414950,57.10068
2024-05-02 10:16:52.430580,55.67252
2024-05-02 10:16:52.446200,54.69067
2024-05-02 10:16:52.461830,52.16022
2024-05-02 10:16:52.477450,46.30608
2024-05-02 10:16:52.493080,36.02275
2024-05-02 10:16:52.508710,21.21121
2024-05-02 10:16:52.524330,3.032318
2024-05-02 10:16:52.539960,-16.21472
2024-05-02 10:16:52.555580,-33.60898
2024-05-02 10:16:52.571210,-46.51666
2024-05-02 10:16:52.586830,-53.44809
2024-05-02 10:16:52.602460,-54.41428
2024-05-02 10:16:52.618090,-50.61745
2024-05-02 10:16:52.633710,-43.70477
2024-05-02 10:16:52.649340,-35.08508
2024-05-02 10:16:52.664960,-25.66356
2024-05-02 10:16:52.680590,-16.08162
2024-05-02 10:16:52.696210,-7.110992
2024-05-02 10:16:52.711840,0.2064514
2024-05-02 10:16:52.727470,4.903259
2024-05-02 10:16:52.743090,6.617523
2024-05-02 10:16:52.758720,6.027496
2024-05-02 10:16:52.774340,4.758423
2024-05-02 10:16:52.789970,4.815979
2024-05-02 10:16:52.805590,7.80014
2024-05-02 10:16:52.821220,14.27444
2024-05-02 10:16:52.836850,23.65414
2024-05-02 10:16:52.852470,34.53488
2024-05-02 10:16:52.868100,45.3092
2024-05-02 10:16:52.883720,54.75873
2024-05-02 10:16:52.899350,62.31873
2024-05-02 10:16:52.914970,68.04169
2024-05-02 10:16:52.930600,72.28052
2024-05-02 10:16:52.946230,75.30417
2024-05-02 10:16:52.961850,77.0343
2024-05-02 10:16:52.977480,76.96698
2024-05-02 10:16:52.993100,74.3848
2024-05-02 10:16:53.008730,68.68961
2024-05-02 10:16:53.024350,59.74872
2024-05-02 10:16:53.039980,48.08133
2024-05-02 10:16:53.055610,34.82236
2024-05-02 10:16:53.071230,21.44635
2024-05-02 10:16:53.086860,9.381409
2024-05-02 10:16:53.102480,-0.3311768
2024-05-02 10:16:53.118110,-7.230652
2024-05-02 10:16:53.133730,-11.39114
2024-05-02 10:16:53.149360,-13.25031
2024-05-02 10:16:53.164990,-13.40302
2024-05-02 10:16:53.180610,-12.39697
2024-05-02 10:16:53.196240,-10.68756
2024-05-02 10:16:53.211860,-8.615356
2024-05-02 10:16:53.227490,-6.457489
2024-05-02 10:16:53.243110,-4.401459
2024-05-02 10:16:53.258740,-2.555298
2024-05-02 10:16:53.274370,-0.9525452
2024-05-02 10:16:53.289990,0.438324
2024-05-02 10:16:53.305620,1.64621
2024-05-02 10:16:53.321240,2.644257
2024-05-02 10:16:53.336870,3.31488
2024-05-02 10:16:53.352490,3.486481
2024-05-02 10:16:53.368120,2.894775
2024-05-02 10:16:53.383750,1.290894
2024-05-02 10:16:53.399370,-1.550201
2024-05-02 10:16:53.415000,-5.721222
2024-05-02 10:16:53.430620,-11.12305
2024-05-02 10:16:53.446250,-17.41089
2024-05-02 10:16:53.461870,-24.01578
2024-05-02 10:16:53.477500,-30.28595
2024-05-02 10:16:53.493130,-35.64313
2024-05-02 10:16:53.508750,-39.76639
2024-05-02 10:16:53.524380,-42.63599
2024-05-02 10:16:53.540000,-44.53787
2024-05-02 10:16:53.555630,-45.90701
2024-05-02 10:16:53.571250,-47.18262
2024-05-02 10:16:53.586880,-48.66333
2024-05-02 10:16:53.602510,-50.4548
2024-05-02 10:16:53.618130,-52.47845
2024-05-02 10:16:53.633760,-54.5303
2024-05-02 10:16:53.649380,-56.40497
2024-05-02 10:16:53.665010,-57.98187
2024-05-02 10:16:53.680630,-59.32465
2024-05-02 10:16:53.696260,-60.6904
2024-05-02 10:16:53.711890,-62.43198
2024-05-02 10:16:53.727510,-64.8558
2024-05-02 10:16:53.743140,-67.98584
2024-05-02 10:16:53.758760,-71.4816
2024-05-02 10:16:53.774390,-74.69446
2024-05-02 10:16:53.790010,-76.89319
2024-05-02 10:16:53.805640,-77.54953
2024-05-02 10:16:53.821270,-76.59451
2024-05-02 10:16:53.836890,-74.40512
2024-05-02 10:16:53.852520,-71.6272
2024-05-02 10:16:53.868140,-68.89999
2024-05-02 10:16:53.883770,-66.62482
2024-05-02 10:16:53.899390,-64.89755
2024-05-02 10:16:53.915020,-63.5676
2024-05-02 10:16:53.930650,-62.37918
2024-05-02 10:16:53.946270,-61.10959
2024-05-02 10:16:53.961900,-59.58267
2024-05-02 10:16:53.977520,-57.69876
2024-05-02 10:16:53.993150,-55.39926
2024-05-02 10:16:54.008770,-52.68259
2024-05-02 10:16:54.024400,-49.60934
2024-05-02 10:16:54.040030,-46.30154
2024-05-02 10:16:54.055650,-42.94934
2024-05-02 10:16:54.071280,-39.73163
2024-05-02 10:16:54.086900,-36.80688
2024-05-02 10:16:54.102530,-34.24472
2024-05-02 10:16:54.118150,-31.97742
2024-05-02 10:16:54.133780,-29.80356
2024-05-02 10:16:54.149410,-27.38004
2024-05-02 10:16:54.165030,-24.31195
2024-05-02 10:16:54.180660,-20.25311
2024-05-02 10:16:54.196280,-15.02789
2024-05-02 10:16:54.211910,-8.668213
2024-05-02 10:16:54.227530,-1.429443
2024-05-02 10:16:54.243160,6.330841
2024-05-02 10:16:54.258790,14.22601
2024-05-02 10:16:54.274410,21.92722
2024-05-02 10:16:54.290040,29.15506
2024-05-02 10:16:54.305660,35.6539
2024-05-02 10:16:54.321290,41.17094
2024-05-02 10:16:54.336910,45.50009
2024-05-02 10:16:54.352540,48.58255
2024-05-02 10:16:54.368170,50.63483
2024-05-02 10:16:54.383790,52.16682
2024-05-02 10:16:54.399420,53.86237
2024-05-02 10:16:54.415040,56.31456
2024-05-02 10:16:54.430670,59.7802
2024-05-02 10:16:54.446290,64.01558
2024-05-02 10:16:54.461920,68.38499
2024-05-02 10:16:54.477550,72.10242
2024-05-02 10:16:54.493170,74.51309
2024-05-02 10:16:54.508800,75.30011
2024-05-02 10:16:54.524420,74.53535
2024-05-02 10:16:54.540050,72.53925
2024-05-02 10:16:54.555670,69.73526
2024-05-02 10:16:54.571300,66.53462
2024-05-02 10:16:54.586930,63.26799
2024-05-02 10:16:54.602550,60.17763
2024-05-02 10:16:54.618180,57.42841
2024-05-02 10:16:54.633800,55.06473
2024-05-02 10:16:54.649430,53.03903
2024-05-02 10:16:54.665050,51.25349
2024-05-02 10:16:54.680680,49.60982
2024-05-02 10:16:54.696310,48.10832
2024-05-02 10:16:54.711930,46.84703
2024-05-02 10:16:54.727560,45.96761
2024-05-02 10:16:54.743180,45.59285
2024-05-02 10:16:54.758810,45.70825
2024-05-02 10:16:54.774440,46.15657
2024-05-02 10:16:54.790060,46.6142
2024-05-02 10:16:54.805690,46.66551
2024-05-02 10:16:54.821310,45.8764
2024-05-02 10:16:54.836940,43.90277
2024-05-02 10:16:54.852560,40.5407
2024-05-02 10:16:54.868190,35.77763
2024-05-02 10:16:54.883820,29.7541
2024-05-02 10:16:54.899440,22.73981
2024-05-02 10:16:54.915070,15.05626
2024-05-02 10:16:54.930690,7.031464
2024-05-02 10:16:54.946320,-1.087555
2024-05-02 10:16:54.961940,-9.162216
2024-05-02 10:16:54.977570,-17.09743
2024-05-02 10:16:54.993200,-24.75052
2024-05-02 10:16:55.008820,-31.82524
2024-05-02 10:16:55.024450,-37.76897
2024-05-02 10:16:55.040070,-41.8712
2024-05-02 10:16:55.055700,-43.47285
2024-05-02 10:16:55.071320,-42.2345
2024-05-02 10:16:55.086950,-38.35423
2024-05-02 10:16:55.102580,-32.56993
2024-05-02 10:16:55.118200,-25.90315
2024-05-02 10:16:55.133830,-19.32692
2024-05-02 10:16:55.149450,-13.45403
2024-05-02 10:16:55.165080,-8.420532
2024-05-02 10:16:55.180700,-4.048309
2024-05-02 10:16:55.196330,-0.08407593
2024-05-02 10:16:55.211960,3.584259
2024-05-02 10:16:55.227580,6.874741
2024-05-02 10:16:55.243210,9.621246
2024-05-02 10:16:55.258830,11.75468
2024-05-02 10:16:55.274460,13.39618
2024-05-02 10:16:55.290080,14.80792
2024-05-02 10:16:55.305710,16.26149
2024-05-02 10:16:55.321340,17.89548
2024-05-02 10:16:55.336960,19.65417
2024-05-02 10:16:55.352590,21.35909
2024-05-02 10:16:55.368210,22.80925
2024-05-02 10:16:55.383840,23.79698
2024-05-02 10:16:55.399460,24.1011
2024-05-02 10:16:55.415090,23.42061
2024-05-02 10:16:55.430720,21.37688
2024-05-02 10:16:55.446340,17.63258
2024-05-02 10:16:55.461970,12.05077
2024-05-02 10:16:55.477590,4.845901
2024-05-02 10:16:55.493220,-3.382202
2024-05-02 10:16:55.508840,-11.8054
2024-05-02 10:16:55.524470,-19.60139
2024-05-02 10:16:55.540100,-26.23807
2024-05-02 10:16:55.555720,-31.58049
2024-05-02 10:16:55.571350,-35.94043
2024-05-02 10:16:55.586970,-39.88055
2024-05-02 10:16:55.602600,-44.01285
2024-05-02 10:16:55.618220,-48.80446
2024-05-02 10:16:55.633850,-54.42812
2024-05-02 10:16:55.649480,-60.72591
2024-05-02 10:16:55.665100,-67.18709
2024-05-02 10:16:55.680730,-73.05711
2024-05-02 10:16:55.696350,-77.43483
2024-05-02 10:16:55.711980,-79.47496
2024-05-02 10:16:55.727600,-78.54625
2024-05-02 10:16:55.743230,-74.45244
2024-05-02 10:16:55.758860,-67.48663
2024-05-02 10:16:55.774480,-58.35335
2024-05-02 10:16:55.790110,-47.98491
2024-05-02 10:16:55.805730,-37.32965
2024-05-02 10:16:55.821360,-27.13557
2024-05-02 10:16:55.836980,-17.91426
2024-05-02 10:16:55.852610,-9.96228
2024-05-02 10:16:55.868240,-3.436127
2024-05-02 10:16:55.883860,1.622971
2024-05-02 10:16:55.899490,5.274292
2024-05-02 10:16:55.915110,7.72818
2024-05-02 10:16:55.930740,9.327423
2024-05-02 10:16:55.946360,10.48803
2024-05-02 10:16:55.961990,11.56734
2024-05-02 10:16:55.977620,12.79768
2024-05-02 10:16:55.993240,14.24992
2024-05-02 10:16:56.008870,15.8567
2024-05-02 10:16:56.024490,17.47788
2024-05-02 10:16:56.040120,18.92799
2024-05-02 10:16:56.055740,20.09338
2024-05-02 10:16:56.071370,20.9416
2024-05-02 10:16:56.087000,21.56989
2024-05-02 10:16:56.102620,22.14236
2024-05-02 10:16:56.118250,22.77162
2024-05-02 10:16:56.133870,23.43757
2024-05-02 10:16:56.149500,23.91946
2024-05-02 10:16:56.165120,23.90662
2024-05-02 10:16:56.180750,23.14647
2024-05-02 10:16:56.196380,21.61092
2024-05-02 10:16:56.212000,19.54021
2024-05-02 10:16:56.227630,17.3585
2024-05-02 10:16:56.243250,15.49384
2024-05-02 10:16:56.258880,14.17956
2024-05-02 10:16:56.274500,13.36978
2024-05-02 10:16:56.290130,12.83069
2024-05-02 10:16:56.305760,12.20697
2024-05-02 10:16:56.321380,11.13531
2024-05-02 10:16:56.337010,9.353752
2024-05-02 10:16:56.352630,6.774101
2024-05-02 10:16:56.368260,3.576431
2024-05-02 10:16:56.383880,0.2936249
2024-05-02 10:16:56.399510,-2.246758
2024-05-02 10:16:56.415140,-3.104446
2024-05-02 10:16:56.430760,-1.566555
2024-05-02 10:16:56.446390,2.589645
2024-05-02 10:16:56.462010,8.974018
2024-05-02 10:16:56.477640,16.69559
2024-05-02 10:16:56.493260,24.65948
2024-05-02 10:16:56.508890,31.90546
2024-05-02 10:16:56.524520,37.83549
2024-05-02 10:16:56.540140,42.24087
2024-05-02 10:16:56.555770,45.20034
2024-05-02 10:16:56.571390,46.93359
2024-05-02 10:16:56.587020,47.66632
2024-05-02 10:16:56.602640,47.61859
2024-05-02 10:16:56.618270,46.99223
2024-05-02 10:16:56.633900,46.02572
2024-05-02 10:16:56.649520,44.9513
2024-05-02 10:16:56.665150,43.97948
2024-05-02 10:16:56.680770,43.20036
2024-05-02 10:16:56.696400,42.5765
2024-05-02 10:16:56.712020,41.92403
2024-05-02 10:16:56.727650,40.97639
2024-05-02 10:16:56.743280,39.5187
2024-05-02 10:16:56.758900,37.49646
2024-05-02 10:16:56.774530,35.02237
2024-05-02 10:16:56.790150,32.35755
2024-05-02 10:16:56.805780,29.73804
2024-05-02 10:16:56.821400,27.24858
2024-05-02 10:16:56.837030,24.77853
2024-05-02 10:16:56.852660,22.09668
2024-05-02 10:16:56.868280,18.97134
2024-05-02 10:16:56.883910,15.30247
2024-05-02 10:16:56.899530,11.14655
2024-05-02 10:16:56.915160,6.710426
2024-05-02 10:16:56.930780,2.221878
2024-05-02 10:16:56.946410,-2.105736
2024-05-02 10:16:56.962040,-6.153557
2024-05-02 10:16:56.977660,-9.915833
2024-05-02 10:16:56.993290,-13.51228
2024-05-02 10:16:57.008910,-17.1806
2024-05-02 10:16:57.024540,-21.20818
2024-05-02 10:16:57.040160,-25.81896
2024-05-02 10:16:57.055790,-31.02963
2024-05-02 10:16:57.071420,-36.51009
2024-05-02 10:16:57.087040,-41.58141
2024-05-02 10:16:57.102670,-45.34378
2024-05-02 10:16:57.118290,-46.96336
2024-05-02 10:16:57.133920,-45.93641
2024-05-02 10:16:57.149540,-42.33581
2024-05-02 10:16:57.165170,-36.76324
2024-05-02 10:16:57.180800,-30.23775
2024-05-02 10:16:57.196420,-23.81017
2024-05-02 10:16:57.212050,-18.29225
2024-05-02 10:16:57.227670,-14.09746
2024-05-02 10:16:57.243300,-11.26161
2024-05-02 10:16:57.258920,-9.595123
2024-05-02 10:16:57.274550,-8.86882
2024-05-02 10:16:57.290180,-8.882133
2024-05-02 10:16:57.305800,-9.47554
2024-05-02 10:16:57.321430,-10.42696
2024-05-02 10:16:57.337050,-11.44557
2024-05-02 10:16:57.352680,-12.21255
2024-05-02 10:16:57.368310,-12.49909
2024-05-02 10:16:57.383930,-12.24345
2024-05-02 10:16:57.399560,-11.57459
2024-05-02 10:16:57.415180,-10.73946
2024-05-02 10:16:57.430810,-9.986679
2024-05-02 10:16:57.446430,-9.460747
2024-05-02 10:16:57.462060,-9.193466
2024-05-02 10:16:57.477690,-9.130974
2024-05-02 10:16:57.493310,-9.213608
2024-05-02 10:16:57.508940,-9.423546
2024-05-02 10:16:57.524560,-9.796791
2024-05-02 10:16:57.540190,-10.41893
2024-05-02 10:16:57.555810,-11.34701
2024-05-02 10:16:57.571440,-12.59641
2024-05-02 10:16:57.587070,-14.07957
2024-05-02 10:16:57.602690,-15.65892
2024-05-02 10:16:57.618320,-17.17139
2024-05-02 10:16:57.633940,-18.55801
2024-05-02 10:16:57.649570,-19.89503
2024-05-02 10:16:57.665190,-21.38587
2024-05-02 10:16:57.680820,-23.29726
2024-05-02 10:16:57.696450,-25.77884
2024-05-02 10:16:57.712070,-28.759
2024-05-02 10:16:57.727700,-31.88107
2024-05-02 10:16:57.743320,-34.52437
2024-05-02 10:16:57.758950,-35.95467
2024-05-02 10:16:57.774570,-35.5081
2024-05-02 10:16:57.790200,-32.78368
2024-05-02 10:16:57.805830,-27.85503
2024-05-02 10:16:57.821450,-21.26625
2024-05-02 10:16:57.837080,-13.92547
2024-05-02 10:16:57.852700,-6.864059
2024-05-02 10:16:57.868330,-0.9247284
2024-05-02 10:16:57.883950,3.466934
2024-05-02 10:16:57.899580,6.341141
2024-05-02 10:16:57.915210,8.061707
2024-05-02 10:16:57.930830,9.138435
2024-05-02 10:16:57.946460,10.04764
2024-05-02 10:16:57.962080,11.16761
2024-05-02 10:16:57.977710,12.79007
2024-05-02 10:16:57.993330,15.13731
2024-05-02 10:16:58.008960,18.33061
2024-05-02 10:16:58.024590,22.34921
2024-05-02 10:16:58.040210,26.97315
2024-05-02 10:16:58.055840,31.8126
2024-05-02 10:16:58.071460,36.40398
2024-05-02 10:16:58.087090,40.32671
2024-05-02 10:16:58.102710,43.26387
2024-05-02 10:16:58.118340,45.07236
2024-05-02 10:16:58.133970,45.74057
2024-05-02 10:16:58.149590,45.37335
2024-05-02 10:16:58.165220,44.18729
2024-05-02 10:16:58.180840,42.48959
2024-05-02 10:16:58.196470,40.61728
2024-05-02 10:16:58.212090,38.91381
2024-05-02 10:16:58.227720,37.5795
2024-05-02 10:16:58.243350,36.65103
2024-05-02 10:16:58.258970,35.91565
2024-05-02 10:16:58.274600,34.96696
2024-05-02 10:16:58.290220,33.27297
2024-05-02 10:16:58.305850,30.27924
2024-05-02 10:16:58.321470,25.56899
2024-05-02 10:16:58.337100,18.98568
2024-05-02 10:16:58.352730,10.76842
2024-05-02 10:16:58.368350,1.562943
2024-05-02 10:16:58.383980,-7.603882
2024-05-02 10:16:58.399600,-15.55621
2024-05-02 10:16:58.415230,-21.22876
2024-05-02 10:16:58.430850,-24.0266
2024-05-02 10:16:58.446480,-23.98402
2024-05-02 10:16:58.462110,-21.75256
2024-05-02 10:16:58.477730,-18.3643
2024-05-02 10:16:58.493360,-14.83936
2024-05-02 10:16:58.508980,-11.87444
2024-05-02 10:16:58.524610,-9.676895
2024-05-02 10:16:58.540230,-8.070297
2024-05-02 10:16:58.555860,-6.727707
2024-05-02 10:16:58.571490,-5.468109
2024-05-02 10:16:58.587110,-4.328728
2024-05-02 10:16:58.602740,-3.525856
2024-05-02 10:16:58.618360,-3.237694
2024-05-02 10:16:58.633990,-3.442482
2024-05-02 10:16:58.649610,-3.913849
2024-05-02 10:16:58.665240,-4.302277
2024-05-02 10:16:58.680870,-4.319244
2024-05-02 10:16:58.696490,-3.874512
2024-05-02 10:16:58.712120,-3.052887
2024-05-02 10:16:58.727740,-2.06395
2024-05-02 10:16:58.743370,-1.104431
2024-05-02 10:16:58.758990,-0.3031845
2024-05-02 10:16:58.774620,0.3046799
2024-05-02 10:16:58.790250,0.7040939
2024-05-02 10:16:58.805870,0.841629
2024-05-02 10:16:58.821500,0.620285
2024-05-02 10:16:58.837120,-0.05091858
2024-05-02 10:16:58.852750,-1.155739
2024-05-02 10:16:58.868370,-2.550919
2024-05-02 10:16:58.884000,-3.976341
2024-05-02 10:16:58.899630,-5.148262
2024-05-02 10:16:58.915250,-5.889893
2024-05-02 10:16:58.930880,-6.250374
2024-05-02 10:16:58.946500,-6.505661
2024-05-02 10:16:58.962130,-7.047516
2024-05-02 10:16:58.977750,-8.23214
2024-05-02 10:16:58.993380,-10.11114
2024-05-02 10:16:59.009010,-12.34474
2024-05-02 10:16:59.024630,-14.20743
2024-05-02 10:16:59.040260,-14.85188
2024-05-02 10:16:59.055880,-13.58502
2024-05-02 10:16:59.071510,-10.16823
2024-05-02 10:16:59.087130,-4.895798
2024-05-02 10:16:59.102760,1.492172
2024-05-02 10:16:59.118390,8.076172
2024-05-02 10:16:59.134010,14.03369
2024-05-02 10:16:59.149640,18.80054
2024-05-02 10:16:59.165260,22.09703
2024-05-02 10:16:59.180890,23.87772
2024-05-02 10:16:59.196510,24.2079
2024-05-02 10:16:59.212140,23.24484
2024-05-02 10:16:59.227770,21.21288
2024-05-02 10:16:59.243390,18.43787
2024-05-02 10:16:59.259020,15.32506
2024-05-02 10:16:59.274640,12.33316
2024-05-02 10:16:59.290270,9.886978
2024-05-02 10:16:59.305890,8.30687
2024-05-02 10:16:59.321520,7.740997
2024-05-02 10:16:59.337150,8.128754
2024-05-02 10:16:59.352770,9.208023
2024-05-02 10:16:59.368400,10.57446
2024-05-02 10:16:59.384020,11.77667
2024-05-02 10:16:59.399650,12.42755
2024-05-02 10:16:59.415270,12.31836
2024-05-02 10:16:59.430900,11.40446
2024-05-02 10:16:59.446530,9.77121
2024-05-02 10:16:59.462150,7.576309
2024-05-02 10:16:59.477780,4.962006
2024-05-02 10:16:59.493400,2.063431
2024-05-02 10:16:59.509030,-0.9975433
2024-05-02 10:16:59.524650,-4.065323
2024-05-02 10:16:59.540280,-6.971161
2024-05-02 10:16:59.555910,-9.55484
2024-05-02 10:16:59.571530,-11.73126
2024-05-02 10:16:59.587160,-13.54187
2024-05-02 10:16:59.602780,-15.20518
2024-05-02 10:16:59.618410,-17.09319
2024-05-02 10:16:59.634040,-19.57701
2024-05-02 10:16:59.649660,-22.83385
2024-05-02 10:16:59.665290,-26.66664
2024-05-02 10:16:59.680910,-30.43591
2024-05-02 10:16:59.696540,-33.17845
2024-05-02 10:16:59.712160,-33.91289
2024-05-02 10:16:59.727790,-31.99513
2024-05-02 10:16:59.743420,-27.35654
2024-05-02 10:16:59.759040,-20.55798
2024-05-02 10:16:59.774670,-12.58086
2024-05-02 10:16:59.790290,-4.520782
2024-05-02 10:16:59.805920,2.726257
2024-05-02 10:16:59.821540,8.630356
2024-05-02 10:16:59.837170,13.06606
2024-05-02 10:16:59.852800,16.21448
2024-05-02 10:16:59.868420,18.47844
2024-05-02 10:16:59.884050,20.36882
2024-05-02 10:16:59.899670,22.42451
2024-05-02 10:16:59.915300,25.12201
2024-05-02 10:16:59.930920,28.75447
2024-05-02 10:16:59.946550,33.28479
2024-05-02 10:16:59.962180,38.30864
2024-05-02 10:16:59.977800,43.09241
2024-05-02 10:16:59.993430,46.81313
2024-05-02 10:17:00.009050,48.78609
2024-05-02 10:17:00.024680,48.71861
2024-05-02 10:17:00.040300,46.76549
2024-05-02 10:17:00.055930,43.37801
2024-05-02 10:17:00.071560,39.06459
2024-05-02 10:17:00.087180,34.16994
2024-05-02 10:17:00.102810,28.79568
2024-05-02 10:17:00.118430,22.89354
2024-05-02 10:17:00.134060,16.45767
2024-05-02 10:17:00.149680,9.606812
2024-05-02 10:17:00.165310,2.562042
2024-05-02 10:17:00.180940,-4.45195
2024-05-02 10:17:00.196560,-11.34027
2024-05-02 10:17:00.212190,-18.10898
2024-05-02 10:17:00.227810,-24.8186
2024-05-02 10:17:00.243440,-31.5345
2024-05-02 10:17:00.259060,-38.33067
2024-05-02 10:17:00.274690,-45.33159
2024-05-02 10:17:00.290320,-52.72018
2024-05-02 10:17:00.305940,-60.57039
2024-05-02 10:17:00.321570,-68.64136
2024-05-02 10:17:00.337190,-76.27469
2024-05-02 10:17:00.352820,-82.49069
2024-05-02 10:17:00.368440,-86.34758
2024-05-02 10:17:00.384070,-87.369
2024-05-02 10:17:00.399700,-85.83278
2024-05-02 10:17:00.415320,-82.71048
2024-05-02 10:17:00.430950,-79.33318
2024-05-02 10:17:00.446570,-76.88623
2024-05-02 10:17:00.462200,-76.04863
2024-05-02 10:17:00.477820,-76.92566
2024-05-02 10:17:00.493450,-79.17966
2024-05-02 10:17:00.509080,-82.32867
2024-05-02 10:17:00.524700,-85.94299
2024-05-02 10:17:00.540330,-89.6895
2024-05-02 10:17:00.555950,-93.2328
2024-05-02 10:17:00.571580,-96.12436
2024-05-02 10:17:00.587200,-97.77055
2024-05-02 10:17:00.602830,-97.55733
2024-05-02 10:17:00.618460,-95.08328
2024-05-02 10:17:00.634080,-90.30003
2024-05-02 10:17:00.665330,-75.54524
2024-05-02 10:17:00.680960,-66.79997
2024-05-02 10:17:00.696580,-57.73027
2024-05-02 10:17:00.712210,-48.48618
2024-05-02 10:17:00.727840,-39.15173
2024-05-02 10:17:00.743460,-30.00958
2024-05-02 10:17:00.759090,-21.66876
2024-05-02 10:17:00.774710,-15.01913
2024-05-02 10:17:00.790340,-11.00429
2024-05-02 10:17:00.805960,-10.33103
2024-05-02 10:17:00.821590,-13.29916
2024-05-02 10:17:00.837220,-19.83085
2024-05-02 10:17:00.852840,-29.55892
2024-05-02 10:17:00.868470,-41.90051
2024-05-02 10:17:00.884090,-56.01534
2024-05-02 10:17:00.899720,-70.69179
2024-05-02 10:17:00.915340,-84.27577
2024-05-02 10:17:00.930970,-94.82214
2024-05-02 10:17:00.946600,-100.4635
2024-05-02 10:17:00.962220,-99.87544
2024-05-02 10:17:00.977850,-92.70276
2024-05-02 10:17:00.993470,-79.72955
2024-05-02 10:17:01.009100,-62.6677
2024-05-02 10:17:01.024720,-43.74982
2024-05-02 10:17:01.040350,-25.18257
2024-05-02 10:17:01.055980,-8.730003
2024-05-02 10:17:01.071600,4.508591
2024-05-02 10:17:01.087230,14.06031
2024-05-02 10:17:01.102850,19.95636
2024-05-02 10:17:01.118480,22.58838
2024-05-02 10:17:01.134100,22.63452
2024-05-02 10:17:01.149730,20.97958
2024-05-02 10:17:01.165360,18.61864
2024-05-02 10:17:01.180980,16.46567
2024-05-02 10:17:01.196610,15.10994
2024-05-02 10:17:01.212230,14.67075
2024-05-02 10:17:01.227860,14.7908
2024-05-02 10:17:01.243480,14.78975
2024-05-02 10:17:01.259110,13.96848
2024-05-02 10:17:01.274740,11.87831
2024-05-02 10:17:01.290360,8.448349
2024-05-02 10:17:01.305990,4.026276
2024-05-02 10:17:01.321610,-0.7393494
2024-05-02 10:17:01.337240,-5.065857
2024-05-02 10:17:01.352860,-8.2276
2024-05-02 10:17:01.368490,-9.696014
2024-05-02 10:17:01.384120,-9.244659
2024-05-02 10:17:01.399740,-7.002258
2024-05-02 10:17:01.415370,-3.416656
2024-05-02 10:17:01.430990,0.8172913
2024-05-02 10:17:01.446620,4.89325
2024-05-02 10:17:01.462240,8.033234
2024-05-02 10:17:01.477870,9.676727
2024-05-02 10:17:01.493500,9.644928
2024-05-02 10:17:01.509120,8.25647
2024-05-02 10:17:01.524750,6.339355
2024-05-02 10:17:01.540370,5.053375
2024-05-02 10:17:01.556000,5.558441
2024-05-02 10:17:01.571620,8.6828
2024-05-02 10:17:01.587250,14.62442
2024-05-02 10:17:01.602880,22.93384
2024-05-02 10:17:01.618500,32.67899
2024-05-02 10:17:01.634130,42.81793
2024-05-02 10:17:01.649750,52.44971
2024-05-02 10:17:01.665380,60.98004
2024-05-02 10:17:01.681000,68.07397
2024-05-02 10:17:01.696630,73.55487
2024-05-02 10:17:01.712260,77.30621
2024-05-02 10:17:01.727880,79.3277
2024-05-02 10:17:01.743510,79.78906
2024-05-02 10:17:01.759130,79.10968
2024-05-02 10:17:01.774760,77.89545
2024-05-02 10:17:01.790390,76.78394
2024-05-02 10:17:01.806010,76.22516
2024-05-02 10:17:01.821640,76.36328
2024-05-02 10:17:01.837260,76.98596
2024-05-02 10:17:01.852890,77.61829
2024-05-02 10:17:01.868510,77.69214
2024-05-02 10:17:01.884140,76.73291
2024-05-02 10:17:01.899770,74.51074
2024-05-02 10:17:01.915390,71.07281
2024-05-02 10:17:01.931020,66.74457
2024-05-02 10:17:01.946640,61.96399
2024-05-02 10:17:01.962270,57.18323
2024-05-02 10:17:01.977890,52.72784
2024-05-02 10:17:01.993520,48.74237
2024-05-02 10:17:02.009150,45.24469
2024-05-02 10:17:02.024770,42.17065
2024-05-02 10:17:02.040400,39.45715
2024-05-02 10:17:02.056020,37.01239
2024-05-02 10:17:02.071650,34.6825
2024-05-02 10:17:02.087270,32.21204
2024-05-02 10:17:02.102900,29.38629
2024-05-02 10:17:02.118530,26.18921
2024-05-02 10:17:02.134150,23.00311
2024-05-02 10:17:02.149780,20.65271
2024-05-02 10:17:02.165400,20.17499
2024-05-02 10:17:02.181030,22.43378
2024-05-02 10:17:02.196650,27.74091
2024-05-02 10:17:02.212280,35.6618
2024-05-02 10:17:02.227910,45.17407
2024-05-02 10:17:02.243530,55.01074
2024-05-02 10:17:02.259160,64.08636
2024-05-02 10:17:02.274780,71.77338
2024-05-02 10:17:02.290410,77.93811
2024-05-02 10:17:02.306030,82.7384
2024-05-02 10:17:02.321660,86.41724
2024-05-02 10:17:02.337290,89.1264
2024-05-02 10:17:02.352910,90.92291
2024-05-02 10:17:02.368540,91.82703
2024-05-02 10:17:02.384160,91.92236
2024-05-02 10:17:02.399790,91.38208
2024-05-02 10:17:02.415410,90.44739
2024-05-02 10:17:02.431040,89.4137
2024-05-02 10:17:02.446670,88.55884
2024-05-02 10:17:02.462290,88.16791
2024-05-02 10:17:02.477920,88.47705
2024-05-02 10:17:02.493540,89.62433
2024-05-02 10:17:02.509170,91.5379
2024-05-02 10:17:02.524790,93.82397
2024-05-02 10:17:02.540420,95.73065
2024-05-02 10:17:02.556050,96.28296
2024-05-02 10:17:02.571670,94.55743
2024-05-02 10:17:02.587300,89.90448
2024-05-02 10:17:02.602920,82.21283
2024-05-02 10:17:02.618550,71.86768
2024-05-02 10:17:02.634170,59.58038
2024-05-02 10:17:02.649800,46.13715
2024-05-02 10:17:02.665430,32.14844
2024-05-02 10:17:02.681050,17.95673
2024-05-02 10:17:02.696680,3.716858
2024-05-02 10:17:02.712300,-10.45782
2024-05-02 10:17:02.727930,-24.29608
2024-05-02 10:17:02.743550,-37.25549
2024-05-02 10:17:02.759180,-48.54102
2024-05-02 10:17:02.774810,-57.23071
2024-05-02 10:17:02.790430,-62.43134
2024-05-02 10:17:02.806060,-63.46539
2024-05-02 10:17:02.821680,-59.90833
2024-05-02 10:17:02.837310,-51.67224
2024-05-02 10:17:02.852930,-39.00543
2024-05-02 10:17:02.868560,-22.60986
2024-05-02 10:17:02.884190,-3.706665
2024-05-02 10:17:02.899810,15.95599
2024-05-02 10:17:02.915440,34.25677
2024-05-02 10:17:02.931060,49.10718
2024-05-02 10:17:02.946690,58.91321
2024-05-02 10:17:02.962310,63.01178
2024-05-02 10:17:02.977940,61.7879
2024-05-02 10:17:02.993570,56.51086
2024-05-02 10:17:03.009190,48.89642
2024-05-02 10:17:03.024820,40.6499
2024-05-02 10:17:03.040440,33.09265
2024-05-02 10:17:03.056070,27.03497
2024-05-02 10:17:03.071690,22.78436
2024-05-02 10:17:03.087320,20.20386
2024-05-02 10:17:03.102950,18.85254
2024-05-02 10:17:03.118570,18.06091
2024-05-02 10:17:03.134200,17.10474
2024-05-02 10:17:03.149820,15.375
2024-05-02 10:17:03.165450,12.49921
2024-05-02 10:17:03.181070,8.397034
2024-05-02 10:17:03.196700,3.215698
2024-05-02 10:17:03.212330,-2.816833
2024-05-02 10:17:03.227950,-9.547577
2024-05-02 10:17:03.243580,-16.9577
2024-05-02 10:17:03.259200,-25.16116
2024-05-02 10:17:03.274830,-34.29868
2024-05-02 10:17:03.290450,-44.3876
2024-05-02 10:17:03.306080,-55.21832
2024-05-02 10:17:03.321710,-66.27106
2024-05-02 10:17:03.337330,-76.7034
2024-05-02 10:17:03.352960,-85.46472
2024-05-02 10:17:03.368580,-91.48859
2024-05-02 10:17:03.384210,-93.93835
2024-05-02 10:17:03.399830,-92.46997
2024-05-02 10:17:03.415460,-87.36908
2024-05-02 10:17:03.431090,-79.4931
2024-05-02 10:17:03.446710,-70.05688
2024-05-02 10:17:03.462340,-60.27689
2024-05-02 10:17:03.477960,-51.08499
2024-05-02 10:17:03.493590,-42.99905
2024-05-02 10:17:03.509210,-36.216
2024-05-02 10:17:03.524840,-30.81549
2024-05-02 10:17:03.540470,-26.95242
2024-05-02 10:17:03.556090,-24.88376
2024-05-02 10:17:03.571720,-24.82623
2024-05-02 10:17:03.587340,-26.74258
2024-05-02 10:17:03.602970,-30.22101
2024-05-02 10:17:03.618590,-34.50345
2024-05-02 10:17:03.634220,-38.72092
2024-05-02 10:17:03.649850,-42.1069
2024-05-02 10:17:03.665470,-44.16498
2024-05-02 10:17:03.681100,-44.67822
2024-05-02 10:17:03.696720,-43.63513
2024-05-02 10:17:03.712350,-41.16846
2024-05-02 10:17:03.727970,-37.53693
2024-05-02 10:17:03.743600,-33.13019
2024-05-02 10:17:03.759230,-28.44162
2024-05-02 10:17:03.774850,-23.99991
2024-05-02 10:17:03.790480,-20.21518
2024-05-02 10:17:03.806100,-17.27695
2024-05-02 10:17:03.821730,-15.15161
2024-05-02 10:17:03.837350,-13.57587
2024-05-02 10:17:03.852980,-12.203
2024-05-02 10:17:03.868610,-10.66888
2024-05-02 10:17:03.884230,-8.697601
2024-05-02 10:17:03.899860,-6.153473
2024-05-02 10:17:03.915480,-3.111694
2024-05-02 10:17:03.931110,0.1888733
2024-05-02 10:17:03.946730,3.397644
2024-05-02 10:17:03.962360,6.182098
2024-05-02 10:17:03.977990,8.347931
2024-05-02 10:17:03.993610,9.878601
2024-05-02 10:17:04.009240,10.85999
2024-05-02 10:17:04.024860,11.42856
2024-05-02 10:17:04.040490,11.65756
2024-05-02 10:17:04.056110,11.61469
2024-05-02 10:17:04.071740,11.42014
2024-05-02 10:17:04.087370,11.26669
2024-05-02 10:17:04.102990,11.35135
2024-05-02 10:17:04.118620,11.76276
2024-05-02 10:17:04.134240,12.35173
2024-05-02 10:17:04.149870,12.81932
2024-05-02 10:17:04.165490,12.84091
2024-05-02 10:17:04.181120,12.35356
2024-05-02 10:17:04.196750,11.61569
2024-05-02 10:17:04.212370,11.15118
2024-05-02 10:17:04.228000,11.49278
2024-05-02 10:17:04.243620,12.946
2024-05-02 10:17:04.259250,15.42903
2024-05-02 10:17:04.274870,18.52905
2024-05-02 10:17:04.290500,21.69441
2024-05-02 10:17:04.306130,24.43825
2024-05-02 10:17:04.321750,26.4507
2024-05-02 10:17:04.337380,27.64003
2024-05-02 10:17:04.353000,28.03162
2024-05-02 10:17:04.368630,27.6812
2024-05-02 10:17:04.384250,26.5985
2024-05-02 10:17:04.399880,24.73029
2024-05-02 10:17:04.415510,21.96262
2024-05-02 10:17:04.431130,18.18187
2024-05-02 10:17:04.446760,13.32129
2024-05-02 10:17:04.462380,7.393799
2024-05-02 10:17:04.478010,0.5213165
2024-05-02 10:17:04.493640,-6.983688
2024-05-02 10:17:04.509260,-14.63017
2024-05-02 10:17:04.524890,-21.67558
2024-05-02 10:17:04.540510,-27.23041
2024-05-02 10:17:04.556140,-30.43777
2024-05-02 10:17:04.571760,-30.73772
2024-05-02 10:17:04.587390,-28.12157
2024-05-02 10:17:04.603020,-23.17368
2024-05-02 10:17:04.618640,-16.89563
2024-05-02 10:17:04.634270,-10.3317
2024-05-02 10:17:04.649890,-4.218338
2024-05-02 10:17:04.665520,1.165329
2024-05-02 10:17:04.681140,5.950653
2024-05-02 10:17:04.696770,10.3663
2024-05-02 10:17:04.712400,14.4969
2024-05-02 10:17:04.728020,18.18474
2024-05-02 10:17:04.743650,21.12057
2024-05-02 10:17:04.759270,22.99687
2024-05-02 10:17:04.774900,23.68924
2024-05-02 10:17:04.790520,23.26826
2024-05-02 10:17:04.806150,21.95486
2024-05-02 10:17:04.821780,20.00671
2024-05-02 10:17:04.837400,17.70301
2024-05-02 10:17:04.853030,15.30163
2024-05-02 10:17:04.868650,13.06249
2024-05-02 10:17:04.884280,11.23031
2024-05-02 10:17:04.899900,9.999802
2024-05-02 10:17:04.915530,9.480087
2024-05-02 10:17:04.931160,9.660706
2024-05-02 10:17:04.946780,10.39228
2024-05-02 10:17:04.962410,11.40615
2024-05-02 10:17:04.978030,12.33183
2024-05-02 10:17:04.993660,12.80476
2024-05-02 10:17:05.009280,12.53186
2024-05-02 10:17:05.024910,11.38519
2024-05-02 10:17:05.040540,9.408554
2024-05-02 10:17:05.056160,6.803238
2024-05-02 10:17:05.071790,3.828255
2024-05-02 10:17:05.087410,0.7101707
2024-05-02 10:17:05.103040,-2.411381
2024-05-02 10:17:05.118660,-5.46101
2024-05-02 10:17:05.134290,-8.312721
2024-05-02 10:17:05.149920,-10.67859
2024-05-02 10:17:05.165540,-12.06077
2024-05-02 10:17:05.181170,-11.89098
2024-05-02 10:17:05.196790,-9.716019
2024-05-02 10:17:05.212420,-5.466131
2024-05-02 10:17:05.228040,0.451149
2024-05-02 10:17:05.243670,7.250503
2024-05-02 10:17:05.259300,13.99571
2024-05-02 10:17:05.274920,19.91329
2024-05-02 10:17:05.290550,24.56198
2024-05-02 10:17:05.306170,27.87656
2024-05-02 10:17:05.321800,29.97863
2024-05-02 10:17:05.337420,31.07164
2024-05-02 10:17:05.353050,31.29589
2024-05-02 10:17:05.368680,30.77556
2024-05-02 10:17:05.384300,29.6799
2024-05-02 10:17:05.399930,28.25869
2024-05-02 10:17:05.415550,26.79277
2024-05-02 10:17:05.431180,25.48652
2024-05-02 10:17:05.446800,24.36441
2024-05-02 10:17:05.462430,23.27587
2024-05-02 10:17:05.478060,21.96049
2024-05-02 10:17:05.493680,20.16442
2024-05-02 10:17:05.509310,17.76771
2024-05-02 10:17:05.524930,14.79844
2024-05-02 10:17:05.540560,11.43392
2024-05-02 10:17:05.556180,7.937462
2024-05-02 10:17:05.571810,4.574982
2024-05-02 10:17:05.587440,1.552475
2024-05-02 10:17:05.603060,-1.030708
2024-05-02 10:17:05.618690,-3.159073
2024-05-02 10:17:05.634310,-4.899857
2024-05-02 10:17:05.649940,-6.355896
2024-05-02 10:17:05.665560,-7.60994
2024-05-02 10:17:05.681190,-8.722534
2024-05-02 10:17:05.696820,-9.759583
2024-05-02 10:17:05.712440,-10.8295
2024-05-02 10:17:05.728070,-12.09236
2024-05-02 10:17:05.743690,-13.77266
2024-05-02 10:17:05.759320,-16.06712
2024-05-02 10:17:05.774940,-19.03049
2024-05-02 10:17:05.790570,-22.48929
2024-05-02 10:17:05.806200,-25.9687
2024-05-02 10:17:05.821820,-28.84985
2024-05-02 10:17:05.853070,-30.89471
2024-05-02 10:17:05.868700,-30.0271
2024-05-02 10:17:05.884320,-28.57541
2024-05-02 10:17:05.899950,-27.25693
2024-05-02 10:17:05.915580,-26.61589
2024-05-02 10:17:05.931200,-26.83891
2024-05-02 10:17:05.946830,-27.84703
2024-05-02 10:17:05.962450,-29.46059
2024-05-02 10:17:05.978080,-31.63753
2024-05-02 10:17:05.993700,-34.51199
2024-05-02 10:17:06.009330,-38.20627
2024-05-02 10:17:06.024960,-42.58545
2024-05-02 10:17:06.040580,-47.13397
2024-05-02 10:17:06.056210,-51.07355
2024-05-02 10:17:06.071830,-53.66467
2024-05-02 10:17:06.087460,-54.54019
2024-05-02 10:17:06.103080,-53.81058
2024-05-02 10:17:06.118710,-51.95233
2024-05-02 10:17:06.134340,-49.46878
2024-05-02 10:17:06.149960,-46.65775
2024-05-02 10:17:06.165590,-43.56158
2024-05-02 10:17:06.181210,-40.13498
2024-05-02 10:17:06.196840,-36.47986
2024-05-02 10:17:06.212460,-33.03522
2024-05-02 10:17:06.228090,-30.4382
2024-05-02 10:17:06.243720,-29.34436
2024-05-02 10:17:06.259340,-30.02435
2024-05-02 10:17:06.274970,-32.23166
2024-05-02 10:17:06.290590,-35.25656
2024-05-02 10:17:06.306220,-38.19073
2024-05-02 10:17:06.321840,-40.30109
2024-05-02 10:17:06.337470,-41.27139
2024-05-02 10:17:06.353100,-41.2507
2024-05-02 10:17:06.368720,-40.69528
2024-05-02 10:17:06.384350,-40.12027
2024-05-02 10:17:06.399970,-39.91525
2024-05-02 10:17:06.415600,-40.27032
2024-05-02 10:17:06.431220,-41.14157
2024-05-02 10:17:06.446850,-42.31918
2024-05-02 10:17:06.462480,-43.39474
2024-05-02 10:17:06.478100,-43.79233
2024-05-02 10:17:06.493730,-42.8299
2024-05-02 10:17:06.509350,-39.9101
2024-05-02 10:17:06.524980,-34.78116
2024-05-02 10:17:06.540600,-27.69376
2024-05-02 10:17:06.556230,-19.41766
2024-05-02 10:17:06.571860,-11.03781
2024-05-02 10:17:06.587480,-3.572601
2024-05-02 10:17:06.603110,2.356628
2024-05-02 10:17:06.618730,6.659973
2024-05-02 10:17:06.634360,9.686554
2024-05-02 10:17:06.649990,11.92215
2024-05-02 10:17:06.665610,13.72736
2024-05-02 10:17:06.681240,15.19937
2024-05-02 10:17:06.696860,16.25925
2024-05-02 10:17:06.712490,16.77676
2024-05-02 10:17:06.728110,16.75183
2024-05-02 10:17:06.743740,16.29861
2024-05-02 10:17:06.759370,15.58298
2024-05-02 10:17:06.774990,14.68707
2024-05-02 10:17:06.790620,13.56516
2024-05-02 10:17:06.806240,12.09183
2024-05-02 10:17:06.821870,10.19592
2024-05-02 10:17:06.837490,7.93631
2024-05-02 10:17:06.853120,5.546234
2024-05-02 10:17:06.868750,3.299591
2024-05-02 10:17:06.884370,1.438416
2024-05-02 10:17:06.900000,0.04626465
2024-05-02 10:17:06.915620,-0.9590454
2024-05-02 10:17:06.931250,-1.763
2024-05-02 10:17:06.946870,-2.562012
2024-05-02 10:17:06.962500,-3.496613
2024-05-02 10:17:06.978130,-4.606079
2024-05-02 10:17:06.993750,-5.871399
2024-05-02 10:17:07.009380,-7.227142
2024-05-02 10:17:07.025000,-8.635651
2024-05-02 10:17:07.040630,-10.09384
2024-05-02 10:17:07.056250,-11.66217
2024-05-02 10:17:07.071880,-13.39236
2024-05-02 10:17:07.087510,-15.28833
2024-05-02 10:17:07.103130,-17.21251
2024-05-02 10:17:07.118760,-18.87833
2024-05-02 10:17:07.134380,-19.83145
2024-05-02 10:17:07.150010,-19.54378
2024-05-02 10:17:07.165630,-17.5892
2024-05-02 10:17:07.181260,-13.81053
2024-05-02 10:17:07.196890,-8.409729
2024-05-02 10:17:07.212510,-1.928177
2024-05-02 10:17:07.228140,4.889771
2024-05-02 10:17:07.243760,11.33536
2024-05-02 10:17:07.259390,16.8941
2024-05-02 10:17:07.275010,21.30374
2024-05-02 10:17:07.290640,24.51483
2024-05-02 10:17:07.306270,26.59395
2024-05-02 10:17:07.321890,27.67809
2024-05-02 10:17:07.337520,27.95377
2024-05-02 10:17:07.353140,27.67001
2024-05-02 10:17:07.368770,27.07457
2024-05-02 10:17:07.384390,26.34758
2024-05-02 10:17:07.400020,25.53133
2024-05-02 10:17:07.415650,24.55046
2024-05-02 10:17:07.431270,23.27509
2024-05-02 10:17:07.446900,21.66118
2024-05-02 10:17:07.462520,19.78755
2024-05-02 10:17:07.478150,17.79106
2024-05-02 10:17:07.493770,15.75737
2024-05-02 10:17:07.509400,13.61665
2024-05-02 10:17:07.525030,11.18916
2024-05-02 10:17:07.540650,8.315598
2024-05-02 10:17:07.556280,4.995575
2024-05-02 10:17:07.571900,1.42482
2024-05-02 10:17:07.587530,-2.090988
2024-05-02 10:17:07.603150,-5.286957
2024-05-02 10:17:07.618780,-8.059372
2024-05-02 10:17:07.634410,-10.4796
2024-05-02 10:17:07.650030,-12.69757
2024-05-02 10:17:07.681280,-17.08691
2024-05-02 10:17:07.696910,-19.52281
2024-05-02 10:17:07.712530,-22.33893
2024-05-02 10:17:07.728160,-25.65828
2024-05-02 10:17:07.743790,-29.4059
2024-05-02 10:17:07.759410,-33.17638
2024-05-02 10:17:07.775040,-36.22867
2024-05-02 10:17:07.790660,-37.69688
2024-05-02 10:17:07.806290,-36.86543
2024-05-02 10:17:07.821910,-33.50209
2024-05-02 10:17:07.837540,-27.93597
2024-05-02 10:17:07.853170,-20.93454
2024-05-02 10:17:07.868790,-13.41542
2024-05-02 10:17:07.884420,-6.13884
2024-05-02 10:17:07.900040,0.4601135
2024-05-02 10:17:07.915670,6.233215
2024-05-02 10:17:07.931290,11.16385
2024-05-02 10:17:07.946920,15.21693
2024-05-02 10:17:07.962550,18.29005
2024-05-02 10:17:07.978170,20.28719
2024-05-02 10:17:07.993800,21.23544
2024-05-02 10:17:08.009420,21.3757
2024-05-02 10:17:08.025050,21.09883
2024-05-02 10:17:08.040670,20.81757
2024-05-02 10:17:08.056300,20.82404
2024-05-02 10:17:08.071930,21.20769
2024-05-02 10:17:08.087550,21.89555
2024-05-02 10:17:08.103180,22.71715
2024-05-02 10:17:08.118800,23.54613
2024-05-02 10:17:08.134430,24.28665
2024-05-02 10:17:08.150050,24.89063
2024-05-02 10:17:08.165680,25.28662
2024-05-02 10:17:08.181310,25.38327
2024-05-02 10:17:08.196930,25.08667
2024-05-02 10:17:08.212560,24.33852
2024-05-02 10:17:08.228180,23.15114
2024-05-02 10:17:08.243810,21.59273
2024-05-02 10:17:08.259430,19.76137
2024-05-02 10:17:08.275060,17.78204
2024-05-02 10:17:08.290690,15.79034
2024-05-02 10:17:08.306310,13.92223
2024-05-02 10:17:08.321940,12.29942
2024-05-02 10:17:08.337560,10.9561
2024-05-02 10:17:08.353190,9.766769
2024-05-02 10:17:08.368810,8.44693
2024-05-02 10:17:08.384440,6.611465
2024-05-02 10:17:08.400070,3.959473
2024-05-02 10:17:08.415690,0.4369965
2024-05-02 10:17:08.431320,-3.613922
2024-05-02 10:17:08.446940,-7.485794
2024-05-02 10:17:08.462570,-10.3093
2024-05-02 10:17:08.478190,-11.31932
2024-05-02 10:17:08.493820,-10.13527
2024-05-02 10:17:08.509450,-6.891754
2024-05-02 10:17:08.525070,-2.161621
2024-05-02 10:17:08.540700,3.281525
2024-05-02 10:17:08.556320,8.712845
2024-05-02 10:17:08.571950,13.61688
2024-05-02 10:17:08.587570,17.71233
2024-05-02 10:17:08.603200,20.83661
2024-05-02 10:17:08.618830,22.8672
2024-05-02 10:17:08.634450,23.69577
2024-05-02 10:17:08.650080,23.31863
2024-05-02 10:17:08.665700,21.97145
2024-05-02 10:17:08.681330,20.16183
2024-05-02 10:17:08.696950,18.4861
2024-05-02 10:17:08.712580,17.39897
2024-05-02 10:17:08.728210,16.94273
2024-05-02 10:17:08.743830,16.68054
2024-05-02 10:17:08.759460,15.82739
2024-05-02 10:17:08.775080,13.57599
2024-05-02 10:17:08.790710,9.406418
2024-05-02 10:17:08.806330,3.265411
2024-05-02 10:17:08.821960,-4.448074
2024-05-02 10:17:08.837590,-13.04758
2024-05-02 10:17:08.853210,-21.78323
2024-05-02 10:17:08.868840,-30.01146
2024-05-02 10:17:08.884460,-37.27678
2024-05-02 10:17:08.900090,-43.33495
2024-05-02 10:17:08.915710,-48.06937
2024-05-02 10:17:08.931340,-51.46307
2024-05-02 10:17:08.946970,-53.52994
2024-05-02 10:17:08.962590,-54.29765
2024-05-02 10:17:08.978220,-53.8306
2024-05-02 10:17:08.993840,-52.22269
2024-05-02 10:17:09.009470,-49.66284
2024-05-02 10:17:09.025090,-46.46556
2024-05-02 10:17:09.040720,-43.05788
2024-05-02 10:17:09.056350,-39.89012
2024-05-02 10:17:09.071970,-37.34608
2024-05-02 10:17:09.087600,-35.56624
2024-05-02 10:17:09.103220,-34.39047
2024-05-02 10:17:09.118850,-33.31061
2024-05-02 10:17:09.134470,-31.55725
2024-05-02 10:17:09.150100,-28.34543
2024-05-02 10:17:09.165730,-23.10275
2024-05-02 10:17:09.181350,-15.72705
2024-05-02 10:17:09.196980,-6.687088
2024-05-02 10:17:09.212600,3.146469
2024-05-02 10:17:09.228230,12.74611
2024-05-02 10:17:09.243860,21.26892
2024-05-02 10:17:09.259480,28.23386
2024-05-02 10:17:09.275110,33.56374
2024-05-02 10:17:09.290730,37.37511
2024-05-02 10:17:09.306360,39.87096
2024-05-02 10:17:09.321980,41.19664
2024-05-02 10:17:09.337610,41.49545
2024-05-02 10:17:09.353240,41.02234
2024-05-02 10:17:09.368860,40.17152
2024-05-02 10:17:09.384490,39.49281
2024-05-02 10:17:09.400110,39.50835
2024-05-02 10:17:09.415740,40.54581
2024-05-02 10:17:09.431360,42.61969
2024-05-02 10:17:09.446990,45.44202
2024-05-02 10:17:09.462620,48.56314
2024-05-02 10:17:09.478240,51.53595
2024-05-02 10:17:09.493870,54.08383
2024-05-02 10:17:09.509490,56.13638
2024-05-02 10:17:09.525120,57.77798
2024-05-02 10:17:09.540740,59.13605
2024-05-02 10:17:09.556370,60.29573
2024-05-02 10:17:09.572000,61.23761
2024-05-02 10:17:09.587620,61.89183
2024-05-02 10:17:09.603250,62.17749
2024-05-02 10:17:09.618870,62.08165
2024-05-02 10:17:09.634500,61.68771
2024-05-02 10:17:09.650120,61.14012
2024-05-02 10:17:09.665750,60.59885
2024-05-02 10:17:09.681380,60.18745
2024-05-02 10:17:09.697000,59.94696
2024-05-02 10:17:09.712630,59.80275
2024-05-02 10:17:09.728250,59.54277
2024-05-02 10:17:09.743880,58.79572
2024-05-02 10:17:09.759500,57.0125
2024-05-02 10:17:09.775130,53.54453
2024-05-02 10:17:09.790760,47.79047
2024-05-02 10:17:09.806380,39.45998
2024-05-02 10:17:09.822010,28.73949
2024-05-02 10:17:09.837630,16.3622
2024-05-02 10:17:09.853260,3.426056
2024-05-02 10:17:09.868880,-8.922531
2024-05-02 10:17:09.884510,-19.82915
2024-05-02 10:17:09.900140,-28.93152
2024-05-02 10:17:09.915760,-36.30592
2024-05-02 10:17:09.931390,-42.28603
2024-05-02 10:17:09.947010,-47.21996
2024-05-02 10:17:09.962640,-51.33382
2024-05-02 10:17:09.978260,-54.73486
2024-05-02 10:17:09.993890,-57.52293
2024-05-02 10:17:10.009520,-59.87189
2024-05-02 10:17:10.025140,-61.95195
2024-05-02 10:17:10.040770,-63.84552
2024-05-02 10:17:10.056390,-65.38602
2024-05-02 10:17:10.072020,-66.14522
2024-05-02 10:17:10.087640,-65.5085
2024-05-02 10:17:10.103270,-62.9205
2024-05-02 10:17:10.118900,-58.11536
2024-05-02 10:17:10.134520,-51.2657
2024-05-02 10:17:10.150150,-43.01028
2024-05-02 10:17:10.165770,-34.30542
2024-05-02 10:17:10.181400,-26.17084
2024-05-02 10:17:10.197020,-19.38831
2024-05-02 10:17:10.212650,-14.33487
2024-05-02 10:17:10.228280,-10.99249
2024-05-02 10:17:10.243900,-9.048431
2024-05-02 10:17:10.259530,-8.116486
2024-05-02 10:17:10.275150,-7.870453
2024-05-02 10:17:10.290780,-8.107208
2024-05-02 10:17:10.306400,-8.703796
2024-05-02 10:17:10.322030,-9.582214
2024-05-02 10:17:10.337660,-10.66232
2024-05-02 10:17:10.353280,-11.91666
2024-05-02 10:17:10.368910,-13.3797
2024-05-02 10:17:10.384530,-15.17056
2024-05-02 10:17:10.400160,-17.40106
2024-05-02 10:17:10.415780,-20.10007
2024-05-02 10:17:10.431410,-23.07144
2024-05-02 10:17:10.447040,-25.909
2024-05-02 10:17:10.462660,-28.05774
2024-05-02 10:17:10.478290,-29.00497
2024-05-02 10:17:10.493910,-28.43634
2024-05-02 10:17:10.509540,-26.35938
2024-05-02 10:17:10.525160,-23.08817
2024-05-02 10:17:10.540790,-19.10123
2024-05-02 10:17:10.556420,-14.89798
2024-05-02 10:17:10.572040,-10.87503
2024-05-02 10:17:10.587670,-7.326782
2024-05-02 10:17:10.603290,-4.492554
2024-05-02 10:17:10.618920,-2.595703
2024-05-02 10:17:10.634540,-1.785797
2024-05-02 10:17:10.650170,-2.049225
2024-05-02 10:17:10.665800,-3.097046
2024-05-02 10:17:10.681420,-4.392853
2024-05-02 10:17:10.697050,-5.35434
2024-05-02 10:17:10.712670,-5.568542
2024-05-02 10:17:10.728300,-5.014618
2024-05-02 10:17:10.743920,-4.019379
2024-05-02 10:17:10.759550,-3.079895
2024-05-02 10:17:10.775180,-2.559509
2024-05-02 10:17:10.790800,-2.508514
2024-05-02 10:17:10.806430,-2.63681
2024-05-02 10:17:10.822050,-2.56665
2024-05-02 10:17:10.837680,-2.08905
2024-05-02 10:17:10.853300,-1.304108
2024-05-02 10:17:10.868930,-0.5939941
2024-05-02 10:17:10.884560,-0.3681335
2024-05-02 10:17:10.900180,-0.8308105
2024-05-02 10:17:10.915810,-1.963348
2024-05-02 10:17:10.931430,-3.661591
2024-05-02 10:17:10.947060,-6.03598
2024-05-02 10:17:10.962680,-9.677887
2024-05-02 10:17:10.978310,-15.67026
2024-05-02 10:17:10.993940,-25.2468
2024-05-02 10:17:11.009560,-39.42566
2024-05-02 10:17:11.025190,-58.59299
2024-05-02 10:17:11.040810,-82.39185
2024-05-02 10:17:11.056440,-109.7078
2024-05-02 10:17:11.072060,-138.7115
2024-05-02 10:17:11.087690,-166.7019
2024-05-02 10:17:11.103320,-190.1229
2024-05-02 10:17:11.118940,-204.6237
2024-05-02 10:17:11.134570,-205.6642
2024-05-02 10:17:11.150190,-190.0758
2024-05-02 10:17:11.165820,-157.3563
2024-05-02 10:17:11.181440,-110.7438
2024-05-02 10:17:11.197070,-57.07933
2024-05-02 10:17:11.212700,-5.043335
2024-05-02 10:17:11.228320,37.47266
2024-05-02 10:17:11.243950,65.63344
2024-05-02 10:17:11.259570,78.55969
2024-05-02 10:17:11.275200,78.70457
2024-05-02 10:17:11.290820,70.2816
2024-05-02 10:17:11.306450,57.79205
2024-05-02 10:17:11.322080,45.05914
2024-05-02 10:17:11.337700,34.94093
2024-05-02 10:17:11.353330,29.27713
2024-05-02 10:17:11.368950,28.67746
2024-05-02 10:17:11.384580,32.35338
2024-05-02 10:17:11.400200,38.26274
2024-05-02 10:17:11.415830,43.66713
2024-05-02 10:17:11.431460,46.07055
2024-05-02 10:17:11.447080,44.13481
2024-05-02 10:17:11.462710,37.8501
2024-05-02 10:17:11.478330,28.23285
2024-05-02 10:17:11.493960,16.69539
2024-05-02 10:17:11.509590,4.541496
2024-05-02 10:17:11.525210,-7.265068
2024-05-02 10:17:11.540840,-18.11475
2024-05-02 10:17:11.556460,-27.80354
2024-05-02 10:17:11.572090,-36.69429
2024-05-02 10:17:11.587710,-45.58706
2024-05-02 10:17:11.603340,-55.43726
2024-05-02 10:17:11.618970,-66.65107
2024-05-02 10:17:11.634590,-78.56987
2024-05-02 10:17:11.650220,-89.91169
2024-05-02 10:17:11.665840,-99.28082
2024-05-02 10:17:11.681470,-105.7732
2024-05-02 10:17:11.697090,-109.2331
2024-05-02 10:17:11.712720,-109.9642
2024-05-02 10:17:11.728350,-108.1829
2024-05-02 10:17:11.743970,-103.7648
2024-05-02 10:17:11.759600,-96.41141
2024-05-02 10:17:11.775220,-86.07623
2024-05-02 10:17:11.790850,-73.29736
2024-05-02 10:17:11.806470,-59.132
2024-05-02 10:17:11.822100,-44.80605
2024-05-02 10:17:11.837730,-31.30791
2024-05-02 10:17:11.853350,-19.18395
2024-05-02 10:17:11.868980,-8.594185
2024-05-02 10:17:11.884600,0.4284363
2024-05-02 10:17:11.900230,7.901627
2024-05-02 10:17:11.915850,13.88744
2024-05-02 10:17:11.931480,18.59464
2024-05-02 10:17:11.947110,22.48956
2024-05-02 10:17:11.962730,26.16206
2024-05-02 10:17:11.978360,30.08321
2024-05-02 10:17:11.993980,34.40109
2024-05-02 10:17:12.009610,38.92502
2024-05-02 10:17:12.025230,43.19608
2024-05-02 10:17:12.040860,46.73009
2024-05-02 10:17:12.056490,49.19298
2024-05-02 10:17:12.072110,50.48822
2024-05-02 10:17:12.087740,50.73526
2024-05-02 10:17:12.103360,50.20901
2024-05-02 10:17:12.118990,49.24353
2024-05-02 10:17:12.134610,48.14798
2024-05-02 10:17:12.150240,47.17752
2024-05-02 10:17:12.165870,46.47568
2024-05-02 10:17:12.181490,45.96982
2024-05-02 10:17:12.197120,45.36554
2024-05-02 10:17:12.212740,44.21268
2024-05-02 10:17:12.228370,42.12546
2024-05-02 10:17:12.243990,39.07782
2024-05-02 10:17:12.259620,35.59509
2024-05-02 10:17:12.275250,32.73553
2024-05-02 10:17:12.290870,31.77158
2024-05-02 10:17:12.306500,33.69324
2024-05-02 10:17:12.322120,38.8172
2024-05-02 10:17:12.337750,46.65402
2024-05-02 10:17:12.353370,56.10312
2024-05-02 10:17:12.369000,65.87354
2024-05-02 10:17:12.384630,74.89569
2024-05-02 10:17:12.400250,82.54752
2024-05-02 10:17:12.415880,88.64706
2024-05-02 10:17:12.431500,93.26797
2024-05-02 10:17:12.447130,96.57266
2024-05-02 10:17:12.462750,98.68857
2024-05-02 10:17:12.478380,99.70309
2024-05-02 10:17:12.494010,99.70322
2024-05-02 10:17:12.509630,98.78412
2024-05-02 10:17:12.525260,97.02878
2024-05-02 10:17:12.540880,94.49695
2024-05-02 10:17:12.556510,91.21133
2024-05-02 10:17:12.572130,87.2088
2024-05-02 10:17:12.587760,82.53845
2024-05-02 10:17:12.603390,77.31
2024-05-02 10:17:12.619010,71.64966
2024-05-02 10:17:12.634640,65.64209
2024-05-02 10:17:12.650260,59.23285
2024-05-02 10:17:12.665890,52.22815
2024-05-02 10:17:12.681510,44.3114
2024-05-02 10:17:12.697140,35.19122
2024-05-02 10:17:12.712770,24.76428
2024-05-02 10:17:12.728390,13.24811
2024-05-02 10:17:12.744020,1.167908
2024-05-02 10:17:12.759640,-10.77551
2024-05-02 10:17:12.775270,-21.91364
2024-05-02 10:17:12.790890,-31.79852
2024-05-02 10:17:12.806520,-40.29071
2024-05-02 10:17:12.822150,-47.54504
2024-05-02 10:17:12.837770,-53.85876
2024-05-02 10:17:12.853400,-59.48535
2024-05-02 10:17:12.869020,-64.48529
2024-05-02 10:17:12.884650,-68.64075
2024-05-02 10:17:12.900270,-71.46704
2024-05-02 10:17:12.915900,-72.37872
2024-05-02 10:17:12.931530,-70.90546
2024-05-02 10:17:12.947150,-66.91638
2024-05-02 10:17:12.962780,-60.74585
2024-05-02 10:17:12.978400,-53.14844
2024-05-02 10:17:12.994030,-45.05499
2024-05-02 10:17:13.009650,-37.32373
2024-05-02 10:17:13.025280,-30.5119
2024-05-02 10:17:13.040910,-24.8631
2024-05-02 10:17:13.056530,-20.43018
2024-05-02 10:17:13.072160,-17.19128
2024-05-02 10:17:13.087780,-15.1701
2024-05-02 10:17:13.103410,-14.36353
2024-05-02 10:17:13.119030,-14.63843
2024-05-02 10:17:13.134660,-15.64056
2024-05-02 10:17:13.150290,-16.88745
2024-05-02 10:17:13.165910,-17.9483
2024-05-02 10:17:13.181540,-18.7464
2024-05-02 10:17:13.197160,-19.66217
2024-05-02 10:17:13.212790,-21.38226
2024-05-02 10:17:13.228410,-24.52118
2024-05-02 10:17:13.244040,-29.2002
2024-05-02 10:17:13.259670,-34.84027
2024-05-02 10:17:13.275290,-40.31555
2024-05-02 10:17:13.290920,-44.38599
2024-05-02 10:17:13.306540,-46.18054
2024-05-02 10:17:13.322170,-45.51923
2024-05-02 10:17:13.337790,-42.86145
2024-05-02 10:17:13.353420,-38.99072
2024-05-02 10:17:13.369050,-34.61829
2024-05-02 10:17:13.384670,-30.16919
2024-05-02 10:17:13.400300,-25.79114
2024-05-02 10:17:13.415920,-21.55194
2024-05-02 10:17:13.431550,-17.62653
2024-05-02 10:17:13.447170,-14.33826
2024-05-02 10:17:13.462800,-11.97021
2024-05-02 10:17:13.478430,-10.54852
2024-05-02 10:17:13.494050,-9.695496
2024-05-02 10:17:13.509680,-8.669495
2024-05-02 10:17:13.525300,-6.611633
2024-05-02 10:17:13.540930,-2.869812
2024-05-02 10:17:13.556550,2.709106
2024-05-02 10:17:13.572180,9.71991
2024-05-02 10:17:13.587810,17.36511
2024-05-02 10:17:13.603430,24.77332
2024-05-02 10:17:13.619060,31.28644
2024-05-02 10:17:13.634680,36.63361
2024-05-02 10:17:13.650310,40.85022
2024-05-02 10:17:13.665930,44.09778
2024-05-02 10:17:13.681560,46.45868
2024-05-02 10:17:13.697190,47.89996
2024-05-02 10:17:13.712810,48.33667
2024-05-02 10:17:13.728440,47.76514
2024-05-02 10:17:13.744060,46.3833
2024-05-02 10:17:13.759690,44.5683
2024-05-02 10:17:13.775320,42.74951
2024-05-02 10:17:13.790940,41.24908
2024-05-02 10:17:13.806570,40.18005
2024-05-02 10:17:13.822190,39.41565
2024-05-02 10:17:13.837820,38.67334
2024-05-02 10:17:13.853440,37.64435
2024-05-02 10:17:13.869070,36.07306
2024-05-02 10:17:13.884700,33.87085
2024-05-02 10:17:13.900320,31.09705
2024-05-02 10:17:13.915950,27.96735
2024-05-02 10:17:13.931570,24.77612
2024-05-02 10:17:13.947200,21.81024
2024-05-02 10:17:13.962820,19.22943
2024-05-02 10:17:13.978450,17.0127
2024-05-02 10:17:13.994080,14.98962
2024-05-02 10:17:14.009700,12.91437
2024-05-02 10:17:14.025330,10.59155
2024-05-02 10:17:14.040950,7.932617
2024-05-02 10:17:14.056580,4.947144
2024-05-02 10:17:14.072200,1.686829
2024-05-02 10:17:14.087830,-1.763489
2024-05-02 10:17:14.103460,-5.218933
2024-05-02 10:17:14.119080,-8.305481
2024-05-02 10:17:14.134710,-10.43732
2024-05-02 10:17:14.150330,-10.93042
2024-05-02 10:17:14.165960,-9.277893
2024-05-02 10:17:14.181580,-5.433289
2024-05-02 10:17:14.197210,0.1176147
2024-05-02 10:17:14.212840,6.478027
2024-05-02 10:17:14.228460,12.698
2024-05-02 10:17:14.244090,18.09259
2024-05-02 10:17:14.259710,22.38977
2024-05-02 10:17:14.275340,25.64813
2024-05-02 10:17:14.290960,28.01367
2024-05-02 10:17:14.306590,29.58179
2024-05-02 10:17:14.322220,30.33466
2024-05-02 10:17:14.337840,30.28589
2024-05-02 10:17:14.353470,29.59271
2024-05-02 10:17:14.369090,28.59839
2024-05-02 10:17:14.384720,27.72656
2024-05-02 10:17:14.400340,27.29163
2024-05-02 10:17:14.415970,27.36926
2024-05-02 10:17:14.431600,27.77747
2024-05-02 10:17:14.447220,28.19604
2024-05-02 10:17:14.462850,28.30249
2024-05-02 10:17:14.478470,27.91687
2024-05-02 10:17:14.494100,27.00769
2024-05-02 10:17:14.509720,25.65002
2024-05-02 10:17:14.525350,23.94885
2024-05-02 10:17:14.540980,21.9967
2024-05-02 10:17:14.556600,19.87219
2024-05-02 10:17:14.572230,17.65479
2024-05-02 10:17:14.587850,15.43262
2024-05-02 10:17:14.603480,13.26294
2024-05-02 10:17:14.619100,11.18994
2024-05-02 10:17:14.634730,9.19751
2024-05-02 10:17:14.650360,7.224121
2024-05-02 10:17:14.665980,5.170532
2024-05-02 10:17:14.681610,2.911011
2024-05-02 10:17:14.697230,0.3361816
2024-05-02 10:17:14.712860,-2.595703
2024-05-02 10:17:14.728480,-5.784912
2024-05-02 10:17:14.744110,-8.930786
2024-05-02 10:17:14.759740,-11.54053
2024-05-02 10:17:14.775360,-13.03357
2024-05-02 10:17:14.790990,-12.92773
2024-05-02 10:17:14.806610,-11.01172
2024-05-02 10:17:14.822240,-7.479004
2024-05-02 10:17:14.837860,-2.856445
2024-05-02 10:17:14.853490,2.147095
2024-05-02 10:17:14.869120,6.887207
2024-05-02 10:17:14.884740,10.9187
2024-05-02 10:17:14.900370,14.08862
2024-05-02 10:17:14.915990,16.43945
2024-05-02 10:17:14.931620,18.11292
2024-05-02 10:17:14.947240,19.21912
2024-05-02 10:17:14.962870,19.80615
2024-05-02 10:17:14.978500,19.88025
2024-05-02 10:17:14.994120,19.46362
2024-05-02 10:17:15.009750,18.68518
2024-05-02 10:17:15.025370,17.75183
2024-05-02 10:17:15.041000,16.90637
2024-05-02 10:17:15.056620,16.34363
2024-05-02 10:17:15.072250,16.13367
2024-05-02 10:17:15.087880,16.20923
2024-05-02 10:17:15.103500,16.40576
2024-05-02 10:17:15.119130,16.53125
2024-05-02 10:17:15.134750,16.46362
2024-05-02 10:17:15.150380,16.11304
2024-05-02 10:17:15.166000,15.49854
2024-05-02 10:17:15.181630,14.66016
2024-05-02 10:17:15.197260,13.62842
2024-05-02 10:17:15.212880,12.42615
2024-05-02 10:17:15.228510,11.03894
2024-05-02 10:17:15.244130,9.506226
2024-05-02 10:17:15.259760,7.88501
2024-05-02 10:17:15.275380,6.291382
2024-05-02 10:17:15.291010,4.835449
2024-05-02 10:17:15.306640,3.582031
2024-05-02 10:17:15.322260,2.484375
2024-05-02 10:17:15.337890,1.392334
2024-05-02 10:17:15.353510,0.0657959
2024-05-02 10:17:15.369140,-1.689941
2024-05-02 10:17:15.384760,-3.908081
2024-05-02 10:17:15.400390,-6.391968
2024-05-02 10:17:15.416020,-8.711548
2024-05-02 10:17:15.431640,-10.30334
2024-05-02 10:17:15.447270,-10.65723
2024-05-02 10:17:15.462890,-9.50354
2024-05-02 10:17:15.478520,-6.917236
2024-05-02 10:17:15.494140,-3.305786
2024-05-02 10:17:15.509770,0.7025146
2024-05-02 10:17:15.525400,4.484009
2024-05-02 10:17:15.541020,7.548706
2024-05-02 10:17:15.556650,9.683228
2024-05-02 10:17:15.572270,10.87927
2024-05-02 10:17:15.587900,11.27771
2024-05-02 10:17:15.603520,11.02686
2024-05-02 10:17:15.619150,10.25928
2024-05-02 10:17:15.634780,9.097778
2024-05-02 10:17:15.650400,7.677246
2024-05-02 10:17:15.666030,6.215332
2024-05-02 10:17:15.681650,4.941162
2024-05-02 10:17:15.697280,4.058105
2024-05-02 10:17:15.712900,3.630615
2024-05-02 10:17:15.728530,3.577515
2024-05-02 10:17:15.744160,3.713867
2024-05-02 10:17:15.759780,3.848267
2024-05-02 10:17:15.775410,3.862305
2024-05-02 10:17:15.791030,3.726318
2024-05-02 10:17:15.806660,3.461182
2024-05-02 10:17:15.822280,3.083374
2024-05-02 10:17:15.837910,2.577881
2024-05-02 10:17:15.853540,1.91626
2024-05-02 10:17:15.869160,1.117554
2024-05-02 10:17:15.884790,0.2485352
2024-05-02 10:17:15.900410,-0.5916748
2024-05-02 10:17:15.916040,-1.350098
2024-05-02 10:17:15.931660,-2.05127
2024-05-02 10:17:15.947290,-2.78418
2024-05-02 10:17:15.962920,-3.641968
2024-05-02 10:17:15.978540,-4.67395
2024-05-02 10:17:15.994170,-5.855957
2024-05-02 10:17:16.009790,-7.145752
2024-05-02 10:17:16.025420,-8.490967
2024-05-02 10:17:16.041040,-9.841064
2024-05-02 10:17:16.056670,-11.07013
2024-05-02 10:17:16.072300,-11.95331
2024-05-02 10:17:16.087920,-12.16339
2024-05-02 10:17:16.103550,-11.40259
2024-05-02 10:17:16.119170,-9.518372
2024-05-02 10:17:16.134800,-6.630066
2024-05-02 10:17:16.150420,-3.099365
2024-05-02 10:17:16.166050,0.6043091
2024-05-02 10:17:16.181680,4.046265
2024-05-02 10:17:16.197300,6.968994
2024-05-02 10:17:16.212930,9.271606
2024-05-02 10:17:16.228550,10.95386
2024-05-02 10:17:16.244180,12.03992
2024-05-02 10:17:16.259800,12.52667
2024-05-02 10:17:16.275430,12.40601
2024-05-02 10:17:16.291060,11.75104
2024-05-02 10:17:16.306680,10.71753
2024-05-02 10:17:16.322310,9.558594
2024-05-02 10:17:16.337930,8.517578
2024-05-02 10:17:16.353560,7.757324
2024-05-02 10:17:16.369180,7.314941
2024-05-02 10:17:16.384810,7.075012
2024-05-02 10:17:16.400440,6.858948
2024-05-02 10:17:16.416060,6.469604
2024-05-02 10:17:16.431690,5.786743
2024-05-02 10:17:16.447310,4.809387
2024-05-02 10:17:16.462940,3.635559
2024-05-02 10:17:16.478570,2.408325
2024-05-02 10:17:16.494190,1.268799
2024-05-02 10:17:16.509820,0.2831421
2024-05-02 10:17:16.525440,-0.59198
2024-05-02 10:17:16.541070,-1.468933
2024-05-02 10:17:16.556690,-2.452881
2024-05-02 10:17:16.572320,-3.579895
2024-05-02 10:17:16.587950,-4.804382
2024-05-02 10:17:16.603570,-6.046265
2024-05-02 10:17:16.619200,-7.242065
2024-05-02 10:17:16.634820,-8.401978
2024-05-02 10:17:16.650450,-9.598633
2024-05-02 10:17:16.666070,-10.85815
2024-05-02 10:17:16.681700,-12.10254
2024-05-02 10:17:16.697330,-13.09991
2024-05-02 10:17:16.712950,-13.52112
2024-05-02 10:17:16.728580,-13.04614
2024-05-02 10:17:16.744200,-11.48969
2024-05-02 10:17:16.759830,-8.901489
2024-05-02 10:17:16.775450,-5.586426
2024-05-02 10:17:16.791080,-2.023376
2024-05-02 10:17:16.806710,1.300476
2024-05-02 10:17:16.822330,4.041626
2024-05-02 10:17:16.837960,6.069946
2024-05-02 10:17:16.853580,7.438538
2024-05-02 10:17:16.869210,8.297607
2024-05-02 10:17:16.884830,8.752014
2024-05-02 10:17:16.900460,8.842041
2024-05-02 10:17:16.916090,8.554626
2024-05-02 10:17:16.931710,7.917236
2024-05-02 10:17:16.947340,7.085571
2024-05-02 10:17:16.962960,6.316772
2024-05-02 10:17:16.978590,5.866577
2024-05-02 10:17:16.994210,5.843872
2024-05-02 10:17:17.009840,6.153809
2024-05-02 10:17:17.025470,6.512085
2024-05-02 10:17:17.041090,6.606201
2024-05-02 10:17:17.056720,6.216125
