,Fro_Theta,Fro_Alpha,Fro_Beta,Cen_Theta,Cen_Alpha,Cen_Beta,Par_Theta,Par_Alpha,Par_Beta,Occ_Theta,Occ_Alpha,Occ_Beta,Subject,Scene,Second,Engagement,Fatigue,Excitement
0,1.5068694221804317,0.6871359967113334,0.5712829641181452,0.8011368528537622,0.3653202870697013,0.30372627463672447,0.2387026319820109,0.1088489609849972,0.09049672462263539,0.1667784463282534,0.0760513633503058,0.06322889280712339,001,001,2,0.45237519484329214,0.09432293331471515,5.248400710015834
1,7.269834214553085,5.464036322780979,3.7212487872588365,3.8650542758991153,2.904990173057565,1.9784259327520488,1.1516117691048608,0.8655559879940883,0.5894816542854961,0.8046162710054816,0.6047527909059381,0.4118632192043941,001,001,4,0.5784624051530741,0.15546738321381018,4.299258325140548
2,8.2741154704499,3.5744989168080825,10.223180819703284,4.398986886703927,1.900405417079648,5.435220057890319,1.3106995941701984,0.5662350611805953,1.6194503206258162,0.9157688798974901,0.3956211248116161,1.1314890252238696,001,001,6,1.4810223675798513,0.0893601338051155,18.054658781439706
3,30.844810691462435,3.801610425554057,2.7074060331073166,16.39884266048787,2.021150716363031,1.4394098896921488,4.886115138221971,0.6022117119059232,0.42887919579093087,3.413865547133262,0.4207575460663687,0.2996523554960103,001,001,8,0.11176526348562062,0.02549386718337111,4.4957711375933265
4,99.5687519691529,56.72855447174824,93.2650358226275,52.93636954936256,30.160102081502416,49.58495817914951,15.772649446832876,8.986349488297499,14.774080086212075,11.020146478402461,6.278646336557591,10.322458961795467,001,001,10,1.0941603494432577,0.11784980594512659,10.378523108196735
5,8.115176811217411,1.0715792161119406,3.2864220373741064,4.314486122816144,0.5697120056611734,1.747247485029586,1.2855221795091567,0.16974847023770476,0.5206009084648743,0.8981777454184476,0.11860106400073173,0.363737131634773,001,001,12,0.5147436588893809,0.02731344705622192,19.360539937544143
6,55.41122086062716,2.9411011706625363,2.5915132836072683,29.459733165761595,1.5636554177202524,1.3777947615090163,8.777671154564233,0.4658987567395693,0.4105206678878598,6.132845479679143,0.3255174446553612,0.28682548913467354,001,001,14,0.06040629786570731,0.01097899186085992,5.562395791186639
7,3.778609051224725,2.4628385207109598,4.020828313963522,2.0089218872619106,1.309383993415331,2.137699321454287,0.5985680726425093,0.390137345935358,0.6369379371319227,0.4182117823672094,0.27258392531924913,0.4450203111727128,001,001,16,1.2244053920775821,0.13481996038793492,10.306186669526722
8,2.0140853662534552,1.1545195557697217,6.893475160837622,1.0708014828276846,0.6138077724935531,3.6649605561648766,0.31905052347893936,0.1828870189948625,1.091992869570631,0.22291648049364565,0.12778079834431535,0.7629613158272427,001,001,18,3.995452109864804,0.11856967723100573,37.692533886351264
9,14.098729173974311,2.674616748853604,2.681707631065188,7.4956803512124734,1.4219772551140912,1.4257471684029925,2.233374512676482,0.4236850573097041,0.42480832135765306,1.5604299299110913,0.2960232780168939,0.2968080881012413,001,001,20,0.23899242164453827,0.03924025399402899,6.329483621851976
10,1.0768996433441065,0.9504838290841834,2.2022714375136534,0.5725406451342365,0.5053308616608061,1.1708518220686084,0.17059127716249164,0.15056579443392362,0.34886100994248215,0.1191899223148801,0.10519837614428151,0.24374468240922556,001,001,22,2.258077708481994,0.18256592310210268,14.626638445959442
11,4.8588484365412175,2.092350025452349,3.6380362604487866,2.5832381277688112,1.1124113939706144,1.934185455861942,0.7696883971048033,0.33144839941102733,0.5762999884610203,0.5377713431985028,0.23157871629964866,0.4026533595229365,001,001,24,0.8977282487703729,0.08907405108684237,10.976176885794153
12,4.810438517560146,4.232989428859164,2.1533892145585614,2.557500681930694,2.250496147366651,1.1448632727747132,0.7620197996106103,0.6705463014565816,0.3411175949492232,0.5324133931626787,0.46850204130325895,0.23833445835303912,001,001,26,0.4945186246682781,0.18201732758677475,3.2113952606716376
13,9.142320681404708,3.618464266187857,20.239036764184206,4.8605737900540955,1.9237798788058464,10.76021450789913,1.4482316629119623,0.5731995960353526,3.206058383878838,1.0118607602198761,0.4004871553738711,2.240031589350557,001,001,28,2.6719446086001715,0.08186873038337443,35.30888176504567
14,5.698866227544174,0.5850504499325577,0.7065208581382845,3.0298390073938273,0.31104584731811025,0.3756263737473804,0.9027553069994796,0.09267762699646019,0.11191970976736115,0.6307434746979668,0.06475266113118343,0.07819685586841359,001,001,30,0.15851830016536464,0.021235137285998285,7.6234241319673615
15,17.6302253563487,1.5998125569362713,2.582613724123822,9.373223087010185,0.8505506702538814,1.3730632532760096,2.7927975264821727,0.2534257198384074,0.40911089193705774,1.951291565193105,0.1770652776775822,0.2858404968838861,001,001,32,0.18775613025697316,0.018769878252400306,10.190811436860402
16,31.691470612978534,17.852504610345544,19.85008451248242,16.848974871665465,9.49139928687372,10.553425533188141,5.020234225572927,2.828008701506787,3.144444600474727,3.507572821433369,1.9758931584612895,2.196982834574714,001,001,34,0.7325232480071308,0.11652174483653806,7.019103053645531
17,1.5415154286390882,2.1883238930117552,2.8997867566105393,0.8195566257752495,1.1634365200239922,1.541690342868118,0.24419089314627007,0.34665158453825146,0.4593541555763091,0.17061302352755642,0.24220098541204238,0.3209448163403844,001,001,36,1.8987757197011164,0.29363914065234925,8.36513342488576
18,10.229698569003048,3.4074795242361935,8.677072673290695,5.4386852613663255,1.8116084791619524,4.613221684070311,1.620482794899725,0.5397775805174728,1.3745318967425955,1.1322104016654655,0.37713562474782814,0.9603676853660714,001,001,38,1.036195877921946,0.06890022434493141,16.075274310156004
19,11.281646843784724,4.201141234210775,5.5217898833779255,5.997960350381497,2.2335638491500367,2.9356952262593703,1.787121534928265,0.6655012406339132,0.8747047083260887,1.248638737328376,0.464977122459159,0.6111448836542865,001,001,40,0.593402363455795,0.07702735752680692,8.297189465970382
20,4.226163014209634,0.9108074859428255,7.693782495992196,2.246866839963835,0.48423667777961077,4.0904491156680765,0.6694649316179977,0.14428067948250045,1.218769260732292,0.46774650216198077,0.10080704749445318,0.8515383431248583,001,001,42,2.2757313340807657,0.04457902488723294,53.3251057840032
21,3.667387146498233,2.721620036237763,7.643662838159761,1.9497900438459932,1.446966856186398,4.06380267613297,0.5809494515453716,0.43113083080862147,1.210829824133902,0.4059018793360605,0.3012255438050083,0.8459911613046645,001,001,44,2.3593595102285305,0.1535044440291909,17.729334791073605
22,22.077945819700354,9.189557397875323,14.570499935889346,11.737882374626686,4.8856874952056115,7.746500321347724,3.497359292282676,1.4557144138267684,2.3081075458806017,2.4435597721534137,1.0170888616505958,1.6126449350979173,001,001,46,0.7934434051075022,0.08609662939268066,10.009174737499887
23,3.0301835421682264,0.749673443131038,1.4944523934605596,1.6110166354224642,0.398568724043237,0.7945352594022252,0.4800102625066664,0.11875549491439386,0.23673565502084906,0.33537697149685963,0.08297293067238709,0.16540414492729957,001,001,48,0.6126422910381177,0.05117447658809728,12.584279948796064
24,9.116585488403803,1.0725617233251068,3.344832700678946,4.846891508612849,0.5702343619616146,1.778301891127043,1.4441549604358699,0.1699041088447753,0.5298537201956268,1.0090124208468396,0.11870980668548003,0.37020195169917697,001,001,50,0.46770132182498747,0.02433550166352921,19.686591003721933
25,20.643115197534232,6.470760077638228,19.583521233635867,10.975045414700546,3.4402213541976248,10.411705445726296,3.270068300164502,1.0250307284233187,3.102218409330025,2.2847544912267272,0.7161757325658498,2.1674799401366287,001,001,52,1.163323753387027,0.06483809991316691,19.10530161740501
26,8.353790004543683,4.245465484499531,3.0205718518953155,4.441346366932511,2.257129122861264,1.6059065182605332,1.3233208078668892,0.6725226288505782,0.4784876781792612,0.9245871589151371,0.4698828757307977,0.33431316149007867,001,001,54,0.4272323978728195,0.10512160391659638,4.491405526469547
27,2.3792048239412917,1.1290626611580097,1.718589022541027,1.2649195987995419,0.6002734501885918,0.913698944713846,0.37688896273270256,0.17885440166493213,0.27224105615078137,0.26332745106700306,0.1249632606936825,0.1902113101753549,001,001,56,0.8589008714031132,0.09816042534047804,9.608871833977288
28,7.668281980156358,3.3222259368166465,3.240333996550958,4.076891601854172,1.7662828592278637,1.7227444806971377,1.2147297333797678,0.5262725910315282,0.5133001188373204,0.8487159775306963,0.36769986299933055,0.3586361642054451,001,001,58,0.506392437009538,0.0896151235836297,6.157139953269644
29,14.13612721625276,2.2270865357797587,1.8474563144292653,7.515563261735314,1.1840449292060038,0.982212072088922,2.2392987228243943,0.3527919605488695,0.2926548765504983,1.5645690990351515,0.2464911868331533,0.20447418286179436,001,001,60,0.16526668514698803,0.03258793680867839,5.2366735102325315
30,3.578151354483044,5.982175905040105,6.510562486195425,1.9023472591398307,3.1804624257681633,3.461382561571126,0.5668136424915698,0.9476342890059324,1.0313358133514139,0.3960253721018765,0.6620998398527941,0.7205810139801369,001,001,62,1.7653926207376531,0.3458204648206271,6.870332323057875
31,64.15984283471612,27.562000832946385,49.918659852409135,34.11099449734589,14.653515613658861,26.53957765961176,10.163537149781737,4.36608643368391,7.907596581623513,7.10113215327772,3.0505282069928046,5.524935611822553,001,001,64,0.9330328139249887,0.08885823204967083,11.43327339268682
32,15.511465676341762,3.6013885262132024,13.476684903510762,8.246770829762003,1.9147014514509995,7.164966500470619,2.457165583388298,0.5704946343348503,2.1348367081512847,1.7167898609490764,0.39859723356590365,1.4915828384189163,001,001,66,1.0824983094184883,0.048024998335906253,23.622807459396117
33,3.445393205044972,3.463183841640192,4.707487693065655,1.8317655322387802,1.841224038995579,2.502766211696742,0.5457834727758164,0.5486016809875794,0.7457113972966228,0.381331864107855,0.3833009097907169,0.5210189230748524,001,001,68,1.47700667761342,0.20791555012800486,8.58088455833994
34,4.565739564856459,1.4754423667569068,4.177232086568578,2.4274049045650354,0.7844284560244401,2.220852396508591,0.723257128344133,0.23372428366958822,0.6617138013331453,0.5053304153349625,0.1633001386533276,0.4623308875311407,001,001,70,1.1198123435995104,0.06684383103812039,17.872477865731124
35,5.053968934622277,1.111067047438071,2.615619895277713,2.686975199779787,0.5907059660196797,1.390611197175577,0.800597363575153,0.1760037231016709,0.4143393873930979,0.5593670389089204,0.12297152839559955,0.2894935791374552,001,001,72,0.6463945494363251,0.045473451311831746,14.861162304883546
36,4.177843520572462,0.5492994199614123,0.7118451933402459,2.221177469342695,0.29203858151523554,0.3784570909178479,0.661810658369296,0.08701431946318863,0.11276313575207782,0.4623985602915961,0.06079578129443437,0.07878614671182442,001,001,74,0.21659510684866226,0.027196135033881907,8.180782171621669
37,13.777642889749531,3.6521154164697647,1.153383148400627,7.32497275608104,1.9416707300203213,0.6132035941821143,2.1825113522667428,0.5785302623978973,0.18270700112060562,1.5248924965858643,0.4042116231202978,0.12765502218027713,001,001,76,0.10362982278444995,0.05483019471211405,1.9936435885308306
38,9.967454893435946,2.9235999805655166,2.0220301599257526,5.299261718868348,1.5543507970617276,1.0750253836561552,1.5789408705254282,0.46312639964111785,0.32030905532814175,1.1031855955829373,0.3235804345530899,0.22379580044387462,001,001,78,0.24974173772957697,0.060671382249652635,4.366043830566877
39,4.145301174857974,0.41653049352984206,1.145524271867774,2.2038761212321765,0.22145112495652208,0.6090253717566892,0.6566556373313346,0.06598244256793726,0.18146207937421063,0.45879681366489616,0.04610108051613173,0.12678521143320243,001,001,80,0.3534945661849614,0.0207845645162782,17.361046776774174
40,4.300340572890435,1.2298661762225147,1.405496549970679,2.2863038177390616,0.6538662895050688,0.747241311136047,0.6812153714570389,0.19482264948018557,0.22264419251027065,0.4759563827307421,0.13612006922605072,0.15555862205000856,001,001,82,0.4029352600044645,0.0591568750113033,7.214235889516661
41,6.374984073210175,4.3450558605927005,7.324046549739654,3.3893014233558723,2.3100769890157626,3.893876613757627,1.0098588867224114,0.6882987037666153,1.1601995252195632,0.7055753627004483,0.4809054155405684,0.8106164252994352,001,001,84,1.3148054086529852,0.1409829124739705,10.640796662350033
42,2.724970291774539,1.3725105383494118,3.4150185581965675,1.448748041163671,0.7297040851829616,1.815616655219211,0.43166154355855035,0.21741889051870505,0.5409718361190797,0.30159634594953844,0.1519077710288952,0.37797003571398674,001,001,86,1.482034057409172,0.10418474519608835,15.707092194469483
43,17.393770527696837,1.357536683059327,1.9586847715610416,9.247510351402116,0.7217431383844517,1.0413473991339062,2.7553408038800606,0.21504688759937493,0.31027453561190327,1.925121036832202,0.1502504832214468,0.2167848111053369,001,001,88,0.1447052317492929,0.016143885016285907,9.108175400380613
44,6.077699637115862,2.154127631196758,1.8536381428557847,3.231248234386642,1.1452558567459517,0.9854986810657587,0.9627661683365619,0.3412345672579922,0.29363413772211866,0.67267228852598,0.23841618539439713,0.20515837999613842,001,001,90,0.37104609721308124,0.07331324054410363,5.432152310215194
45,31.568360743240568,2.7476125408326837,1.2230928592967227,16.78352271493377,1.4607859389966604,0.6502652118503531,5.000732436302971,0.4352482939195679,0.19374969083262975,3.493947173118811,0.3041023621070691,0.13537040687542717,001,001,92,0.049696615976446715,0.018003364617474277,2.810103741665086
46,3.4692248965749553,1.124937329947718,1.3054447509855807,1.8444358048381773,0.5980801912271784,0.6940481265228878,0.5495586422822185,0.17820090946220515,0.20679502376278905,0.38396952628900494,0.12450667413094776,0.14448501252460835,001,001,94,0.4604692616009697,0.06707274682209717,7.325690732585481
47,12.946383910934633,1.51160771813729,1.3850420930698797,6.883028555480804,0.8036559984781215,0.7363665671217611,2.0508319225954863,0.23945322370512825,0.21940400950156166,1.4328897795999178,0.16730287507186403,0.1532947480260955,001,001,96,0.13640145193179504,0.024151318059542508,5.784186454618263
48,1.8652271001100584,0.3829647188561549,0.8374714413525091,0.9916600249797097,0.20360566423523224,0.44524709640052096,0.2954699401865127,0.0606653005241591,0.132663543581198,0.20644103147003579,0.04238606203644776,0.09269030466557898,001,001,98,0.5623977280119642,0.04246951165230436,13.804785175654043
49,7.874473892927602,1.4426028908791215,1.179306231420434,4.186514862936321,0.7669691367453837,0.6269857685639747,1.247392518587325,0.2285221943515013,0.1868134671852208,0.8715370437434417,0.15966550602720225,0.1305241569882968,001,001,100,0.18841717669237457,0.03789443784041275,5.160576349124692
50,3.8590013725916865,0.6198170783677109,0.8474154486641572,2.0516629837273217,0.329529749691313,0.4505338920608304,0.6113029907576067,0.09818499584366203,0.13423877012883653,0.42710950519384416,0.06860058862182215,0.0937908951116942,001,001,102,0.2775211012005523,0.03322299827047152,8.630803936820241
51,12.549073832128975,1.5787482885591042,1.8569628269777538,6.671796088049953,0.8393517160326589,0.9872662708351336,1.9878941788672013,0.2500889368175789,0.29416079971336545,1.3889159908441209,0.17473391047262887,0.2055263519279526,001,001,104,0.18832293764434047,0.026022644953756682,7.425209809789663
52,5.498076240168626,5.711542524095534,2.2972646412141806,2.9230877148111634,3.0365784422621243,1.2213555718527285,0.8709482388109079,0.9047633544824084,0.3639088484676707,0.608520286915486,0.6321464715422208,0.2542584128570638,001,001,106,0.4490927771495015,0.21487845607076292,2.53907790344624
53,14.391102157433554,4.213100209862577,1.8146182665349462,7.651122334690696,2.2399219157307044,0.9647535120058461,2.279689209653212,0.6673956575762012,0.28745301343875007,1.5927894105743459,0.46630072711228737,0.2008397082832442,001,001,108,0.1552480677170183,0.06055610746679979,2.7189542603935184
54,0.7918972017796813,1.2210196186235218,0.9371963562881079,0.42101725781891614,0.6491629600670277,0.49826649099835274,0.12544414502119386,0.19342126953862854,0.14846093074614444,0.08764620412389815,0.13514094315854389,0.1037277350681223,001,001,110,1.1716733942265494,0.3189363734729314,4.84536348315581
55,19.826339555942294,2.7207984500389006,1.2900118064591493,10.5408013738052,1.4465300545822957,0.6858431019699905,3.140683170626023,0.4310006836407383,0.2043502966861775,2.1943547721150014,0.30113461165938116,0.1427769132875229,001,001,112,0.08261589730447874,0.02838599028060177,2.993062088816643
56,4.568122289835176,1.0549787611631145,2.2055489159290573,2.428671695678026,0.5608862666565705,1.1725943146196536,0.7236345749333766,0.1671187982633683,0.34938019409501403,0.5055941323923925,0.11676374615220246,0.24410742967179358,001,001,114,0.6017022000921021,0.0477701068830628,13.197491478207354
57,9.073038627238223,1.0960855088770933,2.2438811674887567,4.823739538846317,0.5827409343604552,1.1929739035373408,1.437256718145306,0.1736305030780641,0.35545239199246836,1.004192708043162,0.12131339021314273,0.24834999592563894,001,001,116,0.31506248197656167,0.024988598220818406,12.923312020123042
58,6.911063806026254,2.5268072826599735,3.148787140465327,3.674311672887126,1.3433933985270106,1.6740730038632685,1.0947790803978639,0.4002706140320578,0.49879821497245513,0.7649080053508259,0.27966390887610926,0.34850387125474924,001,001,118,0.5531020859366893,0.07562709793892862,7.866645789323768
59,57.274486809390915,4.121574172006067,9.804966146786374,30.450350531974404,2.191261507044308,5.212873528092372,9.072830429486224,0.6528970515198729,1.553201087819277,6.339069453340344,0.4561707382971927,1.0852015418134973,001,001,120,0.2202605100674605,0.014885112843908557,15.017629692095385
60,13.738578860448676,4.887815200927079,3.439957820525312,7.304204112803166,2.5986384949904315,1.8288757749815368,2.1763232337252463,0.7742770116168455,0.5449224555093085,1.5205689380755132,0.5409773489001888,0.3807302824630729,001,001,122,0.30453778110259305,0.07359074249837143,4.442799888042641
61,21.296993737891803,1.1770929762698368,1.8467617518067723,11.322684160476072,0.6258090771802861,0.9818428033882943,3.373648959697746,0.18646286624934377,0.2925448511404863,2.357124960388078,0.1302791966421057,0.20439730952864385,001,001,124,0.11195004628728457,0.011432538777991639,9.904179791686923
62,1.5192218231693226,0.6789172446474867,1.2410064860282615,0.8077040865559451,0.360950734495641,0.6597891071074982,0.24065937128802015,0.10754703148780102,0.19658738186684316,0.16814559481171387,0.07514172202386281,0.1373530649546555,001,001,126,0.9763939696427365,0.09243700543993576,11.539197957026158
63,4.336526920694245,0.8487186721096593,1.337713308795905,2.3055425230775075,0.4512267592162128,0.7112039135280206,0.6869476375284551,0.1344452132765186,0.21190667415966125,0.47996144300774013,0.09393513427283987,0.14805645664420627,001,001,128,0.3871280788476167,0.04048292912763429,9.949876802564766
64,27.243112998982316,5.31857310054375,2.655738984096091,14.483976838797545,2.8276537122107634,1.4119407696529966,4.315571528972487,0.8425132123604713,0.42069463752445585,3.015234095426851,0.5886531011480997,0.29393391033177996,001,001,130,0.1223501276941943,0.04038207388226038,3.1521630107799745
65,1.4948877881247309,1.3007329998258184,1.2112129628552248,0.7947667397851527,0.6915430936120516,0.6439491882406385,0.23680462572983865,0.2060486369914411,0.1918678007986046,0.16545233387089547,0.14396352172631544,0.1340555546116455,001,001,132,0.896613050841077,0.17998229381751585,5.878286702306778
66,6.418197262477717,0.5744318748739464,1.3183895682927793,3.4122759943055754,0.3054004133613076,0.7009303221835401,1.0167042721701667,0.09099554241957711,0.20884560752026313,0.7103581451106697,0.06357741036003887,0.14591772891435387,001,001,134,0.26334966563868806,0.018512952539042355,14.488507164600804
67,0.0001507030634017976,1.6192131774336313e-05,2.298288102198306e-05,8.0122256216844e-05,8.608651353365529e-06,1.2218997014952635e-05,2.3872816949101796e-05,2.564989650062725e-06,3.6407097456306235e-06,1.667962890569344e-05,1.7921251439503009e-06,2.543716882630722e-06,001,001,136,0.19480707682598336,0.022224508596374752,8.960223688006318
68,17.114687285177318,3.0926237280106452,2.210142113505913,9.099133944459624,1.6442133631822615,1.1750363177536662,2.711131329886566,0.4899013894234007,0.3501078008371355,1.8942324482799755,0.34228777413842454,0.24461579910598755,001,001,138,0.16254855276489835,0.037377335042593926,4.5114020111418425
69,14.260575404976272,1.1478841451701,2.8775960818234543,7.581726944397128,0.6102800136271034,1.5298925274104893,2.2590125147150544,0.18183590603747488,0.45583893892978883,1.5783428708419989,0.1270463992952975,0.3184887798653635,001,001,140,0.25917314510968226,0.016649884534053368,15.825235755310096
70,0.6730942320811077,0.13501684097352737,0.2377366828111404,0.35785489228611495,0.07178257483209369,0.12639424164547436,0.10662461020515528,0.0213879682127101,0.03765978064876459,0.07449723818607011,0.014943497183068108,0.026312402395863226,001,001,142,0.4428259924112026,0.041491801500559276,11.115440253453437
71,7.896842725729105,2.889487559142102,3.038719733932261,4.198407397251931,1.5362147080687436,1.615554956862548,1.2509359571795,0.45772266348651486,0.4813624775103506,0.8740127985274703,0.3198049138863865,0.3363217466572546,001,001,144,0.46711103885580374,0.07568634940700227,6.638779279107699
72,1.1739547667702863,1.0413687445771365,1.8460075655496067,0.6241406278473032,0.5536504135070083,0.9814418353974892,0.18596574363450102,0.164962840532532,0.29242538077243463,0.12993186349099908,0.11525740632790397,0.2043138371252844,001,001,146,1.7349523335500059,0.18348619436580618,11.190444827394684
73,26.278838398883124,3.683356741336076,3.3115287020724833,13.971314024729445,1.9582803820012173,1.7605956053418301,4.162821143566186,0.5834791892014469,0.5245780460029117,2.9085093737813135,0.4076693743666626,0.3665159062712813,001,001,148,0.15991114000696233,0.02899264495004255,5.675487255346092
74,13.504462497680505,6.479005949618734,2.154298946261856,7.179734637672419,3.444605325251104,1.1453469375058656,2.139236946645607,1.026336953976581,0.34126170521464405,1.4946572282301211,0.7170883754910458,0.23843514633406382,001,001,150,0.18949827723952353,0.09923875190904953,2.099017226179905
75,14.622728769540789,15.23808345097335,8.706350009834262,7.774268117816346,8.101425405379524,4.62878716898569,2.316381096245712,2.4138592054288273,1.3791697088772046,1.6184255578921904,1.6865322539331797,0.9636080648106784,001,001,152,0.6395916294783193,0.21555204187141938,3.606817659560869
76,19.422136870350123,7.724282790164866,22.918389295109517,5.08052592908065,3.4215464274559904,15.748108642643658,5.844865455405165,3.1823497844917474,22.569438458858563,36.998245850398895,17.553656510218225,67.00257071844094,001,002,2,1.4849593574967248,0.2597554241790959,7.2017191217620375
77,39.677502159480014,20.921194799365054,31.650661552729165,18.049164011949557,11.032599812737118,62.40929189917756,68.5057553185288,70.12361671034296,37.98771637373207,44.03623842419192,35.75339999092217,134.4478338264925,001,002,4,0.319745801016587,2.429505161517502,0.45135523576126124
78,21.776539988146027,10.681072144089283,46.307323029623255,22.659987021745177,10.052027229732767,28.735559420534585,52.46990519491389,28.262080163652616,41.10296203156338,11.006080444041991,5.702562818973458,7.721925452509647,001,002,6,0.9173337514029082,1.27202020794117,1.638496627335249
79,34.343758043873606,3.5544539882454504,3.953814866806761,4.465057999611541,1.874197847319961,8.294370594837664,10.50775164747747,5.669645093529409,8.433031613141315,17.621963624281612,5.435518206576999,7.3332170991500085,001,002,8,0.15768551054071872,0.29218335788324956,0.6973654967079206
80,50.495860749925605,17.421010166770706,44.12145432666866,13.291486916896794,13.960792122033348,14.563260503933748,26.58429851327729,13.61019228857985,30.424336200667472,55.247156277898426,34.75253125909582,45.332891017393024,001,002,10,0.9696199045677506,0.42673642301822484,3.2417950746875523
81,50.24891856349294,60.80110804786264,17.049720453843697,16.844126568988376,14.475841382244319,7.564621081786356,11.053238718058907,15.685646930493881,19.177950708098372,27.25343979882953,47.74866638116549,26.864741686024978,001,002,12,0.34631259658330854,0.4675789241499218,1.086963166351652
82,160.48568486941969,27.746230213811046,60.06597549440616,23.56699551487647,9.231147085702203,20.956181635346468,36.21629880313454,24.20616153247297,116.11263993695249,143.89972049688276,42.77755522136182,71.80400800013032,001,002,14,0.5167743497142903,0.26303514278554674,2.4814333083676505
83,21.033274222321012,19.412292462367006,84.35959502895281,5.67602834183356,3.296143700613867,14.992170860041316,17.949431002868867,35.34500402911516,131.35824481812725,17.92234171024831,13.107748547748436,52.056670824911635,001,002,16,1.732242137852766,2.6466437260365008,2.3867473592438206
84,32.925725539279405,3.9810369737552556,8.244252458033715,18.42537168831574,4.865624677603208,5.883417128763378,109.82094191464861,25.769245371765514,22.28268115209805,32.47598468405598,3.316642370867106,9.641506973611907,001,002,18,0.1602543584944143,1.0036492602116236,0.31992603349831356
85,14.695801361539,4.9317976916360795,6.68319708753746,8.102439288701026,2.7698860855110063,2.330293598278698,7.092771138800169,3.4307407038316278,2.6759568768889173,11.660012119246979,4.542885506138093,4.602094056426654,001,002,20,0.45065810626884284,0.300965390835587,1.9480332862443732
86,17.13236709504371,7.625313158646463,9.517399126896382,3.0329207715927344,1.4566505783846133,4.946649697764267,13.026137836406544,10.117374951239528,46.34145765348979,7.571550710233937,5.943117384102582,13.40328685592182,001,002,22,0.4711579321429309,1.003444633982019,0.9406984689966799
87,19.645227638311965,3.2101478735304605,16.31259210217899,2.6845971168482765,2.3589816543851656,16.974396668425346,6.729431044680807,4.143475104554119,8.250346680244256,13.45385529307122,3.853660479824658,9.505815649090072,001,002,24,1.0655983277936172,0.37111577452900474,3.936934985864817
88,52.81824722973485,23.55494627815866,29.307450095184308,20.06220851557569,5.372257421338409,15.526720899335418,29.820057975060706,51.57204031203071,20.331602096619534,35.20874567773937,31.837257263454955,40.130898195198405,001,002,26,0.3329927827071245,1.4152502144677954,0.5682817650390201
89,17.663809491416536,11.868340368382754,35.20127967941005,11.677926934249765,17.156179972768516,34.14990577883937,36.76600710114013,107.63945434525101,121.84063690621626,25.339659763688534,73.82391985762915,71.63335255683553,001,002,28,0.2878030156669177,7.336951895668642,0.3270295254981763
90,11.405958240237531,10.750933208435848,12.772499884072584,18.554748629934142,17.57350005773344,12.219295119142775,13.525343011054861,8.294959679291225,26.071960485253918,20.03294348209182,23.201780063573004,25.07778703343322,001,002,30,0.5487573817506698,0.5537225617029439,1.5397904725154674
91,35.16707970251525,38.64301089663617,15.846849851242432,14.062905687481528,20.09007975028593,14.993935025162918,6.596708426720034,10.608129115265209,6.436800917884765,38.6435647055378,77.73887143233308,30.22443791110213,001,002,32,0.4498990730181346,0.43096210698533793,1.4938402124497758
92,139.87112593960853,56.48572718988327,39.31472259785484,56.35647225221753,33.524352178113304,41.948936585484425,23.27026190918433,23.854580443473942,34.03156902775679,62.4606147820048,23.74548422593945,12.971956234688992,001,002,34,0.3223353687761263,0.24313175784941765,1.6480995208033697
93,18.624828676196834,32.7725857218036,65.89717700873581,18.851380731675857,11.689322575192637,13.091662198528901,32.095112741586505,41.28673301428108,100.11150722562599,37.72223972089034,70.91030382692118,81.51656065058833,001,002,36,1.0978318228544937,2.2033569385279352,1.5960860111150468
94,12.446664748834559,1.8969810530696751,8.447488437553268,4.2261958795075145,4.176099926449572,5.475262655347046,6.958801309872925,19.032843161207254,6.864508587891898,20.737322267239236,10.433187580146903,14.137723662086117,001,002,38,0.3086486181356887,2.2830926960252356,0.4438374427826391
95,6.995829043286058,3.977882511070848,12.641022909420503,9.930966875509034,5.068346889955217,8.834583866017745,25.459309300738322,18.303100799281175,12.013495693086707,70.15696573565984,7.903891945674717,17.960986599437835,001,002,40,0.4722703190801823,2.1626184763009833,0.6906492538093304
96,33.0912287561391,13.469294822443192,15.400852875527837,7.758005989010718,4.085077038852324,8.657612907794796,21.20149000404316,15.785297266681246,5.829906627111487,24.727357744494647,15.025178049946934,44.84046784542068,001,002,42,0.42532143555045426,0.7728564495840643,0.9756454132818345
97,16.5663388464039,5.561185292036774,31.812101511720485,14.440033721340763,9.402593414148692,36.08599051971939,17.41169885809437,25.34232719541415,27.83036254460156,32.06870694134918,16.081232984022098,37.050543931664706,001,002,44,0.7788395542598086,1.6346528211286018,1.2552951931532585
98,9.0219763931893,5.574187151623851,29.89613835299642,9.141122974302407,9.265146253330705,32.374707203148716,17.33480800502121,17.666664493530803,25.329560272611307,7.865137553138722,8.826043589880303,22.510213624447204,001,002,46,1.1176872652079335,1.9453358852565192,1.6922344545538757
99,115.71775597563956,17.77893213896362,21.35101132999297,13.106593066880496,11.033059389066757,14.063176806624483,107.2493063181123,50.92421485020029,15.062732123861391,81.17904061253128,19.94000005362479,48.70587914026019,001,002,48,0.1851194705014428,0.7905992186832962,0.41927030967094026
100,24.705151508683137,11.785927527352442,32.54736836920883,8.347175696236853,5.535943429564403,9.546254197980332,15.908163441830192,30.19447177314289,47.551142752532805,20.234603142564772,20.12570532563307,46.98821448651797,001,002,50,0.6966379653776026,1.82707084956174,1.0779247477400409
101,5.3777967895240995,8.489614779624429,27.24574123824617,3.574937773438789,4.958544176327699,7.178292709010971,12.76651340197944,10.944194808069367,36.11487917567712,13.956136910886276,20.967195934239,37.21763871265416,001,002,52,1.7668448841244422,2.4448831205931363,2.4895153746858885
102,9.751461041255233,6.209973251804103,35.45002097927821,3.7213496663794423,3.3564420226637255,8.589528915207191,8.95578094680791,11.915193168978195,41.485754920285444,12.6987362173424,5.5101017323003365,18.085614495163536,001,002,54,1.9006425071798565,1.7687761562962032,2.9751948186265347
103,6.035748356747975,13.679828034642004,9.388631303598586,12.012469674790044,9.176249442749778,5.419771179613397,57.76407081260434,107.52791809891458,6.485808026953788,34.97402087779413,32.19727609580113,13.298727807945562,001,002,56,0.0805531361059938,11.915627117426988,0.08731342956870061
104,1.7794853229946388,2.897268054414021,14.877533188089215,7.626619944488775,3.8450039263673474,19.93317327604937,20.6291542140297,12.391698185994674,16.837087093340255,14.042833448170912,8.440289190754159,33.50193110416612,001,002,58,0.8702983357272852,2.634820222315043,1.2006048698719984
105,4.485666672221402,2.280847493789093,5.971211094551002,3.4684777132347557,1.9252209717244595,3.627593091049347,8.409494182988535,7.384461391871197,3.797428004974055,7.177621019029784,3.176896154148054,11.865187691480056,001,002,60,0.5255638290454966,1.8567581964877067,0.8086183646547467
106,6.858854718990001,2.748975223170193,8.175709369485777,3.3545940284379303,4.47924950150952,3.6257506369029695,13.244159818745619,14.983599660232505,7.544281220560331,3.0721667763954943,4.715937189576694,12.709311658662845,001,002,62,0.4069476109828464,2.934092103611104,0.5456438742944172
107,7.573838348787997,3.4702211875975317,10.468586897241515,4.704008486183602,3.3921646053155987,10.490340893690059,17.356805975720505,7.2523698893734245,10.632055726185511,14.617532892412699,5.60800002290809,15.350718920622409,001,002,64,0.7817457699831984,1.1813748757178075,1.4434711765847286
108,7.33528765102792,2.9150372092093164,3.5980481590651943,1.9833410073549762,2.6306769544341653,2.475533782101074,4.318607682170331,16.632505259071667,4.972328143129668,4.860281414538904,7.026974548380676,6.726153344394767,001,002,66,0.16898734953815686,3.5697323863440618,0.21632629017824925
109,74.62907414593762,10.365899196633361,5.616570999804296,11.166894465288244,6.358866010247169,3.884119353427192,30.861373302234174,13.294294161280916,4.596808050616071,25.12634851249214,14.110376350684017,13.926058670803645,001,002,68,0.09995271864822754,0.3099048679436773,0.4224798196629594
110,30.334073386569447,4.702343518323291,3.9271405323998465,6.007969503456314,1.344432706721498,1.8962957366455466,6.181456667336887,8.961835785958469,3.2517249666308876,13.76924954143238,8.371809590645043,5.7004892655561745,001,002,70,0.14473744873124283,0.49319383685049173,0.4382071515473365
111,2.3395127455738502,3.4586971737967964,6.145610523651165,2.4246230368862616,3.8767954276209053,5.226352977639808,5.606626121813559,13.691691667315943,4.6823343387337495,4.282632700687065,2.3057662715977196,9.822645570153078,001,002,72,0.3823380896837979,5.747817565453941,0.44885691797468896
112,4.845752848702944,2.9811944825597623,13.139544961826012,1.7918408735514977,1.5611451766822457,3.086929083745523,5.550678838326071,10.298278280316946,11.31112236798362,11.344137969352264,3.494800641121058,12.12628596599823,001,002,74,0.9649315161546864,3.1030155539014106,1.2758972523532954
113,6.914676815533806,4.39299961335519,5.382668981779322,5.267041009270891,3.575023005933711,2.8441898361184816,45.66461146087709,31.00398813922304,5.511273179130606,9.53885877818498,4.5450557558509885,9.802598589545562,001,002,76,0.14510557151747225,5.090248942738109,0.17361214814070083
114,24.44373612788233,4.389696437552375,24.334496176574063,5.186135040270489,4.204930409696184,11.843799002948892,11.555304283070587,13.605858144696473,14.004162528209646,5.051470853016326,3.798453137953929,11.996462952624071,001,002,78,0.8562215541481553,0.9183879381372745,1.7885307870903817
115,1.8172979629566473,0.9091118946239888,7.0065188343345355,1.4918265352400968,2.172592628975879,3.9320403604792737,2.630583272885352,7.835667703086723,4.584725779936996,5.5287053311310075,2.6544348804788642,8.40760023124017,001,002,80,0.7382875725494203,4.735795046307051,0.8941827422791858
116,81.5237557256126,11.397696357629334,20.760166475488475,4.994748797777285,2.986103214895029,13.710127357785158,12.546308805196565,4.363807650724403,11.3796234419815,32.64481133290168,8.052926030426056,16.30734117681999,001,002,82,0.43592676559774246,0.10087570687365885,4.757351408933489
117,8.373598146535699,4.562896197557912,11.466488089369822,11.695087209387724,2.8929360070143493,5.934961871448542,12.555725326794683,5.006771766409091,7.957129923217404,29.3188266193292,7.1356658311440775,13.359033158172126,001,002,84,0.762342985406989,0.49896360201106105,2.290195883563054
118,17.03724689600189,3.6896563517663723,10.581363496857016,16.63027548766809,4.676143311053529,4.567744309232044,69.77527347784202,26.439115768457974,8.789043486342978,23.709613927639104,5.517422157333868,10.855315397657431,001,002,86,0.24452646184274823,1.5706006202156382,0.40021623981391413
119,8.73524862136068,3.765562203837317,13.706076089946755,5.0358588492612,3.563675788482785,10.838579008164057,39.896635025306665,10.49867148164046,14.919771303348288,9.57516061511527,8.087478926073985,24.6680863227361,001,002,88,0.7884203016756782,1.5247388787049176,1.3055057598397322
120,4.9683840970955835,4.654308652372351,14.382903227451852,6.809259164113937,3.7663209562897926,6.249021723925495,16.887226698796308,10.046133509790335,10.35086418919557,6.8609365608776836,2.2679835566899063,3.7192029681920302,001,002,90,0.9026007981027324,1.7059666839932177,1.4316854552485463
121,1.836471070121074,1.3877652098318842,5.04965524127323,1.2849609529551125,0.8014699828008627,2.3169581967110924,2.532895056389105,5.684109600624591,4.678370318234437,2.7792872788911955,1.7687405097488105,5.937434267704786,001,002,92,0.6970016273125773,3.641988394174846,0.888381047529125
122,2.0137628568904944,2.9195272684663727,9.557518262658503,2.6016320526131262,1.1427101558133428,3.7199854626407527,4.418555349210235,2.4664070925778177,5.513070158956371,3.18054069320756,5.934974138549384,7.308502719430164,001,002,94,2.001949929647949,1.0687740229982081,3.875077350945038
123,2.399285022700597,0.7505368445253979,4.586980418919664,0.9951732655923624,1.8991675679488889,4.132656150939582,3.3239756475614444,5.967514888676469,3.7588467092196662,6.872400459600206,3.8302880097347773,12.44254880926027,001,002,96,0.5984518725317778,3.516033712511739,0.7686583954107247
124,14.085086126205407,2.438511693010149,13.245710178340069,4.700970159567206,2.713986196874437,5.438325927911055,14.918313930684725,5.957072716854986,9.37634803637317,26.36355394095439,6.134693647609675,22.81016269331287,001,002,98,0.8629070453263008,0.6342015190667242,2.2235266896881343
125,16.18318153400882,2.56884571536576,3.33266034081345,3.6143651341398026,0.5904461662080647,3.3752676574501628,5.928380070835358,0.8357357241690049,1.5359978737557611,5.151462595612375,1.7526949617109613,7.62673845634107,001,002,100,0.3104622971326491,0.08442821104834997,3.987696402624414
126,25.41545811018538,4.732257657157367,4.895381233327413,5.472305186760004,1.892137254958038,4.165980276833625,5.268210086992569,3.2492059166939233,3.6122101127289743,9.035304522388572,5.693060661365952,10.901777737661204,001,002,102,0.2618818970521299,0.21038790575135302,1.5066392708986809
127,50.66993378556535,7.418135813421298,5.860834648657484,5.287279741923195,1.7614082501011623,4.494325137607124,9.287563123545068,4.385710531203752,4.786029102908749,8.4187245211243,3.2952780496027048,10.509264543711643,001,002,104,0.1810893953129159,0.15675228463795132,1.3363478065773877
128,90.01684435477932,7.820357705560733,4.057139001179856,3.6431618345339234,0.5924233999399482,3.5001951622255163,17.304276948233614,2.7235036847086462,3.443597154680265,18.138935440194846,6.211714387170537,14.290213602090272,001,002,106,0.08187390287521087,0.058157239050436925,1.4896763400611586
129,76.41989543873648,12.80895019034267,15.646041308532627,3.3785764016841826,1.9611453067508102,3.763262601286162,14.466476479491934,5.540863802693047,9.84182606665999,32.720211259793516,14.678112771841635,22.82771376232727,001,002,108,0.3443223365252978,0.13887142635446834,2.8237548991780166
130,30.840976563228423,4.108164498549241,10.273511314023843,6.92933566269202,3.130001721457323,7.983746783516087,10.899052801270424,3.2621340779915657,10.00191666814216,14.115890674076073,5.138724900935819,13.201016889393241,001,002,110,0.4638721588712039,0.17273535143047494,3.1493222131289738
131,4.685787090151555,1.845212032172152,10.897829527037548,1.7500881375263093,3.183761087871517,5.328012125418081,4.333443714512521,3.24435301261859,12.398653741474572,4.382339783539434,4.287512327683206,11.738102449072905,001,002,112,1.6863725506897367,1.0082087976678158,3.359014720238987
132,5.5531585976328275,2.5136665451514792,22.89709214227151,1.2806516892445314,1.7098387083585984,4.245261016841955,5.371073059287118,2.7739091262581415,23.812943310862767,8.202800186565934,4.523813300119409,29.552327047918077,001,002,114,3.698559049711701,0.8118191784120046,8.254449262784068
133,72.67632672131495,3.4786354620594375,9.672371643738078,3.9869962155205734,1.3744905210934049,6.144887154186218,13.549755173100628,2.8129916922264315,11.737270675082268,16.206943161538476,1.7559386939172135,13.14532324800138,001,002,116,0.23508210425236792,0.07338559260062631,3.4384643475724497
134,19.09833188110173,6.636725147522263,21.302374048029225,8.24458570658567,4.8149836018376515,29.18657819997192,7.386968487440036,4.144147710904313,33.498758243359575,19.62608443954975,12.770144402761586,69.46476758302666,001,002,118,1.1957142206947577,0.3031240318531652,5.140351052636764
135,6.724422991468728,3.9762332769652438,24.01744874121482,1.3204036790355766,2.917695753068598,5.4132780230560265,5.658129447137115,5.888897836152349,26.59493652414273,11.574714263272098,5.6104966564379435,29.365362731710807,001,002,120,2.4232362727656525,1.4640210603277528,4.078428495357833
136,39.18068697971145,15.082948984970411,43.1370905221988,11.582451792814066,3.742282170280016,11.636779302422685,36.91266725910528,23.737354761525353,55.154270268808204,40.44854056868003,13.119508645820845,48.628742706461786,001,002,122,0.8782173321306613,0.9352201355355393,1.817266117289424
137,4.661344121671937,3.1339393314729924,7.8248456256867325,3.8417514106042865,4.32443545242969,6.03926796078126,5.732054895376279,3.1734885320506336,5.635684271444385,71.8517560791261,35.26642335223268,48.77628097885456,001,002,124,1.0538461108392851,0.7464313484435501,2.465692107174719
138,7.89431368821921,1.539891174083079,4.226230656186551,2.914572728979806,2.082526402583825,2.0020560789985167,2.166711252146791,1.8657326283197142,4.419813343606083,11.011312722686746,3.872720190278951,7.163488401434615,001,002,126,0.581310652037467,0.34522198796556414,2.2651855855641596
139,11.611567261696786,3.621439723182342,13.905080333744156,1.9680032496111757,1.711463467051422,3.681953840854757,4.742103819218647,7.225620094578751,11.978751216408611,11.935375933405608,9.460418484110818,15.324178093465513,001,002,128,0.9921283035537217,1.0641897825210072,1.9244134277384553
140,4.672059795815959,1.4504899425077609,4.73364922294563,2.151205833849331,0.939645776644086,2.447029776738974,4.481224050019902,2.6892292093097128,5.429383655257918,4.26822824618252,4.243768172921499,9.70971791474246,001,002,130,0.7758984229136165,0.788252826511059,1.7602252744237783
141,1.0012344736139318,0.5665897248085487,4.823529812842234,1.427460069775273,0.5298233998005841,5.173919130967208,4.047870060240528,1.4824685159567843,7.26072185346332,13.561718937478442,4.406485286447917,12.76402562304745,001,002,132,1.7886018892832751,1.2207945375362212,3.2537148417813992
142,11.391978652977329,4.464568502764581,18.265200737002413,6.251462685856063,3.192713207515141,18.619571499033242,38.31932950169344,21.88953698684855,78.03794146397156,14.468879981217125,8.796042849597617,43.7390003600875,001,002,134,0.5947395883761935,2.481322840195519,0.8344260889563961
143,25.67574251683518,14.713489143900938,95.7146933943308,6.872556953312268,5.36293569960465,27.622392049680936,26.546697544009636,17.855811877060074,83.32347439540507,21.09424785475747,24.056413923700205,159.88586374407268,001,002,136,2.804418430998251,1.0971886192356695,5.360422368545364
144,7.0481741844389205,8.34006841663183,56.51855649085973,15.846354085238586,9.484595360011511,42.799150311254905,30.21510720132806,20.481840552981854,134.602857118852,107.54460174222162,46.572204353667516,51.68556958552462,001,002,138,1.7701265677023132,1.7892345552372773,2.7594471475675784
145,7.64144928973085,3.8369074463671327,8.954370694160769,13.44437173078876,2.063612327828434,16.614245861157904,20.76895443788176,4.855219126880533,14.062839726689777,44.97513063627385,4.254499567557759,29.805306604350946,001,002,140,0.5815232697199014,0.4605198082783392,1.8442773560076025
146,33.78090606337862,27.638281647080724,133.32503494442,13.325625365238178,9.150767973939246,55.24437882647966,26.842970116084654,31.392500639463876,150.09888889739102,24.773189635683348,8.085579319867982,21.932868019667133,001,002,142,2.4264842187475764,1.3328300635776893,4.247034553749935
147,47.578048782912624,9.077206972933968,11.628408081714227,19.92779506298858,11.795152383263892,26.557227771635663,13.422108627687267,2.6019110246400445,13.392170331424621,24.5739525504493,12.032248311805589,18.786609460793496,001,002,144,0.31985865809032354,0.07708698614536395,4.469179757337372
148,71.20421331239694,47.78742765855601,52.58574439885979,34.33872354622766,17.79416724150346,24.939377433203536,73.07450589983988,25.279597688356255,47.736879767282986,46.961647418140856,22.747818833868443,32.385296991958725,001,002,146,0.6737351200249122,0.47903911793203985,2.080165398481824
149,6.152693894740931,18.27036859608647,11.407357645579392,7.4337526360829695,15.817564278117516,12.503621852319089,61.811274836416686,161.00249294943308,26.96688124120777,43.99620774520645,9.132535153314596,14.53198732362723,001,002,148,0.06798360472429137,23.700456566647183,0.0708520559937054
150,4.647022056738444,6.862904219302472,41.35366573773815,5.683286840102514,4.430799715844049,14.146793067316079,22.625538151557095,35.521514382157584,29.3920047083662,27.18521198682121,17.741771988209987,24.557463367923276,001,002,150,1.0163935000414386,6.877144669511321,1.1641864502970078
151,13.546071149917996,5.02446110837047,8.647431736312335,5.580556205554659,2.8495769664640074,10.400137660157156,7.589096023874948,7.131219348844786,8.912443943378479,19.83385344635056,7.29976186670612,6.702979033756792,001,002,152,0.5179798514006864,0.745684977942998,1.2126161478559998
152,4.342145987705603,5.8705384441972805,7.266232460059159,22.575650209351107,22.77212182320087,80.70151142792909,14.145704117155693,10.65319693736159,13.830899094600774,19.732248216885232,20.599913791466424,84.92432167269949,001,002,154,0.3013521823484706,0.7915355967013711,0.6820706031046809
153,4.819737645890999,5.22957560556627,6.9458138380982515,14.282163681528179,6.256367915741857,9.904282893995463,9.732552337147444,5.049723379094013,6.055770088322397,105.11000598995088,84.56041430632618,110.23920547287534,001,002,156,0.4757187111866053,0.5287142146259083,1.3754840248980968
154,7.8102133611826305,7.271945190646034,74.36824626525805,16.85166745291548,15.796790007428815,69.62880766846195,11.63314455692412,24.354134602843274,107.77300145973344,29.16783908904398,6.432799401955642,61.05835402999524,001,002,158,2.027207147462674,1.9750427622633786,3.053618922537111
155,6.332590353092395,5.91812623379081,13.658758983733449,10.836752894027718,3.1873719261138724,12.256435796973541,11.662430485991534,7.864045129622311,9.727791806927447,22.813617154863184,11.113236274393694,29.111976863424747,001,002,160,0.8303844724598872,0.9160566034977932,1.7368617242904152
156,19.08622367209586,15.032940598770326,97.43348798810327,10.068547958362213,4.954652628616402,24.010780590218978,29.435409619603696,17.19781305910236,110.18418020384287,22.632520607623228,17.37840936146411,83.29194967483058,001,002,162,3.066337629339336,1.179759750965482,5.665458023834852
157,5.260596004805835,1.2743223638213086,33.05575392586747,5.126392986848936,8.24538510936065,34.34818170994989,12.7405945593144,8.13680476918546,40.51291107890536,9.150289738707777,15.634125377448685,63.10791852893606,001,002,164,2.4797458233084626,1.5667302190698038,4.062498101349498
158,28.4494043071369,17.949078602500002,77.96376892414565,8.270734841411567,7.167720468598492,22.208046605145206,31.689180172633886,33.57917714496419,88.64253326003492,50.60964974377105,16.374874806127913,44.12841106578261,001,002,166,1.5010569819309236,1.8289242864316086,2.3217891429432402
159,1.6269150313366676,1.775245104928738,16.914760506450076,1.4998742626552724,2.3831702707032223,13.009895224179846,1.3333705566901366,2.2432397312570185,13.502969132665704,6.951853499135139,6.328689671470352,52.85414296142359,001,002,168,4.443494915898099,1.4348518690193526,7.540326729578629
160,3.8419008007842477,1.8262560894322344,3.16499835188017,6.7016555645380205,3.3846946153473514,3.70116019309331,46.07157575816829,19.48003392250944,7.5459379191816165,40.87980000564349,9.284860781870977,12.979900376858533,001,002,170,0.1278693591577084,3.6951543193868104,0.1624739651106548
161,3.2932627162477237,1.8587341609877024,5.906441314588918,1.7584276053210648,0.6092769046448823,7.139720514968609,3.76608621441725,2.2438957959909187,2.2499612227159425,4.051608141815165,1.8348618603340183,19.167957909537122,001,002,172,1.2383149039150536,0.8883742482829324,2.632226204595475
162,4.760122318893371,1.684737279093135,6.021009031075313,5.188428117526147,1.4258514959645598,6.19084924812928,9.285712645966804,1.6866730537840182,7.438559918840383,13.43849541857772,5.590233839714079,15.183304544289442,001,002,174,0.9039267061104327,0.33907915822780943,3.5697546821936217
163,6.794016130843075,7.546774718271906,40.52073131354033,10.952749265536259,9.713568626216375,45.295125532210804,16.580852031105774,12.33088692568638,49.693668583899495,35.56339644880744,26.84314711002836,108.85496837481831,001,002,176,1.9109703862619212,1.3896489473177018,3.2861165265518646
164,3.174508162535907,0.7468034817805684,3.824911170435078,0.847416523298487,1.1421520579771252,5.256771478298604,3.1308307286928083,1.799994251330988,2.9446560679415885,6.9975683684081575,2.271206345962936,21.078843209939926,001,002,178,1.003661699062108,0.8950909785410657,2.1249574367289146
165,44.604944484442115,21.821670068403364,128.0962932131205,9.802472568805799,7.303970215898719,33.80259828672632,45.85633186591633,29.122205132262586,153.09172478793315,94.07107697737663,21.038015344939257,65.2196225816218,001,002,180,2.274198231188581,1.0705233480854648,4.398578082647011
166,8.81505219774866,12.681320888284752,64.67772301960976,8.802227971416828,10.104162371229458,43.2646648029692,12.080351315868382,17.91466713467445,117.0547535703397,12.34712939231043,17.470296877929616,63.58602804393939,001,002,182,2.420273901315705,2.0337608260359574,3.6103223427704005
167,1.5174048895963597,1.0687929569461498,2.8968832535454734,1.5053310865206067,0.6226125952135777,6.169632645864866,2.759621758967418,1.9332178062583463,5.135318647165199,6.374562673641185,2.591743491212493,21.001243257361494,001,002,184,0.8409961099894792,1.2791178730348625,1.4984774318586778
168,60.3191073926906,8.93479114878659,20.886201579094028,6.780698689784172,1.7447293584769084,5.901357767011717,13.54870169244687,3.7261907995458956,8.995947725158164,16.271336176624644,10.04162691135038,35.876279256391214,001,002,186,0.5603108970672971,0.11106413019930046,5.605242109888573
169,1.9358347412934072,0.9841057782688527,3.917988707201447,1.0828664286690128,1.6478936723348807,4.967570186799345,0.302470232278763,0.44982211241304715,1.366348756559641,0.22125544656798046,0.13603666455412114,0.4961245708128151,001,003,2,1.9998179396907982,0.29802361153796947,8.71008471812024
170,4.094737858463543,1.5837643587317296,4.870153720361514,6.334837202171666,2.233650487308757,3.558671252978032,1.7253762577856098,0.6093595006426049,0.9924301081792334,0.5665552977291147,0.21355342659402682,0.5609450358441919,001,003,4,0.8362003387745152,0.11685222017194863,7.992250412483361
171,0.9005774762989969,0.4525129450077208,7.876631995459206,0.7997000165077588,0.3002574589714051,2.041335910731707,0.21909691987467722,0.08291365669034974,0.5637214628317544,0.11238686475693124,0.05381048224163705,0.9114690992928891,001,003,6,8.441789517226052,0.09752955860572961,94.99800527282693
172,28.782102590330588,2.332068174443165,3.3702972145054604,7.666048027451053,1.6354603919753172,1.8027315368450263,2.14472667845783,0.43201957630585763,0.48146167584217137,3.2730724637883073,0.3198405113921245,0.43224649210928934,001,003,8,0.18065394903087348,0.02370598063184539,7.80126040427248
173,3.770486916132851,1.0542335540121346,6.443485488798869,6.864488213808343,2.0923641840243565,13.015332977764276,1.7854701355030675,0.5445296145988661,3.3859516094789592,0.7177625991647629,0.20733461735958333,1.2793559287456835,001,003,10,1.099192529024985,0.10240355204326218,11.833122232563118
174,0.8910336666449894,0.4835656174577122,5.0527880014375075,0.8040171840468321,0.5397942048399144,1.2791927595295318,0.2156449350339872,0.14406652515434687,0.35173886339177957,0.12124728662469361,0.06988680957582966,0.5876925857782375,001,003,12,5.095632330303184,0.16998490056572316,35.07260271616992
175,0.5267153315662951,0.3811657853292621,2.968005036014201,0.48969275925428496,0.17765586051493698,1.3042779465285264,0.12879456132876305,0.047599624911556525,0.3476867818344369,0.07746323697326446,0.047845330526208284,0.37432429555505675,001,003,14,5.340024174895305,0.09366242819481643,62.35353832155116
176,6.448011934177929,5.272700318235599,46.612249436608636,3.0144797860996344,3.5613042394149614,24.033210546266456,0.8478122985539903,0.9700036335361429,6.670994420940431,0.7239505664499093,0.6561403969950993,5.415026520581357,001,003,16,8.175795409115345,0.20502076243987238,48.05368539361439
177,2.6408378082148274,2.11341987909915,3.9816286828673313,6.5013073389659155,2.8653284971654487,2.888238230900253,1.7419117175810381,0.7799590564329169,0.7772601230446263,0.46540634912151485,0.28692890820849337,0.5187482968623618,001,003,18,0.7440861796681255,0.17062933127318392,5.104920123726758
178,2.6975892078802706,2.195011120644698,5.212111975708189,1.4547026047119855,2.5330321908166495,1.8363248322743353,0.3849836557482188,0.6784183688457612,0.5010104379293507,0.3538227173957717,0.31445393877962424,0.619965847067479,001,003,20,1.892172937383975,0.3267681557391448,7.682740054011075
179,2.3954098609971495,3.3450231969466317,4.794105429558289,5.002576279709946,3.796519479423833,2.721540265496043,1.3480670918952153,1.0200646141756453,0.7291352168309394,0.38296051302798784,0.47063990840467473,0.6142611259239216,001,003,22,1.0159031209292335,0.2757681873889394,4.699805642638233
180,5.878624969300241,1.5264278958802941,5.142246902766562,4.322233894318639,1.146913287478457,2.7839279427922543,1.1872176384327668,0.3163421173637412,0.7668815514299003,0.7158952686320774,0.18335948289064824,0.6105403611104558,001,003,24,0.9493195081397658,0.0620226436995355,16.255334400679338
181,0.1018327163223472,0.7701862819489322,0.980251278915568,0.580108842896863,1.330785130674137,1.2486446586424311,0.15375215336210415,0.3595434595621776,0.3349302294870275,0.0298975939234837,0.11500364858443478,0.14235632995249298,001,003,26,1.3993309830140186,1.0544700046550537,2.726377723875821
182,9.873765027740077,3.3956324317426687,18.029390464999025,3.3963395240766894,1.5072274927122105,7.5952982921452605,0.9424452727322628,0.41573740309460583,2.1214192209718052,1.1394815536961387,0.39891167086155,2.0581965077338262,001,003,28,2.557073928710416,0.06265774342187659,43.367256183337034
183,5.07201864072897,3.1060677671516403,8.15874977041141,2.3606224316979114,1.2921433288970459,3.003221247599424,0.647242495660427,0.35750411808991056,0.8292777855627298,0.6050788805193379,0.36182049532546057,0.9512583277514901,001,003,30,2.002724825623749,0.0961984077009061,22.821414796568927
184,7.241454692203032,2.8054413525289674,14.352753990341805,2.8813862949342894,1.1048370971874943,3.803838270550445,0.8124736596818901,0.3118000543387093,1.0973621052095541,0.8100809900150172,0.313322050398846,1.561401131719859,001,003,32,2.6711641300358613,0.06160327021532805,46.031916257302406
185,2.428755039326715,0.8510853598589282,9.108027418489815,1.4670983826592172,1.9268576857739195,5.172051803670429,0.40698333133774095,0.5152560428156168,1.4430096467234617,0.28371405502558866,0.1478714861603857,1.0446405519394757,001,003,34,3.697666120959538,0.26451510722031335,17.676701798040053
186,24.716317588557914,1.2718523269823137,4.348594793207901,22.18891966430332,2.9276526350433496,2.4475576045515086,5.8316453715739565,0.7709521073118784,0.6579948418327511,3.615758837816511,0.24770316426953903,0.5518124810524052,001,003,36,0.1795191485601451,0.032872751635633184,5.640551147036084
187,0.6475944857498589,0.22934561112596755,1.6625741149112947,0.9706170202560932,0.3540296886599817,1.104346600703563,0.2579453946138722,0.09414214258245099,0.2938755060009204,0.10279410710931462,0.036591377955160695,0.22136210159373076,001,003,38,1.8406620408827206,0.11635332245883155,17.660253626107874
188,2.1565284629387484,0.38242888595789837,1.43346173597901,1.9290188412494889,0.5981452901287966,1.4394832513697204,0.5083894174570113,0.1570194307689565,0.3823319775984033,0.3122189170988803,0.06559450458201954,0.20668694962658063,001,003,40,0.6516348047214198,0.07686579989319443,9.129199672671419
189,1.0291068332371038,0.7137048634383054,5.570724237057025,1.3295007987994845,1.0616267731258067,3.3012701895876075,0.35996763443428337,0.2887193295168895,0.9148864239332434,0.14276536514449373,0.098985959431282,0.6523509836269212,001,003,42,3.794711448521581,0.24482183945753522,19.29460090662599
190,1.1446588001722973,0.7043200508264518,2.466020506848034,1.54223066228041,1.1636182150557026,2.8550098718576504,0.40435917190358583,0.30403763785531995,0.747720545153284,0.18820921654659728,0.12613869341453238,0.38965187227875253,001,003,44,1.4968418194500155,0.22631198052917403,8.110905361070856
191,1.1607885989745343,1.171219556384746,10.226477183979412,1.6218822812699485,0.5873641610698764,3.2145579343016877,0.42823686140856587,0.15615770274343843,0.8865217233948726,0.18665364702498088,0.15066431892269805,1.1903637791688717,001,003,46,6.608415184988678,0.11223584064653636,65.48813798049495
192,0.4455632669176184,0.19320302506908305,1.5350143398023033,2.488869359019672,0.5426445425819747,1.1473960088366468,0.655307197767797,0.14269276849102727,0.30485924133571285,0.13852522193158562,0.041512574133166114,0.20913009500181412,001,003,48,0.953478899821185,0.09725407714579891,10.757478154184296
193,2.4651602339977146,1.2361634061755504,9.138361811318052,1.7199030669198347,0.8469950354278061,4.275974229509541,0.47635437430647987,0.23566916537175048,1.20539518960357,0.2907838742137644,0.14341392192093919,1.020040190357698,001,003,50,3.9250745679591126,0.11262394302140256,38.7762302162142
194,7.423364399504834,4.628057390940743,23.63557363012294,3.852788419444826,1.4998218971715591,7.758454828371432,1.063009229724972,0.41087968190728885,2.2162893958356427,0.8762187945471958,0.5449576708602993,2.590478121803764,001,003,52,3.907380591470367,0.07287586262875091,57.52431836105268
195,14.286709449320702,6.973330756400446,21.439166437614432,3.9996274227544375,2.5630196482229013,6.247047825942708,1.1450942799505486,0.730990687353394,1.8022941067410374,1.5689544107251134,0.7633633374971351,2.32167993761601,001,003,54,2.1712397146636055,0.0799493843372952,29.328918696948826
196,4.634410306450459,0.7155551483593916,1.2790359531234885,2.3952119473309974,0.3969515517213637,0.9560727370578768,0.6659429134707578,0.11124331839590319,0.2637023816176215,0.5360796708657519,0.08100072467160516,0.1536037396348795,001,003,56,0.3527349002677161,0.03164987089770347,11.497642928733345
197,2.7747409608747673,1.1274901948158547,0.9733847581747375,2.499679763643829,1.0743754332874942,1.4645036147779318,0.6806021944880318,0.29168029215994484,0.3948640943307305,0.35577810703538487,0.14731952396588266,0.14258273419165274,001,003,58,0.3323390570098786,0.11060182999966008,3.3371632720423063
198,4.314641589678765,6.707378131672825,20.502068887607052,2.3695233540998464,5.035665709507778,7.855047400910316,0.6643892851873355,1.4062915460697867,2.2481609256602693,0.48770244270591434,0.7686452835850579,2.223930572144566,001,003,60,4.31770303056689,0.42078301714523486,14.578818272004066
199,30.57299108554752,5.015995294243352,11.638541416844577,7.973617087614091,5.748810440235041,5.883808376809003,2.236948395141671,1.556678888188543,1.6306807402481491,3.4635308112575,0.6813233253185323,1.3568640788922646,001,003,62,0.558739842991804,0.08076865706033212,7.4765203698419604
200,3.074447278652757,0.7544820943266243,3.1006275721042336,1.357725649458362,0.7094624598766018,1.2038311837800917,0.37219406057478155,0.1905438770376517,0.3311348718934436,0.3660422998430509,0.10282379105601958,0.3647363895237338,001,003,64,1.288368852981291,0.08598214922036299,16.272512243946554
201,0.5222557907935717,0.16631762126804844,0.33057917031940637,1.16678878521399,0.6690850480689939,0.7035591908973662,0.31244986353664667,0.17957849787966312,0.1885767697297599,0.08938223690029512,0.03524910637801021,0.05530721931561991,001,003,66,0.3227994498942125,0.21263914574017634,1.8408616522727008
202,6.339648541988443,4.57350971325345,11.484901177204254,3.309125473212165,3.248539382248329,3.6806382173526546,0.9259088114207248,0.9061045546933169,1.0538035673744028,0.7209298895291469,0.5262380058344608,1.2547678236002624,001,003,68,2.0041738221506846,0.18781755138338743,12.675028635179382
203,1.3519757219119461,1.1449001245612893,4.037180241066,3.1032115221861596,2.5656897389166744,5.019449841204717,0.818710805026823,0.6927212358522548,1.3366243649919685,0.25973426296487423,0.18405688016308588,0.6040941404427113,001,003,70,1.3824469064158824,0.31097289424587904,5.828001268214419
204,10.84163472041769,7.324483920979071,13.921454300067303,16.775504351367875,10.2968775212981,21.02868331871783,4.371615081650984,2.678747735134736,5.4728543098005265,1.9214243736115453,1.2652760905287808,2.4614026238168045,001,003,72,0.8443735309522369,0.19399168959332352,5.19700086628989
205,1.3085607101508807,1.6792046293651466,6.950184905347817,0.6976985259332995,0.5980968336928638,2.1534212475108836,0.19369977767665042,0.1706060495494833,0.6114833184924168,0.15205043571926102,0.183986652523959,0.7711592740180606,001,003,74,5.921422597311991,0.17007378356794253,40.738209012523654
206,11.48707608732814,1.3780396723845842,9.999344587069784,2.921988630805738,0.5577714035384264,3.224689600849673,0.8334106138792621,0.15273957292409315,0.898460726573216,1.2722875616232794,0.16379701719115547,1.1451145841529877,001,003,76,1.359110371276402,0.02120048398864774,65.46662659610256
207,5.793177592539204,2.9743768319451798,12.303461555316135,1.7056122374898683,1.0239202776278338,2.9037553701625587,0.49000712562555315,0.28637741499821656,0.8251851167879585,0.6314399098484045,0.33845733436794956,1.371759201365502,001,003,78,3.0486014941475297,0.07637963497827656,42.96240175012668
208,2.955632158199638,2.22327022089694,12.854405752061808,2.512012069119408,1.2573540178582934,3.9738665108369995,0.6910644320634953,0.34386682191664886,1.13554808028006,0.3613788220161324,0.2697916254092018,1.4111187763952642,001,003,80,4.176642286188466,0.12578244217080575,37.38193083128454
209,5.048688423909597,1.4087418996308587,1.6200187847378698,2.381050115829837,1.0657706632762518,1.976591189695954,0.6337676982586373,0.28308104790859845,0.5165428549141418,0.6433837916587719,0.1925052941812508,0.2622391030060547,001,003,82,0.4052123353143927,0.07620215607709024,5.722809056652014
210,0.9094316949707468,1.5635590174664675,7.268153076579781,2.0349105071012343,1.7279417005053785,10.684616041811754,0.5415328491287508,0.46216589859291674,2.847140997643679,0.16295672891897556,0.22337136833023363,1.131060146226611,001,003,84,3.7574388940366332,0.3139349076120861,15.726285947768917
211,25.216722245217664,9.208574125285466,11.773111352553084,7.247072315362205,3.943020431600992,4.216216084428935,2.0457603218937654,1.116752399774474,1.204314704804516,2.8287504411619615,1.0183529108805902,1.286174827506309,001,003,86,0.6786183114920893,0.06879986858532698,10.542275400465352
212,5.394870576482255,1.3300562169259948,6.3818201184384185,1.6074152314580699,1.100354250021911,2.33779448626595,0.4481481740787899,0.2974896739039703,0.6575930931239146,0.6168488211379561,0.17346408728788484,0.718253614110328,001,003,88,1.6800309025965183,0.08496930347134027,21.452240794409793
213,6.260787333073468,1.2544883851419169,5.060971225953861,4.371354076481339,0.7228508703208154,1.8421145089032906,1.2231000428637242,0.2018528994427521,0.5276054642895242,0.7120963009602468,0.14352495579918909,0.549484060049598,001,003,90,0.917187621460215,0.03797031880357659,25.072571362242005
214,3.0107731670244604,2.1793757611826745,4.830755341735199,10.089901421560448,4.639373967291977,2.4377517869370178,2.64090843699492,1.23215393707167,0.6723909415088001,0.7320397848277627,0.3888669967355064,0.5700446209871018,001,003,92,0.6207209488739068,0.1881054183492643,3.9205777755464095
215,5.7049721692512545,3.1420436978906308,5.385794890728493,4.356030885156676,3.8677414280358295,3.0591377978344405,1.2054838241604702,1.0603243101835675,0.8471015240723249,0.6773558391595073,0.4041799986370281,0.6313856126620443,001,003,94,0.8842470683808881,0.21077904547877419,5.079384523208832
216,2.641267746128725,1.532768693444238,9.24769562893431,3.612413276711459,1.9125135185158084,4.662437588119758,0.9837872954317071,0.5241649405452307,1.3010978280607888,0.3581068938747121,0.19778544883979005,1.05902833203904,001,003,96,2.5329175074105432,0.1676340506114189,17.64272066597006
217,9.561685956964915,0.8393423525451063,6.821545541219198,2.794635835009121,1.2662082968339368,2.2253605321959,0.7704836211900843,0.3382784914687037,0.6252703310366985,1.1116482384334814,0.12968148425413278,0.7700754964817439,001,003,98,1.0468209915910232,0.054753914176697824,20.165472275822488
218,0.8469069416487034,0.7561466366162856,2.0225791253992864,1.9792849497015723,1.2322010417217333,1.366671554047457,0.529482590184567,0.3343849086885792,0.37243459394104983,0.1483454037062053,0.108223552063302,0.25129562290155605,001,003,100,1.1574256280683182,0.23663284132403292,6.048655524950631
219,5.451264806386479,0.7971041612263108,2.7499864125932287,1.3276516374398533,1.0542806752596832,1.0815819819261923,0.3672473659410139,0.2782170341294568,0.29783175633169123,0.6288343247876507,0.12649304263199718,0.3229400476805262,001,003,102,0.7497900497222404,0.08208303979991774,9.884320782866357
220,4.4453009668393,2.1327124897461136,8.898228579177934,4.85923196999002,2.2959584407093185,3.349678333677006,1.3129430247817706,0.6273222355833228,0.9360070086519625,0.6053436353705746,0.2748339146587686,1.0144562090615106,001,003,104,1.6854018519358762,0.1348422838292609,14.1844622658781
221,1.8927827076705595,1.1954794614894149,6.535621105957542,2.397609813282357,1.8503229875171616,2.003435255351244,0.6429130963266354,0.4976507584039022,0.5677303732760152,0.2749936124271187,0.1788864968335465,0.7278328324623939,001,003,106,2.4729471888714736,0.23198378981574933,13.132947143332023
222,0.42192623983315003,0.44476075587986247,1.5563025093185225,1.201966971720766,0.46896512415832264,0.9462409352542991,0.31612568055595147,0.12454771335848872,0.2572442021708221,0.09114112858287868,0.06483115902522005,0.19303431245939467,001,003,108,1.6618387079542252,0.1533939700866266,12.495632937386647
223,2.98166257921514,3.056918945439274,8.623928709674352,3.1837818899667334,6.125913474926369,9.956116576285504,0.8530986298064838,1.6093638260135452,2.61400511454094,0.41972575152249425,0.5713915262585321,1.3476583294011186,001,003,110,1.8379732592891385,0.5220593045831458,5.358594849889318
224,2.286299621981538,1.5433244538185669,10.675380798716198,1.8775503518869214,1.035218981278793,4.700165107139372,0.5164449965976214,0.2845850577901294,1.3182492047264627,0.27904146283804593,0.18634876308990062,1.2072550038177994,001,003,112,4.511022812903217,0.13669323322220145,37.51209175075131
225,0.46132370256129934,0.6998076630831696,1.606356520374832,1.0243126848894113,0.6600659850580335,1.0992124204366533,0.27106291386734205,0.1784858622679179,0.29657676990032067,0.08569217695089759,0.0928415655565167,0.2061401643769641,001,003,114,1.7435682714356362,0.24028202832887274,8.999909012197254
226,1.0960842247990217,0.9741043564015991,2.8869449643299583,3.647361177973708,2.8408828304954676,1.4508507167506919,0.9653534503150571,0.7573707769764343,0.3964833235269059,0.24266316776611155,0.1910193544248749,0.3485061395463885,001,003,116,0.9226138446462976,0.3193336120338695,3.8117987280354044
227,8.359930274327981,2.689750088349575,4.651113007800045,8.430233209027847,2.832155625616868,4.69262245042464,2.3339305456158077,0.7828665303158079,1.2984012567431633,1.0040827928534801,0.3264294653230564,0.5602722882968751,001,003,118,0.5067704534784533,0.09325299674322617,5.9411315054225
228,23.486017334838984,2.1978378623052865,2.2650259149503187,6.855593552481883,6.3083782746113695,2.0561462346535793,1.8960102433768158,1.6556708735070633,0.5565944851751278,2.7177956277109354,0.48387657276910423,0.29759874429800237,001,003,120,0.1346108283312643,0.10913533099186463,1.368041167597828
229,2.5476139919907066,3.5453391257038462,5.56229595421516,5.042379904527536,5.196235713151258,16.082958170855818,1.3128313418251154,1.353773045093137,4.204271006281845,0.4992329943132221,0.6171637618116372,1.264807241440738,001,003,122,1.080315485328888,0.35672572693744936,4.1087359320501795
230,2.2039935968774,1.7164909513214455,4.842209734452473,5.240826239062642,3.832946482051915,13.407872291753488,1.3694316867507166,1.0014602218951454,3.507281733586519,0.4578924317148417,0.3469684494274908,1.0728182626234757,001,003,124,1.0250514072325205,0.26903544853041916,4.835149343514774
231,1.028727283810744,0.3448568071742628,0.2764331477472052,1.140755946395862,0.4357578649360723,0.3633199921954915,0.2969229497817337,0.1133826401337834,0.09452962921635844,0.1645472511922244,0.05747008878581966,0.04666566148438586,001,003,126,0.23072160215344625,0.10452502103276054,2.438055309181669
232,4.03544815040404,3.8174952083139324,20.717733132084632,1.9147516602712398,1.465290702716601,6.0310295043741045,0.5282655861533827,0.40747963548773336,1.7366770033731216,0.4748744311768369,0.43944678357763955,2.2506943892644458,001,003,128,6.124832507864504,0.13696334524990988,50.84360377245972
233,0.6857764628484434,0.36236726121411894,1.3806840168883494,2.0555031592406046,0.9610830153863335,1.1908915737744807,0.5532070173983341,0.2582325967739512,0.32571264233332214,0.1249155359036702,0.0640627545168874,0.1730578955200849,001,003,130,0.8476317790522827,0.18840295947420338,5.3466682136065
234,4.594377460075746,3.0150497670451104,6.736170722941481,9.857250374317678,6.607028905110152,4.249319676440495,2.6231729375802395,1.7704976329789102,1.1745052613739384,0.8109700459187262,0.5100788234742851,0.7969651850416116,001,003,132,0.7487702805056791,0.24502397283789767,3.8046764917768865
235,5.938321056641115,1.5191977079890666,15.700660850162455,3.218583357896108,1.17162546216599,7.691618677005229,0.8905316936598071,0.32018081124193043,2.1562449546775855,0.6967338531625393,0.18910377367907583,1.7766682344362774,001,003,134,3.205110648385809,0.06993210734702464,49.03685760949286
236,0.3907425613256782,0.2776409446945557,0.9502181407137675,1.5973922126555988,0.7312629800069601,2.136223968013592,0.42308255960346597,0.1936246679414581,0.5646646761356493,0.09548922082979493,0.055061457492947635,0.17873276429217247,001,003,136,0.800054304285208,0.1947802236301326,4.907526250741271
237,6.204987011861072,1.9045257430909155,4.888199490553561,2.2105367465365906,1.323825806111595,2.624554737862836,0.616500711215448,0.35779353955847937,0.7153020250635901,0.7098480062931161,0.24353332063690694,0.5965582698498275,001,003,138,1.0706691830901198,0.08503179358300669,13.66206750570635
238,3.061443839963618,0.6564038892378499,6.87752268747831,1.6818762666320803,0.4446395510077574,2.0446951718632898,0.47160984878093226,0.12356277508091121,0.5763934392825528,0.34598440847465345,0.07646499440109533,0.7728529751760624,001,003,140,2.756275956302826,0.052099699073269064,55.66015074503449
239,6.7612597046960365,6.395653917656276,24.03286753294655,7.515031580206331,3.3848241835736625,8.374891045633287,2.0493022641511334,0.9410413607622576,2.3615297951961303,0.8832111772459793,0.7402100798264251,2.693824422153633,001,003,142,2.9746640996659246,0.13183274871358766,25.538587925061623
240,5.954032271762411,1.3265232729497536,2.351763717486889,4.940542008178685,0.8030238194886732,1.7858645033020704,1.2885301390012804,0.22009426306364663,0.48653275080960096,0.8775164149370184,0.1606647890571845,0.29556419696122593,001,003,144,0.41496478712863843,0.04040438064089946,10.685256783848148
241,5.605705764044352,3.0568064423115295,26.342097870240167,4.090830000371513,1.0932658136977782,6.418020235874108,1.0815674728829483,0.30483104004590655,1.8091065184859132,0.7721447846079089,0.3498595021248725,2.9666126936079866,001,003,146,5.111894467323515,0.06287421558626512,86.4154052890189
242,12.127768045258287,2.4980170069122685,5.093909145307542,4.9635928401423115,1.8450227318507995,2.538833907145205,1.3427247073831905,0.4955260331032403,0.6941678678095846,1.477451420135,0.32832758770209414,0.6138527048648088,001,003,148,0.5634103323422684,0.05798555614451012,10.279801271805738
243,3.7550357614789274,2.176477328963439,21.136097065113592,6.42210110627726,5.08955430985191,7.237019326575055,1.7102132266295802,1.3477994097782275,2.0094793208882242,0.6124139658362932,0.4105885354364437,2.436291776816901,001,003,150,3.2838547420724735,0.26486809154515867,15.681930791608977
244,4.2861311488310765,2.830954570333052,14.152616875425283,2.036297364275192,2.948454922555027,4.232377332685694,0.566090730003622,0.7989979832349956,1.216379895013436,0.49523672029004573,0.377510683750922,1.5405790228113656,001,003,152,3.5737016145837788,0.2527503416064535,17.712956944051278
245,1.4335030920232004,0.9599675385007128,6.929868010236821,2.072140465484136,0.599899099421686,3.787194526570115,0.5449375327575321,0.1635935868720529,1.0503788299696315,0.23750129982291404,0.11826604829913877,0.8078995952931212,001,003,154,3.6160574239469105,0.09333155763752261,42.36026694406239
246,13.111185905567122,8.647046026247885,11.310812718634587,11.363583669878267,11.802832783909174,7.081789398345348,3.153766942136875,3.228350663918385,1.966932152857881,1.5463995934592452,1.1420724951664996,1.3174528131312409,001,003,156,0.7313465792817754,0.26381050526067196,3.5035886420424283
247,8.51005415979377,6.523017784673505,18.442694406411594,4.27238924165911,3.225422661315791,5.887177869669589,1.1970227309870618,0.9070815488985355,1.6870505262988693,0.964341483386419,0.7319666062063531,2.0120683781872923,001,003,158,2.5269838448216406,0.14192615924987154,20.331903376059696
248,3.3407384197080994,1.6760286685840202,2.255504801537602,1.91007592103774,0.9777462346165178,1.1491407911315679,0.5106108076344026,0.27014704575195403,0.3170718253463912,0.43078563539310194,0.19792365377230736,0.26601368989340485,001,003,160,0.7789544360720514,0.10289719964221078,8.349174410771017
249,3.393626937486985,2.766037379963777,8.20038957082234,7.092412760878301,4.735860963917409,7.429431142179508,11.04482803540037,6.932719137783308,17.305660765920862,115.79859530851638,59.244789369976615,71.43492401591939,001,004,2,0.6735024116072794,1.322275966371571,1.182853279910076
250,58.618444065131875,32.93137637948027,146.91685863853542,14.645441726440351,13.27311297898863,56.04976738163756,72.55144431950298,59.41320873381654,299.32345218545817,60.0429398239313,54.74519351982773,162.95083150274164,001,004,4,1.5296644978511678,1.6218961932442582,2.47279791429467
251,10.20039172862528,6.4555312461002226,21.370026287817787,9.019649228183312,5.0660669780977,14.298152677555567,11.367622163354987,2.812163446107303,27.122824063947846,108.07336962693607,48.03247673405892,38.59852611851196,001,004,6,1.720311534403399,0.2926282469872792,7.599140909607846
252,51.695571973582986,34.32632512967009,165.41393292807197,16.525318368525095,17.94533306428609,45.44506866816947,73.09882397379758,59.96996993277502,248.04215732645906,90.3474280566884,35.6113609191341,108.39075315311356,001,004,8,1.7582185702042001,1.7581116174838214,2.7582794040666894
253,172.34098024421058,12.659639823182713,34.3738706346138,17.564335576693907,4.442536302185252,28.820520045442674,49.45278430113208,7.503144713335958,39.816224412680896,166.94572117699346,26.9277609190814,68.38008480366796,001,004,10,0.3354995008026307,0.07901984924331458,4.581261850583568
254,52.40340604033547,49.000166151998855,186.98361213720176,36.464987036598956,18.505739329121965,56.337248969947694,41.3208573528933,64.47269745225293,293.991908012416,552.502574943981,183.19966917644496,346.4663588586208,001,004,12,1.7169125413964563,1.4509702543273884,2.9001983711892576
255,19.625494106929462,4.946917073998868,12.319090254356462,8.913766874059403,2.772530224595581,13.332405790921769,19.951454794738165,7.728308048923461,27.312085381306645,128.3190677144056,24.20226752305634,48.82210795908719,001,004,14,0.5600111225095935,0.5415913224993173,1.5940216379020358
256,59.89234407219748,39.359942640187505,149.45970533629549,11.271762494213224,7.927895357716938,41.01510634814814,46.823231123068354,44.898217642790186,219.27890040022294,31.482204704108664,23.54556857337446,100.65007726543696,001,004,16,1.857097442846943,1.261822000136851,3.328856092359736
257,7.944492876176527,8.721106202493525,71.52101642560692,8.070314090233195,10.673645736963817,36.821775349826375,5.864394636893106,5.691801896449976,41.190380606146796,54.536244870943264,28.932024892917678,52.76583544946875,001,004,18,5.2208149628755285,0.7108174214510676,12.565619416623612
258,10.84293972159293,5.04962738894466,10.721552663425063,15.927786468461694,7.234527321047846,52.422176279946825,27.47841451693546,18.111350440300782,66.10720996727542,349.0403468964986,121.70061893278248,171.8134554521034,001,004,20,0.34040226614117375,1.3530712847848845,0.5919797476596674
259,5.79507292326724,1.2258140149807086,16.55399800281743,8.38945232885444,9.558777912918682,30.932590894917706,6.764970138509529,7.113139889751975,27.103063839981342,73.58619066945674,19.331933140479595,25.60346098268431,001,004,22,1.1653311466810086,1.0029436675983234,2.3272420139897805
260,41.81681576864774,27.67990913779842,179.86915665031597,10.534670586919525,6.564385953132063,38.18808987920015,53.98449127003348,47.40240569813244,245.10873134124125,74.9381879127813,32.69903168024438,114.5505296115256,001,004,24,2.444600189026929,1.8109287433093666,3.794515362696085
261,9.519030377014026,7.385067474163108,29.751991384720448,10.22417015170295,10.125319097648527,41.71656199293865,6.788111098250015,10.779104388732573,53.018556858387754,132.65098202288166,57.14719289384364,101.66859159803977,001,004,26,1.44072523841297,1.091930801498379,2.760154305196291
262,57.77436262797779,23.56760745465518,115.84190155158348,37.80542280292776,10.398813486910708,26.823610737670528,72.94002358773355,74.35039007843055,178.68360759990418,171.12777130548466,62.8228155874141,125.90518307022671,001,004,28,0.9484332187692031,1.5557764592844439,1.558053716051583
263,128.25806182797066,70.59614746678166,152.02018242466318,111.47491374830399,53.00846245776624,90.96313858534086,113.1563460225286,79.48743493021425,215.62727981472338,2160.294267371652,843.6211187009253,1073.0258026113572,001,004,30,0.7625642894393315,0.6631330941364312,1.9125058263375694
264,141.27421167807128,24.146083455718802,95.82456403450098,82.42209255310988,10.135633654195217,40.16185436805863,300.1164725734448,101.46436811963557,163.96207363753723,421.7334310747884,70.12187793963095,41.50768661828979,001,004,32,0.44922147058612566,0.9071617742488602,0.9444159147723193
265,30.013425349392456,8.879954913555132,35.63488080421138,44.350058292291614,4.298593441811042,8.125236465532298,486.4942816303425,125.4388060869372,116.9205495390785,510.0616436386239,104.83476514920503,94.41848951309039,001,004,34,0.2191290169826486,3.373666749969823,0.28408179187797833
266,96.45624397831537,10.013060046389604,18.187098713838957,16.005793542193462,13.714833006394326,9.086353608642955,96.02568135149002,40.53023972349728,22.451419053912904,77.72258541722397,8.590728172763768,8.984631099436424,001,004,36,0.18795847634508558,0.7207808184358405,0.448729117762781
267,26.22844289121327,19.879162757854914,33.10557372742791,21.072240620052824,13.984042159821602,32.01202084894372,84.86417937648689,92.91515728459322,73.7029023417387,79.48784937960887,34.044765825471835,32.09149251400912,001,004,38,0.28400833865948033,3.928702521284398,0.35629895804865985
268,45.302907559951855,20.130286389160084,26.719277058147902,76.51819104823903,39.78887656223234,16.395526242680898,424.5692947422849,122.50861816956835,89.39015255205663,219.01884644708497,60.83863193524545,59.996882099724616,001,004,40,0.14567330899037248,2.0112873643274014,0.2181012034693334
269,30.755412366269464,8.896286103778603,9.79258405725427,33.797772206000545,13.16635193870203,9.44021221268844,55.2287355359598,10.429545593139363,13.885240124522245,167.6364367420078,38.86500532732042,46.01017742831882,001,004,42,0.22930156046741682,0.32313031997555586,0.9389272015547743
270,23.215742949853436,8.310830145224957,13.460322299665425,18.601824008401216,3.594039257676529,11.2008807129576,57.01740645596654,8.15020255293623,32.25113482978973,82.26961144860364,19.506872309864136,21.979542467218558,001,004,44,0.463206881506924,0.38979802727750074,1.6515322425718297
271,19.02991926016405,7.328871595004813,7.191810341359634,14.724208567393617,6.37308817094547,5.465168817415183,52.484473204609564,24.698345385046046,17.079818345373244,63.472477054086546,18.7143450178201,15.804250645115626,001,004,46,0.17298231003976933,1.4634266665827895,0.29118591667739874
272,13.648151491024024,10.52342700947436,30.77233908014424,20.06226146184001,6.949005619754523,16.50605533625832,20.135936274993803,27.101606955599564,52.43713143325283,132.42169011125378,28.092907351527302,46.9535205604677,001,004,48,0.7000584591448173,1.6079071468803834,1.1354433384912717
273,129.3125226611943,38.78581959686601,33.49638125538419,146.74038125039132,40.85185656671044,45.01208898043524,388.55981840479734,109.35100011929063,106.01453489936135,1053.0459667277762,282.1720350421392,334.7852377444309,001,004,50,0.13540595949390508,0.7922466930781762,0.3063198436122496
274,6.568783848450587,8.05726189737517,31.426113370447027,7.488962288506817,2.179322490785158,8.83885355075646,37.9743451408929,7.474683266909562,64.55749354996577,71.53272878713466,31.339647007647077,34.410138641199644,001,004,52,2.1667867275950936,1.06342555827763,4.204340471464589
275,34.99643203223421,9.07024152699435,14.262111635343327,28.125532013669662,6.630669334796922,11.100496528862093,62.930083961264145,16.12508141428452,27.50414687582146,272.6404411572524,96.32302317840835,97.73989327769767,001,004,54,0.29908343459960507,0.5109182408379421,0.8844675737704576
276,84.94803614532759,16.475902202416805,60.05369002452278,25.793756493871506,9.14484080769043,17.49037234648766,98.33425803588236,29.73297881664238,82.48767126011751,441.94505324740237,93.68595508779768,79.09513561381596,001,004,56,0.7056516513306056,0.5369784632891673,2.0197670201449527
277,62.33394379319268,20.65917142409081,31.715150324821888,41.32818110563757,22.616943603287833,20.905625229328695,210.11173021517058,105.75515081227726,258.03135645685876,58.62063508021981,22.011562858430153,52.24542716158608,001,004,58,0.20125586920573285,2.0403816903326977,0.29989225187828894
278,15.348903767149148,11.117337522471843,12.165276056927864,9.11092998854488,4.131126303826678,6.261925136214117,284.832164539218,51.44837757537797,32.42441477200789,243.5378142159029,28.30438240197488,31.136682907955507,001,004,60,0.19104274323590578,4.206764288690331,0.23645597063006105
279,24.77782761718906,7.352713092590425,10.194956220456685,14.13583480549335,5.325220496696539,13.142942271625497,127.03960174813614,38.079427440448406,32.82818105952172,60.270335274735274,9.706057765362067,14.664206514149967,001,004,62,0.17719185187477568,1.9571238002132776,0.2677287161525828
280,11.51861400308037,8.235983830419743,20.33471087837145,7.141421976859972,3.8757631355415647,11.280820003474135,52.804956979417376,35.85045935054363,48.563159080812234,16.683499031009397,19.08160215207218,28.064758525123146,001,004,64,0.4500773802169882,3.842485554591975,0.5672092142401823
281,53.79075858268695,19.761370970637913,40.89806216628952,65.68685914012381,10.936741455981231,18.746595779385995,734.4948314673222,159.7501208021285,111.01077145865678,106.42523044844012,26.787245233008555,58.905882548724904,001,004,66,0.18633314322040895,2.674143054521732,0.25601271511366896
282,63.82483141625147,58.78234082680228,25.92558661630278,50.23101051430803,43.03291046087443,19.32558423205326,337.3147197080784,137.4039288815008,60.30895819350976,150.5031865484364,162.88819968825104,69.83230686128157,001,004,68,0.1333402250543473,2.409415012080772,0.1886815524660972
283,26.415779809951403,36.52218613132675,20.095497868564145,28.184770466316593,30.54430731417127,10.212766130389115,400.8132746245625,79.82190568802898,35.55113125375358,590.9157238632265,190.53049210336565,63.390595313569925,001,004,70,0.18759418183592583,2.9238498617375064,0.2517541731852927
284,29.223529660521407,7.163110886708822,6.008838770453531,29.22943066692672,6.217743471933639,4.188533025032316,114.6919154911431,18.904689003028366,8.628502176229633,98.27638866375199,17.273388538339432,10.916560694016846,001,004,72,0.12484298375623622,0.6468342714252976,0.3178491203685481
285,24.55900872710585,12.163718187983754,23.68246261718096,14.623557867946893,6.944912980729992,13.838104629103746,177.68844602546218,107.93240992691962,124.7281849084262,73.9601801850555,14.45236302758874,12.858628227852694,001,004,74,0.18571029444308068,5.509205716021029,0.21941938138151657
286,2.84066066741162,2.3198974409315296,8.308888608341217,3.192454571930227,2.1196956423198685,7.292061657170823,10.27116186786409,3.4609487712273146,28.268645727171,9.647235155470455,8.845302847666147,11.973355464298319,001,004,76,1.2827295114700799,1.1473173091932751,2.4007545784605
287,55.083994056165906,31.011278286997175,40.174107575176265,39.534826400693404,33.230661937673815,27.718805666048926,164.5276693831467,131.05063366367523,105.38960372584293,326.9246454068731,78.52435723232131,49.96603020692095,001,004,78,0.22524163315119353,2.7700754042569513,0.3065540886912306
288,38.54421240706414,8.906722634837859,14.660628960365091,23.96714896229553,3.5174132044307487,9.573015372273689,186.16208066105452,40.25451337190087,19.21208232391512,150.35891328778197,29.603847219167033,37.7570449462766,001,004,80,0.20501453189688207,1.2879103091052462,0.3641983900021196
289,23.186667283588676,5.608420734427099,16.058996271352495,6.981841268922976,1.7381857103543392,6.354548563582541,12.000255320864154,9.907450004613212,50.400346630241586,90.91857698624692,13.602450109248927,29.703643148464344,001,004,82,0.6425730750841805,0.6568074114348869,1.6209010657510192
290,38.511875988362235,7.662610930536749,18.58545715700472,8.466723303797378,5.976399124972483,9.289047043454989,95.39098176782764,124.74376708656145,89.59433657769604,43.4795371063764,10.136611318622471,23.61503651182108,001,004,84,0.12537996795631404,5.310663534720597,0.14898906447251997
291,5.518949308419997,5.834722777927787,9.712428278167705,3.4943259112886214,3.322439093266234,7.293644612899688,41.90864965595194,55.034050026825135,32.84755238904334,8.52598645147748,4.186786583831491,8.946607485346114,001,004,86,0.16312254130206688,12.21177622680078,0.17648034759269207
292,21.02250455217358,6.89288443814592,15.533805124187511,8.129644936250775,2.269403768859244,6.628096981958857,46.922179981186275,24.689361757637347,50.004633989999995,15.261201450879913,8.743906100984987,25.741396359995935,001,004,88,0.3956101474500563,1.6938278782798448,0.6291699751769534
293,37.594705921455855,13.319054722134396,6.112090745270743,12.405473351326119,7.794948414846043,4.4407101443162365,141.02610701061644,91.8910606971654,22.24798250374143,59.93871060741619,14.34657521855825,9.287526956309932,001,004,90,0.05228873809376929,3.675629249080996,0.06651453034603273
294,351.09032400611534,136.82614322948677,60.21655838163824,179.74852020930726,57.03797157354661,9.47959652933875,819.130786840205,240.25794152867508,154.90278025764582,1578.336631621134,922.3425759708526,207.94556058865928,001,004,92,0.11908098465909916,0.9052010573332298,0.25063295722298246
295,3.945204136438157,4.568837199193938,14.70448434828673,5.382574253206485,2.9179441228428775,7.226783389268787,58.056019010703764,21.765848258905233,24.477865924039897,17.55779879121983,8.36056490641679,10.949116286105747,001,004,94,0.556361347668736,4.6668879447369545,0.6755759836867634
296,7.470095005566446,5.461230427447791,21.296393006477288,11.757472727893411,1.7774985244118522,9.385376613498636,34.73664159564159,12.307255375479947,34.90415711486025,48.49280870250842,12.101915517395675,20.762197504437623,001,004,96,0.971504716139105,1.280167678625605,1.7303933620250234
297,6.23580437464177,5.082679409961827,18.82321485517404,3.328135083055256,3.6422426339346634,9.411729908343775,17.09774465949294,17.37522553779985,22.522764983239806,24.76298857100966,14.12102443134499,30.144188508038923,001,004,98,0.8495305758986236,3.6334871450522046,1.0833364329127173
298,63.657674099963714,19.042355404007104,33.74435227832289,5.978825137848464,4.192280877195363,16.214737734865963,41.7306587285868,21.711161794217404,73.0857093741321,19.993354034579486,10.485202819319877,20.51311769022149,001,004,100,0.5969344352750333,0.6235569573959393,1.5542398236519261
299,8.734348777142971,9.5458397387676,15.46625643364538,8.374990287404518,4.062050810208213,5.795897545223372,32.5632012131109,45.44462826482582,25.96947662948869,22.51449594555215,14.464526654108948,12.639639528218392,001,004,102,0.2864158806612502,5.312259941004068,0.34033189453144397
300,18.141073310011446,7.215995129321215,24.085477909749933,14.085959412493818,7.995283432049398,14.736159837091797,38.83131096745303,28.36608485533096,43.489941295834385,52.99909495652154,28.345960989940735,51.09188482804889,001,004,104,0.5414949156686685,1.760390731568776,0.8490941923281825
301,228.16049170955523,23.63440223150341,23.02915677147972,125.86530976537924,16.47559916238995,13.533379887619706,463.4450694995025,32.34490442165391,41.824094790341526,218.93857138503608,49.54307959322504,25.29726820873484,001,004,106,0.10999903611893785,0.1827262549051469,0.7119871640759098
302,31.881727630790976,5.551674346983034,20.386524352632314,138.28487281439573,6.608172020000924,10.293113083169803,233.3592168970302,36.83928767181834,37.660508060817286,198.7727087748919,18.165376318808647,28.777282865414843,001,004,108,0.16720875684075542,0.43297906375798867,0.5533908400793478
303,17.84983799583047,4.639216041622223,15.41686347992848,10.675598253238356,4.442242667754451,15.957797617276025,28.73371295130848,25.995290369028343,44.161890438700894,140.05594528295126,28.04262273678264,21.44022078465136,001,004,110,0.3829514687094776,1.8226042288749869,0.5930637150449624
304,6.808218716098961,6.753230775106665,17.290418423760443,6.652739462107791,3.553951854699586,13.590524652282983,6.604982215482535,6.964774381055924,19.60285343902435,40.20653702015873,14.537121439830496,14.154862182860168,001,004,112,1.262511749887264,1.0348110868261773,2.482552553430892
305,8.217647000198252,10.99519274634088,48.69189411609872,3.6140458839350766,3.2064124016965723,13.08391980665704,18.187095256175233,25.96889924159339,85.96308683202803,37.283909455819085,15.641321912224914,47.1172296009549,001,004,114,1.5271219221626662,4.38971827546648,1.8750080110484924
306,38.104056391124374,16.735153432773465,53.409886011580014,9.7407046166445,2.6848085454153083,12.554618711401634,15.615293278124526,5.804447391536629,20.691197918828944,26.11270139993006,6.070180441186293,15.761775839460675,001,004,116,1.7966897174322098,0.24263669707093413,9.201545368376689
307,26.736274706706304,8.829850109335077,55.20403816831607,14.558990319960277,5.002687752802804,25.82649314456234,27.15631453120646,10.36190130083153,105.76362410617695,262.7761966954192,83.40490322938894,140.11935599726561,001,004,118,1.780227929227993,0.501844523537519,5.327597374806689
308,3.5005294384023156,3.3157111522843774,19.364154776797,2.298161125716448,2.684804728074394,16.472421526715607,7.689124627222257,17.07368005655626,43.28565009799218,20.278116216035023,6.861342959743625,35.751939915911585,001,004,120,0.9695153562619552,5.888805366578817,1.1341523744531692
309,126.62171509355734,11.857145914738702,72.57093318624834,56.77776474098057,17.744447968484508,35.90539398601041,367.6985262832611,60.73968501956595,119.85914921189179,165.106388708753,41.73231390330574,56.922425874983915,001,004,122,0.4760640708026744,0.6623757610911981,1.1947861297415556
310,83.24058207471904,8.60567664018664,44.71628769508136,38.45938030630491,9.592111501273674,26.478903165056437,66.14355780365679,39.6595771492233,99.22441463033773,555.6951431302227,28.373642639937223,83.91773265279043,001,004,124,0.44489587292717514,0.651759891676141,1.1275028860451954
311,45.58425308170604,15.040421582843425,44.256877922277184,13.912617579667177,7.566501553978365,9.922950966415055,78.37495332391244,64.33656421483556,70.7719309284459,43.313262782898775,13.113750785788461,21.753445084349817,001,004,126,0.4703924975932417,2.1626873312718407,0.6878961981011702
312,24.068493225832228,8.347104557603345,25.47757937204419,5.364071462093536,3.4947374163710325,9.776131031821958,19.059085883067617,13.520976006115452,29.90811875675379,48.97408237351017,23.546061395385895,49.90739332983473,001,004,128,0.9022681683958,0.9187766101580822,1.8843003168203865
313,24.540385663628687,13.223008672791858,23.004844279832362,24.838126951870223,8.419137183005663,9.85475718459207,30.117077231271853,8.301534950260143,27.187101479487698,178.291395647884,23.641551342089308,28.74456157351053,001,004,130,0.6973110799289236,0.33624078614528624,2.771155505297423
314,5.538586100948216,6.801027567641778,30.335225249974116,2.7314482242333806,1.8013576266473037,7.23751033550237,13.749790879654768,9.1165348913201,34.7639733425185,27.695444138783753,7.2809173422521845,25.93223523629478,001,004,132,2.2891828162136942,2.204715127617059,3.3274951076923363
315,31.39411594366704,10.435871772132531,29.09011257087645,33.61970300506559,12.576820107722781,13.735852580096257,318.7900705399516,39.547086161444014,43.76057535405258,873.6202149110195,286.95940185680985,306.8152753827875,001,004,134,0.40372657080544844,1.2165747775139717,0.7355816924696092
316,52.58532405674981,16.26590297086461,88.08706385326352,8.24954323284352,8.520930375010407,40.16307487071632,79.09498340620448,46.39306630597011,195.02046133644495,20.9843701821699,13.395328843913855,83.69936834138551,001,004,136,1.1468101875358796,1.5252130356469538,1.8987118306066353
317,30.508404435753643,5.289003585372898,17.245207107210412,6.097419343910957,2.002882513626277,5.760343610291454,18.079462256600067,8.42857631391835,62.69188320453129,6.436921774429702,2.6932506156119147,21.871400419847205,001,004,138,0.6451270866689257,0.4605046653041379,2.046040335273812
318,19.47343670915559,4.123063408110604,15.370086096050482,4.739557643829384,3.5085876879116773,5.9412137116920585,37.16305990605191,13.67855340415737,16.40516308728851,7.98274789794585,3.6055617751523568,11.995829623670202,001,004,140,0.596085163687242,1.1298522772315505,1.123663127372738
319,27.01493891138067,6.8619900951298165,11.249472484873799,8.28900160470544,4.9851060546817365,13.219785263430545,106.70229983570309,66.93783000314929,21.949119820133294,19.685005326119537,3.7061615517394184,8.19951848303057,001,004,142,0.1329885216673667,3.7920883065531625,0.16805851764756244
320,23.04446536874768,14.744769847251604,66.29456489624835,5.338462040863306,2.4325430073606853,15.210537142781433,35.20813416729148,23.478739908958495,81.54635264133393,31.580610094189403,12.245627131790537,43.348491334124624,001,004,144,1.759867442607227,1.6544269426562503,2.823599782327038
321,40.3819955745947,21.658693644525737,150.9883495615311,17.279899237087847,8.723217855068802,31.635839239505003,74.0774733409352,69.91230628526962,280.7948031211645,188.0193797780239,19.800098861336913,80.68389964553653,001,004,146,1.5291004085590856,2.4249049225175687,2.159682001412447
322,10.457673365898366,5.75943908219951,22.189080171294613,22.858838689420093,8.317622829315505,32.9683406441763,25.887308958637156,24.10970562041246,29.036633163260884,181.0083106198117,48.17159450231714,62.54325258726219,001,004,148,0.5442774000535332,1.4473127067071672,0.9203380796366194
323,29.478374263107714,26.512496379791926,138.68794412699447,12.61696035779196,11.901189538023644,33.21839231316197,69.30136643856169,130.41587053563336,261.6121735704836,48.61784612608366,26.216164583449807,115.17148408412656,001,004,150,0.9156523484082931,6.1962149349863545,1.0634284275171935
324,17.652524263705033,10.983660846694207,63.543127038396925,13.270349108251077,5.179612819634944,33.89900247464029,35.62281681173699,24.586049479407116,69.08253162506128,95.81262554985068,22.995525889668137,32.826177109261316,001,004,152,1.5866945249941828,1.5901529708234783,2.5845196110753634
325,93.62907446128237,53.82190221697961,233.69130557219484,32.680206908250796,7.088216371849928,55.547745945257375,197.6394906446045,98.89499990324228,426.27996215726637,62.93395729033115,19.790144111582116,128.8027399661097,001,004,154,1.4420970310346202,1.5659181784735665,2.363024478495735
326,117.91288340422346,76.76322277139681,259.01847311260366,143.1403395644793,73.24491915514639,169.2653556420825,224.19563951892889,81.19204240305098,219.67628610231384,1495.8181967058406,923.0366389979038,1813.3432746153208,001,004,156,1.2234088416713467,0.6220343995736453,3.190195312821327
327,62.216525188247815,27.65207093513409,159.95309142850687,33.5585324438154,13.304559667499355,37.333751531156395,172.90396378918666,58.491635460350054,262.32440974270423,359.0662832991877,89.55039999653643,225.21586167226073,001,004,158,1.5036129726770162,1.221437750213756,2.7346318865871835
328,66.23627856889856,43.964651307584134,150.99702009404402,49.31301632535613,20.199786542893015,53.47595235223965,75.13137895069741,81.72733769184521,156.6387427371386,934.2634020227476,367.77681985605176,527.7761786889142,001,004,160,1.0824005116745834,1.4145882545910513,1.84757052362799
329,13.582242215940616,5.939816682439998,21.036858478106872,11.750075138162988,6.607253504948257,29.532070415342144,33.349972417915794,27.77986063185755,96.65750520750532,15.788267434538843,6.790410880511931,29.767287232502213,001,004,162,0.5201218522257127,2.193234850451411,0.7572701230178996
330,62.23961234583708,15.231829830372373,36.95810860921671,24.448512066641204,13.02356812879965,23.383352169390353,81.45060025937349,35.64119191525188,58.91227917840227,415.66831282998345,159.9995232419222,262.72896149869825,001,004,164,0.4679114984218404,0.8222854550564374,1.0369492888199758
331,60.70945327366644,26.39568431165541,74.2914149267996,42.692429065963566,18.57081655928623,32.34789493685915,60.44972852664746,27.589542075528517,120.47573365397088,912.9360409298222,369.5740483652727,535.2798713388191,001,004,166,0.9369524801220391,0.5336371340883124,2.692738238402837
332,14.262165571515006,3.860385186157282,27.09572555035735,15.258723674929458,3.7025870384573447,13.353746361654,29.687963653679468,4.627936180114656,25.711612438538328,265.7183085215896,20.97261662945586,31.77637478314042,001,004,168,1.3975238997623758,0.3135363668404434,5.8548183241554685
333,5.3803517990860525,5.7036556559545115,13.224228286512243,3.880140524257924,2.575511145724398,9.60633347234289,45.24196812878202,22.84297119033258,42.51116251279466,103.71902999243595,34.19418799207349,78.93181853360863,001,004,170,0.4813498221586102,4.933424788388346,0.5789189233014003
334,289.07219340793284,39.47749712779876,32.857403790289595,41.385561600384925,11.496273723610445,25.916937152092487,132.18512403227408,23.310646280928445,21.740627702106266,7.003502167521612,0.8220218308338243,1.1486000639945741,002,001,2,0.174273293634406,0.1410809456134065,1.4095449518777097
335,14.82372972654314,6.480930989727147,5.8561878140613555,16.403439792965077,19.304389438848496,13.243366947820835,29.27849958252893,6.8538051947194365,9.294233269244488,46.02397557200905,13.553094251435894,10.839297835697145,002,001,4,0.260652787258687,0.4389642289185212,0.854443283356419
336,5.3335964979987756,0.9584175125866541,4.019201200138118,6.0001020040997295,3.5137361319424345,9.411625127208856,7.982725496438922,4.277112244051362,9.841851436452592,14.483823692087153,6.470734300045699,24.637796834542282,002,001,6,0.40418511295708226,0.7547601946989199,0.9396997251423672
337,8.982852382671066,1.1947839202166768,5.550571890711517,10.783396808006835,2.7457081745119822,11.263229904061326,14.674452049821358,6.324501518018899,6.884620722780267,49.25163682859885,10.973611665637163,39.993535779816774,002,001,8,0.34246667907380335,0.6399293519988245,0.8776299404621205
338,36.217716675178565,12.770795386385341,9.26530426274586,6.643958997858541,5.27084965359001,6.071810011367386,13.00320048115335,3.0046830189761504,8.176497105951938,11.189674332023614,1.8695131226359334,3.603513393078746,002,001,10,0.3791735939470434,0.14020371214120775,3.0836212020471376
339,142.37907235515098,16.105030343361072,5.12078716431145,20.443898697482943,4.397526659552729,5.63625011701522,36.83631791526757,8.279465620493296,8.825849048342288,49.879606439601346,18.51230141149238,30.515092400124864,002,001,12,0.057093687811711466,0.1016989871511052,0.6184924727069946
340,25.342878768750708,6.042442423606513,11.587985058331345,10.399160163712327,3.2754099138061195,6.034052792691893,10.124354142465513,3.5273649686089192,6.5962035140248965,26.422978598647134,10.8014115602621,23.432232145015764,002,001,14,0.5415355114129089,0.19737905692924293,3.2851675858484466
341,10.274208452139415,11.177274563893105,6.807620408654518,23.11347474735711,31.826799129341993,9.819152026184835,46.5226624603653,31.118741700230345,15.748812500557822,18.544775911485978,14.00976277435103,9.26766483769795,002,001,16,0.14238135525836698,1.8640851187122567,0.21876271457994484
342,10.962266810166716,2.997606150016143,6.278218122880293,28.839067823809017,7.135292613501549,5.462331959043933,13.961782270969909,5.203942917562777,10.947435998249329,120.52475684211409,22.903069906126582,19.77548155046895,002,001,18,0.2500822782836831,0.2614959003470461,1.2064348557114157
343,1.3162457180171563,0.9030882952465686,2.980190634289807,5.337813476000668,1.8094530258863828,4.1312840145640415,2.7008020701975815,1.9450777835138813,5.215809661191511,7.521173349659646,4.870048667001982,17.522406799014554,002,001,20,0.5652750255618436,0.5846289390579987,1.5321704147511992
344,42.71119861177212,8.12506905122903,5.6068534541489115,14.251455307076093,4.04334962587103,10.243176156811256,19.219375833130762,8.206993398243194,7.984941213805282,101.61010929700029,26.93935270863692,35.87998759799958,002,001,22,0.1528239341427677,0.2881534771864836,0.6831799639742766
345,4.507568550733618,1.571005119663158,7.321224528399201,12.202707436392018,5.028124114499052,10.0078956808433,9.605487991647786,4.650486583724085,10.209290919516297,46.85497307180973,15.730048977642767,24.278318591005714,002,001,24,0.5629275614479161,0.5566020079269827,1.5742921512820285
346,43.604846939237106,6.245035079439557,7.97024896168041,12.140878655677092,3.5507226263073592,9.70756483752575,18.870209658081638,2.750780560046705,11.822825669110333,38.63134199801458,11.136610378379984,60.895104157815126,002,001,26,0.2602645566575747,0.09869027735097467,2.897449937462509
347,12.025186004915067,10.103242274457068,5.869404384096252,3.2718315563977516,2.322964643642235,2.718063965053518,21.045377468769622,21.227811898076865,12.90617533917887,9.161782592509002,1.8914929001064167,2.8501977465677335,002,001,28,0.20326011923045753,2.7754183863609363,0.2764959672846918
348,16.383153972327708,3.2349324195795397,18.23738331689094,9.073229938953324,2.3661809755674765,6.4443548862260425,5.143249619961799,10.098535069299679,14.23609308000437,19.494394471413486,17.884057925440956,49.871764052561076,002,001,30,0.7989486752509463,0.793399023560805,1.8059434553368028
349,66.75224383502042,14.109769102023883,22.782922084292466,4.995139225888749,3.832449000408947,6.996875471934883,13.705369717689226,7.477950828347692,22.366879547121293,88.20224057228899,41.13048149998155,103.44815452399743,002,001,32,0.5255376923376591,0.20845222527487492,3.0466798468273053
350,3.087805750379836,2.9637290755227195,4.964747457371473,8.564486382288873,3.353714436163707,3.92833708797846,5.725714395664004,3.2628180817049035,7.922684928330847,9.042257131627615,8.3021499887544,21.43269305933376,002,001,34,0.5462390847302998,0.5600302574902273,1.5216133210765062
351,16.536417810534115,4.318914907345561,3.9816539413013183,4.936344218169993,4.102474146719837,9.195600873143928,6.077663537372904,5.115491089688669,9.329226940112829,44.100727403327056,11.461612129825085,18.322864681722848,002,001,36,0.25117878286983997,0.4764632591606467,0.7783522386202892
352,4.077955438114931,3.013419197688995,21.302529791183666,2.8821675322293827,2.1267998566067448,5.862656456223483,5.490563061630958,4.726877952000796,21.134215370450505,16.843577668856824,18.33232677382072,100.91364972729657,002,001,38,2.5956728393406734,1.3582742638717948,4.506680732504785
353,4.026199360502871,2.661488000783148,5.292559330233415,6.721725230007248,1.6145208961546682,4.560056394447358,2.4875447122720007,2.2587008580762458,5.3582830539269715,7.1124732861881235,8.794147981036456,24.558322399495,002,001,40,0.6934092627844393,0.42030456002093014,2.3431873730907116
354,3.415360521438128,4.51726580774959,10.912896650641208,8.646316307430968,2.256855582744194,7.847049295487551,5.134928116630951,2.4664427494042913,9.157735867824748,6.647191266659121,5.007729170980265,21.527240753242978,002,001,42,1.2842809882627282,0.4089717846694364,4.424548939267677
355,22.195824895146508,12.45951356783591,16.34458047300099,31.86751397595831,14.714767522381683,9.309604901082595,34.220275306488546,23.902770459470553,12.597366725971405,170.02216114020752,56.58388073325913,49.18354180901183,002,001,44,0.3208944774240679,0.8842506200535774,0.6837943953281398
356,51.76300415853413,21.130195135200353,19.04352192667757,62.598151156856375,18.767137371985797,7.833996777193699,65.4130452389333,49.96366367017035,11.739365323664936,38.383926318883454,21.311874695716575,5.644000239017856,002,001,46,0.17773724178421912,0.8737873193459481,0.38114742850707056
357,13.148200268325335,5.754380172542479,20.889040233591487,26.909559023269725,11.663085599998066,14.662875598127084,10.238903158347885,8.89882083596719,18.416606467213796,56.60339015277656,41.853307894495316,106.25502188560827,002,001,48,0.7221120201641814,0.4442994812160821,2.347394179368385
358,2.652767461019395,6.137364493105966,21.626089513256694,3.492505411670899,1.8289745605478758,10.81714799507316,4.553136909434665,5.4873575663058745,16.129422600715365,18.710455174414356,15.302297344636887,46.766732800347995,002,001,50,2.5264140963836095,1.7858792213090464,3.941075326683244
359,8.520504384037135,10.906906696888552,24.4077371105242,5.706586289542209,2.128014073335139,9.05291301913401,13.164003167443827,5.9386359077252315,23.634165770329037,49.59173187593258,38.894082862878065,117.45304440010398,002,001,52,1.8700121192985575,0.8348348996964888,4.109990491044176
360,1.223959295680194,1.4109329494883844,10.318544814692386,3.1874546413243117,2.494910388619724,11.637092840403367,7.647906578376718,7.360844990882747,19.0371700247284,14.983179477752916,13.47690226646146,78.18816707107942,002,001,54,1.0786064674607936,3.337181727217828,1.401815257279985
361,5.924942538542529,9.650153373378924,26.071594892372097,3.3948233451491654,1.7362861201360165,4.926884570236246,6.0526811592768635,3.898919689831719,17.112299524094553,11.714382324384202,18.185554669444265,65.3534606104967,002,001,56,3.0461731639746836,0.8366990627209405,6.686876613633807
362,50.67321834285113,5.213083844180875,13.230124116218578,12.897797509786734,2.915874761589023,22.381265767032524,22.4264563858013,4.889390003916143,7.040854971141691,13.733858719045795,6.561603907870502,66.12748768278482,002,001,58,0.3607405845105722,0.15382450440150575,2.7058843957266547
363,3.071691887268993,3.809399355135678,23.261425992147522,7.768085429663617,4.26534891140583,7.743078293561835,9.388737124264146,4.65284386270466,17.053017485523828,9.738938808970696,7.8196186108641506,51.24384652886409,002,001,60,2.3093461424947432,0.8584759126807046,4.999399652887953
364,10.682840984155005,3.373138462149404,26.069613523338752,5.363442014008691,2.804775573098973,6.26076807746143,6.008980183691463,5.8722338251325965,24.15304706910291,30.46592990310255,25.70904005824321,111.79919567634175,002,001,62,1.8761359743848849,0.7319120354295886,4.439471298258478
365,29.59697767247576,12.63624625201422,24.0678466307942,37.663900604740654,14.932836870559754,17.699593253426674,48.080215831977966,11.897108861605952,30.829028676712795,376.945571422896,139.40529535891608,238.62559109498704,002,001,64,0.5286435946579198,0.3537601401091402,2.0229996136679342
366,2.9828424114364296,2.2046270097780654,6.314933356721083,12.327425312513915,1.8996372062132534,5.190520533929934,6.116334998572679,2.842370820515027,10.510626065306163,18.560465356662668,8.022879310412431,34.79099330758813,002,001,66,0.6015651859869489,0.37130256266761613,2.2217134059857964
367,3.7979763860758045,1.4259147815921112,3.485527045780271,4.964895379277749,1.580574193880948,3.903999604101224,6.27317444681003,3.768620378867059,10.89904458945291,12.306874037711616,4.0027969935000804,26.037365020118266,002,001,68,0.42766907784757063,0.8601336365019846,0.9248814407855288
368,33.08319862409323,5.091347883210405,8.815358946866205,6.9217046695876805,2.517400220828236,6.952691084557441,16.64750749936336,2.0105823734927633,6.240432403202924,23.27383959974412,24.46489775695437,39.99946960756428,002,001,70,0.40046087871047426,0.10051679709023821,4.384480369014801
369,28.38547009152145,6.8983236951436195,23.710708977989697,15.30213592805555,3.85911409996239,8.810904770997931,22.953871047473605,5.660686232249704,23.363878480193534,47.41021633858741,15.852099559000166,96.80577895217132,002,001,72,0.8620668709510139,0.2591438052116234,4.18866335373025
370,105.73387217804213,42.437205795577114,11.888750071113673,46.78432692419513,14.329677001180398,17.443619948764653,85.35891191381623,53.311181488410554,29.003533361059475,286.5266724057255,141.89142680542096,82.68267700340905,002,001,74,0.09175522330993992,0.6990796088888326,0.22300668901322693
371,32.772793244670595,12.602929242264663,14.108028616233288,95.8295381542909,35.56023653508535,36.26584073026048,25.933161757081834,7.888710826137493,21.3109757381497,182.27007947290514,60.664709894025634,123.96869901505943,002,001,76,0.195429460406775,0.12268379181500899,1.788382021748023
372,39.09608099230462,6.08343574202292,7.224782868432277,27.3578662823173,7.647347160739239,12.460997189700592,60.93305814010294,12.322001846200035,10.657881904694257,7.683107960028215,3.1699498571917726,4.146418906590446,002,001,78,0.15861570522146412,0.3708433389300166,0.5863319092636168
373,7.441523303653998,3.6407555287100535,16.867833557723387,1.5230750957493209,1.1902360118236475,10.121913849188925,5.237591425988564,4.6549951782056915,16.750445162181464,19.65656820619609,10.499447142392915,56.65285579206349,002,001,80,1.84604247823156,1.0385284361462366,3.623598502678845
374,136.04230591269078,34.43803619239878,70.74339455206214,26.011535222337525,30.953916700432806,52.59128587349126,52.85617688439767,17.194783692758413,57.53476724526888,404.45086029451215,140.55038524807446,327.892189778916,002,001,82,0.7202419779298771,0.2122107513444397,4.114235794769302
375,15.856773380540002,18.759600044949952,10.916472308126885,5.05126151631807,3.5867822274755943,7.016671948779864,5.842187558085266,6.627533968084603,19.089766609172937,35.9959284312863,53.167653416535046,55.59002153372662,002,001,84,0.6390796738505469,0.6339700503446689,1.647139397654692
376,13.752251088135921,4.681285174543305,16.55645688869927,10.781283107933488,3.1486393456706683,10.283501797718973,10.367910809734958,8.642001475287524,14.215237254330269,30.438559472502163,13.23445221107462,32.45917610770845,002,001,86,0.791842753945054,0.7045052218095902,1.9158127820324664
377,6.577898779305833,2.3305228584134783,14.871904842992762,4.194775683520019,1.1630896569302573,4.9654431847184295,9.591109471248888,3.9926345320708325,11.47424185752203,37.040324582700116,9.175104155945546,50.30918368996665,002,001,88,1.585664742151723,0.7412522388657603,3.724834998929705
378,93.86427786470517,20.46717922681665,17.14802766449314,33.54661665390396,16.26096275552027,45.71367710297479,21.99150140805846,6.765600096905706,24.807194937933097,41.44332368358795,7.0359480788850135,18.459029562215463,002,001,90,0.24333436649259574,0.10620128086327106,2.534590785573612
379,11.746772063405949,3.3922597637170044,12.949212567952047,25.04454031869476,21.039397547082586,24.44541428956205,15.399286028181471,6.867261756040259,17.804711071261377,45.132676355262326,8.206906112164784,14.083227938469467,002,001,92,0.5125778659089274,0.3733088770913886,1.8856442389955892
380,19.255186336421403,5.293147001691063,7.09512285119689,6.828154400714651,2.8831711877048454,7.743895841130209,6.082407039743489,3.978084970438974,6.530716875665467,8.025876602671998,4.397553184127953,9.43670476694573,002,001,94,0.4168757252894122,0.30502879293948654,1.7835523634916115
381,2.312954834812654,7.719046014164343,13.003283795110491,5.948943057113219,3.6957381048395472,22.679039840000403,3.2053741797071127,3.809502361638697,13.746481177730209,12.986054562695795,6.558852069187282,12.779348863913283,002,001,96,1.6376000924106235,0.9221857765542272,3.4133812137911352
382,9.76529765775068,4.47043820131713,14.698580968812685,4.777461265569607,4.05098025300289,22.461850688076815,5.359622102291276,3.419229752402819,11.624038891842794,28.625844859846417,10.676268575143268,23.61560587437686,002,001,98,1.3749058331939996,0.47023123609920475,4.29879886207806
383,24.036378214236258,19.2559961813375,10.934942471236003,105.68297025360137,21.394743302373254,38.33290595435325,24.746545410026652,14.363590360047077,15.384590798937237,98.80319994649933,49.69058831902316,20.751689723151724,002,001,100,0.13802691074748857,0.22145640615221499,0.7612959014517706
384,7.150464234405753,5.44218002739623,18.576733825534312,12.24565210657192,8.430057699557413,31.51026617245019,9.079525868085899,7.906212434162064,18.895199822309678,62.276816641730974,22.262575429771612,44.49868202696263,002,001,102,1.055240188174936,0.8152366479117072,2.349637576808061
385,31.26703097510987,9.40868911258345,9.516297516762826,5.109861489176828,1.6580334504090297,5.547202614958525,7.403549582505319,5.6572500698704165,12.682125958564693,12.984946227608853,5.482134270185567,13.326535588773543,002,001,104,0.39907819827258206,0.311035368148858,1.6821419239437658
386,20.506619022235085,8.00547027056487,5.9578625278921775,71.82666196484203,22.5016317718416,11.567678513689154,103.06945867601175,45.27536583934807,29.566653136661323,83.61101203649498,22.62091202130235,34.01916856851853,002,001,106,0.06515454731169285,0.980694400877724,0.13159170373206125
387,4.485528126293957,4.065086467034532,25.48213065673974,23.687691893521976,12.05343619334271,40.24903194203426,6.580248835897278,6.2830892539135785,20.145593148352724,10.714057848198888,6.692897569984178,28.38938163124847,002,001,108,1.250982173408831,0.44603273956575085,4.05566905497444
388,4.614275141506928,1.802238687213666,6.7172375447975865,7.809303126407677,5.597166604486447,8.963170824260025,9.614533907598982,2.4659008107614926,4.941441095632942,15.773735087343313,4.941055451492572,8.769340335777233,002,001,110,0.7740813036176372,0.396971107290398,2.72405017893775
389,13.05136241175066,6.99791783794399,18.289041521149603,4.033878436014637,5.510716345221391,19.94239237812822,7.496447078782008,4.064769012160545,14.954649950354808,3.5524822738654183,4.481763915596455,19.460287024162376,002,001,112,1.450660472886097,0.4758222665256961,4.499404877973235
390,16.713356612398982,1.93685479006222,10.128412707424033,4.4770740327755565,1.930150120043798,8.131168645927303,5.702787854970621,3.7397063862527498,9.25365421783133,10.443542690255446,3.281794285794255,17.946364614763272,002,001,114,0.7065551464559499,0.3529618108166529,2.708344362182101
391,22.675609994913607,5.66995034015063,50.424882784063854,21.568097084727253,7.979608595405588,7.721641737506468,24.744640175416052,44.94684186185897,24.139727975009237,81.66608229629523,52.98960972468025,44.153929533955875,002,001,116,0.751839326560111,2.0317846233342265,1.1218782164727228
392,27.823986077035105,7.600455926345064,36.39876421885756,18.81723953621441,7.661441476283792,22.147274302258936,25.226536580924687,18.254273820261137,28.41674662367908,37.163527947144146,15.168564940238886,33.29280876975145,002,001,118,0.875498820851119,0.7827527506084913,1.993985878444375
393,5.844899284105869,1.0584629391459623,7.285856495866898,13.434429378265527,4.0818506655428575,12.465405297785178,14.852269446965199,2.619322127857709,8.817713071264807,30.408944618700634,9.811757842065465,12.2207617693841,002,001,120,0.5943278035430204,0.2717233751992614,2.7815809359140773
394,2.9596231563713826,2.4676350524904453,5.016332617186924,10.285377936730276,2.2604169032142227,6.533146902239228,5.652917050054268,2.6748117933083755,5.801219631973169,9.221595431954455,2.1400986664650024,8.278575355046815,002,001,122,0.5395465306334852,0.40389755720012543,1.8753964782630215
395,14.10376964819416,13.09364648383153,20.14759308799423,43.02567851905811,27.387073526490646,31.067388643589865,26.731445700981027,6.7328605787567835,15.332961459105604,62.35480103385644,26.198886060363876,31.117496079812422,002,001,124,0.5707924006898346,0.23570543020284912,2.9924268967581185
396,22.065629663725502,10.727091420313124,14.868025751190288,27.068417169476813,14.101522296843386,22.585727090933666,28.88231397585183,41.42348286034132,17.24450118162055,32.7038434218197,10.393653950520918,18.839472112979358,002,001,126,0.2253055263554672,1.6861417094734161,0.3589274663677514
397,42.756105999100484,14.469936515031847,8.629371285572706,70.74261099749154,14.561593001846635,11.08509947728364,99.33862988910192,64.49787050348016,30.772164363037255,200.15737588408774,29.59113000548893,30.3093671821793,002,001,128,0.07117169898741597,1.1365391999174195,0.1337931193419337
398,17.001514850653983,7.275324772759283,10.079422681868296,14.791749630435703,12.48378347639715,18.385831355425985,34.06120751957404,20.12166779863291,9.544016813443857,49.3543783165651,12.597396578371242,21.42219709755067,002,001,130,0.2798417102113294,1.2657818017147044,0.5009238191753222
399,24.76841348925609,27.18435253310817,36.305614043196556,156.1813935875726,17.12547471187622,78.25232786991285,88.41948792146331,48.540898478156166,32.935395616644286,173.33049225067583,118.20778485310198,109.53340254768189,002,001,132,0.26116177813274044,0.53651229876743,0.7479386492925013
400,7.925831430952515,2.998977014134044,12.43318272784526,3.949171029914161,2.2127745472242752,8.748771812187039,3.6471507101250307,2.258195899162744,8.63184729965353,10.796104140391343,5.898458144848865,20.68636998682412,002,001,134,1.5170378469632415,0.3803276515696711,5.505803430275924
401,3.9964685773735713,5.2453640987211845,11.785153974633756,4.977576088008057,3.0780381373596732,8.056118958839125,7.455477772280366,15.656091901589342,22.335219089546893,9.269429675902721,4.632708877206185,21.523918636981684,002,001,136,0.5850710986177812,3.489194111543583,0.7527519670114722
402,8.756397373015176,1.8916290280770625,3.0589525225324956,1.918380158140593,1.378449745726868,3.5790876325826506,4.70042809836526,2.6994681858759613,5.4020657364407185,6.391489723686445,1.7184728280448482,9.236082328346901,002,001,138,0.38061552432871654,0.5057657038748024,1.1331685768839257
403,7.816794008544269,3.1159543519625723,5.2788256288260245,1.6409455162856896,1.576430957247725,5.007099304188201,2.6544478051242004,2.530605781635018,5.252969686823262,6.520763292922858,2.6359034693387304,7.20968829126361,002,001,140,0.7271634978029023,0.5351396652426872,2.0859928745659424
404,3.435802750179379,1.0895459360855178,4.012759391512361,2.0426911338320495,0.7448290588100341,2.569407392333834,1.0982081264141308,1.7961860413784476,5.53541512083102,2.8914507953107322,2.139169417924876,9.379714293563826,002,001,142,0.884757730124853,0.6557225687959537,2.234044413591394
405,58.562352832349255,7.539162027573242,23.828975315714445,150.94671631353341,59.741930159002486,42.98581822423363,35.42019478102011,12.039997466330094,14.839442207799419,54.858344677463954,29.040138722774124,26.588235292505484,002,001,144,0.20402475098493567,0.11493533445033405,1.9791511902184598
406,107.25045558055427,18.781889472185895,23.429033078618048,13.005837101156814,7.378264102973889,27.28057732810218,10.427165780392976,10.249100661726686,18.71851052035439,91.20120014715009,16.438922564347873,35.93105544829407,002,001,146,0.3329063593203412,0.17045429279702712,2.2859598955944795
407,3.9014776673972977,4.511114685726389,13.718018274550872,5.142635256496784,6.567253019347279,18.890821814398006,3.7458407476434137,3.5577210176870233,14.423455966300484,20.794336016703305,6.074198217185321,14.500338626075667,002,001,148,1.6978212963325527,0.7867484733163177,3.8558442908683577
408,3.272785096559094,1.7219492686826539,9.73329076928448,7.99727567607426,3.433607270944713,6.352927920560248,13.663095776579102,3.2560817088631246,7.001623176392634,127.93255735025707,17.56564360447247,23.341093159392017,002,001,150,1.0947214099978848,0.5778285981863984,2.989264901673153
409,20.829853988164615,35.51542396208734,15.475753636273616,3.273618196159437,2.266449379806797,7.326625451087011,1.2150877609885127,0.5232325151409994,1.480925314951709,0.3928248941629486,0.2092360283988125,0.6210897669785381,002,002,2,1.2306793058144045,0.04341553043808263,29.577201699904386
410,7.442219511249583,1.543321683661197,3.8491202678873933,4.977058398317687,2.064610983005949,3.42073096105999,0.7597848235549902,0.3755114006433903,0.8327723966541649,0.6016763360457077,0.1450655584043899,0.24712183438662963,002,002,4,0.5845151682398891,0.060472340401387215,10.250341963765742
411,19.111819129277684,16.101510447973123,13.316692130564874,15.16652593628379,7.464435144347705,7.85644757025222,2.6820554792476328,0.9180351405553959,1.2269364413986679,1.4599540300968157,1.154449082713305,0.9892369460713715,002,002,6,0.7374723917158432,0.053563562581539034,14.505645309512333
412,37.67452717188411,7.479230765593355,13.26032400172553,19.234653289030852,5.03029098854123,4.429217025050364,4.448405047868819,1.1771965579564534,0.7781915437923967,2.1418509202745515,0.43798857532101104,0.6213246080863376,002,002,8,0.4475033549752165,0.04137105993873688,11.264324476742187
413,19.876601608812752,4.5099501783152345,35.365215466943866,8.11014721110417,1.5651793454334606,13.275939463038869,1.144193037792343,0.26051495152594195,1.7151510985870904,1.4078945907976044,0.28976648464225047,2.536532606584012,002,002,10,2.4810923229490345,0.018617021448418123,135.7511930113624
414,66.33017199017016,69.19570833707255,527.201563552111,24.808269927445703,25.385546536565986,198.2664982794443,2.443236691068356,2.397490933873855,19.773541564939496,5.043000623003234,5.2441536891412195,40.27180584440574,002,002,12,10.99098818221362,0.05261206760679659,219.89720841207148
415,1.1352848815058008,1.3118563135165333,4.540693575610433,1.3773967466591523,0.7201331855160821,2.7851018760897404,0.3079008864865925,0.20073744826668682,0.49284433944790285,0.08175915914529056,0.07603447350483578,0.3245058709934134,002,002,14,3.11630040262198,0.15977945316795922,22.620062249560732
416,26.803231733293856,63.148288914074556,1189.2207723095696,17.175897691902218,26.630010655916017,484.67858396695084,2.8267820401545656,3.1141510925591924,53.97853030234501,2.2563557196262227,4.909487693614514,92.23655877671963,002,002,16,47.37230064026058,0.1416194969414317,381.87638844853683
417,3.3477030629755355,0.689825244036047,4.676917440998045,2.048951777863625,0.8985623851665103,4.340025924568006,0.44638968882263136,0.18616578302321105,0.9991150489618568,0.2474319284019375,0.06015711446536738,0.34007026012390973,002,002,18,1.6214000557934765,0.06899302939087465,25.122325730582453
418,1.5386941988237537,0.3916223186438059,5.594783745089128,0.9363526009327565,0.4241705375684402,2.862787982413586,0.19940852596842662,0.10128682510751055,0.6111524172042224,0.08137491302670538,0.031049913000160398,0.3330301457269361,002,002,20,4.178922180810662,0.0818463918480046,55.23703343599292
419,1.570370799339194,1.1360933074263222,5.875898150815666,2.0778947979572884,1.6631418991496465,3.2462101444835367,0.4874347594526995,0.3748599950477856,0.6108902246559635,0.1511014711587169,0.12395397964461954,0.36837053522341795,002,002,22,2.6720861330971277,0.20550038644421753,15.674913910369739
420,3.3637433619412516,1.2947201744334882,4.834705339472711,2.092673186446844,1.1247095274966419,6.77410823067558,0.41858898491519414,0.25664885848724817,1.4957646939840572,0.19192512211504206,0.05107784643148956,0.38598028147933877,002,002,24,1.6197443041870807,0.09407231145615741,18.837821325096318
421,42.36122000474641,49.68689440202158,247.3345704942407,19.235827914074065,20.227912509174804,97.48145345399627,2.4014758054004015,2.268577659933856,10.180059148194587,3.3308766310692537,3.8520681201580116,18.99694072037152,002,002,26,7.479777736236525,0.07365864880159982,109.02627441965205
422,3.730688727112378,1.3874510954654977,8.785991048736467,2.732010293903376,0.8223425303490002,3.711381463747584,0.4905109766478711,0.16151932454417295,0.6046861835700212,0.30838725313500126,0.09525883321294597,0.5808768764135022,002,002,28,2.589546332580723,0.04998509880127039,54.395912523356536
423,4.542998730129172,11.095441738299648,224.83662561395175,5.642789765744275,5.717239882450425,99.20818683439191,1.1541806802206274,0.8397161990089101,11.816481217301341,0.47126625204614914,0.8590370842154205,17.58271559534948,002,002,30,37.89843065285156,0.16487995982816708,267.75311215779703
424,2.7735448953495,1.052947626079586,8.050279693619094,1.3982210837018751,0.5562585824833871,2.67016692704923,0.18000683564587056,0.11050361679436764,0.5933377790736603,0.19786942256957815,0.07367762592931262,0.33071429704165695,002,002,32,3.6652380188690765,0.05297690107703272,72.85082540419995
425,7.319743041691055,1.0789543872615321,8.492975110632697,3.7101743660041975,2.851133843854565,16.024339223779602,0.5434832820254754,0.6657202780627691,3.5120326030097306,0.5561041203055123,0.1626726615910038,0.9554714546963907,002,002,34,1.3741168463027975,0.12071174306315574,12.75757309863996
426,2.147854169605182,0.6037611627561406,9.810078229468461,1.4963876417339976,1.4465551808712913,6.200274848234604,0.31840571323984707,0.36855046156195154,1.232941451826729,0.16763560138172373,0.07722329170100592,0.6192745721818808,002,002,36,4.478114963389482,0.20226454809622924,26.61800554500034
427,68.74997672484488,60.46611155532186,582.8433626327351,21.765421372771378,21.755185648951752,251.97374757261326,3.3045937879182916,2.8395616834436077,29.862551763860413,2.7717312848774833,4.109152325197007,45.29079096876873,002,002,38,12.11801574059098,0.06274206915338945,205.25821503757803
428,0.5990003700519954,0.7903154483153456,7.628946891104419,1.1484220917814332,0.7403272975331309,3.7655154491209437,0.26184973848186016,0.14029257191375216,0.6633202352077163,0.06450145669652282,0.06915649419384638,0.5076041114142607,002,002,40,7.523588047509442,0.1605708693552612,54.378836933679395
429,5.2563857585887686,2.162469686027097,20.78189586592379,3.3349634218513224,1.684980883877703,8.989322917607254,0.5605494712348867,0.3628982686985661,1.244214833006188,0.4148644642368903,0.15811034007855038,1.5153373267518675,002,002,42,4.461000502790863,0.08447992534741249,57.26645084434348
430,27.619053398107418,37.641720738843304,689.1506848523911,10.247957516011185,15.494968012955324,278.8236706569708,0.987880283458853,1.7105217649492563,29.81300298587625,2.102755647403478,2.922368652689405,53.24473778654874,002,002,44,33.382570049979826,0.09034363809853782,402.88916456601487
431,3.751249042573464,1.5667112929931757,4.905933741222678,2.3679474989034834,1.0604464308338042,2.8005736124244205,0.38958328845345663,0.15895766027276406,0.4583373023207357,0.30268370651821075,0.1228221850695677,0.3457326911883099,002,002,46,1.5242654924692527,0.051953768503862297,30.863147663373507
432,12.720525762062074,5.381937898539887,8.442643449063729,32.08015368692844,5.066527394289912,4.03331697357285,6.93807455470432,0.9283178695643501,0.7353631105422755,1.846056659731247,0.4870519509356772,0.5109899932863113,002,002,48,0.3619000971240436,0.04144213351144913,9.09456095359424
433,104.66957658417326,57.490660510866086,470.4026171599783,64.65920023901228,32.647751784282676,211.08894461118626,9.938126104691712,4.677058750653658,25.439850219216563,8.846589269999244,4.735468783994565,36.89518157912999,002,002,50,5.2652227169066865,0.055242337875475,100.57658931357996
434,18.95277081548565,27.171979059493196,486.06380875352863,13.013780275976174,16.235615663097867,218.81409377118155,2.1281150407481086,2.5521095883989564,27.443385603414857,1.5992161416861674,2.259402696267697,38.205542278043296,002,002,52,26.223561325333453,0.1596737527984755,190.45569632394057
435,3.8462821741974103,1.9851864340725114,7.7119932003747085,6.1389089023515275,1.919719821996978,5.180925182750337,1.3930620121283792,0.3472625755828492,1.2345346713432699,0.4291074114376322,0.18385505749354364,0.44528493870568486,002,002,54,1.4442318570902712,0.0695555193527392,22.2079594595842
436,22.653358505855273,2.7955005329909453,8.81601693453948,16.89061717267269,3.070728937243697,6.818892665050079,2.9956115517369866,0.5820333777180206,1.378158266245486,1.9655566890620908,0.2626464243716749,0.7155542041978293,002,002,56,0.4331339169079768,0.029437271682020563,15.146926743453195
437,3.3735508411567294,2.1857321658541036,11.967590087148983,5.751957241031585,2.495174807857221,3.4148323068491804,1.3949073416087001,0.573625347572041,0.5263990527091977,0.37210815543907194,0.1796711851290562,0.6232121941338828,002,002,58,2.3299661457166416,0.12571910350760096,20.863077508348752
438,3.307927481923618,2.117344271848302,19.228363157132527,3.0867178890615956,3.372696641531242,8.55506436021325,0.6123730198413401,0.7377173244193587,1.1825803426763348,0.2947421266763563,0.2371093878157774,1.3041148948436252,002,002,60,4.8864466711134416,0.23072970637797843,26.064676157994196
439,18.45287350226007,27.93312444113095,385.51264111317903,10.854421856259986,14.64140644228317,179.2728238556544,1.5986425057372848,2.0051447975327346,22.417929570663592,1.5150856293599662,2.2683487905254625,30.622764722177088,002,002,62,23.141691791300826,0.1368358815102882,192.26174667661897
440,4.332710708491306,3.5315811049130987,17.623785500892147,1.61460056213964,1.6118356484105665,7.3174474846551,0.22736228803993663,0.2140483815103469,0.8644405183723334,0.26784522562565183,0.24656695686251606,1.2458454451333858,002,002,64,5.528676880873389,0.07198156335531389,82.33552328934675
441,33.27497955071823,43.09123640377376,238.31924117411654,15.831127799791393,18.682442661422677,104.11358481796012,2.0312444340996025,2.1463483070204905,12.359369725280313,2.6488118436460835,3.3685492077115713,18.65433253265116,002,002,66,8.926014198083069,0.08741675619695463,111.03474696748806
442,14.499442663076689,2.0933466498849858,31.214010233576936,9.686413827569345,1.6965822622655469,15.083320110413476,1.8579348896423806,0.34126822588743266,2.1043977840102728,1.1999862655898548,0.16631317701574796,2.425878642118742,002,002,68,2.5103359357276025,0.02822047885874287,91.46474199995659
443,63.30223636856917,38.558376512083,229.93639308173385,22.506223642696888,14.237650091617436,92.64734228524222,2.0691718521176257,1.4230718949605559,10.331447879107516,4.777437508117146,2.9333106433150533,17.63569358753528,002,002,70,5.187240892698114,0.03316856857176359,161.5774957653191
444,49.6633105361114,57.61856514831697,330.1472630701686,23.615672765191608,23.521995940118327,141.534446946264,3.055173929436128,2.6043612784583634,16.55422550877618,3.957632539969363,4.4470933911062875,25.736755664055778,002,002,72,8.412712779923696,0.0710807154010297,126.76707559774401
445,14.869313655577846,9.680930359115418,43.30034800216021,6.4176443425545076,4.595563149904479,19.371542516845523,0.7575637119116918,0.632111565848718,2.50029847423184,1.1499800185116933,0.7590749038740767,3.3246984821122516,002,002,74,3.8401844899276045,0.059389562933715306,68.50111648253436
446,17.709223425465694,19.600516549974976,167.75311675432488,8.077810487304058,8.731481943905647,67.45828759331573,1.0616956053081814,1.0770117005318278,7.2961063119157386,1.358683625128573,1.5382826970518635,12.887456676743934,002,002,76,12.007642722329738,0.08353125870738404,155.757933429589
447,1.5635820745907982,0.3900925058379169,5.416154944282646,0.9437259202043413,0.5654410353995887,2.985528258044409,0.23635593061182752,0.13435992054011903,0.5389566764902493,0.09779155225505126,0.03987820495000422,0.33285519606978,002,002,78,3.9020897948415167,0.10717464373665586,40.31079299920706
448,13.377918187234908,12.686507183460897,94.46173310213327,5.082306904185709,5.054852295627496,36.077717748855264,0.5737375619919607,0.5509820693427473,3.894471932134084,0.9964836369452,0.9628588295115779,7.065969617755055,002,002,80,9.657583002699628,0.0596939708604979,171.44248126770134
449,0.4733919067473996,0.4109462931281897,3.352776450644749,0.4134888826061215,0.3191801906121488,1.7192872878916288,0.10893061573500919,0.07279073776719963,0.362352036657675,0.03192223519334337,0.024136948835503932,0.16467917133117765,002,002,82,6.494719593473399,0.16414999319189083,46.06048177953143
450,1.8254130872164738,2.6278202841050513,6.699275244199159,4.04352226298291,1.3725884191468114,3.305224136283802,0.9577647940477862,0.22724998454323767,0.6191667999911787,0.2177800015223539,0.18600444131288893,0.38245950839352555,002,002,84,2.1188720706186475,0.07744163838353317,29.479761055493153
451,4.256876567791687,4.034344033668928,36.15043335698007,2.8597627560049568,2.7994223577798474,15.879039854008706,0.4458494271895327,0.45681132003209846,2.088573119592741,0.3237300582184104,0.3209932642906335,2.7073412239585735,002,002,86,9.003550200397058,0.1283783817748389,79.13646569537707
452,10.746033722053886,5.394158706320387,76.72793358549788,4.115412288251728,2.867763283134402,30.998061238540878,0.4862363229306758,0.40337514728986,3.5663989308560273,0.792249252003665,0.432507750064794,5.855844546706419,002,002,88,9.794099089960236,0.0542847778083157,190.214826324841
453,110.7886528825162,23.65684093168501,144.78044794463537,48.198469140720704,10.220465162889687,62.07740446058001,5.882339907481793,1.3957102198985942,7.315451682932407,8.665613850621767,1.8004715478566158,11.218933338248771,002,002,90,1.7898597148965818,0.01755752544152102,103.73245526220653
454,20.060108607779554,19.72015725354857,202.09749765950178,7.689446335216012,6.695081734322855,74.39490785601811,0.8007833644646427,0.5833219106568999,7.272612374165872,1.5135778742882546,1.4739645915473518,15.294736612239788,002,002,92,13.978151091487609,0.04204189305775801,346.45963741000656
455,50.03860166091018,9.251211624698595,52.03502479106062,19.183766583736237,3.9401851344376073,21.184419569509068,2.0443245313311107,0.48062030279604523,2.396306368021074,3.8328244926445825,0.7143728122644564,3.965128600798817,002,002,94,1.4828255669239152,0.013886271590634748,108.26638926475411
456,7.16574749618664,2.5550432249405794,32.09313145303814,2.9562990468082324,1.3446158527308025,14.310912143090484,0.37729660068224075,0.23087193121271538,1.8439158161768912,0.545694216822619,0.19179128865536485,2.458000797342011,002,002,96,6.064581822520258,0.045617638731861795,139.00837266990644
457,29.450836134951327,29.35012200392312,182.8103381453666,10.791032703236983,11.068693745801832,68.92236892749285,1.0500699006553909,1.1078265796997389,6.95316769914273,2.216370838381778,2.2417385127231944,13.938052119875323,002,002,98,8.611446431365113,0.05505840616668603,165.01710781746618
458,19.74041203413405,15.896816586906255,113.72706846848104,8.70629075060653,8.005751541854282,55.41235744303713,1.3673017319560437,1.175756300185582,7.5399259980523965,1.3597154198613486,1.191894652028673,9.008641183857907,002,002,100,7.38530249538148,0.0826638017827699,96.72673533667674
459,0.9666778614673932,0.42690688568695245,5.6565696982635,0.44108967221990514,0.31546957572665485,3.205482895351403,0.06498571149129963,0.08373891268504183,0.5867646297689593,0.0643325999605707,0.029417247008784828,0.42031635800561595,002,002,102,7.181826838262655,0.11896696106594885,67.55007339943555
460,1.6897992562587616,0.5821028697187096,12.414474912050549,1.0437473056985218,0.6470186164316283,6.261509235376396,0.17216527129990356,0.1654937592269893,0.9525081513966841,0.12958010701413486,0.05223660412131226,0.9366083821762011,002,002,104,8.102030903428243,0.12108354877152112,75.01476170483868
461,0.7418614066460807,1.3895305481991558,4.615267184094227,1.3308118199795191,1.5118034587078641,5.4179948642500975,0.3146225758088674,0.3438582884634285,1.0960400183229795,0.07961653453380649,0.13064568120257375,0.40779217912463855,002,002,106,3.343924237189004,0.33180173704780697,13.422003595487245
462,37.51106121442726,8.365288360000736,23.284566829469895,12.881906945391881,3.7979498671476257,10.821175536967253,1.2737923565719838,0.611273484885488,1.392197103596141,2.741404541161545,0.6180688538895571,1.8221155482747604,002,002,108,0.902231306653039,0.024260269129091995,38.09189733435252
463,1.3206175625750254,0.5233472448564562,4.973192493450041,0.9516052994142445,1.0019491428395995,6.979429319510353,0.20842309410522114,0.24551740568644576,1.569379341879576,0.08712557381687058,0.060345655213460164,0.503640264929367,002,002,110,3.5995141107481063,0.21610327912245533,20.255967105653543
464,1.881090017553423,1.0293220049648744,8.021656776077574,1.2447983080023364,0.8263144276678988,4.846383600404922,0.19389991673288232,0.1688873569365674,0.807097701327838,0.14526746476183722,0.0886976130833323,0.6478513432663717,002,002,112,4.631892123894491,0.10805719165065854,47.49708279874637
465,0.8919344807093937,0.7517826135539522,5.515149055063223,0.4991845068337959,1.5686037662184078,6.883925811648211,0.10850571982660003,0.384991259726019,1.4154232821086195,0.05962964257037696,0.09389438232801012,0.524105375287466,002,002,114,5.104016666696446,0.553498677213715,14.325387695783295
466,142.46219022403727,59.91920240226561,372.2099050628806,53.249891746338164,25.136871788970645,153.94142214015622,5.509827894639071,2.8594502719633637,17.289327658412976,10.773831599798038,4.668750092810898,28.945043052821042,002,002,116,3.6956569482696398,0.0292209887419847,130.16834344431973
467,2.3172159420361655,1.2351978535802208,9.784015865888168,1.088815737688806,0.798138540899022,9.89008728662855,0.28654086684713664,0.16763937981424265,2.0621453789372204,0.10740824747105715,0.07240188413474848,0.9058990969194798,002,002,118,5.23026144153863,0.09843677075122162,58.3634697093822
468,1.0400261713606715,0.645845288498655,7.02708393680887,0.7633967123492118,0.9681715635893207,3.983852214426229,0.11676605084635716,0.2070783326704586,0.7385956435191552,0.0796017756005666,0.07284737300045736,0.5077623975940653,002,002,120,6.337616109254525,0.22965033275442379,33.934423974678545
469,16.35144069881811,15.577275198364713,96.02883655158269,5.604178383394503,5.462349284820691,36.46172333190403,0.5254865730057017,0.5165040692213526,3.7717626281031897,1.2064040748662395,1.1715622909462042,7.31361571325161,002,002,122,8.354464634173597,0.0470498296848117,185.92077444104052
470,0.6452422174625239,0.31543690604346886,2.741781568575826,0.41242977974007744,0.4397356698611743,2.505345451673703,0.07376992352941195,0.10800917563665169,0.5232939099845788,0.03597827798881571,0.02964119891711319,0.22606925643568188,002,002,124,4.305256095968123,0.20423945405063434,25.384709700954645
471,7.179317374060821,1.8829844060360093,11.676203030830504,4.285635847680328,2.5900718749158833,10.513500270492079,0.8475315611183739,0.7388593051855686,2.169912004840345,0.42683958903228947,0.1289143241015661,0.8543033872328207,002,002,126,1.804295617209497,0.12889006887258112,15.803012764247397
472,2.2908658588599335,0.5690952117086365,6.401066079516728,0.8380294097993792,0.8271294246464516,7.768295539222606,0.1555650503587685,0.19669915149911604,1.5840778669681668,0.12511107713150657,0.05162484658374114,0.6085578852294159,002,002,128,3.6346011195792918,0.12573073536168491,32.542418361908865
473,2.3833340313826206,1.200377096036339,10.921579356266355,2.059510202910642,1.5342320599713293,8.316434557976011,0.3740280472145144,0.29534077744757214,1.5050852276175855,0.18980881104020947,0.11848325022470635,0.9043692963388812,002,002,130,4.339534478883567,0.13295121857656256,36.97958490748916
474,55.93350513152649,67.46816230827693,654.2389872164639,18.931294655644088,23.987399360333477,241.01643779979963,1.638768263878974,2.1889969958576776,23.366548148807823,4.195317881451352,5.1011387631236325,49.84085469512485,002,002,132,16.51226454842092,0.058478670939631675,298.87614668019427
475,30.671294349421103,35.631166342315055,259.1884359971658,15.458287151925887,17.901394886526724,114.70326306196046,2.2094424728147994,2.4169733855282676,13.82118644179479,2.4649968651076866,2.8678374379155263,20.384073417441495,002,002,134,10.171526375167199,0.10479060537142275,107.23677701586114
476,32.16343605667656,39.909555906391674,325.7444700569907,16.169166213153265,18.968070505824116,153.38264128459386,2.304944633496892,2.524605665146278,19.955011171601257,2.4657465168899817,3.1528240705455213,25.8623041402395,002,002,136,12.204323835720857,0.10446802144242034,129.0278614811382
477,1.5088218292039532,0.3279108702964326,3.9051152519490264,1.4364744751967478,0.5809360876918443,4.082027041673985,0.2653081943725225,0.1512202948948097,0.781157479176071,0.11086714596621051,0.03193133570789393,0.3430851831130594,002,002,138,2.4048224219976992,0.10268596383247729,25.824015583790935
478,1.3873038258995596,0.9257221117233989,6.618983793300446,1.361823745378188,0.6587048798363853,5.213745154166516,0.2769971221238606,0.11809245206812635,0.9770053123296727,0.12464941189539966,0.07323248854487703,0.569441592349199,002,002,140,4.434365814508267,0.0859126752078944,56.04916891286177
479,1.6719832191391237,1.1522375308688615,6.826282641823283,1.617632694320118,2.226163890822423,10.80402581078147,0.3251279666349958,0.5096810352985298,2.5471979578371218,0.1433935655650426,0.13056466417601698,0.744405394707007,002,002,142,3.1683998697980305,0.309872671282507,13.3932443411888
480,1.3080001892342408,1.0003863111829399,2.879149035235042,0.5714222690480641,2.6833764337160924,1.892728550612961,0.11132569664824161,0.6062463629638768,0.3294501368166103,0.0778144306383399,0.1282841370631289,0.2158722416288807,002,002,144,1.8623725837878213,0.6451411286400767,4.749140301904947
481,32.17115741253822,26.892142518809887,583.9524256016651,12.611134844007958,10.834777710989572,230.1518216113084,1.3439670100688934,1.2104325753776333,25.132055313134742,2.467095813285673,2.079069923584073,45.01877976706989,002,002,146,24.7420917445382,0.054058535835699424,482.4328405235479
482,2.7926686625789676,0.6033189712124316,6.85571610723354,2.731914322395937,0.8993624115085677,11.8859467232449,0.6980027076098987,0.2112000343428845,2.5444965930564902,0.22723550517451915,0.06183890152820963,0.7587914564713636,002,002,148,2.305611448821431,0.07645827202425268,32.4607717444934
483,1.6426756432670135,0.6792217984632299,4.573780568018473,2.5110542217693226,1.144172676709519,6.4954775089620025,0.5623506457802585,0.23352850588593466,1.393573598496908,0.1746400809817264,0.07365781233657981,0.4651696540283918,002,002,150,1.9796544138291001,0.11244279886934429,19.585534325528997
484,141.83471831161938,154.90433736036607,903.9989999180148,51.19822775482285,56.64098400235138,329.7470654756801,4.7284041330096205,5.352665854743841,31.484318840639745,10.75686602529311,11.788059424697064,68.79568748139997,002,002,152,8.874120364482781,0.05545857288943251,168.8876205707552
485,216.90888506511783,158.05616627485125,1040.0513362586912,78.02222111446673,58.16445619893507,398.90781932896033,7.368647786807054,5.714621721042669,40.63443587475155,16.38402438209215,12.026315845174588,79.82378483736491,002,002,154,6.789725482054514,0.03875224824581926,181.99828213107466
486,27.967898728655005,29.731562922647818,536.3300707984572,11.6744100043026,12.053191020486212,194.19787733102558,1.4202529710514933,1.455938658175419,18.498425464584,2.0979475508444443,2.2526946552689506,40.74507374376068,002,002,156,25.206924187293826,0.07345377727533758,368.37408484680634
487,35.157893560113806,38.197451844781185,666.1943587664468,14.0585614796824,14.854393152565773,235.05555825430875,1.7305691913191197,1.5315461802891688,21.377059096091855,2.5544341660697887,2.923690876691743,50.40352614651177,002,002,158,25.485850275806868,0.062237159464279476,434.98156786931736
488,29.017763914624283,3.615553435953254,19.5620572125422,22.619431634723654,7.03048442713376,23.45779775709712,3.7386717708876236,1.6098208047613274,4.682485210837843,2.5511738467266203,0.4531737997781856,2.004187205921488,002,002,160,0.7132039769587383,0.06235120972915253,12.151698595697102
489,10.270720855897572,2.2063274844438965,11.58994640413637,5.107139090639091,2.2493285595161976,17.597188700675076,5.255230734294175,4.08031921154519,17.18882408927123,39.169129706517765,8.873255844086529,33.86465764293676,002,003,2,0.9847651470487586,0.5306745185261155,2.8404509067189707
490,88.80730263860114,7.052522205774087,61.737011268855014,41.40440874015263,12.448487337559678,15.879463175456364,45.69958012647713,20.27314489317049,21.730268554539432,269.8783333404601,102.06927146693239,168.08605222035598,002,003,4,0.7230936277962815,0.31138742711400064,3.0452606931079873
491,140.0698048622152,11.467568345980933,126.83024226501759,34.16485310520543,13.989588195425334,135.0510445803651,50.64160234126248,15.500775403114197,89.73331935504535,112.73724582360977,66.0210033772016,962.4465910511886,002,003,6,1.2359441155424593,0.1779298743882818,8.18218695301763
492,10.424614147021753,6.27029198751441,28.975934051440696,28.264457044469783,20.00553179440862,49.58397233764465,57.882135978995436,14.828051629000095,27.836409090729987,88.43789295320241,47.648965133117855,147.95537453811107,002,003,8,0.8479291854863701,0.7665240426997413,1.9541295631025961
493,17.664180784640212,2.8820197579649847,31.28346248884485,23.938657372904558,7.591297859179947,68.82997157430846,2.4527384746041694,2.39685914716581,18.607591770857674,18.76447654193248,16.932981443765396,85.6819902030576,002,003,10,1.3485251872643955,0.11522575157440955,13.051856854348866
494,9.991468740081714,5.305850720967992,41.91832664266185,19.628000517102222,10.141574375416441,105.31642807936609,6.4953492983847045,5.256816836931769,74.33582634066791,29.369267621120034,55.57118886307617,1287.996231944499,002,003,12,2.0889651475332753,0.35495685566052304,7.9740892526756175
495,97.62264126462784,67.67480856943595,341.9432682892435,47.76639473697202,46.44925688394969,246.08019150885576,84.81175476785941,75.04774236956312,326.6299989288499,127.69586674051607,133.578391070006,595.8707817165475,002,003,14,2.3144580801190786,1.0323714144268388,4.55634316893088
496,2.749009513506575,2.3605541975843867,11.241838680668128,5.092062730610214,3.852537654108243,90.29411082551891,5.577888464387578,1.751809447135104,12.421323938895995,25.593468819211143,21.685960787066932,247.34488064653743,002,003,16,1.9818677376996456,0.4468290541384818,6.417272551562584
497,100.49663414131024,131.0276664614821,939.4301977374805,17.98391035961611,21.295044376209717,350.5634155793985,151.6680167609586,164.26561676534624,1047.0581779607874,835.4301213449644,991.5859649928315,5640.272399766272,002,003,18,4.203156354734935,2.77287072670504,5.718970386112259
498,76.07029060779206,116.807778497967,977.2884621374471,132.66173038732663,100.49079305861905,1070.247890278047,78.77518922186897,57.09819464188311,643.7285292551965,398.0546857901583,281.1480252076822,922.906447001513,002,003,20,6.05266325928678,0.5470956911131367,17.115925788318687
499,12.151015505376382,15.846020538456658,37.43119431986544,33.641394664553005,30.136279978949325,406.6417927029188,19.083195712550467,19.34883686855602,86.13417424317022,78.11158003286891,70.32494889049244,1097.3169298514656,002,003,22,0.8860494057752004,0.8450674160523601,1.93454493281171
500,22.62559354456487,44.73995889307486,1003.0427553632207,9.314040334985123,15.316054242502334,315.7383477634817,29.868218906773336,60.64901873662067,1098.5726910590838,76.28329431413334,160.51389259715575,3200.4575039767924,002,003,24,13.091333828141597,3.7977278615865693,16.53848283546211
501,72.04357963856638,29.82146263475216,469.062612558601,41.07046839858733,58.4258449656012,1199.7908095483408,22.525619205865496,16.318589383079036,340.90032016498304,30.337301030170266,4.343711245260062,91.66479368609906,002,003,26,6.436482530491371,0.2885333814190611,28.74406614121796
502,29.476665514842445,7.814887272193103,219.78686488192776,176.2223626662977,64.60669505996717,897.1345413115547,25.317220657727596,12.14965233481717,122.93946653792506,23.710033182828013,9.92924926713209,46.10754013697965,002,003,28,1.9112039827221525,0.11813038148258136,18.089971533760366
503,27.688996790624692,10.286757417342216,205.83850787299014,52.057001323423364,68.81903915444664,1022.9275970559147,20.32646208417726,17.399475203332717,179.30491952040148,24.904782888490466,12.672715007161358,38.34516815898046,002,003,30,3.594021570244414,0.43637237265371,11.830156109166072
504,33.50256109900292,39.908684518683216,701.8331439944276,112.28946138285313,80.36058235746712,761.8014963321843,30.66230938533788,46.921946800529895,551.39235085881,160.64786571004376,99.77366094291357,997.3482157556696,002,003,32,5.857495449485026,0.6436833237068149,14.957460034171083
505,20.709936154614056,39.827948338239906,301.5275543272294,101.20002862740232,78.18573399817627,766.7657017361179,39.203607161965806,33.180493811713816,216.94362928448916,212.22403050698347,12.764253723573344,124.37463886915211,002,003,34,3.203123482138506,0.5443442440663958,9.087494479083977
506,21.102313049925698,8.826438994888676,22.042430147226924,13.83917697135653,25.525608119291604,533.6317629905527,18.310043629572185,6.032319889542469,27.244237881541807,22.5299774765569,35.325240892276085,622.8207809753425,002,003,36,0.9378534348962612,0.34528120500117726,3.6540552475407213
507,11.233091071111616,1.5960969680950932,27.447794161721447,11.325086741237214,22.174444810464415,482.86573374529604,7.68288290091151,4.2307140791084406,18.908330903241453,19.624733828772094,25.505624122966708,375.45872763579575,002,003,38,1.7697061779421999,0.3750936014692159,6.487745011477036
508,38.66045309672241,17.32762245011211,284.14700282860827,42.56172478320582,36.6052787670052,821.1601240573277,18.176139744036277,16.218712754131364,196.84860331939382,104.84532511923277,15.903803981816983,60.130374684645645,002,003,40,4.99996470792068,0.3993666059560159,17.519701294187357
509,192.91349457218632,36.89754608919468,74.08853544530976,1097.2610836853414,76.60312133204235,105.96293452869577,274.7491453658669,63.2779380910237,103.74110739362278,357.0904701356616,111.86838167748729,197.43778692021655,002,003,42,0.1045908700743183,0.09809205538135009,1.1708430723317074
510,21.165092831946424,27.520371865423876,413.34553486545485,34.97975684197233,24.21537973986254,316.5963828595228,52.14913522572406,44.152798148632634,508.7294320583545,150.33017216335776,149.6605166818378,2072.5170905174514,002,003,44,5.723008081926059,1.5728173966112924,9.361706442114944
511,99.0201488342646,56.79271941390303,184.29564718234207,235.59879737487051,146.4088132710006,497.9842034528273,37.70840852574747,34.617996745402166,124.5980725971861,214.25543782948228,87.49600068883535,407.5220837259837,002,003,46,0.9126823968986094,0.20690996213804402,5.323694739985771
512,1.2580994821811045,1.0156302917559517,15.056397720136811,4.513741414474799,2.600752410224253,35.50788590191302,8.382643957397285,6.953150847657497,12.285537257861261,13.653395796451782,5.438142567955497,41.7513198179891,002,003,48,1.5302661467937675,2.4093355905517155,2.1654064538538353
513,16.57288299252558,5.325303535702712,13.287784482312972,3.915025804655815,2.3727687793237373,29.38357821381948,3.5144494392586276,2.543844146107376,12.856143436884448,15.281319491158506,12.506543193908474,65.42968365855334,002,003,50,1.0390986717430106,0.24832638326243844,5.223505733496337
514,29.559827398504652,8.05943548992247,12.520729834103506,6.611601943374689,3.0805690938951877,40.527572786981764,13.493737672864079,6.393980805750893,13.591266327907164,122.17116157218584,21.730910307211445,115.00520981111862,002,003,52,0.5114740845541024,0.3535376357576189,1.958205727305605
515,3.3878634183561065,3.430088108556677,20.286151938727627,6.22759393198108,2.174161153967757,32.761457658663204,10.446351949389353,4.804614546326212,25.576155835658376,18.023794037618206,6.943449111927428,114.83626004580995,002,003,54,2.1104273402727034,0.9993522661005257,4.222222561899201
516,59.19598234725599,26.47165557750106,29.19862536405379,126.30932638574751,29.997668525164478,34.665273562244785,83.17534647235846,57.612260518061035,48.691781785715854,550.1868308632719,152.3196674947969,142.9052240976854,002,003,56,0.1941850955488518,0.6211386715728114,0.5068127010031177
517,257.95901043436675,64.95668903558327,33.95679325951311,53.430368242596046,32.363504135529354,64.77568562729394,38.912158445104446,9.672241436486651,19.106400833708847,391.4885482208866,38.6067462449889,142.65464608797436,002,003,58,0.20534210256173677,0.062123130066813824,3.510747067522292
518,6.2704949912349335,4.279681456296457,64.75997478916574,7.417800187621696,4.711025043454944,114.3406675259901,20.051930141284338,8.88989194511911,55.862378121574295,26.041409598081913,10.002604540540705,60.61401651659299,002,003,60,4.115915346912118,1.298904184773969,7.2846751331686805
519,6.046945806477064,5.8704425669046145,61.697147449588186,7.582892323653899,2.9727771447603595,31.1268306840645,7.746362709469796,3.6985939077916035,73.08806677929519,57.43022052638758,23.23739845687837,396.2285285162455,002,003,62,5.86836651163819,0.5427201515497477,16.681244004543064
520,35.230561949189685,6.286201451659862,53.87843947840011,8.39886570520188,11.737486880821908,56.845402387918384,19.338869384942203,13.81291145521113,63.93618984951881,69.27825693363472,26.57368083189242,372.2852524640738,002,003,64,1.5122658064163916,0.633192420704184,3.9005853076741217
521,20.33004075048891,5.050874128245738,15.293981568607403,8.387268302877715,6.001247416957675,49.85370793070241,7.255167480054167,3.0015556719462473,11.305487789989328,11.044312243453152,6.2315387663525135,34.75674942374482,002,003,66,0.8809790546093004,0.20904156906681792,5.095351624343049
522,10.17963325284572,10.584602519535057,55.9574815884382,20.855603897612596,17.250200662450432,119.97717859550221,3.0818765325793738,2.269259618574311,33.582467333057224,19.138186565807032,15.436412837438734,122.06450135320478,002,003,68,3.145997908049569,0.14623762064861806,24.65891567911218
523,269.80963384918107,32.88631510712378,77.94807586699086,96.79192512104343,15.140846982528013,34.27013140391159,212.87890037225583,31.0956947463816,95.97687839986642,1114.8356256668512,200.460434354087,436.48799269639665,002,003,70,0.36356976553087667,0.16964300333980414,2.506716010133884
524,14.494252586295698,11.433213481675555,71.19791069853687,18.560555228302153,13.683005995619187,50.92604034713017,29.02118760294828,20.81979183467878,83.92989663242636,127.869184006406,88.15684046741916,344.549698770786,002,003,72,1.9063790275024974,1.2597133797573754,3.4197225055797658
525,7.246315357851142,6.855283030358903,61.72049224668342,19.421532345141674,15.713566254225144,108.16779634631872,7.687901867077544,6.096753644824492,42.68283146428037,21.969475099998668,6.0057353687622115,157.53812565644148,002,003,74,3.176445713659232,0.45723627288754015,10.123501102767648
526,21.353876744558526,27.548615846216343,166.29964424325112,32.20740733119716,20.29722857271471,149.52099888437942,36.52177027590763,14.714435113340866,119.40310927609673,116.86333984504711,37.8422972096123,267.38300016296955,002,003,76,4.007695747551271,0.5494429555695174,11.301802818952615
527,14.367417867898606,5.33477831452122,38.65386920340697,12.636971936124485,11.99719701212682,78.96186560210046,13.809219149807976,6.3948790888614795,23.877632789566988,107.80870458138259,23.94673869674738,120.05584482112357,002,003,78,1.9426911324317266,0.4736177440238828,6.044503526381569
528,5.175849283431832,1.8940866923617663,29.790883025429583,6.605263059605262,6.527347435750664,50.02112645595969,16.81856608976085,9.990227160203808,18.3308804200879,19.78110187951898,4.258596857429139,27.537593231156503,002,003,80,1.8759076553812917,1.6959734988196187,2.982002565877774
529,109.86950965568145,30.03209811261916,88.39020025015728,136.08002586800617,83.31217018722114,186.04515523402472,158.9783894793061,45.16344082591493,66.76739970040961,1165.4979663593397,399.0201290245309,268.7234813966049,002,003,82,0.5256996669143321,0.3672577850553834,1.95711838234076
530,10.409103685231123,14.91292964750171,159.71133757057453,7.781552026099525,7.149907548693133,123.8705835177444,15.631150825166692,13.322154895052165,116.24261553710298,40.85822925599636,41.41277368379142,311.7048878823874,002,003,84,7.1244099681737385,1.4647250881400633,11.988401188000836
531,14.737623881214049,15.28361325376164,93.55457905312026,11.015625928508124,13.972565215606602,114.40721026633241,13.250119409033694,11.351347020997604,58.40767473789112,21.39727034950203,14.45074937219884,117.69339985742337,002,003,86,3.8614284076030643,0.8815467643786323,8.241716060663459
532,12.260434236326653,5.307342986611838,23.106799036250088,14.50766154940224,9.222062305710997,33.46481504734739,15.94719328717312,9.760439452707718,30.596226822376426,47.83789269250515,26.66714092078147,101.72920376175979,002,003,88,0.9983716075124348,0.7292591546920111,2.3673933072593214
533,16.93552866326153,17.978465165615408,164.39923658465977,67.46032251798748,57.062723053640624,287.9811716799045,32.52040609592569,33.7295554614782,134.95786690067794,69.45375525524864,32.53691505703449,228.29668623703066,002,003,90,2.165213889709396,0.7993178572022555,4.874041010484606
534,84.14390520255242,70.14743013190846,306.4014143161073,119.28306244152566,110.49524901635196,573.0976749816352,49.61905408562096,80.0032831217099,220.11794645977977,73.85306181040286,53.81949634778208,88.75425143472557,002,003,92,1.6861482815779731,0.7865553328375424,3.829860505224209
535,13.406131219392051,10.435485760868819,88.28688777246381,36.97408984306509,6.686879810056348,105.77230748242813,28.445057949989664,16.15415676992921,61.75969349792682,50.036471319359016,26.082416025445106,133.8341591658815,002,003,94,2.1354082085762705,0.6412896342754293,5.465273677225228
536,24.07148241085395,7.204082810942465,16.833175455519925,88.29336917810983,49.76858177714932,134.98534459128615,24.033078479968246,7.920020889159058,26.682527223613942,264.7810752288606,80.95373358999191,152.97460641599247,002,003,96,0.26259801811614436,0.140969720996578,2.125395335580644
537,19.421299825868793,28.559933263063527,237.4055467819574,19.118518401775034,6.421002391773042,55.81591515042024,47.59570742545479,15.497090062997728,178.29009058362027,413.7981987314736,94.85052796867669,565.1472680933173,002,003,98,6.82847390925369,0.8042118917873868,15.319362913738797
538,88.49933610992757,38.4386830373372,335.19393459237915,94.21301871715787,83.80125404245791,537.152238611826,29.155829227277064,15.380905184169576,180.05241371885734,161.55497881083815,149.37713725734687,812.8979549447738,002,003,100,3.140370023562583,0.16836196105868914,21.792861380965366
539,91.70783935983604,86.63102108266212,590.1767565983812,30.783190973831935,24.23298958572144,192.0500349173441,88.66791156513804,91.32991379269492,455.1842205260416,218.54441751175935,209.2071021612817,1277.9984493929503,002,003,102,3.868098294876348,1.4912098223667551,6.462031245731744
540,18.55622364206679,25.61385409124351,181.9010674688854,93.02577887780923,78.30118903018116,444.35916525848234,24.507222149312305,14.9155291494002,123.22541425459167,61.16697261499285,20.170868517876283,232.7451387658567,002,003,104,2.5726204696484687,0.2673465041415314,12.195414969652633
541,52.720848799598926,36.762112955946606,190.40390250793686,39.181864414481225,41.0919151230833,180.93470841480362,98.79874192192678,49.08290336659253,240.17123786519113,702.7871459300468,370.53687433560674,1526.1422541535158,002,003,106,2.0035290700507873,1.0681491688337377,3.879230637312546
542,43.07539600832572,17.98588497158221,35.00058036538235,120.85455737359531,79.46852762518185,287.2990183522352,145.33568902583758,48.05855148109728,94.15817135368499,302.6426040473995,169.15095960967247,247.00719538716803,002,003,108,0.2691865146057774,0.5863303257231013,0.7282903726124375
543,112.18992326674717,104.39650197737691,565.4293145976039,142.8404919433101,159.3071065067574,860.7881277406273,69.35778196618362,72.99325176183149,395.6043227154256,104.982957044582,93.30617722590883,513.9608402892478,002,003,110,2.819977353489444,0.5724278157309995,7.746323131931897
544,14.536634863090224,12.796600392343603,266.4889360118612,15.520213151722455,35.234917254054345,421.1476772744551,12.028684274390393,17.00563622904895,207.64836240876218,15.601844727755088,16.935838485721604,333.0256700457986,002,003,112,8.318924733387133,1.131564841441005,15.670624281415947
545,105.85723567708496,120.63352168224142,677.4597564277328,175.527759291651,155.67920272987953,842.7638680520005,93.09102385665321,96.30894731290587,487.1751847695453,164.14525378928684,143.4958131266882,807.4727340329973,002,003,114,2.858462559193333,0.6845350607526641,7.034234879825645
546,12.786286045665824,13.102269354262667,289.8610929944365,36.396633870986584,30.69247738729581,216.44468999005838,19.603795921765002,41.57616285350363,301.0166483202262,101.55069411513392,76.19531961466022,827.7955483617732,002,003,116,4.380708882632148,1.690674849072014,6.971809640437028
547,6.937275630999271,8.600586925134689,50.42599040420485,18.90990697466261,10.79838095358728,141.10754057193978,14.043441421505948,5.776868395131698,49.805715028850415,54.78012909733219,21.456915499537683,220.87689500386165,002,003,118,2.696510739235925,0.4470017860953451,8.728949139069883
548,141.1564608765329,148.09552578242244,851.1590853889475,106.20550663922495,103.40900543034763,637.1179305437646,137.64184342073577,137.03829279791302,771.6402280499758,418.5581317975377,425.1432613440203,2388.0834923867897,002,003,120,3.2646572843907307,1.107998082115701,6.211103976930964
549,16.801598681106096,27.28760238934546,302.33725185155566,37.52311601329504,16.07063000791794,169.11475661061115,29.781830218823266,26.50063691044049,364.8755628120561,87.02351874885514,113.40658068097827,1384.4827901655694,002,003,122,5.633998922982311,0.9756383281354526,11.40867869981055
550,174.28068571822402,198.3941244441181,1008.3067462837673,186.71179213554234,121.04077393990076,737.6817006949466,150.0364541462819,158.0390467359952,838.4954720692829,417.4331564583366,419.22691670320205,2238.1999452766613,002,003,124,2.97843914352805,0.8755808302466341,6.380111542738848
551,131.15611386824776,127.204130958018,674.5869720048497,59.17265504157997,59.110182848392945,365.1752769006478,127.97273665409296,125.64870029539189,671.8879276659206,521.9348841735621,466.59588765666695,2358.2298537307192,002,003,126,3.0550135775136202,1.320333242473928,5.368833664167952
552,178.6116570297889,184.0580404706278,990.4248435192294,144.50655304802427,152.77927197353756,873.9885538637882,131.0277754702897,121.93858659270802,742.835286897445,311.597222407504,292.06230244606695,1794.3911915496583,002,003,128,3.4935905044553843,0.7547614636967865,8.12232510802661
553,61.01306723228798,95.78585636237523,470.090884001296,151.3801610798561,139.5870280691497,831.7550363570334,53.18376358934401,33.452623919462404,280.64919276880215,47.542971065716856,31.58777408732484,391.6871788427753,002,003,130,3.3662259134348447,0.31500650171669975,14.05243681730454
554,19.06688281302406,12.54984744142718,155.15123480807998,113.32952125482102,36.404193259745526,123.44584779686767,39.60754828333892,21.55257187357385,223.24832735883825,104.46384472573047,66.15338805898418,893.1544962825569,002,003,132,1.7680896463845965,0.32557639348768824,7.198734133364139
555,35.156140542776214,14.718505095799198,37.40232788376791,15.223318046450553,7.802892929306288,24.53203553062007,40.79682217170088,21.853135342399867,45.925346400455844,28.504123872234764,28.893157743276653,160.86999991929915,002,003,134,0.7950690965009775,0.8675414922808631,1.7115314254792173
556,137.84293939891654,132.10772771676326,1142.156815647993,85.04664280320338,88.09237799303473,729.4619023947556,132.7429489820567,126.44929103308084,1112.515532021025,549.8123403642996,580.0544580099561,4197.428387659527,002,003,136,4.8011148718023495,1.134636170823045,9.032528425558269
557,42.17935904028705,3.570936920066612,19.616480498456795,35.829337018732346,14.344514076050174,51.099400342105255,47.75224879536266,15.4007058203806,50.17572873376538,176.56756455454126,50.4500010865323,258.19299060477226,002,003,138,0.36056357103479547,0.3948458722788756,1.2737390563293034
558,103.12689354919743,42.31970771114574,411.11664523081583,95.78332199458207,67.79353530403735,476.42721498311096,15.48032098757201,23.601755877501024,191.40244395123773,247.27668354305973,55.51020554842262,341.2946208293473,002,003,140,3.340867246561352,0.23731064604177007,17.418900837912794
559,5.953409845649889,8.116140569865951,60.790716399033194,38.31691010967963,33.99311102699818,187.15441276224868,16.207621920548725,7.779546483643951,35.646418198163616,111.78048740903957,37.500494660567114,40.405119050182286,002,003,142,2.0321348122756646,0.3514565285045971,7.814172269147331
560,15.340932030592139,10.22627419356252,91.87152376050292,25.52439390920429,18.680267615749173,73.26019460494173,14.35681485693318,24.09980773635082,92.7352588356104,32.29759443824349,46.46815567564957,378.07729493039335,002,003,144,2.063023279496842,1.1794746368525293,3.8121268337725778
561,28.967310373323933,33.4969383076633,58.411440158816276,49.14043221658547,24.598631356293566,61.886512308318835,62.89623914540074,30.561951002951048,52.12476175306458,257.7708094806168,140.81149925859327,214.26323088977813,002,003,146,0.839054086136586,0.7825588088855941,1.9112470978432003
562,47.678494140069866,19.30889216034913,77.28973287280894,26.421196832982695,20.181868207536773,50.37627480871408,32.55660660630497,16.25862150655128,39.202749488182135,83.45540000431008,48.63557351747572,140.0788380823656,002,003,148,1.449858479007575,0.43883102056293233,4.753769121303775
563,37.795108133896505,7.37782388403755,27.76780298938128,136.02885841842868,25.37261317754615,89.72161063472976,33.89884514019582,9.732298260075167,27.541239914276137,40.203029773693686,20.011424825892615,32.260303302631215,002,003,150,0.28731966907912143,0.11197878466483516,2.853159885501374
564,36.99403812185745,63.84077560334251,341.91497237547804,73.22723152766163,110.2089583329691,515.4416256083268,36.777447362639734,33.5246417645842,174.97259949008966,87.046712966626,40.571361962459086,289.2917304704353,002,003,152,3.8575495618928892,0.6083152892574301,10.198915018286064
565,34.47446221762249,12.353894307147916,53.50742957641952,95.76201341667073,37.53474083686079,104.30345186017631,83.19296411532068,17.42647131323544,34.59458820090042,293.4023157987621,82.18785826729898,35.97460349505745,002,003,154,0.648223612877511,0.2676127594571791,3.070468404913422
566,165.40899233580294,91.53147571617036,94.22875799995077,157.06128151649915,58.846860106253764,87.75225047737106,212.57694555396003,93.5284979686405,99.70297847434216,548.5153225290883,255.9525992107431,446.4630603630915,002,003,156,0.36986737938035763,0.5800751607354571,1.0074871300888963
567,186.02404299351963,138.0022652410842,92.98486160636843,229.81546136581275,186.0392025833615,148.42972409925767,36.573544608624594,49.29215737590886,51.405196705752864,133.30147611743385,156.51582322280976,118.41187759691427,002,003,158,0.361510716074667,0.23707299022420367,1.8864027576892795
568,15.571265323865699,2.869552072269333,11.8049661443082,44.72088477878595,12.094021526546868,35.48012778383311,14.856774723835212,7.731499008708726,21.030034294471665,86.98744634275518,15.197800383508737,22.60066876620345,002,003,160,0.3116610933318424,0.256467848485924,1.5268664111592252
569,34.40607494616977,10.758381200117483,71.5762853672814,69.3504731857347,8.612225889910562,45.05427902029347,31.128700829130636,17.391069747546336,69.29485216782675,190.73798396594944,37.221235910209145,214.89294734280134,002,003,162,1.0333039325447353,0.33522837952236567,4.115691927311138
570,72.01894136498035,27.035565956255247,273.9237896876789,36.26443362344692,23.837179109834523,251.22656315009348,52.939834907113266,46.346705408928486,297.7772014948335,172.1102476522012,128.04556354045013,823.9246972353993,002,003,164,2.7259246742228846,0.8560262443589658,5.910318484793716
571,153.05552373919443,31.93561381312216,239.23286597565493,38.194380995673725,26.441397276907367,251.01046851977816,82.6204827912633,14.386919527895785,147.17903654257088,543.4653840223002,41.68343433304475,296.1471461494126,002,003,166,2.174609538534819,0.15045152098601597,16.628498234927214
572,42049.49587906052,41662.1770497995,34090.26129085927,16127.676517777403,15940.614067654857,13047.50695086929,171672.35355568782,168193.66734138466,138288.41599701156,19048.380903347545,17430.091245278454,14585.516266842798,002,003,168,0.17279943167306344,5.78211901376377,0.202684570886167
573,4.35535655815197,2.064487324358172,2.410566166176136,2.3946570512462877,1.6691867150441344,1.9206379336731056,4.2801447528189405,3.527724770994089,4.320809652506054,7.813652105466521,2.274475607627376,3.005953352388994,002,004,2,0.3492191663173649,1.0452496765583779,0.6833203616099719
574,15.081039327279912,4.355380281073207,10.754027111402356,10.226906884143482,5.131909124841327,4.37677727114447,9.966747245160251,14.232457647769309,7.40442131655972,7.33522604243919,3.427584510623654,4.296786858106499,002,004,4,0.39997972248547814,1.12474220775332,0.7555987432070711
575,16.278889173195118,6.4466640333514516,8.565505242496245,9.482103751476334,9.414778771027631,28.42316641145727,6.972924515292166,3.8109285396240224,10.487127406627371,17.346874912892556,11.193085107624832,14.630416516127598,002,004,6,0.513168003420353,0.29586814070153905,2.24761633639588
576,17.875302172502273,13.479348423803732,35.198381706493365,11.073266491637131,8.123412237204354,31.534204748756167,8.078780302436959,4.514233031504233,14.230933780642118,26.330659447907372,8.884060946496954,55.372841312718734,002,004,8,1.8536666677312652,0.3118795325515576,7.797200866868975
577,35.22120713753412,14.185778464149948,22.439737702589333,16.452196951519436,11.394819239417297,44.641764355803694,16.19245392065053,4.358619454519593,9.408379809326357,98.98154250213096,42.98658208452834,56.85306494846046,002,004,10,0.7431527994592813,0.16869875446982283,5.148359001454199
578,2.0359521894042274,1.132523364769418,4.349459695737089,4.985627527123595,2.3137011203328246,13.299014023446368,1.1756092872031072,1.5078013328119977,4.777277468537443,5.825292597706838,2.8466566801792617,8.07025325679397,002,004,12,0.8666694556574615,0.42947638385784986,2.8846371210095008
579,60.170259362157935,4.418449777474661,5.741240386441941,5.3781257379837655,1.5292361543388417,3.8968758256428466,9.064200172833328,3.1770158537344964,6.970803498459336,17.579644323577256,5.331490353731672,10.033244189322113,002,004,14,0.15969533824721854,0.09693651030092665,1.8071173235390903
580,12.660314393359243,1.568346004300269,10.073038738519775,5.005276073814193,3.9482203639305458,13.987633960373218,3.3927459055735714,3.4921331798553683,5.166181653752309,9.48220278871905,2.716738648443466,13.553447300472877,002,004,16,0.8172898373619513,0.3953599158029302,2.8844944392805103
581,1.9515883302143653,1.144845191920536,4.062423117994207,1.1219333964573377,1.2737793991074704,4.916053486115665,2.087226145885066,2.5003911045760043,4.763263745139955,3.893585232755905,3.0880270344855303,6.146029479137508,002,004,18,1.0062596479605455,1.627052825348765,1.6247150737976568
582,3.2080847637178405,2.2180098120146834,6.318254184186827,14.279358458013983,5.572202380636812,10.739470731559068,13.89024455524634,4.041486601184205,10.676654868644992,122.45553775971386,39.30618515811709,56.695228161759715,002,004,20,0.4941846921375785,0.4622158368081858,1.5633490365489522
583,5.193646574603189,6.743855206954492,11.413679683964494,7.808942678237947,10.815408229730457,28.905274618119403,2.7628424863570675,4.116954495257961,9.340515415616439,54.7586317388157,14.00742016310336,12.151947831903296,002,004,22,1.074911650044261,0.6332514878693694,2.7723599318649583
584,4.166053632265054,2.066250583941945,4.061200900246967,1.5486474326161441,1.1851804255822702,4.0125906094062,3.122953415229416,2.901144325836464,2.2454364486210685,1.4413142280710673,0.9538413621565764,1.5834642623416708,002,004,24,0.7052538901566502,1.0153267136456157,1.399861724933672
585,35.626415795251006,5.837175166201471,3.803430322759409,6.917087718571494,2.2979259891133705,10.831991235209182,18.016791663246025,2.5470133083950435,5.01472064164684,26.34105211099079,3.4952579120390026,7.133792464128498,002,004,26,0.15968209570610245,0.11973688568302852,1.4932903217361182
586,5.227703061148226,3.5980890099407565,7.490492522835476,6.481906462714495,5.2155712899571505,24.65975990105469,14.834966126573068,6.901384331058797,12.024474202294801,24.80811700819403,16.175727577470777,16.61107325521142,002,004,28,0.5872045693452199,1.1787556736191138,1.0853608730534645
587,57.110089547850066,3.7498493584537522,10.91971294465578,7.406830408365647,9.889981578256933,18.571450811199803,9.06802149857934,3.9747191023525104,11.963357363380737,19.038276944752894,6.159964134622706,14.284638369988937,002,004,30,0.30137330540075363,0.12321478164332537,2.7472917364632754
588,2.2398374138098993,2.153970953569126,4.256297183382843,2.2863138180380833,1.9207578829725285,6.217092610134683,1.0347913032585017,2.149945158824038,5.5678250099076845,8.039650539955383,2.5587265175536835,6.186989331993953,002,004,32,0.9644860970829817,0.950010306193961,1.9797236063969756
589,44.59490126514375,4.761442841160912,3.5989135750090107,3.8942301419422485,1.0398624506883496,4.190439063741287,9.727400125166195,3.173240220862673,5.078896319275499,14.500135225467655,4.236086555207298,8.05338845033404,002,004,34,0.1312619100496833,0.13088459738418615,1.1341446989571482
590,3.785953776804682,1.5134190437841837,3.8053724440162657,2.25959565503942,1.5732704716969326,7.19389097008607,3.0638710720120512,1.3555290523896424,6.742307655425134,6.190834503236082,1.8234700218949607,7.382537975087343,002,004,36,0.8691430849448909,0.4484386630765366,2.807296853806143
591,14.359346893578252,1.167968260048458,3.587032086534834,23.711108666172983,11.69189721451903,5.601868789332023,17.856786917141118,6.13195409195965,10.639938270693264,71.06595753064985,8.617636101590987,8.082110150115609,002,004,38,0.14252815848838052,0.3221371534330921,0.5849737347574451
592,9.268044641395527,19.206609168542116,10.188984864930676,6.242391755266894,2.7803458646483548,1.795561186355673,14.545765314969113,12.18682308173512,5.9806567423895,33.478436318279634,8.812427246753625,14.463340187348297,002,004,40,0.5109298853530798,1.5714352285223279,0.8360657077398059
593,2.7498650657565076,4.505533242736372,10.601498906167627,15.226825035763628,6.273856057829733,15.778250717968515,22.818375512262612,10.380102722689998,12.245899111110527,16.344862724515572,12.598638422341528,14.745298422916477,002,004,42,0.5473592427318817,1.154840258587118,1.0213289010130582
594,68.08379838602607,3.0204502865082596,6.730566339153608,8.806502840772932,3.93148963574613,23.428358303962057,10.122337517866441,2.144494729449346,7.117515987268942,13.616540931092274,1.787227479379637,7.038368915869609,002,004,44,0.1658197868521019,0.055780630202601246,3.1385324695490637
595,38.99923008981999,12.639955976412228,4.553340708598679,8.404387637911755,4.387112492468647,9.66271691709503,11.750932275572021,7.607190114462353,10.349382359826429,9.38272859266598,4.2837371089165845,13.572132288326932,002,004,46,0.14543233118856516,0.32095398955223814,0.5985575015329417
596,76.62416734610039,8.955607699280279,5.401557850036015,10.34232551907503,7.976792691199071,7.426530934520385,14.884412495762394,2.7840001104575443,7.522994101242183,59.77711614562875,5.95684073478437,22.916552890044542,002,004,48,0.11674690528667217,0.06402466096393224,1.9402146680045502
597,4.949542299119612,2.2014541734725412,4.1646995739388295,6.386665740713941,4.112786684551496,7.053965030473824,2.909914617429418,5.635216305390123,5.326863118212712,55.46722177778774,31.812236562478084,25.49856550482023,002,004,50,0.36844922147473097,0.9941977574139269,0.7390487513239317
598,25.117581228792595,12.744476943186795,25.27852275263115,28.38554955872687,13.359912199070639,17.95883991747709,14.460101870471904,6.12695089078988,8.002963451902989,37.56380414787933,15.266286968816074,55.40821037782462,002,004,52,0.768846213553442,0.22903149032987422,4.125791638158907
599,1.4893795114365502,1.7856697776400803,6.016324691327608,4.652124473403584,3.3188454419494766,20.378303557419702,3.9334938326810733,3.114066424852053,13.41166575908012,32.51399156329403,9.631464640639065,28.390482281421487,002,004,54,0.9727568839411734,1.0141054805268888,1.9319834167035916
600,3.3726273655790813,1.2866174505589272,5.1555155496947105,3.585666572327118,3.9204304833079733,12.443494349934364,1.2710800283541406,1.7116976484287916,5.215700100673739,22.83418068527481,3.743040130579679,8.337538073194086,002,004,56,0.9931939654735803,0.49198773828857645,3.0119311984958803
601,1.9566510616058939,2.6055108239402003,5.291753970531186,5.549965865352053,3.1927638542328216,17.51818978328257,2.331748971709178,2.9042711241005934,6.47356920550868,15.377800544339998,4.126014870928195,11.885205172188979,002,004,58,0.7948465205588415,0.7737896185086264,1.8220592170677448
602,26.78142695255651,9.620785387556634,4.04850586980273,4.495284534812916,2.395391432454626,5.813590069666898,6.238432755273699,2.1374887424563793,3.2196157259717184,13.281249171007563,7.979228303608295,10.477189822554738,002,004,60,0.2277532228052029,0.13668244778991986,1.8940478091829527
603,1.5690784167643517,1.6448564880397742,3.758071303242094,2.189157230753681,2.3748596766564876,8.171445552750713,1.245587418086895,3.0709793425709506,12.540169724828576,7.858607422573227,7.071666417206007,9.175589251119415,002,004,62,0.759191421292514,1.63426651790664,1.2237370831989791
604,21.870044978915644,5.354309464300405,8.509393204391717,7.916574925955173,5.358109761192286,11.330052883734917,6.475431593468196,2.9026998608805394,8.575871499491887,22.41404521105372,9.203863695475281,20.389208237384697,002,004,64,0.4781629867401244,0.19489958042576555,2.9315442905662237
605,14.792469571541877,12.687193557823985,42.360344273344005,5.711995468232393,6.448214519792258,5.154846375220991,16.862424782621062,16.81986217362056,9.272477581077391,13.64706755737992,9.396189422727907,23.315322374288016,002,004,66,1.564723555857784,1.6406048283623718,2.518471544896478
606,86.63712518819779,24.222710171027295,19.66586400222457,10.201902914082948,1.418794044645947,4.508010260790597,15.725424565862753,10.022734091911683,10.377264194737212,47.29371442335116,7.072555936171125,10.73414303219829,002,004,68,0.33650081280390576,0.20699782491261146,1.9621256856544627
607,21.68069793681304,3.4872805854652813,5.982502546121448,2.8600075855089755,1.979889563864719,3.1965732346208284,4.141489974863447,1.3670548095352177,3.427907991375837,16.739627455070423,3.4268226469545437,8.538899083183702,002,004,70,0.43868326990362333,0.11141120684503195,4.376198016636529
608,9.98310233643701,5.401894208970164,4.736668890430865,10.764701125064704,6.67110689755953,3.7333239485850207,14.261966667946945,3.662897624986653,3.032586950753449,50.41692294230157,11.202182504594315,5.73336474553799,002,004,72,0.337446505459577,0.353087750400498,1.2931480416267775
609,58.10935459496616,33.330416109890514,37.80532939698079,5.271846310007458,2.6982590386123375,5.724078694760376,20.003965604644332,28.273531779140246,26.871470055972242,80.0587037403999,27.61298297154502,20.034538837897646,002,004,74,0.6304657132525134,0.8921740634586675,1.3371279432756593
610,3.6487333841490948,1.9303777046209127,8.972641499187414,13.60448949414302,9.278232601118136,22.386138696980808,23.75863424653227,15.131659679906376,12.486004637217164,51.20359690967064,18.77312248237291,25.996258650651313,002,004,76,0.37766390720206905,1.7540676065739493,0.5929714049214548
611,14.584773902456345,17.23012606522795,6.1653015873939765,8.501444280125018,5.896001169213244,11.169037672714376,15.808376470721555,5.956595850554379,4.902904103311329,41.18373698116823,21.212713114494015,15.647116690118454,002,004,78,0.3523088879431098,0.5160304562181304,1.0350377534544624
612,4.0434483533383005,5.363089976436462,22.998220474833545,2.053492167406882,2.117687636167934,7.971480560759524,2.1892218703292547,2.924535383098743,7.652412743232405,3.906913236019741,2.165183909574532,10.062277113272032,002,004,80,3.8503597430836614,0.9593452234437412,7.863888605261248
613,7.607961597358499,3.9594478564588593,8.154950548058014,4.398825142834693,2.5234431234226373,22.661141204097703,2.9943351862649257,3.424050431508232,9.379262535553101,9.118262406285282,3.9873986857842634,15.051776356269912,002,004,82,0.8650224514379818,0.5703525023970132,2.3816677678038483
614,0.6625130573781548,0.6095314551328789,3.556385922773537,2.002912022822783,0.6973804963792227,5.751031776952427,1.214925855307809,1.411853312006139,4.259207317385744,2.0123667345087957,1.352850928667696,10.230951836181939,002,004,84,1.2957917989265266,1.0593832274585664,2.5189485993556766
615,32.544652292945614,6.75468679434035,13.679655157572387,6.464992812236122,5.126155506486072,35.30986621384853,4.974711889585675,5.9919141704089665,11.32621159383297,13.446767549253835,4.555147145109925,16.691176475155068,002,004,86,0.5365257250835705,0.3072016755985841,2.2830192103100018
616,1.5826600965153668,3.5058579833435344,4.763019647902787,2.1797086425929417,2.3523872974079536,8.987328280177916,1.0977951275429185,1.3867822473569418,4.699913281703112,3.4780446689464823,5.171309328714738,11.052024356109257,002,004,88,1.4574872409207245,0.7371857165098671,3.434583660831102
617,1.245019994320813,1.3376045096518405,5.65317121419993,7.9032621204650155,4.615232627826975,16.86008639778999,2.057110410489674,2.1154612110600697,7.791222267799989,23.02269250190671,4.0662257681915746,8.971676883884477,002,004,90,0.845068359423895,0.46248272287995457,2.6723114489852042
618,44.89043507372098,4.707871495739462,4.214984371384413,4.256965704175552,1.071810613017208,4.032607288221106,6.764914023740923,2.290831759415982,4.757198463146656,9.257075731291035,1.549374289522502,5.217696865138526,002,004,92,0.15689773967052165,0.09322290591799748,1.8399362389051954
619,10.65629000693588,4.11519827088023,15.588784243258125,3.0314024887365494,2.0980346215777215,11.230418328041978,3.1782257116370145,2.5255253474575885,5.3918608692849155,7.695053241996752,4.4308465401932695,8.306202120935101,002,004,94,1.663802538378167,0.3690213450157609,6.1724916991829595
620,14.257008150395322,2.2176192013466745,5.581907696684213,15.345630286253147,3.7665576729894816,7.5826728544160495,25.01018440222883,8.051580091683308,12.042313112861958,87.04423643405507,10.763560724884972,14.376806825865385,002,004,96,0.24425380871650854,0.5439771937163103,0.6932686048108637
621,2.2862362740359936,1.3871046800003697,2.8419216301404333,3.90427185894112,2.0757341612600904,8.681891477411696,6.3239851054838,5.817782826845523,8.982334391740837,13.268368967227502,1.868649686395236,4.952355932903937,002,004,98,0.31884997943471566,1.8795816762937227,0.48848877909754496
622,10.04833614315979,13.188165880090171,22.51393492018994,18.260787965458704,9.107073975512733,27.403279443963385,9.683074409076173,9.187846901098203,19.93711345393733,6.667061981410479,10.764466629472679,32.87775230012528,002,004,100,0.9645077748059252,0.6491085252829164,2.4504037956377895
623,14.44100420542866,7.882361786909807,25.177031063142017,11.955664734076123,10.8213880954351,18.355889191326824,40.29419753060952,24.810578892568717,32.43969697333391,6.981916491175121,7.222880153458407,14.22172767484961,002,004,102,0.6623980755024804,1.8798265000352106,1.0147699967888721
624,33.03132862173918,9.63187321219116,13.920865424366042,19.908276787813698,15.020183364890787,44.92770129634227,12.903016021859484,12.08667358725448,12.188177957067396,194.91705463135895,30.290853489962995,34.807558343376044,002,004,104,0.36105128795816044,0.4566212193592761,1.151753236642854
625,12.369399561451111,9.414054164864105,10.760877065461923,5.580808224813811,2.9707624018116534,26.389939263761576,4.741132225211658,2.8590798192278224,18.04802055060415,6.484685041028634,6.385809159392588,28.10418266944984,002,004,106,0.9093045474883629,0.3185567379799941,3.7637553848945045
626,10.504832508660876,3.7487591439981687,13.344460621883034,5.832643405783009,5.988670433944045,22.48500504793566,2.501184027571135,4.447082154800166,11.658233815031465,20.598325172996987,6.493781589765799,13.689303427558796,002,004,108,1.0577560953937963,0.5444025965930909,3.0007227564885586
627,2.1380801439364623,2.0077278877280214,5.763252900409293,1.8639209790646956,1.7354747803055202,4.314402682576368,1.9737246307413017,1.891529926593649,6.2335151012502115,3.5244761776876636,2.0628226947050727,7.267950235366691,002,004,110,1.4805928734628784,0.9452920518798674,3.046873760431597
628,2.771603296508645,5.923674246209572,12.482357576548996,2.8375508595532333,2.342897336678366,10.74253476947812,1.8522507541650115,2.876725595397531,9.065551553064026,3.8535135953652553,4.398473953708761,21.17072121852563,002,004,112,2.197094274686183,1.0257252752765298,4.33908524209591
629,5.594819732373459,2.647448869456329,19.136217393064044,2.7141515967963885,2.2426487976731835,4.005131650230938,3.4222560497253713,2.828385015748401,6.9343989683700205,5.7425854672102545,0.6229756989106487,3.8182141477425087,002,004,114,2.7404513514706226,0.6808026899356232,6.765775269814364
630,9.280693361953798,4.926049352763668,8.038440142761054,10.892901011232727,4.831098469259891,3.3958585341415715,8.08484994467798,6.591383612176184,9.329401420127914,17.305095979713204,12.322722336682402,14.297439808052028,002,004,116,0.48197343821540467,0.6534664562242847,1.2195375987390173
631,20.94892397563216,3.936925123410035,11.153556423419534,9.111676363811924,2.9106472716849887,17.598581638852593,10.346277498824227,5.913942020684077,14.43875083599084,42.21117146672194,13.660095782039411,27.819388307827516,002,004,118,0.5325356879480996,0.39346799158392626,1.885976626826886
632,2.34352543490876,2.054297204686625,5.1589436096481,5.384381998162679,4.4255296728008044,22.06760453619762,1.7480813198700238,1.6203604487996013,9.633853291384057,4.45388304383212,3.775187432725171,8.653636201132688,002,004,120,0.9406725169495597,0.41935296529699573,3.1838246937401853
633,1.1118381713700356,1.5248276230972642,5.248661394829317,1.6373993834480118,1.6575897994555375,4.964069715422195,0.9015799835325486,3.1588855693419067,5.789476288026174,4.837563832009851,2.690970754616776,8.404269020174297,002,004,122,1.1577492803312133,2.298008452420526,1.661554772914036
634,9.060984814845007,4.31468664843567,5.817317230658036,6.376505207863065,2.9141334212125685,13.484971878419167,4.301760587339626,5.155051359644304,9.804690679559044,20.039901430559855,5.321688245459569,13.623874227052115,002,004,124,0.45187270817511876,0.6678613365335144,1.1284693060864923
635,9.666538418800489,8.934102329533907,7.0020564860747605,12.011986308508966,6.599458066360208,2.527324703843838,12.307435262063528,16.306050436988382,6.614980416382848,12.573035570156181,22.1330982306483,7.80809478200198,002,004,126,0.2579471652251092,1.5043505627896243,0.42941462208355546
636,12.239667673542852,10.403035176498427,30.491280417699457,28.622441065674106,37.60507498832079,47.25082768600498,109.50727230319436,98.76127198666866,112.49534553369887,101.8985015217131,224.58429778685127,129.66198799445652,002,004,128,0.25581580081387234,4.833880337256487,0.3087372185912646
637,13.83146127418551,11.439351825802659,31.636960137132164,16.599850182690588,27.456005284161648,39.71450428621375,54.118430731558426,54.18723464689069,68.6582921811745,57.70996325688884,180.52362870046676,86.24662587118203,002,004,130,0.4558449938617893,3.5612815914081697,0.5838452606650508
638,2.2382624052038684,1.8583123741811758,4.874247355616867,2.715219114301858,1.9602853407458167,5.109095581340958,6.473435377070949,2.392531327275692,4.746251984533641,12.065901184301445,4.244269400689581,10.465956258022416,002,004,132,1.0010217684490388,0.9659999004152643,2.037276293960604
639,7.11865969521334,7.5956194314295225,12.343414340509312,8.173724660029865,5.326467479089218,3.5513586032464994,15.647270292841574,7.113784217371174,5.019920483578782,48.74124507826325,10.593481483775546,10.122885598194154,002,004,134,0.8362760217351523,0.9303695293183126,1.7351403926995546
640,9.165348372613307,4.57175364272356,13.659130496846306,7.29500205326948,1.9347873713132628,6.792926674734709,6.016105082962866,6.454115205909403,6.537802593908134,29.148826682607574,7.548828732071304,9.353940294042562,002,004,136,0.9301866217050261,0.7842014342247227,2.1163443882036646
641,2.1945057392527665,2.1678869972982278,5.989105383757754,3.863625296552863,2.3786558913248244,6.653518658006465,6.693467828846655,4.464320908298137,6.755094948440293,9.535792725272074,2.8785575477980565,9.222316232565044,002,004,138,0.799252172931665,1.473827780189128,1.3415490299152546
642,6.962856268231723,6.218872967510903,21.006145543617773,8.949300469364244,4.026784073376725,18.36713770215916,15.078935126060337,6.300686478631322,12.65101155159929,15.323645075787509,5.443407435635967,11.79630660331691,002,004,140,1.4734160076579699,0.7919336872473818,3.3339455335319066
643,7.710185378797749,5.960847633789045,19.884833003301093,46.68330546913134,29.04676432808614,31.493225027652436,17.023795289506054,19.27148735695627,15.742323513040784,42.92869714110601,22.42887989464341,20.44166419013034,002,004,142,0.4279231598294291,0.7085953505295198,1.0318265858251687
644,2.0823417732127565,3.4290389655908093,11.509586993975883,3.952855623854811,2.1522930552015227,6.861846180911939,5.3515168953816,6.222823994013141,6.828150980064203,30.196301857759487,9.645848596541605,13.091043183565107,002,004,144,1.2455693183017704,2.0621774515732456,1.8495761739443435
645,4.852658548649398,3.686649975702278,15.478398864432206,8.458514398448592,2.2897634350653573,7.333693223852361,30.37658354150022,5.25103141340307,13.594626336373418,41.322333760820555,10.234547414849493,31.315671114218134,002,004,146,1.2999828340333568,0.7889659963508872,2.9476873486081505
646,87.07143339830228,18.867833280097532,34.880819569856186,31.88592467766952,6.909479806632332,12.773502652840985,7.093748755050246,1.5371708448732535,2.8417560242396043,9.702269522033905,2.1024209276872523,3.886729543869116,003,001,2,0.5716681753482395,0.02584406496135436,22.69156983180504
647,78.72662686589042,25.927937138867385,47.29717654347919,28.830021470872946,9.494919497596868,17.32042473486302,6.413893621856015,2.1123606746949606,3.8533221991182134,8.772417342888733,2.889120167815415,5.270269898474787,003,001,4,0.8462443549631694,0.039279034952466915,22.390672724632704
648,83.95333516868314,25.570742151420223,39.37720360788469,30.74406400756408,9.364113192700216,14.420097375850908,6.83971589293674,2.083259838764885,3.208078449714318,9.354823428186672,2.849318341833523,4.38775643763709,003,001,6,0.6625594038561929,0.03632619141718619,18.901724535346723
649,18.16689695394136,15.072511035916207,31.928293209863696,6.652793979519739,5.519616857530264,11.692275096921525,1.4800652478136518,1.227964238367385,2.601212376650255,2.0243164003042184,1.6795125420220542,3.557732932723937,003,001,8,2.341159900326855,0.09895080818366546,26.00099596736898
650,175.03953374871097,110.00700429662257,113.90912502613958,64.10021255989597,40.28502708773479,41.7140000908025,14.260549369097454,8.962320009208497,9.280227536242984,19.50445360962934,12.257953766707729,12.69276258456838,003,001,10,0.8862303071513788,0.07495466686363991,12.709781051011523
651,31.04969028426673,2.23261132724472,23.732173083124362,11.370527014757366,0.817591646727252,8.690821476481506,2.529632202000819,0.1818918467863842,1.9334707916541831,3.4598312208274207,0.24877730834850956,2.6444487084847994,003,001,12,1.1093947518947964,0.008575714994772964,130.47408942411636
652,67.23646483150279,5.124584893363216,4.653411494326574,24.622275866334917,1.8766445151608742,1.7040988371413972,5.477784964336388,0.41750223108372,0.37911552281001554,7.492081823437038,0.5710265914253551,0.5185242823367511,003,001,14,0.10040400215341382,0.009090092633798707,11.145836232413917
653,14.664483822721571,7.347222332600284,10.380257332986432,5.370195578029807,2.6905836822024947,3.8012938404309162,1.1947220781934036,0.5985815007380578,0.8456842233910262,1.6340465396811945,0.8186925209227118,1.156660117124829,003,001,16,0.9778009026571719,0.059754537496178615,17.34142689038578
654,12.738431959887887,6.175732152642237,7.752035166384786,4.664867294955934,2.2615790571381393,2.8388278424600113,1.0378057685511497,0.5031396700331966,0.6315617839789912,1.4194287993116737,0.6881547196624576,0.8638003486688364,003,001,18,0.8421741026193863,0.05782118237071156,15.407322515184134
655,39.830611933642366,22.302930715973957,19.08242952792846,14.586137409407291,8.167426917708971,6.988065854057865,3.245017829494718,1.8170297745836812,1.5546540974909522,4.4382792050745365,2.4851898779219503,2.126333140380295,003,001,20,0.6574388847314366,0.06678200357499892,10.501990553402262
656,12.89738515077715,11.517660937749072,8.569531042084758,4.723076621185649,4.217815818467897,3.1381982662542223,1.0507557563479897,0.9383490055171909,0.6981635398497582,1.4371407702674535,1.2833996905767038,0.9548929723876556,003,001,22,0.8790542968784569,0.10650674399580903,9.132562609113098
657,15.96943369458411,2.861563770238565,4.536520234954699,5.848073702901881,1.047916673437624,1.661292766926681,1.3010369298920044,0.23313288457961165,0.3695923394502822,1.7794556006716733,0.3188607545525051,0.5054992239574534,003,001,24,0.40715907499409043,0.021371175023089516,19.458946099067116
658,47.572217626415956,7.217821081216989,11.55228760006096,17.421145934817865,2.6431964003598734,4.230496247664488,3.8757299195782475,0.588039122714723,0.9411700552357549,5.300917409513332,0.8042734885439308,1.2872580996701901,003,001,26,0.3491728896191971,0.01809535898725103,19.645440505266098
659,17.904104003672263,10.36905800454263,10.045148681559088,6.5565580971979625,3.797192599308528,3.678575644562832,1.458655388218533,0.8447718090767407,0.8183827711683133,1.9950336845785523,1.1554121888570954,1.1193193461230408,003,001,28,0.7682653658247484,0.06907186776818168,11.890961054367486
660,19.418070223096187,4.096108162740519,5.121844681077382,7.110978886576891,1.5000120160109516,1.8756410379106327,1.5819988955556,0.3337117702780887,0.41727898475896685,2.1637331964026947,0.45642461408116597,0.5707212527269467,003,001,30,0.37665507192413106,0.025158215727861123,15.348109168607529
661,19.66030087841633,2.1286388472912066,2.3124762829181966,7.199684770111638,0.7795164878035576,0.8468385289894069,1.6017335357534752,0.17342116218353743,0.18839848056702582,2.1907246792884085,0.23719177467786243,0.2576765683591445,003,001,32,0.16999234789311082,0.012912975044202347,13.334452691943245
662,51.093909028007054,24.148079123151597,15.610669413983953,18.71080411990336,8.843128015465,5.716692716258141,4.162643698537991,1.9673548433859707,1.2718082429448656,5.693335425596196,2.690792639423804,1.739478910160784,003,001,34,0.42340091131393237,0.05636739282109242,7.934851949288811
663,66.0639941130953,34.592305345743085,17.21461868958959,24.192912163971265,12.667847531990324,6.304065678811278,5.382263248724791,2.8182506409217276,1.402482710251713,7.361434761906799,3.8545807362287006,1.9182051302798313,003,001,36,0.35903654125575135,0.06244952895394817,6.108263913659373
664,60.63465947047935,7.920379802475647,22.534009143483445,22.20466701045228,2.9004763553742228,8.252048808570972,4.939932918803143,0.6452768970315667,1.835855837777124,6.756450256977585,0.8825587975446059,2.5109386809098613,003,001,38,0.5356957378241044,0.015578999116563307,34.92145658266313
665,6.3382179025172025,3.038574129752244,4.561128586474909,2.3210820213076553,1.112738610671277,1.670304448627218,0.5163774569960338,0.24755399800821706,0.3715971928924515,0.7062603195964349,0.3385848150067588,0.5082413042198257,003,001,40,0.9964879490653031,0.057176446176002454,18.42478256531131
666,100.28268990937161,79.50390095337086,100.54460348564136,36.723942309495925,29.114662506860576,36.81985616136743,8.17007575198079,6.477218490589812,8.191413968582617,11.174384616416157,8.859028099079527,11.203569344510207,003,001,42,1.3409427396321838,0.09455335680746435,15.522805604244148
667,42.28067329968236,12.080558645875367,10.897508140111244,15.483360173799259,4.42395132378772,3.9907132588520495,3.4446254285295708,0.9842085344165054,0.887824878780107,4.711286720755882,1.3461227337656552,1.214296778718115,003,001,44,0.3648773168076009,0.03407686323941824,11.072356882753414
668,231.71629615884348,11.839155900449317,39.9244715308988,84.85548104062521,4.335548624336031,14.62050918820529,18.87803063816057,0.9645413444095708,3.2526646130058303,25.819879956453367,1.3192235039259197,4.448737871875984,003,001,46,0.25070244108541534,0.006093666042768071,41.39218268071023
669,119.23785988039643,34.303693768319405,18.80510526141435,43.66540517922721,12.562156759943635,6.886508542684844,9.714361956259125,2.7947373261846815,1.5320603650398612,13.286537370966363,3.822421080620953,2.095431216824395,003,001,48,0.22321561502956364,0.03431161831117123,6.728755896027874
670,78.65543587302027,8.105539648237134,14.467761379514705,28.803951030231435,2.9682826687056916,5.298154992940751,6.4080936597175455,0.6603619527620315,1.1786950124596367,8.764484612562153,0.903190945863807,1.6121259844477733,003,001,50,0.2660001221169473,0.01229044705711138,21.90883547878828
671,12.46136288299942,4.185313622756409,11.189204749627418,4.56340343509492,1.5326794302003368,4.097533782607694,1.0152328265131947,0.340979379139402,0.9115895324656582,1.3885553112427937,0.4663646757308976,1.2468001958980617,003,001,52,1.2638367288548082,0.04005686454292189,32.81490152826208
672,69.33807840196773,10.128127562136571,9.099195054801626,25.39189558423842,3.7089628592063755,3.332163452709568,5.6490043650891115,0.8251430978085907,0.7413155046694965,7.72626220264916,1.1285655871987794,1.013912823180682,003,001,54,0.18881864476472274,0.017420950583787592,11.027414613255816
673,71.10820659678475,9.378743401284265,9.151991468252433,26.040123965084977,3.4345352315107642,3.3514977211005457,5.793217503522324,0.7640904339138718,0.745616852167646,7.9235055483068635,1.045062573404693,1.019795866712833,003,001,56,0.18549483226862576,0.01573038732615697,11.977628644522522
674,16.305640418643662,5.183615009529246,6.525074400168695,5.971194017580095,1.8982615916727337,2.3895096556894595,1.3284278425845066,0.42231144113937746,0.5316007397174,1.8169187286417738,0.5776042492702873,0.7270815238811876,003,001,58,0.5644172259805722,0.03791485207186064,15.450858689890888
675,64.81071211944835,42.69265409344587,39.63617462984122,23.733955033148174,15.634229271113728,14.514933651968137,5.280157802251694,3.478189688687644,3.2291769350945567,7.2217829930675705,4.757193266025483,4.416613280293372,003,001,60,0.8300678593590469,0.07856350473808627,11.395633412045548
676,3.1347226842139064,2.910206845180224,2.9246418148662237,1.1479486152137224,1.065729971819948,1.0710161183567903,0.25538726389001976,0.2370958577252663,0.23827188118377762,0.34929853767245156,0.32428099635894914,0.3258894684026868,003,001,62,1.229651476495643,0.1107233505204818,12.335271661536737
677,60.97450661966572,5.280182136363081,16.50060322343173,22.329120464103177,1.9336248791762043,6.042590215687336,4.96762041856432,0.4301788083001112,1.3443115497862328,6.794319033325706,0.5883646129733158,1.8386432093928031,003,001,64,0.39210603638065067,0.010327973063346442,38.35754552539511
678,33.43482193836578,10.574484051616722,10.281515004078791,12.243972245882764,3.872420480694994,3.765133984790989,2.723949948264688,0.8615079613233658,0.8376396415411869,3.7256036935018964,1.1783025766430948,1.1456573731604904,003,001,66,0.4338026324688051,0.03772025845727952,11.934323843374953
679,68.47868713605979,18.257832171372357,23.893741409924115,25.07718289255474,6.686094838141172,8.749988476466191,5.578989372976056,1.4874737807878424,1.9466338357471131,7.630501223861114,2.034449206829988,2.6624520810216694,003,001,68,0.49504898034453765,0.03179862001888051,16.06330257281494
680,9.761970197731907,3.7242727885429243,5.429310351462728,3.5748744942175716,1.3638443399842386,1.9882362579986936,0.7953120930056083,0.3034181754691746,0.4423283509105098,1.0877650938762575,0.41499142666843175,0.6049817981942989,003,001,70,0.7787485004516831,0.04550074361326663,17.893820444564344
681,79.1042378589677,18.770378914013634,46.590639643260474,28.968304202799093,6.873791608387826,17.061687954000913,6.444657758926894,1.5292311939326797,3.7957603207761887,8.814494100860333,2.0915616999363205,5.191541305574519,003,001,72,0.8384813918311469,0.02830008741829496,30.466707603213788
682,14.30971817260615,3.704225219950372,3.6084627068206583,5.240278906667038,1.3565028361506255,1.321434201565761,1.1658191614660687,0.3017848910589931,0.2939830761377108,1.5945154119591782,0.4127575491937947,0.40208684266895456,003,001,74,0.35809668150936635,0.030873139247569906,11.957068805393819
683,24.313730364467236,6.063062218664364,3.7857308317603158,8.903790195899415,2.2203188540149896,1.3863505335813466,1.9808505243572776,0.49396039994762014,0.3084251898313633,2.709250966422394,0.6756000387091896,0.4218396256277229,003,001,76,0.2213525498407035,0.029740955472575936,7.664037101277263
684,6.074746974959438,7.0567828298852175,4.572743476470081,2.224597860855039,2.584223516237576,1.6745578701348347,0.49491236228687746,0.5749192641077526,0.372543463193029,0.6769020576427403,0.7863291817054483,0.5095355380322241,003,001,78,0.9678600362179556,0.13854569860184188,7.953714133351857
685,68.48817445099455,19.92884039619223,15.936097040272045,25.080657187138684,7.298025069594745,5.835865680053683,5.57976230878139,1.6236115707826564,1.2983209777042841,7.631558384435348,2.220647728411077,1.775740935683753,003,001,80,0.32920360319440944,0.0347041112378487,9.815215244241026
686,168.8048415868629,50.601544972201125,40.97439816117256,61.81704209970931,18.530498334359418,15.004996730711426,13.752606200653844,4.122530577947156,3.3382026067624846,18.80972904405925,5.638471866034565,4.56572998682888,003,001,82,0.343072987249829,0.035751425771458026,9.939137475500802
687,14.05444913769573,11.508784592650407,7.002049672008825,5.14679831375626,4.214565263605124,2.5641800039019187,1.1450222786318742,0.9376258456986344,0.5704601291723878,1.5660710774548812,1.2824106096672443,0.7802303289729111,003,001,84,0.6644414354159428,0.09766301362130839,7.467850533483884
688,22.13336641479205,3.211081810123564,6.042348522675404,8.105331758316803,1.1759116478885852,2.2127334115302686,1.803215294868954,0.26160827614636406,0.49227284583937786,2.4662955231701136,0.35780714711115824,0.673291935425999,003,001,86,0.39284606154154306,0.017302879551806316,23.09693183901737
689,57.06046551019415,26.285103277586856,33.68179441322053,20.895782167820943,9.625715237970732,12.334414603649877,4.6487417328249725,2.1414591603058413,2.7440709066274396,6.358181941258514,2.928918779216989,3.7531235518763384,003,001,88,0.8191180930454218,0.05494002659416782,15.72843182702122
690,26.4281268224223,3.745251149349324,14.028605688452783,9.678091060897126,1.371526703836552,5.137334334081929,2.1531113526901495,0.3051272919388109,1.142916801223895,2.944855728062665,0.4173290212470975,1.563191371676355,003,001,90,0.7641586865942046,0.01690164796129342,45.976240274390236
691,51.54264173476306,13.858125055579258,7.628967955499595,18.875131922140774,5.074903610172501,2.7937601128558045,4.199202153540531,1.1290276675549835,0.6215354430779622,5.743337194194504,1.5441949111393667,0.8500871111265289,003,001,92,0.2099451237450054,0.03206655390884521,6.75711337705377
692,21.174483176770728,4.648856443487615,7.626872640279625,7.754184688503568,1.7024307583897318,2.7929927996203134,1.7250946471380733,0.3787444207739471,0.6213647368067835,2.3594482685388445,0.518016718269007,0.8498536325652979,003,001,94,0.5138336171705845,0.02618471217118078,20.137254100521023
693,35.25102685209651,20.81622886976681,26.848319083839137,12.909074114752649,7.622990456333888,9.831967232159451,2.871916977665929,1.6959075079685118,2.1873446048022167,3.927981314870175,2.319528403798644,2.99167726771387,003,001,96,1.041603151774383,0.07042790500526085,15.83124018125264
694,12.540667577448707,11.428388723568293,15.30781786986713,4.592445147342776,4.18512395862289,5.605787208594421,1.0216938155601827,0.9310759581641772,1.247134791731098,1.3973921419905464,1.273452190587158,1.7057325114685358,003,001,98,1.6117509452044867,0.10868730896948078,16.44099789672358
695,310.5311372403904,188.67885558831537,247.50890828599165,113.71780692784208,69.0949895132364,90.63880194275018,25.299111111754865,15.371751040451748,20.16466183559896,34.60212690777604,21.024267530462605,27.579632533555273,003,001,100,1.0879693072990733,0.07246571265175009,16.10154286487311
696,27.642330678071325,5.306867337109507,8.46624550638565,10.12273761343053,1.9433971117876505,3.1003746692027288,2.252033085722669,0.4323528635808809,0.6897488209037362,3.0801530650012507,0.591338114152488,0.9433839841237976,003,001,102,0.43832746742423406,0.02289697242137236,19.581795842094284
697,2.7308822435942974,2.2558081955372034,4.33442743851736,1.0000605494171182,0.8260864373410077,1.5872855359256086,0.22248620195643073,0.18378170605648214,0.3531277486289765,0.304299062576439,0.2513621086608212,0.48298025645007425,003,001,104,2.115125473323918,0.09851756848201014,23.58465122303984
698,34.84819055699949,22.412354898168473,13.116241940133325,12.761553771266122,8.207498512896485,4.803222896814707,2.8390977239187283,1.8259446118149467,1.0685861171957467,3.883093730553285,2.4973828884936333,1.4615277301942837,003,001,106,0.5117371816430663,0.07670465941699647,7.183263859847361
699,20.61741443620449,6.278297865810817,7.261922939214029,7.5501837755887315,2.2991390521563364,2.6593466860206365,1.6797100068417594,0.5114957447147731,0.591632120877921,2.297374740490138,0.699583498930759,0.8091877077776486,003,001,108,0.4975523285786743,0.03631802334503762,14.197425910675987
700,8.945412342226865,3.5780377298926815,5.263967832510711,3.2758475773588556,1.310292447206386,1.9276871329923813,0.7287867580612283,0.29150433961330285,0.42885782168866815,0.9967769926676613,0.3986966225377705,0.5865578717731098,003,001,110,0.8222207761244522,0.047704466074915845,18.057939856036672
701,48.02550603508804,10.882424295302812,21.222518435467236,17.587142054236253,3.9851894915200665,7.771775402022382,3.9126595296607776,0.8865959911743202,1.7290081012215517,5.35142681472769,1.212616003266721,2.364800782081005,003,001,112,0.6298806518667583,0.027025154966076624,23.93707917329678
702,51.13031773925658,4.6669703685493715,19.37994829233714,18.72413714290686,1.7090641538397637,7.097018475392219,4.165609932582828,0.3802201703778027,1.5788930847486213,5.697392406349942,0.5200351320722583,2.159485313572417,003,001,114,0.5488912284343972,0.010886067925637417,50.97033193446947
703,7.6747761971752935,3.411885413266609,6.506203561385776,2.8105352833885946,1.2494467708899464,2.382599075255445,0.6252674610851695,0.2779678358115411,0.5300633240131464,0.8551914707280972,0.38018246129448985,0.7249787680536564,003,001,116,1.178526931189485,0.05302042506353703,23.406318009386183
704,105.94648399141882,14.016622098631931,20.080769843276563,38.79804749464856,5.132945893148212,7.3536622713385364,8.631507597654311,1.1419404927831105,1.635989331019561,11.805494666597612,1.5618560540668494,2.237577051685423,003,001,118,0.27315495700058345,0.015778703085484506,17.584777814767023
705,40.72212615429901,7.66498132859118,7.448173987055785,14.912613662060059,2.8069483613666697,2.727552602138095,3.3176498931468696,0.6244694687457738,0.606806077331788,4.5376196077067465,0.8541000398048169,0.8299414474877919,003,001,120,0.26187385029318616,0.022448904077094368,11.92720278545434
706,12.671562716206637,7.877163998294517,20.464293240166285,4.640379497017,2.8846505463433507,7.494110150373215,1.0323579012583413,0.6417560860704055,1.6672351542825485,1.411977636518337,0.8777433102670547,2.28031262200291,003,001,122,2.20099953634612,0.07414027590505742,31.887961305475173
707,27.719671791155747,3.703752196592405,4.586512009203648,10.151060253934679,1.3563296130100444,1.6795999646599362,2.2583341009149773,0.3017463536336876,0.3736651917338403,3.0887710961395216,0.41270484074596414,0.5110697497739488,003,001,124,0.2384199831822511,0.015935596559074495,15.199892074823735
708,20.70483494618231,10.554625377475892,12.269413401898664,7.582197533575686,3.8651481508029004,4.493110728780296,1.6868321950223724,0.8598900662286386,0.9995946161445745,2.3071159072133067,1.1760897474597511,1.3671666016792219,003,001,126,0.8177751872855693,0.06079747437939769,14.268583722231668
709,105.73694749271641,7.992358474591276,17.200134275440263,38.72131434860852,2.9268352474685684,6.298761425503652,8.61443656506913,0.6511410317514169,1.401302658530303,11.782146255921129,0.8905792980630369,1.916591148696468,003,001,128,0.23600535254136865,0.009014936542246919,26.41537460659779
710,31.22882469428543,5.233954845844846,5.313067360045773,11.436126788208671,1.9166962511975998,1.9456675862323618,2.5442263627774873,0.42641265019564156,0.43285798223201766,3.4797919617826283,0.5832135592421116,0.5920289755661984,003,001,130,0.24417917241283746,0.019988896524145976,12.45991965202743
711,137.31457174955284,7.392293336784083,32.58795033667005,50.28517300185271,2.707088873266842,11.933844307829037,11.18707978474221,0.6022534556758133,2.654954938813315,15.300804551161155,0.8237147309994866,3.6312377664752535,003,001,132,0.34520356453496354,0.006420621269755763,54.110026317909245
712,282.6719846262169,62.760221335037016,22.766763477433756,103.51566821059527,22.983056694253417,8.337284423411958,23.029413445593093,5.113103397822159,1.8548184378199621,31.497813624202095,6.993299167013808,2.536874228221751,003,001,134,0.11486360995825143,0.026479890593409296,4.452631152957102
713,233.46439813894537,71.18510788084723,101.35863070027818,85.49564332911787,26.06828553835157,37.11795634690746,19.020449290996574,5.79948268564671,8.257733131079252,26.014668946378535,7.932074569804094,11.294275459321394,003,001,136,0.6132559004785243,0.03636494815434365,17.477184810144063
714,96.03214297606083,15.104821439096028,24.754432480815645,35.16737416694117,5.531449062903465,9.065177162192992,7.823781785755719,1.2305965814149118,2.016754723555297,10.700751068035341,1.6831128530284978,2.7583578955819923,003,001,138,0.37040701675420573,0.01875916326846863,20.115798186562134
715,112.81475211013907,38.916699497678785,95.97719185707373,41.31323613175214,14.25145883622077,35.14725083633001,9.1910684836416,3.170560973189712,7.81930489343034,12.5708178711959,4.336442995113112,10.694627928147193,003,001,140,1.1962076906199373,0.0411419237914632,30.271359758937805
716,44.55844951470546,16.947948009783296,13.959321938633153,16.31749139215865,6.206409755642779,5.111962333852078,3.630196878992368,1.3807569302907465,1.1372722230328747,4.965096700521694,1.8884903236189898,1.5554711632448406,003,001,142,0.4387140243004875,0.04536297623401689,10.109905394929818
717,424.87035643939663,157.09669466427252,210.90824955248377,155.5893093114764,57.52946951340352,77.235486963523,34.61437861328114,12.798738216464786,17.182789742864003,47.342814390581225,17.505103719621996,23.501263292841074,003,001,144,0.6960012014461843,0.044098630694377534,16.47883142739519
718,64.84416249465652,7.624290845463403,14.885228583347711,23.746204701065967,2.792047335514032,5.451033236669167,5.282883019331785,0.6211543968243379,1.2127062529077777,7.22551032984356,0.8495659461430339,1.6586438740717717,003,001,146,0.3313989797010813,0.014023068567986022,23.96381424561862
719,55.42177426774674,17.016233474337245,8.553665652012139,20.29568655107066,6.231416179614378,3.1323882937636087,4.515236821887598,1.3863201777333372,0.6968709794004305,6.175584463796497,1.8960992942732293,0.9531251102477443,003,001,148,0.21795527140471058,0.036618242681186346,6.170050605479582
720,3.18061078035025,1.8300461398658687,4.896735542558938,1.16475302878406,0.6701705840250208,1.7932051257532555,0.2591257876760008,0.1490946803066258,0.3989392422189525,0.3544117953643642,0.2039199332520137,0.5456376007352574,003,001,150,2.109046828390312,0.06862241545493457,32.84312714905983
721,39.00403600137164,11.20953788378623,27.469985459204672,6.186200973735666,6.2260955325198,15.00042354911216,34.63495494287222,35.22100141474901,178.58676833477568,11.321580035883118,3.5545891140511268,12.41278000728359,003,002,2,0.47512675540356725,1.5587880822200701,0.7799319825046611
722,15.589989063680875,7.4776502679666965,21.11428861778154,5.148752368937448,5.306872614406114,15.335911316441997,40.16154801785673,35.839322032066825,229.3384847464809,3.5050537956915058,4.723927415073094,12.77725155713042,003,002,4,0.4569332599984362,3.456267792190899,0.589137500951881
723,142.11853588735093,6.402850542126104,13.579619023794757,21.394311407862947,3.9355300931738473,6.929689137719644,27.558112924368572,8.104532107643722,50.355047576948245,45.920561062880516,4.99592571665959,13.06241362590855,003,002,6,0.1511181236574071,0.09913021810465344,1.6755586680922951
724,107.5238469146513,9.911170027602948,19.764214541027002,13.20198795601781,5.355092931309969,13.93165901145697,49.805671619612006,26.770149709467542,179.0901879465184,19.414305960759393,6.0641553977528915,11.266296958166436,003,002,8,0.2268279447592708,0.4434866776965478,0.738293015000853
725,21.10179484174015,5.732159822406574,24.80110454040377,13.245166074041567,4.953004697550579,13.662513468910532,45.40850224805889,36.88989825788439,243.08076578201303,5.357922539012208,2.9875777855052243,11.685372504983945,003,002,10,0.4587412982601291,2.1480734990404486,0.6723007032176644
726,24.586925227763388,6.058315709640185,24.631379910234934,5.220490243365696,3.2617593337882913,8.031009357114181,31.944847717048983,23.637072722381237,149.3540207898473,7.178879029359075,2.377032188291694,9.545546987476916,003,002,12,0.6390991468663109,1.5859860607690508,1.0420655806043282
727,2.5694118494292466,1.2428344375796132,12.509052855095835,4.238629212990842,3.967271040185822,6.320936971947314,4.805895743932055,5.294344807723346,34.435052460528226,2.472229145549752,1.8886256462137276,3.280978099449688,003,002,14,1.4380923734148097,1.5553210561398518,2.3627197149773345
728,105.4273462373155,30.535042537330412,29.416590796704014,10.72108762558086,3.421008673676684,9.590431262248462,39.939156626811815,44.601343119452316,212.72529433101417,17.59492560696251,4.899086750053053,15.207091804216521,003,002,16,0.2865004172572421,0.7680059323417227,0.6595449540144978
729,27.65337951277143,6.06720299645049,15.238374408271685,4.607177372428598,3.0868587387656787,8.620358868942347,3.780689317724368,2.176914907090853,32.338382858311974,6.900974317001939,2.0227859511948507,5.711047537779184,003,002,18,0.8323708674071002,0.134958296897196,6.999986245964788
730,32.26126527143644,11.651053026251093,10.867266451777802,14.68765899871068,4.99686851247739,4.3965146531166575,8.2882581439102,2.5916840824921445,9.588518485283942,8.499009876649964,1.8901543832017347,1.8870312172632575,003,002,20,0.4169111291355553,0.1104044074611562,4.1931292958082755
731,35.12790331461888,11.382243243716584,25.301034676887944,32.82036624721331,8.821040572963758,20.174344901088023,26.1441464379284,19.75202242057497,121.68341073649383,8.505128065135857,4.374748157148941,7.611731828480895,003,002,22,0.470925820769213,0.5813841190643081,1.280933877967492
732,8.725502705866202,3.8337845651256144,24.38469712310308,8.915968735385079,3.501647452870193,8.374831584198258,9.022692289914133,7.925753883631394,29.544719634888644,3.7600813157697224,4.111432955638238,7.646688392087218,003,002,24,1.4561079784090618,0.8985365999684699,3.076640718489051
733,28.4058561143218,8.192596409635323,18.71523977966666,4.967175001841619,5.22331287845242,11.744262209315934,18.44862534072101,18.725769436977995,106.84206274250555,11.443686518503405,3.544684059288918,7.2044939936536725,003,002,26,0.5284956839773989,1.1222096891228213,0.9994376916074519
734,5.3904535963082605,2.878393730984589,11.428450664953948,2.5120423300508503,4.1390718471560275,8.585483177808928,9.388411083490595,17.753411735462553,61.79123629574452,14.705796879078097,3.576030535304283,7.764934664674396,003,002,28,0.5265436465547966,4.493115061595994,0.64373264335021
735,31.15879733409009,16.476096711791495,29.29278116961778,6.267520380377641,5.469732149357251,6.282914604521064,5.394186559438712,7.671579271984555,30.939891969754523,6.928367094939137,1.9145384505598844,3.815242513943529,003,002,30,1.1102168619660848,0.4099564018299875,3.818350841604489
736,131.62111565940117,17.825475649794285,16.633864440507327,8.854758111966607,4.439535387219956,3.9567453358028954,18.91582083364829,3.211682844919816,9.948575302489939,22.197691612234735,4.170755724333267,6.619624817515772,003,002,32,0.2264663112146327,0.04572575715239197,5.1791740479040405
737,79.63752595820276,7.229413271036223,13.351381148383556,4.6253668783154795,2.178443453653977,4.244984168224936,22.05905655347787,8.215896237566149,32.744385379534044,16.10819041448495,5.595786241561836,3.650243473073124,003,002,34,0.2651854188145277,0.19500627051829644,1.6250669144695438
738,5.5987028429436005,2.947722640681982,9.879299596155738,1.4161091862351274,1.3966153677156568,3.3157700782218846,3.077869755267347,2.7029290442830596,6.9614185709688945,3.700817281188309,1.1650486414952979,3.061609151010833,003,002,36,1.5907836698829365,0.7706347748278894,3.6550347546308526
739,11.624954633763647,7.156982965857544,22.950293823120738,5.3632926953047395,3.594287197590911,5.151063449268829,17.391420631679328,15.250944476693018,71.16640459338585,5.835049276909605,2.254449653261219,7.442979864943956,003,002,38,0.9665288676629842,1.7954700306955516,1.5048441005207325
740,61.40033642266292,7.403400415660378,17.750797616157293,4.338253943331271,2.297167298769823,5.516954842547695,9.110848036977625,3.787717566645323,24.46241334519855,18.246475001922455,1.4549555099709761,2.289697882372887,003,002,40,0.4842401571942179,0.11523574039411304,4.686410035550429
741,85.94729520119847,18.954598136050635,15.172016680596576,6.959476747502647,2.665069048153593,3.220452655613191,17.18781568898531,4.967681983996195,11.782687044010656,16.85821043288748,3.73885907781748,2.7604399242819664,003,002,42,0.29505448414425295,0.10693907192769807,3.054144111775774
742,5.907498517095732,3.2181100371623503,11.092041451936286,4.015175888157646,2.6981479276739195,3.3470978318693003,4.622077535317359,3.2411837412336486,16.483909912856426,7.037847923781972,0.6874888054194815,1.94765291993811,003,002,44,1.3522722499402797,0.65328833918357,3.4222192684807404
743,77.20725467476075,11.011752129965654,16.365953162531838,7.546285152720456,3.097746482104426,6.269791022428,48.53938926902168,14.42447021856054,67.44298737160658,17.56279349487871,5.041887768710249,6.933324330001962,003,002,46,0.2881266874528152,0.3403862599231148,1.1345964818502043
744,29.03712216902946,3.757292828860864,18.217440246397803,19.62872822578424,5.332074276324742,4.299244267530637,15.185679126278089,6.722386629670157,22.49484069585642,9.425368777704518,2.514757437247533,3.4631755331342378,003,002,48,0.586612697622765,0.27626709798074583,2.7099661548761094
745,54.32618430544622,9.33604111567817,21.874242850003498,54.615720119887065,22.794493569623732,9.341496286410484,17.269554650965084,11.599509279530176,13.17785960738518,32.007450652407584,7.966942040499253,12.803176153951675,003,002,50,0.3310744674091149,0.21294853143457318,1.8857903660291297
746,24.2388780994337,5.476805998463782,12.731778506192462,7.171338403747757,1.7533190615719665,5.414421478101733,9.863210939819487,5.790248111296185,15.293355385408402,3.237842087264692,2.242791896355219,5.25029926976366,003,002,52,0.5923036720700607,0.36868565428128813,2.198831252386933
747,141.08541412531113,59.12278913479746,66.49081547754452,22.745229737742925,8.724450838645382,13.456530766321295,28.208412709956725,4.113102727779211,5.302717910869587,19.446487990794047,2.371692739113424,4.501711741462101,003,002,54,0.7728935609464491,0.050211640884685174,16.1656102164618
748,117.43108314477143,10.436351772548127,17.72740979428303,7.80841814471932,2.2488422607868737,3.8421078855889608,19.466084846510235,4.253768987134292,14.451621634154899,20.671200118918307,1.8282332103869776,2.7440775025228,003,002,56,0.26508863137259026,0.06793014892804014,4.167459457224957
749,2.928510666955117,1.6029019938411833,12.017167581744285,6.141900920258158,1.7843854082483341,3.3538312878408942,2.5355754345740262,1.9623300515048339,10.921237007002992,4.743586388263171,1.5428965294554513,2.292376098914446,003,002,58,1.8494961579604983,0.4326882044186763,6.123927813534116
750,15.944965629166092,2.187031577074461,16.28308302713903,9.222445521947261,2.632473674818145,11.882521501738365,19.905596124341223,7.098063088503272,46.51348294724079,11.465404383982628,4.867721133785874,6.158061104141393,003,002,60,0.8273180782209316,0.564067797508785,2.294017793884183
751,88.38931002595353,11.855798022530191,6.565283020128591,8.399410069489084,2.4228448284153092,2.2968338201915364,13.90094735191478,3.535483933526245,8.450110940924064,18.748219837259885,3.214935828153149,2.4761133221513454,003,002,62,0.12642601087920444,0.07305570173962278,1.856968704587059
752,3.7156824132176185,2.4536891129141565,17.7728833087304,5.352986564290069,2.5065682455915006,6.615876146295874,2.8387166217467685,2.1746541210506787,9.569860034928228,3.0102362815231327,1.3461563533933751,2.247739325573569,003,002,64,2.6491151412534952,0.4795971992018462,8.172740270137062
753,11.461002575763798,6.066017566370688,14.28785069022749,11.110017830375051,3.2694979336215564,4.420179297978949,15.42992065718963,8.307692080533258,42.29346655930042,3.3193913043422905,2.6727041379222767,3.1754484511826737,003,002,66,0.7292248854177769,0.7361379265133922,1.7198339264050306
754,4.300400416190986,1.6334766124235376,10.487027954756565,7.7814770433084925,2.502412978093124,3.7938244801564873,7.368554464260849,6.05655844182533,21.157219916721573,8.767864174574445,2.638000091919086,4.169312105570376,003,002,68,0.8668758343996517,1.0025856431879814,1.7315160177990419
755,172.3930416559459,16.543237978308877,11.328043254098088,25.697737556545682,7.812302493580214,5.775753448690573,32.49011797054158,4.035291391953008,14.706034405562134,22.751052974464532,4.2934248217877045,3.552348993449236,003,002,70,0.10989492060394934,0.040741839756451854,2.807242935835551
756,105.19446485871194,18.373118675896997,19.496030582639193,10.846996607022312,5.737047528945205,5.422206989607301,14.773764408891935,5.554729235862869,6.102293802835518,31.512350553249135,4.590790400958105,3.2753418213416863,003,002,72,0.3066596858635147,0.09573697479677329,3.509807545031615
757,14.807844228235798,4.252251838799596,17.03599120746107,39.19133535028827,12.522198407274658,8.798599062116299,52.515013007701505,13.353845599099493,40.43021101561048,9.129425295454391,4.063467037257476,4.547136199540033,003,002,74,0.42216953881389935,0.4945943884084651,1.2757367217582536
758,297.184668831675,44.0700171760909,13.749862986495732,21.194938728627136,8.010448486905135,8.662896773249418,44.93179391917523,8.422173833760848,10.744203489829456,43.57710223631614,5.150826353790444,3.5195191103138592,003,002,76,0.08203389269809847,0.05290649045206616,1.63257886359202
759,8.216149535101026,1.124279271859784,19.48522389338025,2.2059193958523604,2.7463592034803836,4.595554475375678,4.639850042785766,1.9249280264966329,15.136246107094243,2.0070344015868162,1.1603667157803847,2.998224968375975,003,002,78,2.7305670279654106,0.36939460662740886,10.12257270150684
760,8.202040826033734,4.259218383835636,23.570293528342418,8.511940434840131,3.863625722712847,4.488266082180914,3.993140995998866,3.0921190479868157,12.03658607991819,2.5198593941414464,1.2726870064699192,2.589381577434664,003,002,80,2.058700998625375,0.37000389072174283,7.622699243642743
761,9.72613962697239,1.079508081708433,12.332607521179154,7.528348113399298,3.269237635591711,2.9470983714512977,5.409269618341016,3.5460412195608964,14.984114685331441,8.167611915336732,2.0992024015391157,3.1691423990799277,003,002,82,1.0130878748224346,0.4110282812121908,3.477852274572909
762,314.7444408711744,55.791344821112084,27.89653427952758,21.236554635230085,7.498846714439624,5.965726257486006,34.79185814555676,10.206853001048726,20.110072061227104,48.22076381536908,8.677487161359899,5.677216761471759,003,002,84,0.15654853543810104,0.06075851394906747,2.733118060646243
763,372.3508706702635,35.027679099662464,17.587037941249868,23.92027678387781,5.112257790259077,4.788249047311801,59.768228893601304,8.627463975246894,14.93347712197598,61.68465520610097,6.221260464972293,4.227160942767114,003,002,86,0.08505890674023862,0.043543235638902084,2.038494509129095
764,206.13462278039333,25.449403511475687,14.039991485194587,15.459321464275046,4.970047426642369,3.4760864834997602,30.067161121912132,6.103903485881991,19.504279513999546,40.310414255750004,4.324816591719518,3.724741106605496,003,002,88,0.12010167941126877,0.0550908871331113,2.3001660359912885
765,90.18322038777978,9.027966443677762,13.013493162862098,15.543793038828582,3.242806317846271,3.1901270525589873,10.318734044788082,2.537730484097436,11.324140348379537,17.924643280814117,1.798165455564304,4.2137987426253085,003,002,90,0.2348953529050872,0.04800533755470226,5.128004429316082
766,5.710287868990461,4.660632642426458,20.164047340903434,4.637139177570561,1.8509333731480864,5.3212078127043405,6.4016186987783055,4.505245381940014,25.03629401211852,4.185690846323339,1.6302301334231002,4.96179266317947,003,002,92,2.0832868016442947,0.8707952927172048,4.475682372759138
767,99.45376976363998,17.121997704822384,15.409928891956909,10.0243161250208,2.2897606053577024,3.738100676646746,15.960573959862067,6.057907291783603,9.668556725609573,14.948980804286908,2.931242931013046,2.881119633177275,003,002,94,0.2534654918069107,0.11066885655901025,2.5437710004010037
768,6.6825048079624105,8.992181083603018,13.520302801236248,7.1557074627657045,4.5857225646279,5.746137198969173,4.940396239383125,3.0059828466590734,7.802329992628178,4.861336918917155,1.67797552215236,1.8003415442495478,003,002,96,1.3622349205860993,0.43444670277498354,4.49779772238656
769,102.28366058201917,11.086239460774166,13.009025133335221,7.940586010510577,2.746633623693606,3.0167712123995756,14.431254656220725,3.5532841038268037,7.137372119084002,21.950043825019332,2.798464091051454,2.789093654602173,003,002,98,0.2217495063933519,0.06447372903282102,3.661127214490056
770,65.99085232413984,7.8897891382391965,13.831178034079741,7.580119906977116,3.7795909030733004,5.290525868268,18.084142405181314,6.524312190531916,45.26461718586377,19.38633844479532,2.72813304916062,6.152680722099248,003,002,100,0.31935447808665385,0.17736104315806359,2.1199442378234985
771,3.638499358761522,0.983229542907445,16.609105618956974,26.30763961684079,9.17700956015985,5.225642143431191,10.871983988394419,5.809867814552587,27.131487643019263,7.3653939879283845,0.8635741487583095,2.0640654771875107,003,002,102,0.7991702701752332,0.3880211615451325,2.85877513036603
772,7.64020546133364,3.5025294813098165,11.484348434068481,4.232049200272627,2.2573973110122423,4.992435824365545,15.978235236118586,10.287667127939358,27.905637727572007,5.114848667028843,2.1462620474498015,3.922998051537255,003,002,104,0.7078706811327932,1.7330603867871344,1.116321931031299
773,85.90093932899381,7.424510722091593,11.28568998865913,12.283755531319427,3.673902963102332,4.659436440381982,21.01361731284445,7.919374974160459,34.32556648502042,10.220000295201068,2.4083661742247786,5.920055570287498,003,002,106,0.1979538507646376,0.161315874850501,1.4250733202408485
774,61.870954292697505,5.750293254588982,9.443499662580718,9.850802731195333,1.8721225193530127,4.5592723279445195,8.6083877595882,2.2674859781351207,6.494113454092594,10.908967011821513,2.314310218411338,3.3509143080045245,003,002,108,0.24767649462219363,0.06323007333408599,4.164744458683473
775,108.05654201583549,10.46357994937304,19.86611249910716,9.90085791289907,2.512247154989204,3.9495407374360445,16.71227472144156,1.6768395220775694,5.729061163661715,15.044743716803076,3.3048126621527487,2.4462521175043817,003,002,110,0.32752346557805806,0.028431273037395753,11.847354643987314
776,3.5507428557124117,1.6672547583411559,14.423988977074181,19.999978364327525,8.076459383783495,6.748326717232841,7.415945278126141,3.872452832068987,17.288470037190166,8.342369478832243,4.31684308657499,4.412988569102959,003,002,112,0.9217894263921262,0.3288606574624826,3.7247681514993904
777,6.521584218324125,4.928579113110654,18.04622487092375,6.051627890459624,2.3302342065832677,4.389660528879683,12.016622028537261,13.442597404354032,61.682197022131106,4.569708456512797,1.948174349936135,4.425121072542427,003,002,114,0.9146960701509672,2.138291677265656,1.3424656208984294
778,90.5653531146941,26.81416242952312,14.250883554188418,10.505112339852879,3.5866832835547964,4.03255196145994,10.330032864323787,8.41974437172424,13.547617662900498,19.709812577122996,6.248998468282164,4.020812151309339,003,002,116,0.24172485946789876,0.1666113702723717,1.6925553704512344
779,4.1503855126950135,3.5113519159248594,22.48212701890696,3.9873525134796504,2.8232428052399667,7.723190877312021,11.030678252085227,11.475258442031636,58.69127772124152,2.570537546896656,1.7910974223563358,6.156288298053915,003,002,118,1.4463421690165814,2.82025752245206,1.9591826303936921
780,5.250122320206374,1.650269696725573,13.094414981260716,14.431968633181496,5.997666246747425,9.67306517084393,13.237851701671879,11.080864772055028,58.19719769652949,5.521568613957415,1.213808245119628,4.515317688321677,003,002,120,0.625870908802111,1.1259845103142034,1.181714175800041
781,18.57588997591703,2.6028464575182815,14.777524379404428,9.869392266911337,1.3626864621381967,4.256067915622403,3.6140665317612113,2.344480714806926,22.36592665915306,23.863168803692364,1.481803338224922,3.827536064712546,003,002,122,0.8919789765230047,0.16484144504475903,6.303111936931157
782,41.955663626321055,5.648408997586447,24.386288774808484,8.315894643267697,2.6565830509095725,6.042685291234551,11.419352118774961,5.24255351634488,28.473186354727083,11.834364086861969,3.6244737470850175,5.225821631735542,003,002,124,0.802752707163273,0.20856936593176215,4.651605119295121
783,110.32105006080157,22.964705580211472,21.132819636115247,22.557734867945314,4.943506717549088,4.49369602425006,12.176528964983607,3.282094908242883,13.447857718611681,26.157351026541548,6.899561613099225,9.125832344050705,003,002,126,0.3031033965637304,0.049399833239035545,6.438820395790751
784,22.481991384181995,4.22240346824239,16.12866689626853,3.5502353949940035,1.6619063081536916,4.644111669633197,8.705902770634701,2.6930733419399937,22.10603824516934,7.367905981965711,2.2298671063101336,4.290505281156645,003,002,128,1.0267028568639172,0.2069030332890514,5.988944543430078
785,28.294470272011306,9.767128865262801,14.892879612884917,6.579004900046166,2.342655487589475,7.7024831796111695,6.103016083379485,3.3575533753732105,15.069929931419656,11.186879083581157,1.104728578036127,3.800758523756244,003,002,130,0.7162004052231864,0.19255628289454013,4.435634507591258
786,21.960374273505604,1.3346120230379914,9.723475177566268,2.946672376638255,0.9960908560677111,3.235158940056367,4.8688511158659304,1.754213291414164,18.650628152781945,4.887672352248478,2.1443184353654967,2.908452572619221,003,002,132,0.684378901441876,0.14086080265193,5.5429264076135585
787,25.23657480667994,6.118999695612354,9.374443895199754,2.425878955194309,1.8734988750850725,3.1106302445376306,7.879005557961289,7.081576527886317,18.26270137434402,9.855208528739256,1.6910374505568557,2.1871754130712295,003,002,134,0.4482633777948932,0.5119991587764707,1.3237792260359578
788,43.739048202075764,13.539100680188353,24.845571626281195,24.615601102001037,11.725034894687013,16.169197690029463,18.59407125694819,12.756167070350129,80.71226492839011,28.451093345214723,6.310958806609674,13.654894613064252,003,002,136,0.5293782907362333,0.37323480407613846,1.947730183311188
789,9.627173120716787,3.6916059353908697,12.255882041253638,4.552187361061553,1.8725784026330383,4.550626056283127,4.266475286091698,1.6709840792728148,5.527540356315493,4.951974903616856,1.6917379385263274,3.7810040948968258,003,002,138,1.3989672008146328,0.23569244627360575,7.334529510650515
790,68.07672782771662,11.615173071306323,17.53841723711034,7.122751876293638,4.233990615353816,8.008959808850424,18.505207299009083,15.066810618352614,57.81297218740391,9.527241453782741,2.9763996058884787,3.6748170441488868,003,002,140,0.33300865692697057,0.40071582084494467,1.164043119765978
791,10.68705604710187,4.791852926030709,20.49376183954179,4.104794004217714,1.9372704965789809,4.3752609352624185,10.24611084737011,12.842044475481089,53.45581231079721,4.193165571348308,1.5997083989922682,8.750680048685325,003,002,142,1.012639229364709,1.7363675849777085,1.595833270837045
792,29.292933909526685,13.47535949593977,21.769237986175952,11.078584238790066,2.7249479003669714,7.3677168470986505,7.223889363249835,5.641497572126104,29.49369147413745,8.954987802733987,3.306085113614217,4.4426797895566,003,002,144,0.8428784475376204,0.2794790897582988,3.8587693618330863
793,28.624069551700288,8.545733564981761,10.146858700227611,4.395756749703789,2.191449654408568,3.0745489924397535,7.810402330037219,0.8862053252299109,10.155447316615906,10.92305569934984,2.556016292864591,3.5040328222697488,003,002,146,0.5832829153391944,0.05367716457019808,11.449783037125377
794,42.277815448594694,26.8470365659401,34.813210932243045,7.805165525855081,2.4672282269005015,11.029862287979157,13.092732008012607,18.199120175415345,59.61664888180813,10.718705676303788,3.1623252612604045,5.20187773723764,003,002,148,0.8051045163041964,0.7267586641737547,1.9129062612197696
795,22.769843736067077,3.5032761519924795,13.015568353508742,4.654498036207938,1.9510928980197837,3.986922093636175,4.9259936577112935,2.349139126813884,7.041627265746486,7.513252185966035,1.743827993848792,2.4216137456083224,003,002,150,0.8103677933501907,0.17131781293571655,5.540569396228839
796,25.80036413842206,3.4821988031399007,16.811941357569808,5.9731878264534135,2.34577804924679,5.43353416544697,11.129763172185713,6.0260197919570855,38.66919164154325,9.702413229965853,2.872341722633824,5.361993574916514,003,002,152,0.7672202821884836,0.37931042765496503,2.7898914935541144
797,77.05169058728738,32.22356774447218,42.90800345139218,6.675116689874056,2.50296917231824,13.49733702838265,43.64927950997715,37.760510358691526,146.55075666475383,12.939037315494375,12.38371338662133,22.303266831145997,003,002,154,0.5388833743197066,0.9019933181900187,1.1363194788365945
798,4.861794660378656,7.222751914696992,56.8404356301136,12.890427444043866,7.585166726127829,32.61691394118824,15.781213399359254,17.116066188514626,116.81575698474735,48.914247063600044,28.840242499966852,146.9911600020925,003,002,156,2.1868285639824383,1.9283294325447389,3.3208819715978413
799,4.009052871901058,2.3489241601495667,35.882802725682375,2.6874749918311776,1.6662811275937746,8.812380660106841,11.212461643052068,8.74054289438936,59.98018907648457,11.100936343023758,7.430032893431635,30.38153408355545,003,002,158,2.9682666983931876,2.610470103985475,4.105328829026844
800,7.858300327773044,7.627101330490699,26.908762372651857,5.058628174845342,5.257566863691225,24.133846059337614,6.598612287035867,9.618036803625884,53.277895497819664,30.97022260740136,29.717609131812868,116.04999100384727,003,002,160,1.6737947069889034,1.4892142201880603,2.7977395930225155
801,118.98797539528036,62.38465989133504,55.4870606330965,20.3493153735467,18.17750330195907,17.275765329138686,38.60769401259823,31.318110572598435,67.94171117209889,28.533205442979988,16.129866963176205,8.916140883927813,003,002,162,0.5494488867106122,0.44952948919550856,1.771724399033335
802,3.288352093787439,2.5604338150707595,35.92979501650575,6.634123283616217,2.7320957457628925,13.69628277862262,8.573032086415896,6.50446559275818,33.30869332047132,16.175687785063616,8.267538117971535,45.25551378112138,003,002,164,3.1336756354583213,1.3110570387648888,5.523865797139213
803,34.604664885872566,6.724922789281639,13.693069835200177,8.722403618358596,5.281773735988447,6.748770414088627,10.471683489593298,2.526025516647696,9.901734504595307,14.968891358022436,7.779091978208844,12.624214772264601,003,002,166,0.5660735443760518,0.11660265066864671,5.420796324089526
804,148.9124201144068,26.17521460521264,23.33333093538279,24.247547665044344,6.365730796354201,14.161562583146655,30.132772606816676,7.6177797711996025,25.06748898322378,32.78921223490249,10.40898513339701,69.24547000345059,003,002,168,0.24770578438967597,0.08798546071459366,3.063009385437825
805,25.369528819687773,5.242916703501546,18.081663204907958,6.926739465349241,1.3913551110121478,6.19011254608649,7.541169542087396,4.4275082516499635,19.088730870161765,28.786827285153628,12.966098158288919,34.543445087975925,003,002,170,0.8787897290649183,0.2741807946710206,4.083936647248396
806,28.220377094902375,5.524041060608767,3.539042224013387,10.78141439033431,2.466970573476256,3.617907391414063,4.013253778113425,4.117339758891273,2.868153305068749,11.780908794948925,5.873782434123219,6.470792885775483,003,003,2,0.14984363348342347,0.21113593002258912,0.8595458308658961
807,40.30455867608107,6.910366841803654,11.492633759737654,8.546730042973534,3.0876204583710765,7.3229291850878635,20.727762513755792,18.505057027594276,89.03503429553228,11.744961355544408,4.02340516883595,13.576881710981723,003,003,4,0.2677019798978927,0.7576077320709993,0.6210536796833497
808,2.3270744717854863,1.526423754859333,13.279384040048111,3.9858188362697717,3.069754668173645,10.377634535572746,11.324196543606824,15.8569315207938,97.39453682004647,3.1513157714293865,2.6362787755588926,5.381359917085013,003,003,6,0.6984231796132582,5.023665297989541,0.8374497942829826
809,2.7842935139464142,2.1559374154815187,12.864657449342726,16.45724586951166,2.943651810771213,9.381253205913659,3.9271981702705325,3.528339223134174,28.308797125419566,4.43440191158294,3.123274599295625,6.786511407500324,003,003,8,0.9783672439431272,0.36674188616815995,3.6460942771583147
810,2.2015609110062693,2.182133414593852,10.353950092667262,8.052745588407138,2.573190368428706,7.925377107159269,12.135261151053209,13.14829657717418,65.20628423463084,4.8916642538256925,2.6888336800081176,15.523889304844623,003,003,10,0.5665496713212447,2.5644438417997986,0.7874746383985599
811,38.451168971408904,8.074743166882957,13.447708414208371,9.868715833531306,6.111985387970307,6.674782324776764,12.774389618319113,14.396386022241934,66.74045376272258,23.605146033781423,10.545209135616261,12.475972211630562,003,003,12,0.34878083478481026,0.5958783254702649,0.9341030723566395
812,5.12024028467467,2.218481847868625,8.083302615875523,1.2921220113336076,2.960791231956467,3.658156036799541,8.728432016130665,4.726547928971483,33.60275744837681,3.4287658190956223,1.8415622529093159,3.2527339625908924,003,003,14,1.0189813035890678,1.4741986527847244,1.710191610737455
813,6.443573899042065,1.9878678180383749,3.6236973608153233,1.2289516794146378,1.5813908833785684,3.422348706309551,1.6474598118824417,2.008848695530494,7.314745867173243,3.5790911907028073,1.06926127738325,2.047475100178743,003,003,16,0.6199535064924134,0.5236473114331581,1.8038677421936857
814,7.4616973621117655,2.7426222213289737,9.21723729484939,4.282751009267889,4.1963233724989735,5.716171466471502,11.364529571414604,7.221069812557241,32.17099333578768,3.241372980472999,1.3725384154731468,3.9579725341574794,003,003,18,0.703966266707476,1.2296992730887983,1.276436530058312
815,4.636976076503283,4.60440334001357,6.715219911907626,1.295123662378849,1.5978849325480544,3.9897319313762525,6.395776601850555,3.630580011347872,19.33361437205353,5.437556642527276,1.0130578288886236,2.836412986264892,003,003,20,1.0179773662099874,1.224045505354916,1.849627302226722
816,3.310375765323723,1.5252260101556305,20.355260973637947,3.885983364914873,2.892693106349647,6.919820327800948,16.02591347178942,19.625220400086008,118.24952898076539,2.9605912446102023,2.3950467030333558,8.727946814014238,003,003,22,0.8764978859312341,5.454208175248566,1.0371991019040347
817,6.935643387362888,2.7312365210435563,6.904711822656969,4.704506863447999,2.6001827497428938,7.240145493952383,19.304310191900196,3.2683385508255784,16.05799192073741,7.1495890557309325,1.376036318603212,4.134742412933978,003,003,24,0.7597268421787291,0.5615629490002324,2.112606058179881
818,7.852304492938739,4.514772416338553,15.377693269669376,6.571909084140083,3.4927894506224773,7.0440268491818046,27.191448281106595,22.864452387734772,112.93170395954519,7.77122974888511,2.183102847235745,9.60471809957573,003,003,26,0.5112849903987697,3.170287553710122,0.6725590015844186
819,7.506814110113641,2.20323797829659,6.7245615135847014,4.938684995527246,4.937225272139568,6.15593707272138,7.3418669750421905,1.7840111738436422,19.40200413193824,9.968322262150851,3.9891276371253754,14.318124727964914,003,003,28,0.8398604308469704,0.28669178450786986,3.76934943691898
820,3.0495231463945114,1.7274697340866916,9.49456617821182,1.7108126077960377,1.9013554011920006,4.99373834996933,3.6570656134587614,2.1205871059314476,22.88009414872078,2.0994040070869264,1.5772231829384735,6.314855744274287,003,003,30,2.10954966755973,0.8909401418018396,4.477329014995317
821,9.840000050462958,2.1363139285178026,4.777186225994026,17.52373517969194,3.9180563277560596,6.297839613609085,16.18931166716911,1.9445970536989388,6.526973890662175,8.462997089042153,2.7328025763849864,4.016072763419556,003,003,32,0.30571126145630595,0.1421295036911473,2.4566458212548676
822,4.710465067596963,1.5548826218878022,7.560249253579323,2.57499605215077,2.2986488886675596,4.373372576554406,5.384716288866268,2.1838454364445723,22.179117749489137,6.784774031470752,1.0127163776522743,2.8650512425674055,003,003,34,1.2975458070668462,0.5995078144127658,3.4618975901004463
823,5.275557615384255,4.005145250064313,7.774027004382647,4.37240439188233,4.5980590545090525,4.545108936441852,5.644481980338753,4.6388544518408725,20.07229353996895,3.089763047400032,1.8797886801498853,3.3807636285737104,003,003,36,0.8215325143253381,0.9616236980093853,1.675850597402904
824,8.536932231172225,2.030794449978144,6.949628352611731,2.1950108134235204,2.595215572953228,10.42062103392692,6.592717696678179,9.400894131688492,47.267758182187016,4.781369241443856,1.862926233625022,3.513178182760007,003,003,38,0.47062311769157694,1.7519463330403109,0.7392518472456736
825,19.81401712802019,6.00619705924745,6.813989706772649,4.685299024890781,3.8847187176175813,6.674173741889851,14.671055161632749,11.251043437596234,56.452623681636005,5.186250461459993,1.8193404429360798,4.519884936849272,003,003,40,0.28994835335865937,0.9184781621963275,0.6056318015805693
826,59.204415672677676,10.479529692074689,15.9698408582658,8.67968551027399,3.2468546521201826,4.9532661225613595,14.639079198850334,7.654113401469781,53.71423478107733,12.249434052535534,3.3100495188185852,7.621285181453276,003,003,42,0.3839258077012621,0.2255053324147724,2.086439019207527
827,5.643277574708447,2.2928369791187535,7.902806072242656,3.269263196465984,2.9425923101229903,7.925299351041817,17.88146661008938,15.97399601112438,75.36052131681241,9.316531806794206,2.6880691122071396,6.917614983432717,003,003,44,0.3868185523765208,3.584611037693899,0.49472943819061294
828,10.635456702288685,6.580523295441114,13.628520514118168,2.5958177566032736,2.5285054976612567,7.262946136729988,12.715691782630795,10.868304245171414,57.4887589551541,4.740773139612957,2.869104805301709,8.823764444929012,003,003,46,0.7794878822892196,1.6428204673613231,1.2539693595873587
829,3.8363508938490005,3.2879429126561996,4.996615755760818,1.9341595646813847,4.547100097299863,7.839562731258578,1.6208904794390049,2.568089626047371,14.520688150295523,6.922424808193679,2.2235971472696665,5.4260893411281526,003,003,48,0.9162478970852527,0.8900736406260336,1.9456547408165303
830,6.2587890492053475,3.823906680436722,10.474358298215385,1.8132339221761828,3.790212361709698,6.576961626847309,10.412470623976336,9.378831691062887,53.398345709631926,4.353562182007204,1.6652088131956755,8.84622663217009,003,003,50,0.7808036337216537,2.3237871656992315,1.1168084302223302
831,2.1099837055450097,1.3404457721922878,10.12144018031446,2.514341095341062,2.335267462648841,5.47823207337961,4.718084904077292,4.748214381658281,25.988625312536055,3.092349928052582,0.8817263039634495,2.5495454907747215,003,003,52,1.4335552467926658,2.053581695104319,2.1316308335639254
832,69.68126792672425,9.416848916497626,9.407030359267804,6.722208155984772,2.6859841765835126,6.119552025825634,19.412625067772808,13.061340697756357,65.48138341596137,15.557652706721171,3.567783705574185,8.319592354377596,003,003,54,0.18350498235079207,0.34190435743046743,0.7202193539659921
833,3.854715320797473,1.3185192139660327,4.340116624933231,1.9219928623685623,1.908666817842824,4.465717811955351,2.2750536561260284,1.843340226050985,13.395323951431818,4.96841655279372,1.6293472995353004,2.461001524885575,003,003,56,0.91724366233012,0.6381974534987527,2.3544848441956514
834,2.1859292833171518,1.6359400628383294,6.085449901458862,3.251226417369603,2.6862588653176536,4.855414180687898,1.4673027395153713,1.6453418621111018,12.85957926657982,3.797202095956144,1.7062996247486626,1.8555575876454558,003,003,58,1.394491719013802,0.605221535923013,3.6985930046481377
835,14.381013760727742,4.060515836389681,11.441247408823962,3.752850161829277,4.10108938397666,6.303781774983358,13.031053218872637,11.952880759633544,61.42952585264197,12.735161691205288,4.780053955009148,7.726161234992173,003,003,60,0.5443077709936668,1.3182938628722314,0.957195812365381
836,95.63614991049303,11.403207656743845,6.743197389787815,6.35994504590433,5.247236838216947,6.323321441603989,17.383431878340996,2.5414174677665446,10.431004041542653,20.646793381475764,3.9276438419466255,4.8645268831914015,003,003,62,0.1259481654624938,0.049833622921602705,2.653321414255443
837,19.778503186434556,9.675350087620934,11.446177929202019,6.340813455132996,3.029753971184679,6.896565220372485,18.23485056294473,13.420398954639051,44.61827159431685,13.677592924341036,5.303699440170595,9.793712616858572,003,003,64,0.432256539710194,1.0276225169904465,0.8528940136496762
838,1.9902352182470118,1.2252447341108756,4.424667415619074,1.688635002387914,1.7011998913467625,3.563275820662045,4.796231177845064,2.877954907695881,10.594445157388822,3.190590458363957,2.6296857821220962,1.835256181989544,003,003,66,0.9379481871805152,1.564586264311973,1.5374345872435875
839,5.101115498983065,3.96729023448341,8.323900670026372,1.2159054333252446,3.186549588587696,5.14670622890739,3.4138644045139777,2.3615394935170673,8.96339664415899,3.9692861888068496,3.7001018731319757,3.595641599858173,003,003,68,1.5079393720781016,0.7476750572216752,3.524777245045982
840,21.792494669247077,4.611326269824139,6.011121488209982,3.256499174628588,2.727500650043976,3.642986570023884,7.4459653321093,3.860912644271436,9.31508616536889,8.036246566361333,2.8898434016221293,5.34068888153687,003,003,70,0.36685817732663745,0.3082688804457036,1.556917247824522
841,7.225955856226129,2.9934772580437534,7.524949518388531,1.8585772011548094,2.3942317180740202,2.493125386894466,3.7928450816096118,1.607146091683087,10.572843271413776,4.197663726761685,1.0134876687795245,3.515299947908222,003,003,72,1.223685900252928,0.3538202968786215,4.682181388070335
842,11.078337095648706,3.875956544652278,10.79156714351393,2.151514433923141,3.518546067718175,4.402721781647628,8.353564173973616,6.670941222664601,30.429428195614964,6.3111373264279464,2.711234180185057,4.042915796294934,003,003,74,0.8122591588269968,1.0084680402880515,1.6176978305324372
843,27.273384572573036,7.308428036070115,11.646746464499863,2.42300225772648,4.122064851245225,3.7163384993612327,7.039516540253562,6.441657045720261,27.733215778535932,3.9992614121161134,1.1734663477320901,5.395322909659604,003,003,76,0.5470562832701039,0.4338343976007057,1.8080357867294077
844,47.917352629835946,7.590267833224066,5.119846380636837,6.596143073347705,1.9586956162009763,3.1109181966505544,5.657182227760046,2.3186247975954455,5.499223599769098,11.285951732405245,2.2106750860937456,2.234532696491777,003,003,78,0.17311181304008114,0.08506608382701956,2.208139232335662
845,1.9002303267010814,0.8342158083055057,6.544539069142038,1.6673360941405797,3.9013172625382015,4.276650888983984,3.2597579070219163,6.858215503872264,31.048328273652128,5.2807682967325675,3.0929643629955375,3.371120676503203,003,003,80,0.7572946126823595,3.8447584122368053,0.9542626745174282
846,7.439632428109212,2.042303638018739,6.043454715383239,2.6964442657854244,4.012021028173367,4.6205794854379985,7.023465921294965,3.855598894610473,18.72104164292118,9.159368450984141,2.102761179315201,5.428457715060665,003,003,82,0.677241191208288,0.7607675062152705,1.567449021689224
847,13.64759347697575,6.667805566541016,10.369319126907854,3.267340027167524,3.2623426792679893,3.522613164174095,7.047186262867429,3.8008297038851047,17.13788345686298,3.6244347175496054,1.3182367650869655,3.775286181397208,003,003,84,0.845902133641827,0.4494052197076743,2.7281725135721335
848,41.80237094630684,8.314819965326071,4.53038131579822,4.868929756323883,3.082655564389288,4.662691554234689,5.150040088518405,4.662310997579654,10.270017135536362,10.167477987314264,3.7114553439519673,2.783373381081599,003,003,86,0.1618111140073068,0.1997934888202871,0.9717029426286828
849,2.1583855946093813,0.6819237457874348,3.8098527900891552,1.3811001724416085,2.7570382315025053,2.4607893683337174,1.0851148594440854,1.7080607545249307,3.5506948736765676,6.638505213797716,1.101007684291363,2.7486467422797634,003,003,88,1.095476682008668,0.9651462765722851,2.230513627806409
850,3.252007414090757,1.2895890528623732,5.18198251709682,1.5856440928569282,2.9927382479264493,3.1321252629142666,1.4410631903360511,1.211643428318924,7.532539760789094,5.512259437890096,1.897933367005038,2.3252462807855494,003,003,90,1.4273589053131417,0.5009221629870607,4.276821378288233
851,7.5986999318556485,3.003013011068849,5.00491612240181,3.9613866956686756,1.7848236166298748,2.673768291441224,3.721734132792489,2.95076182212238,13.513652683855614,6.010780219664832,2.470554367560171,2.243051063148155,003,003,92,0.5732479472976748,0.5105086003588724,1.6961437161342792
852,7.612001569203452,3.6860618922348323,6.007929372915928,5.69477891616061,2.783608767445549,4.380919279527144,7.126688015435036,2.5675172364584875,11.097663013253605,9.690044374921179,6.2136308910391795,5.560632601533685,003,003,94,0.6515551084865595,0.38589608347149984,2.3399762570641913
853,10.27096415615996,2.3230036688965283,8.11242649779577,3.527920617123007,3.3162102550164163,3.724816122291645,6.120594882372805,4.278986593348339,13.395800714422327,3.2341841457937335,3.792268255091849,3.9697937498622218,003,003,96,0.7257215224355396,0.6201931045374331,1.8958756520542719
854,16.194271836492888,5.398875268168609,5.172172298613659,2.5474538064783268,3.1444944734068865,4.090980172150017,4.777548868143233,1.7819163941404184,7.062097461263252,5.3360880366450365,3.862303650508159,2.252289490868619,003,003,98,0.46375636051030134,0.19015499725967847,2.9025897711147506
855,7.838717732545612,1.0689581527072987,3.1904199325777025,13.817169254665632,3.7653053047994165,2.896917710893106,19.50949418140918,2.7915982061964915,8.408809177641407,30.59322637841462,4.249486758865515,5.5385409532638805,003,003,100,0.2342531050530179,0.2578142569588633,1.1428650174283495
856,1.9020616971396878,1.0372203791210908,7.034955803451583,1.3651444455258464,1.1597506195782072,2.644819874243434,2.5121843213009165,2.2764082801404943,11.42032357958811,3.998327237376131,1.3448434645574006,3.003030666118255,003,003,102,1.7992162096411477,1.393489226414895,3.0903752480716693
857,1.0979025268377267,1.4788054436176634,4.1745265687654785,1.3001840242910603,2.6693042290585547,3.1308355364684806,2.4296052219032505,1.8932831839333966,7.110941773238639,1.6786029873660047,0.8302448769866841,1.9965509233927015,003,003,104,1.349963085541571,1.5789948724262866,2.204913984442981
858,2.9808068632354217,2.02201782318056,4.8684685898335065,1.6012126603257293,2.4251597466869814,2.7366276062945887,3.1708801139224585,2.9506896166733667,7.68807047592849,3.734394068098365,1.8225461342301943,3.4473167444286625,003,003,106,0.9287958424028274,1.2879428389602703,1.649942631147447
859,40.608998546776085,7.2970893858668555,19.51227118824299,4.215329717587888,2.279877582775211,3.1026858152173378,2.462477632537298,2.72681014402749,7.02482809196864,4.022127002811489,1.642382762841822,3.3953969092738663,003,003,108,0.776176107022339,0.1216665257288572,7.155713143792046
860,17.040654996898763,1.027334561508317,5.679609352158914,3.4882689258303534,1.9073002554818648,3.0538260249255655,3.4772659569396343,1.0862212987796014,7.390059146507253,2.653815452311699,0.8016174475844344,3.289949075585528,003,003,110,0.5003759881223907,0.10582350081944276,5.228777375788991
861,2.557674973937945,1.585041101368751,6.111007912776591,1.2748142279572292,0.751798325617596,2.6103617733212965,1.9531647075461076,2.497708939017976,9.922015166868224,4.331865454862146,1.6055566147839926,2.0528537622327896,003,003,112,1.384474906100681,1.3034395179941296,2.4466453305721263
862,25.23063312293821,4.724549473972279,5.5144159782093505,1.0092623597464718,1.4141331935853874,3.0043496195585595,4.104345906070145,2.631302693825186,5.23778277359355,9.610755805278925,0.9773958694684629,3.1196390666702296,003,003,114,0.35009385451058633,0.2005574066071676,2.0956980704462076
863,3.8028591961774825,3.3381190187216614,6.170497227778897,2.254240762595145,4.453703286844073,2.9417660326552455,3.222542184980628,3.7859088473539484,11.563883118578467,4.432620000703273,2.594477473301848,3.894267458968856,003,003,116,0.9055006985390492,1.250073095416144,1.629858899558976
864,8.051539833958284,6.821198110998068,13.2898937219449,4.85936533230306,5.021149617409058,7.273387905944877,7.130843976929374,6.388090735521194,28.9810825155625,4.846295019802724,3.0534998804994475,5.294604645663252,003,003,118,1.0347529020784185,0.9895651239410376,2.0804171813099015
865,36.471189114382526,6.79846017084934,8.017774794979708,4.001810820108867,1.9933661186718505,4.595706009082466,7.751709831240878,1.4088116417071974,10.614895169024528,10.025986635162365,3.0268310110185,5.090396371018933,003,003,120,0.3704162333086215,0.06961735695339932,5.691161655410351
866,67.38971499801413,6.829831477855524,4.621891420697598,11.03084241938273,3.8785880067190486,3.420197530813166,9.753968236893455,3.924707487494735,11.901600495224054,10.755168634312176,2.751711413721134,3.749271583648067,003,003,122,0.10714948185390863,0.10009384316424347,1.1776397184820258
867,66.16039599625944,12.02974705468525,6.7365891206924235,2.7342482417592864,2.6512398758725153,2.796084404791921,12.447456048307686,3.3731267030842274,5.8554628863652525,16.288669885985595,2.1297983656547483,2.7949781736701125,003,003,124,0.1781202849384777,0.097921304054657,1.9971349177405062
868,6.077000262077168,1.4634292125382693,4.794169533321178,2.0130739057188616,1.3588718851767787,1.6502106803131982,3.836144378783412,1.604217644230955,4.139211567458423,4.271122509545444,1.7569662970908262,2.8982223072137074,003,003,126,0.848637521946015,0.39658910683830984,2.9884782470519777
869,5.581884222624553,2.4617505568981337,6.137371737533387,3.8354839151046125,1.8590831201273825,5.362463450417787,3.2829877329086683,1.1679307821177616,9.30586303527836,4.445327350636603,1.26420042239444,3.8543699576565853,003,003,128,1.0443719544607306,0.2480376183742112,5.254910506258547
870,7.153156406136331,2.1583600467382134,5.242542413081701,2.1857743179986784,3.1524797992254623,2.498105716135824,2.422931624786843,4.19534514975288,17.884561858048343,6.088543732970346,0.8814733709128753,3.6987653516164603,003,003,130,0.5913879835436152,0.8984637050386647,1.2496093231782144
871,3.825901445003053,1.2676601960860714,5.827460134295636,3.2361918387801976,1.8422528435243204,3.1447397040497878,2.3335832335025435,1.4258671732233799,11.230986842560107,4.403078170687666,1.4302791515386972,4.391948369792257,003,003,132,1.175622645793456,0.4038086487748928,4.086958619800339
872,36.989210202939645,3.768263521248296,5.378769388295758,3.9817602335256987,1.8773502265169566,2.429772525457148,7.256114515097917,3.038677410376277,16.038842662778233,7.374694170853699,1.5875717418998772,2.5024545128517035,003,003,134,0.22864870785047028,0.1483331919163802,1.7701021404669968
873,4.839677390916091,3.8290769365861106,18.431436306104704,3.4407805550437054,2.9766588201044115,6.815419253740213,24.963900520255468,25.407709208397943,127.27292239803637,9.28169824852722,5.1915063665442425,13.677692315800929,003,003,136,0.6237807928581917,6.136788417793941,0.725426922786593
874,4.996024294148058,2.37357251284926,4.152675434886769,3.2635636263176755,3.368216423889313,4.670890446849629,4.677730720611594,4.192626513149134,16.403497992696195,5.600588798828866,3.053501203633144,3.41935470025405,003,003,138,0.49897448082183204,1.0152144522272302,0.9904711096642956
875,9.701596522303646,3.4025206494987748,6.9611782994485,2.4723421036021986,3.3452670428738918,5.4139791059152005,6.38986433813106,3.542637096058643,14.409893951916944,9.486770928050154,2.910805584751164,4.534592139939358,003,003,140,0.7228933357996958,0.582003442751058,1.9649707578552575
876,4.147859744678763,3.0474008847851537,4.131505540161362,3.9164917628150304,2.3503498855124336,3.931359007062337,6.156316404582436,3.090464032977383,17.09171091879424,4.9791718953946855,1.5584349106184965,3.65364788465456,003,003,142,0.580052573746882,0.766450725791298,1.3368560501191238
877,18.15291195786324,3.4688443997796297,5.110341232444437,7.883944536628655,1.7663211690212655,2.367887017111741,5.008802733515398,1.99416657976646,2.684800499636753,14.551171063960508,2.217866160146574,3.462631231236897,003,003,144,0.3404035938710153,0.15318028735061215,2.5626451091377316
878,4.395262024517683,1.2743167737201333,3.245751212277848,2.6872106407377063,2.4786758004910996,3.726470311875851,3.2326592729277004,6.073597268185904,22.591325836438447,7.746479829449214,4.269273866082096,2.8456465174443437,003,003,146,0.3375774711278618,1.7151064480576839,0.5344034299540092
879,24.35183811029215,3.7719817307847334,8.109455082957933,5.150389294533923,2.6664257895849204,8.46611567568699,14.533292272519933,11.054792431293578,65.56863264747312,5.8925627327262005,1.3777157177351862,3.712289360052724,003,003,148,0.31424802682536673,0.7494208677603236,0.7335691857951062
880,3.862809514891216,1.066435451541925,4.220629913037876,1.50444141417917,1.2254854470117857,2.5033915733741763,1.5973208953579627,1.1881414381291282,5.283957011934915,4.4820611880978545,1.0879861730181013,2.0259920545033654,003,003,150,1.0901043423180998,0.4427374288367456,3.5522958610750637
881,4.431854125564166,2.0418820831704636,5.833350164158534,2.047053981109191,3.604715028687717,2.8403325898921086,7.698425412216114,5.653597947710423,23.458482512769432,5.413981283503013,1.7280866103547816,3.309906905749282,003,003,152,0.6559446816988919,1.7452317133151327,1.0317943048144955
882,6.694840647937176,6.747182114137555,18.89478211345048,3.0698227648362137,3.521452626225848,11.073182693908196,26.93566418383799,22.95235315671691,114.407099562578,9.055655462366113,2.2345125631465717,11.313110117124442,003,003,154,0.6788214850061602,4.701104827984627,0.8232176450248195
883,20.10586895069757,2.7929820832558425,13.187531891784626,5.905831169544274,2.662608521580718,10.116326585440309,8.043622779813864,7.266706736508905,67.03777454576061,6.923279822669276,1.3552242660672187,4.044699973925061,003,003,156,0.6505115276814497,0.5587260119805919,1.814787959658356
884,15.612346577894753,3.9245477956355734,19.179239439456452,2.903070494455717,1.6528145100746083,4.159176191038839,17.06589343406108,15.127469357772553,81.6216401429375,7.574470213015452,2.05114871419671,13.248441723360717,003,003,158,0.7865121805905132,1.6340403566023665,1.2678418964770262
885,1.9625932980429335,3.7838178881306828,10.914795024611454,2.6632108610456795,3.248023768392829,7.103786338484635,17.150765465444724,15.337120991185618,79.73804044025817,3.062373723711672,1.70657517244594,5.171029496024561,003,003,160,0.6184011760705347,6.631115569841752,0.7116586633752374
886,3.0438373869394892,5.668211526935286,14.402964638577835,2.2924936755776093,2.0298931649732146,4.3375834627354575,4.723714591447625,6.670931466773981,31.693866976112613,5.758040148078311,2.3533397803883442,6.604693402042493,003,003,162,1.54222240561503,2.500194005439896,2.1590634996499247
887,1.6842901416241058,1.7979520099728346,6.876290401746695,3.600230923889186,1.9108475847515183,1.9540215840629362,4.8842034915982735,2.1043742130585565,7.371953905806141,4.842810689448627,1.1798900983858414,2.0834661012724354,003,003,164,1.4486664278959047,0.7964294917061349,3.2676176884682984
888,6.457862795361505,2.230665645110528,6.787987786637214,2.8760420191270764,1.8841216175476219,4.137417729042581,9.284198395237297,7.467820514292123,35.15657271369287,2.2158938278783546,2.0137848355877233,3.9673825451552633,003,003,166,0.5593831735071125,1.600149275724384,0.9089650418949108
889,1.481462836711769,0.4462993580118818,2.9229166843287278,1.741743054674401,2.5608152602821046,3.0799460550534308,2.9868726364450384,3.149028534583394,9.758991977187355,4.044811533372349,0.7281296614291999,1.7678171324235137,003,003,168,0.6139766744051728,1.9539729329727207,0.9281963158569536
890,40.73159399237231,4.483636527586974,5.586372576848908,3.1233371816314883,1.822399332218584,2.7258331494401107,12.004634429333052,4.283565950238268,25.621170716478908,10.243930235758356,1.6635673070572385,4.631325669678979,003,003,170,0.21313058850476332,0.19535162115486196,1.3041406719880602
891,44.92181099918727,9.158761779130744,35.147618991610045,5.74346615156705,1.9992381690495722,5.535833104839484,15.278097138715307,14.976141767890173,86.31795182868224,10.100290063420683,4.970183842988559,11.435549961775507,003,003,172,0.8719593768974124,0.5911797037378765,2.3469074703184796
892,13.298397210828146,4.866802456544653,16.15120171775247,2.806520795583163,3.593786185783624,3.72871594307807,11.003062200516409,7.9267960337833285,50.646408895459444,7.18128740846138,3.068394863907838,7.034254214156688,003,003,174,1.0107606193383523,0.9843944602049758,2.0375447594358964
893,11.612346896746367,6.925816917921005,21.51025979340715,3.575314249966361,1.8974254149672185,9.612713481601997,26.484360380735133,28.462068480104637,148.4030785499066,9.35592402442056,2.1365541075566,9.926385370401524,003,003,176,0.5965808746444885,3.7480515538450856,0.7557518108159675
894,36.06094374943651,2.325421518405503,5.622497005378822,6.410769986542394,4.813672695511701,9.163689179561366,7.801788146528581,4.5267205055723645,19.333995378131462,5.53902835110359,3.3531890447624675,3.915713009273534,003,003,178,0.21824279938500118,0.2131640146998665,1.2420685126147204
895,59.30422167955065,7.572924318425814,33.36744437628988,8.034914569374164,4.1491513275137795,5.306929448333022,38.56605542147524,21.888574981819744,121.18784211495164,11.398585900649639,3.2856732863851383,8.239713277085636,003,004,2,0.6005860259306778,0.6500996656953476,1.5244228737596797
896,15.748448267489414,5.901626316634014,31.12521133081531,3.077122570478023,1.5357249694397423,2.6564295130523004,28.2587606613417,16.988682696624668,97.54571771472133,10.201299398404291,2.0075976905401607,8.14035233255982,003,004,4,1.1789197174385266,1.8048517989544168,1.8321144662381212
897,43.35703150524404,3.7390496169085443,5.105883186462995,5.360845325348743,3.4037321204717905,6.97615756136052,12.051193007801803,6.867827282971567,30.149268720948054,9.675590336111446,1.3209669091190996,3.5849614982769853,003,004,6,0.1635098311429096,0.28194279922555493,0.7434495621523237
898,25.269406541096394,8.87431305937928,27.310982844345176,3.975946206137901,2.3608878932448283,3.0793922805187677,21.659453312490896,21.657095655613574,140.33645887365813,8.114068206401122,2.3932467972830094,10.20366573575194,003,004,8,0.7527881603649724,1.4810623652102581,1.261063961605863
899,13.701610922989463,13.831275810057324,31.23624641583538,28.352150889990636,20.042865111906963,24.10381095250945,62.3148944660977,42.48199185035308,113.8972589763952,22.024568794472962,9.173356437421043,23.71522171893344,003,004,10,0.4918406682390635,2.020365837390595,0.735282058474755
900,46.31593807941306,30.507382805480937,34.89820027770975,143.17151563029304,27.677845077044992,21.53314002303376,82.98649903191004,65.58287216434213,98.95579105310922,267.7427193210452,29.00898929981472,31.21663560161131,003,004,12,0.21766943533512828,0.6922133458483726,0.53212369519681
901,16.2044960235835,8.904531311088224,6.37222761778343,184.25008880352678,46.98347770012991,40.53066755911276,119.27684378591873,95.8962452010042,100.71069958830998,137.6225210497792,80.77590713323767,65.01496188623919,003,004,14,0.0324908865875484,0.9567877460494465,0.06644918791582365
902,23.325857246335886,10.895369798947906,35.19861078240929,161.8964123920369,47.47211529744962,48.7016451658924,89.95028089026484,31.00668535747275,68.50252859525273,115.83549170426265,45.77067661282829,61.85581161868798,003,004,16,0.2847373520428352,0.3348051551037581,1.1351942452606036
903,3.5739724693850476,1.392397591372785,11.471796910764816,5.737518190196646,6.7997913450076,8.93944286850855,21.546068122688634,12.330210719686228,88.67532026646408,7.248034323520431,8.08803664263144,14.526815762720329,003,004,18,0.6753695156957611,2.648385993277718,0.9303812539431398
904,37.49726923275741,20.690909515280705,16.45748828728293,124.25771819158159,33.58733585419121,33.08052013082053,79.27077171777773,19.29638763598021,19.701884010993762,50.273690423611804,13.44906847217365,13.963524960149888,003,004,20,0.16428921457166754,0.23858785368217605,0.8528792330330345
905,20.917185927120265,8.65623874376202,8.593799608912406,44.039616446074305,4.7895049085759425,14.376073216607406,24.96956222750763,10.158585203975479,10.49608434378186,355.37653616561937,114.48704422014852,62.78745438145228,003,004,22,0.2015573879961773,0.3127797192236044,0.845964220051951
906,6.935361987443175,1.4700157861115724,5.580180328990018,7.307615232797208,4.6715769423312,4.4892558446846085,10.738670165199016,10.142241234867125,37.34594976569993,15.3146437841966,8.873175059104943,16.886429272102397,003,004,24,0.32323144413721666,1.4241743250777945,0.5501920334734697
907,53.42249884503821,6.925646894903797,8.336508068219688,18.244431736673462,10.998365649564429,11.680781904956534,52.84208485565126,10.266687974231118,18.692107687648317,13.53495961414015,2.6590627820627386,8.5193590952821,003,004,26,0.180834714806321,0.2865111674491337,0.8119958538862692
908,9.8719081653769,4.582283943608638,4.602328104650425,26.786839846951203,13.66585721169475,17.930380942572544,36.911587433784845,34.56393351282228,40.146568339826146,61.469504523352406,18.616903981137778,20.163959278949175,003,004,28,0.08701153927646509,1.8857127090755337,0.13315406080569755
909,193.3383328064121,57.005341364466545,49.65459297614452,28.882562114812508,8.626542699546109,6.4239382496038075,99.25289804841054,32.68284360863038,96.66719773897846,209.6500754065963,72.93094597108096,82.86767397286475,003,004,30,0.34531926077297787,0.2941473493769896,1.5192861909675603
910,54.09740631703942,6.392903579915645,8.526146119700577,16.664034365308147,3.7416019981329374,5.619696324470619,25.23578602371109,3.462596832126713,28.408498688220654,31.38942085691912,7.16014069880647,11.195563167648142,003,004,32,0.21950097829340753,0.09786677034094096,2.4623560099729698
911,8.834506594361535,4.0355288908600135,18.55751484985577,4.363205386598059,2.3294412300034715,5.796743639918848,22.722006752597878,18.16669040320698,109.49156787489264,20.48901879267583,7.522493933934108,16.47050203962814,003,004,34,0.7493278991246664,2.753006040655556,1.0215132441834203
912,22.923809716589485,3.1072700538139446,9.175006241804436,3.870705960998599,1.935092685316168,7.711313912101716,5.649525063337178,2.690036806413669,18.2144680230432,20.972683577082737,3.1624619116361634,8.873668614563828,003,004,36,0.5703262384479049,0.2007901048693867,3.41073632149906
913,6.621843342921528,3.117663684686419,11.616974859077985,9.829732510781048,5.121873055089921,7.5756447153059145,16.278871196755624,7.083603534875005,34.79082119999852,7.126998000125207,5.0552008361240865,10.029856866643946,003,004,38,0.7588136267937622,0.8611458984679302,1.6399809506395497
914,11.097111695514396,2.9539414846605268,9.32282444005795,20.487242593100827,6.59118619571582,6.5603175266604214,24.931104478431738,10.142668653040406,39.521759966663296,23.369042377892505,9.699785580521748,14.61956854140621,003,004,40,0.35947098019804924,0.6422590476510956,0.9191687867337857
915,7.391128707504176,3.595626331624947,8.024797945912443,12.051068581928089,13.037559706739854,14.489787488064781,45.82906930530713,10.626899534843094,51.5628605921742,8.982741300220464,4.407372280774054,14.40070666662819,003,004,42,0.3943777601658049,1.09317886004781,0.7551400970340433
916,16.37739271778161,9.590625555066978,18.446195281796747,167.32628562722823,37.58488262371387,41.342077100827346,135.15789268152267,16.14913081652677,18.413447912156684,56.009063902048624,6.368942909764873,9.563311208080693,003,004,44,0.17079657047219202,0.1758171742886655,1.142240749137978
917,26.27162238097087,27.247221445655946,25.986888423802924,44.8457796178852,14.832719495971006,17.34540189684788,12.749073487757503,5.21986762490884,18.316886525732766,21.445459957063353,9.156808280466354,14.232822616542844,003,004,46,0.6372682833279687,0.14679579057156228,4.978457365431132
918,20.678554008946964,5.963057013010175,6.684751221556516,35.58721309959974,4.889432197091969,9.956992757568184,10.021970716538643,4.1469653623710006,9.187927121292045,19.673335923096676,5.551790372002571,7.544402023041178,003,004,48,0.20708743832161125,0.14740633871998102,1.6119621548356875
919,73.89374213977041,22.0509430796196,6.566810672430237,12.665440577071676,8.54532088152017,3.6688480171348754,18.66373205476913,6.625288525017718,22.27316802337861,24.268768661890405,9.696833939627144,16.773077726204505,003,004,50,0.1315865439966618,0.15308112477657704,0.991173538727157
920,12.747271701134064,3.934245356923508,5.045386182814871,2.559964552180969,1.5758234483708249,2.544445798602543,10.484940163047494,5.594638360641902,12.169583258181053,11.889688980581768,3.146024572343403,5.753824382247958,003,004,52,0.3808339752216969,0.7309795534684181,0.9018252579664484
921,5.77138271936675,0.7351106139043939,3.7719880894227984,14.044334884233724,7.938741728486412,3.3684232488521646,9.188981085506832,3.8079192713702326,14.030724833451957,6.785636279406929,1.67219984505512,4.504729316571202,003,004,54,0.2750108720992804,0.3843332194720358,0.9905640904161015
922,167.03717213969355,24.810864141384677,28.558077369232656,161.732222013961,42.898591594396514,28.947828766649494,144.2974445782486,26.279364769673087,51.337787131017336,105.08783450782084,24.24275939116867,21.61168864633256,003,004,56,0.14978217233315927,0.15986503145965644,1.086711098975621
923,70.76789515683626,11.745832445191398,5.922074580849674,34.697685334874535,8.748629034707736,13.499579071643925,85.9994872669424,15.120945220455223,41.761206020669036,31.329029588446204,12.434785103318884,8.82142402666172,003,004,58,0.08727706057966379,0.2867465413826395,0.3916471156074586
924,27.548929643366527,8.197925708532345,11.627081874669255,30.912060867842037,19.482502958018323,10.000224564791644,28.482040846533813,9.067265642518768,28.993153823259945,15.717086909406074,3.0275050101377468,7.1723884317245705,003,004,60,0.3035969101587631,0.3101988373180344,1.2823140220075655
925,14.455628362211025,14.487728151225898,42.61242422190448,107.34528803001287,158.30422854780076,163.20773027340186,22.929820827091717,18.298688856954843,49.63715413312323,29.6972164611085,8.891468907885116,17.149772610775607,003,004,62,0.538041453822127,0.300468820743997,2.3287146174797457
926,39.60588991679272,19.717639563049982,29.842220259643927,20.39345310914178,9.284712641277345,13.665052622046254,102.05200883344295,47.21090253783286,83.48533962737818,4.254308128148548,2.356500166948077,5.016450387001688,003,004,64,0.38650431791906464,1.5737139827489817,0.6321044219760384
927,24.17917087706455,2.9980152932833057,7.802324140246785,8.335505223167091,3.084027060384619,6.063379735062628,22.083558884332696,5.1786593090345905,16.485017174101813,10.695719501583305,2.317888118635576,3.5861069321084296,003,004,66,0.363982324196182,0.31854288156342403,1.5066301285035297
928,4.701166930519772,0.9499690687130151,4.497745401241225,15.09979615678926,3.0650752417439144,2.2810509533114853,5.448839533271656,5.2642986177715585,8.69595928639164,10.741562137911018,3.590652547616685,3.517956295313594,003,004,68,0.29659153336636723,0.5317214717849343,0.8543864487583297
929,7.052162811178881,1.4189287508794695,7.333793705017548,51.27855750169827,9.753309453520172,6.703507058843312,41.648764023503134,9.723066677579094,42.478675554375506,12.882413973289903,1.9159820305702842,6.816975152999835,003,004,70,0.18858550736236798,0.3333772195997593,0.7542675524306451
930,8.267210949153739,1.4838819503409213,6.342956169888309,14.539339981856305,5.956113060804556,8.279686771389198,19.54325758253664,14.32850932485575,33.407594778448576,6.529538781582271,5.719391958188417,4.891902925675292,003,004,72,0.2465027677467754,1.2565257559724465,0.44268081389912245
931,2.936719842077785,1.828545549251317,3.85819417650717,21.332393984023184,17.846692917438357,18.087063206964146,15.545272628141344,5.439243628854106,8.671909636396125,13.45222505332183,5.296774210858949,5.502381760577601,003,004,74,0.21954239023638264,0.44824410712551876,0.7093254944566588
932,4.617557828957862,1.24338071282776,4.108854851303823,5.434367865141553,2.355968380397525,3.8777409075711837,11.648356878802758,9.729891378018173,23.242937678022205,17.135483100476225,6.421403044628059,9.523412955864254,003,004,76,0.2784559123878795,1.9359258462743554,0.42229195493246424
933,9.93918968424164,3.536665188343211,5.6863363025393605,8.815039276723276,4.425835831469524,8.32807122531738,18.66483241821429,6.550169954578853,23.046009224905518,5.141410210273326,1.670874619102494,4.429401770186022,003,004,78,0.35701856934392545,0.6985272461173837,0.8681204216028571
934,5.230593555214057,2.6173613255323387,5.4411379966288145,10.003055099862031,14.342453761836026,4.379960909726958,22.44232596457215,15.118974186947371,11.963451245711278,4.054382573386524,1.994153146827205,4.094500968961614,003,004,80,0.23932029451977066,1.9849445827818137,0.35988804064010504
935,105.31192262037555,8.33725591036864,15.425109670341138,64.61332428111984,10.944465384575278,8.30218378881718,27.110062139930406,7.577993699193407,26.496703763578402,18.646755706713478,5.018256152824025,7.941780459384871,003,004,82,0.1666847503874784,0.08919208696028934,2.0355136573923214
936,17.11881396112456,9.954539021414808,5.526037990994722,40.32253933651943,18.425104045674995,10.843896799635655,58.8480292872652,30.839728112254257,26.466982873798266,10.729290573383988,2.8565769850247946,4.350769208116821,003,004,84,0.09278039686201198,1.0737813906455849,0.17918569096589845
937,22.684248171775863,3.356477803738959,4.366517648060814,5.747353640739421,2.0908006746737815,3.132314016275147,8.579254041590056,2.0551910353469705,5.722200314334476,7.915842920120102,1.1865784154392487,3.454008236479626,003,004,86,0.2683621050106793,0.1445708932545825,2.1246285980045796
938,77.04817945385577,95.17697144841686,100.36090788782057,73.95163380747802,26.360844232001966,23.774836739705894,28.017792850268904,9.601649343999568,20.39405008923775,32.812949795582846,33.204791075383554,27.95358873090925,003,004,88,1.179307554819522,0.12717432077061044,10.452465435070264
939,19.97414201254567,6.5402644945979205,9.405310363976458,69.28189337789603,54.41865703289751,23.227344303206664,29.674252547241494,15.192788497021521,15.638134870605276,20.360713917249697,4.327773083527364,8.521034405567942,003,004,90,0.1572247343800617,0.34043162303954394,0.6190641280776289
940,85.49549630325645,131.53399751764366,354.25171956721414,52.90186837092809,24.77442604452044,40.359213073385455,64.29720345624484,27.812023687757083,89.09761829642162,165.722326495912,99.85177599145993,91.1811786599795,003,004,92,3.6516765425505957,0.4019155097820284,12.737358616703485
941,27.196263065990784,7.947172649384459,9.493756032623125,16.924584336568692,4.858076519841947,5.572296049545453,6.817586742461505,4.397080468003612,11.10217557564253,9.688239130161117,2.85004402771859,2.697229807236247,003,004,94,0.3588303708422048,0.19931985566299593,2.1591044561741977
942,15.19328774337791,2.739561720023441,2.756295320901349,121.90066968388984,37.199428772984525,28.499028604793132,10.053822442407338,10.748313648411404,9.67702641643835,12.204622934732173,11.647548459730466,4.843127204451267,003,004,96,0.034759885975534296,0.156802150147481,0.2564397924235053
943,35.28787323157729,4.313464018082493,5.114661976729556,16.908301335507694,5.351237540857394,5.842739898823968,10.930706941818979,3.414659845150055,7.3463151901488715,23.967554082742215,2.5834774015593105,3.6501662314831487,003,004,98,0.17330348660620068,0.13083946758440596,1.4978540202164106
944,42.307326771848594,8.191825870061578,12.240115129334939,19.66798777047542,5.819751045459251,6.912900710871932,12.515233871698666,12.13129138932029,38.91255124783358,19.361269057878587,3.6132584841740263,4.475937388216876,003,004,100,0.28386858932283693,0.3914878521846185,1.0089704992257007
945,50.39710340241845,24.022276747460886,20.526208172734098,4.640254897956869,4.0542599676431985,6.054035257104761,17.420300424985804,8.637838065422061,43.74987179213518,9.879542250988436,5.214169535728859,6.215878930622548,003,004,102,0.5677042412667,0.3138899951658165,2.3763131488771605
946,23.500961797077213,1.7815735060943743,8.149467271352348,96.43716291944972,49.519852934476305,24.062354936813612,141.59341053697452,10.873634052739563,13.304793871577015,166.40213203743744,16.294820963394084,18.058290095355535,003,004,104,0.11503609665098238,0.18132072814110334,0.7494704375580055
947,8.304104461890955,4.176221462830319,7.700395295139212,7.465024439785976,7.492717236409178,5.86065503056186,39.38619453058403,10.054148110138376,32.49911537315278,21.54180544058965,9.218875020187191,6.075525310541873,003,004,106,0.42926131231347914,1.275168485567924,0.7658923670891925
948,44.778377152673045,12.847220328399096,11.9047006553128,15.126616928458414,6.76630127775714,9.158137175810165,26.450109129097502,8.285536076550766,8.37541759739064,20.35975665741934,3.411130547537033,4.439571380194875,003,004,108,0.31133140710587165,0.27662254887562027,1.4368051198286107
949,5.476934164208836,1.8846663627663063,4.254716921048496,27.013336764583535,9.724596765044003,6.07468189671874,76.36608644139082,17.95514527297663,10.197794532628613,9.180046043371846,2.7483375278988906,4.53215784038594,003,004,110,0.12440590630588297,1.1052628839155085,0.23696365896031224
950,2.8285568530176244,1.063612296284441,5.9618253189985975,24.48469112122232,3.4457561013639917,4.545843240788084,24.01225683649197,13.67936681333449,16.490561518037143,7.216099997757887,1.617454437873122,4.323935635364195,003,004,112,0.2180943563567296,1.0016653329721876,0.4358261168336446
951,4.214946038820423,1.1993250478656736,4.72295387094108,6.080464048883027,3.793452687528361,2.1417188275860894,17.684861484263497,1.9922005138522367,5.225011034194348,7.061853657829157,1.4984808131766616,3.101951836438566,003,004,114,0.6614868828124779,0.3870075105083314,2.3707221427267364
952,4.764036289394961,2.8908187670664036,7.1356135060561705,5.312700835468428,2.873381299660018,3.3761742790196343,8.832472573056195,7.196651102077479,13.40679590987878,13.004066164600804,2.1441153797597132,5.2730084232262975,003,004,116,0.5832122629728872,1.4283693248919689,0.9915186112046354
953,19.896224723572818,11.95702935301151,15.566192542037815,16.187382312661672,6.176110640713498,8.127650595549037,32.57816272762411,12.54078710876576,77.73212366740262,8.349870983156578,2.2484767435435624,10.27599515396771,003,004,118,0.5089886835275057,0.6950960914840102,1.2412452589325398
954,11.477627035610139,1.768897143409415,6.864726042052899,18.371805349309298,8.784854109067352,15.904540609423131,36.514602538732476,11.732043967181053,14.110472176932978,5.515408615317849,3.2403386970897845,7.650862818050134,003,004,120,0.2575228947907302,0.7860815452630401,0.5851261776086183
955,23.51333443513675,9.058801650427188,17.58595894693277,32.27657822164352,6.785065500919502,9.133718076144529,6.787559650063095,9.81246649400348,38.422543489249044,17.63004304786297,3.7166013805623477,8.536781152224467,003,004,122,0.4663792333346329,0.351764898947586,1.792205757612499
956,5.214017608415254,2.0304268677961708,12.524246005880887,27.433486674804293,7.419402079750846,16.072831832414,19.796135853263937,20.319053065254927,53.50909730769294,13.762363125938215,4.184692470386215,10.326465012693749,003,004,124,0.34179277310173245,1.2447538341053956,0.6163794132363891
957,3.693915642616154,2.189489219998638,5.439660695386802,6.429706835788535,1.4202391441002313,5.521049143929659,18.567816036915993,6.410180940705264,26.190593993989246,7.190313362055534,0.6062344393215675,3.2910579916178144,003,004,126,0.4741687938834187,1.2663808739172582,0.8485970592256507
958,5.420704705593158,4.299125644241433,7.7783372817107495,61.86477984436384,18.315652290628687,10.20170490273199,144.65894660834826,52.54213537371892,69.85711212740877,14.390039383462383,7.572260729920179,15.933898895081793,003,004,128,0.09025176450811276,1.5617673180226064,0.14803999164452308
959,3.4189736452653694,2.293630475343294,5.754998924288214,14.219398260932321,6.118741332486141,2.9629892713260526,13.743522615147782,4.469366977183835,5.556328617927203,5.811653964810521,4.03706413319445,4.708122924844662,003,004,130,0.43307942967765944,0.5067777231313974,1.2876541473697602
960,7.2473730492730395,2.1290487256585715,14.134284124014396,10.922853069113907,14.037762431286351,8.543468076014126,32.60071274218605,11.017697664258241,38.97784741301124,15.92490384321282,2.347649535593094,11.982642146073951,003,004,132,0.7030998957536568,1.2127199290171886,1.2828709368080102
961,22.66327918093333,9.181387025666801,6.400569293867477,21.83133469382865,23.36682773704497,14.149810730698501,84.36150524871283,18.13050205551002,19.243034522479633,22.321619445122174,9.531170131997884,6.708810744419358,003,004,134,0.15851700360944232,0.8149526640029533,0.3530276919122759
962,13.980589884154815,7.780069037637752,8.82842684634127,25.286389741332826,9.47020643799959,8.320966069952421,34.70383188471547,28.665257926616718,48.88516833526635,17.361180965433782,6.770139564867707,10.935477775204632,003,004,136,0.18278790361155967,1.4600184786308597,0.3079835133157396
963,6.615980745782528,2.319147240099044,7.573112198079065,12.228628001589726,6.7308938368061675,5.572175138177885,16.35163022043293,9.347033288346786,37.98956077748407,4.8677580562711915,5.348935406199512,7.853397159220508,003,004,138,0.4034831880827711,0.9920113931418356,0.810215601512908
964,23.126626798252296,7.346877853013551,11.196417046222908,8.153271142257855,3.7097160781528045,7.788814359855372,16.806483382567624,14.753133395262227,36.1193252849485,20.65695724092096,4.276778752147247,8.006326484997734,003,004,140,0.368387020163703,0.9432980518875448,0.7589179021331488
965,66.27606657914579,9.597885425907553,3.7357981619291563,53.46561236775002,20.659888253482492,8.0396966389535,67.95659058411681,17.694714527723118,7.873772975028688,32.32435042117835,5.748452797424073,3.8362102154052584,003,004,142,0.0481631080965754,0.29554812799260216,0.2111250880072753
966,5.16328965687811,8.0673869293259,4.701406019160414,14.967846306854494,26.26030691464507,11.529091498004282,18.582179672877647,17.186431501282538,23.930948365401203,59.77369107000208,7.143849742173044,10.18356212171447,003,004,144,0.1725160028007306,1.7074477597533373,0.2735533562513877
967,4.447149862023142,2.154832655659766,6.990546378567548,20.127692278179794,4.277234086707262,5.00606104253353,17.276779585423615,2.291515443957532,19.487798863340046,43.97397879833996,9.236906133096696,6.937536061876125,003,004,146,0.47949631798082865,0.18649279054442047,3.0506215426131345
968,12.877475472288111,7.681804907222173,9.582785461248992,23.907811159647558,18.003571801091482,11.230842038026653,62.88080000140275,22.235501196361405,8.078572852417711,15.47486492097216,9.18157589326718,9.811693971078,003,004,148,0.23586569301339733,1.2089345079104175,0.4309678192824864
969,6.366496773403387,2.0311709837038556,6.393617568337152,32.56270439415299,11.107251967497,6.124674978985418,28.9424754710631,11.541024022737671,30.72998782017314,17.587052386110166,3.195615247428333,7.7758641966754105,003,004,150,0.20620831379715304,0.5929237526895862,0.5539904912892217
970,62.9205601471301,8.247621815642077,11.753887547137925,132.00901977058123,25.97682502753887,9.061092023155082,56.48615435872526,16.980761987715994,57.216152737239874,34.63323057388848,19.434575659603578,7.975767322796053,003,004,152,0.10270287789450454,0.17422457889545906,0.692188463370535
971,7.017863228937294,4.6935124592933954,11.92265340349222,1.0599382808475037,0.7626353810960168,4.008092666164535,1.3113957879858993,1.3117963415749265,30.542508469756683,1.766587351885791,1.2133825824773665,7.790154454417783,004,001,2,2.2282430099367567,0.3247904370975004,9.088799096038056
972,9.697171435585666,13.25526436676773,21.130101483382163,9.886607698061919,5.221981017177604,6.982245984460069,3.5002635273329092,6.26145041910883,62.877056223172374,2.977020738911807,1.4833844263226723,8.310240545592025,004,001,4,1.3162433177082309,0.6394527201699094,3.3746336821412592
973,20.674468782115973,4.1441195897432825,11.674676786104422,19.544662836671876,13.728994068541196,12.153670490736502,4.801511826347619,4.892882604705959,70.24484427987774,6.369011809006201,1.0375013832547326,9.246654193107869,004,001,6,0.4669413408136702,0.2433112008027698,2.3860529118102596
974,5.579245757482667,3.205796020706859,19.803141371108705,13.34693804508629,26.49421246387761,12.452139749041567,7.20951310298259,16.886772722085695,43.897827660611036,3.9901029441558684,1.8253893887647699,5.981273096967948,004,001,8,0.7515462281937092,1.7844878712203522,1.1727013620079567
975,15.855125987120585,10.550091061433163,29.31577641684615,3.4313758028490673,1.2388721872236819,6.935051992398598,4.937327501956303,7.064349006127541,32.93321694509319,3.669913216002596,2.0734524890727304,6.332971640663457,004,001,10,1.7546372064424614,0.7325692427852835,4.14981994680868
976,9.679319908013385,7.559959049220236,14.432578833670508,7.928074113460091,4.8737851967737535,10.308657538007024,3.8118436375957563,4.127909000981785,23.08426523297232,1.6356215712779165,0.9880838190308465,6.9986250409830255,004,001,12,1.1160701014701357,0.4688835833340817,3.4963413268649703
977,2.415017985050619,0.6320344695936647,10.466243594140757,2.8055739864950575,1.0648532486019555,6.756529516091329,1.366341362857197,1.6292568473682496,21.479890330952237,2.077780078845943,0.9891486391017645,5.835962771356588,004,001,14,2.468714038028937,0.6241655567982918,6.423937153338932
978,3.0524060676555838,1.9892795276819197,12.218934648095743,0.8896410716458553,0.6598106279952121,5.017525625522103,1.2965778866984772,1.7894313902185393,14.985183139690484,0.7631734926575543,0.9572833390353551,3.2881416447937104,004,001,16,3.2493234936978377,0.9078690979507872,6.828389573854224
979,10.001159969110262,6.617827840161296,11.137834208129998,0.7550148383476221,0.7010240741532021,3.634266220042283,2.0247806342637347,1.6428526559179046,16.831237753213806,3.231147749591754,1.9810961410020511,3.047435975922871,004,001,18,1.586373635653889,0.3054715426861265,6.779569773350733
980,7.324214835168801,1.7075538196695106,6.444389388081047,8.006145431486683,3.7688703081259725,8.321671836892301,7.559194698277976,2.433894607800572,17.54439828930215,2.85145659079963,0.9251559190858416,2.2513654246911776,004,001,20,0.6381168130023217,0.3175260809877311,2.64776846434802
981,1.3729428742114842,0.4314466383127999,10.635334038669729,4.961431595976263,2.812881638715633,6.58608390452759,1.639059966853598,1.7634114663135907,15.576683821144965,2.2549334194403596,0.8988522889115629,1.5785057174358137,004,001,22,2.1570066198317495,0.5567752505359299,6.0311131246656124
982,3.3658742391545244,3.703050733902997,13.525021653297648,15.295338060467826,5.011200715201796,9.189210822138968,2.412838341246936,1.2537317197559208,22.550702970794536,1.9547564774028383,0.5368176044949776,3.47816317206523,004,001,24,1.2778335140061838,0.13436766053846275,10.787811650749914
983,1.8582887777521306,1.298495375827983,13.111823463206562,0.5079662579667532,0.8937953541920494,3.2856449162783696,1.1414409775072571,1.0179595121164762,10.93389663339731,0.35161445552292586,0.3405977577972876,2.977699641383203,004,001,26,5.956976386958229,0.8603971226687435,12.880496038536247
984,13.434795621816647,10.961550596019798,19.49716020217028,4.945920497838014,1.9824806910511792,4.604590233705098,3.43456188271263,3.1812616482245546,16.830738765630002,4.16364291322428,3.360133471863301,7.827031113314511,004,001,28,1.5759585779605596,0.34615208977878764,6.128750903922519
985,0.5266051562835811,0.3940795179334299,7.789156004671657,1.1407197466498544,0.6364380112072698,3.5067596306087587,2.338698455920492,0.6046181401439636,10.253921591739367,0.6345038258054574,0.3915492915526865,1.9437443829633623,004,001,30,5.415602525755316,0.7252553345544337,12.882769284456147
986,2.3776354796021244,0.5555694286150719,28.23627326175672,1.7484761664919264,1.0930798870655691,6.907382940890722,0.7973782157920923,1.678929307606142,10.137224935217024,0.5969023176455406,1.0100953408975033,3.3405192847078573,004,001,32,7.545800497830425,0.8138070181380024,16.818023923840297
987,1.7997018763705888,2.2348938050689613,14.863005107065385,0.7281364679452821,1.106864194511927,3.0549615414820153,1.7986628938239635,1.9442742739276033,16.299813029296207,1.364212464844264,0.560531999211829,3.173768890770025,004,001,34,4.632826965344128,1.5382900400253228,7.644500216032186
988,7.410563088794219,2.472775761542753,17.298332658484604,2.1791349869489487,0.9523816085625338,4.411948696910173,1.9237089186118204,0.9677717750948835,11.076046905840755,4.1639759234153475,0.6565990448732295,3.0239574673388887,004,001,36,3.0018169197531863,0.2018357131686619,17.87439260334764
989,2.9663744682404327,1.7167863796317133,19.149489195181012,3.8842672674400363,2.988661167532234,8.062276654403979,1.337706031967847,1.7561241014991293,13.9952060646098,1.0000421960520804,1.0292790885056506,4.757601936612313,004,001,38,3.69578164170343,0.5126889331703448,10.904405434008847
990,5.984666400278428,1.5661608094659825,10.58427794164561,9.680911644352879,4.854380286743634,9.766687977860407,4.4485222011779975,2.048428248619636,16.33955010231049,1.3123358053036465,2.159080542039659,4.413919862377433,004,001,40,1.0711512206879925,0.2615196506357638,5.1670240091533515
991,5.3122930735289895,2.495486299842583,17.317939929078676,3.725015786151597,2.600217430596461,9.041770603472536,1.7951197672770949,2.8127843288317416,7.988003942192614,6.211175789737247,2.737095805407714,4.172530648954421,004,001,42,2.3621475264447995,0.6224827263303595,6.15686732593234
992,4.271427287840874,2.9763997075680164,24.981328570232165,1.460495210774393,1.4903208787892055,6.227993774423941,2.4840277552286523,1.6975374984957552,8.097040939755564,3.5874502085215445,0.7849406028086184,2.9240418566669018,004,001,44,5.474161372840689,0.592309996831203,14.716216043750997
993,4.032553597851911,5.754980803413589,10.091016129016037,4.278768327591862,2.2238671727805404,6.2008065924906015,1.5142920338108232,1.360565557769387,6.65930233095945,1.148314103561275,0.49899361597765385,3.191967279569046,004,001,46,1.8293331667092836,0.3274005194298237,7.416780522917253
994,4.610690689090326,4.467334373371731,12.630889976267014,1.514694583599777,1.1637047001741658,5.223877741351433,2.488805371459655,1.1353463768248577,6.141766480528037,2.0826071129634927,3.130956026245305,2.9911544020165706,004,001,48,3.008759550981285,0.37070202976024214,11.125142277364661
995,3.5641027778434076,0.6041015901792082,14.501475548776884,0.8152637297211663,0.6018998326306165,5.043737936051702,1.236057557558071,0.49241504113861706,7.030952346341669,1.5194920721425065,0.6900881637330012,1.492703849158262,004,001,50,5.40676513468517,0.22487957575053744,29.44970063311826
996,1.5083257125427516,1.326173541677404,17.28641331853847,3.1740490086033284,1.508005634077696,4.617941868432982,0.8981745340055876,0.7709317374021198,6.891042808576627,1.6735760671726685,0.4174902839855237,3.268056172078616,004,001,52,5.554547488168285,0.32929091895209234,22.422754804193303
997,2.820805693011649,1.5116073100149356,10.393846719030075,1.4998993216239334,0.5116148276264487,4.011397280015322,1.329079439417809,0.7314494531886889,6.009031441729084,0.23581902760431322,0.28001173280132874,1.8714157626291361,004,001,54,3.5942456852092532,0.3385787507876795,14.209931627837062
998,2.1346639194661194,1.421487357608926,24.35121124315542,1.8965253829719098,0.9726578220810906,6.481880221082768,1.3760680917438513,1.5634437368173562,5.733810213753596,1.0156830950293898,0.70461126568905,5.33048608347182,004,001,56,6.803841871200393,0.7756736880958671,15.575367804873022
999,13.92096678750313,3.9132066407817945,30.66987577321805,6.834255143504233,1.371924503147135,7.012949646629262,4.172977199798492,0.9974161911771569,10.230427355335394,6.480234064683574,2.0858949692906945,5.751057569224727,004,001,58,2.6962463782079733,0.09611231279459963,30.749326153429763
1000,4.009842020673172,1.3999715187337674,6.062796657249938,1.9909910832090216,0.6990997156380225,2.904083440318563,3.7516933412604856,0.8300293894987021,3.2767339401549043,2.3940086110357566,0.5894318834781676,1.7221132646044879,004,001,60,1.582791338120552,0.27663805179374873,7.304315647077962
1001,1.4079278707031704,1.9743932961013366,15.985966842822407,0.6476946790679841,0.6437366230458605,2.715555016245272,1.11819416126512,0.5794029418786942,6.3721899666781345,1.0516248492283484,1.0167077288512485,3.8392112769387863,004,001,62,9.946382178603548,0.5637250301065214,27.59041366098083
1002,42.02204133508968,17.276116704531056,15.927593967917051,3.735513937423755,3.215972001352968,3.8106662581681157,8.499558033095289,3.644873497352754,5.364841453330227,10.96994093338252,4.120445308247275,5.921892853371859,004,001,64,0.6005053334355761,0.1593124228619893,4.369861938825902
1003,8.287379931463816,3.3816908317408205,7.928319111588055,3.3814068152044063,1.6843530994574685,3.801146980285247,2.8848049103749895,1.1132177881991567,3.357765061819989,1.9468694451440909,1.0424904605731866,3.0178116735754728,004,001,66,1.1411575759283505,0.19080266224198722,7.121983852246587
1004,4.578169470543013,2.627803327833875,12.80987857210016,3.855228775777728,2.156202806654969,3.6547592782623406,1.0333049909022256,0.6068875056616911,3.0966313779515136,1.7696097315547608,1.190608576741993,3.1972243401683453,004,001,68,2.6556750314295448,0.14392478285404328,21.10750090024265
1005,7.263418830897932,3.381673341314457,16.679747002967638,1.6551625600363253,2.2271785357794998,4.034785871224097,2.320558090673727,1.3644454428062822,4.723193453422893,3.0411970740304715,0.9672877447060404,4.432403079549646,004,001,70,2.8640973091738937,0.30597813329219414,12.224561334355787
1006,1.4814258568663057,1.347599500154713,17.89055350914334,1.3722425035909482,1.630741697968399,4.1727105284263235,0.9827263886409421,0.5427487681047074,2.386729235571249,0.7616105586045131,0.2293062243071793,4.420507107485159,004,001,72,9.083422215998757,0.38038671600770085,32.96286341029868
1007,0.9866636059665728,1.31699209077926,17.617261308193065,1.279855554939639,0.8681927579858646,3.9105538499769987,3.0683586177605466,1.0819698614837594,5.089166856370763,0.274779819843898,0.45444535462590774,4.479742510354217,004,001,74,7.952793049188429,0.9547414203647504,16.282580444554743
1008,0.32864678692854277,0.5721413461996487,10.240683022818022,3.326399368928463,5.6753935650260265,6.439660257832356,0.9336312209118838,0.6973253757970456,3.0450082157388487,0.3122310400274463,1.4129168744788208,4.665479546714682,004,001,76,4.055959480541237,0.38156857454706605,14.685659490181154
1009,14.930754878721038,4.912499597375994,13.76816442252698,1.4445402933590072,1.5079972348109907,4.7644060134343675,1.8455145128343644,0.943144180240965,2.7185623272587573,3.959383985478788,0.8422228150600548,2.800579569833378,004,001,78,1.5078828621819305,0.11519110591044861,14.598154461398822
1010,1.701109231946318,0.5147162246481494,4.880921833856462,3.0007165641037252,1.480335909556879,2.7349234185650855,1.1655546551099316,0.30889881561792,2.6254078847543343,2.7544962317454154,0.6879441971769564,1.9039258241468588,004,001,80,1.835062913972747,0.13139526176296143,15.801037709039722
1011,7.710608986907218,4.6063926278699725,11.186374820608677,4.026150404475799,3.6031536958476913,3.8041629619307056,1.862923736763164,1.2750968239561986,3.108399358545338,5.5345467304055855,2.561159077880921,3.483407752494995,004,001,82,1.5659566864734864,0.21728260441163322,8.772961088477265
1012,2.8334664441822737,0.8355646514159614,16.28186127014713,1.3589292279364735,0.5848041228684105,3.6742517744337233,2.0442519143441213,0.9371864063547715,2.7960822460416295,0.2614974932643328,0.17930829284262295,2.9534450468862463,004,001,84,5.367556487729714,0.447088719505875,17.37312999819978
1013,2.217597585281653,0.9906979345291242,12.100333000702836,1.6850798298247798,1.4139700299125004,2.905238068189636,0.5531277817669379,0.5564396338872606,2.793726580811229,1.6463239861442922,0.3475843835158744,2.7676228701809826,004,001,86,4.82512062599295,0.2851578927499369,21.745994109316925
1014,9.46711606063733,3.872906164588569,16.545527605637275,1.9765677288309147,0.9925590241548932,4.307577917519816,1.3471892018385616,1.2795206144986948,3.191500662095885,2.625667948698786,1.17808611005303,3.9463521649593916,004,001,88,2.3631868202536865,0.22362040721122553,12.931036372649354
1015,4.664853658430827,2.138788498010606,12.661148033212722,2.058326147579489,1.498825271055866,4.329519223976348,0.9895772465148591,1.5083493487111217,6.170578787604741,2.245730143382275,0.8657047957312027,3.082350175444923,004,001,90,2.599857488725478,0.4487011777857566,8.394042165385374
1016,7.1673551081256,3.2228792700459046,14.967612430000264,1.7985102148033323,0.9014597222012716,2.5504775093304097,1.4740798999900746,0.765860804460007,3.912008713918487,2.3050746465001994,0.5522374481544999,4.49446040825534,004,001,92,2.8516291462354215,0.17083923901944553,19.543515404935267
1017,5.8532217023331485,1.1785002918633152,12.61864381727851,2.4835448732630465,1.1745108859318516,3.890473519023466,1.5167926732356083,0.6226606233629935,2.1685809444770476,2.3983831509170077,0.41100782681401493,2.5667647946526526,004,001,94,2.6337984062058886,0.14937700791231873,20.265684618251825
1018,2.4768948867406686,1.2159153866355403,6.543186326517393,1.685663278433688,0.48966790614127675,2.2774625196781164,1.3318435358839125,0.7273693119386692,2.2466431802178515,0.7271590459494923,0.2946000560403913,1.8096314185875855,004,001,96,2.329656620341047,0.3494818729617449,8.995686536565218
1019,0.587025122399347,0.7682515420877104,5.704605222137204,2.772428667347273,0.887875475342705,2.247915700166225,0.9951803706638835,0.269844594848673,2.155324247250487,2.054461146529835,0.8867432349634097,1.404768358589247,004,001,98,2.926081578547655,0.16064789798405024,21.140335330178864
1020,2.2805493818746294,1.5625369312056943,18.740104152466486,1.823907595543836,0.9946683877519849,4.341908608392231,2.5919603954676154,1.023650729198728,3.1065662510911105,1.3315489048039297,0.3765083054750523,4.440702545036363,004,001,100,6.0926007898361,0.4987995902164687,18.30712724362095
1021,4.439976217702499,1.311737065180236,11.513572732724288,1.6420840241309522,1.3936961262459948,4.071033848103968,1.6292942453159345,0.7156991960409841,3.9974195886079604,0.9635970063096724,0.35463196598103774,2.387499143879597,004,001,102,3.064786350390626,0.23534761826865264,16.087167341270803
1022,2.580706768761294,0.5600972528694831,11.6689317837535,0.7520361334808152,0.6576344863804746,2.7280737835101276,1.9066286806449575,0.7853299915791916,3.4860631779612663,0.3550319934897527,0.33038226296721585,2.704159352020006,004,001,104,4.759523969974751,0.4712814727177781,14.858635107375523
1023,9.377838495570714,4.313224001435865,14.694542409746036,2.329799195665975,2.203893091091291,3.1353949401711896,2.1657736598401582,0.9766585443657865,3.4952965896990937,3.9797140330187633,1.2574552036918907,1.7480305306635793,004,001,106,2.151319969420201,0.16684126552649087,15.045731688435945
1024,1.9974084366684388,2.0031708191162894,15.87310355034289,1.2448935839294046,1.4371751854298866,3.9041144279442332,0.5870377351923421,0.8898291144339959,2.527656092506109,0.907187981310884,0.806789951379818,3.7921886011564565,004,001,108,6.321477176977354,0.5488872466420767,17.838372888528696
1025,5.395468753929212,2.699572744164164,18.845102549336254,1.2692781203456394,1.1094423135424794,4.0807470320510095,1.7966865708540487,0.8799678538035955,2.5230850407249865,2.537078900305931,1.6744818929478504,5.212492571201043,004,001,110,4.473783401611869,0.26406639904065055,21.415671570137135
1026,0.5547751040045212,0.6907623551774085,8.68015633399515,1.736935232342386,0.9686393364507851,2.2356686397603784,0.2999133140345698,0.7811797489894972,2.17256959634975,0.6905389365271952,1.1187266322440144,3.34288050981148,004,001,112,4.504410509994487,0.6817438806291148,11.111599276892997
1027,1.2388526324129607,1.3482986235549783,9.826357596928897,1.7652909463083706,1.1416369459697893,3.024377395582196,2.456545035203,1.9134951419732764,5.432121383129205,1.8417132038560293,0.7324497909472483,3.4118305218715514,004,001,114,2.876933110806069,1.2739039209222662,5.1352926805947074
1028,5.778239314537857,2.454460537743501,19.65705456612741,1.6621737909035725,1.4123856696527342,3.8211595245464967,2.1155119884051388,0.7083346248655598,3.4374942191497952,1.2682354685232018,0.3265806678649485,2.272634593696119,004,001,116,4.438720061047566,0.19040196151139252,27.751085258409148
1029,53.07900109947351,9.981769938400816,18.068622806892396,9.565607262640617,3.0504528037615257,1.7252257478884623,13.650158109960664,2.8200178097951807,4.0652957559772105,13.554553631676818,4.542243575349366,3.6899204153832423,004,001,118,0.5292148205893413,0.09003225923272452,6.407272586765943
1030,0.2702270988015363,0.21963973589391733,3.611780569280593,1.180904598829725,0.6555297172965706,1.6454307607010707,0.905952581076352,0.4584661072679196,1.7953567316078978,0.20965657560862183,0.13342257828300205,1.0213921367852148,004,001,120,3.050408015360804,0.6318738788716305,7.877966357870663
1031,9.053366861780606,1.8967767516930265,16.151861693842445,1.225571673901635,0.9463366551300919,2.749699279775201,3.005637256217484,1.0242804168575999,3.871775450149638,3.2173136146540204,0.5474232808195323,2.6955522186828818,004,001,122,2.6204603561268622,0.1992969241526096,15.768984184423738
1032,1.4943263607128863,1.0955708974706102,19.929762503785913,1.2147229340764727,0.7700261782343196,3.296523138778525,1.63086319264195,0.46595826274525565,2.8345171650835415,0.9167830191500261,0.653879567588828,2.070625412435814,004,001,124,10.947514196798458,0.344001317097839,42.77156152649175
1033,8.312282020602971,5.0086233170143935,11.721053424834018,2.5834421428159184,1.1638069184202975,1.9590283168932843,2.6612992420464927,1.683608889218053,1.7317721612273465,1.8546335756008308,0.6198100599017806,1.5295459553667436,004,001,126,1.6435674312658124,0.30904029213048023,6.961862401592466
1034,3.182977643772854,1.3167402080783845,21.389035359264433,1.2453000642594223,0.6676857663833378,3.2559941717593333,2.450930877565691,1.1878733567744713,3.552299866371143,0.4286181243231686,0.4986673732202288,3.4450250795964736,004,001,128,6.28717183654486,0.5364945177759901,18.006158011106347
1035,3.022823558538451,1.9195717990592724,15.377312776262379,9.711114184635258,2.068290405682373,4.5524510005928995,3.0079049740036634,1.0566824525916223,4.191405927070804,3.3318346936101264,1.2314067140663054,2.0381335549880273,004,001,130,2.071394803548923,0.16596318812035638,14.552444529146802
1036,5.947883950559537,1.2651130513490298,7.390849550066842,3.6527153907663363,2.948421869558807,5.910478304810476,2.084770626377442,0.8933800721276388,3.3614425918508966,2.081543549198072,1.112158450359799,2.8978625250923464,004,001,132,1.2980796047451122,0.18610922930239898,8.272906213886197
1037,6.986892431033212,2.168947559345465,16.522860495644245,2.8972706202487255,0.756494739229335,3.4810242770110795,2.0527287547008957,1.7120538051579457,5.926492736687101,4.069777193366454,0.3799420276292539,2.165144777933841,004,001,134,2.483096551879185,0.346423626618725,9.65090024966822
1038,7.157920337582955,2.5702570829051234,9.474698020540124,3.5333307885120333,1.4968031764737275,2.9438064405595394,2.403295821039526,1.8960860419803676,5.261220531584926,1.0559761435816308,0.7399724674742382,4.461867145327664,004,001,136,1.3083506410227548,0.35469862593582513,4.996976830568445
1039,1.0014999402589018,0.9187552672617647,10.480005031817143,0.8539137966039125,1.1463017683172034,2.244065078135478,0.8552506871085707,0.45667906791841184,2.9142380150735097,0.225421568808581,0.2491823363372325,1.1185781650101192,004,001,138,7.57014699199383,0.4922665590377461,22.948292943633344
1040,2.470111943675532,1.450304379374297,12.30879408539359,1.4693193234128068,0.8263217730027315,2.9528302363469843,1.2153398491548706,0.7206365255692857,2.640555730006714,1.213750210127644,0.7761334988426234,1.4750247691482112,004,001,140,4.575160929656761,0.36585815398775223,17.080447144515656
1041,3.1214020824893964,3.0974221430615034,15.562096082509033,1.9792509870863757,2.340101130831584,3.099926634320715,1.5340107545614674,0.5881262019961166,2.571944302846707,0.8553052485954196,0.5901823070361776,2.184771907290452,004,001,142,4.9585249126471265,0.23060819623438214,26.46047060935365
1042,9.809572331762826,4.22886799454558,23.709333410608483,2.7948430346345985,1.3824586573413886,3.4268219610901722,2.55156715074955,1.667779777548882,3.333276700404626,11.39322999157323,4.862014586410191,6.6835545115291985,004,001,144,2.9748269401147236,0.26463421413341826,14.216105585267279
1043,4.096385609629289,2.9912131533909587,11.550149050566674,1.8692636994707623,0.7395957711105354,1.566959460358274,1.1181268741627108,1.2187584229215105,3.345654745895723,1.6082906638431091,1.1066617168052026,1.4522580610165725,004,001,146,2.7489993265865444,0.4085920441425902,9.476979878325334
1044,28.65842052867841,6.731076387882343,16.823295974950348,2.9643038361264304,1.0253705981123604,2.235937140615343,5.237336760539613,1.8505492972106932,3.154619011917946,3.769698681911737,0.9432323713999329,1.1907875530124907,004,001,148,0.9525184176338576,0.11703920736635204,9.090974231439208
1045,6.064294891689526,2.4608715032040345,10.415976475450591,1.8465017999605648,1.19164566951216,2.1049190097790587,1.6509952933606078,0.6246090487966296,2.66704700467878,1.818083602710041,1.0046443413823627,1.4952452261169467,004,001,150,2.274226999651163,0.15791305810093928,16.675993560320634
1046,1.426389949450415,0.946455596739056,10.568255847498008,1.2031326190827838,0.8386008712734868,4.326350173814455,1.643475806757302,1.0626756316333807,9.307620438889638,1.5039833951170412,0.3451005715191129,4.878223070785481,004,002,2,4.445230818457864,0.8082650777370303,9.944949835025499
1047,0.9118316352191552,0.7854941230782129,8.0935559299593,0.891851635331332,0.78643392584758,3.696803445335372,1.2792558045531668,0.7456011379932505,7.099274952223713,0.21782911621839401,0.5504199519613365,2.491676125178361,004,002,4,4.912799437580368,0.8267539541636838,10.855074539911131
1048,1.828283839977408,0.6469500101768878,7.905680032303965,0.5230522130499424,1.071029472197515,2.4479485114948485,1.4949552455486352,1.202508520779774,5.6817849568861885,1.0382449899036645,0.5375246678791736,6.793799417522864,004,002,6,3.3242612039468837,1.0228299942337393,6.574323504317023
1049,9.795159722733025,3.7870761225454044,8.454261871649196,0.9631397928392953,1.4325599547790153,3.9073362883253484,2.630129108226842,1.264683917379026,9.01200511417304,1.7732749504338867,0.291128738247318,4.141685236560555,004,002,8,1.2724975195046553,0.23510851609000727,6.684881301542994
1050,1.5569429504314458,1.4352243228269939,10.954535196177234,1.569915030458879,0.8356870184314568,2.7924811307870554,2.4457318795383927,1.8761026063387454,9.384465734500566,0.9956345377977497,0.545020087725715,4.583700921946731,004,002,10,3.184891572567654,1.1999922080276597,5.838985116893604
1051,0.7431263866659752,0.6534401471355078,6.762461707046412,0.42070616741766403,0.45959193978923213,2.0666336115907393,0.47721210323742425,0.5694246656500441,4.616191164625714,0.3825010304027987,0.18345068639283368,3.741011854429888,004,002,12,5.873552703889439,0.9785336621699658,11.875955003330454
1052,0.5383880794746557,0.3194116061197471,7.712631120698246,1.1194543538194073,0.5484796673834826,2.125120223535491,1.1037042615964545,0.35619224142394806,3.44916627907964,0.4677584090618032,0.1446498245264371,7.187672837838315,004,002,14,6.507926366182837,0.4297057841814425,21.65300145187188
1053,3.3918467551537432,1.343319557566688,3.734470569856133,0.9888344904135483,0.5243592654172881,1.9609312759899478,1.3462968488736924,0.8264547855884873,2.425385221879295,0.8801640658900982,0.34556625117386996,2.2785548856105255,004,002,16,1.237893215924529,0.3773179280847048,4.51866288994498
1054,5.101288199901486,1.81095239627453,7.08251781160326,5.773361021173518,5.377762740179667,2.4984722112816686,1.7235128669171134,0.6607634704974998,2.6902273160838277,2.4112215149676803,1.4300429380697879,2.5304747733727457,004,002,18,1.1614325207321663,0.12152363852195697,10.718688498731193
1055,8.412146083681634,4.05223800018171,21.414576321111017,5.3006028470280215,2.357319288232159,6.416625634030694,1.9099366227731185,1.1591300531664441,17.457909716691827,0.7002149522104544,1.2855657524712365,7.752636494995814,004,002,20,2.6716442204765487,0.16905874365869505,18.474696832000795
1056,1.2918636392797729,0.6779489225329998,4.338771128390655,1.226425837845206,1.0058500667811077,3.565777182413159,1.7538484684722973,1.0051130159178603,11.092371817587612,1.0473433980987146,0.6063839922211585,7.804080060456744,004,002,22,1.9162001851624038,0.7982505784564163,4.316699773734924
1057,1.931503180653567,1.1731786972412395,8.536580598174627,8.68014314840138,2.918263328219423,4.271437600649836,1.975564696191482,1.159795531002318,6.914672667693757,1.3104012719021436,0.41791346054865414,4.592555995444338,004,002,24,1.320303748205359,0.21858917929195767,7.360418599645014
1058,10.449993769486909,2.1861986340584045,5.383524358589318,3.2513310895842373,1.3449736301017436,3.567679596221973,1.5497715773726948,2.467263999793322,7.059925983315917,1.547585910874066,0.6740124679808699,3.091100633535286,004,002,26,0.5777599125106051,0.3601496972257886,2.1819814819331396
1059,11.832052341794668,8.652701939694335,11.540155455629709,4.698794193545238,2.2616564550688576,5.562736082287694,4.387743720763201,1.9049136695118347,7.413001245608838,0.9320953788090774,2.8588438433588856,6.517037497892696,004,002,28,1.1346876241081054,0.23046777010959243,6.058098926124596
1060,15.740875323801863,7.610881372256509,9.46504194753857,9.37287380380445,2.529933473197126,18.593954339832962,2.2717749782312304,1.0456183063762454,4.049481413436766,1.87867326826406,0.6544539357784593,7.356743380880756,004,002,30,0.6958314213337086,0.0832705862484585,9.052100455606176
1061,16.000216716073517,11.787422530267472,27.12491366037891,13.262362628855486,5.518453498233262,4.946752073676465,7.020270391976085,4.013324695414265,8.355332629271778,4.620923930572651,5.9203011480424,4.9096325450667715,004,002,32,1.4548390824918394,0.2742973986064387,6.758713963854602
1062,13.560130880058574,3.104042561269835,7.078894180363342,8.508472649887036,2.609244324260395,4.833883707466057,2.3551448071585,0.914996626779502,6.425217657658413,4.161398222168307,1.1581448821596139,1.878647671624734,004,002,34,0.59241086365785,0.08292292944933403,7.736524893298028
1063,11.330848620050604,5.267716641829215,15.99362616405721,7.470881655327804,4.62988362270389,5.375167517648255,3.6115685047278774,2.233869519510228,5.649683830738963,1.4998495757150114,0.9682924946974014,5.359005764936397,004,002,36,1.374644685528823,0.23762382363665396,7.159606245741597
1064,1.6420672166399093,1.35932789306158,2.7826553495989015,4.8385377135854135,2.0348599597702446,5.3656476882044135,2.9801164926271544,1.3207313322083745,2.486601070159958,2.0450539151448326,1.5097734303078085,2.030131232688101,004,002,38,0.6100931221411512,0.40759507682640184,2.106904925883803
1065,3.1511993096151345,1.3421358128654082,3.543597237161796,3.799960582156964,1.2345415642764415,3.9981941587838716,1.3373922764634454,1.3257710243818888,5.077749931584032,3.5653919428988594,0.7545301117695657,1.815825173630108,004,002,40,0.7380417009931782,0.3814531804832078,2.6728576594241975
1066,10.31586793080979,2.1192554798654175,3.259218643844939,2.4698888839599267,0.7391503569678084,0.7760713337457856,2.250087071226982,0.9262541381039113,2.874230590476803,1.0356925733931082,0.2928203672761282,1.1500684598841286,004,002,42,0.4453012189065759,0.14488843351594657,3.518708861605437
1067,1.46269860532782,0.7173904198316247,4.235967781093354,4.726762391053345,1.7055460515495364,5.749275587087933,2.66025320077984,0.8965285715214278,8.099548241683774,1.077436930484144,0.4555210864061381,3.674454105531918,004,002,44,1.0613111569826013,0.2896952002914656,4.724855309301328
1068,9.749330631261333,13.078132281557625,49.227794121710545,0.8589057377542182,0.6720075483494731,2.959630384173315,1.4151404293835186,2.1993479323288727,7.139231133412149,0.8924910478780578,1.0317332785057962,4.747148191573857,004,002,46,6.560673874604536,0.41464911900958573,22.38290422270005
1069,5.679563358063808,2.6250957873857375,3.5293742749382075,9.05248163589027,5.509070816941852,4.093683836775391,1.4340046988188067,1.2185863595171027,4.477691679306647,3.246800676615541,1.0066786124801992,1.5698051539403957,004,002,48,0.4111281403657993,0.16543342896620278,2.896285722693315
1070,9.661745539606908,4.497224825703718,8.246309772517456,5.914350696101749,2.2064921155180506,2.6982809589730112,1.717969921628778,1.0672112493867068,1.9027650942473784,3.244080967527063,1.1390611861932602,2.4531813427356917,004,002,50,0.9312330029568286,0.13703192805654266,7.726970435568736
1071,7.241351607942725,2.842709887045369,6.870099595068502,5.997323729034602,0.7564250232689371,1.7661773049170086,2.6305589880968467,1.406192319027742,3.015124061855574,3.503889677664696,1.4202649393195292,3.5544810157622386,004,002,52,0.8560306429301044,0.21243701250079994,4.885604552170054
1072,4.20036558099607,5.047758168855546,21.293110796125028,1.0091603196690686,1.0019665096480392,1.9477395660878551,0.7674373033670359,0.7442242049251525,3.4451151345894617,1.8013070297607552,1.900631785857139,4.006486952661296,004,002,54,6.358074787684999,0.28571667330807665,28.611150585012886
1073,21.963515532185653,8.53604321252779,36.81160992293866,2.5272999374013425,0.9313358106281437,3.0509801836587154,5.463447049668888,2.0607179581580084,5.777606128051804,3.3373973468858287,1.8149031680097845,5.301386905420031,004,002,56,2.573136201443791,0.1682849605981503,17.863487711750253
1074,6.892340912192866,3.2843951501970405,3.651387391647236,3.2836209722537406,2.701182039497816,4.387980882332932,1.7910360242929952,1.869288435817304,8.197014862862563,0.6745060398841846,0.9125563536036508,4.1373179486712734,004,002,58,0.5248305323884965,0.36739297120882647,1.9533568611902046
1075,3.858487677619199,1.1477997531416189,7.40139528434411,3.5916335484297224,1.6164676223509704,6.4617362825387,2.43451117551258,1.3025141546745354,8.764635517203311,0.6225111884948202,0.3220519553366957,2.846584441015605,004,002,60,1.4721601619724012,0.3496625397504592,5.682391441030848
1076,15.986518884551378,7.627403300170517,25.97931478864832,2.7493587533625505,2.1339425360938273,2.895766256836485,3.1994601676868957,1.3075143368901307,4.368567666159702,2.6351885219150883,1.3143913404070882,3.3475450347019553,004,002,62,2.433556160041701,0.1395733215341078,19.869238948797346
1077,8.621271025425358,3.537609811268027,10.33317973273936,2.151085985877538,1.71203788568767,11.95342369286955,2.8583559542341144,1.1228490583684163,4.409660822436813,2.286642352062789,1.7026506992326222,4.922068495888273,004,002,64,1.5875151289661715,0.20846859367736642,9.202643628480432
1078,7.956472363375131,7.743275782253299,6.088128385418551,6.287497787288464,2.4351935098666346,6.203248812814675,6.2241154909518865,4.6327223032262745,7.111126499728636,3.1640357452730408,0.9878952615041463,3.543069947919614,004,002,66,0.5179310883164979,0.6504818887184268,1.314157850812408
1079,12.783686610993534,3.276531474474587,14.703802429292896,2.494847579360563,1.0437078721812825,2.2245956050869964,3.551612905140903,0.8840873149353435,2.890444398963556,1.8728176993470806,0.5445765215596952,2.53619400860396,004,002,68,1.7251192103249648,0.11572933684875353,16.631617919286896
1080,673.2011111766662,27.065455818181213,30.425973428589458,37.02807226981597,6.2582822627294785,5.649297257684498,35.88704623645428,3.028737116238319,5.750379141556188,51.90401747404472,2.06770996466319,5.1151283662963625,004,002,70,0.08495474012368506,0.008528900774088067,10.045762395641129
1081,117.55301960676618,76.90289820865789,173.3914082854451,9.056022036418593,5.5168572487672005,13.298895816007427,7.439025257953725,2.835283435709629,7.328926659203561,6.761308179117771,5.1706958924269735,5.387830863177297,004,002,72,2.621589377720334,0.044788008801143135,61.15487647606132
1082,3035.3467717136,80.81126888046956,89.61478338255768,124.10806987035676,8.016270967869335,5.955303972983594,58.430163635614974,2.4146426052731833,4.766743748141829,192.67968309430904,3.9588404814104594,5.7882683713189955,004,002,74,0.05664142649120427,0.001528518511163546,37.113063103771005
1083,6.479479080765966,4.796965075608862,6.8981449045035035,3.9385673224338174,2.5177716456324166,2.7679083243108233,2.7559801970990545,0.7653918250939739,1.4641842145652526,1.1343651424230978,0.34509123271884845,1.3256937538405777,004,002,76,1.1546142800060568,0.14693576808390726,9.012566738162585
1084,10.598797061962387,3.378979136978823,8.63072827075032,2.689449999544811,1.5457900628430807,1.3739105710499429,2.711104372024816,1.1784859161366423,1.6739358181560327,4.264045412889892,0.8926008976985027,2.8775026236815844,004,002,78,1.1033055311461744,0.17737266784426786,7.323573538361751
1085,3.1882377532542376,0.9451873142120846,4.308931455018435,6.131307379062078,2.6737388041592496,17.84240107385218,1.575102815247992,1.3582420890340687,4.140073311061049,3.044682363119411,0.49666423207249694,6.447722101832918,004,002,80,0.7160054772051397,0.2914824854110634,3.1724325801763267
1086,3.2147714244355177,0.5243207455434159,1.2249215307878527,7.763297416419148,1.516259230621729,2.2477091811559298,3.0631348257980657,1.309051507754308,2.8175639615520955,0.7889170752022996,0.7547152322035846,1.0391625440649706,004,002,82,0.18018623826302474,0.23848484223066607,0.9357321110222919
1087,9.718763202145903,6.443291648784009,8.760748592842056,2.669087410743792,1.9334249944414175,2.230351868446353,3.5987463353177285,2.474440579148908,2.455566209646318,3.5409331818490513,1.0556382965725661,1.6139664337690174,004,002,84,1.0106574536040103,0.399494739882353,3.540496654745027
1088,10.298719332315027,2.0100442835466388,3.718490564926454,3.1908162894726626,1.3175937493840513,2.660780374832467,1.2581946637928358,0.43837314853567927,1.9769650764287197,0.910459485731617,0.7311685232490048,2.3863864975738216,004,002,86,0.5176691625472114,0.0649945499721486,8.48247794680747
1089,8.229783580237072,4.558071758443311,12.377948616974887,16.64983428649476,13.240435806040516,6.876716931070343,5.39604869979075,3.192598629466509,10.873957622296995,1.524256852407976,1.7583487577154973,7.165375360162214,004,002,88,0.7918133254409685,0.2566437030156755,3.8770763423660535
1090,2.9200438809771896,1.6362992713518025,6.494032514036184,2.995064033537027,1.0369635620727191,1.2906774024047798,1.7027207412962113,0.8540200913205552,2.0885466403548216,1.8645630018090178,0.3223532026982612,1.3574994293771332,004,002,90,1.7037665886248528,0.2887589216166287,7.6040746348187005
1091,3.435284305480863,3.2233966636274856,5.6138190922496936,5.3791699856847,4.090871441932966,4.48253536494853,2.7150124394690445,1.14733775489676,10.969956861105306,1.1866427373724413,1.419543700021952,5.389889984869665,004,002,92,1.0106676567529231,0.2603309784127416,4.892908882576463
1092,1.157643713584627,0.19160031284614498,2.1090391724765207,4.316310241552489,0.5651094055722763,3.8833083094476226,1.9826337457650456,1.0431175361965144,8.337567607110003,0.6792051617254885,0.43423776939675995,3.841725776739541,004,002,94,0.5579329206707753,0.3811203180536748,2.0218614866419
1093,55.75687078762612,10.208604887575616,7.517797576647686,13.270443830381117,6.542321425669792,3.4597702468812885,2.16832445796062,2.5658434227702536,2.504887109556649,2.0373350230116047,0.6640744170118134,2.087091268637184,004,002,96,0.20274807989001842,0.07434284346622688,2.9299518084119787
1094,13.821722738350521,3.730146699460012,6.846621133536347,6.021872038112045,2.3519650316506726,2.514849794322916,2.0648470991967285,0.7562500520205312,1.347210134965748,0.5469870500124663,0.38767773016911017,1.8344851009095724,004,002,98,0.64118661879394,0.07622107390718898,9.05338269431348
1095,22.709807649910204,13.696585648213773,16.79302076647749,5.311926975456173,2.630109798313047,3.31771586016728,4.6182477993782705,0.861007734095362,1.3149706545139894,3.554959346346596,1.6385938688326311,3.0199868123323843,004,002,100,1.1291797916305844,0.06145285048242116,19.503913962075465
1096,6.053079086628785,3.2151228226171953,10.140033085927232,1.099979145652325,1.5162235675067353,2.2931143687787627,1.4498888240887247,1.0505645497447094,1.383111569509006,2.6425019323918493,3.413927464348946,2.4112769399292278,004,002,102,2.1914475517727006,0.29373857044909985,9.65198481939191
1097,3.958202380665087,4.072119629681451,10.157116635434347,1.9348431084758198,0.6286381473013725,1.4868823974358423,1.1194388874290713,0.8287848008250851,1.38158575554775,0.620961119410985,1.2991305469397791,3.853357976449459,004,002,104,2.690407738522449,0.2812755483908223,12.255433045252003
1098,5.970855803491873,3.2275466408402496,9.254851134738631,1.3924721699454556,0.6187238713832643,1.6205599010870675,0.6036597713531585,0.7296705359862211,1.0622491289808138,0.6305581857640086,0.6750278080655608,2.453257019535946,004,002,106,2.0979708265388726,0.1981904211298083,12.683602637496929
1099,15.756609579202024,4.362651610208752,5.515361942712129,1.913741579499646,1.8983522179034393,1.9731332524012095,2.158473706123054,0.7721354583541162,1.3407833700610645,6.3945410232030335,1.7099787069475,3.4236888421218454,004,002,108,0.5740796692296609,0.08739333490538836,7.142997880797592
1100,17.473311574394536,18.081968605548564,11.827428758021608,1.9378627649143187,0.9312239552060717,7.03774817151681,1.903370521482364,0.5035368009796081,2.1264470205549912,0.4378950787904763,0.7793316593266554,3.110499123567715,004,002,110,1.1585155388496147,0.05188112704339729,23.488707746905252
1101,22.697131199503595,7.546477153615712,6.310975023396252,5.646516185810176,1.8682070856169513,1.3374264179872377,9.04344890402142,2.5923631847179847,5.562729305472367,6.108894847353426,1.074242650975929,2.4043086288353264,004,002,112,0.37645577859273405,0.1829237535647028,2.4344486376752816
1102,7.245854434398005,4.145149759191795,25.043671984527634,1.4992419726457284,1.1922292473036333,2.8268903026653427,1.132978783574669,1.566436228120292,3.624481080529266,0.7411410223843128,0.6897732360158273,3.8488761404040437,004,002,114,4.216827350329143,0.35824332979533685,15.987674145266542
1103,40.20380739273686,7.502089980056608,6.330137425500983,3.0005490362450944,1.2483425381019753,3.5092785913511317,7.349446440338866,2.149794573157649,3.0465583832345744,5.451196003884904,0.5980305080962933,2.4530827479948516,004,002,116,0.2665099645446186,0.09951749086652488,2.9445313075673023
1104,5.720071805237398,2.1100931054301384,13.959595129897494,6.1412103908968145,2.2944414598937626,3.8315653257925772,1.489166390639833,0.6717222386848305,2.7476894362052313,4.041847355225078,2.286417895593731,3.714678054364746,004,002,118,2.114333068007884,0.11326300606923523,20.781796888590556
1105,9.003676816934192,2.8596115197699445,6.928043437500056,0.474926379072708,0.9220128253833393,3.336481586820737,2.179131161347327,0.827488370367958,4.00648572897029,1.0202701562919398,1.5141201699449303,2.71504962838974,004,002,120,1.2445311349741635,0.17460133170603837,8.372375595344469
1106,0.9411792099271415,0.2721947275697014,2.294817982250293,1.2154586250944461,0.9423327447337757,10.653442567820832,0.9853839566543632,0.6700478566625494,2.6640065025543924,0.5432327312867156,0.6445561709038339,6.5035085580433805,004,002,122,1.312549526877918,0.6213818989740967,3.424856835869282
1107,2.6459234780074503,4.8146489330782,3.94117695836593,9.715110314362121,6.129827133322014,7.888576667259796,2.2620281173269086,1.490705159987012,2.5266824040672726,5.516066036044791,1.3336163741372857,3.3784857567272724,004,002,124,0.5137612924651423,0.24119425365655417,2.6438339814965612
1108,2.4995544730661,4.931027921281887,4.227625770996659,1.594047897108893,0.8694962914000737,1.7723280557409913,2.7596354827625063,1.10296632815228,1.9017467266158954,3.0032610613529798,2.0519835458856144,2.2085970241770934,004,002,126,1.3422024810485849,0.5388732116183187,3.832959958151122
1109,5.330794482125306,8.403523557494976,46.7397938768754,2.737529642107379,1.3531660128601095,3.6706390856030637,0.5041709955166258,0.44339850915191265,2.4423890092415146,1.4746865167224221,0.47212830213007917,3.821968095952429,004,002,128,10.438673722650837,0.10991093127262802,105.41260945210327
1110,10.776156297983437,5.322516185661932,8.28310680367041,2.798570737227574,1.624714779248576,2.813365687117246,4.292381114127528,0.32543797354495696,1.2497715996070955,3.291269988278406,1.7035473138695512,2.2601551182797097,004,002,130,1.1645350729914234,0.047947626895305476,25.45218283362423
1111,7.659940161838182,3.1880905846421443,27.382822409202944,1.8444015820055502,0.7250865111451158,2.7401592481755705,0.8959460600658089,0.9450391242592537,2.232227822245978,0.7614749554065747,1.2363022577232257,3.199033241489106,004,002,132,4.806356519692594,0.19886471882629558,28.975332032593162
1112,7.523346820095339,8.744157589024296,35.34760885982181,1.280478632886822,0.5417635305840159,3.6730694399758814,0.7847613345127831,0.6648003015650923,2.5814924762970577,1.4405353478840475,1.5902332221077038,3.815702127639052,004,002,134,6.976437912328892,0.15102532532375487,53.17026598304098
1113,11.154823832917579,4.985413483829555,6.577547268673141,0.8121290017788791,0.669950484339559,1.8688734610503708,1.1628987195335831,1.3035048280614356,1.247565631682205,0.7270752261103764,0.9271662645487262,2.019976964541439,004,002,136,0.9026436389988759,0.2178507504904859,5.0460474921717235
1114,10.809443224266733,14.169288501598245,38.978345499769866,2.196438476772437,1.7769810217153472,3.4017262756314746,1.5853331082430886,0.5700662673593873,1.8429993593255993,1.4865529861656812,1.1863042885475368,4.191244347318483,004,002,138,5.510859080184066,0.087662840622922,68.37511309048693
1115,1.113791444467287,0.7753431130945647,6.9398510533503,1.6698587813312347,0.6477765636359992,1.7831649252778412,1.104941913790954,0.7373685906819117,1.3160715108302043,0.7002894713986769,1.264705212114472,2.9542734126006405,004,002,140,3.259379849601235,0.5297853759413248,9.411644516797752
1116,14.975445214352236,2.895104768045172,29.24293428644259,0.6121260445815473,0.4897680131122609,4.149772037452327,1.1471358309938076,0.37984779085339204,1.435839145135311,0.8166883675007264,0.6048279299361417,3.7224904867715845,004,002,142,3.577715415245122,0.04873726439398799,76.9859269702304
1117,27.864376993051852,11.196019612592117,49.60509282830005,2.758092878862622,1.8750977901993806,4.886623532944275,3.429738635370377,1.2311819146122378,4.374006816200563,3.258282755061889,0.9194855132510733,4.569861702643917,004,002,144,2.9986605510181175,0.08041036008930301,40.290628248810194
1118,6.843091065926529,9.022428742182944,40.59818771028146,2.718868520473229,1.1186186906713016,4.378666452804831,1.2939052772626793,0.9327515468946899,2.4954562072393625,2.8127761280354378,0.9866062815784373,3.0176771467546373,004,002,146,7.105372180416433,0.1950963164959133,43.52518936627944
1119,17.433674008119183,2.931767861502085,33.28794515508335,2.2509905850200145,0.7831358138612894,3.4262117196773145,0.9957138333112094,0.46870131050649244,1.691680070754145,1.1325899512976025,0.6505394208389361,2.2663853317448246,004,002,148,3.2283810162580626,0.04762095978712804,71.02166008264713
1120,13.076374239173731,4.434902034054368,7.388996530748527,2.075633461632586,0.8271755105497897,3.3188244324866294,1.5704295257998706,1.2602584711139064,1.8767126798750435,4.920227001092703,1.0676217421290113,2.0718542362031576,004,002,150,0.8362128988357078,0.16634871048103303,5.863080233229937
1121,2.3834461479260836,2.458654027193237,9.237284714620177,0.995424249128819,0.8980895665371864,3.237797960612795,1.1097679273027734,0.8199559000814035,1.5728148281823064,1.9890511880724735,0.8900873165525458,3.5299633995788247,004,002,152,3.6810861087939233,0.4853432086629277,11.26558722695101
1122,9.088678731992836,1.7612404291007775,7.855909363565696,4.160956784847231,2.934114307240951,3.8739933158874917,2.983879138873755,0.8513232891508381,3.6771983659769583,8.920600544454672,1.929114971652725,4.367597699449897,004,002,154,1.0507973717427679,0.12850516349205535,9.227880246764611
1123,50.192226619503565,16.799007378041562,50.42010345829023,4.649986580687866,2.5510649279637567,4.53690429764598,1.634570103201935,1.1065570836860426,2.7920739877018885,3.8121216955062156,2.2652814924027718,6.825915999598736,004,002,156,1.767410889905945,0.040354209617571746,45.56484631623004
1124,12.51162387230767,4.442989036839346,15.375452258198438,2.2162541813685297,1.2445305549470123,2.519317969778961,0.9596189183320825,0.4715298370488475,1.4576767944595395,1.448458226375509,1.1929004596814026,3.1092919780426294,004,002,158,1.9622887315732533,0.06403228426122794,32.60759139745729
1125,6.886685025521084,2.382510593283275,25.904055319434022,0.9386164107413202,1.2579130284453617,2.603693504020794,0.9596466624649729,0.5028059010225833,1.8379581087204666,2.155763216632683,1.7594533436884041,4.06935370121038,004,002,160,5.866676440000557,0.12850773995557116,51.51899623045704
1126,3.024560389470685,2.9838580282405456,9.814887057780709,1.8967056793091412,1.0359071097890162,1.4533640919864335,1.3529182131394226,1.1681762028950522,1.8962456551337201,1.1587564431895654,0.2962112419799796,2.752486410501901,004,002,162,2.7047128730095764,0.47474620821901165,8.401889229943908
1127,11.83029703445945,2.7528258652750215,10.851006064168555,3.728221033838857,1.392017778097991,2.4680384264828703,1.2719107987100622,0.8902845075846956,1.1473524614540989,0.8203785095494764,0.7869679426599261,3.40176044711603,004,002,164,1.2516236883676146,0.11444335555308698,12.188245411129166
1128,6.463557009920512,5.061881476821408,23.09466875724131,2.4506526207932535,1.0613490343386496,4.00616744809283,1.386607632615509,0.9791197958139446,2.792774087048027,0.6836624355186727,0.3247909017824465,2.5773514531651367,004,002,166,4.248291858615329,0.21967618810318373,23.587173761554535
1129,22.39070960658435,15.848944184322924,111.38657859850889,2.1684887613558796,1.65098913624194,7.471438239752386,1.305792689433877,1.531849114130027,6.351376370977648,1.2376156752703447,1.2691090783283394,10.520025749058654,004,002,168,8.064800750391317,0.12474748492847511,72.71380553806563
1130,16.982209619173776,12.660312450989373,46.49146578975261,1.1990443216984388,1.1149422582159927,5.334924823139124,2.124637207495234,0.954116924183133,2.3683710553655173,4.317134323607885,1.3755860393361226,3.6944943226848377,004,002,170,4.628437148572511,0.10495611878983094,48.72722054433346
1131,15.02198399627901,13.376178109691516,17.663534588864742,4.8966950649435965,2.7756774980692964,4.714147358226863,1.8471671625932768,1.5892363637677538,4.694831431965419,2.129925122737295,3.415861834423691,3.587929130428546,004,002,172,1.5294989399915508,0.15957246551169713,11.114479250265909
1132,10.61468582809524,7.242232467563509,14.734982243237404,1.5564719037124575,3.410740831993195,2.3962545161131263,2.4451499814764803,0.7869523730959955,2.0275815865511606,2.217484194771658,1.225262119460588,4.207925562463599,004,002,174,2.1440400531932364,0.12931430032155453,18.72410929427361
1133,11.93203032832806,8.984006872752289,72.53246537186786,3.226253214439083,3.028997230132216,4.286180787994553,1.9490102952480215,1.251975415367689,2.9830876706504013,1.5922992321130272,1.5158283498629403,9.013719834074237,004,002,176,8.213283080501242,0.16518696352860818,57.934416667891206
1134,26.964728940852037,17.962961832609032,72.41874633451718,9.219112809200748,6.639944734217277,6.694171529685987,3.656443418060549,2.595983912305222,4.688830684640156,3.5635350706624918,2.521062925241292,8.80138825119578,004,002,178,3.5005355582873388,0.14348857317238486,27.896454208073138
1135,137.60818949079493,17.561532426707082,19.45359795951465,7.830261253523843,1.5534573447251483,3.3165718503425436,17.38751470929529,2.6087172493591657,11.654995397316057,28.87455733939331,3.8053470734612054,3.662603145407142,004,003,2,0.2582520812662875,0.03587383165879975,7.457150813984708
1136,64.68669334526035,6.725406675175666,12.069166939823177,4.171142096228465,0.6592360695576698,2.8130110378531743,7.7174985304298716,2.295827592500374,5.825257807588728,14.954723444192354,1.6294002254500732,1.3619695413704633,004,003,4,0.3286385470308607,0.06668311827638637,5.257000560167808
1137,4.2872636701665945,3.594473370427035,19.674544191853805,1.666825009525085,0.6981680648708877,3.1821896681731565,1.6151348155462066,1.3936419437012808,6.267427458296938,0.5398495227187197,0.7748983698839261,8.016449954858473,004,003,6,4.501477094321792,0.46812938761048073,14.117359398355573
1138,1.9355974389149746,0.46655342428929536,3.0052072586055387,1.0999549912705646,0.7818503860662348,2.636005541820758,1.733547274590205,0.7010844787123274,2.740758585368729,0.7439653692756987,0.5593397506146252,2.5668573864810957,004,003,8,1.354392038669154,0.4619155786872544,4.286512324627645
1139,15.170017340514292,6.3759284085560495,30.736934640015903,1.9382094009999262,1.0391256283617187,4.112068524910619,3.3526694334569176,1.720187798950828,8.131173366610522,1.9701949975932038,1.5692615220783284,5.3547443075029,004,003,10,2.991632630999627,0.20109480952537076,17.868359872545827
1140,121.08087221051258,21.821840921940733,8.181267495051788,10.749033064051385,2.6413123344800065,2.8410618321804644,15.858678987462547,3.5875779783144326,3.452312641969597,22.760083424056234,5.132823496854515,2.104127811980295,004,003,12,0.11771179297485761,0.05442737701802234,2.2804431135725802
1141,3.0500677660895485,2.741455081758316,23.836359542183168,1.5686086457120827,0.6122434335385055,2.941777174454491,1.889875642334859,1.3926186969754522,6.866036269783461,0.7469298857059605,0.8161007480134259,6.441332324060863,004,003,14,6.438853873113244,0.6030380017171308,17.116213931316572
1142,84.56833836391326,16.070174745856395,14.309798049585932,6.510278551709868,2.2120462625255386,2.6841185969309054,12.374711046387372,2.5010247693255083,4.386801478311783,12.095117641134781,1.5951311242412114,1.831146866338786,004,003,16,0.29787049939742294,0.054920130630497006,5.721573902462824
1143,75.45436763376604,8.05019806170155,6.814822496235529,14.979608781174488,4.143680361630747,3.105052985648097,8.265010551034763,2.0224627580535817,3.9643256252683523,9.513489122097752,1.5208355250245291,2.4096869068522224,004,003,18,0.14426125530563644,0.044727940498245126,3.3695663710485895
1144,83.08348985201097,11.632073249701083,11.875501185484984,92.56865233017588,13.526958622806248,10.97131141873633,6.546484414982196,1.7402623757189528,8.941712530170218,9.214369189352725,1.6181942066837014,5.035692381177073,004,003,20,0.13258889502142335,0.01981487221390045,6.823971690233704
1145,3.291591321014395,2.1991652747281716,15.275602702239354,6.970547787022876,5.56705063196263,5.001752176348878,1.4225295155447366,1.324750819436935,8.251801053993818,3.1712979405658115,1.9775841302055557,4.805698949341375,004,003,22,2.3661752989671347,0.2581821987580338,11.530925271465025
1146,78.73127574523764,17.234599290549504,25.143320500773356,5.201120706441612,3.7296286723446537,6.316240015720675,5.93987492055722,1.466928380841257,7.77590229939141,7.706042467609981,1.0656119935720025,6.909007277612951,004,003,24,0.5788973179035609,0.03495499813795458,17.140114561253572
1147,42.567461960234354,19.4576771327186,29.801038063940304,23.876782049554755,9.773137355428462,13.486161306579321,2.5406053314442945,1.195834543719323,5.042761510951724,1.2711153771579435,0.4941521087855003,3.2230419297674215,004,003,26,0.8658572748747481,0.03599512829262209,24.920703470609034
1148,17.771198179562333,23.480107036592905,80.36222126772573,4.054414641045746,2.3882796638500823,4.241991184742873,2.325555549214986,1.1343965425315592,6.283185881201705,4.592847884079654,3.3829787826892668,9.84344925924577,004,003,28,6.67061238881267,0.10395094532790801,70.84138416746808
1149,24.383626203657634,9.481110240330093,12.138152043101577,3.4571176511395025,1.3708042813350494,2.1326207669200965,3.959761036758951,2.0152903039105743,3.6085791528609406,3.230256880225641,0.8640849437375253,4.091884738898389,004,003,30,0.7616973720272187,0.1447727341209906,6.023029049238254
1150,80.77129110403851,28.905243744438373,36.09421898034766,9.315897439993124,2.6557139544352086,5.767942248864681,14.734683478263515,3.8386591563511443,6.161684053874126,8.687591409334459,5.126514252922524,6.663957475892232,004,003,32,0.7383910611494386,0.08522097799677553,9.402819450804586
1151,36.60354463336969,8.497346926593693,14.13895829827032,4.088643561426089,3.3304361265012705,11.113079684479866,4.714180457903251,2.3086259839242085,9.825041027180326,11.108043179308565,2.3557545685385275,9.017574258428644,004,003,34,0.6241065105866093,0.11346777287437515,6.124404038040359
1152,7.973364543676782,4.092023011791867,12.433986536770341,5.141841287362483,2.0142243831158946,4.854894017118478,2.0450180064651615,1.6067488678182695,6.210739059142355,4.183737541505716,1.557912116295293,4.55668525027765,004,003,36,1.522960654653081,0.24502076269602072,7.738599843330762
1153,4.883954564798906,5.994098914563221,11.322461002212869,1.8452279783870291,1.3964911739472958,3.6497915615171115,1.859313870255399,1.7739013965982664,5.843835285973613,1.2297360860348236,0.7925796362188895,4.612256773726288,004,003,38,2.2034596005755147,0.5272264157537364,6.382801785897153
1154,31.263289918135605,17.745813693206813,40.686987253855484,9.184834888937585,2.8749506512340095,10.338761187502005,2.586534980051137,1.4927984705762856,6.412722139338374,4.230983981692418,1.5364109909989,10.127128606303497,004,003,40,1.87352064783707,0.07381298775636881,27.25551241899955
1155,23.50638944389125,9.085324838693827,42.42375518371086,1.6967997655259082,0.9818160445853008,4.0927138581763485,3.0768424967994146,0.8307041664507899,4.411855194612118,2.423302099569952,1.6434719219706733,7.162136444209809,004,003,42,3.1583391574641975,0.06592055946160953,51.06963091923291
1156,18.28750253096547,4.798873789342153,11.8610168712611,1.2911558094000077,0.6694290406309966,1.953513710882246,3.2224972015238778,1.2577246715587491,5.033598757182521,2.556734313703151,1.1706168117361757,1.9558551812646614,004,003,44,1.073681457624841,0.12847914802881955,9.430535266960504
1157,8.336352497694218,5.9476184896401065,30.504753606492628,8.012357297410558,4.069242716985158,7.139507366022583,1.2617483942333072,1.2409388248929547,3.564875398400962,1.8046203740589428,1.1680386652131491,3.6152687508191885,004,003,46,3.239915238520029,0.1518087776277641,24.581996303584116
1158,16.444270941445374,6.423662065175254,17.6298466782188,2.098632465939561,1.6481915475990712,2.9118185848955758,3.7278660056712227,1.869385429378528,5.517864289223464,2.4882271752295226,0.9159814011875874,3.696485677138565,004,003,48,1.5824525991754712,0.20162812568327598,9.430824912377645
1159,23.00017475899626,9.0664167883377,23.86418454338798,5.298392105873337,2.9651261618722846,3.7439435317148684,3.9964144006494364,1.904263275232483,8.890420527812466,4.52153220603375,0.6808906871951079,8.11524243693022,004,003,50,1.4865365877055872,0.1345837253402732,12.531977512654866
1160,7.297004189703852,4.119140838469726,26.761321238899534,2.541098867215622,0.7816661218513934,5.237209843225803,1.9300675419722804,0.8649605133830286,4.643114689683535,3.788929629042805,1.4667999364428237,5.2531917440512235,004,003,52,4.626774813970386,0.17583888039771495,30.939355987744236
1161,3.538010885353515,0.816015055738016,7.159388328250876,1.0060119945369572,0.5470383228189212,1.4539152205896504,0.9700955901749477,0.48915375984631104,5.264786547327482,1.429564338115013,0.23110585471185813,2.7554779310049176,004,003,54,2.592886629453164,0.21529546517516723,14.63627373629983
1162,4.510551531540628,3.040990507424167,12.812754245787737,1.9445825100598206,0.5888590838025191,2.476878283167695,0.6421637408372883,0.6788057550302853,3.0159143705836655,3.1769475420301223,0.5160594589585743,1.8473493065010187,004,003,56,3.2799619957067967,0.21031499908621143,18.875435499535634
1163,61.49728621748659,9.887140348356908,19.998843830670694,3.134714815709896,0.6914954261871946,1.9938381482087795,8.300886944483274,1.4094245957497262,3.8358226730468497,13.85787731666924,2.353566067205861,4.586268021682388,004,003,58,0.5929901184062012,0.043613831328719446,14.189367697271207
1164,1.7253813803952887,1.0140712182595035,14.330067478204096,1.2573695075402818,0.5809621478933398,1.4828160056338169,0.9812215200388255,0.6108502338922589,3.401568754359894,0.9388714223557535,0.22763725405596996,3.516010014464495,004,003,60,6.816617087843468,0.4095885019181352,23.459215832487704
1165,71.50046491667555,9.177960361845702,11.761683313148836,5.2066203755504015,0.7511993293635157,1.7224070860839307,8.93007902985266,1.9532719224275779,2.8794660139465984,12.281216322105848,1.6789275284580731,2.4184426929267553,004,003,62,0.2918038410886685,0.05092807046406016,6.021528891139287
1166,55.16831520196084,12.182661766006673,29.026773939522993,7.084858222396234,4.936756768040889,6.628944414979882,6.124429872540791,1.8535901158435113,8.043870344330239,14.497868258417371,2.793427109168371,6.1890739371717345,004,003,64,0.8801279050408247,0.059550060306428614,15.65975869822429
1167,4.366639701260332,1.3134595725661513,5.659200239070749,3.4067864271008927,2.924395030970708,3.8249512730155937,1.9295383196539189,1.446933608178938,3.899692515627069,3.2490464332748585,0.35899926310270347,4.829040987015482,004,003,66,1.0610377077278683,0.37227693021995106,3.9111678705101256
1168,21.820902961531175,4.561462096726344,14.55948106466446,3.9276660881514704,3.4817106064645644,6.6642908735746875,1.9953723255245253,1.512894163305875,6.535727166143517,4.261757773246238,1.1248479514092433,5.28122873667629,004,003,68,1.0119761059657384,0.11751287307552509,9.623595237389281
1169,2.32199356032332,0.9447515168556508,6.642445972407717,2.2639664727699245,1.01796011106183,3.8132910956312616,1.7090236863771997,0.6704421650030543,3.45374464961146,1.3366821079796218,0.7268914289257589,4.952301335388823,004,003,70,2.24147811734815,0.2923890134955402,9.907559994197943
1170,18.415809036124294,2.956602405744675,7.248596896744125,7.430296790048421,2.238319883225655,2.7562153902723288,2.676453136890656,1.4654791960271245,4.7874387502667295,1.3955315709018354,0.12931617571447496,4.945174086578695,004,003,72,0.5037759822736172,0.11340038657143674,4.946229817792624
1171,69.35678897677829,15.758285006536394,11.827518866667447,10.055595787851107,5.172501033599026,2.434725089217893,11.847574285542247,3.162014187184049,3.9650952418490615,14.785038835525498,2.66921360537574,2.397015018768596,004,003,74,0.2759042146419736,0.07963529105833939,3.7405015178633705
1172,0.8057662768136646,0.7023855435615252,5.4179070508177745,1.1723381475897343,0.6346501053704072,1.045046095499663,1.043415379217823,0.5556095436655386,1.6405156201803148,0.5406097611610912,0.20288396574541478,1.4633374496362022,004,003,76,3.5075038468703026,0.5617595682119884,9.751285075259979
1173,2.46198351819352,1.4995206776556596,8.495977660842772,0.7431777580467217,0.5546567485878626,1.4713617666353818,3.486890185580741,1.1149676595144955,5.791086577382449,0.7929421008891573,0.21423750205809916,1.6642286874288124,004,003,78,3.126339159542358,0.695732640837586,7.619931922099233
1174,20.73268499304637,4.496193160792327,6.4951227300649546,2.709831517262178,0.7449109846836264,1.5913284015961051,4.039782512005997,1.1152482707109728,1.841204915020788,4.14309656053983,0.9590975335714614,1.5629229580602941,004,003,80,0.505988347918294,0.09514748727770388,5.823925399072174
1175,136.28235640177704,20.253609182547613,10.085188127787994,16.601238299340004,4.208829137049442,1.6090145612783133,16.685445385763245,3.5335084875749043,2.983982740409724,15.467146610808879,1.5246024143824803,2.4507189673457934,004,003,82,0.12610377693584543,0.046224822152864865,2.854157040587611
1176,59.05444424169401,5.2537919196796015,20.027287879234716,3.3960165358969214,2.2896672674479053,5.759154962317492,6.758539619740192,0.9224748618934743,4.1032065882433475,10.01431490156364,1.616780373012776,5.884090865054441,004,003,84,0.6229772147984194,0.029542611868909878,21.710388766721138
1177,88.98437295083922,17.44437030212815,12.203646560518667,10.569300900688374,3.4590356478604107,3.0715375331817194,14.107534948013651,3.5994061768814998,3.4494396850371665,11.95446974215227,1.9531486019031699,6.5008424383115555,004,003,86,0.22863442331545175,0.072310865840061,3.390461081858736
1178,10.830949402857172,5.868059141624306,11.661296307332572,5.3685414582868995,3.9463761078130126,5.065605854398871,2.646331340426672,1.9299994616979084,6.5665559961108055,3.6041190952564475,0.6666954989025251,5.45383838391139,004,003,88,1.1626712775436676,0.2382790271917971,6.0421241242593915
1179,8.95579443708299,3.1798737193252364,14.01662909478461,3.706456778710996,5.696408792415729,4.8618169183574285,1.9843438899250827,2.1731951813225603,3.3897954516644884,2.957891091831686,0.6595659986096092,5.248354454981563,004,003,90,1.6481773726777453,0.34325573616986405,6.449779207707606
1180,4.1606980935977305,1.7770140821104081,7.2587937513237515,4.680599617257978,2.579954031608187,5.370427563059071,1.4682930975369868,1.0017954377748886,2.6059612344980865,1.184332539468825,0.8056717869072306,2.3479734494699365,004,003,92,1.3386571366759723,0.22661728414480214,7.245784396309919
1181,42.72610905036513,8.9535720663961,8.478122392049036,4.6638130447603405,0.7763646392576603,1.7772398845814634,6.55335753319632,1.613739589477054,2.158294495406202,6.907080542046026,2.1561847746640366,2.351718957708827,004,003,94,0.33498844976818504,0.06810475806386874,5.253711594691956
1182,27.539581463452446,6.945785514390314,7.327809008930771,2.849377646493736,1.555891108724166,1.9118518274023577,2.6656382451477043,1.6457299159906054,1.5027297999145908,8.001060428149515,1.0429983663050195,3.184866701017378,004,003,96,0.4351376401561726,0.10831104218057701,4.452619435139807
1183,1.7111716239221355,1.410042450105747,9.090837724305828,1.546465546411301,0.42149034167747873,2.0628064204209,1.225048984336898,0.6712998283674945,1.8008094992837473,1.3181713496879737,0.5014233216141399,1.2378618359815245,004,003,98,3.9523346584306664,0.41213910160460465,13.542142184682886
1184,17.10726002095164,5.8074764933836,8.314108807055451,7.270991014699281,3.1135642100612566,6.1005950179911475,3.0550419556534587,3.127712632417195,4.411190913963848,2.545062715886982,1.0236166229579595,5.5974840649486195,004,003,100,0.5428084259624912,0.25659860732775347,2.6582073816129475
1185,5.035140081821368,1.2662998415597868,7.956429631869588,10.525650309055042,1.4515955004641343,2.822325298739343,2.601225745703358,0.5901338780958856,3.528500640575068,0.9764947655934837,0.4799037200216162,4.655415573542753,004,003,102,0.9505288807879778,0.07584883071773686,13.482414630289737
1186,15.25137052796885,1.9496075152928363,9.380731982439615,0.7373528645567777,0.5186848089859649,1.8426952799795502,2.3451508047869156,0.7535082473950996,2.840216198771447,4.457616655615018,0.5119783222096654,2.128822640711631,004,003,104,1.072344701379622,0.09425496068652334,12.449408503316432
1187,9.771592900870699,3.5800971991868984,7.714457471480812,2.5488031088414353,1.0867675002026707,1.8972482964809885,1.2182328512031229,0.8676229090429324,2.3622806014706255,2.453579626501557,0.9684479188842534,2.344169394903597,004,003,106,1.097702625891312,0.14084334762599962,8.891486602158265
1188,67.03056264171444,6.247500269258246,9.934874337234874,6.965690823978509,1.3003469316442609,4.672109332091248,7.126392546260122,1.608728629973726,2.9182869677883594,8.65876202211121,1.560461034511255,2.837813032979306,004,003,108,0.2573344615578952,0.04348135357203144,6.175606097963913
1189,4.067848036288332,1.8362871516415196,5.879494463303162,1.8430629521857453,2.113761334089717,3.2113837246140684,2.5089859621242576,2.129603857208809,5.273662574805119,1.939391303625211,1.4102875992108,5.872493322711774,004,003,110,1.1562292702899193,0.720567053491893,2.7608395070288765
1190,25.535950987940954,16.60957575347745,29.02343715058927,7.648930738009626,4.407287057930326,6.1334950617012645,1.8779963761813525,2.07023172028086,3.1699214168332714,3.9438908914683783,2.4198632592283955,4.358514742992469,004,003,112,1.5551597458034296,0.12476957051571701,14.019414767083067
1191,23.3885820218514,14.564121949762978,10.144343664584433,3.266959007391078,1.7542426676521385,1.6569430635140705,2.389330494797955,2.70583782092091,2.1010449317261,2.249210798205386,1.8134308253980767,1.8598276892640384,004,003,114,0.6326924951819599,0.20302253988785815,3.749058271767333
1192,6.774813865692092,2.1561825028313732,10.699506823575282,1.0766154069023148,0.3440393189235951,1.7219464600027128,1.517640597265312,0.8917134352925684,2.3299537865983777,1.6010308167514424,0.5962723788894349,1.7512904017880728,004,003,116,2.2209998083156433,0.2271467790979445,11.99881755741945
1193,48.6225699162562,7.742145653139266,14.710770613847957,6.011127590388758,1.481966837618316,2.233562842211364,5.679440781015222,0.9533277443439151,2.566626913952401,7.126552706342543,2.06513954070797,2.0934681443939667,004,003,118,0.5203635928860324,0.03489889163104746,15.430968731505851
1194,10.014306940761344,3.0772245463665095,15.232394661856617,7.0129230571341274,5.658827656067569,5.080630037801265,3.381371403558005,2.717997865786627,4.379995283922195,2.0587326856319814,1.1529365991276785,4.191105804228554,004,003,120,1.3562072380258163,0.3192530865117304,5.604270280561146
1195,8.109024261732142,3.017967043261039,22.254645664808884,2.532336077507936,1.7400421089539733,4.853229643183101,3.247993221594733,1.3138419603980864,2.9859694006922957,1.095795739016534,1.1496626893199875,5.146343212894772,004,003,122,3.3543705527964054,0.24693120400279778,16.938601700668666
1196,5.727313924354412,2.2075997572926442,15.348087184307937,1.0431408043313837,1.0054492075351091,2.580729522804687,1.4556727148593027,0.9619794017641408,5.257939539614903,2.106657397979184,0.6380515587709608,6.121219435054905,004,003,124,3.5305629591785626,0.2841698055193611,15.954694202559443
1197,20.662997296083237,4.474102273878524,17.122763036381997,3.963002956224336,1.7422557792199214,4.313767151865112,3.646944178196204,1.6268015130866225,3.449088591569728,2.647779020539359,0.5764886927959323,3.8064153270603054,004,003,126,1.2283362044536976,0.1321206445560873,10.52541622234787
1198,3.786133324429067,1.3248349960157744,6.6389586093753366,1.0126092581448107,1.1391468131088058,2.2861897175399957,1.064993605838795,0.6239176180695296,3.3598889964350787,2.8499283945263674,0.4386219668687551,2.901309485299601,004,003,128,2.1959391935150827,0.2600337931587412,10.64076156386962
1199,3.1596153277333627,2.2387538963912332,9.18947585407792,2.4185362111609097,0.9591362864118513,1.245665432652078,1.454185219089139,0.938102643064727,2.6635474987597836,1.0566904708429246,0.5583477532041788,1.7519998454320183,004,003,130,2.4655315192933953,0.33634892724720855,9.795810641846646
1200,1.5749205017474859,0.5585215166814282,5.513868586364236,0.9543569717370992,0.2746463752807175,0.572270002419082,3.173834408342257,0.5159782421330588,3.025497016027666,0.6702973913372616,0.3506105855286362,3.3740862340853885,004,003,132,3.0966056438745344,0.4080044578281841,10.686242434506255
1201,40.29813014725976,27.50547279365937,25.328820457714833,3.80547084617402,1.5377182274172818,3.2464720146627433,3.2714600843704105,1.4485106444369729,3.157925154146228,1.943453680538579,1.8748586127615134,1.6812658885581135,004,003,134,1.0778078769075903,0.06568672905655162,17.486112756568655
1202,12.788724928505406,6.5492153587999145,27.97789687766512,10.752075389318222,5.211136927070961,8.206495717299424,2.430011134491544,0.8493403309373742,5.657271002759179,2.254812017441071,2.521662668782902,8.84876047351652,004,003,136,2.2169946283894992,0.07215900219792498,32.940737485982005
1203,36.870927378012695,5.9752719838076676,15.455546279295215,8.124544242639224,2.673524128875544,5.4355508684453735,6.146636487984015,2.1442686336108534,4.929537603287271,4.242192946182499,1.800664468139741,5.023273961613854,004,003,138,0.62720329080608,0.09531041931013706,7.207840490241542
1204,3.244414448121726,4.095771996084744,18.32405845570672,2.314485818157787,2.244241546167298,3.3421499448825154,0.7887963721807183,0.5818129932170633,5.352740154929691,1.1551056476769535,0.9890650213009398,8.15363089318454,004,003,140,5.451539426360726,0.20932665288001712,31.494756338090863
1205,3.1575207194513446,1.2372257024440692,8.262332015402889,2.745538146908766,0.6595747358442006,1.8261497127705764,1.2021116383197745,1.1032295575651134,1.8171482569826773,1.1794092339285966,0.4873145245722013,1.5829458568231203,004,003,142,2.037687575084325,0.373782333038253,7.4892228537080685
1206,1.0392413071566091,0.707811379330546,7.996738789656298,0.6602001149585033,0.48286188615016,1.3418393675991442,0.667070236640463,0.4766342385338018,1.9655644152341702,0.9021357390720832,0.5061557363566631,1.0623506762901194,004,003,144,6.029109170301695,0.5609304708373959,16.777516475223145
1207,20.638527658386607,2.610281332186779,10.583850897661309,2.8298747841174494,0.6819980923304042,1.877643111393889,1.180473486453714,0.47579539085537775,1.7203945922982133,2.89825125329894,0.42090327285329676,1.1688005370024506,004,003,146,0.8668184958517011,0.04054774431459859,22.244542719579147
1208,38.10917973003781,4.9451465805889665,11.710119510693778,14.858242942373156,4.3310260626083394,5.129365557797405,5.332953150350509,1.5446715350694904,4.333489720975274,6.276748265872339,0.933429927110443,3.659255437486808,004,003,148,0.41779504598871997,0.0583253425269665,7.580977084663487
1209,64.43570735451911,17.887854009991628,12.402304616752142,9.65862681587046,4.2648508275517125,5.17547060924131,6.5598246346130935,3.2131940465876943,4.032156260674762,10.056207307619577,2.436451207856366,5.796665623384717,004,003,150,0.30805249302549026,0.08673251693438626,3.8598056752666334
1210,43.0228711751771,3.589258481755639,14.870008553693209,8.166324641362504,2.4720384963994926,6.062119688885932,6.924101778556093,2.032925272789717,6.331171744699669,8.970845040802523,2.4887673198016462,8.11557969080067,004,003,152,0.538231692223774,0.07942790428181971,7.314586892457479
1211,79.35680209618941,28.738693247212716,45.954385444734214,8.231095496370543,4.069218382903035,6.299598456002007,13.010398181737978,7.410096651598815,10.4136566776051,19.449438338574474,2.9648170546380825,10.00315141769915,004,003,154,0.8974756787822894,0.16920366523852393,6.201590560201265
1212,19.542956084870198,2.5917989320820785,10.93123705787754,2.4816637557285546,1.2460374797349356,2.929329766243721,3.7771589690046827,1.1454481650149004,7.21482815588327,4.472819666028637,1.0790483909152617,3.0413331992069472,004,003,156,0.899116184182157,0.10401524959840222,9.543196620979652
1213,34.411227474983015,8.075095823195301,13.03779585213005,2.3149038202435106,1.791229238257786,2.6778734385551566,3.8663749528001903,1.0807348323687695,5.2762810677500385,7.014541951887102,1.5544033280944425,2.235493679216332,004,003,158,0.6705374222263207,0.05885372590329099,12.063824965790756
1214,39.30148220028294,7.3576726440181,9.98738355785165,4.040230122615904,1.1020607367501496,2.167547877604703,6.823099532978568,0.9732911173638115,1.6305119601089522,3.7608158612799665,1.112868229291299,0.7267215959920511,004,003,160,0.4410580550849996,0.04491244416522925,10.261455570356773
1215,14.206705434706027,3.801061919726009,17.412637919937204,7.56730874290558,4.198585837148168,8.730389498481882,8.564673360457963,2.92052799918111,4.862958637737239,2.1681772359047793,1.4661713093029216,6.668766962476438,004,003,162,1.2610967713626793,0.2682581149583382,5.962154077899459
1216,23.5199169923589,6.4853414938995,15.7641722489297,12.941506139747556,10.849053115725042,4.388307352033428,5.019709139851301,1.7273368616071896,3.1978961644069708,7.795814390603417,1.1970699895665307,6.931960125678374,004,003,164,0.7898654172560124,0.0947487351411781,9.126287176122686
1217,75.36433623516253,22.335328510440128,23.528792273235144,9.574691798894179,2.4700225199249974,2.914181894600368,8.196076060074347,3.5151182772981073,4.3958531520336495,15.321860424696952,3.9651394938541413,7.544778441827189,004,003,166,0.5116664220045988,0.08276803628807017,6.6935990248727935
1218,9.275626365143262,1.3612228345501256,7.8631667361877575,2.5629704032645586,0.5426541934565003,2.0721413683646097,2.9750779774185947,0.30056726713059423,1.1536770003535757,3.063930759132824,0.41738800397245795,1.5804965972049783,004,003,168,1.2642020225148551,0.0507775157834044,26.161088036147564
1219,6.447400574887683,4.269861350979626,15.704879317334544,5.176587218094981,1.7094230057110191,3.596414738526197,4.209661754886085,2.2541366988740337,6.951189538525415,2.183362331361188,0.6785060485079983,4.9820844788608065,004,003,170,1.9470152549176738,0.3878422343552087,6.967137053036449
1220,75.28421640276294,24.368857472099712,45.1267146196992,7.787963991547281,3.0523958281229024,5.431176649377457,6.32219524417847,2.398501301681604,8.441325707297727,7.103811627925499,2.328330004938781,8.46644299332138,004,003,172,1.027134043590551,0.057744994540816996,18.814546645465892
1221,1.518804272256366,1.346347106737697,8.240560073018292,1.8189970879016242,0.8442924466034026,1.862316954377068,0.7674613673372769,0.7289652714404017,2.5718402540991283,0.6597138338390056,0.33218228648955495,1.760689126576597,004,003,174,3.436622496681559,0.43679368109904365,11.30446181165164
1222,8.147401289923732,2.7411906356489792,9.249102318219204,0.6993084508494106,0.5284241536588606,1.333923139197032,1.6930609699583357,0.7909042375419979,1.1729712666952934,2.5842527632582413,0.5173710630570139,1.7791745057593529,004,003,176,1.7738094956108783,0.17880189600814872,11.694339060521303
1223,44.92428155031965,9.01591507620791,18.42356108667861,6.105928185217703,2.0256135637586103,2.4602201420563268,6.00858003551642,0.8600288299001879,1.9180321254263952,9.741453683638483,2.5274799347827823,5.2225406495769855,004,003,178,0.698520102224428,0.033706654719126705,21.422027316010777
1224,0.8222921350297144,1.1193911857551517,4.418096504824296,2.2492811066376666,1.1040212031752117,2.7986940939787317,2.720818481558972,1.9857146042081912,9.146207219153942,0.5841788983583056,1.2422013755312475,4.890225724464522,004,003,180,1.2546059826435958,1.2929625621626137,2.224940329018743
1225,44.86110930804938,5.468344314003177,6.602340946490256,4.428503981356748,0.9006572227235836,1.182179680662583,5.434421476625996,1.0836711331330595,1.792287892891992,7.482371780031105,1.3760018239872802,2.3401894290438,004,003,182,0.2566160735781214,0.043971581873456254,6.092568810430407
1226,39.10040862142729,7.012780040445209,13.658854180559834,2.430714652578831,0.5825843722108673,2.323870115438197,4.0353199148175305,1.020332609598779,2.7028495200612044,11.004581821279157,1.659289069151455,2.9453451530191677,004,003,184,0.6269586194604034,0.049135806073292224,13.386668280582393
1227,48.72043508803688,3.6175837945567513,5.1841626024461815,3.749718037347017,0.6379674080411213,1.2444480512395195,8.096308045495647,0.5998291100112172,1.7350070363422103,8.379536455205452,1.2216263029158223,2.521099071573407,004,003,186,0.1931872862038633,0.02286363100857936,8.642732598204903
1228,25.092175586763837,10.723392004272533,21.571601564245526,2.414574227245327,1.5359128486216003,1.7603499648068885,4.805561125019617,2.930083912763306,4.769622765345503,6.609905370433925,1.0755145732379625,2.4459087348356263,004,003,188,1.2929933653017909,0.21304472048318968,7.362110508262462
1229,17.002583603705027,6.806361878342179,17.436038607489042,8.474246727597867,5.493841567662344,8.668509824071856,15.643041539473066,15.515131983533482,85.72928358044348,5.699952206189684,2.4651175037358533,17.949345833599423,004,003,190,0.6171274182113464,1.2179797707778692,1.123808590606529
1230,19.681254787433087,18.69106545222359,18.714639191302922,4.921501590347453,12.500757669237302,10.62218109677168,15.132622950646429,19.675269908348923,30.19491212939969,2.5478860428165886,4.489402999357726,7.735989490060906,004,003,192,0.5852595661181483,1.599436226269202,0.9511757286420568
1231,32.47032088538342,7.848983155697203,15.225200256889345,5.421886131508986,1.458658062936884,3.132439189185542,6.842652098204296,2.690221321478936,14.1828190729148,4.856849660361501,1.4767766179523467,5.955947435292088,004,003,194,0.7036869882740627,0.1419933824535283,5.659460110337451
1232,1.8926593963362492,2.51518660923324,12.95071280473905,0.5839661028478407,0.9470817564691316,1.2738352867080622,3.1891591559451866,3.4189243908611475,17.64559984850001,2.382213824683188,1.2706445748641226,5.475585213385167,004,003,196,2.780771606463403,2.760953880178891,3.7879494613442057
1233,5.445718217213241,4.008634861945984,5.626705833836333,1.4054298507067733,1.1937621247266463,2.245056026774063,1.1661485299034013,1.0878150700054632,5.052551882148774,1.515286440841456,0.35137803470131057,1.2814029233900035,004,003,198,1.2466697872099486,0.31755701649452756,5.172483806285268
1234,15.773289580598705,2.708952251796208,6.31148505846185,3.919722383276607,1.6323383357910326,2.677141527066723,6.818483223868576,3.0254461099630143,10.218412143141464,2.3312476247834635,0.7014164597871031,5.015430425279859,004,003,200,0.49032850754884194,0.3072608817293023,2.0861336903928547
1235,9.005023923080056,1.6961980202367752,12.718213996920582,0.5890713580014287,0.3396792665595209,1.9060924634477088,2.9852547326631846,2.5253231040378403,12.003555374440236,1.6719194079216617,0.6045453865494941,6.10901066115576,004,003,202,1.7368983954188653,0.5264327755880231,5.036271983012756
1236,3.040180144581212,1.5855002665475677,18.29829739327247,0.7107042978430691,0.6291872949686186,2.2470015146825686,1.1892433261227247,1.7749890345696944,21.128092377953966,0.7374070283039664,1.1430722392227657,5.517009807175292,004,003,204,5.012639907761641,0.9464375998864305,10.308963625630778
1237,20.76119004252476,4.7176889492954235,17.303601779492563,2.400044052725747,0.6953084674051131,2.682141184816541,5.216165133755945,3.3343677721594633,16.619121936351167,3.770209538593627,1.074278300691624,6.022811094557305,004,003,206,1.1601488026014848,0.2879266068851846,5.189470077047348
1238,11.789368646188235,6.388932207547693,18.10346261292717,4.430252085176605,1.6801061752737716,3.987759316232539,1.301267294942042,1.9599383048162622,27.30466335913903,1.7240607736794549,0.823442579937758,11.13486950320848,004,003,208,1.7978067978960428,0.24167498578141391,9.236751263261988
1239,1.5068472878638295,0.8203296531838082,9.23639647895935,0.9300793626491854,0.36247288816772505,1.4009834685771252,2.1923143366148046,0.8558553747685717,6.060584115833439,0.5212301650401914,0.3327302425248642,3.1118950187369054,004,003,210,4.45273741149211,0.7024055275429808,10.792006162789976
1240,29.67918473748588,4.712627839925024,6.09012257058361,5.707666544363135,0.749191925131747,2.369223045405315,2.311575704863872,1.9409601141800765,7.7641716341576625,2.802405917830872,1.8852434827558358,1.9655964294170345,004,003,212,0.31017637355934546,0.10969950949977025,3.137685584619173
1241,10.343245236706593,4.44694318832611,7.926597871898849,2.4591209251779595,0.47754355347916827,2.561918015518875,3.086767827435181,3.736449923788192,18.64569687753958,5.418159692144104,1.6106310487589903,4.965304450968782,004,003,214,0.7818982861384018,0.5837123976210619,2.1214248908928197
1242,27.982385541640507,9.923457898737594,17.35292081187107,3.6452424477166696,1.3218867895606843,2.0255209489402213,23.359281717020984,9.406613647305996,13.858901257662588,3.4886097763256787,1.3607298705563067,2.5912968187946843,004,003,216,0.6880502209638811,0.5948352276352409,1.8447574719772672
1243,21.24207086137293,20.642778573629762,68.13370758682078,1.238109534402159,1.9043319374984438,5.2886324254742565,1.5618803925598856,0.7856335310993978,10.545932844289453,2.2766083708229123,1.6127840225037766,10.331437424448675,004,003,218,5.665663798893908,0.06989566073473763,86.7245412647752
1244,9.6323096954954,1.0168275681919352,3.0994388240780095,1.3642818143533089,0.12926319433551478,0.9675245194026261,1.3339863011800777,0.8829498183266626,8.762730870675206,0.6842647776584916,0.31487121285500386,1.1939629786956485,004,003,220,0.4857106325871982,0.16058609025094364,3.510322738331793
1245,46.05114656478083,5.2906093909679575,7.838673469391729,10.0745426431818,1.3336950776735832,2.679081433116643,7.294682203526429,3.6006529726670204,19.507608294109144,8.041571008580934,2.7843244932496685,4.787411080258125,004,003,222,0.24756183205650376,0.1283067708736908,2.177014427354155
1246,0.18986745098842994,0.5607292881104585,2.451459743465154,0.9127869006928209,0.32278918447998994,1.888086448594113,0.9539658456817184,1.8200532351917342,9.325976147185603,0.7801647615683603,0.2718375009543398,2.118388151948527,004,003,224,1.033769078997297,3.301221697291891,1.346916505553149
1247,1.5987440940807405,0.6090931816261141,6.23356185104457,2.959596208504739,1.5616972440643202,2.7226455702196835,6.494411301175432,3.1029602948787938,23.804921946876934,1.1788362878900807,0.5125783078480932,4.430366995051746,004,003,226,1.158195980827385,1.3614430204426826,2.008908029320453
1248,0.5428321895373704,0.39820516581978355,1.8020101167734035,1.813687868381467,0.4296027792215779,1.794817415814316,1.5444979290603453,1.2515015690605744,9.127369686402744,0.9661707001733577,0.39272286747934104,1.7124968861515935,004,003,228,0.7416407100358559,1.0621607610383244,1.4398784318952649
1249,1.516379402341946,0.981414876626894,1.7960458418896406,1.9045294713421805,0.47883473975901847,1.882117354550989,1.3756492934541225,1.3581438026175652,7.19821964814681,0.5973239454025727,0.6060975099833432,2.2930803973409506,004,003,230,0.5852984658577914,0.7940251276877309,1.3224268582075787
1250,7.8438859034155355,2.100839849815667,2.291056000245809,1.164755877861617,0.7633760761928706,1.3924396001732777,0.8920478570086517,0.49740394901484597,6.921909304198801,0.7370905848077629,0.1045965361267685,1.7900786683834338,004,003,232,0.4580531863893097,0.11042817798541195,4.6060269621571255
1251,0.9607967402786401,0.3020728420848075,1.2343864244890026,0.30616365230435283,0.375086256247568,1.2407797544580248,1.4658337127322865,0.8224772977581879,6.583676016174609,0.1853969698906352,0.16761071363357055,1.5923846611959767,004,003,234,0.8478176248508524,1.298347292580121,1.5008151931409515
1252,0.8927033010055496,0.28211517265948105,1.7898033011554455,6.156499430440361,2.3644294569449547,2.151469311704026,3.9053923671889215,1.765177883976318,11.572125830753201,1.5968787909218147,0.9466119418083199,1.9133409974766649,004,003,236,0.3383512272761093,0.5008163195823566,1.0139506717156774
1253,13.714373926815163,10.707433352381134,14.005076456153098,24.101358892750955,11.901095608140082,6.51473879734236,6.377287328818148,0.9716565894275049,23.528326047760846,1.8226889769848214,3.2247705685731782,6.710253748179484,004,003,238,0.704497610768088,0.051389012825093956,14.413607244103412
1254,49.948441828648036,9.93822976304489,4.444475009193577,1.0506599755013386,1.745239662017089,1.9938016228479176,8.653236546505497,2.1027717105427324,8.436297176935428,13.553312033873045,2.678290738533438,2.867205896340362,004,003,240,0.16101815313041604,0.08246308802135206,2.113626974773426
1255,17.507845486459082,2.0978404930992474,2.994721785835666,6.0548059196049016,2.288365416743988,3.161520851801116,3.1469695533746855,1.7125594012274736,12.805603574301301,3.8358641788037526,0.6330657619902524,3.1765513996374235,004,003,242,0.22193176855273172,0.14536219814267054,1.7486819923964128
1256,17.803089596570196,9.33367125562125,9.504060382342907,4.057646824993775,2.0595460950536504,2.1336541620138476,8.300805896945091,2.844352072232234,7.69941824407121,4.721332362010428,1.687681708037803,4.358772244253048,004,003,244,0.6899639475120583,0.26022472595447377,3.3413797381574373
1257,11.682425138521657,2.3177051320283675,5.620412757506256,2.382091084338553,1.1573475134655058,3.088303441932537,5.776293304443713,2.2574295656898524,11.893616271205572,6.599188013425595,0.887744556603512,2.707310150014458,004,003,246,0.6050163313185496,0.32101062417215137,2.48974003128585
1258,24.04881090936758,4.321349189225055,7.838797928938339,2.315121448161307,1.3116718546920252,2.4452714122459978,4.263646455150828,1.3594282167636162,8.667050870146383,4.865227429436008,0.39206695912495454,1.8839745981062834,004,003,248,0.5390678304791058,0.10312787928052752,5.76624630287587
1259,37.839045146025164,7.052439340931639,12.141255453085144,8.814912148223542,2.544421555480665,5.225510578985491,4.50516720903234,1.4619146629771818,15.501027103642874,6.675557693325457,3.294611074883102,7.2534534548306935,004,003,250,0.4897861030422666,0.06267055348624843,8.305037058975481
1260,14.379059644159188,3.8914790258450864,7.7164367879155575,16.565349159434916,9.076857391394105,5.397880163564947,5.593525875828594,2.6739801527340523,13.361819944729511,2.4044889665492946,2.337970140471162,2.149687185819899,004,003,252,0.425237424689851,0.17282476906933036,2.8857494622859363
1261,32.69160694114368,25.76846410245502,8.147314718584386,34.65158810231769,9.314439504957337,4.0385363143197015,29.08305463128177,5.668076349969833,19.790704717963166,6.1827287618020765,4.114064071803292,4.237660238706528,004,003,254,0.20710173513780086,0.16833404908430075,1.4374038413628194
1262,47.58382223734616,4.897563177592151,12.660737263740824,12.088702236614864,5.430549515881288,3.2375897825271878,3.3492579853526134,2.1407377188667622,28.214528162375842,10.113343748631127,1.671172242745257,4.334757281993264,004,003,256,0.39593261660638357,0.07174952753342635,5.914193575494625
1263,67.08676405528391,5.667628839640534,6.608827536207217,3.9536968433818975,0.6007971753620507,2.17860013848356,8.933187126281378,1.8995904967953265,10.432643971747606,17.999463429471717,0.43058491472355254,2.663973373555711,004,003,258,0.17661301869192997,0.053479115218719044,3.479080121403288
1264,1.1836886082893479,1.0380806076546443,15.790217293081168,2.2252868907244148,0.30770376209136424,1.834461276063172,0.6698203486931946,0.5336163293368241,5.584429900354365,0.8009301114820531,0.3264949998660335,1.2150622508872155,004,004,2,7.05517560257476,0.3130655116126253,29.590955945267222
1265,2.487767070786238,1.028473466203914,8.376581761525246,0.6991647685655599,0.4854175544020289,2.6087878567613076,1.9642937187933995,1.7532418928604852,6.220932888485132,0.5062444807635522,0.33988863691087673,1.7016510935806601,004,004,4,2.502931905243574,1.1002694636965211,4.777767286782381
1266,2.610973901330771,0.8888870363681546,8.057800407914119,0.9641823665195908,0.6807278566182985,2.115677395723322,2.7380373348811844,1.572824887229971,7.6775913334202,0.8287456375005793,0.526205148176655,3.859510587546872,004,004,6,2.397867266868549,0.8798635748448922,5.123138928775067
1267,1.8025212944388906,0.6860015462437627,10.195329839965579,0.8479400569075439,0.4935237117910569,2.104478426434694,1.0821019140547024,1.6318972445829418,10.371404345558416,0.3176660445680288,0.4436454520038931,1.1825613333678666,004,004,8,3.4477134959661857,1.2314061804779293,6.247531744911527
1268,6.0573077185638216,1.3699667368957775,16.641517771167766,1.9209525083820012,0.9114623627321358,4.386313277237004,1.5750173142312525,1.053706585808902,7.997871872944277,2.030701694161678,0.3955391850169677,2.523427391300735,004,004,10,3.3000310665498658,0.2641444515058828,15.793312858904192
1269,1.4999293602636468,0.8408598713110216,18.648606719110568,1.8418654409077284,1.2247288159021594,2.3370006961918284,3.0483208967084887,2.272737451515293,12.620194301328972,0.7523531352263892,0.329153230383638,3.6054740291296516,004,004,12,4.728786365496156,1.3601897104625615,8.205350207379677
1270,1.9092534322474357,1.2127305555188757,15.645559701917104,0.4377040227795692,0.4413125476288027,2.7325477067494797,0.5326465104710986,0.5900160929041799,3.05242568153113,0.440003711092668,0.3028923872774054,1.196767250048238,004,004,14,8.871905673196968,0.5027923208751911,26.517174514522917
1271,1.3960186889242516,1.1847617119296394,19.29869854139165,0.6137353107271399,0.6043785216366967,3.2230845639063306,1.5522716771529135,1.2813015885840109,3.311270532599306,0.7245050296589953,0.31692021265318604,1.314797487126838,004,004,16,8.441465876388973,1.275083008971509,15.06179240963791
1272,1.4889785020865824,1.804839930992026,17.961585424816423,1.0176598042570801,0.7099004317347408,2.202058347396682,1.1682164611210595,0.7628830245754892,1.7325296559355448,1.42976295637582,0.430573683301399,1.2058723359521364,004,004,18,8.908623164411367,0.6086901509841501,23.544350635946127
1273,1.5645778245180333,0.6335584681589003,11.873151510807643,1.0160835927720235,0.3664193148907461,1.7068806946034563,1.5889447911727146,2.1453639940923592,12.6753872142328,0.8410047825176827,0.6049672627306466,3.26852682499653,004,004,20,3.4558226321296,1.6626466220781477,5.534329625882822
1274,3.009936067239969,1.3322573985562287,11.241627973847553,5.387907253744906,0.4172064396500647,3.4122403679122737,1.8484076454441136,2.276977363499855,9.819331784798422,1.4623987890821475,0.2302875171513445,3.4499208680657816,004,004,22,1.7359177362400042,0.5422766956868678,4.937083764666187
1275,2.15329727299655,1.7844555162074003,13.37028952525613,0.9153988402903303,0.528734827148855,3.5916917942009605,1.0901203942819042,0.43553423941238056,2.7685936981366215,0.5053127305862319,0.8425977813599221,3.1070099732628327,004,004,24,6.787354529774023,0.283856219927805,30.698595690881206
1276,7.265703507653303,1.0797897893353743,11.900342425735722,0.6305993183975349,0.2532636403860689,2.8429313867036923,3.0125496626323676,2.122103602615129,10.254637095415829,2.589169692616925,0.5366691126294485,2.568110281089055,004,004,26,1.9604353351009867,0.5374929633179867,5.607804638317654
1277,39.0529590575646,3.6773520630422345,14.37192967629634,4.039996283394257,1.2141753353185383,2.6123903182935795,5.268026335326706,1.5524224659340495,6.7648690113798375,6.662784305180241,0.5143828203980017,2.8015893479742755,004,004,28,0.6221910823208503,0.07204994197548145,9.257743939984241
1278,5.29414946955229,0.9983193042607017,11.120000886067519,0.9393084806274753,0.8007576682229551,2.871969610842923,0.938112063131941,0.7735541544241876,1.6751014365412829,1.2995902571273992,0.35385010417210716,0.988952113904867,004,004,30,2.8584040070771155,0.24819423203195884,14.375206729184903
1279,93.64018396398068,11.509718944630766,8.55612767796736,8.507276799208153,1.8941101857738252,2.016944385856845,9.494515113337375,2.5278004646783625,2.18208888367753,14.608256279827485,0.9390485185837709,2.0029954818470412,004,004,32,0.15962468875200636,0.04949316303688898,3.384811339947294
1280,1.5118195379366455,1.3747197061170402,14.258665475156084,1.2210435379429776,0.7975739089497264,3.464032037337011,3.0810306246514596,1.5234594031396154,6.947077611071618,2.0429057745881596,0.23728427329114643,1.260661185833446,004,004,34,4.93398047395872,1.114918209101465,9.359399696356311
1281,59.773816170202366,7.230099009752556,16.678690906913424,7.423482068956583,0.9312779489517785,2.1612427638871092,8.151815674316978,3.1515172687401316,6.29488582509474,12.292946414879719,0.42687543768965863,2.081081312183283,004,004,36,0.4538398746465119,0.09379892797248202,5.292273366974439
1282,83.35304071085315,16.679881767204883,22.498414030170917,5.311209116169401,2.1654482887271413,4.4521121125342,10.16542978431203,2.6379997750697637,6.038710073294776,17.86940677281011,3.6210162060087363,2.5033113474064494,004,004,38,0.47899413040392735,0.0595053762980301,8.528588304969029
1283,2.4375782771756,1.872180581620952,22.809409384198197,1.8175055332092507,0.7947941481757629,3.4368516565612555,1.1453222619314731,0.9979517240488307,7.488302267301178,3.474106431451892,0.6095774384489976,2.4887617049475814,004,004,40,7.297858223353795,0.46906325163948814,22.856225240693217
1284,1.8245206053487066,3.7982712389297895,18.00831080389507,3.5174208320182503,0.9434563191021561,3.6963582106280826,1.6998620567645397,2.3249638501138676,5.772993691101757,1.281210525809303,0.6460353362951894,2.1160213490867394,004,004,42,3.604593005754707,0.8704565100061608,7.745630454861952
1285,5.069020973941269,2.617068750891405,18.348144017603342,4.582717230719206,4.622334707882132,4.198735201885769,3.7929595993316942,1.6585771126721616,6.109983527158192,0.9828281871656208,1.3281414368586986,3.6555207412326327,004,004,44,2.8295622184594764,0.34368464570895524,11.062581219417853
1286,27.335909555444942,19.937248851390294,23.913483250485747,4.577986029598382,2.263357430270902,3.5388175282745893,6.015220875468598,4.1825680084603745,5.354578320639105,3.1447411374361893,3.878337364810468,6.402081359654006,004,004,46,1.1873911710091702,0.26211579199504337,5.7174164776554175
1287,12.129632830953685,3.5254522478164776,14.032144474252512,5.734061817278801,1.4481027249689982,5.228002638607297,2.9345152415746147,2.1618285352088877,7.462980110461466,2.890999612729911,1.0298827400366517,5.54152916495557,004,004,48,1.264877814368207,0.24203599286475588,6.490868376338019
1288,5.556577870036717,1.2722952350848944,16.207026392714308,1.7989212525261937,0.3554170167599341,3.5628854175650737,1.5777921869674525,0.46558293137612017,2.2807671368433695,0.8793838464011821,0.5113360277502912,2.421853318644815,004,004,50,3.9115920388805088,0.12659451754890427,34.81018160354658
1289,25.537410881819138,8.178928575126404,30.29402991085983,3.814406187093235,1.064331686947201,3.574515968952708,3.5313074072347046,1.4248892507419035,3.1691855259878183,3.6902532057328115,0.4321777256053526,3.7962836859766123,004,004,52,1.8815235316295924,0.09709036053178853,21.26062070795081
1290,11.260955154545186,8.129364354554331,21.39312811570232,6.021263386202188,1.5753450607230333,4.207010231313173,3.5492359242096345,1.8888923247140514,5.653885980282505,3.613207270340612,1.2500939202395662,3.262198977842903,004,004,54,2.031635790604462,0.21859373207907207,11.325753107150193
1291,4.540988866676203,2.353551061811722,20.8137831098176,1.9158906848702655,1.2575102118012649,3.800864425855467,1.3926438125242844,0.7085623205759888,3.254099842390679,1.165927773747676,0.6016012771708885,3.52037748563294,004,004,56,5.286708668282953,0.21947515511770171,29.374668261922423
1292,3.994269348042798,1.3195707837091724,21.318946559332524,1.401344814842206,1.1247686262837868,4.4452821811810255,1.4438000471404573,1.006145451603318,6.523305804668471,0.7593497662116705,0.43537280547937296,2.4737990123285933,004,004,58,5.755728878577612,0.3729493700733181,21.188732230872038
1293,9.108486450760568,8.235175667637973,11.194279246615856,6.303789100368612,1.651148806603674,3.165916782106386,5.401166609505468,1.8662692211955139,3.326351651974745,4.011059841934527,1.448234729024103,2.2108483668567755,004,004,60,1.1694320195959798,0.24217958146469573,5.998212433383491
1294,4.86242539584196,1.372255468931583,12.569929292150253,2.5883786430954525,0.8735430881421896,2.4558625530248364,3.3604271051914663,2.076779014699481,4.7466477753159895,1.3131196710751079,0.47015763359565454,1.9949840240869254,004,004,62,2.166414528972432,0.5574644035318524,6.052608006523591
1295,13.23016418499071,3.6689030862922047,23.027636856037127,2.047075397939577,0.887693902545211,3.964345474716744,2.3169018529113803,1.0320462504450085,3.2632544050774337,3.433883117234937,1.0115493753925349,3.4768404808029265,004,004,64,2.655809455090503,0.1351089959469045,22.31260163593233
1296,42.654671309098944,4.457318607276343,13.202197351039663,4.733243997087188,1.1155262815563296,2.5320432263885677,8.085722132577292,1.8461095409402897,2.6227177299787994,4.855183248648048,0.7227253852486257,1.6381803683570508,004,004,66,0.5169210108469858,0.0779147818177726,7.151361854895843
1297,1.7835425367710838,0.6098020880346431,17.43042429158515,0.9895255047661989,1.1156961116185542,3.3889500840417828,1.3018950808591843,0.9376352331767275,2.8631890280055545,0.63397709709425,0.3745582033295162,2.018646548967288,004,004,68,7.499636380610542,0.6762439429051574,18.589771026980838
1298,5.706202729701802,6.465733406202311,12.964170015076888,7.670618560295837,2.8453221584623245,4.16378328171704,3.2650472962461805,1.6549008015098465,5.615620938935904,3.3750094584088233,2.437457574876671,8.070490011637906,004,004,70,1.5538398749937425,0.2474281095086886,7.833804904347768
1299,2.344235932845246,2.02543508246821,8.456560741694133,4.544132341675343,2.8952327057329743,3.3288002985727383,0.8017987878675001,0.6845410670845271,2.8002814037150103,1.6288541310495228,1.3624080912315968,4.275312670599209,004,004,72,2.0482256200521554,0.19875274950573668,12.353620766261372
1300,9.084476275645942,5.729747105260429,11.6421797770446,2.8453106403744393,1.3289606993092264,3.9398407949456615,1.691623868344585,1.8738608914944712,3.8910082391442997,1.5673311338700655,2.077499757356115,1.7806612759012488,004,004,74,1.4852078860948463,0.3141482584199528,6.21293705946312
1301,5.08168007242141,2.770897511786088,23.36795133162305,3.998257363704711,1.2596750674544948,4.759347748656248,2.0570628600798173,0.8518663492364603,3.7857374173373923,3.3358248993322626,0.5933668605983242,2.8266769536809995,004,004,76,4.333951435819196,0.18763705261826163,27.43147602034999
1302,62.86985869876915,8.506206492445878,19.447295963554694,15.2101783944638,9.254063929250766,7.573520726018617,19.105257631433272,4.8531329463241,5.216201820923823,7.276697206481691,1.5325454092041988,2.8905883273516007,004,004,78,0.4430599148635395,0.12431174797033268,4.00716324457681
1303,3.0220310119630436,4.246118078222867,13.278380651599928,2.252658696785825,1.5864584166711146,2.906598099493299,1.6635817018462853,0.9973320958355605,4.347664268887721,0.6611789166048174,0.3141346027139401,1.494027473226971,004,004,80,3.653249197520227,0.3781576361473301,13.31390086315768
1304,8.76419424543284,2.3553679617384966,7.91749558466136,2.21690844591628,1.2855651615957542,2.06151191713396,4.542587495044882,1.4555923194130251,2.8154472040279694,0.7475111665942024,0.6563839790625401,2.554159908189938,004,004,82,1.1398404591681486,0.2651085888778249,5.439363398024888
1305,9.73918113420062,0.7981546908416921,22.431193463051862,2.825366103628724,1.8668153162799115,4.357763847843889,2.1264837463390567,1.0480703103706057,3.6652587821410716,2.2734646982216846,0.5963071887439089,1.6599476442185586,004,004,84,3.060046524343496,0.16682977755299852,21.402374669997112
1306,5.126287048848088,2.4717337361305534,2.9334702560547687,11.928702067542869,6.086402589559747,4.07378775831074,1.3591445973679903,1.409451295635266,3.327883256748742,1.4124631571318007,0.9192343312274598,1.9084115820018819,004,004,86,0.29520843720044027,0.1652831656492459,2.0812852953053613
1307,5.466781643958807,1.3755299162438361,12.554659417974735,10.7814666226807,3.797039115095786,13.115528770885925,0.9551611709920261,0.6927155745027227,3.8502550570754766,1.741422295984108,0.6197618327875951,2.8289097011001894,004,004,88,1.4239409849808191,0.08526649311790599,18.123830154948234
1308,5.2021817925181235,2.4528715680932422,7.302901721445481,2.5152111891152353,1.3988523765311984,1.4715552710536985,0.8543494719997011,0.5098333082606947,1.7003912928422542,0.39127480423151534,0.3258781037610564,1.5423449045688238,004,004,90,1.671706971756915,0.1321257863825383,14.324096921716352
1309,6.045088558035404,2.3740630206415525,9.079817262837505,4.97371794874332,2.0791470726190675,2.605997923901059,3.2574739590016573,0.9533003126211201,3.2826574989479824,1.5290892969677445,0.7042497036294899,1.9754562193126977,004,004,92,1.4049564814625413,0.17303150065021175,9.524613747238106
1310,22.164140804802464,3.0691043119301478,15.168057403884788,5.510663319194412,2.757899718929197,2.008580481920255,5.920537500333642,1.5188664571240014,3.5764560819054103,1.2334373152795641,0.4528048469035052,1.866378011009226,004,004,94,0.987743694700097,0.10976529050169423,9.986432535093147
1311,7.743527307930121,1.7180772158987212,9.67054810394044,4.955222950338444,2.7992678335625616,1.9010346928426451,2.2524902172373107,1.2753892226384758,4.706361468106367,0.8923292094118718,0.4033261496423179,1.2524242410336255,004,004,96,1.2683078004492083,0.20086846291162058,7.582428902711272
1312,11.795962318715679,2.9506998837194045,11.471435898777461,3.295946647016671,1.6188243753437113,3.262924643903287,5.083910023930379,1.546898270193679,3.7304136954153706,2.1179262154344167,2.1535253790901248,3.945226925386774,004,004,98,1.2615882177259699,0.20499703168181868,7.4157661947228
1313,91.62483175228236,14.163344968898304,10.999485600922743,9.132657519895599,2.0665568057520325,2.78326171692264,7.625961184738756,1.9935280518153187,5.2979627375321,17.42628977571309,2.9130259324213696,3.5067998803856315,004,004,100,0.210024981471983,0.03957081634756036,5.517597603357798
1314,9.668366219024023,6.55927515689253,4.804988094025191,8.758854874934135,1.504316518213943,2.61132161181657,4.092413037777039,1.7594710626932415,2.3395116690012716,3.6529232441532864,2.587743553617038,1.9360330904223964,004,004,102,0.4378886683745969,0.19096434060479467,2.730927604271106
1315,30.167354060521664,7.564193779598187,16.107916855712592,7.664338555725106,1.4861985261957291,2.1944013052425966,2.457791688036833,1.130746401055349,1.6490657988214834,2.9634564228648625,1.7692954439210045,2.0124307128868164,004,004,104,0.8035239249579437,0.059777732523114836,14.245384146859756
1316,4.1906633238059205,1.499103298143074,15.094218912378144,0.8903818147129463,0.6205632796270293,2.5742969424889095,1.2736648341148271,1.2128768262991139,2.499883340993022,0.6340795640251675,0.2654971631471714,1.6254241678534531,004,004,106,4.021479550041851,0.47741234066370425,12.444972634554798
1317,4.0589425847811,2.8439413383001773,17.165999984607907,2.028425875383838,1.2318363261877256,2.7498031719810774,3.633538486532404,0.7201688930200627,2.5636410532818688,1.7782774051361487,0.4525886663882497,2.5005873140747616,004,004,108,4.560751820851614,0.23661090920740804,23.836075330359613
1318,2.26733600914096,0.7268464172914172,10.324808223761307,1.2398000687588597,0.38107145348999194,2.446867741926943,0.82435939342245,0.4787736769953552,2.5458960927465037,0.32081111946536656,0.18087837045716254,1.4806920275050859,004,004,110,4.625102039715887,0.27302828653404265,21.56511253617118
1319,1.4578809637836814,1.4209773570964748,7.4325769206468415,2.8293658383466616,0.637630600352379,2.521320782619793,7.066907241746822,2.1607205698160574,3.10723359510511,1.257143158519665,0.6319649906413263,1.8074423725123325,004,004,112,1.7267618412766321,1.0079758266971661,3.439860306082789
1320,31.21771106470977,20.00205760737195,31.513033588981457,4.432682591603925,2.9723725007030564,6.752432534385896,2.9523392869073,0.7994035775076624,4.265323619194383,1.6568295170650955,0.8782926353149154,3.5528937444846713,004,004,114,1.692011259441413,0.04484683031633721,39.42068121239975
1321,2.0835640369610786,3.3761940839251525,11.079090179349866,2.2799068774998514,1.2283020492569725,2.096721743345637,0.8620959638805752,1.389030029747178,3.508409490408992,0.9611940862937643,0.327254967785118,2.0032903842243996,004,004,116,3.10272131277022,0.6366629029856985,7.976134383045993
1322,35.462757693640434,14.881279872976496,17.848774842532485,4.641484202100362,5.261390425049536,6.261868995384152,7.072186365569847,4.803067272426777,7.755017692701108,5.1761536764334375,2.1093166740793707,8.811573545359199,004,004,118,0.7181106288286672,0.2395291393321103,3.71612010204352
1323,10.070735204672179,5.7636398942865,18.564814449178535,5.575024281029129,1.6870102974016905,4.654015766606973,3.4898583355103114,2.3523358773927017,5.413402119643266,2.1749353753177463,2.821553166824417,3.21530679675887,004,004,120,1.8245131250333668,0.3006994808455935,7.892076394190583
1324,9.291386954918101,1.977370517679565,23.374953278812743,12.709916937017539,4.1596503141743675,4.894263270033983,1.9046234857048454,1.4425241455805198,6.149473862568955,1.8103527667520778,0.7217130073818546,4.131098881542341,004,004,122,1.8785359225679918,0.13113078685388846,16.20420243947174
1325,97.15776614433736,14.091384898841216,18.5290542857448,7.248902047825636,1.0953998481944047,2.5832977865801308,15.324168198865198,2.2420559647795377,2.615209390586627,18.12267662638761,1.619780877802212,2.2622516047101335,004,004,124,0.34032365761421396,0.04294852050355595,8.264313905102172
1326,7.511352215287195,2.7247989864628854,25.960787031396578,3.365085834703731,0.950181215714975,3.401185676568601,1.0146708574005165,0.6485217649893649,3.4009776375638583,0.9942995596038362,0.5317261648397358,3.173928418038585,004,004,126,4.265137604366637,0.11925260126681013,40.03071050641193
1327,2.8440038055989985,2.1430953818938443,26.633358588999158,4.146913890831081,1.7090988331250019,4.956691695448271,1.5764391883756526,1.099192322184802,3.2612745853852676,1.2628079319754577,0.34700012710487393,3.7149020787625195,004,004,128,5.796600786710307,0.3144629560568581,24.22993506364887
1328,26.937596548710374,4.402528769471304,14.760507698899932,2.4570527983351083,0.9875214427340302,2.1668429006255914,1.3129188676970145,0.6660158116698938,2.95069245519324,1.5765359879924408,0.5763829464586054,1.36068957152161,004,004,130,0.9607616073552675,0.04531544525717136,22.162398309870575
1329,1.6462466696457245,0.9024305691607587,15.848429788251146,1.3819436232067535,0.26334524656684305,1.9222512181395741,1.9537705170786317,0.5962537189305896,3.294691500812042,0.5990443552902895,0.24601590270203802,2.513750427959987,004,004,132,7.509862491655574,0.3938020145814112,26.58000996065246
1330,1.6314903983266031,0.46001943729785466,12.93918836061357,1.283802110336893,0.1867156223913557,1.6373780080108018,0.7848109085135777,0.28650127072259735,1.6142422587025957,0.90984007492467,0.11495016180127583,1.7331305308638907,004,004,134,7.418631838617207,0.19655061704524646,45.162760807235095
1331,52.927092416008456,18.41720583096241,25.524501695931605,30.324976221781,6.082178172609273,10.488356552619614,3.8195746240133808,2.781889867249093,7.440720473337262,4.439647787294355,3.491884051584272,3.8168765135202514,004,004,136,0.5747735829520213,0.06683052836446514,9.175238026648348
1332,5.3108772497880485,1.8151602130463478,14.691155088397641,2.4902670653584402,0.5809204792322819,2.4731189531123747,1.7752277312426168,1.1959244616475952,4.174468487730502,2.0290328358438665,0.48110720711095034,6.046557742979029,004,004,138,2.882598809737589,0.30660231713073705,12.284350357846185
1333,2.3757674296345224,1.6045914885576629,7.0453754925520755,1.1853951432909857,1.2870618766637183,1.6215778716559532,1.9782833213158384,0.558123173515402,3.4299146676811043,0.46922334925444437,0.09893037169225774,1.953187151037961,004,004,140,3.0125121036532683,0.3134499827436419,12.6233344660749
1334,13.914388626837905,3.4246866132330487,8.453752197246674,5.102144484960293,1.884701084658471,3.14981554118372,4.374496961297325,2.068373719386382,5.264914636790365,3.302441215827538,0.6217858947678778,2.228924318413649,004,004,142,0.7302422806808864,0.21753425897627215,4.087149298993522
1335,17.38551031105959,6.682387712623024,21.04007470785818,4.5421994259532825,5.6168768225656525,5.756853649863316,12.311738296410876,3.3237273617847416,9.802254542711424,5.907912979440747,1.0447003558743628,5.073693649774841,004,004,144,1.4726126764296767,0.3031531702715361,6.330264915760207
1336,13.143220362219619,4.1886538333727135,7.055099267489609,5.610832287234771,1.047443945657291,1.626983035649682,12.137103061591883,1.2390491151160576,2.449389979581537,1.8173171486028004,0.4909300747642208,2.6563175057411557,004,004,146,0.6645675520551668,0.13213667875163027,5.69396255678596
1337,18.873560093868896,3.1517644871111963,10.198289518768453,4.119036291581742,2.600811220977829,2.87464810752603,7.430078621759188,2.856587733835104,3.893740491634418,1.8212798809558786,0.46978184838107206,3.0797761372098824,004,004,148,0.7105392999672789,0.2484789178174509,3.5700949765952985
1338,1.6805294140953444,1.6088451133104424,8.795252953725193,2.8293159554903724,1.580306984567621,4.918518452827051,2.5696764135921573,2.268475908649034,8.301029605045374,0.8292350434521844,0.9765399056739703,3.922781399053733,004,004,150,1.944390433882328,1.006010504904482,3.8771639232276924
1339,3.6457163740541185,2.615794535298087,12.20622594324182,4.2341358908289255,2.5541091925679,3.8973373239710836,8.639575703519741,2.3313167292032624,4.167100941315892,2.430086352495615,0.5254117096174056,1.2716303949824201,004,004,152,1.94638067964098,0.5917158471594428,5.2357647463085595
1340,6.415515756156089,6.860717171318949,21.086871500870217,5.9875182833718945,4.9027074046137535,8.244684009065853,3.9086079806557956,5.486016572806906,18.351638606671504,2.4040044214486738,2.145032892990847,6.775744950233044,004,004,154,1.8042191137977943,0.8846249321453422,3.843749143120283
1341,10.297517741816733,4.346260259333009,15.121456647208838,2.812697881452567,1.9712584318783897,5.619430156835804,2.298824546593292,1.7380785730595996,5.283443093138006,2.202139524630288,0.5719755870363639,2.4299139180167275,004,004,156,1.8233590740365748,0.26514873942648,8.700099570636796
1342,1.8924399166536454,0.9074830330490342,13.945021985451568,2.0416941217259463,1.372621291159788,3.5168844494067413,5.0485046367066335,3.254972237493121,13.837568946938987,0.7655248970417822,0.7367830316116906,2.6312801053978125,004,004,158,2.6704169195215055,1.6547337766019754,4.284221482697374
1343,1.4046113789051342,0.8251699364417207,11.287986818979782,1.5014957651964873,1.7593376921525183,3.123223052964301,1.3174189458625762,0.8091592942590087,2.302216157508832,0.7822450038234594,0.40567823163293437,2.1723293054505888,004,004,160,4.989798699798326,0.5568681773494265,13.950265292715704
1344,23.235065803811906,3.0744912919261207,6.256063937200025,0.6480626967811958,0.202908104243802,1.2794255393995269,6.549490416893802,2.202809029975898,7.798217481597095,6.488658910574227,1.6362185820996498,5.025333934325127,004,004,162,0.4423005398143396,0.18446570179624452,2.8400391736493273
1345,39.465048106504064,51.89558219304499,16.270097429769663,10.58826416803673,15.46174948209876,5.295039214413398,6.567701696660667,6.361401409676461,13.505982338888213,3.6521366925885745,2.0698126472994014,2.761820957153504,004,004,164,0.5183531158446048,0.25418503274206433,2.5576278530420793
1346,13.685953575146643,24.736251454827915,22.71705695265523,5.987463273050828,5.47693790735267,4.336213014824274,3.202877711444832,3.029125061031396,7.229139925782118,3.1656865526107145,6.348138760569503,5.76935885658898,004,004,166,1.7656887118048583,0.30794092194604544,7.499544091098118
1347,2.4522580305636605,5.928224576863531,6.622766566831689,5.860772303951045,4.171590604941025,6.870912295692981,2.6969658847817053,2.645856166876082,7.373645713537,4.526754700725693,8.552390109239232,9.604004163934615,004,004,168,0.9735967417126271,0.6365563604142774,2.503071274146802
1348,54.90712368387408,22.986224427257884,36.81159473173398,6.537713183016615,4.4394340664853,9.420480135759497,8.31711764173215,3.3778027792129888,5.482262731364332,10.166896630305473,2.471906821522417,4.482300067025126,004,004,170,1.0795119041066266,0.10994586205934267,10.898088828120066
1349,25.718200641222992,22.385405832255636,63.62206417156234,1.373603014705759,1.6511983482867922,2.650248814859303,6.947198412824397,3.709539970227988,19.29122266373394,3.240096884392001,3.4149084722945284,14.150895509304412,004,004,172,3.687072456077434,0.2738496127714402,17.15093102707615
1350,11.22547942275445,6.407880487062675,17.50432899270947,4.391400984426999,4.2656807762249995,5.7827004216246625,2.26603594856031,1.3921096876286332,3.746712662181496,2.323580353844242,1.4940849331079944,3.6477038636449803,004,004,174,1.9025307399740217,0.17828268531639252,12.573958178918314
1351,32.5338176676366,24.335447259973222,51.67481825736371,5.5138667880860535,4.282048584916705,6.734634344464727,3.806085853837715,2.3053825714561658,11.753332291442304,3.3524052653895726,3.17900341702114,6.0721151507819835,004,004,176,2.4227236921905027,0.12118385675422721,22.414855953701412
1352,15.041187122069488,6.188858033897285,19.219682203318875,1.2405512773377052,0.5585630551103937,2.40307934484931,2.925169355615045,1.620480011441815,2.534186206241598,2.898911176871634,1.117908173412812,2.484543789145909,004,004,178,1.9689575475257082,0.19905491314131613,11.860487057917023
1353,52.46146729226271,17.46674865192773,52.27949632132575,2.458446668338922,0.5920364683455703,4.333160687313994,10.892044134913284,3.3255508736937824,7.5244053315878325,9.01898626730765,3.8896748070351466,8.052417354206677,004,004,180,1.698185281505505,0.12110546553585139,15.720552265452927
1354,5.573377821396696,1.9733863920800916,17.22323640531215,2.0035110118572836,1.0116018755559144,2.767433709060279,2.0673733942073675,1.0731969837508908,3.6477547083104076,2.8045915301456787,1.5108548451999457,2.5461333522794583,004,004,182,3.54267931073103,0.2832817023897114,16.048532250916193
1355,67.5919400243856,9.090881491008313,27.434527202882713,7.9043732740079236,2.9887803237592077,4.214750461240415,9.42384910166958,1.7518368246229674,5.818531074597889,11.444994225958592,1.1345088838387567,3.2047827245834384,004,004,184,0.6945451072306149,0.04640853965143871,15.660435274151293
1356,2.303766049986571,1.1726172743378054,18.658418799389885,12.167299746386623,4.18137609869555,8.742921014208067,2.5532684343554752,1.2884299541696103,3.455515585378019,0.503573801706737,0.5437782165538848,2.4464337531370246,004,004,186,2.1889371320092383,0.17806980802927763,14.481515847258603
1357,4.2652278226748805,2.3889648944133834,15.299413965409283,10.45137217248451,9.759057411505955,8.941678481220663,3.3358661224612747,1.4679127959689826,4.431379559765248,1.275202843566934,0.9001853292721274,4.11230425462203,004,004,188,1.733406425074189,0.19949075145778386,10.422563252682869
1358,16.52073213945595,13.382149062978089,51.824413704103655,13.962668835463795,7.062793185432624,18.747348085905557,6.67621406324004,6.173525176859912,27.14639417219134,2.117647060263616,1.840863718301878,5.847461208844894,004,004,190,2.4199798085924007,0.40504175908319334,8.39462255671297
1359,14.49794535876273,7.004241819167583,29.99283270914327,4.157526971917439,1.3484011360084986,3.5755806345255277,4.653363411271868,2.659748777090911,8.285444616607794,2.25584320224165,1.2257882411959002,4.788787941926856,004,004,192,2.5020121279135377,0.2851440831885856,11.276566030400737
1360,8.74517086671116,4.028039029756211,14.751589417996174,3.37117459428673,2.4031324844363944,6.791356948987078,1.9443233723193447,1.154040980808533,4.050407445428576,4.015265721503044,1.5747083573629292,2.672411676495594,004,004,194,2.045362215885018,0.19049324476977852,12.782552494505921
1361,8.4924829613323,5.00932996730891,19.468838331585147,4.820516430755448,1.8083080573012271,13.591919808612435,3.4021413836197905,1.9906288588291798,11.10705981272007,3.4851213867755084,2.3664458106600734,9.533843870999384,004,004,196,2.251480154138979,0.2990503943104303,9.780245194996347
1362,21.055496271229785,9.121146187404491,20.401094578923708,1.9479179988360893,0.5210281342800228,3.324517933897434,3.093249169101064,1.2674388152358733,3.2092524642719265,2.7329880400413273,2.5530879128867374,6.596786589372393,004,004,198,1.5976866940340855,0.11019571271949655,16.096315130704763
1363,5.181302624985246,1.6100049542605488,14.810218463691836,1.2649854467143808,0.44295215296109214,1.684535699434634,2.0816415182602093,2.2878692071634745,10.201214010529652,1.9972055499769779,0.7636106781332574,4.196347866177616,004,004,200,2.687385751153443,0.7098253077480776,6.473367628411638
1364,3.717972526122797,1.1773310344603192,9.105618106047054,2.6281610261012815,1.8869961433704077,3.9396303449425254,2.24174653454853,1.523319905219608,4.155094139522792,0.29388822268287784,0.21486458501887645,3.501345791840603,004,004,202,1.9388561300206184,0.48007811139926054,5.9774825201501915
1365,5.115929010767159,2.1236378672015537,13.887515591456172,2.8119073374471686,1.4616572461661195,3.776259401879174,0.7725658589203903,0.4225222947555225,2.638918148884188,0.6668974768825078,0.5621343772445713,1.184074757463218,004,004,204,3.166010274170419,0.10659208293336978,32.868124981408826
1366,26.675914753513005,9.925239279302374,9.421257214591119,2.059705788552389,1.0187707840861613,2.5141271967295293,4.3531189332462965,4.13750603781193,10.277015258570307,3.662804876999658,0.8049433895851595,3.706553287261147,004,004,206,0.5091108445462358,0.28797053689897756,2.2770376957742005
1367,670.3402664284316,33.259602460773934,41.525118674134376,104.1077307234413,19.351431492013525,29.762766960133447,42.790658139944185,3.084504103903577,12.883993894335296,86.34353241562698,5.519015245069879,6.674266081200392,004,004,208,0.10639050491860887,0.007965684242834168,13.462494221221004
1368,229.78116124701432,40.823647475976315,73.19560024841634,23.48743931529911,4.143689324368477,6.412829667362541,20.14031195543074,4.338551257250394,16.507964658795558,55.494847706843174,13.287526584978833,28.63639925396141,004,004,210,0.5588608584806761,0.03426047482884046,16.87097740889775
1369,33.15277990319714,29.32837269583596,47.89481988583818,10.22443343124746,6.553285323657283,4.199626719803903,9.05360390957577,5.842272004392781,11.316462198846033,6.701535786627578,1.1904975277781726,7.0919182526169395,004,004,212,1.7396763996210098,0.2693705545051046,8.19797843199123
1370,54.737022406489025,26.714759518141445,25.627507681150217,19.76090106538037,9.393952358257412,8.415682254077913,14.776599862342213,7.953288002715675,16.06605949951479,4.947340474987869,2.712541072109711,2.411053138348702,004,004,214,0.5669520395405742,0.21351703865192584,3.2222531954582334
1371,23.931593311621164,29.540540860613742,16.864689704742727,20.338258299574942,12.959074273688199,3.809531661085596,34.80472788036705,26.42682520922029,23.970933062961656,2.3430570831274844,3.648761146629327,2.626455573611162,004,004,216,0.3472833938709616,1.193897166916945,0.6381655598516107
1372,175.7979267562124,118.7377706960356,34.13562773814986,121.37264740117513,17.177848849163656,19.75955170345317,34.25514800278232,11.868139949185949,25.725465255652473,9.897806075998979,4.523584748121517,6.423165923522898,004,004,218,0.21274477192823432,0.07987426065206808,2.876240749123561
1373,49.11491095366237,83.83910478050538,41.15661940855411,7.9668245470157935,8.757118058904311,3.883737967818001,4.8185042170761,19.53230006596031,24.578265996799484,3.0346320923787204,2.5390570895802216,3.6044643671991796,004,004,220,0.8561245550912041,0.6843625161231566,2.107105628603327
1374,4.24101441997654,0.7129556899562837,3.5905213687950432,14.09581322844885,3.274164087284407,13.455092443844459,22.513806866514834,5.463669294188957,19.613352488182667,14.845387090252682,3.5864022773346766,5.92790620763158,004,004,222,0.2453868898734944,0.595923067931342,0.6571630117902352
1375,85.34871619340292,60.54898409819126,51.88163345261795,10.051173689658828,5.163019098952831,12.940411651962691,5.291104735520906,2.48125276533483,10.907124583222393,48.886141435371925,76.04431650359243,58.46057122130969,006,001,2,1.0338859139171084,0.05201793772249158,20.909451135913123
1376,12.52107511078933,9.054513982027107,7.567373264741372,8.308699681663075,3.3373667642846296,4.473531241585137,9.156361865122276,2.9743563925592262,9.030666024745193,8.280060272768438,5.61820621119086,5.597948878199295,006,001,4,0.5651830218432244,0.2855869947894947,2.5442052888054127
1377,30.79602503961847,2.832587295808948,11.656077673625347,18.541706120332357,5.352462115900213,8.35615327637537,4.779915136254672,1.7879489407746045,7.511637952513238,19.858590641637146,3.025940256279948,6.843909288308325,006,001,6,0.44056995843106933,0.07247795546082775,6.519245269149303
1378,33.278507461443695,6.394262403625159,10.849643613840506,9.43243218275105,5.911713491258781,7.896892731631857,5.866110830252036,1.331014768690646,6.958965572917054,19.81237535397602,7.385445516528634,16.46067392921022,006,001,8,0.4782426105032627,0.062326644170262686,8.151407384092051
1379,4.479418248959094,2.9845379144344695,16.53996831701606,5.062833558844176,1.8048796385134436,2.884080297332845,6.10540557904401,2.3900491228689345,7.912962393854909,11.39406773899131,6.041961319933224,11.424212571400908,006,001,10,2.3096724008538843,0.500940275106647,6.920346598216375
1380,17.552122543011336,2.928232404825031,10.484047734435881,32.39475794920854,5.247636123782473,13.293206289320473,7.6884235024999406,3.5432964981686994,3.7899618065331424,47.067732108880755,7.440102480764074,10.458032141786033,006,001,12,0.36764542270213696,0.14188259459850075,2.95884009138225
1381,2.1012721203503646,1.9144207212286868,10.08224609825006,7.842392314337147,1.9000373347612698,4.388203973425909,1.7654921372168033,1.6629577035559384,5.347153500023837,20.58739656593296,7.179755606100077,17.7719653615903,006,001,14,1.5196029141014433,0.33447582920334107,6.062839768378339
1382,14.921237559613491,14.051765104753411,46.1612724972822,62.14844210734831,21.00683461942745,77.79388116414056,8.160066627027934,2.6684872769067987,7.553272198264352,21.146998175618478,10.982965168934959,25.24337716907935,006,001,16,1.1203287631023504,0.06924869257113896,17.29866688770218
1383,2.1614368514231095,1.6581513408567978,5.316607714668231,40.44201001035504,25.665836766430527,8.892088334070223,4.348796451807993,2.975044030593728,5.600098928614393,11.389645807053283,4.316779864675166,6.867452734399965,006,001,18,0.21899982042928448,0.13966212828956806,1.7870685811689309
1384,5.259876218665937,2.4594555000967917,4.75448740047992,25.548680863338866,5.394628866645121,12.732701994922177,3.6748940015749385,1.6156940797126464,6.01481774570035,15.68361466030548,5.137010123359802,11.450420494841408,006,001,20,0.27934753518306027,0.10488605976658148,2.9426903645803493
1385,26.343236689370134,6.222088522760938,5.863864692774911,78.25231787717996,15.797570012873331,21.46542800029927,18.59275924947589,4.886539216121349,9.149178743115641,65.27315705258384,14.521731710985465,17.5500662526625,006,001,22,0.10254323303552655,0.09343684320756164,1.200003608572143
1386,12.772162278544766,5.698807488978726,9.803972239318611,21.360155458663222,3.6901467274040067,9.61324266929852,3.029299032684767,1.4072110375234832,4.848292023959027,6.77833156837867,4.910373335879379,6.567557961794913,006,001,24,0.5307083812611098,0.08245622511532337,6.966952346090452
1387,11.186945547108401,4.031126014791212,3.7862511889337953,16.69982911981949,6.513180102981037,14.035789163645438,3.9684731385219263,2.1800136104996275,3.811411546515754,4.546880027208966,3.179499345280603,6.860002416349736,006,001,26,0.2348295624535298,0.1563474899149953,1.7368016285302188
1388,49.4076195541684,27.78623990483223,52.47950028121051,123.60513436069323,27.001481145746684,13.174148490989667,2.5514267629656935,3.8550374363726547,8.79487323344814,39.082651228015976,14.544705591477268,36.60778819764859,006,001,28,0.580773338191675,0.04456362145729085,13.613227146917252
1389,30.169504766970583,5.377971156382414,22.085527711612333,100.42943964444746,36.765837972182474,86.73422423477417,6.776931395380625,3.102270634756146,7.365853883904703,9.65613749786196,3.9072427978212785,15.755226297154408,006,001,30,0.3228796050288203,0.04750835695858687,7.119149265759776
1390,9.87913059236274,1.9187140859330123,9.166988985651114,35.01064744955165,11.156335665946619,38.236502779650195,2.324802274980485,1.6003986556990162,9.01109706911522,6.900574264151239,9.02029063006547,23.7966958958628,006,001,32,0.38123848252190656,0.07130347823082107,5.727940943344014
1391,18.391964291552135,7.218779176685278,36.38896208624244,21.735694147863807,17.024148869199177,50.45462926047771,6.458337157189189,2.008375679765689,6.8452799309291725,10.406513099323398,3.475225885331139,20.478148830352083,006,001,34,1.6486328507719763,0.10009932091093234,18.118603233876954
1392,8.129540640101112,1.321468273155845,13.017596474603721,16.519264347936954,3.1928079269013088,21.611065685318312,6.291129184622904,1.5935548229810073,8.17289210865639,16.24597412787794,4.253206401159594,30.10204095408937,006,001,36,0.9353094120143208,0.12930077736055368,8.168904067104613
1393,20.280280248565354,8.395053990445764,43.38691150413801,38.60802328138874,23.40275973152088,93.04797892088223,8.145347554054771,6.3384045046582855,6.0734296390760125,15.032423606473747,13.840213920089933,13.810717910308583,006,001,38,1.21251570673713,0.21526870786604324,6.845084038459782
1394,10.033250833318156,5.720517365670318,13.594497017149484,34.14988000177053,4.076413308082593,41.69758525681726,7.1205223892099685,2.088713538064945,18.150792142860734,18.886382327044615,9.75585214645816,32.43826129266439,006,001,40,0.5622142342570395,0.09454800954966107,6.508550248467239
1395,6.2370620609350045,1.8862065248109332,10.773797319145011,43.55421348371493,9.023870180585448,21.745549600639247,6.3595468525434296,3.023265729427303,10.694816987972654,3.6538752047618384,3.0488712194125904,25.936768156384566,006,001,42,0.38589614805140243,0.12143756898600491,3.56362896396338
1396,4.4280650332127935,1.3270646644868567,4.07047301048856,3.43961720831456,2.414353999170755,6.3553081583827895,1.7716912453518385,0.6430963725699461,3.8345546370109997,3.373922214713157,3.373724079518333,6.520322153056005,006,001,44,0.8893442430483842,0.16347797301104572,6.329491479204132
1397,6.339950199901934,4.545858976224099,16.3826774811854,13.38564251447428,1.8114497834243801,4.021297779830391,5.0868396496345385,2.924338666623353,9.193386600648411,16.583364593428303,5.475941866162248,18.473845614666264,006,001,46,1.2811843662148346,0.29650198186359844,5.602182014062684
1398,12.660827263571525,16.948765217103944,65.62231396612215,52.31649856706805,12.371691601935485,126.06081766085273,6.155241088048143,2.153637438402684,10.192878618088864,5.926659245895197,4.286498782226036,16.85958572265351,006,001,48,1.8942828073214468,0.06628889111306432,30.470455609646667
1399,4.598856007916021,3.1004371195133675,12.565229526537138,8.149057203670806,2.6045169023270613,20.68412622711249,2.8749581902228005,1.769947255525753,8.156133640680924,14.947512605428866,13.491223825161436,30.846003703868426,006,001,50,1.5429000317916075,0.2776842336700274,7.099211282883515
1400,1.6600744857130287,0.4308663657048913,5.15934374187345,15.818393440659362,2.6476547988644312,5.4413770987395,1.4832205973576118,1.0806402642130633,4.336580311521804,4.929009112322364,2.500787212535248,12.74920201199362,006,001,52,0.5253981489373796,0.12365388874645461,4.774339725006039
1401,13.868519459128244,4.529142244603216,17.672421766326984,9.836025251752606,3.850354685979669,49.78584125746998,3.3802250977008352,3.150043655594539,10.324163036905915,13.9781668257145,5.396746019711326,14.94380281013272,006,001,54,1.177979570176233,0.26577550372849873,5.610214872717849
1402,24.70445205222559,5.00494862018874,7.404167133290711,18.965559661028866,3.5551796041290693,6.164861809379159,5.799454209943417,2.3724741893899206,3.88730197146156,9.116817591774062,3.9643337471468127,12.341385078480783,006,001,56,0.3058627795712639,0.10865461658073436,3.1208630915368083
1403,23.652813398520884,6.397721881672207,37.73075124664277,30.339895776921708,13.523150116786047,54.13148400330697,7.720516651837606,4.834770737456308,15.771087025482398,14.99358922006699,11.276063597515174,56.95674836583574,006,001,58,1.1853414185391276,0.1790897627213453,7.804041452127644
1404,11.436073276852852,14.112184841852017,55.19030550678603,21.41212367127124,33.0852692255905,99.01227722374924,3.3171717102549367,2.365004331915583,4.352610015093609,5.794620036423823,7.712745250494645,27.25964152661337,006,001,60,2.937357151999169,0.1439959907480185,23.336238653771737
1405,4.944011837439382,2.392511306487171,8.79150905240121,7.076290689354732,2.8022389923928737,14.691710948112927,2.941513612642055,2.3710745959098967,9.120969719631958,3.787216076755823,4.788035645281484,29.185278014024565,006,001,62,1.0489526472596673,0.39451163406654727,3.707816307241688
1406,15.481927810932563,8.358814212020508,24.74356330648115,19.474435894762337,20.80161541496239,37.230946428956656,3.9158443035830643,1.882968568947001,7.023844577169028,11.774333744477014,7.984535088963369,35.7592267608174,006,001,64,1.2780006749303403,0.107732519595008,13.14072030438528
1407,57.929381364729174,7.761644213020534,14.188489771839816,7.885815074737758,4.38162177259497,9.977745183073978,3.6778284898073372,1.4957839673125766,4.054559200734808,34.40785374708882,12.714499486585815,44.748674887017316,006,001,66,0.4124155495729786,0.04545406071038057,9.485654400569478
1408,2.2708646643098382,1.392521547154168,6.2745042205482875,16.399663617829464,6.426710983817599,22.792366027991072,3.9983437792959355,2.43122645196322,5.330327356541007,3.831159933326313,1.6003413843997212,4.7838039723961625,006,001,68,0.5332519642061775,0.26043467171617124,2.5807979406778885
1409,18.962651030194387,0.9862144823324134,5.562898808841132,11.08386466166061,4.076687890124868,8.392043001596745,9.485669433131802,2.335829709386275,4.953398218675712,6.387164208812582,2.7981770581655603,4.826695488478274,006,001,70,0.32046032322351403,0.15548090389858224,2.3815515259897735
1410,8.05603170583771,6.619448822979395,25.25810083345246,9.878717458142468,10.809540552624725,48.9744686371752,2.338021329062249,0.5705354407860339,2.9828368913988674,4.392338291301416,3.496070106699264,11.137889910995082,006,001,72,2.648179818549052,0.06362346476881726,44.270870883417956
1411,7.605857929374617,2.426389706349889,6.9002201282484465,4.090807420997705,4.45613105586874,6.658033376959583,2.8180722428692553,1.9959640436335013,4.468608893055682,11.01522859973175,2.6120523288574136,6.295333854984642,006,001,74,0.8796480265329292,0.34128770617002685,3.4570863890349037
1412,27.89139399999435,12.283371572467765,22.394652610752182,10.475276230243226,13.101859296174467,42.29244818794762,2.7155713058765585,2.831884576367507,3.556269893960633,6.154264277035011,3.8694472621667995,13.781234637296125,006,001,76,1.0172350276119488,0.1476221188533395,7.908038624751463
1413,6.1212952563304,5.983285311940092,27.038003506092544,44.07790746745022,13.751248885837045,24.416584984300236,3.583238822146451,1.4951422764636386,6.0428698856489955,12.649068243141983,10.066068542996323,50.551400812416965,006,001,78,1.0166671983669489,0.059568367437650656,18.0839000620354
1414,3.00691694040718,1.9428582050779422,5.702763668172966,2.3066137666615676,4.079529693084422,22.16266710379278,1.202404433414336,1.2816603069943575,5.182834836428049,5.5065222015175985,6.499885103020839,19.227034669476808,006,001,80,1.4479805281908948,0.48241381395964333,4.449512586955751
1415,8.318306840148058,4.433611162818659,16.937519458617388,51.4744814894274,18.61247883641351,39.15322103129282,4.785983211758024,2.4435972492540547,8.39312015725329,7.184045534376188,4.1499395884208194,29.581707946572358,006,001,82,0.5237329608956929,0.08173551752713201,6.931387512319317
1416,5.415462421220852,1.4969840496078501,9.310635639951899,6.56105064289623,4.925861825810391,19.644732516301733,1.6884724096218426,2.1920499629925683,3.7166610187658233,7.80675138230381,4.05275231757663,9.46628156247723,006,001,84,1.1381768697278778,0.36605812580962066,4.247455941761974
1417,29.615479447179716,10.091828146049135,29.825503106806437,9.304017199488335,5.957480920915975,41.66412305740616,5.2632930193004785,1.8789332847550777,4.492744846499753,10.076102649705158,5.634226105636438,19.916355118392836,006,001,86,1.397720049185238,0.09655486050156487,15.873636040618784
1418,2.8741873651808625,1.0408023317567836,10.001285505901944,10.449781179986573,2.193431825653534,16.730503731605552,2.3100737273239984,1.3659316712640137,3.9928762879295934,5.909878913762997,2.94475623055822,19.045767992396893,006,001,88,1.2458134310146238,0.20503375801790422,7.321951541431715
1419,6.920778763467213,4.5649423416290755,29.398910710036258,7.050204648516628,4.774734117829102,32.508320556378095,1.9044970827556598,1.6381120504940563,4.6906438950425855,8.116343759417608,6.233512329227248,29.632963920496806,006,001,90,3.409121237501755,0.2345020392893658,17.94682524993911
1420,3.4505287472976116,4.742273861432771,18.906700591589065,10.687406984355931,4.853819481065515,28.931571410441357,3.2715352359537944,0.5540019388454754,3.3820788920620037,4.037760164766287,5.33541859274728,14.933701221546011,006,001,92,2.480227664026798,0.07837097994512959,34.127498959642814
1421,12.369328427396873,4.429395055192421,11.411943591798165,4.73118344097557,3.110847571630992,7.05187165693192,3.862927187564722,1.3515346564669686,4.609641747879734,9.680030507733145,7.771956027660255,26.586281728436802,006,001,94,1.1525131224821585,0.158069497202203,8.44369290657333
1422,21.689597960638615,4.568322217534201,22.451958822233582,5.1436700516165645,10.226394524476975,25.68409461297746,4.48521878175317,1.4766299282057356,4.268274021010224,22.268881658819314,6.684387205098231,18.450064319285744,006,001,96,1.5075244030608534,0.11005964145189735,15.20486507375286
1423,24.44636019545696,2.922754677973627,5.70159072369216,5.872247541825718,2.1639263387595,10.569117455966577,3.2314377553710276,1.2852458601027255,3.5695438182054047,5.120001054371441,2.9280987815546435,11.07001168075046,006,001,98,0.34671613499554377,0.08478264379681678,4.4361868033844125
1424,4.790001721928176,1.7055507946646404,9.454881076580286,1.58455945554271,0.7274736684887008,5.118766862753509,1.458472192783526,0.7945127573560034,4.173228351185749,7.5709306171629125,4.365084106809595,17.810215030672005,006,001,100,2.374528322988248,0.2492760631630575,11.900225627646863
1425,2.093813990622497,3.4824953888910235,6.84700343150271,6.097989905010133,1.6092112626209616,5.0596945049258775,1.5790662800082367,1.4534554555678232,2.8615534265307856,4.594603519984185,3.383601558979992,8.654605328241672,006,001,102,1.2338371695661978,0.35485601806037304,4.710845045352823
1426,7.672207889224326,3.33978566462814,5.560898071853702,8.630058064912248,2.3799471979146185,11.215922459268743,2.83331609617731,2.171765202538448,4.12617567735041,8.247372680479439,4.079559521150791,12.478064724558411,006,001,104,0.5386954298202283,0.26643721905265316,2.5605429469787513
1427,3.8251431909183404,1.030159663458963,5.057235412897612,7.035713918516938,2.9056299281512774,8.348178548650502,1.27150451485521,1.3677697367446198,4.305133669854371,6.903498514302383,2.5994046221556966,6.510625611076605,006,001,106,0.7439081939179247,0.2518714173223734,3.6974318681258134
1428,5.509724993386861,2.714041872087103,9.286701846165618,6.0263302274727835,4.586969081691015,12.872077342175158,3.110472078324828,2.312796008772755,3.090481324702679,6.315199811573165,2.3863266633866904,8.912654146648224,006,001,108,1.1492271436413357,0.40096826245954986,4.015357087672183
1429,1.7047668029591994,0.2859501832035337,6.522847328629762,4.946229250695513,0.6364936273400821,6.256531146735404,2.8047746835159666,1.2405190337034733,3.4440173938609124,8.281318309665956,2.2018909575100523,8.337608248375156,006,001,110,1.4285639414302669,0.3730325574383133,5.258159811668756
1430,16.561698792872356,2.928784739049479,4.9807548631754806,11.329584083873076,3.6548914989733086,10.506121583707968,4.105686085328875,1.4076140635286332,2.6331037870892677,27.711281743802516,2.5636121239784537,4.905133551999599,006,001,112,0.3244103416737032,0.10093577048779223,3.538437837634011
1431,7.561222253144191,0.5941841821907996,3.068169683391738,7.714639208496063,2.327053698908085,5.47734664153731,2.065804073315001,0.8455950490119621,1.8079164164448593,6.5030334887411225,2.6537961184280463,3.71995674174572,006,001,114,0.3616620922736755,0.11070996567170568,3.6284149096860836
1432,10.562503631434598,2.5783262526261703,5.798381436491452,13.295671583224195,2.827677687995805,12.269461321448812,1.799818558846503,1.1536564175645578,2.258063320816393,5.464643025659669,1.9258243768485914,4.827867757064233,006,001,116,0.44320835334378195,0.09670952679195141,5.026090392434347
1433,3.5631102039381823,1.319021375659465,10.930108143424814,19.544779847849128,5.031372638198718,16.009380864593464,5.029772361058594,1.444302805822222,2.9528432605395034,5.142665008882004,2.2969027906131547,10.651218441272958,006,001,118,0.8408908865974398,0.1250051651263167,7.567740019173092
1434,2.4599802872341243,1.599477391767707,10.657582256386167,3.0861988379666103,4.050978922282541,10.117341842193142,1.2743169192404333,0.9603175067255911,3.725626539598788,5.377209868509138,2.0987491279324275,11.950446891150847,006,001,120,2.854653151527439,0.34629877075628496,11.097977681074964
1435,20.836378558424236,2.327852393145923,4.605850175836066,10.896821481973422,7.58480409220731,8.640091386599709,5.936645821073261,0.5134759288668345,3.063645442914162,5.834454678741921,1.138996204210164,6.285924154709467,006,001,122,0.28118613064787334,0.03236206422378825,8.969943705054485
1436,15.064198410850587,1.9035690883987402,8.822629823574653,6.890112160391068,2.3351397203547943,8.309058970158812,2.9980310803048895,1.6025224646310923,3.2446410245898916,4.966232700548375,3.0393299573655486,11.980620961745098,006,001,124,0.7013398911111193,0.1459870451801174,5.50546405326409
1437,11.949841459499357,5.669224252985643,7.646653345905438,7.035887918442297,4.907208905946944,9.348769480035454,2.667821717437575,1.8138552529336578,2.5053828552403035,5.751361616594671,2.248466852158291,7.715904988228507,006,001,126,0.6762928050924598,0.19107564601032018,4.215691044551677
1438,2.157629774231662,0.8623202554842375,4.570525251216609,7.171697344045315,6.40897745115467,4.717353255478996,1.4749817617592837,1.4648888479000837,3.1580751470966724,3.6005306251101654,3.1899524515276103,7.618999035990273,006,001,128,0.7456539968511028,0.314039550618873,3.120049181730376
1439,13.986681034527077,3.0578966699613495,9.661342541036875,5.228881099957099,3.1701790305390194,8.714351437517129,3.9604684225275455,0.8645553638222608,3.3133404249083016,3.648508334741892,3.289423249297496,7.655803917726979,006,001,130,0.9225584571918638,0.08998491511947318,11.174926378714941
1440,5.296902591003384,4.477618067720865,7.301141155987944,2.774643929593026,1.9714131181340333,7.575556074635646,3.9377208246307487,1.3032979689084399,2.752837485531471,2.966809684427938,2.303432335857189,8.1110148009053,006,001,132,1.367492742192325,0.32293637051654844,5.6020505902444695
1441,2.633832312835981,1.2316836850312913,8.218244355559419,2.608114285285534,2.9080991760853125,10.216807122332314,1.8213970008425986,0.6722206414429353,2.329854092080379,3.8652419289837914,1.8571761462030782,9.706608263732939,006,001,134,2.4955239515296936,0.2564774855523441,12.225516220267783
1442,16.890912033959466,4.006868006780857,13.315811808485066,5.419495153312274,6.262219217189732,13.983215362755931,3.5666025253649183,0.8350612364009065,3.320252463005427,5.5259749376794245,1.7856633906650765,12.286685924530572,006,001,136,1.1105519350271282,0.0748584487402198,15.945910584804402
1443,11.154349675332977,1.749213393015082,6.331499479015184,7.247733918133898,1.797657375078627,5.184390101220547,2.632225829770569,0.838577096504834,2.9374389489825337,5.3102533699348795,2.90880299804536,9.185391246368944,006,001,138,0.6306513769441465,0.0911393638927438,7.550289061559989
1444,6.719402174346279,3.604418132339484,8.252763427821652,3.7138314940442503,3.579563299243147,9.492439506750564,1.7007442424128731,1.54191979778059,2.542088639964253,4.698928182777977,3.489681134817339,7.330013377552433,006,001,140,1.2210873266227988,0.29557850361429744,5.352265039790345
1445,3.8802476924457956,0.69047106565932,4.3984917867174556,10.258532882530725,2.6484511708904814,7.924201261680684,1.8552007382156621,0.9298179633917952,2.525702109176754,7.228294200139288,2.418913298853003,6.369113564745604,006,001,142,0.5498658928192728,0.13152732068526912,4.730486998414842
1446,18.14554887817308,2.386470732827193,5.021262896579689,3.818794656603237,3.5949835774370036,4.801303611284674,3.281525967770796,1.0887884118212887,2.1849707405478944,10.44689646842554,2.503579421590959,4.807340939314011,006,001,144,0.41597874750909347,0.09914144805624638,4.61178943682941
1447,3.167686547361659,1.8595936472587897,7.210805191663644,3.4248361542612153,4.296387633394754,7.636593379795424,2.7747622163249623,0.9569819116729452,3.279253079687752,4.37415888098502,2.2414776088728723,10.958739171705695,006,001,146,1.695366276193595,0.2903234330728557,7.534944081710066
1448,4.989980536843826,1.8804630326885206,9.854184249190364,5.112174281545695,2.2994421743656326,13.855371046042052,2.6979077751237304,0.9590653760837878,1.7457387620106077,5.254533000897053,1.6777447996588823,9.275234250653426,006,001,148,1.6395923693073555,0.1898734266748609,10.274778440473554
1449,3.047193677188992,1.6805273234719875,5.869741008670953,4.7070430647336226,2.987149138245954,9.655277775361817,2.2051942620084874,1.159018439094729,2.6781393315339925,4.155210938121599,1.8409020417476785,9.181835172298339,006,001,150,1.1655245339940719,0.2989381102665064,5.064406924583197
1450,33.496612904613656,4.8062020081606,8.224201036808513,5.022856349691552,1.6105236120875888,7.056313732722685,5.830340267478629,1.3116203128446924,2.6377799792001237,8.631098830177574,5.670684103656978,10.286112987058056,006,001,152,0.39978898136738844,0.06810168147361462,6.27026049861301
1451,31.938897636268578,8.919849498163625,40.769431834783454,8.177719106398968,7.635536595531179,58.21469811090609,3.705710667135658,1.6307212558263848,8.11595977980286,16.409494562373386,7.397731569209343,66.38687502293264,006,001,154,1.879725950658936,0.08129904205465908,25.000858785104338
1452,23.40027732294547,3.1905658741367784,9.402346741572154,4.799579131856984,2.078187206823851,10.919779788761382,3.321954357675211,0.7971103603172622,2.668746455954506,7.016326918655134,3.258939867437896,7.657075400448937,006,001,156,0.6311554263760649,0.0565329374349715,11.795539500740995
1453,18.10948642548443,9.85765250824123,22.72170465216834,6.424005663241633,10.26074704415522,24.42100457095981,2.4649233534243074,1.1281087690063996,4.537024684801573,10.776579253051185,5.230486163136464,26.07454583719962,006,001,158,1.6963009281362096,0.0919647936727933,20.141413023658046
1454,10.835430059981322,3.6795683314624386,5.732758690007659,7.226240122540862,3.915092802560969,4.995724123827672,2.270369907994384,1.665310410134464,4.086719857268451,6.413390032639918,2.9035297446818813,9.094086087667774,006,001,160,0.5359649127117512,0.1844027039920087,3.442456526495125
1455,5.941200554805244,6.13820069881927,9.765292706183006,7.832067502981705,5.562598991179648,24.854722674058593,1.4464856261128183,1.3026710468335125,2.1105756049693145,4.731682403630397,1.7173387505682391,4.95798340166972,006,001,162,1.1924446110973725,0.18915932534937133,7.496361211005756
1456,54.4199180917155,12.814475562411626,37.13605399953224,26.285649259672773,10.975308134149584,58.95483318227502,8.241214369921302,2.0441787033125127,3.858586108563786,12.432229355966214,3.0523802056578044,13.373589141529752,006,001,164,0.8759130823466869,0.05065768745326463,18.16673558889675
1457,8.79478779358886,2.0160198523350585,13.161181943888046,6.420686016454469,2.3723872209097028,12.606215786307667,3.080103719634984,0.7455992377614374,4.313634428139291,15.28516177252845,2.7847081326756893,15.129839345279015,006,001,166,1.5755599581921174,0.09800539201996947,17.651817863176397
1458,8.128320354407197,3.5014848001894046,5.184951073155919,9.406645517385595,4.892884172144836,20.8096148648048,3.846776971599268,1.8218992402232872,4.116037452142588,6.673627633603671,3.1253207437438366,4.819219066248891,006,001,168,0.4896367877673356,0.20780185756210023,2.8459044049661415
1459,11.160866804881067,7.796771787709607,13.933689383251366,20.3470428192919,12.753735093770585,17.29670502838416,18.656894072399197,5.137056213866161,6.538079960096864,12.097916647774099,8.952154105917488,13.610753716962638,006,001,170,0.6669705628866749,0.3260804207667902,2.7123879520027363
1460,18.973576783551614,13.389769787079782,28.95403297473841,17.749594310576924,3.7352741468114443,11.528283871200417,4.605423425267361,9.022636983974095,18.593991658286424,24.528936136944438,9.251325565791952,23.253074520014295,006,002,2,1.057325361051268,0.49138659408509927,3.2090433236055307
1461,73.18009012496648,18.78741213433446,9.330999473583606,13.345721213243662,6.649767718822569,7.98017013990092,41.80353105332068,19.27465348946642,12.199782030769082,37.675234296380815,15.840239773041967,23.715930423541437,006,002,4,0.14920632655207627,0.44552378513103075,0.4841072488635393
1462,17.742089815064052,12.841157941647353,18.959202858663666,138.09965397307496,56.238473332901854,19.08747560917392,19.05203149274229,12.52239175848964,16.584631488178516,21.813349259927854,6.509115987064053,6.167596827878373,006,002,6,0.2096253727806206,0.16070651487977908,1.5140240957411468
1463,26.629206417685303,27.618735010907486,11.71608684187668,45.007649577246916,124.73216980627136,18.987086308515284,16.478509644287822,26.63548419914033,14.2696063999108,26.989747278926682,51.4959707309545,20.27658947552564,006,002,8,0.18759572346715692,0.7436251585643177,0.43986761247820005
1464,50.17323191676403,28.87172338249517,41.66770155754422,45.21909302850195,26.693282918357617,124.72801645526773,15.251640506979946,7.677081625431185,26.89657292384034,10.90004891727923,3.9675078088174365,16.830536341988754,006,002,10,0.7524879973395112,0.16095805673750221,5.427544422546626
1465,105.70949567035763,17.88824414015103,61.72877466853376,50.952244538954524,36.450989064257016,140.94753117943344,17.86689820339635,5.404313781189887,12.586310821996836,21.63294498985789,11.532999627944882,28.138647455764136,006,002,12,0.7371904115322303,0.06899340929022374,11.422130018317093
1466,6.760207070340561,1.7061414725035942,10.67281258497006,3.2065070464682015,2.071281514467072,4.464924393181682,1.757024371493316,0.9631489470077237,7.033130469099067,6.605256969384171,2.2188287900957726,5.394192713364594,006,002,14,1.7948039698028375,0.1932731160379894,11.081165190625986
1467,13.039147012796658,9.268857417959397,46.420255721296485,29.573660919074047,12.3983975868605,98.55215823126622,8.077381644797816,4.971877822658766,15.071535672654619,24.976429726778328,11.019791652759581,20.781490997508385,006,002,16,1.766487477938715,0.23335133561758226,9.336564046232485
1468,16.05537119876784,0.7729957004028902,19.1354438312583,51.536897921036754,5.814281576200268,27.47125436149834,3.8450874002006934,1.0826934375188788,11.036867417970619,40.434677599798064,8.752478099464566,12.903551077988748,006,002,18,0.5486263423952522,0.032036013929339996,17.673926125487057
1469,15.88008826270295,8.986779179787824,52.49328488929304,25.34438397773335,19.12671218366142,101.81287926485999,3.893075393244822,2.895163550215987,26.477475010942776,16.94541634864285,5.613413319077675,33.23645645888265,006,002,20,2.2330536607719824,0.14045848947830442,18.131371157037705
1470,4.681242708389143,1.2721324435550942,3.20718000079942,5.161970733891165,2.0092803327818007,7.1646170419075865,3.680225892543311,1.76450299686483,11.458728931434578,20.03920312180453,4.731694643880772,11.257581567252195,006,002,22,0.47967803940800197,0.3585217382944527,1.8176109683564943
1471,17.98353534642852,2.7956950594798924,14.161783683332837,9.972359023853096,9.334492772677368,53.16577415712469,7.347939632894864,4.223951554734892,20.649431079535216,28.904296862067664,7.570021706986665,14.136710592321434,006,002,24,0.7780388126381559,0.30218683035411265,3.3527334534549778
1472,1.8156617110311666,1.807933236925542,7.912075130925289,3.470295111468126,2.4738682140954924,7.277659084402195,2.372892966677638,2.301713050754256,6.796889394747143,4.355618016158478,2.903817789373577,6.083474016415846,006,002,26,1.6001150307806697,0.870878491083083,3.4374724200884015
1473,61.16633536385724,27.403554998616247,45.52630084831491,35.12766192215373,17.43534178252402,47.432259820397526,9.272878176864868,5.948068136021467,16.4617813608563,90.17205557953847,25.47187366414328,30.95953820380899,006,002,28,0.8415980154768158,0.12353974917781438,7.653964246409332
1474,28.781661188158893,6.37391094369845,10.452770421649696,24.423529605554297,8.356787152794366,25.815311474908928,9.372723490246496,2.9722751784811594,7.7191710805467455,44.15952535653131,16.700366542903236,32.64035174453261,006,002,30,0.3534341898478561,0.11172876684176343,3.5167572966750305
1475,24.041178428257993,4.112889861446977,8.975398673442868,30.342372580685844,15.933995569641386,63.5614642506195,7.6840444225879105,3.6972032126000793,9.528412551595027,38.10530810762141,3.5766183832899814,13.32347314600159,006,002,32,0.2905696156435973,0.13596770141001063,2.4276184340786795
1476,11.969872692759356,3.531854137617255,10.636771679572242,21.01058686791503,7.369760855144379,21.31815696418267,2.1821470833698235,1.4954347394210912,9.350234673829673,4.829286340717609,1.3155930475275839,7.185348288694909,006,002,34,0.5914027623437064,0.09068610682455343,7.112829065138557
1477,8.887133178458347,3.9342804637686175,17.73480122317584,54.44053158574767,17.361437545862948,87.21585173859505,7.450553639709848,4.072383217783414,9.918216058650723,63.54323491828324,18.717568842052316,21.10336095003402,006,002,36,0.4962697063880543,0.12861308664851323,4.3548949778918
1478,8.534972807516318,8.391416428838834,39.67122251505107,27.94633922067158,30.992243090502033,80.98830537372967,1.2998148828312508,2.212283405731835,10.481081256900303,18.069232521370346,5.461145301610045,24.553978635726764,006,002,38,1.9396342843804788,0.12128310538954723,17.93225154257649
1479,9.283694923327847,2.665082148180616,19.99929404242483,23.512797463808162,7.526844213102783,48.110030808972425,6.125455970587744,1.9155363430171426,9.513481519751206,10.139369523821545,4.036481535726367,10.479721283856149,006,002,40,1.0920351381519662,0.11681348849174408,10.44057144377858
1480,14.917274456338049,6.324132747112037,14.738637991096091,33.34705663363466,20.169214692966044,13.586685454645941,10.728295370228107,11.560495014698656,9.321479509130988,114.68559495065011,42.86060097725403,22.9716680854691,006,002,42,0.41293189580110584,0.47904921724277,1.2749140908202086
1481,4.696150511231473,1.3583139992203304,10.274952827419213,8.134915003784794,10.078372686431267,39.379037211323535,4.0039364386608804,2.7570556253591922,7.384160221870747,9.33210383810201,2.1406446877231056,8.973958605366091,006,002,44,1.1201803022809678,0.4297469484716752,3.726784738367613
1482,3.7168144917522263,1.5464722497992116,13.080151468331863,24.34028223864643,18.69515815513222,70.96111530736138,3.6653896164709234,4.004152002958099,20.102381602802243,18.08556943783915,14.011615383029294,35.86823659209323,006,002,46,0.7253573342475709,0.2854288197694933,3.2666470849929765
1483,3.44252073641738,1.1184201142623438,8.254705573689481,8.22005655180249,2.559705407524702,12.910331180836925,5.04355600825581,1.3099457501452538,6.8049781512747884,15.161211757822187,1.318213357296386,7.40681304743487,006,002,48,1.1559213880908363,0.2246408692988304,6.3015629256205115
1484,53.65435021391977,7.917063351366254,25.48467738293934,16.456477270368385,16.694574802796893,41.3499751358279,7.0527068978246845,2.6418803584891473,12.065651357145018,8.514562082488162,5.313794544504604,12.24463680320723,006,002,50,0.6760346595410215,0.07536297753955887,9.64641616000872
1485,1.7842723938572136,2.417175980864805,7.735847632640221,5.768877598046674,8.331315980493727,21.91478498076921,2.1390824052987707,2.4008725630819097,8.732663484701066,9.04759702197546,4.264312182484187,7.375100986718479,006,002,52,1.2522724893596828,0.6357274953245653,3.2220983952226123
1486,8.147202457715874,6.278278420437162,9.942073960707482,14.393759802607228,11.141952106288874,26.48138911084552,2.142393899647296,2.6837468570420695,6.269492855868785,7.0368332888428595,3.637689921178364,9.811809982565098,006,002,54,0.712477535111553,0.23812176481622846,3.7045498291389833
1487,40.23040818062656,6.751108234990694,8.29140859058964,18.58714319315039,10.493505561231474,14.838955259402443,14.111495168508888,2.122567310705403,9.5821700269194,31.631289347822502,4.683951450153674,6.69702670583256,006,002,56,0.26295767329740277,0.07217462342887407,3.9063112622016765
1488,2.900973574068148,1.144031944958654,6.345055078930761,1.8924150962951918,2.7245954320533103,7.482235087670157,1.7035626077080868,1.7198990058000205,6.565185241066754,6.028432355160752,3.4140683471976923,6.218297210437597,006,002,58,1.541336380196749,0.7176129974328377,3.6892021319468835
1489,16.23193595945189,4.0214763951054415,21.44972982365841,46.58826296402278,15.34018573861892,65.41914184209469,3.633610654246051,3.015684857426317,5.6439984156829865,20.85379883058004,7.531230943643608,15.949043358310472,006,002,60,0.6230716379559167,0.09601003846230785,7.1127225946163035
1490,11.660499103460374,15.459602617229116,12.961844779513694,38.78460421159361,17.306036780808096,29.54606988124508,13.808221134256264,5.720668570278857,9.17656597637811,121.88795359054717,66.65300149351951,20.476188798270734,006,002,62,0.41889126872018534,0.2268076857549691,2.265791947265678
1491,36.55251034543885,13.269567646433568,32.973203745818225,31.691229365183005,12.798485727373297,78.80727394180857,9.959601706641447,1.6345605877179659,22.243220675504,23.608162904431026,7.247123109350564,16.09183096606108,006,002,64,0.9221615059801562,0.047903605360699576,20.172518531021602
1492,9.777624023127398,4.170571534939814,7.6868388545762585,2.0656423562036887,1.4074864939560165,3.6086609408264527,1.9124315626451507,0.9444566174252014,3.789629752803517,6.428858484386762,2.498560251446691,4.96288972797038,006,002,66,1.11953660242514,0.1594925905024767,8.138900943414733
1493,3.6606606198126426,1.9679131373416776,20.871171649426486,14.82077127887596,4.856612364319262,52.73916185117378,5.9270764722397065,3.187047975087176,33.154711248488475,5.311076173636164,2.716871038950056,12.989200061258042,006,002,68,1.6793987861642827,0.3448918885244299,6.54874724590727
1494,25.93004497757139,8.860656071722202,38.1390075326794,15.744401315879427,4.790315357790602,11.639647807411823,10.139001007060887,5.485365530792725,12.064917002229933,55.943882076120424,10.18077085408351,15.025973134292922,006,002,70,1.4489079322678302,0.26324839409586853,6.952865277360593
1495,81.56923811911611,27.799100016074227,48.0812945904288,47.07657590719162,14.630642165133064,64.19103243159829,3.7829366134995737,3.306422483414881,10.507554036156783,16.986772455558654,8.218951443933669,26.359286062742065,006,002,72,0.710953294204525,0.05140349895471494,14.541787938960033
1496,60.069413562512324,19.114029345126287,66.26177342351525,42.21371810610027,23.458652775662795,181.48075362116077,6.781378998617061,4.2170495326608375,10.72596833073554,42.16958131947583,23.48548516850848,41.175839648822205,006,002,74,1.1969550355310026,0.08245835777347271,15.712827869419398
1497,43.13355675933346,6.301724001703908,30.465385892268927,33.83486581458052,7.652179791281347,57.8154492831692,4.22779255844965,1.58330700228383,5.299444040710474,13.869234606717976,2.7623425492525864,20.434023229750796,006,002,76,0.7603512069887712,0.04114172927900024,19.24161634371878
1498,35.112255312777975,11.439522995086637,11.694288628851417,23.205652458321776,7.199475585543067,39.381905862679325,7.919592880243442,4.232022985018574,14.09179653202197,51.46790991467261,9.128720729415754,8.337726501657777,006,002,78,0.3502230160615344,0.1451363105010366,2.763285707627151
1499,24.041005091689534,6.493545278337301,11.39057309066968,7.914203023634274,2.662555807533977,4.527723236546247,3.838857333301676,2.900955053559162,6.7672976521674695,5.054310228764155,1.800695124378947,5.793971924512904,006,002,80,0.6033603000929946,0.18156383416999483,3.926490717839514
1500,9.131940938771354,4.9629751919112675,17.16924685064273,6.524588511383755,9.345806493121472,45.57243341110978,5.769772750882225,7.818224772690905,17.18549721896983,6.205991992578986,3.6425657165258425,8.700707176288443,006,002,82,1.0973226200734323,0.998717474084073,2.1960543921191658
1501,19.07646353952792,8.394184058728133,38.64667524925022,48.60245613376995,29.46411288681097,183.0352479848343,4.279393074907286,2.733453774735903,10.922428142615354,18.746828767640615,5.215887766135948,31.162739651710286,006,002,84,1.0567021173073792,0.08077711015278996,14.138404536577223
1502,98.97646976965312,15.871609804266804,27.80163843609298,18.78160319234262,10.952572537341096,40.894968846303115,13.674917343802607,2.3264956417296117,4.109521900155246,16.200831181849082,5.7999956493969345,11.777954481843702,006,002,86,0.45423407773575064,0.03951314051276035,11.950006669870273
1503,21.45385596645701,13.428017048284506,52.06535115721137,33.03633967097588,34.15947027946455,173.6338267149714,3.382627889334632,1.6270044306717222,6.2880399878409,11.53343759596204,7.322578754932966,31.158880937407957,006,002,88,1.80331001558138,0.05971732755365723,32.0007433143349
1504,32.176493862723575,14.035877172123676,13.033520750575253,9.643657503563958,5.690666595722055,9.267350376436465,4.376901304787626,4.319490335960115,4.747504184014438,12.96974500891167,5.91847570853291,7.723150272096002,006,002,90,0.5165971043935612,0.20657459118821767,3.017374675449581
1505,28.684558549660096,30.706190863753807,73.7653946199511,55.62078800268881,64.77045857227078,353.9163911377461,6.875922725561827,6.18206537176186,28.170300625086867,24.210825401182134,33.46212740576533,51.1670837971874,006,002,92,1.5261362052094298,0.14665891606110992,11.932160238371646
1506,82.43979399935421,26.204648508878286,53.535171490243265,26.873794463652647,32.276591165501394,140.07723039898815,6.801841367876194,3.3305143172802216,16.33236004399452,9.207244209238336,7.672799262999151,20.249132431873214,006,002,94,0.9232222158613401,0.060935046852062885,16.074145429274534
1507,9.077580309716659,9.96518564154145,46.4312200931238,17.096419721087734,30.147108351017653,155.13243588995653,2.064615043920147,1.6052369953623604,11.651131172887442,5.88171421733886,6.259767078691564,31.688388224547374,006,002,96,3.160255314361254,0.12265889764446733,28.924838031559684
1508,18.542157824607717,2.522227907211401,24.52183086533727,198.9639585114613,15.607763962594262,146.4682187314119,16.551182330394838,5.661570249815349,30.930540206572605,66.27540560737329,8.235030598893747,24.779301549067867,006,002,98,0.21432426259150977,0.05205895213601854,4.3312773282530665
1509,164.29063104506199,71.43136973217199,151.2252409634716,53.61167752239754,47.22658990806319,217.40086012525313,29.192182976081465,10.163902375843223,16.147314863057034,33.32719679907052,27.990771667585186,71.44336547899746,006,002,100,1.2695728416237797,0.09328861582663425,14.878659334911761
1510,10.46865525708018,8.216873402677884,46.36823640068842,17.26149473332679,11.074055943416209,67.94411689218848,9.602131907218249,4.482482908325409,15.83605868742217,12.385307000745357,9.917524397731228,11.493203849436677,006,002,102,2.527215700557628,0.323293087839488,10.344319732835507
1511,25.493464345254026,4.500434424638605,15.665765549798156,15.549352355209308,2.2703904986815555,7.145946128021653,5.927974582230576,2.2722361118189025,6.067224176145344,7.161481178911838,2.5028128785796397,7.072571139835026,006,002,104,0.6872865625275629,0.11072515458195885,6.894426802000724
1512,2.615755125397962,1.4761194577892343,7.726081843652109,13.370787609613183,4.695579172492954,16.211280749352063,5.438771778073153,3.0176954472721205,9.226696890596244,8.749036725481808,2.917071712982785,6.859954279605057,006,002,106,0.7016715220032289,0.37752946303558815,2.56025897200335
1513,37.18175778598296,8.447026821067249,15.16722929030093,9.300364613581788,4.19210234297692,9.23980293551993,10.543304627793539,4.050654138599903,5.580858489415851,7.960332469053633,4.036924436422477,8.753137940013012,006,002,108,0.5557448149464677,0.1742886911996012,3.7443901086908005
1514,26.39425797235079,12.993464388069768,37.87253372744762,124.65838860889177,30.35402163143583,84.56752587937419,36.67033821578568,6.945618233209862,10.762575856383574,127.70911026273018,74.84328539320859,86.801687980828,006,002,110,0.4592171959053971,0.09196288036534615,5.452723207037702
1515,15.376839803556305,8.785382019344937,20.05388678354363,8.560047234179615,6.076582284213591,43.18105171336704,3.5555457127783923,3.929746812516816,10.40081366022261,4.7401767149981495,4.275546116842709,11.745261392766473,006,002,112,1.2613943074989515,0.32834234512797467,5.103098937486018
1516,9.62995664503416,3.77684856016055,42.75374750436765,37.03391042352925,23.00843996085722,144.0856113976394,6.213736764309513,4.224021607503404,8.282040712645072,15.33083240099193,11.541622737433162,28.92098431608818,006,002,114,1.551524789628396,0.1810403583267984,10.121574053603656
1517,42.86594283154305,6.342642134739182,9.96592497470812,14.154622132154504,4.647070965151319,21.611451011466404,5.823693276520089,1.8806056279545877,9.465653495935417,8.221026059704364,2.358372144908795,8.730488955764049,006,002,116,0.3279247693815619,0.06596236389982756,5.2993167874050275
1518,72.07750222648093,25.865347568363042,66.49568380169096,39.038271019177174,34.185036536553184,238.77177672605254,16.04931821600389,5.894943991482213,25.847695530672542,46.97194152527962,15.917330100161077,45.23027080066776,006,002,118,1.0820605517592756,0.10610453978391517,11.28012138839192
1519,17.501952630129452,0.9505080578169481,35.53580861771478,48.72226612250907,7.930791516071574,38.310449171491754,4.217761374565477,2.0966456686673496,14.941951366717891,9.668389416570513,2.297302752259416,12.54307635500518,006,002,120,1.0092889842969537,0.06331960446370126,16.948886093996855
1520,21.99567540800508,6.885661832863624,36.81236280769075,69.0723813679984,21.184160426629013,113.49495256484478,6.209670450206369,2.1406844710339237,7.4456803634866,13.705711375299419,3.53273346709382,25.11157109080214,006,002,122,0.7721569905735425,0.047012850538785095,17.196538446374042
1521,5.7711259006921285,4.549957318341429,14.60555075089612,9.739528216100963,9.812859333901162,55.7906188085395,5.527214258763587,1.5543180570546338,11.602356690514002,4.299241130142164,2.8877367961249094,11.585800707500274,006,002,124,1.56886224660222,0.20041940789225685,9.396758073166191
1522,27.83307296108549,7.370154448679868,17.434786486623192,52.7209782852065,8.582580397368458,15.583230539093586,7.833642527459225,3.1622336028037883,6.696537002358802,46.50571601215967,18.916981320731054,30.53384777174397,006,002,126,0.4013601243965962,0.07851209352923388,5.513440395790075
1523,18.073828755428423,11.663969961479166,30.142203262531233,10.751072465430227,6.124413600225105,29.17130648650733,9.144267892965889,4.383454403230253,15.50310396070697,39.22813758396436,13.946509318549523,19.769922184588715,006,002,128,1.6036579904306785,0.30414358541206316,6.876358344304632
1524,54.65140469652636,17.412391087551374,39.771719788065894,17.111490747499232,26.35154673900329,37.285647114193296,10.497307813343028,8.092589475938556,22.55953665824526,7.708095359654747,5.926867732007334,12.417032846004616,006,002,130,0.9044363975277387,0.2255368718295572,4.914585115965403
1525,11.343278879977039,5.044311239748912,46.91418853306098,7.075195036805383,3.5052944823441896,66.53347571792031,7.67824068709989,3.678069119359413,18.164036632381944,9.124957095035015,3.525717911336417,16.468783933881,006,002,132,3.640340987481961,0.3993891281088228,12.755113351766413
1526,23.10848160408551,6.7003666171055,14.79528312390926,9.1271186218237,8.231516263358207,37.782841004093505,4.261094245001831,1.0207354533082114,3.8136812519740113,7.320043403120878,2.4920802005860447,7.6123402161186124,006,002,134,0.8632758071251871,0.06332970046500329,14.49472836076932
1527,15.04606615280795,3.2258995538711446,10.383615867508809,11.379549890357548,9.065751860447374,38.99908147056551,9.827252718109527,5.663823563967522,14.92755782863795,12.351180786247923,8.921412523289035,12.197059582886911,006,002,136,0.5500777943590998,0.4286616103644151,1.8333226221183805
1528,6.534326948434319,6.749962233120188,32.25508812616633,27.189907362528064,16.095704047315085,104.32584566012592,1.3620159239596674,2.422385701777153,5.420214856837759,6.883693719420613,5.036601054443803,20.95739563811464,006,002,138,1.6725911144775034,0.14365845518928408,13.315422107430201
1529,32.08008548116546,8.199399703046993,25.856105947129727,23.91986430126272,23.11004870599343,101.26433444032737,4.634865305347532,2.4291937808485216,8.687730179891247,9.4331188524284,7.097910911460115,17.525253730210657,006,002,140,0.8497145034024058,0.08675699854326514,10.643904224922784
1530,32.9387161519773,3.7733018914477663,10.697738379389321,20.33304077303169,12.686762342830017,48.360975576880904,7.143093137476436,2.7178551804355564,11.048932904900589,9.09348388754379,4.029254307975622,8.821095563158103,006,002,142,0.3644421697599707,0.10203737730150328,3.9360958068689036
1531,32.21135977367004,12.909204365423365,58.186121110826356,27.048259554881124,11.251169800300199,49.84264948752462,7.903327935349474,1.8651856428704787,5.124677284326817,36.006999395162765,4.2129833281717985,12.701089054133266,006,002,144,1.847471972717653,0.06294963295425139,31.19588730121213
1532,26.098578884839743,5.269942393190115,30.10110602651331,47.00130976765715,26.25453809890392,122.12098432499981,9.890225103031742,4.521999944148234,20.648370092850428,9.388278241549106,6.215718803262472,23.118614308348874,006,002,146,0.7328872923166972,0.12372111715915111,6.656591419348893
1533,6.407913292221934,3.1522167848472136,12.886171977399393,11.081744512921277,7.045104626374377,18.070636827346274,4.527240956471252,1.2228573778770706,3.9095977524188137,2.037551780542433,5.279624592773079,7.110805144830023,006,002,148,1.2927946982716783,0.13983777058433505,10.537755432910993
1534,6.186212908113022,4.057576720657501,12.495340936761147,25.05042371704639,12.780820442091226,52.26405559774003,3.5373149074643715,3.7090720543204965,6.158388060142405,23.34323205277161,5.201243137768596,13.227393277820969,006,002,150,0.6465094717681327,0.23748216549876824,3.368859044462618
1535,9.399021489468684,4.145841478575448,23.13792518245079,14.293771951285805,16.841550621858527,30.657339211448303,1.89440644654149,0.9769061294868054,5.5577070201837575,11.527564730186178,3.31716357462302,7.690988649762016,006,002,152,1.8043654940814327,0.08246441112396717,23.684901224445948
1536,38.05498451681628,30.275835186841398,22.768396176778054,30.385997829267403,17.10892997715562,73.86703893322411,6.528471774428745,4.551229228931042,18.34455989986712,5.3557095532968395,4.329577489073744,16.09255901386298,006,002,154,0.5872423493392234,0.13299719182629388,5.002691587592419
1537,11.409939590057064,6.436401953244653,17.880142360415274,9.272032683153158,8.311935546659111,18.978749502545032,2.3579185949276833,0.894280873502943,5.189871593002439,3.2156296217556317,2.650009200890803,8.660150173003732,006,002,156,1.5914301230517276,0.08647926432638373,19.993877639782074
1538,22.840339420867995,5.395765700962223,14.013060533807549,29.282355324659004,8.969675330912025,59.814529622825106,10.573451914039694,5.86607988616182,9.38264393936398,8.31905163092262,2.74901771909573,11.628398757453967,006,002,158,0.4389035301893983,0.22508736030633675,2.3888287929498864
1539,34.37384456494673,11.501262414584133,21.039524267084616,10.984943170726382,14.178427985724822,37.95335641526124,4.04717717576887,1.3617702176399695,6.940100815324434,12.601927116010984,4.756393875966714,11.979692575310548,006,002,160,0.8751458204053761,0.06004438326595685,15.450128071935211
1540,12.974730372989942,3.235801193670095,6.259910094670339,65.51683676326535,18.50867278398686,8.33845327866405,26.698980230182002,4.226628722806872,4.6517334378115205,247.77421681220096,56.77943833277032,35.08958195587391,006,003,2,0.14399730230695626,0.10769637750944051,1.4810645801207682
1541,8.838382340013641,3.680483148185621,7.076120303358929,41.30469089193427,10.18346705259847,9.397343961919809,5.3665232463265236,1.7471410941038417,3.6232122191776313,20.823153626296033,2.8237250815594255,6.9672321576148235,006,003,4,0.2638504545173716,0.069686239055275,4.050113827234126
1542,5.9078048253303255,1.7593736076316238,15.683715183177547,24.633629543604936,1.951402610581682,21.839643373484293,6.015432259872366,1.3621431141126012,5.9740358405383125,21.21439799922183,6.430398632239572,24.49112724465283,006,003,6,0.9429355445567168,0.08919968182621335,11.51399953550039
1543,66.02518207863675,23.90320592467704,46.35652854011542,60.480770597806966,42.42273728367194,209.26378514350407,6.530058124963433,3.6458439443005477,22.036579058978315,104.49243817600448,37.55150807038524,88.51396796273967,006,003,8,0.6929349179005815,0.057639089183815606,12.714896536529865
1544,14.857658976507185,12.041131913151755,20.01173833547221,9.933172412288574,13.245846489698184,43.91857430356672,8.654514716963533,10.313492924066018,19.93219349281232,176.08326210336895,214.56730936746752,272.4800575161526,006,003,10,0.8812285377378857,0.8320409075693372,1.9403453788944598
1545,67.77797108414954,9.184410340834484,10.063589682871417,18.875947916333324,9.31145828203983,31.200548489954475,8.05470947342393,1.960534433244884,3.3784861018952173,16.28065829285713,3.0038582761937143,8.421583664700705,006,003,12,0.2222156451768296,0.04524975802269161,5.13308489370174
1546,115.6871101242599,4.310834466907586,27.150865102126623,30.265847512856354,4.6516418927584535,4.1706196688901125,10.27347651118933,1.0991221185258853,4.11278237582294,17.978533684482148,3.0553692912584323,7.260208342044278,006,003,14,0.3665291237419345,0.015061320254415665,24.702318918429807
1547,25.798594221417755,19.72763121134868,45.53228497841636,34.770197737748504,10.993764745434165,9.86695644019206,13.464835540521113,2.485104690470463,7.965137079353706,85.89075362545863,69.9034456113059,77.52052028025967,006,003,16,1.3894714306716924,0.08205891549383547,18.322079207776355
1548,31.463443593406794,17.124236252930416,24.912412554633512,152.89144274022135,108.68165878851597,59.05988040155944,49.76106751468015,18.175977664663826,11.656618685284123,329.7993551940724,117.36999017520229,85.70863882238005,006,003,18,0.22575115811477717,0.19718465863465803,1.3706229735892603
1549,25.12611650733057,11.116788059652789,9.154220892730295,146.93652872185157,17.43025903538697,18.065543866734004,17.28584734951128,2.827005902721479,5.2272554197151635,27.358800580945044,9.788425281375972,10.08027927466205,006,003,20,0.10302040388872213,0.03286019343659391,3.2381329249853295
1550,175.20165459938528,51.27996535669794,76.81880215925901,29.4907854052478,9.907141844073402,10.096630978470543,79.80318710182434,29.72320184004205,33.30460565510974,277.73965331042575,82.0788708165536,142.7064010615717,006,003,22,0.5816547167969879,0.2904181692237318,2.584472647753965
1551,50.39972203723326,16.755946188879847,10.901640357151095,3.972344107654008,1.8429011213597402,0.4306938571374559,93.01252283659912,43.79636551064549,6.087525698842407,50.72203718140777,23.053841654663984,5.012891772563924,006,003,24,0.15358230455385466,1.6109877227743996,0.2489165534638087
1552,23.85419006992261,8.62918048661162,17.254424372553956,50.94127511656002,8.943495990143745,12.669945211017374,47.23866845758266,8.189449415513465,16.493871957373972,61.63215478440205,10.83930714490436,15.615705422639008,006,003,26,0.3784928923494401,0.21898251170964037,2.1069089626304423
1553,20.00678596953694,8.007622133166848,12.406923124552439,66.9686326737622,7.116744949011727,24.58562806052019,32.030152658214625,5.026290030783007,10.153330975169808,101.8342987780752,27.29200130016066,25.38325268173276,006,003,28,0.2557390297679165,0.11557955360690289,2.4684057323726822
1554,45.330703901926924,28.7618654597052,14.644486147464207,27.32728421400011,20.270786970234727,9.996979617256965,66.1834443224549,35.959485246904954,10.0684217496696,590.7638924669337,379.6567364213231,82.48476664594814,006,003,30,0.2025839565071323,0.9898288179829863,0.40724960457337644
1555,43.24190012585213,6.67284581978837,9.450209109572677,20.69789797661676,25.92680557786358,19.358037434113925,16.18991768986305,2.129468847922926,9.051245170839756,174.13708934332584,11.837341114228122,23.083240353925373,006,003,32,0.27713736915945003,0.0666085571465294,4.437824539574913
1556,14.566697837562788,8.371934429405382,9.250571394755001,106.55458346508117,48.385744170923,14.05488265837601,6.391566394450647,9.613035414407573,8.257683629528225,11.041101652402109,6.160060286919853,5.535612980515849,006,003,34,0.13182395327402074,0.15873404427398063,0.9622945298724971
1557,28.368334926807936,8.096470473109667,11.827651326374173,141.3018140281332,41.30248927820051,40.97928400431949,42.32555649741916,20.711455828917458,8.191052147624468,35.46639955432116,12.782403729318984,17.729387787079,006,003,36,0.11206101509959654,0.24413788702947087,0.5710680805866064
1558,21.294073884008387,3.570965141726381,12.700699492410994,96.23009943140715,62.28960326489667,53.69642167874923,8.223328880245296,5.403212789518593,3.7838041924221777,14.539794227913717,9.16595182575595,8.592015611051252,006,003,38,0.19793719661289605,0.0919506623546674,2.350582882289665
1559,22.690828414622256,4.027599765207698,5.80885862222217,216.73686021738698,27.800791141885302,7.711211926341972,20.959774503392584,4.427900042389165,6.8559621237782675,25.335185955756856,2.967330387867489,4.820287120352921,006,003,40,0.04679214596382789,0.0369873682337106,1.3118766382738576
1560,82.75190393762341,15.086906670190888,15.207471287605589,74.60974995538263,31.09281039960935,29.62374456232429,30.060864306637207,10.713259561936693,8.916472082000924,954.6561328805843,244.56006477685398,33.092258575055986,006,003,42,0.17011719546090837,0.13616099344279764,1.419499938341497
1561,73.77442810882575,6.971061669287517,11.226615455977669,69.89609366280786,26.881945018008935,10.323712825712356,64.70917723769197,14.292642715247537,8.72548170911056,1085.7438330762468,121.89838410516253,74.96185675816132,006,003,44,0.1303481797023437,0.1989641652163817,0.7854821308868933
1562,22.7198675940678,2.097040331329113,18.860409465929,101.07286341544062,33.1934090407676,48.698945214079174,15.19352116989498,3.201584469316623,14.605380407241643,22.840394187422188,4.330523077092447,7.807344507948178,006,003,46,0.2897235546348431,0.051724918631461676,5.890961068397095
1563,14.58823897998128,10.199483401931662,12.610626029715117,81.7924097207556,29.0933143127613,6.798817719631378,25.565084778877008,6.697011336421127,11.262938248180156,237.58413288618556,18.57769515937256,28.324810075593685,006,003,48,0.22975474892198633,0.13897004070216276,1.8830229480325498
1564,65.71551973083588,5.66727761114498,8.578275752374354,149.21971933281048,16.00113992216482,24.49720715288126,25.774407193292824,3.349461135155459,11.772054433544504,827.6809302159367,36.81996366143926,30.103225014234514,006,003,50,0.0774093280633634,0.031167165977502843,2.561091293861575
1565,13.796547918492074,5.868951441859895,20.12115416020596,105.75172480146409,12.552064612751924,59.94010506417681,12.016865711098523,2.3327599700502386,8.705325844014217,262.03014381617925,20.06018179513721,26.36117384892339,006,003,52,0.32397616608121343,0.03902624298913574,8.625471295176858
1566,19.89991182651753,6.070415831878579,5.809846476072192,96.86126987992753,63.92079439646105,5.872432570415831,18.28044090538143,6.170794767361681,9.00694780798719,146.99061457176435,110.64202207815532,17.355781384903413,006,003,54,0.09000343556094854,0.10569942299617993,0.941507001140501
1567,18.29918215949418,11.6554296112525,24.686920486633415,44.32434342614764,36.690693400367486,99.661485986754,26.07597001971654,17.2112658756293,15.185298573499303,111.15648070114538,57.89024977429006,79.621369729486,006,003,56,0.5087670980992354,0.5496741269250884,1.4343465881605748
1568,72.91524611535155,9.813097585968002,41.51468403401989,99.60947197756207,45.13305499572712,109.26144093586454,95.73008032831451,8.302803516309858,14.313014242584991,1478.8793447227313,52.721443104653474,109.1350117949163,006,003,58,0.4390061086868533,0.09625059653003881,5.000080268365895
1569,53.59535198460223,9.270032344835904,13.848635230125517,67.36538610036294,42.940078138038906,19.04106682959071,20.57417244217842,6.265288539410526,11.885042390370767,670.4585420251204,63.38751243415932,70.57618312046628,006,003,60,0.20748368855507987,0.10359210167863998,2.210374692723805
1570,35.287738775812485,10.330003708232883,62.298682482495096,60.51941670069707,24.651360005248872,101.11402203418292,36.69585550683255,12.592453253794355,18.53392950497358,535.9349389275147,53.11794167129825,53.68816757416062,006,003,62,1.029797847245266,0.26287083028744823,4.947303057386635
1571,42.26001438337494,11.326716057110318,27.845066622274125,121.63482702510245,29.92561916328438,49.9468142874576,39.8976364565033,7.895839881192106,13.749643144691621,1002.8303428210687,86.17943431551491,102.24086453666067,006,003,64,0.30992938636500855,0.09635251254202924,3.5265490487720106
1572,54.37309540080213,10.6960267259301,9.749381098281292,126.96861121214579,30.09344394900205,24.683376215888927,28.709012989092756,4.166983339966168,7.080247773452871,548.613274935426,33.95332109040733,22.14124880346317,006,003,66,0.1028005429375982,0.04595725294303195,2.339673644666035
1573,27.86873974532371,3.9274233713350952,7.779778504407194,41.37999742470109,17.395116799815817,35.61924915841941,20.281510001048456,3.4871246587130225,4.788460495746092,290.27283030562774,6.061415010897577,12.196663600171782,006,003,68,0.20413208306100777,0.10071301806273138,2.2310009723823416
1574,8.970320501992097,5.811291737474259,11.927578806789409,20.94808411213967,9.568980018318237,19.192030055211003,15.940926183208333,4.482376487202914,5.295406326706244,175.30032257304427,30.9340325262403,35.244750328011094,006,003,70,0.6135087552820326,0.29964007406235105,2.660994416877383
1575,27.822616556381234,9.833542580327311,33.82024539560497,58.980134419955505,28.197181135603127,116.27899318955257,28.482039095884765,2.2033546092495424,7.195956783780488,561.9218261784703,12.54638806916977,18.80330727321782,006,003,72,0.7415951223340281,0.05076693041330448,15.3494336561304
1576,17.03770991558439,8.643353005143794,16.177902074662953,174.50040549034384,39.065043317929565,69.3261937295197,38.876083820038275,5.008908206265038,11.377384111516742,825.3975269769576,176.5019144636324,32.32434756176429,006,003,74,0.16053015089860426,0.05230194727195284,3.2298260236488203
1577,100.13067592815952,3.2296971233751157,27.041901502677547,56.530921104359805,7.418954254850835,23.08298490668942,39.212759462401905,4.596642245039549,17.328241009649823,1425.1748038968049,19.113940992880664,23.411720314646054,006,003,76,0.32609111356174314,0.058682438224926206,5.882968493330044
1578,52.5339886205939,7.341059929071799,17.929479574514044,53.56705850084643,18.151113428599427,33.2541028629336,50.10636132008574,7.548545072327856,20.12288967961382,863.590864666137,29.93898807383706,35.977570289935315,006,003,78,0.2958705468409808,0.14228973751197763,2.375223225498323
1579,46.50836861347436,23.210449774366325,29.059001656275264,451.53480407735503,190.18616229943575,69.93908819684381,87.15383205430219,15.946151657611024,29.415996729545938,337.78613045002794,103.3828559846427,55.87024042521026,006,003,80,0.1096699616160192,0.06403521835850937,1.8223206627039408
1580,18.643226564162774,9.102625326621553,12.500251880475357,18.036704088728342,3.2099801474961556,9.541711540966123,9.832480297339007,6.286375348801972,3.0137619944691556,59.32515185006817,15.514602933684397,16.563201145330535,006,003,82,0.5075968064162952,0.3427692057703756,1.988467310157927
1581,27.508862974073466,11.348321245394295,18.0262950064966,30.38619750937343,11.46913897383459,41.58614084893308,10.108897082460686,1.6471343557350966,6.108637484142138,211.3753491947444,44.99830102470563,89.62107590219082,006,003,84,0.5891973402445476,0.056900686931868324,10.944034373232217
1582,16.782490444587534,6.576887401282008,14.53068848476517,37.57285241016107,9.621514931966411,17.154266739497363,30.592402306843116,7.975693605201578,11.056917497342212,258.8874274072503,30.582837143771094,45.79709615288017,006,003,86,0.4133512814861362,0.2934649359682883,1.8218714514419865
1583,50.240159549011004,5.426289076104988,25.96757128248899,52.3063841218281,13.6253453954083,51.885068446417165,18.180518740169376,8.99684849366588,10.638400622680763,523.9586719472696,60.785112049015744,29.193757033371632,006,003,88,0.4308531514571648,0.17546858570961843,2.886296384869784
1584,68.44587774857587,14.03052799721051,31.048487511606805,12.496835177206192,13.601080997567859,27.51317588101582,16.915334489460424,9.374665550329425,13.250870808306276,99.8051833077015,46.42416540304584,90.70266990893742,006,003,90,0.6228879709472491,0.23163704826462234,3.3119568207439425
1585,29.44783468949541,9.446392307873774,18.416508430628134,70.06805008012331,18.78133872760246,64.68805307629474,16.210797144781942,3.9372611398761688,8.28080178969694,267.4858352786753,42.55831318413927,58.5384858918312,006,003,92,0.3429823749929811,0.07912829492479533,4.677492240508933
1586,27.878175282228014,8.036715699568154,7.801266716962942,34.154902994396664,13.632060155830839,15.548104855837671,50.24993156964882,13.440487896666118,23.29039118512027,378.665859143521,157.56828073701783,180.11431081317016,006,003,94,0.17547882162306902,0.4333329336561641,0.5804303219452345
1587,9.370224813155366,3.1404901833005376,13.959875585265909,20.633136415733222,12.587473674010486,21.79094463241299,6.430866627394727,3.8018342983790774,10.15967635218715,21.324992694301365,12.901429603578801,32.712218731611074,006,003,96,0.7424077705677112,0.2534272256615369,3.6718790167203608
1588,27.791927670420623,17.245617200879057,56.312436374654276,43.79053608007716,31.569324490875395,158.41440450611248,14.861660933586577,5.18511603981854,12.21019648388503,343.5944584130502,79.72498349747796,116.66673364913824,006,003,98,1.3742668451413556,0.144871125360853,10.860400411911515
1589,116.97597580227192,21.294583467928184,54.360210075524236,174.2536638095405,56.559300181710256,186.3802124394849,141.40985596682748,24.592975308435072,38.79651044374796,2297.1145440647547,206.39829433689624,320.9035579394468,006,003,100,0.3193755611428161,0.16889060702211278,2.2103958302629363
1590,36.13153566924217,7.965380415415212,57.29248446816672,36.032906004491814,17.923805886077712,107.29371303898296,13.218263232654458,3.990435117458976,11.561342353363953,404.7321862431357,42.919380072911686,76.99864028937131,006,003,102,1.4297151786861237,0.11059283561010054,14.357452954816955
1591,29.972451710700128,6.386080959537281,20.2744464098312,11.933150578561705,13.817498538375586,39.80951257372337,11.255482408326799,1.7955201384406596,8.433254990496957,110.75661996178329,21.994177438504185,37.20336417535248,006,003,104,0.8912502227106605,0.08569356078200338,11.291684217721322
1592,10.902233950588112,3.4480231222967697,12.643560050177527,12.927852384506929,9.551122330440718,26.03688505714806,4.304498505572008,1.7741374128705711,9.348786262705117,61.69962904797775,13.086798298327398,15.92488281203051,006,003,106,0.9236170109600067,0.1488989496658066,7.126595695719041
1593,130.99049015731904,27.19137347567727,53.91039119875829,53.90455708355717,28.566055188937504,38.07061875658877,90.30002080068039,19.359388030470306,31.539360149777146,1890.0145434624767,565.7803963730296,776.1188624097412,006,003,108,0.4821740481221876,0.20940948196680925,2.784715669416159
1594,67.1832941782773,17.914492246343805,41.75545327466688,19.684269056788494,18.784276855974024,61.84852183983957,21.060869585469433,10.348624065959394,14.315136621430872,454.7793617370693,148.0096502731392,164.32383091860765,006,003,110,0.7763775670503913,0.23826210107806892,4.03487971043577
1595,17.607977624621412,9.012391993866867,23.623431581132913,77.31032204725624,24.819036705710637,72.66628598636032,16.341582890608784,6.15890995676171,8.749250728161535,244.9619972555224,95.06753445095468,61.70104010557647,006,003,112,0.4405872139437049,0.1297728673617711,3.8356513972407322
1596,58.08215164184074,8.132834617273572,11.619591655685934,20.700559245877002,19.138874471664113,37.40288229863837,9.571290583932846,3.655418392868588,7.18475595198632,267.806634519944,142.93129942053713,34.30675935842205,006,003,114,0.2699294423261079,0.09279747679864286,3.1787309705380853
1597,17.1506534130578,7.606338966073835,22.806006971635508,50.45158452842911,31.229506383714906,43.139462931751396,15.96512884704952,5.4763223429795875,8.626535584235013,270.8814957089161,48.588181182633434,45.16860284754981,006,003,116,0.5806388147709454,0.16201600744991954,4.164474905475906
1598,376.76381023850837,157.72729450975214,230.51405266278223,125.763386226357,78.59067758188866,172.991732998766,69.29366808318872,25.537729498259715,35.38583081939697,736.2359995278084,174.15244177868766,228.2170355766272,006,003,118,0.8327779875646251,0.10163720362961573,9.02641139959176
1599,33.040303555336486,7.662520781372782,14.884269853933283,56.7585524263522,29.071374841379026,52.070000901487546,11.101264799427423,3.1787302489949565,11.976739780747431,177.986999517745,35.69118304189793,26.53250452960618,006,003,120,0.30958485929686963,0.0707966758428002,4.682457675872105
1600,54.428155967939944,7.032977124302037,30.21684774150019,214.17439021536066,34.75320467836134,92.31753490852658,13.05747665271231,4.906663298264666,11.147707424550259,69.67994212017717,11.872371270238817,20.34528389068587,006,003,122,0.2170626799384785,0.03653474896635005,6.158329174978634
1601,26.435018183642143,2.0765672010718346,6.976161416000829,5.596617868013445,2.290916816428651,16.41691095190958,7.584549818220841,1.6962878664737446,6.1740268522939115,47.20424404765354,2.381305686128708,9.113392748234004,006,003,124,0.3938640305347867,0.10591328296426933,4.112604678652169
1602,4.111055189661485,4.5205345232061,26.45328408847864,44.71144225246694,34.90677000897388,72.39641891378358,2.1159369841386226,7.004110119671592,9.66120118484268,56.51149235039661,7.010642792342883,20.711542900662103,006,003,126,0.8420494008229211,0.28692141887964207,3.776822984861777
1603,26.203346117781457,39.90040011873266,125.28212202837013,175.49796896712513,99.78727177960084,271.8625364681625,7.511674460904163,11.612303882439669,22.331689198068204,90.13896465846287,78.37573077039261,100.25754716622478,006,003,128,1.113985621942192,0.11514356143440557,10.788739538398058
1604,87.4278845235096,27.509279788008065,148.9242604415744,137.25953160735995,83.74798929433597,409.3956317533245,5.5335638832083625,7.203060334289404,29.966697268301225,23.283325212229556,19.21086217956828,107.93495998885,006,003,130,1.2457405786463567,0.0641162772559899,20.675137168105657
1605,9.8889346506778,8.264036879609893,46.73317569869779,63.60049097922235,27.34496477127691,119.4917115045824,17.982667817116827,6.2275281076760525,23.96963907532699,109.03124385410175,21.79005627603803,49.49960821323445,006,003,132,1.0875200989132363,0.16948093019636554,7.504289806591875
1606,37.25188514695934,27.234256694238667,109.92366739723806,132.95642917657392,87.7639460960682,382.64266313693366,15.422062124028244,6.169206506087053,37.39949484611043,107.78805310881593,24.244398173953492,66.71175492512737,006,003,134,1.2043345723211576,0.07249007230470043,17.818120902384806
1607,24.27227425270719,4.2021084738654375,40.78261731986317,35.07554885737981,16.607582086114082,107.59549782017795,11.506913037489582,3.9385637109325566,9.367053215735854,221.04680969307665,22.586911634529454,39.53219600537292,006,003,136,1.2133178826358268,0.13272816101870272,10.354692805059852
1608,32.35135961323056,2.706195004024167,22.96271094611697,70.4608840598068,16.956825361591783,48.24828960436578,35.246932996332696,1.686490882166907,18.444795892358243,156.80131830564235,21.769328571886795,50.21555386399854,006,003,138,0.4325029372313297,0.03280719925790689,13.615674528055006
1609,18.707638424590392,3.949821483895061,85.27650294141432,192.74488662373255,152.42381253458925,416.15003598310517,15.276928712280455,4.78289405190345,12.861045699295934,334.3734869181449,146.1518629355861,86.0608546540953,006,003,140,0.7716691139771514,0.04523846712930406,17.82947772122964
1610,33.541356852098644,13.104262577981723,52.10426925825388,63.54024867321457,30.438746750163492,101.41012191546274,10.799593966020222,1.3048582184034814,9.199281977157545,72.17279385996706,4.153759480920996,24.568939349040754,006,003,142,1.0453120338408592,0.02688167776671659,39.93098140731676
1611,5.661511044063998,2.77781162626081,7.464565225474498,48.9875109223506,18.185838183035337,41.462053537748645,9.086436149172648,3.017047527569592,11.323480063069969,13.99469255440255,6.572234866629838,8.767671650520857,006,003,144,0.24601785774528326,0.11041542626046501,2.4741291468774578
1612,39.220438193106204,4.385166447627347,13.793996002626052,41.71396706354717,12.929645993588604,31.528058358645435,12.411089614940837,3.622622930129112,6.693480159633266,203.43897812768057,40.39467309087548,34.72199605529047,006,003,146,0.31286120613785373,0.08951997407385179,3.8077371751562414
1613,41.87351109326653,9.075684700082368,16.40456726260154,119.00514596389748,60.63667495797543,48.28202026848589,13.924503078492702,7.490908362979076,16.76993092498239,314.97930984215236,74.84934570882416,17.964737500049715,006,003,148,0.18656343759010088,0.09312494895227003,2.1899303085423902
1614,19.271949827200004,15.278140021303292,50.65352332589376,84.02381432936558,62.28144420926213,114.78609794945032,21.384697178345338,9.716743145454469,15.511406664679797,158.2293625495376,24.77616622231279,43.25506605452109,006,003,150,0.8254515226192533,0.18813439689021097,5.213014542798703
1615,43.01390409211524,10.945821131552051,14.391206014365086,182.0450955670218,76.99891683029117,47.57766724371539,19.359129006418428,8.147086385568137,15.230644372782272,191.79405328204595,24.624068252829034,16.281353508591785,006,003,152,0.11925433479456492,0.07239956098540651,1.7664236431637534
1616,18.58234577141555,13.729462560811069,38.09546337335273,54.6840318322576,32.9621002885835,93.46035570547241,11.838117604216883,5.468094545813361,10.889470253250472,164.47639420392775,49.21922684759728,62.41760316414805,006,003,154,0.9048527822484819,0.14926613610932016,6.9668625979630265
1617,42.595107473463244,23.28449932374012,80.49835830821698,431.60210513950454,123.26453417276231,159.0680212572016,89.26601086725393,34.23985229799301,12.188222463282369,381.2109610087213,35.95485150893825,42.25761325888509,006,003,156,0.2966713923349781,0.14441186657054028,2.3510135968937997
1618,36.64796374320245,5.753623715264842,26.780915431876608,158.299763430736,16.64222608672329,76.40164529439227,17.529327729762628,1.92890307964893,7.615788317681023,27.757825841792545,4.021267160794806,16.348974378501193,006,003,158,0.2694182096731346,0.019788926063527813,13.884012999113915
1619,33.18853145418754,5.710863570787387,10.469575429275318,176.78547680886862,38.40719468842567,18.12894046513521,26.433073318816867,4.809560980558455,4.4521261565052415,253.8947484115573,70.62356139270534,23.333035422710786,006,003,160,0.09535430747389396,0.0458110127090875,2.1768255921062587
1620,9.248808724322483,4.106842823670304,22.603104188564473,46.92006244699506,40.96557858237074,101.97929015301129,11.248480400409612,4.760028438373306,12.845430479511018,66.97509465454372,19.24866561962227,23.63829437706585,006,003,162,0.6881861178196097,0.16948990923655943,4.748522930314439
1621,25.041441018290868,5.478026983452596,9.790521757172137,171.15997477852807,34.53321561642372,51.6931929294744,14.971310056870792,2.5086477489640093,11.190763743111958,15.716762008607711,3.8002907143528164,16.338536366238202,006,003,164,0.09731223994204886,0.02557216765002246,3.902708844322726
1622,20.792043299611016,7.1457558615580075,40.95046682266937,75.71970575992584,51.92064761218465,144.724056226691,17.219941033258763,8.149250557597881,35.15109622374908,19.20397507674508,12.185176870102005,46.482759323849464,006,003,166,0.7260061343581968,0.168875823658956,5.025059241121205
1623,36.63236746294522,16.76227551276599,28.422201626594678,60.0857208420559,51.823276206374246,98.80523669886325,14.299702275102938,3.140011499272097,10.396922221572293,139.3673093755424,43.736297893457724,51.67274063151615,006,003,168,0.5518975302922152,0.06493121512844734,9.051623420227404
1624,29.49173476981501,23.28545290059742,86.68539009306664,72.9898779732481,60.97863869618297,237.08397761816428,6.237453871974327,6.618624231765777,10.01860207406958,46.66681526157042,25.651059667692685,62.39017381576984,006,003,170,1.4982067605782239,0.12916705845290838,13.097191660620975
1625,41.97454600672351,26.343456616492375,100.28351477817691,50.31362914779839,43.52372047687203,244.1551309030236,30.680437598176724,14.733584063158046,21.013282696853846,345.0883185006901,181.23709151758865,163.15768644787912,006,003,172,1.6472955038509534,0.3192951651387407,6.806457569882138
1626,35.04911927387808,2.5471679905776172,4.371123580927385,14.616426321585058,3.7488710941048664,2.9151847367614887,12.77610872495747,4.736072882028198,7.64014834878674,77.93009122316518,10.297650406952211,5.407444034822514,006,003,174,0.14782868524081316,0.190718649125676,0.9229426340786113
1627,12.397959326840525,2.8856181413113404,14.721491535485253,55.6627077933571,52.40714544354006,44.16791236743033,10.348034973162928,4.513090738767771,12.050286471048818,47.42101987880394,18.996192116621852,39.89501991674179,006,003,176,0.38194560559369284,0.13261964449444752,3.261953368015979
1628,34.41185923991456,5.751787049684234,32.377387156785296,191.2128177000017,46.26619157837786,119.08579128414625,17.222282115518492,3.2791317956940813,15.34569310654642,40.42258327026917,5.749531035080138,29.595191437166864,006,003,178,0.2788954871765867,0.029067137869563026,9.873768172203672
1629,136.48998708263701,75.244340661209,117.17574599800318,38.79430069007013,10.377593172685367,29.670900421167136,26.776367485605007,18.823339410708922,35.302247962480585,891.3993370169646,425.49888434088933,632.7388101494179,006,004,2,1.1005984509651512,0.21477497669519963,6.2250243403325065
1630,24.079626388380934,5.603491172015934,47.57360448389576,44.2440482262434,13.092647438715606,72.40001874132393,8.085755013925075,1.43367229111892,16.254624566672987,88.97402950586503,11.419857652177043,61.223255907454956,006,004,4,1.3365057845946,0.04196707215194335,33.18303965180675
1631,27.308596217542096,39.674076496463414,88.37044669481301,40.2883090419102,52.06331265210055,257.4848002358202,4.616632600492837,3.3449133910660107,15.451514402842129,74.74549274119467,28.33424081416042,120.98926260004488,006,004,6,2.3791717381064736,0.09896646535007697,26.419352719518308
1632,15.659019738839186,6.676448388082573,21.412981922598576,23.26394784620747,13.037142116351209,53.91781520059001,10.318222508361824,3.641004514233516,16.467617669044927,212.89376358843631,16.219907508258814,90.00875293860412,006,004,8,0.9268690730745167,0.18708771402272573,5.8810643708049115
1633,64.67730532623487,27.446069407851137,96.45830697729156,47.87916793728499,44.88573371995133,173.80620770831888,8.280248729152104,5.648315596184636,10.435210979124754,170.72440458382627,63.6860710632403,125.31282066889841,006,004,10,1.5576243712428803,0.1003641182495238,17.077357901610153
1634,46.19670853202798,15.647369682101782,72.59100355110873,37.4228579562423,61.687422377928975,207.87076359476305,9.849636900156696,2.137352892099984,13.9904717294163,78.1801499047767,17.253413576770004,139.8615151524827,006,004,12,1.6517800688099054,0.05112087952285189,33.96304083402291
1635,16.002553518440667,2.1864155339278506,22.161820151821022,91.29781653356903,8.409453328132093,40.27252690143484,95.85053346748833,14.522052615316259,49.47779864986001,26.71760171641151,29.74841326405737,76.74564833517796,006,004,14,0.32508570817966115,0.2706803827102788,1.5260804198193842
1636,41.47460353498586,11.04455888573749,58.00863637885978,19.520527569377457,51.449430670906736,174.62721039125498,13.551616297604784,3.2338312116170425,8.156575877413232,32.44262426562186,7.488976284715688,29.649182521011536,006,004,16,1.7197223342116672,0.10603571639460609,17.938053220116327
1637,25.93754057656723,14.603496871525289,65.56433821894156,75.33236683914777,66.59748072775243,216.02384551414855,5.275891183533311,7.766919771884835,15.661302409459243,51.94760278955481,19.013731719449368,117.21481980332032,006,004,18,1.122641009824516,0.1533904783777766,8.441485189054651
1638,15.873148422158538,5.727884286250084,34.85564036671322,26.49006737103373,18.730819511453348,69.09131290135929,8.570202561841281,6.0135683289645865,12.769757264054771,45.51627100316769,4.2559533089262995,24.256648566738626,006,004,20,1.2816846663399235,0.28390518596706543,5.79616601325201
1639,19.324021439854818,14.557781672956995,60.09115175973476,107.74283839166655,39.05284672152364,160.00819865670192,3.6997822232421984,2.4745606253000942,10.597518846259863,20.15028179481532,9.605543155295619,50.16624024341859,006,004,22,0.9103617799477564,0.03894895378041336,24.2835641791752
1640,14.116485536540637,11.889316360757302,40.730308884633004,50.027287338710906,29.150383728367824,142.08329684429654,10.380516294903957,3.478623068353217,12.706435615969275,49.96785968732889,23.164294021954582,95.33844475472992,006,004,24,1.1457025356495345,0.10846331334823514,11.708744547570301
1641,11.659582029530855,2.884668235775879,33.90439830430172,35.38192770227685,18.254922545515647,57.41314220440747,5.553162740459593,2.102995451989766,13.278446943765998,73.90783615446236,5.246241827491266,23.52511354615197,006,004,26,1.3231629985336515,0.08941020235019369,16.121955124640333
1642,97.72783648630248,39.341990775568654,84.20713367071262,92.34908100966321,57.56418076739269,138.16333381132893,30.503290068297183,17.4916226908857,26.857873923374402,729.3053215443085,227.03706173147935,313.7732568841028,006,004,28,0.748307764412823,0.18404783622668913,4.814140755196495
1643,28.54549436045045,19.439717306072588,61.080555994714544,48.01730592093733,52.93951092869575,163.94179819201412,14.256760789375452,7.988835416221054,15.960490022405626,123.25527516436122,68.53692512874593,119.29921794491955,006,004,30,1.3200831000650968,0.20868712708678497,7.645739687000259
1644,118.01229443171047,16.01919690977133,29.512671818330134,52.4088149034821,21.11944403605566,42.76099429212399,14.07916041180202,2.349257506682512,6.208027469002381,37.58574175727838,8.10302308556306,37.17540879484951,006,004,32,0.33705727645450173,0.027570029509218573,12.56255294891289
1645,2.117131592701093,2.0831090695560692,5.074443577849927,24.61211260748539,12.615600208329603,11.307376968733125,3.562793344531025,2.1775334345250954,4.160573913987967,20.493795434508158,4.145222961239318,14.841366780013374,006,004,34,0.32649548298157205,0.1629326604386295,2.330363105977579
1646,2.941907460140463,2.40922921158878,20.692127087137372,25.085023088738687,13.641019558054646,39.85826291836116,2.1445716167367386,2.1900645022892653,3.5942444069222237,17.396701770085848,7.415108894054473,24.11376576716212,006,004,36,1.2770135502731608,0.15628286504437428,9.448181578902346
1647,16.653609106949865,11.669635819668585,46.732394294341084,31.881040810790438,21.994109869944626,112.72364867429077,9.68939066451901,3.1512784154002245,7.718666779114938,15.68495024949617,8.15005599383342,42.95670810679157,006,004,38,1.7044046210681458,0.12985685157887064,14.829662166935476
1648,46.70858892138172,15.613838263702585,14.112133304969905,32.05151899652341,8.263227531173717,39.649174813677874,4.6695179158978055,2.6910885899286274,3.5964924465199957,9.179822193654264,5.62759299300962,23.677866158474576,006,004,40,0.3354349905894151,0.06833633576870307,5.244024056950197
1649,28.904288218418827,7.483220253982225,46.9375340941432,37.60855039207666,36.98576430648585,143.61597505127548,13.220223122865683,2.961601883880738,7.4924927774816314,20.91056760582783,18.07810448326911,69.26470529943555,006,004,42,1.2959717994817557,0.08905354051190374,15.848698081133904
1650,21.289572864838725,5.98583450233116,15.931531819504489,38.181833545560565,28.885549502052527,54.02093739244597,3.9190766627243416,4.369468666924533,8.18283485807468,13.558375971730694,8.222417937208554,33.86135698249834,006,004,44,0.4671294981077667,0.1469435122072539,3.646102772197691
1651,23.366746916054616,27.386419927201516,36.83990885746843,27.630115288892092,43.597563021496995,97.51574540387301,8.910647768465616,3.2731551227603757,10.452526727364297,47.30967236335931,12.814629556340662,49.11149146570737,006,004,46,1.280426757463879,0.1283669222473409,11.25516740752572
1652,7.270962526294307,2.2150010470766492,12.200244923816587,197.49101260911723,62.68602214018745,47.34060525363343,13.65829512480671,5.454879530316417,15.601167030408849,20.37920722013738,7.579309019969998,24.57082098661111,006,004,48,0.1131371708888531,0.053280200356624216,2.236574585380238
1653,19.612212097529536,13.568331290933038,51.463383321256956,108.56723254040888,67.70250168355915,95.72539635559446,4.3692815349991605,3.3488988631936367,10.025244759331652,15.443951174663445,9.250394967154193,30.635651607100783,006,004,50,0.7631144056496331,0.052253290262773276,15.367255155678103
1654,14.598732715337592,9.427510605799387,34.41940360495116,150.9936795232349,86.23745110951327,105.19065658588198,9.326392926817853,5.765739948791113,20.291085341576057,16.397038178412316,8.0308464778233,42.945162568770456,006,004,52,0.38864777856725324,0.0696377312323259,5.969642042591216
1655,3.9747769963257356,7.458907352075517,21.957170313452252,62.16967585051512,47.25265610949206,42.335018631474384,4.271455226696631,4.3538617576112655,7.680879295937223,17.331230310938935,4.739230528913803,13.957616988788452,006,004,54,0.5866808790500472,0.13164707152972427,5.043148252253879
1656,15.617976147402072,2.6547088063908406,5.718472979373483,105.58165355909215,59.57556198813842,19.27091876356174,4.630634938543001,2.0664360703073235,5.191636885915122,8.052393374812342,1.4871732439619432,9.803249688368862,006,004,56,0.0912528337836798,0.03409970930293359,2.7673118280997793
1657,7.585153278938712,13.512768235467197,33.07723392879775,228.95311801741565,128.6277778668503,82.42363176794169,10.703456290200664,6.557737586327014,12.635018728706598,6.500206896544794,11.41498905116916,30.3766675221231,006,004,58,0.26498487923075414,0.055447581910421144,5.044000845316578
1658,6.669768012875687,3.839001770955257,10.197416511172264,113.2611421651068,53.60656438465918,17.192240327263008,2.589959527215668,1.886274456588624,6.864223683587119,16.71994249347299,4.118699856722982,8.8236409443134,006,004,60,0.1648687366722311,0.031456018365729296,5.406114934946718
1659,18.31893566535502,11.610312944049525,41.73317567485775,87.03679999987554,67.0592762131709,83.27768394009274,6.600531748747633,3.8512932271953115,8.963449173225289,12.401197874333638,9.840567014020147,26.38108838215353,006,004,62,0.7382592434142446,0.07311027165019006,10.8361459938094
1660,12.991695768704195,5.467847362355126,10.343929760674115,30.145484857406615,8.917912735625134,6.397954072708739,8.422705879470826,4.143018356503812,4.511933500889093,146.57685091885963,43.12191332769086,39.94707425404011,006,004,64,0.40230581810778016,0.1920857272714784,2.4967134756803477
1661,56.31091572507087,18.556496919432515,11.475148300328982,204.58864089885043,112.81557452959356,21.134010189092873,29.255266490292584,15.712492679252001,6.537360908635908,310.0945575411068,141.0049196344361,44.89233116968073,006,004,66,0.07850964700061944,0.1204485962534699,0.7303200411658209
1662,11.364921170699446,4.1540800378782015,11.862891553019114,29.60735991032365,19.542450931451675,20.428116257684835,8.82366785463233,3.651590163877507,4.097621666962288,30.153861512323388,16.822422647268283,24.521248551007897,006,004,68,0.491466728927506,0.1782468570229932,3.248691945325619
1663,7.496053659501154,2.542387902848499,6.669319583986505,37.62736139745546,17.66405999995463,9.210061076801397,6.29239695457984,5.436806197401138,2.9086751405181075,31.06889119415251,17.420074835771324,19.34106893366092,006,004,70,0.23820262922820623,0.24097494352050167,1.226698054305214
1664,2.762536846899594,2.7345983370966405,7.039295852702857,21.277197682908746,7.8713159112722,8.904083375058928,2.8402292609556525,1.368499946208598,3.2577733459852993,27.69212998119505,7.028368822870498,11.568119953257424,006,004,72,0.5257770228217239,0.11385316626618411,5.143804259696967
1665,21.00647105180106,7.307260102255562,15.775292961657762,47.12215967300806,23.892070900699316,41.67116194019111,8.184398746614253,2.6765657362602235,4.787059571143891,42.62735053992375,7.579172271075963,27.56799628323245,006,004,74,0.42936621251119256,0.07857388906204887,5.893855976688794
1666,17.11244922452576,5.632154067339023,15.180738598072548,33.69620710752575,10.394058869386228,39.892408633810675,7.103772081880074,4.466409398396049,6.090613998410144,30.899266930873125,7.0473548452793775,30.106792580779654,006,004,76,0.5082143875869305,0.17581293113545748,3.3988685863692134
1667,8.325729688748286,4.500993610346569,11.628860197079334,20.130550403980095,10.483920030468118,9.667144856640084,6.051569318850904,4.071914255774532,7.569229720656518,51.44458258090518,25.41297049904003,36.118455820917184,006,004,78,0.6354549557659112,0.2861873893921261,2.855870597124686
1668,38.42034255134906,9.379362030339067,19.061204277903137,36.9069258413292,15.974494185022033,38.23943889371514,5.374351865305208,5.01146384301267,4.652363389123522,47.14074517658856,25.39591906136471,46.467499315604215,006,004,80,0.44665871090269815,0.13305842492224979,3.8035202637408205
1669,36.68167478649028,6.219316507170284,24.21584367391028,40.50392817021062,26.900467033779137,41.27583608591071,3.5812774619747705,2.171158676127965,4.825346215139593,121.03050399754748,22.71944866972643,46.19314562715064,006,004,82,0.5940503224451776,0.05625812568558745,11.153419572767804
1670,28.973134334355873,6.6662904047604,8.900369794523892,10.47530826641838,7.788447256556108,9.310976274302547,8.74861066406936,5.621505411587329,5.286879874184258,170.72391107284292,54.08769615570263,39.16866801235851,006,004,84,0.35115859551657513,0.2850051885940357,1.5832715870339649
1671,83.85669958114082,12.966244705913795,23.775433556157132,71.8377861398364,21.407969027707473,47.72082523269944,17.289811582392502,4.8536992732379005,4.786995795801545,135.91396138920354,26.878504312892055,41.612842572037124,006,004,86,0.2874868525404768,0.062349019629844814,4.898415047518292
1672,38.594429748604604,3.361746685249477,12.660623127330597,39.345277021507464,8.465488402237048,27.45533462383421,13.709096415155722,7.126465916806154,9.880003619299156,130.02114467041622,22.396339664635462,41.228906361806885,006,004,88,0.27465583628103546,0.18287125297574192,1.7765640466298152
1673,8.2647101119158,2.2493549289898285,8.531102513609426,47.99269283796068,24.143135080367944,18.535743533801288,10.558002265762083,2.61930047656353,3.2234848416235637,38.157312814127415,5.340888396646541,10.698311575074591,006,004,90,0.2774522561519727,0.09311842848121665,3.25701560013537
1674,11.806651286686968,6.138927635993067,23.19086187644842,32.25877614013013,19.278688864956667,50.10552091225759,5.164887412270428,2.092767798244361,5.440916109491366,54.6334857394143,10.181055268962261,45.25107101852774,006,004,92,0.9612600629441094,0.09498456819555351,11.081430962337729
1675,46.81416333755947,5.436175325749586,7.326589754448799,108.80859460574626,41.00593571650897,20.951880210043576,14.13550075891755,3.425170499303484,4.696115961345299,393.08363148657617,57.12746031656501,33.3669272615411,006,004,94,0.09018834258917159,0.044018889583633945,2.139043809917981
1676,17.383067240442294,2.4918061526242052,8.389952099313145,118.66325039031062,65.67934447242284,21.184457087839277,12.868464291048014,6.285318166562831,6.2252839040061385,52.51096596409102,16.745278709845056,18.881393464668246,006,004,96,0.11290706578944319,0.0923996808737152,1.3348492275135289
1677,23.866139565120378,5.4177582234536175,17.053886299215243,257.9552486655089,79.71168009136535,42.780810567177824,18.586255721436295,3.8174798456333394,3.6359888744331386,41.19260971076582,16.95472793874604,24.080212528951222,006,004,98,0.11783390774913595,0.02709148421701262,4.4673153464641056
1678,6.362621783481449,7.700047260833312,24.185327216120367,40.35838297020926,33.5711781480018,63.50089830567149,11.300117009524321,3.6894488756143007,6.47809115871269,28.58500126718338,16.74349679177305,33.27901247800413,006,004,100,0.8940987357203164,0.157935339578623,6.555268288436023
1679,8.721783672624515,4.495902332750502,13.633052974538877,36.097269056054,12.221455184602156,19.733233786362764,31.42506063865521,9.702803097587086,9.446376200218435,367.5188812771844,72.2641393588421,53.535933881396815,006,004,102,0.42454263527355646,0.4329767144488764,1.405063344831678
1680,9.273024847965225,7.481935746217752,8.31056261955667,51.02972513842255,20.8369068117723,39.302578401139066,9.030311503499835,4.9809182316802545,6.977476721343018,78.00557529606405,27.679659952012905,25.106641761120095,006,004,104,0.23655053105593116,0.1651970509737816,1.6684800338015584
1681,61.456161586494346,37.052565368319,19.776174332520117,661.9021815198232,229.01911493376585,94.69693601298049,31.237313256141352,23.75736432870569,11.202854169459268,192.72092479500725,45.715909951824486,35.9633945394703,006,004,106,0.051308509939964476,0.06568629381306214,0.8324229093302594
1682,24.521943440068426,8.638310863445085,21.051328946478364,36.390217115301446,13.78285241631911,18.73001842015922,31.518889137637956,5.986053053704154,6.3739411174570035,151.20007940250966,36.43877854426059,51.480327528551385,006,004,108,0.5776645608270689,0.19654706052538592,3.516729430497088
1683,8.616872193819507,0.6772362088348889,6.957682756165147,25.226004010854982,14.685071370316106,24.650611622654733,9.700073932135687,2.580556872533485,11.737979975804098,223.47383737988548,57.88638644451352,78.4488227802067,006,004,110,0.3567677442810574,0.1525022197833794,2.696194309925973
1684,18.331439750822245,5.161663038955643,9.041751629040814,30.61366490338132,11.791994565689219,17.20331100143632,3.0164836802746686,2.0909091306134213,4.0758307031986964,61.02235172825986,13.119318032928572,12.049174674594294,006,004,112,0.3403830349231346,0.08543894820066944,4.324315914383226
1685,11.739291798646242,4.442375197848446,7.038716169223035,123.5286259033748,11.565619858876621,14.000296877635924,43.033496437220165,5.895962567032094,9.817904352629213,114.02154041885927,17.243790208795616,37.85851011900547,006,004,114,0.09572587639806575,0.08717458902590917,1.1938196840971769
1686,29.102264996037235,12.100485947380392,19.093461495082202,28.291983190520245,25.99204041870765,32.081745982332436,16.50075168752555,3.3742383923526695,5.474745557275943,95.50819585067178,6.326568150117936,37.3081846001785,006,004,116,0.5953430105639086,0.11758106426918796,5.658598852515986
1687,60.9867392749183,14.708512786600217,21.80510448562344,351.62539183588547,99.00575831396338,32.74070727709576,30.24444660656145,15.490881260553843,9.856633026402381,150.4494586823645,28.428484659802407,25.433163581603633,006,004,118,0.09831111202679015,0.07508689198667252,1.4076090390769571
1688,15.953469764871066,8.602304326062484,25.384321060357593,23.56572652255942,11.545238386259328,30.662501002763268,5.822455266265598,6.029157789700677,9.247507398684341,116.92077980342167,81.15233845807857,94.93754124759937,006,004,120,0.9843173949878568,0.3051255266351819,4.210259864772559
1689,23.963915738914473,8.691637169394522,14.037342321318743,95.10540651645972,50.84054811850105,15.740923912519975,9.747341430048667,3.9056213273523466,9.731713035354902,153.1757301737098,42.42190965639506,43.83204884864128,006,004,122,0.22126859746040856,0.06560247851206806,3.5941380755503953
1690,22.75119326040111,6.295562966860809,25.657081346783077,75.55141846251291,25.800501991216947,29.88127193746161,18.18596776705067,6.3114795007927444,11.482083908997177,128.66644411769775,34.496845404704686,74.0096438652536,006,004,124,0.46259994299251944,0.12840919259770917,4.06514531871021
1691,53.2030293285724,12.608006591418967,6.306784210030994,261.7897408671431,35.23098836921777,22.770758023558187,41.51681774946884,7.990695415277028,6.932239403331097,206.53060494293223,37.03192043628379,18.82366471844554,006,004,126,0.03811043249101504,0.05073573853972676,0.7892660002999682
1692,58.42827865851043,27.225001470549945,56.31600521741561,692.282353420072,109.86727904013364,108.36331693868037,65.08740959147579,21.0251830918025,15.844363610164798,322.9871380328264,112.01943815742081,98.36638422359853,006,004,128,0.14207562011972338,0.05601408104101992,2.678502487779649
1693,7.212042589625312,3.061806739951429,5.47806376875538,7.52450313282101,2.162456408806692,5.032629811268219,12.090586568124507,1.3555129038700264,4.046682663942025,5.653241872623076,2.350577739243172,8.148337959826023,006,004,130,0.627945701128398,0.18396616539591695,4.041321741102839
1694,40.358392688617286,8.03901343566087,25.75728068773777,145.1690046582316,28.41152823286953,25.527581646565537,33.04821420160375,5.796408237514823,9.729533687849905,750.0549850103483,93.50823840565215,61.50512369967355,006,004,132,0.26133576246028756,0.06248573871467909,4.443662287454939
1695,9.75875474182688,15.93035094659632,23.257868580993943,148.27421870251277,102.66154609955964,56.15785578995417,10.987350046727112,9.56823951625542,12.79841787362071,105.14462843444768,18.24816847155881,38.43543003660268,006,004,134,0.26254942097349304,0.1210916849530193,2.4307364527697386
1696,47.68441014707605,11.325393973772748,17.42068088966464,184.1835780320497,30.312224709124752,26.34705746300169,19.63201240920257,8.738325760624715,8.536410328035444,144.62539657295486,47.01347484208855,34.8380698912205,006,004,136,0.13973174567216035,0.07537328312758781,1.9935948105943824
1697,22.732979052259644,18.843889931444565,32.533024191261035,71.10869132980945,31.68848984632956,89.67220713672212,22.99526203313219,11.43283609312505,16.78032107435235,192.95932879497948,111.72212714154767,95.05162997068534,006,004,138,0.5575146083412287,0.24366224613387943,2.845577766204856
1698,16.836846737251772,4.546961946089499,11.103129723182066,108.99493333764948,26.971197341632788,13.159128367128663,23.293906598154027,12.157097145935932,8.070615985185807,122.05837050516396,70.22891390079977,85.39485662882173,006,004,140,0.14789780105671826,0.19322777026120794,0.913304351351161
1699,34.65502137924697,9.770718234243823,17.519859567584508,29.672594144415342,10.186116252655264,14.268077226633224,25.536044096390313,11.905451533363403,21.125674415394677,133.86852603826696,47.361792443907795,113.24512956394653,006,004,142,0.3975528485793027,0.37015056244340644,1.4715829566386032
1700,13.566927456381046,5.094012728783673,5.352338465347993,38.995823268761214,21.26019166299587,17.275659873614302,27.103401144140868,6.055766960380595,10.404626616340188,73.0737044661077,20.48237367608557,25.75216759540225,006,004,144,0.16551674269464123,0.23042047369427146,0.8838415514277992
1701,71.33782002644872,29.696724897156674,26.429301982718506,442.5478680273815,107.35415485718657,92.5024984020713,15.364784729652927,5.901070221825405,14.974245051591168,192.63582282573452,97.22110855859961,56.27253106373309,006,004,146,0.1005513179114633,0.02296647039995891,4.478730296238198
1702,48.144835541158926,13.005554615594484,22.717735470513603,151.68188986529293,27.403496149148943,37.37697311062851,24.24158212628788,5.353647301166547,15.434070908411917,385.87386709274205,29.951569159156065,65.94652757468738,006,004,148,0.2158105893723557,0.05358289578410609,4.243412797395798
1703,11.545041707331798,10.579778572827383,23.424605900919424,90.4740217746358,26.641466705158585,36.19911354611318,11.997167775133935,3.8390378840931323,6.11751580301294,23.80557234486249,13.594109638161994,42.25421735366082,006,004,150,0.42707779001422896,0.07526118654817297,6.1016865704759375
1704,9.02326506392297,6.077586932538674,15.989732947536604,48.9286912833455,11.211073215951268,36.367090118264194,11.770292923284352,12.875489285543592,13.370255901565695,154.63055973481892,87.44781527750436,86.87189056450254,006,004,152,0.38205907506428743,0.44435046190293004,1.2418738110006924
1705,5.861272012599131,2.875588679495424,1.9565968368646136,2.104345474950158,1.6937268354627961,1.4795633433114597,2.280616067395944,0.31514780773534806,0.9783028276260888,1.54248567629153,0.7669279548080885,0.9890799452141247,008,001,2,0.45523885907529854,0.07912702517486986,6.208505307159574
1706,4.283088597780848,2.0928938488337945,4.645699853918444,4.295779368658479,1.0142344469999707,1.9045353858561667,0.9142453118434027,0.41682601351242904,1.2592504908970978,0.794392199683255,0.6450564298784749,1.1945475976136635,008,001,4,0.9871320022999792,0.09717506205785174,11.145417280392259
1707,20.09412761764992,7.517160556130292,10.427744236488783,1.4583460386002807,0.9084254352100716,3.93926465042414,1.015852058444855,0.3642173549784974,1.4815853055588677,1.6614652239547931,0.683707386405439,1.3714212757680984,008,001,6,0.9360250547328886,0.033798195120203725,28.630552866170845
1708,9.295592210468037,3.2477094609892116,4.706662945906106,3.1011418321955704,0.9351745115518644,1.7018539873584744,0.9752293332346675,0.6758576272785302,1.4265922996396097,1.6373538898486464,0.627546153048339,0.7989415941485392,008,001,8,0.6846827368171022,0.10903801355301368,6.963985839530115
1709,4.425594240373728,1.133492454113843,2.5735137961368175,1.2376153274621144,0.8007853616992275,1.763066559900659,0.3511641008336187,0.5648334350327073,1.0653159166303643,0.5732784441746498,0.6159485283240294,1.5160323468668637,008,001,10,0.7577095858177971,0.19947467183297427,4.556234876548686
1710,0.581340038843868,0.28612129024799415,1.847445868796059,3.0435468596360815,2.501935962306084,2.6689026748428653,0.35234285510266744,0.39697322061237494,0.9299067294238869,2.53844353340585,0.5874145303199103,1.5366611512742696,008,001,12,0.8361690639907772,0.21902654164401136,4.653829963507791
1711,1.499309421915883,0.47043833743230534,2.938294241443322,2.935274085260289,0.5986456199324661,2.0795400844346723,0.4554625063029948,0.32456968917789086,0.9915082062990757,0.8477759859927818,0.13379665161199294,0.615934521069478,008,001,14,1.1559616082952024,0.14638113755335208,9.052891688332904
1712,4.842451894951489,1.6702382002300498,4.06322211860482,1.975726761792338,0.547498983858478,0.8987548621652686,1.3333010149812068,0.45688025952659905,1.5721043279452198,1.4906517962669223,0.5653939983231799,1.3268472257240331,008,001,16,1.051022783863525,0.1340182716024025,8.89340704458312
1713,1.4546755412221266,0.2850349432974394,1.7966388620036868,4.347558738237495,1.1762375493132433,2.237752224192063,0.8277808804550821,0.4615789274505745,0.8737482826925435,1.6495381790517798,0.3667415427777467,1.2018255702877445,008,001,18,0.5342852360457796,0.15910385731393203,3.892376265803576
1714,19.158731005144794,4.3049908394869885,3.775734370588207,1.8249086177802738,0.5625635032836886,1.1103379661465187,2.8808282352010774,0.7426765384903148,1.2140229577373596,3.8645477062438247,1.021012489836726,0.792145948167349,008,001,20,0.33608399103748465,0.07078624603130575,5.083955362671587
1715,1.0064851181071743,0.7107319868743429,4.915077487005082,1.4718665362853356,0.3428827241264959,1.3948616626484756,0.3930407138115245,0.32842192199392645,1.5144143292120327,0.872298692260774,0.31859885793950266,1.616477002577057,008,001,22,3.1354200971162425,0.26503254403937987,14.965741194024123
1716,3.7782359874122795,0.3923750881617077,2.9143939585296454,3.1367381058115384,0.8725046755460877,1.5243450315059484,0.7958933632672638,0.21130861193062678,1.0156935860359622,1.8090098968072819,0.17594442649615527,0.6343641950511899,008,001,24,0.7943734755964622,0.06111624109704016,13.79212106833795
1717,15.360016199555602,2.3061505023326965,2.630354120581088,1.734889376213275,0.4684816638283803,1.1718398490062767,2.2858572556154533,0.560557066474803,0.7576582387235856,2.451580116082098,0.49042138395046875,0.7457494212873224,008,001,26,0.2887957042912242,0.06558176808760652,4.692393117301505
1718,20.555624373453504,8.993563541415677,11.227068217696692,12.053394188585678,3.6442637046504442,6.021516089368537,1.9580191740420783,1.0300462654762048,1.3563550313578019,2.3116922102430255,1.1590194220759655,1.1117168709683451,008,001,28,0.6476698054116685,0.06317554534899757,10.899576644264869
1719,11.887636501549576,2.5037588938070963,3.8135985369303818,3.682960640120454,0.8281067680827163,2.1035746005312808,1.4284700414423905,0.8402112423952534,0.7664928232243753,2.1863681221384463,0.6221148884335554,0.8873575462179233,008,001,30,0.44213021832992183,0.1079228027994739,4.538856830882993
1720,1.3263274673223022,0.83771276800568,2.6415950340745806,1.2649643415623784,0.3684337092084963,0.9945263812703512,0.7335691892704517,0.6090727698203172,0.8708826495422375,0.5852424467109644,0.5518137305843573,0.780234857458448,008,001,32,1.3868688692817996,0.470091996379573,4.337076232867673
1721,0.9943247340834636,0.5499916010433483,4.412313087309258,2.062216303235267,0.5906083691735894,1.151825575674207,0.6728468527962179,0.3458071990811846,0.7974503409031506,0.7383507975977399,0.3568844470887637,1.1222890706258055,008,001,34,2.3543917338865157,0.22627355226647625,12.759459892775066
1722,1.593462139936312,0.9200997040107523,3.496734117012325,2.904237026736766,1.3275067014191144,2.3039946131055755,0.824145389388657,0.3464072208750164,0.7415502708439423,1.0408342837382194,1.2196926038054667,0.9765779870964209,008,001,36,1.34735572654616,0.15403752364845327,10.094287608034433
1723,31.946663136218724,6.899328395895095,4.578439085515804,4.16406644014965,0.883823888647902,1.5691263526831771,4.288785468709785,1.221499468701299,0.9145467679693264,5.0984013472453515,1.5967763132347157,1.3350086336231628,008,001,38,0.2375095360170125,0.06765299305947417,3.748212097368827
1724,5.0600114706798625,0.6308542144611426,2.9377078081631565,1.3631048488836426,0.7597640227603869,1.5518841023176986,1.2710226983128012,0.18760107216822902,0.9681034419179606,0.9447533739199752,0.2961996394914729,0.6772305802146569,008,001,40,0.8642454229712251,0.05841434681692883,15.65933378850203
1725,1.236168448472504,0.36651899270735677,2.3803155198649706,2.1934497080884947,1.145304228027321,1.1402671818212293,0.3316734256558677,0.23149122538461295,0.5664652120780842,0.3655479779628311,0.21343777167874373,0.5330577525977042,008,001,42,1.222994989715902,0.1349953346507458,10.28253021647009
1726,6.626017639355805,1.2437714159863384,3.5394459559407228,2.72270810771784,0.724505309608273,1.2224352686281286,1.16448669513864,0.2912298673140342,0.9093619116546506,1.269647022929072,0.33212034300188137,1.0405610388000086,008,001,44,0.7127942504874528,0.06230364975787113,12.153444248642689
1727,2.4635908868999836,1.201633091765662,4.57503712589975,2.5314755251919334,0.9101561075946071,2.8000107013455287,1.0429167254821845,0.36458961594232586,1.0916622729751042,1.698217590439398,0.46354425925301906,1.0738515388265926,008,001,46,1.5984768685508481,0.14597988729828995,12.548457020847987
1728,15.25429061391349,0.9640220260045551,3.2267074632777133,1.527783458727174,0.7407393062929113,1.3260105561292979,2.984654068587113,0.5202802612224084,1.1073712145300831,4.6493865604934665,0.569384165778077,0.7821640003265173,008,001,48,0.3620909631584395,0.06200428611748371,6.201864079364653
1729,1.302518387942593,0.5432618068510254,3.0582195606825033,1.280814110840305,0.3754819031093448,0.9588585168321946,0.4691068870741456,0.21912571366511013,0.5426550879218943,0.3637900455536044,0.19445941072581158,0.43885473310292766,008,001,50,2.0242492914082395,0.1696457686096143,13.956461382512053
1730,1.0862207114327695,0.7898768365623037,1.2926851053921755,2.9248190354741785,0.7560213450127954,1.3205107369261828,0.3453946001741218,0.33222517148773345,0.7302862272253008,1.1276875554303452,0.45786832432158064,0.5790245666389772,008,001,52,0.5529623977556909,0.16565538735632018,3.890990859011129
1731,26.41742534556454,3.5897142397184076,3.279493958737695,4.5605984031896725,1.0220214658237734,1.2242074340231033,3.3612096445226456,0.6828023247876873,0.7611511736496971,2.356804463746978,0.4444493362608342,0.7218489176060637,008,001,54,0.20279072702350656,0.04408301383752063,4.8029917879342765
1732,4.474500757600932,1.5518386537938684,5.470458829527496,1.9172553008286473,1.2086190062270612,1.5843642634403001,1.2958052690531299,0.39436720786969526,1.0182307073661536,2.375698850079276,0.7493307485562957,1.619019303630736,008,001,56,1.523700602126519,0.1233987042886581,13.871485053430245
1733,1.2681855248725662,0.4402973038878028,2.9148811408731974,4.8811735604169595,1.2297183692941558,1.2471661054880543,0.49185545213534954,0.2537526777386278,0.7103409893018038,1.1567442449521843,0.20212064935666124,0.6572372855950285,008,001,58,0.8757519900878266,0.08252979675415412,11.48709509925095
1734,1.8765210721505523,0.28524396184726314,2.382846961995132,2.4647429417926214,0.7072079957357535,0.9835033458415388,0.9897052781601483,0.29364907792747164,0.6144357370281728,0.4506769083846193,0.14362176113661387,0.635221964620041,008,001,60,0.9669542068869704,0.13528275496921457,8.11460733611999
1735,3.325789979222984,0.891209590208526,3.6576001981392334,1.8200241703919944,1.0397440325625134,1.2481892982754892,0.7008645584122941,0.3595792947431504,0.8267314577511014,0.920805354024848,0.4227468708954685,0.7372785700379219,008,001,62,1.247269292064845,0.13975603637766632,10.171887679884012
1736,2.8528986635942797,1.4793536288271965,3.471010777380026,2.4241806230949834,0.7917999995117535,1.2513637294021422,0.6280571971632974,0.36439964788702334,0.6714358616810432,2.3967481486342104,0.44598092029014413,0.6107130259976541,008,001,64,1.155871111852012,0.13810656542764987,9.52528576113268
1737,1.2611612030320045,0.6893890923430341,1.9832245931384755,2.788585988365016,0.5814502459180177,1.0881389940285613,0.5980350071875064,0.22829325895112845,0.9544923751978334,0.5866349054841588,0.35757002824092987,0.8227999478258267,008,001,66,0.8801942870080349,0.1127444495479113,8.687179824100857
1738,1.6184427322263768,0.766434875128887,2.1570340910894177,2.8311898382879757,0.675628894360415,0.9545246146127289,0.27484628344362605,0.3226771678475338,0.9263640293545818,0.8415887223024493,0.4847001802190648,0.7543651528145494,008,001,68,0.8467280214049511,0.14503542156975632,6.684805452701334
1739,3.6195423883995357,1.0884688760743226,3.1007872124434943,1.6789267887768216,0.35838286113039164,1.6214376507487511,0.7308352588831657,1.4483941828552376,0.8904753055071242,0.8438001731666676,0.46601128356038723,1.0305056045973502,008,001,70,0.75672721600674,0.5467217546888179,2.140844839856284
1740,0.8214168133293303,0.4496356909616356,2.031983515799218,1.9674387420102972,0.4070011251905633,0.8528149090393939,0.6839000814017673,0.35882699131966633,0.8030847162469459,0.35316334482196776,0.18007884072355163,0.509308665111198,008,001,72,1.1589778917130156,0.25732920490101774,5.6628502452564815
1741,14.21325165459061,1.1123216229370663,2.6578302593808383,2.7472200386720704,0.5610885639134289,1.0366695023269417,2.3849796148509768,0.3388214223438677,1.0316996676982981,2.6312626781780217,0.25649360860574205,0.7804811170930556,008,001,74,0.30137351173927496,0.03995424519690215,7.844339478285477
1742,1.5358658904405653,1.154178389597909,2.6105522056626294,3.8437344974278322,1.1225460378299297,1.4067943553931168,0.5017004275991899,0.400331079976589,0.8796058470650312,0.3793415199555542,0.4116851112536885,0.5766002869641302,008,001,76,0.8448030113487004,0.14883301773841065,6.520983096828985
1743,13.32109383629669,1.4338070486318462,3.910016497954887,3.041396211184191,0.9645756662407943,0.8239186708554174,2.6602282409648685,0.3472096775901906,0.5605483778591144,3.80866348149981,0.37144681372070454,0.6326717764774528,008,001,78,0.4584671707694989,0.04243971138654974,11.261254366791741
1744,1.1506972088797607,0.9953633419528578,2.8440872971560216,3.6858854871813307,0.7536029723858475,0.9258544391795354,0.6213388587680133,0.2804721845998149,0.8225282015325039,0.6797350680950133,0.9156268765904574,0.8534686372513514,008,001,80,1.0538482763564025,0.11597948478301888,10.140354207366554
1745,3.63906261398081,1.7703070525880966,1.597311183471251,1.2654158001196627,0.5566215353871516,0.8450387058657556,0.4766472794428326,0.21322566252342723,0.5430410428693627,0.8560802014587274,0.3044816005154751,0.44414419689694884,008,001,82,0.5992617654445913,0.08695141237053841,7.491177021413891
1746,0.603931502709245,0.596220805393597,1.8391269011360043,2.0516311325417904,0.7108062243190117,1.015807120371791,0.289223046397158,0.42932112813406953,0.6188108862626738,0.8325471132194511,0.35843526860708874,0.43752069285078565,008,001,84,1.046681657961587,0.32333722611930404,4.283802451394092
1747,20.844450652501134,2.8535716784239984,2.3812500311921942,4.193235757150264,0.6422162419774688,0.7006346390543005,2.6901646751406663,0.8636455970855903,0.7332910458695362,2.925856379933947,0.6892807992493706,0.5255806401030889,008,001,86,0.17793775630524747,0.06898765189044596,2.7572073999193956
1748,7.527765655988869,1.5797414859145038,2.5732439293367593,1.8679748717705014,0.4063737714022596,1.212447330977452,1.7297841024926348,0.40465951376923276,0.7785273396858214,1.3734653200691578,0.4393425057266666,0.6110710695110529,008,001,88,0.5043074791270356,0.08613680051586803,6.359034797842949
1749,5.323427331741653,1.5524330656202148,3.518605222607585,3.059934575789368,0.8307730986678366,0.9513711310837718,0.8552015329982674,0.38733465250115373,0.8877058671817104,1.0368770879889995,0.1408722179338467,0.67357981306428,008,001,90,0.7684195742404016,0.09240556635237221,9.084147777346372
1750,0.997763332561661,0.4445963999472238,1.7592261935013491,2.9739461960240168,0.9966169426627381,1.1846576855920328,0.5805437962182162,0.09959717354481706,0.5537577725488876,1.2698670386875337,0.2630921321795311,0.4762870859026629,008,001,92,0.8435707203712588,0.05015330191091971,17.66341484288936
1751,3.1221111000873054,1.160111619610091,1.1385639225873072,1.770880147173067,0.45688860222054445,1.034455926808839,0.7813749495405347,0.3395497975478584,0.6958846913560146,1.1075290622906406,0.2615455579109276,0.6369878063474577,008,001,94,0.40866667640539744,0.13879027383830914,3.353157418469173
1752,22.878829665168563,15.33513801330424,7.131152054084577,3.278904722268307,1.8447991933875516,1.6615453375629623,1.8524798096243615,1.283932482893888,1.066614357027966,4.780690009931263,3.6600635428964843,2.0705008834609675,008,001,96,0.4965015327545502,0.0981684777341068,5.55414879605779
1753,4.765083292584817,1.159437032333839,3.4344176818524907,1.6441926249182748,0.5443509879947346,0.927172135583893,0.7466339303356014,0.2557793099478354,0.7049504268353263,1.7787761554812684,0.4905589372100965,0.8735723405470341,008,001,98,0.9924865746446055,0.07981535301026053,13.42726932273341
1754,6.568709267295567,1.4225985394859926,3.192808016864432,4.557558502998008,0.7788008021556324,1.486203547581634,1.3947648659573484,0.6935433018922942,1.2765017016601323,1.0056648376245187,0.48345032611655564,0.7230472815775298,008,001,100,0.5103040993514004,0.12466773516704506,4.603617406660887
1755,3.512585349174016,2.0353488461403906,5.293258945818892,1.8774686464715962,0.8909774185366599,1.113587871428159,0.9135866434498254,0.4554124156111674,2.0646828579151717,0.9166855770413693,0.3060344765419475,1.1529288468660077,008,001,102,1.6801652884507463,0.1689825059188925,11.623000964335356
1756,9.532689125093446,2.0102547791300593,2.465626036134736,1.8642428749515336,0.7052607223048005,1.8327090779534578,1.467188602779347,0.5214729889435034,0.6747850939800295,1.418642290764693,0.7097519447812024,0.5448016809921176,008,001,104,0.39640678799401263,0.09151111701665768,4.728195109645196
1757,2.221665577677694,0.8661806852939982,2.244655141272251,2.7722498910398743,0.6942405071391562,1.267061729855464,0.816964580564411,0.43386716316619334,0.9042334956955591,0.8080839877655411,0.38860619323408196,0.8800611750415348,008,001,106,0.7658782833351174,0.1737583128444943,5.173599967537606
1758,10.062344548887406,2.374753588206864,2.241788526178489,1.345473081388135,0.5424055936301544,1.5582840987682762,2.1146065114105723,0.7889507336326724,0.8041274446359954,1.992203698039918,0.8333771058885294,0.543121221101563,008,001,108,0.34526983208854684,0.13831755717041846,2.841481008397469
1759,0.4270216257024655,0.21304253448770225,0.7106232637594538,1.0732279133099007,0.6792857367598479,1.0260943900561825,0.4144081756321359,0.4111381659557732,0.9208334699916105,0.27177609431017086,0.6639295605032154,0.7992662769692624,008,001,110,0.6119400198343231,0.5480930408769608,1.7284293276628002
1760,2.2316360763893153,1.5787410741841377,1.946972457561306,1.3181574766354318,0.7234493835439236,0.6814828315088324,0.5825569495762224,0.5621510819431859,0.6764262629559101,1.6317516196809718,0.43222769042175796,0.6551890069936066,008,001,112,0.8330905379267523,0.3167232536462195,3.4634327320534766
1761,1.1277052398522642,1.4940977248962968,3.5403637337674887,1.5913409676544612,0.33238582415204176,1.0063704234204762,0.32907012065694297,0.47769745207483993,0.8782215713382209,0.4995781812783916,0.5731217948222493,0.9837069592227714,008,001,114,1.9270216210766946,0.3513713380493615,7.4113096446091715
1762,0.7024047503117739,0.5369673935509921,3.2979909359734734,1.1170784512628167,0.7416147870415846,1.013948938453206,0.5317540217300725,0.5701163560728347,1.2248370951865788,0.5114049487511356,0.750447158201059,1.393133662636259,008,001,116,2.2285861428018023,0.6266794390620952,5.784768145736449
1763,2.14369683889933,0.47275252512345467,1.1966794443410875,0.6148042517380695,0.3421701826829237,1.2945598941183736,0.49065206311543297,0.3447413652390273,0.7452785860892074,1.6751517400572986,0.3230034846998645,0.818841471000034,008,001,118,0.694132865132732,0.24994832621898214,3.4712383398243105
1764,0.6131340537543507,0.3174953376141165,1.1196235837826196,1.8995586245252611,0.4144432405956664,0.8737768218725603,0.725615168184346,0.20774711745633093,0.659905734711958,2.5363958496452117,0.25344379519243687,0.47482714225787215,008,001,120,0.7647213903855745,0.16535815880083754,5.389357972766905
1765,0.8226025057256529,0.47128821990170666,2.0522135369979493,1.3667318068495204,0.3125174600857065,0.7642364221055813,0.6464842545928212,0.2545341395013694,0.46655058226458523,0.46688524848433227,0.19384837971532637,0.7419674059401287,008,001,122,1.5210580833291456,0.2325219479175633,8.062625866291341
1766,0.5562397669711894,0.36224235768129665,2.3835424880107716,1.6815013774504595,0.4307492548127834,0.9532761121708673,0.666160549401819,0.25108707730025104,0.6856406031718514,0.6289494756894172,0.3295959599767841,0.5106715624375955,008,001,124,1.739865819108667,0.22441119065641107,9.49289192275125
1767,4.62887308981372,0.9244739948927783,2.749350765077092,4.4360473164392555,1.1953873100940544,1.4476189784780034,1.1594701853680673,0.25836727388086994,0.7047077332366251,1.5571327995100588,0.5344185203690581,1.225617766422379,008,001,126,0.5738780572400207,0.057003760055664335,10.641250046028604
1768,1.1024382802944503,0.40137956681529907,1.989607815128285,5.380513503375139,0.8138292921030215,1.2586575876703068,0.6104250713388555,0.3573333679446684,0.6287343798626459,1.1459051018537427,0.30964784375821114,1.2148066390452925,008,001,128,0.5528516994118797,0.1102378607364575,5.567931779145707
1769,18.543077047212535,3.316741720531856,2.774153059112087,4.239445104196408,0.3495119722481691,0.7108015549808995,2.570867969071308,0.7511595220020321,0.7647941592667113,2.740090791447182,0.7163341668239558,0.8577088259779144,008,001,130,0.2284678772893172,0.06594173524862154,3.693161010218256
1770,1.5407299686293463,0.698449431509337,1.88926218059382,1.4524871214460509,0.554414902714286,1.1390029566985362,0.6318953617087875,0.47702363919003155,0.6479548217297677,0.62712711744931,0.40022018693063666,0.7819649847765628,008,001,132,0.957251404639551,0.3187364129195291,3.9605210840320555
1771,12.650294075611557,0.978965546324678,1.2341757470809447,3.2759522114209667,0.6330375344880396,0.9478343562390534,3.2159591154665907,0.3384484970982705,0.8705796480061706,3.522674489582559,0.3584997967687521,0.6120723630351133,008,001,134,0.14866772227115102,0.0425019795623583,3.64656885068866
1772,5.351030438303125,1.068412671843046,3.88657978012416,3.0216253688721295,1.0416572216717088,1.7757940089704023,0.8084322930314284,0.39329858844232124,1.0657367730785392,0.8828646436579771,0.6730479016958448,1.0606748627789173,008,001,136,0.8486674157571765,0.09394834745392724,9.882007956136212
1773,4.39318413336448,0.9071840457606495,2.3499520232183846,3.347417476693378,0.45881482273498136,1.0566563899312265,1.0063418288855583,0.30854422036116597,0.5922581365448842,0.9123694055491053,0.43864939473201536,0.42736166990157476,008,001,138,0.5623448605871706,0.07972099221855178,7.616256822012909
1774,12.054358621112412,1.825554574094595,1.6138963256359053,3.5177953812207576,0.9123167175472087,1.2586580377699308,1.971735628344253,0.4225219866024977,0.6932458295455505,1.7566704750893307,0.40866766311175934,0.8573075273377069,008,001,140,0.19661044814597856,0.05426635089008128,3.8196741869299093
1775,0.8538445793972556,0.45951251529247916,1.5160547067727412,0.9836795933009026,0.8950220022311544,1.886456605039249,0.6303457012723527,0.6850472024939747,1.0681000604953477,0.45295639819036304,0.7275497071878629,1.3954410882261694,008,001,142,0.9452836551822091,0.7456197993717543,2.2130660504172712
1776,2.009827146112093,0.8735796238783884,1.6237292295558503,3.008366203575693,0.6506279738209138,0.7172023712173152,0.6085060539103759,0.4973795526915623,0.9813351980918872,0.7400675320471166,0.2345088470269202,0.8598670210252854,008,001,144,0.5400771889312075,0.19823052562233676,3.2645677144729066
1777,10.148287049324194,2.4456363201388815,1.8841908694516105,1.4836744002570297,0.7621962691191851,1.1620372609257656,2.1056117520785254,0.323007354515403,0.7105797402322781,1.3837370862546496,0.4779048261587715,0.5208415264991713,008,001,146,0.3069220602990012,0.0555378997627321,5.833275444388559
1778,3.542876409756152,0.680912667339236,3.801205609648699,2.380245326505695,0.3953769216208989,1.7173374726179629,0.40866792702327903,0.49922373115438434,1.069638999388968,5.522205288320491,1.1340424963808313,1.3826710255105108,008,001,148,1.0983652696656396,0.16856777671750184,7.6142326024024305
1779,3.0444413492595768,1.0035375460522253,2.4852620298046753,0.736652394725249,0.4479770335159772,2.1341068985405447,0.7367571985017689,0.5970537425613253,0.7394702867581686,0.7380864677247791,0.388401096886147,0.7737128742190191,008,001,150,0.9990599034525957,0.3158100713642192,4.162543256396063
1780,11.154896490425568,1.1687464023534628,3.08033216706614,1.9548774441977854,0.45631680800127183,0.7526686360224107,1.8202219010271792,0.19088230501066333,0.6725738463678534,1.6629212356294556,0.4946039071520114,0.9718164914743241,008,001,152,0.4566317113312246,0.02912060970121487,16.13733743886874
1781,3.3802805332733485,2.5437556951228837,2.91171606042983,1.4744082049939957,0.9658347460034891,1.7170970320876988,1.1748809665177644,1.329662713781675,1.2627468412738199,1.9341754767992696,0.999310580875089,1.7064449169957956,008,001,154,0.7750094679540526,0.5477849499600406,2.1898155300968467
1782,2.6623289601246705,0.45772956205482,2.167713278886941,2.8586404783216617,0.49233193559642824,1.0605820806740334,0.6724388183187502,0.16948646325107294,0.7247711107819904,0.9998784720937461,0.15298327081279495,0.48195352695849225,008,001,156,0.7398411601633559,0.061397356076931475,12.789890338768505
1783,1.4294146696321606,0.6378763235148066,3.197081310151934,4.204900691102882,0.7468610620074344,2.097227569741519,0.8206722507362323,0.3633063082849555,0.8744599222225516,1.3116201103743288,0.19646891252596535,0.8656905594021935,008,001,158,1.0052248104549355,0.1289620069252067,8.799960906938992
1784,0.6756067037789996,0.7621364382053031,1.720530366587779,1.9164758790738046,0.4054997075605714,0.9831253596630749,0.3021874931230034,0.20457560323744298,0.6311252168686194,0.43018431036667293,0.22773048896491532,0.688793780255407,008,001,160,1.1465487112039991,0.15784651661236068,8.410242176291305
1785,0.009377866532002385,0.006735454884554263,0.05243839771142844,0.08926788816950597,0.06411477827643339,0.49916097725631786,0.3243381161171069,0.23294901254928252,1.8136077185454682,0.03568676855854533,0.025631268986547693,0.19955039414594783,008,002,2,0.18577265249472374,4.722940449980066,0.2251067610786056
1786,0.018395094439604492,0.0045080258740955725,0.026353641569979228,0.17510285817133642,0.04291188707161966,0.2508602484904372,0.636203368429235,0.15591228713072075,0.9114536265219595,0.07000115384867762,0.017154954751783455,0.10028680875051761,008,002,4,0.10430424201783015,1.6115135589492025,0.16902863818477423
1787,0.008902851569933782,0.0033355394462845243,0.009493718945577722,0.0847462219282716,0.03175099168451356,0.09037068700591515,0.30790949054447536,0.11536126863727439,0.3283449286943231,0.033879134705447345,0.012693145485844277,0.03612763623951347,008,002,6,0.05853606561289829,2.4636926843592337,0.08229554908440219
1788,0.015044399714111322,0.01908474446464076,0.04621828990429838,0.14320760342176564,0.1816676350426004,0.4399517865267479,0.5203179470232763,0.6600552529850723,1.598482237570987,0.05725033608313702,0.07262556535484918,0.1758802398560885,008,002,8,0.06252632844733999,8.341824936248566,0.07002184998191908
1789,0.04764343389573823,0.0126624056284215,0.0593636299105549,0.4535177286330374,0.12053340765064008,0.5650822453177384,1.6477715418921757,0.437935512626337,2.053120272650876,0.18130351855297122,0.04818583603359235,0.22590384648625755,008,002,10,0.08621966928194502,1.7476833616419416,0.13555335933947465
1790,0.012635912483913077,0.005265964651217366,0.06489594491731154,0.12028121947397641,0.05012670440397188,0.6177443380928467,0.4370192342221145,0.18212597168950567,2.244458102095606,0.04808501835685325,0.02003923398826308,0.2469566567992415,008,002,12,0.26106187265704556,2.7404438992440254,0.35632449515738635
1791,0.02938720207892296,0.011436879840305635,0.026584836985376843,0.27973670342232837,0.10886763072484468,0.2530609970740231,1.016370805417678,0.39555010182796163,0.9194496334206477,0.11183079601261327,0.04352218945536576,0.1011666055841418,008,002,14,0.04832622147453599,2.5591686361918096,0.06720978420311342
1792,0.041691724391718504,0.020005629100944382,0.03568214188248139,0.39686342068251534,0.190433533602753,0.33965821973959176,1.4419287479449312,0.6919045000476524,1.2340843877120187,0.1586547338988727,0.07612992285155763,0.13578571785900773,008,002,16,0.039160276476095615,3.1553819756488513,0.05157090592708085
1793,0.00696824355071423,0.004545217096009394,0.01907816164095959,0.06633069301008257,0.04326591022044449,0.1816049731603005,0.24100012280753308,0.15719856379194602,0.6598275827972591,0.02651712881661584,0.017296483160659466,0.07260051491243931,008,002,18,0.0984181342312497,4.2892454152199,0.12136346020444398
1794,0.031896219526969735,0.035552044079125086,0.06205555692156461,0.30362003426342454,0.3384198190732836,0.5907066918333359,1.1031464051374762,1.229584891338267,2.146221889367159,0.12137867395185123,0.13529064041438812,0.2361477730649481,008,002,20,0.044409680451988016,7.329510135186599,0.05046870481144576
1795,0.019335602302828447,0.0070677601243157055,0.02633938293339506,0.1840555501797041,0.06727799102635798,0.25072452056433414,0.6687312944248464,0.2444419523423153,0.9109604845785623,0.07358018606540674,0.02689583168229919,0.10023254857717488,008,002,22,0.07609513779444146,2.4036635749267243,0.10775311963025691
1796,0.013601098682102263,0.005952035149237381,0.041561879822398146,0.1294688244915348,0.05665740776647965,0.39562743055051114,0.4704006725434505,0.20585405654672617,1.4374380097952362,0.05175796212858302,0.022650023872526272,0.15816062011749704,008,002,24,0.1498324630948036,2.8776706100120153,0.2018997367339426
1797,0.008775690334368284,0.013704074933895583,0.025209624276548853,0.08353577444355029,0.13044905517597166,0.23997035072269274,0.30351155680924125,0.47396215674641873,0.8718872270120737,0.033395232149604964,0.05214983054046285,0.09593333664273383,008,002,26,0.04846905827149354,10.268760394749865,0.05318910785958934
1798,0.04229370863815525,0.012384195478216318,0.043937459253201125,0.40259370722569854,0.11788512592354389,0.4182405652376331,1.4627486685270426,0.42831347805229203,1.5195985902043339,0.16094553985198978,0.04712712814869868,0.16720070967835504,008,002,28,0.06751743999069204,1.9254915413627534,0.10258248106737579
1799,0.03885361171674683,0.026337145817962794,0.08365932016729338,0.36984743319576424,0.2507032254681716,0.7963528603812342,1.3437712283018188,0.9108831128435914,2.8933986430825094,0.1478545087273462,0.10022403540201004,0.31835927568262823,008,002,30,0.07501506188414085,4.457454289301268,0.09184418833512682
1800,0.010570964137062228,0.006143496432432519,0.04787669586127521,0.10062498130158672,0.058479927244499456,0.45573814870229323,0.36560198229064783,0.21247583898399874,1.6558390214418237,0.04022701211547289,0.023378615442680935,0.18219117948837404,008,002,32,0.17859519942313595,3.821647239848863,0.2253277176840833
1801,0.006605063968180576,0.0029310316342735718,0.013915083878679887,0.06287358746810136,0.02790048282911299,0.13245764879604294,0.22843937871818398,0.10137116745011726,0.48126000465277796,0.025135076122322426,0.011153821310339374,0.05295280927243019,008,002,34,0.10223373345270463,2.918052246396394,0.1372686556611595
1802,0.0031507585511232157,0.0020072826615602298,0.020684414686263777,0.0299920628035338,0.01910731865776298,0.19689489189941325,0.10897053069848228,0.06942285590688281,0.7153806326241805,0.011989975631892538,0.00763856379596166,0.07871299054629365,008,002,36,0.24053248556993295,4.189314793933677,0.29794819611005163
1803,0.007617284775513263,0.007599401272885314,0.02677351503478316,0.07250891481292723,0.0723386817959738,0.2548570229566265,0.2634475320784706,0.2628290223640485,0.9259751563517498,0.028987006575604102,0.028918952246084265,0.10188460576665155,008,002,38,0.08839290650416233,6.560376598766474,0.10186666142865591
1804,0.01705973388861514,0.007514900375751081,0.06151153442026777,0.16239156441117758,0.07153431796648257,0.5855281429978912,0.5900192684564626,0.2599065173683591,2.127406604184934,0.06491953930843204,0.028597390412276207,0.23407753619085897,008,002,40,0.1759321375742356,2.8966802673576346,0.23666791830806222
1805,0.02028041810729396,0.015330581360933848,0.06871757537963766,0.19304924947009644,0.14593176580533995,0.654122428948906,0.7014082126827266,0.5302156797198236,2.376631067067749,0.07717561182984009,0.0583393789012534,0.2614995852318794,008,002,42,0.10789712343541266,4.970857412764451,0.1296030615615694
1806,0.017022835691945196,0.018297437017274872,0.025137521258688685,0.1620403305689586,0.17417325741127165,0.2392840022752089,0.5887431262172629,0.6328258385532424,0.8693935087556306,0.06477912598519485,0.06962952584385113,0.0956589540097866,008,002,44,0.034799284265810304,7.068185509812601,0.03972265310177242
1807,0.02639249292761453,0.010148955146559679,0.03772142866290712,0.25123007446711065,0.09660787877169177,0.3590701855251006,0.9127973197919474,0.35100659425671854,1.3046141217755092,0.10043465468154986,0.038621088516283555,0.14354607093174326,008,002,46,0.07701113079103124,2.5286603862981756,0.10746643875105803
1808,0.018497390324923983,0.0027348039562182357,0.037749382723596785,0.17607661244896666,0.02603259205025254,0.3593362801592097,0.6397413218237172,0.09458453690748182,1.305580926682894,0.07039043317689661,0.010407091581603392,0.14365244801557056,008,002,48,0.1967430034655286,0.9722217311569217,0.3991073378148636
1809,0.014956298393689709,0.006772234434530278,0.02140479953339024,0.1423689671720188,0.06446488272108372,0.2037522334656051,0.5172709196214745,0.23422105133435173,0.7402954960847512,0.05691507310825525,0.025771230808693778,0.08145436111547391,008,002,50,0.06841136377495485,2.977538928564871,0.09138717212414345
1810,0.013457506014851545,0.0070389134109277145,0.014955958908486292,0.12810196624947298,0.06700339923345938,0.14236573561321697,0.46543444967968683,0.24344427460365115,0.5172591783589761,0.05121153099038728,0.02678605767552093,0.05691378122273669,008,002,52,0.04759648657486154,3.4394628732308914,0.06143483527323006
1811,0.01408372023457789,0.006371434739471754,0.0136367988847621,0.1340628978479283,0.06064967142168775,0.1298086546317419,0.4870923757782481,0.22035919719173544,0.4716353815719838,0.05359454229164805,0.024246017594453176,0.051893816575378296,008,002,54,0.04631553444703932,2.9748798864785755,0.06188440990233172
1812,0.009599928517366612,0.007319909133524314,0.031100011666327254,0.09138169565530815,0.06967819681726797,0.29604093362038475,0.3320182388559325,0.25316264956583523,1.0756091655450026,0.036531808808407236,0.027855365847489568,0.11834876458492324,008,002,56,0.10241942079998921,5.014034021337123,0.12284597162994876
1813,0.0038922166532434255,0.0066052961894834065,0.02199658693143572,0.03705000063157425,0.06287579798210614,0.20938545623424437,0.13461422302454712,0.2284474102059294,0.7607627536608728,0.014811538894279882,0.025135959823094852,0.08370636372587181,008,002,58,0.08836862372959024,11.159503581191876,0.09628731142807585
1814,0.006909617408712373,0.008470216895367175,0.0479524843487618,0.06577263091028553,0.08062797353822107,0.45645957912589674,0.2389725089160532,0.29294660801277617,1.6584602034735396,0.02629403142510319,0.03223277586156037,0.18247958689984717,008,002,60,0.14562487351844086,8.061022183217327,0.16369018461777332
1815,0.013506936795859088,0.012492603794380502,0.028173716260289763,0.12857249773081048,0.11891706441519806,0.2681855349359874,0.4671440374985685,0.4320628328672289,0.9744018028724519,0.05139963612447491,0.04753966787460625,0.1072129666362944,008,002,62,0.05599994723337857,6.081989758850383,0.0652074515952346
1816,0.01365896337728826,0.009560581561723711,0.04425923979232815,0.1300196383809101,0.09100715208255979,0.4213035933884945,0.47240195142316815,0.3306574050859719,1.5307275280615351,0.051978161891267735,0.036382076916341155,0.1684252214143316,008,002,64,0.10996174412460658,4.602736956508619,0.13385225647924207
1817,0.015588113683063278,0.004239546102477548,0.019280547189991285,0.1483832153385093,0.040356228794052054,0.18353148069764708,0.539122561462333,0.14662678247520977,0.6668271863295306,0.05931939886046596,0.016133275093667018,0.07337067795787364,008,002,66,0.08433725916582459,1.7884441548426933,0.1314940344766213
1818,0.01709335506524027,0.0075578092448651876,0.024998903917113943,0.1627116043077485,0.07194276738476552,0.23796450414585352,0.5911820733492582,0.26139054166397485,0.8645993599716848,0.06504748217739849,0.028760676899249618,0.09513145610071277,008,002,68,0.07116254066480206,2.9074897886631073,0.0956381350219273
1819,0.012505824708846524,0.008413387034213349,0.02093591326660358,0.11904291426708152,0.08008701023143197,0.19928890625953655,0.4325200846821716,0.29098111937614374,0.7240788344460429,0.047589979074193094,0.032016514082282774,0.07967004955313714,008,002,70,0.058684207868146654,4.423928676798491,0.07194938733994033
1820,0.014243806095341854,0.018555895165776916,0.043749948764797236,0.13558675475796103,0.17663351988341175,0.41645565336546814,0.4926290238336354,0.6417647404554234,1.5131134479440633,0.05420373704218642,0.07061306896596424,0.16648715256184787,008,002,72,0.06104530263164126,8.566539920834533,0.0681713188757463
1821,0.006674896721681194,0.003696195494138911,0.011394463924288804,0.06353832527479236,0.03518407570607098,0.10846387372590584,0.23085457876781856,0.12783473504115778,0.39408312655745686,0.025400819434343188,0.014065595057931656,0.04336077886450352,008,002,74,0.0699298502268046,3.641329407944795,0.08913433364273203
1822,0.012571407465837216,0.014659906167685408,0.022717073776002163,0.11966719636758144,0.13954761031066615,0.21624376871381573,0.43478829651683604,0.5070200490331438,0.7856811447528844,0.047839549342878575,0.05578717469598497,0.0864481224386495,008,002,76,0.03963621366837503,7.668260770082515,0.04480507983722189
1823,0.05749348147051715,0.011409583992039039,0.03572367801279417,0.5472803069732257,0.10860780161312515,0.3400536020605468,1.9884402710927818,0.39460606152049027,1.2355209351620913,0.21878713669708055,0.043418317149617136,0.13594378049126812,008,002,78,0.05125400151963539,1.3049707810119395,0.09052997785980332
1824,0.009999565513550187,0.004995199487253722,0.022345236721556243,0.09518583922698529,0.04754929148233983,0.2127042527183194,0.3458398804873927,0.17276142561810065,0.7728209777490906,0.03805259745917109,0.019008857440772083,0.08503312438358694,008,002,80,0.09915610120401072,3.2848934896292374,0.12934158560923034
1825,0.015218883184741393,0.0064053368818307276,0.023930352143742204,0.14486851114427757,0.06097238583043548,0.22779296247559114,0.5263525434812357,0.22153171942249134,0.8276429725071095,0.057914319859460314,0.02437502965748594,0.09106516237614093,008,002,82,0.07935113682198493,2.7676347703828466,0.10802223810714774
1826,0.010517970955358613,0.004881674607376691,0.02663487971375142,0.10012053933686775,0.04646864843344972,0.25353735368084723,0.36376918709539197,0.16883511193621564,0.921180385739637,0.0400253505323965,0.018576847014954816,0.10135703943811822,008,002,84,0.1188238269030413,3.0520134714445493,0.15775675692277702
1827,0.019295239272395626,0.003604126425165931,0.015643791024091473,0.1836713345934874,0.03430767046775248,0.1489132078091385,0.6673353192095833,0.12465048110859517,0.5410481896250218,0.0734265875768326,0.013715233113174203,0.05953127481076266,008,002,86,0.06917936741414928,1.2282858081938375,0.12550124865111947
1828,0.005866044754032056,0.0039500245202362585,0.011768653538508058,0.05583886540863764,0.037600273573523926,0.1120257837319921,0.20288003652961328,0.13661353647315225,0.4070246579954193,0.02232279386542811,0.01503152240152416,0.04478472940954865,008,002,88,0.07027488643674248,4.427963224093659,0.08614558880715949
1829,0.017374687298622942,0.0016213456923338755,0.018795799812796905,0.16538960513684842,0.015433585608582559,0.17891717162111673,0.6009120867021049,0.056075036430957265,0.6500619604037526,0.06611807091594135,0.006169909571470818,0.07152600812811258,008,002,90,0.12746615305662432,0.6136322985602419,0.3351901489344434
1830,0.006315834505217587,0.007946558476758934,0.030531384859303526,0.060120412930302985,0.07564327035531165,0.29062817646009415,0.21843623580485586,0.27483562462444633,1.0559429283753916,0.024034435068225037,0.03024003297866161,0.11618489786863695,008,002,92,0.09911057737037249,8.273664911347888,0.11108961911696724
1831,0.008525011497810143,0.009123238892080058,0.02261736421484615,0.08114956322243214,0.08684408829907397,0.21529463364943247,0.29484170622827666,0.3155316942341636,0.7822326406487647,0.03244129261629809,0.03471780214989152,0.08606868517326252,008,002,94,0.06276168419042658,7.037261012244054,0.07168016598060435
1832,0.021429254084052066,0.003361292103785518,0.007395530103377599,0.20398501627246737,0.031996131167143824,0.07039803264096467,0.7411412687202322,0.11625193693485258,0.2557780379182801,0.08154742107602381,0.012791145294743931,0.02814313578321178,008,002,96,0.032300664197852776,1.0314514405053978,0.06361640329074296
1833,0.009411700953760871,0.013393501698145554,0.017855567249187576,0.08958995794598663,0.12749270931811757,0.16996710018904942,0.32550829619750754,0.46322082897696293,0.6175435557802561,0.03581552291589879,0.05096796735795145,0.06794802354341625,008,002,98,0.034825069227567056,9.357839739757013,0.03854655518971833
1834,0.012698661327294518,0.003452306018375913,0.01887640272426471,0.12087852555795409,0.032862492393532644,0.1796844305346167,0.4391894337640224,0.11939969783519477,0.6528496516520149,0.04832380437961531,0.013137491928538494,0.0718327364694383,008,002,100,0.101383403836595,1.787725892712006,0.15809422524937597
1835,0.01397670214474079,0.004670837220847843,0.017402515491385752,0.13304419291725358,0.04446168787599987,0.16565450163447945,0.483391102623017,0.16154319745641577,0.6018745384052466,0.0531872929678734,0.01777452113508496,0.06622396901878921,008,002,102,0.07403635664666103,2.197554264491422,0.10772669951689509
1836,0.039091258984928365,0.01513087000847282,0.016496459646193215,0.37210959694992596,0.14403071393852196,0.15702975829996646,1.3519903756953666,0.5233085645884362,0.5705381523601558,0.14875885760341678,0.05757939231055018,0.06277604137576082,008,002,104,0.022631713718264945,2.545269821477915,0.03152338937767453
1837,0.01934433887524811,0.004045279077558382,0.02018627303799462,0.18413871359079076,0.038507001467523255,0.19215308278968152,0.6690334530694373,0.13990796208352488,0.6981521592596224,0.0736134324372672,0.01539400648356377,0.07681734982129794,008,002,106,0.08353534360292947,1.3751313476769804,0.14428251785944418
1838,0.014393968716146469,0.007234085008598709,0.022561948077506173,0.1370161523715506,0.06886123718571535,0.2147671275760229,0.4978224717650926,0.2501943800876668,0.7803160463439358,0.05477516964646413,0.027528768569449615,0.0858578032140283,008,002,108,0.06922978460406837,3.304856746567869,0.09017767733072415
1839,0.00981492943524762,0.005304679207793465,0.012028134000179252,0.09342828885736285,0.05049522817163313,0.11449577760056574,0.3394541511107949,0.18346493362755095,0.41599891710006176,0.03734997869494533,0.020186559333073513,0.04577216286783767,008,002,110,0.051164706657623675,3.5540336045623304,0.06556094269544371
1840,0.020525072559166243,0.009011563196453161,0.03187319370874483,0.19537811458833426,0.08578104763049962,0.3034008515571075,0.7098697069628442,0.3116693354971354,1.1023500459147755,0.07810662601852332,0.03429282865621631,0.12129105092555534,008,002,112,0.07595711152758197,2.8871212103433144,0.10226605597212428
1841,0.00650045555815601,0.009326505361982589,0.020445456692302133,0.06187782027353253,0.08877898132001101,0.1946202513498254,0.2248214455218149,0.322561764847056,0.7071161531364347,0.024736996654560896,0.035491317473699074,0.07780365380145733,008,002,114,0.057310175066018994,9.434627033914513,0.06338462558324738
1842,0.018058828853826557,0.007291627690783465,0.020046144538315647,0.17190194689750385,0.06940898583419883,0.19081919995023228,0.6245734581255502,0.2521845219897028,0.6933057463317069,0.06872152035283002,0.027747742935781895,0.07628410131333715,008,002,116,0.05774242721157972,2.655122048141421,0.07948998764933786
1843,0.018200948196605386,0.0072922434805697215,0.01620515563468146,0.17325478056761595,0.06941484753563462,0.15425683613969715,0.629488725339403,0.25220581938162295,0.5604632601672611,0.06926234486511165,0.027750086277687346,0.06166750578256882,008,002,118,0.04657541477267738,2.6346124089315253,0.06425369436127393
1844,0.014524818802231224,0.009251863194863985,0.01419270434319356,0.13826171401517756,0.08806846271703436,0.13510031730651267,0.5023479862058853,0.31998022886715727,0.49086164465780646,0.055273109846608194,0.035207272298421216,0.054009273152608867,008,002,120,0.03580639097302899,4.188592056729991,0.044354941533233896
1845,0.02453122403092066,0.010030513682882818,0.031438386283678565,0.2335126604735762,0.09548043477384263,0.29926192076051106,0.8484244215978538,0.3469102381114773,1.0873120177406377,0.09335173532934855,0.038170368399142646,0.11963642384241815,008,002,122,0.06605644161244179,2.6887693058692257,0.09062397943290462
1846,0.019060002961162968,0.010999020910004658,0.030983211168865966,0.18143212073257747,0.10469965265751792,0.2949291099758201,0.659199555945428,0.3804065358481823,1.0715695630212538,0.07253141341682083,0.04185595009768576,0.11790428904174924,008,002,124,0.0644607171945903,3.7947279807287404,0.08144763101870353
1847,0.0064208162964807265,0.005952365688140466,0.01665292355695612,0.061119734339901005,0.056660554165471985,0.1585191378770056,0.22206708257439378,0.2058654883969401,0.5759495334974527,0.024433935410304267,0.022651281713565685,0.06337145306691735,008,002,126,0.06949264708565131,6.096055968073425,0.08089225487298163
1848,0.02008256601671666,0.003419954671966057,0.016604409218881025,0.19116589591242922,0.03255454000760717,0.15805733001357403,0.694565401035752,0.11828081064350367,0.574271641306793,0.07642270052093605,0.013014381303330158,0.06318683538772703,008,002,128,0.07415826414460726,1.1198264788614256,0.14038125988945432
1849,0.011084973412850248,0.008122633835762817,0.0744861094734996,0.10551783431809648,0.07731933125926511,0.7090330906260999,0.3833792453394894,0.2809252773229876,2.5761386495628686,0.04218303590825925,0.030910074566915007,0.2834513095848691,008,002,130,0.2195762114363818,4.818499361888508,0.2651456294118412
1850,0.009457900929969239,0.006457645089818427,0.0210741320358939,0.09002973540454129,0.06147030753202397,0.20060461038027538,0.32710614504711155,0.22334082446544723,0.7288591984116868,0.03599133346437232,0.024574084624382646,0.0801960307252226,008,002,132,0.0771706963552634,4.48982069921736,0.09435862022240477
1851,0.004576808519836239,0.006122893218650819,0.020189394008127297,0.04356662890518049,0.058283805303833036,0.1921827912966848,0.1582911686881891,0.21176326672457835,0.6982600995435768,0.017416701957403913,0.023300211456105266,0.0768292264393759,008,002,134,0.08560813812551653,8.797181009536308,0.09533945296747734
1852,0.009002561068247521,0.012730830751475634,0.024134651569146987,0.08569535639448125,0.12118474622663457,0.22973768819733098,0.3113579924752688,0.4403020290861975,0.8347087683931479,0.03425857173169237,0.048446222713412174,0.09184260853472367,008,002,136,0.04949164909346221,9.299085785270655,0.05481385497867458
1853,0.01862490143940819,0.01962002428442797,0.09684594291231025,0.177290390430272,0.18676296231440437,0.9218762894596354,0.6441513562931971,0.6785681682362608,3.349464461941579,0.07087566717075446,0.07466253260933751,0.3685399806824999,008,002,138,0.12471696516063413,6.927158791541742,0.14272102265573836
1854,0.03217227295794318,0.057103622336166546,0.031226934149097253,0.3062477861855626,0.5435692388439411,0.29724910841787067,1.1126938485183844,1.974956801610889,1.079998841897667,0.12242917460327278,0.2173035569670036,0.11883175858487742,008,002,140,0.014563668132051857,11.671629669997877,0.01581145173586924
1855,0.014256789983509054,0.009809871326215355,0.01924189136939635,0.13571034835711798,0.09338014073009218,0.18316351603775582,0.4930780779775255,0.3392792139278046,0.6654902558045663,0.054253146255945905,0.03733073043995126,0.0732235761284807,008,002,142,0.04644851566315797,4.52471411646443,0.056714029564719645
1856,0.03286265514902361,0.03590393109913487,0.03727989330262403,0.312819532543605,0.34176943074073673,0.35486721152995143,1.1365710553961228,1.2417550766112937,1.2893434046606689,0.1250563723124793,0.13662972010798916,0.1418658411951912,008,002,144,0.02635373549086051,7.18437409170431,0.030021937501845824
1857,0.02539901005948845,0.019552091779567946,0.05771302742035976,0.24177311351896474,0.18611631296981215,0.5493701643231754,0.8784372272544891,0.6762186892181936,1.9960333755086777,0.09665403005216489,0.07440402055114745,0.2196226023622777,008,002,146,0.07126783011406529,5.0620452475434,0.08534669085689475
1858,0.024833339216004682,0.005218685706933658,0.01812719007878589,0.23638849416828417,0.04967665625105908,0.17255267722775047,0.8588732235347548,0.18049080619974753,0.6269377646386038,0.09450141203371015,0.019859317507626904,0.06898166387325319,008,002,148,0.058267726421705156,1.3818967875799553,0.10043276142677701
1859,0.01231810167505713,0.013364401695344395,0.07471303146535216,0.11725597917585763,0.12721570646387592,0.711193160501603,0.4260275914350564,0.4622143910993173,2.5839868580114174,0.04687561313210519,0.05085722947726995,0.2843148442253858,008,002,150,0.14177007308914655,7.134364960398701,0.1616415085814547
1860,0.010468470785146752,0.00940185764930003,0.024696769061561843,0.09964934733989611,0.08949625955541268,0.23508848320810488,0.36205719941693315,0.3251678606824149,0.8541498777225021,0.03983698134289804,0.03577806495818165,0.09398170454190659,008,002,152,0.06495273617407035,5.905817354883925,0.07595083047178115
1861,7.056518469365765,1.4726251858245112,8.41310244808821,14.501194598392939,1.7429183993715425,5.553544968036548,3.361939482356057,0.49793947581881437,1.2048851253913972,4.885430300452072,1.0294370556178989,2.595979090033714,008,003,2,0.7460543261448421,0.04619594613340716,16.89583344291725
1862,46.87842774098049,12.973826035586093,26.777727821959978,11.82606803452331,6.617084383047588,30.586774774392378,2.146594005724828,1.4965205970204838,6.383491848088136,13.716759521734648,5.059223242406883,22.21823166315352,008,003,4,0.8680323117332233,0.050984871848433505,17.893323937721558
1863,5.683237521082925,1.5636579159743098,2.8330902279844254,4.216999559570649,1.352742169288179,2.178644984906886,1.2269094781464662,0.8990932523437613,2.308191576181745,2.335920864628876,1.5910853596436334,2.2981533830259897,008,003,6,0.484354187949644,0.1816306508660713,3.1510527084917057
1864,6.029558895791911,4.386568639544873,5.6763917826357035,3.3874224601027088,1.448253007387882,3.60085268805547,2.126931171678551,1.04235021991478,1.8458755207622786,2.7979800756635744,2.5415722880022535,2.794796968051072,008,003,8,0.9870542210176491,0.2213767194648451,5.44576254140359
1865,8.433080069666687,10.106136245927932,43.51699082519649,5.493401569434121,4.752658223951135,34.41390492641964,0.8842163307755306,1.5558816334418926,3.359625448930597,8.706811135795752,11.012663174196963,41.752649042133285,008,003,10,5.108154163215647,0.22344216920855417,27.969345411533013
1866,12.157418389943869,3.2354759413110785,35.943666816218524,8.164830232073392,2.9287561862386196,14.050924631413391,3.6006892331497307,1.0205991949766313,5.546140708120598,5.169475313952946,1.1007314428726416,4.140843499649192,008,003,12,3.214501485122476,0.10044156175423494,35.21820024269324
1867,9.883919757832862,11.400959310265993,62.52459059567349,18.213438444258504,14.216165540006404,83.4047158069764,2.7756696000849748,2.0826199797273293,10.30927446114881,7.1899152959871255,3.251893701732354,14.999673702032858,008,003,14,3.875979875061452,0.1482431170039548,30.022083339400034
1868,16.807038009668346,8.440947091906274,44.05854978689628,13.967919426872633,11.485941482948139,53.267060129899534,2.886924534779638,1.2508880583845818,5.326615026642306,2.7608163872036533,3.133050097500681,11.427363673562777,008,003,16,2.6480092895123497,0.0812925938866987,35.22181660587138
1869,27.525464016478217,5.801793154878021,7.390614038398798,7.870345427902628,6.476226428769078,6.344763638260767,3.1889945183033235,1.4730010991350426,1.5321546150554206,9.005177058683476,3.3886445087893837,5.504798051499218,008,003,18,0.3855119892236691,0.08323025365189858,5.017385284191996
1870,79.60359670814469,13.049208336800264,9.341862040201597,7.1199152486710915,1.9119052237347,2.5436845369740206,10.934786005616015,1.586484223710976,0.644028605699378,9.013857330075297,2.2008165194537064,1.308906057954032,008,003,20,0.20783599086847498,0.036587176600988446,5.888405255206299
1871,7.774291888607022,1.9724304794478515,9.55863885355806,2.5672870002653725,0.6365823356191915,4.2274041156668964,1.5178943029017509,0.5051009692256676,1.4206525635362404,1.4179948982585064,1.1550715969343042,3.43296215759412,008,003,22,1.6840774146291517,0.09768353065877775,18.92421404023772
1872,45.12889373017075,16.286838549908364,82.28536731864432,15.47666577092322,7.845806149299988,64.410226854905,3.7758819704657123,0.9443073164447842,5.7461178825500365,5.378693407458148,2.9317361707163285,22.404983538139792,008,003,24,2.6333772214424247,0.031162399100621744,87.13833503741124
1873,2.327002064012308,0.8044060055399889,2.803582359420761,2.3207870971717197,0.6875081011320205,2.0971056819663083,0.9872366559389525,0.4626927240699757,1.678666338774674,1.8813512105755292,0.33644739910615573,1.8768600879327815,008,003,26,1.0060988775518853,0.19910228628017387,6.059274792046998
1874,18.52664780532444,15.387357694269888,58.26756664166783,18.38734427296177,16.31435931765889,84.2932782485599,1.7933885169668884,3.242239987850925,12.712911197007069,4.758053495952321,3.745915080524922,17.80120713880694,008,003,28,2.6852358566533163,0.17566455456645647,17.971392265842017
1875,12.883417232241522,3.2480203209019534,27.49869054980888,16.334518276043827,7.692951401143583,33.25894075061241,2.7314475489574344,1.112829816770983,10.0197164763507,7.462501136732101,4.088635602270024,13.465607996584632,008,003,30,1.7490805631973811,0.07617443172570608,24.710598274226534
1876,9.425263809227557,4.487574308565233,45.84356540966789,7.390804736635716,5.187576703629612,38.78437697991346,1.000587714510473,0.5515879131350215,5.7800708787865,3.5140044780426387,2.6399387183725778,15.572387186345658,008,003,32,5.11668510765559,0.06560248153492586,83.11198327227663
1877,7.578574097438967,0.865099067580138,6.219062156733424,3.25232634100427,0.8740222124795932,1.547392679004814,0.956040962741404,0.7065079950683293,2.174563290108753,2.1174563797907604,0.2852194559981943,2.8688476666988536,008,003,34,1.0158615820370702,0.13046154363318627,8.802536135676643
1878,17.650923604098317,9.69620425816048,10.80941387087581,2.3496157065136827,1.7430158761451975,2.5215944499521328,0.8024990027683997,0.5434629910476276,1.4518483934943855,3.651471336688228,1.0847744685866345,1.2874778410203724,008,003,36,1.0251980236443177,0.05434483366748755,19.88988035788531
1879,12.641315144665302,5.196302648861849,33.72860001443942,7.9893307352124445,8.349790979876223,32.3162575834711,1.1101773373412258,0.9896123617379958,4.307306240876448,4.626206984576291,2.7122561961054608,9.223724985814252,008,003,38,2.98352879643959,0.09593614930914224,34.082638130352315
1880,1.6334582777810729,1.965743599041995,5.451427461879435,3.8709522871810815,0.7594141190718684,2.615625218828364,0.8736920190406019,0.7464616533716433,2.3739779230828084,2.695672304260227,0.5166488007849198,2.4937223371850235,008,003,40,1.5581441622852772,0.2712231017515953,7.30302412355175
1881,4.859204904949334,0.6486637710593874,15.809030579390708,2.622385033100274,1.6829162730638125,15.786919712051407,1.497478310977723,0.4302745594572227,3.879560690937665,2.140404162167012,0.8703880281286912,4.804711109683519,008,003,42,3.79016232442044,0.11502222469289514,36.74172742012282
1882,35.68712077333989,6.875679127945201,5.480382588858664,5.322908043882663,1.5642181545326717,1.7940709694268673,6.557138199722845,1.1697603273779533,1.0241134649260877,8.027452877464105,1.4042793694365543,2.2956418722907563,008,003,44,0.2528461151551867,0.05704752525736833,4.685047407226638
1883,5.5084694821599305,3.728662179543826,3.860212092048438,5.130064769032573,0.9404550354075025,4.654490695781914,1.1649470335515377,0.8275129331932922,1.016601592696135,1.0181910533818561,0.7935584975349208,1.907350912091612,008,003,46,0.6280055663499063,0.15556897475806575,4.664835964741063
1884,27.572732947333915,7.701889187036374,7.265492204761687,3.792915162839633,0.8669429357167187,1.6472549106628915,3.493433615104304,1.7430471151241678,1.5619036473670573,7.270373398497737,1.744542427149396,3.0805111371522313,008,003,48,0.41693710080801294,0.11114370147886757,4.168270692008301
1885,4.193379141276792,1.2980806933597535,2.9385182832192163,8.579195426238686,1.277495519682839,1.3082943250766048,0.9556839291762147,0.44440811541534536,1.0908847596307665,1.1648635407764272,0.47923899784295765,0.8274588141550987,008,003,50,0.43019313722801195,0.06958786782824658,6.612206621098418
1886,3.722940708016548,1.7944698310374636,2.9345086101072964,1.473342756255588,0.9956614965743904,2.002590583817444,0.922356868699171,0.4297258777344935,1.2815359929505128,2.1740605237005726,0.2553329402570329,1.58509065887988,008,003,52,0.9691667497419888,0.16539739630801178,6.828791939591744
1887,4.535150739048319,2.4350228154129314,13.188522807577684,3.617902815747125,1.5189334345237087,14.446489849685697,1.2310627499954003,0.8367862499133599,4.247363515823182,3.198078979059054,2.119698861358476,4.9104320038021045,008,003,54,2.6842423298226916,0.2052694108506575,15.760921990464364
1888,29.413635866664666,5.734876137246472,2.7917806206490594,2.8898052094134705,1.6336827508474048,4.052922329085362,5.256575558676657,1.2073988975009473,1.4611471464704726,4.894914800049165,1.63299790319395,1.5188540790341014,008,003,56,0.16082501367744126,0.07475357777875062,2.3122272402496287
1889,9.216440820887868,9.718132050866128,11.108571966681437,5.383805036658243,3.115210424467949,17.26202211210166,1.8739879720216748,2.3363126359672304,6.607568035824677,4.691935502665855,1.2340448869991012,3.2956910374218564,008,003,58,1.1527677316006448,0.3200374375558493,4.754745488966849
1890,1.6690957811544536,0.38753076868146774,2.0838425758319983,5.864693592511034,0.7913381126233074,1.3378851516922492,0.6269048467465913,0.5123590051866123,1.2156818461305905,1.906981288608357,0.5492489060834124,0.6846178382255204,008,003,60,0.4869640189171969,0.136016280725228,4.067153216274627
1891,75.19653560947174,7.927074114525217,5.273896109454837,5.807113659282231,1.0072718038468345,2.711162483097116,10.884754097387916,1.2207129504432361,1.541143239621833,12.75131565567414,1.4226513653653958,1.9313394315313746,008,003,62,0.12640401123093772,0.03013970262977051,4.320340918427961
1892,9.136685843056537,4.019908423092082,16.49807083136523,4.287500737733557,2.9550363970445552,24.78573797729795,1.9147286855399273,0.7358079030147044,2.6848401858657427,4.105719025961005,1.9307554015935302,9.844296982621405,008,003,64,2.2151301961367973,0.10962420681304293,22.421709203951742
1893,40.617864486199245,12.879628966467909,3.994567149872434,9.123004518621146,2.147589760354734,2.6315180983517377,4.906185956089253,1.6150177754920025,0.9383307060066006,4.9759978491366565,2.243148679113843,1.6340174990685048,008,003,66,0.15082117941422699,0.06493725613581423,2.4733889685242136
1894,3.718474105141452,1.5178792219350146,2.981336887437115,4.210218659734233,1.0802265873909112,2.3109077023029685,1.2192754610836187,0.6404530290068747,1.1341904719602032,1.9861458181390015,0.44603080645308996,1.288424285902801,008,003,68,0.647441206673918,0.161553246669892,4.655043777465081
1895,47.27281211541541,5.988593226516235,3.2072716181425784,7.8548896857276755,2.020745839157774,3.795956810302682,5.992056946902689,0.9133531369004935,1.8254072296554171,20.956524283687795,3.476470247469328,3.702800593475485,008,003,70,0.11262593104021923,0.033135904710671425,3.5115351210448615
1896,7.449393477304867,1.5808794427828448,5.231950038851813,8.518205610022687,1.6388655695689596,3.9546413126290227,1.1253852104468345,0.46507023418900995,1.2316671858725563,2.207055485236167,0.28902851335352947,1.0337411167966446,008,003,72,0.6192485120987947,0.058251742374732594,11.249806274906614
1897,7.030219851916084,3.4330744961752613,8.368672530459534,2.9893163732675996,1.9549212127994218,3.7561130870371264,2.2693068949751605,1.066605190639168,2.2632647128250927,3.523879890638242,0.6617505570502678,2.430599920911588,008,003,74,1.3772479261617505,0.2129051019264346,7.846082696676705
1898,5.478199107452799,3.335224564971665,7.89419425058045,7.207273753892031,1.2857071094314585,3.195870017024621,1.8917471887181014,0.8742339191399489,1.4577996245485707,1.9050458687496974,1.3326922382337296,1.539312239679805,008,003,76,1.093837700301165,0.13783229505049263,9.029842102610909
1899,8.287662803862338,4.00948454130355,11.235718639834246,4.45164206716069,1.8673730567632147,9.888029704475514,1.8293282142621496,0.6114861446622888,2.5971867532986583,4.161932445740559,1.152806065643096,4.331238812081503,008,003,78,1.6094392785359266,0.09599992320667078,18.374445174124922
1900,3.156684092490002,1.1182656545746386,4.031844543222397,2.0049426788775837,0.4748117869020276,3.842828105292014,1.0395682284945185,0.3112347319175579,1.8988252175299642,0.9965395730746008,0.47188775145529815,1.689899179859156,008,003,80,1.3941139217857783,0.12059559735858061,12.95435287180732
1901,5.762481974307746,1.6996415515012924,7.753741244067005,3.3613791564359037,1.7268301074402062,8.827221136036526,1.306505463526554,0.8490762396998486,2.102582871785148,1.8799572198553562,0.6790991514944047,4.174696324321605,008,003,82,1.4329572154297634,0.18612213130662672,9.131972938976574
1902,4.956844100572308,2.4133482529144454,3.748666960563911,4.396317977763656,2.017677072383605,2.509301003438795,2.5094413653161713,0.6821591959581964,1.466642334038493,2.113710601932878,0.6325130715507475,2.154934055677165,008,003,84,0.6995425783081729,0.14586707473790736,5.4952963806319985
1903,8.347879870383823,2.4637701049753673,3.8393133637844605,4.282022463278989,0.8859268014792026,1.6581806256801186,0.7919613519956121,0.46709376163153116,0.8815880514812402,1.45423346718678,0.3069723343299775,0.8917943070462667,008,003,86,0.5660996652604882,0.07396632995119429,8.219577479206666
1904,23.957054741318967,3.937617344366428,3.9286237637643895,5.218803275490082,1.219962895361048,1.664741850693686,3.0402385143689425,1.068347247769411,1.590897466892999,4.380880064734015,1.366526949255587,1.4868608501988954,008,003,88,0.2509296399400953,0.07323501829176064,3.677291041809594
1905,3.209396285616665,2.873548701672013,4.752038125243937,10.856780310363106,5.030610029036819,2.7155618633284044,2.5694256147497856,1.3127265252152824,1.1555998980106348,2.213646877721118,0.5726420908199928,1.0330485416138573,008,003,90,0.5693917521427754,0.18665008451414872,3.619975702452283
1906,3.445303962750225,0.6868002581701798,4.148510028039093,2.1770601299261214,1.1700621980043249,2.2381558443877196,1.0097919978418215,0.42891933899678125,1.3823242924428962,2.671356488162518,1.0872599180503815,2.9791163796872047,008,003,92,1.2803642647775446,0.15257615192708304,9.672005085483507
1907,2.2104550905950395,1.3010361171178568,6.262696100070351,9.095279854346119,1.7336133667483447,1.4624335032648292,2.4498762974978674,0.43733075753428213,1.2705573940259727,2.587222606004871,0.9158061430373172,1.9213751715613943,008,003,94,1.0283238514660553,0.07736441012708675,14.320273596533903
1908,38.155428365631245,3.791049308492639,8.17801145129743,4.562983315395439,2.966918631105556,2.222293338527745,5.932527862501264,1.4270588203994834,2.345003218858535,11.083548919654417,6.993652396295008,4.112426929921796,008,003,96,0.3589009244383022,0.0668123539355893,5.730675802843305
1909,2.731320431660796,3.3395875242016446,5.091174928044584,6.084638687124569,1.4830688398146423,2.974232016909473,1.1358213514445943,0.7330428152447068,1.9795005906931156,3.012308213596299,0.8243510685857791,1.1741174253736508,008,003,98,0.9903039817841055,0.1662990504760197,6.945262707942961
1910,3.256166388292812,1.0390171795156184,5.986429033287358,7.988695511349729,2.1652495681529143,4.186335996165863,1.5325060718316323,0.5057171275389958,1.715075695141059,3.0195167454365617,1.533884963516134,3.500486215774054,008,003,100,0.9768740829555878,0.08994634741669381,11.837505014749071
1911,2.6762635997501887,1.0136692672135845,2.2823468382817396,6.022290277066718,1.6439572889162655,2.6283473362758434,1.5419440322304698,0.5053907566839435,0.7863850833611816,5.828789757008822,1.1308129451412978,0.9854813818116425,008,003,102,0.4701345141684926,0.11620109821493295,4.516004315664705
1912,17.443096088520655,7.330681394315,6.6745689859324,18.33370070921161,2.368047560673781,4.375073523350138,3.6442989306847675,1.2789523979602853,3.9045179798075833,6.614473984118414,1.134237813818709,5.2055880433131305,008,003,104,0.3482259523855286,0.07149619375881927,5.218778272418285
1913,3.466801859654444,2.2883488441284903,4.419697652405603,4.784909531880922,1.2336091924465433,1.5497315315959002,0.904108527632212,0.5465899433164735,1.0256030188797338,2.160110334751762,0.5755634419253833,1.465603834026147,008,003,106,0.9459067036405168,0.13247917126068354,8.085947622067051
1914,6.59833394911441,4.085821031618358,4.520987281696678,3.5238535815439853,1.0150687392740552,2.688947641579902,1.2715774797878232,1.2508673378539377,1.3483854458529736,4.127191767013552,3.5135875068129434,3.685219511743653,008,003,108,0.716257151745871,0.24715355926083604,3.6142819824947647
1915,5.378991265485228,1.2196435419882115,2.1411060630892482,4.815717505609877,1.6470113507830306,2.6498272834272703,1.933745306806674,0.5175126408127065,1.6637438437016738,3.736963048846124,1.238093166675981,2.2390571743541563,008,003,110,0.3813280088446161,0.10152573309009118,4.137301959864857
1916,7.171852479980997,1.2165949154848685,4.246013248771046,3.066037006083965,0.964493837824427,3.488165710702578,1.4048754949668423,0.7008639742922141,1.9961558758371738,1.199551159988869,0.5366616659235686,2.1670956712005918,008,003,112,0.7295795197067738,0.13691571397526356,6.058255816414296
1917,47.36233318390106,5.607136057558671,3.348952705607425,9.155339017062213,0.8905740091445755,2.006672732881299,7.38521502178828,1.6047699687664139,1.2863904878285624,7.812873781459668,1.6440252062813545,2.056860631256939,008,003,114,0.11214160466227145,0.05678825423171136,2.0868739886637857
1918,52.699511608774145,3.423814324224026,4.3462407126878,7.075231795928914,1.6516581442502782,2.9148114018505327,7.367669112210768,0.8750192234432401,1.437410086562327,7.985380212459436,2.510962189458498,1.8702343277845528,008,003,116,0.14128422992776565,0.02927722223812654,4.967023119315193
1919,5.153297610941827,1.428678059762136,3.0378741698932332,3.9243922931229824,0.9523673072524697,3.4044319019403106,1.6653805890795566,0.8756201997322062,1.60794197688148,3.574660266299837,1.8138327776366239,1.8169372436669917,008,003,118,0.5610663444575258,0.19291696653795604,3.469397086570543
1920,2.208683608190352,2.428341588789995,4.421625104133897,1.6918803387094359,0.65834799286703,1.5524409670113326,0.9506312002822014,0.522052046116744,1.1895220725932516,1.6519347955242347,0.6183086311282231,2.473532769810788,008,003,120,1.7884416382010304,0.2676802909649395,8.46970170316143
1921,8.275471557192521,1.8351135112288532,4.943306912556881,8.382412702015113,1.1910380634576314,3.1576536418689374,2.198032227227788,0.5066310352211566,1.6795708840454273,4.316057178360996,0.8041491952453217,2.1209888009508706,008,003,122,0.5594777860293804,0.06082777708593054,9.757212979262135
1922,97.75172332681775,18.234655004339682,6.324884383773284,17.6373618601125,2.8549318061673263,3.9614054286582276,11.922431884862839,2.431062572513534,1.8361360295633333,19.65686589431295,4.196489331134994,2.7101157833945844,008,003,124,0.10519452346988006,0.04213678561668487,2.601695429514936
1923,15.798993445773482,8.39170193211687,6.910811253356864,22.07448700909481,4.168109186753979,3.9367403252267703,1.9531274139524075,0.7869590493020511,2.014121398439345,6.914570943214374,2.1776911528642278,2.186818432562368,008,003,126,0.35038109009845125,0.04155726063992593,8.781665652724902
1924,5.5050262786612585,2.1721422925094567,4.293650249912558,3.0173160429011214,1.2943698261490009,3.1397762919867533,2.132262639107149,0.34641986227454913,1.6669644435661501,1.0277190510646093,0.6340918439183847,1.7697358150883225,008,003,128,0.9318644446583331,0.08129686633170605,12.394353550402657
1925,54.46559477485675,27.413974721086955,11.951089899519603,3.612120734657463,1.7749280632245852,2.2090955358801807,2.7039226676775376,2.102528561097013,1.8028873564756518,18.173816000364354,6.148091226711922,4.96730929684251,008,003,130,0.3837687178825205,0.07240396915242231,5.684151036352161
1926,1.7636779415934278,0.762638950955775,2.6588951453157197,2.200195881001961,0.44204190133989696,0.8915580034337527,0.3259533381072977,0.2599505122947466,1.0727680873654508,0.9632376277533555,0.4405121069233505,1.3307068542158322,008,003,132,1.186007431655537,0.13115983198705414,10.228466648686247
1927,25.2851282109356,5.654740696960366,8.698077787988357,12.686983663352745,8.689652550466345,11.902667955120982,6.726992553019354,2.2466645333593314,3.057106870727636,11.380010243611611,3.6751397128453975,6.123384359194345,008,003,134,0.40965441993510565,0.11833234563287967,3.871551653055444
1928,36.10650903022169,1.7799919692578055,4.194738997519131,12.767520902955335,4.266097701841369,6.920027951638513,3.2695902549955664,1.4626692076297454,2.220772236505616,17.451651850914104,2.1172617026408482,3.5438050449324017,008,003,136,0.16196100961318938,0.059854659402123325,2.8678658001672868
1929,17.07509260642768,1.3141931471670396,3.028780819047914,11.982995136420332,1.8774024868103418,2.7825597049216686,1.7575385273232573,0.4131667891819628,1.262360337290322,1.4534847871384917,0.5949317567163754,1.7157793906111123,008,003,138,0.20269964651435884,0.028437300681195335,7.330649264053043
1930,5.837917275837288,0.6924298241528326,2.0146782664225045,7.051482167429476,1.0563625944189732,2.0151975552743115,1.62667364531155,0.5425345908025199,1.381214794192247,1.4967246913890806,0.3580617542248936,0.9548478024608429,008,003,140,0.2883370123765241,0.0841830673633025,3.7134558801907587
1931,5.718203454382149,2.5502497184212434,4.288188440122687,6.711962262856996,1.1686146338041914,2.1761769271707063,2.9153769135714045,1.2220611143835811,1.4486614882586566,2.036229062084287,1.0306305639023776,2.098854434979851,008,003,142,0.5765907525373744,0.1966282899493012,3.5089803526607493
1932,56.23788600815667,11.33200046846785,14.173946547382224,9.318452656696518,1.7057051810236619,2.515005780004523,6.205417614605288,2.559464975531863,3.22009981574851,5.666655586583067,1.7187910369324153,2.114850062574533,008,003,144,0.4011006063354412,0.0780844393588464,5.537855248219149
1933,8.681665718832692,2.273165461736899,5.325844946914604,2.5207546436197235,1.2855442315435943,1.8925588856454167,0.9140570591925743,0.5643878692294444,1.9524242341717368,2.2289693287690766,0.37922354144076503,1.607563472734142,008,003,146,0.8638002191078629,0.10076177307559803,9.436497907345085
1934,6.36633154761738,0.9483758913169493,3.1004424467683234,3.3800963468274476,0.6818058533675522,2.6224024758474114,1.7273496975528226,0.5176766696430899,1.5170914595144027,1.5675169792869745,0.47315472003267434,1.8662164125381677,008,003,148,0.5751262021656551,0.1062290051800722,5.9891484947658755
1935,7.662549119964881,4.962847248641121,9.653183974101205,4.515529127896746,1.8620566468130813,2.062816159639827,2.4399312735418754,0.8348380785577695,2.536235725956602,4.940680505248621,1.7567808725154306,3.212844658326177,008,003,150,1.3941876338638204,0.13710506067808528,11.56294163148096
1936,1.4855115909421088,1.0586566808453148,2.3497119181075723,6.216847922059086,1.3654528763474938,5.9413494909217075,1.3426097211570809,0.8072568293101356,3.1375152765301353,5.5734907860767855,0.7369209784528454,2.4445107526188297,008,003,152,0.5043992495818507,0.20961286679686317,2.910736500198562
1937,13.393095814186921,3.356513415452324,5.704769949604154,17.78311248862103,6.52536727683442,15.196303976703591,3.2078931564758952,0.9173759313797596,2.1675354628828494,7.708639418630006,3.9703825056254525,4.958850246277249,008,003,154,0.3456288409056694,0.058851026556499764,6.218573819594348
1938,15.983288225926007,1.437331251297854,4.9848563860212,16.019600622075224,1.4662897525939602,8.786907906013196,1.6109488068707578,0.6044318623436831,2.095388956694427,2.127178923648287,0.598149150800268,1.8209742601366257,008,003,156,0.300186289483588,0.03777358132976382,8.24717672343154
1939,37.68496287393551,3.3629548758122336,6.6101674652060085,10.68791073820184,2.019528080244677,5.242471669778985,7.069074505942762,1.013244405250317,2.6317842203071136,4.775159515635114,2.0825854109569564,2.9727002299524647,008,003,158,0.26231155107775356,0.04189308302726433,6.523764089842667
1940,75.43673144739697,17.473956766238967,5.111117612709959,9.451778934944628,2.5792534444488924,4.467840131176497,9.230502822747521,2.521490347172505,1.0908066222042383,11.291792901034299,4.291029141911292,2.5808924176029215,008,003,160,0.11366691581598697,0.05940710552736999,2.0270224783693322
1941,3.345766389062053,2.825962721376179,5.954888639117215,2.256148660106165,1.7049915690353454,2.48820760599823,1.1706979066221879,0.7051648321316926,1.4332878078169125,1.0271589687033833,0.8832494398883644,1.22013608933534,008,004,2,1.6984257915902234,0.2517584882821087,8.444676149143401
1942,19.17484397914761,8.830220073149892,11.48952606500436,6.277142114385521,5.426591272890953,5.084154737071024,3.949037034028861,1.1041491146404185,1.5961388342199827,5.234056618379203,1.1642037459933685,1.9327387188563785,008,004,4,0.8307597948679001,0.08676329702387839,10.405773923702402
1943,4.588564670207656,1.0542234552293812,4.297157837712169,3.3388222378823302,2.9087748679854344,8.438374014864554,0.476784839558565,0.3754282222900803,1.3174259282485772,2.0234263818435485,0.3269476819175318,1.0872180397904447,008,004,6,0.9903289555460569,0.09471676521981075,11.446017061530087
1944,9.067892000770954,2.3832591542156543,4.508238296662324,8.288348428399482,3.3562074097740267,3.665053422365779,1.3552018879941625,0.4817743363946927,0.9049176021433307,1.4071766678006363,0.3372236738371081,1.3223292810878142,008,004,8,0.4921714187397539,0.05551597863152208,9.357572531569962
1945,7.286008296988555,2.634517462014343,2.9628544911024326,4.487212297991043,1.736172070456217,2.4894067054533973,1.2814393288789103,0.6279092168546987,0.8745737964304681,4.626770919147667,1.1683648730223257,1.3328205325488076,008,004,10,0.4548078311191551,0.106667366297792,4.718603281448649
1946,1.058654936765844,1.523158325527505,3.520564616916632,4.396747802245235,1.7071687215750635,5.012303170784148,1.0887471108546332,0.7474334356418484,1.1307132062623606,0.8482122409819104,0.2800925435491607,1.0948657134749773,008,004,12,1.0130728199959187,0.2740158596530449,4.71020488117901
1947,1.0640577965026365,0.45149311444053675,1.0494040117996373,5.125877122240631,1.614791423111055,1.0650481797720825,1.0122283366742846,0.3470336485761748,0.8210572452980331,1.0510675074752154,0.1793680258010362,1.1187904762452394,008,004,14,0.3048819506119548,0.1121283674648497,3.023925824210935
1948,1.2021827337997149,0.729430484143553,2.9594641250481084,4.781490532435475,0.9808731063990574,1.8119958283304687,0.9628155224012773,0.2463576277511403,0.7064442713359088,1.7903116823068215,0.45416021402361906,0.5113740172922778,008,004,16,0.9139242079485838,0.08234327537276905,12.012877993928523
1949,1.1294951909683624,0.4300610361537939,3.411720349322484,5.080768355557872,0.8240632867461075,1.1787266511928016,0.7296024516776833,0.640640331691222,1.0988011334471728,0.9600536125206984,0.29370581933966683,0.9604191139421303,008,004,18,0.9108189857065725,0.20631663274566497,5.325484800989514
1950,3.421560551701749,1.7633929413081257,2.543955617567474,29.630997825713695,8.51694631680894,13.121141270608458,5.191589284924302,2.8155287804661056,3.089849988051483,12.525569602575306,3.6840694905859555,5.39289480239203,008,004,20,0.13152625760848857,0.17036676848530638,0.9035445260645948
1951,4.8187536654133245,1.996254076135569,2.190678875286128,3.4148481198138247,1.1647856527295797,1.2156156132090181,1.1617599142289887,0.3002550361504405,0.724845242309105,1.4404206286377554,0.45679021767438505,0.797072879144302,008,004,22,0.49595905295659815,0.07293406797719136,7.296060387105397
1952,2.5546729575167877,0.8220997683376636,2.0488840966709727,5.628461805173836,1.1119692963933776,2.303586864367091,0.7460101799862683,0.35714171837915243,1.0476961044686706,1.4721082977444127,0.36608026445493386,0.8484341214317077,008,004,24,0.4605569954659145,0.08728726306878608,5.7368937629846295
1953,0.5415549832822617,0.27302491952940994,0.8067531891054935,4.329033688134355,1.3457691915994392,0.8161152934214744,0.9381228813158369,0.2080154581634447,0.6450133672382113,1.0270732612924114,0.3992342592102289,0.5541325354081676,008,004,26,0.3052056898422839,0.08541696792595017,3.8783328711638374
1954,1.6176101503670104,0.663135976127166,1.2243245089610664,2.5577891206844336,1.1630373666458496,1.5842208798130222,0.5839871961095754,0.5236425929989482,0.7552507876919197,0.5612275949168222,0.2964164692139253,0.5175050136905938,008,004,28,0.46884873824170215,0.2508227640069905,2.3380919072095527
1955,1.3014528133846612,0.4720231445459242,1.291254114355875,5.228247270706285,0.6148822543293789,1.2013971953783926,1.1122004167250892,0.3511167780315264,0.8406781066086366,2.1027123522555184,0.3909462654132717,0.5966050848428988,008,004,30,0.35709788795251685,0.1075445345145307,3.677563121862364
1956,1.9873090331841394,0.6144866336979222,2.538199887238262,6.3299747051131865,2.1575084673273923,2.8860000315004797,0.5797142691020245,0.45840641013125233,1.7456998682722658,1.4343591676183745,0.8765557848430034,1.2158078569044848,008,004,32,0.5497451474850346,0.11022983573843907,5.537007840949512
1957,0.6694842054893836,0.27904927707709365,0.698950838426013,5.290321984803526,1.124468389410929,1.3165816966545745,0.571022325431813,0.24342048169783226,0.697936868697596,1.2822998519135258,0.20789045941544082,0.46970500815735977,008,004,34,0.2168416610256371,0.08168738174550227,2.8713723411888123
1958,2.3303296084900738,0.6142758948133206,0.9886193447611055,5.591746790794735,2.0749203977601014,1.855028157604008,1.2375911952785192,0.3545477871288435,1.131851276066761,1.4830258329366641,0.504864351984568,0.8613565747171501,008,004,36,0.22908113702091978,0.0895088028085292,2.788395191426872
1959,1.3764263685185747,0.38162707967583676,1.7801137853934894,1.1447037368935924,0.6080213301622315,2.043164573350685,0.6768189066186057,0.2512005212685869,0.8270403368546807,0.465020272103819,0.16272232822233582,0.745714210748355,008,004,38,1.1775064970644153,0.19927612678879922,7.086425523337861
1960,0.6894511860422917,0.4087324239903136,0.9211140874320918,2.54597582743659,0.8734459774167462,1.9482745105873174,0.7003313546434669,0.4346744784477258,0.4471445145165662,0.24460706231710796,0.19335614528074668,0.649294446020601,008,004,40,0.4488011497241791,0.26869682217330787,2.1190894177212787
1961,5.6366892240694275,1.870111948093918,0.7811537477345388,4.868912542071916,1.7968980749303456,1.912408953671688,2.075055552063999,1.1404092119102673,1.4989454913403577,4.525913636949941,1.5059729104442017,1.481463903564105,008,004,42,0.12218490181447225,0.21710497642994783,0.6849767079889246
1962,3.777933676171725,2.6909285260540545,4.273359901189287,5.484642124273206,1.0602064809619436,2.9201193953189324,1.3410092382950325,0.8519381752964748,1.5293613617519535,2.439558789231741,0.6364960818146896,1.2154517924569903,008,004,44,0.7793513968480408,0.18395275647958564,5.016044620493918
1963,3.5320889755766673,2.507740997176051,2.5194307124177535,0.9264529639190294,0.5852347615646174,1.1646637050621103,0.7244783024052521,0.5333159521204645,0.8696872584602525,1.0830670968118083,1.199043218197109,0.8320452253287282,008,004,46,0.9119824221544801,0.2392333455007435,4.724086542696681
1964,0.38801739414625924,0.3896381479874943,0.915180491578736,3.6312965941552267,1.3814025591773613,1.979351938581494,0.5363240117428384,0.21315848198296827,0.6226512359187675,1.4804238683700521,0.7645322721868415,0.8044508280135405,008,004,48,0.4117213063364889,0.10606709632707571,4.293427514894108
1965,1.4680795458252303,0.40149792454343,1.837208338660065,0.9452932878426616,0.48773021803754474,1.0786960332226605,0.2775014708493382,0.308616011061835,0.9396669422311265,1.5441591021798864,0.3507814692426797,0.7751767175087239,008,004,50,1.2124367418927042,0.25575493910967273,5.953055813076262
1966,4.394635201121876,1.3636851496965865,1.737933440974045,1.4846668554988565,0.3340292331316122,0.9275810961457236,1.2448118071748349,0.39158366720860416,0.7258448704640144,1.5347315836998683,0.48862922019169985,0.7935604059626251,008,004,52,0.5217084954451983,0.13320753498883034,4.438217388796796
1967,0.7091540953566442,0.20624596060555817,0.7418445963386793,3.3330459299771222,1.2803428099438734,1.1749807048519616,0.5793173622078283,0.4531863042434049,0.7714559985125806,0.3465532364939787,0.17792186692637843,0.36646972130958666,008,004,54,0.29982164605147305,0.22422755004855807,1.6369528147528416
1968,2.2345887872770933,2.0930503570481145,2.425669512492986,6.198138254909102,2.9897961315730566,3.6572936847904987,0.611556693477777,0.5987201078063934,1.0399293196355848,2.6381436016763433,0.41782334016378014,1.0888582558598623,008,004,56,0.5037647732501342,0.14199916700995802,4.051424832515177
1969,0.4394658750596266,0.5388676595309283,0.7411452218993514,1.2157371738886933,0.50326827668002,0.8734821835213846,0.16836181750641846,0.44093655668286674,0.695234171089057,0.5247837951869324,0.2579774813679043,0.4439534126948598,008,004,58,0.5842514567819335,0.5327884780819226,1.6808432203374843
1970,0.6104241523838189,0.4266400477614952,1.249673970235217,4.28359901023547,0.9152786366384189,0.9144050908832626,0.5235397316259093,0.2830690425948227,0.8916649892578999,0.9168847274260549,0.3545278296794713,0.7849232077321859,008,004,60,0.457742514742285,0.11567948625863214,4.414732034205402
1971,7.1369817107209546,5.161545502203255,3.4835529375607184,3.918907097229179,1.7136348878348604,1.546515496735948,1.4231729860226663,0.9958277923496267,0.846530119706908,1.768973056437476,1.306555337268156,0.8625703615356234,008,004,62,0.5339783230817368,0.18014432121161367,3.4981479371462174
1972,3.1299381535302393,1.134597527056442,2.5658090516302554,2.048917348364984,1.7900601844362551,1.78174114430052,0.4984797055666055,0.21162682416868286,0.8428619759082548,0.8877667057639369,0.27371418401480563,0.7593072183671501,008,004,64,0.9160153730755953,0.08172725579666673,12.124214695888968
1973,10.561414980248127,1.2894424332684742,2.4179248024589493,20.523480003515914,2.958674730219449,2.6803812575064687,5.229109196487784,1.3388995493691476,1.674675479744452,14.644310486446294,1.5984766426839008,1.841224239600907,008,004,66,0.14323056072187376,0.08614470469136012,1.805904560650729
1974,0.31359529265072483,0.15438906401430355,0.802550245460993,3.2081782884035706,0.5508505800379963,1.1362714058338756,0.607481686233457,0.1256469200163488,0.37519913965487,1.1781595897962798,0.4008865727673844,0.3900811965878317,008,004,68,0.4254099680147163,0.07135434298915636,6.387345152245415
1975,0.7767065911215356,0.22249894074981494,1.7349194212707344,5.789979603221456,1.9353036323912858,2.2496801971728604,0.5641601715390931,0.5634496742521743,0.7771463337439878,0.44768024901839887,0.2962377206891006,0.7743650543373124,008,004,70,0.45100412846742804,0.1716085275211018,3.0791027141392293
1976,2.816478174202704,0.8824034437315399,2.8080197053245075,2.549875493495031,1.2399772628633228,1.6187952215185017,0.7685175184983506,0.591338051011951,1.0757872031172417,1.2572732465231011,0.8994616959868575,1.0263402805070818,008,004,72,0.8575376213151221,0.2203872825495849,4.748586194511195
1977,1.7665939626607376,0.7713069429527235,1.4579279735651727,5.711732752846406,1.8491760426382975,3.5966148448098982,1.6403723502927008,0.7388750918783029,2.215784129874136,0.48561377314166787,0.2455711550854611,0.9102452158422654,008,004,74,0.32557290205603845,0.19760438932045132,1.9731724476717127
1978,1.2849680961829821,0.9522142555418894,0.9975815697840776,5.640431801353585,0.8429151148111449,0.9418075238779189,0.8378265164389043,0.3843454192272032,0.6489613642955014,1.4209642857594862,0.6759475383935352,0.7631810087169928,008,004,76,0.259311100951188,0.11099587746952164,2.5955339126713097
1979,1.2203133378078834,0.5631042804226496,1.389009688742104,3.190252273299519,0.6571568495804796,1.3535270560417714,0.34993271905545215,0.2249537809035835,0.7259193073903735,0.7355415206314302,0.19894208266108393,0.5939620238996803,008,004,78,0.5715532785912644,0.10200677225481845,6.174644778864337
1980,1.293308372809551,0.3366178207634888,1.887015218699295,2.750288307674204,0.7399813300462416,0.8711301506448399,0.3791049386844252,0.2563814833641937,0.6874462534786362,1.1159880273942466,0.26509462092063624,0.7105506232786813,008,004,80,0.8282995043439494,0.12680863282018598,7.360185275232072
1981,6.648624221674298,1.5677989932648622,2.208401487337533,3.1443903014931465,0.6703529407099473,1.5995801049383394,1.0670013156919609,0.4049918001661265,0.8872310265710224,1.5539375878186938,0.5563898998622533,0.8389103005231058,008,004,82,0.4165617048338424,0.08271034403309274,5.45295358185438
1982,4.908322694196665,1.4850040578226096,2.2931948782761467,5.417822747938709,0.5952602588525621,1.2305122040371326,0.9736457065321766,0.2550568676149783,0.690528845317405,1.588198382079983,0.6515853315321537,0.9269698575870222,008,004,84,0.4232447453944529,0.049400208246967,8.990916024805276
1983,0.6158638187736607,0.38217421987731726,3.3005978311683455,4.177802152982742,0.5222337339596659,0.8077200224678044,0.6715590163034688,0.3765819629242544,1.0587008398657827,1.96279675363105,0.37683027479640474,1.2165183575040994,008,004,86,1.1900843876945009,0.15711648043189563,8.764620072449478
1984,0.7948309004859507,0.2427762227165734,0.882695383323189,1.073511284150523,0.5744963782513464,1.1278244099437988,0.3159763113398899,0.19576595531185534,0.7222863031221751,0.7912792543108236,0.30613118264510514,0.61159891169508,008,004,88,0.7811898770595556,0.20956113598638873,4.508932014849336
1985,2.432258794448932,1.5545016128325533,2.541587323020741,4.307790820155661,1.0259354084546854,1.5186437783509632,1.4224037196476176,0.6865295183465869,0.9626227804400489,2.2154606661832976,0.9461439503954522,0.9989713617976048,008,004,90,0.6265384656506949,0.2037164583652289,3.702080180240187
1986,1.1461426709620706,0.5216614053236523,1.289009063108301,2.285833966135719,0.8558218681796766,1.4588308926464353,0.909214344111898,0.30708621310691003,0.692386163483261,1.2272313097027654,0.3752800843727122,0.4156767843675927,008,004,92,0.637153521997679,0.17895588786210026,4.1975478158621895
1987,0.7881935957932624,0.18695072116472086,1.121294809082007,2.8677510692201147,0.3896381956998383,0.7738997408721362,0.2537934015065662,0.21186245463173536,0.5479175624905518,0.866990322394287,0.21575399747131735,0.31275837314446076,008,004,94,0.549698836470483,0.11590025235294975,5.292560265248837
1988,5.7244080955733025,0.8519446272720487,1.5197620432146246,4.837721730584778,1.6150556353226329,1.2170874574975805,1.5939615524517847,0.6034749842865026,0.664442520828161,1.485508633508732,1.162190436125632,0.6538789533519511,008,004,96,0.2582635294723737,0.11427145740851273,2.518351353058092
1989,2.8308090735404052,0.31432396973235094,0.8973367753628809,2.194612951258489,0.6309424861793245,1.738921544445545,0.7993696651121474,0.4036190363733144,0.6968226782299519,2.549502867870846,0.22614357077240613,0.4163505632873615,008,004,98,0.3076938344960285,0.16063090199453103,2.223227089152748
1990,12.140569623062788,1.7566391779591934,1.4894549677766094,2.242420032650718,0.46152272944086914,1.1555246516012512,1.6776946786215143,0.5268963356191196,0.6824129621345494,4.614249385248088,0.6368633465263349,0.7533389589928465,008,004,100,0.1929747969790447,0.0732665945302707,2.826846320778552
1991,0.5194573380174909,0.25987837067086345,0.8154478281460842,2.2073212983647297,0.6138572975589536,1.1097225449294075,0.6108026789548577,0.24570272925780137,0.46107896883491806,0.8268709338587215,0.21519303728998285,0.5988453552974153,008,004,102,0.5067751278983152,0.18021465034197995,3.3188391134657804
1992,1.14798345359382,0.39663984507636985,1.6333988911945307,1.173712991560965,0.27416982484243235,0.6746876957894061,0.454304108265803,0.20152932000382587,0.7986859205328041,0.9041619734589164,0.39279393366352655,0.4325206506943763,008,004,104,1.198932630744796,0.17360522769839543,8.105018620434596
1993,1.0871217254873426,0.28925211266358875,0.6283330914868016,4.006904333836992,1.175711886071399,1.3459549357046456,0.8538487528892631,0.5299725383483147,0.8526738894554751,0.6291908835302998,0.5580198904439679,0.5291344930900995,008,004,106,0.20420410742877462,0.20807610019121478,1.1855955658476802
1994,2.135990951678551,0.5117570237724717,1.3076913707831965,4.9223683447169435,0.4323307873751272,1.0040128458117141,1.9448828112143466,0.45145192359769576,1.0390400505279027,3.301496256408238,0.3510967108118792,0.8832161879855498,008,004,108,0.328513540426292,0.1279197911696673,2.896634840675804
1995,0.40338162711015535,0.15460817153642817,0.518859444456309,4.8375366913543685,0.8075676835100449,0.8650644277279745,0.6503968753318747,0.27795922118954264,0.5035880652361526,1.9665480205252075,0.47821044861797035,0.5099502124880038,008,004,110,0.17901468192483647,0.10607271638264291,1.8666746950715285
1996,1.379485461369129,1.1794744463395077,1.6047777350629298,2.7764951992209745,0.8149194021763884,1.7915397766102188,1.108805054871441,0.5631665855086192,0.9528328044858354,2.1516255318932367,1.03274604908371,0.8802335090507014,008,004,112,0.6076040864745881,0.2710150173935871,2.849561348909911
1997,1.4248584977340144,0.2415867205326231,1.3643458321165243,2.6085648674410202,0.560331065131366,3.431068554431633,0.6305006238860189,0.218916468591997,1.0692636024166056,1.7784989690308932,0.4613377119495571,1.1075805603865283,008,004,114,0.6102740437387575,0.10855119771563922,6.232266767738282
1998,3.295424857671053,0.5728987463193751,1.8927680084415672,1.6027251254241728,0.627613649206824,1.5638222803774462,0.7587526604735537,0.28864284217162506,1.1126073455776126,1.0541945428980815,0.4243241036931129,1.0273453808634194,008,004,116,0.6913670887222911,0.1178579027460595,6.55747426196746
1999,1.6460535311427378,0.7253014592766521,1.4413732657669192,2.9917699754325455,1.890968001067404,1.9548392985371146,0.6007873502088068,0.8656953501854537,1.1049378083274217,1.0456068947359927,1.1307739122078506,0.8366272784778956,008,004,118,0.4526063087013071,0.3733196612411458,1.664989035066598
2000,0.9845456231232916,1.2969621189147835,1.294058764547514,1.6032227072663832,0.6223700349049296,1.313266269407754,0.32152950492165866,0.48467064953963235,0.9895462811007285,0.7616701408849132,0.4793740835041671,0.484953570613155,008,004,120,0.7275900376119198,0.37458581113916717,2.6699755097130065
2001,6.027918819279526,1.4200535181662821,2.718785008324722,4.185203088206295,0.8041191051903176,0.9878216372856923,1.2881256460300285,0.43383957188312944,0.7882472624373421,1.4816566912334996,0.5037511290509307,1.0586178446352073,008,004,122,0.4907199390638841,0.08495728843991217,6.266798108165951
2002,0.9618405770271523,0.9157259308614847,2.461095171726405,2.3208802944989984,0.6846250171733856,1.1388165109826895,0.6368889584708728,0.2537388224524182,0.5716041837589281,1.8634067940313068,0.5232887349706743,1.2447144474258736,008,004,124,1.2986629386599398,0.15459055605568678,9.69932447837349
2003,1.7389088670823516,0.5815882738573898,0.6801332911128484,2.40823258092512,0.6475210419437334,0.8128334254917617,0.3755203758959449,0.1869417661685458,0.5804903168152183,1.4392043725444594,0.5509963284550314,0.446697090996943,008,004,126,0.3008757058719074,0.09015451655663373,3.6382094009941226
2004,3.0881109950958203,1.5087939813513707,1.824704517350672,3.9607986291014363,0.34409051389998213,0.5209774546162154,0.9344392552705534,0.42853226775665854,0.5962512910796206,0.883871990593528,0.464672447899071,0.4148774114843729,008,004,128,0.4616014372142779,0.12158824289237802,4.258032952577629
2005,0.7903579916874235,0.5188174258574562,1.295149364726638,4.6044619628750345,0.7109961851668809,0.8085411033430105,0.3643140425836891,0.11515058693781524,0.5708833331426904,1.848515660793229,0.519642254871841,0.6063374915555184,008,004,130,0.46048763578759017,0.04268931601338471,11.247440409713738
2006,4.337477999942536,0.9364388563737003,1.6056375210561429,1.8411542529197393,0.6275352266152583,1.1688167292865035,0.5331188083836187,0.318105862591004,0.79477390882239,0.824971263655785,0.22764484744623892,0.5551065122103014,008,004,132,0.4712176907436484,0.10296967017049452,5.047494277464946
2007,3.299915588613364,2.1741102961089314,4.082313753983349,2.0073410539671723,0.6700174831328631,1.2115558349855817,0.5930574971444138,0.6905893720795622,0.9315644375851291,1.8038530983933616,0.6748003186531529,1.0868983523088167,008,004,134,1.2207081381325298,0.26024344349165607,5.911347493938886
2008,1.3093440312906162,0.5748934064370765,2.0762788461553257,2.820497522170985,1.3273635400088313,3.3455687961513276,0.6646757475337773,0.3121345053606549,1.6417008388878023,0.47461949604932463,0.2834745958366505,0.9633982580881881,008,004,136,0.8734667896863167,0.15116052338571015,6.651872223342611
2009,1.3759512763383224,1.0630363755768295,1.8280760102593712,3.6869973850004087,0.5616539145679049,1.4671239464152406,0.5717356867328928,0.4172314611169883,0.5717953344245809,2.251269000250976,0.44630676654249535,0.45503550241879076,008,004,138,0.6199587681319354,0.1648175753007399,4.381443348891644
2010,3.1238530568757703,1.3790607922297142,1.4847235158792742,0.951686197038529,0.2226723279623922,0.8392451095927786,1.0338984907306203,0.32469429017778584,0.664314193801312,1.9326739812943474,0.3131813550486593,0.5721850019565987,008,004,140,0.6284639968934908,0.1593380752576177,4.572681321455687
2011,10.414458528281802,4.302995698748116,3.8639124535228295,3.721129418598809,1.2387707045033942,3.1179627803406147,1.2221874955515712,0.8071828497183848,1.448903908914702,2.2417873651287135,0.5546780086680358,1.2128285498643592,008,004,142,0.4906569937018553,0.11420576954445125,4.786910989091129
2012,1.3786551100957443,0.7981143546422153,0.9100214600484924,4.694987900133325,1.55444225952577,1.175430985711661,0.7204311181909901,0.39900869259143434,0.6918779614998214,0.9382794648769706,0.45385082590077075,0.5859026150440703,008,004,144,0.2648621752774903,0.13139023545487757,2.280705851639955
2013,4.977002413121081,1.8576128477202467,2.0368708630993915,11.173803939799155,2.6586248619856714,3.168013579097725,1.8122680744605253,0.892129415581788,1.8050080887160649,3.240631216142848,0.8812834970622776,0.9682921777352919,008,004,146,0.22713838418685872,0.11047490708356883,2.283156263568642
2014,0.9430897832214631,0.1238567020152963,0.7417334316329152,1.6270930109387454,0.33500983747533225,0.4677531320427574,0.3524165921335404,0.2710926499038612,0.6272546107216637,0.6327020299700654,0.1256607359639429,0.3294219373583402,008,004,148,0.47663605925691493,0.210952038524123,2.7360883148103032
2015,0.5178602387958358,0.15071965121275926,0.7604227397399244,1.7002790126380174,0.46058344895832826,1.2426728901420314,0.5757688840525939,0.1666467680252665,0.4918870960436925,0.5049330942452279,0.22760603782333894,0.5018602059403817,008,004,150,0.5960750708151491,0.15025816608902479,4.563081233142374
2016,0.3732281299088248,0.2552450017009146,0.576068334247474,2.864581655981454,0.39943273729480144,0.9869868601832427,0.591873854033999,0.44422731875235477,0.5945902490675722,0.8434226663954898,0.23589145784087184,0.4438997562009753,008,004,152,0.2792202705097116,0.27439988642211643,1.2967872751847058
2017,141.01698773810068,14.073614697777316,60.34701395688158,667.9841822267502,74.53191844764854,59.32297261193173,75.90860976947198,32.93297097174883,10.284371614701271,186.69261540879802,78.07416317988992,26.13708076494254,009,001,2,0.1379569837189252,0.08141637415228876,1.8324193711113879
2018,182.2384525325617,33.81961381601549,34.90124307666328,367.7170833094888,17.725760769869048,38.42475066831581,42.477609182735925,13.823307825172108,12.576884153980059,16.163079812340325,9.035286858065831,6.912576120347233,009,001,4,0.1208487294809629,0.05027063798533058,2.5248112476456943
2019,69.1748837932073,9.750171514428686,27.961878974508807,28.302331168477888,9.5171674632455,35.348261373033985,8.574386618590788,7.423225305129938,14.669086814690836,144.53309224744078,21.340864218959208,41.363589203214026,009,001,6,0.49788045701907374,0.15230688131678244,3.766809954587436
2020,19.64446125577883,1.965575390914184,9.2621115170523,24.380995582305903,7.565599386444637,11.685481294120557,82.98353637521389,14.704490966849232,14.023140346188935,8.539386889661863,1.5539794307282564,10.069606936120717,009,001,8,0.25225525440009816,0.6679994722566486,0.6298831790868118
2021,61.63651723194608,24.187075266085074,59.01198321203274,1372.3729438335502,431.2629421886347,631.3833061705793,361.6587671192188,115.88540749701463,184.21661982004895,57.10339507748027,3.6997087011186602,25.70753314965841,009,001,10,0.07085206141548045,0.1616243276538909,0.5092270414940119
2022,113.42606192076325,16.33361471270265,9.585750795670755,29.951618364354488,11.04632940028723,17.488843439205148,25.33591811358562,9.037270004053848,8.973768407575436,38.34687940075358,9.502866651237547,9.222251037451747,009,001,12,0.11874411857899951,0.12606243853412233,1.0606909820521988
2023,9.765978357357978,2.964256955384516,14.728783651243528,31.363734531629934,10.385111352063005,27.63716997766179,10.486315583277957,5.668738412792474,15.519803703758138,31.06419554601908,10.547957971295613,15.16739323740067,009,001,14,0.5614474009898259,0.2756517376181454,2.5982471898871746
2024,84.88063096788696,34.03775764140865,14.030088791578315,903.9654075613732,358.0647239727071,345.6391460803355,113.47795506020168,30.133054731263762,38.238821066503974,231.09111371245274,90.29139206497442,101.50588786579664,009,001,16,0.02674659485820412,0.06094589765679102,0.4656045965702164
2025,130.7409460290679,30.01209865945952,52.226951346478145,672.4530356627292,80.40760998775285,122.43753500034663,110.7887836320258,21.201937900692606,24.583995361001975,247.88000165752916,73.29545921571949,53.42869446724745,009,001,18,0.12352668797271456,0.05279406565281822,2.463310268669924
2026,50.391798242574765,12.400366221172078,34.78706819766134,73.78537233311256,12.570049947617385,73.93532914915048,39.80213427859631,9.900614253660557,8.142347352146961,40.58254994957063,3.1547149823174947,10.90175296077239,009,001,20,0.4832262119764981,0.15945949175297122,3.5136272665910107
2027,122.01944505824889,28.578816542195284,20.180461643557827,260.50643208979506,43.596350524785265,94.72334097186115,31.16533970132908,16.036125784074517,14.041380285180878,77.54482758740458,14.4681967781274,17.781763793665373,009,001,22,0.09734950664657757,0.08384335148060201,1.258437475191112
2028,203.27751069622133,23.17238571045215,26.660946988744797,28.539512410610683,19.654336273243345,83.35986735607335,42.9567549694139,18.189584760503116,20.469058318048447,44.50705913284639,6.124223691292972,19.71968648682416,009,001,24,0.19881674476819133,0.15693053527066056,1.4657259821915454
2029,375.3707587816916,22.594006569189936,21.0837275070132,134.5029720943366,58.691246264280316,77.72385783411181,44.41819004279715,9.425359188579481,26.598447593644266,521.2274794205775,160.1633628370969,204.52055405613532,009,001,26,0.07975317781045892,0.03697134650332156,2.2369150167306016
2030,32.963730928084196,12.377458743362878,31.85056591819339,76.93386459356952,55.24114364507454,113.16407391488872,259.5110291388809,79.52987431072894,127.23321141241429,21.467130227953106,11.423168212915199,22.07816345104384,009,001,28,0.23684473848199342,1.4473451203954455,0.4004855558271215
2031,60.32176145528253,5.009499622535015,10.678862690925182,49.9819137820239,7.293626174449369,17.25035857675899,15.357110631944165,5.236060590057571,12.678910394746401,13.37182310709049,3.2552175631357434,7.335056030473387,009,001,30,0.17683779379135248,0.09493900504752453,2.0394841708292315
2032,120.5489734157921,8.431425321589579,8.330057989714797,51.191251860362726,8.969235208907534,29.45507182522661,21.04383062009976,2.9853834326294466,8.970777537610346,27.740461953444175,4.5148332056643925,7.550025129988136,009,001,32,0.0937483707601626,0.034766268971978,2.79028077220148
2033,49.85905539331911,14.360456962514462,13.91198115883132,27.320715271624074,6.402937203513137,13.546731680175188,13.883298177424715,4.827218399691528,9.243108945462541,7.811169637909588,4.436195146318523,7.180512499417058,009,001,34,0.32042628279982227,0.1250902498958619,2.881987100422126
2034,14.143012401399684,4.383811800814785,9.53634084658719,92.28720050286057,14.682621684673679,24.509268515155377,9.990496289104685,1.5178829307993853,4.9603437130611265,19.52567805042509,4.255607430463027,5.916850657691013,009,001,36,0.17423387529352538,0.02852353461257854,6.2826589937110136
2035,36.94369077663033,12.339851809882385,11.461848322563931,135.15124039602856,35.21068239322912,31.17478674838419,12.683833991987381,6.356581693324014,9.43206351214608,7.06628812538296,3.043280317567969,7.30177682187797,009,001,38,0.12404054432676052,0.07387296825083826,1.8031465456664724
2036,66.2840170404643,15.073153538592704,27.261868557153484,211.6238605633246,11.27912440306069,27.256543215005273,34.36828422186247,8.631486023808392,6.920190674181128,118.03467850623186,36.95201235695281,26.778961425238585,009,001,40,0.18471924710281876,0.062117606008378325,3.1584212129819305
2037,130.7787758929165,11.492617605780767,23.18889088735191,397.14489499580213,12.006211766062297,44.22185945996549,37.425910769016475,3.55341830395974,8.194265760663352,40.46421099119088,4.663000322800247,7.813038039755771,009,001,42,0.08668249964231288,0.013461863901566812,6.525798232510776
2038,78.46981377445738,18.49379125035152,23.501153773081,106.02631383999474,10.930644671325378,32.74136983085729,37.72519655453242,18.026318988313363,20.983001324257074,23.829345458011836,6.774815126035412,18.46662762127628,009,001,44,0.21311526011126872,0.19541135330475423,1.3037134086175344
2039,106.0152716829354,25.368064093839937,47.62014639498267,37.10403134774932,40.43788666370999,49.970877016783355,43.11089722470955,31.616299618505707,31.386415907973408,36.400845427515044,29.204274753479822,25.243862890490853,009,001,46,0.46154308122835735,0.44181740616396353,1.5061897492617877
2040,137.53960456917332,37.88183244614268,13.709772167759478,50.97108156268428,11.239447425324833,12.083612463138806,24.144695937217378,10.091109782044613,12.34475205953521,39.50940120983722,6.397413264644083,5.690743788798491,009,001,48,0.13138704568840306,0.10706140844435931,1.3585990504387981
2041,69.6524264892773,14.915905703183775,9.479482641492092,22.613025717110187,10.4508814367857,9.976125945836896,28.09529095181074,12.1046175753747,7.937127327529506,19.10383050646904,5.5835825041650065,5.0064191277772645,009,001,50,0.16277326613336893,0.26238678261280346,0.7831294613368778
2042,157.31047431373082,17.800410644440795,15.492616284771902,19.422447432876414,9.822531351097947,25.61258099613768,31.492649425712393,9.576387798393512,16.831792055448982,32.316395834827134,6.274593500502691,9.859588519600795,009,001,52,0.1581801682806154,0.10837129498853373,1.6177933278110217
2043,9.19125584109186,4.495741117667485,8.495204815618541,43.956586356029284,7.041955748550471,14.960276316281158,10.15955534242111,2.2244947310544214,7.180169098699432,12.234691497947836,3.8304591049299397,7.086361254337103,009,001,54,0.29498861555025035,0.08370969127227955,3.8189368115930633
2044,70.49300929943986,15.834374718702222,10.267279442573233,30.199434261039734,8.068444815941845,10.455195049593105,16.67185160615796,2.405785941670154,15.807446509654213,28.42492483491995,4.082180890465391,4.302684171648809,009,001,56,0.1946329606391234,0.04778483581491694,4.267744384375878
2045,71.50782734345091,14.622460053320689,8.029944778587371,27.719151152548275,11.46510731515814,11.394905846658116,19.19500660322452,6.2737379406607685,6.575562883657298,11.287402902641627,4.528333357143115,5.469194755926175,009,001,58,0.14368121630870004,0.12645226199069892,1.2799299005692344
2046,62.41376695026893,4.813624892674032,4.800244032732838,18.45012435406901,4.440177163804765,10.584586991829823,10.728365806898324,2.901950181380415,6.212800244770522,8.276403471737837,1.843160778772055,4.650486316529882,009,001,60,0.11077342436902379,0.07177369613487151,1.6541441901836622
2047,62.068243820237754,10.127899090344265,10.413907716635737,10.437330796937125,10.34580725027509,9.703483877580686,15.928761365330274,5.152227987248102,4.626851552301206,13.27229746305876,6.102095505183652,4.967886987520562,009,001,62,0.25151319573798475,0.1421194994854274,2.021243575092257
2048,8.569698848671875,2.95584599918297,12.157426323283698,32.69438247794178,7.499324413379158,25.18230972321493,12.246621996412458,4.649808269091492,11.361959873869683,4.163280057635716,1.9835908779109834,7.451937492841183,009,001,64,0.4808756810386654,0.2253683164438974,2.6146080912835337
2049,38.43976153388789,11.027998630413343,7.991903073846556,28.22855945496551,10.9859117711121,11.783190876514483,8.474843175590392,10.466217151523034,13.047590085324657,6.460415705611888,4.266598774481701,5.047226600045283,009,001,66,0.18246196730190925,0.3139787232161714,0.7635904126720304
2050,83.67734995858035,2.928796210603963,5.577598715727653,26.294696678478367,8.627519457559096,14.143068761399043,17.700830048916234,2.008090398000529,9.0054315656411,20.59425766910099,2.5645591176375717,5.046018860022053,009,001,68,0.09786271514754678,0.03652001502941633,2.7775635605256173
2051,60.42308145817162,6.016326534670743,8.168377929427798,16.15487283079304,3.861950290904775,8.368979696949875,12.12622769069085,7.358590085601557,10.750688292808237,15.55568757007989,3.195958602185561,3.596562058611412,009,001,70,0.17894443066934035,0.19218560103692856,1.1100466032767256
2052,8.49981845890154,4.44307500129969,7.407882589952081,17.370295946140438,5.969172993375473,15.822900968139228,35.37083833632993,10.019935525120298,14.610842422577056,5.1675343251836185,1.5034826798788594,5.191913800585919,009,001,72,0.32271334945934743,0.7746340327870722,0.7393143969220444
2053,38.275856578884074,4.679146012825145,5.244254578512017,35.053878930587885,12.284086988261667,15.324906358298607,18.02068305770695,5.447959662440834,7.647817321438746,6.228121174056589,2.5432346824436545,4.536519444642598,009,001,74,0.12452867451908514,0.1485880079776675,0.9626089221377326
2054,8.781194544039632,1.8816146927842166,5.905717904710114,24.54369696406856,9.045518812719859,11.022760939248343,12.862085805899675,3.7079925483657346,17.77345225013686,60.0288179092708,6.9815123835245005,5.97719886109925,009,001,76,0.2899160939511334,0.22253591117999902,1.592699507261148
2055,47.98907617016788,14.729328541504454,16.220519794058376,20.894780126848893,8.449321024524941,18.552703468853473,36.313617408931144,9.348020918461067,21.055907976978983,12.236905426745164,5.297046784851471,7.2579640803171905,009,001,78,0.3704165028658012,0.2714139835073639,1.7351822311421083
2056,134.21462009743107,9.805589526944816,36.39195822552004,166.70944850544853,19.933852785550595,33.78168197091166,32.84537049068851,7.20148118874118,21.85137157523461,83.19822024211868,10.685419364563163,18.020535510835096,009,001,80,0.23082041594960165,0.047862447308890776,5.053399053852331
2057,411.99701297611625,149.35281130162105,61.06686317824247,866.4267755179396,191.8911235353195,86.21230338747975,94.82637254726461,39.74935461946157,88.11780995038706,243.97864800216928,55.55523577079606,21.552261509346607,009,001,82,0.0899416031182814,0.06218494207822133,1.5362982308231916
2058,20.741070232424093,4.824550541290665,10.216440920320458,25.71562677141168,12.377731539380063,11.888938303774715,10.360193845276523,3.609317616601716,26.828753253237288,32.692898708235674,6.698276099748785,5.690641875531592,009,001,84,0.38067546094369586,0.15538416845707764,2.830574087835349
2059,134.76449270746826,18.77553595112228,19.23675140841808,34.21257835732695,5.845895596132959,21.020793894756604,46.023170768573905,11.610647408086285,34.81982480222826,23.612133701075287,7.713123596357228,9.363255296345987,009,001,86,0.2001760141949571,0.13742275605705245,1.6568198768158753
2060,43.05743301255017,15.743178816939029,9.431877825347335,77.49192150554083,19.87194588087824,26.20284684205903,41.58391515472268,13.079351978225265,31.249013043579296,66.03715381056807,7.208509252636066,11.678045459596872,009,001,88,0.12858022829037796,0.2169958027649568,0.7211273036347436
2061,26.374688212628403,11.842935809409926,20.336355760396323,44.65188549236325,10.919538114046492,18.18274559281462,21.73509970817649,7.119889941014033,79.25290842846397,272.99566541928937,86.89877936868051,66.57728040710484,009,001,90,0.47700775053413735,0.2004852429060268,2.85627389311863
2062,156.55178495123366,24.564179300059976,26.365500155030006,400.8677618986,48.27626090861352,56.65046271948394,112.98936608731509,27.066526636127165,64.7753934972098,309.96661129455504,62.39174091399871,43.47254460751827,009,001,92,0.08622479946865241,0.09711366165427553,0.9740998728606182
2063,152.95251208740146,20.976579763128964,12.151809571440662,110.31839849244794,10.302674071180196,16.021412458462734,43.991776280809944,4.538035477462005,24.65435728137031,160.65569855240756,40.382752460088355,21.9970605359679,009,001,94,0.08923770333683036,0.03447426430415016,2.677768746364413
2064,200.19156702975866,21.079911895047488,26.159288827554242,87.45729903836317,9.56944829503224,23.70308758524594,31.696318283822805,10.637058911282548,41.1755850447681,421.1585967696205,126.50173751859758,59.874149586620106,009,001,96,0.16935799659898898,0.07395863614330013,2.459259560911854
2065,13.500905388580199,5.119372928758306,9.843101372793491,34.39763988453944,4.368362215757124,13.359099747504477,7.363730084784626,3.0542294589982486,21.528854439489766,37.84791709158039,11.515416867484232,11.459110611006883,009,001,98,0.36451203025301776,0.12752911144097995,3.2227773010944345
2066,155.38733744781368,28.528792074370408,35.33680955023334,172.09799034330845,35.26927116442832,96.31472339246602,57.535007035590795,17.525010284356753,44.97304577391249,35.91499727252875,16.845173591444382,22.06616106232179,009,001,100,0.19494269847121043,0.10702775848043256,2.0163645542494106
2067,37.39332498994631,14.19131225420686,24.614848362067,22.595033893840103,11.550229660802147,52.00144952166395,9.26496589892145,4.758664823603828,25.263311769346686,9.85946555437988,3.9366177249837544,8.763736881685276,009,001,102,0.7082829875454213,0.15865294240913114,5.17263755160333
2068,67.0154030489821,13.753250038461811,11.241972869074631,11.074368771924169,3.7286550069474993,22.301273520422935,37.23759624292399,10.905435346951922,24.679240516787967,35.10849177476299,9.608687970375705,5.173796906803582,009,001,104,0.2250630743922999,0.279305089326239,1.0308596137078354
2069,197.43240226407977,53.59437682297583,23.309262008824874,33.9528241039947,12.613746474004119,27.707114708708268,20.133279214122453,12.042118502655121,20.695095700885858,35.423070929851406,12.75769048192652,7.897143417535978,009,001,106,0.18248178628501613,0.10408718561399596,1.9356446296127632
2070,143.50568420327107,44.049477145636516,41.27199304106567,276.96912150281935,91.29141452771903,136.0609551364433,201.97004095681422,51.244558145427305,96.21709527158389,118.66796697720342,51.73391415440493,59.21623683373106,009,001,108,0.15783877741878632,0.24374615292050086,0.8053926999221962
2071,6.943657941966233,2.7768344111957965,7.321326291625834,30.101956260085103,8.283592790681556,19.147197072269186,22.653204577524765,6.129974036835334,6.495338865901335,5.343181971574259,2.0770746023364746,4.3237539572022365,009,001,110,0.29697770205658297,0.3309419573071026,1.194348662430151
2072,91.61367518317849,32.99124019092707,23.20291529800327,26.803103863348735,10.754745813675887,18.654252436057497,26.33540439766366,8.506914900447935,9.006928154894775,15.50578100909076,5.264315475692813,7.1194722726391335,009,001,112,0.3426539317141195,0.14367752558284796,2.727535842257163
2073,224.86889886001862,22.467253379532835,8.808323666664517,65.95641451723048,15.461063211305458,26.83395803328703,53.371710973133155,13.193652605338375,12.841785277403694,31.573870440225633,5.580883592155709,4.613583940776788,009,001,114,0.0555357709657001,0.09073249128231144,0.6676182805586771
2074,509.4251973003602,13.267545051703639,13.932972319674501,39.96473119843423,5.010126894680688,12.64822064526081,71.23006581866711,6.2616159630122965,6.757076098327923,91.56837959532066,3.1057183406065536,5.345309282245439,009,001,116,0.049591194159399506,0.02279479705833754,2.2251400280658094
2075,185.92436836667213,37.125797900708655,72.68787973089212,757.3512662624132,268.47406595338543,387.2961064367073,172.97448446676282,53.84720883754547,78.64750042229207,107.6926337104009,32.92581574553197,58.77582394545295,009,001,118,0.13832531111905458,0.1141706768641793,1.3498913184189003
2076,37.359364207818444,5.425362214313412,9.406912393467715,45.904732620007586,5.9743817710630776,33.6768766314118,44.2000436622066,18.140505913310697,18.322255261705287,14.252119506078738,6.864469084886906,5.751791926966497,009,001,120,0.15737845737643658,0.43573416645163976,0.5185584370370476
2077,41.303198956378345,5.589053947139872,44.271772756647024,312.78147184997516,43.99214910460581,84.13025136094078,45.183002359982126,11.373562766009353,87.24052979466222,52.26071133530378,9.841172166642778,18.254575462010767,009,001,122,0.2349683502657172,0.06424205114617615,3.892515798915372
2078,81.62729351066052,7.781052473641694,10.381742961632295,20.000502688397546,5.780871581498915,32.91301299048335,28.14936331193483,8.11127076485965,36.629156032531846,19.041156652097683,3.4801528597344524,5.57508455873203,009,001,124,0.17618520509504187,0.15962701284936118,1.2799157200631226
2079,124.08351084319122,21.1465620502008,19.08487295912425,191.58447812923333,36.703172095808235,72.61619815234505,72.23031048420721,25.31312800475609,37.507358937707075,308.0404583101208,101.27183242858693,127.6878998456673,009,001,126,0.10420514774981186,0.16037817510198882,0.7539515841557941
2080,35.51966116179957,3.506258076301058,12.937398584063097,104.00147833341185,4.906466461315394,12.665219897774726,23.485808385865035,6.549098854189964,9.111606147587882,13.005813237505183,5.476548041706814,6.6777205844626355,009,001,128,0.16953813089628147,0.09387966408366008,1.9754471374005973
2081,126.9878816998186,17.388444548818136,6.157806422065244,304.21512871654636,24.551153589208337,37.12898569563583,34.85487070322476,14.617597367246933,9.935367180597746,224.95531716448534,177.9314663917897,49.31254694222739,009,001,130,0.02674759111289511,0.0677991433924932,0.4212598190632063
2082,55.29463222472192,8.333984784153948,38.386233376448416,143.26365355364982,24.32301692807343,62.278145834418964,27.32933042355623,6.417872312544398,13.62481734374454,134.10124116865668,17.350843424660976,23.139140455631154,009,001,132,0.36317234978854945,0.06464471918042189,5.9811463218765715
2083,79.9839306659696,10.284287728968268,11.588711149411113,15.581166488765163,12.21628043246373,25.96864781883664,15.51649707944851,3.4647027832160973,7.976064862418676,20.264462793748073,4.289875889654113,5.379516458442354,009,001,134,0.22613332113894605,0.07250979460851077,3.3447922879704954
2084,73.5325027369995,14.679364579800339,39.495760396479895,143.11931969236082,42.408027297037584,129.2539991392455,24.926015521196664,24.771919604956523,26.791525279434286,28.91638162609732,17.284953026502905,33.53176369188086,009,001,136,0.29674232970784725,0.22867954053821493,1.594376254498151
2085,138.2924990859152,14.692710107465029,15.206936069801758,64.55120470068579,23.818728969920066,55.754575141739494,28.945076745533793,5.816687645727112,9.056831792027754,24.95631883487433,3.7439138888571204,7.830558365379604,009,001,138,0.14180476659948782,0.05735142414719936,2.61436353402484
2086,56.79171401420763,10.311802549203389,28.691628970488203,10.984799228916607,16.15285843708441,67.46889998602056,10.84117916928686,8.468097406216533,25.882890281051342,10.785541868533329,4.819137857409876,12.53461758557016,009,001,140,0.6773866549437025,0.24988294620114881,3.3882025198984285
2087,81.47040043673957,13.792524205203815,11.83351264052002,13.63558057062165,6.970774502329919,29.427617600220785,18.633987051741258,11.056318853966134,10.641550319444312,26.75477517460879,2.780753473677041,5.080344000308752,009,001,142,0.20190500059144792,0.23250522705002902,1.070294082218431
2088,231.47216002681836,23.521180701354545,31.128368124454404,28.87078456045274,21.99684630497614,42.62565568021334,307.92231047540247,103.5949713510035,120.8598945708107,17.298735881816775,11.835478997170142,30.4009764269346,009,001,144,0.13316012186836496,0.7958346750301644,0.30048145888263594
2089,217.6586476673271,15.91639359638313,7.472170717487343,626.7287335222236,38.89910890483554,82.82708792478522,52.33701461759054,10.884907896813278,10.514810376923696,34.00559180481264,16.43393496661739,17.28558065852561,009,001,146,0.017253613416855253,0.025781787220644878,0.6864707343711134
2090,145.44229906196503,28.027360701944218,27.98381259379985,18.767280767822463,6.3061086444961765,11.40660514076189,26.047228860440917,14.317389009979298,7.058756092597767,112.33879756160452,73.63340880761382,29.178507992645873,009,001,148,0.2902217405354771,0.17437946098906143,1.9545332304860181
2091,190.50277362692472,14.159127240167683,13.109554484631012,769.5429413557558,102.22834860397155,69.33011113886843,33.75342481434501,9.952251186906537,21.547477961317664,211.64905822480227,29.999763821317085,59.97884471930806,009,001,150,0.026755551970783265,0.020732869344843807,1.3172451376506968
2092,43.81540056686464,33.77514405121665,57.05301335484572,79.28321240152334,75.69916255222725,102.60540359469356,35.833044023152155,13.871680934079311,23.088171120155803,88.49109552356008,33.78806782478859,37.685054406171915,009,001,152,0.7564607055386109,0.2253750972424294,4.112912748351967
2093,243.9469132820912,102.76431079972643,165.31789905785473,198.74052316916496,66.52998405872742,235.6260688348267,83.91979592880074,26.850153449145587,65.85118283070113,878.7230129344927,318.4950290467122,436.86610663957447,009,001,154,0.6660837269764771,0.12130524265330953,6.1570560246878365
2094,35.32274962810126,3.479880116218097,22.55297579349602,25.170560839930065,8.03878871191653,40.06265885373312,11.458484649175361,1.7530102668609744,11.39892121079394,12.162349422753081,1.6025590495361133,8.84776039525409,009,001,156,0.7047878607630501,0.05795716099178871,12.865284487968504
2095,135.94609470377296,7.455201683709477,29.51156458693943,25.223271127093177,26.797619320667888,86.72231316559163,26.626742326303056,12.39951757775891,23.182418114360516,19.70077401375019,6.2372293510273344,12.805363880972132,009,001,158,0.3173825706992036,0.15386940953495065,2.380057482226123
2096,8.049623854858998,4.243445692629123,41.324461124772824,30.402297587541184,45.159272168783716,132.27015979931537,72.01890983600096,27.682622228872454,64.57317085244793,22.514499960124887,12.88133555935791,12.535463921087082,009,001,160,0.8809573541958576,1.439856381187098,1.492794316344504
2097,99.71736599009222,21.914211587937025,28.328852869372135,149.74506619997456,26.270412515750053,46.800747978252176,183.0103526318226,27.977475036673937,22.29125944057072,820.8024941184328,152.98947096010144,140.07086268966262,009,002,2,0.18550910664894132,0.2243021106709787,1.0125593118120058
2098,40.089714867809334,4.472570161832591,20.677908256771786,260.32453600335066,25.531237080286008,44.105222430544316,20.704188354058118,8.24504493396961,12.221334345927055,26.626927747484288,7.579727029929906,14.338519281095754,009,002,4,0.1304993690433258,0.05489117050912274,2.5079194137049203
2099,184.57077766169357,37.55934756347815,15.033266972474575,56.960284821034655,15.695688235567065,33.94452956357374,52.73791342375381,18.768498539134907,6.471342073259585,829.6100403336566,163.93132030568978,79.44799131130178,009,002,6,0.10773907265577727,0.15541271044983734,0.8009839967287815
2100,34.522019873944906,22.350451019038346,68.95812918814534,80.79178495489431,63.450565541000266,176.53535986561303,19.379070538809806,9.287661918503026,24.602212142775738,23.79174378270409,15.054213794833464,12.443755164072632,009,002,8,1.0300780933491334,0.1610849964111191,7.424702771616381
2101,232.1570880571963,10.045934895818059,94.7361925461653,96.83777826662629,61.71126655386793,341.6694722204847,260.06393152485987,53.581885123924124,89.70917402908708,237.34894357502446,54.72029759345547,176.9630661708982,009,002,10,0.43441163192740295,0.325730828098604,1.7680638209547785
2102,96.15565209669992,19.603706009424485,40.52845089584861,413.58655004881393,73.4871922284488,116.0066971131258,250.4857844516842,130.2327930762743,168.15853843381265,110.33584733529042,56.830301038802965,112.78784246115349,009,002,12,0.10524030401044066,0.5109751263604316,0.3112000436949244
2103,97.95293791746748,24.62430430502522,28.769078249061366,26.126253313393434,25.287001492603267,54.75357517242268,12.119180665393092,5.621930426596535,8.753659153057745,81.56295315175556,36.41895715252473,44.08469315528049,009,002,14,0.4251910935498538,0.09061842474676368,5.117295317807392
2104,44.25910665774839,23.378727827519302,20.370896132336654,35.71371264689506,19.119373832757482,17.354817249063498,18.01117964271863,7.0147850869322,7.707201181608189,33.4237707513166,15.490006856973322,14.512330444962032,009,002,16,0.4334123046307059,0.17542923077928557,2.9039943319554395
2105,30.27248960812938,29.259543415355907,66.71642881171036,69.70242866949266,39.98281311795655,56.027417163219226,39.76237405603696,9.402540500920724,151.2885895703903,17.0151441876815,3.6821723336857586,26.538923096425773,009,002,18,1.123361327099205,0.18809798823362175,7.0955747337836295
2106,66.26333133372984,11.213642484044367,42.790944251103596,237.49555419966754,26.668718637285753,79.57070387429718,66.71362682910046,22.334819995667374,35.58712628924734,57.90260490455049,6.147896633481736,15.146628542363814,009,002,20,0.2456225085857169,0.14705624137675952,1.91588489450125
2107,114.67931923909961,26.037270667453846,49.16415720468391,279.0839090704616,44.12282860644951,59.09135475351074,54.34599678870209,26.190435761003485,86.12312806246005,11.238720582833388,5.007038636494266,22.216972042487768,009,002,22,0.22039586413109463,0.13302631570469345,1.8771798091991803
2108,127.13588163386284,39.0870361319106,46.42320800726241,61.39780653486483,37.787093800300454,23.831197914246083,140.11494015020136,47.429376884093614,49.12238751227538,188.68834337741475,85.52163385828996,88.8064585501865,009,002,24,0.3276248843474558,0.5031395433334633,0.9787859562378387
2109,152.2764517724454,35.93877081653545,26.82148533687606,257.6227971153663,222.57597501632387,92.23680069671246,68.3873177996997,13.943551342285616,21.20145077677563,561.7405881384555,92.67380628944147,66.14924847062534,009,002,26,0.12253230481280289,0.06803404192673662,1.9235763313422491
2110,148.26294189752744,25.76960556407628,44.0209799182686,107.47226505736273,58.95925970632457,67.52452038694841,97.74874031475242,86.19441374501763,83.04636773386608,361.00531770257385,229.06588196568742,226.33472641031778,009,002,28,0.20564591742831262,0.6740911020532397,0.5107173192046124
2111,104.48431597008836,6.061564880896551,18.220883491826292,60.518971856233414,38.99246493436458,38.03026314028137,18.27332969221024,11.727784763823433,28.480252963372486,495.7957969623874,30.058487140555272,34.18335868577827,009,002,30,0.19336722876976087,0.14215213427950354,1.5536509118100503
2112,27.365070758182664,3.9570219434336678,14.8799178810133,21.05056898658544,8.996337139982144,13.178014037581875,7.874709206533407,4.019101063111588,9.361483154802123,35.016887593888754,10.204260472775392,8.234078444336012,009,002,32,0.527153419071708,0.16602490783139556,3.702300003745929
2113,33.7676406561267,13.730452986773319,21.164665315306742,94.54058180244837,19.40502798486355,22.813572390791546,48.00643143770168,3.6245293587673526,33.630681727011066,67.66915520756726,5.420354828600513,11.659248129812337,009,002,34,0.3122615787463395,0.05649722658947363,5.839286489461496
2114,26.533265643586944,3.8367933549344277,16.939205264182938,40.08587443538665,28.96048854540187,15.671441636303491,21.138444281486052,9.565009298636966,16.673049235231055,123.83540674167672,26.130132081681825,23.713383482420767,009,002,36,0.39508738104680874,0.28715499141232187,1.7709554413707482
2115,51.487712368203226,15.75814541904234,48.66796178657188,208.14454406762496,73.41945764619254,82.07376896221585,51.27173321446124,11.494590616360284,45.761464313738266,1019.448345550497,298.6460411919535,494.4412222025519,009,002,38,0.3444038936893982,0.08854516595245426,4.233988265515314
2116,49.3476330310861,5.548221737445228,13.987015647006391,51.8743849868635,16.900406014397408,19.00481096137177,13.6385812945865,4.435612699990645,7.777320130505866,11.310549792098389,5.445965055964514,6.2504690586266705,009,002,40,0.2540939882007024,0.08764126198717126,3.1533446657856063
2117,36.31334099768864,11.682068906771205,40.54741529166067,24.81504657538999,14.597299190108004,26.9430882532265,51.262698372785565,12.002981322809383,77.49141280626723,328.94209393525784,57.88058781522024,65.02971354713328,009,002,42,0.9525512366630022,0.39271382084010936,3.3781120041075146
2118,117.20124837358892,8.774154064700799,32.430406802406566,37.15983711583301,10.057511424429908,20.72759821283818,25.697329022076815,5.545698979945428,11.064234759431915,64.29558368865622,44.16136056569981,30.87139864821859,009,002,44,0.3920207920280845,0.07185358877675765,5.847848381183808
2119,345.9061375563605,51.877318720202226,28.54534602206112,89.14464043824032,48.47372131473265,41.08547133204824,159.89726456460414,17.298391767455243,53.398715051085176,196.09372789233225,22.12103239389745,109.57669984709321,009,002,46,0.12156071216082492,0.07952355284683538,1.6501734037360405
2120,234.20162005770925,40.998684835997494,41.62510906398281,49.87958261471634,16.468965541456903,29.952331730089924,42.06616367190928,14.475142759157816,13.310065911887035,373.79153509926545,136.17847742227758,141.1188138608146,009,002,48,0.26594838304968954,0.10190848689027215,2.8756268422740323
2121,51.23757400166704,35.23202801394342,18.53121887509058,52.206936921596835,6.407735288990314,6.996202005214631,28.873345756302694,10.560258101269577,9.885167147462123,72.66889060775057,18.10837775158251,14.669700192434451,009,002,50,0.2975348587428988,0.20417242069235123,1.7548073822989911
2122,147.64173158625607,38.2564618416901,18.307475661244165,62.14486347339589,22.489250632480527,28.98554089682591,80.08250425923569,26.467137493426545,31.669407105345016,427.7119508962485,249.86634566027286,137.98796939085895,009,002,52,0.13936826303904595,0.25232439170768484,0.6917059189264825
2123,187.7360805936491,22.836162893244932,44.98896064754761,37.09236243543304,15.261051286064466,7.470007470034981,30.208854423488813,13.405614109373488,31.788511440972098,449.75547460911264,166.67280362013122,77.89583234731471,009,002,54,0.3575665190186957,0.1192519409800782,3.3559790905879034
2124,116.53968360703641,22.015135832753607,8.94330894983105,14.229906161154883,6.653633936342546,14.050286937189224,20.244935458974265,9.244659982494225,12.307953823789148,59.15942703923445,12.830806913932655,23.78985899194007,009,002,56,0.11983618218595339,0.14138852922734976,0.9674026915826199
2125,94.89660257540247,19.118524887328753,20.10257348999754,53.700592669801246,8.50346630604262,14.552226180482847,9.369750553257436,15.017201943380742,37.791400853116535,161.24303435964947,16.24205742790738,22.849917409153882,009,002,58,0.22507298358950073,0.20211958803933688,1.3386364228030054
2126,137.10474845829532,40.514706269356,14.572912722701123,53.23062530610342,26.238316379059334,10.095473018757914,51.69706239442145,11.78371974191354,15.074614204194027,244.0084144117201,29.56750763469037,26.016961306901973,009,002,60,0.13625732641290536,0.12382059633854171,1.2366988558686351
2127,35.96653090388472,12.092039188586872,16.855850550750755,15.914295531187655,4.7588754463761775,10.140478744308412,7.960839399569267,6.283007391877472,9.4594041990898,21.650365138800396,7.499866127596062,9.622993304657518,009,002,62,0.5230931487710071,0.24220922539622639,2.6827679006938
2128,161.2658289773512,27.141291651669782,16.72558620344507,70.16351332461731,12.058566010084622,13.536201591100834,22.746006799310415,8.953880854336923,26.452574348563424,92.26495328175221,14.082739191123231,16.02672434763621,009,002,64,0.13416042726421637,0.07737895951546125,1.8679706013000859
2129,99.8216636879448,19.429466846851074,14.122331482456122,92.95352880791793,87.8680996306976,28.808085906459556,48.06208418449981,12.452244690363862,31.523098495397836,328.00795116665313,146.45304133473925,51.33848951432103,009,002,66,0.1297533270970372,0.12918928550032294,1.134119336201661
2130,28.235584496264046,18.827938269904298,36.05771542551121,61.154067781346924,20.484959907650868,20.90708595324137,49.66725333039057,12.385844767476186,30.656673913108136,325.06427983587764,30.732588104234633,24.583869715429024,009,002,68,0.6316974704924693,0.27712032549383603,2.9112035636192255
2131,115.036679247414,21.20762100822813,17.030025905101752,112.98633684722067,40.39377678824951,16.76960414475065,44.85696306702927,13.36646690853184,20.47475186855966,818.3629866603591,104.36345409147798,71.47937693890634,009,002,70,0.1336967863636125,0.11723787482035987,1.274085816516813
2132,54.41356812187587,14.478456149352908,11.62636707289849,40.44460441850851,11.429778755987055,16.34639503440752,22.81340513776574,7.987818398825221,11.055400321230442,91.87381370479929,17.959099347481427,12.284492404613758,009,002,72,0.20979820403788416,0.1684160296346534,1.4555121927419374
2133,290.658292000466,40.904981631531285,22.66719393139884,166.38466270092022,25.660975298052396,15.319363804876549,126.7495153926667,25.670431429322804,49.67875980992622,1174.1889333522429,170.00143979343702,56.70488000141607,009,002,74,0.08917354623988288,0.11233268630557863,0.8830079071248711
2134,5.736235905134889,4.196071752643572,14.880619173678479,7.918737110764627,3.3346647999823764,11.404172440793708,7.880202485617274,3.2892187911512902,16.433752739711252,63.43564012609383,23.171496637754824,28.87429092700327,009,002,76,1.4708957841245751,0.4817613022481121,4.5240587867582915
2135,124.12842092761016,23.57554983632309,11.956614475356853,68.19254075537663,8.828925771257571,10.495501557304866,21.874254840250046,3.755648134710149,6.152386953580626,205.88084158025464,31.889439960770176,19.27618574984627,009,002,78,0.1196665102808826,0.039056045704480104,3.183635432950279
2136,55.56238203526101,18.608798668120745,12.119265651597978,41.82867272951611,38.34650542367081,15.322244878524787,18.26324558474522,8.064632180739782,20.073488476452948,70.26538171749374,15.96573892825965,8.120139229168263,009,002,80,0.21351711737383325,0.16561340669772626,1.5027673153577423
2137,95.15220828327395,28.217130876729694,28.241971435428677,48.281285887274564,15.202403923740343,23.971738015881893,24.67161499964927,7.508992465683121,29.409433741977626,81.84923081117067,55.69444254580794,49.23444051315959,009,002,82,0.3564746961719892,0.1047034726317775,3.7610866656874986
2138,53.1007332579253,14.493109605077024,10.003307391872557,44.03362851115723,5.639022078445464,8.507042334705293,23.27691891536121,3.221768019743646,9.046461318270516,339.89284355727636,40.26814818923701,16.058491392993833,009,002,84,0.19315525036741776,0.0663363193223579,3.104912374376512
2139,136.00312943276265,43.52463520853527,22.924996968501382,79.73958234849022,36.67362098834044,18.420461666772923,12.959196088904589,8.972384715588127,18.682639199531238,28.023590034659364,14.60067019146028,13.567392626047006,009,002,86,0.1962021829287625,0.08317671212629849,2.5550617472602077
2140,37.369441177242976,3.169393147590955,8.45431749704279,14.536907028872271,13.354573475015775,8.814184480508764,12.936117273994137,3.6220462658870476,8.538816884606591,196.3862284447491,12.770145467365575,9.431366761690155,009,002,88,0.2858581404154205,0.13956082024896999,2.3341274176055586
2141,96.12410113294551,7.125950174139088,10.720547526202733,19.162895051430823,5.344460245463384,6.5923151555454185,30.659664275325262,3.8804819654566414,5.229406228529374,55.24662922809519,20.671535433228758,7.2134088595719215,009,002,90,0.17424990249587446,0.06731864119784436,2.762684538063863
2142,44.68837733569259,13.984952113100693,28.794805932536132,117.74403761872861,81.14961379519261,52.21171689651126,16.849631297415417,11.092614679246132,14.128368504073649,254.09727322497668,79.22352683361765,32.93791570005112,009,002,92,0.3119399127824536,0.13658129360889867,2.5958537968879543
2143,124.83075174494601,22.798064384816517,91.60317446750028,66.64749518528464,32.77031502363207,23.446248685448673,24.337046547078618,7.699615969695635,45.97695219279361,271.06942998786445,88.57329863537176,71.25436541280516,009,002,94,0.8855789906955538,0.08042287928927155,11.897109521830002
2144,128.05161582447727,43.96958190850219,34.50135982028453,71.31770684284564,20.789501465336805,16.894753677746078,117.7927110476326,30.92681131546019,24.649666632868172,175.28317657985568,32.628374419089475,20.237169590611607,009,002,96,0.26415259793425616,0.3102464401413063,1.1155808941427283
2145,62.31388107205113,27.686854351520907,23.46851881244577,27.7420968565243,18.958938671599874,14.162572055245107,29.123801418901046,13.653297976371563,14.56958682696335,235.95770885076374,28.701461412222418,9.926995490558769,009,002,98,0.39993190395053907,0.3032180270631267,1.7188901064827307
2146,116.58078528390172,25.233390333528458,14.111214331377099,45.679816039088905,8.696004638392287,13.729810936974062,30.72267809418032,7.862427684584677,9.816716719416466,99.11402503813763,53.564718226985555,43.551708425404286,009,002,100,0.15856592548214282,0.09691111237698408,1.7947655479291706
2147,8.202998826222789,3.0116065265638885,39.46987290502311,33.24196088052729,15.063087860561753,15.503450197714091,12.89233795903595,9.269998528385138,33.2912757865371,99.70954791396424,25.846143079260642,11.657819499078851,009,002,102,1.3159923765762078,0.4473402118846962,4.257807893298434
2148,345.5457320390198,28.696472816312244,26.68470302986413,18.824576102501116,4.618207315717615,10.145324386343255,32.71725138561696,8.109170970884165,9.238109432612058,139.7161054176925,8.78311687689607,12.973176596961524,009,002,104,0.14022858024812018,0.04451060248155332,3.290682009995237
2149,75.14123615093503,9.705401496954574,14.630341845641045,22.933949668510863,8.449441592667144,9.566098613356187,20.863211550693812,5.804674660064737,5.1654811564607215,53.717625781911366,6.933875876902592,4.4549321622824225,009,002,106,0.26677127868616474,0.11837193295256165,2.520441317115588
2150,151.7106623701516,22.09031419339383,37.70960498304339,54.27805465138602,10.99991186856805,14.262329813883719,17.567348764638695,9.00943095401679,16.376683972312733,271.0389183925298,54.02289067995352,78.37441152087145,009,002,108,0.3366815101813982,0.08747499459472616,4.185570118191631
2151,96.05838799634458,9.05084740671573,13.586409378666517,189.3642589652834,18.22534472029174,18.232011366332,52.5026547774232,12.728454436620414,28.03916686972085,49.68393252483024,26.56671363212649,11.149797322601202,009,002,110,0.08740625829948925,0.08919022069283535,1.0674044870347905
2152,64.06409373734188,7.296911340798375,12.243502445556626,19.24846899832884,4.71669547350856,6.626336979280251,17.131224422857063,7.487899006813661,6.455570323661629,115.52121716539095,61.49684083949512,24.21738290494462,009,002,112,0.24913432988847697,0.1797543794342477,1.6351051789581528
2153,57.48071263266675,16.977537854417708,9.78423027923209,23.817964922623318,3.5978553125010695,6.846333002865737,14.731414097172957,5.758377585029255,5.811268353611165,105.53797765245359,6.549513513103713,8.776843172440307,009,002,114,0.21083197032943304,0.14165980943818093,1.6991296827546232
2154,19.66634108791201,13.738717599320216,5.472652092721519,20.611570154170742,3.4936830036619244,6.626935009641993,36.783858594284446,3.041949116774163,4.534587462232752,173.18007159344276,15.6272079365296,17.531034085596552,009,002,116,0.23608449086087038,0.1510480073552526,1.7990610239151525
2155,155.97733067785273,33.21530836050665,34.456330353842915,37.73057033604964,17.491849548527952,29.983244757762503,64.73132363533239,13.874365332839332,19.26161170551557,249.5517609996159,111.33829385160499,132.42838130705334,009,002,118,0.31117903394915486,0.14325038122057368,2.483452722142755
2156,173.6320316190201,12.899207148273895,21.398991153516917,186.3069516332705,10.990035050398072,26.930928164105865,55.14649992489966,5.455252387176289,46.53392448884988,360.0998115491746,14.082602116387394,12.785640316817517,009,002,120,0.11540526194270778,0.030312095332850127,3.9226399870736905
2157,66.06547713179128,6.42424904394785,6.71445626923154,36.46775484068507,9.138063104171811,8.284905691668541,22.374715432682883,3.496722338556608,9.376357345739077,160.45006213051062,15.285870230778471,12.793382802002851,009,002,122,0.1226086004729826,0.06820661499279093,1.9202143090386645
2158,148.1990275269073,16.716090043192956,17.24182000142094,22.845615822274677,9.750767762866667,17.47545923996272,16.66816915744185,5.793026479078252,11.238960427851943,555.5862380939276,18.616358331804356,32.61826081811761,009,002,124,0.18881623243012438,0.0677370114099625,2.976306092107548
2159,67.4468451982977,13.111762813685557,17.674085893506167,12.713081988321449,4.017944457805465,9.12692949373516,54.04461582132696,20.18714900136127,30.73503380169238,29.116817426711037,12.8638336073387,12.79254471361488,009,002,126,0.293262529638246,0.5036718397800903,0.8755117373094318
2160,31.286682048259586,4.662309699884952,4.296794348960972,15.313798358455717,4.9746415028918065,6.895797269363667,8.83850156076075,2.069450961555529,4.310419112851747,41.75714051155844,3.672843804140835,5.306588001306478,009,002,128,0.169367231198444,0.08881672220946947,2.0762967708745474
2161,27.014136035991616,12.741279492260048,12.298490643239782,16.7811953764543,8.308337059002014,14.447915336837951,11.680108907544156,4.087602701815776,10.260170746693841,132.83092889379185,53.01260880246831,56.84197224501746,009,002,130,0.47328703518163984,0.1866684219521237,3.0087294535196887
2162,119.42884306752039,17.4884787262405,17.397003589993002,16.777140778440682,5.131150401358449,17.96740827160892,20.97671519605364,5.337618609630013,3.323394315781058,56.5461651122945,10.612413855367183,11.289049792418197,009,002,132,0.2368853344740107,0.07837568451715698,3.259319344886447
2163,37.153093851314566,16.92321769995578,9.83446444995753,53.824500526564165,12.069109174854894,16.901047020918263,24.73619721569569,7.1840498356337745,7.469307526044039,149.67982954221316,42.52072138145593,33.62391079027921,009,002,134,0.18670842769082746,0.15793009003501596,1.3689304326895633
2164,36.939629414284795,9.02360408185326,14.896198328934322,24.787969044550344,20.16561865156181,26.489775394781677,22.015717573973124,3.103851875740701,8.360664421983769,216.28163346639357,120.17665139735087,76.57832378535416,009,002,136,0.43854072460936844,0.10056609857616916,4.799261989710609
2165,51.64385895744801,19.79871591530204,12.15571157667934,21.53335796657359,10.055660250019866,9.851112069862417,24.030426843817725,3.1367188287263117,12.390368709041066,72.24633169567642,15.826916046191787,11.040945827283059,009,002,138,0.30599399440350816,0.08572938301228654,3.8752952497228637
2166,90.43440475330956,27.664586601557858,28.672010208674813,68.9585297972267,35.43321304437992,35.0459631526072,82.45161692247936,17.833348090354143,17.873721359447053,1179.456041841805,168.96824081351966,74.35372283111201,009,002,140,0.29398200028564025,0.22376585437292387,1.607774942955506
2167,36.386689913967146,5.98938017767529,7.4736606882881045,20.940126693104638,10.4205985686555,9.08690637907321,11.790904727441484,3.790552608868702,4.660444333910826,191.76484216221735,25.548047087597674,31.537277609307026,009,002,142,0.23028500923076886,0.1322436106944443,1.9716546528867813
2168,47.86896673953367,9.98783492080156,4.774652049933138,15.878723164828003,9.347529627025294,15.910071326894572,37.802742821588,16.5727980815951,46.65548894287434,160.44807363766188,78.1548374452079,126.66826303747172,009,002,144,0.09855485851938917,0.5199497615194735,0.28810174518662734
2169,174.72042438842388,39.71989901751485,22.845642511985055,51.73583549632918,17.572506776710142,24.057543197629847,91.39199434308208,21.101461810996838,33.63497269547766,687.1707248800403,160.68004037714016,253.930827605999,009,002,146,0.17007155470202895,0.18636236261903896,1.0826568659844813
2170,47.49252982717603,3.499526745686791,6.560733380687035,44.95981866387385,19.35668485973909,13.722566695614638,28.567136968863025,9.61156431588239,9.402506168483178,536.1313623345045,156.99409558196612,62.2673432732437,009,002,148,0.1174964020699351,0.2079247195502636,0.6825874712034038
2171,71.63032783885038,8.012974324331328,8.484564929100177,24.107699748936522,11.023220323140968,14.174099758382894,42.010741194719806,3.7933653968455134,8.8857358300539,185.87978235329717,12.326429365275153,13.462657509435477,009,002,150,0.16423101417329083,0.07924469497488217,2.23668538131227
2172,182.75242778555025,21.231178764402973,23.673168630528835,59.85205484874915,19.524780207277892,27.800924719985932,48.37122549621476,28.998565598923236,15.122134959427102,653.6986869442701,277.41902669469863,82.2565090167326,009,002,152,0.1575052663805577,0.23906042694714347,0.8163565383871214
2173,53.10171517523845,20.010297917366245,26.105806552432995,107.90908545116346,23.640513392914297,35.59595757514958,89.53499682907375,30.67542916222136,35.37298370104754,725.983002508096,266.54903439544523,253.38001742143408,009,002,154,0.2348049270328924,0.38103567018958506,0.8510331319042757
2174,46.98147960549593,14.56940679625324,11.248472132634124,8.11322547326163,7.001620026620536,15.817214428990965,15.492953645090411,4.858273133609888,5.703290740683473,11.071076278983682,6.1162223343479125,9.025049975203304,009,002,156,0.3471147956266791,0.17636080006835558,2.315323124757308
2175,25.748372287825298,3.8310462768975198,9.337798705744877,16.923340952227523,9.746112217372914,8.358418288604827,12.304506934654402,3.8937164389752295,6.581647985042518,61.96266707768707,7.738601343284004,6.959395558270063,009,002,158,0.3701132271999843,0.1824963725768799,2.398171220758554
2176,14.039537216208817,10.127917259252905,13.516378209913062,314.3456800926627,128.39305516076962,76.75647283160826,12.490037797134491,2.9007402406862752,20.99461984903998,814.1448722686517,270.98258709936437,318.75340062150104,009,002,160,0.08089118028507984,0.017666691969010932,4.659630676449427
2177,90.09225477907228,32.10683401384453,54.443170906362695,50.69747205293232,39.544857541647104,143.23335778943877,27.783300719017287,11.013886979671966,17.270587242186032,50.31541614093352,15.253584096638203,31.647512712414542,009,003,2,0.6687631322400889,0.15645867390330453,4.943138694526917
2178,62.856774255069155,45.81071262803593,42.09360522827886,79.31176751142175,38.38980988833249,90.96426021581868,73.6926431679947,25.332982560820017,31.29027141739583,166.29307675452634,138.62846319725134,73.068743232032,009,003,4,0.4365775182830594,0.35637957942100795,1.6616126872238415
2179,76.52310279787483,28.05483191342778,43.70775390980654,30.409720980892818,23.03714633594387,101.62122918349417,84.0661737755335,26.989730402187668,71.54606326041521,117.21682910057461,57.94884960840183,85.07184508247266,009,003,6,0.5432494358405912,0.5047978618431789,1.619421656255736
2180,130.4225125374877,26.61856620570149,45.580448332197165,83.16946201621637,24.957849567353932,38.30979377216169,38.41667126081927,16.181152764901285,33.845557828831446,220.89913758240428,130.64017573194113,64.46711383335797,009,003,8,0.3706416356464433,0.1515146137743374,2.8168851128496986
2181,7.582899510898624,21.234825576406923,46.825701146970076,24.821232164665417,17.37629586589029,50.8546275850508,13.315335201723705,12.299221219951047,13.005665265622156,30.44974554287308,13.730980049899381,29.005139823702077,009,003,10,1.6429328630710087,0.7591143835047361,3.8072086280562445
2182,58.30628260107719,22.0985348097556,42.12782979489268,199.12931293431657,72.16460956108392,118.12802082267928,94.45692749310183,34.41330603893204,61.227066978184055,350.26593091163716,92.66034688466371,115.48293724270977,009,003,12,0.2582452322815755,0.26735468315764205,1.2241727007348013
2183,121.38621445100476,24.273144270004494,25.34995697154673,33.896247193900656,8.017010012908814,35.83359752219163,18.67902927416843,3.8893712620617955,8.50168428090696,196.04970316176036,69.53237968585651,98.2300227212764,009,003,14,0.3109256686865749,0.05009414741190638,6.517751909882849
2184,31.433047843946156,21.74017631320924,136.5239588567579,164.24988996092878,55.177440827214724,94.32968974774553,29.78639731891984,13.366722001957775,47.638453401312226,24.27431244153793,11.447482901957734,16.126301456305224,009,003,16,1.2276430157390692,0.13661612148613989,10.213720225255058
2185,24.574403022309284,8.291708099205136,83.80797744570414,60.53820363339283,25.135275776271,33.08322632221021,36.5109179022894,7.28650410033843,30.140780219644693,74.80929342717685,7.3788632902363815,19.29466638504428,009,003,18,1.6814457645960177,0.17122032532298836,11.501808863568963
2186,72.08064228524914,38.607447707164994,129.09991714898825,47.55538001725373,14.514086822391379,51.73428034510408,48.77335048716844,18.514467042095077,43.84145715109602,84.47050222988128,31.865097753625886,39.95742718563689,009,003,20,1.6481020405141973,0.30951325003569163,6.972921059810288
2187,18.435377199260166,3.8530592142725903,49.206459037153834,46.782994370123625,11.09850418740346,21.88796689497125,7.419136470940783,4.701765018133246,24.379946802425664,12.861282716887622,5.143303406668849,11.57002349191816,009,003,22,1.318820828158257,0.14418529334579244,10.465529189013024
2188,61.79228695687089,5.212882627832333,48.395864953206235,21.719418679520096,10.248295871510756,45.8126368427007,9.666091167138246,4.050347334671425,15.906734387414069,59.11748161025238,18.307584550841813,20.57866245553815,009,003,24,1.0565352461391022,0.09700070915343512,11.948571555563205
2189,11.475528845135905,4.444124525885386,36.87822904352851,16.238231236033872,5.583724439953109,19.48941834541776,12.108418194153046,2.6763954294421755,11.634050928605891,46.204107266622685,12.930267967119702,20.549797740253382,009,003,26,2.2305458534447404,0.19314560143433318,13.779065917480967
2190,103.48001098541086,16.649969687370614,146.54662715424192,91.1549576714114,34.20829210078327,43.19030527142969,98.58045587293884,29.398767297066485,123.44758515815599,56.20971985783042,29.171499321714222,51.26493081095213,009,003,28,1.1564943349758714,0.30209131997140753,4.984788160450009
2191,164.7226231493051,27.646082179388618,102.31455684392463,22.03922421821973,10.993368018586747,46.967742670548034,46.73630037380349,24.475841981625926,48.71760522997124,69.23263607571864,29.434846198926472,32.30834188563935,009,003,30,0.8681262909794234,0.26210751635434854,4.18022623780348
2192,26.76139773395622,4.670820829108282,87.25606735023342,23.65265266325396,11.041111609050505,24.743872042907817,7.382865591722737,3.131284299846052,26.34284372940905,12.79316026292275,8.659721995083366,12.048813900214414,009,003,32,3.0790851287372134,0.12422268296932285,27.865903889507358
2193,101.1606356936972,21.126425219458866,56.84502696013019,18.09808430902018,6.639252037834053,20.03573463335356,24.505298779548294,10.915676871036048,20.36885397300453,25.631332109804905,7.234424103647942,7.77399552363036,009,003,34,0.8057976787644779,0.18305876284413128,5.2076502109515825
2194,199.34475676166568,23.82127604803472,32.10183595607439,22.074925997331523,2.211851826246415,7.31622885900424,29.551750910945128,5.601648451737001,5.160520199473874,30.941657634463443,4.503610760357072,4.424795515583613,009,003,36,0.275998837282999,0.05059756550942292,5.730783756363721
2195,104.39782201539487,28.272526733831377,42.82208968679327,46.892581676215414,14.805271277427025,27.499800520854986,48.50755960744911,18.502572426797986,26.405841865237694,282.10943616618334,51.176585687396674,73.36628477135082,009,003,38,0.45483910817480094,0.24459677514660552,2.31438573507608
2196,23.330025935794772,6.567439556795445,95.29333725877537,13.970495979512748,13.595157609236658,40.09252999955483,8.327841449949052,5.908782516956537,48.10091238646751,113.5663976726427,18.033912392395994,45.795687821950814,009,003,40,3.880172994412091,0.31682036676981024,16.12740644715056
2197,11.534817876278968,2.8680087528136915,116.67079035436277,12.723176464840105,10.370443715623225,35.91089657949168,4.162460509488486,3.6082076222314576,28.430347358356663,10.72676113028226,4.199578141054775,18.58526002083684,009,003,42,7.413692068607261,0.29748606348013545,32.33483285039151
2198,33.232497781523065,9.162916902606304,134.4990206912356,24.194468365263553,13.138067899765174,53.924346215333784,6.644195408964123,10.317231076531753,52.79725382105154,651.971490261543,153.57754916335034,200.83181207509745,009,003,44,3.445978984002111,0.3593165987616451,13.036348579724635
2199,62.471069656745215,18.35330105393342,37.871179585983306,27.65567684664783,22.259236855112633,45.24217366527863,36.20185121112783,8.204916354194687,16.191750952203762,255.4502851423011,74.98722271082772,102.47940798630341,009,003,46,0.7109516724898737,0.18207505923640088,4.615669185539231
2200,114.82724538304441,27.390537721996317,20.2281606341077,34.391196277544026,13.657183752628713,10.614926334444931,13.371480985523736,5.892873475896055,6.692703204812986,129.70702463254418,33.951299713600704,70.46961299350856,009,003,48,0.2512749613341704,0.07898317942898717,3.432648047993574
2201,28.094148260588035,15.095851289777427,73.20480728372749,46.07562963094921,14.142927150854229,31.222652781295636,30.57378509557617,7.7491695949098105,16.667543295241643,280.80381755658317,98.49651270703175,32.755935294347196,009,003,50,1.6327945688278023,0.20895760551533182,9.446793799920634
2202,119.14658571487135,18.996028765316005,105.91981186256065,23.23013487465191,12.280861286336904,24.767721310276173,27.2821653570682,12.8996009642669,27.419081002126603,133.22950837373784,80.33675956518273,37.4630332043169,009,003,52,1.2596311086230318,0.18120379386257776,8.211092122614367
2203,12.390299629624746,9.861844430290155,126.28119314189212,9.20552092387441,10.91258788299686,17.675350406083698,10.476689812040423,3.915421938318303,16.5968298187271,56.89569181120547,18.386051678770194,15.802205478124327,009,003,54,8.582773181221851,0.3626092306720793,32.252256622981136
2204,14.600550555968697,6.147950713557465,117.01024413519607,26.99216561476738,11.976886072799218,21.342066182640266,9.815379922199973,11.36271823150911,21.545586706582327,171.07782613411118,68.2990812376302,88.10874791364148,009,003,56,3.638482740680859,0.5463801971896091,10.297733495733764
2205,37.47857509356126,9.237502418907894,51.238761327844145,13.97950639263058,6.343611960724422,11.778489129599144,11.936843077648462,2.6837818651117757,8.876980055697102,59.75922391419385,18.651817463180855,21.49364384017882,009,003,58,1.8033675159412936,0.10430944130056369,19.091999239554486
2206,58.047142046942085,12.492593120258501,16.82353584186891,53.73430990221951,21.25867593634226,33.760671399581305,66.8083594645601,32.866853320265555,13.09644396873901,610.0149280089038,336.1718684740426,48.12077628999771,009,003,60,0.18954478001233363,0.5880555807275336,0.5118693803125836
2207,40.47857208234818,40.94146599985053,102.2494418468649,146.17506413076586,119.98556873828943,52.27769484214848,22.040785845530614,16.92960387921042,35.388604228822274,13.853771750397156,12.030525542468029,15.752424089030308,009,003,62,0.9273785599542117,0.181401275889218,6.039683065025956
2208,76.22370012138343,8.457758783947376,163.22210577341187,127.2440767132166,53.79441225844323,60.50395279030136,30.563900545570803,25.41125669754026,26.70609763473204,51.51614368502368,21.882525624157374,23.199986081935954,009,003,64,1.2837462698712254,0.24978163218638003,6.423220532387575
2209,24.586009853317748,10.416134946307068,88.13695748974405,66.31383237865431,13.946141732758324,30.199816739227863,21.209948459194756,7.847762893439173,35.59619832858703,60.27853153403168,7.133488038548803,15.180201176580123,009,003,66,1.6536733092221763,0.17266835014767257,11.23083848053407
2210,174.76073883203102,27.23581155308211,107.92732678075282,26.56174819006856,13.6161851856986,20.577731031786826,26.374724345251202,7.143487087328245,29.091672706803628,65.26579977044243,21.435155384191784,13.726381749284865,009,003,68,1.0011372059620605,0.07096561534672567,15.108493297650659
2211,29.58341455316951,17.764838060818857,85.54545172457311,13.776870526161005,9.207045932468853,21.293140637707012,6.016910702477702,10.610948604158315,54.13095615645483,22.79755523829965,5.852970442515426,7.3616546283475905,009,003,70,2.649196688447479,0.4894316808454963,8.06199849946015
2212,143.2297749778714,14.713151030486895,70.37716929273232,11.499589819222658,4.557998340327892,14.495110782274864,29.255288271263943,2.652438586055747,7.926766221229165,28.34314806870028,3.864980356970658,7.341479232601419,009,003,72,0.8795263866876014,0.03428487655893954,26.533006141109265
2213,42.10984586725082,26.014049332724433,111.87439957741947,22.98112524120502,23.45103586340772,49.05709507552353,24.755516241676137,14.977774444744085,19.075224482773795,35.12066266424883,7.52385371478816,14.315483153098775,009,003,74,2.354097752970639,0.460210508145218,7.469360684402467
2214,141.7231975083221,26.034085322435963,240.9469579342968,49.62362622296643,13.314314684668362,71.86225203972722,10.533375531981257,13.499547342586734,111.96292708523617,22.918769143028346,11.586211127141617,51.49760751531006,009,003,76,2.2070204900714168,0.1411003023655555,17.84852127405684
2215,98.23018023955771,37.0078862027367,217.8206095295016,25.69438473429883,19.71433505969609,30.179186197373433,23.101827942297763,11.595500608953309,44.436002578045006,21.45007930619061,7.872820000609908,16.117905003176592,009,003,78,2.961217703442413,0.18713804823764402,18.784925021806682
2216,12.700830331376913,8.81724738775851,194.78699891721368,30.574573770474473,56.62508748759808,32.59531150579418,6.855850974045119,9.660932742637302,40.44743410060846,5.688036287169082,6.634062583966873,13.682670544558011,009,003,80,6.223498251664139,0.4464860787850618,20.16233878303965
2217,279.4913915226877,38.30253765788217,94.64828717372197,30.31735018788772,12.877787806917704,29.679297885671808,48.267778455922645,10.135257690523243,13.726039693295006,47.081607530026034,10.287772542244138,8.425984482675897,009,003,82,0.5734882464756028,0.06542912659315238,9.338518078550763
2218,22.32557965758292,6.5599339577072815,7.989571834468917,14.754995285818978,15.80030746464694,22.755130132280637,44.54134970369451,7.7743744728020125,7.456946475814611,153.279216865463,36.09194575346133,32.58106084994824,009,003,84,0.3036167385056569,0.419323297153211,1.0276803442411675
2219,103.16352892368596,17.48475894649193,88.53516690518813,27.938039108379023,10.346089035900983,22.05584843153901,39.02049432201239,7.351139374628223,9.616748869916425,581.1345750546346,107.90996545290216,54.70767356589137,009,003,86,1.2144421270033345,0.11214418690751696,12.043733956501908
2220,9.593603880280982,4.695943210893336,121.14281300199688,28.6381754996668,16.436305555236025,29.620954233690842,8.750503301541736,14.680132602342574,22.687372466821067,149.6489038277963,26.540343843763328,23.855360628008956,009,003,88,3.584528734008402,0.767954452574717,8.252160677531318
2221,12.248344000381557,8.872699507401729,61.50598890785428,51.69963145981514,41.51981313903585,17.511752646095616,12.749367108038616,10.13952713858471,10.29542661806843,35.74390209885854,10.91728728833875,20.49548127942413,009,003,90,1.460481014221686,0.31711800305221177,6.065962255162856
2222,190.32123312506033,10.130872861256762,32.99443464955347,31.544143698683037,2.638611498632595,11.425774411173025,27.186131833802293,5.831901914906989,7.404167381989588,40.68306763046451,8.523266417305845,9.38795077250598,009,003,92,0.28257226405038444,0.052571536833708216,5.657577087367679
2223,147.37183596088974,17.80649925079385,48.96034341248518,19.605609553177885,3.1286250342915585,12.516536342965448,19.92826369767712,5.827386840293693,6.2094663770898855,23.20518311482236,2.4349492076833763,5.9310374082149675,009,003,94,0.5481692343432539,0.06979849071655302,8.401766478577839
2224,3.9219866795969542,4.452484643625781,51.95243870276548,5.92459843874466,4.393500635726566,10.833947275260545,3.75368319642729,2.407900988409258,6.755389404167413,14.85834492918345,5.849505129339815,9.609501212740062,009,003,96,7.086491219416015,0.4890834658858466,21.57582016571497
2225,5.946766487819739,8.13851700815664,95.41377590307883,30.325565244352227,21.205253940091577,19.82153380778102,6.553458525291064,9.810733177416985,15.383870110678476,36.61252316973854,6.057053086397585,12.78638394076348,009,003,98,3.414109585272947,0.540948580303995,9.725448055473445
2226,134.60494640211715,16.89476073996203,54.19744277016043,26.877198419482646,5.125639819405397,16.539869761092106,21.32578959157684,7.718140375082927,11.340466303764055,50.941689110173435,8.921813656352292,15.425135764260677,009,003,100,0.6126828519415649,0.0955912541737624,7.02208564968969
2227,13.024506987032705,8.338653437592642,7.863426881794643,32.70047144776092,23.380602898517697,13.108627948227607,15.99571338104341,11.93880825520639,5.972929710727232,97.02719995155876,49.3020282361522,15.2776500614523,009,003,102,0.22595211825033268,0.5222007167146857,0.65864420582896
2228,12.850271805828713,22.00807414508131,199.28819602843998,27.437369427341473,13.463765440369638,29.82669956413868,6.468198808081648,7.517883740580077,47.539503963665055,42.62288153031876,10.397367590725477,24.80307098157448,009,003,104,7.2044800080013385,0.3732104193973187,26.508549866596233
2229,160.11153184374746,70.67925250713564,187.6466275520824,45.028771671740245,53.65091732082518,55.17245637180064,35.63055786923803,8.546473918827662,247.47900062779698,237.77586727313138,71.18702986535315,56.466755873100496,009,003,106,1.688735834170016,0.0833232063360228,21.956028806067227
2230,126.45451623044839,14.028192032901321,26.572220569931922,41.808397827986255,8.665262818631497,22.49559915398372,29.039564531327475,6.0377821899531,7.832866564911103,140.45750652997316,12.623806660107139,19.72934546692538,009,003,108,0.29469274444407795,0.07176604807707405,4.400990253366249
2231,93.46278371320804,19.99322806125984,137.31840135088078,127.6485437437367,25.60828279519483,44.528289901895604,20.738983797119733,5.421793418182337,17.5909499332802,218.4697925118347,32.865741343044135,41.94633151429682,009,003,110,1.1840094163923618,0.049041299516761123,25.32711794041702
2232,60.25634917076532,11.838520241121634,78.42188807366264,65.20783724559833,26.84122626880135,19.257427467413706,11.99320399343743,4.59456424297993,16.47374666540456,57.87904014703712,12.596407427191238,15.319096732095215,009,003,112,1.1647969918980352,0.07324104789126795,17.068406039481122
2233,15.535803478717117,21.164964784095616,137.2058854511275,104.62926130651806,64.30922255935127,37.09091053095112,17.9609573712346,8.196620317503161,33.650397079418454,27.95622479713776,7.399898651467242,21.78021248569178,009,003,114,2.0094843009203016,0.13642268378338676,16.739324274681408
2234,90.10996606675573,20.862287306559722,227.83062816538649,115.56030626763355,41.474385877714425,33.26045502580469,54.38437125056018,11.631921330188666,21.826884870431563,46.28706965954285,22.84308655367202,15.023832611235047,009,003,116,1.9903597868809957,0.11311232486994419,19.58667202933113
2235,264.39722166556083,35.08871275259821,54.89789705331915,41.505521649043985,13.217217286467376,30.31215757764935,101.60194935076211,14.571312409794736,15.337817278681142,154.0616360774045,40.02319178120672,13.616876000711951,009,003,118,0.3277042590323537,0.09526761513746158,3.7675327732605033
2236,24.14657503386746,6.0434783726402905,82.93311363340612,17.955109266259825,8.535521760706677,28.448774925773996,13.415208238052266,11.444602758910106,15.144955182035634,190.21211287371065,36.47429117392147,23.035011100135712,009,003,120,2.552145811996678,0.5436648414028179,7.246482501879691
2237,18.817256931970988,24.90806825801873,170.7124373247383,25.372990006440823,7.988341648552493,31.82214297133884,23.388145837507665,10.437999631488406,40.08292762224033,58.522650511159576,58.430084822614965,52.09631098573882,009,003,122,5.247342433013909,0.47241191686644807,16.354899727122863
2238,2.7411482150485362,3.4914894223170445,172.26062165795858,12.86415216589503,13.000569372395969,38.568167638842404,6.689121318948075,5.538032704153988,57.55587546213343,31.854599461494498,4.886813019015081,21.534111639204646,009,003,124,12.9124290726791,0.7097630380658054,31.105020656297082
2239,29.21995035233474,23.599952026839013,138.09284856887507,37.84712459907141,27.29122208264985,39.95043877340837,41.0686642599078,22.17813583924542,36.026650634906126,187.38731425695968,53.350137880725526,63.57851093686293,009,003,126,2.478705814277206,0.6613717939932441,6.226530920804996
2240,18.934753010581478,10.601410616419866,247.85021701186872,21.512907637958335,14.661068574109361,37.56328317428199,5.4120701542852085,6.452850408130844,42.22023478352518,39.917743423826145,11.574601855176885,19.579850288985405,009,003,128,9.290894152016326,0.31907162514051585,38.40941620149256
2241,11.968229329965343,8.775313012500758,208.2030860107626,14.627081546691299,12.275842977078735,45.17391802240779,7.653657706262566,5.284656273785108,81.72059664315032,8.09834598868086,6.5320085219824655,18.43903115464414,009,003,130,11.204369469006338,0.3974126340010999,39.39765903859594
2242,81.74511100127648,26.528429106212556,92.23689648151607,26.22435439186829,7.236784081613441,11.850440589159668,13.228654315893646,8.739659713823052,11.159855903523383,59.18276791334253,19.97438765297857,22.174674323457914,009,003,132,1.4705108002964005,0.16189132143981058,10.553831556579933
2243,26.194851423095002,29.967691417170904,27.01111894770603,125.28316603423917,20.710231306436143,24.65421796694551,9.221821458185712,9.218738682842767,9.412947907726425,186.95681384962836,5.811892808114014,4.685143247078072,009,003,134,0.3179359125056867,0.12171718164240365,2.9300232794294434
2244,30.174937234018888,25.982956965605126,111.84692823750683,25.287873892908244,27.58862879270161,38.73050598533208,8.070549713124239,7.085275417247141,16.893571465573764,114.12461156250944,36.79922076152894,44.52451416863618,009,003,136,3.2124523385635975,0.25549644070627525,15.78582647122601
2245,16.171505008692733,3.140773150969965,81.52271471292357,12.206980911800295,6.383319287019591,24.55992607483797,16.297144066843057,3.80092782296585,21.752388285675003,164.2868230757933,11.7054817293379,19.513396379865576,009,003,138,4.531514219364554,0.2678738981082198,21.448109122291015
2246,377.2929527335724,46.27617593454818,51.13338532166504,79.24864507958455,23.057993415695325,21.409186828995793,51.520328005416445,12.53683197235568,7.965538751245036,67.093706312342,8.43635225575946,6.831643921914653,009,003,140,0.2123412166592524,0.054920874822392295,4.078652839442741
2247,80.91969699228977,17.07641693690978,29.43783643831133,40.85736800455986,19.27781412676233,64.00357228011804,18.742321604439077,5.602571849652623,7.337454415281237,57.03847625711846,12.664597002771204,9.633521904767566,009,003,142,0.44273345625613014,0.09201357989367803,5.254343403045615
2248,19.344803424651616,12.649448579371441,78.22492968247465,46.93261098686405,24.675305501171124,23.274719134572525,19.54538252777194,4.818502861616176,13.97627518038741,30.65179441127141,7.215224576076926,14.080967700530314,009,003,144,2.0608714271577253,0.14540406877365947,16.234281047254
2249,96.6463656317834,31.17740407660233,128.71543390472658,133.91797104080547,55.72724156392528,47.64269306735447,37.29724853131973,13.212760953321176,26.437188171937237,229.22814946245865,60.43024556636404,65.31926517277608,009,003,146,1.0017160569396009,0.1146123563080257,9.741751505189573
2250,83.24833930880075,15.670868082321068,93.02667391013482,24.169342812265363,19.421202239290345,14.539395228305894,19.750630042693192,7.646510361038386,27.079634550983535,33.2615627245053,6.847976989519722,11.796835257199303,009,003,148,1.5161949488472541,0.14236967713416704,12.165899151086995
2251,42.228689485942525,28.184799260492387,178.29002090961603,30.323963357753385,8.72945030366812,36.33408269742266,10.897452605971758,9.65178541599675,29.109063141121887,8.315006578713438,6.075930803439799,13.262503331220666,009,003,150,3.881936656553455,0.2660629222418679,18.472232154490335
2252,118.28289288020667,21.304667411640636,99.27336029945558,14.135954843131184,3.317174764998052,24.547227000777625,21.715315650033286,4.433224119218428,13.492353381555104,24.642916524036785,6.559912366104251,8.755135987474572,009,003,152,1.4052893420177905,0.06695760000088122,22.393038932793083
2253,36.990280509197085,14.371758563433755,402.41632091136375,100.59996490606107,33.94064519703735,137.22923539121211,12.551129806174826,8.935310957230094,41.95231852223502,119.52564620855354,17.676930112809337,48.7054910083045,009,003,154,5.177075463729087,0.12988291328738638,45.036633065998075
2254,17.187402189447237,4.655791477708541,125.86725043723301,31.954030561733802,27.37920914677551,61.63488028634234,5.371947782174024,4.393629588819863,17.59718388909127,10.810742176604181,5.329173532791085,17.77682508363335,009,003,156,4.34559270186494,0.1788156894434165,28.647669971432705
2255,23.87773545696059,10.892079008442284,71.01845155832518,29.85407239302666,35.35773025747214,57.07993895080457,6.640718262517613,3.959878156400436,18.676814506533567,218.18877509116115,33.56407583115619,26.348770717247653,009,003,158,2.303865360846457,0.1473941903259961,17.934504233049832
2256,66.81461189489035,31.034485529415388,20.252133002067136,66.56777099853099,11.659120271241141,27.34391203079556,25.722036013659952,7.364408483076732,24.357449527918718,114.93156886685863,54.54701972398843,31.2688888297061,009,003,160,0.27347199970384845,0.1104255048278937,2.750001313561863
2257,27.1894985436711,7.38361271711576,10.624839512190901,2.1498680467151816,0.45391828611642115,0.7972609163871734,19.71210672185529,5.075342069484467,4.297393895820002,6.737141260372452,1.750390728519528,1.4847374808592166,009,004,2,0.5381020948799566,0.34597489034732737,2.0934233331922254
2258,66.9015242436349,18.658787179078356,19.536260475006127,2.3655608377505746,0.6613303993683517,0.6902371542951724,46.8067600817124,13.06183194828205,13.668435621210719,16.337336473721084,4.558816509688105,4.7708634446792635,009,004,4,0.4096049288704528,0.3771439763326269,1.49567538093886
2259,53.01425257924059,13.882183999950346,17.416919191034175,5.859135470072503,2.0228843641063516,2.72498803931797,31.917218692397633,4.215663551931138,4.460802439933134,10.739160568975615,1.3540781662802335,1.3970889368318609,009,004,6,0.5175542055677941,0.14321117542615502,4.131477518659126
2260,76.42675154391853,19.434478207808027,10.664466664085761,8.508123626707413,2.2232949938702564,1.4131172825382106,53.42037925814913,13.86840519223036,4.174997025672722,17.98248239976693,4.662117686298504,1.3733427102188351,009,004,8,0.1893016264298587,0.3265656225283213,0.7689757053003056
2261,300.2934323788533,105.3520548027542,121.39362358602585,55.48294864565614,19.795276068346176,24.10162647139603,175.8522041609716,61.69613865332166,64.61859420030495,56.60971632512198,19.823282577199134,20.503127138781657,009,004,10,0.5066843228387066,0.3468253765225152,1.9676048815332163
2262,11.45312543752928,4.2888251183073205,10.083205564534618,1.0963985888855206,0.319008683448692,0.8745035351365367,8.030222781000164,2.3835291082826062,5.5577280220750005,2.7236185967966025,0.8192975322540406,1.8963798016161222,009,004,12,1.1645722490790305,0.37985968284783506,4.2303681249354765
2263,109.12602577717914,31.883546509849147,11.782402825608084,11.833032674045729,3.377651126447301,1.5485466253075821,82.27732796322948,22.796638129573015,5.71839824691541,27.743811552980734,7.694459502227506,1.8930773012705298,009,004,14,0.14148589206026202,0.37693147452475345,0.5168482632675264
2264,32.268688432675035,10.7442249509829,10.561739301770512,3.344135165869943,1.1285050470787221,0.8869840763573597,19.449179290923354,7.451152355081702,7.013141754956296,6.569499122125083,2.5158383206364356,2.393096042197389,009,004,16,0.41816143620285556,0.41845333237694365,1.417463876519366
2265,11.896767814981766,2.254804320876384,4.6986301623127495,0.9561092035215911,0.22927858035447243,0.5422854896716155,7.952664434208597,1.1801428861967718,2.074652759107878,2.718461226320101,0.39899568168178196,0.6938808767947287,009,004,18,0.6177058941516446,0.18363871131697682,3.9814078593948503
2266,57.321941499931484,11.359358726354216,18.02553753379403,3.3099287513407916,0.37410613515007257,0.6667124374337879,36.399885800097394,5.600144793528363,8.720983090045554,12.597206106558385,1.9825002395935813,3.0815151464339188,009,004,20,0.5018793135098177,0.18472611088261298,3.2187627638886576
2267,101.5580295254517,22.798404785040123,28.69326539216327,5.788837533564233,2.4213431784104027,2.4469650117572037,69.18455111374159,14.831521800831087,11.95017394473152,23.91640591945162,5.0038614040405704,4.092744585641776,009,004,22,0.4188494869283678,0.2763289177815908,1.9346137083893467
2268,285.2933643592611,40.1154148004445,35.97595479993695,27.15935394032101,3.7185686186264117,2.519588634279739,221.6057167857757,30.100496887058117,18.71758846765818,75.16552251387553,10.221839556087037,6.458380440083819,009,004,24,0.19307981449985998,0.19267233167866074,1.195194715054854
2269,269.7473227833933,117.0059739864746,119.84505437812119,14.485510140243884,2.73930618918753,2.9814737900751593,167.3992638523793,69.86343223083612,69.85953622489892,58.08732440009357,24.67100674037561,24.674368746190908,009,004,26,0.5653605996855017,0.4915929768719283,1.7154189330713174
2270,102.37570491415039,36.02198656108291,39.80404534806737,5.804927619355633,1.8746131668199082,1.7421917429060416,67.70039798322716,24.61802338767428,27.261065793747928,23.42147244615022,8.53006535554816,9.48304912867661,009,004,28,0.5057157287630374,0.4551281095541665,1.616866014027609
2271,323.0717232001956,184.08491143109586,108.1217528416275,28.808619922137257,17.662520330440785,11.804970758759023,248.0948388742282,142.91936217983786,82.88753181030182,84.37478231289661,48.46049336245628,27.94213664606312,009,004,30,0.3390889761804961,0.8123179653155633,0.756522777547636
2272,60.925167960062794,9.847037178895919,5.872422245798968,4.587465717844501,0.4068165445052046,0.716217749641276,45.533169031179085,6.3878907392456865,3.3486988077941406,15.584025696230256,2.2281863751886477,1.1186678874469826,009,004,32,0.15002021011838057,0.19501248478733846,0.9193053678454765
2273,54.42152951249757,8.419099812562932,7.288903469007833,4.104422895579647,0.29906813468558713,1.064485884138457,39.077343204161785,5.01690420130032,2.7583780033784393,13.379675500971096,1.7601184881282532,0.8951630964451482,009,004,34,0.2126291977340919,0.17144203536644823,1.4528687765492192
2274,92.68225188555357,16.29686222365081,144.31220092788075,8.291623889998856,1.2026903434914684,5.001643540443907,52.394395333876425,9.466448440075471,52.96913130043107,17.84524945148255,3.252881673053345,19.00460086952261,009,004,36,2.4070733909627338,0.187502923253491,15.244597996958005
2275,65.86737957647244,10.929743237383335,31.746796681459614,6.401962913108394,0.8764543076733321,2.941239488693815,48.59965120245709,7.103249700480999,20.016842999310377,16.47098244598856,2.428998977342057,6.801779056431572,009,004,38,0.7342350415424288,0.19657712262997507,4.469334180848221
2276,86.1697935177815,15.396327611853543,30.848099478971765,8.972614810248226,1.6967856556983874,3.039135146262381,64.6625763646718,10.873769658820695,22.8807498297936,21.846171163780525,3.6625302488768217,7.74983135510282,009,004,40,0.5278144117658724,0.22857881884449194,2.8369278039606156
2277,100.92540559410881,13.616792793605303,27.1347860137476,5.536007062945426,1.1824746208076453,1.9316046973280168,75.15692469989142,9.33757381533917,9.358673380352988,25.95987100684307,3.1810105606057135,3.2566228696875563,009,004,42,0.43368278545223343,0.17541705642059133,2.905978207012651
2278,18.05514927171511,8.59867694062702,6.730955805885021,2.192325121397686,0.4884703878398631,0.4371019635755585,10.027622759219836,5.806348864005928,3.233915524297084,3.3497491536338537,2.007754126985235,1.121511769530763,009,004,44,0.42253103845739176,0.5735380869014424,1.1592406800788035
2279,32.12122892554033,9.068911873461808,14.227257816645452,2.0544686151230818,0.7907835291118861,1.2535313086422992,22.483741855512925,5.763456351415615,4.4769079645281415,7.742530989767314,1.9640309544874617,1.534411427898089,009,004,46,0.6226015424871962,0.3372839044211494,2.4685287697461202
2280,22.94903031501144,12.513666701967841,16.730011019007428,2.1192163174153196,1.2113550204948527,1.5097424410190345,17.45249467543808,9.444579885281545,10.094647966612733,5.92737479404505,3.2013554750912077,3.435372263741049,009,004,48,0.7611919077131677,0.7535094116287024,1.771387528319763
2281,67.00089573637635,5.734305574377272,37.37959276042806,5.411450081148527,0.5702970358981432,2.536239270248208,50.00453491956545,3.7887822169077476,16.231033277524315,17.072736016974744,1.2827540115900415,5.630729859382662,009,004,50,0.9346076934697323,0.10464464792938127,9.865859429348722
2282,31.552141534328676,4.502386911399057,21.388936645641873,3.1167054936429874,0.5850026473832679,1.6635574795580157,23.803811916597216,3.1247514740312035,7.295478064541445,8.061464785062398,1.042239436847723,2.5233266341242313,009,004,52,1.0454447287424542,0.18026278586709724,6.8450040982133755
2283,42.6773213248668,4.5005840506719315,33.286936544725776,6.067607875124681,0.7611134946200262,3.565324730424253,29.929716131801243,1.8419347002680064,5.768968834566536,9.924662578894935,0.5878238368574686,1.9247874700476897,009,004,54,1.2697958920764159,0.07557441278500526,18.071724551300562
2284,64.49115654946695,14.226592700894585,34.040430039986134,3.960105413796238,1.3138865436520042,4.298617277559243,46.494464794500054,10.462991648556248,5.5780898917020165,16.02182819093513,3.5539152230273694,1.784922142613984,009,004,56,0.7617247531140354,0.30570631858245606,3.2534127124801113
2285,13.628860411403497,2.876456534993313,6.331922517049707,1.4413868057317065,0.2495486677316353,0.6281065926576446,10.322061973379917,2.116328380531369,3.947828726380216,3.484815346266844,0.7206836307731324,1.3367984624944094,009,004,58,0.6560590597354082,0.2808618000804999,2.991937629008162
2286,22.030577192644415,7.106328506342075,12.56308963996306,1.7116268670382517,0.9845221603695914,0.9028773740445664,16.15006144119467,4.854269291710463,5.336001488559193,5.522604015311261,1.6117261781586705,1.8463501636191721,009,004,60,0.7511396547456408,0.40891479826455035,2.5880495878992114
2287,53.39479041169413,8.670110846957982,11.13637557846214,3.279172178120709,0.663858800034319,0.9057179257498431,38.462309973200306,6.061355687809224,3.64297071564843,13.254121600255399,2.074840900582579,1.256633682326353,009,004,62,0.323747499306655,0.21390266043964745,1.8372747207130486
2288,100.64240694276535,11.457597102314697,10.246736734512217,7.728250212651023,1.0116100551014893,0.9737772197076743,71.12870505252404,7.70405462294705,3.2041388336056293,24.342363857773858,2.6229491031622008,1.0901558146018333,009,004,64,0.16556533939416823,0.14217971589668452,1.3300446629741716
2289,8.56587409077816,2.4173602466186632,8.262895466910393,0.8628069903489282,0.15797138439976385,0.722442254461213,3.588305964893609,0.9368033324850537,2.4593559260784303,1.2137281397144875,0.3266263399209015,0.8441494551676352,009,004,66,1.4621633517981634,0.19871354740382624,8.82030964278431
2290,3.86755987012734,3.0857282817108174,15.763844007470144,0.3351889186299126,0.3643981964054424,1.7972646950895395,2.8201580491175617,1.8300312001715844,2.9832366246075672,0.9604525529496336,0.6130210042618374,0.9841251690590842,009,004,68,4.00972212821854,0.8708734650365444,8.613975546423537
2291,33.16859994309874,15.955807464675264,26.259298406247794,1.8415600318699108,1.2861422687510256,1.9437507687924285,23.64464258901126,11.757467731115097,14.425194412663148,8.171803334073987,4.015008933888241,4.9603738280410345,009,004,70,0.8973688367386157,0.6716603260037303,2.2334144568183576
2292,47.364596886678385,8.969735774352955,19.6797891317987,4.106845248860568,0.41306261271925665,1.0067183593120717,32.26742110027312,5.372792096163859,6.331669526317277,10.99364360208682,1.8738383547445898,2.2526699345463763,009,004,72,0.6326174776689457,0.20876788655020656,3.662860721122999
2293,11.294088017128292,2.794761195789623,6.658758662473255,0.9687493693735478,0.18406608169980143,0.6168766405704177,8.626055395392068,1.9976627260424193,3.332975229670606,2.9381014634718983,0.6870682803172334,1.1336682017316253,009,004,74,0.8191280562979157,0.3258075864630352,3.333274719334108
2294,26.47407731013542,3.6459647898656655,11.27107761317367,2.115551073743742,0.4000727459276638,0.7973353699041628,18.80373001557066,2.146805066400843,6.195507986527726,6.425404108746293,0.722563981160331,2.13464730234176,009,004,76,0.6855211421743714,0.15018069053400934,5.250163505562166
2295,10.190082748280286,3.0257208528040995,3.2232689118367386,1.1175660595420016,0.4110009229484271,0.3122118292727307,7.20243439209891,1.802426642604297,0.938816469811449,2.4265750517525153,0.5976639150724556,0.3188612972063994,009,004,78,0.43229082440069955,0.3187977754239118,1.7882940895611095
2296,62.950300182171745,9.52846211583982,6.8778963902801245,4.271149904035301,1.0075800740804026,0.7944881097276925,47.57046971012015,7.063306239692577,3.498544419586507,16.33294779083779,2.384509148861285,1.1719083208336367,009,004,80,0.16909797660477457,0.21015036809334983,0.9737502745710594
2297,6.8684471401337275,2.0353568714974166,4.691844313714104,0.8877160123563685,0.22096763631004027,0.44366926679961305,4.911283957406378,1.4119001182526674,1.7987664465488569,1.6393828405383044,0.47589852640899694,0.611685431439182,009,004,82,0.8869301605701673,0.36407179438957016,3.323070982896874
2298,32.574245351938956,3.204607676254116,6.214861562635642,2.0197598589146404,0.32127925927107825,0.40259025876935123,24.048894200193118,2.166788371244639,2.287779796218193,8.281500368137358,0.7333054802033796,0.7992872263565984,009,004,84,0.3193037558862269,0.12526958691471934,2.868236531593403
2299,23.80361765981073,4.240306058707796,7.081576141022438,1.6494048703052206,0.21892349484242685,0.8240454322293356,18.122893321626865,2.9738305912735945,1.5469077611148991,6.2177766654602795,1.0300165495906588,0.5101821205446091,009,004,86,0.4510459839552225,0.23367209829441402,2.381297765179566
2300,99.81159638385907,32.641420132521766,34.87185571243015,7.504778441296084,2.59422615027333,2.4253776823887683,74.04083923810767,24.025358166703768,24.366542305672912,25.344258993793545,8.208618341529872,8.368850533616586,009,004,88,0.4488962939628064,0.44774822492554384,1.4514603890799975
2301,49.669257617407254,5.184560045111103,10.949833622782947,4.846334897917537,0.6133715255646447,1.1136056676682433,37.75360260730538,3.4865387891547983,3.8260973313047053,12.792556029972285,1.1692458793989757,1.2927305781073277,009,004,90,0.3561577638972721,0.12790978244159057,3.140602839940694
2302,35.26077776457318,5.071455867124916,8.725408885156082,2.7873162543253716,0.38629597823647377,0.8024076990424214,27.18898196653513,3.5667764575319683,2.355098962041577,9.287356797341303,1.221080694272429,0.8049868074622022,009,004,92,0.38623686727972284,0.1874877861561394,2.4463010197150483
2303,10.65943211606246,6.327319901916252,16.065053463956776,1.4446786386495947,0.7586330259433509,1.450137767563978,7.439271924702842,4.632599646044944,4.077470244691503,2.4747007399386334,1.5536314932965292,1.3976678559909592,009,004,94,1.5035631406696743,0.7654588990341982,3.4678268556343363
2304,6.8229449673242115,2.721995648523996,17.114401703868737,0.4956075977843283,0.12052088887990597,1.1943221919836107,3.822070953799103,1.513723662784503,4.326433441618001,1.3149740848934344,0.529680698441866,1.523158888064224,009,004,96,3.308409411310739,0.4136674975872236,11.306159852444072
2305,11.565466082660052,2.443813085806183,8.37247384693985,0.6859454174243643,0.22445854001595295,0.6683635090429912,4.479508467327469,0.5838379475443235,2.5810087972201914,1.5698382076154926,0.1998402397532063,0.8927637445174748,009,004,98,1.2478454905885008,0.09530949924264656,14.340407097817554
2306,52.95001265984867,7.304014617411002,15.72710197592698,6.39890347010487,0.7924935335583096,1.6603159027796883,35.27473482310799,3.878315258251234,3.330574274835292,11.813302861672897,1.3055547926009567,1.1169449490189245,009,004,100,0.4687273336371089,0.13069540308904948,4.055137586473171
2307,39.29578499366899,3.48000800697565,11.0014433814534,4.578536248074629,0.38204116248615394,1.2041943313208772,29.759798318278634,2.566883710137994,3.397075978464958,9.998838737532356,0.8649387245860931,1.1377291929482893,009,004,102,0.44896439268725546,0.11701075424026243,4.285914214969236
2308,23.933194129248125,5.581138083359482,14.24000459457742,2.446681546607544,0.2822525079964391,1.0996442662182848,17.659199453842444,3.7368108476129267,6.771520159667318,5.971129058309991,1.2963473600294748,2.3289243664718082,009,004,104,0.8412722879699618,0.28330769208537737,3.8107373306502597
2309,15.093007656026744,4.64889211820679,15.202444133242667,1.35574796978046,0.5879862101969084,1.2941248252961348,7.491476934621896,2.420401601606384,3.7671154804917553,2.553088549167412,0.8051317743957219,1.3006091455752342,009,004,106,1.4281596209048812,0.29429601322654525,6.280959375978364
2310,69.99734354768708,7.1378144818335825,21.205585041397597,6.30370489856607,0.7757457173631166,2.5512895917010177,46.272304945839466,4.891771066497463,5.954213397715938,15.741448315653326,1.6486503122791112,1.965693564614075,009,004,108,0.4926685461058465,0.12822290561166408,4.334950420437586
2311,27.158056249505023,5.115058874809403,14.24900211385979,1.970739198447877,0.39721128174844833,1.4850766196475178,20.79060258310001,3.7094684546190426,3.0507094676538995,7.122356071069348,1.2686340014901973,1.0253886509979309,009,004,110,0.7797475353381925,0.2546942568392223,3.841251728698996
2312,11.600348899968438,3.6839086479930154,8.009383845029493,0.9848286550035561,0.3208138762733209,0.7088571180978762,8.748343179131469,2.740969026403442,3.1971430446897156,2.981151701121096,0.9331951625135451,1.0925684297147682,009,004,112,0.8866256262378724,0.43558686628470716,2.9220993626254117
2313,24.75701317226426,2.814268200589238,22.788508746456362,1.981149511500171,0.25250181147697426,2.262805578968253,18.47718935215037,1.9750644951032819,7.08687920806386,6.310653521999243,0.6718162540740268,2.400154464718313,009,004,114,1.4851598119933784,0.14773374808603082,11.538108655669335
2314,69.96828098847706,5.008933246443942,13.668701140930757,5.748691644416693,0.5339701786774207,1.234012286115441,53.34886446347305,3.5193351201850573,4.948018650519193,18.200133695812188,1.187423966363825,1.6897555564849576,009,004,116,0.3303388304738008,0.09296027027515232,3.883887346372407
2315,37.71595877021134,8.071689435218351,12.203007863223323,2.5062123187558885,0.7623492925295438,1.1369721934697687,28.22877933536351,6.149036193228054,3.837091833582746,9.699480732315635,2.086439171564427,1.308068440211284,009,004,118,0.464697307389052,0.30575356957370753,1.984539931097254
2316,4.663847693795874,4.5167277865412885,12.042302153168961,0.3917446677199644,0.39453064626425605,1.1636079616547879,2.9796545302825463,2.817427665421294,6.502796183518306,1.0170577464213673,0.960144770938312,2.2055864101631957,009,004,120,2.2529088583964256,1.1145786542713003,4.274218749594148
2317,33.464081580838936,2.3511836504854084,6.903374878574372,2.1263789102266437,0.24225061760320787,0.6466811640881577,25.26390813631295,1.3875167523375782,2.2962758800156555,8.690762512599834,0.4688116823065125,0.7821054838084965,009,004,122,0.35987415563270325,0.07797127281822568,4.975345246782868
2318,40.54424370448322,11.908601613439362,72.64713877080787,3.0692300813266016,1.1323311054271057,4.366133130317268,24.78538779196916,3.815969773426692,18.883277697642665,8.501696181304649,1.298092264970495,6.721440425893096,009,004,124,2.835264038137964,0.17499040742167454,19.037660957563528
2319,13.409586586959454,5.225895825191308,22.012332450906058,0.9313835275495295,0.2970150586104993,1.3702652274849418,9.487828661645265,3.3692393059864685,6.766705765440799,3.2582205280386285,1.166178863154441,2.3849667616853196,009,004,126,2.0885112069607557,0.46987606543824484,6.5333241280292915
2320,13.635952663591757,3.999074918019155,8.312896612602321,1.7448097381134375,0.36022147699073764,0.8878877223576641,9.536718373025499,2.290807410417622,3.683590250717633,3.184350047526027,0.7798938841936227,1.2402320458070037,009,004,128,0.8328563797718287,0.29787956547116945,3.6288064089537984
2321,7.775250590838997,7.298511808622504,10.778435578447615,0.3690678271264063,0.3484429006421819,0.7847660206002023,5.207295839037205,3.9864406442966613,3.472587168925299,1.8092260939564122,1.3928643609236062,1.2087032475974313,009,004,130,1.3375072313661838,0.9789500949528311,2.7037742538241867
2322,38.12768412957014,5.538127435363137,8.873285759747919,2.2660680648875253,0.29753727246758344,1.2015742118526913,28.466104305910942,3.468974763137918,2.8843004516946875,9.81197063546049,1.203441435963962,0.9401804021405997,009,004,132,0.37494049177027594,0.17175798605873943,2.557898620087234
2323,11.468104830090635,4.7865442663104965,9.732764330787152,0.8263293909824594,0.36777024466935493,0.5192217055198816,6.7848213421233865,2.668212159325832,3.6233703932376295,2.33307330036619,0.9157680666100938,1.2781851395750672,009,004,134,1.104060169146941,0.43405204523400065,3.6476725798469847
2324,40.255311004539024,13.497332982775351,30.497925243454617,4.570525480418655,1.268573519971664,2.733985141537398,30.271439334520217,9.400114672995286,6.850135971047912,10.18389525035081,3.1909760024467757,2.354036466452276,009,004,136,0.9586613550643319,0.4194061019318494,3.244420552769347
2325,45.6617448054753,9.988329954721152,28.959031255696065,4.984705251212276,0.7567782280438462,2.430624220157493,32.45681550349156,7.269429054715032,6.382172695535694,10.937974722224967,2.4882038748783106,2.212760396421881,009,004,138,0.8885140554033168,0.2870656895627829,3.983673413376655
2326,60.60140314454604,8.849599679484147,6.095576618619781,4.403693062669043,0.755726197029013,0.36784387315798034,45.916015558321355,6.616413869686097,3.0194123791585894,15.730947096909487,2.2542823609491838,1.049572525516761,009,004,140,0.15582153286125552,0.20356600499736585,0.9212810351159265
2327,46.33820365118423,4.066181603733537,21.129321086885277,5.1078628048834265,0.4366912523148676,2.6752986091785402,32.661962778876145,2.439723826175237,8.859445801242513,11.001052677713634,0.8223272119774377,2.9341264399022653,009,004,142,0.7502575492241231,0.09484588401947651,8.66053807410234
2328,105.1179929745397,19.260468437617668,19.720509931563086,9.322832717099,2.10563751674805,1.7784401966503127,81.56808296634868,14.5349706115346,8.035930227668072,27.745020342931852,4.899231969386583,2.7418280771869625,009,004,144,0.2748296919531269,0.2540172272209769,1.3567629724626598
2329,20.090518315961326,3.886949255081155,23.160377795781855,2.1663532840374966,0.2739721789340691,2.1900008787861607,14.983080445367808,2.325171541364312,4.014903794207241,5.053447993144589,0.8001096331735811,1.3727915429398778,009,004,146,1.7214994616777781,0.20893965541540302,9.960717901352055
2330,23.353494554347094,4.375546688009057,16.102425196773655,2.2323267424987074,0.4168900489087658,1.3503262177259279,15.1305133990154,2.7816860645481385,5.389944455164534,5.133015638295959,0.9438794691802231,1.8538051014243484,009,004,148,1.0338903467954983,0.21743965396108372,5.788728426976306
