Datetime,valueBVP
2023-11-17 13:01:19.078740,55.46411
2023-11-17 13:01:19.094370,67.45813
2023-11-17 13:01:19.110000,81.28418
2023-11-17 13:01:19.125620,95.38855
2023-11-17 13:01:19.141250,108.3289
2023-11-17 13:01:19.156870,118.7418
2023-11-17 13:01:19.172500,125.7136
2023-11-17 13:01:19.188130,128.8737
2023-11-17 13:01:19.203750,128.4238
2023-11-17 13:01:19.219380,124.9516
2023-11-17 13:01:19.235000,119.1689
2023-11-17 13:01:19.250630,111.6324
2023-11-17 13:01:19.266250,102.6126
2023-11-17 13:01:19.281880,92.14575
2023-11-17 13:01:19.297510,80.15802
2023-11-17 13:01:19.313130,66.6983
2023-11-17 13:01:19.328760,52.10986
2023-11-17 13:01:19.344380,36.87347
2023-11-17 13:01:19.360010,21.5166
2023-11-17 13:01:19.375630,6.375061
2023-11-17 13:01:19.391260,-8.552795
2023-11-17 13:01:19.406890,-23.57965
2023-11-17 13:01:19.422510,-39.14838
2023-11-17 13:01:19.438140,-55.58755
2023-11-17 13:01:19.453760,-72.94724
2023-11-17 13:01:19.469390,-90.95787
2023-11-17 13:01:19.485010,-109.2214
2023-11-17 13:01:19.500640,-127.3246
2023-11-17 13:01:19.516270,-145.0624
2023-11-17 13:01:19.531890,-162.4254
2023-11-17 13:01:19.547520,-179.6363
2023-11-17 13:01:19.563140,-197.0446
2023-11-17 13:01:19.578770,-215.1232
2023-11-17 13:01:19.594390,-234.3532
2023-11-17 13:01:19.610020,-254.9729
2023-11-17 13:01:19.625650,-276.632
2023-11-17 13:01:19.641270,-298.0797
2023-11-17 13:01:19.656900,-317.3142
2023-11-17 13:01:19.672520,-332.0029
2023-11-17 13:01:19.688150,-340.3148
2023-11-17 13:01:19.703770,-341.6411
2023-11-17 13:01:19.719400,-336.8682
2023-11-17 13:01:19.735030,-328.1335
2023-11-17 13:01:19.750650,-318.0474
2023-11-17 13:01:19.766280,-308.8633
2023-11-17 13:01:19.781900,-301.9804
2023-11-17 13:01:19.797530,-297.8344
2023-11-17 13:01:19.813150,-296.2206
2023-11-17 13:01:19.828780,-296.6826
2023-11-17 13:01:19.844410,-298.7901
2023-11-17 13:01:19.860030,-302.2207
2023-11-17 13:01:19.875660,-306.5976
2023-11-17 13:01:19.891280,-311.255
2023-11-17 13:01:19.906910,-315.1375
2023-11-17 13:01:19.922530,-316.8147
2023-11-17 13:01:19.938160,-314.692
2023-11-17 13:01:19.953790,-307.2937
2023-11-17 13:01:19.969410,-293.7805
2023-11-17 13:01:19.985040,-274.1943
2023-11-17 13:01:20.000660,-249.3721
2023-11-17 13:01:20.016290,-220.6434
2023-11-17 13:01:20.031910,-189.438
2023-11-17 13:01:20.047540,-157.088
2023-11-17 13:01:20.063170,-124.894
2023-11-17 13:01:20.078790,-94.39185
2023-11-17 13:01:20.094420,-67.41785
2023-11-17 13:01:20.110040,-45.89612
2023-11-17 13:01:20.125670,-31.07373
2023-11-17 13:01:20.141290,-22.73639
2023-11-17 13:01:20.156920,-19.04865
2023-11-17 13:01:20.172550,-17.18036
2023-11-17 13:01:20.188170,-14.63177
2023-11-17 13:01:20.203800,-10.38055
2023-11-17 13:01:20.219420,-5.166687
2023-11-17 13:01:20.235050,-0.55896
2023-11-17 13:01:20.266300,4.67688
2023-11-17 13:01:20.281930,8.346619
2023-11-17 13:01:20.297550,15.87451
2023-11-17 13:01:20.313180,28.16699
2023-11-17 13:01:20.328800,43.74078
2023-11-17 13:01:20.344430,59.40509
2023-11-17 13:01:20.360050,71.8244
2023-11-17 13:01:20.375680,79.19025
2023-11-17 13:01:20.391310,81.67889
2023-11-17 13:01:20.406930,80.79333
2023-11-17 13:01:20.422560,77.96735
2023-11-17 13:01:20.438180,73.56616
2023-11-17 13:01:20.453810,66.96277
2023-11-17 13:01:20.469430,57.35925
2023-11-17 13:01:20.485060,44.59448
2023-11-17 13:01:20.500690,29.58148
2023-11-17 13:01:20.516310,13.9397
2023-11-17 13:01:20.531940,-0.642334
2023-11-17 13:01:20.547560,-12.71759
2023-11-17 13:01:20.563190,-21.14923
2023-11-17 13:01:20.578810,-25.00842
2023-11-17 13:01:20.594440,-23.67279
2023-11-17 13:01:20.610070,-17.18646
2023-11-17 13:01:20.625690,-6.759277
2023-11-17 13:01:20.641320,5.447083
2023-11-17 13:01:20.656940,16.82538
2023-11-17 13:01:20.672570,25.28143
2023-11-17 13:01:20.688190,29.89014
2023-11-17 13:01:20.703820,30.88525
2023-11-17 13:01:20.719450,29.07831
2023-11-17 13:01:20.735070,24.9295
2023-11-17 13:01:20.750700,18.19659
2023-11-17 13:01:20.766320,8.236877
2023-11-17 13:01:20.781950,-5.268433
2023-11-17 13:01:20.797570,-21.71661
2023-11-17 13:01:20.813200,-39.5047
2023-11-17 13:01:20.828830,-56.75485
2023-11-17 13:01:20.844450,-72.17593
2023-11-17 13:01:20.860080,-85.6741
2023-11-17 13:01:20.875700,-98.29562
2023-11-17 13:01:20.891330,-111.5175
2023-11-17 13:01:20.906950,-126.3567
2023-11-17 13:01:20.922580,-142.8907
2023-11-17 13:01:20.938210,-160.3268
2023-11-17 13:01:20.953830,-177.5247
2023-11-17 13:01:20.969460,-193.4667
2023-11-17 13:01:20.985080,-207.5952
2023-11-17 13:01:21.000710,-219.7779
2023-11-17 13:01:21.016330,-230.0955
2023-11-17 13:01:21.031960,-238.8123
2023-11-17 13:01:21.047590,-246.3416
2023-11-17 13:01:21.063210,-253.2613
2023-11-17 13:01:21.078840,-260.0336
2023-11-17 13:01:21.094460,-266.6997
2023-11-17 13:01:21.110090,-272.3065
2023-11-17 13:01:21.125710,-274.9034
2023-11-17 13:01:21.141340,-271.9114
2023-11-17 13:01:21.156970,-261.0782
2023-11-17 13:01:21.172590,-241.4427
2023-11-17 13:01:21.188220,-213.9571
2023-11-17 13:01:21.203840,-181.3695
2023-11-17 13:01:21.219470,-147.2893
2023-11-17 13:01:21.235090,-115.2036
2023-11-17 13:01:21.250720,-87.56862
2023-11-17 13:01:21.266350,-65.52075
2023-11-17 13:01:21.281970,-49.15044
2023-11-17 13:01:21.297600,-38.13866
2023-11-17 13:01:21.313220,-32.16736
2023-11-17 13:01:21.328850,-31.06803
2023-11-17 13:01:21.344480,-34.47058
2023-11-17 13:01:21.360100,-41.42122
2023-11-17 13:01:21.375730,-50.2305
2023-11-17 13:01:21.391350,-58.71715
2023-11-17 13:01:21.406980,-64.80344
2023-11-17 13:01:21.422600,-67.0336
2023-11-17 13:01:21.438230,-64.72146
2023-11-17 13:01:21.453860,-57.87883
2023-11-17 13:01:21.485110,-32.44958
2023-11-17 13:01:21.500730,-14.86415
2023-11-17 13:01:21.516360,5.28653
2023-11-17 13:01:21.531980,27.56818
2023-11-17 13:01:21.547610,51.48953
2023-11-17 13:01:21.563240,76.48672
2023-11-17 13:01:21.578860,102.0599
2023-11-17 13:01:21.594490,127.7408
2023-11-17 13:01:21.610110,153.0493
2023-11-17 13:01:21.625740,177.5625
2023-11-17 13:01:21.641360,201.0189
2023-11-17 13:01:21.656990,223.0895
2023-11-17 13:01:21.672620,242.8994
2023-11-17 13:01:21.688240,258.3185
2023-11-17 13:01:21.703870,265.7739
2023-11-17 13:01:21.719490,261.0553
2023-11-17 13:01:21.735120,241.0248
2023-11-17 13:01:21.750740,205.5179
2023-11-17 13:01:21.766370,158.2493
2023-11-17 13:01:21.782000,106.0214
2023-11-17 13:01:21.797620,56.35022
2023-11-17 13:01:21.813250,14.8526
2023-11-17 13:01:21.828870,-16.35913
2023-11-17 13:01:21.844500,-38.24182
2023-11-17 13:01:21.860120,-53.02472
2023-11-17 13:01:21.875750,-62.271
2023-11-17 13:01:21.891380,-65.99945
2023-11-17 13:01:21.907000,-63.29712
2023-11-17 13:01:21.922630,-53.7099
2023-11-17 13:01:21.938250,-38.40283
2023-11-17 13:01:21.953880,-20.07715
2023-11-17 13:01:21.969500,-1.92511
2023-11-17 13:01:21.985130,13.75488
2023-11-17 13:01:22.000760,26.47479
2023-11-17 13:01:22.016380,37.34955
2023-11-17 13:01:22.032010,48.23047
2023-11-17 13:01:22.047630,60.64673
2023-11-17 13:01:22.063260,75.01416
2023-11-17 13:01:22.078880,90.54285
2023-11-17 13:01:22.094510,105.8146
2023-11-17 13:01:22.110140,119.6178
2023-11-17 13:01:22.125760,131.4711
2023-11-17 13:01:22.141390,141.7284
2023-11-17 13:01:22.157010,151.1925
2023-11-17 13:01:22.172640,160.4243
2023-11-17 13:01:22.188260,169.2881
2023-11-17 13:01:22.203890,177.116
2023-11-17 13:01:22.219520,183.1718
2023-11-17 13:01:22.235140,187.0654
2023-11-17 13:01:22.250770,188.8142
2023-11-17 13:01:22.266390,188.1512
2023-11-17 13:01:22.282020,183.8899
2023-11-17 13:01:22.297640,173.9789
2023-11-17 13:01:22.313270,156.5112
2023-11-17 13:01:22.328900,131.3578
2023-11-17 13:01:22.344520,101.4247
2023-11-17 13:01:22.360150,72.58752
2023-11-17 13:01:22.375770,51.90283
2023-11-17 13:01:22.391400,45.02698
2023-11-17 13:01:22.407020,53.93274
2023-11-17 13:01:22.422650,76.36951
2023-11-17 13:01:22.438280,107.046
2023-11-17 13:01:22.453900,139.859
2023-11-17 13:01:22.469530,169.969
2023-11-17 13:01:22.485150,194.6538
2023-11-17 13:01:22.500780,213.0288
2023-11-17 13:01:22.516400,225.1549
2023-11-17 13:01:22.532030,231.2957
2023-11-17 13:01:22.547660,231.6488
2023-11-17 13:01:22.563280,226.6499
2023-11-17 13:01:22.578910,217.2424
2023-11-17 13:01:22.594530,204.8551
2023-11-17 13:01:22.610160,191.207
2023-11-17 13:01:22.625780,177.8376
2023-11-17 13:01:22.641410,165.6311
2023-11-17 13:01:22.657040,154.7622
2023-11-17 13:01:22.672660,144.8717
2023-11-17 13:01:22.688290,135.2222
2023-11-17 13:01:22.703910,125.2112
2023-11-17 13:01:22.719540,114.5861
2023-11-17 13:01:22.735160,103.552
2023-11-17 13:01:22.750790,92.68359
2023-11-17 13:01:22.766420,82.56897
2023-11-17 13:01:22.782040,73.47656
2023-11-17 13:01:22.797670,65.22546
2023-11-17 13:01:22.813290,57.30017
2023-11-17 13:01:22.828920,49.08203
2023-11-17 13:01:22.844540,40.24451
2023-11-17 13:01:22.860170,30.81104
2023-11-17 13:01:22.875800,21.18237
2023-11-17 13:01:22.891420,11.81616
2023-11-17 13:01:22.907050,2.87854
2023-11-17 13:01:22.922670,-5.87085
2023-11-17 13:01:22.938300,-14.93176
2023-11-17 13:01:22.953920,-24.68555
2023-11-17 13:01:22.969550,-34.89722
2023-11-17 13:01:22.985180,-44.33411
2023-11-17 13:01:23.000800,-50.89209
2023-11-17 13:01:23.016430,-52.14722
2023-11-17 13:01:23.032050,-46.30139
2023-11-17 13:01:23.047680,-33.02124
2023-11-17 13:01:23.063300,-13.75391
2023-11-17 13:01:23.078930,8.640991
2023-11-17 13:01:23.094560,30.85803
2023-11-17 13:01:23.110180,50.12756
2023-11-17 13:01:23.125810,64.98883
2023-11-17 13:01:23.141430,75.24152
2023-11-17 13:01:23.157060,81.50372
2023-11-17 13:01:23.172680,84.60828
2023-11-17 13:01:23.188310,85.17169
2023-11-17 13:01:23.203940,83.53131
2023-11-17 13:01:23.219560,79.89734
2023-11-17 13:01:23.235190,74.64459
2023-11-17 13:01:23.250810,68.36102
2023-11-17 13:01:23.266440,61.76898
2023-11-17 13:01:23.282060,55.50677
2023-11-17 13:01:23.297690,49.90216
2023-11-17 13:01:23.313320,44.9718
2023-11-17 13:01:23.328940,40.43225
2023-11-17 13:01:23.344570,35.89575
2023-11-17 13:01:23.360190,30.90747
2023-11-17 13:01:23.375820,25.18054
2023-11-17 13:01:23.391440,18.62836
2023-11-17 13:01:23.407070,11.42529
2023-11-17 13:01:23.422700,3.911804
2023-11-17 13:01:23.438320,-3.487793
2023-11-17 13:01:23.453950,-10.33307
2023-11-17 13:01:23.469570,-16.33276
2023-11-17 13:01:23.485200,-21.4552
2023-11-17 13:01:23.500820,-25.95929
2023-11-17 13:01:23.516450,-30.34454
2023-11-17 13:01:23.532080,-35.08856
2023-11-17 13:01:23.547700,-40.48407
2023-11-17 13:01:23.563330,-46.45642
2023-11-17 13:01:23.578950,-52.5899
2023-11-17 13:01:23.594580,-58.23279
2023-11-17 13:01:23.610200,-62.78638
2023-11-17 13:01:23.625830,-65.85406
2023-11-17 13:01:23.641460,-67.35046
2023-11-17 13:01:23.657080,-67.43423
2023-11-17 13:01:23.672710,-66.38177
2023-11-17 13:01:23.688330,-64.52109
2023-11-17 13:01:23.703960,-62.14578
2023-11-17 13:01:23.719580,-59.62299
2023-11-17 13:01:23.735210,-57.2374
2023-11-17 13:01:23.750840,-55.14767
2023-11-17 13:01:23.766460,-53.30594
2023-11-17 13:01:23.782090,-51.49393
2023-11-17 13:01:23.797710,-49.4585
2023-11-17 13:01:23.813340,-47.09926
2023-11-17 13:01:23.828960,-44.55121
2023-11-17 13:01:23.844590,-42.10553
2023-11-17 13:01:23.860220,-40.07271
2023-11-17 13:01:23.875840,-38.62813
2023-11-17 13:01:23.891470,-37.68082
2023-11-17 13:01:23.907090,-37.01065
2023-11-17 13:01:23.922720,-36.38513
2023-11-17 13:01:23.938340,-35.72485
2023-11-17 13:01:23.953970,-35.13373
2023-11-17 13:01:23.969600,-34.86057
2023-11-17 13:01:23.985220,-35.17006
2023-11-17 13:01:24.000850,-36.20377
2023-11-17 13:01:24.016470,-37.99806
2023-11-17 13:01:24.032100,-40.39585
2023-11-17 13:01:24.047730,-43.21198
2023-11-17 13:01:24.063350,-46.18945
2023-11-17 13:01:24.078980,-49.14865
2023-11-17 13:01:24.094600,-51.86317
2023-11-17 13:01:24.110230,-54.14581
2023-11-17 13:01:24.125850,-55.65455
2023-11-17 13:01:24.141480,-55.97029
2023-11-17 13:01:24.157110,-54.63978
2023-11-17 13:01:24.172730,-51.28462
2023-11-17 13:01:24.188360,-45.83806
2023-11-17 13:01:24.203980,-38.51357
2023-11-17 13:01:24.219610,-29.92192
2023-11-17 13:01:24.235230,-20.9364
2023-11-17 13:01:24.250860,-12.42378
2023-11-17 13:01:24.266490,-5.046799
2023-11-17 13:01:24.282110,0.8938141
2023-11-17 13:01:24.297740,5.472748
2023-11-17 13:01:24.313360,9.001022
2023-11-17 13:01:24.328990,11.75923
2023-11-17 13:01:24.344610,13.92178
2023-11-17 13:01:24.360240,15.42062
2023-11-17 13:01:24.375870,16.00581
2023-11-17 13:01:24.391490,15.44859
2023-11-17 13:01:24.407120,13.68138
2023-11-17 13:01:24.422740,10.8409
2023-11-17 13:01:24.438370,7.270355
2023-11-17 13:01:24.453990,3.387878
2023-11-17 13:01:24.469620,-0.4417114
2023-11-17 13:01:24.485250,-4.024841
2023-11-17 13:01:24.500870,-7.390594
2023-11-17 13:01:24.516500,-10.74063
2023-11-17 13:01:24.532120,-14.36185
2023-11-17 13:01:24.547750,-18.59427
2023-11-17 13:01:24.563370,-23.71024
2023-11-17 13:01:24.579000,-29.85788
2023-11-17 13:01:24.594630,-36.91107
2023-11-17 13:01:24.610250,-44.44714
2023-11-17 13:01:24.625880,-51.80579
2023-11-17 13:01:24.641500,-58.23288
2023-11-17 13:01:24.657130,-63.09521
2023-11-17 13:01:24.672750,-66.13577
2023-11-17 13:01:24.688380,-67.58276
2023-11-17 13:01:24.704010,-68.00812
2023-11-17 13:01:24.719630,-68.06439
2023-11-17 13:01:24.735260,-68.2196
2023-11-17 13:01:24.750880,-68.60944
2023-11-17 13:01:24.766510,-69.05127
2023-11-17 13:01:24.782130,-69.19092
2023-11-17 13:01:24.797760,-68.59772
2023-11-17 13:01:24.813390,-66.87311
2023-11-17 13:01:24.829010,-63.71652
2023-11-17 13:01:24.844640,-58.92603
2023-11-17 13:01:24.860260,-52.48428
2023-11-17 13:01:24.875890,-44.65128
2023-11-17 13:01:24.891510,-35.8941
2023-11-17 13:01:24.907140,-26.82507
2023-11-17 13:01:24.922770,-18.04785
2023-11-17 13:01:24.938390,-10.01489
2023-11-17 13:01:24.954020,-2.969482
2023-11-17 13:01:24.969640,2.976868
2023-11-17 13:01:24.985270,7.842407
2023-11-17 13:01:25.000890,11.67456
2023-11-17 13:01:25.016520,14.59155
2023-11-17 13:01:25.032150,16.87976
2023-11-17 13:01:25.047770,18.90759
2023-11-17 13:01:25.063400,21.07947
2023-11-17 13:01:25.079020,23.57166
2023-11-17 13:01:25.094650,26.32831
2023-11-17 13:01:25.110270,29.04437
2023-11-17 13:01:25.125900,31.40863
2023-11-17 13:01:25.141530,33.29108
2023-11-17 13:01:25.157150,34.83862
2023-11-17 13:01:25.172780,36.45886
2023-11-17 13:01:25.188400,38.56128
2023-11-17 13:01:25.204030,41.4129
2023-11-17 13:01:25.219650,44.98297
2023-11-17 13:01:25.235280,49.09174
2023-11-17 13:01:25.250910,53.51654
2023-11-17 13:01:25.266530,58.16302
2023-11-17 13:01:25.282160,63.10284
2023-11-17 13:01:25.297780,68.43976
2023-11-17 13:01:25.313410,74.29395
2023-11-17 13:01:25.329030,80.68542
2023-11-17 13:01:25.344660,87.53107
2023-11-17 13:01:25.360290,94.66266
2023-11-17 13:01:25.375910,101.8923
2023-11-17 13:01:25.391540,108.9178
2023-11-17 13:01:25.407160,115.4191
2023-11-17 13:01:25.422790,121.0802
2023-11-17 13:01:25.438410,125.6748
2023-11-17 13:01:25.454040,129.1588
2023-11-17 13:01:25.469670,131.7219
2023-11-17 13:01:25.485290,133.7469
2023-11-17 13:01:25.500920,135.6745
2023-11-17 13:01:25.516540,137.8748
2023-11-17 13:01:25.532170,140.4594
2023-11-17 13:01:25.547790,143.2021
2023-11-17 13:01:25.563420,145.5812
2023-11-17 13:01:25.579050,146.8654
2023-11-17 13:01:25.594670,146.1811
2023-11-17 13:01:25.610300,142.7361
2023-11-17 13:01:25.625920,136.0225
2023-11-17 13:01:25.641550,125.9561
2023-11-17 13:01:25.657170,112.9262
2023-11-17 13:01:25.672800,97.64844
2023-11-17 13:01:25.688430,80.9071
2023-11-17 13:01:25.704050,63.24951
2023-11-17 13:01:25.719680,44.89575
2023-11-17 13:01:25.735300,25.72864
2023-11-17 13:01:25.750930,5.492676
2023-11-17 13:01:25.766550,-15.98865
2023-11-17 13:01:25.782180,-38.63269
2023-11-17 13:01:25.797810,-62.03821
2023-11-17 13:01:25.813430,-85.41174
2023-11-17 13:01:25.829060,-107.6373
2023-11-17 13:01:25.844680,-127.3739
2023-11-17 13:01:25.860310,-143.5311
2023-11-17 13:01:25.875930,-155.6498
2023-11-17 13:01:25.891560,-164.2782
2023-11-17 13:01:25.907190,-170.8105
2023-11-17 13:01:25.922810,-177.01
2023-11-17 13:01:25.938440,-184.0889
2023-11-17 13:01:25.954060,-192.2336
2023-11-17 13:01:25.969690,-200.5714
2023-11-17 13:01:25.985310,-207.6398
2023-11-17 13:01:26.000940,-212.2292
2023-11-17 13:01:26.016570,-213.735
2023-11-17 13:01:26.032190,-212.1926
2023-11-17 13:01:26.047820,-207.9108
2023-11-17 13:01:26.063440,-201.2256
2023-11-17 13:01:26.079070,-192.2491
2023-11-17 13:01:26.094690,-181.1321
2023-11-17 13:01:26.110320,-168.2876
2023-11-17 13:01:26.125950,-154.4661
2023-11-17 13:01:26.141570,-140.7737
2023-11-17 13:01:26.157200,-128.3121
2023-11-17 13:01:26.172820,-117.8728
2023-11-17 13:01:26.188450,-109.6876
2023-11-17 13:01:26.204080,-103.4916
2023-11-17 13:01:26.219700,-98.74915
2023-11-17 13:01:26.235330,-95.11011
2023-11-17 13:01:26.250950,-92.73975
2023-11-17 13:01:26.266580,-92.27893
2023-11-17 13:01:26.282200,-94.55933
2023-11-17 13:01:26.297830,-100.0709
2023-11-17 13:01:26.313460,-108.4534
2023-11-17 13:01:26.329080,-118.3337
2023-11-17 13:01:26.344710,-127.4962
2023-11-17 13:01:26.360330,-133.5232
2023-11-17 13:01:26.375960,-134.6123
2023-11-17 13:01:26.391580,-130.1791
2023-11-17 13:01:26.407210,-120.9977
2023-11-17 13:01:26.422840,-108.8729
2023-11-17 13:01:26.438460,-95.94275
2023-11-17 13:01:26.454090,-83.87427
2023-11-17 13:01:26.469710,-73.28894
2023-11-17 13:01:26.485340,-63.56641
2023-11-17 13:01:26.500960,-53.40393
2023-11-17 13:01:26.516590,-41.80383
2023-11-17 13:01:26.532220,-29.23889
2023-11-17 13:01:26.547840,-18.13318
2023-11-17 13:01:26.563470,-12.2832
2023-11-17 13:01:26.579090,-15.29907
2023-11-17 13:01:26.594720,-28.62097
2023-11-17 13:01:26.610340,-50.40332
2023-11-17 13:01:26.625970,-75.80225
2023-11-17 13:01:26.641600,-98.72095
2023-11-17 13:01:26.657220,-114.2786
2023-11-17 13:01:26.672850,-120.7468
2023-11-17 13:01:26.688470,-119.7911
2023-11-17 13:01:26.704100,-114.915
2023-11-17 13:01:26.719720,-109.2129
2023-11-17 13:01:26.735350,-103.6245
2023-11-17 13:01:26.750980,-96.87756
2023-11-17 13:01:26.766600,-86.67859
2023-11-17 13:01:26.782230,-71.35754
2023-11-17 13:01:26.797850,-50.92358
2023-11-17 13:01:26.813480,-26.89685
2023-11-17 13:01:26.829100,-1.457031
2023-11-17 13:01:26.844730,23.39087
2023-11-17 13:01:26.860360,46.11389
2023-11-17 13:01:26.875980,65.40649
2023-11-17 13:01:26.891610,79.79675
2023-11-17 13:01:26.907230,88.00684
2023-11-17 13:01:26.922860,90.01758
2023-11-17 13:01:26.938480,88.06262
2023-11-17 13:01:26.954110,86.65112
2023-11-17 13:01:26.969740,90.90369
2023-11-17 13:01:26.985360,103.9866
2023-11-17 13:01:27.000990,124.8807
2023-11-17 13:01:27.016610,148.2758
2023-11-17 13:01:27.032240,166.1674
2023-11-17 13:01:27.047860,171.4442
2023-11-17 13:01:27.063490,160.764
2023-11-17 13:01:27.079120,135.6981
2023-11-17 13:01:27.094740,101.6427
2023-11-17 13:01:27.110370,64.89978
2023-11-17 13:01:27.125990,29.59863
2023-11-17 13:01:27.141620,-3.837524
2023-11-17 13:01:27.157240,-37.63013
2023-11-17 13:01:27.172870,-74.16187
2023-11-17 13:01:27.188500,-113.163
2023-11-17 13:01:27.204120,-150.5939
2023-11-17 13:01:27.219750,-179.9598
2023-11-17 13:01:27.235370,-195.3197
2023-11-17 13:01:27.251000,-194.4755
2023-11-17 13:01:27.266620,-180.2904
2023-11-17 13:01:27.282250,-159.5247
2023-11-17 13:01:27.297880,-139.6542
2023-11-17 13:01:27.313500,-125.7203
2023-11-17 13:01:27.329130,-118.5658
2023-11-17 13:01:27.344750,-115.6776
2023-11-17 13:01:27.360380,-113.6074
2023-11-17 13:01:27.376000,-110.2966
2023-11-17 13:01:27.391630,-106.059
2023-11-17 13:01:27.407260,-102.5352
2023-11-17 13:01:27.422880,-100.7214
2023-11-17 13:01:27.438510,-99.28198
2023-11-17 13:01:27.454130,-94.40723
2023-11-17 13:01:27.469760,-81.22528
2023-11-17 13:01:27.485380,-56.01044
2023-11-17 13:01:27.501010,-18.22247
2023-11-17 13:01:27.516640,28.9975
2023-11-17 13:01:27.532260,79.05768
2023-11-17 13:01:27.547890,123.943
2023-11-17 13:01:27.563510,156.283
2023-11-17 13:01:27.579140,171.6375
2023-11-17 13:01:27.594760,170.1041
2023-11-17 13:01:27.610390,156.5496
2023-11-17 13:01:27.626020,139.2123
2023-11-17 13:01:27.641640,126.608
2023-11-17 13:01:27.657270,124.6328
2023-11-17 13:01:27.672890,134.5361
2023-11-17 13:01:27.688520,153.0798
2023-11-17 13:01:27.704140,174.5073
2023-11-17 13:01:27.719770,193.3795
2023-11-17 13:01:27.735400,206.5457
2023-11-17 13:01:27.751020,213.3814
2023-11-17 13:01:27.766650,214.5649
2023-11-17 13:01:27.782270,210.2659
2023-11-17 13:01:27.797900,199.3311
2023-11-17 13:01:27.813520,179.6276
2023-11-17 13:01:27.829150,149.6282
2023-11-17 13:01:27.844780,109.8507
2023-11-17 13:01:27.860400,63.5401
2023-11-17 13:01:27.876030,15.95978
2023-11-17 13:01:27.891650,-27.44714
2023-11-17 13:01:27.907280,-62.64624
2023-11-17 13:01:27.922900,-87.99817
2023-11-17 13:01:27.938530,-104.1744
2023-11-17 13:01:27.954160,-113.6372
2023-11-17 13:01:27.969780,-119.4308
2023-11-17 13:01:27.985410,-124.2177
2023-11-17 13:01:28.001030,-129.7615
2023-11-17 13:01:28.016660,-136.7152
2023-11-17 13:01:28.032280,-144.8358
2023-11-17 13:01:28.047910,-153.2469
2023-11-17 13:01:28.063540,-161.0089
2023-11-17 13:01:28.079160,-167.8801
2023-11-17 13:01:28.094790,-174.6354
2023-11-17 13:01:28.110410,-182.8447
2023-11-17 13:01:28.126040,-193.8112
2023-11-17 13:01:28.141660,-207.3852
2023-11-17 13:01:28.157290,-221.0743
2023-11-17 13:01:28.172920,-230.2408
2023-11-17 13:01:28.188540,-229.619
2023-11-17 13:01:28.204170,-215.7181
2023-11-17 13:01:28.219790,-188.5986
2023-11-17 13:01:28.235420,-151.9218
2023-11-17 13:01:28.251040,-111.2288
2023-11-17 13:01:28.266670,-71.38458
2023-11-17 13:01:28.282300,-34.78949
2023-11-17 13:01:28.297920,-1.046051
2023-11-17 13:01:28.313550,31.56607
2023-11-17 13:01:28.329170,64.50946
2023-11-17 13:01:28.344800,98.13904
2023-11-17 13:01:28.360420,132.3357
2023-11-17 13:01:28.376050,167.9911
2023-11-17 13:01:28.391680,207.6429
2023-11-17 13:01:28.407300,254.406
2023-11-17 13:01:28.422930,309.9214
2023-11-17 13:01:28.438550,372.2106
2023-11-17 13:01:28.454180,434.9403
2023-11-17 13:01:28.469810,489.0273
2023-11-17 13:01:28.485430,525.8958
2023-11-17 13:01:28.501060,540.5381
2023-11-17 13:01:28.516680,532.9781
2023-11-17 13:01:28.532310,507.5052
2023-11-17 13:01:28.547930,470.542
2023-11-17 13:01:28.563560,428.7859
2023-11-17 13:01:28.579190,387.7207
2023-11-17 13:01:28.594810,351.0824
2023-11-17 13:01:28.610440,320.7603
2023-11-17 13:01:28.626060,296.5674
2023-11-17 13:01:28.641690,276.3939
2023-11-17 13:01:28.657310,257.1296
2023-11-17 13:01:28.672940,235.9205
2023-11-17 13:01:28.688570,211.7431
2023-11-17 13:01:28.704190,186.3407
2023-11-17 13:01:28.719820,163.45
2023-11-17 13:01:28.735440,146.8586
2023-11-17 13:01:28.751070,138.468
2023-11-17 13:01:28.766690,136.8653
2023-11-17 13:01:28.782320,137.5709
2023-11-17 13:01:28.797950,134.9365
2023-11-17 13:01:28.813570,124.3862
2023-11-17 13:01:28.829200,104.1321
2023-11-17 13:01:28.844820,75.5495
2023-11-17 13:01:28.860450,42.052
2023-11-17 13:01:28.876070,7.219482
2023-11-17 13:01:28.891700,-26.64105
2023-11-17 13:01:28.907330,-59.2901
2023-11-17 13:01:28.922950,-92.05792
2023-11-17 13:01:28.938580,-126.5048
2023-11-17 13:01:28.954200,-162.9764
2023-11-17 13:01:28.969830,-199.6629
2023-11-17 13:01:28.985450,-232.6525
2023-11-17 13:01:29.001080,-257.1221
2023-11-17 13:01:29.016710,-269.0642
2023-11-17 13:01:29.032330,-266.7979
2023-11-17 13:01:29.047960,-251.8237
2023-11-17 13:01:29.063580,-228.4719
2023-11-17 13:01:29.079210,-202.6495
2023-11-17 13:01:29.094830,-180.156
2023-11-17 13:01:29.110460,-164.9977
2023-11-17 13:01:29.126090,-158.5442
2023-11-17 13:01:29.141710,-159.5049
2023-11-17 13:01:29.157340,-164.6429
2023-11-17 13:01:29.172960,-169.8489
2023-11-17 13:01:29.188590,-171.1998
2023-11-17 13:01:29.204210,-165.6252
2023-11-17 13:01:29.219840,-151.3328
2023-11-17 13:01:29.235470,-128.2559
2023-11-17 13:01:29.251090,-98.19885
2023-11-17 13:01:29.266720,-64.89502
2023-11-17 13:01:29.282340,-33.34119
2023-11-17 13:01:29.297970,-8.489014
2023-11-17 13:01:29.313590,6.323242
2023-11-17 13:01:29.329220,10.56433
2023-11-17 13:01:29.344850,6.811768
2023-11-17 13:01:29.360470,-0.1181641
2023-11-17 13:01:29.376100,-4.867065
2023-11-17 13:01:29.391720,-3.211914
2023-11-17 13:01:29.407350,6.675903
2023-11-17 13:01:29.422970,23.95618
2023-11-17 13:01:29.438600,45.71167
2023-11-17 13:01:29.454230,67.98035
2023-11-17 13:01:29.469850,86.94409
2023-11-17 13:01:29.485480,99.96704
2023-11-17 13:01:29.501100,106.0137
2023-11-17 13:01:29.516730,105.6112
2023-11-17 13:01:29.532350,100.3608
2023-11-17 13:01:29.547980,92.06213
2023-11-17 13:01:29.563610,81.95703
2023-11-17 13:01:29.579230,70.21167
2023-11-17 13:01:29.594860,56.07495
2023-11-17 13:01:29.610480,38.60852
2023-11-17 13:01:29.626110,17.66809
2023-11-17 13:01:29.641730,-5.58313
2023-11-17 13:01:29.657360,-29.06885
2023-11-17 13:01:29.672990,-50.90662
2023-11-17 13:01:29.688610,-70.62134
2023-11-17 13:01:29.704240,-89.74146
2023-11-17 13:01:29.719860,-111.3781
2023-11-17 13:01:29.735490,-138.7604
2023-11-17 13:01:29.751110,-173.6648
2023-11-17 13:01:29.766740,-215.4556
2023-11-17 13:01:29.782370,-261.3125
2023-11-17 13:01:29.797990,-307.3494
2023-11-17 13:01:29.813620,-350.1211
2023-11-17 13:01:29.829240,-387.651
2023-11-17 13:01:29.844870,-419.5411
2023-11-17 13:01:29.860490,-446.5024
2023-11-17 13:01:29.876120,-469.776
2023-11-17 13:01:29.891750,-490.806
2023-11-17 13:01:29.907370,-510.833
2023-11-17 13:01:29.923000,-530.6661
2023-11-17 13:01:29.938620,-550.0034
2023-11-17 13:01:29.954250,-566.9125
2023-11-17 13:01:29.969870,-578.1
2023-11-17 13:01:29.985500,-580.0287
2023-11-17 13:01:30.001130,-570.782
2023-11-17 13:01:30.016750,-551.5073
2023-11-17 13:01:30.032380,-526.0748
2023-11-17 13:01:30.048000,-498.938
2023-11-17 13:01:30.063630,-472.767
2023-11-17 13:01:30.079250,-446.9333
2023-11-17 13:01:30.094880,-418.0756
2023-11-17 13:01:30.110510,-382.3589
2023-11-17 13:01:30.126130,-337.8641
2023-11-17 13:01:30.141760,-285.6394
2023-11-17 13:01:30.157380,-229.0912
2023-11-17 13:01:30.173010,-171.5736
2023-11-17 13:01:30.188630,-113.8816
2023-11-17 13:01:30.204260,-54.03986
2023-11-17 13:01:30.219890,10.6568
2023-11-17 13:01:30.235510,81.02924
2023-11-17 13:01:30.251140,154.5643
2023-11-17 13:01:30.266760,226.0059
2023-11-17 13:01:30.282390,290.0593
2023-11-17 13:01:30.298010,344.0385
2023-11-17 13:01:30.313640,389.5301
2023-11-17 13:01:30.329270,431.7161
2023-11-17 13:01:30.344890,476.0693
2023-11-17 13:01:30.360520,523.9879
2023-11-17 13:01:30.376140,571.1159
2023-11-17 13:01:30.391770,609.0777
2023-11-17 13:01:30.407390,629.1605
2023-11-17 13:01:30.423020,626.1851
2023-11-17 13:01:30.438650,599.5165
2023-11-17 13:01:30.454270,552.4452
2023-11-17 13:01:30.469900,491.3495
2023-11-17 13:01:30.485520,424.086
2023-11-17 13:01:30.501150,358.5005
2023-11-17 13:01:30.516770,301.9057
2023-11-17 13:01:30.532400,260.5833
2023-11-17 13:01:30.548030,238.4681
2023-11-17 13:01:30.563650,236.6838
2023-11-17 13:01:30.579280,249.5628
2023-11-17 13:01:30.594900,263.0598
2023-11-17 13:01:30.610530,263.2712
2023-11-17 13:01:30.626150,245.3475
2023-11-17 13:01:30.641780,214.2891
2023-11-17 13:01:30.657410,179.3611
2023-11-17 13:01:30.673030,149.1288
2023-11-17 13:01:30.688660,125.0951
2023-11-17 13:01:30.704280,106.6497
2023-11-17 13:01:30.719910,92.97085
2023-11-17 13:01:30.735530,83.12717
2023-11-17 13:01:30.751160,78.46604
2023-11-17 13:01:30.766790,82.01993
2023-11-17 13:01:30.782410,96.36547
2023-11-17 13:01:30.798040,120.885
2023-11-17 13:01:30.813660,150.9846
2023-11-17 13:01:30.829290,178.3134
2023-11-17 13:01:30.844910,193.5822
2023-11-17 13:01:30.860540,188.3717
2023-11-17 13:01:30.876170,156.2767
2023-11-17 13:01:30.891790,97.29151
2023-11-17 13:01:30.907420,18.36959
2023-11-17 13:01:30.923040,-69.46271
2023-11-17 13:01:30.938670,-155.1703
2023-11-17 13:01:30.954290,-231.0902
2023-11-17 13:01:30.969920,-294.0474
2023-11-17 13:01:30.985550,-343.5944
2023-11-17 13:01:31.001170,-368.6563
2023-11-17 13:01:31.016800,-361.2627
2023-11-17 13:01:31.032420,-321.0172
2023-11-17 13:01:31.048050,-256.6727
2023-11-17 13:01:31.063680,-181.6052
2023-11-17 13:01:31.079300,-107.6061
2023-11-17 13:01:31.094930,-42.51152
2023-11-17 13:01:31.110550,9.733276
2023-11-17 13:01:31.126180,48.90885
2023-11-17 13:01:31.141800,76.35985
2023-11-17 13:01:31.157430,93.3381
2023-11-17 13:01:31.173060,102.5853
2023-11-17 13:01:31.188680,108.2051
2023-11-17 13:01:31.204310,113.778
2023-11-17 13:01:31.219930,121.3907
2023-11-17 13:01:31.235560,130.9957
2023-11-17 13:01:31.251180,140.3745
2023-11-17 13:01:31.266810,147.371
2023-11-17 13:01:31.282440,149.3445
2023-11-17 13:01:31.298060,143.854
2023-11-17 13:01:31.313690,130.983
2023-11-17 13:01:31.329310,113.2265
2023-11-17 13:01:31.344940,93.41188
2023-11-17 13:01:31.360560,73.991
2023-11-17 13:01:31.376190,55.26136
2023-11-17 13:01:31.391820,36.78919
2023-11-17 13:01:31.407440,18.15014
2023-11-17 13:01:31.423070,-3.353058
2023-11-17 13:01:31.438690,-31.87006
2023-11-17 13:01:31.454320,-70.85633
2023-11-17 13:01:31.469940,-118.2607
2023-11-17 13:01:31.485570,-170.9196
2023-11-17 13:01:31.501200,-222.8723
2023-11-17 13:01:31.516820,-266.9456
2023-11-17 13:01:31.532450,-295.1759
2023-11-17 13:01:31.548070,-289.733
2023-11-17 13:01:31.563700,-244.932
2023-11-17 13:01:31.579320,-172.0064
2023-11-17 13:01:31.594950,-92.76701
2023-11-17 13:01:31.610580,-27.11092
2023-11-17 13:01:31.626200,11.01901
2023-11-17 13:01:31.641830,26.48957
2023-11-17 13:01:31.657450,27.83342
2023-11-17 13:01:31.673080,23.06982
2023-11-17 13:01:31.688700,17.77567
2023-11-17 13:01:31.704330,14.22381
2023-11-17 13:01:31.719960,12.67343
2023-11-17 13:01:31.735580,14.87546
2023-11-17 13:01:31.751210,23.19111
2023-11-17 13:01:31.766830,37.2579
2023-11-17 13:01:31.782460,53.3738
2023-11-17 13:01:31.798080,64.3578
2023-11-17 13:01:31.813710,62.81255
2023-11-17 13:01:31.829340,43.94325
2023-11-17 13:01:31.844960,6.704773
2023-11-17 13:01:31.860590,-43.94491
2023-11-17 13:01:31.876210,-93.39215
2023-11-17 13:01:31.891840,-121.6515
2023-11-17 13:01:31.907460,-115.153
2023-11-17 13:01:31.923090,-74.92938
2023-11-17 13:01:31.938720,-14.74726
2023-11-17 13:01:31.954340,49.07988
2023-11-17 13:01:31.969970,105.1648
2023-11-17 13:01:31.985590,152.2849
2023-11-17 13:01:32.001220,191.0558
2023-11-17 13:01:32.016840,222.4428
2023-11-17 13:01:32.032470,246.5217
2023-11-17 13:01:32.048100,262.5356
2023-11-17 13:01:32.063720,266.5248
2023-11-17 13:01:32.079350,259.1567
2023-11-17 13:01:32.094970,245.4311
2023-11-17 13:01:32.110600,232.5639
2023-11-17 13:01:32.126220,226.4119
2023-11-17 13:01:32.141850,229.2006
2023-11-17 13:01:32.157480,240.228
2023-11-17 13:01:32.173100,256.3052
2023-11-17 13:01:32.188730,272.5219
2023-11-17 13:01:32.204350,283.9921
2023-11-17 13:01:32.219980,287.7941
2023-11-17 13:01:32.235600,283.0474
2023-11-17 13:01:32.251230,270.1491
2023-11-17 13:01:32.266860,249.8064
2023-11-17 13:01:32.282480,222.3235
2023-11-17 13:01:32.298110,188.4996
2023-11-17 13:01:32.313730,149.5891
2023-11-17 13:01:32.329360,107.2439
2023-11-17 13:01:32.344980,63.83661
2023-11-17 13:01:32.360610,23.16418
2023-11-17 13:01:32.376240,-10.84131
2023-11-17 13:01:32.391860,-35.62848
2023-11-17 13:01:32.407490,-51.18692
2023-11-17 13:01:32.423110,-60.55533
2023-11-17 13:01:32.438740,-68.28958
2023-11-17 13:01:32.454360,-78.75818
2023-11-17 13:01:32.469990,-94.8992
2023-11-17 13:01:32.485620,-117.6294
2023-11-17 13:01:32.501240,-145.3061
2023-11-17 13:01:32.516870,-174.8765
2023-11-17 13:01:32.532490,-202.4715
2023-11-17 13:01:32.548120,-224.0605
2023-11-17 13:01:32.563740,-236.3976
2023-11-17 13:01:32.579370,-237.8562
2023-11-17 13:01:32.595000,-229.1834
2023-11-17 13:01:32.610620,-213.8115
2023-11-17 13:01:32.626250,-196.7856
2023-11-17 13:01:32.641870,-182.587
2023-11-17 13:01:32.657500,-173.6895
2023-11-17 13:01:32.673120,-169.7784
2023-11-17 13:01:32.688750,-168.4969
2023-11-17 13:01:32.704380,-167.2322
2023-11-17 13:01:32.720000,-164.7722
2023-11-17 13:01:32.735630,-161.5763
2023-11-17 13:01:32.751250,-158.9106
2023-11-17 13:01:32.766880,-157.4891
2023-11-17 13:01:32.782500,-156.1973
2023-11-17 13:01:32.798130,-152.5566
2023-11-17 13:01:32.813760,-144.1943
2023-11-17 13:01:32.829380,-130.4462
2023-11-17 13:01:32.845010,-112.9177
2023-11-17 13:01:32.860630,-94.67535
2023-11-17 13:01:32.876260,-78.69946
2023-11-17 13:01:32.891880,-66.68091
2023-11-17 13:01:32.907510,-58.78546
2023-11-17 13:01:32.923140,-54.22162
2023-11-17 13:01:32.938760,-52.21173
2023-11-17 13:01:32.954390,-51.91394
2023-11-17 13:01:32.970010,-51.9129
2023-11-17 13:01:32.985640,-49.96368
2023-11-17 13:01:33.001260,-43.15692
2023-11-17 13:01:33.016890,-29.50031
2023-11-17 13:01:33.032520,-9.248657
2023-11-17 13:01:33.048140,14.60352
2023-11-17 13:01:33.063770,37.42432
2023-11-17 13:01:33.079390,54.94147
2023-11-17 13:01:33.095020,65.164
2023-11-17 13:01:33.110640,68.87158
2023-11-17 13:01:33.126270,68.47742
2023-11-17 13:01:33.141900,66.3819
2023-11-17 13:01:33.157520,63.84949
2023-11-17 13:01:33.173150,61.1106
2023-11-17 13:01:33.188770,58.16919
2023-11-17 13:01:33.204400,55.54163
2023-11-17 13:01:33.220020,53.84601
2023-11-17 13:01:33.235650,53.15369
2023-11-17 13:01:33.251280,52.34552
2023-11-17 13:01:33.266900,49.06494
2023-11-17 13:01:33.282530,41.25519
2023-11-17 13:01:33.298150,28.55029
2023-11-17 13:01:33.313780,12.95605
2023-11-17 13:01:33.329410,-1.746582
2023-11-17 13:01:33.345030,-11.86499
2023-11-17 13:01:33.360660,-15.5849
2023-11-17 13:01:33.376280,-14.02948
2023-11-17 13:01:33.391910,-10.49518
2023-11-17 13:01:33.407530,-8.606934
2023-11-17 13:01:33.423160,-10.22144
2023-11-17 13:01:33.438790,-14.54211
2023-11-17 13:01:33.454410,-18.46875
2023-11-17 13:01:33.470040,-17.8725
2023-11-17 13:01:33.485660,-9.489136
2023-11-17 13:01:33.501290,7.641113
2023-11-17 13:01:33.516910,31.56482
2023-11-17 13:01:33.532540,58.27301
2023-11-17 13:01:33.548170,83.3504
2023-11-17 13:01:33.563790,103.7848
2023-11-17 13:01:33.579420,118.5199
2023-11-17 13:01:33.595040,127.834
2023-11-17 13:01:33.610670,131.9667
2023-11-17 13:01:33.626290,130.1692
2023-11-17 13:01:33.641920,120.8962
2023-11-17 13:01:33.657550,103.2343
2023-11-17 13:01:33.673170,78.37976
2023-11-17 13:01:33.688800,49.80176
2023-11-17 13:01:33.704420,21.90527
2023-11-17 13:01:33.720050,-2.542542
2023-11-17 13:01:33.735670,-23.92914
2023-11-17 13:01:33.751300,-45.46539
2023-11-17 13:01:33.766930,-70.86359
2023-11-17 13:01:33.782550,-101.3433
2023-11-17 13:01:33.798180,-134.2225
2023-11-17 13:01:33.813800,-163.9793
2023-11-17 13:01:33.829430,-185.1408
2023-11-17 13:01:33.845050,-195.1635
2023-11-17 13:01:33.860680,-195.5129
2023-11-17 13:01:33.876310,-190.7448
2023-11-17 13:01:33.891930,-186.2784
2023-11-17 13:01:33.907560,-186.0682
2023-11-17 13:01:33.923180,-191.1439
2023-11-17 13:01:33.938810,-199.5381
2023-11-17 13:01:33.954430,-207.6364
2023-11-17 13:01:33.970060,-212.145
2023-11-17 13:01:33.985690,-211.5204
2023-11-17 13:01:34.001310,-206.7833
2023-11-17 13:01:34.016940,-201.0685
2023-11-17 13:01:34.032560,-198.3793
2023-11-17 13:01:34.048190,-202.0772
2023-11-17 13:01:34.063810,-213.2178
2023-11-17 13:01:34.079440,-229.8693
2023-11-17 13:01:34.095070,-247.1721
2023-11-17 13:01:34.110690,-258.8754
2023-11-17 13:01:34.126320,-259.1184
2023-11-17 13:01:34.141940,-244.764
2023-11-17 13:01:34.157570,-216.4816
2023-11-17 13:01:34.173190,-178.3365
2023-11-17 13:01:34.188820,-136.0062
2023-11-17 13:01:34.204450,-94.32916
2023-11-17 13:01:34.220070,-55.7113
2023-11-17 13:01:34.235700,-19.93512
2023-11-17 13:01:34.251320,14.5694
2023-11-17 13:01:34.266950,49.01157
2023-11-17 13:01:34.282570,82.99512
2023-11-17 13:01:34.298200,114.5464
2023-11-17 13:01:34.313830,141.3725
2023-11-17 13:01:34.329450,162.0696
2023-11-17 13:01:34.345080,176.8763
2023-11-17 13:01:34.360700,187.3466
2023-11-17 13:01:34.376330,195.2606
2023-11-17 13:01:34.391950,201.3661
2023-11-17 13:01:34.407580,205.1137
2023-11-17 13:01:34.423210,205.0326
2023-11-17 13:01:34.438830,199.5251
2023-11-17 13:01:34.454460,187.0536
2023-11-17 13:01:34.470080,166.1064
2023-11-17 13:01:34.485710,135.5116
2023-11-17 13:01:34.501330,94.88782
2023-11-17 13:01:34.516960,45.8488
2023-11-17 13:01:34.532590,-7.158188
2023-11-17 13:01:34.548210,-56.64677
2023-11-17 13:01:34.563840,-93.53674
2023-11-17 13:01:34.579460,-110.3666
2023-11-17 13:01:34.595090,-105.2597
2023-11-17 13:01:34.610710,-84.40923
2023-11-17 13:01:34.626340,-60.81769
2023-11-17 13:01:34.641970,-49.4457
2023-11-17 13:01:34.657590,-60.66227
2023-11-17 13:01:34.673220,-95.53624
2023-11-17 13:01:34.688840,-145.4591
2023-11-17 13:01:34.704470,-196.7578
2023-11-17 13:01:34.720090,-237.3574
2023-11-17 13:01:34.735720,-262.11
2023-11-17 13:01:34.751350,-273.8213
2023-11-17 13:01:34.766970,-279.8096
2023-11-17 13:01:34.782600,-286.6213
2023-11-17 13:01:34.798220,-296.2583
2023-11-17 13:01:34.813850,-305.7939
2023-11-17 13:01:34.829470,-310.3574
2023-11-17 13:01:34.845100,-307.052
2023-11-17 13:01:34.860730,-296.6118
2023-11-17 13:01:34.876350,-282.1544
2023-11-17 13:01:34.891980,-266.2313
2023-11-17 13:01:34.907600,-248.0892
2023-11-17 13:01:34.923230,-223.2209
2023-11-17 13:01:34.938850,-185.206
2023-11-17 13:01:34.954480,-129.2218
2023-11-17 13:01:34.970110,-54.84299
2023-11-17 13:01:34.985730,33.03937
2023-11-17 13:01:35.001360,125.2581
2023-11-17 13:01:35.016980,211.6008
2023-11-17 13:01:35.032610,284.0464
2023-11-17 13:01:35.048230,338.7646
2023-11-17 13:01:35.063860,376.5014
2023-11-17 13:01:35.079490,401.5966
2023-11-17 13:01:35.095110,419.9893
2023-11-17 13:01:35.110740,437.062
2023-11-17 13:01:35.126360,455.6373
2023-11-17 13:01:35.141990,474.7753
2023-11-17 13:01:35.157610,489.8056
2023-11-17 13:01:35.173240,493.4937
2023-11-17 13:01:35.188870,478.6005
2023-11-17 13:01:35.204490,440.7836
2023-11-17 13:01:35.220120,380.8085
2023-11-17 13:01:35.235740,304.9755
2023-11-17 13:01:35.251370,223.511
2023-11-17 13:01:35.266990,147.3782
2023-11-17 13:01:35.282620,85.19995
2023-11-17 13:01:35.298250,41.24847
2023-11-17 13:01:35.313870,15.14923
2023-11-17 13:01:35.329500,3.137695
2023-11-17 13:01:35.345120,0.0748291
2023-11-17 13:01:35.360750,1.344055
2023-11-17 13:01:35.376370,3.916565
2023-11-17 13:01:35.392000,6.623779
2023-11-17 13:01:35.407630,9.44458
2023-11-17 13:01:35.423250,12.62006
2023-11-17 13:01:35.438880,15.91449
2023-11-17 13:01:35.454500,18.49823
2023-11-17 13:01:35.470130,19.34338
2023-11-17 13:01:35.485750,18.41473
2023-11-17 13:01:35.501380,17.09082
2023-11-17 13:01:35.517010,17.75372
2023-11-17 13:01:35.532630,22.7074
2023-11-17 13:01:35.548260,32.84436
2023-11-17 13:01:35.563880,46.9032
2023-11-17 13:01:35.579510,61.7699
2023-11-17 13:01:35.595130,73.69751
2023-11-17 13:01:35.610760,79.57544
2023-11-17 13:01:35.626390,78.03949
2023-11-17 13:01:35.642010,69.74646
2023-11-17 13:01:35.657640,57.29602
2023-11-17 13:01:35.673260,44.65729
2023-11-17 13:01:35.688890,36.20404
2023-11-17 13:01:35.704510,35.84393
2023-11-17 13:01:35.720140,45.61823
2023-11-17 13:01:35.735770,64.65649
2023-11-17 13:01:35.751390,88.617
2023-11-17 13:01:35.767020,110.2009
2023-11-17 13:01:35.782640,120.7101
2023-11-17 13:01:35.798270,112.427
2023-11-17 13:01:35.813890,81.1413
2023-11-17 13:01:35.829520,27.95868
2023-11-17 13:01:35.845150,-40.02795
2023-11-17 13:01:35.860770,-111.0792
2023-11-17 13:01:35.876400,-171.6664
2023-11-17 13:01:35.892020,-210.3197
2023-11-17 13:01:35.907650,-220.8057
2023-11-17 13:01:35.923280,-203.4744
2023-11-17 13:01:35.938900,-164.3697
2023-11-17 13:01:35.954530,-112.4373
2023-11-17 13:01:35.970150,-56.88434
2023-11-17 13:01:35.985780,-5.29364
2023-11-17 13:01:36.001400,36.71295
2023-11-17 13:01:36.017030,65.4292
2023-11-17 13:01:36.032660,79.0874
2023-11-17 13:01:36.048280,78.28931
2023-11-17 13:01:36.063910,66.15405
2023-11-17 13:01:36.079530,47.52325
2023-11-17 13:01:36.095160,27.66742
2023-11-17 13:01:36.110780,10.32446
2023-11-17 13:01:36.126410,-2.995789
2023-11-17 13:01:36.142040,-12.97498
2023-11-17 13:01:36.157660,-21.20618
2023-11-17 13:01:36.173290,-28.97131
2023-11-17 13:01:36.188910,-36.9527
2023-11-17 13:01:36.204540,-45.22949
2023-11-17 13:01:36.220160,-53.85034
2023-11-17 13:01:36.235790,-62.82355
2023-11-17 13:01:36.251420,-71.96063
2023-11-17 13:01:36.267040,-80.61267
2023-11-17 13:01:36.282670,-87.86377
2023-11-17 13:01:36.298290,-92.87592
2023-11-17 13:01:36.313920,-95.1004
2023-11-17 13:01:36.329540,-94.15546
2023-11-17 13:01:36.345170,-89.30341
2023-11-17 13:01:36.360800,-79.48193
2023-11-17 13:01:36.376420,-63.85193
2023-11-17 13:01:36.392050,-42.80914
2023-11-17 13:01:36.407670,-18.53748
2023-11-17 13:01:36.423300,5.328979
2023-11-17 13:01:36.438920,24.95374
2023-11-17 13:01:36.454550,37.64404
2023-11-17 13:01:36.470180,42.51617
2023-11-17 13:01:36.485800,40.4729
2023-11-17 13:01:36.501430,33.29565
2023-11-17 13:01:36.517050,22.95575
2023-11-17 13:01:36.532680,11.16937
2023-11-17 13:01:36.548300,-0.5340576
2023-11-17 13:01:36.563930,-10.5484
2023-11-17 13:01:36.579560,-17.2431
2023-11-17 13:01:36.595180,-19.22986
2023-11-17 13:01:36.610810,-15.96753
2023-11-17 13:01:36.626430,-7.999512
2023-11-17 13:01:36.642060,2.932739
2023-11-17 13:01:36.657680,14.36694
2023-11-17 13:01:36.673310,23.83655
2023-11-17 13:01:36.688940,29.60181
2023-11-17 13:01:36.704560,31.22314
2023-11-17 13:01:36.720190,29.65063
2023-11-17 13:01:36.735810,26.74573
2023-11-17 13:01:36.751440,24.68298
2023-11-17 13:01:36.767060,25.25757
2023-11-17 13:01:36.782690,29.42834
2023-11-17 13:01:36.798320,37.31287
2023-11-17 13:01:36.813940,48.36829
2023-11-17 13:01:36.829570,61.58264
2023-11-17 13:01:36.845190,75.71729
2023-11-17 13:01:36.860820,89.27466
2023-11-17 13:01:36.876440,100.4827
2023-11-17 13:01:36.892070,107.5247
2023-11-17 13:01:36.907700,108.8168
2023-11-17 13:01:36.923320,103.3022
2023-11-17 13:01:36.938950,90.82959
2023-11-17 13:01:36.954570,72.23938
2023-11-17 13:01:36.970200,49.21252
2023-11-17 13:01:36.985820,24.09314
2023-11-17 13:01:37.001450,-0.5302734
2023-11-17 13:01:37.017080,-22.29602
2023-11-17 13:01:37.032700,-39.57373
2023-11-17 13:01:37.048330,-51.80322
2023-11-17 13:01:37.063950,-59.6759
2023-11-17 13:01:37.079580,-64.85315
2023-11-17 13:01:37.095200,-69.31677
2023-11-17 13:01:37.110830,-74.96094
2023-11-17 13:01:37.126460,-82.94458
2023-11-17 13:01:37.142080,-93.5719
2023-11-17 13:01:37.157710,-106.1331
2023-11-17 13:01:37.173330,-118.9692
2023-11-17 13:01:37.188960,-129.6759
2023-11-17 13:01:37.204580,-135.5096
2023-11-17 13:01:37.220210,-134.1259
2023-11-17 13:01:37.235840,-124.1713
2023-11-17 13:01:37.251460,-105.9661
2023-11-17 13:01:37.267090,-81.40039
2023-11-17 13:01:37.282710,-53.61609
2023-11-17 13:01:37.298340,-26.14355
2023-11-17 13:01:37.313960,-2.11377
2023-11-17 13:01:37.329590,16.14563
2023-11-17 13:01:37.345220,27.35303
2023-11-17 13:01:37.360840,31.01794
2023-11-17 13:01:37.376470,27.41956
2023-11-17 13:01:37.392090,17.50452
2023-11-17 13:01:37.407720,3.066162
2023-11-17 13:01:37.423340,-13.46619
2023-11-17 13:01:37.438970,-29.40051
2023-11-17 13:01:37.454600,-42.4458
2023-11-17 13:01:37.470220,-51.49402
2023-11-17 13:01:37.485850,-56.91785
2023-11-17 13:01:37.501470,-60.33301
2023-11-17 13:01:37.517100,-63.71387
2023-11-17 13:01:37.532720,-68.50623
2023-11-17 13:01:37.548350,-74.74426
2023-11-17 13:01:37.563980,-80.94006
2023-11-17 13:01:37.579600,-84.57617
2023-11-17 13:01:37.595230,-82.8822
2023-11-17 13:01:37.610850,-73.98218
2023-11-17 13:01:37.626480,-57.68945
2023-11-17 13:01:37.642100,-35.6499
2023-11-17 13:01:37.657730,-10.81934
2023-11-17 13:01:37.673360,13.52185
2023-11-17 13:01:37.688980,34.95142
2023-11-17 13:01:37.704610,52.67114
2023-11-17 13:01:37.720230,67.45129
2023-11-17 13:01:37.735860,81.14441
2023-11-17 13:01:37.751480,95.50452
2023-11-17 13:01:37.767110,111.3564
2023-11-17 13:01:37.782740,128.1302
2023-11-17 13:01:37.798360,143.9288
2023-11-17 13:01:37.813990,156.2584
2023-11-17 13:01:37.829610,163.1584
2023-11-17 13:01:37.845240,164.3787
2023-11-17 13:01:37.860860,161.9192
2023-11-17 13:01:37.876490,160.0061
2023-11-17 13:01:37.892120,163.9384
2023-11-17 13:01:37.907740,178.0575
2023-11-17 13:01:37.923370,203.6682
2023-11-17 13:01:37.938990,237.8925
2023-11-17 13:01:37.954620,274.2668
2023-11-17 13:01:37.970240,305.2074
2023-11-17 13:01:37.985870,324.9014
2023-11-17 13:01:38.001500,331.7361
2023-11-17 13:01:38.017120,328.7959
2023-11-17 13:01:38.032750,322.1666
2023-11-17 13:01:38.048370,317.6785
2023-11-17 13:01:38.064000,317.8018
2023-11-17 13:01:38.079620,320.1652
2023-11-17 13:01:38.095250,318.7882
2023-11-17 13:01:38.110880,306.9558
2023-11-17 13:01:38.126500,280.328
2023-11-17 13:01:38.142130,238.9467
2023-11-17 13:01:38.157750,187.062
2023-11-17 13:01:38.173380,131.6125
2023-11-17 13:01:38.189010,79.7373
2023-11-17 13:01:38.204630,36.802
2023-11-17 13:01:38.220260,5.168091
2023-11-17 13:01:38.235880,-15.9032
2023-11-17 13:01:38.251510,-29.6969
2023-11-17 13:01:38.267130,-40.85986
2023-11-17 13:01:38.282760,-54.10791
2023-11-17 13:01:38.298390,-73.10144
2023-11-17 13:01:38.314010,-99.6355
2023-11-17 13:01:38.329640,-133.5614
2023-11-17 13:01:38.345260,-173.4972
2023-11-17 13:01:38.360890,-217.7725
2023-11-17 13:01:38.376510,-264.7704
2023-11-17 13:01:38.392140,-311.8627
2023-11-17 13:01:38.407770,-354.031
2023-11-17 13:01:38.423390,-383.2816
2023-11-17 13:01:38.439020,-389.9174
2023-11-17 13:01:38.454640,-365.9122
2023-11-17 13:01:38.470270,-308.6677
2023-11-17 13:01:38.485890,-223.3514
2023-11-17 13:01:38.501520,-122.1409
2023-11-17 13:01:38.517150,-20.81165
2023-11-17 13:01:38.532770,66.17505
2023-11-17 13:01:38.548400,129.678
2023-11-17 13:01:38.564020,167.6407
2023-11-17 13:01:38.579650,183.905
2023-11-17 13:01:38.595270,185.546
2023-11-17 13:01:38.610900,179.7888
2023-11-17 13:01:38.626530,171.8965
2023-11-17 13:01:38.642150,164.993
2023-11-17 13:01:38.657780,160.4728
2023-11-17 13:01:38.673400,159.1327
2023-11-17 13:01:38.689030,161.6026
2023-11-17 13:01:38.704650,168.5953
2023-11-17 13:01:38.720280,180.4528
2023-11-17 13:01:38.735910,196.5237
2023-11-17 13:01:38.751530,214.6736
2023-11-17 13:01:38.767160,231.4694
2023-11-17 13:01:38.782780,243.0145
2023-11-17 13:01:38.798410,245.8887
2023-11-17 13:01:38.814030,237.9111
2023-11-17 13:01:38.829660,218.096
2023-11-17 13:01:38.845290,186.0807
2023-11-17 13:01:38.860910,141.5986
2023-11-17 13:01:38.876540,84.89288
2023-11-17 13:01:38.892160,18.3501
2023-11-17 13:01:38.907790,-52.13074
2023-11-17 13:01:38.923410,-117.139
2023-11-17 13:01:38.939040,-166.5111
2023-11-17 13:01:38.954670,-193.6687
2023-11-17 13:01:38.970290,-199.0944
2023-11-17 13:01:38.985920,-190.6439
2023-11-17 13:01:39.001540,-179.5833
2023-11-17 13:01:39.017170,-174.9266
2023-11-17 13:01:39.032790,-179.1587
2023-11-17 13:01:39.048420,-188.2961
2023-11-17 13:01:39.064050,-195.5526
2023-11-17 13:01:39.079670,-196.1724
2023-11-17 13:01:39.095300,-189.9731
2023-11-17 13:01:39.110920,-180.2552
2023-11-17 13:01:39.126550,-170.9606
2023-11-17 13:01:39.142170,-164.1369
2023-11-17 13:01:39.157800,-159.9946
2023-11-17 13:01:39.173430,-158.4631
2023-11-17 13:01:39.189050,-160.8455
2023-11-17 13:01:39.204680,-169.1256
2023-11-17 13:01:39.220300,-183.6919
2023-11-17 13:01:39.235930,-201.3379
2023-11-17 13:01:39.251550,-215.3168
2023-11-17 13:01:39.267180,-218.2552
2023-11-17 13:01:39.282810,-205.6936
2023-11-17 13:01:39.298430,-178.2977
2023-11-17 13:01:39.314060,-140.8851
2023-11-17 13:01:39.329680,-99.86618
2023-11-17 13:01:39.345310,-60.18143
2023-11-17 13:01:39.360930,-24.04388
2023-11-17 13:01:39.376560,8.402069
2023-11-17 13:01:39.392190,37.95709
2023-11-17 13:01:39.407810,65.19464
2023-11-17 13:01:39.423440,90.49628
2023-11-17 13:01:39.439060,114.2949
2023-11-17 13:01:39.454690,136.9535
2023-11-17 13:01:39.470310,158.2826
2023-11-17 13:01:39.485940,177.2806
2023-11-17 13:01:39.501570,192.561
2023-11-17 13:01:39.517190,203.2582
2023-11-17 13:01:39.532820,210.2278
2023-11-17 13:01:39.548440,215.6751
2023-11-17 13:01:39.564070,221.964
2023-11-17 13:01:39.579690,229.7975
2023-11-17 13:01:39.595320,237.1521
2023-11-17 13:01:39.610950,239.8224
2023-11-17 13:01:39.626570,233.5049
2023-11-17 13:01:39.642200,215.7497
2023-11-17 13:01:39.657820,186.7592
2023-11-17 13:01:39.673450,148.7545
2023-11-17 13:01:39.689070,104.397
2023-11-17 13:01:39.704700,55.69516
2023-11-17 13:01:39.720330,4.086792
2023-11-17 13:01:39.735950,-48.58441
2023-11-17 13:01:39.751580,-99.23337
2023-11-17 13:01:39.767200,-143.5992
2023-11-17 13:01:39.782830,-177.5643
2023-11-17 13:01:39.798450,-198.8026
2023-11-17 13:01:39.814080,-207.5727
2023-11-17 13:01:39.829710,-206.8597
2023-11-17 13:01:39.845330,-201.2644
2023-11-17 13:01:39.860960,-195.6735
2023-11-17 13:01:39.876580,-194.2363
2023-11-17 13:01:39.892210,-199.4978
2023-11-17 13:01:39.907830,-212.0891
2023-11-17 13:01:39.923460,-230.7388
2023-11-17 13:01:39.939090,-252.6382
2023-11-17 13:01:39.954710,-274.2898
2023-11-17 13:01:39.970340,-292.7661
2023-11-17 13:01:39.985960,-306.5482
2023-11-17 13:01:40.001590,-315.6519
2023-11-17 13:01:40.017210,-321.1221
2023-11-17 13:01:40.032840,-323.9731
2023-11-17 13:01:40.048470,-324.2405
2023-11-17 13:01:40.064090,-320.8345
2023-11-17 13:01:40.079720,-312.0562
2023-11-17 13:01:40.095340,-296.4644
2023-11-17 13:01:40.110970,-274.1401
2023-11-17 13:01:40.126590,-246.8595
2023-11-17 13:01:40.142220,-217.6252
2023-11-17 13:01:40.157850,-189.3707
2023-11-17 13:01:40.173470,-163.7623
2023-11-17 13:01:40.189100,-140.3811
2023-11-17 13:01:40.204720,-116.9998
2023-11-17 13:01:40.220350,-90.7731
2023-11-17 13:01:40.235970,-59.60666
2023-11-17 13:01:40.251600,-23.39102
2023-11-17 13:01:40.267230,15.93405
2023-11-17 13:01:40.282850,54.9982
2023-11-17 13:01:40.298480,89.80719
2023-11-17 13:01:40.314100,116.341
2023-11-17 13:01:40.329730,130.596
2023-11-17 13:01:40.345350,129.2576
2023-11-17 13:01:40.360980,110.6066
2023-11-17 13:01:40.376610,75.95654
2023-11-17 13:01:40.392230,30.3222
2023-11-17 13:01:40.407860,-18.10321
2023-11-17 13:01:40.423480,-60.07196
2023-11-17 13:01:40.439110,-87.97137
2023-11-17 13:01:40.454740,-97.6658
2023-11-17 13:01:40.470360,-89.14294
2023-11-17 13:01:40.485990,-65.41452
2023-11-17 13:01:40.501610,-30.96924
2023-11-17 13:01:40.517240,9.816376
2023-11-17 13:01:40.532860,52.78326
2023-11-17 13:01:40.548490,93.91385
2023-11-17 13:01:40.564120,129.4444
2023-11-17 13:01:40.579740,156.3422
2023-11-17 13:01:40.595370,173.2227
2023-11-17 13:01:40.610990,180.7894
2023-11-17 13:01:40.626620,181.7534
2023-11-17 13:01:40.642240,180.0654
2023-11-17 13:01:40.657870,179.8711
2023-11-17 13:01:40.673500,184.3642
2023-11-17 13:01:40.689120,195.1706
2023-11-17 13:01:40.704750,212.0422
2023-11-17 13:01:40.720370,232.8723
2023-11-17 13:01:40.736000,254.0617
2023-11-17 13:01:40.751620,271.323
2023-11-17 13:01:40.767250,280.793
2023-11-17 13:01:40.782880,280.097
2023-11-17 13:01:40.798500,268.8668
2023-11-17 13:01:40.814130,248.8909
2023-11-17 13:01:40.829750,223.4987
2023-11-17 13:01:40.845380,196.6854
2023-11-17 13:01:40.861000,172.0588
2023-11-17 13:01:40.876630,152.0139
2023-11-17 13:01:40.892260,137.2494
2023-11-17 13:01:40.907880,127.0018
2023-11-17 13:01:40.923510,119.5294
2023-11-17 13:01:40.939130,112.7877
2023-11-17 13:01:40.954760,105.3917
2023-11-17 13:01:40.970380,96.90997
2023-11-17 13:01:40.986010,87.77655
2023-11-17 13:01:41.001640,78.64465
2023-11-17 13:01:41.017260,69.95776
2023-11-17 13:01:41.032890,61.53424
2023-11-17 13:01:41.048510,52.72961
2023-11-17 13:01:41.064140,42.98444
2023-11-17 13:01:41.079760,32.41541
2023-11-17 13:01:41.095390,21.95978
2023-11-17 13:01:41.111020,12.90082
2023-11-17 13:01:41.126640,6.038269
2023-11-17 13:01:41.142270,1.188812
2023-11-17 13:01:41.157890,-2.682098
2023-11-17 13:01:41.173520,-6.896484
2023-11-17 13:01:41.189140,-12.25165
2023-11-17 13:01:41.204770,-18.59592
2023-11-17 13:01:41.220400,-24.94299
2023-11-17 13:01:41.236020,-30.11819
2023-11-17 13:01:41.251650,-33.41507
2023-11-17 13:01:41.267270,-34.9635
2023-11-17 13:01:41.282900,-35.38742
2023-11-17 13:01:41.298520,-35.18857
2023-11-17 13:01:41.314150,-34.30936
2023-11-17 13:01:41.329780,-32.18396
2023-11-17 13:01:41.345400,-28.30637
2023-11-17 13:01:41.361030,-22.89417
2023-11-17 13:01:41.376650,-17.10565
2023-11-17 13:01:41.392280,-12.53604
2023-11-17 13:01:41.407900,-10.27808
2023-11-17 13:01:41.423530,-10.18079
2023-11-17 13:01:41.439160,-10.95102
2023-11-17 13:01:41.454780,-10.90851
2023-11-17 13:01:41.470410,-9.044922
2023-11-17 13:01:41.486030,-5.42041
2023-11-17 13:01:41.501660,-1.013947
2023-11-17 13:01:41.517280,3.097488
2023-11-17 13:01:41.532910,6.237869
2023-11-17 13:01:41.548540,8.411087
2023-11-17 13:01:41.564160,10.10071
2023-11-17 13:01:41.579790,11.77458
2023-11-17 13:01:41.595410,13.55325
2023-11-17 13:01:41.611040,15.13921
2023-11-17 13:01:41.626660,16.10835
2023-11-17 13:01:41.642290,16.13091
2023-11-17 13:01:41.657920,15.13025
2023-11-17 13:01:41.673540,13.18443
2023-11-17 13:01:41.689170,10.34737
2023-11-17 13:01:41.704790,6.643051
2023-11-17 13:01:41.720420,2.212753
2023-11-17 13:01:41.736040,-2.630257
2023-11-17 13:01:41.751670,-7.361702
2023-11-17 13:01:41.767300,-11.48726
2023-11-17 13:01:41.782920,-14.77825
2023-11-17 13:01:41.798550,-17.26411
2023-11-17 13:01:41.814170,-19.23019
2023-11-17 13:01:41.829800,-20.92139
2023-11-17 13:01:41.845420,-22.45877
2023-11-17 13:01:41.861050,-23.74835
2023-11-17 13:01:41.876680,-24.68872
2023-11-17 13:01:41.892300,-25.29422
2023-11-17 13:01:41.907930,-25.74949
2023-11-17 13:01:41.923550,-26.36445
2023-11-17 13:01:41.939180,-27.27843
2023-11-17 13:01:41.954800,-28.35405
2023-11-17 13:01:41.970430,-29.31128
2023-11-17 13:01:41.986060,-29.87721
2023-11-17 13:01:42.001680,-29.98267
2023-11-17 13:01:42.017310,-29.85023
2023-11-17 13:01:42.032930,-29.78397
2023-11-17 13:01:42.048560,-30.02628
2023-11-17 13:01:42.064180,-30.58562
2023-11-17 13:01:42.079810,-31.26137
2023-11-17 13:01:42.095440,-31.73918
2023-11-17 13:01:42.111060,-31.76997
2023-11-17 13:01:42.126690,-31.18452
2023-11-17 13:01:42.142310,-29.90404
2023-11-17 13:01:42.157940,-28.0399
2023-11-17 13:01:42.173560,-25.82816
2023-11-17 13:01:42.189190,-23.62003
2023-11-17 13:01:42.204820,-21.77037
2023-11-17 13:01:42.220440,-20.44655
2023-11-17 13:01:42.236070,-19.61938
2023-11-17 13:01:42.251690,-19.07713
2023-11-17 13:01:42.267320,-18.63109
2023-11-17 13:01:42.282940,-18.29613
2023-11-17 13:01:42.298570,-18.28163
2023-11-17 13:01:42.314200,-18.89182
2023-11-17 13:01:42.329820,-20.17203
2023-11-17 13:01:42.345450,-21.89272
2023-11-17 13:01:42.361070,-23.53442
2023-11-17 13:01:42.376700,-24.57599
2023-11-17 13:01:42.392320,-24.81924
2023-11-17 13:01:42.407950,-24.43365
2023-11-17 13:01:42.423580,-23.87109
2023-11-17 13:01:42.439200,-23.57251
2023-11-17 13:01:42.454830,-23.74976
2023-11-17 13:01:42.470450,-24.25342
2023-11-17 13:01:42.486080,-24.72495
2023-11-17 13:01:42.501700,-24.73694
2023-11-17 13:01:42.517330,-24.02704
2023-11-17 13:01:42.532960,-22.58771
2023-11-17 13:01:42.548580,-20.61166
2023-11-17 13:01:42.564210,-18.3107
2023-11-17 13:01:42.579830,-15.83493
2023-11-17 13:01:42.595460,-13.17929
2023-11-17 13:01:42.611080,-10.22888
2023-11-17 13:01:42.626710,-6.858063
2023-11-17 13:01:42.642340,-3.025757
2023-11-17 13:01:42.657960,1.106812
2023-11-17 13:01:42.673590,5.130737
2023-11-17 13:01:42.689210,8.545593
2023-11-17 13:01:42.704840,10.89273
2023-11-17 13:01:42.720460,12.04401
2023-11-17 13:01:42.736090,12.27634
2023-11-17 13:01:42.751720,12.26526
2023-11-17 13:01:42.767340,12.81018
2023-11-17 13:01:42.782970,14.53015
2023-11-17 13:01:42.798590,17.60306
2023-11-17 13:01:42.814220,21.68512
2023-11-17 13:01:42.829840,26.17401
2023-11-17 13:01:42.845470,30.39194
2023-11-17 13:01:42.861100,33.94901
2023-11-17 13:01:42.876720,36.78665
2023-11-17 13:01:42.892350,39.2178
2023-11-17 13:01:42.907970,41.70023
2023-11-17 13:01:42.923600,44.63138
2023-11-17 13:01:42.939220,48.20068
2023-11-17 13:01:42.954850,52.27032
2023-11-17 13:01:42.970480,56.44727
2023-11-17 13:01:42.986100,60.21228
2023-11-17 13:01:43.001730,63.11383
2023-11-17 13:01:43.017350,64.89685
2023-11-17 13:01:43.032980,65.58337
2023-11-17 13:01:43.048610,65.4007
2023-11-17 13:01:43.064230,64.6828
2023-11-17 13:01:43.079860,63.73236
2023-11-17 13:01:43.095480,62.66492
2023-11-17 13:01:43.111110,61.32428
2023-11-17 13:01:43.126730,59.40735
2023-11-17 13:01:43.142360,56.70184
2023-11-17 13:01:43.157990,53.33459
2023-11-17 13:01:43.173610,49.80212
2023-11-17 13:01:43.189240,46.98401
2023-11-17 13:01:43.204860,45.70294
2023-11-17 13:01:43.220490,46.31934
2023-11-17 13:01:43.236110,48.39063
2023-11-17 13:01:43.251740,50.51135
2023-11-17 13:01:43.267370,50.5647
2023-11-17 13:01:43.282990,46.25012
2023-11-17 13:01:43.298620,35.82971
2023-11-17 13:01:43.314240,18.65027
2023-11-17 13:01:43.329870,-4.321045
2023-11-17 13:01:43.345490,-30.64612
2023-11-17 13:01:43.361120,-56.83533
2023-11-17 13:01:43.376750,-79.18158
2023-11-17 13:01:43.392370,-94.63947
2023-11-17 13:01:43.408000,-101.4039
2023-11-17 13:01:43.423620,-99.11713
2023-11-17 13:01:43.439250,-88.60309
2023-11-17 13:01:43.454870,-71.57739
2023-11-17 13:01:43.470500,-50.23969
2023-11-17 13:01:43.486130,-27.24951
2023-11-17 13:01:43.501750,-5.593201
2023-11-17 13:01:43.517380,11.68982
2023-11-17 13:01:43.533000,22.27777
2023-11-17 13:01:43.548630,25.43549
2023-11-17 13:01:43.564250,22.7204
2023-11-17 13:01:43.579880,17.57819
2023-11-17 13:01:43.595510,13.93433
2023-11-17 13:01:43.611130,14.46051
2023-11-17 13:01:43.626760,19.12793
2023-11-17 13:01:43.642380,25.24969
2023-11-17 13:01:43.658010,28.86816
2023-11-17 13:01:43.673630,26.82037
2023-11-17 13:01:43.689260,18.40393
2023-11-17 13:01:43.704890,5.654419
2023-11-17 13:01:43.720510,-8.064087
2023-11-17 13:01:43.736140,-19.91895
2023-11-17 13:01:43.751760,-28.89587
2023-11-17 13:01:43.767390,-35.78259
2023-11-17 13:01:43.783010,-42.1095
2023-11-17 13:01:43.798640,-48.89697
2023-11-17 13:01:43.814270,-56.32056
2023-11-17 13:01:43.829890,-64.10254
2023-11-17 13:01:43.845520,-72.28943
2023-11-17 13:01:43.861140,-81.63013
2023-11-17 13:01:43.876770,-93.19861
2023-11-17 13:01:43.892390,-107.506
2023-11-17 13:01:43.908020,-123.942
2023-11-17 13:01:43.923650,-140.9779
2023-11-17 13:01:43.939270,-156.9481
2023-11-17 13:01:43.954900,-170.9771
2023-11-17 13:01:43.970520,-183.0397
2023-11-17 13:01:43.986150,-193.5278
2023-11-17 13:01:44.001770,-202.5313
2023-11-17 13:01:44.017400,-209.6992
2023-11-17 13:01:44.033030,-214.4897
2023-11-17 13:01:44.048650,-216.7571
2023-11-17 13:01:44.064280,-216.8844
2023-11-17 13:01:44.079900,-215.353
2023-11-17 13:01:44.095530,-212.5154
2023-11-17 13:01:44.111150,-208.1945
2023-11-17 13:01:44.126780,-202.1135
2023-11-17 13:01:44.142410,-194.244
2023-11-17 13:01:44.158030,-185.0778
2023-11-17 13:01:44.173660,-175.4502
2023-11-17 13:01:44.189280,-166.2439
2023-11-17 13:01:44.204910,-157.9067
2023-11-17 13:01:44.220530,-150.458
2023-11-17 13:01:44.236160,-143.8389
2023-11-17 13:01:44.251790,-138.0404
2023-11-17 13:01:44.267410,-133.1095
2023-11-17 13:01:44.283040,-128.8143
2023-11-17 13:01:44.298660,-124.2892
2023-11-17 13:01:44.314290,-118.3495
2023-11-17 13:01:44.329910,-110.2321
2023-11-17 13:01:44.345540,-100.2434
2023-11-17 13:01:44.361170,-89.73718
2023-11-17 13:01:44.376790,-80.49609
2023-11-17 13:01:44.392420,-73.729
2023-11-17 13:01:44.408040,-69.3866
2023-11-17 13:01:44.423670,-66.26392
2023-11-17 13:01:44.439290,-62.66711
2023-11-17 13:01:44.454920,-57.35785
2023-11-17 13:01:44.470550,-50.30878
2023-11-17 13:01:44.486170,-42.39618
2023-11-17 13:01:44.501800,-34.62976
2023-11-17 13:01:44.517420,-27.40442
2023-11-17 13:01:44.533050,-20.07263
2023-11-17 13:01:44.548670,-11.22424
2023-11-17 13:01:44.564300,0.5634766
2023-11-17 13:01:44.579930,16.04443
2023-11-17 13:01:44.595550,34.89502
2023-11-17 13:01:44.611180,55.83362
2023-11-17 13:01:44.626800,77.13959
2023-11-17 13:01:44.642430,97.24146
2023-11-17 13:01:44.658050,115.0483
2023-11-17 13:01:44.673680,130.1889
2023-11-17 13:01:44.689310,142.8022
2023-11-17 13:01:44.704930,153.3798
2023-11-17 13:01:44.720560,162.4399
2023-11-17 13:01:44.736180,170.2847
2023-11-17 13:01:44.751810,176.949
2023-11-17 13:01:44.767430,182.3224
2023-11-17 13:01:44.783060,186.3162
2023-11-17 13:01:44.798690,188.9523
2023-11-17 13:01:44.814310,190.3763
2023-11-17 13:01:44.829940,190.7031
2023-11-17 13:01:44.845560,189.8276
2023-11-17 13:01:44.861190,187.3435
2023-11-17 13:01:44.876810,182.7203
2023-11-17 13:01:44.892440,175.5566
2023-11-17 13:01:44.908070,165.8871
2023-11-17 13:01:44.923690,154.3085
2023-11-17 13:01:44.939320,141.7886
2023-11-17 13:01:44.954940,129.5259
2023-11-17 13:01:44.970570,118.4764
2023-11-17 13:01:44.986190,109.2056
2023-11-17 13:01:45.001820,101.7878
2023-11-17 13:01:45.017450,95.93005
2023-11-17 13:01:45.033070,91.17072
2023-11-17 13:01:45.048700,87.01752
2023-11-17 13:01:45.064320,83.04266
2023-11-17 13:01:45.079950,78.88257
2023-11-17 13:01:45.095570,74.3573
2023-11-17 13:01:45.111200,69.44543
2023-11-17 13:01:45.126830,64.4043
2023-11-17 13:01:45.142450,59.68103
2023-11-17 13:01:45.158080,55.56561
2023-11-17 13:01:45.173700,51.93451
2023-11-17 13:01:45.189330,48.2486
2023-11-17 13:01:45.204950,44.14362
2023-11-17 13:01:45.220580,40.0791
2023-11-17 13:01:45.236210,37.70819
2023-11-17 13:01:45.251830,39.40881
2023-11-17 13:01:45.267460,47.16956
2023-11-17 13:01:45.283080,61.53149
2023-11-17 13:01:45.298710,81.49841
2023-11-17 13:01:45.314340,105.4769
2023-11-17 13:01:45.329960,132.6176
2023-11-17 13:01:45.345590,163.3895
2023-11-17 13:01:45.361210,198.4837
2023-11-17 13:01:45.376840,237.0792
2023-11-17 13:01:45.392460,275.5209
2023-11-17 13:01:45.408090,307.6172
2023-11-17 13:01:45.423720,326.8821
2023-11-17 13:01:45.439340,329.0095
2023-11-17 13:01:45.454970,313.3832
2023-11-17 13:01:45.470590,282.5732
2023-11-17 13:01:45.486220,240.7814
2023-11-17 13:01:45.501840,192.3544
2023-11-17 13:01:45.517470,141.331
2023-11-17 13:01:45.533100,91.80939
2023-11-17 13:01:45.548720,47.85168
2023-11-17 13:01:45.564350,12.71387
2023-11-17 13:01:45.579970,-12.6001
2023-11-17 13:01:45.595600,-30.06433
2023-11-17 13:01:45.611220,-43.9939
2023-11-17 13:01:45.626850,-58.97766
2023-11-17 13:01:45.642480,-77.75995
2023-11-17 13:01:45.658100,-100.2593
2023-11-17 13:01:45.673730,-124.3142
2023-11-17 13:01:45.689350,-147.3442
2023-11-17 13:01:45.704980,-167.6233
2023-11-17 13:01:45.720600,-184.5081
2023-11-17 13:01:45.736230,-197.8627
2023-11-17 13:01:45.751860,-207.3301
2023-11-17 13:01:45.767480,-212.3778
2023-11-17 13:01:45.783110,-212.8843
2023-11-17 13:01:45.798730,-209.5746
2023-11-17 13:01:45.814360,-203.7733
2023-11-17 13:01:45.829980,-196.5172
2023-11-17 13:01:45.845610,-187.8165
2023-11-17 13:01:45.861240,-176.761
2023-11-17 13:01:45.876860,-162.4034
2023-11-17 13:01:45.892490,-144.8258
2023-11-17 13:01:45.908110,-125.5033
2023-11-17 13:01:45.923740,-106.6285
2023-11-17 13:01:45.939360,-89.82861
2023-11-17 13:01:45.954990,-75.38232
2023-11-17 13:01:45.970620,-62.34961
2023-11-17 13:01:45.986240,-49.80017
2023-11-17 13:01:46.001870,-37.9408
2023-11-17 13:01:46.017490,-28.58545
2023-11-17 13:01:46.033120,-23.89453
2023-11-17 13:01:46.048740,-24.69031
2023-11-17 13:01:46.064370,-29.34216
2023-11-17 13:01:46.080000,-34.04761
2023-11-17 13:01:46.095620,-34.57654
2023-11-17 13:01:46.111250,-28.36426
2023-11-17 13:01:46.126870,-16.08191
2023-11-17 13:01:46.142500,-1.40625
2023-11-17 13:01:46.158120,10.27161
2023-11-17 13:01:46.173750,14.08105
2023-11-17 13:01:46.189380,7.27124
2023-11-17 13:01:46.205000,-10.08655
2023-11-17 13:01:46.220630,-35.80383
2023-11-17 13:01:46.236250,-67.20947
2023-11-17 13:01:46.251880,-102.7294
2023-11-17 13:01:46.267500,-142.6984
2023-11-17 13:01:46.283130,-188.3177
2023-11-17 13:01:46.298760,-239.9042
2023-11-17 13:01:46.314380,-294.8701
2023-11-17 13:01:46.330010,-347.4391
2023-11-17 13:01:46.345630,-389.9949
2023-11-17 13:01:46.361260,-415.6531
2023-11-17 13:01:46.376880,-421.0377
2023-11-17 13:01:46.392510,-407.0126
2023-11-17 13:01:46.408140,-378.1924
2023-11-17 13:01:46.423760,-340.936
2023-11-17 13:01:46.439390,-301.8048
2023-11-17 13:01:46.455010,-266.2534
2023-11-17 13:01:46.470640,-238.6541
2023-11-17 13:01:46.486260,-222.4419
2023-11-17 13:01:46.501890,-219.9927
2023-11-17 13:01:46.517520,-232.142
2023-11-17 13:01:46.533140,-256.8292
2023-11-17 13:01:46.548770,-289.5203
2023-11-17 13:01:46.564390,-323.8521
2023-11-17 13:01:46.580020,-354.4152
2023-11-17 13:01:46.595640,-377.3372
2023-11-17 13:01:46.611270,-390.5435
2023-11-17 13:01:46.626900,-392.6211
2023-11-17 13:01:46.642520,-382.017
2023-11-17 13:01:46.658150,-356.9902
2023-11-17 13:01:46.673770,-315.8934
2023-11-17 13:01:46.689400,-259.0431
2023-11-17 13:01:46.705020,-189.0421
2023-11-17 13:01:46.720650,-112.2834
2023-11-17 13:01:46.736280,-36.41608
2023-11-17 13:01:46.751900,31.42126
2023-11-17 13:01:46.767530,87.05231
2023-11-17 13:01:46.783150,129.6185
2023-11-17 13:01:46.798780,160.6597
2023-11-17 13:01:46.814400,183.3887
2023-11-17 13:01:46.830030,200.6176
2023-11-17 13:01:46.845660,215.0604
2023-11-17 13:01:46.861280,227.5573
2023-11-17 13:01:46.876910,238.223
2023-11-17 13:01:46.892530,245.9159
2023-11-17 13:01:46.908160,249.2133
2023-11-17 13:01:46.923780,246.0234
2023-11-17 13:01:46.939410,234.0208
2023-11-17 13:01:46.955040,212.4166
2023-11-17 13:01:46.970660,181.7656
2023-11-17 13:01:46.986290,157.9105
2023-11-17 13:01:47.001910,154.9553
2023-11-17 13:01:47.017540,178.9145
2023-11-17 13:01:47.033160,221.6972
2023-11-17 13:01:47.048790,268.2067
2023-11-17 13:01:47.064420,306.2556
2023-11-17 13:01:47.080040,328.1862
2023-11-17 13:01:47.095670,341.4115
2023-11-17 13:01:47.111290,353.0043
2023-11-17 13:01:47.126920,365.5472
2023-11-17 13:01:47.142540,375.8374
2023-11-17 13:01:47.158170,378.9065
2023-11-17 13:01:47.173800,368.3516
2023-11-17 13:01:47.189420,342.2554
2023-11-17 13:01:47.205050,302.7214
2023-11-17 13:01:47.220670,254.1733
2023-11-17 13:01:47.236300,202.1306
2023-11-17 13:01:47.251920,150.4069
2023-11-17 13:01:47.267550,101.1692
2023-11-17 13:01:47.283180,55.35855
2023-11-17 13:01:47.298800,19.82722
2023-11-17 13:01:47.314430,1.846405
2023-11-17 13:01:47.330050,3.84166
2023-11-17 13:01:47.345680,19.35736
2023-11-17 13:01:47.361300,38.25072
2023-11-17 13:01:47.376930,51.11308
2023-11-17 13:01:47.392560,60.23016
2023-11-17 13:01:47.408180,69.56255
2023-11-17 13:01:47.423810,80.97397
2023-11-17 13:01:47.439430,96.55966
2023-11-17 13:01:47.455060,109.524
2023-11-17 13:01:47.470690,113.6523
2023-11-17 13:01:47.486310,106.4317
2023-11-17 13:01:47.501940,89.37558
2023-11-17 13:01:47.517560,69.48104
2023-11-17 13:01:47.533190,56.6382
2023-11-17 13:01:47.548810,58.62818
2023-11-17 13:01:47.564440,77.35858
2023-11-17 13:01:47.580070,107.2903
2023-11-17 13:01:47.595690,135.802
2023-11-17 13:01:47.611320,150.3917
2023-11-17 13:01:47.626940,144.3949
2023-11-17 13:01:47.642570,120.4157
2023-11-17 13:01:47.658190,88.94582
2023-11-17 13:01:47.673820,62.20576
2023-11-17 13:01:47.689450,47.07927
2023-11-17 13:01:47.705070,43.27516
2023-11-17 13:01:47.720700,45.28682
2023-11-17 13:01:47.736320,46.26321
2023-11-17 13:01:47.751950,43.4344
2023-11-17 13:01:47.767570,39.07048
2023-11-17 13:01:47.783200,38.71786
2023-11-17 13:01:47.798830,48.23384
2023-11-17 13:01:47.814450,70.71693
2023-11-17 13:01:47.830080,104.9164
2023-11-17 13:01:47.845700,146.4556
2023-11-17 13:01:47.861330,189.1468
2023-11-17 13:01:47.876950,225.6115
2023-11-17 13:01:47.892580,248.9158
2023-11-17 13:01:47.908210,253.3907
2023-11-17 13:01:47.923830,236.2647
2023-11-17 13:01:47.939460,198.5835
2023-11-17 13:01:47.955080,144.9305
2023-11-17 13:01:47.970710,81.50082
2023-11-17 13:01:47.986330,14.05511
2023-11-17 13:01:48.001960,-53.47729
2023-11-17 13:01:48.017590,-119.3348
2023-11-17 13:01:48.033210,-182.5843
2023-11-17 13:01:48.048840,-241.9603
2023-11-17 13:01:48.064460,-295.3666
2023-11-17 13:01:48.080090,-340.4511
2023-11-17 13:01:48.095710,-374.9986
2023-11-17 13:01:48.111340,-397.3387
2023-11-17 13:01:48.126970,-406.5717
2023-11-17 13:01:48.142590,-402.6919
2023-11-17 13:01:48.158220,-387.2227
2023-11-17 13:01:48.173840,-363.2705
2023-11-17 13:01:48.189470,-335.4572
2023-11-17 13:01:48.205090,-308.5148
2023-11-17 13:01:48.220720,-285.8724
2023-11-17 13:01:48.236350,-268.2753
2023-11-17 13:01:48.251970,-253.6088
2023-11-17 13:01:48.267600,-238.5261
2023-11-17 13:01:48.283220,-220.3869
2023-11-17 13:01:48.298850,-199.0585
2023-11-17 13:01:48.314470,-176.7347
2023-11-17 13:01:48.330100,-156.2971
2023-11-17 13:01:48.345730,-139.1479
2023-11-17 13:01:48.361350,-124.1303
2023-11-17 13:01:48.376980,-107.8458
2023-11-17 13:01:48.392600,-86.78799
2023-11-17 13:01:48.408230,-59.79065
2023-11-17 13:01:48.423850,-28.72931
2023-11-17 13:01:48.439480,2.239929
2023-11-17 13:01:48.455110,28.96857
2023-11-17 13:01:48.470730,49.4996
2023-11-17 13:01:48.486360,65.07629
2023-11-17 13:01:48.501980,78.68704
2023-11-17 13:01:48.517610,92.96368
2023-11-17 13:01:48.533230,108.3333
2023-11-17 13:01:48.548860,122.6412
2023-11-17 13:01:48.564490,132.7822
2023-11-17 13:01:48.580110,136.4454
2023-11-17 13:01:48.595740,133.34
2023-11-17 13:01:48.611360,125.3609
2023-11-17 13:01:48.626990,115.5784
2023-11-17 13:01:48.642610,106.8379
2023-11-17 13:01:48.658240,100.7152
2023-11-17 13:01:48.673870,97.14804
2023-11-17 13:01:48.689490,94.51865
2023-11-17 13:01:48.705120,90.76576
2023-11-17 13:01:48.720740,84.19904
2023-11-17 13:01:48.736370,74.24948
2023-11-17 13:01:48.751990,61.61203
2023-11-17 13:01:48.767620,47.56071
2023-11-17 13:01:48.783250,33.03008
2023-11-17 13:01:48.798870,17.93835
2023-11-17 13:01:48.814500,1.243011
2023-11-17 13:01:48.830120,-18.15359
2023-11-17 13:01:48.845750,-40.25238
2023-11-17 13:01:48.861370,-63.64465
2023-11-17 13:01:48.877000,-86.02631
2023-11-17 13:01:48.892630,-105.595
2023-11-17 13:01:48.908250,-122.4579
2023-11-17 13:01:48.923880,-138.8555
2023-11-17 13:01:48.939500,-158.1168
2023-11-17 13:01:48.955130,-182.9269
2023-11-17 13:01:48.970750,-213.6857
2023-11-17 13:01:48.986380,-248.1652
2023-11-17 13:01:49.002010,-282.4083
2023-11-17 13:01:49.017630,-312.3571
2023-11-17 13:01:49.033260,-335.0315
2023-11-17 13:01:49.048880,-349.1317
2023-11-17 13:01:49.064510,-354.4851
2023-11-17 13:01:49.080130,-351.0284
2023-11-17 13:01:49.095760,-338.1839
2023-11-17 13:01:49.111390,-314.7165
2023-11-17 13:01:49.127010,-279.2095
2023-11-17 13:01:49.142640,-230.8796
2023-11-17 13:01:49.158260,-170.3885
2023-11-17 13:01:49.173890,-100.3195
2023-11-17 13:01:49.189510,-25.37956
2023-11-17 13:01:49.205140,48.20062
2023-11-17 13:01:49.220770,113.8372
2023-11-17 13:01:49.236390,166.1588
2023-11-17 13:01:49.252020,202.6157
2023-11-17 13:01:49.267640,224.1315
2023-11-17 13:01:49.283270,234.8584
2023-11-17 13:01:49.298890,240.7065
2023-11-17 13:01:49.314520,247.2188
2023-11-17 13:01:49.330150,257.5285
2023-11-17 13:01:49.345770,272.0253
2023-11-17 13:01:49.361400,288.8932
2023-11-17 13:01:49.377020,305.5706
2023-11-17 13:01:49.392650,320.1371
2023-11-17 13:01:49.408270,331.5887
2023-11-17 13:01:49.423900,339.8694
2023-11-17 13:01:49.439530,345.5108
2023-11-17 13:01:49.455150,348.8029
2023-11-17 13:01:49.470780,349.457
2023-11-17 13:01:49.486400,346.6771
2023-11-17 13:01:49.502030,339.7534
2023-11-17 13:01:49.517650,328.3592
2023-11-17 13:01:49.533280,312.9643
2023-11-17 13:01:49.548910,294.0815
2023-11-17 13:01:49.564530,272.6065
2023-11-17 13:01:49.580160,250.1857
2023-11-17 13:01:49.595780,228.9761
2023-11-17 13:01:49.611410,211.2447
2023-11-17 13:01:49.627030,198.6935
2023-11-17 13:01:49.642660,192.2462
2023-11-17 13:01:49.658290,191.3699
2023-11-17 13:01:49.673910,194.4963
2023-11-17 13:01:49.689540,198.3039
2023-11-17 13:01:49.705160,199.5937
2023-11-17 13:01:49.720790,196.6934
2023-11-17 13:01:49.736410,189.8976
2023-11-17 13:01:49.752040,180.6885
2023-11-17 13:01:49.767670,170.4594
2023-11-17 13:01:49.783290,159.8802
2023-11-17 13:01:49.798920,147.9571
2023-11-17 13:01:49.814540,132.4997
2023-11-17 13:01:49.830170,109.2135
2023-11-17 13:01:49.845790,74.2757
2023-11-17 13:01:49.861420,26.38104
2023-11-17 13:01:49.877050,-31.97064
2023-11-17 13:01:49.892670,-94.74213
2023-11-17 13:01:49.908300,-153.7484
2023-11-17 13:01:49.923920,-200.3871
2023-11-17 13:01:49.939550,-232.0213
2023-11-17 13:01:49.955170,-244.9612
2023-11-17 13:01:49.970800,-242.5695
2023-11-17 13:01:49.986430,-234.9203
2023-11-17 13:01:50.002050,-232.0213
2023-11-17 13:01:50.017680,-237.5086
2023-11-17 13:01:50.033300,-247.9262
2023-11-17 13:01:50.048930,-260.1517
2023-11-17 13:01:50.064550,-272.0395
2023-11-17 13:01:50.080180,-282.8389
2023-11-17 13:01:50.095810,-291.6864
2023-11-17 13:01:50.111430,-297.6364
2023-11-17 13:01:50.127060,-295.7019
2023-11-17 13:01:50.142680,-280.2401
2023-11-17 13:01:50.158310,-247.0991
2023-11-17 13:01:50.173940,-196.4698
2023-11-17 13:01:50.189560,-134.572
2023-11-17 13:01:50.205190,-71.96303
2023-11-17 13:01:50.220810,-21.22179
2023-11-17 13:01:50.236440,7.595291
2023-11-17 13:01:50.252060,9.651535
2023-11-17 13:01:50.267690,-11.8566
2023-11-17 13:01:50.283320,-47.04442
2023-11-17 13:01:50.298940,-83.32875
2023-11-17 13:01:50.314570,-110.6957
2023-11-17 13:01:50.330190,-125.3601
2023-11-17 13:01:50.345820,-129.2462
2023-11-17 13:01:50.361440,-128.4826
2023-11-17 13:01:50.377070,-129.7348
2023-11-17 13:01:50.392700,-137.5693
2023-11-17 13:01:50.408320,-152.1899
2023-11-17 13:01:50.423950,-169.8312
2023-11-17 13:01:50.439570,-185.0058
2023-11-17 13:01:50.455200,-193.3356
2023-11-17 13:01:50.470820,-193.3694
2023-11-17 13:01:50.486450,-184.8675
2023-11-17 13:01:50.502080,-169.1129
2023-11-17 13:01:50.517700,-147.1725
2023-11-17 13:01:50.533330,-119.1767
2023-11-17 13:01:50.548950,-84.58075
2023-11-17 13:01:50.564580,-43.95444
2023-11-17 13:01:50.580200,-0.6640625
2023-11-17 13:01:50.595830,39.20157
2023-11-17 13:01:50.611460,69.31067
2023-11-17 13:01:50.627080,89.07895
2023-11-17 13:01:50.642710,101.3169
2023-11-17 13:01:50.658330,110.8201
2023-11-17 13:01:50.673960,121.828
2023-11-17 13:01:50.689580,135.9864
2023-11-17 13:01:50.705210,151.8809
2023-11-17 13:01:50.720840,166.0783
2023-11-17 13:01:50.736460,175.3754
2023-11-17 13:01:50.752090,178.5189
2023-11-17 13:01:50.767710,180.8453
2023-11-17 13:01:50.783340,186.136
2023-11-17 13:01:50.798960,194.9625
2023-11-17 13:01:50.814590,205.7481
2023-11-17 13:01:50.830220,217.8978
2023-11-17 13:01:50.845840,233.6713
2023-11-17 13:01:50.861470,257.6624
2023-11-17 13:01:50.877090,294.2792
2023-11-17 13:01:50.892720,345.0748
2023-11-17 13:01:50.908340,412.3948
2023-11-17 13:01:50.923970,490.0425
2023-11-17 13:01:50.939600,564.5457
2023-11-17 13:01:50.955220,620.2979
2023-11-17 13:01:50.970850,646.4082
2023-11-17 13:01:50.986470,640.6925
2023-11-17 13:01:51.002100,609.4083
2023-11-17 13:01:51.017720,563.5707
2023-11-17 13:01:51.033350,481.9754
2023-11-17 13:01:51.048980,364.7
2023-11-17 13:01:51.064600,228.0051
2023-11-17 13:01:51.080230,94.13022
2023-11-17 13:01:51.095850,-23.36356
2023-11-17 13:01:51.111480,-121.5849
2023-11-17 13:01:51.127100,-201.3878
2023-11-17 13:01:51.142730,-262.4693
2023-11-17 13:01:51.158360,-303.2532
2023-11-17 13:01:51.173980,-327.6245
2023-11-17 13:01:51.189610,-333.2621
2023-11-17 13:01:51.205230,-324.9204
2023-11-17 13:01:51.220860,-311.5208
2023-11-17 13:01:51.236480,-302.4196
2023-11-17 13:01:51.252110,-303.1962
2023-11-17 13:01:51.267740,-313.7465
2023-11-17 13:01:51.283360,-325.6988
2023-11-17 13:01:51.298990,-330.3747
2023-11-17 13:01:51.314610,-321.0129
2023-11-17 13:01:51.330240,-291.5412
2023-11-17 13:01:51.345860,-244.873
2023-11-17 13:01:51.361490,-190.0513
2023-11-17 13:01:51.377120,-137.2285
2023-11-17 13:01:51.392740,-92.58434
2023-11-17 13:01:51.408370,-56.806
2023-11-17 13:01:51.423990,-27.38995
2023-11-17 13:01:51.439620,-2.769073
2023-11-17 13:01:51.455240,16.25618
2023-11-17 13:01:51.470870,31.25218
2023-11-17 13:01:51.486500,39.83704
2023-11-17 13:01:51.502120,39.90744
2023-11-17 13:01:51.517750,31.57472
2023-11-17 13:01:51.533370,17.55994
2023-11-17 13:01:51.549000,2.351706
2023-11-17 13:01:51.564620,-9.862333
2023-11-17 13:01:51.580250,-17.63314
2023-11-17 13:01:51.595880,-22.21733
2023-11-17 13:01:51.611500,-25.03831
2023-11-17 13:01:51.627130,-28.38748
2023-11-17 13:01:51.642750,-33.47332
2023-11-17 13:01:51.658380,-40.2857
2023-11-17 13:01:51.674000,-48.03891
2023-11-17 13:01:51.689630,-54.52674
2023-11-17 13:01:51.705260,-58.22885
2023-11-17 13:01:51.720880,-59.96317
2023-11-17 13:01:51.736510,-62.48615
2023-11-17 13:01:51.752130,-68.65051
2023-11-17 13:01:51.767760,-80.57645
2023-11-17 13:01:51.783380,-98.20443
2023-11-17 13:01:51.799010,-119.7806
2023-11-17 13:01:51.814640,-142.5721
2023-11-17 13:01:51.830260,-163.6047
2023-11-17 13:01:51.845890,-178.5127
2023-11-17 13:01:51.861510,-185.4088
2023-11-17 13:01:51.877140,-186.5278
2023-11-17 13:01:51.892760,-187.4396
2023-11-17 13:01:51.908390,-193.9342
2023-11-17 13:01:51.924020,-208.7346
2023-11-17 13:01:51.939640,-230.7016
2023-11-17 13:01:51.955270,-255.2174
2023-11-17 13:01:51.970890,-275.642
2023-11-17 13:01:51.986520,-281.9385
2023-11-17 13:01:52.002140,-267.6283
2023-11-17 13:01:52.017770,-232.9652
2023-11-17 13:01:52.033400,-184.3063
2023-11-17 13:01:52.049020,-129.3927
2023-11-17 13:01:52.064650,-73.40571
2023-11-17 13:01:52.080270,-17.9146
2023-11-17 13:01:52.095900,38.60322
2023-11-17 13:01:52.111520,99.33237
2023-11-17 13:01:52.127150,172.1939
2023-11-17 13:01:52.142780,261.7749
2023-11-17 13:01:52.158400,365.2812
2023-11-17 13:01:52.174030,472.6023
2023-11-17 13:01:52.189650,570.8893
2023-11-17 13:01:52.205280,648.0697
2023-11-17 13:01:52.220900,694.0162
2023-11-17 13:01:52.236530,701.5491
2023-11-17 13:01:52.252160,639.1018
2023-11-17 13:01:52.267780,499.3668
2023-11-17 13:01:52.283410,310.4165
2023-11-17 13:01:52.299030,122.7054
2023-11-17 13:01:52.314660,-22.99228
2023-11-17 13:01:52.330290,-112.4951
2023-11-17 13:01:52.345910,-153.9281
2023-11-17 13:01:52.361540,-165.5449
2023-11-17 13:01:52.377160,-164.827
2023-11-17 13:01:52.392790,-162.4341
2023-11-17 13:01:52.408410,-156.6989
2023-11-17 13:01:52.424040,-144.1246
2023-11-17 13:01:52.439670,-123.9181
2023-11-17 13:01:52.455290,-101.7513
2023-11-17 13:01:52.470920,-85.17844
2023-11-17 13:01:52.486540,-79.04056
2023-11-17 13:01:52.502170,-83.31566
2023-11-17 13:01:52.517790,-93.30849
2023-11-17 13:01:52.533420,-101.9711
2023-11-17 13:01:52.549050,-99.25313
2023-11-17 13:01:52.564670,-79.46362
2023-11-17 13:01:52.580300,-43.94056
2023-11-17 13:01:52.595920,-0.2803612
2023-11-17 13:01:52.611550,41.68748
2023-11-17 13:01:52.627170,72.76788
2023-11-17 13:01:52.642800,85.96187
2023-11-17 13:01:52.658430,77.52296
2023-11-17 13:01:52.674050,47.35266
2023-11-17 13:01:52.689680,1.395554
2023-11-17 13:01:52.705300,-52.34333
2023-11-17 13:01:52.720930,-106.6355
2023-11-17 13:01:52.736550,-154.8253
2023-11-17 13:01:52.752180,-187.7079
2023-11-17 13:01:52.767810,-199.0798
2023-11-17 13:01:52.783430,-190.2838
2023-11-17 13:01:52.799060,-168.1087
2023-11-17 13:01:52.814680,-139.5866
2023-11-17 13:01:52.830310,-107.8347
2023-11-17 13:01:52.845930,-74.2965
2023-11-17 13:01:52.861560,-41.30481
2023-11-17 13:01:52.877190,-12.42944
2023-11-17 13:01:52.892810,8.203922
2023-11-17 13:01:52.908440,17.66281
2023-11-17 13:01:52.924060,16.14557
2023-11-17 13:01:52.939690,8.902325
2023-11-17 13:01:52.955310,2.536877
2023-11-17 13:01:52.970940,3.732334
2023-11-17 13:01:52.986570,16.0784
2023-11-17 13:01:53.002190,38.3329
2023-11-17 13:01:53.017820,65.54963
2023-11-17 13:01:53.033440,90.77107
2023-11-17 13:01:53.049070,108.0108
2023-11-17 13:01:53.064690,114.6442
2023-11-17 13:01:53.080320,112.3364
2023-11-17 13:01:53.095950,105.1019
2023-11-17 13:01:53.111570,96.82761
2023-11-17 13:01:53.127200,89.53206
2023-11-17 13:01:53.142820,79.94134
2023-11-17 13:01:53.158450,66.69463
2023-11-17 13:01:53.174070,49.77635
2023-11-17 13:01:53.189700,31.03933
2023-11-17 13:01:53.205330,13.9349
2023-11-17 13:01:53.220950,2.275698
2023-11-17 13:01:53.236580,-1.640656
2023-11-17 13:01:53.252200,2.002899
2023-11-17 13:01:53.267830,10.78526
2023-11-17 13:01:53.283450,21.26778
2023-11-17 13:01:53.299080,31.32668
2023-11-17 13:01:53.314710,40.35654
2023-11-17 13:01:53.330330,49.7093
2023-11-17 13:01:53.345960,62.0213
2023-11-17 13:01:53.361580,80.08149
2023-11-17 13:01:53.377210,105.3131
2023-11-17 13:01:53.392830,136.7432
2023-11-17 13:01:53.408460,170.5861
2023-11-17 13:01:53.424090,201.2221
2023-11-17 13:01:53.439710,223.34
2023-11-17 13:01:53.455340,232.9097
2023-11-17 13:01:53.470960,228.5003
2023-11-17 13:01:53.486590,211.3609
2023-11-17 13:01:53.502210,184.8992
2023-11-17 13:01:53.517840,153.2908
2023-11-17 13:01:53.533470,120.1844
2023-11-17 13:01:53.549090,87.95433
2023-11-17 13:01:53.564720,58.00526
2023-11-17 13:01:53.580340,31.93319
2023-11-17 13:01:53.595970,11.61044
2023-11-17 13:01:53.611590,-0.7897263
2023-11-17 13:01:53.627220,-3.837616
2023-11-17 13:01:53.642850,2.3853
2023-11-17 13:01:53.658470,15.85774
2023-11-17 13:01:53.674100,33.02472
2023-11-17 13:01:53.689720,49.60754
2023-11-17 13:01:53.705350,62.61319
2023-11-17 13:01:53.720970,71.5172
2023-11-17 13:01:53.736600,77.69627
2023-11-17 13:01:53.752230,83.16299
2023-11-17 13:01:53.767850,89.0874
2023-11-17 13:01:53.783480,95.20694
2023-11-17 13:01:53.799100,100.2626
2023-11-17 13:01:53.814730,102.5897
2023-11-17 13:01:53.830350,99.72971
2023-11-17 13:01:53.845980,90.85931
2023-11-17 13:01:53.861610,77.5903
2023-11-17 13:01:53.877230,62.91779
2023-11-17 13:01:53.892860,49.71649
2023-11-17 13:01:53.908480,39.37817
2023-11-17 13:01:53.924110,31.57068
2023-11-17 13:01:53.939730,24.67514
2023-11-17 13:01:53.955360,16.24008
2023-11-17 13:01:53.970990,0.8731689
2023-11-17 13:01:53.986610,-24.80505
2023-11-17 13:01:54.002240,-60.19351
2023-11-17 13:01:54.017860,-101.5181
2023-11-17 13:01:54.033490,-144.5066
2023-11-17 13:01:54.049110,-186.6825
2023-11-17 13:01:54.064740,-227.5508
2023-11-17 13:01:54.080370,-267.4998
2023-11-17 13:01:54.095990,-306.4234
2023-11-17 13:01:54.111620,-347.6398
2023-11-17 13:01:54.127240,-391.2772
2023-11-17 13:01:54.142870,-432.9217
2023-11-17 13:01:54.158490,-465.8295
2023-11-17 13:01:54.174120,-485.3036
2023-11-17 13:01:54.189750,-491.0944
2023-11-17 13:01:54.205370,-486.1462
2023-11-17 13:01:54.221000,-474.3071
2023-11-17 13:01:54.236620,-458.812
2023-11-17 13:01:54.252250,-448.3434
2023-11-17 13:01:54.267870,-448.7534
2023-11-17 13:01:54.283500,-460.9861
2023-11-17 13:01:54.299130,-481.7068
2023-11-17 13:01:54.314750,-506.8608
2023-11-17 13:01:54.330380,-533.982
2023-11-17 13:01:54.346000,-562.0955
2023-11-17 13:01:54.361630,-591.2936
2023-11-17 13:01:54.377250,-581.2205
2023-11-17 13:01:54.392880,-513.735
2023-11-17 13:01:54.408510,-400.2138
2023-11-17 13:01:54.424130,-271.9483
2023-11-17 13:01:54.439760,-153.8583
2023-11-17 13:01:54.455380,-53.33597
2023-11-17 13:01:54.471010,32.26151
2023-11-17 13:01:54.486630,105.6887
2023-11-17 13:01:54.502260,165.946
2023-11-17 13:01:54.517890,210.1868
2023-11-17 13:01:54.533510,230.8252
2023-11-17 13:01:54.549140,226.3477
2023-11-17 13:01:54.564760,203.3767
2023-11-17 13:01:54.580390,172.4907
2023-11-17 13:01:54.596010,142.5493
2023-11-17 13:01:54.611640,116.5661
2023-11-17 13:01:54.627270,93.57234
2023-11-17 13:01:54.642890,71.84275
2023-11-17 13:01:54.658520,51.54011
2023-11-17 13:01:54.674140,29.79457
2023-11-17 13:01:54.689770,6.503067
2023-11-17 13:01:54.705390,-14.90633
2023-11-17 13:01:54.721020,-29.32216
2023-11-17 13:01:54.736650,-33.63337
2023-11-17 13:01:54.752270,-28.29004
2023-11-17 13:01:54.767900,-15.91851
2023-11-17 13:01:54.783520,-1.060402
2023-11-17 13:01:54.799150,12.22748
2023-11-17 13:01:54.814770,18.51482
2023-11-17 13:01:54.830400,15.97449
2023-11-17 13:01:54.846030,7.39679
2023-11-17 13:01:54.861650,-1.217194
2023-11-17 13:01:54.877280,-4.375946
2023-11-17 13:01:54.892900,0.5557861
2023-11-17 13:01:54.908530,12.93927
2023-11-17 13:01:54.924160,29.9111
2023-11-17 13:01:54.939780,48.21368
2023-11-17 13:01:54.955410,64.06656
2023-11-17 13:01:54.971030,76.45221
2023-11-17 13:01:54.986660,87.18942
2023-11-17 13:01:55.002280,99.6871
2023-11-17 13:01:55.017910,117.174
2023-11-17 13:01:55.033540,142.8746
2023-11-17 13:01:55.049160,178.843
2023-11-17 13:01:55.064790,225.4088
2023-11-17 13:01:55.080410,280.5605
2023-11-17 13:01:55.096040,338.2209
2023-11-17 13:01:55.111660,391.1171
2023-11-17 13:01:55.127290,431.8287
2023-11-17 13:01:55.142920,454.6011
2023-11-17 13:01:55.158540,457.6695
2023-11-17 13:01:55.174170,445.6046
2023-11-17 13:01:55.189790,425.6326
2023-11-17 13:01:55.205420,404.07
2023-11-17 13:01:55.221040,383.6915
2023-11-17 13:01:55.236670,362.3701
2023-11-17 13:01:55.252300,338.9283
2023-11-17 13:01:55.267920,313.8952
2023-11-17 13:01:55.283550,290.1382
2023-11-17 13:01:55.299170,272.5574
2023-11-17 13:01:55.314800,268.3301
2023-11-17 13:01:55.330420,280.0731
2023-11-17 13:01:55.346050,303.4231
2023-11-17 13:01:55.361680,328.2957
2023-11-17 13:01:55.377300,341.8733
2023-11-17 13:01:55.392930,339.5977
2023-11-17 13:01:55.408550,323.8704
2023-11-17 13:01:55.424180,300.8461
2023-11-17 13:01:55.439800,277.0438
2023-11-17 13:01:55.455430,259.9794
2023-11-17 13:01:55.471060,252.687
2023-11-17 13:01:55.486680,253.8884
2023-11-17 13:01:55.502310,260.3287
2023-11-17 13:01:55.517930,267.2325
2023-11-17 13:01:55.533560,277.2545
2023-11-17 13:01:55.549180,294.2871
2023-11-17 13:01:55.564810,318.5526
2023-11-17 13:01:55.580440,320.0439
2023-11-17 13:01:55.596060,278.2453
2023-11-17 13:01:55.611690,191.2936
2023-11-17 13:01:55.627310,78.65546
2023-11-17 13:01:55.642940,-14.12576
2023-11-17 13:01:55.658560,-80.16364
2023-11-17 13:01:55.674190,-121.7945
2023-11-17 13:01:55.689820,-144.4889
2023-11-17 13:01:55.705440,-160.5885
2023-11-17 13:01:55.721070,-178.8097
2023-11-17 13:01:55.736690,-201.2798
2023-11-17 13:01:55.752320,-226.4724
2023-11-17 13:01:55.767940,-250.3466
2023-11-17 13:01:55.783570,-268.37
2023-11-17 13:01:55.799200,-279.8797
2023-11-17 13:01:55.814820,-281.8636
2023-11-17 13:01:55.830450,-275.1238
2023-11-17 13:01:55.846070,-267.5736
2023-11-17 13:01:55.861700,-268.4149
2023-11-17 13:01:55.877320,-280.4296
2023-11-17 13:01:55.892950,-300.2225
2023-11-17 13:01:55.908580,-320.5059
2023-11-17 13:01:55.924200,-334.5335
2023-11-17 13:01:55.939830,-341.3505
2023-11-17 13:01:55.955450,-340.2171
2023-11-17 13:01:55.971080,-333.4723
2023-11-17 13:01:55.986700,-328.4148
2023-11-17 13:01:56.002330,-331.2815
2023-11-17 13:01:56.017960,-342.9129
2023-11-17 13:01:56.033580,-360.1779
2023-11-17 13:01:56.049210,-378.9315
2023-11-17 13:01:56.064830,-396.677
2023-11-17 13:01:56.080460,-414.4311
2023-11-17 13:01:56.096080,-431.0317
2023-11-17 13:01:56.111710,-430.719
2023-11-17 13:01:56.127340,-403.3519
2023-11-17 13:01:56.142960,-348.6188
2023-11-17 13:01:56.158590,-276.7912
2023-11-17 13:01:56.174210,-201.4734
2023-11-17 13:01:56.189840,-132.0457
2023-11-17 13:01:56.205460,-72.07462
2023-11-17 13:01:56.221090,-22.18929
2023-11-17 13:01:56.236720,19.84342
2023-11-17 13:01:56.252340,59.69743
2023-11-17 13:01:56.267970,98.22209
2023-11-17 13:01:56.283590,134.7067
2023-11-17 13:01:56.299220,168.2531
2023-11-17 13:01:56.314840,198.4367
2023-11-17 13:01:56.330470,224.8741
2023-11-17 13:01:56.346100,247.4432
2023-11-17 13:01:56.361720,260.4799
2023-11-17 13:01:56.377350,262.9937
2023-11-17 13:01:56.392970,257.5089
2023-11-17 13:01:56.408600,246.3279
2023-11-17 13:01:56.424220,232.2811
2023-11-17 13:01:56.439850,217.7323
2023-11-17 13:01:56.455480,204.4222
2023-11-17 13:01:56.471100,193.0871
2023-11-17 13:01:56.486730,183.5087
2023-11-17 13:01:56.502350,174.8398
2023-11-17 13:01:56.517980,167.1526
2023-11-17 13:01:56.533600,160.6512
2023-11-17 13:01:56.549230,154.0839
2023-11-17 13:01:56.564860,146.759
2023-11-17 13:01:56.580480,138.9837
2023-11-17 13:01:56.596110,131.7632
2023-11-17 13:01:56.611730,125.4459
2023-11-17 13:01:56.627360,118.5608
2023-11-17 13:01:56.642980,107.7855
2023-11-17 13:01:56.658610,89.85564
2023-11-17 13:01:56.674240,62.59007
2023-11-17 13:01:56.689860,25.2441
2023-11-17 13:01:56.705490,-19.99832
2023-11-17 13:01:56.721110,-68.50233
2023-11-17 13:01:56.736740,-114.2999
2023-11-17 13:01:56.752360,-151.8021
2023-11-17 13:01:56.767990,-177.2735
2023-11-17 13:01:56.783620,-189.4115
2023-11-17 13:01:56.799240,-188.9224
2023-11-17 13:01:56.814870,-178.2781
2023-11-17 13:01:56.830490,-161.4225
2023-11-17 13:01:56.846120,-142.4136
2023-11-17 13:01:56.861740,-124.8099
2023-11-17 13:01:56.877370,-111.029
2023-11-17 13:01:56.893000,-102.2268
2023-11-17 13:01:56.908620,-98.52008
2023-11-17 13:01:56.924250,-99.51555
2023-11-17 13:01:56.939870,-104.9147
2023-11-17 13:01:56.955500,-115.3478
2023-11-17 13:01:56.971120,-132.5553
2023-11-17 13:01:56.986750,-158.2881
2023-11-17 13:01:57.002380,-192.7996
2023-11-17 13:01:57.018000,-233.4546
2023-11-17 13:01:57.033630,-274.3204
2023-11-17 13:01:57.049250,-307.5441
2023-11-17 13:01:57.064880,-325.9847
2023-11-17 13:01:57.080500,-325.6324
2023-11-17 13:01:57.096130,-306.6862
2023-11-17 13:01:57.111760,-272.9017
2023-11-17 13:01:57.127380,-229.3065
2023-11-17 13:01:57.143010,-179.7235
2023-11-17 13:01:57.158630,-125.6215
2023-11-17 13:01:57.174260,-66.46687
2023-11-17 13:01:57.189890,-1.407066
2023-11-17 13:01:57.205510,68.73538
2023-11-17 13:01:57.221140,140.4097
2023-11-17 13:01:57.236760,207.7448
2023-11-17 13:01:57.252390,264.1949
2023-11-17 13:01:57.268010,304.8591
2023-11-17 13:01:57.283640,328.2899
2023-11-17 13:01:57.299270,336.8334
2023-11-17 13:01:57.314890,335.2309
2023-11-17 13:01:57.330520,328.4072
2023-11-17 13:01:57.346140,319.4622
2023-11-17 13:01:57.361770,308.68
2023-11-17 13:01:57.377390,294.199
2023-11-17 13:01:57.393020,273.6783
2023-11-17 13:01:57.408650,246.2939
2023-11-17 13:01:57.424270,213.7301
2023-11-17 13:01:57.439900,179.5413
2023-11-17 13:01:57.455520,147.7903
2023-11-17 13:01:57.471150,121.6685
2023-11-17 13:01:57.486770,103.1515
2023-11-17 13:01:57.502400,93.40787
2023-11-17 13:01:57.518030,93.30022
2023-11-17 13:01:57.533650,103.2262
2023-11-17 13:01:57.549280,122.5404
2023-11-17 13:01:57.564900,148.8857
2023-11-17 13:01:57.580530,178.0532
2023-11-17 13:01:57.596150,205.0397
2023-11-17 13:01:57.611780,225.4717
2023-11-17 13:01:57.627410,237.0698
2023-11-17 13:01:57.643030,240.1966
2023-11-17 13:01:57.658660,237.2838
2023-11-17 13:01:57.674280,231.5423
2023-11-17 13:01:57.689910,225.5114
2023-11-17 13:01:57.705530,220.2492
2023-11-17 13:01:57.721160,215.2502
2023-11-17 13:01:57.736790,208.9321
2023-11-17 13:01:57.752410,199.0952
2023-11-17 13:01:57.768040,183.2038
2023-11-17 13:01:57.783660,158.8884
2023-11-17 13:01:57.799290,124.5166
2023-11-17 13:01:57.814910,79.57802
2023-11-17 13:01:57.830540,25.24675
2023-11-17 13:01:57.846170,-35.43269
2023-11-17 13:01:57.861790,-98.0043
2023-11-17 13:01:57.877420,-157.4709
2023-11-17 13:01:57.893040,-209.6106
2023-11-17 13:01:57.908670,-252.17
2023-11-17 13:01:57.924290,-285.0424
2023-11-17 13:01:57.939920,-310.1117
2023-11-17 13:01:57.955550,-330.4326
2023-11-17 13:01:57.971170,-349.1424
2023-11-17 13:01:57.986800,-368.558
2023-11-17 13:01:58.002420,-389.3734
2023-11-17 13:01:58.018050,-410.1194
2023-11-17 13:01:58.033670,-427.2568
2023-11-17 13:01:58.049300,-436.1836
2023-11-17 13:01:58.064930,-432.7868
2023-11-17 13:01:58.080550,-415.4702
2023-11-17 13:01:58.096180,-386.3841
2023-11-17 13:01:58.111800,-351.1265
2023-11-17 13:01:58.127430,-316.6053
2023-11-17 13:01:58.143050,-288.1928
2023-11-17 13:01:58.158680,-267.5082
2023-11-17 13:01:58.174310,-251.9959
2023-11-17 13:01:58.189930,-236.6485
2023-11-17 13:01:58.205560,-216.6212
2023-11-17 13:01:58.221180,-189.3203
2023-11-17 13:01:58.236810,-155.1165
2023-11-17 13:01:58.252430,-116.5928
2023-11-17 13:01:58.268060,-77.03382
2023-11-17 13:01:58.283690,-39.16055
2023-11-17 13:01:58.299310,-4.556961
2023-11-17 13:01:58.314940,26.08802
2023-11-17 13:01:58.330560,52.31538
2023-11-17 13:01:58.346190,73.65462
2023-11-17 13:01:58.361810,89.66164
2023-11-17 13:01:58.377440,100.3897
2023-11-17 13:01:58.393070,106.8414
2023-11-17 13:01:58.408690,110.8847
2023-11-17 13:01:58.424320,114.8204
2023-11-17 13:01:58.439940,120.5018
2023-11-17 13:01:58.455570,128.6453
2023-11-17 13:01:58.471190,138.5702
2023-11-17 13:01:58.486820,148.6372
2023-11-17 13:01:58.502450,156.9335
2023-11-17 13:01:58.518070,162.0061
2023-11-17 13:01:58.533700,163.3851
2023-11-17 13:01:58.549320,161.4985
2023-11-17 13:01:58.564950,157.515
2023-11-17 13:01:58.580570,152.8146
2023-11-17 13:01:58.596200,148.6883
2023-11-17 13:01:58.611830,145.8551
2023-11-17 13:01:58.627450,144.4267
2023-11-17 13:01:58.643080,143.8328
2023-11-17 13:01:58.658700,143.0363
2023-11-17 13:01:58.674330,140.955
2023-11-17 13:01:58.689950,136.8917
2023-11-17 13:01:58.705580,130.8582
2023-11-17 13:01:58.721210,123.471
2023-11-17 13:01:58.736830,115.6769
2023-11-17 13:01:58.752460,108.2972
2023-11-17 13:01:58.768080,101.7156
2023-11-17 13:01:58.783710,95.93559
2023-11-17 13:01:58.799330,90.74123
2023-11-17 13:01:58.814960,85.94092
2023-11-17 13:01:58.830590,81.46881
2023-11-17 13:01:58.846210,77.31808
2023-11-17 13:01:58.861840,73.34728
2023-11-17 13:01:58.877460,69.28612
2023-11-17 13:01:58.893090,64.79195
2023-11-17 13:01:58.908710,59.59354
2023-11-17 13:01:58.924340,53.65602
2023-11-17 13:01:58.939970,47.17317
2023-11-17 13:01:58.955590,40.42048
2023-11-17 13:01:58.971220,33.62491
2023-11-17 13:01:58.986840,26.83345
2023-11-17 13:01:59.002470,20.02454
2023-11-17 13:01:59.018090,13.14132
2023-11-17 13:01:59.033720,6.24618
2023-11-17 13:01:59.049350,-0.5359538
2023-11-17 13:01:59.064970,-6.950013
2023-11-17 13:01:59.080600,-12.78704
2023-11-17 13:01:59.096220,-17.7597
2023-11-17 13:01:59.111850,-21.63593
2023-11-17 13:01:59.127470,-24.30001
2023-11-17 13:01:59.143100,-25.76011
2023-11-17 13:01:59.158730,-26.30562
2023-11-17 13:01:59.174350,-26.41175
2023-11-17 13:01:59.189980,-26.68221
2023-11-17 13:01:59.205600,-27.56129
2023-11-17 13:01:59.221230,-29.32008
2023-11-17 13:01:59.236850,-31.84689
2023-11-17 13:01:59.252480,-34.74397
2023-11-17 13:01:59.268110,-37.55055
2023-11-17 13:01:59.283730,-39.8058
2023-11-17 13:01:59.299360,-41.24046
2023-11-17 13:01:59.314980,-41.77113
2023-11-17 13:01:59.330610,-41.57069
2023-11-17 13:01:59.346230,-40.88427
2023-11-17 13:01:59.361860,-40.03866
2023-11-17 13:01:59.377490,-39.28732
2023-11-17 13:01:59.393110,-38.81541
2023-11-17 13:01:59.408740,-38.6577
2023-11-17 13:01:59.424360,-38.85555
2023-11-17 13:01:59.439990,-39.37672
2023-11-17 13:01:59.455620,-40.13654
2023-11-17 13:01:59.471240,-40.91541
2023-11-17 13:01:59.486870,-41.41803
2023-11-17 13:01:59.502490,-41.3396
2023-11-17 13:01:59.518120,-40.39508
2023-11-17 13:01:59.533740,-38.62895
2023-11-17 13:01:59.549370,-36.30971
2023-11-17 13:01:59.565000,-33.95006
2023-11-17 13:01:59.580620,-32.04538
2023-11-17 13:01:59.596250,-30.87039
2023-11-17 13:01:59.611870,-30.3244
2023-11-17 13:01:59.627500,-30.01454
2023-11-17 13:01:59.643120,-29.49008
2023-11-17 13:01:59.658750,-28.37759
2023-11-17 13:01:59.674380,-26.5777
2023-11-17 13:01:59.690000,-24.24141
2023-11-17 13:01:59.705630,-21.61891
2023-11-17 13:01:59.721250,-19.00433
2023-11-17 13:01:59.736880,-16.63258
2023-11-17 13:01:59.752500,-14.57353
2023-11-17 13:01:59.768130,-12.77861
2023-11-17 13:01:59.783760,-11.1349
2023-11-17 13:01:59.799380,-9.567734
2023-11-17 13:01:59.815010,-8.116058
2023-11-17 13:01:59.830630,-6.934402
2023-11-17 13:01:59.846260,-6.156754
2023-11-17 13:01:59.861880,-5.74202
2023-11-17 13:01:59.877510,-5.34317
2023-11-17 13:01:59.893140,-4.439423
2023-11-17 13:01:59.908760,-2.39801
2023-11-17 13:01:59.924390,1.019409
2023-11-17 13:01:59.940010,5.585831
2023-11-17 13:01:59.955640,10.57153
2023-11-17 13:01:59.971260,15.16908
2023-11-17 13:01:59.986890,18.83681
2023-11-17 13:02:00.002520,21.56091
2023-11-17 13:02:00.018140,23.79167
2023-11-17 13:02:00.033770,26.16422
2023-11-17 13:02:00.049390,29.33948
2023-11-17 13:02:00.065020,33.58232
2023-11-17 13:02:00.080640,38.7657
2023-11-17 13:02:00.096270,44.29065
2023-11-17 13:02:00.111900,49.3154
2023-11-17 13:02:00.127520,53.09236
2023-11-17 13:02:00.143150,55.15752
2023-11-17 13:02:00.158770,55.65135
2023-11-17 13:02:00.174400,55.23236
2023-11-17 13:02:00.190020,54.82205
2023-11-17 13:02:00.205650,55.05045
2023-11-17 13:02:00.221280,55.93842
2023-11-17 13:02:00.236900,56.78308
2023-11-17 13:02:00.252530,56.48636
2023-11-17 13:02:00.268150,54.23459
2023-11-17 13:02:00.283780,50.02249
2023-11-17 13:02:00.299400,44.84933
2023-11-17 13:02:00.315030,40.23672
2023-11-17 13:02:00.330660,37.63531
2023-11-17 13:02:00.346280,37.63623
2023-11-17 13:02:00.361910,39.64932
2023-11-17 13:02:00.377530,42.51288
2023-11-17 13:02:00.393160,44.88977
2023-11-17 13:02:00.408780,45.90332
2023-11-17 13:02:00.424410,44.87885
2023-11-17 13:02:00.440040,41.16031
2023-11-17 13:02:00.455660,34.19803
2023-11-17 13:02:00.471290,23.90674
2023-11-17 13:02:00.486910,11.26563
2023-11-17 13:02:00.502540,-1.654236
2023-11-17 13:02:00.518160,-12.67416
2023-11-17 13:02:00.533790,-20.98389
2023-11-17 13:02:00.549420,-28.10129
2023-11-17 13:02:00.565040,-37.44446
2023-11-17 13:02:00.580670,-52.60938
2023-11-17 13:02:00.596290,-75.01712
2023-11-17 13:02:00.611920,-102.6198
2023-11-17 13:02:00.627540,-130.4934
2023-11-17 13:02:00.643170,-152.8998
2023-11-17 13:02:00.658800,-166.1322
2023-11-17 13:02:00.674420,-170.5002
2023-11-17 13:02:00.690050,-170.5767
2023-11-17 13:02:00.705670,-173.7853
2023-11-17 13:02:00.721300,-187.6714
2023-11-17 13:02:00.736920,-216.5771
2023-11-17 13:02:00.752550,-259.2105
2023-11-17 13:02:00.768180,-308.0729
2023-11-17 13:02:00.783800,-351.6232
2023-11-17 13:02:00.799430,-378.8928
2023-11-17 13:02:00.815050,-384.2812
2023-11-17 13:02:00.830680,-369.6007
2023-11-17 13:02:00.846300,-342.3758
2023-11-17 13:02:00.861930,-311.5316
2023-11-17 13:02:00.877560,-282.3286
2023-11-17 13:02:00.893180,-254.6669
2023-11-17 13:02:00.908810,-224.7441
2023-11-17 13:02:00.924430,-189.189
2023-11-17 13:02:00.940060,-148.4055
2023-11-17 13:02:00.955680,-106.6046
2023-11-17 13:02:00.971310,-69.02078
2023-11-17 13:02:00.986940,-38.62534
2023-11-17 13:02:01.002560,-15.02461
2023-11-17 13:02:01.018190,4.472626
2023-11-17 13:02:01.033810,22.51608
2023-11-17 13:02:01.065060,56.06256
2023-11-17 13:02:01.080690,69.77225
2023-11-17 13:02:01.096320,81.59525
2023-11-17 13:02:01.111940,93.70027
2023-11-17 13:02:01.127570,108.5708
2023-11-17 13:02:01.143190,126.9157
2023-11-17 13:02:01.158820,147.5804
2023-11-17 13:02:01.174440,168.7753
2023-11-17 13:02:01.190070,189.4148
2023-11-17 13:02:01.205700,209.3428
2023-11-17 13:02:01.221320,228.8096
2023-11-17 13:02:01.236950,247.6477
2023-11-17 13:02:01.252570,264.7779
2023-11-17 13:02:01.268200,278.5057
2023-11-17 13:02:01.283820,286.3873
2023-11-17 13:02:01.299450,287.0475
2023-11-17 13:02:01.315080,281.3805
2023-11-17 13:02:01.330700,272.1777
2023-11-17 13:02:01.346330,262.6536
2023-11-17 13:02:01.361950,255.3047
2023-11-17 13:02:01.377580,251.6144
2023-11-17 13:02:01.393200,251.7794
2023-11-17 13:02:01.408830,254.349
2023-11-17 13:02:01.424460,254.6146
2023-11-17 13:02:01.440080,245.8723
2023-11-17 13:02:01.455710,222.0569
2023-11-17 13:02:01.471330,180.1049
2023-11-17 13:02:01.486960,121.1245
2023-11-17 13:02:01.502580,50.47902
2023-11-17 13:02:01.518210,-23.33929
2023-11-17 13:02:01.533840,-91.05759
2023-11-17 13:02:01.549460,-138.3611
2023-11-17 13:02:01.565090,-155.3654
2023-11-17 13:02:01.580710,-143.9575
2023-11-17 13:02:01.596340,-115.446
2023-11-17 13:02:01.611960,-81.84784
2023-11-17 13:02:01.627590,-50.3005
2023-11-17 13:02:01.643220,-23.20993
2023-11-17 13:02:01.658840,-0.6394606
2023-11-17 13:02:01.674470,17.58243
2023-11-17 13:02:01.690090,31.6687
2023-11-17 13:02:01.705720,40.33253
2023-11-17 13:02:01.721340,42.37726
2023-11-17 13:02:01.736970,38.74393
2023-11-17 13:02:01.752600,32.4341
2023-11-17 13:02:01.768220,26.90415
2023-11-17 13:02:01.783850,24.45538
2023-11-17 13:02:01.799470,25.842
2023-11-17 13:02:01.815100,30.45288
2023-11-17 13:02:01.830720,36.73988
2023-11-17 13:02:01.846350,42.04374
2023-11-17 13:02:01.861980,43.93341
2023-11-17 13:02:01.877600,41.56749
2023-11-17 13:02:01.893230,35.67268
2023-11-17 13:02:01.908850,27.34333
2023-11-17 13:02:01.924480,17.01093
2023-11-17 13:02:01.940100,4.127258
2023-11-17 13:02:01.955730,-12.24773
2023-11-17 13:02:01.971360,-32.55196
2023-11-17 13:02:01.986980,-56.16313
2023-11-17 13:02:02.002610,-80.59589
2023-11-17 13:02:02.018230,-101.4679
2023-11-17 13:02:02.033860,-114.01
2023-11-17 13:02:02.049490,-115.294
2023-11-17 13:02:02.065110,-105.412
2023-11-17 13:02:02.080740,-87.19407
2023-11-17 13:02:02.096360,-64.58113
2023-11-17 13:02:02.111990,-40.87334
2023-11-17 13:02:02.127610,-17.939
2023-11-17 13:02:02.143240,3.809906
2023-11-17 13:02:02.158870,24.75308
2023-11-17 13:02:02.174490,44.9474
2023-11-17 13:02:02.190120,63.36559
2023-11-17 13:02:02.205740,78.17363
2023-11-17 13:02:02.221370,87.68349
2023-11-17 13:02:02.236990,91.33965
2023-11-17 13:02:02.252620,89.98566
2023-11-17 13:02:02.268250,85.47902
2023-11-17 13:02:02.283870,79.79732
2023-11-17 13:02:02.299500,74.52701
2023-11-17 13:02:02.315120,70.62221
2023-11-17 13:02:02.330750,68.32663
2023-11-17 13:02:02.346370,67.49614
2023-11-17 13:02:02.362000,67.9173
2023-11-17 13:02:02.377630,69.5752
2023-11-17 13:02:02.393250,72.5448
2023-11-17 13:02:02.408880,76.85168
2023-11-17 13:02:02.424500,82.13196
2023-11-17 13:02:02.440130,87.67245
2023-11-17 13:02:02.455750,92.88049
2023-11-17 13:02:02.471380,97.61703
2023-11-17 13:02:02.487010,102.4191
2023-11-17 13:02:02.502630,108.1305
2023-11-17 13:02:02.518260,115.225
2023-11-17 13:02:02.533880,123.0433
2023-11-17 13:02:02.549510,129.5703
2023-11-17 13:02:02.565130,131.7866
2023-11-17 13:02:02.580760,126.6665
2023-11-17 13:02:02.596390,112.416
2023-11-17 13:02:02.612010,89.12454
2023-11-17 13:02:02.627640,58.84479
2023-11-17 13:02:02.643260,24.76453
2023-11-17 13:02:02.658890,-9.75119
2023-11-17 13:02:02.674510,-42.14948
2023-11-17 13:02:02.690140,-70.95483
2023-11-17 13:02:02.705770,-95.75247
2023-11-17 13:02:02.721390,-116.8535
2023-11-17 13:02:02.737020,-134.8799
2023-11-17 13:02:02.752640,-150.6393
2023-11-17 13:02:02.768270,-164.7703
2023-11-17 13:02:02.783890,-177.7193
2023-11-17 13:02:02.799520,-189.7461
2023-11-17 13:02:02.815150,-201.0392
2023-11-17 13:02:02.830770,-211.6992
2023-11-17 13:02:02.846400,-221.7698
2023-11-17 13:02:02.862020,-231.1866
2023-11-17 13:02:02.877650,-239.5118
2023-11-17 13:02:02.893270,-246.119
2023-11-17 13:02:02.908900,-250.0783
2023-11-17 13:02:02.924530,-250.6703
2023-11-17 13:02:02.940150,-247.7582
2023-11-17 13:02:02.955780,-241.9921
2023-11-17 13:02:02.971400,-234.5848
2023-11-17 13:02:02.987030,-226.6302
2023-11-17 13:02:03.002650,-218.671
2023-11-17 13:02:03.018280,-210.3491
2023-11-17 13:02:03.033910,-200.9355
2023-11-17 13:02:03.049530,-189.9096
2023-11-17 13:02:03.065160,-177.5323
2023-11-17 13:02:03.080780,-164.7179
2023-11-17 13:02:03.096410,-152.4125
2023-11-17 13:02:03.112030,-140.7798
2023-11-17 13:02:03.127660,-128.9649
2023-11-17 13:02:03.143290,-115.6302
2023-11-17 13:02:03.158910,-99.72919
2023-11-17 13:02:03.174540,-81.44528
2023-11-17 13:02:03.190160,-62.20187
2023-11-17 13:02:03.205790,-43.9278
2023-11-17 13:02:03.221410,-27.9566
2023-11-17 13:02:03.237040,-14.27356
2023-11-17 13:02:03.252670,-1.636871
2023-11-17 13:02:03.268290,11.5726
2023-11-17 13:02:03.283920,26.18219
2023-11-17 13:02:03.299540,41.6991
2023-11-17 13:02:03.315170,56.43018
2023-11-17 13:02:03.330790,68.37161
2023-11-17 13:02:03.346420,76.29184
2023-11-17 13:02:03.362050,80.39636
2023-11-17 13:02:03.377670,82.259
2023-11-17 13:02:03.393300,83.96533
2023-11-17 13:02:03.424550,92.63889
2023-11-17 13:02:03.440170,99.63937
2023-11-17 13:02:03.455800,107.1421
2023-11-17 13:02:03.471430,114.0569
2023-11-17 13:02:03.487050,119.7917
2023-11-17 13:02:03.502680,124.2423
2023-11-17 13:02:03.518300,127.5224
2023-11-17 13:02:03.533930,129.6458
2023-11-17 13:02:03.549550,130.3715
2023-11-17 13:02:03.565180,129.3542
2023-11-17 13:02:03.580810,126.4269
2023-11-17 13:02:03.596430,121.8392
2023-11-17 13:02:03.612060,116.1869
2023-11-17 13:02:03.627680,110.0692
2023-11-17 13:02:03.643310,103.5511
2023-11-17 13:02:03.658930,96.10184
2023-11-17 13:02:03.674560,86.80759
2023-11-17 13:02:03.690190,75.01877
2023-11-17 13:02:03.705810,60.79318
2023-11-17 13:02:03.721440,45.16995
2023-11-17 13:02:03.737060,29.81311
2023-11-17 13:02:03.752690,16.42172
2023-11-17 13:02:03.768310,6.165375
2023-11-17 13:02:03.783940,-0.6487427
2023-11-17 13:02:03.799570,-4.41748
2023-11-17 13:02:03.815190,-5.893036
2023-11-17 13:02:03.830820,-5.725952
2023-11-17 13:02:03.846440,-4.584656
2023-11-17 13:02:03.862070,-3.125549
2023-11-17 13:02:03.877690,-2.116119
2023-11-17 13:02:03.893320,-2.345398
2023-11-17 13:02:03.908950,-4.40419
2023-11-17 13:02:03.924570,-8.428177
2023-11-17 13:02:03.940200,-14.15779
2023-11-17 13:02:03.955820,-21.00121
2023-11-17 13:02:03.971450,-28.3349
2023-11-17 13:02:03.987070,-35.78578
2023-11-17 13:02:04.002700,-43.45552
2023-11-17 13:02:04.018330,-51.59991
2023-11-17 13:02:04.033950,-60.39214
2023-11-17 13:02:04.049580,-69.55466
2023-11-17 13:02:04.065200,-78.1804
2023-11-17 13:02:04.080830,-85.02501
2023-11-17 13:02:04.096450,-88.84496
2023-11-17 13:02:04.112080,-89.08253
2023-11-17 13:02:04.127710,-86.08771
2023-11-17 13:02:04.143330,-81.52232
2023-11-17 13:02:04.158960,-77.64185
2023-11-17 13:02:04.174580,-76.60847
2023-11-17 13:02:04.190210,-79.4147
2023-11-17 13:02:04.205830,-85.30219
2023-11-17 13:02:04.221460,-91.8936
2023-11-17 13:02:04.237090,-95.83971
2023-11-17 13:02:04.252710,-93.91058
2023-11-17 13:02:04.268340,-83.92372
2023-11-17 13:02:04.283960,-65.79324
2023-11-17 13:02:04.299590,-41.38031
2023-11-17 13:02:04.315220,-14.19308
2023-11-17 13:02:04.330840,11.48883
2023-11-17 13:02:04.346470,31.51477
2023-11-17 13:02:04.362090,42.83772
2023-11-17 13:02:04.377720,44.57022
2023-11-17 13:02:04.393340,38.12589
2023-11-17 13:02:04.408970,26.92264
2023-11-17 13:02:04.424600,14.7393
2023-11-17 13:02:04.440220,4.761032
2023-11-17 13:02:04.455850,-1.210602
2023-11-17 13:02:04.487100,-1.297455
2023-11-17 13:02:04.502720,2.249252
2023-11-17 13:02:04.518350,6.506874
2023-11-17 13:02:04.533980,10.64208
2023-11-17 13:02:04.549600,17.7047
2023-11-17 13:02:04.565230,29.53765
2023-11-17 13:02:04.580850,46.59173
2023-11-17 13:02:04.596480,67.55662
2023-11-17 13:02:04.612100,89.87412
2023-11-17 13:02:04.627730,110.8721
2023-11-17 13:02:04.643360,128.2368
2023-11-17 13:02:04.658980,141.0607
2023-11-17 13:02:04.674610,149.9232
2023-11-17 13:02:04.690230,157.0685
2023-11-17 13:02:04.705860,164.5318
2023-11-17 13:02:04.721480,173.1143
2023-11-17 13:02:04.737110,181.6535
2023-11-17 13:02:04.752740,187.5909
2023-11-17 13:02:04.768360,188.1992
2023-11-17 13:02:04.783990,181.8705
2023-11-17 13:02:04.799610,171.2254
2023-11-17 13:02:04.815240,157.5897
2023-11-17 13:02:04.830860,143.3568
2023-11-17 13:02:04.846490,130.2025
2023-11-17 13:02:04.862120,118.6247
2023-11-17 13:02:04.877740,108.2931
2023-11-17 13:02:04.893370,98.66465
2023-11-17 13:02:04.908990,89.51961
2023-11-17 13:02:04.924620,80.92344
2023-11-17 13:02:04.940240,73.33331
2023-11-17 13:02:04.955870,67.03727
2023-11-17 13:02:04.971500,62.44436
2023-11-17 13:02:04.987120,59.28895
2023-11-17 13:02:05.002750,56.94177
2023-11-17 13:02:05.018370,54.57782
2023-11-17 13:02:05.034000,51.19958
2023-11-17 13:02:05.049620,48.13522
2023-11-17 13:02:05.065250,45.48628
2023-11-17 13:02:05.080880,42.649
2023-11-17 13:02:05.096500,38.24486
2023-11-17 13:02:05.112130,31.11763
2023-11-17 13:02:05.127750,20.64066
2023-11-17 13:02:05.143380,7.017334
2023-11-17 13:02:05.159000,-8.672394
2023-11-17 13:02:05.174630,-24.892
2023-11-17 13:02:05.190260,-40.12544
2023-11-17 13:02:05.205880,-53.7515
2023-11-17 13:02:05.221510,-65.58148
2023-11-17 13:02:05.237130,-75.80438
2023-11-17 13:02:05.252760,-84.38879
2023-11-17 13:02:05.268380,-91.159
2023-11-17 13:02:05.284010,-95.82936
2023-11-17 13:02:05.299640,-98.33475
2023-11-17 13:02:05.315260,-98.91345
2023-11-17 13:02:05.330890,-97.95905
2023-11-17 13:02:05.346510,-96.11896
2023-11-17 13:02:05.362140,-93.89081
2023-11-17 13:02:05.377760,-91.62546
2023-11-17 13:02:05.393390,-89.62863
2023-11-17 13:02:05.409020,-88.15009
2023-11-17 13:02:05.424640,-87.28391
2023-11-17 13:02:05.440270,-86.91083
2023-11-17 13:02:05.455890,-86.59784
2023-11-17 13:02:05.471520,-85.64401
2023-11-17 13:02:05.487140,-83.53876
2023-11-17 13:02:05.502770,-80.04019
2023-11-17 13:02:05.518400,-75.32217
2023-11-17 13:02:05.534020,-70.14209
2023-11-17 13:02:05.549650,-65.34183
2023-11-17 13:02:05.565270,-61.54553
2023-11-17 13:02:05.580900,-59.02859
2023-11-17 13:02:05.596520,-57.63538
2023-11-17 13:02:05.612150,-56.84412
2023-11-17 13:02:05.627780,-55.87216
2023-11-17 13:02:05.643400,-53.96429
2023-11-17 13:02:05.659030,-50.57028
2023-11-17 13:02:05.674650,-46.08752
2023-11-17 13:02:05.690280,-41.07126
2023-11-17 13:02:05.705900,-35.86389
2023-11-17 13:02:05.721530,-30.55496
2023-11-17 13:02:05.737160,-25.14081
2023-11-17 13:02:05.752780,-19.71161
2023-11-17 13:02:05.768410,-14.76379
2023-11-17 13:02:05.784030,-11.3837
2023-11-17 13:02:05.799660,-11.01413
2023-11-17 13:02:05.815280,-15.78699
2023-11-17 13:02:05.830910,-26.31723
2023-11-17 13:02:05.846540,-41.19406
2023-11-17 13:02:05.862160,-57.69376
2023-11-17 13:02:05.877790,-73.12286
2023-11-17 13:02:05.893410,-85.66379
2023-11-17 13:02:05.909040,-94.85751
2023-11-17 13:02:05.924660,-101.2455
2023-11-17 13:02:05.940290,-105.7835
2023-11-17 13:02:05.955920,-110.4924
2023-11-17 13:02:05.971540,-115.6644
2023-11-17 13:02:05.987170,-119.9642
2023-11-17 13:02:06.002790,-121.7522
2023-11-17 13:02:06.018420,-120.7061
2023-11-17 13:02:06.034040,-117.9628
2023-11-17 13:02:06.049670,-115.6396
2023-11-17 13:02:06.065300,-115.3304
2023-11-17 13:02:06.080920,-117.48
2023-11-17 13:02:06.096550,-122.5662
2023-11-17 13:02:06.112170,-128.5824
2023-11-17 13:02:06.127800,-131.7001
2023-11-17 13:02:06.143420,-128.2156
2023-11-17 13:02:06.159050,-116.3893
2023-11-17 13:02:06.174680,-96.2384
2023-11-17 13:02:06.190300,-69.67717
2023-11-17 13:02:06.205930,-39.95857
2023-11-17 13:02:06.221550,-0.2363739
2023-11-17 13:02:06.237180,45.76788
2023-11-17 13:02:06.252800,87.05528
2023-11-17 13:02:06.268430,113.4902
2023-11-17 13:02:06.284060,123.3311
2023-11-17 13:02:06.299680,121.7672
2023-11-17 13:02:06.315310,116.0968
2023-11-17 13:02:06.330930,110.27
2023-11-17 13:02:06.346560,103.8717
2023-11-17 13:02:06.362180,93.86693
2023-11-17 13:02:06.377810,76.15184
2023-11-17 13:02:06.393440,51.11617
2023-11-17 13:02:06.409060,23.99171
2023-11-17 13:02:06.424690,2.258377
2023-11-17 13:02:06.440310,-10.58717
2023-11-17 13:02:06.455940,-12.40282
2023-11-17 13:02:06.471570,-5.241425
2023-11-17 13:02:06.487190,6.059174
2023-11-17 13:02:06.502820,15.98106
2023-11-17 13:02:06.518440,19.39162
2023-11-17 13:02:06.534070,15.28589
2023-11-17 13:02:06.549690,6.469826
2023-11-17 13:02:06.565320,-1.562588
2023-11-17 13:02:06.580950,-4.914201
2023-11-17 13:02:06.596570,-0.2388592
2023-11-17 13:02:06.612200,13.19143
2023-11-17 13:02:06.627820,33.26021
2023-11-17 13:02:06.643450,55.62198
2023-11-17 13:02:06.659070,73.14669
2023-11-17 13:02:06.674700,79.32842
2023-11-17 13:02:06.690330,69.67383
2023-11-17 13:02:06.705950,43.66105
2023-11-17 13:02:06.721580,0.5602875
2023-11-17 13:02:06.737200,-50.59816
2023-11-17 13:02:06.752830,-91.99038
2023-11-17 13:02:06.768450,-104.689
2023-11-17 13:02:06.784080,-79.35754
2023-11-17 13:02:06.799710,-21.72953
2023-11-17 13:02:06.830960,117.8619
2023-11-17 13:02:06.846580,168.1278
2023-11-17 13:02:06.862210,196.5139
2023-11-17 13:02:06.877830,204.0415
2023-11-17 13:02:06.893460,195.7874
2023-11-17 13:02:06.909090,178.0575
2023-11-17 13:02:06.924710,156.1469
2023-11-17 13:02:06.940340,133.5161
2023-11-17 13:02:06.955960,113.168
2023-11-17 13:02:06.971590,92.21761
2023-11-17 13:02:06.987210,72.69699
2023-11-17 13:02:07.002840,56.46336
2023-11-17 13:02:07.018470,45.98669
2023-11-17 13:02:07.034090,42.48787
2023-11-17 13:02:07.049720,44.78154
2023-11-17 13:02:07.065340,49.8521
2023-11-17 13:02:07.080970,54.43793
2023-11-17 13:02:07.096590,57.28146
2023-11-17 13:02:07.112220,59.59036
2023-11-17 13:02:07.127850,65.29277
2023-11-17 13:02:07.143470,76.85066
2023-11-17 13:02:07.159100,95.02574
2023-11-17 13:02:07.174720,117.4487
2023-11-17 13:02:07.190350,138.827
2023-11-17 13:02:07.205970,152.8726
2023-11-17 13:02:07.221600,154.6701
2023-11-17 13:02:07.237230,142.528
2023-11-17 13:02:07.252850,117.9104
2023-11-17 13:02:07.268480,85.22301
2023-11-17 13:02:07.284100,48.87702
2023-11-17 13:02:07.299730,13.34805
2023-11-17 13:02:07.315350,-17.36437
2023-11-17 13:02:07.330980,-40.14779
2023-11-17 13:02:07.346610,-53.02412
2023-11-17 13:02:07.362230,-55.49773
2023-11-17 13:02:07.377860,-48.82999
2023-11-17 13:02:07.393480,-35.93545
2023-11-17 13:02:07.409110,-20.45937
2023-11-17 13:02:07.424730,-6.589134
2023-11-17 13:02:07.440360,2.512276
2023-11-17 13:02:07.455990,5.214592
2023-11-17 13:02:07.471610,1.44519
2023-11-17 13:02:07.487240,-7.354195
2023-11-17 13:02:07.502860,-18.4231
2023-11-17 13:02:07.518490,-28.17121
2023-11-17 13:02:07.534110,-33.39048
2023-11-17 13:02:07.549740,-32.44246
2023-11-17 13:02:07.565370,-27.04428
2023-11-17 13:02:07.580990,-21.99749
2023-11-17 13:02:07.596620,-23.60375
2023-11-17 13:02:07.612240,-36.89427
2023-11-17 13:02:07.627870,-63.32946
2023-11-17 13:02:07.643490,-100.2636
2023-11-17 13:02:07.659120,-141.9068
2023-11-17 13:02:07.674750,-181.7385
2023-11-17 13:02:07.690370,-214.1454
2023-11-17 13:02:07.706000,-235.5376
2023-11-17 13:02:07.721620,-243.9682
2023-11-17 13:02:07.737250,-238.8475
2023-11-17 13:02:07.752870,-220.8611
2023-11-17 13:02:07.768500,-192.4492
2023-11-17 13:02:07.784130,-157.779
2023-11-17 13:02:07.799750,-121.3777
2023-11-17 13:02:07.815380,-86.65303
2023-11-17 13:02:07.831000,-54.85451
2023-11-17 13:02:07.846630,-25.80419
2023-11-17 13:02:07.862250,0.4683647
2023-11-17 13:02:07.877880,22.41212
2023-11-17 13:02:07.909130,41.80803
2023-11-17 13:02:07.924760,34.07758
2023-11-17 13:02:07.940380,13.16132
2023-11-17 13:02:07.956010,-21.02039
2023-11-17 13:02:07.971630,-68.01385
2023-11-17 13:02:07.987260,-126.4621
2023-11-17 13:02:08.002890,-192.9753
2023-11-17 13:02:08.018510,-261.3593
2023-11-17 13:02:08.034140,-323.4985
2023-11-17 13:02:08.049760,-371.4532
2023-11-17 13:02:08.065390,-399.9265
2023-11-17 13:02:08.081010,-407.4811
2023-11-17 13:02:08.096640,-395.8098
2023-11-17 13:02:08.112270,-367.825
2023-11-17 13:02:08.127890,-325.7578
2023-11-17 13:02:08.143520,-271.0522
2023-11-17 13:02:08.159140,-205.0477
2023-11-17 13:02:08.174770,-130.1957
2023-11-17 13:02:08.190390,-49.88164
2023-11-17 13:02:08.206020,32.26392
2023-11-17 13:02:08.221650,113.5433
2023-11-17 13:02:08.237270,192.4751
2023-11-17 13:02:08.252900,268.3533
2023-11-17 13:02:08.268520,340.7267
2023-11-17 13:02:08.284150,408.9336
2023-11-17 13:02:08.299770,472.571
2023-11-17 13:02:08.315400,531.1745
2023-11-17 13:02:08.331030,583.8248
2023-11-17 13:02:08.346650,628.1396
2023-11-17 13:02:08.362280,659.7474
2023-11-17 13:02:08.377900,672.8757
2023-11-17 13:02:08.393530,662.3759
2023-11-17 13:02:08.409150,626.2725
2023-11-17 13:02:08.424780,567.5647
2023-11-17 13:02:08.440410,494.0157
2023-11-17 13:02:08.456030,415.6673
2023-11-17 13:02:08.471660,341.6336
2023-11-17 13:02:08.487280,277.2886
2023-11-17 13:02:08.502910,223.7158
2023-11-17 13:02:08.518530,178.9766
2023-11-17 13:02:08.534160,140.4678
2023-11-17 13:02:08.549790,106.6204
2023-11-17 13:02:08.565410,77.08203
2023-11-17 13:02:08.581040,51.5412
2023-11-17 13:02:08.596660,28.42326
2023-11-17 13:02:08.612290,4.891281
2023-11-17 13:02:08.627910,-22.02231
2023-11-17 13:02:08.643540,-53.26204
2023-11-17 13:02:08.659170,-86.28448
2023-11-17 13:02:08.674790,-115.5412
2023-11-17 13:02:08.690420,-134.4929
2023-11-17 13:02:08.706040,-138.6247
2023-11-17 13:02:08.721670,-127.6186
2023-11-17 13:02:08.737290,-105.2932
2023-11-17 13:02:08.752920,-77.94626
2023-11-17 13:02:08.768550,-52.36937
2023-11-17 13:02:08.784170,-34.48656
2023-11-17 13:02:08.799800,-28.81572
2023-11-17 13:02:08.815420,-38.49766
2023-11-17 13:02:08.831050,-64.66011
2023-11-17 13:02:08.846670,-105.477
2023-11-17 13:02:08.862300,-155.4015
2023-11-17 13:02:08.877930,-206.0404
2023-11-17 13:02:08.893550,-248.5662
2023-11-17 13:02:08.909180,-276.9093
2023-11-17 13:02:08.924800,-289.663
2023-11-17 13:02:08.940430,-289.8183
2023-11-17 13:02:08.956050,-282.8637
2023-11-17 13:02:08.971680,-274.1697
2023-11-17 13:02:08.987310,-267.4191
2023-11-17 13:02:09.002930,-264.0214
2023-11-17 13:02:09.018560,-263.4801
2023-11-17 13:02:09.034180,-263.88
2023-11-17 13:02:09.065430,-256.5485
2023-11-17 13:02:09.081060,-243.8394
2023-11-17 13:02:09.096690,-224.7106
2023-11-17 13:02:09.112310,-202.0271
2023-11-17 13:02:09.127940,-180.3536
2023-11-17 13:02:09.143560,-163.8256
2023-11-17 13:02:09.159190,-154.0406
2023-11-17 13:02:09.174820,-149.8284
2023-11-17 13:02:09.190440,-148.5584
2023-11-17 13:02:09.206070,-147.8613
2023-11-17 13:02:09.221690,-146.647
2023-11-17 13:02:09.237320,-144.7829
2023-11-17 13:02:09.252940,-141.8869
2023-11-17 13:02:09.268570,-136.6213
2023-11-17 13:02:09.284200,-126.7072
2023-11-17 13:02:09.299820,-109.5737
2023-11-17 13:02:09.315450,-83.28299
2023-11-17 13:02:09.331070,-47.09799
2023-11-17 13:02:09.346700,-1.643448
2023-11-17 13:02:09.362320,50.87798
2023-11-17 13:02:09.377950,106.6014
2023-11-17 13:02:09.393580,160.2391
2023-11-17 13:02:09.409200,205.6922
2023-11-17 13:02:09.424830,237.7603
2023-11-17 13:02:09.440450,254.1769
2023-11-17 13:02:09.456080,256.5946
2023-11-17 13:02:09.471700,250.092
2023-11-17 13:02:09.487330,240.843
2023-11-17 13:02:09.502960,233.3883
2023-11-17 13:02:09.518580,228.9083
2023-11-17 13:02:09.534210,225.513
2023-11-17 13:02:09.549830,219.9808
2023-11-17 13:02:09.565460,209.8637
2023-11-17 13:02:09.581080,194.873
2023-11-17 13:02:09.596710,177.0475
2023-11-17 13:02:09.612340,160.2649
2023-11-17 13:02:09.627960,149.0746
2023-11-17 13:02:09.643590,146.9389
2023-11-17 13:02:09.659210,154.2706
2023-11-17 13:02:09.674840,167.3678
2023-11-17 13:02:09.690460,178.9042
2023-11-17 13:02:09.706090,180.1105
2023-11-17 13:02:09.721720,164.508
2023-11-17 13:02:09.737340,130.5164
2023-11-17 13:02:09.752970,82.99083
2023-11-17 13:02:09.768590,32.0191
2023-11-17 13:02:09.784220,-11.01456
2023-11-17 13:02:09.799840,-37.80849
2023-11-17 13:02:09.815470,-46.15251
2023-11-17 13:02:09.831100,-39.60524
2023-11-17 13:02:09.846720,-24.63045
2023-11-17 13:02:09.862350,-7.456146
2023-11-17 13:02:09.877970,7.351486
2023-11-17 13:02:09.893600,17.3808
2023-11-17 13:02:09.909220,22.69087
2023-11-17 13:02:09.924850,25.18774
2023-11-17 13:02:09.940480,27.32365
2023-11-17 13:02:09.956100,30.53633
2023-11-17 13:02:09.971730,34.5065
2023-11-17 13:02:09.987350,37.36064
2023-11-17 13:02:10.002980,36.63081
2023-11-17 13:02:10.018600,29.64876
2023-11-17 13:02:10.034230,13.77682
2023-11-17 13:02:10.049860,-11.8132
2023-11-17 13:02:10.065480,-46.13587
2023-11-17 13:02:10.081110,-87.4717
2023-11-17 13:02:10.096730,-134.4331
2023-11-17 13:02:10.127980,-239.6601
2023-11-17 13:02:10.143610,-287.0555
2023-11-17 13:02:10.159240,-315.267
2023-11-17 13:02:10.174860,-315.5536
2023-11-17 13:02:10.190490,-287.2141
2023-11-17 13:02:10.206110,-235.3417
2023-11-17 13:02:10.221740,-165.7747
2023-11-17 13:02:10.237360,-83.53073
2023-11-17 13:02:10.252990,5.842262
2023-11-17 13:02:10.268620,95.08231
2023-11-17 13:02:10.284240,178.3594
2023-11-17 13:02:10.299870,251.0221
2023-11-17 13:02:10.315490,307.0738
2023-11-17 13:02:10.331120,342.2563
2023-11-17 13:02:10.346740,355.5371
2023-11-17 13:02:10.362370,348.8879
2023-11-17 13:02:10.378000,326.3733
2023-11-17 13:02:10.393620,293.5538
2023-11-17 13:02:10.409250,257.2717
2023-11-17 13:02:10.424870,218.2444
2023-11-17 13:02:10.440500,181.2219
2023-11-17 13:02:10.456120,148.9498
2023-11-17 13:02:10.471750,121.5717
2023-11-17 13:02:10.487380,97.09329
2023-11-17 13:02:10.503000,72.15587
2023-11-17 13:02:10.518630,43.23377
2023-11-17 13:02:10.534250,7.865845
2023-11-17 13:02:10.549880,-34.11502
2023-11-17 13:02:10.565500,-80.63644
2023-11-17 13:02:10.581130,-127.3094
2023-11-17 13:02:10.596760,-169.6747
2023-11-17 13:02:10.612380,-203.0893
2023-11-17 13:02:10.628010,-223.262
2023-11-17 13:02:10.643630,-227.4663
2023-11-17 13:02:10.659260,-215.6278
2023-11-17 13:02:10.674880,-190.902
2023-11-17 13:02:10.690510,-159.0817
2023-11-17 13:02:10.706140,-128.0139
2023-11-17 13:02:10.721760,-103.9887
2023-11-17 13:02:10.737390,-90.51338
2023-11-17 13:02:10.753010,-86.63045
2023-11-17 13:02:10.768640,-87.84891
2023-11-17 13:02:10.784260,-88.84459
2023-11-17 13:02:10.799890,-86.02634
2023-11-17 13:02:10.815520,-78.90332
2023-11-17 13:02:10.831140,-69.44748
2023-11-17 13:02:10.846770,-61.90079
2023-11-17 13:02:10.862390,-57.88087
2023-11-17 13:02:10.878020,-55.3466
2023-11-17 13:02:10.893640,-49.33057
2023-11-17 13:02:10.909270,-35.3808
2023-11-17 13:02:10.924900,-12.67413
2023-11-17 13:02:10.940520,15.3671
2023-11-17 13:02:10.956150,42.57224
2023-11-17 13:02:10.971770,63.09869
2023-11-17 13:02:10.987400,70.99026
2023-11-17 13:02:11.003020,65.3329
2023-11-17 13:02:11.018650,50.10339
2023-11-17 13:02:11.034280,31.60179
2023-11-17 13:02:11.049900,14.05258
2023-11-17 13:02:11.065530,-2.712021
2023-11-17 13:02:11.081150,-21.93694
2023-11-17 13:02:11.096780,-47.06342
2023-11-17 13:02:11.112400,-78.78616
2023-11-17 13:02:11.128030,-118.4166
2023-11-17 13:02:11.143660,-164.2322
2023-11-17 13:02:11.159280,-212.0827
2023-11-17 13:02:11.174910,-257.1749
2023-11-17 13:02:11.190530,-296.3934
2023-11-17 13:02:11.206160,-328.5081
2023-11-17 13:02:11.221780,-352.1595
2023-11-17 13:02:11.237410,-364.9439
2023-11-17 13:02:11.253040,-341.7261
2023-11-17 13:02:11.268660,-271.9088
2023-11-17 13:02:11.284290,-167.5625
2023-11-17 13:02:11.299910,-57.2495
2023-11-17 13:02:11.315540,33.71298
2023-11-17 13:02:11.331160,94.79753
2023-11-17 13:02:11.346790,127.7242
2023-11-17 13:02:11.362420,139.8716
2023-11-17 13:02:11.378040,137.5742
2023-11-17 13:02:11.393670,127.3987
2023-11-17 13:02:11.409290,110.8367
2023-11-17 13:02:11.424920,90.69737
2023-11-17 13:02:11.440550,73.08112
2023-11-17 13:02:11.456170,65.72919
2023-11-17 13:02:11.471800,73.68896
2023-11-17 13:02:11.487420,95.80301
2023-11-17 13:02:11.503050,126.6476
2023-11-17 13:02:11.518670,155.8628
2023-11-17 13:02:11.534300,173.1033
2023-11-17 13:02:11.549930,168.7843
2023-11-17 13:02:11.565550,140.5823
2023-11-17 13:02:11.581180,95.01522
2023-11-17 13:02:11.596800,44.78053
2023-11-17 13:02:11.612430,2.866882
2023-11-17 13:02:11.628050,-22.7647
2023-11-17 13:02:11.643680,-31.25319
2023-11-17 13:02:11.659310,-28.19375
2023-11-17 13:02:11.674930,-21.93388
2023-11-17 13:02:11.690560,-21.61334
2023-11-17 13:02:11.706180,-31.57188
2023-11-17 13:02:11.721810,-49.12127
2023-11-17 13:02:11.737430,-65.97379
2023-11-17 13:02:11.753060,-72.31682
2023-11-17 13:02:11.768690,-61.20473
2023-11-17 13:02:11.784310,-31.13069
2023-11-17 13:02:11.799940,13.67614
2023-11-17 13:02:11.815560,65.29968
2023-11-17 13:02:11.831190,114.3001
2023-11-17 13:02:11.846810,153.4242
2023-11-17 13:02:11.862440,179.4604
2023-11-17 13:02:11.878070,192.6362
2023-11-17 13:02:11.893690,194.5926
2023-11-17 13:02:11.909320,186.32
2023-11-17 13:02:11.924940,167.4743
2023-11-17 13:02:11.940570,136.6843
2023-11-17 13:02:11.956190,92.65694
2023-11-17 13:02:11.971820,35.31437
2023-11-17 13:02:11.987450,-32.82495
2023-11-17 13:02:12.003070,-106.2443
2023-11-17 13:02:12.018700,-177.1826
2023-11-17 13:02:12.034320,-237.4801
2023-11-17 13:02:12.049950,-280.9716
2023-11-17 13:02:12.065570,-305.2708
2023-11-17 13:02:12.081200,-312.3138
2023-11-17 13:02:12.096830,-307.4893
2023-11-17 13:02:12.112450,-297.4786
2023-11-17 13:02:12.128080,-288.1777
2023-11-17 13:02:12.143700,-283.2161
2023-11-17 13:02:12.159330,-283.7896
2023-11-17 13:02:12.174950,-289.4209
2023-11-17 13:02:12.190580,-298.8886
2023-11-17 13:02:12.206210,-310.6694
2023-11-17 13:02:12.221830,-322.7845
2023-11-17 13:02:12.237460,-332.8039
2023-11-17 13:02:12.253080,-337.87
2023-11-17 13:02:12.268710,-335.5811
2023-11-17 13:02:12.284330,-325.0975
2023-11-17 13:02:12.299960,-307.6323
2023-11-17 13:02:12.315590,-286.0008
2023-11-17 13:02:12.331210,-263.4152
2023-11-17 13:02:12.346840,-242.11
2023-11-17 13:02:12.362460,-222.2092
2023-11-17 13:02:12.378090,-201.6839
2023-11-17 13:02:12.393710,-177.0422
2023-11-17 13:02:12.409340,-144.91
2023-11-17 13:02:12.424970,-103.8018
2023-11-17 13:02:12.440590,-55.16037
2023-11-17 13:02:12.471840,46.82962
2023-11-17 13:02:12.487470,90.0589
2023-11-17 13:02:12.503090,124.415
2023-11-17 13:02:12.518720,150.6628
2023-11-17 13:02:12.534350,171.7386
2023-11-17 13:02:12.549970,191.3534
2023-11-17 13:02:12.565600,212.3693
2023-11-17 13:02:12.581220,235.8832
2023-11-17 13:02:12.596850,260.2681
2023-11-17 13:02:12.612470,280.9643
2023-11-17 13:02:12.628100,291.293
2023-11-17 13:02:12.643730,284.509
2023-11-17 13:02:12.659350,257.1118
2023-11-17 13:02:12.674980,211.5787
2023-11-17 13:02:12.690600,156.4417
2023-11-17 13:02:12.706230,102.8299
2023-11-17 13:02:12.721850,59.6098
2023-11-17 13:02:12.737480,29.19055
2023-11-17 13:02:12.753110,7.246887
2023-11-17 13:02:12.768730,-13.4035
2023-11-17 13:02:12.784360,-37.47021
2023-11-17 13:02:12.799980,-63.65967
2023-11-17 13:02:12.815610,-85.26215
2023-11-17 13:02:12.831230,-94.0437
2023-11-17 13:02:12.846860,-84.62726
2023-11-17 13:02:12.862490,-56.12585
2023-11-17 13:02:12.878110,-10.77161
2023-11-17 13:02:12.893740,49.03033
2023-11-17 13:02:12.909360,122.2049
2023-11-17 13:02:12.924990,207.9236
2023-11-17 13:02:12.940610,302.8652
2023-11-17 13:02:12.956240,399.7284
2023-11-17 13:02:12.971870,488.3534
2023-11-17 13:02:12.987490,559.4714
2023-11-17 13:02:13.003120,608.5774
2023-11-17 13:02:13.018740,637.05
2023-11-17 13:02:13.034370,650.5804
2023-11-17 13:02:13.049990,655.5176
2023-11-17 13:02:13.065620,655.7104
2023-11-17 13:02:13.081250,651.3617
2023-11-17 13:02:13.096870,639.9237
2023-11-17 13:02:13.112500,617.9606
2023-11-17 13:02:13.128120,582.8209
2023-11-17 13:02:13.143750,533.6674
2023-11-17 13:02:13.159370,471.5314
2023-11-17 13:02:13.175000,399.491
2023-11-17 13:02:13.190630,322.2937
2023-11-17 13:02:13.206250,245.5646
2023-11-17 13:02:13.221880,174.6421
2023-11-17 13:02:13.237500,112.9166
2023-11-17 13:02:13.253130,60.52515
2023-11-17 13:02:13.268750,14.27612
2023-11-17 13:02:13.284380,-31.172
2023-11-17 13:02:13.300010,-81.22272
2023-11-17 13:02:13.315630,-139.303
2023-11-17 13:02:13.331260,-205.7397
2023-11-17 13:02:13.346880,-277.8745
2023-11-17 13:02:13.362510,-350.9383
2023-11-17 13:02:13.378130,-419.6127
2023-11-17 13:02:13.393760,-479.261
2023-11-17 13:02:13.409390,-526.6147
2023-11-17 13:02:13.425010,-559.3772
2023-11-17 13:02:13.440640,-575.2961
2023-11-17 13:02:13.456260,-571.3569
2023-11-17 13:02:13.471890,-544.2486
2023-11-17 13:02:13.487510,-492.0693
2023-11-17 13:02:13.503140,-416.3647
2023-11-17 13:02:13.518770,-323.5184
2023-11-17 13:02:13.534390,-223.5869
2023-11-17 13:02:13.550020,-127.3167
2023-11-17 13:02:13.565640,-42.69336
2023-11-17 13:02:13.596890,82.53394
2023-11-17 13:02:13.612520,127.2654
2023-11-17 13:02:13.628150,163.6114
2023-11-17 13:02:13.643770,192.3256
2023-11-17 13:02:13.659400,212.6322
2023-11-17 13:02:13.675020,224.0116
2023-11-17 13:02:13.690650,227.7159
2023-11-17 13:02:13.706270,226.9333
2023-11-17 13:02:13.721900,225.6691
2023-11-17 13:02:13.737530,226.9862
2023-11-17 13:02:13.753150,231.5986
2023-11-17 13:02:13.768780,237.5948
2023-11-17 13:02:13.784400,241.4479
2023-11-17 13:02:13.800030,239.5639
2023-11-17 13:02:13.815650,229.9667
2023-11-17 13:02:13.831280,212.9625
2023-11-17 13:02:13.846910,190.8563
2023-11-17 13:02:13.862530,166.8187
2023-11-17 13:02:13.878160,143.7573
2023-11-17 13:02:13.893780,123.3301
2023-11-17 13:02:13.909410,105.6345
2023-11-17 13:02:13.925040,89.76135
2023-11-17 13:02:13.940660,74.36365
2023-11-17 13:02:13.956290,58.3244
2023-11-17 13:02:13.971910,40.78503
2023-11-17 13:02:13.987540,21.21399
2023-11-17 13:02:14.003160,-0.7332153
2023-11-17 13:02:14.018790,-25.0289
2023-11-17 13:02:14.034420,-51.42764
2023-11-17 13:02:14.050040,-79.51404
2023-11-17 13:02:14.065670,-108.6894
2023-11-17 13:02:14.081290,-138.1241
2023-11-17 13:02:14.096920,-166.6525
2023-11-17 13:02:14.112540,-193.0027
2023-11-17 13:02:14.128170,-215.7774
2023-11-17 13:02:14.143800,-233.7014
2023-11-17 13:02:14.159420,-245.4951
2023-11-17 13:02:14.175050,-250.6861
2023-11-17 13:02:14.190670,-249.977
2023-11-17 13:02:14.206300,-245.3216
2023-11-17 13:02:14.221920,-239.6978
2023-11-17 13:02:14.237550,-236.4389
2023-11-17 13:02:14.253180,-238.8285
2023-11-17 13:02:14.268800,-248.9642
2023-11-17 13:02:14.284430,-267.0963
2023-11-17 13:02:14.300050,-290.1163
2023-11-17 13:02:14.315680,-313.2848
2023-11-17 13:02:14.331300,-331.8102
2023-11-17 13:02:14.346930,-342.0536
2023-11-17 13:02:14.362560,-341.9208
2023-11-17 13:02:14.378180,-330.7409
2023-11-17 13:02:14.393810,-309.2766
2023-11-17 13:02:14.409430,-278.7461
2023-11-17 13:02:14.425060,-241.4359
2023-11-17 13:02:14.440680,-198.2517
2023-11-17 13:02:14.456310,-151.2764
2023-11-17 13:02:14.471940,-104.5417
2023-11-17 13:02:14.487560,-63.09576
2023-11-17 13:02:14.503190,-30.93857
2023-11-17 13:02:14.518810,-9.082489
2023-11-17 13:02:14.534440,4.007263
2023-11-17 13:02:14.550060,13.34875
2023-11-17 13:02:14.565690,24.58749
2023-11-17 13:02:14.581320,46.30731
2023-11-17 13:02:14.596940,83.34833
2023-11-17 13:02:14.612570,133.2819
2023-11-17 13:02:14.628190,186.2511
2023-11-17 13:02:14.643820,229.3152
2023-11-17 13:02:14.659440,252.8523
2023-11-17 13:02:14.675070,254.1559
2023-11-17 13:02:14.690700,241.4714
2023-11-17 13:02:14.706320,228.5797
2023-11-17 13:02:14.721950,234.0301
2023-11-17 13:02:14.753200,333.6124
2023-11-17 13:02:14.768820,415.0276
2023-11-17 13:02:14.784450,497.8177
2023-11-17 13:02:14.800080,570.3352
2023-11-17 13:02:14.815700,626.6846
2023-11-17 13:02:14.831330,669.0623
2023-11-17 13:02:14.846950,667.255
2023-11-17 13:02:14.862580,602.5276
2023-11-17 13:02:14.878200,476.9548
2023-11-17 13:02:14.893830,315.0523
2023-11-17 13:02:14.909460,147.4191
2023-11-17 13:02:14.925080,-4.408844
2023-11-17 13:02:14.940710,-120.9565
2023-11-17 13:02:14.956330,-209.1814
2023-11-17 13:02:14.971960,-275.153
2023-11-17 13:02:14.987580,-323.1221
2023-11-17 13:02:15.003210,-351.0633
2023-11-17 13:02:15.018840,-357.1981
2023-11-17 13:02:15.034460,-341.5747
2023-11-17 13:02:15.050090,-307.1885
2023-11-17 13:02:15.065710,-259.2711
2023-11-17 13:02:15.081340,-204.0068
2023-11-17 13:02:15.096960,-149.8232
2023-11-17 13:02:15.112590,-102.9854
2023-11-17 13:02:15.128220,-69.07004
2023-11-17 13:02:15.143840,-47.04779
2023-11-17 13:02:15.159470,-33.04831
2023-11-17 13:02:15.175090,-22.66666
2023-11-17 13:02:15.190720,-13.34937
2023-11-17 13:02:15.206340,-4.399292
2023-11-17 13:02:15.221970,4.067169
2023-11-17 13:02:15.237600,10.48174
2023-11-17 13:02:15.253220,15.2679
2023-11-17 13:02:15.268850,18.53758
2023-11-17 13:02:15.284470,22.22847
2023-11-17 13:02:15.300100,26.88408
2023-11-17 13:02:15.315720,30.72215
2023-11-17 13:02:15.331350,30.14856
2023-11-17 13:02:15.346980,22.0845
2023-11-17 13:02:15.362600,6.418053
2023-11-17 13:02:15.378230,-14.54939
2023-11-17 13:02:15.393850,-35.61221
2023-11-17 13:02:15.409480,-52.2445
2023-11-17 13:02:15.425100,-61.35661
2023-11-17 13:02:15.440730,-63.52995
2023-11-17 13:02:15.456360,-62.64156
2023-11-17 13:02:15.471980,-64.26096
2023-11-17 13:02:15.487610,-73.08353
2023-11-17 13:02:15.503230,-90.97529
2023-11-17 13:02:15.518860,-117.1334
2023-11-17 13:02:15.534480,-148.209
2023-11-17 13:02:15.550110,-180.4695
2023-11-17 13:02:15.565740,-210.5507
2023-11-17 13:02:15.581360,-236.4382
2023-11-17 13:02:15.596990,-257.348
2023-11-17 13:02:15.612610,-273.245
2023-11-17 13:02:15.628240,-284.2728
2023-11-17 13:02:15.643860,-290.6252
2023-11-17 13:02:15.659490,-292.9661
2023-11-17 13:02:15.675120,-292.2842
2023-11-17 13:02:15.690740,-290.2404
2023-11-17 13:02:15.706370,-288.9461
2023-11-17 13:02:15.721990,-290.3998
2023-11-17 13:02:15.737620,-295.5131
2023-11-17 13:02:15.753240,-303.2322
2023-11-17 13:02:15.768870,-310.3768
2023-11-17 13:02:15.784500,-312.3819
2023-11-17 13:02:15.800120,-304.8225
2023-11-17 13:02:15.815750,-284.7525
2023-11-17 13:02:15.831370,-251.4022
2023-11-17 13:02:15.862620,-150.5073
2023-11-17 13:02:15.878250,-87.46729
2023-11-17 13:02:15.893880,-18.91928
2023-11-17 13:02:15.909500,52.95052
2023-11-17 13:02:15.925130,125.7376
2023-11-17 13:02:15.940750,196.6886
2023-11-17 13:02:15.956380,262.9851
2023-11-17 13:02:15.972000,322.0402
2023-11-17 13:02:15.987630,371.6334
2023-11-17 13:02:16.003260,409.9656
2023-11-17 13:02:16.018880,435.8483
2023-11-17 13:02:16.034510,449.1366
2023-11-17 13:02:16.050130,451.4072
2023-11-17 13:02:16.065760,445.9714
2023-11-17 13:02:16.081380,436.9377
2023-11-17 13:02:16.097010,427.5662
2023-11-17 13:02:16.112640,418.7867
2023-11-17 13:02:16.128260,408.9302
2023-11-17 13:02:16.143890,394.8728
2023-11-17 13:02:16.159510,373.8678
2023-11-17 13:02:16.175140,345.1037
2023-11-17 13:02:16.190760,310.0056
2023-11-17 13:02:16.206390,271.1468
2023-11-17 13:02:16.222020,230.6696
2023-11-17 13:02:16.237640,189.4879
2023-11-17 13:02:16.253270,147.4282
2023-11-17 13:02:16.268890,104.4144
2023-11-17 13:02:16.284520,61.46439
2023-11-17 13:02:16.300150,20.71121
2023-11-17 13:02:16.315770,-15.48114
2023-11-17 13:02:16.331400,-45.97934
2023-11-17 13:02:16.347020,-71.59949
2023-11-17 13:02:16.362650,-94.46094
2023-11-17 13:02:16.378270,-116.3505
2023-11-17 13:02:16.393900,-137.0392
2023-11-17 13:02:16.409530,-153.8919
2023-11-17 13:02:16.425150,-162.9388
2023-11-17 13:02:16.440780,-160.765
2023-11-17 13:02:16.456400,-145.6497
2023-11-17 13:02:16.472030,-118.0658
2023-11-17 13:02:16.487650,-80.53006
2023-11-17 13:02:16.503280,-37.34769
2023-11-17 13:02:16.518910,5.739212
2023-11-17 13:02:16.534530,41.83144
2023-11-17 13:02:16.550160,63.89728
2023-11-17 13:02:16.565780,66.60921
2023-11-17 13:02:16.581410,48.59865
2023-11-17 13:02:16.597030,14.67958
2023-11-17 13:02:16.612660,-25.28262
2023-11-17 13:02:16.628290,-60.16724
2023-11-17 13:02:16.643910,-82.31529
2023-11-17 13:02:16.659540,-90.21657
2023-11-17 13:02:16.675160,-87.81382
2023-11-17 13:02:16.690790,-81.32174
2023-11-17 13:02:16.706410,-75.52732
2023-11-17 13:02:16.722040,-71.87858
2023-11-17 13:02:16.737670,-68.36563
2023-11-17 13:02:16.753290,-62.78937
2023-11-17 13:02:16.768920,-56.66885
2023-11-17 13:02:16.784540,-56.41935
2023-11-17 13:02:16.800170,-70.17056
2023-11-17 13:02:16.815790,-102.1299
2023-11-17 13:02:16.831420,-148.9465
2023-11-17 13:02:16.847050,-200.0483
2023-11-17 13:02:16.862670,-241.5328
2023-11-17 13:02:16.878300,-260.3198
2023-11-17 13:02:16.893920,-248.5626
2023-11-17 13:02:16.909550,-206.1328
2023-11-17 13:02:16.925170,-139.8885
2023-11-17 13:02:16.940800,-60.14588
2023-11-17 13:02:16.956430,23.69043
2023-11-17 13:02:16.972050,104.6418
2023-11-17 13:02:16.987680,177.5209
2023-11-17 13:02:17.018930,252.1389
2023-11-17 13:02:17.034550,235.2426
2023-11-17 13:02:17.050180,188.9836
2023-11-17 13:02:17.065810,131.0983
2023-11-17 13:02:17.081430,77.97588
2023-11-17 13:02:17.097060,39.57521
2023-11-17 13:02:17.112680,19.13126
2023-11-17 13:02:17.128310,15.30338
2023-11-17 13:02:17.143930,23.75113
2023-11-17 13:02:17.159560,40.33327
2023-11-17 13:02:17.175190,61.78759
2023-11-17 13:02:17.190810,84.75949
2023-11-17 13:02:17.206440,106.1977
2023-11-17 13:02:17.222060,121.4228
2023-11-17 13:02:17.237690,127.1276
2023-11-17 13:02:17.253310,122.6713
2023-11-17 13:02:17.268940,109.8932
2023-11-17 13:02:17.284570,91.72149
2023-11-17 13:02:17.300190,71.98212
2023-11-17 13:02:17.315820,53.91844
2023-11-17 13:02:17.331440,38.74052
2023-11-17 13:02:17.347070,24.87757
2023-11-17 13:02:17.362690,8.604256
2023-11-17 13:02:17.378320,-13.78282
2023-11-17 13:02:17.393950,-45.2673
2023-11-17 13:02:17.409570,-83.98344
2023-11-17 13:02:17.425200,-126.128
2023-11-17 13:02:17.440820,-164.8224
2023-11-17 13:02:17.456450,-191.3867
2023-11-17 13:02:17.472070,-198.0381
2023-11-17 13:02:17.487700,-180.872
2023-11-17 13:02:17.503330,-141.7982
2023-11-17 13:02:17.518950,-88.11942
2023-11-17 13:02:17.534580,-30.89203
2023-11-17 13:02:17.550200,18.14233
2023-11-17 13:02:17.565830,49.31678
2023-11-17 13:02:17.581450,58.17568
2023-11-17 13:02:17.597080,45.78108
2023-11-17 13:02:17.612710,16.93552
2023-11-17 13:02:17.628330,-22.33287
2023-11-17 13:02:17.643960,-66.67546
2023-11-17 13:02:17.659580,-111.575
2023-11-17 13:02:17.675210,-152.9564
2023-11-17 13:02:17.690830,-186.6138
2023-11-17 13:02:17.706460,-209.0079
2023-11-17 13:02:17.722090,-217.9091
2023-11-17 13:02:17.737710,-213.7452
2023-11-17 13:02:17.753340,-200.2587
2023-11-17 13:02:17.768960,-183.6196
2023-11-17 13:02:17.784590,-169.8016
2023-11-17 13:02:17.800210,-161.527
2023-11-17 13:02:17.815840,-156.8398
2023-11-17 13:02:17.831470,-150.1871
2023-11-17 13:02:17.847090,-135.5656
2023-11-17 13:02:17.862720,-109.4825
2023-11-17 13:02:17.878340,-72.33739
2023-11-17 13:02:17.893970,-28.15807
2023-11-17 13:02:17.909590,17.45143
2023-11-17 13:02:17.925220,59.32101
2023-11-17 13:02:17.940850,94.31366
2023-11-17 13:02:17.956470,121.6011
2023-11-17 13:02:17.972100,141.9426
2023-11-17 13:02:17.987720,156.8009
2023-11-17 13:02:18.003350,167.7824
2023-11-17 13:02:18.018970,176.3452
2023-11-17 13:02:18.034600,183.3576
2023-11-17 13:02:18.050230,188.9365
2023-11-17 13:02:18.065850,192.3446
2023-11-17 13:02:18.097100,187.6184
2023-11-17 13:02:18.112730,177.564
2023-11-17 13:02:18.128350,162.5731
2023-11-17 13:02:18.143980,144.0731
2023-11-17 13:02:18.159610,124.2405
2023-11-17 13:02:18.175230,105.2822
2023-11-17 13:02:18.190860,88.99057
2023-11-17 13:02:18.206480,76.2393
2023-11-17 13:02:18.222110,66.93626
2023-11-17 13:02:18.237730,60.00281
2023-11-17 13:02:18.253360,53.80904
2023-11-17 13:02:18.268990,46.75177
2023-11-17 13:02:18.284610,37.71216
2023-11-17 13:02:18.300240,26.53091
2023-11-17 13:02:18.315860,13.90016
2023-11-17 13:02:18.331490,1.050644
2023-11-17 13:02:18.347110,-10.76964
2023-11-17 13:02:18.362740,-20.5683
2023-11-17 13:02:18.378370,-27.68456
2023-11-17 13:02:18.393990,-31.66948
2023-11-17 13:02:18.409620,-32.15605
2023-11-17 13:02:18.425240,-29.27022
2023-11-17 13:02:18.440870,-23.99115
2023-11-17 13:02:18.456500,-18.37808
2023-11-17 13:02:18.472120,-15.28258
2023-11-17 13:02:18.487750,-17.19099
2023-11-17 13:02:18.503370,-24.75432
2023-11-17 13:02:18.519000,-35.86205
2023-11-17 13:02:18.534620,-46.01241
2023-11-17 13:02:18.550250,-49.83154
2023-11-17 13:02:18.565880,-43.49402
2023-11-17 13:02:18.581500,-26.36591
2023-11-17 13:02:18.597130,-1.368195
2023-11-17 13:02:18.612750,26.24289
2023-11-17 13:02:18.628380,51.31177
2023-11-17 13:02:18.644000,70.97357
2023-11-17 13:02:18.659630,85.57596
2023-11-17 13:02:18.675260,97.79901
2023-11-17 13:02:18.690880,110.8227
2023-11-17 13:02:18.706510,126.3078
2023-11-17 13:02:18.722130,143.5911
2023-11-17 13:02:18.737760,160.2178
2023-11-17 13:02:18.753380,173.5148
2023-11-17 13:02:18.769010,182.2373
2023-11-17 13:02:18.784640,187.2386
2023-11-17 13:02:18.800260,190.8495
2023-11-17 13:02:18.815890,195.3412
2023-11-17 13:02:18.831510,201.5876
2023-11-17 13:02:18.847140,208.509
2023-11-17 13:02:18.862760,213.6442
2023-11-17 13:02:18.878390,214.292
2023-11-17 13:02:18.894020,208.4493
2023-11-17 13:02:18.909640,195.2386
2023-11-17 13:02:18.925270,174.6627
2023-11-17 13:02:18.940890,147.2683
2023-11-17 13:02:18.956520,114.0599
2023-11-17 13:02:18.972140,76.60358
2023-11-17 13:02:18.987770,37.04779
2023-11-17 13:02:19.003400,-2.034607
2023-11-17 13:02:19.019020,-38.11218
2023-11-17 13:02:19.034650,-69.29529
2023-11-17 13:02:19.050270,-94.55219
2023-11-17 13:02:19.065900,-113.7723
2023-11-17 13:02:19.081520,-127.4802
2023-11-17 13:02:19.097150,-136.5211
2023-11-17 13:02:19.112780,-142.037
2023-11-17 13:02:19.128400,-145.5573
2023-11-17 13:02:19.144030,-148.8264
2023-11-17 13:02:19.159650,-153.4882
2023-11-17 13:02:19.175280,-160.6995
2023-11-17 13:02:19.190900,-170.7068
2023-11-17 13:02:19.206530,-182.9963
2023-11-17 13:02:19.222160,-196.6304
2023-11-17 13:02:19.237780,-210.6451
2023-11-17 13:02:19.253410,-224.4495
2023-11-17 13:02:19.269030,-237.9891
2023-11-17 13:02:19.284660,-251.5643
2023-11-17 13:02:19.315910,-279.788
2023-11-17 13:02:19.331540,-294.2167
2023-11-17 13:02:19.347160,-308.3052
2023-11-17 13:02:19.362790,-321.5178
2023-11-17 13:02:19.378410,-333.1168
2023-11-17 13:02:19.394040,-341.9366
2023-11-17 13:02:19.409660,-346.2517
2023-11-17 13:02:19.425290,-344.0144
2023-11-17 13:02:19.440920,-333.4568
2023-11-17 13:02:19.456540,-313.9131
2023-11-17 13:02:19.472170,-286.2379
2023-11-17 13:02:19.487790,-252.5705
2023-11-17 13:02:19.503420,-215.5599
2023-11-17 13:02:19.519040,-177.4647
2023-11-17 13:02:19.534670,-139.7475
2023-11-17 13:02:19.550300,-103.225
2023-11-17 13:02:19.565920,-68.75653
2023-11-17 13:02:19.581550,-37.75012
2023-11-17 13:02:19.597170,-12.12799
2023-11-17 13:02:19.612800,6.266663
2023-11-17 13:02:19.628420,16.55035
2023-11-17 13:02:19.644050,19.25922
2023-11-17 13:02:19.659680,16.26581
2023-11-17 13:02:19.675300,9.964966
2023-11-17 13:02:19.690930,2.56897
2023-11-17 13:02:19.706550,-4.40448
2023-11-17 13:02:19.722180,-10.12634
2023-11-17 13:02:19.737800,-14.05408
2023-11-17 13:02:19.753430,-15.67273
2023-11-17 13:02:19.769060,-14.362
2023-11-17 13:02:19.784680,-9.695557
2023-11-17 13:02:19.800310,-1.708801
2023-11-17 13:02:19.815930,8.81958
2023-11-17 13:02:19.831560,20.55658
2023-11-17 13:02:19.847180,32.05353
2023-11-17 13:02:19.862810,42.13049
2023-11-17 13:02:19.878440,50.2691
2023-11-17 13:02:19.894060,56.65033
2023-11-17 13:02:19.909690,61.92017
2023-11-17 13:02:19.925310,66.79883
2023-11-17 13:02:19.940940,71.88806
2023-11-17 13:02:19.956560,77.45508
2023-11-17 13:02:19.972190,83.46368
2023-11-17 13:02:19.987820,89.70337
2023-11-17 13:02:20.003440,95.77643
2023-11-17 13:02:20.019070,101.2902
2023-11-17 13:02:20.034690,105.9443
2023-11-17 13:02:20.050320,109.6734
2023-11-17 13:02:20.065940,112.7003
2023-11-17 13:02:20.081570,115.4662
2023-11-17 13:02:20.097200,118.4489
2023-11-17 13:02:20.112820,121.8764
2023-11-17 13:02:20.128450,125.6111
2023-11-17 13:02:20.144070,129.126
2023-11-17 13:02:20.159700,131.8395
2023-11-17 13:02:20.175320,133.3212
2023-11-17 13:02:20.190950,133.5062
2023-11-17 13:02:20.206580,132.6697
2023-11-17 13:02:20.222200,131.1379
2023-11-17 13:02:20.237830,129.1479
2023-11-17 13:02:20.253450,126.6523
2023-11-17 13:02:20.269080,123.406
2023-11-17 13:02:20.284700,119.0844
2023-11-17 13:02:20.300330,113.5913
2023-11-17 13:02:20.315960,107.1494
2023-11-17 13:02:20.331580,100.2122
2023-11-17 13:02:20.347210,93.29822
2023-11-17 13:02:20.362830,86.68723
2023-11-17 13:02:20.378460,80.36533
2023-11-17 13:02:20.394080,74.06897
2023-11-17 13:02:20.409710,67.47534
2023-11-17 13:02:20.425340,60.45868
2023-11-17 13:02:20.440960,53.1983
2023-11-17 13:02:20.456590,46.1069
2023-11-17 13:02:20.472210,39.52933
2023-11-17 13:02:20.487840,33.5188
2023-11-17 13:02:20.503460,27.88199
2023-11-17 13:02:20.519090,22.37204
2023-11-17 13:02:20.534720,16.94116
2023-11-17 13:02:20.550340,11.73163
2023-11-17 13:02:20.565970,7.000305
2023-11-17 13:02:20.581590,2.923767
2023-11-17 13:02:20.597220,-0.5595703
2023-11-17 13:02:20.612840,-3.732239
2023-11-17 13:02:20.628470,-7.006226
2023-11-17 13:02:20.644100,-10.64954
2023-11-17 13:02:20.659720,-14.66736
2023-11-17 13:02:20.675350,-18.75073
2023-11-17 13:02:20.690970,-22.48615
2023-11-17 13:02:20.706600,-25.50867
2023-11-17 13:02:20.722220,-27.65717
2023-11-17 13:02:20.737850,-28.9696
2023-11-17 13:02:20.753480,-29.64099
2023-11-17 13:02:20.769100,-30.23578
2023-11-17 13:02:20.784730,-31.24701
2023-11-17 13:02:20.800350,-33.00482
2023-11-17 13:02:20.815980,-35.49902
2023-11-17 13:02:20.831600,-38.47424
2023-11-17 13:02:20.847230,-41.40588
2023-11-17 13:02:20.862860,-43.6972
2023-11-17 13:02:20.878480,-44.71692
2023-11-17 13:02:20.894110,-44.05261
2023-11-17 13:02:20.909730,-42.55402
2023-11-17 13:02:20.925360,-41.28925
2023-11-17 13:02:20.940980,-41.23993
2023-11-17 13:02:20.956610,-42.9458
2023-11-17 13:02:20.972240,-46.50171
2023-11-17 13:02:20.987860,-51.54242
2023-11-17 13:02:21.003490,-57.36023
2023-11-17 13:02:21.019110,-62.8952
2023-11-17 13:02:21.034740,-67.1167
2023-11-17 13:02:21.050360,-71.20355
2023-11-17 13:02:21.065990,-76.41449
2023-11-17 13:02:21.081620,-83.69745
2023-11-17 13:02:21.097240,-93.17249
2023-11-17 13:02:21.112870,-104.15
2023-11-17 13:02:21.128490,-115.5934
2023-11-17 13:02:21.144120,-126.1774
2023-11-17 13:02:21.159750,-134.5699
2023-11-17 13:02:21.175370,-139.7922
2023-11-17 13:02:21.191000,-144.6659
2023-11-17 13:02:21.206620,-152.0577
2023-11-17 13:02:21.222250,-163.7863
2023-11-17 13:02:21.237870,-179.6204
2023-11-17 13:02:21.253500,-196.9756
2023-11-17 13:02:21.269130,-212.4889
2023-11-17 13:02:21.284750,-222.6937
2023-11-17 13:02:21.300380,-224.9279
2023-11-17 13:02:21.316000,-217.9632
2023-11-17 13:02:21.331630,-206.058
2023-11-17 13:02:21.347250,-193.3433
2023-11-17 13:02:21.362880,-182.2425
2023-11-17 13:02:21.378510,-173.0473
2023-11-17 13:02:21.394130,-164.8993
2023-11-17 13:02:21.409760,-158.934
2023-11-17 13:02:21.425380,-158.4405
2023-11-17 13:02:21.441010,-167.3502
2023-11-17 13:02:21.456630,-165.7493
2023-11-17 13:02:21.472260,-141.09
2023-11-17 13:02:21.487890,-90.02029
2023-11-17 13:02:21.503510,-20.88947
2023-11-17 13:02:21.519140,52.75659
2023-11-17 13:02:21.534760,119.7526
2023-11-17 13:02:21.550390,171.782
2023-11-17 13:02:21.566010,204.3636
2023-11-17 13:02:21.581640,218.0375
2023-11-17 13:02:21.597270,218.3911
2023-11-17 13:02:21.612890,208.0209
2023-11-17 13:02:21.628520,191.9886
2023-11-17 13:02:21.644140,176.5409
2023-11-17 13:02:21.659770,161.3159
2023-11-17 13:02:21.675390,146.6413
2023-11-17 13:02:21.691020,131.3305
2023-11-17 13:02:21.706650,114.4298
2023-11-17 13:02:21.722270,97.19333
2023-11-17 13:02:21.737900,86.01018
2023-11-17 13:02:21.753520,82.61821
2023-11-17 13:02:21.769150,87.03506
2023-11-17 13:02:21.784770,96.55237
2023-11-17 13:02:21.800400,107.8316
2023-11-17 13:02:21.816030,120.5414
2023-11-17 13:02:21.831650,136.4657
2023-11-17 13:02:21.847280,162.2491
2023-11-17 13:02:21.862900,203.749
2023-11-17 13:02:21.878530,261.0841
2023-11-17 13:02:21.894150,324.2766
2023-11-17 13:02:21.909780,379.1014
2023-11-17 13:02:21.925410,412.1438
2023-11-17 13:02:21.941030,416.7694
2023-11-17 13:02:21.956660,395.8647
2023-11-17 13:02:21.972280,358.3166
2023-11-17 13:02:21.987910,308.5025
2023-11-17 13:02:22.003530,254.7412
2023-11-17 13:02:22.019160,204.6219
2023-11-17 13:02:22.034790,161.0118
2023-11-17 13:02:22.050410,124.1965
2023-11-17 13:02:22.066040,92.40279
2023-11-17 13:02:22.081660,63.81818
2023-11-17 13:02:22.097290,40.36473
2023-11-17 13:02:22.112910,24.59946
2023-11-17 13:02:22.128540,19.06749
2023-11-17 13:02:22.144170,20.27991
2023-11-17 13:02:22.159790,26.83575
2023-11-17 13:02:22.175420,35.51227
2023-11-17 13:02:22.191040,45.74405
2023-11-17 13:02:22.206670,53.23338
2023-11-17 13:02:22.222290,52.85588
2023-11-17 13:02:22.237920,40.86581
2023-11-17 13:02:22.253550,15.90779
2023-11-17 13:02:22.269170,-20.18744
2023-11-17 13:02:22.284800,-62.66837
2023-11-17 13:02:22.300420,-105.9376
2023-11-17 13:02:22.316050,-146.6958
2023-11-17 13:02:22.331670,-183.5543
2023-11-17 13:02:22.347300,-216.8261
2023-11-17 13:02:22.362930,-245.887
2023-11-17 13:02:22.378550,-268.403
2023-11-17 13:02:22.394180,-281.556
2023-11-17 13:02:22.409800,-283.5143
2023-11-17 13:02:22.425430,-274.7385
2023-11-17 13:02:22.441050,-258.7718
2023-11-17 13:02:22.456680,-242.0518
2023-11-17 13:02:22.472310,-231.0246
2023-11-17 13:02:22.487930,-229.8258
2023-11-17 13:02:22.503560,-238.0228
2023-11-17 13:02:22.519180,-251.0694
2023-11-17 13:02:22.534810,-262.765
2023-11-17 13:02:22.550430,-268.018
2023-11-17 13:02:22.566060,-264.892
2023-11-17 13:02:22.581690,-255.5247
2023-11-17 13:02:22.597310,-245.6762
2023-11-17 13:02:22.612940,-241.575
2023-11-17 13:02:22.628560,-246.8186
2023-11-17 13:02:22.644190,-260.4161
2023-11-17 13:02:22.659810,-277.4191
2023-11-17 13:02:22.675440,-291.8439
2023-11-17 13:02:22.691070,-299.9219
2023-11-17 13:02:22.706690,-302.0848
2023-11-17 13:02:22.722320,-302.4561
2023-11-17 13:02:22.753570,-316.2231
2023-11-17 13:02:22.769190,-328.4282
2023-11-17 13:02:22.784820,-334.3742
2023-11-17 13:02:22.800450,-323.7737
2023-11-17 13:02:22.816070,-288.8531
2023-11-17 13:02:22.831700,-227.161
2023-11-17 13:02:22.847320,-142.1439
2023-11-17 13:02:22.862950,-41.73481
2023-11-17 13:02:22.878570,64.19183
2023-11-17 13:02:22.894200,166.2354
2023-11-17 13:02:22.909830,258.3346
2023-11-17 13:02:22.925450,336.2355
2023-11-17 13:02:22.941080,396.7088
2023-11-17 13:02:22.956700,437.4381
2023-11-17 13:02:22.972330,457.7878
2023-11-17 13:02:22.987950,459.7672
2023-11-17 13:02:23.003580,447.855
2023-11-17 13:02:23.019210,428.0035
2023-11-17 13:02:23.034830,406.0477
2023-11-17 13:02:23.050460,388.3841
2023-11-17 13:02:23.066080,378.1261
2023-11-17 13:02:23.081710,374.4917
2023-11-17 13:02:23.097330,373.8056
2023-11-17 13:02:23.112960,371.6612
2023-11-17 13:02:23.128590,365.1631
2023-11-17 13:02:23.144210,353.3804
2023-11-17 13:02:23.159840,337.1093
2023-11-17 13:02:23.175460,318.4489
2023-11-17 13:02:23.191090,302.8619
2023-11-17 13:02:23.206710,294.3224
2023-11-17 13:02:23.222340,293.8187
2023-11-17 13:02:23.237970,299.0959
2023-11-17 13:02:23.253590,306.2384
2023-11-17 13:02:23.269220,312.3751
2023-11-17 13:02:23.284840,316.4445
2023-11-17 13:02:23.300470,319.0235
2023-11-17 13:02:23.316100,303.3198
2023-11-17 13:02:23.331720,263.1214
2023-11-17 13:02:23.347350,204.2444
2023-11-17 13:02:23.362970,139.9277
2023-11-17 13:02:23.378600,80.13918
2023-11-17 13:02:23.394220,27.02023
2023-11-17 13:02:23.409850,-20.47089
2023-11-17 13:02:23.425480,-62.80645
2023-11-17 13:02:23.441100,-98.69168
2023-11-17 13:02:23.456730,-125.9894
2023-11-17 13:02:23.472350,-140.8801
2023-11-17 13:02:23.487980,-144.7652
2023-11-17 13:02:23.503600,-142.8393
2023-11-17 13:02:23.519230,-142.6061
2023-11-17 13:02:23.534860,-151.4631
2023-11-17 13:02:23.550480,-172.1665
2023-11-17 13:02:23.566110,-202.4307
2023-11-17 13:02:23.581730,-236.4824
2023-11-17 13:02:23.597360,-267.706
2023-11-17 13:02:23.612980,-288.99
2023-11-17 13:02:23.628610,-297.161
2023-11-17 13:02:23.644240,-293.7632
2023-11-17 13:02:23.659860,-276.2556
2023-11-17 13:02:23.675490,-246.9456
2023-11-17 13:02:23.691110,-209.0126
2023-11-17 13:02:23.706740,-166.7573
2023-11-17 13:02:23.722360,-125.6962
2023-11-17 13:02:23.737990,-91.7775
2023-11-17 13:02:23.753620,-67.78465
2023-11-17 13:02:23.769240,-53.38306
2023-11-17 13:02:23.784870,-45.10787
2023-11-17 13:02:23.800490,-38.3593
2023-11-17 13:02:23.816120,-30.91764
2023-11-17 13:02:23.831740,-22.61644
2023-11-17 13:02:23.847370,-16.13
2023-11-17 13:02:23.863000,-15.73766
2023-11-17 13:02:23.878620,-25.2148
2023-11-17 13:02:23.894250,-44.7057
2023-11-17 13:02:23.909870,-70.6226
2023-11-17 13:02:23.925500,-96.29019
2023-11-17 13:02:23.941120,-113.8208
2023-11-17 13:02:23.956750,-117.0498
2023-11-17 13:02:23.972380,-101.7336
2023-11-17 13:02:23.988000,-67.4577
2023-11-17 13:02:24.003630,-18.22462
2023-11-17 13:02:24.019250,38.21855
2023-11-17 13:02:24.034880,93.18027
2023-11-17 13:02:24.050500,139.5089
2023-11-17 13:02:24.066130,173.0724
2023-11-17 13:02:24.081760,192.6856
2023-11-17 13:02:24.097380,197.8083
2023-11-17 13:02:24.113010,188.8384
2023-11-17 13:02:24.128630,167.2798
2023-11-17 13:02:24.144260,136.3317
2023-11-17 13:02:24.159880,100.6848
2023-11-17 13:02:24.175510,66.75381
2023-11-17 13:02:24.191140,41.53679
2023-11-17 13:02:24.206760,30.37082
2023-11-17 13:02:24.222390,35.19748
2023-11-17 13:02:24.238010,52.33424
2023-11-17 13:02:24.253640,74.97289
2023-11-17 13:02:24.269260,95.23817
2023-11-17 13:02:24.284890,106.1741
2023-11-17 13:02:24.300520,101.7357
2023-11-17 13:02:24.316140,79.69534
2023-11-17 13:02:24.331770,43.63841
2023-11-17 13:02:24.347390,2.703659
2023-11-17 13:02:24.363020,-30.92969
2023-11-17 13:02:24.378640,-49.87946
2023-11-17 13:02:24.394270,-52.79008
2023-11-17 13:02:24.409900,-44.14214
2023-11-17 13:02:24.425520,-31.84416
2023-11-17 13:02:24.441150,-25.57541
2023-11-17 13:02:24.456770,-31.21558
2023-11-17 13:02:24.472400,-47.98032
2023-11-17 13:02:24.488020,-69.43149
2023-11-17 13:02:24.503650,-85.94389
2023-11-17 13:02:24.519280,-93.23088
2023-11-17 13:02:24.534900,-90.72235
2023-11-17 13:02:24.550530,-79.91223
2023-11-17 13:02:24.566150,-64.09068
2023-11-17 13:02:24.581780,-51.03107
2023-11-17 13:02:24.597400,-49.78537
2023-11-17 13:02:24.613030,-67.31348
2023-11-17 13:02:24.628660,-105.4601
2023-11-17 13:02:24.644280,-158.6288
2023-11-17 13:02:24.659910,-221.248
2023-11-17 13:02:24.675530,-285.7075
2023-11-17 13:02:24.691160,-343.2411
2023-11-17 13:02:24.706780,-366.6368
2023-11-17 13:02:24.722410,-336.9574
2023-11-17 13:02:24.738040,-256.0591
2023-11-17 13:02:24.753660,-147.1858
2023-11-17 13:02:24.769290,-52.43533
2023-11-17 13:02:24.784910,23.16602
2023-11-17 13:02:24.800540,82.54347
2023-11-17 13:02:24.816160,128.5034
2023-11-17 13:02:24.831790,164.9544
2023-11-17 13:02:24.847420,191.8237
2023-11-17 13:02:24.863040,205.8055
2023-11-17 13:02:24.878670,204.5533
2023-11-17 13:02:24.894290,189.0047
2023-11-17 13:02:24.909920,163.413
2023-11-17 13:02:24.925540,134.3893
2023-11-17 13:02:24.941170,102.0831
2023-11-17 13:02:24.956800,63.89746
2023-11-17 13:02:24.972420,18.07765
2023-11-17 13:02:24.988050,-34.37534
2023-11-17 13:02:25.003670,-90.34325
2023-11-17 13:02:25.034920,-185.3356
2023-11-17 13:02:25.050550,-207.9161
2023-11-17 13:02:25.066180,-206.2915
2023-11-17 13:02:25.081800,-184.7724
2023-11-17 13:02:25.097430,-152.5311
2023-11-17 13:02:25.113050,-118.9103
2023-11-17 13:02:25.128680,-90.75647
2023-11-17 13:02:25.144300,-72.16924
2023-11-17 13:02:25.159930,-63.97272
2023-11-17 13:02:25.175560,-64.12386
2023-11-17 13:02:25.191180,-68.78693
2023-11-17 13:02:25.206810,-72.81528
2023-11-17 13:02:25.222430,-73.20425
2023-11-17 13:02:25.238060,-68.45818
2023-11-17 13:02:25.253680,-58.49476
2023-11-17 13:02:25.269310,-45.55238
2023-11-17 13:02:25.284940,-34.14039
2023-11-17 13:02:25.300560,-28.94802
2023-11-17 13:02:25.316190,-32.43521
2023-11-17 13:02:25.331810,-43.59066
2023-11-17 13:02:25.347440,-57.87641
2023-11-17 13:02:25.363060,-69.36838
2023-11-17 13:02:25.378690,-73.52193
2023-11-17 13:02:25.394320,-68.9194
2023-11-17 13:02:25.409940,-57.60487
2023-11-17 13:02:25.425570,-43.38948
2023-11-17 13:02:25.441190,-29.6307
2023-11-17 13:02:25.456820,-17.63665
2023-11-17 13:02:25.472440,-7.16534
2023-11-17 13:02:25.488070,2.657974
2023-11-17 13:02:25.503700,13.89892
2023-11-17 13:02:25.519320,27.82989
2023-11-17 13:02:25.534950,44.54084
2023-11-17 13:02:25.550570,63.19947
2023-11-17 13:02:25.566200,83.09135
2023-11-17 13:02:25.581830,103.6388
2023-11-17 13:02:25.597450,124.5421
2023-11-17 13:02:25.613080,144.5296
2023-11-17 13:02:25.628700,161.4057
2023-11-17 13:02:25.644330,175.6847
2023-11-17 13:02:25.659950,189.074
2023-11-17 13:02:25.675580,203.7983
2023-11-17 13:02:25.691210,221.6708
2023-11-17 13:02:25.706830,243.4719
2023-11-17 13:02:25.722460,267.8444
2023-11-17 13:02:25.738080,291.8084
2023-11-17 13:02:25.753710,311.1052
2023-11-17 13:02:25.769330,307.2367
2023-11-17 13:02:25.784960,271.1641
2023-11-17 13:02:25.800590,209.6955
2023-11-17 13:02:25.816210,142.4826
2023-11-17 13:02:25.831840,88.05917
2023-11-17 13:02:25.847460,53.57338
2023-11-17 13:02:25.863090,35.41208
2023-11-17 13:02:25.878710,28.00357
2023-11-17 13:02:25.894340,28.32343
2023-11-17 13:02:25.909970,35.95409
2023-11-17 13:02:25.925590,52.48309
2023-11-17 13:02:25.941220,75.53845
2023-11-17 13:02:25.956840,97.05763
2023-11-17 13:02:25.972470,106.5899
2023-11-17 13:02:25.988090,102.686
2023-11-17 13:02:26.003720,84.35873
2023-11-17 13:02:26.019350,57.54701
2023-11-17 13:02:26.034970,30.71269
2023-11-17 13:02:26.050600,9.976883
2023-11-17 13:02:26.066220,-1.297379
2023-11-17 13:02:26.081850,-3.850342
2023-11-17 13:02:26.097470,-1.437096
2023-11-17 13:02:26.113100,1.615822
2023-11-17 13:02:26.128730,2.901047
2023-11-17 13:02:26.144350,1.803474
2023-11-17 13:02:26.159980,0.2639999
2023-11-17 13:02:26.175600,0.3354645
2023-11-17 13:02:26.191230,2.926033
2023-11-17 13:02:26.206850,7.065723
2023-11-17 13:02:26.222480,12.55103
2023-11-17 13:02:26.238110,18.62715
2023-11-17 13:02:26.253730,24.33999
2023-11-17 13:02:26.269360,29.24654
2023-11-17 13:02:26.284980,33.02544
2023-11-17 13:02:26.300610,36.6341
2023-11-17 13:02:26.316230,41.33207
2023-11-17 13:02:26.331860,48.63518
2023-11-17 13:02:26.347490,61.1919
2023-11-17 13:02:26.363110,82.32562
2023-11-17 13:02:26.378740,113.8122
2023-11-17 13:02:26.394360,154.1296
2023-11-17 13:02:26.409990,197.6539
2023-11-17 13:02:26.425610,234.9072
2023-11-17 13:02:26.441240,255.6859
2023-11-17 13:02:26.456870,252.0652
2023-11-17 13:02:26.472490,221.4646
2023-11-17 13:02:26.488120,168.2407
2023-11-17 13:02:26.503740,102.3683
2023-11-17 13:02:26.519370,35.51942
2023-11-17 13:02:26.534990,-22.53638
2023-11-17 13:02:26.550620,-66.1748
2023-11-17 13:02:26.566250,-94.20335
2023-11-17 13:02:26.581870,-107.9256
2023-11-17 13:02:26.597500,-110.2143
2023-11-17 13:02:26.613120,-105.1522
2023-11-17 13:02:26.628750,-98.5502
2023-11-17 13:02:26.644370,-97.8573
2023-11-17 13:02:26.660000,-110.5041
2023-11-17 13:02:26.675630,-140.6695
2023-11-17 13:02:26.691250,-186.3905
2023-11-17 13:02:26.706880,-239.343
2023-11-17 13:02:26.722500,-287.5634
2023-11-17 13:02:26.738130,-320.7407
2023-11-17 13:02:26.753750,-334.622
2023-11-17 13:02:26.769380,-331.8693
2023-11-17 13:02:26.785010,-319.1104
2023-11-17 13:02:26.800630,-301.8022
2023-11-17 13:02:26.816260,-280.6667
2023-11-17 13:02:26.831880,-251.3768
2023-11-17 13:02:26.847510,-207.979
2023-11-17 13:02:26.863130,-147.4098
2023-11-17 13:02:26.878760,-73.05661
2023-11-17 13:02:26.894390,4.902283
2023-11-17 13:02:26.910010,72.76266
2023-11-17 13:02:26.925640,118.2489
2023-11-17 13:02:26.941260,135.0501
2023-11-17 13:02:26.956890,124.8987
2023-11-17 13:02:26.972510,96.25629
2023-11-17 13:02:26.988140,60.56888
2023-11-17 13:02:27.003770,27.59277
2023-11-17 13:02:27.019390,1.797577
2023-11-17 13:02:27.035020,-17.52475
2023-11-17 13:02:27.050640,-34.16943
2023-11-17 13:02:27.066270,-51.87112
2023-11-17 13:02:27.081890,-71.92615
2023-11-17 13:02:27.097520,-93.58859
2023-11-17 13:02:27.113150,-115.7177
2023-11-17 13:02:27.128770,-138.6775
2023-11-17 13:02:27.144400,-164.6807
2023-11-17 13:02:27.160020,-195.8227
2023-11-17 13:02:27.175650,-231.6324
2023-11-17 13:02:27.191270,-268.515
2023-11-17 13:02:27.206900,-301.5897
2023-11-17 13:02:27.222530,-327.6398
2023-11-17 13:02:27.238150,-347.124
2023-11-17 13:02:27.253780,-363.536
2023-11-17 13:02:27.269400,-380.5648
2023-11-17 13:02:27.285030,-398.9279
2023-11-17 13:02:27.300650,-414.8957
2023-11-17 13:02:27.316280,-422.03
2023-11-17 13:02:27.331910,-414.7245
2023-11-17 13:02:27.347530,-391.2173
2023-11-17 13:02:27.363160,-354.0317
2023-11-17 13:02:27.378780,-307.9831
2023-11-17 13:02:27.394410,-256.9308
2023-11-17 13:02:27.410030,-201.8263
2023-11-17 13:02:27.425660,-141.3048
2023-11-17 13:02:27.441290,-74.21193
2023-11-17 13:02:27.456910,-2.077026
2023-11-17 13:02:27.472540,70.18771
2023-11-17 13:02:27.488160,136.1849
2023-11-17 13:02:27.503790,191.1175
2023-11-17 13:02:27.519410,233.4597
2023-11-17 13:02:27.535040,265.5865
2023-11-17 13:02:27.550670,291.837
2023-11-17 13:02:27.566290,316.0015
2023-11-17 13:02:27.581920,339.3316
2023-11-17 13:02:27.597540,359.9763
2023-11-17 13:02:27.613170,374.3937
2023-11-17 13:02:27.628790,379.5287
2023-11-17 13:02:27.644420,374.6863
2023-11-17 13:02:27.660050,361.7166
2023-11-17 13:02:27.675670,344.185
2023-11-17 13:02:27.691300,325.5291
2023-11-17 13:02:27.706920,307.6555
2023-11-17 13:02:27.722550,290.4939
2023-11-17 13:02:27.738170,272.7695
2023-11-17 13:02:27.753800,253.432
2023-11-17 13:02:27.769430,232.9002
2023-11-17 13:02:27.785050,213.6404
2023-11-17 13:02:27.800680,199.6137
2023-11-17 13:02:27.816300,195.1514
2023-11-17 13:02:27.831930,203.1413
2023-11-17 13:02:27.847550,224.0294
2023-11-17 13:02:27.863180,255.4262
2023-11-17 13:02:27.878810,293.0327
2023-11-17 13:02:27.894430,331.7231
2023-11-17 13:02:27.910060,366.9738
2023-11-17 13:02:27.925680,395.2604
2023-11-17 13:02:27.941310,413.9855
2023-11-17 13:02:27.956930,421.3167
2023-11-17 13:02:27.972560,416.0453
2023-11-17 13:02:27.988190,398.0743
2023-11-17 13:02:28.003810,368.988
2023-11-17 13:02:28.019440,332.1974
2023-11-17 13:02:28.035060,292.2527
2023-11-17 13:02:28.050690,253.2254
2023-11-17 13:02:28.066310,216.892
2023-11-17 13:02:28.081940,181.2125
2023-11-17 13:02:28.097570,140.6275
2023-11-17 13:02:28.113190,87.95062
2023-11-17 13:02:28.128820,17.1401
2023-11-17 13:02:28.144440,-74.45372
2023-11-17 13:02:28.160070,-185.1901
2023-11-17 13:02:28.175700,-309.3955
2023-11-17 13:02:28.191320,-438.3551
2023-11-17 13:02:28.206950,-561.1902
2023-11-17 13:02:28.222570,-665.7645
2023-11-17 13:02:28.238200,-739.7719
2023-11-17 13:02:28.253820,-772.6795
2023-11-17 13:02:28.269450,-758.5057
2023-11-17 13:02:28.285080,-698.4094
2023-11-17 13:02:28.300700,-601.9557
2023-11-17 13:02:28.316330,-484.9361
2023-11-17 13:02:28.331950,-365.1703
2023-11-17 13:02:28.347580,-257.535
2023-11-17 13:02:28.363200,-170.7237
2023-11-17 13:02:28.378830,-106.3494
2023-11-17 13:02:28.394460,-60.94225
2023-11-17 13:02:28.410080,-28.56451
2023-11-17 13:02:28.425710,-3.479691
2023-11-17 13:02:28.441330,17.62219
2023-11-17 13:02:28.456960,36.70206
2023-11-17 13:02:28.472580,55.33839
2023-11-17 13:02:28.488210,75.29752
2023-11-17 13:02:28.503840,97.96901
2023-11-17 13:02:28.519460,123.9069
2023-11-17 13:02:28.535090,152.4323
2023-11-17 13:02:28.550710,181.5746
2023-11-17 13:02:28.566340,208.5266
2023-11-17 13:02:28.581960,228.3442
2023-11-17 13:02:28.597590,237.161
2023-11-17 13:02:28.613220,233.6196
2023-11-17 13:02:28.628840,219.5291
2023-11-17 13:02:28.644470,198.4713
2023-11-17 13:02:28.660090,174.2649
2023-11-17 13:02:28.675720,150.1115
2023-11-17 13:02:28.691340,128.2765
2023-11-17 13:02:28.706970,110.0234
2023-11-17 13:02:28.722600,92.65152
2023-11-17 13:02:28.738220,73.64594
2023-11-17 13:02:28.753850,52.13083
2023-11-17 13:02:28.769470,29.52785
2023-11-17 13:02:28.785100,7.644669
2023-11-17 13:02:28.800720,-12.78874
2023-11-17 13:02:28.816350,-32.51671
2023-11-17 13:02:28.831980,-53.37004
2023-11-17 13:02:28.847600,-77.52998
2023-11-17 13:02:28.863230,-110.5523
2023-11-17 13:02:28.878850,-155.3247
2023-11-17 13:02:28.894480,-210.4108
2023-11-17 13:02:28.910100,-270.1309
2023-11-17 13:02:28.925730,-328.1336
2023-11-17 13:02:28.941360,-380.2296
2023-11-17 13:02:28.956980,-424.8718
2023-11-17 13:02:28.972610,-461.7433
2023-11-17 13:02:28.988230,-465.2764
2023-11-17 13:02:29.003860,-419.3346
2023-11-17 13:02:29.019480,-325.9816
2023-11-17 13:02:29.035110,-207.579
2023-11-17 13:02:29.050740,-91.73389
2023-11-17 13:02:29.066360,1.749542
2023-11-17 13:02:29.081990,64.86816
2023-11-17 13:02:29.097610,99.55162
2023-11-17 13:02:29.113240,114.0297
2023-11-17 13:02:29.128860,118.9609
2023-11-17 13:02:29.144490,118.5063
2023-11-17 13:02:29.160120,115.7804
2023-11-17 13:02:29.175740,111.7442
2023-11-17 13:02:29.191370,107.2975
2023-11-17 13:02:29.206990,102.1669
2023-11-17 13:02:29.222620,94.63327
2023-11-17 13:02:29.238240,82.23676
2023-11-17 13:02:29.253870,62.97736
2023-11-17 13:02:29.269500,36.55171
2023-11-17 13:02:29.285120,1.343414
2023-11-17 13:02:29.300750,-36.11833
2023-11-17 13:02:29.316370,-65.54828
2023-11-17 13:02:29.332000,-76.36064
2023-11-17 13:02:29.347620,-64.30218
2023-11-17 13:02:29.363250,-32.99881
2023-11-17 13:02:29.378880,9.43084
2023-11-17 13:02:29.394500,55.30783
2023-11-17 13:02:29.410130,99.96452
2023-11-17 13:02:29.425750,139.1958
2023-11-17 13:02:29.441380,170.2536
2023-11-17 13:02:29.457000,190.3396
2023-11-17 13:02:29.472630,199.7189
2023-11-17 13:02:29.488260,197.729
2023-11-17 13:02:29.503880,185.2734
2023-11-17 13:02:29.519510,165.5628
2023-11-17 13:02:29.535130,143.0242
2023-11-17 13:02:29.550760,121.8256
2023-11-17 13:02:29.566380,103.2155
2023-11-17 13:02:29.582010,86.45454
2023-11-17 13:02:29.597640,68.78578
2023-11-17 13:02:29.613260,47.12842
2023-11-17 13:02:29.628890,19.08998
2023-11-17 13:02:29.644510,-15.51603
2023-11-17 13:02:29.660140,-53.65883
2023-11-17 13:02:29.675760,-90.76694
2023-11-17 13:02:29.691390,-122.2943
2023-11-17 13:02:29.707020,-145.6539
2023-11-17 13:02:29.722640,-160.4464
2023-11-17 13:02:29.738270,-168.9915
2023-11-17 13:02:29.753890,-175.3443
2023-11-17 13:02:29.769520,-184.2267
2023-11-17 13:02:29.785140,-199.204
2023-11-17 13:02:29.800770,-221.3995
2023-11-17 13:02:29.816400,-249.5317
2023-11-17 13:02:29.832020,-280.364
2023-11-17 13:02:29.847650,-309.771
2023-11-17 13:02:29.863270,-334.1139
2023-11-17 13:02:29.878900,-351.8007
2023-11-17 13:02:29.894520,-363.6002
2023-11-17 13:02:29.910150,-371.9805
2023-11-17 13:02:29.925780,-379.7532
2023-11-17 13:02:29.941400,-388.4562
2023-11-17 13:02:29.957030,-398.0643
2023-11-17 13:02:29.972650,-407.0304
2023-11-17 13:02:29.988280,-412.9429
2023-11-17 13:02:30.003900,-413.4476
2023-11-17 13:02:30.019530,-406.8694
2023-11-17 13:02:30.035160,-392.2052
2023-11-17 13:02:30.050780,-368.8362
2023-11-17 13:02:30.066410,-336.3671
2023-11-17 13:02:30.082030,-294.6052
2023-11-17 13:02:30.097660,-244.1212
2023-11-17 13:02:30.113280,-186.519
2023-11-17 13:02:30.128910,-124.3777
2023-11-17 13:02:30.144540,-60.97467
2023-11-17 13:02:30.160160,0.4159546
2023-11-17 13:02:30.175790,57.21783
2023-11-17 13:02:30.191410,108.1315
2023-11-17 13:02:30.207040,152.9263
2023-11-17 13:02:30.222660,192.3762
2023-11-17 13:02:30.238290,227.4782
2023-11-17 13:02:30.253920,258.7662
2023-11-17 13:02:30.269540,286.0245
2023-11-17 13:02:30.285170,308.0673
2023-11-17 13:02:30.300790,323.3246
2023-11-17 13:02:30.316420,330.3156
2023-11-17 13:02:30.332040,328.2048
2023-11-17 13:02:30.347670,316.9789
2023-11-17 13:02:30.363300,297.7483
2023-11-17 13:02:30.378920,272.4263
2023-11-17 13:02:30.394550,243.2711
2023-11-17 13:02:30.410170,212.7395
2023-11-17 13:02:30.425800,182.7856
2023-11-17 13:02:30.441430,154.9285
2023-11-17 13:02:30.457050,130.3186
2023-11-17 13:02:30.472680,109.7289
2023-11-17 13:02:30.488300,93.67639
2023-11-17 13:02:30.503930,82.66992
2023-11-17 13:02:30.519550,77.09631
2023-11-17 13:02:30.535180,77.00159
2023-11-17 13:02:30.550810,82.3313
2023-11-17 13:02:30.566430,92.71765
2023-11-17 13:02:30.582060,107.4702
2023-11-17 13:02:30.597680,125.1588
2023-11-17 13:02:30.613310,143.4261
2023-11-17 13:02:30.628930,159.186
2023-11-17 13:02:30.644560,169.3259
2023-11-17 13:02:30.660190,171.6425
2023-11-17 13:02:30.675810,165.4489
2023-11-17 13:02:30.707060,133.2208
2023-11-17 13:02:30.722690,111.9873
2023-11-17 13:02:30.738310,90.24646
2023-11-17 13:02:30.753940,69.38977
2023-11-17 13:02:30.769570,50.48535
2023-11-17 13:02:30.785190,34.71082
2023-11-17 13:02:30.800820,23.60486
2023-11-17 13:02:30.816440,18.66089
2023-11-17 13:02:30.832070,20.77393
2023-11-17 13:02:30.847690,29.73889
2023-11-17 13:02:30.863320,44.2865
2023-11-17 13:02:30.878950,62.45911
2023-11-17 13:02:30.894570,82.16406
2023-11-17 13:02:30.910200,101.4144
2023-11-17 13:02:30.925820,118.345
2023-11-17 13:02:30.941450,131.2593
2023-11-17 13:02:30.957070,138.9534
2023-11-17 13:02:30.972700,141.3068
2023-11-17 13:02:30.988330,139.8376
2023-11-17 13:02:31.003950,137.4393
2023-11-17 13:02:31.019580,137.2487
2023-11-17 13:02:31.035200,140.9633
2023-11-17 13:02:31.050830,147.6256
2023-11-17 13:02:31.066450,153.6763
2023-11-17 13:02:31.082080,154.4443
2023-11-17 13:02:31.097710,146.3839
2023-11-17 13:02:31.113330,128.7766
2023-11-17 13:02:31.128960,104.2688
2023-11-17 13:02:31.144580,77.74951
2023-11-17 13:02:31.160210,54.57458
2023-11-17 13:02:31.175830,38.82349
2023-11-17 13:02:31.191460,32.60107
2023-11-17 13:02:31.207090,36.25122
2023-11-17 13:02:31.222710,48.98511
2023-11-17 13:02:31.238340,69.27405
2023-11-17 13:02:31.253960,94.93188
2023-11-17 13:02:31.269590,123.1576
2023-11-17 13:02:31.285210,150.671
2023-11-17 13:02:31.300840,174.3832
2023-11-17 13:02:31.316470,191.9054
2023-11-17 13:02:31.332090,201.9681
2023-11-17 13:02:31.347720,204.4879
2023-11-17 13:02:31.363340,200.4077
2023-11-17 13:02:31.378970,191.249
2023-11-17 13:02:31.394590,178.7129
2023-11-17 13:02:31.410220,164.3545
2023-11-17 13:02:31.425850,149.2773
2023-11-17 13:02:31.441470,134.3369
2023-11-17 13:02:31.457100,119.7196
2023-11-17 13:02:31.472720,104.9763
2023-11-17 13:02:31.488350,89.48645
2023-11-17 13:02:31.503970,73.13257
2023-11-17 13:02:31.519600,56.8844
2023-11-17 13:02:31.535230,42.89478
2023-11-17 13:02:31.550850,33.66882
2023-11-17 13:02:31.566480,31.01245
2023-11-17 13:02:31.582100,35.4458
2023-11-17 13:02:31.597730,45.01379
2023-11-17 13:02:31.613350,55.73828
2023-11-17 13:02:31.628980,63.35608
2023-11-17 13:02:31.644610,65.37549
2023-11-17 13:02:31.660230,62.04871
2023-11-17 13:02:31.675860,55.71521
2023-11-17 13:02:31.691480,49.21167
2023-11-17 13:02:31.707110,44.51282
2023-11-17 13:02:31.722730,43.76147
2023-11-17 13:02:31.738360,47.92932
2023-11-17 13:02:31.753990,57.45264
2023-11-17 13:02:31.769610,72.66443
2023-11-17 13:02:31.785240,93.5321
2023-11-17 13:02:31.800860,118.6531
2023-11-17 13:02:31.816490,144.5356
2023-11-17 13:02:31.832110,166.4714
2023-11-17 13:02:31.847740,181.0062
2023-11-17 13:02:31.863370,190.4939
2023-11-17 13:02:31.878990,200.0791
2023-11-17 13:02:31.894620,214.8087
2023-11-17 13:02:31.925870,260.1562
2023-11-17 13:02:31.941490,278.6309
2023-11-17 13:02:31.957120,282.0295
2023-11-17 13:02:31.972750,263.9222
2023-11-17 13:02:31.988370,224.1761
2023-11-17 13:02:32.004000,171.944
2023-11-17 13:02:32.019620,118.2501
2023-11-17 13:02:32.035250,70.88953
2023-11-17 13:02:32.050870,31.81909
2023-11-17 13:02:32.066500,-1.349243
2023-11-17 13:02:32.082130,-31.83893
2023-11-17 13:02:32.097750,-60.99353
2023-11-17 13:02:32.113380,-87.40503
2023-11-17 13:02:32.129000,-126.0776
2023-11-17 13:02:32.144630,-180.8634
2023-11-17 13:02:32.160250,-245.5604
2023-11-17 13:02:32.175880,-307.6224
2023-11-17 13:02:32.191510,-357.0407
2023-11-17 13:02:32.207130,-391.1277
2023-11-17 13:02:32.222760,-412.2021
2023-11-17 13:02:32.238380,-423.2923
2023-11-17 13:02:32.254010,-426.1262
2023-11-17 13:02:32.269630,-421.3885
2023-11-17 13:02:32.285260,-406.4732
2023-11-17 13:02:32.300890,-382.0124
2023-11-17 13:02:32.316510,-352.1273
2023-11-17 13:02:32.332140,-322.8459
2023-11-17 13:02:32.347760,-300.3307
2023-11-17 13:02:32.363390,-288.582
2023-11-17 13:02:32.379010,-288.2544
2023-11-17 13:02:32.394640,-295.9878
2023-11-17 13:02:32.410270,-304.7846
2023-11-17 13:02:32.425890,-303.7277
2023-11-17 13:02:32.441520,-282.6491
2023-11-17 13:02:32.457140,-236.2419
2023-11-17 13:02:32.472770,-165.4018
2023-11-17 13:02:32.488390,-78.56413
2023-11-17 13:02:32.504020,9.611755
2023-11-17 13:02:32.519650,81.91475
2023-11-17 13:02:32.535270,124.1452
2023-11-17 13:02:32.550900,130.3607
2023-11-17 13:02:32.566520,105.881
2023-11-17 13:02:32.582150,63.51663
2023-11-17 13:02:32.597770,18.75325
2023-11-17 13:02:32.613400,-13.41087
2023-11-17 13:02:32.629030,-23.33543
2023-11-17 13:02:32.644650,-8.624527
2023-11-17 13:02:32.660280,26.57139
2023-11-17 13:02:32.675900,74.19742
2023-11-17 13:02:32.691530,124.8132
2023-11-17 13:02:32.707150,168.5469
2023-11-17 13:02:32.722780,194.6966
2023-11-17 13:02:32.738410,184.3436
2023-11-17 13:02:32.754030,129.021
2023-11-17 13:02:32.769660,40.85548
2023-11-17 13:02:32.785280,-50.72355
2023-11-17 13:02:32.800910,-116.8778
2023-11-17 13:02:32.816540,-144.7664
2023-11-17 13:02:32.832160,-139.6541
2023-11-17 13:02:32.847790,-118.3803
2023-11-17 13:02:32.863410,-99.35678
2023-11-17 13:02:32.879040,-93.69611
2023-11-17 13:02:32.894660,-100.448
2023-11-17 13:02:32.910290,-111.3501
2023-11-17 13:02:32.925920,-118.2199
2023-11-17 13:02:32.941540,-118.1226
2023-11-17 13:02:32.972790,-112.2463
2023-11-17 13:02:32.988420,-112.5686
2023-11-17 13:02:33.004040,-116.0221
2023-11-17 13:02:33.019670,-121.9771
2023-11-17 13:02:33.035300,-129.3241
2023-11-17 13:02:33.050920,-137.1761
2023-11-17 13:02:33.066550,-144.2855
2023-11-17 13:02:33.082170,-144.9519
2023-11-17 13:02:33.097800,-131.8367
2023-11-17 13:02:33.113420,-97.97179
2023-11-17 13:02:33.129050,-43.354
2023-11-17 13:02:33.144680,22.49637
2023-11-17 13:02:33.160300,83.94736
2023-11-17 13:02:33.175930,127.2551
2023-11-17 13:02:33.191550,147.2029
2023-11-17 13:02:33.207180,148.5132
2023-11-17 13:02:33.222800,141.673
2023-11-17 13:02:33.238430,136.3181
2023-11-17 13:02:33.254060,136.7492
2023-11-17 13:02:33.269680,140.6328
2023-11-17 13:02:33.285310,142.5046
2023-11-17 13:02:33.300930,140.5186
2023-11-17 13:02:33.316560,135.1566
2023-11-17 13:02:33.332180,129.9616
2023-11-17 13:02:33.347810,128.11
2023-11-17 13:02:33.363440,128.6261
2023-11-17 13:02:33.379060,126.0457
2023-11-17 13:02:33.394690,113.6581
2023-11-17 13:02:33.410310,87.01784
2023-11-17 13:02:33.425940,47.314
2023-11-17 13:02:33.441560,1.726875
2023-11-17 13:02:33.457190,-38.91432
2023-11-17 13:02:33.472820,-63.57684
2023-11-17 13:02:33.488440,-64.90913
2023-11-17 13:02:33.504070,-42.12889
2023-11-17 13:02:33.519690,-0.9818764
2023-11-17 13:02:33.535320,48.61053
2023-11-17 13:02:33.550940,95.7336
2023-11-17 13:02:33.566570,131.4976
2023-11-17 13:02:33.582200,150.6139
2023-11-17 13:02:33.597820,151.5757
2023-11-17 13:02:33.613450,133.4271
2023-11-17 13:02:33.629070,98.086
2023-11-17 13:02:33.644700,49.39261
2023-11-17 13:02:33.660320,-7.454254
2023-11-17 13:02:33.675950,-66.46007
2023-11-17 13:02:33.691580,-121.1835
2023-11-17 13:02:33.707200,-164.9069
2023-11-17 13:02:33.722830,-191.6217
2023-11-17 13:02:33.738450,-197.242
2023-11-17 13:02:33.754080,-180.48
2023-11-17 13:02:33.769700,-143.3413
2023-11-17 13:02:33.785330,-91.62964
2023-11-17 13:02:33.800960,-34.03546
2023-11-17 13:02:33.816580,19.67903
2023-11-17 13:02:33.832210,60.97568
2023-11-17 13:02:33.847830,84.7361
2023-11-17 13:02:33.863460,90.24037
2023-11-17 13:02:33.879080,80.96396
2023-11-17 13:02:33.894710,63.10974
2023-11-17 13:02:33.910340,43.93698
2023-11-17 13:02:33.925960,29.57057
2023-11-17 13:02:33.941590,23.89008
2023-11-17 13:02:33.957210,28.06642
2023-11-17 13:02:33.972840,40.55444
2023-11-17 13:02:33.988460,57.76086
2023-11-17 13:02:34.004090,75.07729
2023-11-17 13:02:34.019720,88.55099
2023-11-17 13:02:34.050970,99.81439
2023-11-17 13:02:34.066590,101.3872
2023-11-17 13:02:34.082220,103.5375
2023-11-17 13:02:34.097840,106.1819
2023-11-17 13:02:34.113470,106.1449
2023-11-17 13:02:34.129100,98.68036
2023-11-17 13:02:34.144720,80.3042
2023-11-17 13:02:34.160350,51.63669
2023-11-17 13:02:34.175970,17.93127
2023-11-17 13:02:34.191600,-13.1329
2023-11-17 13:02:34.207220,-34.96661
2023-11-17 13:02:34.222850,-44.96707
2023-11-17 13:02:34.238480,-44.92346
2023-11-17 13:02:34.254100,-39.05334
2023-11-17 13:02:34.269730,-31.23764
2023-11-17 13:02:34.285350,-23.48013
2023-11-17 13:02:34.300980,-16.04611
2023-11-17 13:02:34.316600,-8.921173
2023-11-17 13:02:34.332230,-3.160126
2023-11-17 13:02:34.347860,-1.280762
2023-11-17 13:02:34.363480,-6.523071
2023-11-17 13:02:34.379110,-21.30963
2023-11-17 13:02:34.394730,-45.96484
2023-11-17 13:02:34.410360,-78.09705
2023-11-17 13:02:34.425980,-113.2948
2023-11-17 13:02:34.441610,-146.3232
2023-11-17 13:02:34.457240,-172.61
2023-11-17 13:02:34.472860,-189.2609
2023-11-17 13:02:34.488490,-195.6195
2023-11-17 13:02:34.504110,-193.2891
2023-11-17 13:02:34.519740,-185.4615
2023-11-17 13:02:34.535360,-175.6779
2023-11-17 13:02:34.550990,-166.4775
2023-11-17 13:02:34.566620,-158.8061
2023-11-17 13:02:34.582240,-151.9905
2023-11-17 13:02:34.597870,-144.77
2023-11-17 13:02:34.613490,-136.4049
2023-11-17 13:02:34.629120,-127.2793
2023-11-17 13:02:34.644740,-118.8198
2023-11-17 13:02:34.660370,-112.5932
2023-11-17 13:02:34.676000,-109.466
2023-11-17 13:02:34.691620,-109.1299
2023-11-17 13:02:34.707250,-110.441
2023-11-17 13:02:34.722870,-112.0037
2023-11-17 13:02:34.738500,-112.7562
2023-11-17 13:02:34.754120,-112.3954
2023-11-17 13:02:34.769750,-111.1705
2023-11-17 13:02:34.785380,-109.6149
2023-11-17 13:02:34.801000,-107.97
2023-11-17 13:02:34.816630,-106.0848
2023-11-17 13:02:34.832250,-103.2253
2023-11-17 13:02:34.847880,-98.28455
2023-11-17 13:02:34.863500,-90.17673
2023-11-17 13:02:34.879130,-78.39236
2023-11-17 13:02:34.894760,-63.38055
2023-11-17 13:02:34.910380,-46.30188
2023-11-17 13:02:34.926010,-28.72681
2023-11-17 13:02:34.941630,-11.75629
2023-11-17 13:02:34.957260,3.946014
2023-11-17 13:02:34.972880,18.4455
2023-11-17 13:02:34.988510,32.17126
2023-11-17 13:02:35.004140,45.29236
2023-11-17 13:02:35.019760,57.17468
2023-11-17 13:02:35.035390,66.45901
2023-11-17 13:02:35.051010,71.74463
2023-11-17 13:02:35.066640,72.12079
2023-11-17 13:02:35.082260,67.77225
2023-11-17 13:02:35.097890,59.79578
2023-11-17 13:02:35.113520,50.02307
2023-11-17 13:02:35.129140,40.56787
2023-11-17 13:02:35.144770,33.11465
2023-11-17 13:02:35.160390,28.10648
2023-11-17 13:02:35.176020,25.06384
2023-11-17 13:02:35.191640,23.3779
2023-11-17 13:02:35.207270,22.70807
2023-11-17 13:02:35.222900,23.29153
2023-11-17 13:02:35.238520,25.22931
2023-11-17 13:02:35.254150,28.45877
2023-11-17 13:02:35.269770,32.78101
2023-11-17 13:02:35.285400,37.51181
2023-11-17 13:02:35.316650,38.77408
2023-11-17 13:02:35.332280,31.44791
2023-11-17 13:02:35.347900,19.09845
2023-11-17 13:02:35.363530,4.665131
2023-11-17 13:02:35.379150,-9.166138
2023-11-17 13:02:35.394780,-19.72321
2023-11-17 13:02:35.410410,-24.75027
2023-11-17 13:02:35.426030,-23.20889
2023-11-17 13:02:35.441660,-17.96561
2023-11-17 13:02:35.457280,-12.85666
2023-11-17 13:02:35.472910,-9.892517
2023-11-17 13:02:35.488530,-7.37207
2023-11-17 13:02:35.504160,0.3809967
2023-11-17 13:02:35.519790,17.45642
2023-11-17 13:02:35.535410,47.07179
2023-11-17 13:02:35.551040,90.62804
2023-11-17 13:02:35.566660,146.3661
2023-11-17 13:02:35.582290,204.9179
2023-11-17 13:02:35.597910,253.7722
2023-11-17 13:02:35.613540,281.8299
2023-11-17 13:02:35.629170,283.3879
2023-11-17 13:02:35.644790,260.6147
2023-11-17 13:02:35.660420,216.2648
2023-11-17 13:02:35.676040,155.699
2023-11-17 13:02:35.691670,85.66968
2023-11-17 13:02:35.707290,12.04123
2023-11-17 13:02:35.722920,-66.44411
2023-11-17 13:02:35.738550,-152.9675
2023-11-17 13:02:35.754170,-247.9889
2023-11-17 13:02:35.769800,-346.6935
2023-11-17 13:02:35.785420,-438.5856
2023-11-17 13:02:35.801050,-518.5945
2023-11-17 13:02:35.816670,-583.7034
2023-11-17 13:02:35.832300,-631.4222
2023-11-17 13:02:35.847930,-630.6926
2023-11-17 13:02:35.863550,-560.5731
2023-11-17 13:02:35.879180,-425.1608
2023-11-17 13:02:35.894800,-255.7105
2023-11-17 13:02:35.910430,-105.7991
2023-11-17 13:02:35.926050,17.72371
2023-11-17 13:02:35.941680,117.478
2023-11-17 13:02:35.957310,197.7865
2023-11-17 13:02:35.972930,260.7248
2023-11-17 13:02:35.988560,306.3257
2023-11-17 13:02:36.004180,331.3463
2023-11-17 13:02:36.019810,334.2946
2023-11-17 13:02:36.035430,318.0026
2023-11-17 13:02:36.051060,289.9254
2023-11-17 13:02:36.066690,261.2589
2023-11-17 13:02:36.082310,236.239
2023-11-17 13:02:36.097940,216.319
2023-11-17 13:02:36.113560,201.9421
2023-11-17 13:02:36.129190,193.2409
2023-11-17 13:02:36.144810,186.9445
2023-11-17 13:02:36.160440,180.1882
2023-11-17 13:02:36.176070,173.1301
2023-11-17 13:02:36.191690,169.45
2023-11-17 13:02:36.207320,175.6171
2023-11-17 13:02:36.222940,191.9361
2023-11-17 13:02:36.238570,215.4624
2023-11-17 13:02:36.254190,241.787
2023-11-17 13:02:36.269820,265.9505
2023-11-17 13:02:36.285450,281.7595
2023-11-17 13:02:36.301070,284.7349
2023-11-17 13:02:36.316700,273.6775
2023-11-17 13:02:36.332320,250.5172
2023-11-17 13:02:36.347950,219.5626
2023-11-17 13:02:36.363570,182.3491
2023-11-17 13:02:36.394830,94.32042
2023-11-17 13:02:36.410450,47.6965
2023-11-17 13:02:36.426080,2.118187
2023-11-17 13:02:36.441700,-40.23917
2023-11-17 13:02:36.457330,-77.02875
2023-11-17 13:02:36.472950,-106.2403
2023-11-17 13:02:36.488580,-126.2982
2023-11-17 13:02:36.504210,-138.004
2023-11-17 13:02:36.519830,-143.1336
2023-11-17 13:02:36.535460,-143.7124
2023-11-17 13:02:36.551080,-143.4401
2023-11-17 13:02:36.566710,-145.8605
2023-11-17 13:02:36.582330,-153.0012
2023-11-17 13:02:36.597960,-164.6522
2023-11-17 13:02:36.613590,-179.052
2023-11-17 13:02:36.629210,-193.6838
2023-11-17 13:02:36.644840,-206.7416
2023-11-17 13:02:36.660460,-217.0977
2023-11-17 13:02:36.676090,-224.0022
2023-11-17 13:02:36.691710,-229.1324
2023-11-17 13:02:36.707340,-233.662
2023-11-17 13:02:36.722970,-237.6461
2023-11-17 13:02:36.738590,-240.1452
2023-11-17 13:02:36.754220,-240.3528
2023-11-17 13:02:36.769840,-238.139
2023-11-17 13:02:36.785470,-233.7279
2023-11-17 13:02:36.801090,-227.113
2023-11-17 13:02:36.816720,-205.8601
2023-11-17 13:02:36.832350,-164.9156
2023-11-17 13:02:36.847970,-109.109
2023-11-17 13:02:36.863600,-51.08822
2023-11-17 13:02:36.879220,-3.20298
2023-11-17 13:02:36.894850,28.11371
2023-11-17 13:02:36.910470,42.4881
2023-11-17 13:02:36.926100,43.44823
2023-11-17 13:02:36.941730,35.12784
2023-11-17 13:02:36.957350,23.41348
2023-11-17 13:02:36.972980,11.87798
2023-11-17 13:02:36.988600,4.251083
2023-11-17 13:02:37.004230,4.377365
2023-11-17 13:02:37.019850,15.25571
2023-11-17 13:02:37.035480,37.029
2023-11-17 13:02:37.051110,66.20421
2023-11-17 13:02:37.066730,97.02486
2023-11-17 13:02:37.082360,122.3244
2023-11-17 13:02:37.097980,137.688
2023-11-17 13:02:37.113610,141.5756
2023-11-17 13:02:37.129230,136.8329
2023-11-17 13:02:37.144860,128.8696
2023-11-17 13:02:37.160490,123.0155
2023-11-17 13:02:37.176110,122.2623
2023-11-17 13:02:37.191740,126.8329
2023-11-17 13:02:37.207360,134.9254
2023-11-17 13:02:37.222990,143.5232
2023-11-17 13:02:37.238610,149.0766
2023-11-17 13:02:37.254240,146.2066
2023-11-17 13:02:37.269870,130.0461
2023-11-17 13:02:37.285490,98.319
2023-11-17 13:02:37.301120,53.17517
2023-11-17 13:02:37.316740,1.169403
2023-11-17 13:02:37.332370,-48.98116
2023-11-17 13:02:37.347990,-90.00006
2023-11-17 13:02:37.363620,-119.2225
2023-11-17 13:02:37.379250,-139.1662
2023-11-17 13:02:37.394870,-155.7315
2023-11-17 13:02:37.410500,-173.3595
2023-11-17 13:02:37.426120,-191.4706
2023-11-17 13:02:37.441750,-204.0932
2023-11-17 13:02:37.457380,-202.9413
2023-11-17 13:02:37.473000,-181.7964
2023-11-17 13:02:37.488630,-139.6982
2023-11-17 13:02:37.504250,-81.77924
2023-11-17 13:02:37.519880,-17.04923
2023-11-17 13:02:37.535500,44.78514
2023-11-17 13:02:37.551130,96.50741
2023-11-17 13:02:37.566760,135.0602
2023-11-17 13:02:37.598010,177.9565
2023-11-17 13:02:37.613630,189.3065
2023-11-17 13:02:37.629260,198.8667
2023-11-17 13:02:37.644880,209.2878
2023-11-17 13:02:37.660510,221.8837
2023-11-17 13:02:37.676140,236.3549
2023-11-17 13:02:37.691760,251.03
2023-11-17 13:02:37.707390,263.5377
2023-11-17 13:02:37.723010,271.7931
2023-11-17 13:02:37.738640,274.576
2023-11-17 13:02:37.754260,271.4399
2023-11-17 13:02:37.769890,262.2837
2023-11-17 13:02:37.785520,246.645
2023-11-17 13:02:37.801140,223.4433
2023-11-17 13:02:37.816770,191.2359
2023-11-17 13:02:37.832390,148.7423
2023-11-17 13:02:37.848020,95.00809
2023-11-17 13:02:37.863640,29.71316
2023-11-17 13:02:37.879270,-46.66034
2023-11-17 13:02:37.894900,-131.9649
2023-11-17 13:02:37.910520,-221.3779
2023-11-17 13:02:37.926150,-307.561
2023-11-17 13:02:37.941770,-382.0756
2023-11-17 13:02:37.957400,-438.0544
2023-11-17 13:02:37.973020,-471.9911
2023-11-17 13:02:37.988650,-485.0273
2023-11-17 13:02:38.004280,-482.1678
2023-11-17 13:02:38.019900,-470.2093
2023-11-17 13:02:38.035530,-454.8816
2023-11-17 13:02:38.051150,-438.9147
2023-11-17 13:02:38.066780,-422.147
2023-11-17 13:02:38.082400,-402.8279
2023-11-17 13:02:38.098030,-379.6343
2023-11-17 13:02:38.113660,-352.5732
2023-11-17 13:02:38.129280,-323.6902
2023-11-17 13:02:38.144910,-296.7536
2023-11-17 13:02:38.160530,-276.0655
2023-11-17 13:02:38.176160,-264.8595
2023-11-17 13:02:38.191780,-263.4205
2023-11-17 13:02:38.207410,-269.5378
2023-11-17 13:02:38.223040,-279.6112
2023-11-17 13:02:38.238660,-290.9245
2023-11-17 13:02:38.254290,-301.4055
2023-11-17 13:02:38.269910,-309.9731
2023-11-17 13:02:38.285540,-315.6643
2023-11-17 13:02:38.301160,-316.722
2023-11-17 13:02:38.316790,-310.2945
2023-11-17 13:02:38.332420,-291.7245
2023-11-17 13:02:38.348040,-258.0151
2023-11-17 13:02:38.363670,-209.5515
2023-11-17 13:02:38.379290,-151.8164
2023-11-17 13:02:38.394920,-90.17242
2023-11-17 13:02:38.410540,-28.7269
2023-11-17 13:02:38.426170,30.87299
2023-11-17 13:02:38.441800,88.74805
2023-11-17 13:02:38.457420,146.4595
2023-11-17 13:02:38.473050,209.1687
2023-11-17 13:02:38.488670,280.6042
2023-11-17 13:02:38.504300,361.0609
2023-11-17 13:02:38.519920,443.7803
2023-11-17 13:02:38.535550,523.4813
2023-11-17 13:02:38.551180,596.1355
2023-11-17 13:02:38.566800,659.4974
2023-11-17 13:02:38.582430,710.9937
2023-11-17 13:02:38.598050,747.7991
2023-11-17 13:02:38.613680,771.3077
2023-11-17 13:02:38.629300,781.7007
2023-11-17 13:02:38.644930,777.5929
2023-11-17 13:02:38.660560,753.0836
2023-11-17 13:02:38.676180,711.5059
2023-11-17 13:02:38.691810,662.1588
2023-11-17 13:02:38.707430,616.3312
2023-11-17 13:02:38.723060,579.9312
2023-11-17 13:02:38.738680,552.3097
2023-11-17 13:02:38.754310,534.1435
2023-11-17 13:02:38.769940,523.7827
2023-11-17 13:02:38.785560,518.8044
2023-11-17 13:02:38.801190,511.3085
2023-11-17 13:02:38.816810,503.2473
2023-11-17 13:02:38.832440,500.2822
2023-11-17 13:02:38.848060,507.7106
2023-11-17 13:02:38.863690,524.5648
2023-11-17 13:02:38.879320,506.9479
2023-11-17 13:02:38.894940,428.0941
2023-11-17 13:02:38.910570,288.9193
2023-11-17 13:02:38.926190,157.5242
2023-11-17 13:02:38.941820,54.03033
2023-11-17 13:02:38.957440,-17.83435
2023-11-17 13:02:38.973070,-72.07672
2023-11-17 13:02:38.988700,-111.9637
2023-11-17 13:02:39.004320,-138.794
2023-11-17 13:02:39.019950,-152.9291
2023-11-17 13:02:39.035570,-149.6527
2023-11-17 13:02:39.051200,-127.3531
2023-11-17 13:02:39.066820,-90.52365
2023-11-17 13:02:39.082450,-55.99344
2023-11-17 13:02:39.098080,-34.67389
2023-11-17 13:02:39.113700,-32.11337
2023-11-17 13:02:39.129330,-47.24347
2023-11-17 13:02:39.144950,-76.46854
2023-11-17 13:02:39.160580,-113.7594
2023-11-17 13:02:39.176200,-149.2458
2023-11-17 13:02:39.191830,-175.7281
2023-11-17 13:02:39.207460,-191.4603
2023-11-17 13:02:39.223080,-205.166
2023-11-17 13:02:39.238710,-222.1014
2023-11-17 13:02:39.254330,-244.8279
2023-11-17 13:02:39.269960,-272.2791
2023-11-17 13:02:39.285580,-302.8276
2023-11-17 13:02:39.301210,-334.027
2023-11-17 13:02:39.316840,-362.6353
2023-11-17 13:02:39.332460,-386.4257
2023-11-17 13:02:39.348090,-404.8652
2023-11-17 13:02:39.363710,-421.722
2023-11-17 13:02:39.379340,-437.2162
2023-11-17 13:02:39.394960,-450.4802
2023-11-17 13:02:39.410590,-460.3352
2023-11-17 13:02:39.426220,-467.2496
2023-11-17 13:02:39.441840,-471.6495
2023-11-17 13:02:39.457470,-474.3213
2023-11-17 13:02:39.473090,-474.3254
2023-11-17 13:02:39.488720,-470.1484
2023-11-17 13:02:39.504340,-462.9761
2023-11-17 13:02:39.519970,-454.9387
2023-11-17 13:02:39.535600,-450.6322
2023-11-17 13:02:39.551220,-455.4709
2023-11-17 13:02:39.566850,-473.4373
2023-11-17 13:02:39.582470,-484.1926
2023-11-17 13:02:39.598100,-468.35
2023-11-17 13:02:39.613720,-412.167
2023-11-17 13:02:39.629350,-314.2307
2023-11-17 13:02:39.644980,-185.2925
2023-11-17 13:02:39.660600,-42.05412
2023-11-17 13:02:39.676230,96.21831
2023-11-17 13:02:39.691850,210.7079
2023-11-17 13:02:39.707480,287.4337
2023-11-17 13:02:39.723100,322.1015
2023-11-17 13:02:39.738730,319.1188
2023-11-17 13:02:39.754360,292.3322
2023-11-17 13:02:39.769980,259.5286
2023-11-17 13:02:39.785610,235.8149
2023-11-17 13:02:39.801230,229.8251
2023-11-17 13:02:39.816860,238.3532
2023-11-17 13:02:39.832480,252.9646
2023-11-17 13:02:39.848110,264.5504
2023-11-17 13:02:39.863740,266.4525
2023-11-17 13:02:39.879360,253.4063
2023-11-17 13:02:39.894990,223.8235
2023-11-17 13:02:39.910610,179.9177
2023-11-17 13:02:39.926240,127.6735
2023-11-17 13:02:39.941860,74.30869
2023-11-17 13:02:39.957490,32.4006
2023-11-17 13:02:39.973120,9.87825
2023-11-17 13:02:39.988740,6.556015
2023-11-17 13:02:40.004370,16.28377
2023-11-17 13:02:40.019990,29.56332
2023-11-17 13:02:40.035620,38.73673
2023-11-17 13:02:40.051240,40.22947
2023-11-17 13:02:40.066870,34.32506
2023-11-17 13:02:40.082500,23.21889
2023-11-17 13:02:40.098120,9.372849
2023-11-17 13:02:40.113750,-5.505043
2023-11-17 13:02:40.129370,-19.72855
2023-11-17 13:02:40.145000,-31.86728
2023-11-17 13:02:40.160630,-39.56793
2023-11-17 13:02:40.176250,-41.41551
2023-11-17 13:02:40.191880,-37.6269
2023-11-17 13:02:40.207500,-29.72796
2023-11-17 13:02:40.223130,-19.58648
2023-11-17 13:02:40.238750,-8.399944
2023-11-17 13:02:40.254380,2.993092
2023-11-17 13:02:40.270010,13.99653
2023-11-17 13:02:40.285630,24.14194
2023-11-17 13:02:40.301260,33.08268
2023-11-17 13:02:40.316880,40.3637
2023-11-17 13:02:40.332510,46.21104
2023-11-17 13:02:40.348130,51.43396
2023-11-17 13:02:40.363760,56.83635
2023-11-17 13:02:40.379390,62.33512
2023-11-17 13:02:40.395010,66.23585
2023-11-17 13:02:40.410640,65.78773
2023-11-17 13:02:40.426260,57.9613
2023-11-17 13:02:40.441890,42.55779
2023-11-17 13:02:40.457510,21.83203
2023-11-17 13:02:40.473140,-0.1932926
2023-11-17 13:02:40.488770,-19.49894
2023-11-17 13:02:40.504390,-33.23833
2023-11-17 13:02:40.520020,-40.14603
2023-11-17 13:02:40.535640,-40.09959
2023-11-17 13:02:40.551270,-33.98607
2023-11-17 13:02:40.566890,-22.53713
2023-11-17 13:02:40.582520,-6.148418
2023-11-17 13:02:40.598150,13.90195
2023-11-17 13:02:40.613770,35.19187
2023-11-17 13:02:40.629400,53.92784
2023-11-17 13:02:40.645020,66.3551
2023-11-17 13:02:40.660650,70.66251
2023-11-17 13:02:40.676270,67.76515
2023-11-17 13:02:40.691900,59.69931
2023-11-17 13:02:40.707530,49.21365
2023-11-17 13:02:40.723150,39.03654
2023-11-17 13:02:40.738780,30.46889
2023-11-17 13:02:40.754400,23.85187
2023-11-17 13:02:40.770030,18.17443
2023-11-17 13:02:40.785650,11.9315
2023-11-17 13:02:40.801280,4.092064
2023-11-17 13:02:40.816910,-5.788822
2023-11-17 13:02:40.832530,-19.71561
2023-11-17 13:02:40.848160,-40.20174
2023-11-17 13:02:40.863780,-68.87061
2023-11-17 13:02:40.879410,-106.3682
2023-11-17 13:02:40.895030,-151.1642
2023-11-17 13:02:40.910660,-200.9396
2023-11-17 13:02:40.926290,-252.8397
2023-11-17 13:02:40.957540,-338.9829
2023-11-17 13:02:40.973160,-345.632
2023-11-17 13:02:40.988790,-316.9915
2023-11-17 13:02:41.004410,-256.1949
2023-11-17 13:02:41.020040,-173.5052
2023-11-17 13:02:41.035670,-79.44155
2023-11-17 13:02:41.051290,15.78745
2023-11-17 13:02:41.066920,102.0098
2023-11-17 13:02:41.082540,169.3797
2023-11-17 13:02:41.098170,210.782
2023-11-17 13:02:41.113790,222.6913
2023-11-17 13:02:41.129420,207.9421
2023-11-17 13:02:41.145050,179.9845
2023-11-17 13:02:41.160670,148.0631
2023-11-17 13:02:41.176300,119.3713
2023-11-17 13:02:41.191920,96.81537
2023-11-17 13:02:41.207550,79.75848
2023-11-17 13:02:41.223170,66.43627
2023-11-17 13:02:41.238800,56.32039
2023-11-17 13:02:41.254430,49.47638
2023-11-17 13:02:41.270050,46.86764
2023-11-17 13:02:41.285680,50.62081
2023-11-17 13:02:41.301300,61.75131
2023-11-17 13:02:41.316930,80.45814
2023-11-17 13:02:41.332550,103.1692
2023-11-17 13:02:41.348180,125.774
2023-11-17 13:02:41.363810,143.7131
2023-11-17 13:02:41.379430,151.4172
2023-11-17 13:02:41.395060,141.2953
2023-11-17 13:02:41.410680,101.3856
2023-11-17 13:02:41.426310,29.07568
2023-11-17 13:02:41.441930,-63.42485
2023-11-17 13:02:41.457560,-151.5908
2023-11-17 13:02:41.473190,-211.8774
2023-11-17 13:02:41.488810,-232.7524
2023-11-17 13:02:41.504440,-217.7625
2023-11-17 13:02:41.520060,-181.0943
2023-11-17 13:02:41.535690,-140.2556
2023-11-17 13:02:41.551310,-108.4101
2023-11-17 13:02:41.566940,-89.61524
2023-11-17 13:02:41.582570,-81.36656
2023-11-17 13:02:41.598190,-79.13628
2023-11-17 13:02:41.613820,-79.51819
2023-11-17 13:02:41.629440,-81.70032
2023-11-17 13:02:41.645070,-85.5223
2023-11-17 13:02:41.660690,-89.60973
2023-11-17 13:02:41.676320,-91.49176
2023-11-17 13:02:41.691950,-88.37545
2023-11-17 13:02:41.707570,-78.15382
2023-11-17 13:02:41.723200,-61.75114
2023-11-17 13:02:41.738820,-43.03962
2023-11-17 13:02:41.754450,-27.2687
2023-11-17 13:02:41.770070,-18.2942
2023-11-17 13:02:41.785700,-18.16558
2023-11-17 13:02:41.801330,-25.05058
2023-11-17 13:02:41.816950,-35.02306
2023-11-17 13:02:41.832580,-44.03752
2023-11-17 13:02:41.848200,-49.19305
2023-11-17 13:02:41.863830,-49.9426
2023-11-17 13:02:41.879450,-47.86005
2023-11-17 13:02:41.895080,-45.51523
2023-11-17 13:02:41.910710,-44.96713
2023-11-17 13:02:41.926330,-46.54791
2023-11-17 13:02:41.941960,-48.43854
2023-11-17 13:02:41.957580,-47.49796
2023-11-17 13:02:41.973210,-40.36086
2023-11-17 13:02:41.988830,-24.54149
2023-11-17 13:02:42.004460,0.2647705
2023-11-17 13:02:42.020090,31.55197
2023-11-17 13:02:42.035710,64.56825
2023-11-17 13:02:42.051340,93.59689
2023-11-17 13:02:42.066960,113.7739
2023-11-17 13:02:42.082590,122.5007
2023-11-17 13:02:42.098210,119.6478
2023-11-17 13:02:42.113840,107.2686
2023-11-17 13:02:42.129470,88.67517
2023-11-17 13:02:42.145090,67.38832
2023-11-17 13:02:42.160720,46.23886
2023-11-17 13:02:42.176340,27.0611
2023-11-17 13:02:42.191970,10.68604
2023-11-17 13:02:42.207590,-2.602295
2023-11-17 13:02:42.223220,-12.65967
2023-11-17 13:02:42.238850,-19.37323
2023-11-17 13:02:42.254470,-22.56372
2023-11-17 13:02:42.270100,-22.13916
2023-11-17 13:02:42.285720,-18.17294
2023-11-17 13:02:42.301350,-11.10028
2023-11-17 13:02:42.316970,-1.785889
2023-11-17 13:02:42.332600,8.538422
2023-11-17 13:02:42.348230,18.39972
2023-11-17 13:02:42.363850,26.45541
2023-11-17 13:02:42.379480,31.69891
2023-11-17 13:02:42.395100,33.8309
2023-11-17 13:02:42.410730,33.27228
2023-11-17 13:02:42.426360,30.9267
2023-11-17 13:02:42.441980,27.71628
2023-11-17 13:02:42.457610,24.23657
2023-11-17 13:02:42.473230,20.58194
2023-11-17 13:02:42.488860,16.40863
2023-11-17 13:02:42.504480,11.26971
2023-11-17 13:02:42.520110,4.76297
2023-11-17 13:02:42.535740,-3.321777
2023-11-17 13:02:42.551360,-12.86502
2023-11-17 13:02:42.566990,-23.33829
2023-11-17 13:02:42.582610,-33.77896
2023-11-17 13:02:42.598240,-42.74231
2023-11-17 13:02:42.613860,-48.46246
2023-11-17 13:02:42.629490,-49.30606
2023-11-17 13:02:42.645120,-44.27414
2023-11-17 13:02:42.660740,-33.63504
2023-11-17 13:02:42.676370,-19.19278
2023-11-17 13:02:42.691990,-3.988892
2023-11-17 13:02:42.707620,8.608398
2023-11-17 13:02:42.723240,16.23169
2023-11-17 13:02:42.738870,18.45435
2023-11-17 13:02:42.754500,17.14023
2023-11-17 13:02:42.770120,15.58398
2023-11-17 13:02:42.785750,17.14606
2023-11-17 13:02:42.801370,23.84735
2023-11-17 13:02:42.817000,35.55878
2023-11-17 13:02:42.832620,50.31842
2023-11-17 13:02:42.848250,65.15814
2023-11-17 13:02:42.863880,77.37158
2023-11-17 13:02:42.879500,85.18115
2023-11-17 13:02:42.895130,88.04431
2023-11-17 13:02:42.910750,86.37494
2023-11-17 13:02:42.926380,81.41888
2023-11-17 13:02:42.942000,74.94836
2023-11-17 13:02:42.957630,69.00305
2023-11-17 13:02:42.973260,65.51166
2023-11-17 13:02:42.988880,65.53668
2023-11-17 13:02:43.004510,68.80701
2023-11-17 13:02:43.020130,73.67358
2023-11-17 13:02:43.035760,77.72388
2023-11-17 13:02:43.051380,78.77679
2023-11-17 13:02:43.067010,75.76379
2023-11-17 13:02:43.082640,68.97095
2023-11-17 13:02:43.098260,59.72784
2023-11-17 13:02:43.113890,49.7063
2023-11-17 13:02:43.129510,40.13715
2023-11-17 13:02:43.145140,31.56451
2023-11-17 13:02:43.160760,23.90509
2023-11-17 13:02:43.176390,16.83417
2023-11-17 13:02:43.192020,10.07965
2023-11-17 13:02:43.207640,3.564819
2023-11-17 13:02:43.223270,-2.627808
2023-11-17 13:02:43.238890,-8.416077
2023-11-17 13:02:43.270140,-18.00092
2023-11-17 13:02:43.285770,-20.90167
2023-11-17 13:02:43.301400,-21.4881
2023-11-17 13:02:43.317020,-18.94904
2023-11-17 13:02:43.332650,-12.99689
2023-11-17 13:02:43.348270,-4.124329
2023-11-17 13:02:43.363900,6.364441
2023-11-17 13:02:43.379520,16.74115
2023-11-17 13:02:43.395150,25.50922
2023-11-17 13:02:43.410780,31.72528
2023-11-17 13:02:43.426400,35.09497
2023-11-17 13:02:43.442030,35.62866
2023-11-17 13:02:43.457650,33.36792
2023-11-17 13:02:43.473280,28.4184
2023-11-17 13:02:43.488900,21.21381
2023-11-17 13:02:43.504530,12.95117
2023-11-17 13:02:43.520160,5.66095
2023-11-17 13:02:43.535780,1.706421
2023-11-17 13:02:43.551410,2.827271
2023-11-17 13:02:43.567030,9.313721
2023-11-17 13:02:43.582660,19.6369
2023-11-17 13:02:43.598280,30.94214
2023-11-17 13:02:43.613910,40.19641
2023-11-17 13:02:43.629540,45.10626
2023-11-17 13:02:43.645160,44.48706
2023-11-17 13:02:43.660790,38.00171
2023-11-17 13:02:43.676410,25.74603
2023-11-17 13:02:43.692040,8.076538
2023-11-17 13:02:43.707660,-14.11261
2023-11-17 13:02:43.723290,-38.96301
2023-11-17 13:02:43.738920,-63.62488
2023-11-17 13:02:43.754540,-84.69885
2023-11-17 13:02:43.770170,-99.18213
2023-11-17 13:02:43.785790,-105.332
2023-11-17 13:02:43.801420,-103.0961
2023-11-17 13:02:43.817040,-93.98822
2023-11-17 13:02:43.832670,-80.5531
2023-11-17 13:02:43.848300,-65.67523
2023-11-17 13:02:43.863920,-52.06165
2023-11-17 13:02:43.879550,-41.83423
2023-11-17 13:02:43.895170,-36.14539
2023-11-17 13:02:43.910800,-34.79688
2023-11-17 13:02:43.926420,-36.04614
2023-11-17 13:02:43.942050,-36.77209
2023-11-17 13:02:43.957680,-33.43311
2023-11-17 13:02:43.973300,-23.26447
2023-11-17 13:02:43.988930,-5.41925
2023-11-17 13:02:44.004550,18.4137
2023-11-17 13:02:44.020180,44.26385
2023-11-17 13:02:44.035800,67.16724
2023-11-17 13:02:44.051430,82.8103
2023-11-17 13:02:44.067060,89.13379
2023-11-17 13:02:44.082680,86.91754
2023-11-17 13:02:44.098310,78.96844
2023-11-17 13:02:44.113930,68.36597
2023-11-17 13:02:44.129560,56.92786
2023-11-17 13:02:44.145180,44.65942
2023-11-17 13:02:44.160810,30.49896
2023-11-17 13:02:44.176440,13.86627
2023-11-17 13:02:44.192060,-4.241028
2023-11-17 13:02:44.207690,-21.26624
2023-11-17 13:02:44.223310,-34.16766
2023-11-17 13:02:44.238940,-40.90027
2023-11-17 13:02:44.254560,-41.32184
2023-11-17 13:02:44.270190,-36.92755
2023-11-17 13:02:44.285820,-29.79254
2023-11-17 13:02:44.301440,-21.25433
2023-11-17 13:02:44.317070,-11.21185
2023-11-17 13:02:44.332690,1.601563
2023-11-17 13:02:44.348320,18.60779
2023-11-17 13:02:44.363940,40.30707
2023-11-17 13:02:44.379570,65.91486
2023-11-17 13:02:44.395200,93.72803
2023-11-17 13:02:44.410820,122.1201
2023-11-17 13:02:44.426450,150.3223
2023-11-17 13:02:44.442070,178.7104
2023-11-17 13:02:44.457700,208.304
2023-11-17 13:02:44.473320,240.0208
2023-11-17 13:02:44.488950,273.9045
2023-11-17 13:02:44.504580,308.9449
2023-11-17 13:02:44.520200,343.0827
2023-11-17 13:02:44.535830,373.1971
2023-11-17 13:02:44.551450,395.0304
2023-11-17 13:02:44.567080,403.4309
2023-11-17 13:02:44.582710,393.2054
2023-11-17 13:02:44.598330,360.9559
2023-11-17 13:02:44.613960,306.8978
2023-11-17 13:02:44.629580,235.8214
2023-11-17 13:02:44.645210,156.448
2023-11-17 13:02:44.660830,78.93408
2023-11-17 13:02:44.676460,11.69681
2023-11-17 13:02:44.692090,-40.87112
2023-11-17 13:02:44.707710,-78.61966
2023-11-17 13:02:44.723340,-104.2388
2023-11-17 13:02:44.738960,-121.1117
2023-11-17 13:02:44.754590,-131.9398
2023-11-17 13:02:44.770210,-138.4043
2023-11-17 13:02:44.785840,-141.7577
2023-11-17 13:02:44.801470,-143.5826
2023-11-17 13:02:44.817090,-145.9818
2023-11-17 13:02:44.832720,-150.8039
2023-11-17 13:02:44.848340,-158.6953
2023-11-17 13:02:44.863970,-168.4927
2023-11-17 13:02:44.879590,-177.3783
2023-11-17 13:02:44.895220,-181.9088
2023-11-17 13:02:44.910850,-179.3376
2023-11-17 13:02:44.926470,-168.4293
2023-11-17 13:02:44.942100,-149.788
2023-11-17 13:02:44.957720,-125.431
2023-11-17 13:02:44.973350,-97.91487
2023-11-17 13:02:44.988970,-69.71418
2023-11-17 13:02:45.004600,-42.95892
2023-11-17 13:02:45.020230,-19.39446
2023-11-17 13:02:45.035850,-0.4211235
2023-11-17 13:02:45.051480,12.91114
2023-11-17 13:02:45.067100,20.23967
2023-11-17 13:02:45.082730,22.01629
2023-11-17 13:02:45.098350,19.43297
2023-11-17 13:02:45.113980,14.17271
2023-11-17 13:02:45.129610,7.707577
2023-11-17 13:02:45.145230,0.9492111
2023-11-17 13:02:45.160860,-5.734436
2023-11-17 13:02:45.176480,-12.3136
2023-11-17 13:02:45.192110,-19.03028
2023-11-17 13:02:45.207730,-26.17745
2023-11-17 13:02:45.223360,-34.01485
2023-11-17 13:02:45.238990,-42.65352
2023-11-17 13:02:45.254610,-51.95818
2023-11-17 13:02:45.270240,-61.51566
2023-11-17 13:02:45.285860,-70.58301
2023-11-17 13:02:45.301490,-78.1761
2023-11-17 13:02:45.317110,-83.36104
2023-11-17 13:02:45.332740,-85.69482
2023-11-17 13:02:45.348370,-85.36948
2023-11-17 13:02:45.363990,-83.20996
2023-11-17 13:02:45.379620,-80.35695
2023-11-17 13:02:45.395240,-77.82362
2023-11-17 13:02:45.410870,-76.08441
2023-11-17 13:02:45.426490,-74.91873
2023-11-17 13:02:45.442120,-73.60606
2023-11-17 13:02:45.457750,-71.35567
2023-11-17 13:02:45.473370,-67.84483
2023-11-17 13:02:45.489000,-63.30286
2023-11-17 13:02:45.504620,-58.36465
2023-11-17 13:02:45.520250,-53.69229
2023-11-17 13:02:45.535870,-49.57526
2023-11-17 13:02:45.551500,-46.00269
2023-11-17 13:02:45.567130,-42.93961
2023-11-17 13:02:45.582750,-40.6088
2023-11-17 13:02:45.614000,-39.99167
2023-11-17 13:02:45.629630,-41.75345
2023-11-17 13:02:45.645250,-43.60422
2023-11-17 13:02:45.660880,-43.93604
2023-11-17 13:02:45.676510,-41.53427
2023-11-17 13:02:45.692130,-36.46808
2023-11-17 13:02:45.707760,-30.33163
2023-11-17 13:02:45.723380,-25.67941
2023-11-17 13:02:45.739010,-24.82086
2023-11-17 13:02:45.754630,-28.73843
2023-11-17 13:02:45.770260,-36.64371
2023-11-17 13:02:45.785890,-46.4071
2023-11-17 13:02:45.801510,-55.5274
2023-11-17 13:02:45.817140,-62.12952
2023-11-17 13:02:45.832760,-65.54776
2023-11-17 13:02:45.848390,-66.2536
2023-11-17 13:02:45.864010,-65.33234
2023-11-17 13:02:45.879640,-63.82324
2023-11-17 13:02:45.895270,-62.30173
2023-11-17 13:02:45.910890,-60.6644
2023-11-17 13:02:45.926520,-58.32635
2023-11-17 13:02:45.942140,-54.64587
2023-11-17 13:02:45.957770,-49.2999
2023-11-17 13:02:45.973390,-42.5997
2023-11-17 13:02:45.989020,-35.45508
2023-11-17 13:02:46.004650,-29.03281
2023-11-17 13:02:46.020270,-24.26019
2023-11-17 13:02:46.035900,-21.38242
2023-11-17 13:02:46.051520,-19.81531
2023-11-17 13:02:46.067150,-18.39648
2023-11-17 13:02:46.082770,-15.84991
2023-11-17 13:02:46.098400,-11.21573
2023-11-17 13:02:46.114030,-4.365021
2023-11-17 13:02:46.129650,3.659698
2023-11-17 13:02:46.145280,10.55685
2023-11-17 13:02:46.160900,13.13199
2023-11-17 13:02:46.176530,8.275146
2023-11-17 13:02:46.192150,-5.525208
2023-11-17 13:02:46.207780,-26.83627
2023-11-17 13:02:46.223410,-50.88528
2023-11-17 13:02:46.239030,-70.37418
2023-11-17 13:02:46.254660,-77.5863
2023-11-17 13:02:46.270280,-66.98514
2023-11-17 13:02:46.285910,-37.30661
2023-11-17 13:02:46.301530,7.75943
2023-11-17 13:02:46.317160,60.39731
2023-11-17 13:02:46.332790,110.9908
2023-11-17 13:02:46.348410,151.0606
2023-11-17 13:02:46.364040,175.7815
2023-11-17 13:02:46.379660,185.3842
2023-11-17 13:02:46.395290,184.5875
2023-11-17 13:02:46.410910,180.3866
