Datetime,valueBVP
2024-04-29 16:51:14.388230,-0.5860152
2024-04-29 16:51:14.403860,-1.23712
2024-04-29 16:51:14.419480,-1.804484
2024-04-29 16:51:14.435110,-2.346361
2024-04-29 16:51:14.450730,-2.937931
2024-04-29 16:51:14.466360,-3.659628
2024-04-29 16:51:14.481990,-4.564328
2024-04-29 16:51:14.497610,-5.654485
2024-04-29 16:51:14.513240,-6.857813
2024-04-29 16:51:14.528860,-8.015913
2024-04-29 16:51:14.544490,-8.90413
2024-04-29 16:51:14.560110,-9.273223
2024-04-29 16:51:14.575740,-8.915283
2024-04-29 16:51:14.591370,-7.737018
2024-04-29 16:51:14.606990,-5.772337
2024-04-29 16:51:14.622620,-3.194799
2024-04-29 16:51:14.638240,-0.2780743
2024-04-29 16:51:14.653870,2.645134
2024-04-29 16:51:14.669490,5.273584
2024-04-29 16:51:14.685120,7.352693
2024-04-29 16:51:14.700750,8.726681
2024-04-29 16:51:14.716370,9.353333
2024-04-29 16:51:14.732000,9.285122
2024-04-29 16:51:14.747620,8.652089
2024-04-29 16:51:14.763250,7.624044
2024-04-29 16:51:14.778870,6.371026
2024-04-29 16:51:14.794500,5.042236
2024-04-29 16:51:14.810130,3.760071
2024-04-29 16:51:14.825750,2.610259
2024-04-29 16:51:14.841380,1.687238
2024-04-29 16:51:14.857000,1.063955
2024-04-29 16:51:14.872630,0.7976482
2024-04-29 16:51:14.888250,0.8896589
2024-04-29 16:51:14.903880,1.276154
2024-04-29 16:51:14.919510,1.805548
2024-04-29 16:51:14.935130,2.280541
2024-04-29 16:51:14.950760,2.531397
2024-04-29 16:51:14.966380,2.459113
2024-04-29 16:51:14.982010,2.050911
2024-04-29 16:51:14.997630,1.386503
2024-04-29 16:51:15.013260,0.5614314
2024-04-29 16:51:15.028890,-0.3684276
2024-04-29 16:51:15.044510,-1.381415
2024-04-29 16:51:15.060140,-2.484992
2024-04-29 16:51:15.075760,-3.652718
2024-04-29 16:51:15.091390,-4.833356
2024-04-29 16:51:15.107010,-5.962587
2024-04-29 16:51:15.122640,-7.022531
2024-04-29 16:51:15.138270,-8.034439
2024-04-29 16:51:15.153890,-9.026315
2024-04-29 16:51:15.169520,-9.933207
2024-04-29 16:51:15.185140,-10.54544
2024-04-29 16:51:15.200770,-10.56026
2024-04-29 16:51:15.216390,-9.696062
2024-04-29 16:51:15.232020,-7.825129
2024-04-29 16:51:15.247650,-5.072958
2024-04-29 16:51:15.263270,-1.785172
2024-04-29 16:51:15.278900,1.582289
2024-04-29 16:51:15.294520,4.609662
2024-04-29 16:51:15.310150,7.016702
2024-04-29 16:51:15.325770,8.691693
2024-04-29 16:51:15.341400,9.644444
2024-04-29 16:51:15.357030,9.950222
2024-04-29 16:51:15.372650,9.703418
2024-04-29 16:51:15.388280,9.026161
2024-04-29 16:51:15.403900,8.052505
2024-04-29 16:51:15.419530,6.951493
2024-04-29 16:51:15.435150,5.893972
2024-04-29 16:51:15.450780,5.007051
2024-04-29 16:51:15.466410,4.368957
2024-04-29 16:51:15.482030,3.964644
2024-04-29 16:51:15.497660,3.71148
2024-04-29 16:51:15.513280,3.488101
2024-04-29 16:51:15.528910,3.184406
2024-04-29 16:51:15.544530,2.722647
2024-04-29 16:51:15.560160,2.088533
2024-04-29 16:51:15.575790,1.295333
2024-04-29 16:51:15.591410,0.3693947
2024-04-29 16:51:15.622660,-1.768086
2024-04-29 16:51:15.638290,-2.878815
2024-04-29 16:51:15.653920,-3.917226
2024-04-29 16:51:15.669540,-4.795196
2024-04-29 16:51:15.685170,-5.46352
2024-04-29 16:51:15.700790,-5.896651
2024-04-29 16:51:15.716420,-6.101441
2024-04-29 16:51:15.732040,-6.100729
2024-04-29 16:51:15.747670,-5.931146
2024-04-29 16:51:15.763300,-5.643319
2024-04-29 16:51:15.778920,-5.354804
2024-04-29 16:51:15.794550,-5.248672
2024-04-29 16:51:15.810170,-5.496573
2024-04-29 16:51:15.825800,-6.164057
2024-04-29 16:51:15.841420,-7.105559
2024-04-29 16:51:15.857050,-7.984838
2024-04-29 16:51:15.872680,-8.342914
2024-04-29 16:51:15.888300,-7.800694
2024-04-29 16:51:15.903930,-6.195204
2024-04-29 16:51:15.919550,-3.643608
2024-04-29 16:51:15.935180,-0.4920842
2024-04-29 16:51:15.950800,2.812838
2024-04-29 16:51:15.966430,5.88729
2024-04-29 16:51:15.982060,8.449415
2024-04-29 16:51:15.997680,10.36137
2024-04-29 16:51:16.013310,11.56911
2024-04-29 16:51:16.028930,12.06984
2024-04-29 16:51:16.044560,11.90715
2024-04-29 16:51:16.060180,11.19321
2024-04-29 16:51:16.075810,10.11798
2024-04-29 16:51:16.091440,8.909677
2024-04-29 16:51:16.107060,7.802149
2024-04-29 16:51:16.122690,6.926287
2024-04-29 16:51:16.138310,6.305942
2024-04-29 16:51:16.153940,5.855776
2024-04-29 16:51:16.169560,5.455256
2024-04-29 16:51:16.185190,5.030175
2024-04-29 16:51:16.200820,4.60092
2024-04-29 16:51:16.216440,4.25781
2024-04-29 16:51:16.232070,4.081183
2024-04-29 16:51:16.247690,4.074009
2024-04-29 16:51:16.263320,4.14207
2024-04-29 16:51:16.278940,4.139747
2024-04-29 16:51:16.294570,3.954011
2024-04-29 16:51:16.310200,3.529951
2024-04-29 16:51:16.325820,2.892266
2024-04-29 16:51:16.341450,2.096017
2024-04-29 16:51:16.357070,1.179691
2024-04-29 16:51:16.372700,0.1738613
2024-04-29 16:51:16.388320,-0.8964627
2024-04-29 16:51:16.403950,-1.981798
2024-04-29 16:51:16.419580,-3.011049
2024-04-29 16:51:16.435200,-3.948641
2024-04-29 16:51:16.450830,-4.845732
2024-04-29 16:51:16.466450,-5.821345
2024-04-29 16:51:16.482080,-7.009691
2024-04-29 16:51:16.497700,-8.44549
2024-04-29 16:51:16.513330,-9.982026
2024-04-29 16:51:16.528960,-11.29128
2024-04-29 16:51:16.544580,-11.94723
2024-04-29 16:51:16.560210,-11.58385
2024-04-29 16:51:16.575830,-10.02515
2024-04-29 16:51:16.591460,-7.388436
2024-04-29 16:51:16.607080,-4.022547
2024-04-29 16:51:16.638340,2.803463
2024-04-29 16:51:16.653960,5.350789
2024-04-29 16:51:16.669590,6.986935
2024-04-29 16:51:16.685210,7.717651
2024-04-29 16:51:16.700840,7.674574
2024-04-29 16:51:16.716460,7.062141
2024-04-29 16:51:16.732090,6.051545
2024-04-29 16:51:16.747720,4.786317
2024-04-29 16:51:16.763340,3.378315
2024-04-29 16:51:16.778970,1.901644
2024-04-29 16:51:16.794590,0.4569964
2024-04-29 16:51:16.810220,-0.8483338
2024-04-29 16:51:16.825840,-1.889349
2024-04-29 16:51:16.841470,-2.573201
2024-04-29 16:51:16.857100,-2.849337
2024-04-29 16:51:16.872720,-2.740937
2024-04-29 16:51:16.888350,-2.366616
2024-04-29 16:51:16.903970,-1.911207
2024-04-29 16:51:16.919600,-1.569175
2024-04-29 16:51:16.935220,-1.490671
2024-04-29 16:51:16.950850,-1.710079
2024-04-29 16:51:16.966480,-2.168511
2024-04-29 16:51:16.982100,-2.751265
2024-04-29 16:51:16.997730,-3.348252
2024-04-29 16:51:17.013350,-3.918807
2024-04-29 16:51:17.028980,-4.495435
2024-04-29 16:51:17.044600,-5.139347
2024-04-29 16:51:17.060230,-5.907964
2024-04-29 16:51:17.075860,-6.83946
2024-04-29 16:51:17.091480,-7.971029
2024-04-29 16:51:17.107110,-9.302745
2024-04-29 16:51:17.122730,-10.78975
2024-04-29 16:51:17.138360,-12.26579
2024-04-29 16:51:17.153980,-13.45056
2024-04-29 16:51:17.169610,-13.98586
2024-04-29 16:51:17.185240,-13.54911
2024-04-29 16:51:17.200860,-11.98797
2024-04-29 16:51:17.216490,-9.388546
2024-04-29 16:51:17.232110,-6.039714
2024-04-29 16:51:17.247740,-2.352084
2024-04-29 16:51:17.263360,1.300019
2024-04-29 16:51:17.278990,4.638903
2024-04-29 16:51:17.294620,7.472015
2024-04-29 16:51:17.310240,9.66168
2024-04-29 16:51:17.325870,11.07498
2024-04-29 16:51:17.341490,11.61283
2024-04-29 16:51:17.357120,11.25033
2024-04-29 16:51:17.372740,10.10383
2024-04-29 16:51:17.388370,8.434751
2024-04-29 16:51:17.404000,6.563205
2024-04-29 16:51:17.419620,4.808148
2024-04-29 16:51:17.435250,3.368521
2024-04-29 16:51:17.450870,2.320207
2024-04-29 16:51:17.466500,1.630693
2024-04-29 16:51:17.482120,1.222291
2024-04-29 16:51:17.497750,1.009027
2024-04-29 16:51:17.513380,0.9397202
2024-04-29 16:51:17.529000,0.9654455
2024-04-29 16:51:17.544630,1.025441
2024-04-29 16:51:17.560250,1.062684
2024-04-29 16:51:17.575880,1.004564
2024-04-29 16:51:17.591500,0.7883921
2024-04-29 16:51:17.607130,0.388479
2024-04-29 16:51:17.622760,-0.15253
2024-04-29 16:51:17.638380,-0.75123
2024-04-29 16:51:17.654010,-1.290571
2024-04-29 16:51:17.669630,-1.683554
2024-04-29 16:51:17.685260,-1.916521
2024-04-29 16:51:17.700880,-2.086298
2024-04-29 16:51:17.716510,-2.399081
2024-04-29 16:51:17.732140,-3.062596
2024-04-29 16:51:17.747760,-4.193045
2024-04-29 16:51:17.763390,-5.694695
2024-04-29 16:51:17.779010,-7.236848
2024-04-29 16:51:17.794640,-8.354342
2024-04-29 16:51:17.810260,-8.583422
2024-04-29 16:51:17.825890,-7.67321
2024-04-29 16:51:17.841520,-5.661295
2024-04-29 16:51:17.857140,-2.876059
2024-04-29 16:51:17.872770,0.2066737
2024-04-29 16:51:17.888390,3.118969
2024-04-29 16:51:17.904020,5.517116
2024-04-29 16:51:17.919650,7.233348
2024-04-29 16:51:17.935270,8.214783
2024-04-29 16:51:17.950900,8.474638
2024-04-29 16:51:17.966520,8.052501
2024-04-29 16:51:17.982150,7.020043
2024-04-29 16:51:17.997770,5.494864
2024-04-29 16:51:18.013400,3.677584
2024-04-29 16:51:18.029030,1.795932
2024-04-29 16:51:18.044650,0.08833075
2024-04-29 16:51:18.060280,-1.245031
2024-04-29 16:51:18.075900,-2.061716
2024-04-29 16:51:18.091530,-2.274825
2024-04-29 16:51:18.107150,-1.842526
2024-04-29 16:51:18.122780,-0.7624896
2024-04-29 16:51:18.138410,0.8707933
2024-04-29 16:51:18.154030,2.837078
2024-04-29 16:51:18.169660,4.765817
2024-04-29 16:51:18.185280,6.234813
2024-04-29 16:51:18.200910,6.869091
2024-04-29 16:51:18.216530,6.470687
2024-04-29 16:51:18.232160,5.086093
2024-04-29 16:51:18.247790,2.986444
2024-04-29 16:51:18.263410,0.5498085
2024-04-29 16:51:18.279040,-1.860139
2024-04-29 16:51:18.294660,-3.99397
2024-04-29 16:51:18.310290,-5.756449
2024-04-29 16:51:18.325910,-7.12641
2024-04-29 16:51:18.341540,-8.119027
2024-04-29 16:51:18.357170,-8.718975
2024-04-29 16:51:18.372790,-8.877115
2024-04-29 16:51:18.388420,-8.539373
2024-04-29 16:51:18.404040,-7.688796
2024-04-29 16:51:18.419670,-6.338491
2024-04-29 16:51:18.435290,-4.531216
2024-04-29 16:51:18.450920,-2.337941
2024-04-29 16:51:18.466550,0.1858115
2024-04-29 16:51:18.482170,2.963624
2024-04-29 16:51:18.497800,5.889449
2024-04-29 16:51:18.513420,8.808742
2024-04-29 16:51:18.529050,11.52636
2024-04-29 16:51:18.544670,13.8194
2024-04-29 16:51:18.560300,15.46852
2024-04-29 16:51:18.575930,16.28281
2024-04-29 16:51:18.591550,16.12683
2024-04-29 16:51:18.607180,14.93873
2024-04-29 16:51:18.622800,12.7557
2024-04-29 16:51:18.638430,9.74275
2024-04-29 16:51:18.654050,6.19448
2024-04-29 16:51:18.669680,2.514381
2024-04-29 16:51:18.685310,-0.8434272
2024-04-29 16:51:18.700930,-3.469503
2024-04-29 16:51:18.716560,-5.096991
2024-04-29 16:51:18.732180,-5.668696
2024-04-29 16:51:18.747810,-5.352988
2024-04-29 16:51:18.763430,-4.468801
2024-04-29 16:51:18.779060,-3.386029
2024-04-29 16:51:18.794690,-2.413055
2024-04-29 16:51:18.810310,-1.737368
2024-04-29 16:51:18.825940,-1.405363
2024-04-29 16:51:18.857190,-1.518646
2024-04-29 16:51:18.872810,-1.806081
2024-04-29 16:51:18.888440,-2.211782
2024-04-29 16:51:18.904070,-2.762383
2024-04-29 16:51:18.919690,-3.49449
2024-04-29 16:51:18.935320,-4.412483
2024-04-29 16:51:18.950940,-5.453422
2024-04-29 16:51:18.966570,-6.496033
2024-04-29 16:51:18.982190,-7.377644
2024-04-29 16:51:18.997820,-7.91119
2024-04-29 16:51:19.013450,-7.931065
2024-04-29 16:51:19.029070,-7.322463
2024-04-29 16:51:19.044700,-6.035061
2024-04-29 16:51:19.060320,-4.127214
2024-04-29 16:51:19.075950,-1.751071
2024-04-29 16:51:19.091570,0.8577213
2024-04-29 16:51:19.107200,3.428418
2024-04-29 16:51:19.122830,5.696389
2024-04-29 16:51:19.138450,7.468483
2024-04-29 16:51:19.154080,8.642303
2024-04-29 16:51:19.169700,9.211531
2024-04-29 16:51:19.185330,9.221826
2024-04-29 16:51:19.200950,8.744457
2024-04-29 16:51:19.216580,7.835036
2024-04-29 16:51:19.232210,6.58491
2024-04-29 16:51:19.247830,5.13241
2024-04-29 16:51:19.263460,3.667232
2024-04-29 16:51:19.279080,2.427946
2024-04-29 16:51:19.294710,1.607549
2024-04-29 16:51:19.310330,1.27302
2024-04-29 16:51:19.325960,1.358318
2024-04-29 16:51:19.341590,1.697068
2024-04-29 16:51:19.357210,2.094052
2024-04-29 16:51:19.372840,2.402052
2024-04-29 16:51:19.388460,2.538988
2024-04-29 16:51:19.404090,2.463279
2024-04-29 16:51:19.419710,2.162872
2024-04-29 16:51:19.435340,1.625482
2024-04-29 16:51:19.450970,0.8719213
2024-04-29 16:51:19.466590,-0.01903218
2024-04-29 16:51:19.482220,-0.9275573
2024-04-29 16:51:19.497840,-1.746301
2024-04-29 16:51:19.513470,-2.457386
2024-04-29 16:51:19.529090,-3.146086
2024-04-29 16:51:19.544720,-3.929878
2024-04-29 16:51:19.560350,-4.862155
2024-04-29 16:51:19.575970,-5.826843
2024-04-29 16:51:19.591600,-6.537282
2024-04-29 16:51:19.607220,-6.63284
2024-04-29 16:51:19.622850,-5.863364
2024-04-29 16:51:19.638470,-4.187839
2024-04-29 16:51:19.654100,-1.806415
2024-04-29 16:51:19.669730,0.9213207
2024-04-29 16:51:19.685350,3.619711
2024-04-29 16:51:19.700980,6.027194
2024-04-29 16:51:19.716600,8.008154
2024-04-29 16:51:19.732230,9.49629
2024-04-29 16:51:19.747850,10.43394
2024-04-29 16:51:19.763480,10.71766
2024-04-29 16:51:19.779110,10.25337
2024-04-29 16:51:19.794730,9.056557
2024-04-29 16:51:19.810360,7.283969
2024-04-29 16:51:19.825980,5.218112
2024-04-29 16:51:19.841610,3.195338
2024-04-29 16:51:19.857230,1.47224
2024-04-29 16:51:19.872860,0.1675358
2024-04-29 16:51:19.888490,-0.7373962
2024-04-29 16:51:19.904110,-1.332643
2024-04-29 16:51:19.919740,-1.740922
2024-04-29 16:51:19.935360,-2.040739
2024-04-29 16:51:19.950990,-2.276403
2024-04-29 16:51:19.966610,-2.459919
2024-04-29 16:51:19.982240,-2.567992
2024-04-29 16:51:19.997870,-2.583035
2024-04-29 16:51:20.013490,-2.526567
2024-04-29 16:51:20.029120,-2.466738
2024-04-29 16:51:20.044740,-2.532602
2024-04-29 16:51:20.060370,-2.893704
2024-04-29 16:51:20.075990,-3.696415
2024-04-29 16:51:20.091620,-4.970027
2024-04-29 16:51:20.107250,-6.612847
2024-04-29 16:51:20.122870,-8.398126
2024-04-29 16:51:20.138500,-10.02409
2024-04-29 16:51:20.154120,-11.19445
2024-04-29 16:51:20.169750,-11.67772
2024-04-29 16:51:20.185370,-11.35801
2024-04-29 16:51:20.201000,-10.2345
2024-04-29 16:51:20.216630,-8.395257
2024-04-29 16:51:20.232250,-5.998552
2024-04-29 16:51:20.247880,-3.238868
2024-04-29 16:51:20.263500,-0.3397598
2024-04-29 16:51:20.279130,2.47527
2024-04-29 16:51:20.294750,4.9873
2024-04-29 16:51:20.310380,6.994166
2024-04-29 16:51:20.326010,8.306995
2024-04-29 16:51:20.341630,8.799067
2024-04-29 16:51:20.357260,8.426426
2024-04-29 16:51:20.372880,7.297669
2024-04-29 16:51:20.388510,5.643169
2024-04-29 16:51:20.404130,3.781344
2024-04-29 16:51:20.419760,2.032063
2024-04-29 16:51:20.435390,0.6288061
2024-04-29 16:51:20.451010,-0.3264942
2024-04-29 16:51:20.466640,-0.8743868
2024-04-29 16:51:20.482260,-1.133649
2024-04-29 16:51:20.497890,-1.260131
2024-04-29 16:51:20.513520,-1.400952
2024-04-29 16:51:20.529140,-1.648273
2024-04-29 16:51:20.544770,-2.039037
2024-04-29 16:51:20.560390,-2.527039
2024-04-29 16:51:20.576020,-3.054288
2024-04-29 16:51:20.591640,-3.536909
2024-04-29 16:51:20.607270,-3.951731
2024-04-29 16:51:20.622900,-4.313776
2024-04-29 16:51:20.638520,-4.71313
2024-04-29 16:51:20.654150,-5.271592
2024-04-29 16:51:20.669770,-6.073202
2024-04-29 16:51:20.685400,-7.124324
2024-04-29 16:51:20.701020,-8.312356
2024-04-29 16:51:20.716650,-9.428741
2024-04-29 16:51:20.732280,-10.18971
2024-04-29 16:51:20.747900,-10.34233
2024-04-29 16:51:20.763530,-9.708179
2024-04-29 16:51:20.779150,-8.216372
2024-04-29 16:51:20.794780,-5.936066
2024-04-29 16:51:20.810400,-3.050947
2024-04-29 16:51:20.826030,0.150528
2024-04-29 16:51:20.841660,3.333365
2024-04-29 16:51:20.857280,6.145672
2024-04-29 16:51:20.872910,8.305394
2024-04-29 16:51:20.888530,9.609562
2024-04-29 16:51:20.904160,9.992444
2024-04-29 16:51:20.919780,9.530311
2024-04-29 16:51:20.935410,8.41708
2024-04-29 16:51:20.951040,6.923301
2024-04-29 16:51:20.966660,5.327414
2024-04-29 16:51:20.982290,3.853097
2024-04-29 16:51:20.997910,2.632019
2024-04-29 16:51:21.013540,1.734033
2024-04-29 16:51:21.029160,1.135935
2024-04-29 16:51:21.044790,0.7597256
2024-04-29 16:51:21.060420,0.4771833
2024-04-29 16:51:21.076040,0.1638002
2024-04-29 16:51:21.091670,-0.2620583
2024-04-29 16:51:21.107290,-0.810894
2024-04-29 16:51:21.122920,-1.410467
2024-04-29 16:51:21.138540,-1.965736
2024-04-29 16:51:21.154170,-2.40114
2024-04-29 16:51:21.169800,-2.746428
2024-04-29 16:51:21.185420,-3.104248
2024-04-29 16:51:21.201050,-3.63373
2024-04-29 16:51:21.216670,-4.474477
2024-04-29 16:51:21.232300,-5.643463
2024-04-29 16:51:21.247920,-7.023017
2024-04-29 16:51:21.263550,-8.384291
2024-04-29 16:51:21.279180,-9.448781
2024-04-29 16:51:21.294800,-9.95329
2024-04-29 16:51:21.310430,-9.703565
2024-04-29 16:51:21.326050,-8.59058
2024-04-29 16:51:21.341680,-6.625418
2024-04-29 16:51:21.357300,-3.951309
2024-04-29 16:51:21.372930,-0.8215761
2024-04-29 16:51:21.388560,2.424738
2024-04-29 16:51:21.404180,5.430911
2024-04-29 16:51:21.419810,7.89192
2024-04-29 16:51:21.435430,9.603489
2024-04-29 16:51:21.451060,10.46017
2024-04-29 16:51:21.466680,10.49271
2024-04-29 16:51:21.482310,9.818485
2024-04-29 16:51:21.497940,8.618937
2024-04-29 16:51:21.513560,7.115731
2024-04-29 16:51:21.529190,5.523885
2024-04-29 16:51:21.544810,4.040779
2024-04-29 16:51:21.560440,2.806303
2024-04-29 16:51:21.576060,1.92149
2024-04-29 16:51:21.591690,1.405526
2024-04-29 16:51:21.607320,1.209801
2024-04-29 16:51:21.622940,1.190716
2024-04-29 16:51:21.638570,1.154593
2024-04-29 16:51:21.654190,0.9250126
2024-04-29 16:51:21.669820,0.4036436
2024-04-29 16:51:21.685440,-0.3426619
2024-04-29 16:51:21.701070,-1.099195
2024-04-29 16:51:21.716700,-1.620318
2024-04-29 16:51:21.732320,-1.769148
2024-04-29 16:51:21.747950,-1.612246
2024-04-29 16:51:21.763570,-1.403121
2024-04-29 16:51:21.779200,-1.474538
2024-04-29 16:51:21.794820,-2.068646
2024-04-29 16:51:21.810450,-3.241491
2024-04-29 16:51:21.826080,-4.813582
2024-04-29 16:51:21.841700,-6.492996
2024-04-29 16:51:21.857330,-7.954824
2024-04-29 16:51:21.872950,-8.920695
2024-04-29 16:51:21.888580,-9.187345
2024-04-29 16:51:21.904200,-8.607149
2024-04-29 16:51:21.919830,-7.121557
2024-04-29 16:51:21.935460,-4.760969
2024-04-29 16:51:21.951080,-1.695777
2024-04-29 16:51:21.966710,1.762275
2024-04-29 16:51:21.982330,5.193345
2024-04-29 16:51:21.997960,8.154606
2024-04-29 16:51:22.013580,10.27341
2024-04-29 16:51:22.029210,11.30898
2024-04-29 16:51:22.044840,11.21877
2024-04-29 16:51:22.060460,10.13854
2024-04-29 16:51:22.076090,8.371099
2024-04-29 16:51:22.091710,6.296929
2024-04-29 16:51:22.107340,4.296302
2024-04-29 16:51:22.122960,2.648579
2024-04-29 16:51:22.138590,1.521648
2024-04-29 16:51:22.154220,0.9448175
2024-04-29 16:51:22.169840,0.8282037
2024-04-29 16:51:22.185470,1.016253
2024-04-29 16:51:22.201090,1.310903
2024-04-29 16:51:22.216720,1.536576
2024-04-29 16:51:22.232340,1.568273
2024-04-29 16:51:22.247970,1.372437
2024-04-29 16:51:22.263600,0.9796181
2024-04-29 16:51:22.279220,0.4636216
2024-04-29 16:51:22.294850,-0.08376694
2024-04-29 16:51:22.310470,-0.6327877
2024-04-29 16:51:22.326100,-1.174946
2024-04-29 16:51:22.341720,-1.745553
2024-04-29 16:51:22.357350,-2.372285
2024-04-29 16:51:22.372980,-3.049162
2024-04-29 16:51:22.388600,-3.767474
2024-04-29 16:51:22.404230,-4.533633
2024-04-29 16:51:22.419850,-5.385629
2024-04-29 16:51:22.435480,-6.365969
2024-04-29 16:51:22.451100,-7.481855
2024-04-29 16:51:22.466730,-8.643528
2024-04-29 16:51:22.482360,-9.660229
2024-04-29 16:51:22.497980,-10.27149
2024-04-29 16:51:22.513610,-10.21191
2024-04-29 16:51:22.529230,-9.297976
2024-04-29 16:51:22.544860,-7.494516
2024-04-29 16:51:22.560480,-4.93713
2024-04-29 16:51:22.576110,-1.883098
2024-04-29 16:51:22.591740,1.326684
2024-04-29 16:51:22.607360,4.359919
2024-04-29 16:51:22.622990,6.929328
2024-04-29 16:51:22.638610,8.84005
2024-04-29 16:51:22.654240,10.00476
2024-04-29 16:51:22.669860,10.43051
2024-04-29 16:51:22.685490,10.21471
2024-04-29 16:51:22.701120,9.502762
2024-04-29 16:51:22.716740,8.463768
2024-04-29 16:51:22.732370,7.250983
2024-04-29 16:51:22.747990,6.010182
2024-04-29 16:51:22.763620,4.850537
2024-04-29 16:51:22.779250,3.874872
2024-04-29 16:51:22.794870,3.165982
2024-04-29 16:51:22.810500,2.754383
2024-04-29 16:51:22.826120,2.614408
2024-04-29 16:51:22.841750,2.663724
2024-04-29 16:51:22.857370,2.773878
2024-04-29 16:51:22.873000,2.821358
2024-04-29 16:51:22.888630,2.752213
2024-04-29 16:51:22.904250,2.558309
2024-04-29 16:51:22.919880,2.281125
2024-04-29 16:51:22.935500,1.937408
2024-04-29 16:51:22.951130,1.487164
2024-04-29 16:51:22.966750,0.8673453
2024-04-29 16:51:22.982380,0.02787447
2024-04-29 16:51:22.998010,-1.003863
2024-04-29 16:51:23.013630,-2.126019
2024-04-29 16:51:23.029260,-3.180913
2024-04-29 16:51:23.044880,-4.039253
2024-04-29 16:51:23.060510,-4.649009
2024-04-29 16:51:23.076130,-5.047176
2024-04-29 16:51:23.091760,-5.345773
2024-04-29 16:51:23.107390,-5.660981
2024-04-29 16:51:23.123010,-6.096265
2024-04-29 16:51:23.138640,-6.705577
2024-04-29 16:51:23.154260,-7.468065
2024-04-29 16:51:23.169890,-8.302616
2024-04-29 16:51:23.185510,-9.059525
2024-04-29 16:51:23.201140,-9.533646
2024-04-29 16:51:23.216770,-9.499699
2024-04-29 16:51:23.232390,-8.765997
2024-04-29 16:51:23.248020,-7.212969
2024-04-29 16:51:23.263640,-4.870642
2024-04-29 16:51:23.279270,-1.897573
2024-04-29 16:51:23.294890,1.412383
2024-04-29 16:51:23.310520,4.691189
2024-04-29 16:51:23.326150,7.564991
2024-04-29 16:51:23.341770,9.755791
2024-04-29 16:51:23.357400,11.1537
2024-04-29 16:51:23.373020,11.79712
2024-04-29 16:51:23.388650,11.86971
2024-04-29 16:51:23.404270,11.54883
2024-04-29 16:51:23.419900,10.94213
2024-04-29 16:51:23.435530,10.06882
2024-04-29 16:51:23.451150,8.914796
2024-04-29 16:51:23.466780,7.513252
2024-04-29 16:51:23.482400,6.038949
2024-04-29 16:51:23.498030,4.741697
2024-04-29 16:51:23.513650,3.8598
2024-04-29 16:51:23.529280,3.517844
2024-04-29 16:51:23.544910,3.652411
2024-04-29 16:51:23.560530,4.078326
2024-04-29 16:51:23.576160,4.567954
2024-04-29 16:51:23.591780,4.956853
2024-04-29 16:51:23.607410,5.172141
2024-04-29 16:51:23.623030,5.202076
2024-04-29 16:51:23.638660,5.036736
2024-04-29 16:51:23.654290,4.634182
2024-04-29 16:51:23.669910,3.953231
2024-04-29 16:51:23.685540,2.965427
2024-04-29 16:51:23.701160,1.712102
2024-04-29 16:51:23.716790,0.2784185
2024-04-29 16:51:23.732410,-1.196074
2024-04-29 16:51:23.748040,-2.556545
2024-04-29 16:51:23.763670,-3.709368
2024-04-29 16:51:23.779290,-4.605217
2024-04-29 16:51:23.794920,-5.288937
2024-04-29 16:51:23.810540,-5.852538
2024-04-29 16:51:23.826170,-6.43345
2024-04-29 16:51:23.841790,-7.140351
2024-04-29 16:51:23.857420,-8.010234
2024-04-29 16:51:23.873050,-9.0064
2024-04-29 16:51:23.888670,-9.99422
2024-04-29 16:51:23.904300,-10.80532
2024-04-29 16:51:23.919920,-11.24841
2024-04-29 16:51:23.935550,-11.14121
2024-04-29 16:51:23.951170,-10.32638
2024-04-29 16:51:23.966800,-8.734676
2024-04-29 16:51:23.982430,-6.392055
2024-04-29 16:51:23.998050,-3.45549
2024-04-29 16:51:24.013680,-0.2168865
2024-04-29 16:51:24.029300,2.973625
2024-04-29 16:51:24.044930,5.74948
2024-04-29 16:51:24.060550,7.847737
2024-04-29 16:51:24.076180,9.136146
2024-04-29 16:51:24.091810,9.616295
2024-04-29 16:51:24.107430,9.401247
2024-04-29 16:51:24.123060,8.656763
2024-04-29 16:51:24.138680,7.564657
2024-04-29 16:51:24.154310,6.277901
2024-04-29 16:51:24.169930,4.917358
2024-04-29 16:51:24.185560,3.561872
2024-04-29 16:51:24.201190,2.285559
2024-04-29 16:51:24.216810,1.141779
2024-04-29 16:51:24.232440,0.2118263
2024-04-29 16:51:24.248060,-0.4394665
2024-04-29 16:51:24.263690,-0.7854633
2024-04-29 16:51:24.279310,-0.8520164
2024-04-29 16:51:24.294940,-0.7195435
2024-04-29 16:51:24.310570,-0.4882259
2024-04-29 16:51:24.326190,-0.263567
2024-04-29 16:51:24.341820,-0.1091671
2024-04-29 16:51:24.357440,-0.07105637
2024-04-29 16:51:24.373070,-0.1744213
2024-04-29 16:51:24.388690,-0.4352245
2024-04-29 16:51:24.404320,-0.8851204
2024-04-29 16:51:24.419950,-1.567202
2024-04-29 16:51:24.435570,-2.502691
2024-04-29 16:51:24.451200,-3.673119
2024-04-29 16:51:24.466820,-4.998837
2024-04-29 16:51:24.482450,-6.33374
2024-04-29 16:51:24.498070,-7.529491
2024-04-29 16:51:24.513700,-8.470676
2024-04-29 16:51:24.529330,-9.141443
2024-04-29 16:51:24.544950,-9.641146
2024-04-29 16:51:24.560580,-10.15813
2024-04-29 16:51:24.576200,-10.86539
2024-04-29 16:51:24.591830,-11.82965
2024-04-29 16:51:24.607450,-12.93168
2024-04-29 16:51:24.623080,-13.86928
2024-04-29 16:51:24.638710,-14.25806
2024-04-29 16:51:24.654330,-13.76656
2024-04-29 16:51:24.669960,-12.22482
2024-04-29 16:51:24.685580,-9.699284
2024-04-29 16:51:24.701210,-6.44639
2024-04-29 16:51:24.716830,-2.828766
2024-04-29 16:51:24.732460,0.7883453
2024-04-29 16:51:24.748090,4.113678
2024-04-29 16:51:24.763710,6.942318
2024-04-29 16:51:24.779340,9.132437
2024-04-29 16:51:24.794960,10.58482
2024-04-29 16:51:24.810590,11.23753
2024-04-29 16:51:24.826210,11.08312
2024-04-29 16:51:24.841840,10.24305
2024-04-29 16:51:24.857470,8.949747
2024-04-29 16:51:24.873090,7.518021
2024-04-29 16:51:24.888720,6.238811
2024-04-29 16:51:24.904340,5.302658
2024-04-29 16:51:24.919970,4.735012
2024-04-29 16:51:24.935590,4.446104
2024-04-29 16:51:24.951220,4.272234
2024-04-29 16:51:24.966850,4.078403
2024-04-29 16:51:24.982470,3.814198
2024-04-29 16:51:24.998100,3.484434
2024-04-29 16:51:25.013720,3.122889
2024-04-29 16:51:25.029350,2.743788
2024-04-29 16:51:25.044980,2.333982
2024-04-29 16:51:25.060600,1.879244
2024-04-29 16:51:25.076230,1.370928
2024-04-29 16:51:25.091850,0.8097343
2024-04-29 16:51:25.107480,0.1797047
2024-04-29 16:51:25.123100,-0.5505848
2024-04-29 16:51:25.138730,-1.424582
2024-04-29 16:51:25.154360,-2.454829
2024-04-29 16:51:25.169980,-3.588411
2024-04-29 16:51:25.185610,-4.711467
2024-04-29 16:51:25.201230,-5.707723
2024-04-29 16:51:25.216860,-6.517456
2024-04-29 16:51:25.232480,-7.201219
2024-04-29 16:51:25.248110,-7.913807
2024-04-29 16:51:25.263740,-8.832876
2024-04-29 16:51:25.279360,-10.06709
2024-04-29 16:51:25.294990,-11.56401
2024-04-29 16:51:25.310610,-13.12372
2024-04-29 16:51:25.326240,-14.43648
2024-04-29 16:51:25.341860,-15.17532
2024-04-29 16:51:25.357490,-15.07442
2024-04-29 16:51:25.373120,-13.96264
2024-04-29 16:51:25.388740,-11.8191
2024-04-29 16:51:25.404370,-8.755926
2024-04-29 16:51:25.419990,-5.024808
2024-04-29 16:51:25.435620,-0.9569616
2024-04-29 16:51:25.451240,3.070211
2024-04-29 16:51:25.466870,6.68169
2024-04-29 16:51:25.482500,9.594594
2024-04-29 16:51:25.498120,11.63064
2024-04-29 16:51:25.513750,12.73997
2024-04-29 16:51:25.529370,12.96404
2024-04-29 16:51:25.545000,12.44138
2024-04-29 16:51:25.560620,11.34038
2024-04-29 16:51:25.576250,9.852345
2024-04-29 16:51:25.591880,8.16329
2024-04-29 16:51:25.607500,6.44188
2024-04-29 16:51:25.623130,4.838568
2024-04-29 16:51:25.638750,3.474998
2024-04-29 16:51:25.654380,2.45153
2024-04-29 16:51:25.670000,1.817415
2024-04-29 16:51:25.685630,1.557411
2024-04-29 16:51:25.701260,1.583396
2024-04-29 16:51:25.716880,1.765462
2024-04-29 16:51:25.732510,1.960554
2024-04-29 16:51:25.748130,2.061939
2024-04-29 16:51:25.763760,2.01404
2024-04-29 16:51:25.779380,1.7902
2024-04-29 16:51:25.795010,1.366413
2024-04-29 16:51:25.810640,0.6918132
2024-04-29 16:51:25.826260,-0.2966169
2024-04-29 16:51:25.841890,-1.623268
2024-04-29 16:51:25.857510,-3.232066
2024-04-29 16:51:25.873140,-4.949732
2024-04-29 16:51:25.888760,-6.540221
2024-04-29 16:51:25.904390,-7.797352
2024-04-29 16:51:25.920020,-8.636184
2024-04-29 16:51:25.935640,-9.161451
2024-04-29 16:51:25.951270,-9.612413
2024-04-29 16:51:25.966890,-10.2664
2024-04-29 16:51:25.982520,-11.27279
2024-04-29 16:51:25.998140,-12.56639
2024-04-29 16:51:26.013770,-13.84989
2024-04-29 16:51:26.029400,-14.68034
2024-04-29 16:51:26.045020,-14.62496
2024-04-29 16:51:26.060650,-13.41623
2024-04-29 16:51:26.076270,-11.0365
2024-04-29 16:51:26.091900,-7.699915
2024-04-29 16:51:26.107520,-3.778136
2024-04-29 16:51:26.123150,0.3169632
2024-04-29 16:51:26.138780,4.193528
2024-04-29 16:51:26.154400,7.529144
2024-04-29 16:51:26.170030,10.09578
2024-04-29 16:51:26.185650,11.74143
2024-04-29 16:51:26.201280,12.42794
2024-04-29 16:51:26.216900,12.21688
2024-04-29 16:51:26.232530,11.25535
2024-04-29 16:51:26.248160,9.752835
2024-04-29 16:51:26.263780,7.947863
2024-04-29 16:51:26.279410,6.051109
2024-04-29 16:51:26.295030,4.249218
2024-04-29 16:51:26.310660,2.67476
2024-04-29 16:51:26.326280,1.409224
2024-04-29 16:51:26.341910,0.485446
2024-04-29 16:51:26.357540,-0.09589767
2024-04-29 16:51:26.373160,-0.3385792
2024-04-29 16:51:26.388790,-0.2663174
2024-04-29 16:51:26.404410,0.07919884
2024-04-29 16:51:26.420040,0.5988178
2024-04-29 16:51:26.435660,1.133163
2024-04-29 16:51:26.451290,1.485205
2024-04-29 16:51:26.466920,1.469824
2024-04-29 16:51:26.482540,1.000317
2024-04-29 16:51:26.498170,0.1062984
2024-04-29 16:51:26.513790,-1.091484
2024-04-29 16:51:26.529420,-2.445595
2024-04-29 16:51:26.545040,-3.820574
2024-04-29 16:51:26.560670,-5.181297
2024-04-29 16:51:26.576300,-6.559645
2024-04-29 16:51:26.591920,-8.016407
2024-04-29 16:51:26.607550,-9.612734
2024-04-29 16:51:26.623170,-11.3165
2024-04-29 16:51:26.638800,-12.99209
2024-04-29 16:51:26.654420,-14.37644
2024-04-29 16:51:26.670050,-15.11635
2024-04-29 16:51:26.685680,-14.86277
2024-04-29 16:51:26.701300,-13.37609
2024-04-29 16:51:26.716930,-10.61167
2024-04-29 16:51:26.732550,-6.749201
2024-04-29 16:51:26.748180,-2.175838
2024-04-29 16:51:26.763800,2.632805
2024-04-29 16:51:26.779430,7.187092
2024-04-29 16:51:26.795060,11.06866
2024-04-29 16:51:26.810680,13.98946
2024-04-29 16:51:26.826310,15.81943
2024-04-29 16:51:26.841930,16.55731
2024-04-29 16:51:26.857560,16.32408
2024-04-29 16:51:26.873180,15.29225
2024-04-29 16:51:26.888810,13.63446
2024-04-29 16:51:26.904440,11.51855
2024-04-29 16:51:26.920060,9.137821
2024-04-29 16:51:26.935690,6.746769
2024-04-29 16:51:26.951310,4.657837
2024-04-29 16:51:26.966940,3.183022
2024-04-29 16:51:26.982560,2.505363
2024-04-29 16:51:26.998190,2.603355
2024-04-29 16:51:27.013820,3.228222
2024-04-29 16:51:27.029440,3.975117
2024-04-29 16:51:27.045070,4.466721
2024-04-29 16:51:27.060690,4.470936
2024-04-29 16:51:27.076320,3.958794
2024-04-29 16:51:27.091940,3.086563
2024-04-29 16:51:27.107570,2.076847
2024-04-29 16:51:27.123200,1.124813
2024-04-29 16:51:27.138820,0.3299828
2024-04-29 16:51:27.154450,-0.3217888
2024-04-29 16:51:27.170070,-0.9263611
2024-04-29 16:51:27.185700,-1.585747
2024-04-29 16:51:27.201320,-2.403854
2024-04-29 16:51:27.216950,-3.457081
2024-04-29 16:51:27.232580,-4.766102
2024-04-29 16:51:27.248200,-6.310852
2024-04-29 16:51:27.263830,-7.979912
2024-04-29 16:51:27.279450,-9.53598
2024-04-29 16:51:27.295080,-10.62473
2024-04-29 16:51:27.310700,-10.83528
2024-04-29 16:51:27.326330,-9.823086
2024-04-29 16:51:27.341960,-7.461109
2024-04-29 16:51:27.357580,-3.912048
2024-04-29 16:51:27.373210,0.3910866
2024-04-29 16:51:27.388830,4.845657
2024-04-29 16:51:27.404460,8.847591
2024-04-29 16:51:27.420080,11.9794
2024-04-29 16:51:27.435710,14.04779
2024-04-29 16:51:27.451340,15.06855
2024-04-29 16:51:27.466960,15.1922
2024-04-29 16:51:27.482590,14.61004
2024-04-29 16:51:27.498210,13.48772
2024-04-29 16:51:27.513840,11.9761
2024-04-29 16:51:27.529460,10.222
2024-04-29 16:51:27.545090,8.398613
2024-04-29 16:51:27.560720,6.708321
2024-04-29 16:51:27.576340,5.3437
2024-04-29 16:51:27.591970,4.428417
2024-04-29 16:51:27.607590,3.987579
2024-04-29 16:51:27.623220,3.923943
2024-04-29 16:51:27.638850,4.09145
2024-04-29 16:51:27.654470,4.327633
2024-04-29 16:51:27.670100,4.506001
2024-04-29 16:51:27.685720,4.567944
2024-04-29 16:51:27.701350,4.469727
2024-04-29 16:51:27.716970,4.167725
2024-04-29 16:51:27.732600,3.605183
2024-04-29 16:51:27.748230,2.753212
2024-04-29 16:51:27.763850,1.635895
2024-04-29 16:51:27.779480,0.3715935
2024-04-29 16:51:27.795100,-0.8617668
2024-04-29 16:51:27.810730,-1.914936
2024-04-29 16:51:27.826350,-2.754639
2024-04-29 16:51:27.841980,-3.487423
2024-04-29 16:51:27.857610,-4.321606
2024-04-29 16:51:27.873230,-5.432484
2024-04-29 16:51:27.888860,-6.82449
2024-04-29 16:51:27.904480,-8.296261
2024-04-29 16:51:27.920110,-9.439674
2024-04-29 16:51:27.935730,-9.793797
2024-04-29 16:51:27.951360,-9.011101
2024-04-29 16:51:27.966990,-6.983337
2024-04-29 16:51:27.982610,-3.862106
2024-04-29 16:51:27.998240,-0.02761078
2024-04-29 16:51:28.013860,4.019287
2024-04-29 16:51:28.029490,7.771461
2024-04-29 16:51:28.045110,10.80265
2024-04-29 16:51:28.060740,12.81695
2024-04-29 16:51:28.076370,13.69218
2024-04-29 16:51:28.091990,13.47861
2024-04-29 16:51:28.107620,12.39106
2024-04-29 16:51:28.123240,10.72798
2024-04-29 16:51:28.138870,8.807938
2024-04-29 16:51:28.154490,6.875252
2024-04-29 16:51:28.170120,5.095825
2024-04-29 16:51:28.185750,3.538944
2024-04-29 16:51:28.201370,2.251011
2024-04-29 16:51:28.217000,1.293026
2024-04-29 16:51:28.232620,0.7222214
2024-04-29 16:51:28.248250,0.5641251
2024-04-29 16:51:28.263870,0.7479057
2024-04-29 16:51:28.279500,1.089108
2024-04-29 16:51:28.295130,1.341457
2024-04-29 16:51:28.310750,1.310425
2024-04-29 16:51:28.326380,0.9388504
2024-04-29 16:51:28.342000,0.3425064
2024-04-29 16:51:28.357630,-0.260128
2024-04-29 16:51:28.373250,-0.6803856
2024-04-29 16:51:28.388880,-0.8602791
2024-04-29 16:51:28.404510,-0.9087944
2024-04-29 16:51:28.420130,-1.026154
2024-04-29 16:51:28.435760,-1.380875
2024-04-29 16:51:28.451380,-2.038902
2024-04-29 16:51:28.467010,-2.926804
2024-04-29 16:51:28.482630,-3.916767
2024-04-29 16:51:28.498260,-4.904758
2024-04-29 16:51:28.513890,-5.837433
2024-04-29 16:51:28.529510,-6.693737
2024-04-29 16:51:28.545140,-7.374767
2024-04-29 16:51:28.560760,-7.681297
2024-04-29 16:51:28.576390,-7.338078
2024-04-29 16:51:28.592010,-6.125732
2024-04-29 16:51:28.607640,-4.004147
2024-04-29 16:51:28.623270,-1.16188
2024-04-29 16:51:28.638890,2.00119
2024-04-29 16:51:28.654520,5.014259
2024-04-29 16:51:28.670140,7.468082
2024-04-29 16:51:28.685770,9.105419
2024-04-29 16:51:28.701390,9.839443
2024-04-29 16:51:28.717020,9.747753
2024-04-29 16:51:28.732650,8.977188
2024-04-29 16:51:28.748270,7.73967
2024-04-29 16:51:28.763900,6.241924
2024-04-29 16:51:28.779520,4.670452
2024-04-29 16:51:28.795150,3.161556
2024-04-29 16:51:28.810770,1.806904
2024-04-29 16:51:28.826400,0.687088
2024-04-29 16:51:28.842030,-0.1209869
2024-04-29 16:51:28.857650,-0.5367088
2024-04-29 16:51:28.873280,-0.5212936
2024-04-29 16:51:28.888900,-0.1441002
2024-04-29 16:51:28.904530,0.4026985
2024-04-29 16:51:28.920150,0.8481331
2024-04-29 16:51:28.935780,0.9621544
2024-04-29 16:51:28.951410,0.6636047
2024-04-29 16:51:28.967030,0.07513046
2024-04-29 16:51:28.982660,-0.5634956
2024-04-29 16:51:28.998280,-1.037167
2024-04-29 16:51:29.013910,-1.276623
2024-04-29 16:51:29.029530,-1.391743
2024-04-29 16:51:29.045160,-1.581345
2024-04-29 16:51:29.060790,-1.994244
2024-04-29 16:51:29.076410,-2.647404
2024-04-29 16:51:29.092040,-3.421276
2024-04-29 16:51:29.107660,-4.172371
2024-04-29 16:51:29.123290,-4.807022
2024-04-29 16:51:29.138910,-5.313118
2024-04-29 16:51:29.154540,-5.68951
2024-04-29 16:51:29.170170,-5.864325
2024-04-29 16:51:29.185790,-5.669239
2024-04-29 16:51:29.201420,-4.896982
2024-04-29 16:51:29.217040,-3.427391
2024-04-29 16:51:29.232670,-1.331148
2024-04-29 16:51:29.248290,1.148466
2024-04-29 16:51:29.263920,3.668135
2024-04-29 16:51:29.279550,5.92312
2024-04-29 16:51:29.295170,7.734186
2024-04-29 16:51:29.310800,9.043106
2024-04-29 16:51:29.326420,9.860325
2024-04-29 16:51:29.342050,10.20276
2024-04-29 16:51:29.357670,10.02906
2024-04-29 16:51:29.373300,9.312292
2024-04-29 16:51:29.388930,8.071754
2024-04-29 16:51:29.404550,6.418255
2024-04-29 16:51:29.420180,4.559521
2024-04-29 16:51:29.435800,2.742128
2024-04-29 16:51:29.451430,1.19154
2024-04-29 16:51:29.467050,0.09078979
2024-04-29 16:51:29.482680,-0.4631252
2024-04-29 16:51:29.498310,-0.4832191
2024-04-29 16:51:29.513930,-0.07674599
2024-04-29 16:51:29.529560,0.552536
2024-04-29 16:51:29.545180,1.179731
2024-04-29 16:51:29.560810,1.603899
2024-04-29 16:51:29.576430,1.730169
2024-04-29 16:51:29.592060,1.567618
2024-04-29 16:51:29.607690,1.210473
2024-04-29 16:51:29.623310,0.7656784
2024-04-29 16:51:29.638940,0.2793007
2024-04-29 16:51:29.654560,-0.2421131
2024-04-29 16:51:29.670190,-0.8214321
2024-04-29 16:51:29.685810,-1.478491
2024-04-29 16:51:29.701440,-2.229074
2024-04-29 16:51:29.717070,-3.097928
2024-04-29 16:51:29.732690,-4.121542
2024-04-29 16:51:29.748320,-5.31724
2024-04-29 16:51:29.763940,-6.60759
2024-04-29 16:51:29.779570,-7.780336
2024-04-29 16:51:29.795190,-8.494355
2024-04-29 16:51:29.810820,-8.399921
2024-04-29 16:51:29.826450,-7.30787
2024-04-29 16:51:29.842070,-5.269793
2024-04-29 16:51:29.857700,-2.605463
2024-04-29 16:51:29.873320,0.2333698
2024-04-29 16:51:29.888950,2.822224
2024-04-29 16:51:29.904580,4.880356
2024-04-29 16:51:29.920200,6.313887
2024-04-29 16:51:29.935830,7.14622
2024-04-29 16:51:29.951450,7.424461
2024-04-29 16:51:29.967080,7.185207
2024-04-29 16:51:29.982700,6.465907
2024-04-29 16:51:29.998330,5.336442
2024-04-29 16:51:30.013960,3.937927
2024-04-29 16:51:30.029580,2.454948
2024-04-29 16:51:30.045210,1.084597
2024-04-29 16:51:30.060830,-0.02849436
2024-04-29 16:51:30.076460,-0.8059869
2024-04-29 16:51:30.092080,-1.242876
2024-04-29 16:51:30.107710,-1.363278
2024-04-29 16:51:30.123340,-1.22428
2024-04-29 16:51:30.138960,-0.907568
2024-04-29 16:51:30.154590,-0.5192299
2024-04-29 16:51:30.170210,-0.1718044
2024-04-29 16:51:30.185840,0.04634953
2024-04-29 16:51:30.201460,0.0932312
2024-04-29 16:51:30.217090,-0.02358723
2024-04-29 16:51:30.232720,-0.2413244
2024-04-29 16:51:30.248340,-0.498703
2024-04-29 16:51:30.263970,-0.754591
2024-04-29 16:51:30.279590,-1.030693
2024-04-29 16:51:30.295220,-1.397648
2024-04-29 16:51:30.310840,-1.928659
2024-04-29 16:51:30.326470,-2.682943
2024-04-29 16:51:30.342100,-3.663563
2024-04-29 16:51:30.357720,-4.788891
2024-04-29 16:51:30.373350,-5.906086
2024-04-29 16:51:30.388970,-6.825584
2024-04-29 16:51:30.404600,-7.383371
2024-04-29 16:51:30.420220,-7.491592
2024-04-29 16:51:30.435850,-7.130739
2024-04-29 16:51:30.451480,-6.322235
2024-04-29 16:51:30.467100,-5.111565
2024-04-29 16:51:30.482730,-3.537941
2024-04-29 16:51:30.498350,-1.643238
2024-04-29 16:51:30.513980,0.4736958
2024-04-29 16:51:30.529600,2.647997
2024-04-29 16:51:30.545230,4.647753
2024-04-29 16:51:30.560860,6.248035
2024-04-29 16:51:30.576480,7.265375
2024-04-29 16:51:30.592110,7.661057
2024-04-29 16:51:30.607730,7.493034
2024-04-29 16:51:30.623360,6.904064
2024-04-29 16:51:30.638980,6.052355
2024-04-29 16:51:30.654610,5.046047
2024-04-29 16:51:30.670240,3.960659
2024-04-29 16:51:30.685860,2.843166
2024-04-29 16:51:30.701490,1.769493
2024-04-29 16:51:30.717110,0.8025208
2024-04-29 16:51:30.732740,0.02677155
2024-04-29 16:51:30.748360,-0.520462
2024-04-29 16:51:30.763990,-0.8245163
2024-04-29 16:51:30.779620,-0.9230385
2024-04-29 16:51:30.795240,-0.9043236
2024-04-29 16:51:30.810870,-0.8710136
2024-04-29 16:51:30.826490,-0.9192047
2024-04-29 16:51:30.842120,-1.099598
2024-04-29 16:51:30.857740,-1.421524
2024-04-29 16:51:30.873370,-1.843624
2024-04-29 16:51:30.889000,-2.303104
2024-04-29 16:51:30.904620,-2.72802
2024-04-29 16:51:30.920250,-3.0844
2024-04-29 16:51:30.935870,-3.37941
2024-04-29 16:51:30.951500,-3.668865
2024-04-29 16:51:30.967120,-4.021423
2024-04-29 16:51:30.982750,-4.49955
2024-04-29 16:51:30.998380,-5.144176
2024-04-29 16:51:31.014000,-5.960442
2024-04-29 16:51:31.029630,-6.883972
2024-04-29 16:51:31.045250,-7.798584
2024-04-29 16:51:31.060880,-8.516529
2024-04-29 16:51:31.076500,-8.8265
2024-04-29 16:51:31.092130,-8.521355
2024-04-29 16:51:31.107760,-7.494556
2024-04-29 16:51:31.123380,-5.756252
2024-04-29 16:51:31.139010,-3.467857
2024-04-29 16:51:31.154630,-0.9026527
2024-04-29 16:51:31.170260,1.609425
2024-04-29 16:51:31.185880,3.746284
2024-04-29 16:51:31.201510,5.28133
2024-04-29 16:51:31.217140,6.098362
2024-04-29 16:51:31.232760,6.218098
2024-04-29 16:51:31.248390,5.731003
2024-04-29 16:51:31.264010,4.778774
2024-04-29 16:51:31.279640,3.512367
2024-04-29 16:51:31.295260,2.084103
2024-04-29 16:51:31.310890,0.6576805
2024-04-29 16:51:31.326520,-0.5983086
2024-04-29 16:51:31.342140,-1.526089
2024-04-29 16:51:31.357770,-2.027546
2024-04-29 16:51:31.373390,-2.108597
2024-04-29 16:51:31.389020,-1.887577
2024-04-29 16:51:31.404640,-1.551655
2024-04-29 16:51:31.420270,-1.304684
2024-04-29 16:51:31.435900,-1.269211
2024-04-29 16:51:31.451520,-1.472431
2024-04-29 16:51:31.467150,-1.852074
2024-04-29 16:51:31.482770,-2.303173
2024-04-29 16:51:31.498400,-2.730537
2024-04-29 16:51:31.514020,-3.07415
2024-04-29 16:51:31.529650,-3.312225
2024-04-29 16:51:31.545280,-3.439789
2024-04-29 16:51:31.560900,-3.497116
2024-04-29 16:51:31.576530,-3.563992
2024-04-29 16:51:31.592150,-3.769444
2024-04-29 16:51:31.607780,-4.273655
2024-04-29 16:51:31.623400,-5.173916
2024-04-29 16:51:31.639030,-6.44598
2024-04-29 16:51:31.654660,-7.874855
2024-04-29 16:51:31.670280,-9.106041
2024-04-29 16:51:31.685910,-9.754013
2024-04-29 16:51:31.701530,-9.536514
2024-04-29 16:51:31.717160,-8.369003
2024-04-29 16:51:31.732780,-6.411011
2024-04-29 16:51:31.748410,-3.982841
2024-04-29 16:51:31.764040,-1.46273
2024-04-29 16:51:31.779660,0.8163605
2024-04-29 16:51:31.795290,2.63945
2024-04-29 16:51:31.810910,3.899193
2024-04-29 16:51:31.826540,4.578835
2024-04-29 16:51:31.842160,4.725182
2024-04-29 16:51:31.857790,4.428726
2024-04-29 16:51:31.873420,3.814461
2024-04-29 16:51:31.889040,3.012589
2024-04-29 16:51:31.904670,2.153214
2024-04-29 16:51:31.920290,1.325409
2024-04-29 16:51:31.935920,0.585907
2024-04-29 16:51:31.951540,-0.04964447
2024-04-29 16:51:31.967170,-0.5969543
2024-04-29 16:51:31.982800,-1.051453
2024-04-29 16:51:31.998420,-1.404144
2024-04-29 16:51:32.014050,-1.630348
2024-04-29 16:51:32.029670,-1.714554
2024-04-29 16:51:32.045300,-1.686562
2024-04-29 16:51:32.060930,-1.62339
2024-04-29 16:51:32.076550,-1.646957
2024-04-29 16:51:32.092180,-1.869308
2024-04-29 16:51:32.107800,-2.369118
2024-04-29 16:51:32.123430,-3.129639
2024-04-29 16:51:32.139050,-4.048157
2024-04-29 16:51:32.154680,-4.994919
2024-04-29 16:51:32.170310,-5.839806
2024-04-29 16:51:32.185930,-6.539215
2024-04-29 16:51:32.201560,-7.135231
2024-04-29 16:51:32.217180,-7.721466
2024-04-29 16:51:32.232810,-8.405258
2024-04-29 16:51:32.248430,-9.213409
2024-04-29 16:51:32.264060,-10.05659
2024-04-29 16:51:32.279690,-10.74366
2024-04-29 16:51:32.295310,-11.0106
2024-04-29 16:51:32.310940,-10.62507
2024-04-29 16:51:32.326560,-9.465401
2024-04-29 16:51:32.342190,-7.561508
2024-04-29 16:51:32.357810,-5.093163
2024-04-29 16:51:32.373440,-2.326828
2024-04-29 16:51:32.389070,0.4292831
2024-04-29 16:51:32.404690,2.918587
2024-04-29 16:51:32.420320,4.946449
2024-04-29 16:51:32.435940,6.398899
2024-04-29 16:51:32.451570,7.241661
2024-04-29 16:51:32.467190,7.481079
2024-04-29 16:51:32.482820,7.184296
2024-04-29 16:51:32.498450,6.464066
2024-04-29 16:51:32.514070,5.462841
2024-04-29 16:51:32.529700,4.342525
2024-04-29 16:51:32.545320,3.248119
2024-04-29 16:51:32.560950,2.30006
2024-04-29 16:51:32.576570,1.589073
2024-04-29 16:51:32.592200,1.173481
2024-04-29 16:51:32.607830,1.061104
2024-04-29 16:51:32.623450,1.21806
2024-04-29 16:51:32.639080,1.542412
2024-04-29 16:51:32.654700,1.880688
2024-04-29 16:51:32.670330,2.072994
2024-04-29 16:51:32.685950,2.004921
2024-04-29 16:51:32.701580,1.652882
2024-04-29 16:51:32.717210,1.077206
2024-04-29 16:51:32.732830,0.3601837
2024-04-29 16:51:32.748460,-0.4300232
2024-04-29 16:51:32.764080,-1.270302
2024-04-29 16:51:32.779710,-2.176929
2024-04-29 16:51:32.795330,-3.143173
2024-04-29 16:51:32.810960,-4.142853
2024-04-29 16:51:32.826590,-5.132759
2024-04-29 16:51:32.842210,-6.077839
2024-04-29 16:51:32.857840,-6.996071
2024-04-29 16:51:32.873460,-7.88739
2024-04-29 16:51:32.889090,-8.713474
2024-04-29 16:51:32.904710,-9.316273
2024-04-29 16:51:32.920340,-9.456055
2024-04-29 16:51:32.935970,-8.878868
2024-04-29 16:51:32.951590,-7.432632
2024-04-29 16:51:32.967220,-5.162426
2024-04-29 16:51:32.982840,-2.319309
2024-04-29 16:51:32.998470,0.6789894
2024-04-29 16:51:33.014090,3.404789
2024-04-29 16:51:33.029720,5.540451
2024-04-29 16:51:33.045350,6.936432
2024-04-29 16:51:33.060970,7.638321
2024-04-29 16:51:33.076600,7.812553
2024-04-29 16:51:33.092220,7.655266
2024-04-29 16:51:33.107850,7.300781
2024-04-29 16:51:33.123470,6.800037
2024-04-29 16:51:33.139100,6.139633
2024-04-29 16:51:33.154730,5.306435
2024-04-29 16:51:33.170350,4.353477
2024-04-29 16:51:33.185980,3.425957
2024-04-29 16:51:33.201600,2.702156
2024-04-29 16:51:33.217230,2.306667
2024-04-29 16:51:33.232850,2.254349
2024-04-29 16:51:33.248480,2.435314
2024-04-29 16:51:33.264110,2.665783
2024-04-29 16:51:33.279730,2.769039
2024-04-29 16:51:33.295360,2.659504
2024-04-29 16:51:33.310980,2.352009
2024-04-29 16:51:33.326610,1.914089
2024-04-29 16:51:33.342230,1.437031
2024-04-29 16:51:33.357860,0.9558411
2024-04-29 16:51:33.373490,0.4372597
2024-04-29 16:51:33.389110,-0.1960945
2024-04-29 16:51:33.404740,-1.005547
2024-04-29 16:51:33.420360,-1.993393
2024-04-29 16:51:33.435990,-3.089977
2024-04-29 16:51:33.451610,-4.187538
2024-04-29 16:51:33.467240,-5.223778
2024-04-29 16:51:33.482870,-6.196022
2024-04-29 16:51:33.498490,-7.148167
2024-04-29 16:51:33.514120,-8.088711
2024-04-29 16:51:33.529740,-8.914829
2024-04-29 16:51:33.545370,-9.417648
2024-04-29 16:51:33.560990,-9.331619
2024-04-29 16:51:33.576620,-8.453793
2024-04-29 16:51:33.592250,-6.73185
2024-04-29 16:51:33.607870,-4.30872
2024-04-29 16:51:33.623500,-1.469692
2024-04-29 16:51:33.639120,1.45068
2024-04-29 16:51:33.654750,4.155415
2024-04-29 16:51:33.670370,6.439285
2024-04-29 16:51:33.686000,8.190601
2024-04-29 16:51:33.701630,9.395996
2024-04-29 16:51:33.717250,10.06416
2024-04-29 16:51:33.732880,10.23726
2024-04-29 16:51:33.748500,9.982079
2024-04-29 16:51:33.764130,9.392845
2024-04-29 16:51:33.779750,8.587475
2024-04-29 16:51:33.795380,7.680103
2024-04-29 16:51:33.811010,6.769211
2024-04-29 16:51:33.826630,5.913773
2024-04-29 16:51:33.842260,5.143257
2024-04-29 16:51:33.857880,4.488373
2024-04-29 16:51:33.873510,3.983833
2024-04-29 16:51:33.889130,3.681396
2024-04-29 16:51:33.904760,3.636551
2024-04-29 16:51:33.920390,3.836933
2024-04-29 16:51:33.936010,4.180977
2024-04-29 16:51:33.951640,4.471672
2024-04-29 16:51:33.967260,4.480957
2024-04-29 16:51:33.982890,4.050991
2024-04-29 16:51:33.998510,3.172455
2024-04-29 16:51:34.014140,1.97966
2024-04-29 16:51:34.029770,0.6982918
2024-04-29 16:51:34.045390,-0.467577
2024-04-29 16:51:34.061020,-1.382994
2024-04-29 16:51:34.076640,-2.029606
2024-04-29 16:51:34.092270,-2.465984
2024-04-29 16:51:34.107890,-2.798788
2024-04-29 16:51:34.123520,-3.139854
2024-04-29 16:51:34.139150,-3.6084
2024-04-29 16:51:34.154770,-4.287762
2024-04-29 16:51:34.170400,-5.210831
2024-04-29 16:51:34.186020,-6.320288
2024-04-29 16:51:34.201650,-7.421211
2024-04-29 16:51:34.217270,-8.227318
2024-04-29 16:51:34.232900,-8.410728
2024-04-29 16:51:34.248530,-7.738716
2024-04-29 16:51:34.264150,-6.143305
2024-04-29 16:51:34.279780,-3.759483
2024-04-29 16:51:34.295400,-0.8894176
2024-04-29 16:51:34.311030,2.126181
2024-04-29 16:51:34.326650,4.955151
2024-04-29 16:51:34.342280,7.347992
2024-04-29 16:51:34.357910,9.141666
2024-04-29 16:51:34.373530,10.23125
2024-04-29 16:51:34.389160,10.57141
2024-04-29 16:51:34.404780,10.19513
2024-04-29 16:51:34.420410,9.225368
2024-04-29 16:51:34.436030,7.886053
2024-04-29 16:51:34.451660,6.462652
2024-04-29 16:51:34.467290,5.205784
2024-04-29 16:51:34.482910,4.275871
2024-04-29 16:51:34.498540,3.708624
2024-04-29 16:51:34.514160,3.426819
2024-04-29 16:51:34.529790,3.317554
2024-04-29 16:51:34.545410,3.269184
2024-04-29 16:51:34.561040,3.216722
2024-04-29 16:51:34.576670,3.133293
2024-04-29 16:51:34.592290,3.00827
2024-04-29 16:51:34.607920,2.813435
2024-04-29 16:51:34.623540,2.491589
2024-04-29 16:51:34.639170,1.965698
2024-04-29 16:51:34.654790,1.186016
2024-04-29 16:51:34.670420,0.1562386
2024-04-29 16:51:34.686050,-1.038963
2024-04-29 16:51:34.701670,-2.267349
2024-04-29 16:51:34.717300,-3.399887
2024-04-29 16:51:34.732920,-4.331059
2024-04-29 16:51:34.748550,-5.041019
2024-04-29 16:51:34.764180,-5.565868
2024-04-29 16:51:34.779800,-6.002735
2024-04-29 16:51:34.795430,-6.464848
2024-04-29 16:51:34.811050,-7.041302
2024-04-29 16:51:34.826680,-7.769119
2024-04-29 16:51:34.842300,-8.593426
2024-04-29 16:51:34.857930,-9.371387
2024-04-29 16:51:34.873560,-9.88718
2024-04-29 16:51:34.889180,-9.919273
2024-04-29 16:51:34.904810,-9.288361
2024-04-29 16:51:34.920430,-7.925205
2024-04-29 16:51:34.936060,-5.898052
2024-04-29 16:51:34.951680,-3.416878
2024-04-29 16:51:34.967310,-0.7733192
2024-04-29 16:51:34.982940,1.699505
2024-04-29 16:51:34.998560,3.71022
2024-04-29 16:51:35.014190,5.054504
2024-04-29 16:51:35.029810,5.669952
2024-04-29 16:51:35.045440,5.626431
2024-04-29 16:51:35.061060,5.105377
2024-04-29 16:51:35.076690,4.325001
2024-04-29 16:51:35.092320,3.482212
2024-04-29 16:51:35.107940,2.729069
2024-04-29 16:51:35.123570,2.156925
2024-04-29 16:51:35.139190,1.814682
2024-04-29 16:51:35.154820,1.724258
2024-04-29 16:51:35.170440,1.864883
2024-04-29 16:51:35.186070,2.179119
2024-04-29 16:51:35.201700,2.579052
2024-04-29 16:51:35.217320,2.968403
2024-04-29 16:51:35.232950,3.25494
2024-04-29 16:51:35.248570,3.402153
2024-04-29 16:51:35.264200,3.402843
2024-04-29 16:51:35.279820,3.25494
2024-04-29 16:51:35.295450,2.952156
2024-04-29 16:51:35.311080,2.459881
2024-04-29 16:51:35.326700,1.739773
2024-04-29 16:51:35.342330,0.8018913
2024-04-29 16:51:35.357950,-0.2864418
2024-04-29 16:51:35.373580,-1.407936
2024-04-29 16:51:35.389200,-2.426582
2024-04-29 16:51:35.404830,-3.25053
2024-04-29 16:51:35.420460,-3.888294
2024-04-29 16:51:35.436080,-4.418205
2024-04-29 16:51:35.451710,-4.977188
2024-04-29 16:51:35.467330,-5.676792
2024-04-29 16:51:35.482960,-6.551193
2024-04-29 16:51:35.498580,-7.532883
2024-04-29 16:51:35.514210,-8.473637
2024-04-29 16:51:35.529840,-9.159412
2024-04-29 16:51:35.545460,-9.37521
2024-04-29 16:51:35.561090,-8.934837
2024-04-29 16:51:35.576710,-7.73217
2024-04-29 16:51:35.592340,-5.769562
2024-04-29 16:51:35.607960,-3.178116
2024-04-29 16:51:35.623590,-0.1946068
2024-04-29 16:51:35.639220,2.863361
2024-04-29 16:51:35.654840,5.696957
2024-04-29 16:51:35.670470,8.065956
2024-04-29 16:51:35.686090,9.821377
2024-04-29 16:51:35.701720,10.90641
2024-04-29 16:51:35.717340,11.31855
2024-04-29 16:51:35.732970,11.08265
2024-04-29 16:51:35.748600,10.23721
2024-04-29 16:51:35.764220,8.884453
2024-04-29 16:51:35.779850,7.191032
2024-04-29 16:51:35.795470,5.401573
2024-04-29 16:51:35.811100,3.775524
2024-04-29 16:51:35.826720,2.526955
2024-04-29 16:51:35.842350,1.759388
2024-04-29 16:51:35.857980,1.464897
2024-04-29 16:51:35.873600,1.525188
2024-04-29 16:51:35.889230,1.74831
2024-04-29 16:51:35.904850,1.925117
2024-04-29 16:51:35.920480,1.855616
2024-04-29 16:51:35.936100,1.41662
2024-04-29 16:51:35.951730,0.5678349
2024-04-29 16:51:35.967360,-0.6267776
2024-04-29 16:51:35.982980,-2.005165
2024-04-29 16:51:35.998610,-3.348969
2024-04-29 16:51:36.014230,-4.468977
2024-04-29 16:51:36.029860,-5.261547
2024-04-29 16:51:36.045480,-5.758032
2024-04-29 16:51:36.061110,-6.084564
2024-04-29 16:51:36.076740,-6.391621
2024-04-29 16:51:36.092360,-6.82856
2024-04-29 16:51:36.107990,-7.4813
2024-04-29 16:51:36.123610,-8.381153
2024-04-29 16:51:36.139240,-9.543674
2024-04-29 16:51:36.154860,-10.9369
2024-04-29 16:51:36.170490,-12.4469
2024-04-29 16:51:36.186120,-13.86197
2024-04-29 16:51:36.201740,-14.86728
2024-04-29 16:51:36.217370,-15.1139
2024-04-29 16:51:36.232990,-14.34029
2024-04-29 16:51:36.248620,-12.4917
2024-04-29 16:51:36.264240,-9.752542
2024-04-29 16:51:36.279870,-6.524673
2024-04-29 16:51:36.295500,-3.277975
2024-04-29 16:51:36.311120,-0.4271297
2024-04-29 16:51:36.326750,1.78269
2024-04-29 16:51:36.342370,3.28595
2024-04-29 16:51:36.358000,4.148987
2024-04-29 16:51:36.373620,4.49758
2024-04-29 16:51:36.389250,4.462772
2024-04-29 16:51:36.404880,4.141171
2024-04-29 16:51:36.420500,3.617638
2024-04-29 16:51:36.436130,2.974215
2024-04-29 16:51:36.451750,2.317396
2024-04-29 16:51:36.467380,1.762459
2024-04-29 16:51:36.483000,1.413227
2024-04-29 16:51:36.498630,1.326197
2024-04-29 16:51:36.514260,1.48461
2024-04-29 16:51:36.529880,1.816338
2024-04-29 16:51:36.545510,2.216129
2024-04-29 16:51:36.561130,2.581936
2024-04-29 16:51:36.576760,2.855694
2024-04-29 16:51:36.592380,3.01239
2024-04-29 16:51:36.608010,3.060246
2024-04-29 16:51:36.623640,3.018457
2024-04-29 16:51:36.639260,2.89772
2024-04-29 16:51:36.654890,2.67186
2024-04-29 16:51:36.670510,2.30135
2024-04-29 16:51:36.686140,1.752184
2024-04-29 16:51:36.701760,1.015213
2024-04-29 16:51:36.717390,0.1473665
2024-04-29 16:51:36.733020,-0.7592764
2024-04-29 16:51:36.748640,-1.618881
2024-04-29 16:51:36.764270,-2.389273
2024-04-29 16:51:36.779890,-3.102448
2024-04-29 16:51:36.795520,-3.831875
2024-04-29 16:51:36.811140,-4.652452
2024-04-29 16:51:36.826770,-5.561575
2024-04-29 16:51:36.842400,-6.458347
2024-04-29 16:51:36.858020,-7.124874
2024-04-29 16:51:36.873650,-7.310721
2024-04-29 16:51:36.889270,-6.80974
2024-04-29 16:51:36.904900,-5.522359
2024-04-29 16:51:36.920530,-3.495215
2024-04-29 16:51:36.936150,-0.9054251
2024-04-29 16:51:36.951780,1.976301
2024-04-29 16:51:36.967400,4.871184
2024-04-29 16:51:36.983030,7.504926
2024-04-29 16:51:36.998650,9.668539
2024-04-29 16:51:37.014280,11.20793
2024-04-29 16:51:37.029910,12.02983
2024-04-29 16:51:37.045530,12.08436
2024-04-29 16:51:37.061160,11.41322
2024-04-29 16:51:37.076780,10.15874
2024-04-29 16:51:37.092410,8.570342
2024-04-29 16:51:37.108030,6.975182
2024-04-29 16:51:37.123660,5.675768
2024-04-29 16:51:37.139290,4.872417
2024-04-29 16:51:37.154910,4.589659
2024-04-29 16:51:37.170540,4.735595
2024-04-29 16:51:37.186160,5.13693
2024-04-29 16:51:37.201790,5.613502
2024-04-29 16:51:37.217410,6.025611
2024-04-29 16:51:37.233040,6.25611
2024-04-29 16:51:37.248670,6.226932
2024-04-29 16:51:37.264290,5.869586
2024-04-29 16:51:37.279920,5.183762
2024-04-29 16:51:37.295540,4.234178
2024-04-29 16:51:37.311170,3.154915
2024-04-29 16:51:37.326790,2.101655
2024-04-29 16:51:37.342420,1.181532
2024-04-29 16:51:37.358050,0.4174094
2024-04-29 16:51:37.373670,-0.2499559
2024-04-29 16:51:37.389300,-0.916093
2024-04-29 16:51:37.404920,-1.65462
2024-04-29 16:51:37.420550,-2.513776
2024-04-29 16:51:37.436170,-3.539773
2024-04-29 16:51:37.451800,-4.787156
2024-04-29 16:51:37.467430,-6.300135
2024-04-29 16:51:37.483050,-8.065104
2024-04-29 16:51:37.498680,-9.947842
2024-04-29 16:51:37.514300,-11.6796
2024-04-29 16:51:37.529930,-12.91059
2024-04-29 16:51:37.545550,-13.32478
2024-04-29 16:51:37.561180,-12.71663
2024-04-29 16:51:37.576810,-11.07272
2024-04-29 16:51:37.592430,-8.576759
2024-04-29 16:51:37.608060,-5.529517
2024-04-29 16:51:37.623680,-2.277447
2024-04-29 16:51:37.639310,0.8665134
2024-04-29 16:51:37.654930,3.632877
2024-04-29 16:51:37.670560,5.79204
2024-04-29 16:51:37.686190,7.159108
2024-04-29 16:51:37.701810,7.622943
2024-04-29 16:51:37.717440,7.208112
2024-04-29 16:51:37.733060,6.106107
2024-04-29 16:51:37.748690,4.657826
2024-04-29 16:51:37.764310,3.234408
2024-04-29 16:51:37.779940,2.1582
2024-04-29 16:51:37.795570,1.565749
2024-04-29 16:51:37.811190,1.401939
2024-04-29 16:51:37.826820,1.493013
2024-04-29 16:51:37.842440,1.664282
2024-04-29 16:51:37.858070,1.819568
2024-04-29 16:51:37.873690,1.958242
2024-04-29 16:51:37.889320,2.139654
2024-04-29 16:51:37.904950,2.387859
2024-04-29 16:51:37.920570,2.651512
2024-04-29 16:51:37.936200,2.775936
2024-04-29 16:51:37.951820,2.609162
2024-04-29 16:51:37.967450,2.066097
2024-04-29 16:51:37.983070,1.187775
2024-04-29 16:51:37.998700,0.08761263
2024-04-29 16:51:38.014330,-1.066432
2024-04-29 16:51:38.029950,-2.13209
2024-04-29 16:51:38.045580,-3.051166
2024-04-29 16:51:38.061200,-3.767364
2024-04-29 16:51:38.076830,-4.253752
2024-04-29 16:51:38.092450,-4.494542
2024-04-29 16:51:38.108080,-4.534364
2024-04-29 16:51:38.123710,-4.512575
2024-04-29 16:51:38.139330,-4.630632
2024-04-29 16:51:38.154960,-5.065672
2024-04-29 16:51:38.170580,-5.848984
2024-04-29 16:51:38.186210,-6.790692
2024-04-29 16:51:38.201830,-7.508429
2024-04-29 16:51:38.217460,-7.570754
2024-04-29 16:51:38.233090,-6.675817
2024-04-29 16:51:38.248710,-4.765741
2024-04-29 16:51:38.264340,-2.048901
2024-04-29 16:51:38.279960,1.100958
2024-04-29 16:51:38.295590,4.255859
2024-04-29 16:51:38.311210,7.039357
2024-04-29 16:51:38.326840,9.171377
2024-04-29 16:51:38.342470,10.48691
2024-04-29 16:51:38.358090,10.9473
2024-04-29 16:51:38.373720,10.6131
2024-04-29 16:51:38.389340,9.636105
2024-04-29 16:51:38.404970,8.227448
2024-04-29 16:51:38.420590,6.602975
2024-04-29 16:51:38.436220,4.957626
2024-04-29 16:51:38.451850,3.446347
2024-04-29 16:51:38.467470,2.201008
2024-04-29 16:51:38.483100,1.314877
2024-04-29 16:51:38.498720,0.8447275
2024-04-29 16:51:38.514350,0.7665377
2024-04-29 16:51:38.529970,1.004972
2024-04-29 16:51:38.545600,1.408327
2024-04-29 16:51:38.561230,1.817994
2024-04-29 16:51:38.576850,2.093863
2024-04-29 16:51:38.592480,2.146354
2024-04-29 16:51:38.608100,1.945344
2024-04-29 16:51:38.623730,1.49864
2024-04-29 16:51:38.639350,0.8615923
2024-04-29 16:51:38.654980,0.09032154
2024-04-29 16:51:38.670610,-0.7482157
2024-04-29 16:51:38.686230,-1.605537
2024-04-29 16:51:38.701860,-2.444314
2024-04-29 16:51:38.717480,-3.234092
2024-04-29 16:51:38.733110,-3.958155
2024-04-29 16:51:38.748730,-4.604655
2024-04-29 16:51:38.764360,-5.19215
2024-04-29 16:51:38.779990,-5.773399
2024-04-29 16:51:38.795610,-6.412148
2024-04-29 16:51:38.811240,-7.132514
2024-04-29 16:51:38.826860,-7.882939
2024-04-29 16:51:38.842490,-8.489642
2024-04-29 16:51:38.858110,-8.70126
2024-04-29 16:51:38.873740,-8.240921
2024-04-29 16:51:38.889370,-6.93084
2024-04-29 16:51:38.904990,-4.75354
2024-04-29 16:51:38.920620,-1.879531
2024-04-29 16:51:38.936240,1.381988
2024-04-29 16:51:38.951870,4.683227
2024-04-29 16:51:38.967490,7.680779
2024-04-29 16:51:38.983120,10.11921
2024-04-29 16:51:38.998750,11.82202
2024-04-29 16:51:39.014370,12.71766
2024-04-29 16:51:39.030000,12.84306
2024-04-29 16:51:39.045620,12.31034
2024-04-29 16:51:39.061250,11.30279
2024-04-29 16:51:39.076870,10.01153
2024-04-29 16:51:39.092500,8.618777
2024-04-29 16:51:39.108130,7.263907
2024-04-29 16:51:39.123750,6.048161
2024-04-29 16:51:39.139380,5.068153
2024-04-29 16:51:39.155000,4.404252
2024-04-29 16:51:39.170630,4.131884
2024-04-29 16:51:39.186250,4.271079
2024-04-29 16:51:39.201880,4.770185
2024-04-29 16:51:39.217510,5.495362
2024-04-29 16:51:39.233130,6.269117
2024-04-29 16:51:39.248760,6.920087
2024-04-29 16:51:39.264380,7.323837
2024-04-29 16:51:39.280010,7.40038
2024-04-29 16:51:39.295630,7.106935
2024-04-29 16:51:39.311260,6.452258
2024-04-29 16:51:39.326890,5.475342
2024-04-29 16:51:39.342510,4.280396
2024-04-29 16:51:39.358140,3.026878
2024-04-29 16:51:39.373760,1.868734
2024-04-29 16:51:39.389390,0.9059057
2024-04-29 16:51:39.405010,0.1259899
2024-04-29 16:51:39.420640,-0.6061888
2024-04-29 16:51:39.436270,-1.48764
2024-04-29 16:51:39.451890,-2.664701
2024-04-29 16:51:39.467520,-4.145572
2024-04-29 16:51:39.483140,-5.769325
2024-04-29 16:51:39.498770,-7.244536
2024-04-29 16:51:39.514400,-8.245157
2024-04-29 16:51:39.530020,-8.509431
2024-04-29 16:51:39.545650,-7.909833
2024-04-29 16:51:39.561270,-6.490764
2024-04-29 16:51:39.576900,-4.445446
2024-04-29 16:51:39.592520,-2.060493
2024-04-29 16:51:39.608150,0.3269486
2024-04-29 16:51:39.623780,2.396871
2024-04-29 16:51:39.639400,3.90303
2024-04-29 16:51:39.655030,4.679288
2024-04-29 16:51:39.670650,4.690019
2024-04-29 16:51:39.686280,4.015361
2024-04-29 16:51:39.701900,2.822328
2024-04-29 16:51:39.717530,1.317854
2024-04-29 16:51:39.733160,-0.2741768
2024-04-29 16:51:39.748780,-1.771641
2024-04-29 16:51:39.764410,-3.053464
2024-04-29 16:51:39.780030,-4.060802
2024-04-29 16:51:39.795660,-4.811693
2024-04-29 16:51:39.811280,-5.357705
2024-04-29 16:51:39.826910,-5.772317
2024-04-29 16:51:39.842540,-6.114299
2024-04-29 16:51:39.858160,-6.406857
2024-04-29 16:51:39.873790,-6.647672
2024-04-29 16:51:39.889410,-6.818936
2024-04-29 16:51:39.905040,-6.888906
2024-04-29 16:51:39.920660,-6.873968
2024-04-29 16:51:39.936290,-6.83304
2024-04-29 16:51:39.951920,-6.856992
2024-04-29 16:51:39.967540,-7.010663
2024-04-29 16:51:39.983170,-7.309165
2024-04-29 16:51:39.998790,-7.684648
2024-04-29 16:51:40.014420,-8.042811
2024-04-29 16:51:40.030040,-8.334108
2024-04-29 16:51:40.045670,-8.587746
2024-04-29 16:51:40.061300,-8.910633
2024-04-29 16:51:40.076920,-9.389555
2024-04-29 16:51:40.092550,-10.01259
2024-04-29 16:51:40.108170,-10.62658
2024-04-29 16:51:40.123800,-10.98548
2024-04-29 16:51:40.139420,-10.82345
2024-04-29 16:51:40.155050,-9.985937
2024-04-29 16:51:40.170680,-8.452242
2024-04-29 16:51:40.186300,-6.314133
2024-04-29 16:51:40.201930,-3.736072
2024-04-29 16:51:40.217550,-0.8936422
2024-04-29 16:51:40.233180,2.023859
2024-04-29 16:51:40.248800,4.800708
2024-04-29 16:51:40.264430,7.17666
2024-04-29 16:51:40.280060,8.898762
2024-04-29 16:51:40.295680,9.780415
2024-04-29 16:51:40.311310,9.771843
2024-04-29 16:51:40.326930,8.975775
2024-04-29 16:51:40.342560,7.635873
2024-04-29 16:51:40.358180,6.040737
2024-04-29 16:51:40.373810,4.480294
2024-04-29 16:51:40.389440,3.161454
2024-04-29 16:51:40.405060,2.20915
2024-04-29 16:51:40.420690,1.656059
2024-04-29 16:51:40.436310,1.4661
2024-04-29 16:51:40.451940,1.558
2024-04-29 16:51:40.467560,1.828472
2024-04-29 16:51:40.483190,2.174909
2024-04-29 16:51:40.498820,2.476362
2024-04-29 16:51:40.514440,2.618936
2024-04-29 16:51:40.530070,2.515977
2024-04-29 16:51:40.545690,2.101734
2024-04-29 16:51:40.561320,1.3908
2024-04-29 16:51:40.576940,0.4676762
2024-04-29 16:51:40.592570,-0.5233784
2024-04-29 16:51:40.608200,-1.427688
2024-04-29 16:51:40.623820,-2.171445
2024-04-29 16:51:40.639450,-2.764101
2024-04-29 16:51:40.655070,-3.32551
2024-04-29 16:51:40.670700,-3.976843
2024-04-29 16:51:40.686320,-4.776777
2024-04-29 16:51:40.701950,-5.646997
2024-04-29 16:51:40.717580,-6.381314
2024-04-29 16:51:40.733200,-6.704185
2024-04-29 16:51:40.748830,-6.373595
2024-04-29 16:51:40.764450,-5.267692
2024-04-29 16:51:40.780080,-3.433135
2024-04-29 16:51:40.795700,-1.065441
2024-04-29 16:51:40.811330,1.542761
2024-04-29 16:51:40.826960,4.087284
2024-04-29 16:51:40.842580,6.297654
2024-04-29 16:51:40.858210,7.977324
2024-04-29 16:51:40.873830,9.03154
2024-04-29 16:51:40.889460,9.42421
2024-04-29 16:51:40.905080,9.187286
2024-04-29 16:51:40.920710,8.388847
2024-04-29 16:51:40.936340,7.136246
2024-04-29 16:51:40.951960,5.590433
2024-04-29 16:51:40.967590,3.971493
2024-04-29 16:51:40.983210,2.544422
2024-04-29 16:51:40.998840,1.526562
2024-04-29 16:51:41.014460,1.015476
2024-04-29 16:51:41.030090,0.9715462
2024-04-29 16:51:41.045720,1.2225
2024-04-29 16:51:41.061340,1.570951
2024-04-29 16:51:41.076970,1.857151
2024-04-29 16:51:41.092590,2.006329
2024-04-29 16:51:41.108220,2.005056
2024-04-29 16:51:41.123840,1.863993
2024-04-29 16:51:41.139470,1.590912
2024-04-29 16:51:41.155100,1.177103
2024-04-29 16:51:41.170720,0.6388702
2024-04-29 16:51:41.186350,0.03595543
2024-04-29 16:51:41.201970,-0.5565605
2024-04-29 16:51:41.217600,-1.110214
2024-04-29 16:51:41.233220,-1.679237
2024-04-29 16:51:41.248850,-2.379505
2024-04-29 16:51:41.264480,-3.327742
2024-04-29 16:51:41.280100,-4.529276
2024-04-29 16:51:41.295730,-5.831022
2024-04-29 16:51:41.311350,-6.947958
2024-04-29 16:51:41.326980,-7.556953
2024-04-29 16:51:41.342600,-7.403223
2024-04-29 16:51:41.358230,-6.407284
2024-04-29 16:51:41.373860,-4.653328
2024-04-29 16:51:41.389480,-2.354862
2024-04-29 16:51:41.405110,0.2226162
2024-04-29 16:51:41.420730,2.817005
2024-04-29 16:51:41.436360,5.223648
2024-04-29 16:51:41.451980,7.251089
2024-04-29 16:51:41.467610,8.725569
2024-04-29 16:51:41.483240,9.512217
2024-04-29 16:51:41.498860,9.533953
2024-04-29 16:51:41.514490,8.836065
2024-04-29 16:51:41.530110,7.597021
2024-04-29 16:51:41.545740,6.083288
2024-04-29 16:51:41.561360,4.584126
2024-04-29 16:51:41.576990,3.328072
2024-04-29 16:51:41.592620,2.4219
2024-04-29 16:51:41.608240,1.848637
2024-04-29 16:51:41.623870,1.501068
2024-04-29 16:51:41.639490,1.254396
2024-04-29 16:51:41.655120,1.024549
2024-04-29 16:51:41.670740,0.8026371
2024-04-29 16:51:41.686370,0.6179199
2024-04-29 16:51:41.702000,0.5209389
2024-04-29 16:51:41.717620,0.5230656
2024-04-29 16:51:41.733250,0.5944023
2024-04-29 16:51:41.748870,0.6674728
2024-04-29 16:51:41.764500,0.6730995
2024-04-29 16:51:41.780130,0.555687
2024-04-29 16:51:41.795750,0.287447
2024-04-29 16:51:41.811380,-0.1383133
2024-04-29 16:51:41.827000,-0.7417355
2024-04-29 16:51:41.842630,-1.521187
2024-04-29 16:51:41.858250,-2.477283
2024-04-29 16:51:41.873880,-3.56452
2024-04-29 16:51:41.889510,-4.658157
2024-04-29 16:51:41.905130,-5.56629
2024-04-29 16:51:41.920760,-6.066494
2024-04-29 16:51:41.936380,-5.947474
2024-04-29 16:51:41.952010,-5.094847
2024-04-29 16:51:41.967630,-3.517353
2024-04-29 16:51:41.983260,-1.346106
2024-04-29 16:51:41.998890,1.173742
2024-04-29 16:51:42.014510,3.745913
2024-04-29 16:51:42.030140,6.084705
2024-04-29 16:51:42.045760,7.944691
2024-04-29 16:51:42.061390,9.176914
2024-04-29 16:51:42.077010,9.709377
2024-04-29 16:51:42.092640,9.552246
2024-04-29 16:51:42.108270,8.768572
2024-04-29 16:51:42.123890,7.464418
2024-04-29 16:51:42.139520,5.78471
2024-04-29 16:51:42.155140,3.932102
2024-04-29 16:51:42.170770,2.147211
2024-04-29 16:51:42.186390,0.6628628
2024-04-29 16:51:42.202020,-0.3063354
2024-04-29 16:51:42.217650,-0.6616879
2024-04-29 16:51:42.233270,-0.4196577
2024-04-29 16:51:42.248900,0.2504263
2024-04-29 16:51:42.264520,1.106239
2024-04-29 16:51:42.280150,1.882094
2024-04-29 16:51:42.295770,2.38977
2024-04-29 16:51:42.311400,2.559813
2024-04-29 16:51:42.327030,2.430143
2024-04-29 16:51:42.342650,2.115875
2024-04-29 16:51:42.358280,1.714057
2024-04-29 16:51:42.373900,1.252305
2024-04-29 16:51:42.389530,0.6526632
2024-04-29 16:51:42.405150,-0.189436
2024-04-29 16:51:42.420780,-1.34911
2024-04-29 16:51:42.436410,-2.79077
2024-04-29 16:51:42.452030,-4.358586
2024-04-29 16:51:42.467660,-5.804553
2024-04-29 16:51:42.483280,-6.88959
2024-04-29 16:51:42.498910,-7.435002
2024-04-29 16:51:42.514530,-7.363805
2024-04-29 16:51:42.530160,-6.680171
2024-04-29 16:51:42.545790,-5.431312
2024-04-29 16:51:42.561410,-3.684554
2024-04-29 16:51:42.577040,-1.540728
2024-04-29 16:51:42.592660,0.8435287
2024-04-29 16:51:42.608290,3.248798
2024-04-29 16:51:42.623910,5.409756
2024-04-29 16:51:42.639540,7.068713
2024-04-29 16:51:42.655170,8.072386
2024-04-29 16:51:42.670790,8.396828
2024-04-29 16:51:42.686420,8.132708
2024-04-29 16:51:42.702040,7.437775
2024-04-29 16:51:42.717670,6.429851
2024-04-29 16:51:42.733290,5.203894
2024-04-29 16:51:42.748920,3.812664
2024-04-29 16:51:42.764550,2.344763
2024-04-29 16:51:42.780170,0.9232364
2024-04-29 16:51:42.795800,-0.2562804
2024-04-29 16:51:42.811420,-1.007648
2024-04-29 16:51:42.827050,-1.251809
2024-04-29 16:51:42.842670,-1.064383
2024-04-29 16:51:42.858300,-0.6707189
2024-04-29 16:51:42.873930,-0.3133187
2024-04-29 16:51:42.889550,-0.1793823
2024-04-29 16:51:42.905180,-0.3077013
2024-04-29 16:51:42.920800,-0.5973225
2024-04-29 16:51:42.936430,-0.9178243
2024-04-29 16:51:42.952050,-1.203047
2024-04-29 16:51:42.967680,-1.495838
2024-04-29 16:51:42.983310,-1.923682
2024-04-29 16:51:42.998930,-2.624929
2024-04-29 16:51:43.014560,-3.637669
2024-04-29 16:51:43.030180,-4.905268
2024-04-29 16:51:43.045810,-6.272127
2024-04-29 16:51:43.061430,-7.546697
2024-04-29 16:51:43.077060,-8.541462
2024-04-29 16:51:43.092690,-9.113394
2024-04-29 16:51:43.108310,-9.151846
2024-04-29 16:51:43.123940,-8.573486
2024-04-29 16:51:43.139560,-7.364082
2024-04-29 16:51:43.155190,-5.582091
2024-04-29 16:51:43.170810,-3.415777
2024-04-29 16:51:43.186440,-1.128948
2024-04-29 16:51:43.202070,0.961067
2024-04-29 16:51:43.217690,2.571007
2024-04-29 16:51:43.233320,3.532992
2024-04-29 16:51:43.248940,3.811473
2024-04-29 16:51:43.264570,3.509689
2024-04-29 16:51:43.280190,2.786813
2024-04-29 16:51:43.295820,1.813753
2024-04-29 16:51:43.311450,0.7116461
2024-04-29 16:51:43.327070,-0.4323983
2024-04-29 16:51:43.342700,-1.54554
2024-04-29 16:51:43.358320,-2.527979
2024-04-29 16:51:43.373950,-3.248992
2024-04-29 16:51:43.389570,-3.577501
2024-04-29 16:51:43.405200,-3.439808
2024-04-29 16:51:43.420830,-2.888844
2024-04-29 16:51:43.436450,-2.074837
2024-04-29 16:51:43.452080,-1.219911
2024-04-29 16:51:43.467700,-0.5155649
2024-04-29 16:51:43.483330,-0.07044172
2024-04-29 16:51:43.498950,0.123651
2024-04-29 16:51:43.514580,0.152606
2024-04-29 16:51:43.530210,0.101202
2024-04-29 16:51:43.545830,-0.0004277229
2024-04-29 16:51:43.561460,-0.183589
2024-04-29 16:51:43.577080,-0.4985914
2024-04-29 16:51:43.592710,-0.9956951
2024-04-29 16:51:43.608330,-1.679679
2024-04-29 16:51:43.623960,-2.521999
2024-04-29 16:51:43.639590,-3.47301
2024-04-29 16:51:43.655210,-4.455971
2024-04-29 16:51:43.670840,-5.358684
2024-04-29 16:51:43.686460,-6.009995
2024-04-29 16:51:43.702090,-6.19491
2024-04-29 16:51:43.717710,-5.71039
2024-04-29 16:51:43.733340,-4.424245
2024-04-29 16:51:43.748970,-2.358871
2024-04-29 16:51:43.764590,0.2948194
2024-04-29 16:51:43.780220,3.196244
2024-04-29 16:51:43.795840,5.941425
2024-04-29 16:51:43.811470,8.113932
2024-04-29 16:51:43.827090,9.397686
2024-04-29 16:51:43.842720,9.632929
2024-04-29 16:51:43.858350,8.850782
2024-04-29 16:51:43.873970,7.270119
2024-04-29 16:51:43.889600,5.215155
2024-04-29 16:51:43.905220,3.062328
2024-04-29 16:51:43.920850,1.14193
2024-04-29 16:51:43.936470,-0.2858591
2024-04-29 16:51:43.952100,-1.078773
2024-04-29 16:51:43.967730,-1.170985
2024-04-29 16:51:43.983350,-0.6191053
2024-04-29 16:51:43.998980,0.4091339
2024-04-29 16:51:44.014600,1.650666
2024-04-29 16:51:44.030230,2.784852
2024-04-29 16:51:44.045860,3.532272
2024-04-29 16:51:44.061480,3.731582
2024-04-29 16:51:44.077110,3.423283
2024-04-29 16:51:44.092730,2.791842
2024-04-29 16:51:44.108360,2.118742
2024-04-29 16:51:44.123980,1.667601
2024-04-29 16:51:44.139610,1.577819
2024-04-29 16:51:44.155240,1.854087
2024-04-29 16:51:44.170860,2.347944
2024-04-29 16:51:44.186490,2.825081
2024-04-29 16:51:44.202110,3.046686
2024-04-29 16:51:44.217740,2.836
2024-04-29 16:51:44.233360,2.191497
2024-04-29 16:51:44.248990,1.280413
2024-04-29 16:51:44.264620,0.4373064
2024-04-29 16:51:44.280240,0.01820469
2024-04-29 16:51:44.295870,0.3409319
2024-04-29 16:51:44.311490,1.516796
2024-04-29 16:51:44.327120,3.452066
2024-04-29 16:51:44.342740,5.854602
2024-04-29 16:51:44.358370,8.336309
2024-04-29 16:51:44.374000,10.48924
2024-04-29 16:51:44.389620,11.97882
2024-04-29 16:51:44.405250,12.557
2024-04-29 16:51:44.420870,12.10833
2024-04-29 16:51:44.436500,10.65554
2024-04-29 16:51:44.452120,8.346674
2024-04-29 16:51:44.467750,5.468031
2024-04-29 16:51:44.483380,2.370609
2024-04-29 16:51:44.499000,-0.6038589
2024-04-29 16:51:44.514630,-3.189644
2024-04-29 16:51:44.530250,-5.23559
2024-04-29 16:51:44.545880,-6.712479
2024-04-29 16:51:44.561500,-7.710669
2024-04-29 16:51:44.577130,-8.384798
2024-04-29 16:51:44.592760,-8.92503
2024-04-29 16:51:44.608380,-9.481054
2024-04-29 16:51:44.624010,-10.10777
2024-04-29 16:51:44.639630,-10.76719
2024-04-29 16:51:44.655260,-11.35368
2024-04-29 16:51:44.670880,-11.75465
2024-04-29 16:51:44.686510,-11.92908
2024-04-29 16:51:44.702140,-11.9313
2024-04-29 16:51:44.717760,-11.91409
2024-04-29 16:51:44.733390,-12.03349
2024-04-29 16:51:44.749010,-12.44469
2024-04-29 16:51:44.764640,-13.20947
2024-04-29 16:51:44.780260,-14.31113
2024-04-29 16:51:44.795890,-15.63119
2024-04-29 16:51:44.811520,-16.96977
2024-04-29 16:51:44.827140,-18.01731
2024-04-29 16:51:44.842770,-18.43223
2024-04-29 16:51:44.858390,-17.89607
2024-04-29 16:51:44.874020,-16.23959
2024-04-29 16:51:44.889640,-13.50567
2024-04-29 16:51:44.905270,-9.954458
2024-04-29 16:51:44.920900,-5.992149
2024-04-29 16:51:44.936520,-2.043619
2024-04-29 16:51:44.952150,1.558905
2024-04-29 16:51:44.967770,4.632736
2024-04-29 16:51:44.983400,7.13953
2024-04-29 16:51:44.999020,9.147795
2024-04-29 16:51:45.014650,10.72877
2024-04-29 16:51:45.030280,11.9196
2024-04-29 16:51:45.045900,12.70092
2024-04-29 16:51:45.061530,12.99184
2024-04-29 16:51:45.077150,12.71676
2024-04-29 16:51:45.092780,11.81052
2024-04-29 16:51:45.108400,10.27904
2024-04-29 16:51:45.124030,8.211529
2024-04-29 16:51:45.139660,5.746696
2024-04-29 16:51:45.155280,3.079407
2024-04-29 16:51:45.170910,0.4163704
2024-04-29 16:51:45.186530,-2.02825
2024-04-29 16:51:45.202160,-4.084061
2024-04-29 16:51:45.217780,-5.623053
2024-04-29 16:51:45.233410,-6.56328
2024-04-29 16:51:45.249040,-6.892553
2024-04-29 16:51:45.264660,-6.649908
2024-04-29 16:51:45.280290,-5.934404
2024-04-29 16:51:45.295910,-4.903084
2024-04-29 16:51:45.311540,-3.792891
2024-04-29 16:51:45.327160,-2.856657
2024-04-29 16:51:45.342790,-2.362221
2024-04-29 16:51:45.358420,-2.478153
2024-04-29 16:51:45.374040,-3.225236
2024-04-29 16:51:45.389670,-4.434704
2024-04-29 16:51:45.405290,-5.762245
2024-04-29 16:51:45.420920,-6.782301
2024-04-29 16:51:45.436540,-7.090894
2024-04-29 16:51:45.452170,-6.394916
2024-04-29 16:51:45.467800,-4.584229
2024-04-29 16:51:45.483420,-1.787329
2024-04-29 16:51:45.499050,1.665046
2024-04-29 16:51:45.514670,5.277531
2024-04-29 16:51:45.530300,8.520134
2024-04-29 16:51:45.545920,10.94973
2024-04-29 16:51:45.561550,12.3105
2024-04-29 16:51:45.577180,12.60106
2024-04-29 16:51:45.592800,11.98818
2024-04-29 16:51:45.608430,10.74495
2024-04-29 16:51:45.624050,9.149512
2024-04-29 16:51:45.639680,7.458674
2024-04-29 16:51:45.655300,5.862073
2024-04-29 16:51:45.670930,4.523316
2024-04-29 16:51:45.686560,3.585029
2024-04-29 16:51:45.702180,3.107806
2024-04-29 16:51:45.717810,3.063334
2024-04-29 16:51:45.733430,3.31515
2024-04-29 16:51:45.749060,3.651903
2024-04-29 16:51:45.764680,3.872535
2024-04-29 16:51:45.780310,3.857018
2024-04-29 16:51:45.795940,3.572558
2024-04-29 16:51:45.811560,3.083453
2024-04-29 16:51:45.827190,2.502249
2024-04-29 16:51:45.842810,1.958923
2024-04-29 16:51:45.858440,1.540297
2024-04-29 16:51:45.874060,1.269223
2024-04-29 16:51:45.889690,1.078278
2024-04-29 16:51:45.905320,0.8513641
2024-04-29 16:51:45.920940,0.4423347
2024-04-29 16:51:45.936570,-0.2520895
2024-04-29 16:51:45.952190,-1.270771
2024-04-29 16:51:45.967820,-2.581056
2024-04-29 16:51:45.983440,-4.086328
2024-04-29 16:51:45.999070,-5.647586
2024-04-29 16:51:46.014700,-7.10016
2024-04-29 16:51:46.030320,-8.240367
2024-04-29 16:51:46.045950,-8.865501
2024-04-29 16:51:46.061570,-8.790723
2024-04-29 16:51:46.077200,-7.90455
2024-04-29 16:51:46.092820,-6.216639
2024-04-29 16:51:46.108450,-3.874825
2024-04-29 16:51:46.124080,-1.152843
2024-04-29 16:51:46.139700,1.621712
2024-04-29 16:51:46.155330,4.148637
2024-04-29 16:51:46.170950,6.184608
2024-04-29 16:51:46.186580,7.608703
2024-04-29 16:51:46.202200,8.404911
2024-04-29 16:51:46.217830,8.648878
2024-04-29 16:51:46.233460,8.474479
2024-04-29 16:51:46.249080,8.004543
2024-04-29 16:51:46.264710,7.348455
2024-04-29 16:51:46.280330,6.60137
2024-04-29 16:51:46.295960,5.874315
2024-04-29 16:51:46.311580,5.288456
2024-04-29 16:51:46.327210,4.948274
2024-04-29 16:51:46.342840,4.896104
2024-04-29 16:51:46.358460,5.072577
2024-04-29 16:51:46.374090,5.329853
2024-04-29 16:51:46.389710,5.474451
2024-04-29 16:51:46.405340,5.385525
2024-04-29 16:51:46.420960,5.050611
2024-04-29 16:51:46.436590,4.582594
2024-04-29 16:51:46.452220,4.126267
2024-04-29 16:51:46.467840,3.765988
2024-04-29 16:51:46.483470,3.466696
2024-04-29 16:51:46.499090,3.106828
2024-04-29 16:51:46.514720,2.562891
2024-04-29 16:51:46.530340,1.812742
2024-04-29 16:51:46.545970,0.9590788
2024-04-29 16:51:46.561600,0.1700563
2024-04-29 16:51:46.577220,-0.4425726
2024-04-29 16:51:46.592850,-0.8896685
2024-04-29 16:51:46.608470,-1.321694
2024-04-29 16:51:46.624100,-1.968678
2024-04-29 16:51:46.639720,-3.030169
2024-04-29 16:51:46.655350,-4.562074
2024-04-29 16:51:46.670980,-6.433949
2024-04-29 16:51:46.686600,-8.357245
2024-04-29 16:51:46.702230,-9.963554
2024-04-29 16:51:46.717850,-10.91381
2024-04-29 16:51:46.733480,-10.95521
2024-04-29 16:51:46.749110,-9.976043
2024-04-29 16:51:46.764730,-8.031703
2024-04-29 16:51:46.780360,-5.348247
2024-04-29 16:51:46.795980,-2.277555
2024-04-29 16:51:46.811610,0.7751217
2024-04-29 16:51:46.827230,3.431974
2024-04-29 16:51:46.842860,5.441119
2024-04-29 16:51:46.858490,6.708525
2024-04-29 16:51:46.874110,7.288507
2024-04-29 16:51:46.889740,7.318102
2024-04-29 16:51:46.905360,6.954071
2024-04-29 16:51:46.920990,6.333887
2024-04-29 16:51:46.936610,5.548359
2024-04-29 16:51:46.952240,4.68445
2024-04-29 16:51:46.967870,3.815035
2024-04-29 16:51:46.983490,3.050411
2024-04-29 16:51:46.999120,2.483143
2024-04-29 16:51:47.014740,2.16613
2024-04-29 16:51:47.030370,2.081787
2024-04-29 16:51:47.045990,2.138203
2024-04-29 16:51:47.061620,2.229013
2024-04-29 16:51:47.077250,2.257624
2024-04-29 16:51:47.092870,2.190281
2024-04-29 16:51:47.108500,2.02046
2024-04-29 16:51:47.124120,1.759565
2024-04-29 16:51:47.139750,1.389669
2024-04-29 16:51:47.155370,0.8859959
2024-04-29 16:51:47.171000,0.2354927
2024-04-29 16:51:47.186630,-0.540556
2024-04-29 16:51:47.202250,-1.385708
2024-04-29 16:51:47.217880,-2.256754
2024-04-29 16:51:47.233500,-3.126904
2024-04-29 16:51:47.249130,-3.994307
2024-04-29 16:51:47.264750,-4.83905
2024-04-29 16:51:47.280380,-5.633221
2024-04-29 16:51:47.296010,-6.317198
2024-04-29 16:51:47.311630,-6.865685
2024-04-29 16:51:47.327260,-7.313242
2024-04-29 16:51:47.342880,-7.791363
2024-04-29 16:51:47.358510,-8.445047
2024-04-29 16:51:47.374130,-9.361328
2024-04-29 16:51:47.389760,-10.48082
2024-04-29 16:51:47.405390,-11.59412
2024-04-29 16:51:47.421010,-12.37296
2024-04-29 16:51:47.436640,-12.50385
2024-04-29 16:51:47.452260,-11.76183
2024-04-29 16:51:47.467890,-10.09183
2024-04-29 16:51:47.483510,-7.595499
2024-04-29 16:51:47.499140,-4.535629
2024-04-29 16:51:47.514770,-1.284927
2024-04-29 16:51:47.530390,1.782482
2024-04-29 16:51:47.546020,4.341774
2024-04-29 16:51:47.561640,6.229256
2024-04-29 16:51:47.577270,7.41497
2024-04-29 16:51:47.592890,8.010609
2024-04-29 16:51:47.608520,8.167847
2024-04-29 16:51:47.624150,8.02519
2024-04-29 16:51:47.639770,7.652937
2024-04-29 16:51:47.655400,7.059816
2024-04-29 16:51:47.671020,6.27109
2024-04-29 16:51:47.686650,5.361603
2024-04-29 16:51:47.702270,4.488989
2024-04-29 16:51:47.717900,3.826271
2024-04-29 16:51:47.733530,3.497961
2024-04-29 16:51:47.749150,3.494698
2024-04-29 16:51:47.764780,3.69142
2024-04-29 16:51:47.780400,3.893929
2024-04-29 16:51:47.796030,3.92202
2024-04-29 16:51:47.811650,3.699802
2024-04-29 16:51:47.827280,3.247755
2024-04-29 16:51:47.842910,2.67149
2024-04-29 16:51:47.858530,2.054192
2024-04-29 16:51:47.874160,1.455681
2024-04-29 16:51:47.889780,0.8536568
2024-04-29 16:51:47.905410,0.1757565
2024-04-29 16:51:47.921030,-0.6500607
2024-04-29 16:51:47.936660,-1.658005
2024-04-29 16:51:47.952290,-2.81208
2024-04-29 16:51:47.967910,-4.039385
2024-04-29 16:51:47.983540,-5.209202
2024-04-29 16:51:47.999160,-6.212597
2024-04-29 16:51:48.014790,-6.979198
2024-04-29 16:51:48.030410,-7.50214
2024-04-29 16:51:48.046040,-7.828333
2024-04-29 16:51:48.061670,-8.005451
2024-04-29 16:51:48.077290,-8.094934
2024-04-29 16:51:48.092920,-8.16028
2024-04-29 16:51:48.108540,-8.31782
2024-04-29 16:51:48.124170,-8.690897
2024-04-29 16:51:48.139790,-9.382961
2024-04-29 16:51:48.155420,-10.36897
2024-04-29 16:51:48.171050,-11.41502
2024-04-29 16:51:48.186670,-12.121
2024-04-29 16:51:48.202300,-12.04644
2024-04-29 16:51:48.217920,-10.90414
2024-04-29 16:51:48.233550,-8.683128
2024-04-29 16:51:48.249170,-5.670765
2024-04-29 16:51:48.264800,-2.307796
2024-04-29 16:51:48.280430,0.9780254
2024-04-29 16:51:48.296050,3.916115
2024-04-29 16:51:48.311680,6.402168
2024-04-29 16:51:48.327300,8.393688
2024-04-29 16:51:48.342930,9.853701
2024-04-29 16:51:48.358550,10.68829
2024-04-29 16:51:48.374180,10.84529
2024-04-29 16:51:48.389810,10.38678
2024-04-29 16:51:48.405430,9.532772
2024-04-29 16:51:48.421060,8.574753
2024-04-29 16:51:48.436680,7.766682
2024-04-29 16:51:48.452310,7.226706
2024-04-29 16:51:48.467930,6.891617
2024-04-29 16:51:48.483560,6.60988
2024-04-29 16:51:48.499190,6.265585
2024-04-29 16:51:48.514810,5.859907
2024-04-29 16:51:48.530440,5.484694
2024-04-29 16:51:48.546060,5.253925
2024-04-29 16:51:48.561690,5.214054
2024-04-29 16:51:48.577310,5.292538
2024-04-29 16:51:48.592940,5.355745
2024-04-29 16:51:48.608570,5.269869
2024-04-29 16:51:48.624190,4.973555
2024-04-29 16:51:48.639820,4.482704
2024-04-29 16:51:48.655440,3.835728
2024-04-29 16:51:48.671070,3.041718
2024-04-29 16:51:48.686690,2.074835
2024-04-29 16:51:48.702320,0.895422
2024-04-29 16:51:48.717950,-0.4967785
2024-04-29 16:51:48.733570,-2.019926
2024-04-29 16:51:48.749200,-3.534304
2024-04-29 16:51:48.764820,-4.888481
2024-04-29 16:51:48.780450,-5.980682
2024-04-29 16:51:48.796070,-6.799749
2024-04-29 16:51:48.811700,-7.402853
2024-04-29 16:51:48.827330,-7.890423
2024-04-29 16:51:48.842950,-8.37335
2024-04-29 16:51:48.858580,-8.943722
2024-04-29 16:51:48.874200,-9.659019
2024-04-29 16:51:48.889830,-10.52573
2024-04-29 16:51:48.905460,-11.48035
2024-04-29 16:51:48.921080,-12.35764
2024-04-29 16:51:48.936710,-12.93415
2024-04-29 16:51:48.952330,-12.94088
2024-04-29 16:51:48.967960,-12.17429
2024-04-29 16:51:48.983580,-10.55021
2024-04-29 16:51:48.999210,-8.151489
2024-04-29 16:51:49.014840,-5.19039
2024-04-29 16:51:49.030460,-1.965437
2024-04-29 16:51:49.046090,1.212515
2024-04-29 16:51:49.061710,4.05991
2024-04-29 16:51:49.077340,6.319796
2024-04-29 16:51:49.092960,7.815922
2024-04-29 16:51:49.108590,8.458107
2024-04-29 16:51:49.124220,8.27486
2024-04-29 16:51:49.139840,7.42815
2024-04-29 16:51:49.155470,6.176901
2024-04-29 16:51:49.171090,4.826405
2024-04-29 16:51:49.186720,3.641281
2024-04-29 16:51:49.202340,2.792128
2024-04-29 16:51:49.217970,2.341171
2024-04-29 16:51:49.233600,2.263889
2024-04-29 16:51:49.249220,2.466679
2024-04-29 16:51:49.264850,2.834368
2024-04-29 16:51:49.280470,3.236929
2024-04-29 16:51:49.296100,3.522711
2024-04-29 16:51:49.311720,3.562706
2024-04-29 16:51:49.327350,3.283758
2024-04-29 16:51:49.342980,2.710154
2024-04-29 16:51:49.358600,1.949551
2024-04-29 16:51:49.374230,1.174822
2024-04-29 16:51:49.389850,0.5182896
2024-04-29 16:51:49.405480,0.01057625
2024-04-29 16:51:49.421100,-0.4282856
2024-04-29 16:51:49.436730,-0.9538498
2024-04-29 16:51:49.452360,-1.663372
2024-04-29 16:51:49.467980,-2.586018
2024-04-29 16:51:49.483610,-3.635613
2024-04-29 16:51:49.499230,-4.678908
2024-04-29 16:51:49.514860,-5.621621
2024-04-29 16:51:49.530480,-6.449138
2024-04-29 16:51:49.546110,-7.215504
2024-04-29 16:51:49.561740,-7.970619
2024-04-29 16:51:49.577360,-8.743794
2024-04-29 16:51:49.592990,-9.508789
2024-04-29 16:51:49.608610,-10.25292
2024-04-29 16:51:49.624240,-10.97469
2024-04-29 16:51:49.639860,-11.70267
2024-04-29 16:51:49.655490,-12.41709
2024-04-29 16:51:49.671120,-12.9921
2024-04-29 16:51:49.686740,-13.19143
2024-04-29 16:51:49.702370,-12.71452
2024-04-29 16:51:49.717990,-11.33207
2024-04-29 16:51:49.733620,-8.971987
2024-04-29 16:51:49.749240,-5.792976
2024-04-29 16:51:49.764870,-2.12978
2024-04-29 16:51:49.780500,1.583237
2024-04-29 16:51:49.796120,4.937299
2024-04-29 16:51:49.811750,7.646921
2024-04-29 16:51:49.827370,9.567384
2024-04-29 16:51:49.843000,10.71413
2024-04-29 16:51:49.858620,11.2077
2024-04-29 16:51:49.874250,11.22007
2024-04-29 16:51:49.889880,10.92955
2024-04-29 16:51:49.905500,10.4794
2024-04-29 16:51:49.921130,9.964863
2024-04-29 16:51:49.936750,9.42815
2024-04-29 16:51:49.952380,8.909477
2024-04-29 16:51:49.968000,8.438955
2024-04-29 16:51:49.983630,8.031132
2024-04-29 16:51:49.999260,7.696528
2024-04-29 16:51:50.014880,7.3999
2024-04-29 16:51:50.030510,7.085905
2024-04-29 16:51:50.046130,6.70299
2024-04-29 16:51:50.061760,6.22067
2024-04-29 16:51:50.077380,5.672761
2024-04-29 16:51:50.093010,5.151343
2024-04-29 16:51:50.108640,4.73729
2024-04-29 16:51:50.124260,4.466683
2024-04-29 16:51:50.139890,4.283749
2024-04-29 16:51:50.155510,4.03965
2024-04-29 16:51:50.171140,3.552354
2024-04-29 16:51:50.186760,2.695652
2024-04-29 16:51:50.202390,1.470214
2024-04-29 16:51:50.218020,-0.01121593
2024-04-29 16:51:50.233640,-1.554182
2024-04-29 16:51:50.249270,-2.969635
2024-04-29 16:51:50.264890,-4.124372
2024-04-29 16:51:50.280520,-4.97099
2024-04-29 16:51:50.296140,-5.534201
2024-04-29 16:51:50.311770,-5.87505
2024-04-29 16:51:50.327400,-6.109528
2024-04-29 16:51:50.343020,-6.37858
2024-04-29 16:51:50.358650,-6.811847
2024-04-29 16:51:50.374270,-7.514202
2024-04-29 16:51:50.389900,-8.462081
2024-04-29 16:51:50.405520,-9.49403
2024-04-29 16:51:50.421150,-10.32316
2024-04-29 16:51:50.436780,-10.61561
2024-04-29 16:51:50.452400,-10.08135
2024-04-29 16:51:50.468030,-8.571074
2024-04-29 16:51:50.483650,-6.135758
2024-04-29 16:51:50.499280,-2.987463
2024-04-29 16:51:50.514900,0.5197453
2024-04-29 16:51:50.530530,3.98322
2024-04-29 16:51:50.546160,7.029568
2024-04-29 16:51:50.561780,9.373846
2024-04-29 16:51:50.577410,10.85544
2024-04-29 16:51:50.593030,11.45341
2024-04-29 16:51:50.608660,11.27725
2024-04-29 16:51:50.624280,10.51934
2024-04-29 16:51:50.639910,9.399364
2024-04-29 16:51:50.655540,8.118555
2024-04-29 16:51:50.671160,6.831561
2024-04-29 16:51:50.686790,5.640267
2024-04-29 16:51:50.702410,4.652113
2024-04-29 16:51:50.718040,3.95879
2024-04-29 16:51:50.733660,3.642585
2024-04-29 16:51:50.749290,3.726215
2024-04-29 16:51:50.764920,4.126646
2024-04-29 16:51:50.780540,4.652901
2024-04-29 16:51:50.796170,5.075223
2024-04-29 16:51:50.811790,5.203011
2024-04-29 16:51:50.827420,4.982971
2024-04-29 16:51:50.843040,4.510727
2024-04-29 16:51:50.858670,3.980927
2024-04-29 16:51:50.874300,3.557126
2024-04-29 16:51:50.889920,3.28868
2024-04-29 16:51:50.905550,3.070447
2024-04-29 16:51:50.921170,2.728013
2024-04-29 16:51:50.936800,2.120984
2024-04-29 16:51:50.952420,1.2284
2024-04-29 16:51:50.968050,0.1724424
2024-04-29 16:51:50.983680,-0.871953
2024-04-29 16:51:50.999300,-1.719931
2024-04-29 16:51:51.014930,-2.281549
2024-04-29 16:51:51.030550,-2.549784
2024-04-29 16:51:51.046180,-2.616226
2024-04-29 16:51:51.061800,-2.632863
2024-04-29 16:51:51.077430,-2.745874
2024-04-29 16:51:51.093060,-3.079264
2024-04-29 16:51:51.108680,-3.67153
2024-04-29 16:51:51.124310,-4.491973
2024-04-29 16:51:51.139930,-5.425841
2024-04-29 16:51:51.155560,-6.293426
2024-04-29 16:51:51.171190,-6.868873
2024-04-29 16:51:51.186810,-6.924108
2024-04-29 16:51:51.202440,-6.264337
2024-04-29 16:51:51.218060,-4.793205
2024-04-29 16:51:51.233690,-2.524444
2024-04-29 16:51:51.249310,0.3919849
2024-04-29 16:51:51.264940,3.70254
2024-04-29 16:51:51.280570,7.06001
2024-04-29 16:51:51.296190,10.12371
2024-04-29 16:51:51.311820,12.59156
2024-04-29 16:51:51.327440,14.2727
2024-04-29 16:51:51.343070,15.08925
2024-04-29 16:51:51.358690,15.08871
2024-04-29 16:51:51.374320,14.39175
2024-04-29 16:51:51.389950,13.18865
2024-04-29 16:51:51.405570,11.70719
2024-04-29 16:51:51.421200,10.17006
2024-04-29 16:51:51.436820,8.781013
2024-04-29 16:51:51.452450,7.697881
2024-04-29 16:51:51.468070,7.004242
2024-04-29 16:51:51.483700,6.686868
2024-04-29 16:51:51.499330,6.615124
2024-04-29 16:51:51.514950,6.588428
2024-04-29 16:51:51.530580,6.399579
2024-04-29 16:51:51.546200,5.92314
2024-04-29 16:51:51.561830,5.158977
2024-04-29 16:51:51.577450,4.226077
2024-04-29 16:51:51.593080,3.278963
2024-04-29 16:51:51.608710,2.418724
2024-04-29 16:51:51.624330,1.639549
2024-04-29 16:51:51.639960,0.8292805
2024-04-29 16:51:51.655580,-0.1300905
2024-04-29 16:51:51.671210,-1.316448
2024-04-29 16:51:51.686830,-2.678963
2024-04-29 16:51:51.702460,-4.075995
2024-04-29 16:51:51.718090,-5.321939
2024-04-29 16:51:51.733710,-6.293997
2024-04-29 16:51:51.749340,-6.966694
2024-04-29 16:51:51.764960,-7.423848
2024-04-29 16:51:51.780590,-7.832196
2024-04-29 16:51:51.796210,-8.361458
2024-04-29 16:51:51.811840,-9.136961
2024-04-29 16:51:51.827470,-10.16981
2024-04-29 16:51:51.843090,-11.36864
2024-04-29 16:51:51.858720,-12.54692
2024-04-29 16:51:51.874340,-13.51872
2024-04-29 16:51:51.889970,-14.14799
2024-04-29 16:51:51.905590,-14.35188
2024-04-29 16:51:51.921220,-14.08882
2024-04-29 16:51:51.936850,-13.29017
2024-04-29 16:51:51.952470,-11.89949
2024-04-29 16:51:51.968100,-9.878851
2024-04-29 16:51:51.983720,-7.316368
2024-04-29 16:51:51.999350,-4.446568
2024-04-29 16:51:52.014970,-1.61746
2024-04-29 16:51:52.030600,0.8385334
2024-04-29 16:51:52.046230,2.708629
2024-04-29 16:51:52.061850,3.95128
2024-04-29 16:51:52.077480,4.662973
2024-04-29 16:51:52.093100,4.95376
2024-04-29 16:51:52.108730,4.88047
2024-04-29 16:51:52.124350,4.445808
2024-04-29 16:51:52.139980,3.647887
2024-04-29 16:51:52.155610,2.586593
2024-04-29 16:51:52.171230,1.471395
2024-04-29 16:51:52.186860,0.5399132
2024-04-29 16:51:52.202480,-0.06259251
2024-04-29 16:51:52.218110,-0.3263226
2024-04-29 16:51:52.233730,-0.3870916
2024-04-29 16:51:52.249360,-0.3864698
2024-04-29 16:51:52.264990,-0.3910561
2024-04-29 16:51:52.280610,-0.3465557
2024-04-29 16:51:52.296240,-0.1406145
2024-04-29 16:51:52.311860,0.2873154
2024-04-29 16:51:52.327490,0.8486929
2024-04-29 16:51:52.343110,1.322213
2024-04-29 16:51:52.358740,1.47333
2024-04-29 16:51:52.374370,1.163055
2024-04-29 16:51:52.389990,0.4318247
2024-04-29 16:51:52.405620,-0.5353861
2024-04-29 16:51:52.421240,-1.510542
2024-04-29 16:51:52.436870,-2.319281
2024-04-29 16:51:52.452490,-2.921861
2024-04-29 16:51:52.468120,-3.383568
2024-04-29 16:51:52.483750,-3.844948
2024-04-29 16:51:52.499370,-4.422162
2024-04-29 16:51:52.515000,-5.176974
2024-04-29 16:51:52.530620,-6.076382
2024-04-29 16:51:52.546250,-7.015064
2024-04-29 16:51:52.561870,-7.841215
2024-04-29 16:51:52.577500,-8.371998
2024-04-29 16:51:52.593130,-8.440059
2024-04-29 16:51:52.608750,-7.919026
2024-04-29 16:51:52.624380,-6.746472
2024-04-29 16:51:52.640000,-4.968255
2024-04-29 16:51:52.655630,-2.72312
2024-04-29 16:51:52.671250,-0.2286205
2024-04-29 16:51:52.686880,2.24173
2024-04-29 16:51:52.702510,4.389874
2024-04-29 16:51:52.718130,5.987086
2024-04-29 16:51:52.733760,6.895711
2024-04-29 16:51:52.749380,7.126621
2024-04-29 16:51:52.765010,6.821194
2024-04-29 16:51:52.780630,6.179822
2024-04-29 16:51:52.796260,5.397849
2024-04-29 16:51:52.811890,4.613349
2024-04-29 16:51:52.827510,3.893795
2024-04-29 16:51:52.843140,3.268105
2024-04-29 16:51:52.858760,2.754169
2024-04-29 16:51:52.874390,2.357454
2024-04-29 16:51:52.890010,2.076105
2024-04-29 16:51:52.905640,1.878854
2024-04-29 16:51:52.921270,1.731471
2024-04-29 16:51:52.936890,1.60062
2024-04-29 16:51:52.952520,1.484028
2024-04-29 16:51:52.968140,1.413761
2024-04-29 16:51:52.983770,1.425814
2024-04-29 16:51:52.999390,1.515358
2024-04-29 16:51:53.015020,1.589271
2024-04-29 16:51:53.030650,1.4962
2024-04-29 16:51:53.046270,1.104294
2024-04-29 16:51:53.061900,0.3586884
2024-04-29 16:51:53.077520,-0.6431923
2024-04-29 16:51:53.093150,-1.720898
2024-04-29 16:51:53.108770,-2.688321
2024-04-29 16:51:53.124400,-3.435078
2024-04-29 16:51:53.140030,-3.991443
2024-04-29 16:51:53.155650,-4.496995
2024-04-29 16:51:53.171280,-5.081806
2024-04-29 16:51:53.186900,-5.80939
2024-04-29 16:51:53.202530,-6.601413
2024-04-29 16:51:53.218150,-7.270142
2024-04-29 16:51:53.233780,-7.577917
2024-04-29 16:51:53.249410,-7.3269
2024-04-29 16:51:53.265030,-6.413351
2024-04-29 16:51:53.280660,-4.865815
2024-04-29 16:51:53.296280,-2.82401
2024-04-29 16:51:53.311910,-0.5004444
2024-04-29 16:51:53.327530,1.8419
2024-04-29 16:51:53.343160,3.937648
2024-04-29 16:51:53.358790,5.547094
2024-04-29 16:51:53.374410,6.512887
2024-04-29 16:51:53.390040,6.777208
2024-04-29 16:51:53.405660,6.403367
2024-04-29 16:51:53.421290,5.564934
2024-04-29 16:51:53.436910,4.499254
2024-04-29 16:51:53.452540,3.430366
2024-04-29 16:51:53.468170,2.504786
2024-04-29 16:51:53.483790,1.773938
2024-04-29 16:51:53.499420,1.203669
2024-04-29 16:51:53.515040,0.743474
2024-04-29 16:51:53.530670,0.3603964
2024-04-29 16:51:53.546290,0.06309605
2024-04-29 16:51:53.561920,-0.1238708
2024-04-29 16:51:53.577550,-0.1738548
2024-04-29 16:51:53.593170,-0.0863018
2024-04-29 16:51:53.608800,0.08791351
2024-04-29 16:51:53.624420,0.2689753
2024-04-29 16:51:53.640050,0.3732376
2024-04-29 16:51:53.655670,0.3119512
2024-04-29 16:51:53.671300,0.03251791
2024-04-29 16:51:53.686930,-0.4757442
2024-04-29 16:51:53.702550,-1.156116
2024-04-29 16:51:53.718180,-1.906142
2024-04-29 16:51:53.733800,-2.640142
2024-04-29 16:51:53.749430,-3.324644
2024-04-29 16:51:53.765060,-3.990639
2024-04-29 16:51:53.780680,-4.714679
2024-04-29 16:51:53.796310,-5.534682
2024-04-29 16:51:53.811930,-6.379581
2024-04-29 16:51:53.827560,-7.08665
2024-04-29 16:51:53.843180,-7.434588
2024-04-29 16:51:53.858810,-7.237555
2024-04-29 16:51:53.874440,-6.410303
2024-04-29 16:51:53.890060,-4.975456
2024-04-29 16:51:53.905690,-3.049726
2024-04-29 16:51:53.921310,-0.8059464
2024-04-29 16:51:53.936940,1.551013
2024-04-29 16:51:53.952560,3.80751
2024-04-29 16:51:53.968190,5.729051
2024-04-29 16:51:53.983820,7.116743
2024-04-29 16:51:53.999440,7.82499
2024-04-29 16:51:54.015070,7.805905
2024-04-29 16:51:54.030690,7.125008
2024-04-29 16:51:54.046320,5.936594
2024-04-29 16:51:54.061940,4.443213
2024-04-29 16:51:54.077570,2.872204
2024-04-29 16:51:54.093200,1.457075
2024-04-29 16:51:54.108820,0.386544
2024-04-29 16:51:54.124450,-0.2285237
2024-04-29 16:51:54.140070,-0.3941541
2024-04-29 16:51:54.155700,-0.2497437
2024-04-29 16:51:54.171320,-0.01483321
2024-04-29 16:51:54.186950,0.0878818
2024-04-29 16:51:54.202580,-0.08015299
2024-04-29 16:51:54.218200,-0.5318942
2024-04-29 16:51:54.233830,-1.139904
2024-04-29 16:51:54.249450,-1.729995
2024-04-29 16:51:54.265080,-2.132723
2024-04-29 16:51:54.280700,-2.281743
2024-04-29 16:51:54.296330,-2.213603
2024-04-29 16:51:54.311960,-2.035712
2024-04-29 16:51:54.327580,-1.880009
2024-04-29 16:51:54.343210,-1.862111
2024-04-29 16:51:54.358830,-2.062354
2024-04-29 16:51:54.374460,-2.545682
2024-04-29 16:51:54.390080,-3.325955
2024-04-29 16:51:54.405710,-4.329926
2024-04-29 16:51:54.421340,-5.38611
2024-04-29 16:51:54.436960,-6.223304
2024-04-29 16:51:54.452590,-6.552247
2024-04-29 16:51:54.468210,-6.162607
2024-04-29 16:51:54.483840,-4.999064
2024-04-29 16:51:54.499460,-3.191857
2024-04-29 16:51:54.515090,-0.997914
2024-04-29 16:51:54.530720,1.266572
2024-04-29 16:51:54.546340,3.339785
2024-04-29 16:51:54.561970,5.041199
2024-04-29 16:51:54.577590,6.281432
2024-04-29 16:51:54.593220,7.048232
2024-04-29 16:51:54.608840,7.366053
2024-04-29 16:51:54.624470,7.28453
2024-04-29 16:51:54.640100,6.860887
2024-04-29 16:51:54.655720,6.15154
2024-04-29 16:51:54.671350,5.216751
2024-04-29 16:51:54.686970,4.12834
2024-04-29 16:51:54.702600,2.988932
2024-04-29 16:51:54.718220,1.897581
2024-04-29 16:51:54.733850,0.9875565
2024-04-29 16:51:54.749480,0.3604589
2024-04-29 16:51:54.765100,0.07056022
2024-04-29 16:51:54.780730,0.103749
2024-04-29 16:51:54.796350,0.3817525
2024-04-29 16:51:54.811980,0.7882075
2024-04-29 16:51:54.827600,1.200775
2024-04-29 16:51:54.843230,1.507615
2024-04-29 16:51:54.858860,1.632469
2024-04-29 16:51:54.874480,1.541525
2024-04-29 16:51:54.890110,1.230859
2024-04-29 16:51:54.905730,0.7161961
2024-04-29 16:51:54.921360,-0.004560471
2024-04-29 16:51:54.936980,-0.9249778
2024-04-29 16:51:54.952610,-2.033238
2024-04-29 16:51:54.968240,-3.273139
2024-04-29 16:51:54.983860,-4.524691
2024-04-29 16:51:54.999490,-5.625376
2024-04-29 16:51:55.015110,-6.394518
2024-04-29 16:51:55.030740,-6.700411
2024-04-29 16:51:55.046360,-6.453261
2024-04-29 16:51:55.061990,-5.636808
2024-04-29 16:51:55.077620,-4.293681
2024-04-29 16:51:55.093240,-2.527849
2024-04-29 16:51:55.108870,-0.4830694
2024-04-29 16:51:55.124490,1.645219
2024-04-29 16:51:55.140120,3.644338
2024-04-29 16:51:55.155740,5.300045
2024-04-29 16:51:55.171370,6.43511
2024-04-29 16:51:55.187000,6.942588
2024-04-29 16:51:55.202620,6.798167
2024-04-29 16:51:55.218250,6.07185
2024-04-29 16:51:55.233870,4.911873
2024-04-29 16:51:55.249500,3.544059
2024-04-29 16:51:55.265120,2.207866
2024-04-29 16:51:55.280750,1.113843
2024-04-29 16:51:55.296380,0.3726473
2024-04-29 16:51:55.312000,-0.0239687
2024-04-29 16:51:55.327630,-0.1620312
2024-04-29 16:51:55.343250,-0.1548414
2024-04-29 16:51:55.358880,-0.08021832
2024-04-29 16:51:55.374500,0.04416561
2024-04-29 16:51:55.390130,0.2227097
2024-04-29 16:51:55.405760,0.44771
2024-04-29 16:51:55.421380,0.6556149
2024-04-29 16:51:55.437010,0.7494125
2024-04-29 16:51:55.452630,0.6592417
2024-04-29 16:51:55.468260,0.3865643
2024-04-29 16:51:55.483880,-0.01361275
2024-04-29 16:51:55.499510,-0.445776
2024-04-29 16:51:55.515140,-0.8620501
2024-04-29 16:51:55.530760,-1.30593
2024-04-29 16:51:55.546390,-1.865992
2024-04-29 16:51:55.562010,-2.586703
2024-04-29 16:51:55.577640,-3.41504
2024-04-29 16:51:55.593260,-4.156498
2024-04-29 16:51:55.608890,-4.519017
2024-04-29 16:51:55.624520,-4.243374
2024-04-29 16:51:55.640140,-3.182251
2024-04-29 16:51:55.655770,-1.383851
2024-04-29 16:51:55.671390,0.9288321
2024-04-29 16:51:55.687020,3.418043
2024-04-29 16:51:55.702640,5.755474
2024-04-29 16:51:55.718270,7.662477
2024-04-29 16:51:55.733900,8.97652
2024-04-29 16:51:55.749520,9.650301
2024-04-29 16:51:55.765150,9.717152
2024-04-29 16:51:55.780770,9.270284
2024-04-29 16:51:55.796400,8.427714
2024-04-29 16:51:55.812020,7.306113
2024-04-29 16:51:55.827650,6.008197
2024-04-29 16:51:55.843280,4.685744
2024-04-29 16:51:55.858900,3.486773
2024-04-29 16:51:55.874530,2.574675
2024-04-29 16:51:55.890150,2.049187
2024-04-29 16:51:55.905780,1.913687
2024-04-29 16:51:55.921400,2.056762
2024-04-29 16:51:55.937030,2.295608
2024-04-29 16:51:55.952660,2.459061
2024-04-29 16:51:55.968280,2.448036
2024-04-29 16:51:55.983910,2.283713
2024-04-29 16:51:55.999530,2.052856
2024-04-29 16:51:56.015160,1.848185
2024-04-29 16:51:56.030790,1.696517
2024-04-29 16:51:56.046410,1.541985
2024-04-29 16:51:56.062040,1.30248
2024-04-29 16:51:56.077660,0.9033852
2024-04-29 16:51:56.093290,0.3213682
2024-04-29 16:51:56.108910,-0.4220023
2024-04-29 16:51:56.124540,-1.284073
2024-04-29 16:51:56.140170,-2.224125
2024-04-29 16:51:56.155790,-3.156875
2024-04-29 16:51:56.171420,-3.943472
2024-04-29 16:51:56.187040,-4.399966
2024-04-29 16:51:56.202670,-4.324673
2024-04-29 16:51:56.218290,-3.584437
2024-04-29 16:51:56.233920,-2.18035
2024-04-29 16:51:56.249550,-0.2808127
2024-04-29 16:51:56.265170,1.830217
2024-04-29 16:51:56.280800,3.826702
2024-04-29 16:51:56.296420,5.437307
2024-04-29 16:51:56.312050,6.507071
2024-04-29 16:51:56.327670,6.986496
2024-04-29 16:51:56.343300,6.926637
2024-04-29 16:51:56.358930,6.40382
2024-04-29 16:51:56.374550,5.511125
2024-04-29 16:51:56.390180,4.326115
2024-04-29 16:51:56.405800,2.950622
2024-04-29 16:51:56.421430,1.51124
2024-04-29 16:51:56.437050,0.1688836
2024-04-29 16:51:56.452680,-0.9182112
2024-04-29 16:51:56.468310,-1.637154
2024-04-29 16:51:56.483930,-1.953561
2024-04-29 16:51:56.499560,-1.927286
2024-04-29 16:51:56.515180,-1.694702
2024-04-29 16:51:56.530810,-1.415067
2024-04-29 16:51:56.546430,-1.230751
2024-04-29 16:51:56.562060,-1.204031
2024-04-29 16:51:56.577690,-1.342965
2024-04-29 16:51:56.593310,-1.600252
2024-04-29 16:51:56.608940,-1.932334
2024-04-29 16:51:56.624560,-2.324301
2024-04-29 16:51:56.640190,-2.808922
2024-04-29 16:51:56.655810,-3.435554
2024-04-29 16:51:56.671440,-4.209723
2024-04-29 16:51:56.687070,-5.087179
2024-04-29 16:51:56.702690,-5.948309
2024-04-29 16:51:56.718320,-6.616082
2024-04-29 16:51:56.733940,-6.910909
2024-04-29 16:51:56.749570,-6.698838
2024-04-29 16:51:56.765190,-5.926754
2024-04-29 16:51:56.780820,-4.629274
2024-04-29 16:51:56.796450,-2.912104
2024-04-29 16:51:56.812070,-0.9329062
2024-04-29 16:51:56.827700,1.093435
2024-04-29 16:51:56.843320,2.93956
2024-04-29 16:51:56.858950,4.408756
2024-04-29 16:51:56.874570,5.385118
2024-04-29 16:51:56.890200,5.845355
2024-04-29 16:51:56.905830,5.827418
2024-04-29 16:51:56.921450,5.416073
2024-04-29 16:51:56.937080,4.701254
2024-04-29 16:51:56.952700,3.768602
2024-04-29 16:51:56.968330,2.689339
2024-04-29 16:51:56.983950,1.574059
2024-04-29 16:51:56.999580,0.5488453
2024-04-29 16:51:57.015210,-0.264534
2024-04-29 16:51:57.030830,-0.7731514
2024-04-29 16:51:57.046460,-0.9744053
2024-04-29 16:51:57.062080,-0.9526615
2024-04-29 16:51:57.077710,-0.8353672
2024-04-29 16:51:57.093330,-0.7530994
2024-04-29 16:51:57.108960,-0.7641296
2024-04-29 16:51:57.124590,-0.8508511
2024-04-29 16:51:57.140210,-0.9449596
2024-04-29 16:51:57.155840,-1.033827
2024-04-29 16:51:57.171460,-1.163109
2024-04-29 16:51:57.187090,-1.454073
2024-04-29 16:51:57.202710,-2.032097
2024-04-29 16:51:57.218340,-2.930157
2024-04-29 16:51:57.233970,-4.051535
2024-04-29 16:51:57.249590,-5.19315
2024-04-29 16:51:57.265220,-6.142441
2024-04-29 16:51:57.280840,-6.753784
2024-04-29 16:51:57.296470,-6.988029
2024-04-29 16:51:57.312090,-6.843523
2024-04-29 16:51:57.327720,-6.307268
2024-04-29 16:51:57.343350,-5.32172
2024-04-29 16:51:57.358970,-3.834629
2024-04-29 16:51:57.374600,-1.893835
2024-04-29 16:51:57.390220,0.3074436
2024-04-29 16:51:57.405850,2.424711
2024-04-29 16:51:57.421470,4.12501
2024-04-29 16:51:57.437100,5.183701
2024-04-29 16:51:57.452730,5.590214
2024-04-29 16:51:57.468350,5.495388
2024-04-29 16:51:57.483980,5.112587
2024-04-29 16:51:57.499600,4.592073
2024-04-29 16:51:57.515230,3.973722
2024-04-29 16:51:57.530850,3.245361
2024-04-29 16:51:57.546480,2.394451
2024-04-29 16:51:57.562110,1.495262
2024-04-29 16:51:57.577730,0.6789455
2024-04-29 16:51:57.593360,0.07791328
2024-04-29 16:51:57.608980,-0.2446041
2024-04-29 16:51:57.624610,-0.3505173
2024-04-29 16:51:57.640230,-0.3761539
2024-04-29 16:51:57.655860,-0.4738045
2024-04-29 16:51:57.671490,-0.7295494
2024-04-29 16:51:57.687110,-1.124203
2024-04-29 16:51:57.702740,-1.562176
2024-04-29 16:51:57.718360,-1.946581
2024-04-29 16:51:57.733990,-2.246342
2024-04-29 16:51:57.749610,-2.541332
2024-04-29 16:51:57.765240,-2.971069
2024-04-29 16:51:57.780870,-3.677467
2024-04-29 16:51:57.796490,-4.698425
2024-04-29 16:51:57.812120,-5.924303
2024-04-29 16:51:57.827740,-7.122448
2024-04-29 16:51:57.843370,-8.029039
2024-04-29 16:51:57.858990,-8.414845
2024-04-29 16:51:57.874620,-8.175068
2024-04-29 16:51:57.890250,-7.322275
2024-04-29 16:51:57.905870,-5.962385
2024-04-29 16:51:57.921500,-4.233265
2024-04-29 16:51:57.937120,-2.267729
2024-04-29 16:51:57.952750,-0.1940536
2024-04-29 16:51:57.968370,1.859798
2024-04-29 16:51:57.984000,3.73151
2024-04-29 16:51:57.999630,5.23283
2024-04-29 16:51:58.015250,6.179565
2024-04-29 16:51:58.030880,6.454662
2024-04-29 16:51:58.046500,6.033138
2024-04-29 16:51:58.062130,5.019493
2024-04-29 16:51:58.077750,3.608421
2024-04-29 16:51:58.093380,2.042969
2024-04-29 16:51:58.109010,0.5920753
2024-04-29 16:51:58.124630,-0.51717
2024-04-29 16:51:58.140260,-1.148129
2024-04-29 16:51:58.155880,-1.268311
2024-04-29 16:51:58.171510,-0.9835396
2024-04-29 16:51:58.187130,-0.5144272
2024-04-29 16:51:58.202760,-0.1337166
2024-04-29 16:51:58.218390,-0.09650803
2024-04-29 16:51:58.234010,-0.5272903
2024-04-29 16:51:58.249640,-1.386585
2024-04-29 16:51:58.265260,-2.459934
2024-04-29 16:51:58.280890,-3.495041
2024-04-29 16:51:58.296510,-4.30859
2024-04-29 16:51:58.312140,-4.863316
2024-04-29 16:51:58.327770,-5.297543
2024-04-29 16:51:58.343390,-5.839165
2024-04-29 16:51:58.359020,-6.665806
2024-04-29 16:51:58.374640,-7.791601
2024-04-29 16:51:58.390270,-9.051407
2024-04-29 16:51:58.405890,-10.12853
2024-04-29 16:51:58.421520,-10.66471
2024-04-29 16:51:58.437150,-10.38723
2024-04-29 16:51:58.452770,-9.191635
2024-04-29 16:51:58.468400,-7.187691
2024-04-29 16:51:58.484020,-4.640894
2024-04-29 16:51:58.499650,-1.891701
2024-04-29 16:51:58.515280,0.730402
2024-04-29 16:51:58.530900,2.981911
2024-04-29 16:51:58.546530,4.72838
2024-04-29 16:51:58.562150,5.931162
2024-04-29 16:51:58.577780,6.621683
2024-04-29 16:51:58.593400,6.848881
2024-04-29 16:51:58.609030,6.673119
2024-04-29 16:51:58.624660,6.150301
2024-04-29 16:51:58.640280,5.362404
2024-04-29 16:51:58.655910,4.407652
2024-04-29 16:51:58.671530,3.400911
2024-04-29 16:51:58.687160,2.474628
2024-04-29 16:51:58.702780,1.73638
2024-04-29 16:51:58.718410,1.253801
2024-04-29 16:51:58.734040,1.021404
2024-04-29 16:51:58.749660,0.9661713
2024-04-29 16:51:58.765290,0.9627209
2024-04-29 16:51:58.780910,0.9079609
2024-04-29 16:51:58.796540,0.7088261
2024-04-29 16:51:58.812160,0.3321075
2024-04-29 16:51:58.827790,-0.1888504
2024-04-29 16:51:58.843420,-0.8424282
2024-04-29 16:51:58.859040,-1.610373
2024-04-29 16:51:58.874670,-2.485767
2024-04-29 16:51:58.890290,-3.43442
2024-04-29 16:51:58.905920,-4.397511
2024-04-29 16:51:58.921540,-5.280941
2024-04-29 16:51:58.937170,-6.02792
2024-04-29 16:51:58.952800,-6.628332
2024-04-29 16:51:58.968420,-7.143696
2024-04-29 16:51:58.984050,-7.647589
2024-04-29 16:51:58.999670,-8.115013
2024-04-29 16:51:59.015300,-8.419273
2024-04-29 16:51:59.030920,-8.314947
2024-04-29 16:51:59.046550,-7.560436
2024-04-29 16:51:59.062180,-6.028816
2024-04-29 16:51:59.077800,-3.809639
2024-04-29 16:51:59.093430,-1.194973
2024-04-29 16:51:59.109050,1.435244
2024-04-29 16:51:59.124680,3.724237
2024-04-29 16:51:59.140300,5.475807
2024-04-29 16:51:59.155930,6.659428
2024-04-29 16:51:59.171560,7.344517
2024-04-29 16:51:59.187180,7.620888
2024-04-29 16:51:59.202810,7.537111
2024-04-29 16:51:59.218430,7.09758
2024-04-29 16:51:59.234060,6.34948
2024-04-29 16:51:59.249680,5.431009
2024-04-29 16:51:59.265310,4.54895
2024-04-29 16:51:59.280940,3.949598
2024-04-29 16:51:59.296560,3.766647
2024-04-29 16:51:59.312190,3.966784
2024-04-29 16:51:59.327810,4.363832
2024-04-29 16:51:59.343440,4.697739
2024-04-29 16:51:59.359060,4.780043
2024-04-29 16:51:59.374690,4.564425
2024-04-29 16:51:59.390320,4.155539
2024-04-29 16:51:59.405940,3.696871
2024-04-29 16:51:59.421570,3.285967
2024-04-29 16:51:59.437190,2.906197
2024-04-29 16:51:59.452820,2.458601
2024-04-29 16:51:59.468440,1.827291
2024-04-29 16:51:59.484070,0.9492683
2024-04-29 16:51:59.499700,-0.1431875
2024-04-29 16:51:59.515320,-1.350946
2024-04-29 16:51:59.530950,-2.530747
2024-04-29 16:51:59.546570,-3.575078
2024-04-29 16:51:59.562200,-4.419228
2024-04-29 16:51:59.577820,-5.072019
2024-04-29 16:51:59.593450,-5.606627
2024-04-29 16:51:59.609080,-6.148747
2024-04-29 16:51:59.624700,-6.813536
2024-04-29 16:51:59.640330,-7.637415
2024-04-29 16:51:59.655950,-8.536246
2024-04-29 16:51:59.671580,-9.288431
2024-04-29 16:51:59.687200,-9.588519
2024-04-29 16:51:59.702830,-9.173415
2024-04-29 16:51:59.718460,-7.918687
2024-04-29 16:51:59.734080,-5.910091
2024-04-29 16:51:59.749710,-3.405556
2024-04-29 16:51:59.765330,-0.7337408
2024-04-29 16:51:59.780960,1.82503
2024-04-29 16:51:59.796580,4.08707
2024-04-29 16:51:59.812210,5.972876
2024-04-29 16:51:59.827840,7.437467
2024-04-29 16:51:59.843460,8.424743
2024-04-29 16:51:59.859090,8.875223
2024-04-29 16:51:59.874710,8.754214
2024-04-29 16:51:59.890340,8.139064
2024-04-29 16:51:59.905960,7.219104
2024-04-29 16:51:59.921590,6.251434
2024-04-29 16:51:59.937220,5.470727
2024-04-29 16:51:59.952840,5.018716
2024-04-29 16:51:59.968470,4.891675
2024-04-29 16:51:59.984090,4.991373
2024-04-29 16:51:59.999720,5.184504
2024-04-29 16:52:00.015340,5.367714
2024-04-29 16:52:00.030970,5.49885
2024-04-29 16:52:00.046600,5.57051
2024-04-29 16:52:00.062220,5.606118
2024-04-29 16:52:00.077850,5.615069
2024-04-29 16:52:00.093470,5.601118
2024-04-29 16:52:00.109100,5.548792
2024-04-29 16:52:00.124720,5.415414
2024-04-29 16:52:00.140350,5.143398
2024-04-29 16:52:00.155980,4.672535
2024-04-29 16:52:00.171600,3.968483
2024-04-29 16:52:00.187230,3.075616
2024-04-29 16:52:00.202850,2.089136
2024-04-29 16:52:00.218480,1.133359
2024-04-29 16:52:00.234100,0.276268
2024-04-29 16:52:00.249730,-0.4949837
2024-04-29 16:52:00.265360,-1.267635
2024-04-29 16:52:00.280980,-2.125773
2024-04-29 16:52:00.296610,-3.122026
2024-04-29 16:52:00.312230,-4.192259
2024-04-29 16:52:00.327860,-5.21151
2024-04-29 16:52:00.343480,-6.0594
2024-04-29 16:52:00.359110,-6.672708
2024-04-29 16:52:00.374740,-7.104396
2024-04-29 16:52:00.390360,-7.496398
2024-04-29 16:52:00.405990,-8.00388
2024-04-29 16:52:00.421610,-8.739857
2024-04-29 16:52:00.437240,-9.711752
2024-04-29 16:52:00.452860,-10.79152
2024-04-29 16:52:00.468490,-11.75516
2024-04-29 16:52:00.484120,-12.33798
2024-04-29 16:52:00.499740,-12.2815
2024-04-29 16:52:00.515370,-11.41982
2024-04-29 16:52:00.530990,-9.716562
2024-04-29 16:52:00.546620,-7.301702
2024-04-29 16:52:00.562240,-4.432315
2024-04-29 16:52:00.577870,-1.421491
2024-04-29 16:52:00.593500,1.444244
2024-04-29 16:52:00.609120,3.955522
2024-04-29 16:52:00.624750,6.009942
2024-04-29 16:52:00.640370,7.56417
2024-04-29 16:52:00.656000,8.600595
2024-04-29 16:52:00.671620,9.102921
2024-04-29 16:52:00.687250,9.099228
2024-04-29 16:52:00.702880,8.68569
2024-04-29 16:52:00.718500,8.057249
2024-04-29 16:52:00.734130,7.442364
2024-04-29 16:52:00.749750,7.008087
2024-04-29 16:52:00.765380,6.794615
2024-04-29 16:52:00.781000,6.722547
2024-04-29 16:52:00.796630,6.650945
2024-04-29 16:52:00.812260,6.477304
2024-04-29 16:52:00.827880,6.197458
2024-04-29 16:52:00.843510,5.897198
2024-04-29 16:52:00.859130,5.669817
2024-04-29 16:52:00.874760,5.554509
2024-04-29 16:52:00.890390,5.489737
2024-04-29 16:52:00.906010,5.361136
2024-04-29 16:52:00.921640,5.045991
2024-04-29 16:52:00.937260,4.47236
2024-04-29 16:52:00.952890,3.650555
2024-04-29 16:52:00.968510,2.639277
2024-04-29 16:52:00.984140,1.525492
2024-04-29 16:52:00.999770,0.3904996
2024-04-29 16:52:01.015390,-0.6913543
2024-04-29 16:52:01.031020,-1.680948
2024-04-29 16:52:01.046640,-2.559733
2024-04-29 16:52:01.062270,-3.344735
2024-04-29 16:52:01.077890,-4.091492
2024-04-29 16:52:01.093520,-4.84739
2024-04-29 16:52:01.109150,-5.647286
2024-04-29 16:52:01.124770,-6.478804
2024-04-29 16:52:01.140400,-7.289484
2024-04-29 16:52:01.156020,-8.004616
2024-04-29 16:52:01.171650,-8.58729
2024-04-29 16:52:01.187270,-9.067902
2024-04-29 16:52:01.202900,-9.549743
2024-04-29 16:52:01.218530,-10.17421
2024-04-29 16:52:01.234150,-11.01619
2024-04-29 16:52:01.249780,-12.03428
2024-04-29 16:52:01.265400,-13.01108
2024-04-29 16:52:01.281030,-13.62633
2024-04-29 16:52:01.296650,-13.53482
2024-04-29 16:52:01.312280,-12.52199
2024-04-29 16:52:01.327910,-10.57793
2024-04-29 16:52:01.343530,-7.898392
2024-04-29 16:52:01.359160,-4.809193
2024-04-29 16:52:01.374780,-1.665807
2024-04-29 16:52:01.390410,1.228018
2024-04-29 16:52:01.406030,3.675549
2024-04-29 16:52:01.421660,5.602948
2024-04-29 16:52:01.437290,7.007018
2024-04-29 16:52:01.452910,7.914876
2024-04-29 16:52:01.468540,8.367982
2024-04-29 16:52:01.484160,8.435457
2024-04-29 16:52:01.499790,8.198774
2024-04-29 16:52:01.515410,7.78326
2024-04-29 16:52:01.531040,7.307299
2024-04-29 16:52:01.546670,6.87813
2024-04-29 16:52:01.562290,6.539123
2024-04-29 16:52:01.577920,6.291543
2024-04-29 16:52:01.593540,6.097129
2024-04-29 16:52:01.609170,5.941464
2024-04-29 16:52:01.624790,5.846056
2024-04-29 16:52:01.640420,5.834401
2024-04-29 16:52:01.656050,5.923415
2024-04-29 16:52:01.671670,6.06691
2024-04-29 16:52:01.687300,6.14934
2024-04-29 16:52:01.702920,6.016031
2024-04-29 16:52:01.718550,5.570359
2024-04-29 16:52:01.734170,4.802741
2024-04-29 16:52:01.749800,3.813237
2024-04-29 16:52:01.765430,2.772174
2024-04-29 16:52:01.781050,1.835097
2024-04-29 16:52:01.796680,1.096223
2024-04-29 16:52:01.812300,0.5475219
2024-04-29 16:52:01.827930,0.1094204
2024-04-29 16:52:01.843550,-0.3323905
2024-04-29 16:52:01.859180,-0.8650075
2024-04-29 16:52:01.874810,-1.517368
2024-04-29 16:52:01.890430,-2.262475
2024-04-29 16:52:01.906060,-3.047266
2024-04-29 16:52:01.921680,-3.81573
2024-04-29 16:52:01.937310,-4.540831
2024-04-29 16:52:01.952930,-5.225593
2024-04-29 16:52:01.968560,-5.89448
2024-04-29 16:52:01.984190,-6.564845
2024-04-29 16:52:01.999810,-7.271935
2024-04-29 16:52:02.015440,-8.047071
2024-04-29 16:52:02.031060,-8.933119
2024-04-29 16:52:02.046690,-9.948137
2024-04-29 16:52:02.062310,-11.06694
2024-04-29 16:52:02.077940,-12.13093
2024-04-29 16:52:02.093570,-12.86158
2024-04-29 16:52:02.109190,-12.91728
2024-04-29 16:52:02.124820,-11.99148
2024-04-29 16:52:02.140440,-9.988972
2024-04-29 16:52:02.156070,-7.06068
2024-04-29 16:52:02.171690,-3.602566
2024-04-29 16:52:02.187320,-0.09165192
2024-04-29 16:52:02.202950,3.050066
2024-04-29 16:52:02.218570,5.578038
2024-04-29 16:52:02.234200,7.43782
2024-04-29 16:52:02.249820,8.684697
2024-04-29 16:52:02.265450,9.413541
2024-04-29 16:52:02.281070,9.685789
2024-04-29 16:52:02.296700,9.562836
2024-04-29 16:52:02.312330,9.129636
2024-04-29 16:52:02.327950,8.50774
2024-04-29 16:52:02.343580,7.863746
2024-04-29 16:52:02.359200,7.346579
2024-04-29 16:52:02.374830,7.047713
2024-04-29 16:52:02.390450,6.977789
2024-04-29 16:52:02.406080,7.082427
2024-04-29 16:52:02.421710,7.271935
2024-04-29 16:52:02.437330,7.430917
2024-04-29 16:52:02.452960,7.453268
2024-04-29 16:52:02.468580,7.257523
2024-04-29 16:52:02.484210,6.813448
2024-04-29 16:52:02.499830,6.155144
2024-04-29 16:52:02.515460,5.370581
2024-04-29 16:52:02.531090,4.581977
2024-04-29 16:52:02.546710,3.877718
2024-04-29 16:52:02.562340,3.266874
2024-04-29 16:52:02.577960,2.671262
2024-04-29 16:52:02.593590,1.944785
2024-04-29 16:52:02.609210,0.9724903
2024-04-29 16:52:02.624840,-0.271822
2024-04-29 16:52:02.640470,-1.679689
2024-04-29 16:52:02.656090,-3.058679
2024-04-29 16:52:02.671720,-4.21977
2024-04-29 16:52:02.687340,-5.065149
2024-04-29 16:52:02.702970,-5.624167
2024-04-29 16:52:02.718590,-6.010228
2024-04-29 16:52:02.734220,-6.365288
2024-04-29 16:52:02.749850,-6.784045
2024-04-29 16:52:02.765470,-7.301525
2024-04-29 16:52:02.781100,-7.936679
2024-04-29 16:52:02.796720,-8.715365
2024-04-29 16:52:02.812350,-9.673003
2024-04-29 16:52:02.827970,-10.80437
2024-04-29 16:52:02.843600,-12.00597
2024-04-29 16:52:02.859230,-13.06382
2024-04-29 16:52:02.874850,-13.65918
2024-04-29 16:52:02.890480,-13.46666
2024-04-29 16:52:02.906100,-12.26644
2024-04-29 16:52:02.921730,-9.996296
2024-04-29 16:52:02.937350,-6.81392
2024-04-29 16:52:02.952980,-3.036577
2024-04-29 16:52:02.968610,0.9002457
2024-04-29 16:52:02.984230,4.55108
2024-04-29 16:52:02.999860,7.519995
2024-04-29 16:52:03.015480,9.559191
2024-04-29 16:52:03.031110,10.61682
2024-04-29 16:52:03.046740,10.82491
2024-04-29 16:52:03.062360,10.45088
2024-04-29 16:52:03.077990,9.777418
2024-04-29 16:52:03.093610,9.03496
2024-04-29 16:52:03.109240,8.353349
2024-04-29 16:52:03.124860,7.777544
2024-04-29 16:52:03.140490,7.318862
2024-04-29 16:52:03.156120,6.978358
2024-04-29 16:52:03.171740,6.777064
2024-04-29 16:52:03.187370,6.698236
2024-04-29 16:52:03.202990,6.679599
2024-04-29 16:52:03.218620,6.61703
2024-04-29 16:52:03.234240,6.41662
2024-04-29 16:52:03.249870,6.03284
2024-04-29 16:52:03.265500,5.507904
2024-04-29 16:52:03.281120,4.934143
2024-04-29 16:52:03.296750,4.375991
2024-04-29 16:52:03.312370,3.849432
2024-04-29 16:52:03.328000,3.29471
2024-04-29 16:52:03.343620,2.634958
2024-04-29 16:52:03.359250,1.813589
2024-04-29 16:52:03.374880,0.8223066
2024-04-29 16:52:03.390500,-0.313324
2024-04-29 16:52:03.406130,-1.540244
2024-04-29 16:52:03.421750,-2.77492
2024-04-29 16:52:03.437380,-3.956395
2024-04-29 16:52:03.453000,-5.010292
2024-04-29 16:52:03.468630,-5.891559
2024-04-29 16:52:03.484260,-6.581424
2024-04-29 16:52:03.499880,-7.108196
2024-04-29 16:52:03.515510,-7.552685
2024-04-29 16:52:03.531130,-8.025925
2024-04-29 16:52:03.546760,-8.65225
2024-04-29 16:52:03.562380,-9.524824
2024-04-29 16:52:03.578010,-10.69009
2024-04-29 16:52:03.593640,-12.10297
2024-04-29 16:52:03.609260,-13.62946
2024-04-29 16:52:03.624890,-15.04257
2024-04-29 16:52:03.640510,-16.07115
2024-04-29 16:52:03.656140,-16.46504
2024-04-29 16:52:03.671760,-16.0451
2024-04-29 16:52:03.687390,-14.75686
2024-04-29 16:52:03.703020,-12.649
2024-04-29 16:52:03.718640,-9.884155
2024-04-29 16:52:03.734270,-6.670567
2024-04-29 16:52:03.749890,-3.276127
2024-04-29 16:52:03.765520,0.02516174
2024-04-29 16:52:03.781140,2.984514
2024-04-29 16:52:03.796770,5.399815
2024-04-29 16:52:03.812400,7.159115
2024-04-29 16:52:03.828020,8.257793
2024-04-29 16:52:03.843650,8.780396
2024-04-29 16:52:03.859270,8.862131
2024-04-29 16:52:03.874900,8.652775
2024-04-29 16:52:03.890520,8.259344
2024-04-29 16:52:03.906150,7.743353
2024-04-29 16:52:03.921780,7.14596
2024-04-29 16:52:03.937400,6.490637
2024-04-29 16:52:03.953030,5.829292
2024-04-29 16:52:03.968650,5.232323
2024-04-29 16:52:03.984280,4.776148
2024-04-29 16:52:03.999900,4.520191
2024-04-29 16:52:04.015530,4.467056
2024-04-29 16:52:04.031160,4.565865
2024-04-29 16:52:04.046780,4.724396
2024-04-29 16:52:04.062410,4.843477
2024-04-29 16:52:04.078030,4.831434
2024-04-29 16:52:04.093660,4.649218
2024-04-29 16:52:04.109280,4.275957
2024-04-29 16:52:04.124910,3.728802
2024-04-29 16:52:04.140540,3.048986
2024-04-29 16:52:04.156160,2.283638
2024-04-29 16:52:04.171790,1.481037
2024-04-29 16:52:04.187410,0.6729641
2024-04-29 16:52:04.203040,-0.1185207
2024-04-29 16:52:04.218660,-0.9209366
2024-04-29 16:52:04.234290,-1.747513
2024-04-29 16:52:04.249920,-2.618034
2024-04-29 16:52:04.265540,-3.497978
2024-04-29 16:52:04.281170,-4.329422
2024-04-29 16:52:04.296790,-5.055412
2024-04-29 16:52:04.312420,-5.669003
2024-04-29 16:52:04.328040,-6.22385
2024-04-29 16:52:04.343670,-6.82782
2024-04-29 16:52:04.359300,-7.596298
2024-04-29 16:52:04.374920,-8.577293
2024-04-29 16:52:04.390550,-9.717186
2024-04-29 16:52:04.406170,-10.82215
2024-04-29 16:52:04.421800,-11.6045
2024-04-29 16:52:04.437420,-11.74685
2024-04-29 16:52:04.453050,-10.97315
2024-04-29 16:52:04.468680,-9.148857
2024-04-29 16:52:04.484300,-6.310825
2024-04-29 16:52:04.499930,-2.687775
2024-04-29 16:52:04.515550,1.349987
2024-04-29 16:52:04.531180,5.354691
2024-04-29 16:52:04.546800,8.92643
2024-04-29 16:52:04.562430,11.78804
2024-04-29 16:52:04.578060,13.79842
2024-04-29 16:52:04.593680,14.97196
2024-04-29 16:52:04.609310,15.38601
2024-04-29 16:52:04.624930,15.14503
2024-04-29 16:52:04.640560,14.37156
2024-04-29 16:52:04.656180,13.23053
2024-04-29 16:52:04.671810,11.91754
2024-04-29 16:52:04.687440,10.66318
2024-04-29 16:52:04.703060,9.674614
2024-04-29 16:52:04.718690,9.06715
2024-04-29 16:52:04.734310,8.876778
2024-04-29 16:52:04.749940,9.015018
2024-04-29 16:52:04.765560,9.350101
2024-04-29 16:52:04.781190,9.746487
2024-04-29 16:52:04.796820,10.10044
2024-04-29 16:52:04.812440,10.3432
2024-04-29 16:52:04.828070,10.41526
2024-04-29 16:52:04.843690,10.25819
2024-04-29 16:52:04.859320,9.802856
2024-04-29 16:52:04.874940,9.028088
2024-04-29 16:52:04.890570,7.962593
2024-04-29 16:52:04.906200,6.701874
2024-04-29 16:52:04.921820,5.377911
2024-04-29 16:52:04.937450,4.102524
2024-04-29 16:52:04.953070,2.921703
2024-04-29 16:52:04.968700,1.79681
2024-04-29 16:52:04.984320,0.6663017
2024-04-29 16:52:04.999950,-0.524929
2024-04-29 16:52:05.015580,-1.763596
2024-04-29 16:52:05.031200,-2.998665
2024-04-29 16:52:05.046830,-4.185051
2024-04-29 16:52:05.062450,-5.325485
2024-04-29 16:52:05.078080,-6.504608
2024-04-29 16:52:05.093700,-7.830555
2024-04-29 16:52:05.109330,-9.362434
2024-04-29 16:52:05.124960,-11.04969
2024-04-29 16:52:05.140580,-12.73196
2024-04-29 16:52:05.156210,-14.19083
2024-04-29 16:52:05.171830,-15.24296
2024-04-29 16:52:05.187460,-15.78503
2024-04-29 16:52:05.203080,-15.7847
2024-04-29 16:52:05.218710,-15.25203
2024-04-29 16:52:05.234340,-14.16617
2024-04-29 16:52:05.249960,-12.50304
2024-04-29 16:52:05.265590,-10.25217
2024-04-29 16:52:05.281210,-7.514282
2024-04-29 16:52:05.296840,-4.488853
2024-04-29 16:52:05.312460,-1.457546
2024-04-29 16:52:05.328090,1.295422
2024-04-29 16:52:05.343720,3.581673
2024-04-29 16:52:05.359340,5.304974
2024-04-29 16:52:05.374970,6.450893
2024-04-29 16:52:05.390590,7.019646
2024-04-29 16:52:05.406220,7.009933
2024-04-29 16:52:05.421840,6.433495
2024-04-29 16:52:05.437470,5.36702
2024-04-29 16:52:05.453100,4.000881
2024-04-29 16:52:05.468720,2.604767
2024-04-29 16:52:05.484350,1.483025
2024-04-29 16:52:05.499970,0.865345
2024-04-29 16:52:05.515600,0.8404694
2024-04-29 16:52:05.531220,1.320568
2024-04-29 16:52:05.546850,2.086365
2024-04-29 16:52:05.562480,2.873913
2024-04-29 16:52:05.578100,3.463276
2024-04-29 16:52:05.593730,3.75959
2024-04-29 16:52:05.609350,3.783348
2024-04-29 16:52:05.624980,3.628242
2024-04-29 16:52:05.640600,3.391521
2024-04-29 16:52:05.656230,3.123272
2024-04-29 16:52:05.671860,2.806583
2024-04-29 16:52:05.687480,2.40202
2024-04-29 16:52:05.703110,1.86351
2024-04-29 16:52:05.718730,1.190609
2024-04-29 16:52:05.734360,0.4195824
2024-04-29 16:52:05.749990,-0.3937759
2024-04-29 16:52:05.765610,-1.176777
2024-04-29 16:52:05.781240,-1.878845
2024-04-29 16:52:05.796860,-2.500965
2024-04-29 16:52:05.812490,-3.108189
2024-04-29 16:52:05.828110,-3.82885
2024-04-29 16:52:05.843740,-4.790321
2024-04-29 16:52:05.859370,-6.055634
2024-04-29 16:52:05.874990,-7.542786
2024-04-29 16:52:05.890620,-9.022491
2024-04-29 16:52:05.906240,-10.1799
2024-04-29 16:52:05.921870,-10.73345
2024-04-29 16:52:05.937490,-10.51235
2024-04-29 16:52:05.953120,-9.481831
2024-04-29 16:52:05.968750,-7.722862
2024-04-29 16:52:05.984370,-5.348629
2024-04-29 16:52:06.000000,-2.519539
2024-04-29 16:52:06.015620,0.580986
2024-04-29 16:52:06.031250,3.705875
2024-04-29 16:52:06.046870,6.566685
2024-04-29 16:52:06.062500,8.890343
2024-04-29 16:52:06.078130,10.48446
2024-04-29 16:52:06.093750,11.28074
2024-04-29 16:52:06.109380,11.31075
2024-04-29 16:52:06.125000,10.6839
2024-04-29 16:52:06.140630,9.539017
2024-04-29 16:52:06.156250,8.053333
2024-04-29 16:52:06.171880,6.445877
2024-04-29 16:52:06.187510,4.969017
2024-04-29 16:52:06.203130,3.828049
2024-04-29 16:52:06.218760,3.140358
2024-04-29 16:52:06.234380,2.878284
2024-04-29 16:52:06.250010,2.911781
2024-04-29 16:52:06.265630,3.093742
2024-04-29 16:52:06.281260,3.319672
2024-04-29 16:52:06.296890,3.559093
2024-04-29 16:52:06.312510,3.805134
2024-04-29 16:52:06.328140,4.022995
2024-04-29 16:52:06.343760,4.124416
2024-04-29 16:52:06.359390,3.992172
2024-04-29 16:52:06.375010,3.534843
2024-04-29 16:52:06.390640,2.745766
2024-04-29 16:52:06.406270,1.72485
2024-04-29 16:52:06.421890,0.619873
2024-04-29 16:52:06.437520,-0.4339409
2024-04-29 16:52:06.453140,-1.37056
2024-04-29 16:52:06.468770,-2.220078
2024-04-29 16:52:06.484390,-3.050114
2024-04-29 16:52:06.500020,-3.950027
2024-04-29 16:52:06.515650,-4.944077
2024-04-29 16:52:06.531270,-5.979362
2024-04-29 16:52:06.546900,-6.980728
2024-04-29 16:52:06.562520,-7.868736
2024-04-29 16:52:06.578150,-8.616653
2024-04-29 16:52:06.593770,-9.236866
2024-04-29 16:52:06.609400,-9.75956
2024-04-29 16:52:06.625030,-10.14727
2024-04-29 16:52:06.640650,-10.27616
2024-04-29 16:52:06.656280,-9.945938
2024-04-29 16:52:06.671900,-8.960487
2024-04-29 16:52:06.687530,-7.220016
2024-04-29 16:52:06.703150,-4.801205
2024-04-29 16:52:06.718780,-1.93013
2024-04-29 16:52:06.734410,1.063469
2024-04-29 16:52:06.750030,3.855019
2024-04-29 16:52:06.765660,6.190781
2024-04-29 16:52:06.781280,7.898323
2024-04-29 16:52:06.796910,8.899399
2024-04-29 16:52:06.812530,9.178452
2024-04-29 16:52:06.828160,8.778854
2024-04-29 16:52:06.843790,7.816765
2024-04-29 16:52:06.859410,6.489578
2024-04-29 16:52:06.875040,5.023476
2024-04-29 16:52:06.890660,3.652481
2024-04-29 16:52:06.906290,2.550594
2024-04-29 16:52:06.921910,1.788734
2024-04-29 16:52:06.937540,1.354832
2024-04-29 16:52:06.953170,1.180408
2024-04-29 16:52:06.968790,1.194691
2024-04-29 16:52:06.984420,1.360794
2024-04-29 16:52:07.000040,1.672878
2024-04-29 16:52:07.015670,2.094627
2024-04-29 16:52:07.031290,2.562752
2024-04-29 16:52:07.046920,2.942471
2024-04-29 16:52:07.062550,3.080841
2024-04-29 16:52:07.078170,2.856621
2024-04-29 16:52:07.093800,2.232586
2024-04-29 16:52:07.109420,1.29142
2024-04-29 16:52:07.125050,0.1916313
2024-04-29 16:52:07.140670,-0.8949776
2024-04-29 16:52:07.156300,-1.856461
2024-04-29 16:52:07.171930,-2.668201
2024-04-29 16:52:07.187550,-3.372578
2024-04-29 16:52:07.203180,-4.041283
2024-04-29 16:52:07.218800,-4.74448
2024-04-29 16:52:07.234430,-5.526371
2024-04-29 16:52:07.250050,-6.387737
2024-04-29 16:52:07.265680,-7.303581
2024-04-29 16:52:07.281310,-8.19812
2024-04-29 16:52:07.296930,-8.922897
2024-04-29 16:52:07.312560,-9.261898
2024-04-29 16:52:07.328180,-9.000336
2024-04-29 16:52:07.343810,-7.976665
2024-04-29 16:52:07.359430,-6.17601
2024-04-29 16:52:07.375060,-3.740139
2024-04-29 16:52:07.390690,-0.9261703
2024-04-29 16:52:07.406310,1.954948
2024-04-29 16:52:07.421940,4.607689
2024-04-29 16:52:07.437560,6.803932
2024-04-29 16:52:07.453190,8.390152
2024-04-29 16:52:07.468810,9.300522
2024-04-29 16:52:07.484440,9.550961
2024-04-29 16:52:07.500070,9.255104
2024-04-29 16:52:07.515690,8.576229
2024-04-29 16:52:07.531320,7.707699
2024-04-29 16:52:07.546940,6.800987
2024-04-29 16:52:07.562570,5.959053
2024-04-29 16:52:07.578190,5.24131
2024-04-29 16:52:07.593820,4.665295
2024-04-29 16:52:07.609450,4.252052
2024-04-29 16:52:07.625070,4.02486
2024-04-29 16:52:07.640700,3.999195
2024-04-29 16:52:07.656320,4.155224
2024-04-29 16:52:07.671950,4.418301
2024-04-29 16:52:07.687570,4.68174
2024-04-29 16:52:07.703200,4.83634
2024-04-29 16:52:07.718830,4.805784
2024-04-29 16:52:07.734450,4.559393
2024-04-29 16:52:07.750080,4.110046
2024-04-29 16:52:07.765700,3.489168
2024-04-29 16:52:07.781330,2.730019
2024-04-29 16:52:07.796950,1.868038
2024-04-29 16:52:07.812580,0.9513245
2024-04-29 16:52:07.828210,0.04023933
2024-04-29 16:52:07.843830,-0.7982521
2024-04-29 16:52:07.859460,-1.520493
2024-04-29 16:52:07.875080,-2.145996
2024-04-29 16:52:07.890710,-2.749966
2024-04-29 16:52:07.906340,-3.424126
2024-04-29 16:52:07.921960,-4.182968
2024-04-29 16:52:07.937590,-4.924734
2024-04-29 16:52:07.953210,-5.419662
2024-04-29 16:52:07.968840,-5.390377
2024-04-29 16:52:07.984460,-4.61672
2024-04-29 16:52:08.000090,-3.039526
2024-04-29 16:52:08.015720,-0.7965813
2024-04-29 16:52:08.031340,1.823156
2024-04-29 16:52:08.046970,4.461557
2024-04-29 16:52:08.062590,6.792589
2024-04-29 16:52:08.078220,8.582096
2024-04-29 16:52:08.093840,9.708628
2024-04-29 16:52:08.109470,10.17129
2024-04-29 16:52:08.125100,10.02933
2024-04-29 16:52:08.140720,9.395302
2024-04-29 16:52:08.156350,8.39115
2024-04-29 16:52:08.171970,7.148283
2024-04-29 16:52:08.187600,5.787724
2024-04-29 16:52:08.203220,4.436007
2024-04-29 16:52:08.218850,3.210192
2024-04-29 16:52:08.234480,2.211124
2024-04-29 16:52:08.250100,1.507008
2024-04-29 16:52:08.265730,1.114381
2024-04-29 16:52:08.281350,0.9790077
2024-04-29 16:52:08.296980,1.001066
2024-04-29 16:52:08.312600,1.077557
2024-04-29 16:52:08.328230,1.115819
2024-04-29 16:52:08.343860,1.067387
2024-04-29 16:52:08.359480,0.8986073
2024-04-29 16:52:08.375110,0.585371
2024-04-29 16:52:08.390730,0.106143
2024-04-29 16:52:08.406360,-0.5675936
2024-04-29 16:52:08.421980,-1.41643
2024-04-29 16:52:08.437610,-2.394925
2024-04-29 16:52:08.453240,-3.403569
2024-04-29 16:52:08.468860,-4.341939
2024-04-29 16:52:08.484490,-5.151827
2024-04-29 16:52:08.500110,-5.842556
2024-04-29 16:52:08.515740,-6.485382
2024-04-29 16:52:08.531360,-7.162188
2024-04-29 16:52:08.546990,-7.905132
2024-04-29 16:52:08.562620,-8.63723
2024-04-29 16:52:08.578240,-9.182377
2024-04-29 16:52:08.593870,-9.313395
2024-04-29 16:52:08.609490,-8.839712
2024-04-29 16:52:08.625120,-7.695852
2024-04-29 16:52:08.640740,-5.956937
2024-04-29 16:52:08.656370,-3.822917
2024-04-29 16:52:08.672000,-1.54392
2024-04-29 16:52:08.687620,0.6509389
2024-04-29 16:52:08.703250,2.584706
2024-04-29 16:52:08.718870,4.121259
2024-04-29 16:52:08.734500,5.175935
2024-04-29 16:52:08.750120,5.688254
2024-04-29 16:52:08.765750,5.635362
2024-04-29 16:52:08.781380,5.045602
2024-04-29 16:52:08.797000,4.028926
2024-04-29 16:52:08.812630,2.761573
2024-04-29 16:52:08.828250,1.433483
2024-04-29 16:52:08.843880,0.2568464
2024-04-29 16:52:08.859500,-0.6037173
2024-04-29 16:52:08.875130,-1.0435
2024-04-29 16:52:08.890760,-1.035601
2024-04-29 16:52:08.906380,-0.6592627
2024-04-29 16:52:08.922010,-0.09159088
2024-04-29 16:52:08.937630,0.4591036
2024-04-29 16:52:08.953260,0.809577
2024-04-29 16:52:08.968880,0.8909788
2024-04-29 16:52:08.984510,0.7513132
2024-04-29 16:52:09.000140,0.5352621
2024-04-29 16:52:09.015760,0.3658266
2024-04-29 16:52:09.031390,0.2800331
2024-04-29 16:52:09.047010,0.2094278
2024-04-29 16:52:09.062640,0.02167416
2024-04-29 16:52:09.078260,-0.3926582
2024-04-29 16:52:09.093890,-1.083582
2024-04-29 16:52:09.109520,-2.021683
2024-04-29 16:52:09.125140,-3.145628
2024-04-29 16:52:09.140770,-4.359957
2024-04-29 16:52:09.156390,-5.543011
2024-04-29 16:52:09.172020,-6.542479
2024-04-29 16:52:09.187640,-7.145336
2024-04-29 16:52:09.203270,-7.14888
2024-04-29 16:52:09.218900,-6.415955
2024-04-29 16:52:09.234520,-4.965403
2024-04-29 16:52:09.250150,-2.962671
2024-04-29 16:52:09.265770,-0.6845055
2024-04-29 16:52:09.281400,1.571846
2024-04-29 16:52:09.297020,3.550968
2024-04-29 16:52:09.312650,5.11182
2024-04-29 16:52:09.328280,6.182652
2024-04-29 16:52:09.343900,6.747492
2024-04-29 16:52:09.359530,6.816502
2024-04-29 16:52:09.375150,6.414738
2024-04-29 16:52:09.390780,5.611906
2024-04-29 16:52:09.406400,4.539997
2024-04-29 16:52:09.422030,3.360434
2024-04-29 16:52:09.437660,2.238562
2024-04-29 16:52:09.453280,1.322968
2024-04-29 16:52:09.468910,0.6848831
2024-04-29 16:52:09.484530,0.3102455
2024-04-29 16:52:09.500160,0.143858
2024-04-29 16:52:09.515780,0.0959301
2024-04-29 16:52:09.531410,0.05130959
2024-04-29 16:52:09.547040,-0.09376907
2024-04-29 16:52:09.562660,-0.4222927
2024-04-29 16:52:09.578290,-0.9731407
2024-04-29 16:52:09.593910,-1.69943
2024-04-29 16:52:09.609540,-2.481024
2024-04-29 16:52:09.625160,-3.179121
2024-04-29 16:52:09.640790,-3.686995
2024-04-29 16:52:09.656420,-3.978374
2024-04-29 16:52:09.672040,-4.141338
2024-04-29 16:52:09.687670,-4.322205
2024-04-29 16:52:09.703290,-4.687027
2024-04-29 16:52:09.718920,-5.35955
2024-04-29 16:52:09.734540,-6.349102
2024-04-29 16:52:09.750170,-7.535736
2024-04-29 16:52:09.765800,-8.690125
2024-04-29 16:52:09.781420,-9.517746
2024-04-29 16:52:09.797050,-9.758366
2024-04-29 16:52:09.812670,-9.228111
2024-04-29 16:52:09.828300,-7.901604
2024-04-29 16:52:09.843920,-5.922016
2024-04-29 16:52:09.859550,-3.560627
2024-04-29 16:52:09.875180,-1.139259
2024-04-29 16:52:09.890800,1.045822
2024-04-29 16:52:09.906430,2.755589
2024-04-29 16:52:09.922050,3.850647
2024-04-29 16:52:09.937680,4.268456
2024-04-29 16:52:09.953300,4.053635
2024-04-29 16:52:09.968930,3.324635
2024-04-29 16:52:09.984560,2.25745
2024-04-29 16:52:10.000180,1.043591
2024-04-29 16:52:10.015810,-0.1406517
2024-04-29 16:52:10.031430,-1.184441
2024-04-29 16:52:10.047060,-2.033558
2024-04-29 16:52:10.062680,-2.656105
2024-04-29 16:52:10.078310,-3.058651
2024-04-29 16:52:10.093940,-3.275921
2024-04-29 16:52:10.109560,-3.36475
2024-04-29 16:52:10.125190,-3.416138
2024-04-29 16:52:10.140810,-3.517815
2024-04-29 16:52:10.156440,-3.697655
2024-04-29 16:52:10.172070,-3.936039
2024-04-29 16:52:10.187690,-4.167805
2024-04-29 16:52:10.203320,-4.311047
2024-04-29 16:52:10.218940,-4.367443
2024-04-29 16:52:10.234570,-4.440472
2024-04-29 16:52:10.250190,-4.707699
2024-04-29 16:52:10.265820,-5.337223
2024-04-29 16:52:10.281450,-6.377789
2024-04-29 16:52:10.297070,-7.688446
2024-04-29 16:52:10.312700,-8.946663
2024-04-29 16:52:10.328320,-9.772095
2024-04-29 16:52:10.343950,-9.867607
2024-04-29 16:52:10.359570,-9.132149
2024-04-29 16:52:10.375200,-7.677708
2024-04-29 16:52:10.390830,-5.732948
2024-04-29 16:52:10.406450,-3.535355
2024-04-29 16:52:10.422080,-1.240276
2024-04-29 16:52:10.437700,1.07132
2024-04-29 16:52:10.453330,3.32608
2024-04-29 16:52:10.468950,5.374165
2024-04-29 16:52:10.484580,7.018635
2024-04-29 16:52:10.500210,8.061558
2024-04-29 16:52:10.515830,8.40723
2024-04-29 16:52:10.531460,8.102997
2024-04-29 16:52:10.547080,7.318584
2024-04-29 16:52:10.562710,6.274982
2024-04-29 16:52:10.578330,5.169487
2024-04-29 16:52:10.593960,4.133118
2024-04-29 16:52:10.609590,3.222855
2024-04-29 16:52:10.625210,2.455544
2024-04-29 16:52:10.640840,1.799213
2024-04-29 16:52:10.656460,1.226696
2024-04-29 16:52:10.672090,0.7147675
2024-04-29 16:52:10.687710,0.2417259
2024-04-29 16:52:10.703340,-0.1878433
2024-04-29 16:52:10.718970,-0.5684967
2024-04-29 16:52:10.734590,-0.9028549
2024-04-29 16:52:10.750220,-1.227661
2024-04-29 16:52:10.765840,-1.591915
2024-04-29 16:52:10.781470,-2.066772
2024-04-29 16:52:10.797090,-2.706512
2024-04-29 16:52:10.812720,-3.535618
2024-04-29 16:52:10.828350,-4.563316
2024-04-29 16:52:10.843970,-5.755676
2024-04-29 16:52:10.859600,-7.052635
2024-04-29 16:52:10.875220,-8.309177
2024-04-29 16:52:10.890850,-9.347168
2024-04-29 16:52:10.906470,-9.940334
2024-04-29 16:52:10.922100,-9.893162
2024-04-29 16:52:10.937730,-9.077778
2024-04-29 16:52:10.953350,-7.498344
2024-04-29 16:52:10.968980,-5.308643
2024-04-29 16:52:10.984600,-2.778067
2024-04-29 16:52:11.000230,-0.235342
2024-04-29 16:52:11.015850,2.024914
2024-04-29 16:52:11.031480,3.804813
2024-04-29 16:52:11.047110,5.048246
2024-04-29 16:52:11.062730,5.787184
2024-04-29 16:52:11.078360,6.108315
2024-04-29 16:52:11.093980,6.07374
2024-04-29 16:52:11.109610,5.717543
2024-04-29 16:52:11.125230,5.057487
2024-04-29 16:52:11.140860,4.155243
2024-04-29 16:52:11.156490,3.140621
2024-04-29 16:52:11.172110,2.204109
2024-04-29 16:52:11.187740,1.531204
2024-04-29 16:52:11.203360,1.214916
2024-04-29 16:52:11.218990,1.207623
2024-04-29 16:52:11.234610,1.345575
2024-04-29 16:52:11.250240,1.422018
2024-04-29 16:52:11.265870,1.291941
2024-04-29 16:52:11.281490,0.8973789
2024-04-29 16:52:11.297120,0.3089981
2024-04-29 16:52:11.312740,-0.36763
2024-04-29 16:52:11.328370,-1.020369
2024-04-29 16:52:11.343990,-1.584776
2024-04-29 16:52:11.359620,-2.083086
2024-04-29 16:52:11.375250,-2.575424
2024-04-29 16:52:11.390870,-3.159882
2024-04-29 16:52:11.406500,-3.926142
2024-04-29 16:52:11.422120,-4.932028
2024-04-29 16:52:11.437750,-6.143764
2024-04-29 16:52:11.453370,-7.444639
2024-04-29 16:52:11.469000,-8.620407
2024-04-29 16:52:11.484630,-9.399242
2024-04-29 16:52:11.500250,-9.519711
2024-04-29 16:52:11.515880,-8.799583
2024-04-29 16:52:11.531500,-7.197035
2024-04-29 16:52:11.547130,-4.816307
2024-04-29 16:52:11.562750,-1.881779
2024-04-29 16:52:11.578380,1.305723
2024-04-29 16:52:11.594010,4.409704
2024-04-29 16:52:11.609630,7.11467
2024-04-29 16:52:11.625260,9.175283
2024-04-29 16:52:11.640880,10.446
2024-04-29 16:52:11.656510,10.92043
2024-04-29 16:52:11.672130,10.71442
2024-04-29 16:52:11.687760,10.03166
2024-04-29 16:52:11.703390,9.094482
2024-04-29 16:52:11.719010,8.08
2024-04-29 16:52:11.734640,7.101378
2024-04-29 16:52:11.750260,6.216071
2024-04-29 16:52:11.765890,5.463877
2024-04-29 16:52:11.781510,4.878242
2024-04-29 16:52:11.797140,4.50816
2024-04-29 16:52:11.812770,4.361634
2024-04-29 16:52:11.828390,4.395627
2024-04-29 16:52:11.844020,4.505064
2024-04-29 16:52:11.859640,4.558166
2024-04-29 16:52:11.875270,4.422282
2024-04-29 16:52:11.890890,4.022187
2024-04-29 16:52:11.906520,3.37319
2024-04-29 16:52:11.922150,2.547353
2024-04-29 16:52:11.937770,1.656859
2024-04-29 16:52:11.953400,0.799449
2024-04-29 16:52:11.969020,0.0186491
2024-04-29 16:52:11.984650,-0.684948
2024-04-29 16:52:12.000270,-1.357988
2024-04-29 16:52:12.015900,-2.052606
2024-04-29 16:52:12.031530,-2.798024
2024-04-29 16:52:12.047150,-3.630299
2024-04-29 16:52:12.062780,-4.589419
2024-04-29 16:52:12.078400,-5.691328
2024-04-29 16:52:12.094030,-6.913985
2024-04-29 16:52:12.109650,-8.114229
2024-04-29 16:52:12.125280,-9.035673
2024-04-29 16:52:12.140910,-9.361383
2024-04-29 16:52:12.156530,-8.836105
2024-04-29 16:52:12.172160,-7.387747
2024-04-29 16:52:12.187780,-5.157652
2024-04-29 16:52:12.203410,-2.480521
2024-04-29 16:52:12.219030,0.2816029
2024-04-29 16:52:12.234660,2.838783
2024-04-29 16:52:12.250290,5.02259
2024-04-29 16:52:12.265910,6.75574
2024-04-29 16:52:12.281540,7.962728
2024-04-29 16:52:12.297160,8.563007
2024-04-29 16:52:12.312790,8.498731
2024-04-29 16:52:12.328410,7.829029
2024-04-29 16:52:12.344040,6.747505
2024-04-29 16:52:12.359670,5.561902
2024-04-29 16:52:12.375290,4.541856
2024-04-29 16:52:12.390920,3.833332
2024-04-29 16:52:12.406540,3.41704
2024-04-29 16:52:12.422170,3.184085
2024-04-29 16:52:12.437790,3.033274
2024-04-29 16:52:12.453420,2.923971
2024-04-29 16:52:12.469050,2.86485
2024-04-29 16:52:12.484670,2.866877
2024-04-29 16:52:12.500300,2.87226
2024-04-29 16:52:12.515920,2.767726
2024-04-29 16:52:12.531550,2.448687
2024-04-29 16:52:12.547170,1.870513
2024-04-29 16:52:12.562800,1.07761
2024-04-29 16:52:12.578430,0.1688132
2024-04-29 16:52:12.594050,-0.759665
2024-04-29 16:52:12.609680,-1.662129
2024-04-29 16:52:12.625300,-2.533192
2024-04-29 16:52:12.640930,-3.366741
2024-04-29 16:52:12.656550,-4.148416
2024-04-29 16:52:12.672180,-4.884983
2024-04-29 16:52:12.687810,-5.617888
2024-04-29 16:52:12.703430,-6.437925
2024-04-29 16:52:12.719060,-7.427121
2024-04-29 16:52:12.734680,-8.570868
2024-04-29 16:52:12.750310,-9.727309
2024-04-29 16:52:12.765940,-10.62847
2024-04-29 16:52:12.781560,-10.9606
2024-04-29 16:52:12.797190,-10.46754
2024-04-29 16:52:12.812810,-9.05339
2024-04-29 16:52:12.828440,-6.787533
2024-04-29 16:52:12.844060,-3.894956
2024-04-29 16:52:12.859690,-0.7046404
2024-04-29 16:52:12.875320,2.403814
2024-04-29 16:52:12.890940,5.061515
2024-04-29 16:52:12.906570,6.991027
2024-04-29 16:52:12.922190,8.059647
2024-04-29 16:52:12.937820,8.313572
2024-04-29 16:52:12.953440,7.923735
2024-04-29 16:52:12.969070,7.119655
2024-04-29 16:52:12.984700,6.104596
2024-04-29 16:52:13.000320,5.013356
2024-04-29 16:52:13.015950,3.937034
2024-04-29 16:52:13.031570,2.981031
2024-04-29 16:52:13.047200,2.253017
2024-04-29 16:52:13.062820,1.839516
2024-04-29 16:52:13.078450,1.76799
2024-04-29 16:52:13.094080,1.965357
2024-04-29 16:52:13.109700,2.292998
2024-04-29 16:52:13.125330,2.606568
2024-04-29 16:52:13.140950,2.798814
2024-04-29 16:52:13.156580,2.817974
2024-04-29 16:52:13.172200,2.642848
2024-04-29 16:52:13.187830,2.24327
2024-04-29 16:52:13.203460,1.590351
2024-04-29 16:52:13.219080,0.6855366
2024-04-29 16:52:13.234710,-0.4048362
2024-04-29 16:52:13.250330,-1.540389
2024-04-29 16:52:13.265960,-2.571231
2024-04-29 16:52:13.281580,-3.398308
2024-04-29 16:52:13.297210,-4.00803
2024-04-29 16:52:13.312840,-4.47983
2024-04-29 16:52:13.328460,-4.954494
2024-04-29 16:52:13.344090,-5.567021
2024-04-29 16:52:13.359710,-6.417254
2024-04-29 16:52:13.375340,-7.542539
2024-04-29 16:52:13.390960,-8.910551
2024-04-29 16:52:13.406590,-10.38816
2024-04-29 16:52:13.422220,-11.75804
2024-04-29 16:52:13.437840,-12.74009
2024-04-29 16:52:13.453470,-13.04357
2024-04-29 16:52:13.469090,-12.45047
2024-04-29 16:52:13.484720,-10.88195
2024-04-29 16:52:13.500340,-8.413215
2024-04-29 16:52:13.515970,-5.26051
2024-04-29 16:52:13.531600,-1.733361
2024-04-29 16:52:13.547220,1.831481
2024-04-29 16:52:13.562850,5.095104
2024-04-29 16:52:13.578470,7.773643
2024-04-29 16:52:13.594100,9.689798
2024-04-29 16:52:13.609720,10.7791
2024-04-29 16:52:13.625350,11.10745
2024-04-29 16:52:13.640980,10.84905
2024-04-29 16:52:13.656600,10.22434
2024-04-29 16:52:13.672230,9.441996
2024-04-29 16:52:13.687850,8.652655
2024-04-29 16:52:13.703480,7.966897
2024-04-29 16:52:13.719100,7.464447
2024-04-29 16:52:13.734730,7.20735
2024-04-29 16:52:13.750360,7.236654
2024-04-29 16:52:13.765980,7.518779
2024-04-29 16:52:13.781610,7.916214
2024-04-29 16:52:13.797230,8.234411
2024-04-29 16:52:13.812860,8.264904
2024-04-29 16:52:13.828480,7.879769
2024-04-29 16:52:13.844110,7.110076
2024-04-29 16:52:13.859740,6.120988
2024-04-29 16:52:13.875360,5.115298
2024-04-29 16:52:13.890990,4.252398
2024-04-29 16:52:13.906610,3.577903
2024-04-29 16:52:13.922240,3.008275
2024-04-29 16:52:13.937860,2.411364
2024-04-29 16:52:13.953490,1.666056
2024-04-29 16:52:13.969120,0.7204061
2024-04-29 16:52:13.984740,-0.39995
2024-04-29 16:52:14.000370,-1.62128
2024-04-29 16:52:14.015990,-2.868175
2024-04-29 16:52:14.031620,-4.073545
2024-04-29 16:52:14.047240,-5.177666
2024-04-29 16:52:14.062870,-6.139559
2024-04-29 16:52:14.078500,-6.956822
2024-04-29 16:52:14.094120,-7.666819
2024-04-29 16:52:14.109750,-8.353061
2024-04-29 16:52:14.125370,-9.09742
2024-04-29 16:52:14.141000,-9.946869
2024-04-29 16:52:14.156620,-10.86709
2024-04-29 16:52:14.172250,-11.7057
2024-04-29 16:52:14.187880,-12.22785
2024-04-29 16:52:14.203500,-12.1731
2024-04-29 16:52:14.219130,-11.33524
2024-04-29 16:52:14.234750,-9.655669
2024-04-29 16:52:14.250380,-7.25485
2024-04-29 16:52:14.266000,-4.396642
2024-04-29 16:52:14.281630,-1.411522
2024-04-29 16:52:14.297260,1.419378
2024-04-29 16:52:14.312880,3.925312
2024-04-29 16:52:14.328510,6.047036
2024-04-29 16:52:14.344130,7.764726
2024-04-29 16:52:14.359760,9.042105
2024-04-29 16:52:14.375380,9.785154
2024-04-29 16:52:14.391010,9.893826
2024-04-29 16:52:14.406640,9.359661
2024-04-29 16:52:14.422260,8.305071
2024-04-29 16:52:14.437890,6.987004
2024-04-29 16:52:14.453510,5.705707
2024-04-29 16:52:14.469140,4.690732
2024-04-29 16:52:14.484760,4.032646
2024-04-29 16:52:14.500390,3.692109
2024-04-29 16:52:14.516020,3.564299
2024-04-29 16:52:14.531640,3.564116
2024-04-29 16:52:14.547270,3.635627
2024-04-29 16:52:14.562890,3.762153
2024-04-29 16:52:14.578520,3.92136
2024-04-29 16:52:14.594140,4.066969
2024-04-29 16:52:14.609770,4.135371
2024-04-29 16:52:14.625400,4.049271
2024-04-29 16:52:14.641020,3.760318
2024-04-29 16:52:14.656650,3.234817
2024-04-29 16:52:14.672270,2.495547
2024-04-29 16:52:14.687900,1.588371
2024-04-29 16:52:14.703520,0.5921311
2024-04-29 16:52:14.719150,-0.4122558
2024-04-29 16:52:14.734780,-1.351352
2024-04-29 16:52:14.750400,-2.180882
2024-04-29 16:52:14.766030,-2.896446
2024-04-29 16:52:14.781650,-3.517945
2024-04-29 16:52:14.797280,-4.105719
2024-04-29 16:52:14.812900,-4.748334
2024-04-29 16:52:14.828530,-5.523125
2024-04-29 16:52:14.844160,-6.506455
2024-04-29 16:52:14.859780,-7.710678
2024-04-29 16:52:14.875410,-9.052061
2024-04-29 16:52:14.891030,-10.33387
2024-04-29 16:52:14.906660,-11.25569
2024-04-29 16:52:14.922280,-11.46127
2024-04-29 16:52:14.937910,-10.66208
2024-04-29 16:52:14.953540,-8.770521
2024-04-29 16:52:14.969160,-5.960932
2024-04-29 16:52:14.984790,-2.648088
2024-04-29 16:52:15.000410,0.6221657
2024-04-29 16:52:15.016040,3.368106
2024-04-29 16:52:15.031670,5.327219
2024-04-29 16:52:15.047290,6.472789
2024-04-29 16:52:15.062920,6.957713
2024-04-29 16:52:15.078540,6.969129
2024-04-29 16:52:15.094170,6.605456
2024-04-29 16:52:15.109790,5.916713
2024-04-29 16:52:15.125420,4.942257
2024-04-29 16:52:15.141050,3.80438
2024-04-29 16:52:15.156670,2.71004
2024-04-29 16:52:15.172300,1.891638
2024-04-29 16:52:15.187920,1.475228
2024-04-29 16:52:15.203550,1.43468
2024-04-29 16:52:15.219170,1.601717
2024-04-29 16:52:15.234800,1.760031
2024-04-29 16:52:15.250430,1.785651
2024-04-29 16:52:15.266050,1.647986
2024-04-29 16:52:15.281680,1.40084
2024-04-29 16:52:15.297300,1.090425
2024-04-29 16:52:15.312930,0.7128944
2024-04-29 16:52:15.328550,0.2285528
2024-04-29 16:52:15.344180,-0.3966923
2024-04-29 16:52:15.359810,-1.168303
2024-04-29 16:52:15.375430,-2.033051
2024-04-29 16:52:15.391060,-2.917286
2024-04-29 16:52:15.406680,-3.776497
2024-04-29 16:52:15.422310,-4.594601
2024-04-29 16:52:15.437930,-5.37638
2024-04-29 16:52:15.453560,-6.128839
2024-04-29 16:52:15.469190,-6.864617
2024-04-29 16:52:15.484810,-7.585444
2024-04-29 16:52:15.500440,-8.289718
2024-04-29 16:52:15.516060,-8.997958
2024-04-29 16:52:15.531690,-9.716603
2024-04-29 16:52:15.547310,-10.45199
2024-04-29 16:52:15.562940,-11.19596
2024-04-29 16:52:15.578570,-11.90222
2024-04-29 16:52:15.594190,-12.49982
2024-04-29 16:52:15.609820,-12.84976
2024-04-29 16:52:15.625440,-12.76893
2024-04-29 16:52:15.641070,-12.0469
2024-04-29 16:52:15.656690,-10.51904
2024-04-29 16:52:15.672320,-8.141176
2024-04-29 16:52:15.687950,-5.034708
2024-04-29 16:52:15.703570,-1.484426
2024-04-29 16:52:15.719200,2.12623
2024-04-29 16:52:15.734820,5.396353
2024-04-29 16:52:15.750450,8.028984
2024-04-29 16:52:15.766070,9.860769
2024-04-29 16:52:15.781700,10.86958
2024-04-29 16:52:15.797330,11.12998
2024-04-29 16:52:15.812950,10.78813
2024-04-29 16:52:15.828580,9.989967
2024-04-29 16:52:15.844200,8.924618
2024-04-29 16:52:15.859830,7.769997
2024-04-29 16:52:15.875450,6.723207
2024-04-29 16:52:15.891080,5.963354
2024-04-29 16:52:15.906710,5.602377
2024-04-29 16:52:15.922330,5.668839
2024-04-29 16:52:15.937960,6.077246
2024-04-29 16:52:15.953580,6.673944
2024-04-29 16:52:15.969210,7.267584
2024-04-29 16:52:15.984830,7.679953
2024-04-29 16:52:16.000460,7.809105
2024-04-29 16:52:16.016090,7.609695
2024-04-29 16:52:16.031710,7.099953
2024-04-29 16:52:16.047340,6.333052
2024-04-29 16:52:16.062960,5.389505
2024-04-29 16:52:16.078590,4.337856
2024-04-29 16:52:16.094210,3.242826
2024-04-29 16:52:16.109840,2.152462
2024-04-29 16:52:16.125470,1.093063
2024-04-29 16:52:16.141090,0.093153
2024-04-29 16:52:16.156720,-0.833847
2024-04-29 16:52:16.172340,-1.665125
2024-04-29 16:52:16.187970,-2.407459
2024-04-29 16:52:16.203590,-3.073708
2024-04-29 16:52:16.219220,-3.687424
2024-04-29 16:52:16.234850,-4.281015
2024-04-29 16:52:16.250470,-4.888655
2024-04-29 16:52:16.266100,-5.54353
2024-04-29 16:52:16.281720,-6.299772
2024-04-29 16:52:16.297350,-7.199766
2024-04-29 16:52:16.312970,-8.253847
2024-04-29 16:52:16.328600,-9.399326
2024-04-29 16:52:16.344230,-10.46361
2024-04-29 16:52:16.359850,-11.18746
2024-04-29 16:52:16.375480,-11.26171
2024-04-29 16:52:16.391100,-10.44968
2024-04-29 16:52:16.406730,-8.651535
2024-04-29 16:52:16.422350,-5.959276
2024-04-29 16:52:16.437980,-2.658173
2024-04-29 16:52:16.453610,0.8530922
2024-04-29 16:52:16.469230,4.178753
2024-04-29 16:52:16.484860,7.020512
2024-04-29 16:52:16.500480,9.216099
2024-04-29 16:52:16.516110,10.75193
2024-04-29 16:52:16.531730,11.68471
2024-04-29 16:52:16.547360,12.08076
2024-04-29 16:52:16.562990,11.9976
2024-04-29 16:52:16.578610,11.47227
2024-04-29 16:52:16.594240,10.59417
2024-04-29 16:52:16.609860,9.503597
2024-04-29 16:52:16.625490,8.388638
2024-04-29 16:52:16.641110,7.407604
2024-04-29 16:52:16.656740,6.642632
2024-04-29 16:52:16.672370,6.080212
2024-04-29 16:52:16.687990,5.632904
2024-04-29 16:52:16.703620,5.22789
2024-04-29 16:52:16.719240,4.821766
2024-04-29 16:52:16.734870,4.439575
2024-04-29 16:52:16.750490,4.115627
2024-04-29 16:52:16.766120,3.855068
2024-04-29 16:52:16.781750,3.608948
2024-04-29 16:52:16.797370,3.290302
2024-04-29 16:52:16.813000,2.818607
2024-04-29 16:52:16.828620,2.170506
2024-04-29 16:52:16.844250,1.383183
2024-04-29 16:52:16.859870,0.5314407
2024-04-29 16:52:16.875500,-0.2861176
2024-04-29 16:52:16.891130,-1.042259
2024-04-29 16:52:16.906750,-1.744926
2024-04-29 16:52:16.922380,-2.443649
2024-04-29 16:52:16.938000,-3.193554
2024-04-29 16:52:16.953630,-4.022308
2024-04-29 16:52:16.969250,-4.918362
2024-04-29 16:52:16.984880,-5.804214
2024-04-29 16:52:17.000510,-6.617859
2024-04-29 16:52:17.016130,-7.285152
2024-04-29 16:52:17.031760,-7.807789
2024-04-29 16:52:17.047380,-8.254601
2024-04-29 16:52:17.063010,-8.73024
2024-04-29 16:52:17.078630,-9.333691
2024-04-29 16:52:17.094260,-10.07373
2024-04-29 16:52:17.109890,-10.81565
2024-04-29 16:52:17.125510,-11.26614
2024-04-29 16:52:17.141140,-11.06328
2024-04-29 16:52:17.156760,-9.889565
2024-04-29 16:52:17.172390,-7.620708
2024-04-29 16:52:17.188010,-4.40847
2024-04-29 16:52:17.203640,-0.6387138
2024-04-29 16:52:17.219270,3.163761
2024-04-29 16:52:17.234890,6.50515
2024-04-29 16:52:17.250520,9.063354
2024-04-29 16:52:17.266140,10.7196
2024-04-29 16:52:17.281770,11.51865
2024-04-29 16:52:17.297390,11.60826
2024-04-29 16:52:17.313020,11.14397
2024-04-29 16:52:17.328650,10.26964
2024-04-29 16:52:17.344270,9.110603
2024-04-29 16:52:17.359900,7.804138
2024-04-29 16:52:17.375520,6.498817
2024-04-29 16:52:17.391150,5.349876
2024-04-29 16:52:17.406780,4.490742
2024-04-29 16:52:17.422400,4.0033
2024-04-29 16:52:17.438030,3.901958
2024-04-29 16:52:17.453650,4.131252
2024-04-29 16:52:17.469280,4.571232
2024-04-29 16:52:17.484900,5.083961
2024-04-29 16:52:17.500530,5.542564
2024-04-29 16:52:17.516160,5.8507
2024-04-29 16:52:17.531780,5.966492
2024-04-29 16:52:17.547410,5.873558
2024-04-29 16:52:17.563030,5.560127
2024-04-29 16:52:17.578660,4.993664
2024-04-29 16:52:17.594280,4.145172
2024-04-29 16:52:17.609910,3.009346
2024-04-29 16:52:17.625540,1.662357
2024-04-29 16:52:17.641160,0.2372398
2024-04-29 16:52:17.656790,-1.127964
2024-04-29 16:52:17.672410,-2.335751
2024-04-29 16:52:17.688040,-3.376293
2024-04-29 16:52:17.703660,-4.298565
2024-04-29 16:52:17.719290,-5.15834
2024-04-29 16:52:17.734920,-5.998035
2024-04-29 16:52:17.750540,-6.795635
2024-04-29 16:52:17.766170,-7.52639
2024-04-29 16:52:17.781790,-8.2197
2024-04-29 16:52:17.797420,-8.945816
2024-04-29 16:52:17.813040,-9.777519
2024-04-29 16:52:17.828670,-10.7007
2024-04-29 16:52:17.844300,-11.56754
2024-04-29 16:52:17.859920,-12.09159
2024-04-29 16:52:17.875550,-11.95423
2024-04-29 16:52:17.891170,-10.92223
2024-04-29 16:52:17.906800,-8.953497
2024-04-29 16:52:17.922420,-6.224407
2024-04-29 16:52:17.938050,-3.074263
2024-04-29 16:52:17.953680,0.1063213
2024-04-29 16:52:17.969300,2.981918
2024-04-29 16:52:17.984930,5.337618
2024-04-29 16:52:18.000550,7.092691
2024-04-29 16:52:18.016180,8.222134
2024-04-29 16:52:18.031800,8.715122
2024-04-29 16:52:18.047430,8.546783
2024-04-29 16:52:18.063060,7.719133
2024-04-29 16:52:18.078680,6.318348
2024-04-29 16:52:18.094310,4.560225
2024-04-29 16:52:18.109930,2.764578
2024-04-29 16:52:18.125560,1.269091
2024-04-29 16:52:18.141180,0.3235512
2024-04-29 16:52:18.156810,0.003368378
2024-04-29 16:52:18.172440,0.2104244
2024-04-29 16:52:18.188060,0.7264442
2024-04-29 16:52:18.203690,1.328899
2024-04-29 16:52:18.219310,1.850105
2024-04-29 16:52:18.234940,2.212826
2024-04-29 16:52:18.250560,2.419039
2024-04-29 16:52:18.266190,2.489792
2024-04-29 16:52:18.281820,2.464598
2024-04-29 16:52:18.297440,2.362886
2024-04-29 16:52:18.313070,2.187096
2024-04-29 16:52:18.328690,1.912186
2024-04-29 16:52:18.344320,1.47069
2024-04-29 16:52:18.359940,0.7684383
2024-04-29 16:52:18.375570,-0.2502937
2024-04-29 16:52:18.391200,-1.554548
2024-04-29 16:52:18.406820,-2.979301
2024-04-29 16:52:18.422450,-4.266367
2024-04-29 16:52:18.438070,-5.186272
2024-04-29 16:52:18.453700,-5.645285
2024-04-29 16:52:18.469320,-5.757296
2024-04-29 16:52:18.484950,-5.786486
2024-04-29 16:52:18.500580,-6.023119
2024-04-29 16:52:18.516200,-6.616507
2024-04-29 16:52:18.531830,-7.505136
2024-04-29 16:52:18.547450,-8.444365
2024-04-29 16:52:18.563080,-9.124647
2024-04-29 16:52:18.578700,-9.288509
2024-04-29 16:52:18.594330,-8.795721
2024-04-29 16:52:18.609960,-7.590406
2024-04-29 16:52:18.625580,-5.678802
2024-04-29 16:52:18.641210,-3.103699
2024-04-29 16:52:18.656830,-0.004106522
2024-04-29 16:52:18.672460,3.338243
2024-04-29 16:52:18.688080,6.501225
2024-04-29 16:52:18.703710,9.032351
2024-04-29 16:52:18.719340,10.58307
2024-04-29 16:52:18.734960,11.04609
2024-04-29 16:52:18.750590,10.5906
2024-04-29 16:52:18.766210,9.535442
2024-04-29 16:52:18.781840,8.235176
2024-04-29 16:52:18.797460,6.915344
2024-04-29 16:52:18.813090,5.648148
2024-04-29 16:52:18.828720,4.42016
2024-04-29 16:52:18.844340,3.236036
2024-04-29 16:52:18.859970,2.194809
2024-04-29 16:52:18.875590,1.453854
2024-04-29 16:52:18.891220,1.151432
2024-04-29 16:52:18.906840,1.290245
2024-04-29 16:52:18.922470,1.738007
2024-04-29 16:52:18.938100,2.241039
2024-04-29 16:52:18.953720,2.568487
2024-04-29 16:52:18.969350,2.59927
2024-04-29 16:52:18.984970,2.364376
2024-04-29 16:52:19.000600,1.986904
2024-04-29 16:52:19.016220,1.594172
2024-04-29 16:52:19.031850,1.211224
2024-04-29 16:52:19.047480,0.7590675
2024-04-29 16:52:19.063100,0.1205082
2024-04-29 16:52:19.078730,-0.7607269
2024-04-29 16:52:19.094350,-1.837908
2024-04-29 16:52:19.109980,-2.976929
2024-04-29 16:52:19.125600,-4.024076
2024-04-29 16:52:19.141230,-4.90694
2024-04-29 16:52:19.156860,-5.64913
2024-04-29 16:52:19.172480,-6.347874
2024-04-29 16:52:19.188110,-7.078096
2024-04-29 16:52:19.203730,-7.803633
2024-04-29 16:52:19.219360,-8.355141
2024-04-29 16:52:19.234980,-8.504854
2024-04-29 16:52:19.250610,-8.022577
2024-04-29 16:52:19.266240,-6.791771
2024-04-29 16:52:19.281860,-4.830053
2024-04-29 16:52:19.297490,-2.303177
2024-04-29 16:52:19.313110,0.5375042
2024-04-29 16:52:19.328740,3.398998
2024-04-29 16:52:19.344360,5.999037
2024-04-29 16:52:19.359990,8.102545
2024-04-29 16:52:19.375620,9.511904
2024-04-29 16:52:19.391240,10.1333
2024-04-29 16:52:19.406870,9.963509
2024-04-29 16:52:19.422490,9.127129
2024-04-29 16:52:19.438120,7.820126
2024-04-29 16:52:19.453740,6.263657
2024-04-29 16:52:19.469370,4.655365
2024-04-29 16:52:19.485000,3.13019
2024-04-29 16:52:19.500620,1.769934
2024-04-29 16:52:19.516250,0.6359005
2024-04-29 16:52:19.531870,-0.2034626
2024-04-29 16:52:19.547500,-0.6920414
2024-04-29 16:52:19.563120,-0.8141842
2024-04-29 16:52:19.578750,-0.6131172
2024-04-29 16:52:19.594380,-0.2104759
2024-04-29 16:52:19.610000,0.2349854
2024-04-29 16:52:19.625630,0.5857639
2024-04-29 16:52:19.641250,0.7793388
2024-04-29 16:52:19.656880,0.8063087
2024-04-29 16:52:19.672500,0.7141609
2024-04-29 16:52:19.688130,0.5343475
2024-04-29 16:52:19.703760,0.2846851
2024-04-29 16:52:19.719380,-0.03225517
2024-04-29 16:52:19.735010,-0.4158936
2024-04-29 16:52:19.750630,-0.8247032
2024-04-29 16:52:19.766260,-1.233332
2024-04-29 16:52:19.781880,-1.639843
2024-04-29 16:52:19.797510,-2.10503
2024-04-29 16:52:19.813140,-2.728762
2024-04-29 16:52:19.828760,-3.564091
2024-04-29 16:52:19.844390,-4.545637
2024-04-29 16:52:19.860010,-5.434458
2024-04-29 16:52:19.875640,-5.889334
2024-04-29 16:52:19.891270,-5.564972
2024-04-29 16:52:19.906890,-4.278921
2024-04-29 16:52:19.922520,-2.098278
2024-04-29 16:52:19.938140,0.676054
2024-04-29 16:52:19.953770,3.606342
2024-04-29 16:52:19.969390,6.280321
2024-04-29 16:52:19.985020,8.431622
2024-04-29 16:52:20.000650,9.966373
2024-04-29 16:52:20.016270,10.8933
2024-04-29 16:52:20.031900,11.25139
2024-04-29 16:52:20.047520,11.04687
2024-04-29 16:52:20.063150,10.25028
2024-04-29 16:52:20.078770,8.876774
2024-04-29 16:52:20.094400,7.016562
2024-04-29 16:52:20.110030,4.870235
2024-04-29 16:52:20.125650,2.700157
2024-04-29 16:52:20.141280,0.7840023
2024-04-29 16:52:20.156900,-0.6943054
2024-04-29 16:52:20.172530,-1.645428
2024-04-29 16:52:20.188150,-2.122574
2024-04-29 16:52:20.203780,-2.271364
2024-04-29 16:52:20.219410,-2.273998
2024-04-29 16:52:20.235030,-2.312933
2024-04-29 16:52:20.250660,-2.485716
2024-04-29 16:52:20.266280,-2.802372
2024-04-29 16:52:20.281910,-3.195839
2024-04-29 16:52:20.297530,-3.560097
2024-04-29 16:52:20.313160,-3.827536
2024-04-29 16:52:20.328790,-3.978239
2024-04-29 16:52:20.344410,-4.072094
2024-04-29 16:52:20.360040,-4.193733
2024-04-29 16:52:20.375660,-4.430695
2024-04-29 16:52:20.391290,-4.837763
2024-04-29 16:52:20.406910,-5.43532
2024-04-29 16:52:20.422540,-6.201384
2024-04-29 16:52:20.438170,-7.065248
2024-04-29 16:52:20.453790,-7.898664
2024-04-29 16:52:20.469420,-8.519587
2024-04-29 16:52:20.485040,-8.723871
2024-04-29 16:52:20.500670,-8.314632
2024-04-29 16:52:20.516290,-7.192916
2024-04-29 16:52:20.531920,-5.364456
2024-04-29 16:52:20.547550,-2.945347
2024-04-29 16:52:20.563170,-0.1474161
2024-04-29 16:52:20.578800,2.790158
2024-04-29 16:52:20.594420,5.582556
2024-04-29 16:52:20.610050,7.953345
2024-04-29 16:52:20.625670,9.646672
2024-04-29 16:52:20.641300,10.50647
2024-04-29 16:52:20.656930,10.50246
2024-04-29 16:52:20.672550,9.736647
2024-04-29 16:52:20.688180,8.425445
2024-04-29 16:52:20.703800,6.832726
2024-04-29 16:52:20.719430,5.227881
2024-04-29 16:52:20.735050,3.813169
2024-04-29 16:52:20.750680,2.738658
2024-04-29 16:52:20.766310,2.065034
2024-04-29 16:52:20.781930,1.782749
2024-04-29 16:52:20.797560,1.804949
2024-04-29 16:52:20.813180,1.984689
2024-04-29 16:52:20.828810,2.189934
2024-04-29 16:52:20.844430,2.329119
2024-04-29 16:52:20.860060,2.393709
2024-04-29 16:52:20.875690,2.435591
2024-04-29 16:52:20.891310,2.527869
2024-04-29 16:52:20.906940,2.68113
2024-04-29 16:52:20.922560,2.82719
2024-04-29 16:52:20.938190,2.826054
2024-04-29 16:52:20.953810,2.546154
2024-04-29 16:52:20.969440,1.90646
2024-04-29 16:52:20.985070,0.924634
2024-04-29 16:52:21.000690,-0.3112092
2024-04-29 16:52:21.016320,-1.679298
2024-04-29 16:52:21.031940,-3.049427
2024-04-29 16:52:21.047570,-4.289521
2024-04-29 16:52:21.063190,-5.268591
2024-04-29 16:52:21.078820,-5.820106
2024-04-29 16:52:21.094450,-5.800591
2024-04-29 16:52:21.110070,-5.099133
2024-04-29 16:52:21.125700,-3.716783
2024-04-29 16:52:21.141320,-1.763322
2024-04-29 16:52:21.156950,0.5517223
2024-04-29 16:52:21.172570,2.963416
2024-04-29 16:52:21.188200,5.170857
2024-04-29 16:52:21.203830,6.882954
2024-04-29 16:52:21.219450,7.890116
2024-04-29 16:52:21.235080,8.066383
2024-04-29 16:52:21.250700,7.436572
2024-04-29 16:52:21.266330,6.14444
2024-04-29 16:52:21.281950,4.416936
2024-04-29 16:52:21.297580,2.518906
2024-04-29 16:52:21.313210,0.6748714
2024-04-29 16:52:21.328830,-0.942626
2024-04-29 16:52:21.344460,-2.212471
2024-04-29 16:52:21.360080,-3.065464
2024-04-29 16:52:21.375710,-3.504721
2024-04-29 16:52:21.391330,-3.590974
2024-04-29 16:52:21.406960,-3.462059
2024-04-29 16:52:21.422590,-3.287707
2024-04-29 16:52:21.438210,-3.185186
2024-04-29 16:52:21.453840,-3.18634
2024-04-29 16:52:21.469460,-3.23963
2024-04-29 16:52:21.485090,-3.257011
2024-04-29 16:52:21.500710,-3.204249
2024-04-29 16:52:21.516340,-3.124488
2024-04-29 16:52:21.531970,-3.103886
2024-04-29 16:52:21.547590,-3.246977
2024-04-29 16:52:21.563220,-3.623111
2024-04-29 16:52:21.578840,-4.242264
2024-04-29 16:52:21.594470,-5.067064
2024-04-29 16:52:21.610090,-6.000688
2024-04-29 16:52:21.625720,-6.881003
2024-04-29 16:52:21.641350,-7.475774
2024-04-29 16:52:21.656970,-7.535048
2024-04-29 16:52:21.672600,-6.849793
2024-04-29 16:52:21.688220,-5.360397
2024-04-29 16:52:21.703850,-3.218225
2024-04-29 16:52:21.719470,-0.7342033
2024-04-29 16:52:21.735100,1.704697
2024-04-29 16:52:21.750730,3.777309
2024-04-29 16:52:21.766350,5.310995
2024-04-29 16:52:21.781980,6.267181
2024-04-29 16:52:21.797600,6.689386
2024-04-29 16:52:21.813230,6.633591
2024-04-29 16:52:21.828850,6.139631
2024-04-29 16:52:21.844480,5.266403
2024-04-29 16:52:21.860110,4.137583
2024-04-29 16:52:21.875730,2.928955
2024-04-29 16:52:21.891360,1.829025
2024-04-29 16:52:21.906980,0.9672832
2024-04-29 16:52:21.922610,0.3691196
2024-04-29 16:52:21.938230,-0.03740501
2024-04-29 16:52:21.953860,-0.3568668
2024-04-29 16:52:21.969490,-0.6680393
2024-04-29 16:52:21.985110,-0.9638805
2024-04-29 16:52:22.000740,-1.166929
2024-04-29 16:52:22.016360,-1.199663
2024-04-29 16:52:22.031990,-1.011677
2024-04-29 16:52:22.047610,-0.6565781
2024-04-29 16:52:22.063240,-0.2468014
2024-04-29 16:52:22.078870,0.06799126
2024-04-29 16:52:22.094490,0.1797695
2024-04-29 16:52:22.110120,0.04747772
2024-04-29 16:52:22.125740,-0.3204918
2024-04-29 16:52:22.141370,-0.8902397
2024-04-29 16:52:22.157000,-1.634439
2024-04-29 16:52:22.172620,-2.541035
2024-04-29 16:52:22.188250,-3.58206
2024-04-29 16:52:22.203870,-4.637745
2024-04-29 16:52:22.219500,-5.493444
2024-04-29 16:52:22.235120,-5.865505
2024-04-29 16:52:22.250750,-5.506449
2024-04-29 16:52:22.266380,-4.323925
2024-04-29 16:52:22.282000,-2.426781
2024-04-29 16:52:22.297630,-0.08834267
2024-04-29 16:52:22.313250,2.337128
2024-04-29 16:52:22.328880,4.541834
2024-04-29 16:52:22.344500,6.311417
2024-04-29 16:52:22.360130,7.507969
2024-04-29 16:52:22.375760,8.060482
2024-04-29 16:52:22.391380,7.945297
2024-04-29 16:52:22.407010,7.199059
2024-04-29 16:52:22.422630,5.951195
2024-04-29 16:52:22.438260,4.436134
2024-04-29 16:52:22.453880,2.917217
2024-04-29 16:52:22.469510,1.653481
2024-04-29 16:52:22.485140,0.8214149
2024-04-29 16:52:22.500760,0.4579468
2024-04-29 16:52:22.516390,0.4709435
2024-04-29 16:52:22.532010,0.6817207
2024-04-29 16:52:22.547640,0.8891373
2024-04-29 16:52:22.563260,0.943325
2024-04-29 16:52:22.578890,0.7963982
2024-04-29 16:52:22.594520,0.4799232
2024-04-29 16:52:22.610140,0.1050606
2024-04-29 16:52:22.625770,-0.2567024
2024-04-29 16:52:22.641390,-0.6064682
2024-04-29 16:52:22.657020,-1.009808
2024-04-29 16:52:22.672640,-1.562355
2024-04-29 16:52:22.688270,-2.340088
2024-04-29 16:52:22.703900,-3.353981
2024-04-29 16:52:22.719520,-4.529537
2024-04-29 16:52:22.735150,-5.750359
2024-04-29 16:52:22.750770,-6.87233
2024-04-29 16:52:22.766400,-7.759178
2024-04-29 16:52:22.782020,-8.295818
2024-04-29 16:52:22.797650,-8.377831
2024-04-29 16:52:22.813280,-7.934246
2024-04-29 16:52:22.828900,-6.950821
2024-04-29 16:52:22.844530,-5.475464
2024-04-29 16:52:22.860150,-3.619938
2024-04-29 16:52:22.875780,-1.571609
2024-04-29 16:52:22.891400,0.4468575
2024-04-29 16:52:22.907030,2.189655
2024-04-29 16:52:22.922660,3.405148
2024-04-29 16:52:22.938280,3.895374
2024-04-29 16:52:22.953910,3.579201
2024-04-29 16:52:22.969530,2.540817
2024-04-29 16:52:22.985160,1.036457
2024-04-29 16:52:23.000780,-0.576416
2024-04-29 16:52:23.016410,-1.961662
2024-04-29 16:52:23.032040,-2.904419
2024-04-29 16:52:23.047660,-3.360279
2024-04-29 16:52:23.063290,-3.433357
2024-04-29 16:52:23.078910,-3.304562
2024-04-29 16:52:23.094540,-3.126995
2024-04-29 16:52:23.110160,-2.984753
2024-04-29 16:52:23.125790,-2.909584
2024-04-29 16:52:23.141420,-2.917454
2024-04-29 16:52:23.157040,-3.049042
2024-04-29 16:52:23.172670,-3.340286
2024-04-29 16:52:23.188290,-3.792164
2024-04-29 16:52:23.203920,-4.339165
2024-04-29 16:52:23.219540,-4.906796
2024-04-29 16:52:23.235170,-5.441315
2024-04-29 16:52:23.250800,-5.979565
2024-04-29 16:52:23.266420,-6.624245
2024-04-29 16:52:23.282050,-7.445026
2024-04-29 16:52:23.297670,-8.3932
2024-04-29 16:52:23.313300,-9.257439
2024-04-29 16:52:23.328920,-9.742687
2024-04-29 16:52:23.344550,-9.556641
2024-04-29 16:52:23.360180,-8.560421
2024-04-29 16:52:23.375800,-6.810078
2024-04-29 16:52:23.391430,-4.532471
2024-04-29 16:52:23.407050,-2.035625
2024-04-29 16:52:23.422680,0.3983383
2024-04-29 16:52:23.438300,2.561298
2024-04-29 16:52:23.453930,4.320004
2024-04-29 16:52:23.469560,5.572422
2024-04-29 16:52:23.485180,6.240959
2024-04-29 16:52:23.500810,6.264111
2024-04-29 16:52:23.516430,5.654678
2024-04-29 16:52:23.532060,4.537231
2024-04-29 16:52:23.547680,3.150177
2024-04-29 16:52:23.563310,1.809982
2024-04-29 16:52:23.578940,0.7828445
2024-04-29 16:52:23.594560,0.2174416
2024-04-29 16:52:23.610190,0.07924652
2024-04-29 16:52:23.625810,0.1850281
2024-04-29 16:52:23.641440,0.3001709
2024-04-29 16:52:23.657060,0.2247047
2024-04-29 16:52:23.672690,-0.1195412
2024-04-29 16:52:23.688320,-0.6692467
2024-04-29 16:52:23.703940,-1.273819
2024-04-29 16:52:23.719570,-1.801659
2024-04-29 16:52:23.735190,-2.179195
2024-04-29 16:52:23.750820,-2.418495
2024-04-29 16:52:23.766440,-2.61385
2024-04-29 16:52:23.782070,-2.879166
2024-04-29 16:52:23.797700,-3.321487
2024-04-29 16:52:23.813320,-4.001381
2024-04-29 16:52:23.828950,-4.935802
2024-04-29 16:52:23.844570,-6.023888
2024-04-29 16:52:23.860200,-7.073822
2024-04-29 16:52:23.875820,-7.800179
2024-04-29 16:52:23.891450,-7.893135
2024-04-29 16:52:23.907080,-7.135979
2024-04-29 16:52:23.922700,-5.481197
2024-04-29 16:52:23.938330,-3.114975
2024-04-29 16:52:23.953950,-0.3872261
2024-04-29 16:52:23.969580,2.291653
2024-04-29 16:52:23.985200,4.603973
2024-04-29 16:52:24.000830,6.387512
2024-04-29 16:52:24.016460,7.637741
2024-04-29 16:52:24.032080,8.443222
2024-04-29 16:52:24.047710,8.86544
2024-04-29 16:52:24.063330,8.930569
2024-04-29 16:52:24.078960,8.612209
2024-04-29 16:52:24.094580,7.905922
2024-04-29 16:52:24.110210,6.864662
2024-04-29 16:52:24.125840,5.636654
2024-04-29 16:52:24.141460,4.442234
2024-04-29 16:52:24.157090,3.500431
2024-04-29 16:52:24.172710,2.959167
2024-04-29 16:52:24.188340,2.827618
2024-04-29 16:52:24.203960,2.981842
2024-04-29 16:52:24.219590,3.210976
2024-04-29 16:52:24.235220,3.285637
2024-04-29 16:52:24.250840,3.078671
2024-04-29 16:52:24.266470,2.562653
2024-04-29 16:52:24.282090,1.811153
2024-04-29 16:52:24.297720,0.931469
2024-04-29 16:52:24.313340,0.01384354
2024-04-29 16:52:24.328970,-0.9164581
2024-04-29 16:52:24.344600,-1.845238
2024-04-29 16:52:24.360220,-2.76355
2024-04-29 16:52:24.375850,-3.648457
2024-04-29 16:52:24.391470,-4.45705
2024-04-29 16:52:24.407100,-5.197594
2024-04-29 16:52:24.422720,-5.945118
2024-04-29 16:52:24.438350,-6.815517
2024-04-29 16:52:24.453980,-7.873505
2024-04-29 16:52:24.469600,-9.073055
2024-04-29 16:52:24.485230,-10.19042
2024-04-29 16:52:24.500850,-10.88563
2024-04-29 16:52:24.516480,-10.81531
2024-04-29 16:52:24.532100,-9.771767
2024-04-29 16:52:24.547730,-7.769587
2024-04-29 16:52:24.563360,-5.046741
2024-04-29 16:52:24.578980,-1.977865
2024-04-29 16:52:24.594610,1.03536
2024-04-29 16:52:24.610230,3.654852
2024-04-29 16:52:24.625860,5.666414
2024-04-29 16:52:24.641480,6.993095
2024-04-29 16:52:24.657110,7.650377
2024-04-29 16:52:24.672740,7.748594
2024-04-29 16:52:24.688360,7.444572
2024-04-29 16:52:24.703990,6.898237
2024-04-29 16:52:24.719610,6.267685
2024-04-29 16:52:24.735240,5.659775
2024-04-29 16:52:24.750870,5.140398
2024-04-29 16:52:24.766490,4.73543
2024-04-29 16:52:24.782120,4.486984
2024-04-29 16:52:24.797740,4.39715
2024-04-29 16:52:24.813370,4.454859
2024-04-29 16:52:24.828990,4.579306
2024-04-29 16:52:24.844620,4.6558
2024-04-29 16:52:24.860250,4.575787
2024-04-29 16:52:24.875870,4.282129
2024-04-29 16:52:24.891500,3.80876
2024-04-29 16:52:24.907120,3.258589
2024-04-29 16:52:24.922750,2.740007
2024-04-29 16:52:24.938370,2.314396
2024-04-29 16:52:24.954000,1.955822
2024-04-29 16:52:24.969630,1.578783
2024-04-29 16:52:24.985250,1.118721
2024-04-29 16:52:25.000880,0.5604439
2024-04-29 16:52:25.016500,-0.03695297
2024-04-29 16:52:25.032130,-0.6008339
2024-04-29 16:52:25.047750,-1.085697
2024-04-29 16:52:25.063380,-1.492861
2024-04-29 16:52:25.079010,-1.856426
2024-04-29 16:52:25.094630,-2.215443
2024-04-29 16:52:25.110260,-2.565439
2024-04-29 16:52:25.125880,-2.888252
2024-04-29 16:52:25.141510,-3.152534
2024-04-29 16:52:25.157130,-3.369429
2024-04-29 16:52:25.172760,-3.618013
2024-04-29 16:52:25.188390,-4.033194
2024-04-29 16:52:25.204010,-4.769417
2024-04-29 16:52:25.219640,-5.911758
2024-04-29 16:52:25.235260,-7.411999
2024-04-29 16:52:25.250890,-9.035496
2024-04-29 16:52:25.266510,-10.41539
2024-04-29 16:52:25.282140,-11.13401
2024-04-29 16:52:25.297770,-10.8518
2024-04-29 16:52:25.313390,-9.438078
2024-04-29 16:52:25.329020,-7.005346
2024-04-29 16:52:25.344640,-3.857279
2024-04-29 16:52:25.360270,-0.4038391
2024-04-29 16:52:25.375890,2.964518
2024-04-29 16:52:25.391520,5.976336
2024-04-29 16:52:25.407150,8.461063
2024-04-29 16:52:25.422770,10.32758
2024-04-29 16:52:25.438400,11.55279
2024-04-29 16:52:25.454020,12.13924
2024-04-29 16:52:25.469650,12.12632
2024-04-29 16:52:25.485270,11.62951
2024-04-29 16:52:25.500900,10.80944
2024-04-29 16:52:25.516530,9.848188
2024-04-29 16:52:25.532150,8.908674
2024-04-29 16:52:25.547780,8.096657
2024-04-29 16:52:25.563400,7.432961
2024-04-29 16:52:25.579030,6.896797
2024-04-29 16:52:25.594650,6.442627
2024-04-29 16:52:25.610280,6.04944
2024-04-29 16:52:25.625910,5.725674
2024-04-29 16:52:25.641530,5.4814
2024-04-29 16:52:25.657160,5.2934
2024-04-29 16:52:25.672780,5.093189
2024-04-29 16:52:25.688410,4.778372
2024-04-29 16:52:25.704030,4.284765
2024-04-29 16:52:25.719660,3.609827
2024-04-29 16:52:25.735290,2.821682
2024-04-29 16:52:25.750910,2.017063
2024-04-29 16:52:25.766540,1.249706
2024-04-29 16:52:25.782160,0.5003223
2024-04-29 16:52:25.797790,-0.2901039
2024-04-29 16:52:25.813410,-1.176847
2024-04-29 16:52:25.829040,-2.165766
2024-04-29 16:52:25.844670,-3.176142
2024-04-29 16:52:25.860290,-4.087666
2024-04-29 16:52:25.875920,-4.800375
2024-04-29 16:52:25.891540,-5.278027
2024-04-29 16:52:25.907170,-5.559647
2024-04-29 16:52:25.922790,-5.757259
2024-04-29 16:52:25.938420,-5.99482
2024-04-29 16:52:25.954050,-6.380806
2024-04-29 16:52:25.969670,-6.986273
2024-04-29 16:52:25.985300,-7.821356
2024-04-29 16:52:26.000920,-8.852264
2024-04-29 16:52:26.016550,-9.968937
2024-04-29 16:52:26.032170,-11.02235
2024-04-29 16:52:26.047800,-11.82553
2024-04-29 16:52:26.063430,-12.19593
2024-04-29 16:52:26.079050,-11.99383
2024-04-29 16:52:26.094680,-11.16248
2024-04-29 16:52:26.110300,-9.722502
2024-04-29 16:52:26.125930,-7.767962
2024-04-29 16:52:26.141550,-5.452711
2024-04-29 16:52:26.157180,-2.94577
2024-04-29 16:52:26.172810,-0.4124146
2024-04-29 16:52:26.188430,1.992908
2024-04-29 16:52:26.204060,4.130188
2024-04-29 16:52:26.219680,5.872654
2024-04-29 16:52:26.235310,7.111185
2024-04-29 16:52:26.250930,7.788095
2024-04-29 16:52:26.266560,7.905504
2024-04-29 16:52:26.282190,7.539557
2024-04-29 16:52:26.297810,6.822367
2024-04-29 16:52:26.313440,5.914371
2024-04-29 16:52:26.329060,4.986818
2024-04-29 16:52:26.344690,4.194668
2024-04-29 16:52:26.360310,3.65777
2024-04-29 16:52:26.375940,3.42005
2024-04-29 16:52:26.391570,3.452551
2024-04-29 16:52:26.407190,3.642422
2024-04-29 16:52:26.422820,3.824284
2024-04-29 16:52:26.438440,3.850803
2024-04-29 16:52:26.454070,3.637268
2024-04-29 16:52:26.469690,3.206036
2024-04-29 16:52:26.485320,2.657864
2024-04-29 16:52:26.500950,2.129669
2024-04-29 16:52:26.516570,1.722633
2024-04-29 16:52:26.532200,1.451578
2024-04-29 16:52:26.547820,1.236362
2024-04-29 16:52:26.563450,0.9426231
2024-04-29 16:52:26.579070,0.4653301
2024-04-29 16:52:26.594700,-0.2508945
2024-04-29 16:52:26.610330,-1.178905
2024-04-29 16:52:26.625950,-2.23366
2024-04-29 16:52:26.641580,-3.306576
2024-04-29 16:52:26.657200,-4.31179
2024-04-29 16:52:26.672830,-5.204384
2024-04-29 16:52:26.688450,-5.96623
2024-04-29 16:52:26.704080,-6.612461
2024-04-29 16:52:26.719710,-7.154764
2024-04-29 16:52:26.735330,-7.615711
2024-04-29 16:52:26.750960,-8.054834
2024-04-29 16:52:26.766580,-8.557734
2024-04-29 16:52:26.782210,-9.205627
2024-04-29 16:52:26.797830,-10.02639
2024-04-29 16:52:26.813460,-10.93956
2024-04-29 16:52:26.829090,-11.72448
2024-04-29 16:52:26.844710,-12.06778
2024-04-29 16:52:26.860340,-11.64018
2024-04-29 16:52:26.875960,-10.20673
2024-04-29 16:52:26.891590,-7.74288
2024-04-29 16:52:26.907210,-4.445175
2024-04-29 16:52:26.922840,-0.7118626
2024-04-29 16:52:26.938470,2.95311
2024-04-29 16:52:26.954090,6.078962
2024-04-29 16:52:26.969720,8.357082
2024-04-29 16:52:26.985340,9.686369
2024-04-29 16:52:27.000970,10.16619
2024-04-29 16:52:27.016600,10.03131
2024-04-29 16:52:27.032220,9.525179
2024-04-29 16:52:27.047850,8.850897
2024-04-29 16:52:27.063470,8.128164
2024-04-29 16:52:27.079100,7.407467
2024-04-29 16:52:27.094720,6.725643
2024-04-29 16:52:27.110350,6.113493
2024-04-29 16:52:27.125980,5.610611
2024-04-29 16:52:27.141600,5.248848
2024-04-29 16:52:27.157230,5.040821
2024-04-29 16:52:27.172850,4.958519
2024-04-29 16:52:27.188480,4.949732
2024-04-29 16:52:27.204100,4.961054
2024-04-29 16:52:27.219730,4.90868
2024-04-29 16:52:27.235360,4.757177
2024-04-29 16:52:27.250980,4.477612
2024-04-29 16:52:27.266610,4.083869
2024-04-29 16:52:27.282230,3.625005
2024-04-29 16:52:27.297860,3.148288
2024-04-29 16:52:27.313480,2.694798
2024-04-29 16:52:27.329110,2.255176
2024-04-29 16:52:27.344740,1.792692
2024-04-29 16:52:27.360360,1.229259
2024-04-29 16:52:27.375990,0.5178642
2024-04-29 16:52:27.391610,-0.3164806
2024-04-29 16:52:27.407240,-1.207139
2024-04-29 16:52:27.422860,-2.051464
2024-04-29 16:52:27.438490,-2.772471
2024-04-29 16:52:27.454120,-3.370774
2024-04-29 16:52:27.469740,-3.919232
2024-04-29 16:52:27.485370,-4.523556
2024-04-29 16:52:27.500990,-5.277448
2024-04-29 16:52:27.516620,-6.208322
2024-04-29 16:52:27.532240,-7.302621
2024-04-29 16:52:27.547870,-8.512148
2024-04-29 16:52:27.563500,-9.815089
2024-04-29 16:52:27.579120,-11.21061
2024-04-29 16:52:27.594750,-12.64655
2024-04-29 16:52:27.610370,-13.97712
2024-04-29 16:52:27.626000,-14.91412
2024-04-29 16:52:27.641620,-15.10558
2024-04-29 16:52:27.657250,-14.23876
2024-04-29 16:52:27.672880,-12.20266
2024-04-29 16:52:27.688500,-9.166856
2024-04-29 16:52:27.704130,-5.527817
2024-04-29 16:52:27.719750,-1.804692
2024-04-29 16:52:27.735380,1.542015
2024-04-29 16:52:27.751000,4.22338
2024-04-29 16:52:27.766630,6.153558
2024-04-29 16:52:27.782260,7.409458
2024-04-29 16:52:27.797880,8.114362
2024-04-29 16:52:27.813510,8.354362
2024-04-29 16:52:27.829130,8.142559
2024-04-29 16:52:27.844760,7.47414
2024-04-29 16:52:27.860380,6.414117
2024-04-29 16:52:27.876010,5.118021
2024-04-29 16:52:27.891640,3.859959
2024-04-29 16:52:27.907260,2.908527
2024-04-29 16:52:27.922890,2.444497
2024-04-29 16:52:27.938510,2.468583
2024-04-29 16:52:27.954140,2.81746
2024-04-29 16:52:27.969760,3.236691
2024-04-29 16:52:27.985390,3.487671
2024-04-29 16:52:28.001020,3.43791
2024-04-29 16:52:28.016640,3.082444
2024-04-29 16:52:28.032270,2.510891
2024-04-29 16:52:28.047890,1.842717
2024-04-29 16:52:28.063520,1.17198
2024-04-29 16:52:28.079140,0.5436661
2024-04-29 16:52:28.094770,-0.06840348
2024-04-29 16:52:28.110400,-0.7204664
2024-04-29 16:52:28.126020,-1.484533
2024-04-29 16:52:28.141650,-2.394142
2024-04-29 16:52:28.157270,-3.435944
2024-04-29 16:52:28.172900,-4.531229
2024-04-29 16:52:28.188520,-5.574239
2024-04-29 16:52:28.204150,-6.461995
2024-04-29 16:52:28.219780,-7.148726
2024-04-29 16:52:28.235400,-7.65397
2024-04-29 16:52:28.251030,-8.047584
2024-04-29 16:52:28.266650,-8.425391
2024-04-29 16:52:28.282280,-8.871473
2024-04-29 16:52:28.297900,-9.461102
2024-04-29 16:52:28.313530,-10.23036
2024-04-29 16:52:28.329160,-11.18895
2024-04-29 16:52:28.344780,-12.27576
2024-04-29 16:52:28.360410,-13.3203
2024-04-29 16:52:28.376030,-14.04185
2024-04-29 16:52:28.391660,-14.07882
2024-04-29 16:52:28.407280,-13.10533
2024-04-29 16:52:28.422910,-10.94551
2024-04-29 16:52:28.438540,-7.685397
2024-04-29 16:52:28.454160,-3.677854
2024-04-29 16:52:28.469790,0.5621758
2024-04-29 16:52:28.485410,4.530018
2024-04-29 16:52:28.501040,7.861143
2024-04-29 16:52:28.516660,10.38826
2024-04-29 16:52:28.532290,12.10872
2024-04-29 16:52:28.547920,13.09347
2024-04-29 16:52:28.563540,13.4058
2024-04-29 16:52:28.579170,13.08956
2024-04-29 16:52:28.594790,12.24551
2024-04-29 16:52:28.610420,11.05776
2024-04-29 16:52:28.626040,9.802225
2024-04-29 16:52:28.641670,8.765762
2024-04-29 16:52:28.657300,8.144354
2024-04-29 16:52:28.672920,7.968761
2024-04-29 16:52:28.688550,8.125288
2024-04-29 16:52:28.704170,8.418518
2024-04-29 16:52:28.719800,8.651499
2024-04-29 16:52:28.735420,8.688375
2024-04-29 16:52:28.751050,8.455057
2024-04-29 16:52:28.766680,7.917616
2024-04-29 16:52:28.782300,7.097788
2024-04-29 16:52:28.797930,6.075174
2024-04-29 16:52:28.813550,4.979719
2024-04-29 16:52:28.829180,3.941685
2024-04-29 16:52:28.844800,3.062357
2024-04-29 16:52:28.860430,2.346083
2024-04-29 16:52:28.876060,1.715187
2024-04-29 16:52:28.891680,1.044254
2024-04-29 16:52:28.907310,0.213974
2024-04-29 16:52:28.922930,-0.8140316
2024-04-29 16:52:28.938560,-1.996557
2024-04-29 16:52:28.954180,-3.207661
2024-04-29 16:52:28.969810,-4.300671
2024-04-29 16:52:28.985440,-5.177568
2024-04-29 16:52:29.001060,-5.810686
2024-04-29 16:52:29.016690,-6.28232
2024-04-29 16:52:29.032310,-6.736998
2024-04-29 16:52:29.047940,-7.330992
2024-04-29 16:52:29.063560,-8.158941
2024-04-29 16:52:29.079190,-9.208824
2024-04-29 16:52:29.094820,-10.34203
2024-04-29 16:52:29.110440,-11.31979
2024-04-29 16:52:29.126070,-11.86479
2024-04-29 16:52:29.141690,-11.73123
2024-04-29 16:52:29.157320,-10.75134
2024-04-29 16:52:29.172950,-8.88335
2024-04-29 16:52:29.188570,-6.221302
2024-04-29 16:52:29.204200,-2.995026
2024-04-29 16:52:29.219820,0.4778023
2024-04-29 16:52:29.235450,3.83699
2024-04-29 16:52:29.251070,6.780869
2024-04-29 16:52:29.266700,9.100609
2024-04-29 16:52:29.282330,10.70879
2024-04-29 16:52:29.297950,11.61679
2024-04-29 16:52:29.313580,11.88597
2024-04-29 16:52:29.329200,11.59263
2024-04-29 16:52:29.344830,10.81778
2024-04-29 16:52:29.360450,9.670834
2024-04-29 16:52:29.376080,8.328644
2024-04-29 16:52:29.391710,7.028282
2024-04-29 16:52:29.407330,6.010227
2024-04-29 16:52:29.422960,5.441349
2024-04-29 16:52:29.438580,5.327888
2024-04-29 16:52:29.454210,5.533577
2024-04-29 16:52:29.469830,5.829391
2024-04-29 16:52:29.485460,6.01675
2024-04-29 16:52:29.501090,6.021378
2024-04-29 16:52:29.516710,5.899925
2024-04-29 16:52:29.532340,5.763725
2024-04-29 16:52:29.547960,5.692959
2024-04-29 16:52:29.563590,5.639519
2024-04-29 16:52:29.579210,5.457123
2024-04-29 16:52:29.594840,4.970993
2024-04-29 16:52:29.610470,4.099991
2024-04-29 16:52:29.626090,2.900425
2024-04-29 16:52:29.641720,1.546497
2024-04-29 16:52:29.657340,0.1957703
2024-04-29 16:52:29.672970,-1.072376
2024-04-29 16:52:29.688590,-2.269318
2024-04-29 16:52:29.704220,-3.449375
2024-04-29 16:52:29.719850,-4.603065
2024-04-29 16:52:29.735470,-5.642178
2024-04-29 16:52:29.751100,-6.420696
2024-04-29 16:52:29.766720,-6.861832
2024-04-29 16:52:29.782350,-7.032597
2024-04-29 16:52:29.797970,-7.170349
2024-04-29 16:52:29.813600,-7.560356
2024-04-29 16:52:29.829230,-8.363174
2024-04-29 16:52:29.844850,-9.469902
2024-04-29 16:52:29.860480,-10.51369
2024-04-29 16:52:29.876100,-11.01884
2024-04-29 16:52:29.891730,-10.58015
2024-04-29 16:52:29.907350,-9.038315
2024-04-29 16:52:29.922980,-6.517921
2024-04-29 16:52:29.938610,-3.355057
2024-04-29 16:52:29.954230,0.04444122
2024-04-29 16:52:29.969860,3.3097
2024-04-29 16:52:29.985480,6.163086
2024-04-29 16:52:30.001110,8.420361
2024-04-29 16:52:30.016730,9.957397
2024-04-29 16:52:30.032360,10.707
2024-04-29 16:52:30.047990,10.68282
2024-04-29 16:52:30.063610,9.977421
2024-04-29 16:52:30.079240,8.804813
2024-04-29 16:52:30.094860,7.407677
2024-04-29 16:52:30.110490,6.018406
2024-04-29 16:52:30.126110,4.789928
2024-04-29 16:52:30.141740,3.822247
2024-04-29 16:52:30.157370,3.160675
2024-04-29 16:52:30.172990,2.824116
2024-04-29 16:52:30.188620,2.830433
2024-04-29 16:52:30.204240,3.151497
2024-04-29 16:52:30.219870,3.71851
2024-04-29 16:52:30.235490,4.386471
2024-04-29 16:52:30.251120,4.965836
2024-04-29 16:52:30.266750,5.256298
2024-04-29 16:52:30.282370,5.139675
2024-04-29 16:52:30.298000,4.611977
2024-04-29 16:52:30.313620,3.773838
2024-04-29 16:52:30.329250,2.773266
2024-04-29 16:52:30.344870,1.74778
2024-04-29 16:52:30.360500,0.7946892
2024-04-29 16:52:30.376130,-0.07103729
2024-04-29 16:52:30.391750,-0.8737221
2024-04-29 16:52:30.407380,-1.64822
2024-04-29 16:52:30.423000,-2.404751
2024-04-29 16:52:30.438630,-3.117702
2024-04-29 16:52:30.454250,-3.748737
2024-04-29 16:52:30.469880,-4.283169
2024-04-29 16:52:30.485510,-4.750847
2024-04-29 16:52:30.501130,-5.239742
2024-04-29 16:52:30.516760,-5.874691
2024-04-29 16:52:30.532380,-6.739979
2024-04-29 16:52:30.548010,-7.818932
2024-04-29 16:52:30.563630,-8.988075
2024-04-29 16:52:30.579260,-10.01163
2024-04-29 16:52:30.594890,-10.61003
2024-04-29 16:52:30.610510,-10.54464
2024-04-29 16:52:30.626140,-9.673527
2024-04-29 16:52:30.641760,-7.987785
2024-04-29 16:52:30.657390,-5.599907
2024-04-29 16:52:30.673010,-2.685707
2024-04-29 16:52:30.688640,0.5284767
2024-04-29 16:52:30.704270,3.783859
2024-04-29 16:52:30.719890,6.817684
2024-04-29 16:52:30.735520,9.37756
2024-04-29 16:52:30.751140,11.24181
2024-04-29 16:52:30.766770,12.24887
2024-04-29 16:52:30.782390,12.32677
2024-04-29 16:52:30.798020,11.52446
2024-04-29 16:52:30.813650,10.01786
2024-04-29 16:52:30.829270,8.072105
2024-04-29 16:52:30.844900,6.026058
2024-04-29 16:52:30.860520,4.211399
2024-04-29 16:52:30.876150,2.890671
2024-04-29 16:52:30.891770,2.18293
2024-04-29 16:52:30.907400,2.048901
2024-04-29 16:52:30.923030,2.309063
2024-04-29 16:52:30.938650,2.732292
2024-04-29 16:52:30.954280,3.110508
2024-04-29 16:52:30.969900,3.338749
2024-04-29 16:52:30.985530,3.401333
2024-04-29 16:52:31.001150,3.339645
2024-04-29 16:52:31.016780,3.170235
2024-04-29 16:52:31.032410,2.873318
2024-04-29 16:52:31.048030,2.397587
2024-04-29 16:52:31.063660,1.716908
2024-04-29 16:52:31.079280,0.8701782
2024-04-29 16:52:31.094910,-0.04433823
2024-04-29 16:52:31.110530,-0.89851
2024-04-29 16:52:31.126160,-1.597408
2024-04-29 16:52:31.141790,-2.11903
2024-04-29 16:52:31.157410,-2.516861
2024-04-29 16:52:31.173040,-2.887093
2024-04-29 16:52:31.188660,-3.304031
2024-04-29 16:52:31.204290,-3.818459
2024-04-29 16:52:31.219910,-4.453674
2024-04-29 16:52:31.235540,-5.186672
2024-04-29 16:52:31.251170,-5.973129
2024-04-29 16:52:31.266790,-6.738941
2024-04-29 16:52:31.282420,-7.365696
2024-04-29 16:52:31.298040,-7.682636
2024-04-29 16:52:31.313670,-7.515404
2024-04-29 16:52:31.329290,-6.715462
2024-04-29 16:52:31.344920,-5.22514
2024-04-29 16:52:31.360550,-3.091908
2024-04-29 16:52:31.376170,-0.4735641
2024-04-29 16:52:31.391800,2.373474
2024-04-29 16:52:31.407420,5.132996
2024-04-29 16:52:31.423050,7.48394
2024-04-29 16:52:31.438670,9.163166
2024-04-29 16:52:31.454300,9.978703
2024-04-29 16:52:31.469930,9.890839
2024-04-29 16:52:31.485550,8.979599
2024-04-29 16:52:31.501180,7.466156
2024-04-29 16:52:31.516800,5.630863
2024-04-29 16:52:31.532430,3.772011
2024-04-29 16:52:31.548050,2.126015
2024-04-29 16:52:31.563680,0.8181915
2024-04-29 16:52:31.579310,-0.1287384
2024-04-29 16:52:31.594930,-0.7679901
2024-04-29 16:52:31.610560,-1.138393
2024-04-29 16:52:31.626180,-1.237698
2024-04-29 16:52:31.641810,-1.031914
2024-04-29 16:52:31.657430,-0.5136948
2024-04-29 16:52:31.673060,0.2226868
2024-04-29 16:52:31.688690,1.002422
2024-04-29 16:52:31.704310,1.604729
2024-04-29 16:52:31.719940,1.849155
2024-04-29 16:52:31.735560,1.668324
2024-04-29 16:52:31.751190,1.131878
2024-04-29 16:52:31.766810,0.3814354
2024-04-29 16:52:31.782440,-0.4292679
2024-04-29 16:52:31.798070,-1.189598
2024-04-29 16:52:31.813690,-1.863102
2024-04-29 16:52:31.829320,-2.447002
2024-04-29 16:52:31.844940,-2.963345
2024-04-29 16:52:31.860570,-3.464794
2024-04-29 16:52:31.876200,-4.014999
2024-04-29 16:52:31.891820,-4.706123
2024-04-29 16:52:31.907450,-5.633396
2024-04-29 16:52:31.923070,-6.802635
2024-04-29 16:52:31.938700,-8.096451
2024-04-29 16:52:31.954320,-9.238449
2024-04-29 16:52:31.969950,-9.859962
2024-04-29 16:52:31.985580,-9.620796
2024-04-29 16:52:32.001200,-8.317909
2024-04-29 16:52:32.016830,-5.997055
2024-04-29 16:52:32.032450,-2.945503
2024-04-29 16:52:32.048080,0.3831406
2024-04-29 16:52:32.063700,3.504078
2024-04-29 16:52:32.079330,6.022072
2024-04-29 16:52:32.094960,7.739258
2024-04-29 16:52:32.110580,8.638538
2024-04-29 16:52:32.126210,8.846596
2024-04-29 16:52:32.141830,8.521786
2024-04-29 16:52:32.157460,7.809635
2024-04-29 16:52:32.173080,6.78302
2024-04-29 16:52:32.188710,5.495178
2024-04-29 16:52:32.204340,4.003101
2024-04-29 16:52:32.219960,2.416866
2024-04-29 16:52:32.235590,0.9058151
2024-04-29 16:52:32.251210,-0.341011
2024-04-29 16:52:32.266840,-1.185352
2024-04-29 16:52:32.282460,-1.571518
2024-04-29 16:52:32.298090,-1.52467
2024-04-29 16:52:32.313720,-1.146248
2024-04-29 16:52:32.329340,-0.5515442
2024-04-29 16:52:32.344970,0.1482315
2024-04-29 16:52:32.360590,0.8532944
2024-04-29 16:52:32.376220,1.461487
2024-04-29 16:52:32.391840,1.860279
2024-04-29 16:52:32.407470,1.946354
2024-04-29 16:52:32.423100,1.681427
2024-04-29 16:52:32.438720,1.099377
2024-04-29 16:52:32.454350,0.3082161
2024-04-29 16:52:32.469970,-0.545639
2024-04-29 16:52:32.485600,-1.361938
2024-04-29 16:52:32.501220,-2.112114
2024-04-29 16:52:32.516850,-2.837368
2024-04-29 16:52:32.532480,-3.598087
2024-04-29 16:52:32.548100,-4.398766
2024-04-29 16:52:32.563730,-5.152164
2024-04-29 16:52:32.579350,-5.68626
2024-04-29 16:52:32.594980,-5.793262
2024-04-29 16:52:32.610600,-5.282169
2024-04-29 16:52:32.626230,-4.044441
2024-04-29 16:52:32.641860,-2.110931
2024-04-29 16:52:32.657480,0.361351
2024-04-29 16:52:32.673110,3.086182
2024-04-29 16:52:32.688730,5.734108
2024-04-29 16:52:32.704360,7.988094
2024-04-29 16:52:32.719980,9.615177
2024-04-29 16:52:32.735610,10.49861
2024-04-29 16:52:32.751240,10.64717
2024-04-29 16:52:32.766860,10.14689
2024-04-29 16:52:32.782490,9.125076
2024-04-29 16:52:32.798110,7.719051
2024-04-29 16:52:32.813740,6.075073
2024-04-29 16:52:32.829360,4.362045
2024-04-29 16:52:32.844990,2.770046
2024-04-29 16:52:32.860620,1.497936
2024-04-29 16:52:32.876240,0.6962967
2024-04-29 16:52:32.891870,0.4417191
2024-04-29 16:52:32.907490,0.6854839
2024-04-29 16:52:32.923120,1.310059
2024-04-29 16:52:32.938740,2.139437
2024-04-29 16:52:32.954370,2.994068
2024-04-29 16:52:32.970000,3.737722
2024-04-29 16:52:32.985620,4.289661
2024-04-29 16:52:33.001250,4.600948
2024-04-29 16:52:33.016870,4.674557
2024-04-29 16:52:33.032500,4.525553
2024-04-29 16:52:33.048120,4.17382
2024-04-29 16:52:33.063750,3.637678
2024-04-29 16:52:33.079380,2.925762
2024-04-29 16:52:33.095000,2.039339
2024-04-29 16:52:33.110630,0.9974251
2024-04-29 16:52:33.126250,-0.1518898
2024-04-29 16:52:33.141880,-1.336496
2024-04-29 16:52:33.157500,-2.448776
2024-04-29 16:52:33.173130,-3.394972
2024-04-29 16:52:33.188760,-4.092018
2024-04-29 16:52:33.204380,-4.469734
2024-04-29 16:52:33.220010,-4.470943
2024-04-29 16:52:33.235630,-4.050333
2024-04-29 16:52:33.251260,-3.211281
2024-04-29 16:52:33.266880,-2.015867
2024-04-29 16:52:33.282510,-0.6139011
2024-04-29 16:52:33.298140,0.7912788
2024-04-29 16:52:33.313760,1.983534
2024-04-29 16:52:33.329390,2.787451
2024-04-29 16:52:33.345010,3.100349
2024-04-29 16:52:33.360640,2.887737
2024-04-29 16:52:33.376260,2.153154
2024-04-29 16:52:33.391890,0.9423199
2024-04-29 16:52:33.407520,-0.6405392
2024-04-29 16:52:33.423140,-2.414055
2024-04-29 16:52:33.438770,-4.140798
2024-04-29 16:52:33.454390,-5.583302
2024-04-29 16:52:33.470020,-6.583785
2024-04-29 16:52:33.485640,-7.114162
2024-04-29 16:52:33.501270,-7.282713
2024-04-29 16:52:33.516900,-7.271311
2024-04-29 16:52:33.532520,-7.244631
2024-04-29 16:52:33.548150,-7.295751
2024-04-29 16:52:33.563770,-7.419787
2024-04-29 16:52:33.579400,-7.559545
2024-04-29 16:52:33.595020,-7.636146
2024-04-29 16:52:33.610650,-7.622169
2024-04-29 16:52:33.626280,-7.533781
2024-04-29 16:52:33.641900,-7.464165
2024-04-29 16:52:33.657530,-7.531061
2024-04-29 16:52:33.673150,-7.840719
2024-04-29 16:52:33.688780,-8.440646
2024-04-29 16:52:33.704400,-9.272326
2024-04-29 16:52:33.720030,-10.16407
2024-04-29 16:52:33.735660,-10.85773
2024-04-29 16:52:33.751280,-11.09387
2024-04-29 16:52:33.766910,-10.67043
2024-04-29 16:52:33.782530,-9.502416
2024-04-29 16:52:33.798160,-7.635751
2024-04-29 16:52:33.813780,-5.221275
2024-04-29 16:52:33.829410,-2.493461
2024-04-29 16:52:33.845040,0.2840347
2024-04-29 16:52:33.860660,2.839934
2024-04-29 16:52:33.876290,4.936282
2024-04-29 16:52:33.891910,6.401868
2024-04-29 16:52:33.907540,7.190902
2024-04-29 16:52:33.923160,7.356189
2024-04-29 16:52:33.938790,7.028015
2024-04-29 16:52:33.954420,6.359631
2024-04-29 16:52:33.970040,5.477551
2024-04-29 16:52:33.985670,4.485275
2024-04-29 16:52:34.001290,3.457688
2024-04-29 16:52:34.016920,2.476326
2024-04-29 16:52:34.032550,1.613779
2024-04-29 16:52:34.048170,0.9248896
2024-04-29 16:52:34.063800,0.4340487
2024-04-29 16:52:34.079420,0.1331854
2024-04-29 16:52:34.095050,0.004663467
2024-04-29 16:52:34.110670,0.03527451
2024-04-29 16:52:34.126300,0.2260199
2024-04-29 16:52:34.141930,0.5545082
2024-04-29 16:52:34.157550,0.9518948
2024-04-29 16:52:34.173180,1.273093
2024-04-29 16:52:34.188800,1.320509
2024-04-29 16:52:34.204430,0.9194002
2024-04-29 16:52:34.220050,-0.02231598
2024-04-29 16:52:34.235680,-1.452056
2024-04-29 16:52:34.251310,-3.177112
2024-04-29 16:52:34.266930,-4.911214
2024-04-29 16:52:34.282560,-6.318546
2024-04-29 16:52:34.298180,-7.112691
2024-04-29 16:52:34.313810,-7.119697
2024-04-29 16:52:34.329430,-6.29148
2024-04-29 16:52:34.345060,-4.723132
2024-04-29 16:52:34.360690,-2.605651
2024-04-29 16:52:34.376310,-0.1704206
2024-04-29 16:52:34.391940,2.329474
2024-04-29 16:52:34.407560,4.664624
2024-04-29 16:52:34.423190,6.649517
2024-04-29 16:52:34.438810,8.133821
2024-04-29 16:52:34.454440,8.991292
2024-04-29 16:52:34.470070,9.159002
2024-04-29 16:52:34.485690,8.632468
2024-04-29 16:52:34.501320,7.492862
2024-04-29 16:52:34.516940,5.902389
2024-04-29 16:52:34.532570,4.076637
2024-04-29 16:52:34.548190,2.26125
2024-04-29 16:52:34.563820,0.6465721
2024-04-29 16:52:34.579450,-0.6251822
2024-04-29 16:52:34.595070,-1.503728
2024-04-29 16:52:34.610700,-1.988715
2024-04-29 16:52:34.626320,-2.129136
2024-04-29 16:52:34.641950,-2.012427
2024-04-29 16:52:34.657570,-1.726826
2024-04-29 16:52:34.673200,-1.377754
2024-04-29 16:52:34.688830,-1.06958
2024-04-29 16:52:34.704450,-0.8939533
2024-04-29 16:52:34.720080,-0.9210386
2024-04-29 16:52:34.735700,-1.199858
2024-04-29 16:52:34.751330,-1.749172
2024-04-29 16:52:34.766950,-2.575572
2024-04-29 16:52:34.782580,-3.620718
2024-04-29 16:52:34.798210,-4.764144
2024-04-29 16:52:34.813830,-5.818502
2024-04-29 16:52:34.829460,-6.538552
2024-04-29 16:52:34.845080,-6.699654
2024-04-29 16:52:34.860710,-6.153867
2024-04-29 16:52:34.876330,-4.875739
2024-04-29 16:52:34.891960,-2.989634
2024-04-29 16:52:34.907590,-0.7247696
2024-04-29 16:52:34.923210,1.647409
2024-04-29 16:52:34.938840,3.888678
2024-04-29 16:52:34.954460,5.817011
2024-04-29 16:52:34.970090,7.307546
2024-04-29 16:52:34.985710,8.273555
2024-04-29 16:52:35.001340,8.66794
2024-04-29 16:52:35.016970,8.479379
2024-04-29 16:52:35.032590,7.757788
2024-04-29 16:52:35.048220,6.626272
2024-04-29 16:52:35.063840,5.238461
2024-04-29 16:52:35.079470,3.759966
2024-04-29 16:52:35.095090,2.3419
2024-04-29 16:52:35.110720,1.121222
2024-04-29 16:52:35.126350,0.2030296
2024-04-29 16:52:35.141970,-0.3688641
2024-04-29 16:52:35.157600,-0.5962334
2024-04-29 16:52:35.173220,-0.5548592
2024-04-29 16:52:35.188850,-0.3592138
2024-04-29 16:52:35.204470,-0.1276283
2024-04-29 16:52:35.220100,0.06777668
2024-04-29 16:52:35.235730,0.2035675
2024-04-29 16:52:35.251350,0.2958651
2024-04-29 16:52:35.266980,0.324894
2024-04-29 16:52:35.282600,0.2279892
2024-04-29 16:52:35.298230,-0.1077394
2024-04-29 16:52:35.313850,-0.7895603
2024-04-29 16:52:35.329480,-1.839319
2024-04-29 16:52:35.345110,-3.15722
2024-04-29 16:52:35.360730,-4.520993
2024-04-29 16:52:35.376360,-5.612913
2024-04-29 16:52:35.391980,-6.125162
2024-04-29 16:52:35.407610,-5.799244
2024-04-29 16:52:35.423230,-4.527377
2024-04-29 16:52:35.438860,-2.391947
2024-04-29 16:52:35.454490,0.3267546
2024-04-29 16:52:35.470110,3.237072
2024-04-29 16:52:35.485740,5.928896
2024-04-29 16:52:35.501360,8.078114
2024-04-29 16:52:35.516990,9.539069
2024-04-29 16:52:35.532610,10.28835
2024-04-29 16:52:35.548240,10.38843
2024-04-29 16:52:35.563870,9.918835
2024-04-29 16:52:35.579490,8.960921
2024-04-29 16:52:35.595120,7.635563
2024-04-29 16:52:35.610740,6.146451
2024-04-29 16:52:35.626370,4.752819
2024-04-29 16:52:35.641990,3.684311
2024-04-29 16:52:35.657620,3.06491
2024-04-29 16:52:35.673250,2.85525
2024-04-29 16:52:35.688870,2.871613
2024-04-29 16:52:35.704500,2.886778
2024-04-29 16:52:35.720120,2.728898
2024-04-29 16:52:35.735750,2.338253
2024-04-29 16:52:35.751370,1.780526
2024-04-29 16:52:35.767000,1.163221
2024-04-29 16:52:35.782630,0.6050844
2024-04-29 16:52:35.798250,0.1755404
2024-04-29 16:52:35.813880,-0.1126018
2024-04-29 16:52:35.829500,-0.3186746
2024-04-29 16:52:35.845130,-0.5362077
2024-04-29 16:52:35.860750,-0.9005356
2024-04-29 16:52:35.876380,-1.537052
2024-04-29 16:52:35.892010,-2.509824
2024-04-29 16:52:35.907630,-3.730045
2024-04-29 16:52:35.923260,-4.964448
2024-04-29 16:52:35.938880,-5.891374
2024-04-29 16:52:35.954510,-6.188145
2024-04-29 16:52:35.970130,-5.652427
2024-04-29 16:52:35.985760,-4.265122
2024-04-29 16:52:36.001390,-2.212573
2024-04-29 16:52:36.017010,0.1784045
2024-04-29 16:52:36.032640,2.52255
2024-04-29 16:52:36.048260,4.491464
2024-04-29 16:52:36.063890,5.872862
2024-04-29 16:52:36.079510,6.603046
2024-04-29 16:52:36.095140,6.737656
2024-04-29 16:52:36.110770,6.405705
2024-04-29 16:52:36.126390,5.758643
2024-04-29 16:52:36.142020,4.907987
2024-04-29 16:52:36.157640,3.922715
2024-04-29 16:52:36.173270,2.870952
2024-04-29 16:52:36.188890,1.843128
2024-04-29 16:52:36.204520,0.9698672
2024-04-29 16:52:36.220150,0.3925633
2024-04-29 16:52:36.235770,0.1781006
2024-04-29 16:52:36.251400,0.2802405
2024-04-29 16:52:36.267020,0.5263824
2024-04-29 16:52:36.282650,0.6831765
2024-04-29 16:52:36.298270,0.5779858
2024-04-29 16:52:36.313900,0.1887312
2024-04-29 16:52:36.329530,-0.377831
2024-04-29 16:52:36.345150,-0.9294624
2024-04-29 16:52:36.360780,-1.324748
2024-04-29 16:52:36.376400,-1.526203
2024-04-29 16:52:36.392030,-1.642703
2024-04-29 16:52:36.407660,-1.829716
2024-04-29 16:52:36.423280,-2.227163
2024-04-29 16:52:36.438910,-2.881094
2024-04-29 16:52:36.454530,-3.736672
2024-04-29 16:52:36.470160,-4.689216
2024-04-29 16:52:36.485780,-5.634383
2024-04-29 16:52:36.501410,-6.470665
2024-04-29 16:52:36.517040,-7.07759
2024-04-29 16:52:36.532660,-7.321389
2024-04-29 16:52:36.548290,-7.031784
2024-04-29 16:52:36.563910,-6.076104
2024-04-29 16:52:36.579540,-4.426212
2024-04-29 16:52:36.595160,-2.197874
2024-04-29 16:52:36.610790,0.3338165
2024-04-29 16:52:36.626420,2.815844
2024-04-29 16:52:36.642040,4.897717
2024-04-29 16:52:36.657670,6.345688
2024-04-29 16:52:36.673290,7.060581
2024-04-29 16:52:36.688920,7.11441
2024-04-29 16:52:36.704540,6.653887
2024-04-29 16:52:36.720170,5.860109
2024-04-29 16:52:36.735800,4.904064
2024-04-29 16:52:36.751420,3.926607
2024-04-29 16:52:36.767050,3.08445
2024-04-29 16:52:36.782670,2.493959
2024-04-29 16:52:36.798300,2.241928
2024-04-29 16:52:36.813920,2.322943
2024-04-29 16:52:36.829550,2.639692
2024-04-29 16:52:36.845180,3.007175
2024-04-29 16:52:36.860800,3.224295
2024-04-29 16:52:36.876430,3.149851
2024-04-29 16:52:36.892050,2.745192
2024-04-29 16:52:36.907680,2.074547
2024-04-29 16:52:36.923300,1.240908
2024-04-29 16:52:36.938930,0.3505363
2024-04-29 16:52:36.954560,-0.5340691
2024-04-29 16:52:36.970180,-1.39716
2024-04-29 16:52:36.985810,-2.250553
2024-04-29 16:52:37.001430,-3.116913
2024-04-29 16:52:37.017060,-4.002113
2024-04-29 16:52:37.032680,-4.917421
2024-04-29 16:52:37.048310,-5.873459
2024-04-29 16:52:37.063940,-6.870773
2024-04-29 16:52:37.079560,-7.874706
2024-04-29 16:52:37.095190,-8.799503
2024-04-29 16:52:37.110810,-9.508636
2024-04-29 16:52:37.126440,-9.816837
2024-04-29 16:52:37.142060,-9.555992
2024-04-29 16:52:37.157690,-8.61842
2024-04-29 16:52:37.173320,-7.014435
2024-04-29 16:52:37.188940,-4.889191
2024-04-29 16:52:37.204570,-2.497017
2024-04-29 16:52:37.220190,-0.1402245
2024-04-29 16:52:37.235820,1.91312
2024-04-29 16:52:37.251440,3.468479
2024-04-29 16:52:37.267070,4.466244
2024-04-29 16:52:37.282700,4.944424
2024-04-29 16:52:37.298320,4.981144
2024-04-29 16:52:37.313950,4.674393
2024-04-29 16:52:37.329570,4.113045
2024-04-29 16:52:37.345200,3.376991
2024-04-29 16:52:37.360820,2.578789
2024-04-29 16:52:37.376450,1.837887
2024-04-29 16:52:37.392080,1.258949
2024-04-29 16:52:37.407700,0.9073792
2024-04-29 16:52:37.423330,0.7833786
2024-04-29 16:52:37.438950,0.8024178
2024-04-29 16:52:37.454580,0.8470001
2024-04-29 16:52:37.470200,0.8268547
2024-04-29 16:52:37.485830,0.6861763
2024-04-29 16:52:37.501460,0.4129143
2024-04-29 16:52:37.517080,0.02352142
2024-04-29 16:52:37.532710,-0.478878
2024-04-29 16:52:37.548330,-1.08477
2024-04-29 16:52:37.563960,-1.778263
2024-04-29 16:52:37.579580,-2.52792
2024-04-29 16:52:37.595210,-3.266068
2024-04-29 16:52:37.610840,-3.928909
2024-04-29 16:52:37.626460,-4.47295
2024-04-29 16:52:37.642090,-4.893646
2024-04-29 16:52:37.657710,-5.242931
2024-04-29 16:52:37.673340,-5.595177
2024-04-29 16:52:37.688960,-6.025715
2024-04-29 16:52:37.704590,-6.579994
2024-04-29 16:52:37.720220,-7.242561
2024-04-29 16:52:37.735840,-7.902103
2024-04-29 16:52:37.751470,-8.373943
2024-04-29 16:52:37.767090,-8.444511
2024-04-29 16:52:37.782720,-7.927094
2024-04-29 16:52:37.798340,-6.731514
2024-04-29 16:52:37.813970,-4.92606
2024-04-29 16:52:37.829600,-2.698139
2024-04-29 16:52:37.845220,-0.3310318
2024-04-29 16:52:37.860850,1.867256
2024-04-29 16:52:37.876470,3.658455
2024-04-29 16:52:37.892100,4.902046
2024-04-29 16:52:37.907720,5.541519
2024-04-29 16:52:37.923350,5.634457
2024-04-29 16:52:37.938980,5.300255
2024-04-29 16:52:37.954600,4.681
2024-04-29 16:52:37.970230,3.930828
2024-04-29 16:52:37.985850,3.165161
2024-04-29 16:52:38.001480,2.42268
2024-04-29 16:52:38.017100,1.721691
2024-04-29 16:52:38.032730,1.083935
2024-04-29 16:52:38.048360,0.5494003
2024-04-29 16:52:38.063980,0.2012939
2024-04-29 16:52:38.079610,0.09798431
2024-04-29 16:52:38.095230,0.2073059
2024-04-29 16:52:38.110860,0.4031487
2024-04-29 16:52:38.126480,0.5092392
2024-04-29 16:52:38.142110,0.3667564
2024-04-29 16:52:38.157740,-0.08281326
2024-04-29 16:52:38.173360,-0.7701645
2024-04-29 16:52:38.188990,-1.57291
2024-04-29 16:52:38.204610,-2.359516
2024-04-29 16:52:38.220240,-3.06451
2024-04-29 16:52:38.235860,-3.691578
2024-04-29 16:52:38.251490,-4.256382
2024-04-29 16:52:38.267120,-4.790226
2024-04-29 16:52:38.282740,-5.330284
2024-04-29 16:52:38.298370,-5.926609
2024-04-29 16:52:38.313990,-6.63475
2024-04-29 16:52:38.329620,-7.50771
2024-04-29 16:52:38.345240,-8.504333
2024-04-29 16:52:38.360870,-9.488983
2024-04-29 16:52:38.376500,-10.26242
2024-04-29 16:52:38.392120,-10.59665
2024-04-29 16:52:38.407750,-10.33449
2024-04-29 16:52:38.423370,-9.398674
2024-04-29 16:52:38.439000,-7.809788
2024-04-29 16:52:38.454620,-5.663303
2024-04-29 16:52:38.470250,-3.136757
2024-04-29 16:52:38.485880,-0.4622765
2024-04-29 16:52:38.501500,2.085049
2024-04-29 16:52:38.517130,4.219681
2024-04-29 16:52:38.532750,5.738804
2024-04-29 16:52:38.548380,6.542816
2024-04-29 16:52:38.564000,6.672165
2024-04-29 16:52:38.579630,6.27393
2024-04-29 16:52:38.595260,5.541683
2024-04-29 16:52:38.610880,4.652302
2024-04-29 16:52:38.626510,3.760166
2024-04-29 16:52:38.642130,2.985825
2024-04-29 16:52:38.657760,2.403084
2024-04-29 16:52:38.673380,2.066032
2024-04-29 16:52:38.689010,1.966675
2024-04-29 16:52:38.704640,2.050362
2024-04-29 16:52:38.720260,2.183407
2024-04-29 16:52:38.735890,2.222237
2024-04-29 16:52:38.751510,2.07061
2024-04-29 16:52:38.767140,1.722237
2024-04-29 16:52:38.782760,1.262608
2024-04-29 16:52:38.798390,0.7943306
2024-04-29 16:52:38.814020,0.3743668
2024-04-29 16:52:38.829640,-0.02248383
2024-04-29 16:52:38.845270,-0.5045624
2024-04-29 16:52:38.860890,-1.162758
2024-04-29 16:52:38.876520,-2.02766
2024-04-29 16:52:38.892150,-3.031765
2024-04-29 16:52:38.907770,-4.026207
2024-04-29 16:52:38.923400,-4.882729
2024-04-29 16:52:38.939020,-5.540985
2024-04-29 16:52:38.954650,-6.018959
2024-04-29 16:52:38.970270,-6.412617
2024-04-29 16:52:38.985900,-6.850693
2024-04-29 16:52:39.001530,-7.429264
2024-04-29 16:52:39.017150,-8.199474
2024-04-29 16:52:39.032780,-9.141811
2024-04-29 16:52:39.048400,-10.14393
2024-04-29 16:52:39.064030,-11.00667
2024-04-29 16:52:39.079650,-11.48069
2024-04-29 16:52:39.095280,-11.32094
2024-04-29 16:52:39.110910,-10.36796
2024-04-29 16:52:39.126530,-8.612637
2024-04-29 16:52:39.142160,-6.166103
2024-04-29 16:52:39.157780,-3.260368
2024-04-29 16:52:39.173410,-0.1971092
2024-04-29 16:52:39.189030,2.720585
2024-04-29 16:52:39.204660,5.222744
2024-04-29 16:52:39.220290,7.115162
2024-04-29 16:52:39.235910,8.290066
2024-04-29 16:52:39.251540,8.743774
2024-04-29 16:52:39.267160,8.582108
2024-04-29 16:52:39.282790,7.997025
2024-04-29 16:52:39.298410,7.201286
2024-04-29 16:52:39.314040,6.382809
2024-04-29 16:52:39.329670,5.676167
2024-04-29 16:52:39.345290,5.128448
2024-04-29 16:52:39.360920,4.7393
2024-04-29 16:52:39.376540,4.478649
2024-04-29 16:52:39.392170,4.312202
2024-04-29 16:52:39.407790,4.23098
2024-04-29 16:52:39.423420,4.231689
2024-04-29 16:52:39.439050,4.307888
2024-04-29 16:52:39.454670,4.440468
2024-04-29 16:52:39.470300,4.618343
2024-04-29 16:52:39.485920,4.832447
2024-04-29 16:52:39.501550,5.093418
2024-04-29 16:52:39.517170,5.4049
2024-04-29 16:52:39.532800,5.711857
2024-04-29 16:52:39.548430,5.889294
2024-04-29 16:52:39.564050,5.789841
2024-04-29 16:52:39.579680,5.294281
2024-04-29 16:52:39.595300,4.406693
2024-04-29 16:52:39.610930,3.259956
2024-04-29 16:52:39.626550,2.031425
2024-04-29 16:52:39.642180,0.8670082
2024-04-29 16:52:39.657810,-0.1983185
2024-04-29 16:52:39.673430,-1.263596
2024-04-29 16:52:39.689060,-2.458006
2024-04-29 16:52:39.704680,-3.835709
2024-04-29 16:52:39.720310,-5.326719
2024-04-29 16:52:39.735930,-6.743362
2024-04-29 16:52:39.751560,-7.898018
2024-04-29 16:52:39.767190,-8.716249
2024-04-29 16:52:39.782810,-9.270132
2024-04-29 16:52:39.798440,-9.76367
2024-04-29 16:52:39.814060,-10.41071
2024-04-29 16:52:39.829690,-11.3125
2024-04-29 16:52:39.845310,-12.37679
2024-04-29 16:52:39.860940,-13.33965
2024-04-29 16:52:39.876570,-13.85329
2024-04-29 16:52:39.892190,-13.60015
2024-04-29 16:52:39.907820,-12.41771
2024-04-29 16:52:39.923440,-10.33312
2024-04-29 16:52:39.939070,-7.534002
2024-04-29 16:52:39.954690,-4.311749
2024-04-29 16:52:39.970320,-0.9521999
2024-04-29 16:52:39.985950,2.309366
2024-04-29 16:52:40.001570,5.277687
2024-04-29 16:52:40.017200,7.777546
2024-04-29 16:52:40.032820,9.649977
2024-04-29 16:52:40.048450,10.75231
2024-04-29 16:52:40.064070,11.06175
2024-04-29 16:52:40.079700,10.68956
2024-04-29 16:52:40.095330,9.901714
2024-04-29 16:52:40.110950,9.030142
2024-04-29 16:52:40.126580,8.366699
2024-04-29 16:52:40.142200,8.051821
2024-04-29 16:52:40.157830,8.068176
2024-04-29 16:52:40.173450,8.269434
2024-04-29 16:52:40.189080,8.491262
2024-04-29 16:52:40.204710,8.619465
2024-04-29 16:52:40.220330,8.608181
2024-04-29 16:52:40.235960,8.466373
2024-04-29 16:52:40.251580,8.182646
2024-04-29 16:52:40.267210,7.743353
2024-04-29 16:52:40.282830,7.120796
2024-04-29 16:52:40.298460,6.325085
2024-04-29 16:52:40.314090,5.409906
2024-04-29 16:52:40.329710,4.463449
2024-04-29 16:52:40.345340,3.564756
2024-04-29 16:52:40.360960,2.755714
2024-04-29 16:52:40.376590,2.042868
2024-04-29 16:52:40.392210,1.375427
2024-04-29 16:52:40.407840,0.70014
2024-04-29 16:52:40.423470,-0.02807617
2024-04-29 16:52:40.439090,-0.8233681
2024-04-29 16:52:40.454720,-1.670248
2024-04-29 16:52:40.470340,-2.548067
2024-04-29 16:52:40.485970,-3.417438
2024-04-29 16:52:40.501590,-4.254034
2024-04-29 16:52:40.517220,-5.01809
2024-04-29 16:52:40.532850,-5.692649
2024-04-29 16:52:40.548470,-6.281682
2024-04-29 16:52:40.564100,-6.826923
2024-04-29 16:52:40.579720,-7.422071
2024-04-29 16:52:40.595350,-8.175314
2024-04-29 16:52:40.610970,-9.171252
2024-04-29 16:52:40.626600,-10.38794
2024-04-29 16:52:40.642230,-11.6863
2024-04-29 16:52:40.657850,-12.80518
2024-04-29 16:52:40.673480,-13.4559
2024-04-29 16:52:40.689100,-13.37537
2024-04-29 16:52:40.704730,-12.42608
2024-04-29 16:52:40.720350,-10.61333
2024-04-29 16:52:40.735980,-8.057194
2024-04-29 16:52:40.751610,-4.963134
2024-04-29 16:52:40.767230,-1.58836
2024-04-29 16:52:40.782860,1.76813
2024-04-29 16:52:40.798480,4.793611
2024-04-29 16:52:40.814110,7.193925
2024-04-29 16:52:40.829730,8.776934
2024-04-29 16:52:40.845360,9.489554
2024-04-29 16:52:40.860990,9.431189
2024-04-29 16:52:40.876610,8.831727
2024-04-29 16:52:40.892240,7.954248
2024-04-29 16:52:40.907860,7.018929
2024-04-29 16:52:40.923490,6.167204
2024-04-29 16:52:40.939110,5.461565
2024-04-29 16:52:40.954740,4.931774
2024-04-29 16:52:40.970370,4.591202
2024-04-29 16:52:40.985990,4.46046
2024-04-29 16:52:41.001620,4.535358
2024-04-29 16:52:41.017240,4.758291
2024-04-29 16:52:41.032870,5.015669
2024-04-29 16:52:41.048490,5.15002
2024-04-29 16:52:41.064120,5.043264
2024-04-29 16:52:41.079750,4.666241
2024-04-29 16:52:41.095370,4.086398
2024-04-29 16:52:41.111000,3.431353
2024-04-29 16:52:41.126620,2.816706
2024-04-29 16:52:41.142250,2.257635
2024-04-29 16:52:41.157880,1.672005
2024-04-29 16:52:41.173500,0.94485
2024-04-29 16:52:41.189130,0.004684687
2024-04-29 16:52:41.204750,-1.104336
2024-04-29 16:52:41.220380,-2.249083
2024-04-29 16:52:41.236000,-3.273174
2024-04-29 16:52:41.251630,-4.084022
2024-04-29 16:52:41.267260,-4.687011
2024-04-29 16:52:41.282880,-5.176682
2024-04-29 16:52:41.298510,-5.666111
2024-04-29 16:52:41.314130,-6.224135
2024-04-29 16:52:41.329760,-6.881903
2024-04-29 16:52:41.345380,-7.655122
2024-04-29 16:52:41.361010,-8.601975
2024-04-29 16:52:41.376640,-9.784063
2024-04-29 16:52:41.392260,-11.20933
2024-04-29 16:52:41.407890,-12.76034
2024-04-29 16:52:41.423510,-14.18186
2024-04-29 16:52:41.439140,-15.13023
2024-04-29 16:52:41.454760,-15.27936
2024-04-29 16:52:41.470390,-14.39803
2024-04-29 16:52:41.486020,-12.44401
2024-04-29 16:52:41.501640,-9.546433
2024-04-29 16:52:41.517270,-5.999501
2024-04-29 16:52:41.532890,-2.187287
2024-04-29 16:52:41.548520,1.489671
2024-04-29 16:52:41.564140,4.679172
2024-04-29 16:52:41.579770,7.152695
2024-04-29 16:52:41.595400,8.828835
2024-04-29 16:52:41.611020,9.762879
2024-04-29 16:52:41.626650,10.09459
2024-04-29 16:52:41.642270,9.988228
2024-04-29 16:52:41.657900,9.580288
2024-04-29 16:52:41.673520,8.988998
2024-04-29 16:52:41.689150,8.318857
2024-04-29 16:52:41.704780,7.683321
2024-04-29 16:52:41.720400,7.175613
2024-04-29 16:52:41.736030,6.861511
2024-04-29 16:52:41.751650,6.729421
2024-04-29 16:52:41.767280,6.728073
2024-04-29 16:52:41.782900,6.791805
2024-04-29 16:52:41.798530,6.875289
2024-04-29 16:52:41.814160,6.97387
2024-04-29 16:52:41.829780,7.087406
2024-04-29 16:52:41.845410,7.187135
2024-04-29 16:52:41.861030,7.213345
2024-04-29 16:52:41.876660,7.080896
2024-04-29 16:52:41.892280,6.720285
2024-04-29 16:52:41.907910,6.108316
2024-04-29 16:52:41.923540,5.271287
2024-04-29 16:52:41.939160,4.279877
2024-04-29 16:52:41.954790,3.197189
2024-04-29 16:52:41.970410,2.067808
2024-04-29 16:52:41.986040,0.9368877
2024-04-29 16:52:42.001660,-0.1572571
2024-04-29 16:52:42.017290,-1.1812
2024-04-29 16:52:42.032920,-2.117155
2024-04-29 16:52:42.048540,-2.969885
2024-04-29 16:52:42.064170,-3.763588
2024-04-29 16:52:42.079790,-4.514425
2024-04-29 16:52:42.095420,-5.204033
2024-04-29 16:52:42.111040,-5.806145
2024-04-29 16:52:42.126670,-6.281317
2024-04-29 16:52:42.142300,-6.669329
2024-04-29 16:52:42.157920,-7.054531
2024-04-29 16:52:42.173550,-7.56554
2024-04-29 16:52:42.189170,-8.293711
2024-04-29 16:52:42.204800,-9.250576
2024-04-29 16:52:42.220420,-10.31348
2024-04-29 16:52:42.236050,-11.23167
2024-04-29 16:52:42.251680,-11.68524
2024-04-29 16:52:42.267300,-11.35145
2024-04-29 16:52:42.282930,-10.00651
2024-04-29 16:52:42.298550,-7.611506
2024-04-29 16:52:42.314180,-4.346092
2024-04-29 16:52:42.329800,-0.5992622
2024-04-29 16:52:42.345430,3.136721
2024-04-29 16:52:42.361060,6.372465
2024-04-29 16:52:42.376680,8.767176
2024-04-29 16:52:42.392310,10.19601
2024-04-29 16:52:42.407930,10.72947
2024-04-29 16:52:42.423560,10.57092
2024-04-29 16:52:42.439180,9.970621
2024-04-29 16:52:42.454810,9.144739
2024-04-29 16:52:42.470440,8.262478
2024-04-29 16:52:42.486060,7.445368
2024-04-29 16:52:42.501690,6.776855
2024-04-29 16:52:42.517310,6.303022
2024-04-29 16:52:42.532940,6.015909
2024-04-29 16:52:42.548560,5.856592
2024-04-29 16:52:42.564190,5.74168
2024-04-29 16:52:42.579820,5.582323
2024-04-29 16:52:42.595440,5.33077
2024-04-29 16:52:42.611070,4.977055
2024-04-29 16:52:42.626690,4.565456
2024-04-29 16:52:42.642320,4.121086
2024-04-29 16:52:42.657940,3.655684
2024-04-29 16:52:42.673570,3.098232
2024-04-29 16:52:42.689200,2.359463
2024-04-29 16:52:42.704820,1.372597
2024-04-29 16:52:42.720450,0.1514797
2024-04-29 16:52:42.736070,-1.192173
2024-04-29 16:52:42.751700,-2.514568
2024-04-29 16:52:42.767320,-3.678802
2024-04-29 16:52:42.782950,-4.635429
2024-04-29 16:52:42.798580,-5.418079
2024-04-29 16:52:42.814200,-6.117603
2024-04-29 16:52:42.829830,-6.853703
2024-04-29 16:52:42.845450,-7.717808
2024-04-29 16:52:42.861080,-8.779202
2024-04-29 16:52:42.876700,-10.06843
2024-04-29 16:52:42.892330,-11.5527
2024-04-29 16:52:42.907960,-13.08987
2024-04-29 16:52:42.923580,-14.4401
2024-04-29 16:52:42.939210,-15.26575
2024-04-29 16:52:42.954830,-15.24266
2024-04-29 16:52:42.970460,-14.16508
2024-04-29 16:52:42.986080,-12.01209
2024-04-29 16:52:43.001710,-8.975063
2024-04-29 16:52:43.017340,-5.362392
2024-04-29 16:52:43.032960,-1.549675
2024-04-29 16:52:43.048590,2.117474
2024-04-29 16:52:43.064210,5.328945
2024-04-29 16:52:43.079840,7.861599
2024-04-29 16:52:43.095460,9.573318
2024-04-29 16:52:43.111090,10.44741
2024-04-29 16:52:43.126720,10.58831
2024-04-29 16:52:43.142340,10.21013
2024-04-29 16:52:43.157970,9.567612
2024-04-29 16:52:43.173590,8.871376
2024-04-29 16:52:43.189220,8.250721
2024-04-29 16:52:43.204840,7.733391
2024-04-29 16:52:43.220470,7.293324
2024-04-29 16:52:43.236100,6.896572
2024-04-29 16:52:43.251720,6.515419
2024-04-29 16:52:43.267350,6.146133
2024-04-29 16:52:43.282970,5.791279
2024-04-29 16:52:43.298600,5.459656
2024-04-29 16:52:43.314220,5.157959
2024-04-29 16:52:43.329850,4.890953
2024-04-29 16:52:43.345480,4.62756
2024-04-29 16:52:43.361100,4.325214
2024-04-29 16:52:43.376730,3.911869
2024-04-29 16:52:43.392350,3.315369
2024-04-29 16:52:43.407980,2.487385
2024-04-29 16:52:43.423600,1.417671
2024-04-29 16:52:43.439230,0.1567841
2024-04-29 16:52:43.454860,-1.203129
2024-04-29 16:52:43.470480,-2.550159
2024-04-29 16:52:43.486110,-3.772625
2024-04-29 16:52:43.501730,-4.77132
2024-04-29 16:52:43.517360,-5.509315
2024-04-29 16:52:43.532980,-6.068317
2024-04-29 16:52:43.548610,-6.60947
2024-04-29 16:52:43.564240,-7.347507
2024-04-29 16:52:43.579860,-8.405548
2024-04-29 16:52:43.595490,-9.735695
2024-04-29 16:52:43.611110,-11.04654
2024-04-29 16:52:43.626740,-11.91139
2024-04-29 16:52:43.642360,-11.90781
2024-04-29 16:52:43.657990,-10.77252
2024-04-29 16:52:43.673620,-8.495422
2024-04-29 16:52:43.689240,-5.304752
2024-04-29 16:52:43.704870,-1.575134
2024-04-29 16:52:43.720490,2.263508
2024-04-29 16:52:43.736120,5.79298
2024-04-29 16:52:43.751750,8.684155
2024-04-29 16:52:43.767370,10.69743
2024-04-29 16:52:43.783000,11.74363
2024-04-29 16:52:43.798620,11.90307
2024-04-29 16:52:43.814250,11.39702
2024-04-29 16:52:43.829870,10.5165
2024-04-29 16:52:43.845500,9.502277
2024-04-29 16:52:43.861130,8.499939
2024-04-29 16:52:43.876750,7.526424
2024-04-29 16:52:43.892380,6.573116
2024-04-29 16:52:43.908000,5.667057
2024-04-29 16:52:43.923630,4.892143
2024-04-29 16:52:43.939250,4.363529
2024-04-29 16:52:43.954880,4.125473
2024-04-29 16:52:43.970510,4.118839
2024-04-29 16:52:43.986130,4.182308
2024-04-29 16:52:44.001760,4.148022
2024-04-29 16:52:44.017380,3.937229
2024-04-29 16:52:44.033010,3.578667
2024-04-29 16:52:44.048630,3.173744
2024-04-29 16:52:44.064260,2.777813
2024-04-29 16:52:44.079890,2.368328
2024-04-29 16:52:44.095510,1.812275
2024-04-29 16:52:44.111140,0.9886894
2024-04-29 16:52:44.126760,-0.1373329
2024-04-29 16:52:44.142390,-1.461914
2024-04-29 16:52:44.158010,-2.786018
2024-04-29 16:52:44.173640,-3.905407
2024-04-29 16:52:44.189270,-4.733292
2024-04-29 16:52:44.204890,-5.361801
2024-04-29 16:52:44.220520,-5.991669
2024-04-29 16:52:44.236140,-6.83456
2024-04-29 16:52:44.251770,-7.946423
2024-04-29 16:52:44.267390,-9.187859
2024-04-29 16:52:44.283020,-10.2411
2024-04-29 16:52:44.298650,-10.71246
2024-04-29 16:52:44.314270,-10.26373
2024-04-29 16:52:44.329900,-8.74099
2024-04-29 16:52:44.345520,-6.229652
2024-04-29 16:52:44.361150,-3.00943
2024-04-29 16:52:44.376770,0.5064583
2024-04-29 16:52:44.392400,3.906113
2024-04-29 16:52:44.408030,6.853378
2024-04-29 16:52:44.423650,9.129555
2024-04-29 16:52:44.439280,10.62908
2024-04-29 16:52:44.454900,11.33278
2024-04-29 16:52:44.470530,11.27746
2024-04-29 16:52:44.486150,10.56454
2024-04-29 16:52:44.501780,9.349411
2024-04-29 16:52:44.517410,7.835674
2024-04-29 16:52:44.533030,6.258923
2024-04-29 16:52:44.548660,4.857716
2024-04-29 16:52:44.564280,3.805702
2024-04-29 16:52:44.579910,3.194824
2024-04-29 16:52:44.595530,3.021873
2024-04-29 16:52:44.611160,3.199692
2024-04-29 16:52:44.626790,3.586994
2024-04-29 16:52:44.642410,4.02174
2024-04-29 16:52:44.658040,4.358021
2024-04-29 16:52:44.673660,4.491932
2024-04-29 16:52:44.689290,4.379734
2024-04-29 16:52:44.704910,4.015186
2024-04-29 16:52:44.720540,3.427467
2024-04-29 16:52:44.736170,2.652473
2024-04-29 16:52:44.751790,1.760048
2024-04-29 16:52:44.767420,0.8303185
2024-04-29 16:52:44.783040,-0.04469681
2024-04-29 16:52:44.798670,-0.7927628
2024-04-29 16:52:44.814290,-1.396606
2024-04-29 16:52:44.829920,-1.918396
2024-04-29 16:52:44.845550,-2.489841
2024-04-29 16:52:44.861170,-3.261284
2024-04-29 16:52:44.876800,-4.333755
2024-04-29 16:52:44.892420,-5.686916
2024-04-29 16:52:44.908050,-7.168232
2024-04-29 16:52:44.923670,-8.519161
2024-04-29 16:52:44.939300,-9.429764
2024-04-29 16:52:44.954930,-9.626453
2024-04-29 16:52:44.970550,-8.944401
2024-04-29 16:52:44.986180,-7.348202
2024-04-29 16:52:45.001800,-4.971401
2024-04-29 16:52:45.017430,-2.064678
2024-04-29 16:52:45.033050,1.032757
2024-04-29 16:52:45.048680,3.975418
2024-04-29 16:52:45.064310,6.467899
2024-04-29 16:52:45.079930,8.307114
2024-04-29 16:52:45.095560,9.41613
2024-04-29 16:52:45.111180,9.805252
2024-04-29 16:52:45.126810,9.537949
2024-04-29 16:52:45.142430,8.718849
2024-04-29 16:52:45.158060,7.45639
2024-04-29 16:52:45.173690,5.886692
2024-04-29 16:52:45.189310,4.18845
2024-04-29 16:52:45.204940,2.596195
2024-04-29 16:52:45.220560,1.362972
2024-04-29 16:52:45.236190,0.6820602
2024-04-29 16:52:45.251810,0.6088715
2024-04-29 16:52:45.267440,1.009392
2024-04-29 16:52:45.283070,1.610062
2024-04-29 16:52:45.298690,2.098553
2024-04-29 16:52:45.314320,2.256821
2024-04-29 16:52:45.329940,2.05547
2024-04-29 16:52:45.345570,1.632336
2024-04-29 16:52:45.361190,1.20726
2024-04-29 16:52:45.376820,0.9178772
2024-04-29 16:52:45.392450,0.7624702
2024-04-29 16:52:45.408070,0.6059608
2024-04-29 16:52:45.423700,0.2688065
2024-04-29 16:52:45.439320,-0.3454208
2024-04-29 16:52:45.454950,-1.19561
2024-04-29 16:52:45.470570,-2.139919
2024-04-29 16:52:45.486200,-3.012726
2024-04-29 16:52:45.501830,-3.717518
2024-04-29 16:52:45.517450,-4.258945
2024-04-29 16:52:45.533080,-4.729656
2024-04-29 16:52:45.548700,-5.236393
2024-04-29 16:52:45.564330,-5.81905
2024-04-29 16:52:45.579950,-6.412609
2024-04-29 16:52:45.595580,-6.851982
2024-04-29 16:52:45.611210,-6.907887
2024-04-29 16:52:45.626830,-6.374302
2024-04-29 16:52:45.642460,-5.120232
2024-04-29 16:52:45.658080,-3.147831
2024-04-29 16:52:45.673710,-0.5878983
2024-04-29 16:52:45.689330,2.305767
2024-04-29 16:52:45.704960,5.22525
2024-04-29 16:52:45.720590,7.851254
2024-04-29 16:52:45.736210,9.933174
2024-04-29 16:52:45.751840,11.31743
2024-04-29 16:52:45.767460,11.96934
2024-04-29 16:52:45.783090,11.97103
2024-04-29 16:52:45.798710,11.47151
2024-04-29 16:52:45.814340,10.64999
2024-04-29 16:52:45.829970,9.630142
2024-04-29 16:52:45.845590,8.477901
2024-04-29 16:52:45.861220,7.222256
2024-04-29 16:52:45.876840,5.900604
2024-04-29 16:52:45.892470,4.622147
2024-04-29 16:52:45.908090,3.554264
2024-04-29 16:52:45.923720,2.866627
2024-04-29 16:52:45.939350,2.616364
2024-04-29 16:52:45.954970,2.728477
2024-04-29 16:52:45.970600,2.970716
2024-04-29 16:52:45.986220,3.044367
2024-04-29 16:52:46.001850,2.719469
2024-04-29 16:52:46.017480,1.909647
2024-04-29 16:52:46.033100,0.6970787
2024-04-29 16:52:46.048730,-0.7233543
2024-04-29 16:52:46.064350,-2.133516
2024-04-29 16:52:46.079980,-3.368942
2024-04-29 16:52:46.095600,-4.344318
2024-04-29 16:52:46.111230,-5.040924
2024-04-29 16:52:46.126860,-5.5112
2024-04-29 16:52:46.142480,-5.846521
2024-04-29 16:52:46.158110,-6.205091
2024-04-29 16:52:46.173730,-6.754875
2024-04-29 16:52:46.189360,-7.636875
2024-04-29 16:52:46.204980,-8.872845
2024-04-29 16:52:46.220610,-10.319
2024-04-29 16:52:46.236240,-11.67888
2024-04-29 16:52:46.251860,-12.58422
2024-04-29 16:52:46.267490,-12.71239
2024-04-29 16:52:46.283110,-11.89689
2024-04-29 16:52:46.298740,-10.18775
2024-04-29 16:52:46.314360,-7.826818
2024-04-29 16:52:46.329990,-5.159254
2024-04-29 16:52:46.345620,-2.545006
2024-04-29 16:52:46.361240,-0.2578564
2024-04-29 16:52:46.376870,1.540319
2024-04-29 16:52:46.392490,2.785496
2024-04-29 16:52:46.408120,3.472456
2024-04-29 16:52:46.423740,3.633299
2024-04-29 16:52:46.439370,3.315046
2024-04-29 16:52:46.455000,2.595253
2024-04-29 16:52:46.470620,1.597329
2024-04-29 16:52:46.486250,0.4901657
2024-04-29 16:52:46.501870,-0.520113
2024-04-29 16:52:46.517500,-1.25613
2024-04-29 16:52:46.533120,-1.626892
2024-04-29 16:52:46.548750,-1.656136
2024-04-29 16:52:46.564380,-1.459991
2024-04-29 16:52:46.580000,-1.219924
2024-04-29 16:52:46.595630,-1.074898
2024-04-29 16:52:46.611250,-1.092096
2024-04-29 16:52:46.626880,-1.252868
2024-04-29 16:52:46.642500,-1.466517
2024-04-29 16:52:46.658130,-1.646708
2024-04-29 16:52:46.673760,-1.711418
2024-04-29 16:52:46.689380,-1.658992
2024-04-29 16:52:46.705010,-1.531116
2024-04-29 16:52:46.720630,-1.436314
2024-04-29 16:52:46.736260,-1.49366
2024-04-29 16:52:46.751880,-1.826324
2024-04-29 16:52:46.767510,-2.500896
2024-04-29 16:52:46.783140,-3.512354
2024-04-29 16:52:46.798760,-4.765742
2024-04-29 16:52:46.814390,-6.075042
2024-04-29 16:52:46.830010,-7.206287
2024-04-29 16:52:46.845640,-7.931845
2024-04-29 16:52:46.861260,-8.087733
2024-04-29 16:52:46.876890,-7.584546
2024-04-29 16:52:46.892520,-6.428965
2024-04-29 16:52:46.908140,-4.702695
2024-04-29 16:52:46.923770,-2.534158
2024-04-29 16:52:46.939390,-0.1039429
2024-04-29 16:52:46.955020,2.377595
2024-04-29 16:52:46.970640,4.678041
2024-04-29 16:52:46.986270,6.558117
2024-04-29 16:52:47.001900,7.830072
2024-04-29 16:52:47.017520,8.408423
2024-04-29 16:52:47.033150,8.314967
2024-04-29 16:52:47.048770,7.677721
2024-04-29 16:52:47.064400,6.692835
2024-04-29 16:52:47.080020,5.567687
2024-04-29 16:52:47.095650,4.49171
2024-04-29 16:52:47.111280,3.570502
2024-04-29 16:52:47.126900,2.869208
2024-04-29 16:52:47.142530,2.380355
2024-04-29 16:52:47.158150,2.074586
2024-04-29 16:52:47.173780,1.899064
2024-04-29 16:52:47.189400,1.795413
2024-04-29 16:52:47.205030,1.719135
2024-04-29 16:52:47.220660,1.615624
2024-04-29 16:52:47.236280,1.43672
2024-04-29 16:52:47.251910,1.13226
2024-04-29 16:52:47.267530,0.6691971
2024-04-29 16:52:47.283160,0.04250145
2024-04-29 16:52:47.298780,-0.7184248
2024-04-29 16:52:47.314410,-1.544802
2024-04-29 16:52:47.330040,-2.360375
2024-04-29 16:52:47.345660,-3.111456
2024-04-29 16:52:47.361290,-3.799626
2024-04-29 16:52:47.376910,-4.495119
2024-04-29 16:52:47.392540,-5.285049
2024-04-29 16:52:47.408160,-6.239741
2024-04-29 16:52:47.423790,-7.329086
2024-04-29 16:52:47.439420,-8.401167
2024-04-29 16:52:47.455040,-9.199466
2024-04-29 16:52:47.470670,-9.419983
2024-04-29 16:52:47.486290,-8.832602
2024-04-29 16:52:47.501920,-7.364308
2024-04-29 16:52:47.517540,-5.138907
2024-04-29 16:52:47.533170,-2.460967
2024-04-29 16:52:47.548800,0.2886295
2024-04-29 16:52:47.564420,2.759555
2024-04-29 16:52:47.580050,4.721554
2024-04-29 16:52:47.595670,6.076574
2024-04-29 16:52:47.611300,6.824848
2024-04-29 16:52:47.626920,7.024679
2024-04-29 16:52:47.642550,6.754847
2024-04-29 16:52:47.658180,6.110663
2024-04-29 16:52:47.673800,5.195161
2024-04-29 16:52:47.689430,4.131041
2024-04-29 16:52:47.705050,3.038695
2024-04-29 16:52:47.720680,2.052342
2024-04-29 16:52:47.736300,1.288557
2024-04-29 16:52:47.751930,0.8183742
2024-04-29 16:52:47.767560,0.6662831
2024-04-29 16:52:47.783180,0.7811742
2024-04-29 16:52:47.798810,1.03872
2024-04-29 16:52:47.814430,1.266179
2024-04-29 16:52:47.830060,1.319297
2024-04-29 16:52:47.845680,1.106655
2024-04-29 16:52:47.861310,0.6670499
2024-04-29 16:52:47.876940,0.1065383
2024-04-29 16:52:47.892560,-0.4391136
2024-04-29 16:52:47.908190,-0.9079585
2024-04-29 16:52:47.923810,-1.370526
2024-04-29 16:52:47.939440,-1.977755
2024-04-29 16:52:47.955060,-2.884165
2024-04-29 16:52:47.970690,-4.133962
2024-04-29 16:52:47.986320,-5.618151
2024-04-29 16:52:48.001940,-7.102948
2024-04-29 16:52:48.017570,-8.306141
2024-04-29 16:52:48.033190,-8.95966
2024-04-29 16:52:48.048820,-8.87616
2024-04-29 16:52:48.064440,-7.975969
2024-04-29 16:52:48.080070,-6.301101
2024-04-29 16:52:48.095700,-4.007817
2024-04-29 16:52:48.111320,-1.362536
2024-04-29 16:52:48.126950,1.296535
2024-04-29 16:52:48.142570,3.642196
2024-04-29 16:52:48.158200,5.430181
2024-04-29 16:52:48.173820,6.554187
2024-04-29 16:52:48.189450,7.023202
2024-04-29 16:52:48.205080,6.913648
2024-04-29 16:52:48.220700,6.3248
2024-04-29 16:52:48.236330,5.385736
2024-04-29 16:52:48.251950,4.229017
2024-04-29 16:52:48.267580,3.042805
2024-04-29 16:52:48.283210,2.015563
2024-04-29 16:52:48.298830,1.286966
2024-04-29 16:52:48.314460,0.884841
2024-04-29 16:52:48.330080,0.7492547
2024-04-29 16:52:48.345710,0.7617178
2024-04-29 16:52:48.361330,0.819087
2024-04-29 16:52:48.376960,0.8592587
2024-04-29 16:52:48.392590,0.8516264
2024-04-29 16:52:48.408210,0.7847471
2024-04-29 16:52:48.423840,0.6278119
2024-04-29 16:52:48.439460,0.3694158
2024-04-29 16:52:48.455090,0.03368473
2024-04-29 16:52:48.470710,-0.3226819
2024-04-29 16:52:48.486340,-0.6459498
2024-04-29 16:52:48.501970,-0.9477277
2024-04-29 16:52:48.517590,-1.333348
2024-04-29 16:52:48.533220,-1.97631
2024-04-29 16:52:48.548840,-3.005554
2024-04-29 16:52:48.564470,-4.413987
2024-04-29 16:52:48.580090,-6.005808
2024-04-29 16:52:48.595720,-7.427607
2024-04-29 16:52:48.611350,-8.277719
2024-04-29 16:52:48.626970,-8.232583
2024-04-29 16:52:48.642600,-7.139217
2024-04-29 16:52:48.658220,-5.11306
2024-04-29 16:52:48.673850,-2.442729
2024-04-29 16:52:48.689470,0.4589019
2024-04-29 16:52:48.705100,3.18902
2024-04-29 16:52:48.720730,5.448965
2024-04-29 16:52:48.736350,7.091078
2024-04-29 16:52:48.751980,8.092289
2024-04-29 16:52:48.767600,8.475038
2024-04-29 16:52:48.783230,8.28931
2024-04-29 16:52:48.798850,7.557564
2024-04-29 16:52:48.814480,6.337506
2024-04-29 16:52:48.830110,4.768999
2024-04-29 16:52:48.845730,3.067367
2024-04-29 16:52:48.861360,1.523622
2024-04-29 16:52:48.876980,0.3813953
2024-04-29 16:52:48.892610,-0.2188239
2024-04-29 16:52:48.908230,-0.3160367
2024-04-29 16:52:48.923860,-0.08263969
2024-04-29 16:52:48.939490,0.2587223
2024-04-29 16:52:48.955110,0.5373945
2024-04-29 16:52:48.970740,0.691153
2024-04-29 16:52:48.986360,0.7292056
2024-04-29 16:52:49.001990,0.6883492
2024-04-29 16:52:49.017610,0.5709634
2024-04-29 16:52:49.033240,0.3250976
2024-04-29 16:52:49.048870,-0.1013789
2024-04-29 16:52:49.064490,-0.7211242
2024-04-29 16:52:49.080120,-1.473733
2024-04-29 16:52:49.095740,-2.252608
2024-04-29 16:52:49.111370,-2.978531
2024-04-29 16:52:49.126990,-3.650651
2024-04-29 16:52:49.142620,-4.309891
2024-04-29 16:52:49.158250,-5.005193
2024-04-29 16:52:49.173870,-5.681192
2024-04-29 16:52:49.189500,-6.153853
2024-04-29 16:52:49.205120,-6.160255
2024-04-29 16:52:49.220750,-5.476843
2024-04-29 16:52:49.236370,-4.050703
2024-04-29 16:52:49.252000,-2.021203
2024-04-29 16:52:49.267630,0.3054581
2024-04-29 16:52:49.283250,2.616567
2024-04-29 16:52:49.298880,4.669297
2024-04-29 16:52:49.314500,6.355021
2024-04-29 16:52:49.330130,7.6697
2024-04-29 16:52:49.345750,8.627647
2024-04-29 16:52:49.361380,9.205777
2024-04-29 16:52:49.377010,9.318715
2024-04-29 16:52:49.392630,8.886576
2024-04-29 16:52:49.408260,7.909745
2024-04-29 16:52:49.423880,6.515582
2024-04-29 16:52:49.439510,4.951147
2024-04-29 16:52:49.455130,3.49842
2024-04-29 16:52:49.470760,2.379057
2024-04-29 16:52:49.486390,1.681991
2024-04-29 16:52:49.502010,1.3652
2024-04-29 16:52:49.517640,1.28124
2024-04-29 16:52:49.533260,1.28275
2024-04-29 16:52:49.548890,1.274146
2024-04-29 16:52:49.564510,1.242022
2024-04-29 16:52:49.580140,1.205382
2024-04-29 16:52:49.595770,1.16607
2024-04-29 16:52:49.611390,1.065729
2024-04-29 16:52:49.627020,0.8039325
2024-04-29 16:52:49.642640,0.305654
2024-04-29 16:52:49.658270,-0.4517412
2024-04-29 16:52:49.673890,-1.388864
2024-04-29 16:52:49.689520,-2.379015
2024-04-29 16:52:49.705150,-3.296761
2024-04-29 16:52:49.720770,-4.089799
2024-04-29 16:52:49.736400,-4.79664
2024-04-29 16:52:49.752020,-5.511632
2024-04-29 16:52:49.767650,-6.27144
2024-04-29 16:52:49.783270,-6.986081
2024-04-29 16:52:49.798900,-7.426779
2024-04-29 16:52:49.814530,-7.301899
2024-04-29 16:52:49.830150,-6.391461
2024-04-29 16:52:49.845780,-4.644893
2024-04-29 16:52:49.861400,-2.217569
2024-04-29 16:52:49.877030,0.5626745
2024-04-29 16:52:49.892650,3.29111
2024-04-29 16:52:49.908280,5.596177
2024-04-29 16:52:49.923910,7.202252
2024-04-29 16:52:49.939530,7.97463
2024-04-29 16:52:49.955160,7.928558
2024-04-29 16:52:49.970780,7.1856
2024-04-29 16:52:49.986410,5.952793
2024-04-29 16:52:50.002030,4.484411
2024-04-29 16:52:50.017660,3.037545
2024-04-29 16:52:50.033290,1.843571
2024-04-29 16:52:50.048910,1.048477
2024-04-29 16:52:50.064540,0.690753
2024-04-29 16:52:50.080160,0.7068014
2024-04-29 16:52:50.095790,0.9793644
2024-04-29 16:52:50.111410,1.357059
2024-04-29 16:52:50.127040,1.678821
2024-04-29 16:52:50.142670,1.832324
2024-04-29 16:52:50.158290,1.762564
2024-04-29 16:52:50.173920,1.473909
2024-04-29 16:52:50.189540,1.022998
2024-04-29 16:52:50.205170,0.4645109
2024-04-29 16:52:50.220790,-0.1470299
2024-04-29 16:52:50.236420,-0.779027
2024-04-29 16:52:50.252050,-1.406961
2024-04-29 16:52:50.267670,-2.023575
2024-04-29 16:52:50.283300,-2.636498
2024-04-29 16:52:50.298920,-3.277637
2024-04-29 16:52:50.314550,-4.002745
2024-04-29 16:52:50.330170,-4.838058
2024-04-29 16:52:50.345800,-5.752476
2024-04-29 16:52:50.361430,-6.618391
2024-04-29 16:52:50.377050,-7.224785
2024-04-29 16:52:50.392680,-7.321476
2024-04-29 16:52:50.408300,-6.719276
2024-04-29 16:52:50.423930,-5.345621
2024-04-29 16:52:50.439550,-3.316938
2024-04-29 16:52:50.455180,-0.8778324
2024-04-29 16:52:50.470810,1.639908
2024-04-29 16:52:50.486430,3.919203
2024-04-29 16:52:50.502060,5.728586
2024-04-29 16:52:50.517680,6.951963
2024-04-29 16:52:50.533310,7.597075
2024-04-29 16:52:50.548930,7.748384
2024-04-29 16:52:50.564560,7.504251
2024-04-29 16:52:50.580190,6.95046
2024-04-29 16:52:50.595810,6.132233
2024-04-29 16:52:50.611440,5.102428
2024-04-29 16:52:50.627060,3.93157
2024-04-29 16:52:50.642690,2.758478
2024-04-29 16:52:50.658310,1.764999
2024-04-29 16:52:50.673940,1.116503
2024-04-29 16:52:50.689570,0.8935966
2024-04-29 16:52:50.705190,1.028431
2024-04-29 16:52:50.720820,1.339214
2024-04-29 16:52:50.736440,1.576269
2024-04-29 16:52:50.752070,1.542074
2024-04-29 16:52:50.767690,1.154186
2024-04-29 16:52:50.783320,0.450695
2024-04-29 16:52:50.798950,-0.43466
2024-04-29 16:52:50.814570,-1.354437
2024-04-29 16:52:50.830200,-2.194435
2024-04-29 16:52:50.845820,-2.887403
2024-04-29 16:52:50.861450,-3.43746
2024-04-29 16:52:50.877080,-3.893864
2024-04-29 16:52:50.892700,-4.346323
2024-04-29 16:52:50.908330,-4.909866
2024-04-29 16:52:50.923950,-5.665081
2024-04-29 16:52:50.939580,-6.612343
2024-04-29 16:52:50.955200,-7.640799
2024-04-29 16:52:50.970830,-8.518984
2024-04-29 16:52:50.986460,-8.947977
2024-04-29 16:52:51.002080,-8.64954
2024-04-29 16:52:51.017710,-7.486465
2024-04-29 16:52:51.033330,-5.513554
2024-04-29 16:52:51.048960,-2.967869
2024-04-29 16:52:51.064580,-0.199501
2024-04-29 16:52:51.080210,2.435642
2024-04-29 16:52:51.095840,4.640491
2024-04-29 16:52:51.111460,6.232586
2024-04-29 16:52:51.127090,7.133751
2024-04-29 16:52:51.142710,7.356155
2024-04-29 16:52:51.158340,6.974434
2024-04-29 16:52:51.173960,6.125622
2024-04-29 16:52:51.189590,4.986118
2024-04-29 16:52:51.205220,3.754303
2024-04-29 16:52:51.220840,2.595867
2024-04-29 16:52:51.236470,1.632385
2024-04-29 16:52:51.252090,0.9254074
2024-04-29 16:52:51.267720,0.4695282
2024-04-29 16:52:51.283340,0.2149353
2024-04-29 16:52:51.298970,0.07433319
2024-04-29 16:52:51.314600,-0.05167389
2024-04-29 16:52:51.330220,-0.25
2024-04-29 16:52:51.345850,-0.5769882
2024-04-29 16:52:51.361470,-1.030605
2024-04-29 16:52:51.377100,-1.55426
2024-04-29 16:52:51.392720,-2.043095
2024-04-29 16:52:51.408350,-2.410637
2024-04-29 16:52:51.423980,-2.644493
2024-04-29 16:52:51.439600,-2.826233
2024-04-29 16:52:51.455230,-3.116161
2024-04-29 16:52:51.470850,-3.695759
2024-04-29 16:52:51.486480,-4.688477
2024-04-29 16:52:51.502100,-6.091114
2024-04-29 16:52:51.517730,-7.763531
2024-04-29 16:52:51.533360,-9.430107
2024-04-29 16:52:51.548980,-10.76252
2024-04-29 16:52:51.564610,-11.45349
2024-04-29 16:52:51.580230,-11.30896
2024-04-29 16:52:51.595860,-10.2738
2024-04-29 16:52:51.611480,-8.460594
2024-04-29 16:52:51.627110,-6.08009
2024-04-29 16:52:51.642740,-3.410831
2024-04-29 16:52:51.658360,-0.7489471
2024-04-29 16:52:51.673990,1.645718
2024-04-29 16:52:51.689610,3.575562
2024-04-29 16:52:51.705240,4.929279
2024-04-29 16:52:51.720860,5.684155
2024-04-29 16:52:51.736490,5.900536
2024-04-29 16:52:51.752120,5.683899
2024-04-29 16:52:51.767740,5.161491
2024-04-29 16:52:51.783370,4.450031
2024-04-29 16:52:51.798990,3.648621
2024-04-29 16:52:51.814620,2.821632
2024-04-29 16:52:51.830240,2.031498
2024-04-29 16:52:51.845870,1.348454
2024-04-29 16:52:51.861500,0.8435936
2024-04-29 16:52:51.877120,0.559864
2024-04-29 16:52:51.892750,0.4965324
2024-04-29 16:52:51.908370,0.5701714
2024-04-29 16:52:51.924000,0.6249962
2024-04-29 16:52:51.939620,0.4876595
2024-04-29 16:52:51.955250,0.0298233
2024-04-29 16:52:51.970880,-0.7643967
2024-04-29 16:52:51.986500,-1.79549
2024-04-29 16:52:52.002130,-2.882298
2024-04-29 16:52:52.017750,-3.837967
2024-04-29 16:52:52.033380,-4.55611
2024-04-29 16:52:52.049000,-5.038124
2024-04-29 16:52:52.064630,-5.39283
2024-04-29 16:52:52.080260,-5.798649
2024-04-29 16:52:52.095880,-6.430725
2024-04-29 16:52:52.111510,-7.364857
2024-04-29 16:52:52.127130,-8.551544
2024-04-29 16:52:52.142760,-9.767395
2024-04-29 16:52:52.158380,-10.67757
2024-04-29 16:52:52.174010,-10.92603
2024-04-29 16:52:52.189640,-10.25869
2024-04-29 16:52:52.205260,-8.60347
2024-04-29 16:52:52.220890,-6.128887
2024-04-29 16:52:52.236510,-3.146202
2024-04-29 16:52:52.252140,-0.04526138
2024-04-29 16:52:52.267760,2.83292
2024-04-29 16:52:52.283390,5.2379
2024-04-29 16:52:52.299020,7.032333
2024-04-29 16:52:52.314640,8.156284
2024-04-29 16:52:52.330270,8.602798
2024-04-29 16:52:52.345890,8.443722
2024-04-29 16:52:52.361520,7.809795
2024-04-29 16:52:52.377140,6.913223
2024-04-29 16:52:52.392770,5.995586
2024-04-29 16:52:52.408400,5.23587
2024-04-29 16:52:52.424020,4.708069
2024-04-29 16:52:52.439650,4.369381
2024-04-29 16:52:52.455270,4.081207
2024-04-29 16:52:52.470900,3.702969
2024-04-29 16:52:52.486520,3.162151
2024-04-29 16:52:52.502150,2.478466
2024-04-29 16:52:52.517780,1.771656
2024-04-29 16:52:52.533400,1.175587
2024-04-29 16:52:52.549030,0.7648163
2024-04-29 16:52:52.564650,0.5184326
2024-04-29 16:52:52.580280,0.3335609
2024-04-29 16:52:52.595900,0.06919479
2024-04-29 16:52:52.611530,-0.3767738
2024-04-29 16:52:52.627160,-1.037682
2024-04-29 16:52:52.642780,-1.877094
2024-04-29 16:52:52.658410,-2.816914
2024-04-29 16:52:52.674030,-3.791779
2024-04-29 16:52:52.689660,-4.753723
2024-04-29 16:52:52.705280,-5.664162
2024-04-29 16:52:52.720910,-6.516045
2024-04-29 16:52:52.736540,-7.302017
2024-04-29 16:52:52.752160,-8.056999
2024-04-29 16:52:52.767790,-8.83213
2024-04-29 16:52:52.783410,-9.677448
2024-04-29 16:52:52.799040,-10.53776
2024-04-29 16:52:52.814660,-11.22711
2024-04-29 16:52:52.830290,-11.43025
2024-04-29 16:52:52.845920,-10.81002
2024-04-29 16:52:52.861540,-9.161484
2024-04-29 16:52:52.877170,-6.543686
2024-04-29 16:52:52.892790,-3.285191
2024-04-29 16:52:52.908420,0.1186256
2024-04-29 16:52:52.924040,3.184246
2024-04-29 16:52:52.939670,5.60939
2024-04-29 16:52:52.955300,7.313198
2024-04-29 16:52:52.970920,8.40086
2024-04-29 16:52:52.986550,9.004551
2024-04-29 16:52:53.002170,9.206139
2024-04-29 16:52:53.017800,9.008305
2024-04-29 16:52:53.033420,8.418945
2024-04-29 16:52:53.049050,7.516994
2024-04-29 16:52:53.064680,6.515491
2024-04-29 16:52:53.080300,5.681248
2024-04-29 16:52:53.095930,5.221117
2024-04-29 16:52:53.111550,5.176834
2024-04-29 16:52:53.127180,5.399086
2024-04-29 16:52:53.142810,5.638227
2024-04-29 16:52:53.158430,5.692759
2024-04-29 16:52:53.174060,5.49287
2024-04-29 16:52:53.189680,5.102365
2024-04-29 16:52:53.205310,4.637674
2024-04-29 16:52:53.220930,4.146944
2024-04-29 16:52:53.236560,3.597374
2024-04-29 16:52:53.252190,2.917265
2024-04-29 16:52:53.267810,2.079144
2024-04-29 16:52:53.283440,1.135612
2024-04-29 16:52:53.299060,0.1970196
2024-04-29 16:52:53.314690,-0.6443844
2024-04-29 16:52:53.330310,-1.366488
2024-04-29 16:52:53.345940,-2.039492
2024-04-29 16:52:53.361570,-2.758272
2024-04-29 16:52:53.377190,-3.569937
2024-04-29 16:52:53.392820,-4.452946
2024-04-29 16:52:53.408440,-5.328833
2024-04-29 16:52:53.424070,-6.129433
2024-04-29 16:52:53.439690,-6.832148
2024-04-29 16:52:53.455320,-7.493521
2024-04-29 16:52:53.470950,-8.198008
2024-04-29 16:52:53.486570,-9.01882
2024-04-29 16:52:53.502200,-9.950933
2024-04-29 16:52:53.517820,-10.88159
2024-04-29 16:52:53.533450,-11.57769
2024-04-29 16:52:53.549070,-11.73227
2024-04-29 16:52:53.564700,-11.05697
2024-04-29 16:52:53.580330,-9.389784
2024-04-29 16:52:53.595950,-6.811529
2024-04-29 16:52:53.611580,-3.629713
2024-04-29 16:52:53.627200,-0.3003464
2024-04-29 16:52:53.642830,2.729797
2024-04-29 16:52:53.658450,5.160599
2024-04-29 16:52:53.674080,6.90591
2024-04-29 16:52:53.689710,8.037083
2024-04-29 16:52:53.705330,8.663904
2024-04-29 16:52:53.720960,8.861292
2024-04-29 16:52:53.736580,8.647007
2024-04-29 16:52:53.752210,8.061552
2024-04-29 16:52:53.767830,7.22937
2024-04-29 16:52:53.783460,6.384243
2024-04-29 16:52:53.799090,5.774311
2024-04-29 16:52:53.814710,5.562895
2024-04-29 16:52:53.830340,5.744808
2024-04-29 16:52:53.845960,6.14908
2024-04-29 16:52:53.861590,6.55279
2024-04-29 16:52:53.877210,6.77219
2024-04-29 16:52:53.892840,6.743706
2024-04-29 16:52:53.908470,6.499983
2024-04-29 16:52:53.924090,6.116938
2024-04-29 16:52:53.939720,5.655636
2024-04-29 16:52:53.955340,5.146435
2024-04-29 16:52:53.970970,4.583002
2024-04-29 16:52:53.986590,3.980375
2024-04-29 16:52:54.002220,3.373325
2024-04-29 16:52:54.017850,2.771503
2024-04-29 16:52:54.033470,2.163162
2024-04-29 16:52:54.049100,1.503584
2024-04-29 16:52:54.064720,0.7283802
2024-04-29 16:52:54.080350,-0.1956406
2024-04-29 16:52:54.095970,-1.242779
2024-04-29 16:52:54.111600,-2.343884
2024-04-29 16:52:54.127230,-3.415899
2024-04-29 16:52:54.142850,-4.38028
2024-04-29 16:52:54.158480,-5.23613
2024-04-29 16:52:54.174100,-6.039677
2024-04-29 16:52:54.189730,-6.888369
2024-04-29 16:52:54.205350,-7.885563
2024-04-29 16:52:54.220980,-9.102076
2024-04-29 16:52:54.236610,-10.52772
2024-04-29 16:52:54.252230,-12.07859
2024-04-29 16:52:54.267860,-13.60628
2024-04-29 16:52:54.283480,-14.8762
2024-04-29 16:52:54.299110,-15.6218
2024-04-29 16:52:54.314730,-15.58977
2024-04-29 16:52:54.330360,-14.56623
2024-04-29 16:52:54.345990,-12.5031
2024-04-29 16:52:54.361610,-9.527091
2024-04-29 16:52:54.377240,-5.969455
2024-04-29 16:52:54.392860,-2.272814
2024-04-29 16:52:54.408490,1.110412
2024-04-29 16:52:54.424110,3.870171
2024-04-29 16:52:54.439740,5.862121
2024-04-29 16:52:54.455370,7.117463
2024-04-29 16:52:54.470990,7.741952
2024-04-29 16:52:54.486620,7.857084
2024-04-29 16:52:54.502240,7.576157
2024-04-29 16:52:54.517870,7.009785
2024-04-29 16:52:54.533490,6.28944
2024-04-29 16:52:54.549120,5.572081
2024-04-29 16:52:54.564750,5.005587
2024-04-29 16:52:54.580370,4.681822
2024-04-29 16:52:54.596000,4.591288
2024-04-29 16:52:54.611620,4.64133
2024-04-29 16:52:54.627250,4.698746
2024-04-29 16:52:54.642870,4.671828
2024-04-29 16:52:54.658500,4.525087
2024-04-29 16:52:54.674130,4.297465
2024-04-29 16:52:54.689750,4.044119
2024-04-29 16:52:54.705380,3.817488
2024-04-29 16:52:54.721000,3.638338
2024-04-29 16:52:54.736630,3.489713
2024-04-29 16:52:54.752250,3.326665
2024-04-29 16:52:54.767880,3.076775
2024-04-29 16:52:54.783510,2.66361
2024-04-29 16:52:54.799130,2.007736
2024-04-29 16:52:54.814760,1.054054
2024-04-29 16:52:54.830380,-0.1754446
2024-04-29 16:52:54.846010,-1.583463
2024-04-29 16:52:54.861630,-3.006675
2024-04-29 16:52:54.877260,-4.282461
2024-04-29 16:52:54.892890,-5.314328
2024-04-29 16:52:54.908510,-6.117026
2024-04-29 16:52:54.924140,-6.776092
2024-04-29 16:52:54.939760,-7.413711
2024-04-29 16:52:54.955390,-8.106382
2024-04-29 16:52:54.971010,-8.877195
2024-04-29 16:52:54.986640,-9.706062
2024-04-29 16:52:55.002270,-10.56721
2024-04-29 16:52:55.017890,-11.39592
2024-04-29 16:52:55.033520,-12.07051
2024-04-29 16:52:55.049140,-12.37499
2024-04-29 16:52:55.064770,-12.00782
2024-04-29 16:52:55.080390,-10.6919
2024-04-29 16:52:55.096020,-8.302938
2024-04-29 16:52:55.111650,-4.997705
2024-04-29 16:52:55.127270,-1.179419
2024-04-29 16:52:55.142900,2.603263
2024-04-29 16:52:55.158520,5.876878
2024-04-29 16:52:55.174150,8.350266
2024-04-29 16:52:55.189770,9.983695
2024-04-29 16:52:55.205400,10.90403
2024-04-29 16:52:55.221030,11.29358
2024-04-29 16:52:55.236650,11.31241
2024-04-29 16:52:55.252280,11.04677
2024-04-29 16:52:55.267900,10.54442
2024-04-29 16:52:55.283530,9.849451
2024-04-29 16:52:55.299160,9.050888
2024-04-29 16:52:55.314780,8.25857
2024-04-29 16:52:55.330410,7.572053
2024-04-29 16:52:55.346030,7.066441
2024-04-29 16:52:55.361660,6.747983
2024-04-29 16:52:55.377280,6.575321
2024-04-29 16:52:55.392910,6.458982
2024-04-29 16:52:55.408540,6.328425
2024-04-29 16:52:55.424160,6.121077
2024-04-29 16:52:55.439790,5.815228
2024-04-29 16:52:55.455410,5.415851
2024-04-29 16:52:55.471040,4.9428
2024-04-29 16:52:55.486660,4.419114
2024-04-29 16:52:55.502290,3.850208
2024-04-29 16:52:55.517920,3.227734
2024-04-29 16:52:55.533540,2.538789
2024-04-29 16:52:55.549170,1.773642
2024-04-29 16:52:55.564790,0.9445438
2024-04-29 16:52:55.580420,0.06733894
2024-04-29 16:52:55.596040,-0.836936
2024-04-29 16:52:55.611670,-1.771671
2024-04-29 16:52:55.627300,-2.747087
2024-04-29 16:52:55.642920,-3.76825
2024-04-29 16:52:55.658550,-4.801714
2024-04-29 16:52:55.674170,-5.774934
2024-04-29 16:52:55.689800,-6.623289
2024-04-29 16:52:55.705420,-7.322255
2024-04-29 16:52:55.721050,-7.949407
2024-04-29 16:52:55.736680,-8.64924
2024-04-29 16:52:55.752300,-9.567005
2024-04-29 16:52:55.767930,-10.72429
2024-04-29 16:52:55.783550,-11.97304
2024-04-29 16:52:55.799180,-13.0111
2024-04-29 16:52:55.814800,-13.47615
2024-04-29 16:52:55.830430,-13.07542
2024-04-29 16:52:55.846060,-11.66176
2024-04-29 16:52:55.861680,-9.293621
2024-04-29 16:52:55.877310,-6.185618
2024-04-29 16:52:55.892930,-2.694977
2024-04-29 16:52:55.908560,0.796442
2024-04-29 16:52:55.924180,3.920634
2024-04-29 16:52:55.939810,6.427348
2024-04-29 16:52:55.955440,8.211686
2024-04-29 16:52:55.971060,9.309351
2024-04-29 16:52:55.986690,9.857637
2024-04-29 16:52:56.002310,9.987518
2024-04-29 16:52:56.017940,9.768541
2024-04-29 16:52:56.033560,9.208101
2024-04-29 16:52:56.049190,8.314222
2024-04-29 16:52:56.064820,7.19125
2024-04-29 16:52:56.080440,6.049673
2024-04-29 16:52:56.096070,5.151625
2024-04-29 16:52:56.111690,4.674356
2024-04-29 16:52:56.127320,4.629517
2024-04-29 16:52:56.142940,4.838491
2024-04-29 16:52:56.158570,5.061497
2024-04-29 16:52:56.174200,5.100534
2024-04-29 16:52:56.189820,4.929895
2024-04-29 16:52:56.205450,4.66563
2024-04-29 16:52:56.221070,4.452465
2024-04-29 16:52:56.236700,4.374739
2024-04-29 16:52:56.252320,4.314827
2024-04-29 16:52:56.267950,4.069103
2024-04-29 16:52:56.283580,3.426834
2024-04-29 16:52:56.299200,2.343637
2024-04-29 16:52:56.314830,0.931591
2024-04-29 16:52:56.330450,-0.5652657
2024-04-29 16:52:56.346080,-1.922188
2024-04-29 16:52:56.361700,-3.027813
2024-04-29 16:52:56.377330,-3.91527
2024-04-29 16:52:56.392960,-4.713808
2024-04-29 16:52:56.408580,-5.562704
2024-04-29 16:52:56.424210,-6.577894
2024-04-29 16:52:56.439830,-7.792933
2024-04-29 16:52:56.455460,-9.179749
2024-04-29 16:52:56.471080,-10.64277
2024-04-29 16:52:56.486710,-12.01083
2024-04-29 16:52:56.502340,-13.05353
2024-04-29 16:52:56.517960,-13.4895
2024-04-29 16:52:56.533590,-13.07597
2024-04-29 16:52:56.549210,-11.66024
2024-04-29 16:52:56.564840,-9.243311
2024-04-29 16:52:56.580460,-6.00502
2024-04-29 16:52:56.596090,-2.26882
2024-04-29 16:52:56.611720,1.53578
2024-04-29 16:52:56.627340,4.952932
2024-04-29 16:52:56.642970,7.609455
2024-04-29 16:52:56.658590,9.283026
2024-04-29 16:52:56.674220,9.965622
2024-04-29 16:52:56.689840,9.824266
2024-04-29 16:52:56.705470,9.134172
2024-04-29 16:52:56.721100,8.153028
2024-04-29 16:52:56.736720,7.063648
2024-04-29 16:52:56.752350,5.969511
2024-04-29 16:52:56.767970,4.928026
2024-04-29 16:52:56.783600,3.995012
2024-04-29 16:52:56.799220,3.254076
2024-04-29 16:52:56.814850,2.769577
2024-04-29 16:52:56.830480,2.552843
2024-04-29 16:52:56.846100,2.575092
2024-04-29 16:52:56.861730,2.762928
2024-04-29 16:52:56.877350,3.03167
2024-04-29 16:52:56.892980,3.310946
2024-04-29 16:52:56.908600,3.536036
2024-04-29 16:52:56.924230,3.618704
2024-04-29 16:52:56.939860,3.460672
2024-04-29 16:52:56.955480,2.984308
2024-04-29 16:52:56.971110,2.153126
2024-04-29 16:52:56.986730,1.013979
2024-04-29 16:52:57.002360,-0.3208237
2024-04-29 16:52:57.017980,-1.691874
2024-04-29 16:52:57.033610,-2.945761
2024-04-29 16:52:57.049240,-3.973335
2024-04-29 16:52:57.064860,-4.742661
2024-04-29 16:52:57.080490,-5.305634
2024-04-29 16:52:57.096110,-5.758282
2024-04-29 16:52:57.111740,-6.215473
2024-04-29 16:52:57.127360,-6.778252
2024-04-29 16:52:57.142990,-7.495251
2024-04-29 16:52:57.158620,-8.352032
2024-04-29 16:52:57.174240,-9.230099
2024-04-29 16:52:57.189870,-9.918137
2024-04-29 16:52:57.205490,-10.12964
2024-04-29 16:52:57.221120,-9.58252
2024-04-29 16:52:57.236740,-8.09388
2024-04-29 16:52:57.252370,-5.657238
2024-04-29 16:52:57.268000,-2.493214
2024-04-29 16:52:57.283620,0.9915924
2024-04-29 16:52:57.299250,4.340042
2024-04-29 16:52:57.314870,7.176174
2024-04-29 16:52:57.330500,9.292934
2024-04-29 16:52:57.346120,10.65487
2024-04-29 16:52:57.361750,11.32745
2024-04-29 16:52:57.377380,11.39834
2024-04-29 16:52:57.393000,10.93481
2024-04-29 16:52:57.408630,10.01827
2024-04-29 16:52:57.424250,8.773655
2024-04-29 16:52:57.439880,7.389587
2024-04-29 16:52:57.455500,6.081524
2024-04-29 16:52:57.471130,5.023228
2024-04-29 16:52:57.486760,4.28223
2024-04-29 16:52:57.502380,3.829628
2024-04-29 16:52:57.518010,3.561913
2024-04-29 16:52:57.533630,3.396946
2024-04-29 16:52:57.549260,3.308876
2024-04-29 16:52:57.564880,3.315495
2024-04-29 16:52:57.580510,3.415462
2024-04-29 16:52:57.596140,3.545509
2024-04-29 16:52:57.611760,3.561043
2024-04-29 16:52:57.627390,3.301136
2024-04-29 16:52:57.643010,2.672676
2024-04-29 16:52:57.658640,1.696976
2024-04-29 16:52:57.674260,0.5171051
2024-04-29 16:52:57.689890,-0.6803131
2024-04-29 16:52:57.705520,-1.740223
2024-04-29 16:52:57.721140,-2.625023
2024-04-29 16:52:57.736770,-3.398052
2024-04-29 16:52:57.752390,-4.188148
2024-04-29 16:52:57.768020,-5.105011
2024-04-29 16:52:57.783640,-6.170605
2024-04-29 16:52:57.799270,-7.32687
2024-04-29 16:52:57.814900,-8.456989
2024-04-29 16:52:57.830520,-9.422417
2024-04-29 16:52:57.846150,-10.06533
2024-04-29 16:52:57.861770,-10.22692
2024-04-29 16:52:57.877400,-9.710743
2024-04-29 16:52:57.893020,-8.370686
2024-04-29 16:52:57.908650,-6.153118
2024-04-29 16:52:57.924280,-3.19894
2024-04-29 16:52:57.939900,0.1540947
2024-04-29 16:52:57.955530,3.445873
2024-04-29 16:52:57.971150,6.235691
2024-04-29 16:52:57.986780,8.243843
2024-04-29 16:52:58.002410,9.420708
2024-04-29 16:52:58.018030,9.906849
2024-04-29 16:52:58.033660,9.919254
2024-04-29 16:52:58.049280,9.615074
2024-04-29 16:52:58.064910,9.071602
2024-04-29 16:52:58.080530,8.309063
2024-04-29 16:52:58.096160,7.356552
2024-04-29 16:52:58.111790,6.313889
2024-04-29 16:52:58.127410,5.321198
2024-04-29 16:52:58.143040,4.504929
2024-04-29 16:52:58.158660,3.925064
2024-04-29 16:52:58.174290,3.557926
2024-04-29 16:52:58.189910,3.327297
2024-04-29 16:52:58.205540,3.162006
2024-04-29 16:52:58.221170,3.017456
2024-04-29 16:52:58.236790,2.884651
2024-04-29 16:52:58.252420,2.757141
2024-04-29 16:52:58.268040,2.601196
2024-04-29 16:52:58.283670,2.363575
2024-04-29 16:52:58.299290,1.976418
2024-04-29 16:52:58.314920,1.392857
2024-04-29 16:52:58.330550,0.6126366
2024-04-29 16:52:58.346170,-0.3176537
2024-04-29 16:52:58.361800,-1.306469
2024-04-29 16:52:58.377420,-2.257545
2024-04-29 16:52:58.393050,-3.099541
2024-04-29 16:52:58.408670,-3.819485
2024-04-29 16:52:58.424300,-4.480934
2024-04-29 16:52:58.439930,-5.213791
2024-04-29 16:52:58.455550,-6.16246
2024-04-29 16:52:58.471180,-7.394539
2024-04-29 16:52:58.486800,-8.81366
2024-04-29 16:52:58.502430,-10.13854
2024-04-29 16:52:58.518050,-10.95799
2024-04-29 16:52:58.533680,-10.85765
2024-04-29 16:52:58.549310,-9.594402
2024-04-29 16:52:58.564930,-7.188175
2024-04-29 16:52:58.580560,-3.928982
2024-04-29 16:52:58.596180,-0.2875557
2024-04-29 16:52:58.611810,3.26228
2024-04-29 16:52:58.627430,6.330833
2024-04-29 16:52:58.643060,8.675877
2024-04-29 16:52:58.658690,10.19619
2024-04-29 16:52:58.674310,10.89087
2024-04-29 16:52:58.689940,10.82314
2024-04-29 16:52:58.705560,10.1282
2024-04-29 16:52:58.721190,8.998646
2024-04-29 16:52:58.736810,7.653587
2024-04-29 16:52:58.752440,6.305553
2024-04-29 16:52:58.768070,5.101563
2024-04-29 16:52:58.783690,4.128426
2024-04-29 16:52:58.799320,3.429008
2024-04-29 16:52:58.814940,2.986729
2024-04-29 16:52:58.830570,2.768906
2024-04-29 16:52:58.846190,2.711147
2024-04-29 16:52:58.861820,2.74535
2024-04-29 16:52:58.877450,2.789165
2024-04-29 16:52:58.893070,2.797935
2024-04-29 16:52:58.908700,2.738274
2024-04-29 16:52:58.924320,2.575451
2024-04-29 16:52:58.939950,2.264759
2024-04-29 16:52:58.955570,1.739906
2024-04-29 16:52:58.971200,0.9416847
2024-04-29 16:52:58.986830,-0.1325836
2024-04-29 16:52:59.002450,-1.406601
2024-04-29 16:52:59.018080,-2.743462
2024-04-29 16:52:59.033700,-3.970161
2024-04-29 16:52:59.049330,-4.969532
2024-04-29 16:52:59.064950,-5.715858
2024-04-29 16:52:59.080580,-6.244501
2024-04-29 16:52:59.096210,-6.648026
2024-04-29 16:52:59.111830,-7.007717
2024-04-29 16:52:59.127460,-7.384768
2024-04-29 16:52:59.143080,-7.793983
2024-04-29 16:52:59.158710,-8.178005
2024-04-29 16:52:59.174330,-8.389246
2024-04-29 16:52:59.189960,-8.194899
2024-04-29 16:52:59.205590,-7.358416
2024-04-29 16:52:59.221210,-5.724874
2024-04-29 16:52:59.236840,-3.325279
2024-04-29 16:52:59.252460,-0.4255104
2024-04-29 16:52:59.268090,2.537331
2024-04-29 16:52:59.283710,5.095901
2024-04-29 16:52:59.299340,6.907389
2024-04-29 16:52:59.314970,7.839432
2024-04-29 16:52:59.330590,7.968714
2024-04-29 16:52:59.346220,7.504286
2024-04-29 16:52:59.361840,6.673868
2024-04-29 16:52:59.377470,5.641619
2024-04-29 16:52:59.393090,4.515379
2024-04-29 16:52:59.408720,3.369097
2024-04-29 16:52:59.424350,2.288921
2024-04-29 16:52:59.439970,1.373322
2024-04-29 16:52:59.455600,0.6989784
2024-04-29 16:52:59.471220,0.283453
2024-04-29 16:52:59.486850,0.09101486
2024-04-29 16:52:59.502470,0.02259636
2024-04-29 16:52:59.518100,-0.009498596
2024-04-29 16:52:59.533730,-0.04858589
2024-04-29 16:52:59.549350,-0.1198292
2024-04-29 16:52:59.564980,-0.2281628
2024-04-29 16:52:59.580600,-0.3919411
2024-04-29 16:52:59.596230,-0.6395931
2024-04-29 16:52:59.611850,-1.009111
2024-04-29 16:52:59.627480,-1.503454
2024-04-29 16:52:59.643110,-2.094557
2024-04-29 16:52:59.658730,-2.708769
2024-04-29 16:52:59.674360,-3.262447
2024-04-29 16:52:59.689980,-3.697222
2024-04-29 16:52:59.705610,-4.012131
2024-04-29 16:52:59.721230,-4.294085
2024-04-29 16:52:59.736860,-4.673529
2024-04-29 16:52:59.752490,-5.256714
2024-04-29 16:52:59.768110,-6.065474
2024-04-29 16:52:59.783740,-6.970287
2024-04-29 16:52:59.799360,-7.717484
2024-04-29 16:52:59.814990,-8.001745
2024-04-29 16:52:59.830610,-7.586935
2024-04-29 16:52:59.846240,-6.374794
2024-04-29 16:52:59.861870,-4.454615
2024-04-29 16:52:59.877490,-2.026209
2024-04-29 16:52:59.893120,0.6563969
2024-04-29 16:52:59.908740,3.3435
2024-04-29 16:52:59.924370,5.807171
2024-04-29 16:52:59.939990,7.806507
2024-04-29 16:52:59.955620,9.117123
2024-04-29 16:52:59.971250,9.57468
2024-04-29 16:52:59.986870,9.150986
2024-04-29 16:53:00.002500,7.987558
2024-04-29 16:53:00.018120,6.367727
2024-04-29 16:53:00.033750,4.626463
2024-04-29 16:53:00.049370,3.037399
2024-04-29 16:53:00.065000,1.762529
2024-04-29 16:53:00.080630,0.8391628
2024-04-29 16:53:00.096250,0.246315
2024-04-29 16:53:00.111880,-0.04595947
2024-04-29 16:53:00.127500,-0.06853867
2024-04-29 16:53:00.143130,0.1323185
2024-04-29 16:53:00.158760,0.4693966
2024-04-29 16:53:00.174380,0.8047829
2024-04-29 16:53:00.190010,0.9785442
2024-04-29 16:53:00.205630,0.8478966
2024-04-29 16:53:00.221260,0.3587513
2024-04-29 16:53:00.236880,-0.4642029
2024-04-29 16:53:00.252510,-1.508053
2024-04-29 16:53:00.268140,-2.629566
2024-04-29 16:53:00.283760,-3.673044
2024-04-29 16:53:00.299390,-4.52096
2024-04-29 16:53:00.315010,-5.125946
2024-04-29 16:53:00.330640,-5.526985
2024-04-29 16:53:00.346260,-5.841618
2024-04-29 16:53:00.361890,-6.243048
2024-04-29 16:53:00.377520,-6.845106
2024-04-29 16:53:00.393140,-7.651255
2024-04-29 16:53:00.408770,-8.496456
2024-04-29 16:53:00.424390,-9.10302
2024-04-29 16:53:00.440020,-9.177629
2024-04-29 16:53:00.455640,-8.519217
2024-04-29 16:53:00.471270,-7.075588
2024-04-29 16:53:00.486900,-4.951984
2024-04-29 16:53:00.502520,-2.372665
2024-04-29 16:53:00.518150,0.40168
2024-04-29 16:53:00.533770,3.09099
2024-04-29 16:53:00.549400,5.430387
2024-04-29 16:53:00.565020,7.185757
2024-04-29 16:53:00.580650,8.189556
2024-04-29 16:53:00.596280,8.381601
2024-04-29 16:53:00.611900,7.83037
2024-04-29 16:53:00.627530,6.738525
2024-04-29 16:53:00.643150,5.350334
2024-04-29 16:53:00.658780,3.892342
2024-04-29 16:53:00.674400,2.526403
2024-04-29 16:53:00.690030,1.351276
2024-04-29 16:53:00.705660,0.4067612
2024-04-29 16:53:00.721280,-0.2668915
2024-04-29 16:53:00.736910,-0.6250763
2024-04-29 16:53:00.752530,-0.6702385
2024-04-29 16:53:00.768160,-0.4398804
2024-04-29 16:53:00.783780,-0.02291489
2024-04-29 16:53:00.799410,0.4762478
2024-04-29 16:53:00.815040,0.9366989
2024-04-29 16:53:00.830660,1.258629
2024-04-29 16:53:00.846290,1.360891
2024-04-29 16:53:00.861910,1.172152
2024-04-29 16:53:00.877540,0.6479511
2024-04-29 16:53:00.893160,-0.1925392
2024-04-29 16:53:00.908790,-1.251163
2024-04-29 16:53:00.924420,-2.365389
2024-04-29 16:53:00.940040,-3.369331
2024-04-29 16:53:00.955670,-4.160053
2024-04-29 16:53:00.971290,-4.757893
2024-04-29 16:53:00.986920,-5.292379
2024-04-29 16:53:01.002540,-5.891338
2024-04-29 16:53:01.018170,-6.562271
2024-04-29 16:53:01.033800,-7.114422
2024-04-29 16:53:01.049420,-7.240654
2024-04-29 16:53:01.065050,-6.654175
2024-04-29 16:53:01.080670,-5.251135
2024-04-29 16:53:01.096300,-3.153711
2024-04-29 16:53:01.111920,-0.6847839
2024-04-29 16:53:01.127550,1.817394
2024-04-29 16:53:01.143180,4.108179
2024-04-29 16:53:01.158800,6.049768
2024-04-29 16:53:01.174430,7.570381
2024-04-29 16:53:01.190050,8.567919
2024-04-29 16:53:01.205680,8.902719
2024-04-29 16:53:01.221300,8.46907
2024-04-29 16:53:01.236930,7.316713
2024-04-29 16:53:01.252560,5.662802
2024-04-29 16:53:01.268180,3.832771
2024-04-29 16:53:01.283810,2.143677
2024-04-29 16:53:01.299430,0.7920322
2024-04-29 16:53:01.315060,-0.1712799
2024-04-29 16:53:01.330680,-0.7738113
2024-04-29 16:53:01.346310,-1.047653
2024-04-29 16:53:01.361940,-1.01428
2024-04-29 16:53:01.377560,-0.7199554
2024-04-29 16:53:01.393190,-0.2750912
2024-04-29 16:53:01.408810,0.1428204
2024-04-29 16:53:01.424440,0.3747158
2024-04-29 16:53:01.440060,0.3252163
2024-04-29 16:53:01.455690,0.01342583
2024-04-29 16:53:01.471320,-0.4699993
2024-04-29 16:53:01.486940,-1.033381
2024-04-29 16:53:01.502570,-1.6339
2024-04-29 16:53:01.518190,-2.300592
2024-04-29 16:53:01.533820,-3.080496
2024-04-29 16:53:01.549440,-4.003052
2024-04-29 16:53:01.565070,-5.039383
2024-04-29 16:53:01.580700,-6.13254
2024-04-29 16:53:01.596320,-7.192894
2024-04-29 16:53:01.611950,-8.123987
2024-04-29 16:53:01.627570,-8.787432
2024-04-29 16:53:01.643200,-9.019337
2024-04-29 16:53:01.658820,-8.648447
2024-04-29 16:53:01.674450,-7.537622
2024-04-29 16:53:01.690080,-5.66927
2024-04-29 16:53:01.705700,-3.171345
2024-04-29 16:53:01.721330,-0.3163815
2024-04-29 16:53:01.736950,2.563416
2024-04-29 16:53:01.752580,5.131918
2024-04-29 16:53:01.768200,7.129757
2024-04-29 16:53:01.783830,8.383926
2024-04-29 16:53:01.799460,8.819302
2024-04-29 16:53:01.815080,8.460003
2024-04-29 16:53:01.830710,7.416704
2024-04-29 16:53:01.846330,5.887175
2024-04-29 16:53:01.861960,4.112625
2024-04-29 16:53:01.877580,2.380709
2024-04-29 16:53:01.893210,0.9268341
2024-04-29 16:53:01.908840,-0.07167244
2024-04-29 16:53:01.924460,-0.5516548
2024-04-29 16:53:01.940090,-0.5618401
2024-04-29 16:53:01.955710,-0.2280216
2024-04-29 16:53:01.971340,0.291544
2024-04-29 16:53:01.986960,0.8281174
2024-04-29 16:53:02.002590,1.246027
2024-04-29 16:53:02.018220,1.466856
2024-04-29 16:53:02.033840,1.432575
2024-04-29 16:53:02.049470,1.131218
2024-04-29 16:53:02.065090,0.5880623
2024-04-29 16:53:02.080720,-0.1446667
2024-04-29 16:53:02.096340,-0.9771004
2024-04-29 16:53:02.111970,-1.807636
2024-04-29 16:53:02.127600,-2.538521
2024-04-29 16:53:02.143220,-3.146965
2024-04-29 16:53:02.158850,-3.705244
2024-04-29 16:53:02.174470,-4.355352
2024-04-29 16:53:02.190100,-5.21059
2024-04-29 16:53:02.205720,-6.243052
2024-04-29 16:53:02.221350,-7.235592
2024-04-29 16:53:02.236980,-7.79372
2024-04-29 16:53:02.252600,-7.513628
2024-04-29 16:53:02.268230,-6.15546
2024-04-29 16:53:02.283850,-3.769531
2024-04-29 16:53:02.299480,-0.7116776
2024-04-29 16:53:02.315100,2.468294
2024-04-29 16:53:02.330730,5.26115
2024-04-29 16:53:02.346360,7.339029
2024-04-29 16:53:02.361980,8.602922
2024-04-29 16:53:02.377610,9.144199
2024-04-29 16:53:02.393230,9.107273
2024-04-29 16:53:02.408860,8.585533
2024-04-29 16:53:02.424480,7.61186
2024-04-29 16:53:02.440110,6.229317
2024-04-29 16:53:02.455740,4.543716
2024-04-29 16:53:02.471360,2.767445
2024-04-29 16:53:02.486990,1.176937
2024-04-29 16:53:02.502610,0.01384735
2024-04-29 16:53:02.518240,-0.6132164
2024-04-29 16:53:02.533860,-0.7752571
2024-04-29 16:53:02.549490,-0.6718121
2024-04-29 16:53:02.565120,-0.5356464
2024-04-29 16:53:02.580740,-0.5276012
2024-04-29 16:53:02.596370,-0.703373
2024-04-29 16:53:02.611990,-1.0376
2024-04-29 16:53:02.627620,-1.451273
2024-04-29 16:53:02.643240,-1.896832
2024-04-29 16:53:02.658870,-2.350277
2024-04-29 16:53:02.674500,-2.793156
2024-04-29 16:53:02.690120,-3.201441
2024-04-29 16:53:02.705750,-3.537519
2024-04-29 16:53:02.721370,-3.808273
2024-04-29 16:53:02.737000,-4.104515
2024-04-29 16:53:02.752620,-4.575968
2024-04-29 16:53:02.768250,-5.337378
2024-04-29 16:53:02.783880,-6.366096
2024-04-29 16:53:02.799500,-7.419905
2024-04-29 16:53:02.815130,-8.116875
2024-04-29 16:53:02.830750,-8.033228
2024-04-29 16:53:02.846380,-6.883867
2024-04-29 16:53:02.862010,-4.636103
2024-04-29 16:53:02.877630,-1.525269
2024-04-29 16:53:02.893260,2.031895
2024-04-29 16:53:02.908880,5.573975
2024-04-29 16:53:02.924510,8.666313
2024-04-29 16:53:02.940130,10.99832
2024-04-29 16:53:02.955760,12.38641
2024-04-29 16:53:02.971390,12.76087
2024-04-29 16:53:02.987010,12.17399
2024-04-29 16:53:03.002640,10.80448
2024-04-29 16:53:03.018260,8.919617
2024-04-29 16:53:03.033890,6.847622
2024-04-29 16:53:03.049510,4.906506
2024-04-29 16:53:03.065140,3.339394
2024-04-29 16:53:03.080770,2.282213
2024-04-29 16:53:03.096390,1.752163
2024-04-29 16:53:03.112020,1.661444
2024-04-29 16:53:03.127640,1.877592
2024-04-29 16:53:03.143270,2.271696
2024-04-29 16:53:03.158890,2.740931
2024-04-29 16:53:03.174520,3.188637
2024-04-29 16:53:03.190150,3.514582
2024-04-29 16:53:03.205770,3.602028
2024-04-29 16:53:03.221400,3.345936
2024-04-29 16:53:03.237020,2.69467
2024-04-29 16:53:03.252650,1.700842
2024-04-29 16:53:03.268270,0.5047855
2024-04-29 16:53:03.283900,-0.7314148
2024-04-29 16:53:03.299530,-1.874208
2024-04-29 16:53:03.315150,-2.905092
2024-04-29 16:53:03.330780,-3.864414
2024-04-29 16:53:03.346400,-4.793898
2024-04-29 16:53:03.362030,-5.662903
2024-04-29 16:53:03.377650,-6.315725
2024-04-29 16:53:03.393280,-6.539274
2024-04-29 16:53:03.408910,-6.117676
2024-04-29 16:53:03.424530,-4.949213
2024-04-29 16:53:03.440160,-3.070419
2024-04-29 16:53:03.455780,-0.6692352
2024-04-29 16:53:03.471410,1.954514
2024-04-29 16:53:03.487030,4.488092
2024-04-29 16:53:03.502660,6.630304
2024-04-29 16:53:03.518290,8.165764
2024-04-29 16:53:03.533910,8.979486
2024-04-29 16:53:03.549540,9.079819
2024-04-29 16:53:03.565160,8.561104
2024-04-29 16:53:03.580790,7.561995
2024-04-29 16:53:03.596410,6.24008
2024-04-29 16:53:03.612040,4.735607
2024-04-29 16:53:03.627670,3.196575
2024-04-29 16:53:03.643290,1.760443
2024-04-29 16:53:03.658920,0.5786495
2024-04-29 16:53:03.674540,-0.2369308
2024-04-29 16:53:03.690170,-0.6549454
2024-04-29 16:53:03.705790,-0.720623
2024-04-29 16:53:03.721420,-0.5514622
2024-04-29 16:53:03.737050,-0.3019161
2024-04-29 16:53:03.752670,-0.1081448
2024-04-29 16:53:03.768300,-0.05655479
2024-04-29 16:53:03.783920,-0.1975288
2024-04-29 16:53:03.799550,-0.515686
2024-04-29 16:53:03.815170,-0.9769726
2024-04-29 16:53:03.830800,-1.519318
2024-04-29 16:53:03.846430,-2.094593
2024-04-29 16:53:03.862050,-2.687973
2024-04-29 16:53:03.877680,-3.337049
2024-04-29 16:53:03.893300,-4.117331
2024-04-29 16:53:03.908930,-5.062462
2024-04-29 16:53:03.924550,-6.109764
2024-04-29 16:53:03.940180,-7.041883
2024-04-29 16:53:03.955810,-7.557467
2024-04-29 16:53:03.971430,-7.377611
2024-04-29 16:53:03.987060,-6.382184
2024-04-29 16:53:04.002680,-4.627159
2024-04-29 16:53:04.018310,-2.330731
2024-04-29 16:53:04.033930,0.1840181
2024-04-29 16:53:04.049560,2.612511
2024-04-29 16:53:04.065190,4.689687
2024-04-29 16:53:04.080810,6.211689
2024-04-29 16:53:04.096440,7.030592
2024-04-29 16:53:04.112060,7.081165
2024-04-29 16:53:04.127690,6.401258
2024-04-29 16:53:04.143310,5.146645
2024-04-29 16:53:04.158940,3.559151
2024-04-29 16:53:04.174570,1.900026
2024-04-29 16:53:04.190190,0.392705
2024-04-29 16:53:04.205820,-0.8327675
2024-04-29 16:53:04.221440,-1.712461
2024-04-29 16:53:04.237070,-2.231606
2024-04-29 16:53:04.252690,-2.398551
2024-04-29 16:53:04.268320,-2.264524
2024-04-29 16:53:04.283950,-1.91765
2024-04-29 16:53:04.299570,-1.49766
2024-04-29 16:53:04.315200,-1.17763
2024-04-29 16:53:04.330820,-1.094865
2024-04-29 16:53:04.346450,-1.332427
2024-04-29 16:53:04.362070,-1.886373
2024-04-29 16:53:04.377700,-2.688203
2024-04-29 16:53:04.393330,-3.653173
2024-04-29 16:53:04.408950,-4.725051
2024-04-29 16:53:04.424580,-5.896624
2024-04-29 16:53:04.440200,-7.193268
2024-04-29 16:53:04.455830,-8.638309
2024-04-29 16:53:04.471450,-10.18715
2024-04-29 16:53:04.487080,-11.72679
2024-04-29 16:53:04.502710,-13.07122
2024-04-29 16:53:04.518330,-13.95003
2024-04-29 16:53:04.533960,-14.07765
2024-04-29 16:53:04.549580,-13.21308
2024-04-29 16:53:04.565210,-11.27591
2024-04-29 16:53:04.580830,-8.385703
2024-04-29 16:53:04.596460,-4.886185
2024-04-29 16:53:04.612090,-1.251867
2024-04-29 16:53:04.627710,2.040018
2024-04-29 16:53:04.643340,4.644959
2024-04-29 16:53:04.658960,6.437656
2024-04-29 16:53:04.674590,7.487811
2024-04-29 16:53:04.690210,7.98023
2024-04-29 16:53:04.705840,8.104922
2024-04-29 16:53:04.721470,7.98956
2024-04-29 16:53:04.737090,7.70994
2024-04-29 16:53:04.752720,7.326196
2024-04-29 16:53:04.768340,6.932135
2024-04-29 16:53:04.783970,6.633428
2024-04-29 16:53:04.799590,6.532662
2024-04-29 16:53:04.815220,6.652705
2024-04-29 16:53:04.830850,6.949473
2024-04-29 16:53:04.846470,7.302984
2024-04-29 16:53:04.862100,7.572892
2024-04-29 16:53:04.877720,7.647494
2024-04-29 16:53:04.893350,7.459758
2024-04-29 16:53:04.908970,7.011086
2024-04-29 16:53:04.924600,6.36407
2024-04-29 16:53:04.940230,5.6125
2024-04-29 16:53:04.955850,4.808819
2024-04-29 16:53:04.971480,3.983668
2024-04-29 16:53:04.987100,3.123814
2024-04-29 16:53:05.002730,2.187556
2024-04-29 16:53:05.018360,1.125135
2024-04-29 16:53:05.033980,-0.1093545
2024-04-29 16:53:05.049610,-1.533177
2024-04-29 16:53:05.065230,-3.152474
2024-04-29 16:53:05.080860,-4.873662
2024-04-29 16:53:05.096480,-6.524143
2024-04-29 16:53:05.112110,-7.830574
2024-04-29 16:53:05.127740,-8.455072
2024-04-29 16:53:05.143360,-8.124809
2024-04-29 16:53:05.158990,-6.715936
2024-04-29 16:53:05.174610,-4.323876
2024-04-29 16:53:05.190240,-1.24628
2024-04-29 16:53:05.205860,2.091412
2024-04-29 16:53:05.221490,5.261865
2024-04-29 16:53:05.237120,7.91717
2024-04-29 16:53:05.252740,9.814442
2024-04-29 16:53:05.268370,10.84047
2024-04-29 16:53:05.283990,10.98543
2024-04-29 16:53:05.299620,10.38515
2024-04-29 16:53:05.315240,9.313788
2024-04-29 16:53:05.330870,8.130753
2024-04-29 16:53:05.346500,7.150178
2024-04-29 16:53:05.362120,6.547975
2024-04-29 16:53:05.377750,6.282227
2024-04-29 16:53:05.393370,6.157436
2024-04-29 16:53:05.409000,5.925891
2024-04-29 16:53:05.424620,5.424811
2024-04-29 16:53:05.440250,4.63385
2024-04-29 16:53:05.455880,3.608814
2024-04-29 16:53:05.471500,2.437046
2024-04-29 16:53:05.487130,1.142905
2024-04-29 16:53:05.502750,-0.2781904
2024-04-29 16:53:05.518380,-1.809345
2024-04-29 16:53:05.534000,-3.325505
2024-04-29 16:53:05.549630,-4.627149
2024-04-29 16:53:05.565260,-5.539599
2024-04-29 16:53:05.580880,-6.016417
2024-04-29 16:53:05.596510,-6.203585
2024-04-29 16:53:05.612130,-6.37184
2024-04-29 16:53:05.627760,-6.77066
2024-04-29 16:53:05.643380,-7.482112
2024-04-29 16:53:05.659010,-8.356541
2024-04-29 16:53:05.674640,-9.047465
2024-04-29 16:53:05.690260,-9.153231
2024-04-29 16:53:05.705890,-8.392467
2024-04-29 16:53:05.721510,-6.73019
2024-04-29 16:53:05.737140,-4.403319
2024-04-29 16:53:05.752760,-1.879783
2024-04-29 16:53:05.768390,0.3204813
2024-04-29 16:53:05.784020,1.76015
2024-04-29 16:53:05.799640,2.213707
2024-04-29 16:53:05.815270,1.699874
2024-04-29 16:53:05.830890,0.4148703
2024-04-29 16:53:05.846520,-1.330921
2024-04-29 16:53:05.862140,-3.21343
2024-04-29 16:53:05.877770,-4.91187
2024-04-29 16:53:05.893400,-6.127839
2024-04-29 16:53:05.909020,-6.617728
2024-04-29 16:53:05.924650,-6.209483
2024-04-29 16:53:05.940270,-4.889911
2024-04-29 16:53:05.955900,-2.854617
2024-04-29 16:53:05.971520,-0.5128641
2024-04-29 16:53:05.987150,1.636912
2024-04-29 16:53:06.002780,3.121661
2024-04-29 16:53:06.018400,3.639306
2024-04-29 16:53:06.034030,3.144651
2024-04-29 16:53:06.049650,1.803302
2024-04-29 16:53:06.065280,-0.07560825
2024-04-29 16:53:06.080900,-2.151737
2024-04-29 16:53:06.096530,-4.108315
2024-04-29 16:53:06.112160,-5.715922
2024-04-29 16:53:06.127780,-6.836967
2024-04-29 16:53:06.143410,-7.451053
2024-04-29 16:53:06.159030,-7.647638
2024-04-29 16:53:06.174660,-7.621312
2024-04-29 16:53:06.190280,-7.611213
2024-04-29 16:53:06.205910,-7.846128
2024-04-29 16:53:06.221540,-8.434442
2024-04-29 16:53:06.237160,-9.298966
2024-04-29 16:53:06.252790,-10.18205
2024-04-29 16:53:06.268410,-10.70272
2024-04-29 16:53:06.284040,-10.49997
2024-04-29 16:53:06.299660,-9.33149
2024-04-29 16:53:06.315290,-7.17119
2024-04-29 16:53:06.330920,-4.245315
2024-04-29 16:53:06.346540,-0.9456654
2024-04-29 16:53:06.362170,2.240323
2024-04-29 16:53:06.377790,4.877423
2024-04-29 16:53:06.393420,6.690268
2024-04-29 16:53:06.409040,7.604293
2024-04-29 16:53:06.424670,7.751221
2024-04-29 16:53:06.440300,7.386209
2024-04-29 16:53:06.455920,6.789111
2024-04-29 16:53:06.471550,6.170861
2024-04-29 16:53:06.487170,5.641004
2024-04-29 16:53:06.502800,5.238906
2024-04-29 16:53:06.518420,4.963873
2024-04-29 16:53:06.534050,4.822339
2024-04-29 16:53:06.549680,4.827622
2024-04-29 16:53:06.565300,4.970592
2024-04-29 16:53:06.580930,5.191198
2024-04-29 16:53:06.596550,5.402061
2024-04-29 16:53:06.612180,5.497599
2024-04-29 16:53:06.627800,5.406483
2024-04-29 16:53:06.643430,5.128145
2024-04-29 16:53:06.659060,4.676757
2024-04-29 16:53:06.674680,4.095688
2024-04-29 16:53:06.690310,3.414999
2024-04-29 16:53:06.705930,2.63899
2024-04-29 16:53:06.721560,1.748916
2024-04-29 16:53:06.737180,0.7406559
2024-04-29 16:53:06.752810,-0.3809814
2024-04-29 16:53:06.768440,-1.579603
2024-04-29 16:53:06.784060,-2.802839
2024-04-29 16:53:06.799690,-3.995177
2024-04-29 16:53:06.815310,-5.098964
2024-04-29 16:53:06.830940,-6.086782
2024-04-29 16:53:06.846560,-6.940543
2024-04-29 16:53:06.862190,-7.616321
2024-04-29 16:53:06.877820,-8.027181
2024-04-29 16:53:06.893440,-8.019309
2024-04-29 16:53:06.909070,-7.391748
2024-04-29 16:53:06.924690,-6.002373
2024-04-29 16:53:06.940320,-3.837629
2024-04-29 16:53:06.955940,-1.063302
2024-04-29 16:53:06.971570,2.003658
2024-04-29 16:53:06.987200,4.978236
2024-04-29 16:53:07.002820,7.51872
2024-04-29 16:53:07.018450,9.404034
2024-04-29 16:53:07.034070,10.54836
2024-04-29 16:53:07.049700,10.99403
2024-04-29 16:53:07.065320,10.84107
2024-04-29 16:53:07.080950,10.21023
2024-04-29 16:53:07.096580,9.206069
2024-04-29 16:53:07.112200,7.924953
2024-04-29 16:53:07.127830,6.464381
2024-04-29 16:53:07.143450,4.972974
2024-04-29 16:53:07.159080,3.604266
2024-04-29 16:53:07.174700,2.500426
2024-04-29 16:53:07.190330,1.73947
2024-04-29 16:53:07.205960,1.31377
2024-04-29 16:53:07.221580,1.120111
2024-04-29 16:53:07.237210,1.009506
2024-04-29 16:53:07.252830,0.8476114
2024-04-29 16:53:07.268460,0.539072
2024-04-29 16:53:07.284090,0.06346703
2024-04-29 16:53:07.299710,-0.574254
2024-04-29 16:53:07.315340,-1.36042
2024-04-29 16:53:07.330960,-2.278481
2024-04-29 16:53:07.346590,-3.322504
2024-04-29 16:53:07.362210,-4.449041
2024-04-29 16:53:07.377840,-5.59198
2024-04-29 16:53:07.393470,-6.694729
2024-04-29 16:53:07.409090,-7.739246
2024-04-29 16:53:07.424720,-8.748915
2024-04-29 16:53:07.440340,-9.77799
2024-04-29 16:53:07.455970,-10.83587
2024-04-29 16:53:07.471590,-11.84139
2024-04-29 16:53:07.487220,-12.60172
2024-04-29 16:53:07.502850,-12.83315
2024-04-29 16:53:07.518470,-12.25225
2024-04-29 16:53:07.534100,-10.68283
2024-04-29 16:53:07.549720,-8.141153
2024-04-29 16:53:07.565350,-4.860569
2024-04-29 16:53:07.580970,-1.246517
2024-04-29 16:53:07.596600,2.243242
2024-04-29 16:53:07.612230,5.220335
2024-04-29 16:53:07.627850,7.46011
2024-04-29 16:53:07.643480,8.923643
2024-04-29 16:53:07.659100,9.706696
2024-04-29 16:53:07.674730,9.961868
2024-04-29 16:53:07.690350,9.812586
2024-04-29 16:53:07.705980,9.347591
2024-04-29 16:53:07.721610,8.614294
2024-04-29 16:53:07.737230,7.681881
2024-04-29 16:53:07.752860,6.673733
2024-04-29 16:53:07.768480,5.730286
2024-04-29 16:53:07.784110,5.00264
2024-04-29 16:53:07.799730,4.554226
2024-04-29 16:53:07.815360,4.364538
2024-04-29 16:53:07.830990,4.32391
2024-04-29 16:53:07.846610,4.307421
2024-04-29 16:53:07.862240,4.204353
2024-04-29 16:53:07.877860,3.974178
2024-04-29 16:53:07.893490,3.61167
2024-04-29 16:53:07.909110,3.132957
2024-04-29 16:53:07.924740,2.55784
2024-04-29 16:53:07.940370,1.894724
2024-04-29 16:53:07.955990,1.155567
2024-04-29 16:53:07.971620,0.3528042
2024-04-29 16:53:07.987240,-0.4952908
2024-04-29 16:53:08.002870,-1.406029
2024-04-29 16:53:08.018490,-2.402433
2024-04-29 16:53:08.034120,-3.501869
2024-04-29 16:53:08.049750,-4.678772
2024-04-29 16:53:08.065370,-5.879305
2024-04-29 16:53:08.081000,-7.018843
2024-04-29 16:53:08.096620,-8.041525
2024-04-29 16:53:08.112250,-8.909159
2024-04-29 16:53:08.127870,-9.626192
2024-04-29 16:53:08.143500,-10.21936
2024-04-29 16:53:08.159130,-10.73294
2024-04-29 16:53:08.174750,-11.2609
2024-04-29 16:53:08.190380,-11.90766
2024-04-29 16:53:08.206000,-12.77024
2024-04-29 16:53:08.221630,-13.84326
2024-04-29 16:53:08.237250,-14.96057
2024-04-29 16:53:08.252880,-15.75827
2024-04-29 16:53:08.268510,-15.80438
2024-04-29 16:53:08.284130,-14.70329
2024-04-29 16:53:08.299760,-12.28806
2024-04-29 16:53:08.315380,-8.705717
2024-04-29 16:53:08.331010,-4.36351
2024-04-29 16:53:08.346630,0.1810074
2024-04-29 16:53:08.362260,4.383123
2024-04-29 16:53:08.377890,7.842363
2024-04-29 16:53:08.393510,10.35635
2024-04-29 16:53:08.409140,11.92655
2024-04-29 16:53:08.424760,12.67739
2024-04-29 16:53:08.440390,12.81604
2024-04-29 16:53:08.456010,12.52483
2024-04-29 16:53:08.471640,11.98001
2024-04-29 16:53:08.487270,11.30657
2024-04-29 16:53:08.502890,10.63078
2024-04-29 16:53:08.518520,10.05445
2024-04-29 16:53:08.534140,9.668802
2024-04-29 16:53:08.549770,9.51079
2024-04-29 16:53:08.565390,9.557854
2024-04-29 16:53:08.581020,9.723385
2024-04-29 16:53:08.596650,9.867405
2024-04-29 16:53:08.612270,9.860056
2024-04-29 16:53:08.627900,9.61035
2024-04-29 16:53:08.643520,9.100498
2024-04-29 16:53:08.659150,8.381918
2024-04-29 16:53:08.674770,7.53993
2024-04-29 16:53:08.690400,6.656012
2024-04-29 16:53:08.706030,5.780401
2024-04-29 16:53:08.721650,4.938986
2024-04-29 16:53:08.737280,4.103693
2024-04-29 16:53:08.752900,3.238144
2024-04-29 16:53:08.768530,2.286953
2024-04-29 16:53:08.784150,1.229597
2024-04-29 16:53:08.799780,0.09414482
2024-04-29 16:53:08.815410,-1.054531
2024-04-29 16:53:08.831030,-2.086969
2024-04-29 16:53:08.846660,-2.906752
2024-04-29 16:53:08.862280,-3.449926
2024-04-29 16:53:08.877910,-3.759304
2024-04-29 16:53:08.893530,-3.952291
2024-04-29 16:53:08.909160,-4.178844
2024-04-29 16:53:08.924790,-4.596533
2024-04-29 16:53:08.940410,-5.273104
2024-04-29 16:53:08.956040,-6.200777
2024-04-29 16:53:08.971660,-7.264181
2024-04-29 16:53:08.987290,-8.321381
2024-04-29 16:53:09.002910,-9.229357
2024-04-29 16:53:09.018540,-9.928926
2024-04-29 16:53:09.034170,-10.47218
2024-04-29 16:53:09.049790,-11.00931
2024-04-29 16:53:09.065420,-11.71644
2024-04-29 16:53:09.081040,-12.70744
2024-04-29 16:53:09.096670,-13.95221
2024-04-29 16:53:09.112290,-15.21639
2024-04-29 16:53:09.127920,-16.11316
2024-04-29 16:53:09.143550,-16.22198
2024-04-29 16:53:09.159170,-15.21777
2024-04-29 16:53:09.174800,-13.00269
2024-04-29 16:53:09.190420,-9.737236
2024-04-29 16:53:09.206050,-5.794107
2024-04-29 16:53:09.221670,-1.640438
2024-04-29 16:53:09.237300,2.286795
2024-04-29 16:53:09.252930,5.671556
2024-04-29 16:53:09.268550,8.345507
2024-04-29 16:53:09.284180,10.27673
2024-04-29 16:53:09.299800,11.49545
2024-04-29 16:53:09.315430,12.04025
2024-04-29 16:53:09.331050,11.97069
2024-04-29 16:53:09.346680,11.3704
2024-04-29 16:53:09.362310,10.41785
2024-04-29 16:53:09.377930,9.331526
2024-04-29 16:53:09.393560,8.334837
2024-04-29 16:53:09.409180,7.585135
2024-04-29 16:53:09.424810,7.11899
2024-04-29 16:53:09.440430,6.864508
2024-04-29 16:53:09.456060,6.693138
2024-04-29 16:53:09.471690,6.497522
2024-04-29 16:53:09.487310,6.220905
2024-04-29 16:53:09.502940,5.854923
2024-04-29 16:53:09.518560,5.434679
2024-04-29 16:53:09.534190,4.966568
2024-04-29 16:53:09.549810,4.454145
2024-04-29 16:53:09.565440,3.86833
2024-04-29 16:53:09.581070,3.185251
2024-04-29 16:53:09.596690,2.383678
2024-04-29 16:53:09.612320,1.49123
2024-04-29 16:53:09.627940,0.5651169
2024-04-29 16:53:09.643570,-0.3027477
2024-04-29 16:53:09.659190,-1.017879
2024-04-29 16:53:09.674820,-1.532709
2024-04-29 16:53:09.690450,-1.906399
2024-04-29 16:53:09.706070,-2.308674
2024-04-29 16:53:09.721700,-2.948666
2024-04-29 16:53:09.737320,-3.971092
2024-04-29 16:53:09.752950,-5.350117
2024-04-29 16:53:09.768570,-6.8976
2024-04-29 16:53:09.784200,-8.334627
2024-04-29 16:53:09.799830,-9.419062
2024-04-29 16:53:09.815450,-10.07738
2024-04-29 16:53:09.831080,-10.39825
2024-04-29 16:53:09.846700,-10.58572
2024-04-29 16:53:09.862330,-10.83728
2024-04-29 16:53:09.877960,-11.26384
2024-04-29 16:53:09.893580,-11.88104
2024-04-29 16:53:09.909210,-12.6332
2024-04-29 16:53:09.924830,-13.44053
2024-04-29 16:53:09.940460,-14.16916
2024-04-29 16:53:09.956080,-14.60031
2024-04-29 16:53:09.971710,-14.44652
2024-04-29 16:53:09.987340,-13.40073
2024-04-29 16:53:10.002960,-11.27127
2024-04-29 16:53:10.018590,-8.089346
2024-04-29 16:53:10.034210,-4.156656
2024-04-29 16:53:10.049840,0.0559845
2024-04-29 16:53:10.065460,4.034061
2024-04-29 16:53:10.081090,7.376623
2024-04-29 16:53:10.096720,9.878181
2024-04-29 16:53:10.112340,11.50569
2024-04-29 16:53:10.127970,12.33161
2024-04-29 16:53:10.143590,12.47424
2024-04-29 16:53:10.159220,12.05696
2024-04-29 16:53:10.174840,11.21472
2024-04-29 16:53:10.190470,10.11105
2024-04-29 16:53:10.206100,8.920267
2024-04-29 16:53:10.221720,7.781382
2024-04-29 16:53:10.237350,6.795283
2024-04-29 16:53:10.252970,6.014009
2024-04-29 16:53:10.268600,5.461343
2024-04-29 16:53:10.284220,5.138165
2024-04-29 16:53:10.299850,5.044578
2024-04-29 16:53:10.315480,5.131379
2024-04-29 16:53:10.331100,5.330179
2024-04-29 16:53:10.346730,5.546025
2024-04-29 16:53:10.362350,5.683074
2024-04-29 16:53:10.377980,5.680487
2024-04-29 16:53:10.393600,5.500534
2024-04-29 16:53:10.409230,5.122169
2024-04-29 16:53:10.424860,4.506527
2024-04-29 16:53:10.440480,3.598729
2024-04-29 16:53:10.456110,2.376894
2024-04-29 16:53:10.471730,0.8747673
2024-04-29 16:53:10.487360,-0.801343
2024-04-29 16:53:10.502980,-2.494556
2024-04-29 16:53:10.518610,-4.046691
2024-04-29 16:53:10.534240,-5.368671
2024-04-29 16:53:10.549860,-6.436122
2024-04-29 16:53:10.565490,-7.29238
2024-04-29 16:53:10.581110,-8.012887
2024-04-29 16:53:10.596740,-8.643982
2024-04-29 16:53:10.612360,-9.222471
2024-04-29 16:53:10.627990,-9.813562
2024-04-29 16:53:10.643620,-10.49298
2024-04-29 16:53:10.659240,-11.36506
2024-04-29 16:53:10.674870,-12.455
2024-04-29 16:53:10.690490,-13.6189
2024-04-29 16:53:10.706120,-14.51728
2024-04-29 16:53:10.721740,-14.67649
2024-04-29 16:53:10.737370,-13.65752
2024-04-29 16:53:10.753000,-11.28737
2024-04-29 16:53:10.768620,-7.764761
2024-04-29 16:53:10.784250,-3.596581
2024-04-29 16:53:10.799870,0.5881412
2024-04-29 16:53:10.815500,4.253913
2024-04-29 16:53:10.831120,7.153099
2024-04-29 16:53:10.846750,9.285614
2024-04-29 16:53:10.862380,10.783
2024-04-29 16:53:10.878000,11.74025
2024-04-29 16:53:10.893630,12.15262
2024-04-29 16:53:10.909250,11.94809
2024-04-29 16:53:10.924880,11.12555
2024-04-29 16:53:10.940500,9.817991
2024-04-29 16:53:10.956130,8.309984
2024-04-29 16:53:10.971760,6.928167
2024-04-29 16:53:10.987380,5.921122
2024-04-29 16:53:11.003010,5.377803
2024-04-29 16:53:11.018630,5.223892
2024-04-29 16:53:11.034260,5.282031
2024-04-29 16:53:11.049880,5.35632
2024-04-29 16:53:11.065510,5.312119
2024-04-29 16:53:11.081140,5.087162
2024-04-29 16:53:11.096760,4.700727
2024-04-29 16:53:11.112390,4.212117
2024-04-29 16:53:11.128010,3.669083
2024-04-29 16:53:11.143640,3.10545
2024-04-29 16:53:11.159260,2.51633
2024-04-29 16:53:11.174890,1.864444
2024-04-29 16:53:11.190520,1.126844
2024-04-29 16:53:11.206140,0.2750382
2024-04-29 16:53:11.221770,-0.6918614
2024-04-29 16:53:11.237390,-1.759213
2024-04-29 16:53:11.253020,-2.919993
2024-04-29 16:53:11.268640,-4.183047
2024-04-29 16:53:11.284270,-5.53407
2024-04-29 16:53:11.299900,-6.923706
2024-04-29 16:53:11.315520,-8.25937
2024-04-29 16:53:11.331150,-9.421405
2024-04-29 16:53:11.346770,-10.33918
2024-04-29 16:53:11.362400,-11.04335
2024-04-29 16:53:11.378020,-11.67978
2024-04-29 16:53:11.393650,-12.43878
2024-04-29 16:53:11.409280,-13.45672
2024-04-29 16:53:11.424900,-14.70306
2024-04-29 16:53:11.440530,-15.92974
2024-04-29 16:53:11.456150,-16.73262
2024-04-29 16:53:11.471780,-16.65784
2024-04-29 16:53:11.487400,-15.379
2024-04-29 16:53:11.503030,-12.79702
2024-04-29 16:53:11.518660,-9.105766
2024-04-29 16:53:11.534280,-4.725605
2024-04-29 16:53:11.549910,-0.1756611
2024-04-29 16:53:11.565530,4.064295
2024-04-29 16:53:11.581160,7.649356
2024-04-29 16:53:11.596780,10.42138
2024-04-29 16:53:11.612410,12.36034
2024-04-29 16:53:11.628040,13.52476
2024-04-29 16:53:11.643660,13.98683
2024-04-29 16:53:11.659290,13.82123
2024-04-29 16:53:11.674910,13.12064
2024-04-29 16:53:11.690540,12.02866
2024-04-29 16:53:11.706160,10.75679
2024-04-29 16:53:11.721790,9.545488
2024-04-29 16:53:11.737420,8.607496
2024-04-29 16:53:11.753040,8.048845
2024-04-29 16:53:11.768670,7.859253
2024-04-29 16:53:11.784290,7.911863
2024-04-29 16:53:11.799920,8.027021
2024-04-29 16:53:11.815540,8.02846
2024-04-29 16:53:11.831170,7.79175
2024-04-29 16:53:11.846800,7.277971
2024-04-29 16:53:11.862420,6.535885
2024-04-29 16:53:11.878050,5.694565
2024-04-29 16:53:11.893670,4.884123
2024-04-29 16:53:11.909300,4.198301
2024-04-29 16:53:11.924920,3.634785
2024-04-29 16:53:11.940550,3.110205
2024-04-29 16:53:11.956180,2.495844
2024-04-29 16:53:11.971800,1.68572
2024-04-29 16:53:11.987430,0.6611176
2024-04-29 16:53:12.003050,-0.5191345
2024-04-29 16:53:12.018680,-1.731794
2024-04-29 16:53:12.034300,-2.876673
2024-04-29 16:53:12.049930,-3.914253
2024-04-29 16:53:12.065560,-4.8601
2024-04-29 16:53:12.081180,-5.763103
2024-04-29 16:53:12.096810,-6.657869
2024-04-29 16:53:12.112430,-7.579071
2024-04-29 16:53:12.128060,-8.55722
2024-04-29 16:53:12.143690,-9.645939
2024-04-29 16:53:12.159310,-10.8878
2024-04-29 16:53:12.174940,-12.24388
2024-04-29 16:53:12.190560,-13.53717
2024-04-29 16:53:12.206190,-14.4628
2024-04-29 16:53:12.221810,-14.64889
2024-04-29 16:53:12.237440,-13.78761
2024-04-29 16:53:12.253070,-11.7501
2024-04-29 16:53:12.268690,-8.634743
2024-04-29 16:53:12.284320,-4.743744
2024-04-29 16:53:12.299940,-0.4967995
2024-04-29 16:53:12.315570,3.672039
2024-04-29 16:53:12.331190,7.393509
2024-04-29 16:53:12.346820,10.37884
2024-04-29 16:53:12.362450,12.4492
2024-04-29 16:53:12.378070,13.54361
2024-04-29 16:53:12.393700,13.70573
2024-04-29 16:53:12.409320,13.09471
2024-04-29 16:53:12.424950,11.93379
2024-04-29 16:53:12.440570,10.49028
2024-04-29 16:53:12.456200,9.004854
2024-04-29 16:53:12.471830,7.676786
2024-04-29 16:53:12.487450,6.64426
2024-04-29 16:53:12.503080,5.978416
2024-04-29 16:53:12.518700,5.676355
2024-04-29 16:53:12.534330,5.686432
2024-04-29 16:53:12.549950,5.888565
2024-04-29 16:53:12.565580,6.13069
2024-04-29 16:53:12.581210,6.277367
2024-04-29 16:53:12.596830,6.226658
2024-04-29 16:53:12.612460,5.958374
2024-04-29 16:53:12.628080,5.506153
2024-04-29 16:53:12.643710,4.96172
2024-04-29 16:53:12.659330,4.419437
2024-04-29 16:53:12.674960,3.937828
2024-04-29 16:53:12.690590,3.511955
2024-04-29 16:53:12.706210,3.066463
2024-04-29 16:53:12.721840,2.475933
2024-04-29 16:53:12.737460,1.625381
2024-04-29 16:53:12.753090,0.4542236
2024-04-29 16:53:12.768710,-0.998539
2024-04-29 16:53:12.784340,-2.580818
2024-04-29 16:53:12.799970,-4.098995
2024-04-29 16:53:12.815590,-5.371365
2024-04-29 16:53:12.831220,-6.292416
2024-04-29 16:53:12.846840,-6.878815
2024-04-29 16:53:12.862470,-7.251015
2024-04-29 16:53:12.878090,-7.574749
2024-04-29 16:53:12.893720,-8.016056
2024-04-29 16:53:12.909350,-8.697155
2024-04-29 16:53:12.924970,-9.643986
2024-04-29 16:53:12.940600,-10.76872
2024-04-29 16:53:12.956220,-11.85264
2024-04-29 16:53:12.971850,-12.5599
2024-04-29 16:53:12.987470,-12.51691
2024-04-29 16:53:13.003100,-11.41634
2024-04-29 16:53:13.018730,-9.121731
2024-04-29 16:53:13.034350,-5.75275
2024-04-29 16:53:13.049980,-1.665371
2024-04-29 16:53:13.065600,2.622284
2024-04-29 16:53:13.081230,6.587894
2024-04-29 16:53:13.096850,9.806664
2024-04-29 16:53:13.112480,12.04435
2024-04-29 16:53:13.128110,13.23521
2024-04-29 16:53:13.143730,13.41881
2024-04-29 16:53:13.159360,12.72108
2024-04-29 16:53:13.174980,11.33028
2024-04-29 16:53:13.190610,9.498886
2024-04-29 16:53:13.206230,7.532619
2024-04-29 16:53:13.221860,5.736748
2024-04-29 16:53:13.237490,4.336449
2024-04-29 16:53:13.253110,3.421928
2024-04-29 16:53:13.268740,2.931496
2024-04-29 16:53:13.284360,2.739208
2024-04-29 16:53:13.299990,2.726025
2024-04-29 16:53:13.315610,2.841743
2024-04-29 16:53:13.331240,3.098564
2024-04-29 16:53:13.346870,3.501797
2024-04-29 16:53:13.362490,3.993431
2024-04-29 16:53:13.378120,4.424717
2024-04-29 16:53:13.393740,4.615131
2024-04-29 16:53:13.409370,4.435535
2024-04-29 16:53:13.424990,3.870041
2024-04-29 16:53:13.440620,2.999195
2024-04-29 16:53:13.456250,1.945671
2024-04-29 16:53:13.471870,0.8255157
2024-04-29 16:53:13.487500,-0.3068314
2024-04-29 16:53:13.503120,-1.440098
2024-04-29 16:53:13.518750,-2.56295
2024-04-29 16:53:13.534370,-3.657959
2024-04-29 16:53:13.550000,-4.684258
2024-04-29 16:53:13.565630,-5.607292
2024-04-29 16:53:13.581250,-6.426121
2024-04-29 16:53:13.596880,-7.168118
2024-04-29 16:53:13.612500,-7.868717
2024-04-29 16:53:13.628130,-8.565571
2024-04-29 16:53:13.643750,-9.270172
2024-04-29 16:53:13.659380,-9.950485
2024-04-29 16:53:13.675010,-10.52886
2024-04-29 16:53:13.690630,-10.8834
2024-04-29 16:53:13.706260,-10.86716
2024-04-29 16:53:13.721880,-10.31175
2024-04-29 16:53:13.737510,-9.068348
2024-04-29 16:53:13.753130,-7.055054
2024-04-29 16:53:13.768760,-4.313568
2024-04-29 16:53:13.784390,-1.011497
2024-04-29 16:53:13.800010,2.561665
2024-04-29 16:53:13.815640,6.082806
2024-04-29 16:53:13.831260,9.230694
2024-04-29 16:53:13.846890,11.75097
2024-04-29 16:53:13.862510,13.49327
2024-04-29 16:53:13.878140,14.38788
2024-04-29 16:53:13.893770,14.45131
2024-04-29 16:53:13.909390,13.76761
2024-04-29 16:53:13.925020,12.5005
2024-04-29 16:53:13.940640,10.86461
2024-04-29 16:53:13.956270,9.11166
2024-04-29 16:53:13.971890,7.479044
2024-04-29 16:53:13.987520,6.141954
2024-04-29 16:53:14.003150,5.189863
2024-04-29 16:53:14.018770,4.632851
2024-04-29 16:53:14.034400,4.418711
2024-04-29 16:53:14.050020,4.476076
2024-04-29 16:53:14.065650,4.716982
2024-04-29 16:53:14.081270,5.039345
2024-04-29 16:53:14.096900,5.318867
2024-04-29 16:53:14.112530,5.428541
2024-04-29 16:53:14.128150,5.270002
2024-04-29 16:53:14.143780,4.803827
2024-04-29 16:53:14.159400,4.054401
2024-04-29 16:53:14.175030,3.080147
2024-04-29 16:53:14.190650,1.941612
2024-04-29 16:53:14.206280,0.6763859
2024-04-29 16:53:14.221910,-0.7126217
2024-04-29 16:53:14.237530,-2.193718
2024-04-29 16:53:14.253160,-3.684607
2024-04-29 16:53:14.268780,-5.062342
2024-04-29 16:53:14.284410,-6.226994
2024-04-29 16:53:14.300040,-7.150429
2024-04-29 16:53:14.315660,-7.925846
2024-04-29 16:53:14.331290,-8.70067
2024-04-29 16:53:14.346910,-9.606188
2024-04-29 16:53:14.362540,-10.69138
2024-04-29 16:53:14.378160,-11.88758
2024-04-29 16:53:14.393790,-13.02234
2024-04-29 16:53:14.409420,-13.85638
2024-04-29 16:53:14.425040,-14.15111
2024-04-29 16:53:14.440670,-13.70544
2024-04-29 16:53:14.456290,-12.41586
2024-04-29 16:53:14.471920,-10.28941
2024-04-29 16:53:14.487540,-7.486193
2024-04-29 16:53:14.503170,-4.297455
2024-04-29 16:53:14.518800,-1.077641
2024-04-29 16:53:14.534420,1.82
2024-04-29 16:53:14.550050,4.153358
2024-04-29 16:53:14.565670,5.812347
2024-04-29 16:53:14.581300,6.810143
2024-04-29 16:53:14.596920,7.202927
2024-04-29 16:53:14.612550,7.057737
2024-04-29 16:53:14.628180,6.414539
2024-04-29 16:53:14.643800,5.318871
2024-04-29 16:53:14.659430,3.873337
2024-04-29 16:53:14.675050,2.253616
2024-04-29 16:53:14.690680,0.7050705
2024-04-29 16:53:14.706300,-0.5181179
2024-04-29 16:53:14.721930,-1.218561
2024-04-29 16:53:14.737560,-1.348238
2024-04-29 16:53:14.753180,-1.013727
2024-04-29 16:53:14.768810,-0.4544601
2024-04-29 16:53:14.784430,0.07441521
2024-04-29 16:53:14.800060,0.4005871
2024-04-29 16:53:14.815680,0.4943581
2024-04-29 16:53:14.831310,0.4369984
2024-04-29 16:53:14.846940,0.3200264
2024-04-29 16:53:14.862560,0.1675434
2024-04-29 16:53:14.878190,-0.09813499
2024-04-29 16:53:14.893810,-0.5871048
2024-04-29 16:53:14.909440,-1.352449
2024-04-29 16:53:14.925060,-2.335396
2024-04-29 16:53:14.940690,-3.365892
2024-04-29 16:53:14.956320,-4.309607
2024-04-29 16:53:14.971940,-5.124237
2024-04-29 16:53:14.987570,-5.910261
2024-04-29 16:53:15.003190,-6.807858
2024-04-29 16:53:15.018820,-7.872498
2024-04-29 16:53:15.034440,-8.972483
2024-04-29 16:53:15.050070,-9.821241
2024-04-29 16:53:15.065700,-10.07558
2024-04-29 16:53:15.081320,-9.476147
2024-04-29 16:53:15.096950,-7.951488
2024-04-29 16:53:15.112570,-5.605932
2024-04-29 16:53:15.128200,-2.665777
2024-04-29 16:53:15.143820,0.5795116
2024-04-29 16:53:15.159450,3.831366
2024-04-29 16:53:15.175080,6.807272
2024-04-29 16:53:15.190700,9.256729
2024-04-29 16:53:15.206330,10.97406
2024-04-29 16:53:15.221950,11.83414
2024-04-29 16:53:15.237580,11.7854
2024-04-29 16:53:15.253200,10.89301
2024-04-29 16:53:15.268830,9.291494
2024-04-29 16:53:15.284460,7.213907
2024-04-29 16:53:15.300080,4.935181
2024-04-29 16:53:15.315710,2.762978
2024-04-29 16:53:15.331330,0.970068
2024-04-29 16:53:15.346960,-0.2552071
2024-04-29 16:53:15.362580,-0.8625507
2024-04-29 16:53:15.378210,-0.9364738
2024-04-29 16:53:15.393840,-0.6553516
2024-04-29 16:53:15.409460,-0.2301102
2024-04-29 16:53:15.425090,0.1392822
2024-04-29 16:53:15.440710,0.3284874
2024-04-29 16:53:15.456340,0.2622128
2024-04-29 16:53:15.471960,-0.06526375
2024-04-29 16:53:15.487590,-0.6118431
2024-04-29 16:53:15.503220,-1.310419
2024-04-29 16:53:15.518840,-2.080349
2024-04-29 16:53:15.534470,-2.83827
2024-04-29 16:53:15.550090,-3.530584
2024-04-29 16:53:15.565720,-4.152578
2024-04-29 16:53:15.581340,-4.752218
2024-04-29 16:53:15.596970,-5.429529
2024-04-29 16:53:15.612600,-6.279034
2024-04-29 16:53:15.628220,-7.350725
2024-04-29 16:53:15.643850,-8.57353
2024-04-29 16:53:15.659470,-9.750294
2024-04-29 16:53:15.675100,-10.57275
2024-04-29 16:53:15.690720,-10.71111
2024-04-29 16:53:15.706350,-9.913549
2024-04-29 16:53:15.721980,-8.084934
2024-04-29 16:53:15.737600,-5.337112
2024-04-29 16:53:15.753230,-1.954563
2024-04-29 16:53:15.768850,1.654558
2024-04-29 16:53:15.784480,5.058586
2024-04-29 16:53:15.800100,7.853582
2024-04-29 16:53:15.815730,9.751158
2024-04-29 16:53:15.831360,10.61502
2024-04-29 16:53:15.846980,10.49935
2024-04-29 16:53:15.862610,9.620178
2024-04-29 16:53:15.878230,8.285727
2024-04-29 16:53:15.893860,6.809313
2024-04-29 16:53:15.909480,5.414749
2024-04-29 16:53:15.925110,4.203056
2024-04-29 16:53:15.940740,3.195076
2024-04-29 16:53:15.956360,2.375755
2024-04-29 16:53:15.971990,1.764988
2024-04-29 16:53:15.987610,1.416252
2024-04-29 16:53:16.003240,1.376812
2024-04-29 16:53:16.018860,1.635345
2024-04-29 16:53:16.034490,2.088345
2024-04-29 16:53:16.050120,2.56258
2024-04-29 16:53:16.065740,2.863148
2024-04-29 16:53:16.081370,2.877144
2024-04-29 16:53:16.096990,2.595081
2024-04-29 16:53:16.112620,2.09016
2024-04-29 16:53:16.128240,1.476875
2024-04-29 16:53:16.143870,0.8432808
2024-04-29 16:53:16.159500,0.1855507
2024-04-29 16:53:16.175120,-0.5533371
2024-04-29 16:53:16.190750,-1.463581
2024-04-29 16:53:16.206370,-2.621704
2024-04-29 16:53:16.222000,-4.019188
2024-04-29 16:53:16.237620,-5.557236
2024-04-29 16:53:16.253250,-7.043419
2024-04-29 16:53:16.268880,-8.226303
2024-04-29 16:53:16.284500,-8.826111
2024-04-29 16:53:16.300130,-8.618484
2024-04-29 16:53:16.315750,-7.491299
2024-04-29 16:53:16.331380,-5.487572
2024-04-29 16:53:16.347000,-2.801762
2024-04-29 16:53:16.362630,0.2622719
2024-04-29 16:53:16.378260,3.387684
2024-04-29 16:53:16.393880,6.281414
2024-04-29 16:53:16.409510,8.737209
2024-04-29 16:53:16.425130,10.61019
2024-04-29 16:53:16.440760,11.78394
2024-04-29 16:53:16.456380,12.15863
2024-04-29 16:53:16.472010,11.68082
2024-04-29 16:53:16.487640,10.40921
2024-04-29 16:53:16.503260,8.539444
2024-04-29 16:53:16.518890,6.398899
2024-04-29 16:53:16.534510,4.372765
2024-04-29 16:53:16.550140,2.781532
2024-04-29 16:53:16.565760,1.798351
2024-04-29 16:53:16.581390,1.400467
2024-04-29 16:53:16.597020,1.462147
2024-04-29 16:53:16.612640,1.798573
2024-04-29 16:53:16.628270,2.255627
2024-04-29 16:53:16.643890,2.711285
2024-04-29 16:53:16.659520,3.0564
2024-04-29 16:53:16.675140,3.16441
2024-04-29 16:53:16.690770,2.906448
2024-04-29 16:53:16.706400,2.220509
2024-04-29 16:53:16.722020,1.161228
2024-04-29 16:53:16.737650,-0.06857681
2024-04-29 16:53:16.753270,-1.205246
2024-04-29 16:53:16.768900,-2.035648
2024-04-29 16:53:16.784520,-2.536144
2024-04-29 16:53:16.800150,-2.856377
2024-04-29 16:53:16.815780,-3.285206
2024-04-29 16:53:16.831400,-4.061359
2024-04-29 16:53:16.847030,-5.232502
2024-04-29 16:53:16.862650,-6.614285
2024-04-29 16:53:16.878280,-7.814625
2024-04-29 16:53:16.893900,-8.407278
2024-04-29 16:53:16.909530,-8.064342
2024-04-29 16:53:16.925160,-6.668352
2024-04-29 16:53:16.940780,-4.335201
2024-04-29 16:53:16.956410,-1.350243
2024-04-29 16:53:16.972030,1.914368
2024-04-29 16:53:16.987660,5.083744
2024-04-29 16:53:17.003290,7.851866
2024-04-29 16:53:17.018910,9.948816
2024-04-29 16:53:17.034540,11.16917
2024-04-29 16:53:17.050160,11.38334
2024-04-29 16:53:17.065790,10.5845
2024-04-29 16:53:17.081410,8.943115
2024-04-29 16:53:17.097040,6.80028
2024-04-29 16:53:17.112670,4.595095
2024-04-29 16:53:17.128290,2.722935
2024-04-29 16:53:17.143920,1.435545
2024-04-29 16:53:17.159540,0.773819
2024-04-29 16:53:17.175170,0.6153851
2024-04-29 16:53:17.190790,0.7487259
2024-04-29 16:53:17.206420,0.9889851
2024-04-29 16:53:17.222050,1.202208
2024-04-29 16:53:17.237670,1.33424
2024-04-29 16:53:17.253300,1.352493
2024-04-29 16:53:17.268920,1.244539
2024-04-29 16:53:17.284550,0.9982567
2024-04-29 16:53:17.300170,0.6324883
2024-04-29 16:53:17.315800,0.1744061
2024-04-29 16:53:17.331430,-0.3496609
2024-04-29 16:53:17.347050,-0.9317608
2024-04-29 16:53:17.362680,-1.625515
2024-04-29 16:53:17.378300,-2.466028
2024-04-29 16:53:17.393930,-3.488005
2024-04-29 16:53:17.409550,-4.679037
2024-04-29 16:53:17.425180,-5.974577
2024-04-29 16:53:17.440810,-7.254955
2024-04-29 16:53:17.456430,-8.359564
2024-04-29 16:53:17.472060,-9.086981
2024-04-29 16:53:17.487680,-9.247698
2024-04-29 16:53:17.503310,-8.713377
2024-04-29 16:53:17.518930,-7.446558
2024-04-29 16:53:17.534560,-5.54118
2024-04-29 16:53:17.550190,-3.19062
2024-04-29 16:53:17.565810,-0.6563053
2024-04-29 16:53:17.581440,1.805138
2024-04-29 16:53:17.597060,3.977818
2024-04-29 16:53:17.612690,5.714476
2024-04-29 16:53:17.628310,6.906807
2024-04-29 16:53:17.643940,7.469721
2024-04-29 16:53:17.659570,7.344763
2024-04-29 16:53:17.675190,6.535954
2024-04-29 16:53:17.690820,5.129219
2024-04-29 16:53:17.706440,3.31868
2024-04-29 16:53:17.722070,1.397831
2024-04-29 16:53:17.737690,-0.3022127
2024-04-29 16:53:17.753320,-1.500669
2024-04-29 16:53:17.768950,-2.055046
2024-04-29 16:53:17.784570,-2.011024
2024-04-29 16:53:17.800200,-1.561246
2024-04-29 16:53:17.815820,-0.9752922
2024-04-29 16:53:17.831450,-0.4896145
2024-04-29 16:53:17.847070,-0.2094698
2024-04-29 16:53:17.862700,-0.1076155
2024-04-29 16:53:17.878330,-0.08942318
2024-04-29 16:53:17.893950,-0.07579041
2024-04-29 16:53:17.909580,-0.07231617
2024-04-29 16:53:17.925200,-0.1615591
2024-04-29 16:53:17.940830,-0.4692736
2024-04-29 16:53:17.956450,-1.088599
2024-04-29 16:53:17.972080,-2.056735
2024-04-29 16:53:17.987710,-3.319716
2024-04-29 16:53:18.003330,-4.77135
2024-04-29 16:53:18.018960,-6.268096
2024-04-29 16:53:18.034580,-7.631871
2024-04-29 16:53:18.050210,-8.665552
2024-04-29 16:53:18.065830,-9.192774
2024-04-29 16:53:18.081460,-9.078473
2024-04-29 16:53:18.097090,-8.269459
2024-04-29 16:53:18.112710,-6.794312
2024-04-29 16:53:18.128340,-4.74514
2024-04-29 16:53:18.143960,-2.266034
2024-04-29 16:53:18.159590,0.4502935
2024-04-29 16:53:18.175210,3.16633
2024-04-29 16:53:18.190840,5.602855
2024-04-29 16:53:18.206470,7.454972
2024-04-29 16:53:18.222090,8.477443
2024-04-29 16:53:18.237720,8.554275
2024-04-29 16:53:18.253340,7.742033
2024-04-29 16:53:18.268970,6.287083
2024-04-29 16:53:18.284590,4.525768
2024-04-29 16:53:18.300220,2.800757
2024-04-29 16:53:18.315850,1.360759
2024-04-29 16:53:18.331470,0.3337865
2024-04-29 16:53:18.347100,-0.2926354
2024-04-29 16:53:18.362720,-0.6218619
2024-04-29 16:53:18.378350,-0.7924457
2024-04-29 16:53:18.393970,-0.9186292
2024-04-29 16:53:18.409600,-1.054605
2024-04-29 16:53:18.425230,-1.182579
2024-04-29 16:53:18.440850,-1.251034
2024-04-29 16:53:18.456480,-1.210798
2024-04-29 16:53:18.472100,-1.071686
2024-04-29 16:53:18.487730,-0.9192491
2024-04-29 16:53:18.503350,-0.8877854
2024-04-29 16:53:18.518980,-1.112673
2024-04-29 16:53:18.534610,-1.684858
2024-04-29 16:53:18.550230,-2.602708
2024-04-29 16:53:18.565860,-3.777638
2024-04-29 16:53:18.581480,-5.058282
2024-04-29 16:53:18.597110,-6.23721
2024-04-29 16:53:18.612730,-7.09076
2024-04-29 16:53:18.628360,-7.397717
2024-04-29 16:53:18.643990,-6.976456
2024-04-29 16:53:18.659610,-5.75796
2024-04-29 16:53:18.675240,-3.822889
2024-04-29 16:53:18.690860,-1.382427
2024-04-29 16:53:18.706490,1.24209
2024-04-29 16:53:18.722110,3.747919
2024-04-29 16:53:18.737740,5.903095
2024-04-29 16:53:18.753370,7.548583
2024-04-29 16:53:18.768990,8.549969
2024-04-29 16:53:18.784620,8.792402
2024-04-29 16:53:18.800240,8.209703
2024-04-29 16:53:18.815870,6.819063
2024-04-29 16:53:18.831490,4.828379
2024-04-29 16:53:18.847120,2.583684
2024-04-29 16:53:18.862750,0.5029163
2024-04-29 16:53:18.878370,-1.07296
2024-04-29 16:53:18.894000,-1.990094
2024-04-29 16:53:18.909620,-2.306607
2024-04-29 16:53:18.925250,-2.226713
2024-04-29 16:53:18.940870,-1.996612
2024-04-29 16:53:18.956500,-1.830431
2024-04-29 16:53:18.972130,-1.85615
2024-04-29 16:53:18.987750,-2.121752
2024-04-29 16:53:19.003380,-2.60479
2024-04-29 16:53:19.019000,-3.210307
2024-04-29 16:53:19.034630,-3.81242
2024-04-29 16:53:19.050250,-4.284741
2024-04-29 16:53:19.065880,-4.570088
2024-04-29 16:53:19.081510,-4.752252
2024-04-29 16:53:19.097130,-5.011304
2024-04-29 16:53:19.112760,-5.542669
2024-04-29 16:53:19.128380,-6.465518
2024-04-29 16:53:19.144010,-7.715114
2024-04-29 16:53:19.159630,-9.055928
2024-04-29 16:53:19.175260,-10.14211
2024-04-29 16:53:19.190890,-10.60373
2024-04-29 16:53:19.206510,-10.17397
2024-04-29 16:53:19.222140,-8.747484
2024-04-29 16:53:19.237760,-6.391772
2024-04-29 16:53:19.253390,-3.3347
2024-04-29 16:53:19.269020,0.07915592
2024-04-29 16:53:19.284640,3.458353
2024-04-29 16:53:19.300270,6.423729
2024-04-29 16:53:19.315890,8.677588
2024-04-29 16:53:19.331520,10.05812
2024-04-29 16:53:19.347140,10.55524
2024-04-29 16:53:19.362770,10.26294
2024-04-29 16:53:19.378400,9.390341
2024-04-29 16:53:19.394020,8.162436
2024-04-29 16:53:19.409650,6.810057
2024-04-29 16:53:19.425270,5.536816
2024-04-29 16:53:19.440900,4.485686
2024-04-29 16:53:19.456520,3.74697
2024-04-29 16:53:19.472150,3.330024
2024-04-29 16:53:19.487780,3.171146
2024-04-29 16:53:19.503400,3.154985
2024-04-29 16:53:19.519030,3.141816
2024-04-29 16:53:19.534650,3.007924
2024-04-29 16:53:19.550280,2.694954
2024-04-29 16:53:19.565900,2.217131
2024-04-29 16:53:19.581530,1.634297
2024-04-29 16:53:19.597160,1.00837
2024-04-29 16:53:19.612780,0.3923268
2024-04-29 16:53:19.628410,-0.2089992
2024-04-29 16:53:19.644030,-0.8078198
2024-04-29 16:53:19.659660,-1.423665
2024-04-29 16:53:19.675280,-2.07382
2024-04-29 16:53:19.690910,-2.782754
2024-04-29 16:53:19.706540,-3.600697
2024-04-29 16:53:19.722160,-4.614085
2024-04-29 16:53:19.737790,-5.860804
2024-04-29 16:53:19.753410,-7.281205
2024-04-29 16:53:19.769040,-8.657858
2024-04-29 16:53:19.784660,-9.626564
2024-04-29 16:53:19.800290,-9.807767
2024-04-29 16:53:19.815920,-8.936942
2024-04-29 16:53:19.831540,-6.981212
2024-04-29 16:53:19.847170,-4.14501
2024-04-29 16:53:19.862790,-0.8543954
2024-04-29 16:53:19.878420,2.4272
2024-04-29 16:53:19.894040,5.281673
2024-04-29 16:53:19.909670,7.452025
2024-04-29 16:53:19.925300,8.84441
2024-04-29 16:53:19.940920,9.482296
2024-04-29 16:53:19.956550,9.458099
2024-04-29 16:53:19.972170,8.892639
2024-04-29 16:53:19.987800,7.942532
2024-04-29 16:53:20.003420,6.77621
2024-04-29 16:53:20.019050,5.614865
2024-04-29 16:53:20.034680,4.659478
2024-04-29 16:53:20.050300,4.062653
2024-04-29 16:53:20.065930,3.860264
2024-04-29 16:53:20.081550,3.943384
2024-04-29 16:53:20.097180,4.104451
2024-04-29 16:53:20.112800,4.141108
2024-04-29 16:53:20.128430,3.944464
2024-04-29 16:53:20.144060,3.531916
2024-04-29 16:53:20.159680,3.039604
2024-04-29 16:53:20.175310,2.6278
2024-04-29 16:53:20.190930,2.375835
2024-04-29 16:53:20.206560,2.251559
2024-04-29 16:53:20.222180,2.119334
2024-04-29 16:53:20.237810,1.805619
2024-04-29 16:53:20.253440,1.196713
2024-04-29 16:53:20.269060,0.2739134
2024-04-29 16:53:20.284690,-0.8742298
2024-04-29 16:53:20.300310,-2.086921
2024-04-29 16:53:20.315940,-3.189591
2024-04-29 16:53:20.331560,-4.038888
2024-04-29 16:53:20.347190,-4.547058
2024-04-29 16:53:20.362820,-4.739787
2024-04-29 16:53:20.378440,-4.755858
2024-04-29 16:53:20.394070,-4.815585
2024-04-29 16:53:20.409690,-5.173267
2024-04-29 16:53:20.425320,-5.992957
2024-04-29 16:53:20.440940,-7.263299
2024-04-29 16:53:20.456570,-8.759768
2024-04-29 16:53:20.472200,-10.07787
2024-04-29 16:53:20.487820,-10.76685
2024-04-29 16:53:20.503450,-10.48651
2024-04-29 16:53:20.519070,-9.087042
2024-04-29 16:53:20.534700,-6.672656
2024-04-29 16:53:20.550320,-3.546494
2024-04-29 16:53:20.565950,-0.1304371
2024-04-29 16:53:20.581580,3.131013
2024-04-29 16:53:20.597200,5.842175
2024-04-29 16:53:20.612830,7.759535
2024-04-29 16:53:20.628450,8.7968
2024-04-29 16:53:20.644080,9.02562
2024-04-29 16:53:20.659700,8.615824
2024-04-29 16:53:20.675330,7.771503
2024-04-29 16:53:20.690960,6.678393
2024-04-29 16:53:20.706580,5.495912
2024-04-29 16:53:20.722210,4.372996
2024-04-29 16:53:20.737830,3.446597
2024-04-29 16:53:20.753460,2.830705
2024-04-29 16:53:20.769080,2.578094
2024-04-29 16:53:20.784710,2.653253
2024-04-29 16:53:20.800340,2.94022
2024-04-29 16:53:20.815960,3.302104
2024-04-29 16:53:20.831590,3.612606
2024-04-29 16:53:20.847210,3.817799
2024-04-29 16:53:20.862840,3.91606
2024-04-29 16:53:20.878460,3.912968
2024-04-29 16:53:20.894090,3.800728
2024-04-29 16:53:20.909720,3.543581
2024-04-29 16:53:20.925340,3.087474
2024-04-29 16:53:20.940970,2.408855
2024-04-29 16:53:20.956590,1.495576
2024-04-29 16:53:20.972220,0.3935266
2024-04-29 16:53:20.987840,-0.8235292
2024-04-29 16:53:21.003470,-2.065547
2024-04-29 16:53:21.019100,-3.225498
2024-04-29 16:53:21.034720,-4.223467
2024-04-29 16:53:21.050350,-5.004738
2024-04-29 16:53:21.065970,-5.562697
2024-04-29 16:53:21.081600,-5.925802
2024-04-29 16:53:21.097220,-6.156501
2024-04-29 16:53:21.112850,-6.32224
2024-04-29 16:53:21.128480,-6.532017
2024-04-29 16:53:21.144100,-6.911422
2024-04-29 16:53:21.159730,-7.588361
2024-04-29 16:53:21.175350,-8.606434
2024-04-29 16:53:21.190980,-9.862947
2024-04-29 16:53:21.206600,-11.09093
2024-04-29 16:53:21.222230,-11.90869
2024-04-29 16:53:21.237860,-11.9456
2024-04-29 16:53:21.253480,-10.96003
2024-04-29 16:53:21.269110,-8.944467
2024-04-29 16:53:21.284730,-6.12281
2024-04-29 16:53:21.300360,-2.875869
2024-04-29 16:53:21.315980,0.3692923
2024-04-29 16:53:21.331610,3.245309
2024-04-29 16:53:21.347240,5.523848
2024-04-29 16:53:21.362860,7.129084
2024-04-29 16:53:21.378490,8.086529
2024-04-29 16:53:21.394110,8.470009
2024-04-29 16:53:21.409740,8.36043
2024-04-29 16:53:21.425360,7.821987
2024-04-29 16:53:21.440990,6.922015
2024-04-29 16:53:21.456620,5.744289
2024-04-29 16:53:21.472240,4.438685
2024-04-29 16:53:21.487870,3.206691
2024-04-29 16:53:21.503490,2.275593
2024-04-29 16:53:21.519120,1.784527
2024-04-29 16:53:21.534740,1.741594
2024-04-29 16:53:21.550370,2.002945
2024-04-29 16:53:21.566000,2.337017
2024-04-29 16:53:21.581620,2.514099
2024-04-29 16:53:21.597250,2.394682
2024-04-29 16:53:21.612870,1.959234
2024-04-29 16:53:21.628500,1.289948
2024-04-29 16:53:21.644120,0.5225725
2024-04-29 16:53:21.659750,-0.2435446
2024-04-29 16:53:21.675380,-0.9695864
2024-04-29 16:53:21.691000,-1.655994
2024-04-29 16:53:21.706630,-2.347672
2024-04-29 16:53:21.722250,-3.09336
2024-04-29 16:53:21.737880,-3.941969
2024-04-29 16:53:21.753500,-4.926039
2024-04-29 16:53:21.769130,-6.042706
2024-04-29 16:53:21.784760,-7.249506
2024-04-29 16:53:21.800380,-8.446309
2024-04-29 16:53:21.816010,-9.521835
2024-04-29 16:53:21.831630,-10.39911
2024-04-29 16:53:21.847260,-11.1075
2024-04-29 16:53:21.862890,-11.77936
2024-04-29 16:53:21.878510,-12.60003
2024-04-29 16:53:21.894140,-13.67675
2024-04-29 16:53:21.909760,-14.94426
2024-04-29 16:53:21.925390,-16.12682
2024-04-29 16:53:21.941010,-16.8053
2024-04-29 16:53:21.956640,-16.5657
2024-04-29 16:53:21.972270,-15.15411
2024-04-29 16:53:21.987890,-12.5812
2024-04-29 16:53:22.003520,-9.082804
2024-04-29 16:53:22.019140,-5.044756
2024-04-29 16:53:22.034770,-0.8712006
2024-04-29 16:53:22.050390,3.094378
2024-04-29 16:53:22.066020,6.592196
2024-04-29 16:53:22.081650,9.418753
2024-04-29 16:53:22.097270,11.43074
2024-04-29 16:53:22.112900,12.53141
2024-04-29 16:53:22.128520,12.71469
2024-04-29 16:53:22.144150,12.08886
2024-04-29 16:53:22.159770,10.85997
2024-04-29 16:53:22.175400,9.295334
2024-04-29 16:53:22.191030,7.653916
2024-04-29 16:53:22.206650,6.168779
2024-04-29 16:53:22.222280,5.009778
2024-04-29 16:53:22.237900,4.294479
2024-04-29 16:53:22.253530,4.08158
2024-04-29 16:53:22.269150,4.353132
2024-04-29 16:53:22.284780,4.984834
2024-04-29 16:53:22.300410,5.733858
2024-04-29 16:53:22.316030,6.311437
2024-04-29 16:53:22.331660,6.466231
2024-04-29 16:53:22.347280,6.108775
2024-04-29 16:53:22.362910,5.351788
2024-04-29 16:53:22.378530,4.457378
2024-04-29 16:53:22.394160,3.670132
2024-04-29 16:53:22.409790,3.104252
2024-04-29 16:53:22.425410,2.652734
2024-04-29 16:53:22.441040,2.077625
2024-04-29 16:53:22.456660,1.133177
2024-04-29 16:53:22.472290,-0.2789545
2024-04-29 16:53:22.487910,-2.049464
2024-04-29 16:53:22.503540,-3.931401
2024-04-29 16:53:22.519170,-5.641842
2024-04-29 16:53:22.534790,-7.004948
2024-04-29 16:53:22.550420,-7.997446
2024-04-29 16:53:22.566040,-8.728593
2024-04-29 16:53:22.581670,-9.38341
2024-04-29 16:53:22.597290,-10.13964
2024-04-29 16:53:22.612920,-11.12136
2024-04-29 16:53:22.628550,-12.3652
2024-04-29 16:53:22.644170,-13.80083
2024-04-29 16:53:22.659800,-15.24044
2024-04-29 16:53:22.675420,-16.35977
2024-04-29 16:53:22.691050,-16.78861
2024-04-29 16:53:22.706670,-16.18103
2024-04-29 16:53:22.722300,-14.34425
2024-04-29 16:53:22.737930,-11.3076
2024-04-29 16:53:22.753550,-7.344604
2024-04-29 16:53:22.769180,-2.873798
2024-04-29 16:53:22.784800,1.615152
2024-04-29 16:53:22.800430,5.682011
2024-04-29 16:53:22.816050,8.994406
2024-04-29 16:53:22.831680,11.32423
2024-04-29 16:53:22.847310,12.57341
2024-04-29 16:53:22.862930,12.7668
2024-04-29 16:53:22.878560,12.07759
2024-04-29 16:53:22.894180,10.79226
2024-04-29 16:53:22.909810,9.271557
2024-04-29 16:53:22.925430,7.834936
2024-04-29 16:53:22.941060,6.694715
2024-04-29 16:53:22.956690,5.936996
2024-04-29 16:53:22.972310,5.542027
2024-04-29 16:53:22.987940,5.459711
2024-04-29 16:53:23.003560,5.617929
2024-04-29 16:53:23.019190,5.933744
2024-04-29 16:53:23.034810,6.28838
2024-04-29 16:53:23.050440,6.550556
2024-04-29 16:53:23.066070,6.588173
2024-04-29 16:53:23.081690,6.344795
2024-04-29 16:53:23.097320,5.852707
2024-04-29 16:53:23.112940,5.218908
2024-04-29 16:53:23.128570,4.536144
2024-04-29 16:53:23.144190,3.825054
2024-04-29 16:53:23.159820,2.993555
2024-04-29 16:53:23.175450,1.910501
2024-04-29 16:53:23.191070,0.5047321
2024-04-29 16:53:23.206700,-1.170208
2024-04-29 16:53:23.222320,-2.9244
2024-04-29 16:53:23.237950,-4.509613
2024-04-29 16:53:23.253570,-5.726723
2024-04-29 16:53:23.269200,-6.502262
2024-04-29 16:53:23.284830,-6.924213
2024-04-29 16:53:23.300450,-7.196201
2024-04-29 16:53:23.316080,-7.575546
2024-04-29 16:53:23.331700,-8.314842
2024-04-29 16:53:23.347330,-9.536545
2024-04-29 16:53:23.362950,-11.19556
2024-04-29 16:53:23.378580,-13.01943
2024-04-29 16:53:23.394210,-14.5564
2024-04-29 16:53:23.409830,-15.2705
2024-04-29 16:53:23.425460,-14.70967
2024-04-29 16:53:23.441080,-12.64927
2024-04-29 16:53:23.456710,-9.202442
2024-04-29 16:53:23.472330,-4.786427
2024-04-29 16:53:23.487960,0.01114273
2024-04-29 16:53:23.503590,4.587666
2024-04-29 16:53:23.519210,8.487476
2024-04-29 16:53:23.534840,11.45252
2024-04-29 16:53:23.550460,13.42059
2024-04-29 16:53:23.566090,14.42916
2024-04-29 16:53:23.581710,14.56336
2024-04-29 16:53:23.597340,13.92054
2024-04-29 16:53:23.612970,12.62195
2024-04-29 16:53:23.628590,10.85902
2024-04-29 16:53:23.644220,8.900532
2024-04-29 16:53:23.659840,7.074848
2024-04-29 16:53:23.675470,5.669704
2024-04-29 16:53:23.691090,4.878414
2024-04-29 16:53:23.706720,4.677719
2024-04-29 16:53:23.722350,4.882027
2024-04-29 16:53:23.737970,5.193733
2024-04-29 16:53:23.753600,5.355087
2024-04-29 16:53:23.769220,5.222668
2024-04-29 16:53:23.784850,4.807957
2024-04-29 16:53:23.800470,4.216644
2024-04-29 16:53:23.816100,3.563171
2024-04-29 16:53:23.831730,2.908192
2024-04-29 16:53:23.847350,2.230396
2024-04-29 16:53:23.862980,1.467464
2024-04-29 16:53:23.878600,0.5450706
2024-04-29 16:53:23.894230,-0.5736427
2024-04-29 16:53:23.909850,-1.893505
2024-04-29 16:53:23.925480,-3.371983
2024-04-29 16:53:23.941110,-4.920822
2024-04-29 16:53:23.956730,-6.401245
2024-04-29 16:53:23.972360,-7.649471
2024-04-29 16:53:23.987980,-8.530407
2024-04-29 16:53:24.003610,-8.999557
2024-04-29 16:53:24.019230,-9.175434
2024-04-29 16:53:24.034860,-9.318348
2024-04-29 16:53:24.050490,-9.756893
2024-04-29 16:53:24.066110,-10.75314
2024-04-29 16:53:24.081740,-12.3542
2024-04-29 16:53:24.097360,-14.3049
2024-04-29 16:53:24.112990,-16.07193
2024-04-29 16:53:24.128620,-16.98893
2024-04-29 16:53:24.144240,-16.44688
2024-04-29 16:53:24.159870,-14.10156
2024-04-29 16:53:24.175490,-10.02744
2024-04-29 16:53:24.191120,-4.678253
2024-04-29 16:53:24.206740,1.206497
2024-04-29 16:53:24.222370,6.81324
2024-04-29 16:53:24.238000,11.4444
2024-04-29 16:53:24.253620,14.70429
2024-04-29 16:53:24.269250,16.50601
2024-04-29 16:53:24.284870,17.03119
2024-04-29 16:53:24.300500,16.6199
2024-04-29 16:53:24.316120,15.61258
2024-04-29 16:53:24.331750,14.29034
2024-04-29 16:53:24.347380,12.84216
2024-04-29 16:53:24.363000,11.40554
2024-04-29 16:53:24.378630,10.08871
2024-04-29 16:53:24.394250,9.024399
2024-04-29 16:53:24.409880,8.305382
2024-04-29 16:53:24.425500,7.972153
2024-04-29 16:53:24.441130,7.967804
2024-04-29 16:53:24.456760,8.150963
2024-04-29 16:53:24.472380,8.336807
2024-04-29 16:53:24.488010,8.383842
2024-04-29 16:53:24.503630,8.245056
2024-04-29 16:53:24.519260,7.9478
2024-04-29 16:53:24.534880,7.567436
2024-04-29 16:53:24.550510,7.149139
2024-04-29 16:53:24.566140,6.67231
2024-04-29 16:53:24.581760,6.05941
2024-04-29 16:53:24.597390,5.193062
2024-04-29 16:53:24.613010,4.000961
2024-04-29 16:53:24.628640,2.478233
2024-04-29 16:53:24.644260,0.7211838
2024-04-29 16:53:24.659890,-1.094528
2024-04-29 16:53:24.675520,-2.751289
2024-04-29 16:53:24.691140,-4.077477
2024-04-29 16:53:24.706770,-5.000031
2024-04-29 16:53:24.722390,-5.586586
2024-04-29 16:53:24.738020,-6.038918
2024-04-29 16:53:24.753640,-6.609322
2024-04-29 16:53:24.769270,-7.504799
2024-04-29 16:53:24.784900,-8.801308
2024-04-29 16:53:24.800520,-10.40808
2024-04-29 16:53:24.816150,-12.0934
2024-04-29 16:53:24.831770,-13.54531
2024-04-29 16:53:24.847400,-14.42867
2024-04-29 16:53:24.863020,-14.4063
2024-04-29 16:53:24.878650,-13.23091
2024-04-29 16:53:24.894280,-10.76494
2024-04-29 16:53:24.909900,-7.079163
2024-04-29 16:53:24.925530,-2.475159
2024-04-29 16:53:24.941150,2.53363
2024-04-29 16:53:24.956780,7.334946
2024-04-29 16:53:24.972400,11.36942
2024-04-29 16:53:24.988030,14.24117
2024-04-29 16:53:25.003660,15.78876
2024-04-29 16:53:25.019280,16.06908
2024-04-29 16:53:25.034910,15.27408
2024-04-29 16:53:25.050530,13.64312
2024-04-29 16:53:25.066160,11.44716
2024-04-29 16:53:25.081780,8.979408
2024-04-29 16:53:25.097410,6.572586
2024-04-29 16:53:25.113040,4.58287
2024-04-29 16:53:25.128660,3.296494
2024-04-29 16:53:25.144290,2.850716
2024-04-29 16:53:25.159910,3.148445
2024-04-29 16:53:25.175540,3.909607
2024-04-29 16:53:25.191160,4.74585
2024-04-29 16:53:25.206790,5.329422
2024-04-29 16:53:25.222420,5.493683
2024-04-29 16:53:25.238040,5.277725
2024-04-29 16:53:25.253670,4.846703
2024-04-29 16:53:25.269290,4.380157
2024-04-29 16:53:25.284920,3.967339
2024-04-29 16:53:25.300540,3.570671
2024-04-29 16:53:25.316170,3.086624
2024-04-29 16:53:25.331800,2.409088
2024-04-29 16:53:25.347420,1.499809
2024-04-29 16:53:25.363050,0.4082947
2024-04-29 16:53:25.378670,-0.7847443
2024-04-29 16:53:25.394300,-1.96814
2024-04-29 16:53:25.409920,-3.054886
2024-04-29 16:53:25.425550,-3.965958
2024-04-29 16:53:25.441180,-4.65406
2024-04-29 16:53:25.456800,-5.121811
2024-04-29 16:53:25.472430,-5.457657
2024-04-29 16:53:25.488050,-5.82312
2024-04-29 16:53:25.503680,-6.422989
2024-04-29 16:53:25.519300,-7.40284
2024-04-29 16:53:25.534930,-8.733063
2024-04-29 16:53:25.550560,-10.16399
2024-04-29 16:53:25.566180,-11.26132
2024-04-29 16:53:25.581810,-11.53528
2024-04-29 16:53:25.597430,-10.61366
2024-04-29 16:53:25.613060,-8.38765
2024-04-29 16:53:25.628680,-5.056725
2024-04-29 16:53:25.644310,-1.047104
2024-04-29 16:53:25.659940,3.106697
2024-04-29 16:53:25.675560,6.949203
2024-04-29 16:53:25.691190,10.14817
2024-04-29 16:53:25.706810,12.53593
2024-04-29 16:53:25.722440,14.02445
2024-04-29 16:53:25.738060,14.57478
2024-04-29 16:53:25.753690,14.17197
2024-04-29 16:53:25.769320,12.89008
2024-04-29 16:53:25.784940,10.94925
2024-04-29 16:53:25.800570,8.730118
2024-04-29 16:53:25.816190,6.68261
2024-04-29 16:53:25.831820,5.188522
2024-04-29 16:53:25.847440,4.425568
2024-04-29 16:53:25.863070,4.319839
2024-04-29 16:53:25.878700,4.630276
2024-04-29 16:53:25.894320,5.082684
2024-04-29 16:53:25.909950,5.503399
2024-04-29 16:53:25.925570,5.849121
2024-04-29 16:53:25.941200,6.13961
2024-04-29 16:53:25.956820,6.380459
2024-04-29 16:53:25.972450,6.509941
2024-04-29 16:53:25.988080,6.428154
2024-04-29 16:53:26.003700,6.066299
2024-04-29 16:53:26.019330,5.433712
2024-04-29 16:53:26.034950,4.628128
2024-04-29 16:53:26.050580,3.758743
2024-04-29 16:53:26.066200,2.913136
2024-04-29 16:53:26.081830,2.100849
2024-04-29 16:53:26.097460,1.281189
2024-04-29 16:53:26.113080,0.4231606
2024-04-29 16:53:26.128710,-0.4769592
2024-04-29 16:53:26.144330,-1.375576
2024-04-29 16:53:26.159960,-2.223072
2024-04-29 16:53:26.175580,-2.97229
2024-04-29 16:53:26.191210,-3.656857
2024-04-29 16:53:26.206840,-4.370224
2024-04-29 16:53:26.222460,-5.270592
2024-04-29 16:53:26.238090,-6.48769
2024-04-29 16:53:26.253710,-8.043774
2024-04-29 16:53:26.269340,-9.763039
2024-04-29 16:53:26.284970,-11.27986
2024-04-29 16:53:26.300590,-12.09886
2024-04-29 16:53:26.316220,-11.77355
2024-04-29 16:53:26.331840,-10.08399
2024-04-29 16:53:26.347470,-7.133995
2024-04-29 16:53:26.363090,-3.354469
2024-04-29 16:53:26.378720,0.651268
2024-04-29 16:53:26.394350,4.273499
2024-04-29 16:53:26.409970,7.078506
2024-04-29 16:53:26.425600,8.843822
2024-04-29 16:53:26.441220,9.556782
2024-04-29 16:53:26.456850,9.316978
2024-04-29 16:53:26.472470,8.268517
2024-04-29 16:53:26.488100,6.604248
2024-04-29 16:53:26.503730,4.521503
2024-04-29 16:53:26.519350,2.271194
2024-04-29 16:53:26.534980,0.1080475
2024-04-29 16:53:26.550600,-1.725731
2024-04-29 16:53:26.566230,-3.063171
2024-04-29 16:53:26.581850,-3.846321
2024-04-29 16:53:26.597480,-4.12307
2024-04-29 16:53:26.613110,-4.04034
2024-04-29 16:53:26.628730,-3.761059
2024-04-29 16:53:26.644360,-3.437912
2024-04-29 16:53:26.659980,-3.153664
2024-04-29 16:53:26.675610,-2.933819
2024-04-29 16:53:26.691230,-2.770851
2024-04-29 16:53:26.706860,-2.659462
2024-04-29 16:53:26.722490,-2.633018
2024-04-29 16:53:26.738110,-2.717222
2024-04-29 16:53:26.753740,-2.941967
2024-04-29 16:53:26.769360,-3.290695
2024-04-29 16:53:26.784990,-3.71693
2024-04-29 16:53:26.800610,-4.168211
2024-04-29 16:53:26.816240,-4.638594
2024-04-29 16:53:26.831870,-5.163828
2024-04-29 16:53:26.847490,-5.79344
2024-04-29 16:53:26.863120,-6.564707
2024-04-29 16:53:26.878740,-7.451035
2024-04-29 16:53:26.894370,-8.384859
2024-04-29 16:53:26.909990,-9.262402
2024-04-29 16:53:26.925620,-10.00698
2024-04-29 16:53:26.941250,-10.53841
2024-04-29 16:53:26.956870,-10.73564
2024-04-29 16:53:26.972500,-10.41478
2024-04-29 16:53:26.988120,-9.336153
2024-04-29 16:53:27.003750,-7.319483
2024-04-29 16:53:27.019370,-4.350874
2024-04-29 16:53:27.035000,-0.7036934
2024-04-29 16:53:27.050630,3.124002
2024-04-29 16:53:27.066250,6.523922
2024-04-29 16:53:27.081880,8.983229
2024-04-29 16:53:27.097500,10.23063
2024-04-29 16:53:27.113130,10.31976
2024-04-29 16:53:27.128750,9.544291
2024-04-29 16:53:27.144380,8.28565
2024-04-29 16:53:27.160010,6.893009
2024-04-29 16:53:27.175630,5.581831
2024-04-29 16:53:27.191260,4.438198
2024-04-29 16:53:27.206880,3.45505
2024-04-29 16:53:27.222510,2.583223
2024-04-29 16:53:27.238130,1.776114
2024-04-29 16:53:27.253760,1.015762
2024-04-29 16:53:27.269390,0.3319016
2024-04-29 16:53:27.285010,-0.1914444
2024-04-29 16:53:27.300640,-0.4554043
2024-04-29 16:53:27.316260,-0.4093151
2024-04-29 16:53:27.331890,-0.101284
2024-04-29 16:53:27.347510,0.3228416
2024-04-29 16:53:27.363140,0.6685867
2024-04-29 16:53:27.378770,0.7735138
2024-04-29 16:53:27.394390,0.5645008
2024-04-29 16:53:27.410020,0.07703018
2024-04-29 16:53:27.425640,-0.6024761
2024-04-29 16:53:27.441270,-1.406555
2024-04-29 16:53:27.456890,-2.297295
2024-04-29 16:53:27.472520,-3.266779
2024-04-29 16:53:27.488150,-4.283506
2024-04-29 16:53:27.503770,-5.311623
2024-04-29 16:53:27.519400,-6.289785
2024-04-29 16:53:27.535020,-7.181263
2024-04-29 16:53:27.550650,-7.975821
2024-04-29 16:53:27.566270,-8.638681
2024-04-29 16:53:27.581900,-9.064226
2024-04-29 16:53:27.597530,-9.08392
2024-04-29 16:53:27.613150,-8.497357
2024-04-29 16:53:27.628780,-7.175134
2024-04-29 16:53:27.644400,-5.136534
2024-04-29 16:53:27.660030,-2.547063
2024-04-29 16:53:27.675650,0.3038177
2024-04-29 16:53:27.691280,3.104333
2024-04-29 16:53:27.706910,5.591344
2024-04-29 16:53:27.722530,7.57769
2024-04-29 16:53:27.738160,8.932268
2024-04-29 16:53:27.753780,9.580987
2024-04-29 16:53:27.769410,9.500822
2024-04-29 16:53:27.785030,8.740663
2024-04-29 16:53:27.800660,7.43708
2024-04-29 16:53:27.816290,5.789205
2024-04-29 16:53:27.831910,4.032019
2024-04-29 16:53:27.847540,2.401965
2024-04-29 16:53:27.863160,1.087601
2024-04-29 16:53:27.878790,0.2179232
2024-04-29 16:53:27.894410,-0.1620417
2024-04-29 16:53:27.910040,-0.101326
2024-04-29 16:53:27.925670,0.2664804
2024-04-29 16:53:27.941290,0.7570772
2024-04-29 16:53:27.956920,1.162836
2024-04-29 16:53:27.972540,1.331981
2024-04-29 16:53:27.988170,1.201049
2024-04-29 16:53:28.003790,0.8052053
2024-04-29 16:53:28.019420,0.2280016
2024-04-29 16:53:28.035050,-0.4181566
2024-04-29 16:53:28.050670,-1.070965
2024-04-29 16:53:28.066300,-1.725973
2024-04-29 16:53:28.081920,-2.414985
2024-04-29 16:53:28.097550,-3.182815
2024-04-29 16:53:28.113170,-4.053274
2024-04-29 16:53:28.128800,-5.023586
2024-04-29 16:53:28.144430,-6.064081
2024-04-29 16:53:28.160050,-7.105229
2024-04-29 16:53:28.175680,-8.021471
2024-04-29 16:53:28.191300,-8.643845
2024-04-29 16:53:28.206930,-8.77571
2024-04-29 16:53:28.222550,-8.219876
2024-04-29 16:53:28.238180,-6.852787
2024-04-29 16:53:28.253810,-4.704782
2024-04-29 16:53:28.269430,-1.951717
2024-04-29 16:53:28.285060,1.094879
2024-04-29 16:53:28.300680,4.051803
2024-04-29 16:53:28.316310,6.576295
2024-04-29 16:53:28.331930,8.392822
2024-04-29 16:53:28.347560,9.339315
2024-04-29 16:53:28.363190,9.390907
2024-04-29 16:53:28.378810,8.623968
2024-04-29 16:53:28.394440,7.218498
2024-04-29 16:53:28.410060,5.435883
2024-04-29 16:53:28.425690,3.570153
2024-04-29 16:53:28.441310,1.900383
2024-04-29 16:53:28.456940,0.6374149
2024-04-29 16:53:28.472570,-0.1129217
2024-04-29 16:53:28.488190,-0.386415
2024-04-29 16:53:28.503820,-0.2861571
2024-04-29 16:53:28.519440,-0.01779652
2024-04-29 16:53:28.535070,0.2445607
2024-04-29 16:53:28.550690,0.3709867
2024-04-29 16:53:28.566320,0.324801
2024-04-29 16:53:28.581950,0.1695528
2024-04-29 16:53:28.597570,0.03478408
2024-04-29 16:53:28.613200,0.04168296
2024-04-29 16:53:28.628820,0.2413661
2024-04-29 16:53:28.644450,0.5763912
2024-04-29 16:53:28.660070,0.8792434
2024-04-29 16:53:28.675700,0.9452162
2024-04-29 16:53:28.691330,0.6159056
2024-04-29 16:53:28.706950,-0.1742139
2024-04-29 16:53:28.722580,-1.352653
2024-04-29 16:53:28.738200,-2.721267
2024-04-29 16:53:28.753830,-4.031646
2024-04-29 16:53:28.769450,-5.003682
2024-04-29 16:53:28.785080,-5.384169
2024-04-29 16:53:28.800710,-4.979285
2024-04-29 16:53:28.816330,-3.719019
2024-04-29 16:53:28.831960,-1.669405
2024-04-29 16:53:28.847580,0.9391925
2024-04-29 16:53:28.863210,3.769633
2024-04-29 16:53:28.878830,6.457343
2024-04-29 16:53:28.894460,8.709879
2024-04-29 16:53:28.910090,10.36573
2024-04-29 16:53:28.925710,11.36948
2024-04-29 16:53:28.941340,11.72091
2024-04-29 16:53:28.956960,11.42544
2024-04-29 16:53:28.972590,10.49777
2024-04-29 16:53:28.988220,8.993582
2024-04-29 16:53:29.003840,7.087826
2024-04-29 16:53:29.019470,5.054028
2024-04-29 16:53:29.035090,3.212458
2024-04-29 16:53:29.050720,1.815918
2024-04-29 16:53:29.066340,0.9566784
2024-04-29 16:53:29.081970,0.5774746
2024-04-29 16:53:29.097600,0.5227098
2024-04-29 16:53:29.113220,0.6232891
2024-04-29 16:53:29.128850,0.7545271
2024-04-29 16:53:29.144470,0.8343229
2024-04-29 16:53:29.160100,0.8045368
2024-04-29 16:53:29.175720,0.6318617
2024-04-29 16:53:29.191350,0.3144178
2024-04-29 16:53:29.206980,-0.1073599
2024-04-29 16:53:29.222600,-0.5529003
2024-04-29 16:53:29.238230,-0.9589186
2024-04-29 16:53:29.253850,-1.326667
2024-04-29 16:53:29.269480,-1.756621
2024-04-29 16:53:29.285100,-2.388602
2024-04-29 16:53:29.300730,-3.311492
2024-04-29 16:53:29.316360,-4.484388
2024-04-29 16:53:29.331980,-5.717344
2024-04-29 16:53:29.347610,-6.715273
2024-04-29 16:53:29.363230,-7.160805
2024-04-29 16:53:29.378860,-6.826607
2024-04-29 16:53:29.394480,-5.64337
2024-04-29 16:53:29.410110,-3.719463
2024-04-29 16:53:29.425740,-1.315033
2024-04-29 16:53:29.441360,1.209511
2024-04-29 16:53:29.456990,3.476223
2024-04-29 16:53:29.472610,5.188358
2024-04-29 16:53:29.488240,6.195229
2024-04-29 16:53:29.503860,6.498974
2024-04-29 16:53:29.519490,6.257185
2024-04-29 16:53:29.535120,5.661201
2024-04-29 16:53:29.550740,4.875896
2024-04-29 16:53:29.566370,3.978075
2024-04-29 16:53:29.581990,2.987753
2024-04-29 16:53:29.597620,1.928549
2024-04-29 16:53:29.613240,0.8797417
2024-04-29 16:53:29.628870,-0.01775742
2024-04-29 16:53:29.644500,-0.6244011
2024-04-29 16:53:29.660120,-0.8668518
2024-04-29 16:53:29.675750,-0.7783546
2024-04-29 16:53:29.691370,-0.4970512
2024-04-29 16:53:29.707000,-0.1850815
2024-04-29 16:53:29.722620,0.02357864
2024-04-29 16:53:29.738250,0.06830597
2024-04-29 16:53:29.753880,-0.06095886
2024-04-29 16:53:29.769500,-0.3388748
2024-04-29 16:53:29.785130,-0.7718315
2024-04-29 16:53:29.800750,-1.363968
2024-04-29 16:53:29.816380,-2.133511
2024-04-29 16:53:29.832000,-3.073929
2024-04-29 16:53:29.847630,-4.140293
2024-04-29 16:53:29.863260,-5.248344
2024-04-29 16:53:29.878880,-6.289951
2024-04-29 16:53:29.894510,-7.153557
2024-04-29 16:53:29.910130,-7.731453
2024-04-29 16:53:29.925760,-7.938198
2024-04-29 16:53:29.941380,-7.686199
2024-04-29 16:53:29.957010,-6.936653
2024-04-29 16:53:29.972640,-5.688499
2024-04-29 16:53:29.988260,-3.995224
2024-04-29 16:53:30.003890,-1.974335
2024-04-29 16:53:30.019510,0.2021942
2024-04-29 16:53:30.035140,2.318867
2024-04-29 16:53:30.050760,4.154579
2024-04-29 16:53:30.066390,5.482906
2024-04-29 16:53:30.082020,6.121803
2024-04-29 16:53:30.097640,5.99231
2024-04-29 16:53:30.113270,5.144676
2024-04-29 16:53:30.128890,3.786816
2024-04-29 16:53:30.144520,2.213715
2024-04-29 16:53:30.160140,0.7203751
2024-04-29 16:53:30.175770,-0.4706879
2024-04-29 16:53:30.191400,-1.261196
2024-04-29 16:53:30.207020,-1.662323
2024-04-29 16:53:30.222650,-1.757294
2024-04-29 16:53:30.238270,-1.647091
2024-04-29 16:53:30.253900,-1.411251
2024-04-29 16:53:30.269520,-1.125195
2024-04-29 16:53:30.285150,-0.8777733
2024-04-29 16:53:30.300780,-0.7587967
2024-04-29 16:53:30.316400,-0.8390579
2024-04-29 16:53:30.332030,-1.136803
2024-04-29 16:53:30.347650,-1.593254
2024-04-29 16:53:30.363280,-2.105934
2024-04-29 16:53:30.378900,-2.579216
2024-04-29 16:53:30.394530,-3.014088
2024-04-29 16:53:30.410160,-3.508083
2024-04-29 16:53:30.425780,-4.230003
2024-04-29 16:53:30.441410,-5.30077
2024-04-29 16:53:30.457030,-6.701591
2024-04-29 16:53:30.472660,-8.227036
2024-04-29 16:53:30.488280,-9.506248
2024-04-29 16:53:30.503910,-10.129
2024-04-29 16:53:30.519540,-9.793579
2024-04-29 16:53:30.535160,-8.416908
2024-04-29 16:53:30.550790,-6.154694
2024-04-29 16:53:30.566410,-3.350471
2024-04-29 16:53:30.582040,-0.4143867
2024-04-29 16:53:30.597660,2.266361
2024-04-29 16:53:30.613290,4.372284
2024-04-29 16:53:30.628920,5.684139
2024-04-29 16:53:30.644540,6.096291
2024-04-29 16:53:30.660170,5.666641
2024-04-29 16:53:30.675790,4.579193
2024-04-29 16:53:30.691420,3.133644
2024-04-29 16:53:30.707040,1.637516
2024-04-29 16:53:30.722670,0.3449898
2024-04-29 16:53:30.738300,-0.6139183
2024-04-29 16:53:30.753920,-1.225758
2024-04-29 16:53:30.769550,-1.544605
2024-04-29 16:53:30.785170,-1.657192
2024-04-29 16:53:30.800800,-1.642414
2024-04-29 16:53:30.816420,-1.570019
2024-04-29 16:53:30.832050,-1.498508
2024-04-29 16:53:30.847680,-1.469917
2024-04-29 16:53:30.863300,-1.501724
2024-04-29 16:53:30.878930,-1.570061
2024-04-29 16:53:30.894550,-1.663498
2024-04-29 16:53:30.910180,-1.790344
2024-04-29 16:53:30.925800,-2.023018
2024-04-29 16:53:30.941430,-2.467194
2024-04-29 16:53:30.957060,-3.211754
2024-04-29 16:53:30.972680,-4.265038
2024-04-29 16:53:30.988310,-5.499031
2024-04-29 16:53:31.003930,-6.673187
2024-04-29 16:53:31.019560,-7.501732
2024-04-29 16:53:31.035180,-7.754356
2024-04-29 16:53:31.050810,-7.282951
2024-04-29 16:53:31.066440,-6.094559
2024-04-29 16:53:31.082060,-4.300011
2024-04-29 16:53:31.097690,-2.106628
2024-04-29 16:53:31.113310,0.2442398
2024-04-29 16:53:31.128940,2.510231
2024-04-29 16:53:31.144570,4.466904
2024-04-29 16:53:31.160190,5.956169
2024-04-29 16:53:31.175820,6.854485
2024-04-29 16:53:31.191440,7.12635
2024-04-29 16:53:31.207070,6.797104
2024-04-29 16:53:31.222690,5.967239
2024-04-29 16:53:31.238320,4.795517
2024-04-29 16:53:31.253950,3.468803
2024-04-29 16:53:31.269570,2.149757
2024-04-29 16:53:31.285200,0.9490128
2024-04-29 16:53:31.300820,-0.06637573
2024-04-29 16:53:31.316450,-0.8830185
2024-04-29 16:53:31.332070,-1.47612
2024-04-29 16:53:31.347700,-1.861031
2024-04-29 16:53:31.363330,-2.080017
2024-04-29 16:53:31.378950,-2.216873
2024-04-29 16:53:31.394580,-2.383194
2024-04-29 16:53:31.410200,-2.689644
2024-04-29 16:53:31.425830,-3.185364
2024-04-29 16:53:31.441450,-3.833534
2024-04-29 16:53:31.457080,-4.561676
2024-04-29 16:53:31.472710,-5.302452
2024-04-29 16:53:31.488330,-6.070496
2024-04-29 16:53:31.503960,-6.956314
2024-04-29 16:53:31.519580,-8.034447
2024-04-29 16:53:31.535210,-9.264702
2024-04-29 16:53:31.550830,-10.42702
2024-04-29 16:53:31.566460,-11.17811
2024-04-29 16:53:31.582090,-11.16176
2024-04-29 16:53:31.597710,-10.19312
2024-04-29 16:53:31.613340,-8.311058
2024-04-29 16:53:31.628960,-5.78759
2024-04-29 16:53:31.644590,-2.981903
2024-04-29 16:53:31.660210,-0.2133408
2024-04-29 16:53:31.675840,2.339401
2024-04-29 16:53:31.691470,4.600403
2024-04-29 16:53:31.707090,6.549057
2024-04-29 16:53:31.722720,8.113091
2024-04-29 16:53:31.738340,9.123253
2024-04-29 16:53:31.753970,9.395943
2024-04-29 16:53:31.769590,8.805801
2024-04-29 16:53:31.785220,7.401905
2024-04-29 16:53:31.800850,5.455688
2024-04-29 16:53:31.816470,3.36763
2024-04-29 16:53:31.832100,1.541607
2024-04-29 16:53:31.847720,0.2689247
2024-04-29 16:53:31.863350,-0.3793678
2024-04-29 16:53:31.878970,-0.5316048
2024-04-29 16:53:31.894600,-0.4211578
2024-04-29 16:53:31.910230,-0.289135
2024-04-29 16:53:31.925850,-0.293026
2024-04-29 16:53:31.941480,-0.4825363
2024-04-29 16:53:31.957100,-0.8431816
2024-04-29 16:53:31.972730,-1.34034
2024-04-29 16:53:31.988350,-1.922539
2024-04-29 16:53:32.003980,-2.569599
2024-04-29 16:53:32.019610,-3.277187
2024-04-29 16:53:32.035230,-4.059017
2024-04-29 16:53:32.050860,-4.96349
2024-04-29 16:53:32.066480,-6.067898
2024-04-29 16:53:32.082110,-7.408539
2024-04-29 16:53:32.097730,-8.943745
2024-04-29 16:53:32.113360,-10.4738
2024-04-29 16:53:32.128990,-11.67173
2024-04-29 16:53:32.144610,-12.17276
2024-04-29 16:53:32.160240,-11.70085
2024-04-29 16:53:32.175860,-10.1554
2024-04-29 16:53:32.191490,-7.688717
2024-04-29 16:53:32.207110,-4.627968
2024-04-29 16:53:32.222740,-1.35284
2024-04-29 16:53:32.238370,1.773045
2024-04-29 16:53:32.253990,4.48576
2024-04-29 16:53:32.269620,6.615921
2024-04-29 16:53:32.285240,8.048946
2024-04-29 16:53:32.300870,8.724339
2024-04-29 16:53:32.316490,8.674484
2024-04-29 16:53:32.332120,8.009361
2024-04-29 16:53:32.347750,6.959343
2024-04-29 16:53:32.363370,5.823814
2024-04-29 16:53:32.379000,4.853111
2024-04-29 16:53:32.394620,4.198299
2024-04-29 16:53:32.410250,3.881657
2024-04-29 16:53:32.425870,3.799179
2024-04-29 16:53:32.441500,3.821388
2024-04-29 16:53:32.457130,3.868145
2024-04-29 16:53:32.472750,3.914364
2024-04-29 16:53:32.488380,3.965622
2024-04-29 16:53:32.504000,4.006035
2024-04-29 16:53:32.519630,3.94482
2024-04-29 16:53:32.535250,3.660942
2024-04-29 16:53:32.550880,3.072113
2024-04-29 16:53:32.566510,2.195961
2024-04-29 16:53:32.582130,1.178185
2024-04-29 16:53:32.597760,0.2102356
2024-04-29 16:53:32.613380,-0.573658
2024-04-29 16:53:32.629010,-1.137772
2024-04-29 16:53:32.644630,-1.584923
2024-04-29 16:53:32.660260,-2.081234
2024-04-29 16:53:32.675890,-2.747688
2024-04-29 16:53:32.691510,-3.605999
2024-04-29 16:53:32.707140,-4.601837
2024-04-29 16:53:32.722760,-5.65176
2024-04-29 16:53:32.738390,-6.680511
2024-04-29 16:53:32.754010,-7.646328
2024-04-29 16:53:32.769640,-8.470753
2024-04-29 16:53:32.785270,-8.9771
2024-04-29 16:53:32.800890,-8.902454
2024-04-29 16:53:32.816520,-7.961361
2024-04-29 16:53:32.832140,-5.990158
2024-04-29 16:53:32.847770,-3.05611
2024-04-29 16:53:32.863390,0.5267258
2024-04-29 16:53:32.879020,4.24424
2024-04-29 16:53:32.894650,7.542458
2024-04-29 16:53:32.910270,10.01162
2024-04-29 16:53:32.925900,11.4604
2024-04-29 16:53:32.941520,11.95597
2024-04-29 16:53:32.957150,11.7258
2024-04-29 16:53:32.972770,11.04929
2024-04-29 16:53:32.988400,10.14975
2024-04-29 16:53:33.004030,9.161911
2024-04-29 16:53:33.019650,8.157318
2024-04-29 16:53:33.035280,7.187641
2024-04-29 16:53:33.050900,6.340881
2024-04-29 16:53:33.066530,5.716465
2024-04-29 16:53:33.082150,5.398228
2024-04-29 16:53:33.097780,5.379829
2024-04-29 16:53:33.113410,5.55904
2024-04-29 16:53:33.129030,5.773201
2024-04-29 16:53:33.144660,5.876545
2024-04-29 16:53:33.160280,5.789703
2024-04-29 16:53:33.175910,5.524746
2024-04-29 16:53:33.191530,5.154007
2024-04-29 16:53:33.207160,4.722729
2024-04-29 16:53:33.222790,4.223526
2024-04-29 16:53:33.238410,3.621822
2024-04-29 16:53:33.254040,2.880196
2024-04-29 16:53:33.269660,2.01902
2024-04-29 16:53:33.285290,1.111217
2024-04-29 16:53:33.300910,0.250885
2024-04-29 16:53:33.316540,-0.5078011
2024-04-29 16:53:33.332170,-1.176533
2024-04-29 16:53:33.347790,-1.828156
2024-04-29 16:53:33.363420,-2.534416
2024-04-29 16:53:33.379040,-3.322701
2024-04-29 16:53:33.394670,-4.155575
2024-04-29 16:53:33.410300,-4.968388
2024-04-29 16:53:33.425920,-5.701477
2024-04-29 16:53:33.441550,-6.34193
2024-04-29 16:53:33.457170,-6.928917
2024-04-29 16:53:33.472800,-7.527851
2024-04-29 16:53:33.488420,-8.209019
2024-04-29 16:53:33.504050,-9.018764
2024-04-29 16:53:33.519680,-9.947891
2024-04-29 16:53:33.535300,-10.9147
2024-04-29 16:53:33.550930,-11.73937
2024-04-29 16:53:33.566550,-12.175
2024-04-29 16:53:33.582180,-11.95739
2024-04-29 16:53:33.597800,-10.88838
2024-04-29 16:53:33.613430,-8.908459
2024-04-29 16:53:33.629060,-6.14444
2024-04-29 16:53:33.644680,-2.864185
2024-04-29 16:53:33.660310,0.5673485
2024-04-29 16:53:33.675930,3.779438
2024-04-29 16:53:33.691560,6.480339
2024-04-29 16:53:33.707180,8.481895
2024-04-29 16:53:33.722810,9.714035
2024-04-29 16:53:33.738440,10.20155
2024-04-29 16:53:33.754060,10.02799
2024-04-29 16:53:33.769690,9.309353
2024-04-29 16:53:33.785310,8.197289
2024-04-29 16:53:33.800940,6.880482
2024-04-29 16:53:33.816560,5.590374
2024-04-29 16:53:33.832190,4.572971
2024-04-29 16:53:33.847820,4.019886
2024-04-29 16:53:33.863440,4.027596
2024-04-29 16:53:33.879070,4.533451
2024-04-29 16:53:33.894690,5.322479
2024-04-29 16:53:33.910320,6.107082
2024-04-29 16:53:33.925940,6.584625
2024-04-29 16:53:33.941570,6.561752
2024-04-29 16:53:33.957200,6.004551
2024-04-29 16:53:33.972820,5.03743
2024-04-29 16:53:33.988450,3.877537
2024-04-29 16:53:34.004070,2.756096
2024-04-29 16:53:34.019700,1.804882
2024-04-29 16:53:34.035320,1.025589
2024-04-29 16:53:34.050950,0.3288727
2024-04-29 16:53:34.066580,-0.4123344
2024-04-29 16:53:34.082200,-1.287148
2024-04-29 16:53:34.097830,-2.290779
2024-04-29 16:53:34.113450,-3.338638
2024-04-29 16:53:34.129080,-4.333263
2024-04-29 16:53:34.144700,-5.193314
2024-04-29 16:53:34.160330,-5.919163
2024-04-29 16:53:34.175960,-6.553566
2024-04-29 16:53:34.191580,-7.150009
2024-04-29 16:53:34.207210,-7.747528
2024-04-29 16:53:34.222830,-8.369423
2024-04-29 16:53:34.238460,-9.029953
2024-04-29 16:53:34.254080,-9.759819
2024-04-29 16:53:34.269710,-10.59439
2024-04-29 16:53:34.285340,-11.52036
2024-04-29 16:53:34.300960,-12.45583
2024-04-29 16:53:34.316590,-13.18431
2024-04-29 16:53:34.332210,-13.3876
2024-04-29 16:53:34.347840,-12.72857
2024-04-29 16:53:34.363460,-10.98449
2024-04-29 16:53:34.379090,-8.170151
2024-04-29 16:53:34.394720,-4.58416
2024-04-29 16:53:34.410340,-0.7188568
2024-04-29 16:53:34.425970,2.890579
2024-04-29 16:53:34.441590,5.814232
2024-04-29 16:53:34.457220,7.849556
2024-04-29 16:53:34.472840,9.00449
2024-04-29 16:53:34.488470,9.396572
2024-04-29 16:53:34.504100,9.194141
2024-04-29 16:53:34.519720,8.547619
2024-04-29 16:53:34.535350,7.595673
2024-04-29 16:53:34.550970,6.485607
2024-04-29 16:53:34.566600,5.399082
2024-04-29 16:53:34.582220,4.491886
2024-04-29 16:53:34.597850,3.87114
2024-04-29 16:53:34.613480,3.54546
2024-04-29 16:53:34.629100,3.449486
2024-04-29 16:53:34.644730,3.494984
2024-04-29 16:53:34.660350,3.602627
2024-04-29 16:53:34.675980,3.720505
2024-04-29 16:53:34.691600,3.810925
2024-04-29 16:53:34.707230,3.813679
2024-04-29 16:53:34.722860,3.667339
2024-04-29 16:53:34.738480,3.316364
2024-04-29 16:53:34.754110,2.735069
2024-04-29 16:53:34.769730,1.937721
2024-04-29 16:53:34.785360,0.9862137
2024-04-29 16:53:34.800980,-0.04286575
2024-04-29 16:53:34.816610,-1.07439
2024-04-29 16:53:34.832240,-2.050304
2024-04-29 16:53:34.847860,-2.941051
2024-04-29 16:53:34.863490,-3.727406
2024-04-29 16:53:34.879110,-4.418257
2024-04-29 16:53:34.894740,-5.030365
2024-04-29 16:53:34.910360,-5.584793
2024-04-29 16:53:34.925990,-6.098602
2024-04-29 16:53:34.941620,-6.593536
2024-04-29 16:53:34.957240,-7.116695
2024-04-29 16:53:34.972870,-7.720114
2024-04-29 16:53:34.988490,-8.473471
2024-04-29 16:53:35.004120,-9.411171
2024-04-29 16:53:35.019740,-10.52308
2024-04-29 16:53:35.035370,-11.69785
2024-04-29 16:53:35.051000,-12.74566
2024-04-29 16:53:35.066620,-13.4176
2024-04-29 16:53:35.082250,-13.4722
2024-04-29 16:53:35.097870,-12.74481
2024-04-29 16:53:35.113500,-11.16748
2024-04-29 16:53:35.129120,-8.825878
2024-04-29 16:53:35.144750,-5.890121
2024-04-29 16:53:35.160380,-2.602451
2024-04-29 16:53:35.176000,0.7528496
2024-04-29 16:53:35.191630,3.910124
2024-04-29 16:53:35.207250,6.619003
2024-04-29 16:53:35.222880,8.703529
2024-04-29 16:53:35.238500,10.07856
2024-04-29 16:53:35.254130,10.76387
2024-04-29 16:53:35.269760,10.86945
2024-04-29 16:53:35.285380,10.55491
2024-04-29 16:53:35.301010,9.970455
2024-04-29 16:53:35.316630,9.237989
2024-04-29 16:53:35.332260,8.432995
2024-04-29 16:53:35.347880,7.62397
2024-04-29 16:53:35.363510,6.895605
2024-04-29 16:53:35.379140,6.348581
2024-04-29 16:53:35.394760,6.064165
2024-04-29 16:53:35.410390,6.060995
2024-04-29 16:53:35.426010,6.272041
2024-04-29 16:53:35.441640,6.570726
2024-04-29 16:53:35.457260,6.807299
2024-04-29 16:53:35.472890,6.880543
2024-04-29 16:53:35.488520,6.726454
2024-04-29 16:53:35.504140,6.32634
2024-04-29 16:53:35.519770,5.692781
2024-04-29 16:53:35.535390,4.873434
2024-04-29 16:53:35.551020,3.944551
2024-04-29 16:53:35.566640,3.005745
2024-04-29 16:53:35.582270,2.148323
2024-04-29 16:53:35.597900,1.403709
2024-04-29 16:53:35.613520,0.7458773
2024-04-29 16:53:35.629150,0.0733242
2024-04-29 16:53:35.644770,-0.7282677
2024-04-29 16:53:35.660400,-1.725789
2024-04-29 16:53:35.676020,-2.91519
2024-04-29 16:53:35.691650,-4.21498
2024-04-29 16:53:35.707280,-5.510816
2024-04-29 16:53:35.722900,-6.681019
2024-04-29 16:53:35.738530,-7.630282
2024-04-29 16:53:35.754150,-8.316644
2024-04-29 16:53:35.769780,-8.760906
2024-04-29 16:53:35.785400,-9.063354
2024-04-29 16:53:35.801030,-9.377128
2024-04-29 16:53:35.816660,-9.883017
2024-04-29 16:53:35.832280,-10.68717
2024-04-29 16:53:35.847910,-11.76139
2024-04-29 16:53:35.863530,-12.89299
2024-04-29 16:53:35.879160,-13.73768
2024-04-29 16:53:35.894780,-13.90803
2024-04-29 16:53:35.910410,-13.06951
2024-04-29 16:53:35.926040,-11.05021
2024-04-29 16:53:35.941660,-7.91287
2024-04-29 16:53:35.957290,-3.991905
2024-04-29 16:53:35.972910,0.2145424
2024-04-29 16:53:35.988540,4.136534
2024-04-29 16:53:36.004170,7.302807
2024-04-29 16:53:36.019790,9.468023
2024-04-29 16:53:36.035420,10.65604
2024-04-29 16:53:36.051040,11.08468
2024-04-29 16:53:36.066670,11.03377
2024-04-29 16:53:36.082290,10.74432
2024-04-29 16:53:36.097920,10.29821
2024-04-29 16:53:36.113550,9.687786
2024-04-29 16:53:36.129170,8.895409
2024-04-29 16:53:36.144800,7.966461
2024-04-29 16:53:36.160420,7.040482
2024-04-29 16:53:36.176050,6.323498
2024-04-29 16:53:36.191670,5.981296
2024-04-29 16:53:36.207300,6.071892
2024-04-29 16:53:36.222930,6.509117
2024-04-29 16:53:36.238550,7.081853
2024-04-29 16:53:36.254180,7.556218
2024-04-29 16:53:36.269800,7.736535
2024-04-29 16:53:36.285430,7.558841
2024-04-29 16:53:36.301050,7.076299
2024-04-29 16:53:36.316680,6.406343
2024-04-29 16:53:36.332310,5.656269
2024-04-29 16:53:36.347930,4.866479
2024-04-29 16:53:36.363560,4.022476
2024-04-29 16:53:36.379180,3.059159
2024-04-29 16:53:36.394810,1.955606
2024-04-29 16:53:36.410430,0.7284939
2024-04-29 16:53:36.426060,-0.5555125
2024-04-29 16:53:36.441690,-1.826942
2024-04-29 16:53:36.457310,-3.055143
2024-04-29 16:53:36.472940,-4.225192
2024-04-29 16:53:36.488560,-5.32645
2024-04-29 16:53:36.504190,-6.327412
2024-04-29 16:53:36.519810,-7.200253
2024-04-29 16:53:36.535440,-7.930069
2024-04-29 16:53:36.551070,-8.573971
2024-04-29 16:53:36.566690,-9.249385
2024-04-29 16:53:36.582320,-10.06603
2024-04-29 16:53:36.597940,-11.04484
2024-04-29 16:53:36.613570,-12.0394
2024-04-29 16:53:36.629190,-12.7161
2024-04-29 16:53:36.644820,-12.65193
2024-04-29 16:53:36.660450,-11.50456
2024-04-29 16:53:36.676070,-9.157499
2024-04-29 16:53:36.691700,-5.808132
2024-04-29 16:53:36.707320,-1.886303
2024-04-29 16:53:36.722950,2.073159
2024-04-29 16:53:36.738570,5.61422
2024-04-29 16:53:36.754200,8.427364
2024-04-29 16:53:36.769830,10.38506
2024-04-29 16:53:36.785450,11.49053
2024-04-29 16:53:36.801080,11.80503
2024-04-29 16:53:36.816700,11.45221
2024-04-29 16:53:36.832330,10.56693
2024-04-29 16:53:36.847950,9.339041
2024-04-29 16:53:36.863580,7.979003
2024-04-29 16:53:36.879210,6.6877
2024-04-29 16:53:36.894830,5.600818
2024-04-29 16:53:36.910460,4.800577
2024-04-29 16:53:36.926080,4.312206
2024-04-29 16:53:36.941710,4.107959
2024-04-29 16:53:36.957330,4.125561
2024-04-29 16:53:36.972960,4.268997
2024-04-29 16:53:36.988590,4.418722
2024-04-29 16:53:37.004210,4.452967
2024-04-29 16:53:37.019840,4.287806
2024-04-29 16:53:37.035460,3.906375
2024-04-29 16:53:37.051090,3.348672
2024-04-29 16:53:37.066710,2.692534
2024-04-29 16:53:37.082340,2.012823
2024-04-29 16:53:37.097970,1.353779
2024-04-29 16:53:37.113590,0.7000604
2024-04-29 16:53:37.129220,-0.01220846
2024-04-29 16:53:37.144840,-0.8740187
2024-04-29 16:53:37.160470,-1.980742
2024-04-29 16:53:37.176090,-3.364562
2024-04-29 16:53:37.191720,-4.958476
2024-04-29 16:53:37.207350,-6.599903
2024-04-29 16:53:37.222970,-8.067827
2024-04-29 16:53:37.238600,-9.173065
2024-04-29 16:53:37.254220,-9.856394
2024-04-29 16:53:37.269850,-10.20605
2024-04-29 16:53:37.285470,-10.41607
2024-04-29 16:53:37.301100,-10.73338
2024-04-29 16:53:37.316730,-11.33602
2024-04-29 16:53:37.332350,-12.2949
2024-04-29 16:53:37.347980,-13.51708
2024-04-29 16:53:37.363600,-14.77479
2024-04-29 16:53:37.379230,-15.71212
2024-04-29 16:53:37.394850,-15.9484
2024-04-29 16:53:37.410480,-15.14438
2024-04-29 16:53:37.426110,-13.11635
2024-04-29 16:53:37.441730,-9.943936
2024-04-29 16:53:37.457360,-5.9426
2024-04-29 16:53:37.472980,-1.577883
2024-04-29 16:53:37.488610,2.671356
2024-04-29 16:53:37.504230,6.455959
2024-04-29 16:53:37.519860,9.588738
2024-04-29 16:53:37.535490,11.99167
2024-04-29 16:53:37.551110,13.62778
2024-04-29 16:53:37.566740,14.46368
2024-04-29 16:53:37.582360,14.4753
2024-04-29 16:53:37.597990,13.74374
2024-04-29 16:53:37.613610,12.49272
2024-04-29 16:53:37.629240,11.05677
2024-04-29 16:53:37.644870,9.805902
2024-04-29 16:53:37.660490,9.00968
2024-04-29 16:53:37.676120,8.735535
2024-04-29 16:53:37.691740,8.874466
2024-04-29 16:53:37.707370,9.22248
2024-04-29 16:53:37.722990,9.585966
2024-04-29 16:53:37.738620,9.8707
2024-04-29 16:53:37.754250,10.0466
2024-04-29 16:53:37.769870,10.09242
2024-04-29 16:53:37.785500,9.954622
2024-04-29 16:53:37.801120,9.569277
2024-04-29 16:53:37.816750,8.876418
2024-04-29 16:53:37.832370,7.899451
2024-04-29 16:53:37.848000,6.762407
2024-04-29 16:53:37.863630,5.596692
2024-04-29 16:53:37.879250,4.478931
2024-04-29 16:53:37.894880,3.394286
2024-04-29 16:53:37.910500,2.24996
2024-04-29 16:53:37.926130,0.9692869
2024-04-29 16:53:37.941750,-0.4496384
2024-04-29 16:53:37.957380,-1.917564
2024-04-29 16:53:37.973010,-3.311188
2024-04-29 16:53:37.988630,-4.522861
2024-04-29 16:53:38.004260,-5.493003
2024-04-29 16:53:38.019880,-6.228813
2024-04-29 16:53:38.035510,-6.762876
2024-04-29 16:53:38.051130,-7.192107
2024-04-29 16:53:38.066760,-7.659887
2024-04-29 16:53:38.082390,-8.32823
2024-04-29 16:53:38.098010,-9.323197
2024-04-29 16:53:38.113640,-10.61017
2024-04-29 16:53:38.129260,-11.94573
2024-04-29 16:53:38.144890,-12.91651
2024-04-29 16:53:38.160510,-13.06491
2024-04-29 16:53:38.176140,-12.04285
2024-04-29 16:53:38.191770,-9.780321
2024-04-29 16:53:38.207390,-6.488111
2024-04-29 16:53:38.223020,-2.59619
2024-04-29 16:53:38.238640,1.369966
2024-04-29 16:53:38.254270,4.9441
2024-04-29 16:53:38.269900,7.803366
2024-04-29 16:53:38.285520,9.786367
2024-04-29 16:53:38.301150,10.88574
2024-04-29 16:53:38.316770,11.20008
2024-04-29 16:53:38.332400,10.85243
2024-04-29 16:53:38.348020,9.960266
2024-04-29 16:53:38.363650,8.668221
2024-04-29 16:53:38.379280,7.145821
2024-04-29 16:53:38.394900,5.619274
2024-04-29 16:53:38.410530,4.34956
2024-04-29 16:53:38.426150,3.56243
2024-04-29 16:53:38.441780,3.345831
2024-04-29 16:53:38.457400,3.63491
2024-04-29 16:53:38.473030,4.197265
2024-04-29 16:53:38.488660,4.755806
2024-04-29 16:53:38.504280,5.096947
2024-04-29 16:53:38.519910,5.140264
2024-04-29 16:53:38.535530,4.922171
2024-04-29 16:53:38.551160,4.556338
2024-04-29 16:53:38.566780,4.131081
2024-04-29 16:53:38.582410,3.679121
2024-04-29 16:53:38.598040,3.166075
2024-04-29 16:53:38.613660,2.509357
2024-04-29 16:53:38.629290,1.663232
2024-04-29 16:53:38.644910,0.626193
2024-04-29 16:53:38.660540,-0.5466137
2024-04-29 16:53:38.676160,-1.770347
2024-04-29 16:53:38.691790,-2.96544
2024-04-29 16:53:38.707420,-4.087059
2024-04-29 16:53:38.723040,-5.140668
2024-04-29 16:53:38.738670,-6.158719
2024-04-29 16:53:38.754290,-7.189924
2024-04-29 16:53:38.769920,-8.238272
2024-04-29 16:53:38.785540,-9.284837
2024-04-29 16:53:38.801170,-10.27409
2024-04-29 16:53:38.816800,-11.10893
2024-04-29 16:53:38.832420,-11.66658
2024-04-29 16:53:38.848050,-11.8128
2024-04-29 16:53:38.863670,-11.3934
2024-04-29 16:53:38.879300,-10.26666
2024-04-29 16:53:38.894920,-8.362706
2024-04-29 16:53:38.910550,-5.735352
2024-04-29 16:53:38.926180,-2.584231
2024-04-29 16:53:38.941800,0.7596531
2024-04-29 16:53:38.957430,3.918199
2024-04-29 16:53:38.973050,6.564611
2024-04-29 16:53:38.988680,8.491804
2024-04-29 16:53:39.004300,9.652164
2024-04-29 16:53:39.019930,10.10706
2024-04-29 16:53:39.035560,9.947985
2024-04-29 16:53:39.051180,9.27837
2024-04-29 16:53:39.066810,8.172134
2024-04-29 16:53:39.082430,6.752872
2024-04-29 16:53:39.098060,5.197785
2024-04-29 16:53:39.113680,3.73995
2024-04-29 16:53:39.129310,2.597275
2024-04-29 16:53:39.144940,1.908179
2024-04-29 16:53:39.160560,1.678296
2024-04-29 16:53:39.176190,1.773579
2024-04-29 16:53:39.191810,1.988892
2024-04-29 16:53:39.207440,2.155289
2024-04-29 16:53:39.223060,2.181544
2024-04-29 16:53:39.238690,2.065681
2024-04-29 16:53:39.254320,1.849449
2024-04-29 16:53:39.269940,1.554095
2024-04-29 16:53:39.285570,1.15976
2024-04-29 16:53:39.301190,0.577734
2024-04-29 16:53:39.316820,-0.2570868
2024-04-29 16:53:39.332440,-1.362124
2024-04-29 16:53:39.348070,-2.658737
2024-04-29 16:53:39.363700,-4.005943
2024-04-29 16:53:39.379320,-5.241408
2024-04-29 16:53:39.394950,-6.256499
2024-04-29 16:53:39.410570,-7.030966
2024-04-29 16:53:39.426200,-7.616078
2024-04-29 16:53:39.441820,-8.138058
2024-04-29 16:53:39.457450,-8.73296
2024-04-29 16:53:39.473080,-9.480515
2024-04-29 16:53:39.488700,-10.36959
2024-04-29 16:53:39.504330,-11.2486
2024-04-29 16:53:39.519950,-11.82369
2024-04-29 16:53:39.535580,-11.73221
2024-04-29 16:53:39.551200,-10.65882
2024-04-29 16:53:39.566830,-8.473555
2024-04-29 16:53:39.582460,-5.318379
2024-04-29 16:53:39.598080,-1.578493
2024-04-29 16:53:39.613710,2.22973
2024-04-29 16:53:39.629330,5.623006
2024-04-29 16:53:39.644960,8.270941
2024-04-29 16:53:39.660580,10.05299
2024-04-29 16:53:39.676210,10.99467
2024-04-29 16:53:39.691840,11.19678
2024-04-29 16:53:39.707460,10.76314
2024-04-29 16:53:39.723090,9.809925
2024-04-29 16:53:39.738710,8.497722
2024-04-29 16:53:39.754340,7.032921
2024-04-29 16:53:39.769960,5.662726
2024-04-29 16:53:39.785590,4.600059
2024-04-29 16:53:39.801220,3.965539
2024-04-29 16:53:39.816840,3.733173
2024-04-29 16:53:39.832470,3.759743
2024-04-29 16:53:39.848090,3.859396
2024-04-29 16:53:39.863720,3.902646
2024-04-29 16:53:39.879340,3.842362
2024-04-29 16:53:39.894970,3.721306
2024-04-29 16:53:39.910600,3.588802
2024-04-29 16:53:39.926220,3.464107
2024-04-29 16:53:39.941850,3.291461
2024-04-29 16:53:39.957470,2.949588
2024-04-29 16:53:39.973100,2.313883
2024-04-29 16:53:39.988720,1.334321
2024-04-29 16:53:40.004350,0.06819177
2024-04-29 16:53:40.019980,-1.333571
2024-04-29 16:53:40.035600,-2.682143
2024-04-29 16:53:40.051230,-3.837652
2024-04-29 16:53:40.066850,-4.743342
2024-04-29 16:53:40.082480,-5.463302
2024-04-29 16:53:40.098100,-6.129562
2024-04-29 16:53:40.113730,-6.883408
2024-04-29 16:53:40.129360,-7.794615
2024-04-29 16:53:40.144980,-8.823072
2024-04-29 16:53:40.160610,-9.816174
2024-04-29 16:53:40.176230,-10.53248
2024-04-29 16:53:40.191860,-10.70639
2024-04-29 16:53:40.207480,-10.1139
2024-04-29 16:53:40.223110,-8.642728
2024-04-29 16:53:40.238740,-6.306868
2024-04-29 16:53:40.254360,-3.297448
2024-04-29 16:53:40.269990,0.04700327
2024-04-29 16:53:40.285610,3.298493
2024-04-29 16:53:40.301240,6.048323
2024-04-29 16:53:40.316860,7.999601
2024-04-29 16:53:40.332490,9.052164
2024-04-29 16:53:40.348120,9.280242
2024-04-29 16:53:40.363740,8.87895
2024-04-29 16:53:40.379370,8.061942
2024-04-29 16:53:40.394990,7.022561
2024-04-29 16:53:40.410620,5.880889
2024-04-29 16:53:40.426240,4.741735
2024-04-29 16:53:40.441870,3.70862
2024-04-29 16:53:40.457500,2.894392
2024-04-29 16:53:40.473120,2.374842
2024-04-29 16:53:40.488750,2.167632
2024-04-29 16:53:40.504370,2.197903
2024-04-29 16:53:40.520000,2.345005
2024-04-29 16:53:40.535620,2.486719
2024-04-29 16:53:40.551250,2.524771
2024-04-29 16:53:40.566880,2.413962
2024-04-29 16:53:40.582500,2.127577
2024-04-29 16:53:40.598130,1.64926
2024-04-29 16:53:40.613750,0.9736004
2024-04-29 16:53:40.629380,0.1214356
2024-04-29 16:53:40.645000,-0.8448544
2024-04-29 16:53:40.660630,-1.828656
2024-04-29 16:53:40.676260,-2.713286
2024-04-29 16:53:40.691880,-3.413071
2024-04-29 16:53:40.707510,-3.911361
2024-04-29 16:53:40.723130,-4.291358
2024-04-29 16:53:40.738760,-4.714082
2024-04-29 16:53:40.754380,-5.360906
2024-04-29 16:53:40.770010,-6.340566
2024-04-29 16:53:40.785640,-7.635913
2024-04-29 16:53:40.801260,-9.065158
2024-04-29 16:53:40.816890,-10.3306
2024-04-29 16:53:40.832510,-11.1152
2024-04-29 16:53:40.848140,-11.17309
2024-04-29 16:53:40.863770,-10.38338
2024-04-29 16:53:40.879390,-8.780251
2024-04-29 16:53:40.895020,-6.488933
2024-04-29 16:53:40.910640,-3.70446
2024-04-29 16:53:40.926270,-0.6726198
2024-04-29 16:53:40.941890,2.313654
2024-04-29 16:53:40.957520,4.918722
2024-04-29 16:53:40.973150,6.833615
2024-04-29 16:53:40.988770,7.87971
2024-04-29 16:53:41.004400,8.062117
2024-04-29 16:53:41.020020,7.571795
2024-04-29 16:53:41.035650,6.709827
2024-04-29 16:53:41.051270,5.750284
2024-04-29 16:53:41.066900,4.839687
2024-04-29 16:53:41.082530,4.017236
2024-04-29 16:53:41.098150,3.242826
2024-04-29 16:53:41.113780,2.515034
2024-04-29 16:53:41.129400,1.89451
2024-04-29 16:53:41.145030,1.476261
2024-04-29 16:53:41.160650,1.30963
2024-04-29 16:53:41.176280,1.366997
2024-04-29 16:53:41.191910,1.541114
2024-04-29 16:53:41.207530,1.708411
2024-04-29 16:53:41.223160,1.791068
2024-04-29 16:53:41.238780,1.766978
2024-04-29 16:53:41.254410,1.622232
2024-04-29 16:53:41.270030,1.328079
2024-04-29 16:53:41.285660,0.8280869
2024-04-29 16:53:41.301290,0.09367847
2024-04-29 16:53:41.316910,-0.7933092
2024-04-29 16:53:41.332540,-1.667343
2024-04-29 16:53:41.348160,-2.330981
2024-04-29 16:53:41.363790,-2.678748
2024-04-29 16:53:41.379410,-2.789716
2024-04-29 16:53:41.395040,-2.914133
2024-04-29 16:53:41.410670,-3.343147
2024-04-29 16:53:41.426290,-4.252587
2024-04-29 16:53:41.441920,-5.57844
2024-04-29 16:53:41.457540,-7.028722
2024-04-29 16:53:41.473170,-8.210125
2024-04-29 16:53:41.488790,-8.76482
2024-04-29 16:53:41.504420,-8.495153
2024-04-29 16:53:41.520050,-7.384256
2024-04-29 16:53:41.535670,-5.552471
2024-04-29 16:53:41.551300,-3.206785
2024-04-29 16:53:41.566920,-0.5944872
2024-04-29 16:53:41.582550,2.037312
2024-04-29 16:53:41.598170,4.419188
2024-04-29 16:53:41.613800,6.32426
2024-04-29 16:53:41.629430,7.591763
2024-04-29 16:53:41.645050,8.177983
2024-04-29 16:53:41.660680,8.145151
2024-04-29 16:53:41.676300,7.631654
2024-04-29 16:53:41.691930,6.801052
2024-04-29 16:53:41.707550,5.780754
2024-04-29 16:53:41.723180,4.654122
2024-04-29 16:53:41.738810,3.511955
2024-04-29 16:53:41.754430,2.437037
2024-04-29 16:53:41.770060,1.542499
2024-04-29 16:53:41.785680,0.9341221
2024-04-29 16:53:41.801310,0.6832447
2024-04-29 16:53:41.816930,0.7866344
2024-04-29 16:53:41.832560,1.151039
2024-04-29 16:53:41.848190,1.632344
2024-04-29 16:53:41.863810,2.053855
2024-04-29 16:53:41.879440,2.271642
2024-04-29 16:53:41.895060,2.223743
2024-04-29 16:53:41.910690,1.915703
2024-04-29 16:53:41.926310,1.398666
2024-04-29 16:53:41.941940,0.734848
2024-04-29 16:53:41.957570,-0.03150368
2024-04-29 16:53:41.973190,-0.8602028
2024-04-29 16:53:41.988820,-1.712495
2024-04-29 16:53:42.004440,-2.560147
2024-04-29 16:53:42.020070,-3.386404
2024-04-29 16:53:42.035690,-4.205646
2024-04-29 16:53:42.051320,-5.07193
2024-04-29 16:53:42.066950,-6.018489
2024-04-29 16:53:42.082570,-6.986012
2024-04-29 16:53:42.098200,-7.804674
2024-04-29 16:53:42.113820,-8.206573
2024-04-29 16:53:42.129450,-7.942678
2024-04-29 16:53:42.145070,-6.880756
2024-04-29 16:53:42.160700,-5.081997
2024-04-29 16:53:42.176330,-2.775284
2024-04-29 16:53:42.191950,-0.2664337
2024-04-29 16:53:42.207580,2.161871
2024-04-29 16:53:42.223200,4.299043
2024-04-29 16:53:42.238830,6.017508
2024-04-29 16:53:42.254450,7.240271
2024-04-29 16:53:42.270080,7.90138
2024-04-29 16:53:42.285710,7.954727
2024-04-29 16:53:42.301330,7.437494
2024-04-29 16:53:42.316960,6.471312
2024-04-29 16:53:42.332580,5.247281
2024-04-29 16:53:42.348210,3.988447
2024-04-29 16:53:42.363830,2.877187
2024-04-29 16:53:42.379460,2.009241
2024-04-29 16:53:42.395090,1.414129
2024-04-29 16:53:42.410710,1.045557
2024-04-29 16:53:42.426340,0.8275833
2024-04-29 16:53:42.441960,0.6915016
2024-04-29 16:53:42.457590,0.5864353
2024-04-29 16:53:42.473210,0.4830914
2024-04-29 16:53:42.488840,0.3865271
2024-04-29 16:53:42.504470,0.2980061
2024-04-29 16:53:42.520090,0.2095222
2024-04-29 16:53:42.535720,0.1087751
2024-04-29 16:53:42.551340,-0.049757
2024-04-29 16:53:42.566970,-0.3041811
2024-04-29 16:53:42.582590,-0.6536608
2024-04-29 16:53:42.598220,-1.084023
2024-04-29 16:53:42.613850,-1.550403
2024-04-29 16:53:42.629470,-2.044265
2024-04-29 16:53:42.645100,-2.59669
2024-04-29 16:53:42.660720,-3.303583
2024-04-29 16:53:42.676350,-4.230425
2024-04-29 16:53:42.691970,-5.356827
2024-04-29 16:53:42.707600,-6.539501
2024-04-29 16:53:42.723230,-7.530504
2024-04-29 16:53:42.738850,-8.047604
2024-04-29 16:53:42.754480,-7.886702
2024-04-29 16:53:42.770100,-6.972725
2024-04-29 16:53:42.785730,-5.377462
2024-04-29 16:53:42.801350,-3.305115
2024-04-29 16:53:42.816980,-1.009964
2024-04-29 16:53:42.832610,1.268339
2024-04-29 16:53:42.848230,3.32757
2024-04-29 16:53:42.863860,5.035795
2024-04-29 16:53:42.879480,6.280352
2024-04-29 16:53:42.895110,6.991228
2024-04-29 16:53:42.910730,7.129074
2024-04-29 16:53:42.926360,6.702326
2024-04-29 16:53:42.941990,5.7791
2024-04-29 16:53:42.957610,4.500731
2024-04-29 16:53:42.973240,3.063572
2024-04-29 16:53:42.988860,1.692921
2024-04-29 16:53:43.004490,0.6018944
2024-04-29 16:53:43.020110,-0.08833504
2024-04-29 16:53:43.035740,-0.3475037
2024-04-29 16:53:43.051370,-0.2766628
2024-04-29 16:53:43.066990,-0.02665901
2024-04-29 16:53:43.082620,0.235117
2024-04-29 16:53:43.098240,0.3991241
2024-04-29 16:53:43.113870,0.4401207
2024-04-29 16:53:43.129500,0.3760471
2024-04-29 16:53:43.145120,0.245451
2024-04-29 16:53:43.160750,0.03937721
2024-04-29 16:53:43.176370,-0.2970181
2024-04-29 16:53:43.192000,-0.8220692
2024-04-29 16:53:43.207620,-1.547037
2024-04-29 16:53:43.223250,-2.414167
2024-04-29 16:53:43.238880,-3.286743
2024-04-29 16:53:43.254500,-4.041492
2024-04-29 16:53:43.270130,-4.612753
2024-04-29 16:53:43.285750,-5.006548
2024-04-29 16:53:43.301380,-5.278509
2024-04-29 16:53:43.317000,-5.451641
2024-04-29 16:53:43.332630,-5.458149
2024-04-29 16:53:43.348260,-5.156574
2024-04-29 16:53:43.363880,-4.36964
2024-04-29 16:53:43.379510,-2.985361
2024-04-29 16:53:43.395130,-1.027725
2024-04-29 16:53:43.410760,1.321064
2024-04-29 16:53:43.426380,3.778177
2024-04-29 16:53:43.442010,6.064987
2024-04-29 16:53:43.457640,7.960793
2024-04-29 16:53:43.473260,9.378271
2024-04-29 16:53:43.488890,10.29431
2024-04-29 16:53:43.504510,10.72793
2024-04-29 16:53:43.520140,10.671
2024-04-29 16:53:43.535760,10.11205
2024-04-29 16:53:43.551390,9.074675
2024-04-29 16:53:43.567020,7.689106
2024-04-29 16:53:43.582640,6.185854
2024-04-29 16:53:43.598270,4.84417
2024-04-29 16:53:43.613890,3.882862
2024-04-29 16:53:43.629520,3.362123
2024-04-29 16:53:43.645140,3.177181
2024-04-29 16:53:43.660770,3.155636
2024-04-29 16:53:43.676400,3.12846
2024-04-29 16:53:43.692020,3.025211
2024-04-29 16:53:43.707650,2.868488
2024-04-29 16:53:43.723270,2.706688
2024-04-29 16:53:43.738900,2.557312
2024-04-29 16:53:43.754520,2.369673
2024-04-29 16:53:43.770150,2.046679
2024-04-29 16:53:43.785780,1.499968
2024-04-29 16:53:43.801400,0.7032337
2024-04-29 16:53:43.817030,-0.3067989
2024-04-29 16:53:43.832650,-1.458874
2024-04-29 16:53:43.848280,-2.680256
2024-04-29 16:53:43.863900,-3.918606
2024-04-29 16:53:43.879530,-5.12772
2024-04-29 16:53:43.895160,-6.258575
2024-04-29 16:53:43.910780,-7.23484
2024-04-29 16:53:43.926410,-7.943014
2024-04-29 16:53:43.942030,-8.249413
2024-04-29 16:53:43.957660,-8.00053
2024-04-29 16:53:43.973280,-7.086269
2024-04-29 16:53:43.988910,-5.485683
2024-04-29 16:53:44.004540,-3.303532
2024-04-29 16:53:44.020160,-0.8021202
2024-04-29 16:53:44.035790,1.665321
2024-04-29 16:53:44.051410,3.726265
2024-04-29 16:53:44.067040,5.114506
2024-04-29 16:53:44.082660,5.715443
2024-04-29 16:53:44.098290,5.568611
2024-04-29 16:53:44.113920,4.803997
2024-04-29 16:53:44.129540,3.568676
2024-04-29 16:53:44.145170,1.987389
2024-04-29 16:53:44.160790,0.1795921
2024-04-29 16:53:44.176420,-1.679043
2024-04-29 16:53:44.192040,-3.356991
2024-04-29 16:53:44.207670,-4.588425
2024-04-29 16:53:44.223300,-5.192356
2024-04-29 16:53:44.238920,-5.149925
2024-04-29 16:53:44.254550,-4.635677
2024-04-29 16:53:44.270170,-3.944389
2024-04-29 16:53:44.285800,-3.350288
2024-04-29 16:53:44.301420,-3.01405
2024-04-29 16:53:44.317050,-2.919029
2024-04-29 16:53:44.332680,-2.963028
2024-04-29 16:53:44.348300,-3.012505
2024-04-29 16:53:44.363930,-3.017445
2024-04-29 16:53:44.379550,-3.027901
2024-04-29 16:53:44.395180,-3.146011
2024-04-29 16:53:44.410800,-3.495293
2024-04-29 16:53:44.426430,-4.141834
2024-04-29 16:53:44.442060,-5.097172
2024-04-29 16:53:44.457680,-6.267731
2024-04-29 16:53:44.473310,-7.522293
2024-04-29 16:53:44.488930,-8.656925
2024-04-29 16:53:44.504560,-9.450989
2024-04-29 16:53:44.520180,-9.711216
2024-04-29 16:53:44.535810,-9.306198
2024-04-29 16:53:44.551440,-8.214649
2024-04-29 16:53:44.567060,-6.527142
2024-04-29 16:53:44.582690,-4.410336
2024-04-29 16:53:44.598310,-2.063164
2024-04-29 16:53:44.613940,0.2940483
2024-04-29 16:53:44.629560,2.439518
2024-04-29 16:53:44.645190,4.1465
2024-04-29 16:53:44.660820,5.189003
2024-04-29 16:53:44.676440,5.420422
2024-04-29 16:53:44.692070,4.831448
2024-04-29 16:53:44.707690,3.586571
2024-04-29 16:53:44.723320,1.98542
2024-04-29 16:53:44.738940,0.3897095
2024-04-29 16:53:44.754570,-0.9040375
2024-04-29 16:53:44.770200,-1.720467
2024-04-29 16:53:44.785820,-2.02425
2024-04-29 16:53:44.801450,-1.899067
2024-04-29 16:53:44.817070,-1.472015
2024-04-29 16:53:44.832700,-0.900528
2024-04-29 16:53:44.848320,-0.3285828
2024-04-29 16:53:44.863950,0.1271095
2024-04-29 16:53:44.879580,0.3885345
2024-04-29 16:53:44.895200,0.4458237
2024-04-29 16:53:44.910830,0.3451538
2024-04-29 16:53:44.926450,0.176899
2024-04-29 16:53:44.942080,0.01266098
2024-04-29 16:53:44.957700,-0.1049385
2024-04-29 16:53:44.973330,-0.2269287
2024-04-29 16:53:44.988960,-0.4583702
2024-04-29 16:53:45.004580,-0.9092102
2024-04-29 16:53:45.020210,-1.630703
2024-04-29 16:53:45.035830,-2.556374
2024-04-29 16:53:45.051460,-3.479851
2024-04-29 16:53:45.067080,-4.109203
2024-04-29 16:53:45.082710,-4.154953
2024-04-29 16:53:45.098340,-3.430485
2024-04-29 16:53:45.113960,-1.921616
2024-04-29 16:53:45.129590,0.2192764
2024-04-29 16:53:45.145210,2.73497
2024-04-29 16:53:45.160840,5.346523
2024-04-29 16:53:45.176460,7.803001
2024-04-29 16:53:45.192090,9.878105
2024-04-29 16:53:45.207720,11.36825
2024-04-29 16:53:45.223340,12.09758
2024-04-29 16:53:45.238970,11.98108
2024-04-29 16:53:45.254590,11.07695
2024-04-29 16:53:45.270220,9.587788
2024-04-29 16:53:45.285850,7.818176
2024-04-29 16:53:45.301470,6.051884
2024-04-29 16:53:45.317100,4.482735
2024-04-29 16:53:45.332720,3.173103
2024-04-29 16:53:45.348350,2.122002
2024-04-29 16:53:45.363970,1.312962
2024-04-29 16:53:45.379600,0.7500191
2024-04-29 16:53:45.395230,0.4331589
2024-04-29 16:53:45.410850,0.3106575
2024-04-29 16:53:45.426480,0.288475
2024-04-29 16:53:45.442100,0.2274017
2024-04-29 16:53:45.457730,0.02918243
2024-04-29 16:53:45.473350,-0.3572388
2024-04-29 16:53:45.488980,-0.8809776
2024-04-29 16:53:45.504610,-1.464447
2024-04-29 16:53:45.520230,-2.039795
2024-04-29 16:53:45.535860,-2.605289
2024-04-29 16:53:45.551480,-3.233738
2024-04-29 16:53:45.567110,-3.999413
2024-04-29 16:53:45.582730,-4.947994
2024-04-29 16:53:45.598360,-6.021347
2024-04-29 16:53:45.613990,-7.044685
2024-04-29 16:53:45.629610,-7.764416
2024-04-29 16:53:45.645240,-7.93718
2024-04-29 16:53:45.660860,-7.391815
2024-04-29 16:53:45.676490,-6.097744
2024-04-29 16:53:45.692110,-4.171047
2024-04-29 16:53:45.707740,-1.852467
2024-04-29 16:53:45.723370,0.5417786
2024-04-29 16:53:45.738990,2.698128
2024-04-29 16:53:45.754620,4.348244
2024-04-29 16:53:45.770240,5.306328
2024-04-29 16:53:45.785870,5.479137
2024-04-29 16:53:45.801490,4.880795
2024-04-29 16:53:45.817120,3.667671
2024-04-29 16:53:45.832750,2.086369
2024-04-29 16:53:45.848370,0.456913
2024-04-29 16:53:45.864000,-0.9383163
2024-04-29 16:53:45.879620,-1.929859
2024-04-29 16:53:45.895250,-2.496861
2024-04-29 16:53:45.910870,-2.746422
2024-04-29 16:53:45.926500,-2.820862
2024-04-29 16:53:45.942130,-2.840813
2024-04-29 16:53:45.957750,-2.848263
2024-04-29 16:53:45.973380,-2.846584
2024-04-29 16:53:45.989000,-2.830971
2024-04-29 16:53:46.004630,-2.839367
2024-04-29 16:53:46.020250,-2.956474
2024-04-29 16:53:46.035880,-3.263042
2024-04-29 16:53:46.051510,-3.794991
2024-04-29 16:53:46.067130,-4.515236
2024-04-29 16:53:46.082760,-5.369919
2024-04-29 16:53:46.098380,-6.299316
2024-04-29 16:53:46.114010,-7.291027
2024-04-29 16:53:46.129630,-8.307304
2024-04-29 16:53:46.145260,-9.259926
2024-04-29 16:53:46.160890,-9.974384
2024-04-29 16:53:46.176510,-10.21842
2024-04-29 16:53:46.192140,-9.782509
2024-04-29 16:53:46.207760,-8.581985
2024-04-29 16:53:46.223390,-6.689041
2024-04-29 16:53:46.239010,-4.301716
2024-04-29 16:53:46.254640,-1.682125
2024-04-29 16:53:46.270270,0.9250717
2024-04-29 16:53:46.285890,3.316799
2024-04-29 16:53:46.301520,5.346931
2024-04-29 16:53:46.317140,6.892788
2024-04-29 16:53:46.332770,7.874825
2024-04-29 16:53:46.348390,8.261677
2024-04-29 16:53:46.364020,8.084854
2024-04-29 16:53:46.379650,7.465302
2024-04-29 16:53:46.395270,6.551361
2024-04-29 16:53:46.410900,5.506847
2024-04-29 16:53:46.426520,4.468651
2024-04-29 16:53:46.442150,3.551243
2024-04-29 16:53:46.457770,2.848339
2024-04-29 16:53:46.473400,2.414173
2024-04-29 16:53:46.489030,2.24432
2024-04-29 16:53:46.504650,2.253052
2024-04-29 16:53:46.520280,2.302071
2024-04-29 16:53:46.535900,2.222668
2024-04-29 16:53:46.551530,1.922871
2024-04-29 16:53:46.567150,1.413746
2024-04-29 16:53:46.582780,0.7873993
2024-04-29 16:53:46.598410,0.1725464
2024-04-29 16:53:46.614030,-0.3657455
2024-04-29 16:53:46.629660,-0.8577156
2024-04-29 16:53:46.645280,-1.403645
2024-04-29 16:53:46.660910,-2.147423
2024-04-29 16:53:46.676530,-3.18948
2024-04-29 16:53:46.692160,-4.533085
2024-04-29 16:53:46.707790,-6.06542
2024-04-29 16:53:46.723410,-7.569126
2024-04-29 16:53:46.739040,-8.723396
2024-04-29 16:53:46.754660,-9.198059
2024-04-29 16:53:46.770290,-8.7178
2024-04-29 16:53:46.785910,-7.170198
2024-04-29 16:53:46.801540,-4.650436
2024-04-29 16:53:46.817170,-1.494846
2024-04-29 16:53:46.832790,1.843788
2024-04-29 16:53:46.848420,4.899973
2024-04-29 16:53:46.864040,7.325224
2024-04-29 16:53:46.879670,8.979614
2024-04-29 16:53:46.895290,9.876448
2024-04-29 16:53:46.910920,10.13465
2024-04-29 16:53:46.926550,9.885542
2024-04-29 16:53:46.942170,9.229345
2024-04-29 16:53:46.957800,8.246605
2024-04-29 16:53:46.973420,7.021128
2024-04-29 16:53:46.989050,5.670956
2024-04-29 16:53:47.004670,4.356947
2024-04-29 16:53:47.020300,3.255625
2024-04-29 16:53:47.035930,2.48143
2024-04-29 16:53:47.051550,2.048695
2024-04-29 16:53:47.067180,1.880581
2024-04-29 16:53:47.082800,1.835159
2024-04-29 16:53:47.098430,1.774717
2024-04-29 16:53:47.114050,1.60821
2024-04-29 16:53:47.129680,1.312458
2024-04-29 16:53:47.145310,0.9103279
2024-04-29 16:53:47.160930,0.4418488
2024-04-29 16:53:47.176560,-0.08296394
2024-04-29 16:53:47.192180,-0.688118
2024-04-29 16:53:47.207810,-1.402563
2024-04-29 16:53:47.223430,-2.267941
2024-04-29 16:53:47.239060,-3.26296
2024-04-29 16:53:47.254690,-4.333803
2024-04-29 16:53:47.270310,-5.402054
2024-04-29 16:53:47.285940,-6.436121
2024-04-29 16:53:47.301560,-7.450254
2024-04-29 16:53:47.317190,-8.49766
2024-04-29 16:53:47.332810,-9.607294
2024-04-29 16:53:47.348440,-10.70618
2024-04-29 16:53:47.364070,-11.5996
2024-04-29 16:53:47.379690,-11.98193
2024-04-29 16:53:47.395320,-11.53439
2024-04-29 16:53:47.410940,-10.02414
2024-04-29 16:53:47.426570,-7.437607
2024-04-29 16:53:47.442190,-3.995031
2024-04-29 16:53:47.457820,-0.1245251
2024-04-29 16:53:47.473450,3.646749
2024-04-29 16:53:47.489070,6.844784
2024-04-29 16:53:47.504700,9.143486
2024-04-29 16:53:47.520320,10.43581
2024-04-29 16:53:47.535950,10.79961
2024-04-29 16:53:47.551570,10.43143
2024-04-29 16:53:47.567200,9.574238
2024-04-29 16:53:47.582830,8.44681
2024-04-29 16:53:47.598450,7.237677
2024-04-29 16:53:47.614080,6.098394
2024-04-29 16:53:47.629700,5.169594
2024-04-29 16:53:47.645330,4.563585
2024-04-29 16:53:47.660950,4.325697
2024-04-29 16:53:47.676580,4.410322
2024-04-29 16:53:47.692210,4.674395
2024-04-29 16:53:47.707830,4.936588
2024-04-29 16:53:47.723460,5.027674
2024-04-29 16:53:47.739080,4.86561
2024-04-29 16:53:47.754710,4.466906
2024-04-29 16:53:47.770330,3.951929
2024-04-29 16:53:47.785960,3.44076
2024-04-29 16:53:47.801590,2.991701
2024-04-29 16:53:47.817210,2.576967
2024-04-29 16:53:47.832840,2.087852
2024-04-29 16:53:47.848460,1.421175
2024-04-29 16:53:47.864090,0.5246677
2024-04-29 16:53:47.879710,-0.5390244
2024-04-29 16:53:47.895340,-1.663698
2024-04-29 16:53:47.910970,-2.717392
2024-04-29 16:53:47.926590,-3.620018
2024-04-29 16:53:47.942220,-4.353233
2024-04-29 16:53:47.957840,-4.944857
2024-04-29 16:53:47.973470,-5.45676
2024-04-29 16:53:47.989100,-5.96847
2024-04-29 16:53:48.004720,-6.586016
2024-04-29 16:53:48.020350,-7.404694
2024-04-29 16:53:48.035970,-8.513567
2024-04-29 16:53:48.051600,-9.931543
2024-04-29 16:53:48.067220,-11.52947
2024-04-29 16:53:48.082850,-13.03402
2024-04-29 16:53:48.098480,-14.0327
2024-04-29 16:53:48.114100,-14.11404
2024-04-29 16:53:48.129730,-13.01181
2024-04-29 16:53:48.145350,-10.70222
2024-04-29 16:53:48.160980,-7.425486
2024-04-29 16:53:48.176600,-3.624918
2024-04-29 16:53:48.192230,0.1924801
2024-04-29 16:53:48.207860,3.600855
2024-04-29 16:53:48.223480,6.32106
2024-04-29 16:53:48.239110,8.250111
2024-04-29 16:53:48.254730,9.380037
2024-04-29 16:53:48.270360,9.763893
2024-04-29 16:53:48.285980,9.482598
2024-04-29 16:53:48.301610,8.652692
2024-04-29 16:53:48.317240,7.447618
2024-04-29 16:53:48.332860,6.119911
2024-04-29 16:53:48.348490,4.940707
2024-04-29 16:53:48.364110,4.097756
2024-04-29 16:53:48.379740,3.681023
2024-04-29 16:53:48.395360,3.626265
2024-04-29 16:53:48.410990,3.763391
2024-04-29 16:53:48.426620,3.911026
2024-04-29 16:53:48.442240,3.937023
2024-04-29 16:53:48.457870,3.803621
2024-04-29 16:53:48.473490,3.547951
2024-04-29 16:53:48.489120,3.228633
2024-04-29 16:53:48.504740,2.862756
2024-04-29 16:53:48.520370,2.444733
2024-04-29 16:53:48.536000,1.94489
2024-04-29 16:53:48.551620,1.323375
2024-04-29 16:53:48.567250,0.6044903
2024-04-29 16:53:48.582870,-0.160923
2024-04-29 16:53:48.598500,-0.9081764
2024-04-29 16:53:48.614120,-1.587877
2024-04-29 16:53:48.629750,-2.212275
2024-04-29 16:53:48.645380,-2.845427
2024-04-29 16:53:48.661000,-3.550393
2024-04-29 16:53:48.676630,-4.35113
2024-04-29 16:53:48.692250,-5.211144
2024-04-29 16:53:48.707880,-6.035868
2024-04-29 16:53:48.723500,-6.736704
2024-04-29 16:53:48.739130,-7.288104
2024-04-29 16:53:48.754760,-7.766797
2024-04-29 16:53:48.770380,-8.340025
2024-04-29 16:53:48.786010,-9.181118
2024-04-29 16:53:48.801630,-10.33527
2024-04-29 16:53:48.817260,-11.68643
2024-04-29 16:53:48.832880,-12.89898
2024-04-29 16:53:48.848510,-13.52078
2024-04-29 16:53:48.864140,-13.1596
2024-04-29 16:53:48.879760,-11.60801
2024-04-29 16:53:48.895390,-8.930765
2024-04-29 16:53:48.911010,-5.451029
2024-04-29 16:53:48.926640,-1.642217
2024-04-29 16:53:48.942260,2.030102
2024-04-29 16:53:48.957890,5.224108
2024-04-29 16:53:48.973520,7.765932
2024-04-29 16:53:48.989140,9.628237
2024-04-29 16:53:49.004770,10.84759
2024-04-29 16:53:49.020390,11.44935
2024-04-29 16:53:49.036020,11.45232
2024-04-29 16:53:49.051640,10.9035
2024-04-29 16:53:49.067270,9.897759
2024-04-29 16:53:49.082900,8.623263
2024-04-29 16:53:49.098520,7.321621
2024-04-29 16:53:49.114150,6.232659
2024-04-29 16:53:49.129770,5.526032
2024-04-29 16:53:49.145400,5.259386
2024-04-29 16:53:49.161020,5.378716
2024-04-29 16:53:49.176650,5.761527
2024-04-29 16:53:49.192280,6.252841
2024-04-29 16:53:49.207900,6.689174
2024-04-29 16:53:49.223530,6.907713
2024-04-29 16:53:49.239150,6.788523
2024-04-29 16:53:49.254780,6.253201
2024-04-29 16:53:49.270400,5.319256
2024-04-29 16:53:49.286030,4.095763
2024-04-29 16:53:49.301660,2.766192
2024-04-29 16:53:49.317280,1.49914
2024-04-29 16:53:49.332910,0.4281883
2024-04-29 16:53:49.348530,-0.401391
2024-04-29 16:53:49.364160,-1.012108
2024-04-29 16:53:49.379780,-1.478485
2024-04-29 16:53:49.395410,-1.899326
2024-04-29 16:53:49.411040,-2.356769
2024-04-29 16:53:49.426660,-2.938815
2024-04-29 16:53:49.442290,-3.722241
2024-04-29 16:53:49.457910,-4.731704
2024-04-29 16:53:49.473540,-5.926474
2024-04-29 16:53:49.489160,-7.157452
2024-04-29 16:53:49.504790,-8.232627
2024-04-29 16:53:49.520420,-9.014257
2024-04-29 16:53:49.536040,-9.514893
2024-04-29 16:53:49.551670,-9.894575
2024-04-29 16:53:49.567290,-10.38801
2024-04-29 16:53:49.582920,-11.13623
2024-04-29 16:53:49.598540,-12.05239
2024-04-29 16:53:49.614170,-12.79895
2024-04-29 16:53:49.629800,-12.87941
2024-04-29 16:53:49.645420,-11.84108
2024-04-29 16:53:49.661050,-9.475756
2024-04-29 16:53:49.676670,-5.944539
2024-04-29 16:53:49.692300,-1.705822
2024-04-29 16:53:49.707920,2.619465
2024-04-29 16:53:49.723550,6.465813
2024-04-29 16:53:49.739180,9.478223
2024-04-29 16:53:49.754800,11.57139
2024-04-29 16:53:49.770430,12.85433
2024-04-29 16:53:49.786050,13.51263
2024-04-29 16:53:49.801680,13.71383
2024-04-29 16:53:49.817300,13.52739
2024-04-29 16:53:49.832930,12.97094
2024-04-29 16:53:49.848560,12.05585
2024-04-29 16:53:49.864180,10.85992
2024-04-29 16:53:49.879810,9.535786
2024-04-29 16:53:49.895430,8.266783
2024-04-29 16:53:49.911060,7.206499
2024-04-29 16:53:49.926680,6.442274
2024-04-29 16:53:49.942310,5.9971
2024-04-29 16:53:49.957940,5.818804
2024-04-29 16:53:49.973560,5.828055
2024-04-29 16:53:49.989190,5.89263
2024-04-29 16:53:50.004810,5.852285
2024-04-29 16:53:50.020440,5.55325
2024-04-29 16:53:50.036060,4.894747
2024-04-29 16:53:50.051690,3.900441
2024-04-29 16:53:50.067320,2.701714
2024-04-29 16:53:50.082940,1.489726
2024-04-29 16:53:50.098570,0.4188747
2024-04-29 16:53:50.114190,-0.4393988
2024-04-29 16:53:50.129820,-1.145939
2024-04-29 16:53:50.145440,-1.809393
2024-04-29 16:53:50.161070,-2.523604
2024-04-29 16:53:50.176700,-3.346475
2024-04-29 16:53:50.192320,-4.250584
2024-04-29 16:53:50.207950,-5.202269
2024-04-29 16:53:50.223570,-6.168564
2024-04-29 16:53:50.239200,-7.152883
2024-04-29 16:53:50.254830,-8.143344
2024-04-29 16:53:50.270450,-9.1327
2024-04-29 16:53:50.286080,-10.08356
2024-04-29 16:53:50.301700,-10.97234
2024-04-29 16:53:50.317330,-11.82266
2024-04-29 16:53:50.332950,-12.68237
2024-04-29 16:53:50.348580,-13.58045
2024-04-29 16:53:50.364210,-14.46755
2024-04-29 16:53:50.379830,-15.18524
2024-04-29 16:53:50.395460,-15.45903
2024-04-29 16:53:50.411080,-15.00928
2024-04-29 16:53:50.426710,-13.6286
2024-04-29 16:53:50.442330,-11.25668
2024-04-29 16:53:50.457960,-8.049757
2024-04-29 16:53:50.473590,-4.31888
2024-04-29 16:53:50.489210,-0.4783096
2024-04-29 16:53:50.504840,3.062141
2024-04-29 16:53:50.520460,5.989552
2024-04-29 16:53:50.536090,8.12656
2024-04-29 16:53:50.551710,9.410625
2024-04-29 16:53:50.567340,9.875866
2024-04-29 16:53:50.582970,9.630497
2024-04-29 16:53:50.598590,8.821997
2024-04-29 16:53:50.614220,7.660681
2024-04-29 16:53:50.629840,6.384874
2024-04-29 16:53:50.645470,5.267578
2024-04-29 16:53:50.661090,4.521404
2024-04-29 16:53:50.676720,4.27125
2024-04-29 16:53:50.692350,4.491863
2024-04-29 16:53:50.707970,5.049431
2024-04-29 16:53:50.723600,5.758022
2024-04-29 16:53:50.739220,6.444012
2024-04-29 16:53:50.754850,6.990143
2024-04-29 16:53:50.770470,7.359173
2024-04-29 16:53:50.786100,7.528517
2024-04-29 16:53:50.801730,7.490337
2024-04-29 16:53:50.817350,7.228205
2024-04-29 16:53:50.832980,6.712128
2024-04-29 16:53:50.848600,5.968191
2024-04-29 16:53:50.864230,5.04755
2024-04-29 16:53:50.879850,4.034266
2024-04-29 16:53:50.895480,3.004622
2024-04-29 16:53:50.911110,1.999357
2024-04-29 16:53:50.926730,1.026302
2024-04-29 16:53:50.942360,0.07384491
2024-04-29 16:53:50.957980,-0.8555508
2024-04-29 16:53:50.973610,-1.743
2024-04-29 16:53:50.989230,-2.532978
2024-04-29 16:53:51.004860,-3.199244
2024-04-29 16:53:51.020490,-3.757427
2024-04-29 16:53:51.036110,-4.29245
2024-04-29 16:53:51.051740,-4.938316
2024-04-29 16:53:51.067360,-5.838976
2024-04-29 16:53:51.082990,-7.082438
2024-04-29 16:53:51.098610,-8.613338
2024-04-29 16:53:51.114240,-10.23536
2024-04-29 16:53:51.129870,-11.61856
2024-04-29 16:53:51.145490,-12.36723
2024-04-29 16:53:51.161120,-12.13274
2024-04-29 16:53:51.176740,-10.72483
2024-04-29 16:53:51.192370,-8.166094
2024-04-29 16:53:51.207990,-4.735031
2024-04-29 16:53:51.223620,-0.8714027
2024-04-29 16:53:51.239250,2.947206
2024-04-29 16:53:51.254870,6.275148
2024-04-29 16:53:51.270500,8.830685
2024-04-29 16:53:51.286120,10.46792
2024-04-29 16:53:51.301750,11.18341
2024-04-29 16:53:51.317370,11.07991
2024-04-29 16:53:51.333000,10.33103
2024-04-29 16:53:51.348630,9.169571
2024-04-29 16:53:51.364250,7.865633
2024-04-29 16:53:51.379880,6.686136
2024-04-29 16:53:51.395500,5.822727
2024-04-29 16:53:51.411130,5.343763
2024-04-29 16:53:51.426750,5.190189
2024-04-29 16:53:51.442380,5.207964
2024-04-29 16:53:51.458010,5.245306
2024-04-29 16:53:51.473630,5.204046
2024-04-29 16:53:51.489260,5.0788
2024-04-29 16:53:51.504880,4.914577
2024-04-29 16:53:51.520510,4.750935
2024-04-29 16:53:51.536130,4.587585
2024-04-29 16:53:51.551760,4.37067
2024-04-29 16:53:51.567390,4.046217
2024-04-29 16:53:51.583010,3.577929
2024-04-29 16:53:51.598640,2.993093
2024-04-29 16:53:51.614260,2.320095
2024-04-29 16:53:51.629890,1.575672
2024-04-29 16:53:51.645510,0.7352543
2024-04-29 16:53:51.661140,-0.2314777
2024-04-29 16:53:51.676770,-1.326679
2024-04-29 16:53:51.692390,-2.486542
2024-04-29 16:53:51.708020,-3.580812
2024-04-29 16:53:51.723640,-4.460047
2024-04-29 16:53:51.739270,-5.021008
2024-04-29 16:53:51.754890,-5.276457
2024-04-29 16:53:51.770520,-5.35302
2024-04-29 16:53:51.786150,-5.464956
2024-04-29 16:53:51.801770,-5.821161
2024-04-29 16:53:51.817400,-6.540445
2024-04-29 16:53:51.833020,-7.596779
2024-04-29 16:53:51.848650,-8.802084
2024-04-29 16:53:51.864270,-9.847195
2024-04-29 16:53:51.879900,-10.38332
2024-04-29 16:53:51.895530,-10.11819
2024-04-29 16:53:51.911150,-8.896851
2024-04-29 16:53:51.926780,-6.729902
2024-04-29 16:53:51.942400,-3.795824
2024-04-29 16:53:51.958030,-0.4125175
2024-04-29 16:53:51.973650,3.006485
2024-04-29 16:53:51.989280,6.054096
2024-04-29 16:53:52.004910,8.382637
2024-04-29 16:53:52.020530,9.797132
2024-04-29 16:53:52.036160,10.296
2024-04-29 16:53:52.051780,10.04835
2024-04-29 16:53:52.067410,9.325199
2024-04-29 16:53:52.083030,8.392067
2024-04-29 16:53:52.098660,7.424709
2024-04-29 16:53:52.114290,6.48575
2024-04-29 16:53:52.129910,5.553711
2024-04-29 16:53:52.145540,4.632324
2024-04-29 16:53:52.161160,3.781733
2024-04-29 16:53:52.176790,3.154692
2024-04-29 16:53:52.192410,2.875135
2024-04-29 16:53:52.208040,2.961058
2024-04-29 16:53:52.223670,3.279495
2024-04-29 16:53:52.239290,3.612827
2024-04-29 16:53:52.254920,3.740953
2024-04-29 16:53:52.270540,3.568949
2024-04-29 16:53:52.286170,3.119164
2024-04-29 16:53:52.301790,2.486296
2024-04-29 16:53:52.317420,1.760607
2024-04-29 16:53:52.333050,0.9792347
2024-04-29 16:53:52.348670,0.1322289
2024-04-29 16:53:52.364300,-0.7650814
2024-04-29 16:53:52.379920,-1.632694
2024-04-29 16:53:52.395550,-2.364424
2024-04-29 16:53:52.411180,-2.872967
2024-04-29 16:53:52.426800,-3.160742
2024-04-29 16:53:52.442430,-3.321953
2024-04-29 16:53:52.458050,-3.479231
2024-04-29 16:53:52.473680,-3.740707
2024-04-29 16:53:52.489300,-4.146914
2024-04-29 16:53:52.504930,-4.714825
2024-04-29 16:53:52.520560,-5.438692
2024-04-29 16:53:52.536180,-6.337799
2024-04-29 16:53:52.551810,-7.389896
2024-04-29 16:53:52.567430,-8.513678
2024-04-29 16:53:52.583060,-9.52351
2024-04-29 16:53:52.598680,-10.18689
2024-04-29 16:53:52.614310,-10.27321
2024-04-29 16:53:52.629940,-9.619778
2024-04-29 16:53:52.645560,-8.186941
2024-04-29 16:53:52.661190,-6.040243
2024-04-29 16:53:52.676810,-3.332336
2024-04-29 16:53:52.692440,-0.2844982
2024-04-29 16:53:52.708060,2.833784
2024-04-29 16:53:52.723690,5.718319
2024-04-29 16:53:52.739320,8.084198
2024-04-29 16:53:52.754940,9.722258
2024-04-29 16:53:52.770570,10.57327
2024-04-29 16:53:52.786190,10.70181
2024-04-29 16:53:52.801820,10.28171
2024-04-29 16:53:52.817440,9.475054
2024-04-29 16:53:52.833070,8.416084
2024-04-29 16:53:52.848700,7.181395
2024-04-29 16:53:52.864320,5.866554
2024-04-29 16:53:52.879950,4.620569
2024-04-29 16:53:52.895570,3.641788
2024-04-29 16:53:52.911200,3.104685
2024-04-29 16:53:52.926820,3.055124
2024-04-29 16:53:52.942450,3.389948
2024-04-29 16:53:52.958080,3.860739
2024-04-29 16:53:52.973700,4.211674
2024-04-29 16:53:52.989330,4.286612
2024-04-29 16:53:53.004950,4.087738
2024-04-29 16:53:53.020580,3.741705
2024-04-29 16:53:53.036200,3.38485
2024-04-29 16:53:53.051830,3.067009
2024-04-29 16:53:53.067460,2.712576
2024-04-29 16:53:53.083080,2.182722
2024-04-29 16:53:53.098710,1.367895
2024-04-29 16:53:53.114330,0.2697334
2024-04-29 16:53:53.129960,-0.9917278
2024-04-29 16:53:53.145580,-2.220545
2024-04-29 16:53:53.161210,-3.269127
2024-04-29 16:53:53.176840,-4.07543
2024-04-29 16:53:53.192460,-4.701113
2024-04-29 16:53:53.208090,-5.286283
2024-04-29 16:53:53.223710,-5.962576
2024-04-29 16:53:53.239340,-6.800434
2024-04-29 16:53:53.254960,-7.778801
2024-04-29 16:53:53.270590,-8.783894
2024-04-29 16:53:53.286220,-9.65398
2024-04-29 16:53:53.301840,-10.20873
2024-04-29 16:53:53.317470,-10.28985
2024-04-29 16:53:53.333090,-9.768522
2024-04-29 16:53:53.348720,-8.583969
2024-04-29 16:53:53.364340,-6.744022
2024-04-29 16:53:53.379970,-4.354675
2024-04-29 16:53:53.395600,-1.612038
2024-04-29 16:53:53.411220,1.224915
2024-04-29 16:53:53.426850,3.877651
2024-04-29 16:53:53.442470,6.111668
2024-04-29 16:53:53.458100,7.76091
2024-04-29 16:53:53.473720,8.752283
2024-04-29 16:53:53.489350,9.087908
2024-04-29 16:53:53.504980,8.831001
2024-04-29 16:53:53.520600,8.082451
2024-04-29 16:53:53.536230,6.970652
2024-04-29 16:53:53.551850,5.652628
2024-04-29 16:53:53.567480,4.286308
2024-04-29 16:53:53.583100,3.013132
2024-04-29 16:53:53.598730,1.947811
2024-04-29 16:53:53.614360,1.17704
2024-04-29 16:53:53.629980,0.7385845
2024-04-29 16:53:53.645610,0.6344261
2024-04-29 16:53:53.661230,0.8216057
2024-04-29 16:53:53.676860,1.207947
2024-04-29 16:53:53.692480,1.690563
2024-04-29 16:53:53.708110,2.116596
2024-04-29 16:53:53.723740,2.356026
2024-04-29 16:53:53.739360,2.319687
2024-04-29 16:53:53.754990,1.961957
2024-04-29 16:53:53.770610,1.280884
2024-04-29 16:53:53.786240,0.3408041
2024-04-29 16:53:53.801860,-0.7642202
2024-04-29 16:53:53.817490,-1.913746
2024-04-29 16:53:53.833120,-2.960048
2024-04-29 16:53:53.848740,-3.782752
2024-04-29 16:53:53.864370,-4.32196
2024-04-29 16:53:53.879990,-4.62722
2024-04-29 16:53:53.895620,-4.842144
2024-04-29 16:53:53.911240,-5.179112
2024-04-29 16:53:53.926870,-5.794029
2024-04-29 16:53:53.942500,-6.694927
2024-04-29 16:53:53.958120,-7.709885
2024-04-29 16:53:53.973750,-8.529763
2024-04-29 16:53:53.989370,-8.789843
2024-04-29 16:53:54.005000,-8.213326
2024-04-29 16:53:54.020620,-6.709593
2024-04-29 16:53:54.036250,-4.399947
2024-04-29 16:53:54.051880,-1.571254
2024-04-29 16:53:54.067500,1.431724
2024-04-29 16:53:54.083130,4.264437
2024-04-29 16:53:54.098750,6.657139
2024-04-29 16:53:54.114380,8.438622
2024-04-29 16:53:54.130000,9.530227
2024-04-29 16:53:54.145630,9.923004
2024-04-29 16:53:54.161260,9.657709
2024-04-29 16:53:54.176880,8.80308
2024-04-29 16:53:54.192510,7.446979
2024-04-29 16:53:54.208130,5.702214
2024-04-29 16:53:54.223760,3.730317
2024-04-29 16:53:54.239380,1.766445
2024-04-29 16:53:54.255010,0.08354282
2024-04-29 16:53:54.270640,-1.086276
2024-04-29 16:53:54.286260,-1.644166
2024-04-29 16:53:54.301890,-1.664194
2024-04-29 16:53:54.317510,-1.369036
2024-04-29 16:53:54.333140,-1.002425
2024-04-29 16:53:54.348760,-0.741066
2024-04-29 16:53:54.364390,-0.6330099
2024-04-29 16:53:54.380020,-0.6539612
2024-04-29 16:53:54.395640,-0.7655478
2024-04-29 16:53:54.411270,-0.9879971
2024-04-29 16:53:54.426890,-1.365222
2024-04-29 16:53:54.442520,-1.882578
2024-04-29 16:53:54.458140,-2.454135
2024-04-29 16:53:54.473770,-2.944049
2024-04-29 16:53:54.489400,-3.283803
2024-04-29 16:53:54.505020,-3.525091
2024-04-29 16:53:54.520650,-3.844154
2024-04-29 16:53:54.536270,-4.440817
2024-04-29 16:53:54.551900,-5.381527
2024-04-29 16:53:54.567520,-6.525723
2024-04-29 16:53:54.583150,-7.575288
2024-04-29 16:53:54.598780,-8.225761
2024-04-29 16:53:54.614400,-8.280872
2024-04-29 16:53:54.630030,-7.719997
2024-04-29 16:53:54.645650,-6.634184
2024-04-29 16:53:54.661280,-5.123794
2024-04-29 16:53:54.676900,-3.241338
2024-04-29 16:53:54.692530,-1.019442
2024-04-29 16:53:54.708160,1.456287
2024-04-29 16:53:54.723780,3.999507
2024-04-29 16:53:54.739410,6.303947
2024-04-29 16:53:54.755030,8.036484
2024-04-29 16:53:54.770660,8.949338
2024-04-29 16:53:54.786280,8.969481
2024-04-29 16:53:54.801910,8.208046
2024-04-29 16:53:54.817540,6.890674
2024-04-29 16:53:54.833160,5.296579
2024-04-29 16:53:54.848790,3.642055
2024-04-29 16:53:54.864410,2.091054
2024-04-29 16:53:54.880040,0.7553205
2024-04-29 16:53:54.895660,-0.2579522
2024-04-29 16:53:54.911290,-0.8598557
2024-04-29 16:53:54.926920,-1.002534
2024-04-29 16:53:54.942540,-0.7140646
2024-04-29 16:53:54.958170,-0.1284461
2024-04-29 16:53:54.973790,0.55864
2024-04-29 16:53:54.989420,1.121157
2024-04-29 16:53:55.005040,1.389026
2024-04-29 16:53:55.020670,1.297656
2024-04-29 16:53:55.036300,0.8613496
2024-04-29 16:53:55.051920,0.1711559
2024-04-29 16:53:55.067550,-0.6743469
2024-04-29 16:53:55.083170,-1.580287
2024-04-29 16:53:55.098800,-2.470536
2024-04-29 16:53:55.114430,-3.278841
2024-04-29 16:53:55.130050,-3.979783
2024-04-29 16:53:55.145680,-4.597662
2024-04-29 16:53:55.161300,-5.218214
2024-04-29 16:53:55.176930,-5.952154
2024-04-29 16:53:55.192550,-6.864798
2024-04-29 16:53:55.208180,-7.895056
2024-04-29 16:53:55.223810,-8.823469
2024-04-29 16:53:55.239430,-9.306507
2024-04-29 16:53:55.255060,-8.990891
2024-04-29 16:53:55.270680,-7.670371
2024-04-29 16:53:55.286310,-5.375989
2024-04-29 16:53:55.301930,-2.412626
2024-04-29 16:53:55.317560,0.7579935
2024-04-29 16:53:55.333190,3.653841
2024-04-29 16:53:55.348810,5.919871
2024-04-29 16:53:55.364440,7.414503
2024-04-29 16:53:55.380060,8.183325
2024-04-29 16:53:55.395690,8.368088
2024-04-29 16:53:55.411310,8.091239
2024-04-29 16:53:55.426940,7.405238
2024-04-29 16:53:55.442570,6.31566
2024-04-29 16:53:55.458190,4.87577
2024-04-29 16:53:55.473820,3.22671
2024-04-29 16:53:55.489440,1.628572
2024-04-29 16:53:55.505070,0.3613698
2024-04-29 16:53:55.520690,-0.3891423
2024-04-29 16:53:55.536320,-0.5920131
2024-04-29 16:53:55.551950,-0.3806589
2024-04-29 16:53:55.567570,0.05074859
2024-04-29 16:53:55.583200,0.519258
2024-04-29 16:53:55.598820,0.9131384
2024-04-29 16:53:55.614450,1.197132
2024-04-29 16:53:55.630070,1.372437
2024-04-29 16:53:55.645700,1.42043
2024-04-29 16:53:55.661330,1.30417
2024-04-29 16:53:55.676950,1.002613
2024-04-29 16:53:55.692580,0.5070817
2024-04-29 16:53:55.708200,-0.1518953
2024-04-29 16:53:55.723830,-0.9283743
2024-04-29 16:53:55.739450,-1.81408
2024-04-29 16:53:55.755080,-2.811199
2024-04-29 16:53:55.770710,-3.926118
2024-04-29 16:53:55.786330,-5.100956
2024-04-29 16:53:55.801960,-6.213933
2024-04-29 16:53:55.817580,-7.075754
2024-04-29 16:53:55.833210,-7.497999
2024-04-29 16:53:55.848830,-7.330705
2024-04-29 16:53:55.864460,-6.528679
2024-04-29 16:53:55.880090,-5.134368
2024-04-29 16:53:55.895710,-3.260554
2024-04-29 16:53:55.911340,-1.062852
2024-04-29 16:53:55.926960,1.275539
2024-04-29 16:53:55.942590,3.538574
2024-04-29 16:53:55.958210,5.487101
2024-04-29 16:53:55.973840,6.89247
2024-04-29 16:53:55.989470,7.596926
2024-04-29 16:53:56.005090,7.541224
2024-04-29 16:53:56.020720,6.794349
2024-04-29 16:53:56.036340,5.520194
2024-04-29 16:53:56.051970,3.913693
2024-04-29 16:53:56.067590,2.179847
2024-04-29 16:53:56.083220,0.4934835
2024-04-29 16:53:56.098850,-0.9812336
2024-04-29 16:53:56.114470,-2.096746
2024-04-29 16:53:56.130100,-2.718863
2024-04-29 16:53:56.145720,-2.789939
2024-04-29 16:53:56.161350,-2.354691
2024-04-29 16:53:56.176970,-1.57252
2024-04-29 16:53:56.192600,-0.6773521
2024-04-29 16:53:56.208230,0.09618819
2024-04-29 16:53:56.223850,0.5885837
2024-04-29 16:53:56.239480,0.7465248
2024-04-29 16:53:56.255100,0.611815
2024-04-29 16:53:56.270730,0.2446482
2024-04-29 16:53:56.286350,-0.2931602
2024-04-29 16:53:56.301980,-0.965204
2024-04-29 16:53:56.317610,-1.772646
2024-04-29 16:53:56.333230,-2.710799
2024-04-29 16:53:56.348860,-3.745315
2024-04-29 16:53:56.364480,-4.805629
2024-04-29 16:53:56.380110,-5.795306
2024-04-29 16:53:56.395730,-6.579904
2024-04-29 16:53:56.411360,-7.021151
2024-04-29 16:53:56.426990,-6.992076
2024-04-29 16:53:56.442610,-6.380243
2024-04-29 16:53:56.458240,-5.141215
2024-04-29 16:53:56.473860,-3.306681
2024-04-29 16:53:56.489490,-0.9988741
2024-04-29 16:53:56.505110,1.563358
2024-04-29 16:53:56.520740,4.125606
2024-04-29 16:53:56.536370,6.419719
2024-04-29 16:53:56.551990,8.214669
2024-04-29 16:53:56.567620,9.350869
2024-04-29 16:53:56.583240,9.762308
2024-04-29 16:53:56.598870,9.473767
2024-04-29 16:53:56.614490,8.584885
2024-04-29 16:53:56.630120,7.260651
2024-04-29 16:53:56.645750,5.682851
2024-04-29 16:53:56.661370,4.037739
2024-04-29 16:53:56.677000,2.499822
2024-04-29 16:53:56.692620,1.23961
2024-04-29 16:53:56.708250,0.4095417
2024-04-29 16:53:56.723870,0.1078857
2024-04-29 16:53:56.739500,0.3360837
2024-04-29 16:53:56.755130,0.9760754
2024-04-29 16:53:56.770750,1.813822
2024-04-29 16:53:56.786380,2.60339
2024-04-29 16:53:56.802000,3.165593
2024-04-29 16:53:56.817630,3.403253
2024-04-29 16:53:56.833250,3.34483
2024-04-29 16:53:56.848880,3.061003
2024-04-29 16:53:56.864510,2.635613
2024-04-29 16:53:56.880130,2.109818
2024-04-29 16:53:56.895760,1.487946
2024-04-29 16:53:56.911380,0.7522033
2024-04-29 16:53:56.927010,-0.1050251
2024-04-29 16:53:56.942630,-1.071602
2024-04-29 16:53:56.958260,-2.133468
2024-04-29 16:53:56.973890,-3.250136
2024-04-29 16:53:56.989510,-4.314212
2024-04-29 16:53:57.005140,-5.148439
2024-04-29 16:53:57.020760,-5.507473
2024-04-29 16:53:57.036390,-5.180704
2024-04-29 16:53:57.052010,-4.072711
2024-04-29 16:53:57.067640,-2.259908
2024-04-29 16:53:57.083270,0.02192116
2024-04-29 16:53:57.098890,2.455231
2024-04-29 16:53:57.114520,4.721021
2024-04-29 16:53:57.130140,6.5607
2024-04-29 16:53:57.145770,7.799298
2024-04-29 16:53:57.161390,8.335455
2024-04-29 16:53:57.177020,8.134396
2024-04-29 16:53:57.192650,7.231931
2024-04-29 16:53:57.208270,5.74436
2024-04-29 16:53:57.223900,3.859541
2024-04-29 16:53:57.239520,1.840794
2024-04-29 16:53:57.255150,-0.05134106
2024-04-29 16:53:57.270780,-1.597013
2024-04-29 16:53:57.286400,-2.662331
2024-04-29 16:53:57.302030,-3.201531
2024-04-29 16:53:57.317650,-3.270836
2024-04-29 16:53:57.333280,-2.97839
2024-04-29 16:53:57.348900,-2.476032
2024-04-29 16:53:57.364530,-1.928557
2024-04-29 16:53:57.380160,-1.499512
2024-04-29 16:53:57.395780,-1.306383
2024-04-29 16:53:57.411410,-1.407245
2024-04-29 16:53:57.427030,-1.786363
2024-04-29 16:53:57.442660,-2.332061
2024-04-29 16:53:57.458280,-2.88422
2024-04-29 16:53:57.473910,-3.280071
2024-04-29 16:53:57.489540,-3.426363
2024-04-29 16:53:57.505160,-3.357037
2024-04-29 16:53:57.520790,-3.219599
2024-04-29 16:53:57.536410,-3.187858
2024-04-29 16:53:57.552040,-3.34551
2024-04-29 16:53:57.567660,-3.632662
2024-04-29 16:53:57.583290,-3.818396
2024-04-29 16:53:57.598920,-3.610843
2024-04-29 16:53:57.614540,-2.788934
2024-04-29 16:53:57.630170,-1.298948
2024-04-29 16:53:57.645790,0.7126293
2024-04-29 16:53:57.661420,2.962277
2024-04-29 16:53:57.677040,5.140748
2024-04-29 16:53:57.692670,6.999587
2024-04-29 16:53:57.708300,8.399979
2024-04-29 16:53:57.723920,9.26497
2024-04-29 16:53:57.739550,9.558692
2024-04-29 16:53:57.755170,9.231241
2024-04-29 16:53:57.770800,8.278091
2024-04-29 16:53:57.786420,6.765013
2024-04-29 16:53:57.802050,4.895783
2024-04-29 16:53:57.817680,2.968527
2024-04-29 16:53:57.833300,1.302129
2024-04-29 16:53:57.848930,0.1235228
2024-04-29 16:53:57.864550,-0.4974575
2024-04-29 16:53:57.880180,-0.6896439
2024-04-29 16:53:57.895800,-0.705019
2024-04-29 16:53:57.911430,-0.794136
2024-04-29 16:53:57.927060,-1.112423
2024-04-29 16:53:57.942680,-1.660662
2024-04-29 16:53:57.958310,-2.32115
2024-04-29 16:53:57.973930,-2.932035
2024-04-29 16:53:57.989560,-3.393206
2024-04-29 16:53:58.005180,-3.686163
2024-04-29 16:53:58.020810,-3.893909
2024-04-29 16:53:58.036440,-4.146
2024-04-29 16:53:58.052060,-4.55274
2024-04-29 16:53:58.067690,-5.207037
2024-04-29 16:53:58.083310,-6.142799
2024-04-29 16:53:58.098940,-7.327482
2024-04-29 16:53:58.114560,-8.647537
2024-04-29 16:53:58.130190,-9.896832
2024-04-29 16:53:58.145820,-10.77757
2024-04-29 16:53:58.161440,-10.97849
2024-04-29 16:53:58.177070,-10.26318
2024-04-29 16:53:58.192690,-8.557289
2024-04-29 16:53:58.208320,-6.029522
2024-04-29 16:53:58.223940,-3.063698
2024-04-29 16:53:58.239570,-0.1544933
2024-04-29 16:53:58.255200,2.216621
2024-04-29 16:53:58.270820,3.701494
2024-04-29 16:53:58.286450,4.177509
2024-04-29 16:53:58.302070,3.727827
2024-04-29 16:53:58.317700,2.594933
2024-04-29 16:53:58.333320,1.075476
2024-04-29 16:53:58.348950,-0.5619488
2024-04-29 16:53:58.364580,-2.135946
2024-04-29 16:53:58.380200,-3.533249
2024-04-29 16:53:58.395830,-4.6996
2024-04-29 16:53:58.411450,-5.581694
2024-04-29 16:53:58.427080,-6.131754
2024-04-29 16:53:58.442700,-6.329159
2024-04-29 16:53:58.458330,-6.220278
2024-04-29 16:53:58.473960,-5.922073
2024-04-29 16:53:58.489580,-5.58975
2024-04-29 16:53:58.505210,-5.340399
2024-04-29 16:53:58.520830,-5.218653
2024-04-29 16:53:58.536460,-5.164074
2024-04-29 16:53:58.552080,-5.090942
2024-04-29 16:53:58.567710,-4.939661
2024-04-29 16:53:58.583340,-4.773523
2024-04-29 16:53:58.598960,-4.764484
2024-04-29 16:53:58.614590,-5.111229
2024-04-29 16:53:58.630210,-5.929811
2024-04-29 16:53:58.645840,-7.129662
2024-04-29 16:53:58.661460,-8.41618
2024-04-29 16:53:58.677090,-9.350492
2024-04-29 16:53:58.692720,-9.51095
2024-04-29 16:53:58.708340,-8.621975
2024-04-29 16:53:58.723970,-6.663731
2024-04-29 16:53:58.739590,-3.864289
2024-04-29 16:53:58.755220,-0.5973377
2024-04-29 16:53:58.770840,2.716271
2024-04-29 16:53:58.786470,5.731333
2024-04-29 16:53:58.802100,8.188046
2024-04-29 16:53:58.817720,9.920442
2024-04-29 16:53:58.833350,10.80209
2024-04-29 16:53:58.848970,10.78811
2024-04-29 16:53:58.864600,9.906129
2024-04-29 16:53:58.880220,8.33643
2024-04-29 16:53:58.895850,6.378931
2024-04-29 16:53:58.911480,4.403276
2024-04-29 16:53:58.927100,2.764604
2024-04-29 16:53:58.942730,1.668564
2024-04-29 16:53:58.958350,1.140703
2024-04-29 16:53:58.973980,1.036729
2024-04-29 16:53:58.989600,1.133367
2024-04-29 16:53:59.005230,1.234368
2024-04-29 16:53:59.020860,1.227078
2024-04-29 16:53:59.036480,1.098809
2024-04-29 16:53:59.052110,0.8829761
2024-04-29 16:53:59.067730,0.6268268
2024-04-29 16:53:59.083360,0.3321891
2024-04-29 16:53:59.098980,-0.039711
2024-04-29 16:53:59.114610,-0.5488791
2024-04-29 16:53:59.130240,-1.287927
2024-04-29 16:53:59.145860,-2.307274
2024-04-29 16:53:59.161490,-3.607018
2024-04-29 16:53:59.177110,-5.108159
2024-04-29 16:53:59.192740,-6.67242
2024-04-29 16:53:59.208360,-8.089876
2024-04-29 16:53:59.223990,-9.1244
2024-04-29 16:53:59.239620,-9.514273
2024-04-29 16:53:59.255240,-9.037561
2024-04-29 16:53:59.270870,-7.567534
2024-04-29 16:53:59.286490,-5.124109
2024-04-29 16:53:59.302120,-1.90015
2024-04-29 16:53:59.317740,1.738846
2024-04-29 16:53:59.333370,5.327056
2024-04-29 16:53:59.349000,8.406338
2024-04-29 16:53:59.364620,10.61966
2024-04-29 16:53:59.380250,11.79268
2024-04-29 16:53:59.395870,11.93928
2024-04-29 16:53:59.411500,11.20343
2024-04-29 16:53:59.427120,9.820213
2024-04-29 16:53:59.442750,8.027702
2024-04-29 16:53:59.458380,6.091241
2024-04-29 16:53:59.474000,4.267823
2024-04-29 16:53:59.489630,2.789918
2024-04-29 16:53:59.505250,1.829484
2024-04-29 16:53:59.520880,1.451488
2024-04-29 16:53:59.536500,1.590044
2024-04-29 16:53:59.552130,2.065409
2024-04-29 16:53:59.567760,2.643653
2024-04-29 16:53:59.583380,3.07261
2024-04-29 16:53:59.599010,3.170909
2024-04-29 16:53:59.614630,2.872956
2024-04-29 16:53:59.630260,2.245118
2024-04-29 16:53:59.645880,1.43642
2024-04-29 16:53:59.661510,0.6235137
2024-04-29 16:53:59.677140,-0.07420492
2024-04-29 16:53:59.692760,-0.6458993
2024-04-29 16:53:59.708390,-1.201931
2024-04-29 16:53:59.724010,-1.920854
2024-04-29 16:53:59.739640,-2.956248
2024-04-29 16:53:59.755270,-4.351487
2024-04-29 16:53:59.770890,-5.983002
2024-04-29 16:53:59.786520,-7.573143
2024-04-29 16:53:59.802140,-8.725658
2024-04-29 16:53:59.817770,-9.043715
2024-04-29 16:53:59.833390,-8.236506
2024-04-29 16:53:59.849020,-6.211044
2024-04-29 16:53:59.864650,-3.12592
2024-04-29 16:53:59.880270,0.6394272
2024-04-29 16:53:59.895900,4.576446
2024-04-29 16:53:59.911520,8.173247
2024-04-29 16:53:59.927150,11.01829
2024-04-29 16:53:59.942770,12.86533
2024-04-29 16:53:59.958400,13.63901
2024-04-29 16:53:59.974030,13.40785
2024-04-29 16:53:59.989650,12.35396
2024-04-29 16:54:00.005280,10.72105
2024-04-29 16:54:00.020900,8.822134
2024-04-29 16:54:00.036530,6.973244
2024-04-29 16:54:00.052150,5.439623
2024-04-29 16:54:00.067780,4.37582
2024-04-29 16:54:00.083410,3.798294
2024-04-29 16:54:00.099030,3.594485
2024-04-29 16:54:00.114660,3.614681
2024-04-29 16:54:00.130280,3.753866
2024-04-29 16:54:00.145910,3.960967
2024-04-29 16:54:00.161530,4.246016
2024-04-29 16:54:00.177160,4.588864
2024-04-29 16:54:00.192790,4.917588
2024-04-29 16:54:00.208410,5.086428
2024-04-29 16:54:00.224040,4.951999
2024-04-29 16:54:00.239660,4.435304
2024-04-29 16:54:00.255290,3.560406
2024-04-29 16:54:00.270910,2.432329
2024-04-29 16:54:00.286540,1.183063
2024-04-29 16:54:00.302170,-0.09226322
2024-04-29 16:54:00.317790,-1.34595
2024-04-29 16:54:00.333420,-2.544819
2024-04-29 16:54:00.349040,-3.655983
2024-04-29 16:54:00.364670,-4.594882
2024-04-29 16:54:00.380290,-5.30712
2024-04-29 16:54:00.395920,-5.809117
2024-04-29 16:54:00.411550,-6.212165
2024-04-29 16:54:00.427170,-6.66223
2024-04-29 16:54:00.442800,-7.232185
2024-04-29 16:54:00.458420,-7.84584
2024-04-29 16:54:00.474050,-8.226212
2024-04-29 16:54:00.489670,-8.007959
2024-04-29 16:54:00.505300,-6.884145
2024-04-29 16:54:00.520930,-4.753459
2024-04-29 16:54:00.536550,-1.786899
2024-04-29 16:54:00.552180,1.588476
2024-04-29 16:54:00.567800,4.871954
2024-04-29 16:54:00.583430,7.623928
2024-04-29 16:54:00.599050,9.586571
2024-04-29 16:54:00.614680,10.70134
2024-04-29 16:54:00.630310,11.06049
2024-04-29 16:54:00.645930,10.82052
2024-04-29 16:54:00.661560,10.14257
2024-04-29 16:54:00.677180,9.166097
2024-04-29 16:54:00.692810,8.020026
2024-04-29 16:54:00.708430,6.84156
2024-04-29 16:54:00.724060,5.782898
2024-04-29 16:54:00.739690,4.970062
2024-04-29 16:54:00.755310,4.475839
2024-04-29 16:54:00.770940,4.289696
2024-04-29 16:54:00.786560,4.340119
2024-04-29 16:54:00.802190,4.508894
2024-04-29 16:54:00.817810,4.669752
2024-04-29 16:54:00.833440,4.730214
2024-04-29 16:54:00.849070,4.610872
2024-04-29 16:54:00.864690,4.276848
2024-04-29 16:54:00.880320,3.73104
2024-04-29 16:54:00.895940,3.012547
2024-04-29 16:54:00.911570,2.195217
2024-04-29 16:54:00.927190,1.356719
2024-04-29 16:54:00.942820,0.54778
2024-04-29 16:54:00.958450,-0.2378225
2024-04-29 16:54:00.974070,-1.055757
2024-04-29 16:54:00.989700,-1.98232
2024-04-29 16:54:01.005320,-3.052528
2024-04-29 16:54:01.020950,-4.236691
2024-04-29 16:54:01.036570,-5.40932
2024-04-29 16:54:01.052200,-6.413146
2024-04-29 16:54:01.067830,-7.109569
2024-04-29 16:54:01.083450,-7.460074
2024-04-29 16:54:01.099080,-7.54075
2024-04-29 16:54:01.114700,-7.528222
2024-04-29 16:54:01.130330,-7.639048
2024-04-29 16:54:01.145950,-8.029037
2024-04-29 16:54:01.161580,-8.741657
2024-04-29 16:54:01.177210,-9.678308
2024-04-29 16:54:01.192830,-10.64287
2024-04-29 16:54:01.208460,-11.40489
2024-04-29 16:54:01.224080,-11.71787
2024-04-29 16:54:01.239710,-11.35908
2024-04-29 16:54:01.255330,-10.18074
2024-04-29 16:54:01.270960,-8.119368
2024-04-29 16:54:01.286590,-5.283142
2024-04-29 16:54:01.302210,-1.955042
2024-04-29 16:54:01.317840,1.429243
2024-04-29 16:54:01.333460,4.390064
2024-04-29 16:54:01.349090,6.554914
2024-04-29 16:54:01.364710,7.777893
2024-04-29 16:54:01.380340,8.176197
2024-04-29 16:54:01.395970,8.024717
2024-04-29 16:54:01.411590,7.624613
2024-04-29 16:54:01.427220,7.153858
2024-04-29 16:54:01.442840,6.652763
2024-04-29 16:54:01.458470,6.077364
2024-04-29 16:54:01.474090,5.408422
2024-04-29 16:54:01.489720,4.711224
2024-04-29 16:54:01.505350,4.137449
2024-04-29 16:54:01.520970,3.814558
2024-04-29 16:54:01.536600,3.785316
2024-04-29 16:54:01.552220,3.960609
2024-04-29 16:54:01.567850,4.177896
2024-04-29 16:54:01.583470,4.275074
2024-04-29 16:54:01.599100,4.192577
2024-04-29 16:54:01.614730,3.955423
2024-04-29 16:54:01.630350,3.617758
2024-04-29 16:54:01.645980,3.225742
2024-04-29 16:54:01.661600,2.773689
2024-04-29 16:54:01.677230,2.2194
2024-04-29 16:54:01.692850,1.56077
2024-04-29 16:54:01.708480,0.8419914
2024-04-29 16:54:01.724110,0.1516113
2024-04-29 16:54:01.739730,-0.4146366
2024-04-29 16:54:01.755360,-0.8450184
2024-04-29 16:54:01.770980,-1.211245
2024-04-29 16:54:01.786610,-1.656349
2024-04-29 16:54:01.802230,-2.326082
2024-04-29 16:54:01.817860,-3.277613
2024-04-29 16:54:01.833490,-4.445396
2024-04-29 16:54:01.849110,-5.621033
2024-04-29 16:54:01.864740,-6.5653
2024-04-29 16:54:01.880360,-7.10701
2024-04-29 16:54:01.895990,-7.244766
2024-04-29 16:54:01.911610,-7.151226
2024-04-29 16:54:01.927240,-7.09462
2024-04-29 16:54:01.942870,-7.312309
2024-04-29 16:54:01.958490,-7.887531
2024-04-29 16:54:01.974120,-8.67511
2024-04-29 16:54:01.989740,-9.365948
2024-04-29 16:54:02.005370,-9.602333
2024-04-29 16:54:02.020990,-9.110149
2024-04-29 16:54:02.036620,-7.783417
2024-04-29 16:54:02.052250,-5.693535
2024-04-29 16:54:02.067870,-3.040432
2024-04-29 16:54:02.083500,-0.1061401
2024-04-29 16:54:02.099120,2.807671
2024-04-29 16:54:02.114750,5.417374
2024-04-29 16:54:02.130380,7.457924
2024-04-29 16:54:02.146000,8.762623
2024-04-29 16:54:02.161630,9.279408
2024-04-29 16:54:02.177250,9.079338
2024-04-29 16:54:02.192880,8.358761
2024-04-29 16:54:02.208500,7.348061
2024-04-29 16:54:02.224130,6.267658
2024-04-29 16:54:02.239760,5.267506
2024-04-29 16:54:02.255380,4.444771
2024-04-29 16:54:02.271010,3.827011
2024-04-29 16:54:02.286630,3.423317
2024-04-29 16:54:02.302260,3.220512
2024-04-29 16:54:02.317880,3.17738
2024-04-29 16:54:02.333510,3.208961
2024-04-29 16:54:02.349140,3.217216
2024-04-29 16:54:02.364760,3.122673
2024-04-29 16:54:02.380390,2.901573
2024-04-29 16:54:02.396010,2.584419
2024-04-29 16:54:02.411640,2.213215
2024-04-29 16:54:02.427260,1.804306
2024-04-29 16:54:02.442890,1.314384
2024-04-29 16:54:02.458520,0.6454277
2024-04-29 16:54:02.474140,-0.2748985
2024-04-29 16:54:02.489770,-1.428902
2024-04-29 16:54:02.505390,-2.698002
2024-04-29 16:54:02.521020,-3.890099
2024-04-29 16:54:02.536640,-4.821739
2024-04-29 16:54:02.552270,-5.423836
2024-04-29 16:54:02.567900,-5.731071
2024-04-29 16:54:02.583520,-5.861336
2024-04-29 16:54:02.599150,-5.964748
2024-04-29 16:54:02.614770,-6.157528
2024-04-29 16:54:02.630400,-6.499599
2024-04-29 16:54:02.646020,-7.006809
2024-04-29 16:54:02.661650,-7.66153
2024-04-29 16:54:02.677280,-8.439251
2024-04-29 16:54:02.692900,-9.29002
2024-04-29 16:54:02.708530,-10.12078
2024-04-29 16:54:02.724150,-10.78727
2024-04-29 16:54:02.739780,-11.10325
2024-04-29 16:54:02.755400,-10.87995
2024-04-29 16:54:02.771030,-9.985325
2024-04-29 16:54:02.786660,-8.388256
2024-04-29 16:54:02.802280,-6.196999
2024-04-29 16:54:02.817910,-3.624851
2024-04-29 16:54:02.833530,-0.9483452
2024-04-29 16:54:02.849160,1.552189
2024-04-29 16:54:02.864780,3.642578
2024-04-29 16:54:02.880410,5.186512
2024-04-29 16:54:02.896040,6.117767
2024-04-29 16:54:02.911660,6.437611
2024-04-29 16:54:02.927290,6.181824
2024-04-29 16:54:02.942910,5.435829
2024-04-29 16:54:02.958540,4.333508
2024-04-29 16:54:02.974160,3.068825
2024-04-29 16:54:02.989790,1.84898
2024-04-29 16:54:03.005420,0.8639221
2024-04-29 16:54:03.021040,0.2134819
2024-04-29 16:54:03.036670,-0.1174164
2024-04-29 16:54:03.052290,-0.2424049
2024-04-29 16:54:03.067920,-0.3049698
2024-04-29 16:54:03.083540,-0.4233818
2024-04-29 16:54:03.099170,-0.6390228
2024-04-29 16:54:03.114800,-0.9190636
2024-04-29 16:54:03.130420,-1.203369
2024-04-29 16:54:03.146050,-1.471539
2024-04-29 16:54:03.161670,-1.730145
2024-04-29 16:54:03.177300,-2.034584
2024-04-29 16:54:03.192920,-2.433445
2024-04-29 16:54:03.208550,-2.950455
2024-04-29 16:54:03.224180,-3.582218
2024-04-29 16:54:03.239800,-4.297104
2024-04-29 16:54:03.255430,-5.069462
2024-04-29 16:54:03.271050,-5.857903
2024-04-29 16:54:03.286680,-6.599533
2024-04-29 16:54:03.302300,-7.215343
2024-04-29 16:54:03.317930,-7.634254
2024-04-29 16:54:03.333560,-7.825466
2024-04-29 16:54:03.349180,-7.865482
2024-04-29 16:54:03.364810,-7.925247
2024-04-29 16:54:03.380430,-8.185822
2024-04-29 16:54:03.396060,-8.773571
2024-04-29 16:54:03.411680,-9.663921
2024-04-29 16:54:03.427310,-10.68925
2024-04-29 16:54:03.442940,-11.56227
2024-04-29 16:54:03.458560,-11.97173
2024-04-29 16:54:03.474190,-11.64576
2024-04-29 16:54:03.489810,-10.43051
2024-04-29 16:54:03.505440,-8.338604
2024-04-29 16:54:03.521060,-5.541248
2024-04-29 16:54:03.536690,-2.339584
2024-04-29 16:54:03.552320,0.8852577
2024-04-29 16:54:03.567940,3.774475
2024-04-29 16:54:03.583570,6.060066
2024-04-29 16:54:03.599190,7.596928
2024-04-29 16:54:03.614820,8.380058
2024-04-29 16:54:03.630440,8.499798
2024-04-29 16:54:03.646070,8.080673
2024-04-29 16:54:03.661700,7.26384
2024-04-29 16:54:03.677320,6.211475
2024-04-29 16:54:03.692950,5.116825
2024-04-29 16:54:03.708570,4.187275
2024-04-29 16:54:03.724200,3.593941
2024-04-29 16:54:03.739820,3.418339
2024-04-29 16:54:03.755450,3.599171
2024-04-29 16:54:03.771080,3.964684
2024-04-29 16:54:03.786700,4.295464
2024-04-29 16:54:03.802330,4.423954
2024-04-29 16:54:03.817950,4.282154
2024-04-29 16:54:03.833580,3.913849
2024-04-29 16:54:03.849200,3.418423
2024-04-29 16:54:03.864830,2.902733
2024-04-29 16:54:03.880460,2.417267
2024-04-29 16:54:03.896080,1.956425
2024-04-29 16:54:03.911710,1.482487
2024-04-29 16:54:03.927330,0.9329033
2024-04-29 16:54:03.942960,0.2383957
2024-04-29 16:54:03.958580,-0.6652412
2024-04-29 16:54:03.974210,-1.80793
2024-04-29 16:54:03.989840,-3.147427
2024-04-29 16:54:04.005460,-4.564472
2024-04-29 16:54:04.021090,-5.861076
2024-04-29 16:54:04.036710,-6.832592
2024-04-29 16:54:04.052340,-7.341728
2024-04-29 16:54:04.067960,-7.411518
2024-04-29 16:54:04.083590,-7.214718
2024-04-29 16:54:04.099220,-7.049561
2024-04-29 16:54:04.114840,-7.232569
2024-04-29 16:54:04.130470,-7.945396
2024-04-29 16:54:04.146090,-9.144257
2024-04-29 16:54:04.161720,-10.55447
2024-04-29 16:54:04.177340,-11.72801
2024-04-29 16:54:04.192970,-12.18241
2024-04-29 16:54:04.208600,-11.55397
2024-04-29 16:54:04.224220,-9.729486
2024-04-29 16:54:04.239850,-6.869888
2024-04-29 16:54:04.255470,-3.363508
2024-04-29 16:54:04.271100,0.3025398
2024-04-29 16:54:04.286720,3.67878
2024-04-29 16:54:04.302350,6.461473
2024-04-29 16:54:04.317980,8.506947
2024-04-29 16:54:04.333600,9.808781
2024-04-29 16:54:04.349230,10.44396
2024-04-29 16:54:04.364850,10.51201
2024-04-29 16:54:04.380480,10.14157
2024-04-29 16:54:04.396110,9.4664
2024-04-29 16:54:04.411730,8.629242
2024-04-29 16:54:04.427360,7.762957
2024-04-29 16:54:04.442980,6.97209
2024-04-29 16:54:04.458610,6.302036
2024-04-29 16:54:04.474230,5.752651
2024-04-29 16:54:04.489860,5.304134
2024-04-29 16:54:04.505490,4.934046
2024-04-29 16:54:04.521110,4.638041
2024-04-29 16:54:04.536740,4.407732
2024-04-29 16:54:04.552360,4.212219
2024-04-29 16:54:04.567990,3.980219
2024-04-29 16:54:04.583610,3.658257
2024-04-29 16:54:04.599240,3.232984
2024-04-29 16:54:04.614870,2.735047
2024-04-29 16:54:04.630490,2.22836
2024-04-29 16:54:04.646120,1.74414
2024-04-29 16:54:04.661740,1.254077
2024-04-29 16:54:04.677370,0.6541901
2024-04-29 16:54:04.692990,-0.1548452
2024-04-29 16:54:04.708620,-1.213374
2024-04-29 16:54:04.724250,-2.461149
2024-04-29 16:54:04.739870,-3.743284
2024-04-29 16:54:04.755500,-4.890761
2024-04-29 16:54:04.771120,-5.778602
2024-04-29 16:54:04.786750,-6.415524
2024-04-29 16:54:04.802370,-6.908593
2024-04-29 16:54:04.818000,-7.439467
2024-04-29 16:54:04.833630,-8.16375
2024-04-29 16:54:04.849250,-9.143144
2024-04-29 16:54:04.864880,-10.28666
2024-04-29 16:54:04.880500,-11.35755
2024-04-29 16:54:04.896130,-12.05842
2024-04-29 16:54:04.911750,-12.10648
2024-04-29 16:54:04.927380,-11.31048
2024-04-29 16:54:04.943010,-9.605207
2024-04-29 16:54:04.958630,-7.045143
2024-04-29 16:54:04.974260,-3.803488
2024-04-29 16:54:04.989880,-0.1402781
2024-04-29 16:54:05.005510,3.607806
2024-04-29 16:54:05.021130,7.056378
2024-04-29 16:54:05.036760,9.817125
2024-04-29 16:54:05.052390,11.61587
2024-04-29 16:54:05.068010,12.34635
2024-04-29 16:54:05.083640,12.13039
2024-04-29 16:54:05.099260,11.23117
2024-04-29 16:54:05.114890,9.959979
2024-04-29 16:54:05.130510,8.574039
2024-04-29 16:54:05.146140,7.240237
2024-04-29 16:54:05.161770,6.062952
2024-04-29 16:54:05.177390,5.113021
2024-04-29 16:54:05.193020,4.46014
2024-04-29 16:54:05.208640,4.111382
2024-04-29 16:54:05.224270,3.999791
2024-04-29 16:54:05.239890,4.002418
2024-04-29 16:54:05.255520,3.987587
2024-04-29 16:54:05.271150,3.907739
2024-04-29 16:54:05.286770,3.805162
2024-04-29 16:54:05.302400,3.779883
2024-04-29 16:54:05.318020,3.894694
2024-04-29 16:54:05.333650,4.099466
2024-04-29 16:54:05.349270,4.224668
2024-04-29 16:54:05.364900,4.051513
2024-04-29 16:54:05.380530,3.432489
2024-04-29 16:54:05.396150,2.350756
2024-04-29 16:54:05.411780,0.9308624
2024-04-29 16:54:05.427400,-0.6181192
2024-04-29 16:54:05.443030,-2.093704
2024-04-29 16:54:05.458650,-3.343555
2024-04-29 16:54:05.474280,-4.334957
2024-04-29 16:54:05.489910,-5.137287
2024-04-29 16:54:05.505530,-5.895021
2024-04-29 16:54:05.521160,-6.751526
2024-04-29 16:54:05.536780,-7.740744
2024-04-29 16:54:05.552410,-8.712393
2024-04-29 16:54:05.568030,-9.376616
2024-04-29 16:54:05.583660,-9.365452
2024-04-29 16:54:05.599290,-8.405697
2024-04-29 16:54:05.614910,-6.435484
2024-04-29 16:54:05.630540,-3.623049
2024-04-29 16:54:05.646160,-0.301897
2024-04-29 16:54:05.661790,3.116133
2024-04-29 16:54:05.677410,6.275253
2024-04-29 16:54:05.693040,8.898523
2024-04-29 16:54:05.708670,10.81685
2024-04-29 16:54:05.724290,11.91586
2024-04-29 16:54:05.739920,12.17998
2024-04-29 16:54:05.755540,11.66139
2024-04-29 16:54:05.771170,10.50707
2024-04-29 16:54:05.786790,8.931223
2024-04-29 16:54:05.802420,7.176386
2024-04-29 16:54:05.818050,5.48543
2024-04-29 16:54:05.833670,4.050192
2024-04-29 16:54:05.849300,2.986008
2024-04-29 16:54:05.864920,2.318539
2024-04-29 16:54:05.880550,1.983925
2024-04-29 16:54:05.896170,1.862696
2024-04-29 16:54:05.911800,1.820499
2024-04-29 16:54:05.927430,1.756481
2024-04-29 16:54:05.943050,1.594618
2024-04-29 16:54:05.958680,1.297848
2024-04-29 16:54:05.974300,0.8406544
2024-04-29 16:54:05.989930,0.2091141
2024-04-29 16:54:06.005550,-0.5852604
2024-04-29 16:54:06.021180,-1.501146
2024-04-29 16:54:06.036810,-2.47447
2024-04-29 16:54:06.052430,-3.418428
2024-04-29 16:54:06.068060,-4.268961
2024-04-29 16:54:06.083680,-5.010595
2024-04-29 16:54:06.099310,-5.669151
2024-04-29 16:54:06.114930,-6.316711
2024-04-29 16:54:06.130560,-7.031988
2024-04-29 16:54:06.146190,-7.884954
2024-04-29 16:54:06.161810,-8.908081
2024-04-29 16:54:06.177440,-10.03918
2024-04-29 16:54:06.193060,-11.1049
2024-04-29 16:54:06.208690,-11.79718
2024-04-29 16:54:06.224310,-11.74832
2024-04-29 16:54:06.239940,-10.64104
2024-04-29 16:54:06.255570,-8.336737
2024-04-29 16:54:06.271190,-4.968456
2024-04-29 16:54:06.286820,-0.9139938
2024-04-29 16:54:06.302440,3.292004
2024-04-29 16:54:06.318070,7.126202
2024-04-29 16:54:06.333690,10.18234
2024-04-29 16:54:06.349320,12.27042
2024-04-29 16:54:06.364950,13.37653
2024-04-29 16:54:06.380570,13.62369
2024-04-29 16:54:06.396200,13.21119
2024-04-29 16:54:06.411820,12.34351
2024-04-29 16:54:06.427450,11.22357
2024-04-29 16:54:06.443070,10.01638
2024-04-29 16:54:06.458700,8.879059
2024-04-29 16:54:06.474330,7.923649
2024-04-29 16:54:06.489950,7.223637
2024-04-29 16:54:06.505580,6.806381
2024-04-29 16:54:06.521200,6.646378
2024-04-29 16:54:06.536830,6.676731
2024-04-29 16:54:06.552450,6.791901
2024-04-29 16:54:06.568080,6.871994
2024-04-29 16:54:06.583710,6.846169
2024-04-29 16:54:06.599330,6.695107
2024-04-29 16:54:06.614960,6.439285
2024-04-29 16:54:06.630580,6.110779
2024-04-29 16:54:06.646210,5.675327
2024-04-29 16:54:06.661830,5.038094
2024-04-29 16:54:06.677460,4.086891
2024-04-29 16:54:06.693090,2.761517
2024-04-29 16:54:06.708710,1.146675
2024-04-29 16:54:06.724340,-0.540432
2024-04-29 16:54:06.739960,-2.039104
2024-04-29 16:54:06.755590,-3.178471
2024-04-29 16:54:06.771210,-3.968414
2024-04-29 16:54:06.786840,-4.60302
2024-04-29 16:54:06.802470,-5.355049
2024-04-29 16:54:06.818090,-6.421471
2024-04-29 16:54:06.833720,-7.820583
2024-04-29 16:54:06.849340,-9.35675
2024-04-29 16:54:06.864970,-10.70238
2024-04-29 16:54:06.880590,-11.5098
2024-04-29 16:54:06.896220,-11.49671
2024-04-29 16:54:06.911850,-10.55519
2024-04-29 16:54:06.927470,-8.742847
2024-04-29 16:54:06.943100,-6.27496
2024-04-29 16:54:06.958720,-3.445942
2024-04-29 16:54:06.974350,-0.5788689
2024-04-29 16:54:06.989980,2.004356
2024-04-29 16:54:07.005600,4.060375
2024-04-29 16:54:07.021230,5.41029
2024-04-29 16:54:07.036850,5.973309
2024-04-29 16:54:07.052480,5.79874
2024-04-29 16:54:07.068100,5.037571
2024-04-29 16:54:07.083730,3.930031
2024-04-29 16:54:07.099360,2.750465
2024-04-29 16:54:07.114980,1.711437
2024-04-29 16:54:07.130610,0.9385567
2024-04-29 16:54:07.146230,0.4505081
2024-04-29 16:54:07.161860,0.1910591
2024-04-29 16:54:07.177480,0.09912872
2024-04-29 16:54:07.193110,0.128418
2024-04-29 16:54:07.208740,0.2835236
2024-04-29 16:54:07.224360,0.5477371
2024-04-29 16:54:07.239990,0.9012642
2024-04-29 16:54:07.255610,1.275604
2024-04-29 16:54:07.271240,1.575737
2024-04-29 16:54:07.286860,1.728649
2024-04-29 16:54:07.302490,1.681328
2024-04-29 16:54:07.318120,1.444996
2024-04-29 16:54:07.333740,1.057449
2024-04-29 16:54:07.349370,0.5768204
2024-04-29 16:54:07.364990,0.03263474
2024-04-29 16:54:07.380620,-0.5707932
2024-04-29 16:54:07.396240,-1.25919
2024-04-29 16:54:07.411870,-2.036457
2024-04-29 16:54:07.427500,-2.861759
2024-04-29 16:54:07.443120,-3.671665
2024-04-29 16:54:07.458750,-4.413036
2024-04-29 16:54:07.474370,-5.090126
2024-04-29 16:54:07.490000,-5.783161
2024-04-29 16:54:07.505620,-6.577694
2024-04-29 16:54:07.521250,-7.475727
2024-04-29 16:54:07.536880,-8.332806
2024-04-29 16:54:07.552500,-8.847046
2024-04-29 16:54:07.568130,-8.678886
2024-04-29 16:54:07.583750,-7.573452
2024-04-29 16:54:07.599380,-5.477554
2024-04-29 16:54:07.615000,-2.549244
2024-04-29 16:54:07.630630,0.8740234
2024-04-29 16:54:07.646260,4.398056
2024-04-29 16:54:07.661880,7.641521
2024-04-29 16:54:07.677510,10.30637
2024-04-29 16:54:07.693130,12.18593
2024-04-29 16:54:07.708760,13.17041
2024-04-29 16:54:07.724380,13.24533
2024-04-29 16:54:07.740010,12.49971
2024-04-29 16:54:07.755640,11.13561
2024-04-29 16:54:07.771260,9.420063
2024-04-29 16:54:07.786890,7.624126
2024-04-29 16:54:07.802510,5.970524
2024-04-29 16:54:07.818140,4.601032
2024-04-29 16:54:07.833760,3.574596
2024-04-29 16:54:07.849390,2.897392
2024-04-29 16:54:07.865020,2.546738
2024-04-29 16:54:07.880640,2.486095
2024-04-29 16:54:07.896270,2.67104
2024-04-29 16:54:07.911890,3.027399
2024-04-29 16:54:07.927520,3.462824
2024-04-29 16:54:07.943140,3.867458
2024-04-29 16:54:07.958770,4.125546
2024-04-29 16:54:07.974400,4.129068
2024-04-29 16:54:07.990020,3.796064
2024-04-29 16:54:08.005650,3.103552
2024-04-29 16:54:08.021270,2.085293
2024-04-29 16:54:08.036900,0.8440514
2024-04-29 16:54:08.052520,-0.4619884
2024-04-29 16:54:08.068150,-1.657892
2024-04-29 16:54:08.083780,-2.61014
2024-04-29 16:54:08.099400,-3.273191
2024-04-29 16:54:08.115030,-3.694777
2024-04-29 16:54:08.130650,-4.010969
2024-04-29 16:54:08.146280,-4.370367
2024-04-29 16:54:08.161900,-4.902336
2024-04-29 16:54:08.177530,-5.664198
2024-04-29 16:54:08.193160,-6.603643
2024-04-29 16:54:08.208780,-7.564589
2024-04-29 16:54:08.224410,-8.312529
2024-04-29 16:54:08.240030,-8.588909
2024-04-29 16:54:08.255660,-8.202564
2024-04-29 16:54:08.271280,-7.059496
2024-04-29 16:54:08.286910,-5.210821
2024-04-29 16:54:08.302540,-2.83724
2024-04-29 16:54:08.318160,-0.2023087
2024-04-29 16:54:08.333790,2.398666
2024-04-29 16:54:08.349410,4.678669
2024-04-29 16:54:08.365040,6.415989
2024-04-29 16:54:08.380660,7.452656
2024-04-29 16:54:08.396290,7.738901
2024-04-29 16:54:08.411920,7.32482
2024-04-29 16:54:08.427540,6.367899
2024-04-29 16:54:08.443170,5.075066
2024-04-29 16:54:08.458790,3.685266
2024-04-29 16:54:08.474420,2.404213
2024-04-29 16:54:08.490040,1.39069
2024-04-29 16:54:08.505670,0.7394295
2024-04-29 16:54:08.521300,0.4666424
2024-04-29 16:54:08.536920,0.5229435
2024-04-29 16:54:08.552550,0.791832
2024-04-29 16:54:08.568170,1.114134
2024-04-29 16:54:08.583800,1.315228
2024-04-29 16:54:08.599420,1.280848
2024-04-29 16:54:08.615050,0.9714336
2024-04-29 16:54:08.630680,0.4320221
2024-04-29 16:54:08.646300,-0.233305
2024-04-29 16:54:08.661930,-0.9229527
2024-04-29 16:54:08.677550,-1.595001
2024-04-29 16:54:08.693180,-2.265409
2024-04-29 16:54:08.708800,-2.989285
2024-04-29 16:54:08.724430,-3.806602
2024-04-29 16:54:08.740060,-4.683262
2024-04-29 16:54:08.755680,-5.534643
2024-04-29 16:54:08.771310,-6.261015
2024-04-29 16:54:08.786930,-6.83279
2024-04-29 16:54:08.802560,-7.307467
2024-04-29 16:54:08.818180,-7.822775
2024-04-29 16:54:08.833810,-8.520302
2024-04-29 16:54:08.849440,-9.445824
2024-04-29 16:54:08.865060,-10.49873
2024-04-29 16:54:08.880690,-11.46136
2024-04-29 16:54:08.896310,-12.04359
2024-04-29 16:54:08.911940,-11.99887
2024-04-29 16:54:08.927560,-11.16531
2024-04-29 16:54:08.943190,-9.506456
2024-04-29 16:54:08.958820,-7.112852
2024-04-29 16:54:08.974440,-4.185108
2024-04-29 16:54:08.990070,-0.995472
2024-04-29 16:54:09.005690,2.124296
2024-04-29 16:54:09.021320,4.845957
2024-04-29 16:54:09.036940,6.887413
2024-04-29 16:54:09.052570,8.074709
2024-04-29 16:54:09.068200,8.360016
2024-04-29 16:54:09.083820,7.827143
2024-04-29 16:54:09.099450,6.655458
2024-04-29 16:54:09.115070,5.096449
2024-04-29 16:54:09.130700,3.421394
2024-04-29 16:54:09.146320,1.884192
2024-04-29 16:54:09.161950,0.6657467
2024-04-29 16:54:09.177580,-0.1457024
2024-04-29 16:54:09.193200,-0.5626812
2024-04-29 16:54:09.208830,-0.6552811
2024-04-29 16:54:09.224450,-0.5336571
2024-04-29 16:54:09.240080,-0.2769279
2024-04-29 16:54:09.255710,0.06276131
2024-04-29 16:54:09.271330,0.4585724
2024-04-29 16:54:09.286960,0.8824444
2024-04-29 16:54:09.302580,1.269896
2024-04-29 16:54:09.318210,1.529388
2024-04-29 16:54:09.333830,1.521799
2024-04-29 16:54:09.349460,1.141647
2024-04-29 16:54:09.365090,0.3548775
2024-04-29 16:54:09.380710,-0.7653046
2024-04-29 16:54:09.396340,-2.052002
2024-04-29 16:54:09.411960,-3.2978
2024-04-29 16:54:09.427590,-4.33116
2024-04-29 16:54:09.443210,-5.068367
2024-04-29 16:54:09.458840,-5.53167
2024-04-29 16:54:09.474470,-5.838612
2024-04-29 16:54:09.490090,-6.130919
2024-04-29 16:54:09.505720,-6.517374
2024-04-29 16:54:09.521340,-7.007084
2024-04-29 16:54:09.536970,-7.500389
2024-04-29 16:54:09.552590,-7.796772
2024-04-29 16:54:09.568220,-7.647493
2024-04-29 16:54:09.583850,-6.818914
2024-04-29 16:54:09.599470,-5.159922
2024-04-29 16:54:09.615100,-2.672462
2024-04-29 16:54:09.630720,0.4469929
2024-04-29 16:54:09.646350,3.838795
2024-04-29 16:54:09.661970,7.04678
2024-04-29 16:54:09.677600,9.643126
2024-04-29 16:54:09.693230,11.33298
2024-04-29 16:54:09.708850,11.99602
2024-04-29 16:54:09.724480,11.69922
2024-04-29 16:54:09.740100,10.62856
2024-04-29 16:54:09.755730,9.038866
2024-04-29 16:54:09.771350,7.184826
2024-04-29 16:54:09.786980,5.297228
2024-04-29 16:54:09.802610,3.553625
2024-04-29 16:54:09.818230,2.09668
2024-04-29 16:54:09.833860,1.007536
2024-04-29 16:54:09.849480,0.3390942
2024-04-29 16:54:09.865110,0.0780201
2024-04-29 16:54:09.880730,0.1527863
2024-04-29 16:54:09.896360,0.4596653
2024-04-29 16:54:09.911990,0.8512783
2024-04-29 16:54:09.927610,1.202721
2024-04-29 16:54:09.943240,1.421934
2024-04-29 16:54:09.958860,1.445368
2024-04-29 16:54:09.974490,1.273485
2024-04-29 16:54:09.990110,0.9252205
2024-04-29 16:54:10.005740,0.4262962
2024-04-29 16:54:10.021370,-0.2087574
2024-04-29 16:54:10.036990,-0.9662781
2024-04-29 16:54:10.052620,-1.85573
2024-04-29 16:54:10.068240,-2.848824
2024-04-29 16:54:10.083870,-3.918053
2024-04-29 16:54:10.099490,-5.031164
2024-04-29 16:54:10.115120,-6.163345
2024-04-29 16:54:10.130750,-7.31168
2024-04-29 16:54:10.146370,-8.464514
2024-04-29 16:54:10.162000,-9.572365
2024-04-29 16:54:10.177620,-10.52315
2024-04-29 16:54:10.193250,-11.13531
2024-04-29 16:54:10.208870,-11.17568
2024-04-29 16:54:10.224500,-10.43189
2024-04-29 16:54:10.240130,-8.776726
2024-04-29 16:54:10.255750,-6.225838
2024-04-29 16:54:10.271380,-2.982677
2024-04-29 16:54:10.287000,0.5774078
2024-04-29 16:54:10.302630,3.97879
2024-04-29 16:54:10.318250,6.763145
2024-04-29 16:54:10.333880,8.594906
2024-04-29 16:54:10.349510,9.358261
2024-04-29 16:54:10.365130,9.142136
2024-04-29 16:54:10.380760,8.205383
2024-04-29 16:54:10.396380,6.837292
2024-04-29 16:54:10.412010,5.280434
2024-04-29 16:54:10.427630,3.683212
2024-04-29 16:54:10.443260,2.161312
2024-04-29 16:54:10.458890,0.837677
2024-04-29 16:54:10.474510,-0.1303482
2024-04-29 16:54:10.490140,-0.5704079
2024-04-29 16:54:10.505760,-0.3893433
2024-04-29 16:54:10.521390,0.3685913
2024-04-29 16:54:10.537010,1.518017
2024-04-29 16:54:10.552640,2.785526
2024-04-29 16:54:10.568270,3.925049
2024-04-29 16:54:10.583890,4.789551
2024-04-29 16:54:10.599520,5.312393
2024-04-29 16:54:10.615140,5.500439
2024-04-29 16:54:10.630770,5.37579
2024-04-29 16:54:10.646390,4.933132
2024-04-29 16:54:10.662020,4.187637
2024-04-29 16:54:10.677650,3.166611
2024-04-29 16:54:10.693270,1.953671
2024-04-29 16:54:10.708900,0.6558418
2024-04-29 16:54:10.724520,-0.6217804
2024-04-29 16:54:10.740150,-1.833088
2024-04-29 16:54:10.755770,-2.972118
2024-04-29 16:54:10.771400,-4.050507
2024-04-29 16:54:10.787030,-5.01807
2024-04-29 16:54:10.802650,-5.71825
2024-04-29 16:54:10.818280,-5.907024
2024-04-29 16:54:10.833900,-5.325577
2024-04-29 16:54:10.849530,-3.775078
2024-04-29 16:54:10.865150,-1.261536
2024-04-29 16:54:10.880780,1.982101
2024-04-29 16:54:10.896410,5.516731
2024-04-29 16:54:10.912030,8.808205
2024-04-29 16:54:10.927660,11.37146
2024-04-29 16:54:10.943280,12.88342
2024-04-29 16:54:10.958910,13.25689
2024-04-29 16:54:10.974530,12.57569
2024-04-29 16:54:10.990160,11.06874
2024-04-29 16:54:11.005790,9.020893
2024-04-29 16:54:11.021410,6.707413
2024-04-29 16:54:11.037040,4.394119
2024-04-29 16:54:11.052660,2.282471
2024-04-29 16:54:11.068290,0.5051956
2024-04-29 16:54:11.083910,-0.862648
2024-04-29 16:54:11.099540,-1.812347
2024-04-29 16:54:11.115170,-2.356461
2024-04-29 16:54:11.130790,-2.517704
2024-04-29 16:54:11.146420,-2.338902
2024-04-29 16:54:11.162040,-1.895866
2024-04-29 16:54:11.177670,-1.309128
2024-04-29 16:54:11.193290,-0.7452164
2024-04-29 16:54:11.208920,-0.353508
2024-04-29 16:54:11.224550,-0.2210197
2024-04-29 16:54:11.240170,-0.3565254
2024-04-29 16:54:11.255800,-0.7036819
2024-04-29 16:54:11.271420,-1.212021
2024-04-29 16:54:11.287050,-1.872719
2024-04-29 16:54:11.302670,-2.709824
2024-04-29 16:54:11.318300,-3.746925
2024-04-29 16:54:11.333930,-4.966103
2024-04-29 16:54:11.349550,-6.2985
2024-04-29 16:54:11.365180,-7.641762
2024-04-29 16:54:11.380800,-8.870708
2024-04-29 16:54:11.396430,-9.880085
2024-04-29 16:54:11.412060,-10.53949
2024-04-29 16:54:11.427680,-10.69161
2024-04-29 16:54:11.443310,-10.16661
2024-04-29 16:54:11.458930,-8.83128
2024-04-29 16:54:11.474560,-6.687584
2024-04-29 16:54:11.490180,-3.879879
2024-04-29 16:54:11.505810,-0.6979675
2024-04-29 16:54:11.521440,2.485855
2024-04-29 16:54:11.537060,5.298004
2024-04-29 16:54:11.552690,7.417713
2024-04-29 16:54:11.568310,8.636539
2024-04-29 16:54:11.583940,8.861958
2024-04-29 16:54:11.599560,8.140026
2024-04-29 16:54:11.615190,6.655777
2024-04-29 16:54:11.630820,4.681274
2024-04-29 16:54:11.646440,2.530476
2024-04-29 16:54:11.662070,0.4873352
2024-04-29 16:54:11.677690,-1.213406
2024-04-29 16:54:11.693320,-2.435265
2024-04-29 16:54:11.708940,-3.117901
2024-04-29 16:54:11.724570,-3.285599
2024-04-29 16:54:11.740200,-3.034206
2024-04-29 16:54:11.755820,-2.499325
2024-04-29 16:54:11.771450,-1.85125
2024-04-29 16:54:11.787070,-1.250217
2024-04-29 16:54:11.802700,-0.8043365
2024-04-29 16:54:11.818320,-0.5730972
2024-04-29 16:54:11.833950,-0.5715408
2024-04-29 16:54:11.849580,-0.772934
2024-04-29 16:54:11.865200,-1.163651
2024-04-29 16:54:11.880830,-1.748383
2024-04-29 16:54:11.896450,-2.548615
2024-04-29 16:54:11.912080,-3.584995
2024-04-29 16:54:11.927700,-4.877422
2024-04-29 16:54:11.943330,-6.392235
2024-04-29 16:54:11.958960,-7.997009
2024-04-29 16:54:11.974580,-9.490906
2024-04-29 16:54:11.990210,-10.58704
2024-04-29 16:54:12.005830,-11.03253
2024-04-29 16:54:12.021460,-10.66131
2024-04-29 16:54:12.037080,-9.445778
2024-04-29 16:54:12.052710,-7.499645
2024-04-29 16:54:12.068340,-5.025421
2024-04-29 16:54:12.083960,-2.264885
2024-04-29 16:54:12.099590,0.5309181
2024-04-29 16:54:12.115210,3.108761
2024-04-29 16:54:12.130840,5.244617
2024-04-29 16:54:12.146460,6.753387
2024-04-29 16:54:12.162090,7.508598
2024-04-29 16:54:12.177720,7.49791
2024-04-29 16:54:12.193340,6.816269
2024-04-29 16:54:12.208970,5.637165
2024-04-29 16:54:12.224590,4.189434
2024-04-29 16:54:12.240220,2.699104
2024-04-29 16:54:12.255840,1.359264
2024-04-29 16:54:12.271470,0.3236656
2024-04-29 16:54:12.287100,-0.2945442
2024-04-29 16:54:12.302720,-0.4608612
2024-04-29 16:54:12.318350,-0.2071877
2024-04-29 16:54:12.333970,0.3374062
2024-04-29 16:54:12.349600,0.965477
2024-04-29 16:54:12.365220,1.477226
2024-04-29 16:54:12.380850,1.731556
2024-04-29 16:54:12.396480,1.69989
2024-04-29 16:54:12.412100,1.458359
2024-04-29 16:54:12.427730,1.135426
2024-04-29 16:54:12.443350,0.8101654
2024-04-29 16:54:12.458980,0.4965591
2024-04-29 16:54:12.474600,0.1219978
2024-04-29 16:54:12.490230,-0.4187889
2024-04-29 16:54:12.505860,-1.184414
2024-04-29 16:54:12.521480,-2.153778
2024-04-29 16:54:12.537110,-3.199131
2024-04-29 16:54:12.552730,-4.130173
2024-04-29 16:54:12.568360,-4.713547
2024-04-29 16:54:12.583980,-4.757347
2024-04-29 16:54:12.599610,-4.113258
2024-04-29 16:54:12.615240,-2.759487
2024-04-29 16:54:12.630860,-0.8049965
2024-04-29 16:54:12.646490,1.533829
2024-04-29 16:54:12.662110,3.986092
2024-04-29 16:54:12.677740,6.30101
2024-04-29 16:54:12.693360,8.315968
2024-04-29 16:54:12.708990,9.945831
2024-04-29 16:54:12.724620,11.14015
2024-04-29 16:54:12.740240,11.81509
2024-04-29 16:54:12.755870,11.84178
2024-04-29 16:54:12.771490,11.09957
2024-04-29 16:54:12.787120,9.571789
2024-04-29 16:54:12.802740,7.43158
2024-04-29 16:54:12.818370,5.020332
2024-04-29 16:54:12.834000,2.761147
2024-04-29 16:54:12.849620,1.035313
2024-04-29 16:54:12.865250,0.0645256
2024-04-29 16:54:12.880870,-0.1322517
2024-04-29 16:54:12.896500,0.2803345
2024-04-29 16:54:12.912120,1.048107
2024-04-29 16:54:12.927750,1.897057
2024-04-29 16:54:12.943380,2.613102
2024-04-29 16:54:12.959000,3.048313
2024-04-29 16:54:12.974630,3.168224
2024-04-29 16:54:12.990250,3.013943
2024-04-29 16:54:13.005880,2.687996
2024-04-29 16:54:13.021500,2.290543
2024-04-29 16:54:13.037130,1.887203
2024-04-29 16:54:13.052760,1.450073
2024-04-29 16:54:13.068380,0.908699
2024-04-29 16:54:13.084010,0.175621
2024-04-29 16:54:13.099630,-0.778904
2024-04-29 16:54:13.115260,-1.858147
2024-04-29 16:54:13.130880,-2.862267
2024-04-29 16:54:13.146510,-3.530418
2024-04-29 16:54:13.162140,-3.636086
2024-04-29 16:54:13.177760,-3.056023
2024-04-29 16:54:13.193390,-1.784904
2024-04-29 16:54:13.209010,0.05653763
2024-04-29 16:54:13.224640,2.286949
2024-04-29 16:54:13.240260,4.698425
2024-04-29 16:54:13.255890,7.056576
2024-04-29 16:54:13.271520,9.111057
2024-04-29 16:54:13.287140,10.62298
2024-04-29 16:54:13.302770,11.4013
2024-04-29 16:54:13.318390,11.3429
2024-04-29 16:54:13.334020,10.48644
2024-04-29 16:54:13.349640,8.988647
2024-04-29 16:54:13.365270,7.108044
2024-04-29 16:54:13.380900,5.123966
2024-04-29 16:54:13.396520,3.286644
2024-04-29 16:54:13.412150,1.785446
2024-04-29 16:54:13.427770,0.728878
2024-04-29 16:54:13.443400,0.1579361
2024-04-29 16:54:13.459020,0.01634598
2024-04-29 16:54:13.474650,0.1675034
2024-04-29 16:54:13.490280,0.4040833
2024-04-29 16:54:13.505900,0.5239105
2024-04-29 16:54:13.521530,0.3840179
2024-04-29 16:54:13.537150,-0.03922653
2024-04-29 16:54:13.552780,-0.6602669
2024-04-29 16:54:13.568400,-1.330044
2024-04-29 16:54:13.584030,-1.915058
2024-04-29 16:54:13.599660,-2.371883
2024-04-29 16:54:13.615280,-2.761459
2024-04-29 16:54:13.630910,-3.226978
2024-04-29 16:54:13.646530,-3.900494
2024-04-29 16:54:13.662160,-4.847912
2024-04-29 16:54:13.677780,-6.024544
2024-04-29 16:54:13.693410,-7.297539
2024-04-29 16:54:13.709040,-8.464821
2024-04-29 16:54:13.724660,-9.309464
2024-04-29 16:54:13.740290,-9.609978
2024-04-29 16:54:13.755910,-9.21666
2024-04-29 16:54:13.771540,-8.069492
2024-04-29 16:54:13.787160,-6.225487
2024-04-29 16:54:13.802790,-3.849964
2024-04-29 16:54:13.818420,-1.205643
2024-04-29 16:54:13.834040,1.406479
2024-04-29 16:54:13.849670,3.687717
2024-04-29 16:54:13.865290,5.411381
2024-04-29 16:54:13.880920,6.432629
2024-04-29 16:54:13.896540,6.728596
2024-04-29 16:54:13.912170,6.382061
2024-04-29 16:54:13.927800,5.550362
2024-04-29 16:54:13.943420,4.436951
2024-04-29 16:54:13.959050,3.248955
2024-04-29 16:54:13.974670,2.165882
2024-04-29 16:54:13.990300,1.325882
2024-04-29 16:54:14.005920,0.7896633
2024-04-29 16:54:14.021550,0.561573
2024-04-29 16:54:14.037180,0.5805073
2024-04-29 16:54:14.052800,0.753006
2024-04-29 16:54:14.068430,0.9730091
2024-04-29 16:54:14.084050,1.159092
2024-04-29 16:54:14.099680,1.274437
2024-04-29 16:54:14.115310,1.324923
2024-04-29 16:54:14.130930,1.332619
2024-04-29 16:54:14.146560,1.292522
2024-04-29 16:54:14.162180,1.166561
2024-04-29 16:54:14.177810,0.8643036
2024-04-29 16:54:14.193430,0.2718773
2024-04-29 16:54:14.209060,-0.6819153
2024-04-29 16:54:14.224690,-1.985437
2024-04-29 16:54:14.240310,-3.508099
2024-04-29 16:54:14.255940,-5.029287
2024-04-29 16:54:14.271560,-6.293346
2024-04-29 16:54:14.287190,-7.080006
2024-04-29 16:54:14.302810,-7.253166
2024-04-29 16:54:14.318440,-6.762978
2024-04-29 16:54:14.334070,-5.623392
2024-04-29 16:54:14.349690,-3.913071
2024-04-29 16:54:14.365320,-1.756702
2024-04-29 16:54:14.380940,0.6353416
2024-04-29 16:54:14.396570,2.979649
2024-04-29 16:54:14.412190,4.958328
2024-04-29 16:54:14.427820,6.309004
2024-04-29 16:54:14.443450,6.891071
2024-04-29 16:54:14.459070,6.72681
2024-04-29 16:54:14.474700,5.972252
2024-04-29 16:54:14.490320,4.831045
2024-04-29 16:54:14.505950,3.479631
2024-04-29 16:54:14.521570,2.074726
2024-04-29 16:54:14.537200,0.7469788
2024-04-29 16:54:14.552830,-0.3612652
2024-04-29 16:54:14.568450,-1.106398
2024-04-29 16:54:14.584080,-1.42972
2024-04-29 16:54:14.599700,-1.381994
2024-04-29 16:54:14.615330,-1.134022
2024-04-29 16:54:14.630950,-0.9133711
2024-04-29 16:54:14.646580,-0.90415
2024-04-29 16:54:14.662210,-1.154801
2024-04-29 16:54:14.677830,-1.588765
2024-04-29 16:54:14.693460,-2.071962
2024-04-29 16:54:14.709080,-2.491726
2024-04-29 16:54:14.724710,-2.82384
2024-04-29 16:54:14.740330,-3.136352
2024-04-29 16:54:14.755960,-3.545179
2024-04-29 16:54:14.771590,-4.157423
2024-04-29 16:54:14.787210,-5.010536
2024-04-29 16:54:14.802840,-6.05798
2024-04-29 16:54:14.818460,-7.158759
2024-04-29 16:54:14.834090,-8.13422
2024-04-29 16:54:14.849710,-8.817875
2024-04-29 16:54:14.865340,-9.063758
2024-04-29 16:54:14.880970,-8.788864
2024-04-29 16:54:14.896590,-7.960622
2024-04-29 16:54:14.912220,-6.589005
2024-04-29 16:54:14.927840,-4.715669
2024-04-29 16:54:14.943470,-2.418984
2024-04-29 16:54:14.959090,0.1554928
2024-04-29 16:54:14.974720,2.790578
2024-04-29 16:54:14.990350,5.203271
2024-04-29 16:54:15.005970,7.078869
2024-04-29 16:54:15.021600,8.162458
2024-04-29 16:54:15.037220,8.349668
2024-04-29 16:54:15.052850,7.687508
2024-04-29 16:54:15.068470,6.391541
2024-04-29 16:54:15.084100,4.762865
2024-04-29 16:54:15.099730,3.110617
2024-04-29 16:54:15.115350,1.666916
2024-04-29 16:54:15.130980,0.5896726
2024-04-29 16:54:15.146600,-0.06691504
2024-04-29 16:54:15.162230,-0.3285298
2024-04-29 16:54:15.177850,-0.2689285
2024-04-29 16:54:15.193480,-0.0199995
2024-04-29 16:54:15.209110,0.2644353
2024-04-29 16:54:15.224730,0.4438968
2024-04-29 16:54:15.240360,0.420886
2024-04-29 16:54:15.255980,0.1645513
2024-04-29 16:54:15.271610,-0.2620907
2024-04-29 16:54:15.287230,-0.7613735
2024-04-29 16:54:15.302860,-1.254046
2024-04-29 16:54:15.318490,-1.722383
2024-04-29 16:54:15.334110,-2.225399
2024-04-29 16:54:15.349740,-2.873221
2024-04-29 16:54:15.365360,-3.76213
2024-04-29 16:54:15.380990,-4.913225
2024-04-29 16:54:15.396610,-6.243657
2024-04-29 16:54:15.412240,-7.569322
2024-04-29 16:54:15.427870,-8.650421
2024-04-29 16:54:15.443490,-9.259529
2024-04-29 16:54:15.459120,-9.211626
2024-04-29 16:54:15.474740,-8.402264
2024-04-29 16:54:15.490370,-6.828371
2024-04-29 16:54:15.505990,-4.614716
2024-04-29 16:54:15.521620,-1.996008
2024-04-29 16:54:15.537250,0.7189736
2024-04-29 16:54:15.552870,3.221387
2024-04-29 16:54:15.568500,5.25119
2024-04-29 16:54:15.584120,6.669571
2024-04-29 16:54:15.599750,7.466485
2024-04-29 16:54:15.615370,7.702535
2024-04-29 16:54:15.631000,7.480221
2024-04-29 16:54:15.646630,6.906962
2024-04-29 16:54:15.662250,6.052389
2024-04-29 16:54:15.677880,4.99752
2024-04-29 16:54:15.693500,3.834874
2024-04-29 16:54:15.709130,2.680532
2024-04-29 16:54:15.724750,1.676773
2024-04-29 16:54:15.740380,0.9542052
2024-04-29 16:54:15.756010,0.5785577
2024-04-29 16:54:15.771630,0.5354859
2024-04-29 16:54:15.787260,0.7218862
2024-04-29 16:54:15.802880,0.9901825
2024-04-29 16:54:15.818510,1.186841
2024-04-29 16:54:15.834130,1.191424
2024-04-29 16:54:15.849760,0.9308926
2024-04-29 16:54:15.865390,0.3762829
2024-04-29 16:54:15.881010,-0.4493554
2024-04-29 16:54:15.896640,-1.511765
2024-04-29 16:54:15.912260,-2.724355
2024-04-29 16:54:15.927890,-3.924839
2024-04-29 16:54:15.943510,-4.946256
2024-04-29 16:54:15.959140,-5.640214
2024-04-29 16:54:15.974770,-5.978488
2024-04-29 16:54:15.990390,-6.06601
2024-04-29 16:54:16.006020,-6.100115
2024-04-29 16:54:16.021640,-6.263508
2024-04-29 16:54:16.037270,-6.622729
2024-04-29 16:54:16.052890,-7.074243
2024-04-29 16:54:16.068520,-7.393438
2024-04-29 16:54:16.084150,-7.30264
2024-04-29 16:54:16.099770,-6.574255
2024-04-29 16:54:16.115400,-5.099529
2024-04-29 16:54:16.131020,-2.922271
2024-04-29 16:54:16.146650,-0.2275654
2024-04-29 16:54:16.162270,2.68812
2024-04-29 16:54:16.177900,5.479754
2024-04-29 16:54:16.193530,7.829166
2024-04-29 16:54:16.209150,9.512523
2024-04-29 16:54:16.224780,10.43881
2024-04-29 16:54:16.240400,10.64959
2024-04-29 16:54:16.256030,10.25028
2024-04-29 16:54:16.271660,9.398169
2024-04-29 16:54:16.287280,8.23447
2024-04-29 16:54:16.302910,6.916612
2024-04-29 16:54:16.318530,5.63267
2024-04-29 16:54:16.334160,4.587808
2024-04-29 16:54:16.349780,3.970619
2024-04-29 16:54:16.365410,3.864553
2024-04-29 16:54:16.381040,4.218996
2024-04-29 16:54:16.396660,4.844315
2024-04-29 16:54:16.412290,5.462163
2024-04-29 16:54:16.427910,5.819175
2024-04-29 16:54:16.443540,5.766221
2024-04-29 16:54:16.459160,5.301205
2024-04-29 16:54:16.474790,4.539098
2024-04-29 16:54:16.490420,3.650757
2024-04-29 16:54:16.506040,2.780172
2024-04-29 16:54:16.521670,1.984126
2024-04-29 16:54:16.537290,1.213764
2024-04-29 16:54:16.552920,0.3587437
2024-04-29 16:54:16.568540,-0.7044039
2024-04-29 16:54:16.584170,-2.015495
2024-04-29 16:54:16.599800,-3.510467
2024-04-29 16:54:16.615420,-5.019648
2024-04-29 16:54:16.631050,-6.3511
2024-04-29 16:54:16.646670,-7.33482
2024-04-29 16:54:16.662300,-7.895785
2024-04-29 16:54:16.677920,-8.063097
2024-04-29 16:54:16.693550,-7.960983
2024-04-29 16:54:16.709180,-7.810324
2024-04-29 16:54:16.724800,-7.834419
2024-04-29 16:54:16.740430,-8.209524
2024-04-29 16:54:16.756050,-8.994269
2024-04-29 16:54:16.771680,-10.08257
2024-04-29 16:54:16.787300,-11.20909
2024-04-29 16:54:16.802930,-12.04468
2024-04-29 16:54:16.818560,-12.27242
2024-04-29 16:54:16.834180,-11.6716
2024-04-29 16:54:16.849810,-10.17707
2024-04-29 16:54:16.865430,-7.863149
2024-04-29 16:54:16.881060,-4.907469
2024-04-29 16:54:16.896680,-1.568891
2024-04-29 16:54:16.912310,1.837362
2024-04-29 16:54:16.927940,4.973063
2024-04-29 16:54:16.943560,7.507692
2024-04-29 16:54:16.959190,9.215219
2024-04-29 16:54:16.974810,10.01605
2024-04-29 16:54:16.990440,10.01925
2024-04-29 16:54:17.006060,9.475921
2024-04-29 16:54:17.021690,8.696659
2024-04-29 16:54:17.037320,7.930621
2024-04-29 16:54:17.052940,7.323151
2024-04-29 16:54:17.068570,6.88494
2024-04-29 16:54:17.084190,6.560589
2024-04-29 16:54:17.099820,6.29595
2024-04-29 16:54:17.115440,6.097764
2024-04-29 16:54:17.131070,6.015766
2024-04-29 16:54:17.146700,6.100779
2024-04-29 16:54:17.162320,6.332697
2024-04-29 16:54:17.177950,6.590567
2024-04-29 16:54:17.193570,6.712469
2024-04-29 16:54:17.209200,6.526284
2024-04-29 16:54:17.224820,5.960019
2024-04-29 16:54:17.240450,5.077314
2024-04-29 16:54:17.256080,4.011834
2024-04-29 16:54:17.271700,2.919635
2024-04-29 16:54:17.287330,1.920019
2024-04-29 16:54:17.302950,1.049063
2024-04-29 16:54:17.318580,0.2856865
2024-04-29 16:54:17.334200,-0.4073162
2024-04-29 16:54:17.349830,-1.073353
2024-04-29 16:54:17.365460,-1.750383
2024-04-29 16:54:17.381080,-2.433594
2024-04-29 16:54:17.396710,-3.118261
2024-04-29 16:54:17.412330,-3.782585
2024-04-29 16:54:17.427960,-4.405661
2024-04-29 16:54:17.443580,-4.988659
2024-04-29 16:54:17.459210,-5.549356
2024-04-29 16:54:17.474840,-6.137674
2024-04-29 16:54:17.490460,-6.827799
2024-04-29 16:54:17.506090,-7.669397
2024-04-29 16:54:17.521710,-8.675138
2024-04-29 16:54:17.537340,-9.801029
2024-04-29 16:54:17.552960,-10.94753
2024-04-29 16:54:17.568590,-11.97403
2024-04-29 16:54:17.584220,-12.71028
2024-04-29 16:54:17.599840,-12.97916
2024-04-29 16:54:17.615470,-12.62066
2024-04-29 16:54:17.631090,-11.53297
2024-04-29 16:54:17.646720,-9.706886
2024-04-29 16:54:17.662340,-7.256374
2024-04-29 16:54:17.677970,-4.407938
2024-04-29 16:54:17.693600,-1.442873
2024-04-29 16:54:17.709220,1.349773
2024-04-29 16:54:17.724850,3.722189
2024-04-29 16:54:17.740470,5.513317
2024-04-29 16:54:17.756100,6.661299
2024-04-29 16:54:17.771720,7.196692
2024-04-29 16:54:17.787350,7.226694
2024-04-29 16:54:17.802980,6.886515
2024-04-29 16:54:17.818600,6.332483
2024-04-29 16:54:17.834230,5.699715
2024-04-29 16:54:17.849850,5.092449
2024-04-29 16:54:17.865480,4.582653
2024-04-29 16:54:17.881100,4.220247
2024-04-29 16:54:17.896730,4.010992
2024-04-29 16:54:17.912360,3.944878
2024-04-29 16:54:17.927980,3.992931
2024-04-29 16:54:17.943610,4.08136
2024-04-29 16:54:17.959230,4.118137
2024-04-29 16:54:17.974860,4.011221
2024-04-29 16:54:17.990480,3.688433
2024-04-29 16:54:18.006110,3.133511
2024-04-29 16:54:18.021740,2.37751
2024-04-29 16:54:18.037360,1.490618
2024-04-29 16:54:18.052990,0.5743141
2024-04-29 16:54:18.068610,-0.2873287
2024-04-29 16:54:18.084240,-1.032574
2024-04-29 16:54:18.099860,-1.66785
2024-04-29 16:54:18.115490,-2.2395
2024-04-29 16:54:18.131120,-2.838341
2024-04-29 16:54:18.146740,-3.514992
2024-04-29 16:54:18.162370,-4.285408
2024-04-29 16:54:18.177990,-5.10425
2024-04-29 16:54:18.193620,-5.904348
2024-04-29 16:54:18.209240,-6.651299
2024-04-29 16:54:18.224870,-7.351122
2024-04-29 16:54:18.240500,-8.053467
2024-04-29 16:54:18.256120,-8.80818
2024-04-29 16:54:18.271750,-9.62772
2024-04-29 16:54:18.287370,-10.45294
2024-04-29 16:54:18.303000,-11.18366
2024-04-29 16:54:18.318620,-11.68391
2024-04-29 16:54:18.334250,-11.80737
2024-04-29 16:54:18.349880,-11.40481
2024-04-29 16:54:18.365500,-10.34185
2024-04-29 16:54:18.381130,-8.523378
2024-04-29 16:54:18.396750,-5.980259
2024-04-29 16:54:18.412380,-2.906193
2024-04-29 16:54:18.428000,0.3701839
2024-04-29 16:54:18.443630,3.454334
2024-04-29 16:54:18.459260,6.002405
2024-04-29 16:54:18.474880,7.805557
2024-04-29 16:54:18.490510,8.791298
2024-04-29 16:54:18.506130,9.037014
2024-04-29 16:54:18.521760,8.698166
2024-04-29 16:54:18.537380,7.947025
2024-04-29 16:54:18.553010,6.96031
2024-04-29 16:54:18.568640,5.903023
2024-04-29 16:54:18.584260,4.903486
2024-04-29 16:54:18.599890,4.075041
2024-04-29 16:54:18.615510,3.484692
2024-04-29 16:54:18.631140,3.15539
2024-04-29 16:54:18.646760,3.080276
2024-04-29 16:54:18.662390,3.224945
2024-04-29 16:54:18.678020,3.495281
2024-04-29 16:54:18.693640,3.777506
2024-04-29 16:54:18.709270,3.940376
2024-04-29 16:54:18.724890,3.872049
2024-04-29 16:54:18.740520,3.542612
2024-04-29 16:54:18.756150,3.00844
2024-04-29 16:54:18.771770,2.379116
2024-04-29 16:54:18.787400,1.757542
2024-04-29 16:54:18.803020,1.171694
2024-04-29 16:54:18.818650,0.5534744
2024-04-29 16:54:18.834270,-0.1919174
2024-04-29 16:54:18.849900,-1.134947
2024-04-29 16:54:18.865530,-2.260458
2024-04-29 16:54:18.881150,-3.463018
2024-04-29 16:54:18.896780,-4.604025
2024-04-29 16:54:18.912400,-5.582458
2024-04-29 16:54:18.928030,-6.362766
2024-04-29 16:54:18.943650,-6.987356
2024-04-29 16:54:18.959280,-7.534941
2024-04-29 16:54:18.974910,-8.05372
2024-04-29 16:54:18.990530,-8.586252
2024-04-29 16:54:19.006160,-9.163883
2024-04-29 16:54:19.021780,-9.825128
2024-04-29 16:54:19.037410,-10.61328
2024-04-29 16:54:19.053030,-11.53898
2024-04-29 16:54:19.068660,-12.5116
2024-04-29 16:54:19.084290,-13.35115
2024-04-29 16:54:19.099910,-13.79298
2024-04-29 16:54:19.115540,-13.56366
2024-04-29 16:54:19.131160,-12.45863
2024-04-29 16:54:19.146790,-10.42276
2024-04-29 16:54:19.162410,-7.549574
2024-04-29 16:54:19.178040,-4.084131
2024-04-29 16:54:19.193670,-0.3687677
2024-04-29 16:54:19.209290,3.214763
2024-04-29 16:54:19.224920,6.302955
2024-04-29 16:54:19.240540,8.621975
2024-04-29 16:54:19.256170,10.03907
2024-04-29 16:54:19.271790,10.57488
2024-04-29 16:54:19.287420,10.37561
2024-04-29 16:54:19.303050,9.670053
2024-04-29 16:54:19.318670,8.69517
2024-04-29 16:54:19.334300,7.640939
2024-04-29 16:54:19.349920,6.640125
2024-04-29 16:54:19.365550,5.774017
2024-04-29 16:54:19.381170,5.096497
2024-04-29 16:54:19.396800,4.6288
2024-04-29 16:54:19.412430,4.356372
2024-04-29 16:54:19.428050,4.23175
2024-04-29 16:54:19.443680,4.183
2024-04-29 16:54:19.459300,4.126098
2024-04-29 16:54:19.474930,4.005757
2024-04-29 16:54:19.490550,3.800415
2024-04-29 16:54:19.506180,3.518332
2024-04-29 16:54:19.521810,3.139881
2024-04-29 16:54:19.537430,2.630119
2024-04-29 16:54:19.553060,1.916089
2024-04-29 16:54:19.568680,0.943724
2024-04-29 16:54:19.584310,-0.2945893
2024-04-29 16:54:19.599930,-1.711911
2024-04-29 16:54:19.615560,-3.165641
2024-04-29 16:54:19.631190,-4.504616
2024-04-29 16:54:19.646810,-5.619694
2024-04-29 16:54:19.662440,-6.470762
2024-04-29 16:54:19.678060,-7.089814
2024-04-29 16:54:19.693690,-7.54912
2024-04-29 16:54:19.709310,-7.930449
2024-04-29 16:54:19.724940,-8.346712
2024-04-29 16:54:19.740570,-8.919897
2024-04-29 16:54:19.756190,-9.77109
2024-04-29 16:54:19.771820,-10.91519
2024-04-29 16:54:19.787440,-12.23146
2024-04-29 16:54:19.803070,-13.42303
2024-04-29 16:54:19.818690,-14.10602
2024-04-29 16:54:19.834320,-13.91368
2024-04-29 16:54:19.849950,-12.61383
2024-04-29 16:54:19.865570,-10.19948
2024-04-29 16:54:19.881200,-6.880265
2024-04-29 16:54:19.896820,-3.016753
2024-04-29 16:54:19.912450,0.9727573
2024-04-29 16:54:19.928070,4.693851
2024-04-29 16:54:19.943700,7.813573
2024-04-29 16:54:19.959330,10.08333
2024-04-29 16:54:19.974950,11.34677
2024-04-29 16:54:19.990580,11.58072
2024-04-29 16:54:20.006200,10.8929
2024-04-29 16:54:20.021830,9.534411
2024-04-29 16:54:20.037450,7.833561
2024-04-29 16:54:20.053080,6.138916
2024-04-29 16:54:20.068710,4.736668
2024-04-29 16:54:20.084330,3.775871
2024-04-29 16:54:20.099960,3.28599
2024-04-29 16:54:20.115580,3.18627
2024-04-29 16:54:20.131210,3.315321
2024-04-29 16:54:20.146830,3.507521
2024-04-29 16:54:20.162460,3.613598
2024-04-29 16:54:20.178090,3.541922
2024-04-29 16:54:20.193710,3.24564
2024-04-29 16:54:20.209340,2.756907
2024-04-29 16:54:20.224960,2.12784
2024-04-29 16:54:20.240590,1.432926
2024-04-29 16:54:20.256210,0.7087326
2024-04-29 16:54:20.271840,-0.06669426
2024-04-29 16:54:20.287470,-0.9767742
2024-04-29 16:54:20.303090,-2.097254
2024-04-29 16:54:20.318720,-3.447073
2024-04-29 16:54:20.334340,-4.943075
2024-04-29 16:54:20.349970,-6.396976
2024-04-29 16:54:20.365590,-7.60614
2024-04-29 16:54:20.381220,-8.441135
2024-04-29 16:54:20.396850,-8.90802
2024-04-29 16:54:20.412470,-9.1661
2024-04-29 16:54:20.428100,-9.462845
2024-04-29 16:54:20.443720,-10.04272
2024-04-29 16:54:20.459350,-11.06256
2024-04-29 16:54:20.474970,-12.5173
2024-04-29 16:54:20.490600,-14.18235
2024-04-29 16:54:20.506230,-15.65614
2024-04-29 16:54:20.521850,-16.42111
2024-04-29 16:54:20.537480,-15.97774
2024-04-29 16:54:20.553100,-14.02412
2024-04-29 16:54:20.568730,-10.5756
2024-04-29 16:54:20.584350,-5.998985
2024-04-29 16:54:20.599980,-0.9023895
2024-04-29 16:54:20.615610,4.044132
2024-04-29 16:54:20.631230,8.313656
2024-04-29 16:54:20.646860,11.61468
2024-04-29 16:54:20.662480,13.9155
2024-04-29 16:54:20.678110,15.32927
2024-04-29 16:54:20.693730,15.99609
2024-04-29 16:54:20.709360,16.02048
2024-04-29 16:54:20.724990,15.4758
2024-04-29 16:54:20.740610,14.45082
2024-04-29 16:54:20.756240,13.10236
2024-04-29 16:54:20.771860,11.65834
2024-04-29 16:54:20.787490,10.34906
2024-04-29 16:54:20.803110,9.364845
2024-04-29 16:54:20.818740,8.77404
2024-04-29 16:54:20.834370,8.52029
2024-04-29 16:54:20.849990,8.478863
2024-04-29 16:54:20.865620,8.522934
2024-04-29 16:54:20.881240,8.57328
2024-04-29 16:54:20.896870,8.630409
2024-04-29 16:54:20.912490,8.717491
2024-04-29 16:54:20.928120,8.810127
2024-04-29 16:54:20.943750,8.814724
2024-04-29 16:54:20.959370,8.577152
2024-04-29 16:54:20.975000,7.951004
2024-04-29 16:54:20.990620,6.877586
2024-04-29 16:54:21.006250,5.422722
2024-04-29 16:54:21.021870,3.747761
2024-04-29 16:54:21.037500,2.058052
2024-04-29 16:54:21.053130,0.5214233
2024-04-29 16:54:21.068750,-0.7547913
2024-04-29 16:54:21.084380,-1.767082
2024-04-29 16:54:21.100000,-2.565895
2024-04-29 16:54:21.115630,-3.235924
2024-04-29 16:54:21.131250,-3.876213
2024-04-29 16:54:21.146880,-4.587883
2024-04-29 16:54:21.162510,-5.461548
2024-04-29 16:54:21.178130,-6.545578
2024-04-29 16:54:21.193760,-7.809738
2024-04-29 16:54:21.209380,-9.118195
2024-04-29 16:54:21.225010,-10.1927
2024-04-29 16:54:21.240640,-10.66109
2024-04-29 16:54:21.256260,-10.12978
2024-04-29 16:54:21.271890,-8.313087
2024-04-29 16:54:21.287510,-5.173546
2024-04-29 16:54:21.303140,-0.9824295
2024-04-29 16:54:21.318760,3.694481
2024-04-29 16:54:21.334390,8.164497
2024-04-29 16:54:21.350020,11.79729
2024-04-29 16:54:21.365640,14.20885
2024-04-29 16:54:21.381270,15.29545
2024-04-29 16:54:21.396890,15.20696
2024-04-29 16:54:21.412520,14.2147
2024-04-29 16:54:21.428140,12.61635
2024-04-29 16:54:21.443770,10.69282
2024-04-29 16:54:21.459400,8.698738
2024-04-29 16:54:21.475020,6.888046
2024-04-29 16:54:21.490650,5.465599
2024-04-29 16:54:21.506270,4.577805
2024-04-29 16:54:21.521900,4.238678
2024-04-29 16:54:21.537520,4.32692
2024-04-29 16:54:21.553150,4.645676
2024-04-29 16:54:21.568780,5.002609
2024-04-29 16:54:21.584400,5.279808
2024-04-29 16:54:21.600030,5.445175
2024-04-29 16:54:21.615650,5.534286
2024-04-29 16:54:21.631280,5.582047
2024-04-29 16:54:21.646900,5.584396
2024-04-29 16:54:21.662530,5.460548
2024-04-29 16:54:21.678160,5.088425
2024-04-29 16:54:21.693780,4.34156
2024-04-29 16:54:21.709410,3.150932
2024-04-29 16:54:21.725030,1.558197
2024-04-29 16:54:21.740660,-0.2726059
2024-04-29 16:54:21.756280,-2.095291
2024-04-29 16:54:21.771910,-3.672974
2024-04-29 16:54:21.787540,-4.843155
2024-04-29 16:54:21.803160,-5.55085
2024-04-29 16:54:21.818790,-5.877449
2024-04-29 16:54:21.834410,-5.997253
2024-04-29 16:54:21.850040,-6.116676
2024-04-29 16:54:21.865660,-6.417419
2024-04-29 16:54:21.881290,-7.010689
2024-04-29 16:54:21.896920,-7.868935
2024-04-29 16:54:21.912540,-8.837379
2024-04-29 16:54:21.928170,-9.635796
2024-04-29 16:54:21.943790,-9.923744
2024-04-29 16:54:21.959420,-9.409584
2024-04-29 16:54:21.975040,-7.910477
2024-04-29 16:54:21.990670,-5.453011
2024-04-29 16:54:22.006300,-2.257713
2024-04-29 16:54:22.021920,1.297951
2024-04-29 16:54:22.037550,4.779282
2024-04-29 16:54:22.053170,7.777626
2024-04-29 16:54:22.068800,9.96489
2024-04-29 16:54:22.084420,11.15775
2024-04-29 16:54:22.100050,11.29006
2024-04-29 16:54:22.115680,10.44802
2024-04-29 16:54:22.131300,8.858864
2024-04-29 16:54:22.146930,6.872238
2024-04-29 16:54:22.162550,4.878014
2024-04-29 16:54:22.178180,3.206215
2024-04-29 16:54:22.193800,2.054962
2024-04-29 16:54:22.209430,1.453804
2024-04-29 16:54:22.225060,1.299049
2024-04-29 16:54:22.240680,1.424759
2024-04-29 16:54:22.256310,1.692642
2024-04-29 16:54:22.271930,2.036888
2024-04-29 16:54:22.287560,2.444481
2024-04-29 16:54:22.303180,2.895355
2024-04-29 16:54:22.318810,3.351593
2024-04-29 16:54:22.334440,3.741692
2024-04-29 16:54:22.350060,3.977486
2024-04-29 16:54:22.365690,3.993919
2024-04-29 16:54:22.381310,3.734192
2024-04-29 16:54:22.396940,3.174126
2024-04-29 16:54:22.412560,2.313866
2024-04-29 16:54:22.428190,1.207138
2024-04-29 16:54:22.443820,-0.01593018
2024-04-29 16:54:22.459440,-1.146996
2024-04-29 16:54:22.475070,-1.992043
2024-04-29 16:54:22.490690,-2.431442
2024-04-29 16:54:22.506320,-2.528229
2024-04-29 16:54:22.521940,-2.506123
2024-04-29 16:54:22.537570,-2.686703
2024-04-29 16:54:22.553200,-3.324741
2024-04-29 16:54:22.568820,-4.492863
2024-04-29 16:54:22.584450,-5.994789
2024-04-29 16:54:22.600070,-7.426262
2024-04-29 16:54:22.615700,-8.298786
2024-04-29 16:54:22.631320,-8.221497
2024-04-29 16:54:22.646950,-7.021317
2024-04-29 16:54:22.662580,-4.775532
2024-04-29 16:54:22.678200,-1.776142
2024-04-29 16:54:22.693830,1.562195
2024-04-29 16:54:22.709450,4.827065
2024-04-29 16:54:22.725080,7.66748
2024-04-29 16:54:22.740700,9.834415
2024-04-29 16:54:22.756330,11.17226
2024-04-29 16:54:22.771960,11.60838
2024-04-29 16:54:22.787580,11.17898
2024-04-29 16:54:22.803210,10.00933
2024-04-29 16:54:22.818830,8.30209
2024-04-29 16:54:22.834460,6.311489
2024-04-29 16:54:22.850080,4.289703
2024-04-29 16:54:22.865710,2.456203
2024-04-29 16:54:22.881340,0.9709167
2024-04-29 16:54:22.896960,-0.05622482
2024-04-29 16:54:22.912590,-0.5803452
2024-04-29 16:54:22.928210,-0.6284676
2024-04-29 16:54:22.943840,-0.2943153
2024-04-29 16:54:22.959460,0.275631
2024-04-29 16:54:22.975090,0.9086456
2024-04-29 16:54:22.990720,1.456257
2024-04-29 16:54:23.006340,1.806416
2024-04-29 16:54:23.021970,1.905792
2024-04-29 16:54:23.037590,1.747536
2024-04-29 16:54:23.053220,1.334621
2024-04-29 16:54:23.068840,0.6965256
2024-04-29 16:54:23.084470,-0.1211891
2024-04-29 16:54:23.100100,-1.052376
2024-04-29 16:54:23.115720,-1.997097
2024-04-29 16:54:23.131350,-2.86232
2024-04-29 16:54:23.146970,-3.598988
2024-04-29 16:54:23.162600,-4.21384
2024-04-29 16:54:23.178220,-4.750977
2024-04-29 16:54:23.193850,-5.308479
2024-04-29 16:54:23.209480,-5.963001
2024-04-29 16:54:23.225100,-6.732555
2024-04-29 16:54:23.240730,-7.547943
2024-04-29 16:54:23.256350,-8.195904
2024-04-29 16:54:23.271980,-8.394035
2024-04-29 16:54:23.287600,-7.862015
2024-04-29 16:54:23.303230,-6.431461
2024-04-29 16:54:23.318860,-4.13184
2024-04-29 16:54:23.334480,-1.224041
2024-04-29 16:54:23.350110,1.863369
2024-04-29 16:54:23.365730,4.689262
2024-04-29 16:54:23.381360,6.900879
2024-04-29 16:54:23.396990,8.34037
2024-04-29 16:54:23.412610,9.009636
2024-04-29 16:54:23.428240,8.992775
2024-04-29 16:54:23.443860,8.382504
2024-04-29 16:54:23.459490,7.248158
2024-04-29 16:54:23.475110,5.661888
2024-04-29 16:54:23.490740,3.738968
2024-04-29 16:54:23.506370,1.705086
2024-04-29 16:54:23.521990,-0.1844673
2024-04-29 16:54:23.537620,-1.662022
2024-04-29 16:54:23.553240,-2.581665
2024-04-29 16:54:23.568870,-2.934807
2024-04-29 16:54:23.584490,-2.843243
2024-04-29 16:54:23.600120,-2.495358
2024-04-29 16:54:23.615750,-2.074841
2024-04-29 16:54:23.631370,-1.727589
2024-04-29 16:54:23.647000,-1.53775
2024-04-29 16:54:23.662620,-1.577717
2024-04-29 16:54:23.678250,-1.861343
2024-04-29 16:54:23.693870,-2.378136
2024-04-29 16:54:23.709500,-3.062853
2024-04-29 16:54:23.725130,-3.815649
2024-04-29 16:54:23.740750,-4.537533
2024-04-29 16:54:23.756380,-5.166281
2024-04-29 16:54:23.772000,-5.707045
2024-04-29 16:54:23.787630,-6.232239
2024-04-29 16:54:23.803250,-6.850555
2024-04-29 16:54:23.818880,-7.621805
2024-04-29 16:54:23.834510,-8.53031
2024-04-29 16:54:23.850130,-9.443483
2024-04-29 16:54:23.865760,-10.12241
2024-04-29 16:54:23.881380,-10.29437
2024-04-29 16:54:23.897010,-9.737101
2024-04-29 16:54:23.912630,-8.36064
2024-04-29 16:54:23.928260,-6.248465
2024-04-29 16:54:23.943890,-3.630758
2024-04-29 16:54:23.959510,-0.7948189
2024-04-29 16:54:23.975140,1.97683
2024-04-29 16:54:23.990760,4.466173
2024-04-29 16:54:24.006390,6.488239
2024-04-29 16:54:24.022010,7.867344
2024-04-29 16:54:24.037640,8.456978
2024-04-29 16:54:24.053270,8.169802
2024-04-29 16:54:24.068890,7.069059
2024-04-29 16:54:24.084520,5.368784
2024-04-29 16:54:24.100140,3.420376
2024-04-29 16:54:24.115770,1.599604
2024-04-29 16:54:24.131390,0.1846333
2024-04-29 16:54:24.147020,-0.7048512
2024-04-29 16:54:24.162650,-1.115137
2024-04-29 16:54:24.178270,-1.164932
2024-04-29 16:54:24.193900,-1.010229
2024-04-29 16:54:24.209520,-0.7679691
2024-04-29 16:54:24.225150,-0.5287991
2024-04-29 16:54:24.240770,-0.368103
2024-04-29 16:54:24.256400,-0.3538609
2024-04-29 16:54:24.272030,-0.5175877
2024-04-29 16:54:24.287650,-0.8318176
2024-04-29 16:54:24.303280,-1.203669
2024-04-29 16:54:24.318900,-1.520166
2024-04-29 16:54:24.334530,-1.703852
2024-04-29 16:54:24.350150,-1.778078
2024-04-29 16:54:24.365780,-1.872097
2024-04-29 16:54:24.381410,-2.183168
2024-04-29 16:54:24.397030,-2.891171
2024-04-29 16:54:24.412660,-4.03591
2024-04-29 16:54:24.428280,-5.489428
2024-04-29 16:54:24.443910,-6.937849
2024-04-29 16:54:24.459530,-7.973186
2024-04-29 16:54:24.475160,-8.236322
2024-04-29 16:54:24.490790,-7.527084
2024-04-29 16:54:24.506410,-5.875147
2024-04-29 16:54:24.522040,-3.513895
2024-04-29 16:54:24.537660,-0.8076057
2024-04-29 16:54:24.553290,1.870199
2024-04-29 16:54:24.568910,4.244831
2024-04-29 16:54:24.584540,6.16732
2024-04-29 16:54:24.600170,7.580856
2024-04-29 16:54:24.615790,8.471567
2024-04-29 16:54:24.631420,8.804758
2024-04-29 16:54:24.647040,8.518896
2024-04-29 16:54:24.662670,7.568762
2024-04-29 16:54:24.678290,6.011694
2024-04-29 16:54:24.693920,4.038696
2024-04-29 16:54:24.709550,1.954624
2024-04-29 16:54:24.725170,0.08735657
2024-04-29 16:54:24.740800,-1.300713
2024-04-29 16:54:24.756420,-2.10836
2024-04-29 16:54:24.772050,-2.394012
2024-04-29 16:54:24.787670,-2.339108
2024-04-29 16:54:24.803300,-2.138906
2024-04-29 16:54:24.818930,-1.936363
2024-04-29 16:54:24.834550,-1.798615
2024-04-29 16:54:24.850180,-1.747782
2024-04-29 16:54:24.865800,-1.786098
2024-04-29 16:54:24.881430,-1.939152
2024-04-29 16:54:24.897050,-2.253002
2024-04-29 16:54:24.912680,-2.735836
2024-04-29 16:54:24.928310,-3.364103
2024-04-29 16:54:24.943930,-4.074844
2024-04-29 16:54:24.959560,-4.783068
2024-04-29 16:54:24.975180,-5.438879
2024-04-29 16:54:24.990810,-6.046738
2024-04-29 16:54:25.006430,-6.644623
2024-04-29 16:54:25.022060,-7.242731
2024-04-29 16:54:25.037690,-7.752596
2024-04-29 16:54:25.053310,-7.987988
2024-04-29 16:54:25.068940,-7.706982
2024-04-29 16:54:25.084560,-6.714821
2024-04-29 16:54:25.100190,-4.974667
2024-04-29 16:54:25.115810,-2.628487
2024-04-29 16:54:25.131440,0.04310989
2024-04-29 16:54:25.147070,2.736647
2024-04-29 16:54:25.162690,5.194941
2024-04-29 16:54:25.178320,7.261459
2024-04-29 16:54:25.193940,8.858263
2024-04-29 16:54:25.209570,9.918825
2024-04-29 16:54:25.225190,10.35018
2024-04-29 16:54:25.240820,10.06629
2024-04-29 16:54:25.256450,9.061476
2024-04-29 16:54:25.272070,7.453346
2024-04-29 16:54:25.287700,5.506308
2024-04-29 16:54:25.303320,3.544693
2024-04-29 16:54:25.318950,1.857454
2024-04-29 16:54:25.334570,0.6189957
2024-04-29 16:54:25.350200,-0.1382713
2024-04-29 16:54:25.365830,-0.4981632
2024-04-29 16:54:25.381450,-0.5679855
2024-04-29 16:54:25.397080,-0.4554996
2024-04-29 16:54:25.412700,-0.2424278
2024-04-29 16:54:25.428330,0.01320839
2024-04-29 16:54:25.443950,0.24543
2024-04-29 16:54:25.459580,0.4095306
2024-04-29 16:54:25.475210,0.4734325
2024-04-29 16:54:25.490830,0.4603786
2024-04-29 16:54:25.506460,0.3790035
2024-04-29 16:54:25.522080,0.2193756
2024-04-29 16:54:25.537710,-0.07983208
2024-04-29 16:54:25.553330,-0.6316605
2024-04-29 16:54:25.568960,-1.510986
2024-04-29 16:54:25.584590,-2.707605
2024-04-29 16:54:25.600210,-4.077515
2024-04-29 16:54:25.615840,-5.396931
2024-04-29 16:54:25.631460,-6.39374
2024-04-29 16:54:25.647090,-6.825476
2024-04-29 16:54:25.662710,-6.519329
2024-04-29 16:54:25.678340,-5.382938
2024-04-29 16:54:25.693970,-3.449432
2024-04-29 16:54:25.709590,-0.8774662
2024-04-29 16:54:25.725220,2.05409
2024-04-29 16:54:25.740840,4.980366
2024-04-29 16:54:25.756470,7.54987
2024-04-29 16:54:25.772090,9.502037
2024-04-29 16:54:25.787720,10.73068
2024-04-29 16:54:25.803350,11.25543
2024-04-29 16:54:25.818970,11.17129
2024-04-29 16:54:25.834600,10.58188
2024-04-29 16:54:25.850220,9.570372
2024-04-29 16:54:25.865850,8.211916
2024-04-29 16:54:25.881470,6.625849
2024-04-29 16:54:25.897100,4.982168
2024-04-29 16:54:25.912730,3.470213
2024-04-29 16:54:25.928350,2.256332
2024-04-29 16:54:25.943980,1.415627
2024-04-29 16:54:25.959600,0.951004
2024-04-29 16:54:25.975230,0.7993069
2024-04-29 16:54:25.990850,0.8706322
2024-04-29 16:54:26.006480,1.048456
2024-04-29 16:54:26.022110,1.234859
2024-04-29 16:54:26.037730,1.346279
2024-04-29 16:54:26.053360,1.339235
2024-04-29 16:54:26.068980,1.217361
2024-04-29 16:54:26.084610,1.001999
2024-04-29 16:54:26.100240,0.7219572
2024-04-29 16:54:26.115860,0.3781223
2024-04-29 16:54:26.131490,-0.07560921
2024-04-29 16:54:26.147110,-0.7113953
2024-04-29 16:54:26.162740,-1.600293
2024-04-29 16:54:26.178360,-2.771409
2024-04-29 16:54:26.193990,-4.172524
2024-04-29 16:54:26.209620,-5.675086
2024-04-29 16:54:26.225240,-7.059566
2024-04-29 16:54:26.240870,-8.037414
2024-04-29 16:54:26.256490,-8.30154
2024-04-29 16:54:26.272120,-7.63902
2024-04-29 16:54:26.287740,-6.010305
2024-04-29 16:54:26.303370,-3.627851
2024-04-29 16:54:26.319000,-0.8945827
2024-04-29 16:54:26.334620,1.735375
2024-04-29 16:54:26.350250,3.922945
2024-04-29 16:54:26.365870,5.543002
2024-04-29 16:54:26.381500,6.662559
2024-04-29 16:54:26.397120,7.407485
2024-04-29 16:54:26.412750,7.820475
2024-04-29 16:54:26.428380,7.821661
2024-04-29 16:54:26.444000,7.256842
2024-04-29 16:54:26.459630,6.050993
2024-04-29 16:54:26.475250,4.349484
2024-04-29 16:54:26.490880,2.487649
2024-04-29 16:54:26.506500,0.8543935
2024-04-29 16:54:26.522130,-0.2530289
2024-04-29 16:54:26.537760,-0.7924232
2024-04-29 16:54:26.553380,-0.917572
2024-04-29 16:54:26.569010,-0.8645201
2024-04-29 16:54:26.584630,-0.8432293
2024-04-29 16:54:26.600260,-0.9264007
2024-04-29 16:54:26.615880,-1.07472
2024-04-29 16:54:26.631510,-1.204652
2024-04-29 16:54:26.647140,-1.268265
2024-04-29 16:54:26.662760,-1.283309
2024-04-29 16:54:26.678390,-1.3416
2024-04-29 16:54:26.694010,-1.52476
2024-04-29 16:54:26.709640,-1.869478
2024-04-29 16:54:26.725260,-2.352161
2024-04-29 16:54:26.740890,-2.88974
2024-04-29 16:54:26.756520,-3.402572
2024-04-29 16:54:26.772140,-3.865778
2024-04-29 16:54:26.787770,-4.282003
2024-04-29 16:54:26.803390,-4.656804
2024-04-29 16:54:26.819020,-4.943269
2024-04-29 16:54:26.834640,-5.010818
2024-04-29 16:54:26.850270,-4.670103
2024-04-29 16:54:26.865900,-3.767811
2024-04-29 16:54:26.881520,-2.255276
2024-04-29 16:54:26.897150,-0.2559476
2024-04-29 16:54:26.912770,1.986093
2024-04-29 16:54:26.928400,4.184558
2024-04-29 16:54:26.944020,6.11166
2024-04-29 16:54:26.959650,7.62868
2024-04-29 16:54:26.975280,8.682041
2024-04-29 16:54:26.990900,9.232436
2024-04-29 16:54:27.006530,9.21944
2024-04-29 16:54:27.022150,8.583433
2024-04-29 16:54:27.037780,7.332435
2024-04-29 16:54:27.053400,5.592528
2024-04-29 16:54:27.069030,3.620302
2024-04-29 16:54:27.084660,1.728879
2024-04-29 16:54:27.100280,0.1853752
2024-04-29 16:54:27.115910,-0.8602066
2024-04-29 16:54:27.131530,-1.421853
2024-04-29 16:54:27.147160,-1.650105
2024-04-29 16:54:27.162780,-1.745832
2024-04-29 16:54:27.178410,-1.881487
2024-04-29 16:54:27.194040,-2.164568
2024-04-29 16:54:27.209660,-2.614132
2024-04-29 16:54:27.225290,-3.192175
2024-04-29 16:54:27.240910,-3.82484
2024-04-29 16:54:27.256540,-4.410838
2024-04-29 16:54:27.272160,-4.872606
2024-04-29 16:54:27.287790,-5.182827
2024-04-29 16:54:27.303420,-5.397249
2024-04-29 16:54:27.319040,-5.665773
2024-04-29 16:54:27.334670,-6.158882
2024-04-29 16:54:27.350290,-6.96203
2024-04-29 16:54:27.365920,-8.032467
2024-04-29 16:54:27.381540,-9.163635
2024-04-29 16:54:27.397170,-10.048
2024-04-29 16:54:27.412800,-10.39908
2024-04-29 16:54:27.428420,-10.04596
2024-04-29 16:54:27.444050,-8.963526
2024-04-29 16:54:27.459670,-7.278568
2024-04-29 16:54:27.475300,-5.181856
2024-04-29 16:54:27.490920,-2.873705
2024-04-29 16:54:27.506550,-0.5441933
2024-04-29 16:54:27.522180,1.636799
2024-04-29 16:54:27.537800,3.50226
2024-04-29 16:54:27.553430,4.914303
2024-04-29 16:54:27.569050,5.758013
2024-04-29 16:54:27.584680,5.986307
2024-04-29 16:54:27.600300,5.624146
2024-04-29 16:54:27.615930,4.775631
2024-04-29 16:54:27.631560,3.613417
2024-04-29 16:54:27.647180,2.354708
2024-04-29 16:54:27.662810,1.196341
2024-04-29 16:54:27.678430,0.2947273
2024-04-29 16:54:27.694060,-0.2893772
2024-04-29 16:54:27.709680,-0.5995674
2024-04-29 16:54:27.725310,-0.7397327
2024-04-29 16:54:27.740940,-0.8466301
2024-04-29 16:54:27.756560,-0.999939
2024-04-29 16:54:27.772190,-1.20647
2024-04-29 16:54:27.787810,-1.404749
2024-04-29 16:54:27.803440,-1.515228
2024-04-29 16:54:27.819060,-1.50383
2024-04-29 16:54:27.834690,-1.415001
2024-04-29 16:54:27.850320,-1.356585
2024-04-29 16:54:27.865940,-1.443087
2024-04-29 16:54:27.881570,-1.768038
2024-04-29 16:54:27.897190,-2.365295
2024-04-29 16:54:27.912820,-3.216658
2024-04-29 16:54:27.928440,-4.255297
2024-04-29 16:54:27.944070,-5.367393
2024-04-29 16:54:27.959700,-6.363209
2024-04-29 16:54:27.975320,-6.976727
2024-04-29 16:54:27.990950,-6.914705
2024-04-29 16:54:28.006570,-5.96163
2024-04-29 16:54:28.022200,-4.075134
2024-04-29 16:54:28.037820,-1.458708
2024-04-29 16:54:28.053450,1.502283
2024-04-29 16:54:28.069080,4.363008
2024-04-29 16:54:28.084700,6.758123
2024-04-29 16:54:28.100330,8.507441
2024-04-29 16:54:28.115950,9.589382
2024-04-29 16:54:28.131580,10.06568
2024-04-29 16:54:28.147200,9.986944
2024-04-29 16:54:28.162830,9.377359
2024-04-29 16:54:28.178460,8.273252
2024-04-29 16:54:28.194080,6.796843
2024-04-29 16:54:28.209710,5.179619
2024-04-29 16:54:28.225330,3.714907
2024-04-29 16:54:28.240960,2.645367
2024-04-29 16:54:28.256590,2.049053
2024-04-29 16:54:28.272210,1.837793
2024-04-29 16:54:28.287840,1.799782
2024-04-29 16:54:28.303460,1.712763
2024-04-29 16:54:28.319090,1.447388
2024-04-29 16:54:28.334710,0.9778061
2024-04-29 16:54:28.350340,0.3615475
2024-04-29 16:54:28.365970,-0.3087082
2024-04-29 16:54:28.381590,-0.9565048
2024-04-29 16:54:28.397220,-1.529079
2024-04-29 16:54:28.412840,-2.021643
2024-04-29 16:54:28.428470,-2.466726
2024-04-29 16:54:28.444090,-2.954805
2024-04-29 16:54:28.459720,-3.618851
2024-04-29 16:54:28.475350,-4.574894
2024-04-29 16:54:28.490970,-5.865559
2024-04-29 16:54:28.506600,-7.394417
2024-04-29 16:54:28.522220,-8.902023
2024-04-29 16:54:28.537850,-10.04306
2024-04-29 16:54:28.553470,-10.49817
2024-04-29 16:54:28.569100,-10.06937
2024-04-29 16:54:28.584730,-8.745773
2024-04-29 16:54:28.600350,-6.677235
2024-04-29 16:54:28.615980,-4.123753
2024-04-29 16:54:28.631600,-1.401833
2024-04-29 16:54:28.647230,1.158104
2024-04-29 16:54:28.662850,3.270412
2024-04-29 16:54:28.678480,4.737251
2024-04-29 16:54:28.694110,5.501198
2024-04-29 16:54:28.709730,5.65163
2024-04-29 16:54:28.725360,5.367691
2024-04-29 16:54:28.740980,4.854046
2024-04-29 16:54:28.756610,4.235676
2024-04-29 16:54:28.772230,3.548576
2024-04-29 16:54:28.787860,2.77211
2024-04-29 16:54:28.803490,1.908871
2024-04-29 16:54:28.819110,1.04488
2024-04-29 16:54:28.834740,0.3313255
2024-04-29 16:54:28.850360,-0.06293106
2024-04-29 16:54:28.865990,-0.06575775
2024-04-29 16:54:28.881610,0.2564087
2024-04-29 16:54:28.897240,0.707283
2024-04-29 16:54:28.912870,1.060596
2024-04-29 16:54:28.928490,1.148064
2024-04-29 16:54:28.944120,0.9051933
2024-04-29 16:54:28.959740,0.3941956
2024-04-29 16:54:28.975370,-0.2699051
2024-04-29 16:54:28.990990,-0.9621582
2024-04-29 16:54:29.006620,-1.607822
2024-04-29 16:54:29.022250,-2.177135
2024-04-29 16:54:29.037870,-2.674171
2024-04-29 16:54:29.053500,-3.114826
2024-04-29 16:54:29.069120,-3.504349
2024-04-29 16:54:29.084750,-3.876549
2024-04-29 16:54:29.100370,-4.307701
2024-04-29 16:54:29.116000,-4.902588
2024-04-29 16:54:29.131630,-5.737015
2024-04-29 16:54:29.147250,-6.77961
2024-04-29 16:54:29.162880,-7.843697
2024-04-29 16:54:29.178500,-8.608597
2024-04-29 16:54:29.194130,-8.734859
2024-04-29 16:54:29.209750,-7.989799
2024-04-29 16:54:29.225380,-6.34021
2024-04-29 16:54:29.241010,-3.983097
2024-04-29 16:54:29.256630,-1.257793
2024-04-29 16:54:29.272260,1.477554
2024-04-29 16:54:29.287880,3.917904
2024-04-29 16:54:29.303510,5.879288
2024-04-29 16:54:29.319130,7.277611
2024-04-29 16:54:29.334760,8.088894
2024-04-29 16:54:29.350390,8.343834
2024-04-29 16:54:29.366010,8.105431
2024-04-29 16:54:29.381640,7.49049
2024-04-29 16:54:29.397260,6.658501
2024-04-29 16:54:29.412890,5.776421
2024-04-29 16:54:29.428510,5.002075
2024-04-29 16:54:29.444140,4.420841
2024-04-29 16:54:29.459770,4.056496
2024-04-29 16:54:29.475390,3.852482
2024-04-29 16:54:29.491020,3.743092
2024-04-29 16:54:29.506640,3.652264
2024-04-29 16:54:29.522270,3.554718
2024-04-29 16:54:29.537890,3.444515
2024-04-29 16:54:29.553520,3.309338
2024-04-29 16:54:29.569150,3.11092
2024-04-29 16:54:29.584770,2.794895
2024-04-29 16:54:29.600400,2.34079
2024-04-29 16:54:29.616020,1.769848
2024-04-29 16:54:29.631650,1.146358
2024-04-29 16:54:29.647270,0.5077515
2024-04-29 16:54:29.662900,-0.14748
2024-04-29 16:54:29.678530,-0.8746376
2024-04-29 16:54:29.694150,-1.717522
2024-04-29 16:54:29.709780,-2.656902
2024-04-29 16:54:29.725400,-3.596092
2024-04-29 16:54:29.741030,-4.390583
2024-04-29 16:54:29.756650,-4.955479
2024-04-29 16:54:29.772280,-5.296623
2024-04-29 16:54:29.787910,-5.542858
2024-04-29 16:54:29.803530,-5.861698
2024-04-29 16:54:29.819160,-6.392494
2024-04-29 16:54:29.834780,-7.179832
2024-04-29 16:54:29.850410,-8.120434
2024-04-29 16:54:29.866030,-9.011524
2024-04-29 16:54:29.881660,-9.585205
2024-04-29 16:54:29.897290,-9.602386
2024-04-29 16:54:29.912910,-8.909672
2024-04-29 16:54:29.928540,-7.496796
2024-04-29 16:54:29.944160,-5.488815
2024-04-29 16:54:29.959790,-3.073383
2024-04-29 16:54:29.975410,-0.4745255
2024-04-29 16:54:29.991040,2.117676
2024-04-29 16:54:30.006670,4.542053
2024-04-29 16:54:30.022290,6.627682
2024-04-29 16:54:30.037920,8.175022
2024-04-29 16:54:30.053540,9.008137
2024-04-29 16:54:30.069170,9.030949
2024-04-29 16:54:30.084790,8.328949
2024-04-29 16:54:30.100420,7.164257
2024-04-29 16:54:30.116050,5.888687
2024-04-29 16:54:30.131670,4.796665
2024-04-29 16:54:30.147300,4.037109
2024-04-29 16:54:30.162920,3.596268
2024-04-29 16:54:30.178550,3.344318
2024-04-29 16:54:30.194170,3.152519
2024-04-29 16:54:30.209800,2.960033
2024-04-29 16:54:30.225430,2.764645
2024-04-29 16:54:30.241050,2.603813
2024-04-29 16:54:30.256680,2.48671
2024-04-29 16:54:30.272300,2.386391
2024-04-29 16:54:30.287930,2.25132
2024-04-29 16:54:30.303550,2.023098
2024-04-29 16:54:30.319180,1.657307
2024-04-29 16:54:30.334810,1.114197
2024-04-29 16:54:30.350430,0.3597832
2024-04-29 16:54:30.366060,-0.6242294
2024-04-29 16:54:30.381680,-1.816078
2024-04-29 16:54:30.397310,-3.15657
2024-04-29 16:54:30.412930,-4.525024
2024-04-29 16:54:30.428560,-5.777924
2024-04-29 16:54:30.444190,-6.790493
2024-04-29 16:54:30.459810,-7.469299
2024-04-29 16:54:30.475440,-7.804218
2024-04-29 16:54:30.491060,-7.878292
2024-04-29 16:54:30.506690,-7.860222
2024-04-29 16:54:30.522320,-7.973656
2024-04-29 16:54:30.537940,-8.42247
2024-04-29 16:54:30.553570,-9.303543
2024-04-29 16:54:30.569190,-10.51788
2024-04-29 16:54:30.584820,-11.76459
2024-04-29 16:54:30.600440,-12.60618
2024-04-29 16:54:30.616070,-12.62097
2024-04-29 16:54:30.631700,-11.53646
2024-04-29 16:54:30.647320,-9.359581
2024-04-29 16:54:30.662950,-6.337051
2024-04-29 16:54:30.678570,-2.878551
2024-04-29 16:54:30.694200,0.5769882
2024-04-29 16:54:30.709820,3.661503
2024-04-29 16:54:30.725450,6.118324
2024-04-29 16:54:30.741080,7.820457
2024-04-29 16:54:30.756700,8.719994
2024-04-29 16:54:30.772330,8.887287
2024-04-29 16:54:30.787950,8.468391
2024-04-29 16:54:30.803580,7.682854
2024-04-29 16:54:30.819200,6.760429
2024-04-29 16:54:30.834830,5.897118
2024-04-29 16:54:30.850460,5.211891
2024-04-29 16:54:30.866080,4.7425
2024-04-29 16:54:30.881710,4.487934
2024-04-29 16:54:30.897330,4.409809
2024-04-29 16:54:30.912960,4.464188
2024-04-29 16:54:30.928580,4.582813
2024-04-29 16:54:30.944210,4.681374
2024-04-29 16:54:30.959840,4.681908
2024-04-29 16:54:30.975460,4.521896
2024-04-29 16:54:30.991090,4.18396
2024-04-29 16:54:31.006710,3.704102
2024-04-29 16:54:31.022340,3.139271
2024-04-29 16:54:31.037960,2.549919
2024-04-29 16:54:31.053590,1.961037
2024-04-29 16:54:31.069220,1.361542
2024-04-29 16:54:31.084840,0.7057686
2024-04-29 16:54:31.100470,-0.04338074
2024-04-29 16:54:31.116090,-0.9112129
2024-04-29 16:54:31.131720,-1.871262
2024-04-29 16:54:31.147340,-2.8563
2024-04-29 16:54:31.162970,-3.783043
2024-04-29 16:54:31.178600,-4.566246
2024-04-29 16:54:31.194220,-5.167027
2024-04-29 16:54:31.209850,-5.600101
2024-04-29 16:54:31.225470,-5.943939
2024-04-29 16:54:31.241100,-6.303745
2024-04-29 16:54:31.256720,-6.792912
2024-04-29 16:54:31.272350,-7.479523
2024-04-29 16:54:31.287980,-8.379253
2024-04-29 16:54:31.303600,-9.416817
2024-04-29 16:54:31.319230,-10.41533
2024-04-29 16:54:31.334850,-11.12547
2024-04-29 16:54:31.350480,-11.26782
2024-04-29 16:54:31.366100,-10.61113
2024-04-29 16:54:31.381730,-9.054779
2024-04-29 16:54:31.397360,-6.667011
2024-04-29 16:54:31.412980,-3.660648
2024-04-29 16:54:31.428610,-0.3511276
2024-04-29 16:54:31.444230,2.920261
2024-04-29 16:54:31.459860,5.86034
2024-04-29 16:54:31.475480,8.271591
2024-04-29 16:54:31.491110,10.04631
2024-04-29 16:54:31.506740,11.14308
2024-04-29 16:54:31.522360,11.57477
2024-04-29 16:54:31.537990,11.38662
2024-04-29 16:54:31.553610,10.68021
2024-04-29 16:54:31.569240,9.613163
2024-04-29 16:54:31.584860,8.378437
2024-04-29 16:54:31.600490,7.197668
2024-04-29 16:54:31.616120,6.269493
2024-04-29 16:54:31.631740,5.708857
2024-04-29 16:54:31.647370,5.526457
2024-04-29 16:54:31.662990,5.632774
2024-04-29 16:54:31.678620,5.867735
2024-04-29 16:54:31.694240,6.075771
2024-04-29 16:54:31.709870,6.160521
2024-04-29 16:54:31.725500,6.088919
2024-04-29 16:54:31.741120,5.879835
2024-04-29 16:54:31.756750,5.581593
2024-04-29 16:54:31.772370,5.233847
2024-04-29 16:54:31.788000,4.85132
2024-04-29 16:54:31.803620,4.42487
2024-04-29 16:54:31.819250,3.927359
2024-04-29 16:54:31.834880,3.327108
2024-04-29 16:54:31.850500,2.5931
2024-04-29 16:54:31.866130,1.732477
2024-04-29 16:54:31.881750,0.798584
2024-04-29 16:54:31.897380,-0.1482449
2024-04-29 16:54:31.913000,-1.046677
2024-04-29 16:54:31.928630,-1.883469
2024-04-29 16:54:31.944260,-2.694836
2024-04-29 16:54:31.959880,-3.533436
2024-04-29 16:54:31.975510,-4.410999
2024-04-29 16:54:31.991130,-5.275703
2024-04-29 16:54:32.006760,-6.015888
2024-04-29 16:54:32.022380,-6.542444
2024-04-29 16:54:32.038010,-6.880753
2024-04-29 16:54:32.053640,-7.178703
2024-04-29 16:54:32.069260,-7.641769
2024-04-29 16:54:32.084890,-8.418446
2024-04-29 16:54:32.100510,-9.504875
2024-04-29 16:54:32.116140,-10.71635
2024-04-29 16:54:32.131760,-11.77734
2024-04-29 16:54:32.147390,-12.41182
2024-04-29 16:54:32.163020,-12.41242
2024-04-29 16:54:32.178640,-11.67353
2024-04-29 16:54:32.194270,-10.14553
2024-04-29 16:54:32.209890,-7.851206
2024-04-29 16:54:32.225520,-4.892929
2024-04-29 16:54:32.241140,-1.504311
2024-04-29 16:54:32.256770,1.937218
2024-04-29 16:54:32.272400,4.990496
2024-04-29 16:54:32.288020,7.271778
2024-04-29 16:54:32.303650,8.59869
2024-04-29 16:54:32.319270,9.010347
2024-04-29 16:54:32.334900,8.745983
2024-04-29 16:54:32.350520,8.102005
2024-04-29 16:54:32.366150,7.320267
2024-04-29 16:54:32.381780,6.520533
2024-04-29 16:54:32.397400,5.741692
2024-04-29 16:54:32.413030,5.035578
2024-04-29 16:54:32.428650,4.476528
2024-04-29 16:54:32.444280,4.188343
2024-04-29 16:54:32.459900,4.25654
2024-04-29 16:54:32.475530,4.655807
2024-04-29 16:54:32.491160,5.237984
2024-04-29 16:54:32.506780,5.776417
2024-04-29 16:54:32.522410,6.072788
2024-04-29 16:54:32.538030,6.02043
2024-04-29 16:54:32.553660,5.657072
2024-04-29 16:54:32.569280,5.086796
2024-04-29 16:54:32.584910,4.444937
2024-04-29 16:54:32.600540,3.823408
2024-04-29 16:54:32.616160,3.254526
2024-04-29 16:54:32.631790,2.742128
2024-04-29 16:54:32.647410,2.265175
2024-04-29 16:54:32.663040,1.806225
2024-04-29 16:54:32.678660,1.306925
2024-04-29 16:54:32.694290,0.6960812
2024-04-29 16:54:32.709920,-0.08952522
2024-04-29 16:54:32.725540,-1.076252
2024-04-29 16:54:32.741170,-2.219496
2024-04-29 16:54:32.756790,-3.411879
2024-04-29 16:54:32.772420,-4.537886
2024-04-29 16:54:32.788040,-5.514122
2024-04-29 16:54:32.803670,-6.280916
2024-04-29 16:54:32.819300,-6.840837
2024-04-29 16:54:32.834920,-7.205435
2024-04-29 16:54:32.850550,-7.417374
2024-04-29 16:54:32.866170,-7.545654
2024-04-29 16:54:32.881800,-7.719372
2024-04-29 16:54:32.897420,-8.10994
2024-04-29 16:54:32.913050,-8.848186
2024-04-29 16:54:32.928680,-9.975439
2024-04-29 16:54:32.944300,-11.32933
2024-04-29 16:54:32.959930,-12.57084
2024-04-29 16:54:32.975550,-13.26829
2024-04-29 16:54:32.991180,-13.02057
2024-04-29 16:54:33.006800,-11.61934
2024-04-29 16:54:33.022430,-9.097708
2024-04-29 16:54:33.038060,-5.723791
2024-04-29 16:54:33.053680,-1.938841
2024-04-29 16:54:33.069310,1.776932
2024-04-29 16:54:33.084930,5.007692
2024-04-29 16:54:33.100560,7.478102
2024-04-29 16:54:33.116190,9.076042
2024-04-29 16:54:33.131810,9.847004
2024-04-29 16:54:33.147440,9.910872
2024-04-29 16:54:33.163060,9.453323
2024-04-29 16:54:33.178690,8.644279
2024-04-29 16:54:33.194310,7.622549
2024-04-29 16:54:33.209940,6.507786
2024-04-29 16:54:33.225570,5.426115
2024-04-29 16:54:33.241190,4.497562
2024-04-29 16:54:33.256820,3.829662
2024-04-29 16:54:33.272440,3.479042
2024-04-29 16:54:33.288070,3.413633
2024-04-29 16:54:33.303690,3.530407
2024-04-29 16:54:33.319320,3.694742
2024-04-29 16:54:33.334950,3.787716
2024-04-29 16:54:33.350570,3.745874
2024-04-29 16:54:33.366200,3.571161
2024-04-29 16:54:33.381820,3.292795
2024-04-29 16:54:33.397450,2.928978
2024-04-29 16:54:33.413070,2.486797
2024-04-29 16:54:33.428700,1.951954
2024-04-29 16:54:33.444330,1.329557
2024-04-29 16:54:33.459950,0.6373577
2024-04-29 16:54:33.475580,-0.0845089
2024-04-29 16:54:33.491200,-0.8068752
2024-04-29 16:54:33.506830,-1.531244
2024-04-29 16:54:33.522450,-2.294914
2024-04-29 16:54:33.538080,-3.136002
2024-04-29 16:54:33.553710,-4.045053
2024-04-29 16:54:33.569330,-4.958549
2024-04-29 16:54:33.584960,-5.793318
2024-04-29 16:54:33.600580,-6.49078
2024-04-29 16:54:33.616210,-7.059416
2024-04-29 16:54:33.631830,-7.567724
2024-04-29 16:54:33.647460,-8.097574
2024-04-29 16:54:33.663090,-8.692657
2024-04-29 16:54:33.678710,-9.346781
2024-04-29 16:54:33.694340,-10.01995
2024-04-29 16:54:33.709960,-10.65577
2024-04-29 16:54:33.725590,-11.21296
2024-04-29 16:54:33.741210,-11.59656
2024-04-29 16:54:33.756840,-11.63453
2024-04-29 16:54:33.772470,-11.08102
2024-04-29 16:54:33.788090,-9.681631
2024-04-29 16:54:33.803720,-7.322115
2024-04-29 16:54:33.819340,-4.133392
2024-04-29 16:54:33.834970,-0.4756451
2024-04-29 16:54:33.850590,3.148855
2024-04-29 16:54:33.866220,6.277325
2024-04-29 16:54:33.881850,8.634539
2024-04-29 16:54:33.897470,10.17238
2024-04-29 16:54:33.913100,10.98796
2024-04-29 16:54:33.928720,11.22691
2024-04-29 16:54:33.944350,10.99729
2024-04-29 16:54:33.959970,10.35019
2024-04-29 16:54:33.975600,9.347647
2024-04-29 16:54:33.991230,8.117496
2024-04-29 16:54:34.006850,6.854511
2024-04-29 16:54:34.022480,5.773003
2024-04-29 16:54:34.038100,5.027813
2024-04-29 16:54:34.053730,4.669014
2024-04-29 16:54:34.069350,4.621843
2024-04-29 16:54:34.084980,4.761494
2024-04-29 16:54:34.100610,4.952759
2024-04-29 16:54:34.116230,5.099014
2024-04-29 16:54:34.131860,5.159662
2024-04-29 16:54:34.147480,5.127834
2024-04-29 16:54:34.163110,4.98987
2024-04-29 16:54:34.178730,4.719893
2024-04-29 16:54:34.194360,4.276978
2024-04-29 16:54:34.209990,3.660838
2024-04-29 16:54:34.225610,2.904757
2024-04-29 16:54:34.241240,2.073309
2024-04-29 16:54:34.256860,1.230589
2024-04-29 16:54:34.272490,0.385829
2024-04-29 16:54:34.288110,-0.4805794
2024-04-29 16:54:34.303740,-1.407901
2024-04-29 16:54:34.319370,-2.419779
2024-04-29 16:54:34.334990,-3.487684
2024-04-29 16:54:34.350620,-4.539619
2024-04-29 16:54:34.366240,-5.507277
2024-04-29 16:54:34.381870,-6.365107
2024-04-29 16:54:34.397490,-7.137221
2024-04-29 16:54:34.413120,-7.908519
2024-04-29 16:54:34.428750,-8.749391
2024-04-29 16:54:34.444370,-9.695822
2024-04-29 16:54:34.460000,-10.71879
2024-04-29 16:54:34.475620,-11.74201
2024-04-29 16:54:34.491250,-12.633
2024-04-29 16:54:34.506870,-13.23224
2024-04-29 16:54:34.522500,-13.32242
2024-04-29 16:54:34.538130,-12.67928
2024-04-29 16:54:34.553750,-11.10986
2024-04-29 16:54:34.569380,-8.566048
2024-04-29 16:54:34.585000,-5.1879
2024-04-29 16:54:34.600630,-1.310054
2024-04-29 16:54:34.616250,2.619959
2024-04-29 16:54:34.631880,6.175471
2024-04-29 16:54:34.647510,9.066697
2024-04-29 16:54:34.663130,11.17211
2024-04-29 16:54:34.678760,12.49018
2024-04-29 16:54:34.694380,13.0694
2024-04-29 16:54:34.710010,12.94799
2024-04-29 16:54:34.725630,12.17002
2024-04-29 16:54:34.741260,10.85725
2024-04-29 16:54:34.756890,9.22746
2024-04-29 16:54:34.772510,7.58613
2024-04-29 16:54:34.788140,6.226415
2024-04-29 16:54:34.803760,5.332859
2024-04-29 16:54:34.819390,4.912667
2024-04-29 16:54:34.835010,4.831396
2024-04-29 16:54:34.850640,4.930716
2024-04-29 16:54:34.866270,5.099294
2024-04-29 16:54:34.881890,5.298506
2024-04-29 16:54:34.897520,5.52742
2024-04-29 16:54:34.913140,5.755583
2024-04-29 16:54:34.928770,5.88757
2024-04-29 16:54:34.944390,5.802845
2024-04-29 16:54:34.960020,5.42864
2024-04-29 16:54:34.975650,4.787237
2024-04-29 16:54:34.991270,3.97309
2024-04-29 16:54:35.006900,3.094952
2024-04-29 16:54:35.022520,2.200132
2024-04-29 16:54:35.038150,1.249105
2024-04-29 16:54:35.053770,0.1847253
2024-04-29 16:54:35.069400,-1.017329
2024-04-29 16:54:35.085030,-2.290226
2024-04-29 16:54:35.100650,-3.489974
2024-04-29 16:54:35.116280,-4.46385
2024-04-29 16:54:35.131900,-5.136088
2024-04-29 16:54:35.147530,-5.539147
2024-04-29 16:54:35.163150,-5.796862
2024-04-29 16:54:35.178780,-6.100893
2024-04-29 16:54:35.194410,-6.615428
2024-04-29 16:54:35.210030,-7.422153
2024-04-29 16:54:35.225660,-8.479713
2024-04-29 16:54:35.241280,-9.616389
2024-04-29 16:54:35.256910,-10.58278
2024-04-29 16:54:35.272530,-11.11093
2024-04-29 16:54:35.288160,-11.00609
2024-04-29 16:54:35.303790,-10.16466
2024-04-29 16:54:35.319410,-8.57502
2024-04-29 16:54:35.335040,-6.298964
2024-04-29 16:54:35.350660,-3.454714
2024-04-29 16:54:35.366290,-0.2308187
2024-04-29 16:54:35.381920,3.103742
2024-04-29 16:54:35.397540,6.198424
2024-04-29 16:54:35.413170,8.697853
2024-04-29 16:54:35.428790,10.33338
2024-04-29 16:54:35.444420,10.99795
2024-04-29 16:54:35.460040,10.77341
2024-04-29 16:54:35.475670,9.892475
2024-04-29 16:54:35.491300,8.605555
2024-04-29 16:54:35.506920,7.153827
2024-04-29 16:54:35.522550,5.72527
2024-04-29 16:54:35.538170,4.459821
2024-04-29 16:54:35.553800,3.476519
2024-04-29 16:54:35.569420,2.843699
2024-04-29 16:54:35.585050,2.548315
2024-04-29 16:54:35.600680,2.497861
2024-04-29 16:54:35.616300,2.548864
2024-04-29 16:54:35.631930,2.556956
2024-04-29 16:54:35.647550,2.44564
2024-04-29 16:54:35.663180,2.214807
2024-04-29 16:54:35.678800,1.919569
2024-04-29 16:54:35.694430,1.628936
2024-04-29 16:54:35.710060,1.368646
2024-04-29 16:54:35.725680,1.121171
2024-04-29 16:54:35.741310,0.8076234
2024-04-29 16:54:35.756930,0.3415961
2024-04-29 16:54:35.772560,-0.3531098
2024-04-29 16:54:35.788180,-1.296463
2024-04-29 16:54:35.803810,-2.448252
2024-04-29 16:54:35.819440,-3.715133
2024-04-29 16:54:35.835060,-4.973322
2024-04-29 16:54:35.850690,-6.103868
2024-04-29 16:54:35.866310,-7.055382
2024-04-29 16:54:35.881940,-7.842279
2024-04-29 16:54:35.897560,-8.556316
2024-04-29 16:54:35.913190,-9.304026
2024-04-29 16:54:35.928820,-10.13089
2024-04-29 16:54:35.944440,-10.97834
2024-04-29 16:54:35.960070,-11.67101
2024-04-29 16:54:35.975690,-11.93555
2024-04-29 16:54:35.991320,-11.48881
2024-04-29 16:54:36.006940,-10.13396
2024-04-29 16:54:36.022570,-7.820898
2024-04-29 16:54:36.038200,-4.699642
2024-04-29 16:54:36.053820,-1.128016
2024-04-29 16:54:36.069450,2.431209
2024-04-29 16:54:36.085070,5.517283
2024-04-29 16:54:36.100700,7.781826
2024-04-29 16:54:36.116320,9.100376
2024-04-29 16:54:36.131950,9.52036
2024-04-29 16:54:36.147580,9.240719
2024-04-29 16:54:36.163200,8.49682
2024-04-29 16:54:36.178830,7.486383
2024-04-29 16:54:36.194450,6.355928
2024-04-29 16:54:36.210080,5.183229
2024-04-29 16:54:36.225700,4.023831
2024-04-29 16:54:36.241330,2.944332
2024-04-29 16:54:36.256960,2.032873
2024-04-29 16:54:36.272580,1.363005
2024-04-29 16:54:36.288210,0.9861566
2024-04-29 16:54:36.303830,0.8967346
2024-04-29 16:54:36.319460,1.021304
2024-04-29 16:54:36.335080,1.242104
2024-04-29 16:54:36.350710,1.433661
2024-04-29 16:54:36.366340,1.490144
2024-04-29 16:54:36.381960,1.350587
2024-04-29 16:54:36.397590,0.9866855
2024-04-29 16:54:36.413210,0.3928286
2024-04-29 16:54:36.428840,-0.4294313
2024-04-29 16:54:36.444460,-1.47254
2024-04-29 16:54:36.460090,-2.693908
2024-04-29 16:54:36.475720,-4.001504
2024-04-29 16:54:36.491340,-5.246635
2024-04-29 16:54:36.506970,-6.326392
2024-04-29 16:54:36.522590,-7.226967
2024-04-29 16:54:36.538220,-8.070752
2024-04-29 16:54:36.553840,-9.047875
2024-04-29 16:54:36.569470,-10.31066
2024-04-29 16:54:36.585100,-11.8447
2024-04-29 16:54:36.600720,-13.45198
2024-04-29 16:54:36.616350,-14.78081
2024-04-29 16:54:36.631970,-15.43858
2024-04-29 16:54:36.647600,-15.12006
2024-04-29 16:54:36.663220,-13.66937
2024-04-29 16:54:36.678850,-11.10386
2024-04-29 16:54:36.694480,-7.603367
2024-04-29 16:54:36.710100,-3.486526
2024-04-29 16:54:36.725730,0.8181491
2024-04-29 16:54:36.741350,4.832696
2024-04-29 16:54:36.756980,8.112419
2024-04-29 16:54:36.772600,10.35385
2024-04-29 16:54:36.788230,11.46947
2024-04-29 16:54:36.803860,11.6011
2024-04-29 16:54:36.819480,11.05113
2024-04-29 16:54:36.835110,10.13655
2024-04-29 16:54:36.850730,9.084745
2024-04-29 16:54:36.866360,7.996128
2024-04-29 16:54:36.881980,6.878421
2024-04-29 16:54:36.897610,5.733194
2024-04-29 16:54:36.913240,4.615588
2024-04-29 16:54:36.928860,3.617593
2024-04-29 16:54:36.944490,2.839192
2024-04-29 16:54:36.960110,2.335443
2024-04-29 16:54:36.975740,2.073738
2024-04-29 16:54:36.991360,1.958816
2024-04-29 16:54:37.006990,1.881224
2024-04-29 16:54:37.022620,1.749196
2024-04-29 16:54:37.038240,1.50868
2024-04-29 16:54:37.053870,1.14073
2024-04-29 16:54:37.069490,0.5833588
2024-04-29 16:54:37.085120,-0.2426186
2024-04-29 16:54:37.100740,-1.379705
2024-04-29 16:54:37.116370,-2.813993
2024-04-29 16:54:37.132000,-4.408115
2024-04-29 16:54:37.147620,-5.944199
2024-04-29 16:54:37.163250,-7.229832
2024-04-29 16:54:37.178870,-8.184198
2024-04-29 16:54:37.194500,-8.91213
2024-04-29 16:54:37.210120,-9.668623
2024-04-29 16:54:37.225750,-10.71188
2024-04-29 16:54:37.241380,-12.15616
2024-04-29 16:54:37.257000,-13.85072
2024-04-29 16:54:37.272630,-15.39435
2024-04-29 16:54:37.288250,-16.26445
2024-04-29 16:54:37.303880,-15.99179
2024-04-29 16:54:37.319500,-14.31218
2024-04-29 16:54:37.335130,-11.26775
2024-04-29 16:54:37.350760,-7.164042
2024-04-29 16:54:37.366380,-2.484411
2024-04-29 16:54:37.382010,2.221508
2024-04-29 16:54:37.397630,6.447767
2024-04-29 16:54:37.413260,9.803749
2024-04-29 16:54:37.428880,12.05641
2024-04-29 16:54:37.444510,13.1208
2024-04-29 16:54:37.460140,13.08271
2024-04-29 16:54:37.475760,12.14434
2024-04-29 16:54:37.491390,10.58736
2024-04-29 16:54:37.507010,8.740543
2024-04-29 16:54:37.522640,6.891296
2024-04-29 16:54:37.538260,5.265396
2024-04-29 16:54:37.553890,3.999332
2024-04-29 16:54:37.569520,3.133316
2024-04-29 16:54:37.585140,2.645054
2024-04-29 16:54:37.600770,2.513412
2024-04-29 16:54:37.616390,2.688625
2024-04-29 16:54:37.632020,3.101616
2024-04-29 16:54:37.647650,3.640335
2024-04-29 16:54:37.663270,4.127117
2024-04-29 16:54:37.678900,4.363541
2024-04-29 16:54:37.694520,4.192112
2024-04-29 16:54:37.710150,3.560917
2024-04-29 16:54:37.725770,2.533878
2024-04-29 16:54:37.741400,1.262241
2024-04-29 16:54:37.757030,-0.07174683
2024-04-29 16:54:37.772650,-1.328461
2024-04-29 16:54:37.788280,-2.423965
2024-04-29 16:54:37.803900,-3.338486
2024-04-29 16:54:37.819530,-4.095982
2024-04-29 16:54:37.835150,-4.766354
2024-04-29 16:54:37.850780,-5.474529
2024-04-29 16:54:37.866410,-6.364529
2024-04-29 16:54:37.882030,-7.536648
2024-04-29 16:54:37.897660,-8.960064
2024-04-29 16:54:37.913280,-10.42493
2024-04-29 16:54:37.928910,-11.5579
2024-04-29 16:54:37.944530,-11.94954
2024-04-29 16:54:37.960160,-11.27333
2024-04-29 16:54:37.975790,-9.389801
2024-04-29 16:54:37.991410,-6.413475
2024-04-29 16:54:38.007040,-2.630276
2024-04-29 16:54:38.022660,1.539589
2024-04-29 16:54:38.038290,5.676273
2024-04-29 16:54:38.053910,9.372513
2024-04-29 16:54:38.069540,12.29575
2024-04-29 16:54:38.085170,14.20046
2024-04-29 16:54:38.100790,14.96636
2024-04-29 16:54:38.116420,14.63836
2024-04-29 16:54:38.132040,13.39955
2024-04-29 16:54:38.147670,11.55681
2024-04-29 16:54:38.163290,9.464066
2024-04-29 16:54:38.178920,7.454323
2024-04-29 16:54:38.194550,5.76128
2024-04-29 16:54:38.210170,4.517612
2024-04-29 16:54:38.225800,3.752758
2024-04-29 16:54:38.241420,3.416122
2024-04-29 16:54:38.257050,3.438938
2024-04-29 16:54:38.272670,3.71513
2024-04-29 16:54:38.288300,4.123116
2024-04-29 16:54:38.303930,4.508255
2024-04-29 16:54:38.319550,4.685944
2024-04-29 16:54:38.335180,4.503517
2024-04-29 16:54:38.350800,3.90126
2024-04-29 16:54:38.366430,2.950745
2024-04-29 16:54:38.382050,1.816353
2024-04-29 16:54:38.397680,0.6729965
2024-04-29 16:54:38.413310,-0.3883438
2024-04-29 16:54:38.428930,-1.36985
2024-04-29 16:54:38.444560,-2.370468
2024-04-29 16:54:38.460180,-3.469978
2024-04-29 16:54:38.475810,-4.675392
2024-04-29 16:54:38.491430,-5.923477
2024-04-29 16:54:38.507060,-7.142372
2024-04-29 16:54:38.522690,-8.344254
2024-04-29 16:54:38.538310,-9.599335
2024-04-29 16:54:38.553940,-10.97134
2024-04-29 16:54:38.569560,-12.34958
2024-04-29 16:54:38.585190,-13.41743
2024-04-29 16:54:38.600810,-13.69789
2024-04-29 16:54:38.616440,-12.7604
2024-04-29 16:54:38.632070,-10.41097
2024-04-29 16:54:38.647690,-6.813377
2024-04-29 16:54:38.663320,-2.450592
2024-04-29 16:54:38.678940,2.072136
2024-04-29 16:54:38.694570,6.182877
2024-04-29 16:54:38.710190,9.501167
2024-04-29 16:54:38.725820,11.84608
2024-04-29 16:54:38.741450,13.1743
2024-04-29 16:54:38.757070,13.52596
2024-04-29 16:54:38.772700,12.98347
2024-04-29 16:54:38.788320,11.67757
2024-04-29 16:54:38.803950,9.807655
2024-04-29 16:54:38.819570,7.652336
2024-04-29 16:54:38.835200,5.543961
2024-04-29 16:54:38.850830,3.808464
2024-04-29 16:54:38.866450,2.677101
2024-04-29 16:54:38.882080,2.224327
2024-04-29 16:54:38.897700,2.346535
2024-04-29 16:54:38.913330,2.801758
2024-04-29 16:54:38.928950,3.303413
2024-04-29 16:54:38.944580,3.618225
2024-04-29 16:54:38.960210,3.630829
2024-04-29 16:54:38.975830,3.363174
2024-04-29 16:54:38.991460,2.91539
2024-04-29 16:54:39.007080,2.384888
2024-04-29 16:54:39.022710,1.813446
2024-04-29 16:54:39.038330,1.182373
2024-04-29 16:54:39.053960,0.4386978
2024-04-29 16:54:39.069590,-0.4589691
2024-04-29 16:54:39.085210,-1.525139
2024-04-29 16:54:39.100840,-2.705681
2024-04-29 16:54:39.116460,-3.936218
2024-04-29 16:54:39.132090,-5.146088
2024-04-29 16:54:39.147710,-6.320648
2024-04-29 16:54:39.163340,-7.514023
2024-04-29 16:54:39.178970,-8.78862
2024-04-29 16:54:39.194590,-10.14152
2024-04-29 16:54:39.210220,-11.42554
2024-04-29 16:54:39.225840,-12.29055
2024-04-29 16:54:39.241470,-12.30045
2024-04-29 16:54:39.257090,-11.08855
2024-04-29 16:54:39.272720,-8.526718
2024-04-29 16:54:39.288350,-4.823082
2024-04-29 16:54:39.303970,-0.4538574
2024-04-29 16:54:39.319600,3.960655
2024-04-29 16:54:39.335220,7.859749
2024-04-29 16:54:39.350850,10.85387
2024-04-29 16:54:39.366470,12.76834
2024-04-29 16:54:39.382100,13.59405
2024-04-29 16:54:39.397730,13.42268
2024-04-29 16:54:39.413350,12.40755
2024-04-29 16:54:39.428980,10.75974
2024-04-29 16:54:39.444600,8.751747
2024-04-29 16:54:39.460230,6.673347
2024-04-29 16:54:39.475850,4.824394
2024-04-29 16:54:39.491480,3.428711
2024-04-29 16:54:39.507110,2.609436
2024-04-29 16:54:39.522730,2.338814
2024-04-29 16:54:39.538360,2.470398
2024-04-29 16:54:39.553980,2.790894
2024-04-29 16:54:39.569610,3.114441
2024-04-29 16:54:39.585230,3.344437
2024-04-29 16:54:39.600860,3.469765
2024-04-29 16:54:39.616490,3.525475
2024-04-29 16:54:39.632110,3.515465
2024-04-29 16:54:39.647740,3.378059
2024-04-29 16:54:39.663360,3.001419
2024-04-29 16:54:39.678990,2.29261
2024-04-29 16:54:39.694610,1.247749
2024-04-29 16:54:39.710240,-0.02170563
2024-04-29 16:54:39.725870,-1.325981
2024-04-29 16:54:39.741490,-2.494278
2024-04-29 16:54:39.757120,-3.444115
2024-04-29 16:54:39.772740,-4.210297
2024-04-29 16:54:39.788370,-4.945641
2024-04-29 16:54:39.803990,-5.8181
2024-04-29 16:54:39.819620,-6.963043
2024-04-29 16:54:39.835250,-8.383636
2024-04-29 16:54:39.850870,-9.937576
2024-04-29 16:54:39.866500,-11.32104
2024-04-29 16:54:39.882120,-12.13362
2024-04-29 16:54:39.897750,-11.98541
2024-04-29 16:54:39.913370,-10.616
2024-04-29 16:54:39.929000,-7.991737
2024-04-29 16:54:39.944630,-4.324608
2024-04-29 16:54:39.960250,-0.009429932
2024-04-29 16:54:39.975880,4.466637
2024-04-29 16:54:39.991500,8.626511
2024-04-29 16:54:40.007130,12.08049
2024-04-29 16:54:40.022750,14.55405
2024-04-29 16:54:40.038380,15.89948
2024-04-29 16:54:40.054010,16.08796
2024-04-29 16:54:40.069630,15.2156
2024-04-29 16:54:40.085260,13.51247
2024-04-29 16:54:40.100880,11.30994
2024-04-29 16:54:40.116510,8.986023
2024-04-29 16:54:40.132130,6.883926
2024-04-29 16:54:40.147760,5.241173
2024-04-29 16:54:40.163390,4.143936
2024-04-29 16:54:40.179010,3.561356
2024-04-29 16:54:40.194640,3.378311
2024-04-29 16:54:40.210260,3.467247
2024-04-29 16:54:40.225890,3.718346
2024-04-29 16:54:40.241520,4.030342
2024-04-29 16:54:40.257140,4.30864
2024-04-29 16:54:40.272770,4.452347
2024-04-29 16:54:40.288390,4.392891
2024-04-29 16:54:40.304020,4.075424
2024-04-29 16:54:40.319640,3.49662
2024-04-29 16:54:40.335270,2.681023
2024-04-29 16:54:40.350900,1.671165
2024-04-29 16:54:40.366520,0.5046692
2024-04-29 16:54:40.382150,-0.7714996
2024-04-29 16:54:40.397770,-2.091019
2024-04-29 16:54:40.413400,-3.343399
2024-04-29 16:54:40.429020,-4.385162
2024-04-29 16:54:40.444650,-5.107162
2024-04-29 16:54:40.460280,-5.501495
2024-04-29 16:54:40.475900,-5.734268
2024-04-29 16:54:40.491530,-6.060997
2024-04-29 16:54:40.507150,-6.745758
2024-04-29 16:54:40.522780,-7.870651
2024-04-29 16:54:40.538400,-9.248734
2024-04-29 16:54:40.554030,-10.41566
2024-04-29 16:54:40.569660,-10.79528
2024-04-29 16:54:40.585280,-9.906364
2024-04-29 16:54:40.600910,-7.548645
2024-04-29 16:54:40.616530,-3.911774
2024-04-29 16:54:40.632160,0.5203934
2024-04-29 16:54:40.647780,5.134705
2024-04-29 16:54:40.663410,9.373123
2024-04-29 16:54:40.679040,12.83663
2024-04-29 16:54:40.694660,15.28308
2024-04-29 16:54:40.710290,16.59393
2024-04-29 16:54:40.725910,16.71609
2024-04-29 16:54:40.741540,15.70573
2024-04-29 16:54:40.757160,13.74694
2024-04-29 16:54:40.772790,11.17558
2024-04-29 16:54:40.788420,8.432922
2024-04-29 16:54:40.804040,5.939972
2024-04-29 16:54:40.819670,4.001534
2024-04-29 16:54:40.835290,2.727081
2024-04-29 16:54:40.850920,2.082764
2024-04-29 16:54:40.866540,1.929588
2024-04-29 16:54:40.882170,2.13134
2024-04-29 16:54:40.897800,2.554634
2024-04-29 16:54:40.913420,3.097153
2024-04-29 16:54:40.929050,3.644417
2024-04-29 16:54:40.944670,4.063866
2024-04-29 16:54:40.960300,4.249107
2024-04-29 16:54:40.975920,4.127075
2024-04-29 16:54:40.991550,3.680054
2024-04-29 16:54:41.007180,2.91523
2024-04-29 16:54:41.022800,1.86821
2024-04-29 16:54:41.038430,0.5649033
2024-04-29 16:54:41.054050,-0.9076996
2024-04-29 16:54:41.069680,-2.415047
2024-04-29 16:54:41.085300,-3.78006
2024-04-29 16:54:41.100930,-4.844498
2024-04-29 16:54:41.116560,-5.571442
2024-04-29 16:54:41.132180,-6.078133
2024-04-29 16:54:41.147810,-6.612053
2024-04-29 16:54:41.163430,-7.435043
2024-04-29 16:54:41.179060,-8.684662
2024-04-29 16:54:41.194680,-10.26853
2024-04-29 16:54:41.210310,-11.85795
2024-04-29 16:54:41.225940,-13.00771
2024-04-29 16:54:41.241560,-13.28697
2024-04-29 16:54:41.257190,-12.42117
2024-04-29 16:54:41.272810,-10.36525
2024-04-29 16:54:41.288440,-7.29953
2024-04-29 16:54:41.304060,-3.565651
2024-04-29 16:54:41.319690,0.3962708
2024-04-29 16:54:41.335320,4.128525
2024-04-29 16:54:41.350940,7.257286
2024-04-29 16:54:41.366570,9.509117
2024-04-29 16:54:41.382190,10.77326
2024-04-29 16:54:41.397820,11.06905
2024-04-29 16:54:41.413440,10.55526
2024-04-29 16:54:41.429070,9.455101
2024-04-29 16:54:41.444700,8.02729
2024-04-29 16:54:41.460320,6.489807
2024-04-29 16:54:41.475950,4.999252
2024-04-29 16:54:41.491570,3.642906
2024-04-29 16:54:41.507200,2.467171
2024-04-29 16:54:41.522820,1.516411
2024-04-29 16:54:41.538450,0.8506165
2024-04-29 16:54:41.554080,0.5491943
2024-04-29 16:54:41.569700,0.6726608
2024-04-29 16:54:41.585330,1.197174
2024-04-29 16:54:41.600950,1.991592
2024-04-29 16:54:41.616580,2.810104
2024-04-29 16:54:41.632200,3.400211
2024-04-29 16:54:41.647830,3.553719
2024-04-29 16:54:41.663460,3.203838
2024-04-29 16:54:41.679080,2.408531
2024-04-29 16:54:41.694710,1.339825
2024-04-29 16:54:41.710330,0.2014999
2024-04-29 16:54:41.725960,-0.82127
2024-04-29 16:54:41.741580,-1.612186
2024-04-29 16:54:41.757210,-2.143215
2024-04-29 16:54:41.772840,-2.479252
2024-04-29 16:54:41.788460,-2.778481
2024-04-29 16:54:41.804090,-3.233295
2024-04-29 16:54:41.819710,-4.007843
2024-04-29 16:54:41.835340,-5.131977
2024-04-29 16:54:41.850960,-6.443073
2024-04-29 16:54:41.866590,-7.574871
2024-04-29 16:54:41.882220,-8.048203
2024-04-29 16:54:41.897840,-7.436329
2024-04-29 16:54:41.913470,-5.493557
2024-04-29 16:54:41.929090,-2.292141
2024-04-29 16:54:41.944720,1.82143
2024-04-29 16:54:41.960340,6.297207
2024-04-29 16:54:41.975970,10.53198
2024-04-29 16:54:41.991600,14.01526
2024-04-29 16:54:42.007220,16.4315
2024-04-29 16:54:42.022850,17.68197
2024-04-29 16:54:42.038470,17.82357
2024-04-29 16:54:42.054100,17.04673
2024-04-29 16:54:42.069720,15.55595
2024-04-29 16:54:42.085350,13.58266
2024-04-29 16:54:42.100980,11.36586
2024-04-29 16:54:42.116600,9.135189
2024-04-29 16:54:42.132230,7.112114
2024-04-29 16:54:42.147850,5.447689
2024-04-29 16:54:42.163480,4.212219
2024-04-29 16:54:42.179100,3.372822
2024-04-29 16:54:42.194730,2.84914
2024-04-29 16:54:42.210360,2.511444
2024-04-29 16:54:42.225980,2.233162
2024-04-29 16:54:42.241610,1.892429
2024-04-29 16:54:42.257230,1.363222
2024-04-29 16:54:42.272860,0.5270672
2024-04-29 16:54:42.288480,-0.7212029
2024-04-29 16:54:42.304110,-2.408867
2024-04-29 16:54:42.319740,-4.481018
2024-04-29 16:54:42.335360,-6.804911
2024-04-29 16:54:42.350990,-9.214418
2024-04-29 16:54:42.366610,-11.55225
2024-04-29 16:54:42.382240,-13.70834
2024-04-29 16:54:42.397870,-15.64364
2024-04-29 16:54:42.413490,-17.35716
2024-04-29 16:54:42.429120,-18.8948
2024-04-29 16:54:42.444740,-20.33016
2024-04-29 16:54:42.460370,-21.74435
2024-04-29 16:54:42.475990,-23.15891
2024-04-29 16:54:42.491620,-24.4747
2024-04-29 16:54:42.507250,-25.44133
2024-04-29 16:54:42.522870,-25.67816
2024-04-29 16:54:42.538500,-24.80323
2024-04-29 16:54:42.554120,-22.52638
2024-04-29 16:54:42.569750,-18.79827
2024-04-29 16:54:42.585370,-13.84166
2024-04-29 16:54:42.601000,-8.119032
2024-04-29 16:54:42.616630,-2.253404
2024-04-29 16:54:42.632250,3.120888
2024-04-29 16:54:42.647880,7.453833
2024-04-29 16:54:42.663500,10.37554
2024-04-29 16:54:42.679130,11.73454
2024-04-29 16:54:42.694750,11.60332
2024-04-29 16:54:42.710380,10.23723
2024-04-29 16:54:42.726010,8.018399
2024-04-29 16:54:42.741630,5.402867
2024-04-29 16:54:42.757260,2.825226
2024-04-29 16:54:42.772880,0.6300116
2024-04-29 16:54:42.788510,-0.9956732
2024-04-29 16:54:42.804130,-2.028311
2024-04-29 16:54:42.819760,-2.591475
2024-04-29 16:54:42.835390,-2.873056
2024-04-29 16:54:42.851010,-3.020254
2024-04-29 16:54:42.866640,-3.095042
2024-04-29 16:54:42.882260,-3.05895
2024-04-29 16:54:42.897890,-2.866949
2024-04-29 16:54:42.913510,-2.51936
2024-04-29 16:54:42.929140,-2.108048
2024-04-29 16:54:42.944770,-1.776034
2024-04-29 16:54:42.960390,-1.645394
2024-04-29 16:54:42.976020,-1.763197
2024-04-29 16:54:42.991640,-2.092615
2024-04-29 16:54:43.007270,-2.576878
2024-04-29 16:54:43.022890,-3.152624
2024-04-29 16:54:43.038520,-3.789725
2024-04-29 16:54:43.054150,-4.436517
2024-04-29 16:54:43.069770,-5.023901
2024-04-29 16:54:43.085400,-5.436404
2024-04-29 16:54:43.101020,-5.577892
2024-04-29 16:54:43.116650,-5.435067
2024-04-29 16:54:43.132270,-5.100414
2024-04-29 16:54:43.147900,-4.725012
2024-04-29 16:54:43.163530,-4.436405
2024-04-29 16:54:43.179150,-4.255719
2024-04-29 16:54:43.194780,-4.034001
2024-04-29 16:54:43.210400,-3.527345
2024-04-29 16:54:43.226030,-2.527184
2024-04-29 16:54:43.241650,-0.9321861
2024-04-29 16:54:43.257280,1.178673
2024-04-29 16:54:43.272910,3.582801
2024-04-29 16:54:43.288530,5.994011
2024-04-29 16:54:43.304160,8.153202
2024-04-29 16:54:43.319780,9.875924
2024-04-29 16:54:43.335410,11.0774
2024-04-29 16:54:43.351030,11.7336
2024-04-29 16:54:43.366660,11.86726
2024-04-29 16:54:43.382290,11.50926
2024-04-29 16:54:43.397910,10.72879
2024-04-29 16:54:43.413540,9.606114
2024-04-29 16:54:43.429160,8.255189
2024-04-29 16:54:43.444790,6.810965
2024-04-29 16:54:43.460410,5.396416
2024-04-29 16:54:43.476040,4.094173
2024-04-29 16:54:43.491670,2.911426
2024-04-29 16:54:43.507290,1.803053
2024-04-29 16:54:43.522920,0.6906424
2024-04-29 16:54:43.538540,-0.4787922
2024-04-29 16:54:43.554170,-1.683763
2024-04-29 16:54:43.569790,-2.830572
2024-04-29 16:54:43.585420,-3.780448
2024-04-29 16:54:43.601050,-4.414143
2024-04-29 16:54:43.616670,-4.686584
2024-04-29 16:54:43.632300,-4.654326
2024-04-29 16:54:43.647920,-4.45953
2024-04-29 16:54:43.663550,-4.262573
2024-04-29 16:54:43.679170,-4.222383
2024-04-29 16:54:43.694800,-4.452031
2024-04-29 16:54:43.710430,-5.024609
2024-04-29 16:54:43.726050,-5.976904
2024-04-29 16:54:43.741680,-7.309202
2024-04-29 16:54:43.757300,-8.930515
2024-04-29 16:54:43.772930,-10.60984
2024-04-29 16:54:43.788550,-11.96627
2024-04-29 16:54:43.804180,-12.52883
2024-04-29 16:54:43.819810,-11.90779
2024-04-29 16:54:43.835430,-9.927679
2024-04-29 16:54:43.851060,-6.741475
2024-04-29 16:54:43.866680,-2.764081
2024-04-29 16:54:43.882310,1.429083
2024-04-29 16:54:43.897930,5.322706
2024-04-29 16:54:43.913560,8.590675
2024-04-29 16:54:43.929190,11.09485
2024-04-29 16:54:43.944810,12.8121
2024-04-29 16:54:43.960440,13.73313
2024-04-29 16:54:43.976060,13.83665
2024-04-29 16:54:43.991690,13.1074
2024-04-29 16:54:44.007310,11.63573
2024-04-29 16:54:44.022940,9.64628
2024-04-29 16:54:44.038570,7.46079
2024-04-29 16:54:44.054190,5.400015
2024-04-29 16:54:44.069820,3.679896
