Datetime,valueBVP
2024-04-29 12:54:43.301300,1.723022
2024-04-29 12:54:43.316930,1.820129
2024-04-29 12:54:43.332550,1.980164
2024-04-29 12:54:43.348180,2.062775
2024-04-29 12:54:43.363800,1.961548
2024-04-29 12:54:43.379430,1.665253
2024-04-29 12:54:43.395060,1.247559
2024-04-29 12:54:43.410680,0.8370972
2024-04-29 12:54:43.426310,0.5578308
2024-04-29 12:54:43.441930,0.4720154
2024-04-29 12:54:43.457560,0.5579224
2024-04-29 12:54:43.473180,0.7410889
2024-04-29 12:54:43.488810,0.9160156
2024-04-29 12:54:43.504440,1.002441
2024-04-29 12:54:43.520060,0.9633789
2024-04-29 12:54:43.535690,0.7835388
2024-04-29 12:54:43.551310,0.46875
2024-04-29 12:54:43.566940,0.03118896
2024-04-29 12:54:43.582560,-0.4985962
2024-04-29 12:54:43.598190,-1.072998
2024-04-29 12:54:43.613820,-1.602112
2024-04-29 12:54:43.629440,-1.997742
2024-04-29 12:54:43.645070,-2.198181
2024-04-29 12:54:43.660690,-2.214355
2024-04-29 12:54:43.676320,-2.12088
2024-04-29 12:54:43.691940,-2.018585
2024-04-29 12:54:43.707570,-1.984619
2024-04-29 12:54:43.723200,-2.047302
2024-04-29 12:54:43.738820,-2.197388
2024-04-29 12:54:43.754450,-2.400146
2024-04-29 12:54:43.770070,-2.648285
2024-04-29 12:54:43.785700,-2.950806
2024-04-29 12:54:43.801330,-3.298065
2024-04-29 12:54:43.816950,-3.658783
2024-04-29 12:54:43.832580,-3.951141
2024-04-29 12:54:43.848200,-4.04834
2024-04-29 12:54:43.863830,-3.833649
2024-04-29 12:54:43.879450,-3.228333
2024-04-29 12:54:43.895080,-2.241608
2024-04-29 12:54:43.910710,-0.9836426
2024-04-29 12:54:43.926330,0.3712158
2024-04-29 12:54:43.941960,1.635498
2024-04-29 12:54:43.957580,2.661621
2024-04-29 12:54:43.973210,3.384583
2024-04-29 12:54:43.988830,3.810242
2024-04-29 12:54:44.004460,3.989319
2024-04-29 12:54:44.020090,3.989349
2024-04-29 12:54:44.035710,3.852753
2024-04-29 12:54:44.051340,3.602051
2024-04-29 12:54:44.066960,3.253143
2024-04-29 12:54:44.082590,2.842499
2024-04-29 12:54:44.098210,2.411682
2024-04-29 12:54:44.113840,2.021057
2024-04-29 12:54:44.129470,1.723175
2024-04-29 12:54:44.145090,1.547791
2024-04-29 12:54:44.160720,1.502869
2024-04-29 12:54:44.176340,1.569
2024-04-29 12:54:44.191970,1.710846
2024-04-29 12:54:44.207590,1.873413
2024-04-29 12:54:44.223220,2.014618
2024-04-29 12:54:44.238850,2.084808
2024-04-29 12:54:44.254470,2.080017
2024-04-29 12:54:44.270100,1.988312
2024-04-29 12:54:44.285720,1.795624
2024-04-29 12:54:44.301350,1.49054
2024-04-29 12:54:44.316970,1.078125
2024-04-29 12:54:44.332600,0.5924683
2024-04-29 12:54:44.348230,0.1082153
2024-04-29 12:54:44.363850,-0.2829285
2024-04-29 12:54:44.379480,-0.5114746
2024-04-29 12:54:44.395100,-0.5546265
2024-04-29 12:54:44.410730,-0.4584351
2024-04-29 12:54:44.426350,-0.3153687
2024-04-29 12:54:44.441980,-0.2152405
2024-04-29 12:54:44.457610,-0.2129822
2024-04-29 12:54:44.488860,-0.4927673
2024-04-29 12:54:44.504480,-0.7346649
2024-04-29 12:54:44.520110,-1.029648
2024-04-29 12:54:44.535730,-1.37793
2024-04-29 12:54:44.551360,-1.757675
2024-04-29 12:54:44.566990,-2.118805
2024-04-29 12:54:44.582610,-2.390488
2024-04-29 12:54:44.598240,-2.531555
2024-04-29 12:54:44.613860,-2.540115
2024-04-29 12:54:44.629490,-2.472321
2024-04-29 12:54:44.645110,-2.400864
2024-04-29 12:54:44.660740,-2.383026
2024-04-29 12:54:44.676370,-2.444397
2024-04-29 12:54:44.691990,-2.567291
2024-04-29 12:54:44.707620,-2.729523
2024-04-29 12:54:44.723240,-2.879028
2024-04-29 12:54:44.738870,-2.983047
2024-04-29 12:54:44.754490,-2.978165
2024-04-29 12:54:44.770120,-2.80867
2024-04-29 12:54:44.785750,-2.411606
2024-04-29 12:54:44.801370,-1.753754
2024-04-29 12:54:44.817000,-0.8603821
2024-04-29 12:54:44.832620,0.1850433
2024-04-29 12:54:44.848250,1.213287
2024-04-29 12:54:44.863870,2.057877
2024-04-29 12:54:44.879500,2.574905
2024-04-29 12:54:44.895130,2.732178
2024-04-29 12:54:44.910750,2.593262
2024-04-29 12:54:44.926380,2.287247
2024-04-29 12:54:44.942000,1.937897
2024-04-29 12:54:44.957630,1.614197
2024-04-29 12:54:44.973250,1.314255
2024-04-29 12:54:44.988880,1.014603
2024-04-29 12:54:45.004510,0.7255707
2024-04-29 12:54:45.020130,0.4981842
2024-04-29 12:54:45.035760,0.3949585
2024-04-29 12:54:45.051380,0.4328918
2024-04-29 12:54:45.067010,0.5419159
2024-04-29 12:54:45.082630,0.6097717
2024-04-29 12:54:45.098260,0.5384369
2024-04-29 12:54:45.113890,0.346283
2024-04-29 12:54:45.129510,0.1314392
2024-04-29 12:54:45.145140,0.03263855
2024-04-29 12:54:45.160760,0.125946
2024-04-29 12:54:45.176390,0.3752136
2024-04-29 12:54:45.192010,0.6720123
2024-04-29 12:54:45.207640,0.8886566
2024-04-29 12:54:45.223270,0.9561005
2024-04-29 12:54:45.238890,0.8652802
2024-04-29 12:54:45.254520,0.661377
2024-04-29 12:54:45.270140,0.3767395
2024-04-29 12:54:45.285770,0.04621887
2024-04-29 12:54:45.301390,-0.2925262
2024-04-29 12:54:45.317020,-0.5992279
2024-04-29 12:54:45.332650,-0.8262634
2024-04-29 12:54:45.348270,-0.960083
2024-04-29 12:54:45.363900,-1.028107
2024-04-29 12:54:45.379520,-1.108536
2024-04-29 12:54:45.395150,-1.268814
2024-04-29 12:54:45.410770,-1.535919
2024-04-29 12:54:45.426400,-1.871521
2024-04-29 12:54:45.442030,-2.16951
2024-04-29 12:54:45.457650,-2.329117
2024-04-29 12:54:45.473280,-2.298203
2024-04-29 12:54:45.488900,-2.118088
2024-04-29 12:54:45.504530,-1.89505
2024-04-29 12:54:45.520150,-1.758942
2024-04-29 12:54:45.535780,-1.803085
2024-04-29 12:54:45.551410,-2.031601
2024-04-29 12:54:45.567030,-2.355179
2024-04-29 12:54:45.582660,-2.605804
2024-04-29 12:54:45.598280,-2.624954
2024-04-29 12:54:45.613910,-2.284958
2024-04-29 12:54:45.629530,-1.574463
2024-04-29 12:54:45.645160,-0.5856628
2024-04-29 12:54:45.660790,0.502533
2024-04-29 12:54:45.676410,1.482971
2024-04-29 12:54:45.692040,2.174652
2024-04-29 12:54:45.707660,2.459839
2024-04-29 12:54:45.723290,2.330078
2024-04-29 12:54:45.738910,1.874695
2024-04-29 12:54:45.754540,1.303528
2024-04-29 12:54:45.770170,0.8376312
2024-04-29 12:54:45.785790,0.6509399
2024-04-29 12:54:45.801420,0.7902374
2024-04-29 12:54:45.817040,1.14917
2024-04-29 12:54:45.832670,1.525742
2024-04-29 12:54:45.848290,1.714462
2024-04-29 12:54:45.863920,1.605942
2024-04-29 12:54:45.879550,1.235977
2024-04-29 12:54:45.895170,0.7533722
2024-04-29 12:54:45.910800,0.3279877
2024-04-29 12:54:45.926420,0.05769348
2024-04-29 12:54:45.942050,-0.03840637
2024-04-29 12:54:45.957670,-0.01249695
2024-04-29 12:54:45.973300,0.07872009
2024-04-29 12:54:45.988930,0.1831818
2024-04-29 12:54:46.004550,0.2714844
2024-04-29 12:54:46.020180,0.3090057
2024-04-29 12:54:46.035800,0.2588959
2024-04-29 12:54:46.051430,0.08381653
2024-04-29 12:54:46.067050,-0.2236633
2024-04-29 12:54:46.082680,-0.6381378
2024-04-29 12:54:46.098310,-1.120178
2024-04-29 12:54:46.113930,-1.629166
2024-04-29 12:54:46.129560,-2.126053
2024-04-29 12:54:46.145180,-2.549683
2024-04-29 12:54:46.160810,-2.835083
2024-04-29 12:54:46.176430,-2.909286
2024-04-29 12:54:46.192060,-2.752625
2024-04-29 12:54:46.207690,-2.425858
2024-04-29 12:54:46.223310,-2.054871
2024-04-29 12:54:46.238940,-1.777374
2024-04-29 12:54:46.254560,-1.66188
2024-04-29 12:54:46.270190,-1.674133
2024-04-29 12:54:46.285820,-1.712341
2024-04-29 12:54:46.301440,-1.678772
2024-04-29 12:54:46.317070,-1.567993
2024-04-29 12:54:46.332690,-1.478745
2024-04-29 12:54:46.348320,-1.536835
2024-04-29 12:54:46.363940,-1.797333
2024-04-29 12:54:46.379570,-2.178436
2024-04-29 12:54:46.395200,-2.466354
2024-04-29 12:54:46.410820,-2.417862
2024-04-29 12:54:46.426450,-1.90271
2024-04-29 12:54:46.442070,-0.9645233
2024-04-29 12:54:46.457700,0.1856537
2024-04-29 12:54:46.473320,1.262131
2024-04-29 12:54:46.488950,2.028534
2024-04-29 12:54:46.504580,2.391159
2024-04-29 12:54:46.520200,2.403366
2024-04-29 12:54:46.535830,2.197937
2024-04-29 12:54:46.551450,1.929184
2024-04-29 12:54:46.567080,1.685318
2024-04-29 12:54:46.598330,1.26236
2024-04-29 12:54:46.613960,1.000183
2024-04-29 12:54:46.629580,0.6652374
2024-04-29 12:54:46.645210,0.2950287
2024-04-29 12:54:46.660830,-0.04846191
2024-04-29 12:54:46.676460,-0.3106689
2024-04-29 12:54:46.692080,-0.4526825
2024-04-29 12:54:46.707710,-0.4757996
2024-04-29 12:54:46.723340,-0.4128418
2024-04-29 12:54:46.738960,-0.3005829
2024-04-29 12:54:46.754590,-0.1759796
2024-04-29 12:54:46.770210,-0.06347656
2024-04-29 12:54:46.785840,0.03511047
2024-04-29 12:54:46.801460,0.1486511
2024-04-29 12:54:46.817090,0.3334351
2024-04-29 12:54:46.832720,0.6505432
2024-04-29 12:54:46.848340,1.131485
2024-04-29 12:54:46.863970,1.742874
2024-04-29 12:54:46.879590,2.383987
2024-04-29 12:54:46.895220,2.918289
2024-04-29 12:54:46.910840,3.222198
2024-04-29 12:54:46.926470,3.245407
2024-04-29 12:54:46.942100,3.024628
2024-04-29 12:54:46.957720,2.672684
2024-04-29 12:54:46.973350,2.313187
2024-04-29 12:54:46.988970,2.055908
2024-04-29 12:54:47.004600,1.95639
2024-04-29 12:54:47.020220,2.026123
2024-04-29 12:54:47.035850,2.231995
2024-04-29 12:54:47.051480,2.511414
2024-04-29 12:54:47.067100,2.807648
2024-04-29 12:54:47.082730,3.080399
2024-04-29 12:54:47.098350,3.341492
2024-04-29 12:54:47.113980,3.662537
2024-04-29 12:54:47.129600,4.13826
2024-04-29 12:54:47.145230,4.843079
2024-04-29 12:54:47.160860,5.7845
2024-04-29 12:54:47.176480,6.879013
2024-04-29 12:54:47.192110,7.983688
2024-04-29 12:54:47.207730,8.965561
2024-04-29 12:54:47.223360,9.741302
2024-04-29 12:54:47.238980,10.30899
2024-04-29 12:54:47.254610,10.72482
2024-04-29 12:54:47.270240,11.05475
2024-04-29 12:54:47.285860,11.33226
2024-04-29 12:54:47.301490,11.54696
2024-04-29 12:54:47.317110,11.65617
2024-04-29 12:54:47.332740,11.63179
2024-04-29 12:54:47.348360,11.45785
2024-04-29 12:54:47.363990,11.16523
2024-04-29 12:54:47.379620,10.80846
2024-04-29 12:54:47.395240,10.44683
2024-04-29 12:54:47.410870,10.13087
2024-04-29 12:54:47.426490,9.868187
2024-04-29 12:54:47.442120,9.616821
2024-04-29 12:54:47.457740,9.329605
2024-04-29 12:54:47.473370,8.985825
2024-04-29 12:54:47.489000,8.613937
2024-04-29 12:54:47.504620,8.307785
2024-04-29 12:54:47.520250,8.183426
2024-04-29 12:54:47.535870,8.306412
2024-04-29 12:54:47.551500,8.660233
2024-04-29 12:54:47.567120,9.123703
2024-04-29 12:54:47.582750,9.518257
2024-04-29 12:54:47.598380,9.670944
2024-04-29 12:54:47.614000,9.474434
2024-04-29 12:54:47.629630,8.917397
2024-04-29 12:54:47.645250,8.069351
2024-04-29 12:54:47.660880,7.013489
2024-04-29 12:54:47.676500,5.787811
2024-04-29 12:54:47.692130,4.38353
2024-04-29 12:54:47.707760,2.76741
2024-04-29 12:54:47.723380,0.9248352
2024-04-29 12:54:47.739010,-1.087959
2024-04-29 12:54:47.754630,-3.115005
2024-04-29 12:54:47.785880,-6.455971
2024-04-29 12:54:47.801510,-7.513939
2024-04-29 12:54:47.817140,-8.198681
2024-04-29 12:54:47.832760,-8.668175
2024-04-29 12:54:47.848390,-9.105667
2024-04-29 12:54:47.864010,-9.610661
2024-04-29 12:54:47.879640,-10.17836
2024-04-29 12:54:47.895260,-10.72235
2024-04-29 12:54:47.910890,-11.14932
2024-04-29 12:54:47.926520,-11.38314
2024-04-29 12:54:47.942140,-11.43419
2024-04-29 12:54:47.957770,-11.34596
2024-04-29 12:54:47.973390,-11.16824
2024-04-29 12:54:47.989020,-10.95164
2024-04-29 12:54:48.004640,-10.74219
2024-04-29 12:54:48.020270,-10.59897
2024-04-29 12:54:48.035900,-10.59467
2024-04-29 12:54:48.051520,-10.76619
2024-04-29 12:54:48.067150,-11.0705
2024-04-29 12:54:48.082770,-11.39687
2024-04-29 12:54:48.098400,-11.59902
2024-04-29 12:54:48.114020,-11.59371
2024-04-29 12:54:48.129650,-11.39923
2024-04-29 12:54:48.145280,-11.12499
2024-04-29 12:54:48.160900,-10.91329
2024-04-29 12:54:48.176530,-10.84606
2024-04-29 12:54:48.192150,-10.92264
2024-04-29 12:54:48.207780,-11.06189
2024-04-29 12:54:48.223400,-11.17512
2024-04-29 12:54:48.239030,-11.21301
2024-04-29 12:54:48.254660,-11.1801
2024-04-29 12:54:48.270280,-11.11378
2024-04-29 12:54:48.285910,-11.02119
2024-04-29 12:54:48.301530,-10.84951
2024-04-29 12:54:48.317160,-10.49976
2024-04-29 12:54:48.332780,-9.881893
2024-04-29 12:54:48.348410,-8.995101
2024-04-29 12:54:48.364040,-7.962951
2024-04-29 12:54:48.379660,-6.995706
2024-04-29 12:54:48.395290,-6.328218
2024-04-29 12:54:48.410910,-6.114129
2024-04-29 12:54:48.426540,-6.36544
2024-04-29 12:54:48.442160,-6.960793
2024-04-29 12:54:48.457790,-7.710947
2024-04-29 12:54:48.473420,-8.439682
2024-04-29 12:54:48.489040,-9.0337
2024-04-29 12:54:48.504670,-9.436664
2024-04-29 12:54:48.520290,-9.612202
2024-04-29 12:54:48.535920,-9.523705
2024-04-29 12:54:48.551540,-9.153395
2024-04-29 12:54:48.567170,-8.535399
2024-04-29 12:54:48.582800,-7.812948
2024-04-29 12:54:48.598420,-7.182013
2024-04-29 12:54:48.614050,-6.817382
2024-04-29 12:54:48.629670,-6.775507
2024-04-29 12:54:48.645300,-6.95958
2024-04-29 12:54:48.660930,-7.175251
2024-04-29 12:54:48.676550,-7.23255
2024-04-29 12:54:48.692180,-7.04479
2024-04-29 12:54:48.707800,-6.651555
2024-04-29 12:54:48.723430,-6.165551
2024-04-29 12:54:48.739050,-5.680143
2024-04-29 12:54:48.754680,-5.216463
2024-04-29 12:54:48.770310,-4.729242
2024-04-29 12:54:48.785930,-4.166692
2024-04-29 12:54:48.801560,-3.5082
2024-04-29 12:54:48.817180,-2.796389
2024-04-29 12:54:48.848430,-1.390195
2024-04-29 12:54:48.864060,-0.7355642
2024-04-29 12:54:48.879690,-0.1171141
2024-04-29 12:54:48.895310,0.442378
2024-04-29 12:54:48.910940,0.8921585
2024-04-29 12:54:48.926560,1.184332
2024-04-29 12:54:48.942190,1.321045
2024-04-29 12:54:48.957810,1.362896
2024-04-29 12:54:48.973440,1.372133
2024-04-29 12:54:48.989070,1.401945
2024-04-29 12:54:49.004690,1.47874
2024-04-29 12:54:49.020320,1.597042
2024-04-29 12:54:49.035940,1.75517
2024-04-29 12:54:49.051570,1.95624
2024-04-29 12:54:49.067190,2.204304
2024-04-29 12:54:49.082820,2.494347
2024-04-29 12:54:49.098450,2.761814
2024-04-29 12:54:49.114070,2.888976
2024-04-29 12:54:49.129700,2.799747
2024-04-29 12:54:49.145320,2.551251
2024-04-29 12:54:49.160950,2.32535
2024-04-29 12:54:49.176570,2.352764
2024-04-29 12:54:49.192200,2.77276
2024-04-29 12:54:49.207830,3.532366
2024-04-29 12:54:49.223450,4.423061
2024-04-29 12:54:49.239080,5.169321
2024-04-29 12:54:49.254700,5.52001
2024-04-29 12:54:49.270330,5.428949
2024-04-29 12:54:49.285950,5.106068
2024-04-29 12:54:49.301580,4.919363
2024-04-29 12:54:49.317210,5.200645
2024-04-29 12:54:49.332830,6.106743
2024-04-29 12:54:49.348460,7.581259
2024-04-29 12:54:49.364080,9.465509
2024-04-29 12:54:49.379710,11.54709
2024-04-29 12:54:49.395330,13.45342
2024-04-29 12:54:49.410960,14.90616
2024-04-29 12:54:49.426590,15.86955
2024-04-29 12:54:49.442210,16.56319
2024-04-29 12:54:49.457840,17.30124
2024-04-29 12:54:49.473460,18.31914
2024-04-29 12:54:49.489090,19.71566
2024-04-29 12:54:49.504710,21.53704
2024-04-29 12:54:49.520340,23.65094
2024-04-29 12:54:49.535970,25.44545
2024-04-29 12:54:49.551590,26.374
2024-04-29 12:54:49.567220,26.27998
2024-04-29 12:54:49.582840,25.50252
2024-04-29 12:54:49.598470,24.59618
2024-04-29 12:54:49.614090,23.95078
2024-04-29 12:54:49.629720,23.66003
2024-04-29 12:54:49.645350,23.70634
2024-04-29 12:54:49.660970,23.80537
2024-04-29 12:54:49.676600,22.9988
2024-04-29 12:54:49.692220,20.53682
2024-04-29 12:54:49.707850,16.28969
2024-04-29 12:54:49.723470,10.82795
2024-04-29 12:54:49.739100,4.9282
2024-04-29 12:54:49.754730,-0.9686241
2024-04-29 12:54:49.770350,-6.833183
2024-04-29 12:54:49.785980,-12.69815
2024-04-29 12:54:49.801600,-18.9387
2024-04-29 12:54:49.817230,-26.79802
2024-04-29 12:54:49.832850,-37.304
2024-04-29 12:54:49.848480,-50.70567
2024-04-29 12:54:49.864110,-66.24803
2024-04-29 12:54:49.879730,-82.65406
2024-04-29 12:54:49.895360,-98.79815
2024-04-29 12:54:49.910980,-113.9052
2024-04-29 12:54:49.926610,-127.2823
2024-04-29 12:54:49.942230,-132.7449
2024-04-29 12:54:49.957860,-125.7653
2024-04-29 12:54:49.973490,-106.1662
2024-04-29 12:54:49.989110,-78.94319
2024-04-29 12:54:50.004740,-50.5971
2024-04-29 12:54:50.020360,-25.43721
2024-04-29 12:54:50.035990,-4.954327
2024-04-29 12:54:50.051610,9.703182
2024-04-29 12:54:50.067240,20.87354
2024-04-29 12:54:50.082870,30.0848
2024-04-29 12:54:50.098490,37.19339
2024-04-29 12:54:50.114120,41.61893
2024-04-29 12:54:50.129740,43.15331
2024-04-29 12:54:50.145370,42.33324
2024-04-29 12:54:50.160990,40.24292
2024-04-29 12:54:50.176620,37.65862
2024-04-29 12:54:50.192250,35.11652
2024-04-29 12:54:50.207870,33.24744
2024-04-29 12:54:50.223500,32.20806
2024-04-29 12:54:50.239120,31.32782
2024-04-29 12:54:50.254750,29.85914
2024-04-29 12:54:50.270370,27.43933
2024-04-29 12:54:50.286000,24.35493
2024-04-29 12:54:50.301630,21.25113
2024-04-29 12:54:50.317250,18.66343
2024-04-29 12:54:50.332880,16.90937
2024-04-29 12:54:50.348500,16.23781
2024-04-29 12:54:50.364130,16.40762
2024-04-29 12:54:50.379750,16.63756
2024-04-29 12:54:50.395380,16.20208
2024-04-29 12:54:50.411010,14.79011
2024-04-29 12:54:50.426630,12.65313
2024-04-29 12:54:50.442260,10.32779
2024-04-29 12:54:50.457880,8.267815
2024-04-29 12:54:50.473510,6.727375
2024-04-29 12:54:50.489130,5.846237
2024-04-29 12:54:50.504760,5.464947
2024-04-29 12:54:50.520390,5.159695
2024-04-29 12:54:50.536010,4.569519
2024-04-29 12:54:50.551640,3.560223
2024-04-29 12:54:50.567260,2.289169
2024-04-29 12:54:50.582890,1.034813
2024-04-29 12:54:50.598510,0.000705719
2024-04-29 12:54:50.614140,-0.7615738
2024-04-29 12:54:50.629770,-1.311352
2024-04-29 12:54:50.645390,-1.870155
2024-04-29 12:54:50.661020,-2.716251
2024-04-29 12:54:50.676640,-4.000969
2024-04-29 12:54:50.692270,-5.673054
2024-04-29 12:54:50.707890,-7.505672
2024-04-29 12:54:50.723520,-9.190266
2024-04-29 12:54:50.739150,-10.49052
2024-04-29 12:54:50.754770,-11.27793
2024-04-29 12:54:50.770400,-11.5351
2024-04-29 12:54:50.786020,-11.365
2024-04-29 12:54:50.801650,-10.93917
2024-04-29 12:54:50.817270,-10.44803
2024-04-29 12:54:50.832900,-10.06974
2024-04-29 12:54:50.848530,-9.93121
2024-04-29 12:54:50.864150,-10.0637
2024-04-29 12:54:50.879780,-10.3922
2024-04-29 12:54:50.895400,-10.74085
2024-04-29 12:54:50.911030,-10.89423
2024-04-29 12:54:50.926660,-10.66766
2024-04-29 12:54:50.942280,-9.97438
2024-04-29 12:54:50.957910,-8.838577
2024-04-29 12:54:50.973530,-7.376747
2024-04-29 12:54:50.989160,-5.761406
2024-04-29 12:54:51.004780,-4.150867
2024-04-29 12:54:51.020410,-2.643513
2024-04-29 12:54:51.036040,-1.27562
2024-04-29 12:54:51.051660,-0.04177094
2024-04-29 12:54:51.067290,1.073738
2024-04-29 12:54:51.082910,2.03863
2024-04-29 12:54:51.098540,2.784414
2024-04-29 12:54:51.114160,3.244297
2024-04-29 12:54:51.129790,3.375065
2024-04-29 12:54:51.145420,3.20727
2024-04-29 12:54:51.161040,2.829666
2024-04-29 12:54:51.176670,2.35844
2024-04-29 12:54:51.192290,1.900148
2024-04-29 12:54:51.207920,1.52276
2024-04-29 12:54:51.223540,1.261877
2024-04-29 12:54:51.239170,1.132515
2024-04-29 12:54:51.254800,1.15937
2024-04-29 12:54:51.270420,1.348837
2024-04-29 12:54:51.286050,1.708754
2024-04-29 12:54:51.301670,2.239494
2024-04-29 12:54:51.317300,2.910427
2024-04-29 12:54:51.332920,3.66519
2024-04-29 12:54:51.348550,4.41506
2024-04-29 12:54:51.364180,5.026827
2024-04-29 12:54:51.379800,5.351168
2024-04-29 12:54:51.395430,5.292152
2024-04-29 12:54:51.411050,4.824545
2024-04-29 12:54:51.426680,4.032776
2024-04-29 12:54:51.442300,3.062248
2024-04-29 12:54:51.457930,2.038652
2024-04-29 12:54:51.473560,0.9906502
2024-04-29 12:54:51.489180,-0.1755219
2024-04-29 12:54:51.504810,-1.623796
2024-04-29 12:54:51.520430,-3.480534
2024-04-29 12:54:51.536060,-5.738903
2024-04-29 12:54:51.551680,-8.237785
2024-04-29 12:54:51.567310,-10.69516
2024-04-29 12:54:51.582940,-12.82042
2024-04-29 12:54:51.598560,-14.39969
2024-04-29 12:54:51.614190,-15.33319
2024-04-29 12:54:51.629810,-15.61982
2024-04-29 12:54:51.645440,-15.34002
2024-04-29 12:54:51.661060,-14.63158
2024-04-29 12:54:51.676690,-13.67463
2024-04-29 12:54:51.692320,-12.65882
2024-04-29 12:54:51.707940,-11.74032
2024-04-29 12:54:51.723570,-10.98942
2024-04-29 12:54:51.739190,-10.39545
2024-04-29 12:54:51.754820,-9.856516
2024-04-29 12:54:51.770440,-9.246674
2024-04-29 12:54:51.786070,-8.480846
2024-04-29 12:54:51.801700,-7.555612
2024-04-29 12:54:51.817320,-6.569339
2024-04-29 12:54:51.832950,-5.673099
2024-04-29 12:54:51.848570,-5.003684
2024-04-29 12:54:51.864200,-4.644826
2024-04-29 12:54:51.879820,-4.613756
2024-04-29 12:54:51.895450,-4.869321
2024-04-29 12:54:51.911080,-5.334179
2024-04-29 12:54:51.926700,-5.935958
2024-04-29 12:54:51.942330,-6.584902
2024-04-29 12:54:51.957950,-7.21454
2024-04-29 12:54:51.973580,-7.770664
2024-04-29 12:54:51.989200,-8.235442
2024-04-29 12:54:52.004830,-8.608551
2024-04-29 12:54:52.020460,-8.888828
2024-04-29 12:54:52.036080,-9.07527
2024-04-29 12:54:52.051710,-9.145674
2024-04-29 12:54:52.067330,-9.08918
2024-04-29 12:54:52.082960,-8.919628
2024-04-29 12:54:52.098580,-8.692371
2024-04-29 12:54:52.114210,-8.493164
2024-04-29 12:54:52.129840,-8.397812
2024-04-29 12:54:52.145460,-8.419441
2024-04-29 12:54:52.161090,-8.479248
2024-04-29 12:54:52.176710,-8.459229
2024-04-29 12:54:52.192340,-8.233776
2024-04-29 12:54:52.207960,-7.766502
2024-04-29 12:54:52.223590,-7.092266
2024-04-29 12:54:52.239220,-6.310791
2024-04-29 12:54:52.254840,-5.478603
2024-04-29 12:54:52.270470,-4.566792
2024-04-29 12:54:52.286090,-3.457397
2024-04-29 12:54:52.301720,-2.004292
2024-04-29 12:54:52.317340,-0.1307106
2024-04-29 12:54:52.332970,2.120399
2024-04-29 12:54:52.348600,4.587597
2024-04-29 12:54:52.364220,7.06546
2024-04-29 12:54:52.379850,9.377769
2024-04-29 12:54:52.395470,11.44691
2024-04-29 12:54:52.411100,13.29342
2024-04-29 12:54:52.426720,14.99537
2024-04-29 12:54:52.442350,16.62621
2024-04-29 12:54:52.457980,18.17812
2024-04-29 12:54:52.473600,19.55635
2024-04-29 12:54:52.489230,20.58445
2024-04-29 12:54:52.504850,21.09974
2024-04-29 12:54:52.520480,21.03219
2024-04-29 12:54:52.536100,20.43424
2024-04-29 12:54:52.551730,19.46387
2024-04-29 12:54:52.567360,18.32326
2024-04-29 12:54:52.582980,17.2074
2024-04-29 12:54:52.598610,16.21688
2024-04-29 12:54:52.614230,15.36751
2024-04-29 12:54:52.629860,14.62104
2024-04-29 12:54:52.645480,13.96987
2024-04-29 12:54:52.661110,13.4724
2024-04-29 12:54:52.676740,13.25562
2024-04-29 12:54:52.692360,13.44248
2024-04-29 12:54:52.707990,14.09448
2024-04-29 12:54:52.723610,15.18726
2024-04-29 12:54:52.739240,16.64365
2024-04-29 12:54:52.754860,18.34937
2024-04-29 12:54:52.770490,20.18917
2024-04-29 12:54:52.786120,22.00282
2024-04-29 12:54:52.801740,23.52142
2024-04-29 12:54:52.817370,24.36028
2024-04-29 12:54:52.832990,24.10522
2024-04-29 12:54:52.848620,22.46034
2024-04-29 12:54:52.864240,19.41151
2024-04-29 12:54:52.879870,15.29643
2024-04-29 12:54:52.895500,10.73716
2024-04-29 12:54:52.911120,6.429626
2024-04-29 12:54:52.926750,2.923561
2024-04-29 12:54:52.942370,0.4584885
2024-04-29 12:54:52.958000,-1.049011
2024-04-29 12:54:52.973620,-1.899445
2024-04-29 12:54:52.989250,-2.457123
2024-04-29 12:54:53.004880,-3.02343
2024-04-29 12:54:53.020500,-3.761162
2024-04-29 12:54:53.036130,-4.671661
2024-04-29 12:54:53.051750,-5.642136
2024-04-29 12:54:53.067380,-6.519012
2024-04-29 12:54:53.083000,-7.152878
2024-04-29 12:54:53.098630,-7.478928
2024-04-29 12:54:53.114260,-7.482384
2024-04-29 12:54:53.129880,-7.186729
2024-04-29 12:54:53.145510,-6.611534
2024-04-29 12:54:53.161130,-5.757942
2024-04-29 12:54:53.176760,-4.636826
2024-04-29 12:54:53.192380,-3.3274
2024-04-29 12:54:53.208010,-1.999001
2024-04-29 12:54:53.223640,-0.9154205
2024-04-29 12:54:53.239260,-0.3330841
2024-04-29 12:54:53.254890,-0.4341278
2024-04-29 12:54:53.270510,-1.237358
2024-04-29 12:54:53.286140,-2.604362
2024-04-29 12:54:53.301760,-4.303497
2024-04-29 12:54:53.317390,-6.08947
2024-04-29 12:54:53.333020,-7.792755
2024-04-29 12:54:53.348640,-9.314537
2024-04-29 12:54:53.364270,-10.64139
2024-04-29 12:54:53.379890,-11.78427
2024-04-29 12:54:53.395520,-12.76084
2024-04-29 12:54:53.411140,-13.57228
2024-04-29 12:54:53.426770,-14.17764
2024-04-29 12:54:53.442400,-14.49937
2024-04-29 12:54:53.458020,-14.44299
2024-04-29 12:54:53.473650,-13.95143
2024-04-29 12:54:53.489270,-13.02707
2024-04-29 12:54:53.504900,-11.77532
2024-04-29 12:54:53.520530,-10.37913
2024-04-29 12:54:53.536150,-9.088684
2024-04-29 12:54:53.551780,-8.145493
2024-04-29 12:54:53.567400,-7.730568
2024-04-29 12:54:53.583030,-7.936485
2024-04-29 12:54:53.598650,-8.747467
2024-04-29 12:54:53.614280,-10.02779
2024-04-29 12:54:53.629910,-11.52715
2024-04-29 12:54:53.645530,-12.93477
2024-04-29 12:54:53.661160,-13.91872
2024-04-29 12:54:53.676780,-14.2296
2024-04-29 12:54:53.692410,-13.77046
2024-04-29 12:54:53.708030,-12.59761
2024-04-29 12:54:53.723660,-10.86755
2024-04-29 12:54:53.739290,-8.702057
2024-04-29 12:54:53.754910,-6.143692
2024-04-29 12:54:53.770540,-3.148529
2024-04-29 12:54:53.786160,0.3085938
2024-04-29 12:54:53.801790,4.102409
2024-04-29 12:54:53.817410,7.926125
2024-04-29 12:54:53.833040,11.32585
2024-04-29 12:54:53.848670,13.86153
2024-04-29 12:54:53.864290,15.23336
2024-04-29 12:54:53.879920,15.39877
2024-04-29 12:54:53.895540,14.54681
2024-04-29 12:54:53.911170,12.99275
2024-04-29 12:54:53.926790,11.06798
2024-04-29 12:54:53.942420,9.025864
2024-04-29 12:54:53.958050,7.021317
2024-04-29 12:54:53.973670,5.122147
2024-04-29 12:54:53.989300,3.370987
2024-04-29 12:54:54.004920,1.824829
2024-04-29 12:54:54.020550,0.6063232
2024-04-29 12:54:54.036170,-0.1390076
2024-04-29 12:54:54.051800,-0.3072662
2024-04-29 12:54:54.067430,0.06469727
2024-04-29 12:54:54.083050,0.7476196
2024-04-29 12:54:54.098680,1.360275
2024-04-29 12:54:54.114300,1.533661
2024-04-29 12:54:54.129930,1.074051
2024-04-29 12:54:54.145550,0.04878235
2024-04-29 12:54:54.161180,-1.248993
2024-04-29 12:54:54.176810,-2.456543
2024-04-29 12:54:54.192430,-3.312012
2024-04-29 12:54:54.208060,-3.752701
2024-04-29 12:54:54.223680,-3.888718
2024-04-29 12:54:54.239310,-3.87059
2024-04-29 12:54:54.254930,-3.795212
2024-04-29 12:54:54.270560,-3.661591
2024-04-29 12:54:54.286190,-3.455505
2024-04-29 12:54:54.301810,-3.213272
2024-04-29 12:54:54.317440,-3.030624
2024-04-29 12:54:54.333060,-2.982803
2024-04-29 12:54:54.348690,-2.999924
2024-04-29 12:54:54.364310,-2.84996
2024-04-29 12:54:54.379940,-2.209381
2024-04-29 12:54:54.395570,-0.8592834
2024-04-29 12:54:54.411190,1.180908
2024-04-29 12:54:54.426820,3.605164
2024-04-29 12:54:54.442440,5.948959
2024-04-29 12:54:54.458070,7.815308
2024-04-29 12:54:54.473690,9.032898
2024-04-29 12:54:54.489320,9.71225
2024-04-29 12:54:54.504950,10.11469
2024-04-29 12:54:54.520570,10.46997
2024-04-29 12:54:54.536200,10.84187
2024-04-29 12:54:54.551820,11.14687
2024-04-29 12:54:54.567450,11.25777
2024-04-29 12:54:54.583070,11.13463
2024-04-29 12:54:54.598700,10.87737
2024-04-29 12:54:54.614330,10.65468
2024-04-29 12:54:54.629950,10.60567
2024-04-29 12:54:54.645580,10.7318
2024-04-29 12:54:54.661200,10.8972
2024-04-29 12:54:54.676830,10.90607
2024-04-29 12:54:54.692450,10.61809
2024-04-29 12:54:54.708080,10.01691
2024-04-29 12:54:54.723710,9.201309
2024-04-29 12:54:54.739330,8.33432
2024-04-29 12:54:54.754960,7.541214
2024-04-29 12:54:54.770580,6.888367
2024-04-29 12:54:54.786210,6.374435
2024-04-29 12:54:54.801830,5.964142
2024-04-29 12:54:54.817460,5.618469
2024-04-29 12:54:54.833090,5.318863
2024-04-29 12:54:54.848710,5.042709
2024-04-29 12:54:54.864340,4.783585
2024-04-29 12:54:54.879960,4.531418
2024-04-29 12:54:54.895590,4.269241
2024-04-29 12:54:54.911210,3.992676
2024-04-29 12:54:54.926840,3.721649
2024-04-29 12:54:54.942470,3.48526
2024-04-29 12:54:54.958090,3.325577
2024-04-29 12:54:54.973720,3.264099
2024-04-29 12:54:54.989340,3.261566
2024-04-29 12:54:55.004970,3.250244
2024-04-29 12:54:55.020590,3.127899
2024-04-29 12:54:55.036220,2.799667
2024-04-29 12:54:55.051850,2.212173
2024-04-29 12:54:55.067470,1.35907
2024-04-29 12:54:55.083100,0.2537384
2024-04-29 12:54:55.098720,-1.052185
2024-04-29 12:54:55.114350,-2.519821
2024-04-29 12:54:55.129970,-4.117599
2024-04-29 12:54:55.145600,-5.820877
2024-04-29 12:54:55.161230,-7.603851
2024-04-29 12:54:55.176850,-9.41893
2024-04-29 12:54:55.192480,-11.17468
2024-04-29 12:54:55.208100,-12.69525
2024-04-29 12:54:55.223730,-13.74591
2024-04-29 12:54:55.239350,-14.06436
2024-04-29 12:54:55.254980,-13.42741
2024-04-29 12:54:55.270610,-11.75018
2024-04-29 12:54:55.286230,-9.131287
2024-04-29 12:54:55.301860,-5.833054
2024-04-29 12:54:55.317480,-2.204636
2024-04-29 12:54:55.333110,1.422684
2024-04-29 12:54:55.348730,4.79924
2024-04-29 12:54:55.364360,7.767212
2024-04-29 12:54:55.379990,10.2337
2024-04-29 12:54:55.395610,12.10551
2024-04-29 12:54:55.411240,13.29025
2024-04-29 12:54:55.426860,13.7184
2024-04-29 12:54:55.442490,13.38306
2024-04-29 12:54:55.458110,12.37878
2024-04-29 12:54:55.473740,10.91702
2024-04-29 12:54:55.489370,9.263184
2024-04-29 12:54:55.504990,7.698608
2024-04-29 12:54:55.520620,6.433792
2024-04-29 12:54:55.536240,5.579788
2024-04-29 12:54:55.551870,5.141068
2024-04-29 12:54:55.567490,5.021927
2024-04-29 12:54:55.583120,5.045944
2024-04-29 12:54:55.598750,5.032059
2024-04-29 12:54:55.614370,4.854675
2024-04-29 12:54:55.630000,4.493271
2024-04-29 12:54:55.645620,4.024536
2024-04-29 12:54:55.661250,3.587906
2024-04-29 12:54:55.676870,3.298492
2024-04-29 12:54:55.692500,3.181259
2024-04-29 12:54:55.708130,3.169891
2024-04-29 12:54:55.723750,3.142944
2024-04-29 12:54:55.739380,2.988022
2024-04-29 12:54:55.755000,2.684036
2024-04-29 12:54:55.770630,2.289505
2024-04-29 12:54:55.786260,1.89151
2024-04-29 12:54:55.801880,1.535126
2024-04-29 12:54:55.817510,1.184174
2024-04-29 12:54:55.833130,0.7561798
2024-04-29 12:54:55.848760,0.1845856
2024-04-29 12:54:55.864380,-0.5233307
2024-04-29 12:54:55.880010,-1.26622
2024-04-29 12:54:55.895640,-1.917816
2024-04-29 12:54:55.911260,-2.3992
2024-04-29 12:54:55.926890,-2.721298
2024-04-29 12:54:55.942510,-2.978806
2024-04-29 12:54:55.958140,-3.287674
2024-04-29 12:54:55.973760,-3.717133
2024-04-29 12:54:55.989390,-4.261093
2024-04-29 12:54:56.005020,-4.835144
2024-04-29 12:54:56.020640,-5.348587
2024-04-29 12:54:56.036270,-5.73378
2024-04-29 12:54:56.051890,-5.969376
2024-04-29 12:54:56.067520,-6.081802
2024-04-29 12:54:56.083140,-6.121994
2024-04-29 12:54:56.098770,-6.15303
2024-04-29 12:54:56.114400,-6.235474
2024-04-29 12:54:56.130020,-6.408951
2024-04-29 12:54:56.145650,-6.680191
2024-04-29 12:54:56.161270,-7.011444
2024-04-29 12:54:56.176900,-7.320267
2024-04-29 12:54:56.192520,-7.485168
2024-04-29 12:54:56.208150,-7.363953
2024-04-29 12:54:56.223780,-6.832382
2024-04-29 12:54:56.239400,-5.819946
2024-04-29 12:54:56.255030,-4.346375
2024-04-29 12:54:56.270650,-2.535049
2024-04-29 12:54:56.286280,-0.5941162
2024-04-29 12:54:56.301900,1.241806
2024-04-29 12:54:56.317530,2.765198
2024-04-29 12:54:56.333160,3.859192
2024-04-29 12:54:56.348780,4.502411
2024-04-29 12:54:56.364410,4.75148
2024-04-29 12:54:56.380030,4.700867
2024-04-29 12:54:56.395660,4.457993
2024-04-29 12:54:56.411280,4.135956
2024-04-29 12:54:56.426910,3.84465
2024-04-29 12:54:56.442540,3.682495
2024-04-29 12:54:56.458160,3.709854
2024-04-29 12:54:56.473790,3.930725
2024-04-29 12:54:56.489410,4.272507
2024-04-29 12:54:56.505040,4.634109
2024-04-29 12:54:56.520660,4.922379
2024-04-29 12:54:56.536290,5.083405
2024-04-29 12:54:56.551920,5.111618
2024-04-29 12:54:56.567540,5.024078
2024-04-29 12:54:56.583170,4.83902
2024-04-29 12:54:56.598790,4.562332
2024-04-29 12:54:56.614420,4.22113
2024-04-29 12:54:56.630040,3.857208
2024-04-29 12:54:56.645670,3.537125
2024-04-29 12:54:56.661300,3.307602
2024-04-29 12:54:56.676920,3.173874
2024-04-29 12:54:56.692550,3.098969
2024-04-29 12:54:56.708170,3.021362
2024-04-29 12:54:56.723800,2.885773
2024-04-29 12:54:56.739420,2.663666
2024-04-29 12:54:56.755050,2.343445
2024-04-29 12:54:56.770680,1.915344
2024-04-29 12:54:56.786300,1.360413
2024-04-29 12:54:56.801930,0.6712341
2024-04-29 12:54:56.817550,-0.1189728
2024-04-29 12:54:56.833180,-0.9256897
2024-04-29 12:54:56.848800,-1.632156
2024-04-29 12:54:56.864430,-2.142471
2024-04-29 12:54:56.880060,-2.446503
2024-04-29 12:54:56.895680,-2.616608
2024-04-29 12:54:56.911310,-2.755264
2024-04-29 12:54:56.926930,-2.931229
2024-04-29 12:54:56.942560,-3.136902
2024-04-29 12:54:56.958180,-3.32016
2024-04-29 12:54:56.973810,-3.434784
2024-04-29 12:54:56.989440,-3.481537
2024-04-29 12:54:57.005060,-3.512344
2024-04-29 12:54:57.020690,-3.582306
2024-04-29 12:54:57.036310,-3.708633
2024-04-29 12:54:57.051940,-3.855148
2024-04-29 12:54:57.067560,-3.952026
2024-04-29 12:54:57.083190,-3.961624
2024-04-29 12:54:57.098820,-3.901199
2024-04-29 12:54:57.114440,-3.86058
2024-04-29 12:54:57.130070,-3.927094
2024-04-29 12:54:57.145690,-4.129654
2024-04-29 12:54:57.161320,-4.388077
2024-04-29 12:54:57.176940,-4.525299
2024-04-29 12:54:57.192570,-4.336884
2024-04-29 12:54:57.208200,-3.688843
2024-04-29 12:54:57.223820,-2.599091
2024-04-29 12:54:57.239450,-1.23465
2024-04-29 12:54:57.255070,0.1416779
2024-04-29 12:54:57.270700,1.31105
2024-04-29 12:54:57.286320,2.190857
2024-04-29 12:54:57.301950,2.848557
2024-04-29 12:54:57.317580,3.431595
2024-04-29 12:54:57.333200,4.033127
2024-04-29 12:54:57.348830,4.611023
2024-04-29 12:54:57.364450,5.032303
2024-04-29 12:54:57.380080,5.163605
2024-04-29 12:54:57.395700,4.987549
2024-04-29 12:54:57.411330,4.669907
2024-04-29 12:54:57.426960,4.466949
2024-04-29 12:54:57.442580,4.605652
2024-04-29 12:54:57.458210,5.152069
2024-04-29 12:54:57.473830,5.988327
2024-04-29 12:54:57.489460,6.888062
2024-04-29 12:54:57.505080,7.65213
2024-04-29 12:54:57.520710,8.210663
2024-04-29 12:54:57.536340,8.634644
2024-04-29 12:54:57.551960,9.065079
2024-04-29 12:54:57.567590,9.600586
2024-04-29 12:54:57.583210,10.23462
2024-04-29 12:54:57.598840,10.84198
2024-04-29 12:54:57.614460,11.23717
2024-04-29 12:54:57.630090,11.2778
2024-04-29 12:54:57.645720,10.93323
2024-04-29 12:54:57.661340,10.30078
2024-04-29 12:54:57.676970,9.553024
2024-04-29 12:54:57.692590,8.860428
2024-04-29 12:54:57.708220,8.317383
2024-04-29 12:54:57.723840,7.930725
2024-04-29 12:54:57.739470,7.636002
2024-04-29 12:54:57.755100,7.342529
2024-04-29 12:54:57.770720,6.967789
2024-04-29 12:54:57.786350,6.455887
2024-04-29 12:54:57.801970,5.74791
2024-04-29 12:54:57.817600,4.79715
2024-04-29 12:54:57.833220,3.597321
2024-04-29 12:54:57.848850,2.209442
2024-04-29 12:54:57.864480,0.8103943
2024-04-29 12:54:57.880100,-0.3593597
2024-04-29 12:54:57.895730,-1.119217
2024-04-29 12:54:57.911350,-1.419205
2024-04-29 12:54:57.926980,-1.390366
2024-04-29 12:54:57.942610,-1.294373
2024-04-29 12:54:57.958230,-1.420792
2024-04-29 12:54:57.973860,-1.959793
2024-04-29 12:54:57.989480,-2.934036
2024-04-29 12:54:58.005110,-4.165527
2024-04-29 12:54:58.020730,-5.343086
2024-04-29 12:54:58.036360,-6.104248
2024-04-29 12:54:58.051990,-6.112572
2024-04-29 12:54:58.067610,-5.134018
2024-04-29 12:54:58.083240,-3.042198
2024-04-29 12:54:58.098860,0.1358566
2024-04-29 12:54:58.114490,4.259163
2024-04-29 12:54:58.130110,9.080109
2024-04-29 12:54:58.145740,14.29365
2024-04-29 12:54:58.161370,19.6147
2024-04-29 12:54:58.176990,24.8051
2024-04-29 12:54:58.192620,29.70065
2024-04-29 12:54:58.208240,34.20071
2024-04-29 12:54:58.223870,38.28276
2024-04-29 12:54:58.239490,41.98377
2024-04-29 12:54:58.255120,45.41273
2024-04-29 12:54:58.270750,48.7029
2024-04-29 12:54:58.286370,51.96245
2024-04-29 12:54:58.302000,55.19667
2024-04-29 12:54:58.317620,58.28054
2024-04-29 12:54:58.333250,60.97753
2024-04-29 12:54:58.348870,62.98815
2024-04-29 12:54:58.364500,64.08972
2024-04-29 12:54:58.380130,64.25031
2024-04-29 12:54:58.395750,63.73958
2024-04-29 12:54:58.411380,63.07335
2024-04-29 12:54:58.427000,62.87009
2024-04-29 12:54:58.442630,63.59861
2024-04-29 12:54:58.458250,65.32664
2024-04-29 12:54:58.473880,67.494
2024-04-29 12:54:58.489510,68.88109
2024-04-29 12:54:58.505130,67.82394
2024-04-29 12:54:58.520760,62.59535
2024-04-29 12:54:58.536380,52.00425
2024-04-29 12:54:58.552010,35.87747
2024-04-29 12:54:58.567630,15.35648
2024-04-29 12:54:58.583260,-7.190817
2024-04-29 12:54:58.598890,-28.66561
2024-04-29 12:54:58.614510,-45.98489
2024-04-29 12:54:58.630140,-56.89372
2024-04-29 12:54:58.645760,-60.50963
2024-04-29 12:54:58.661390,-57.52208
2024-04-29 12:54:58.677010,-49.85708
2024-04-29 12:54:58.692640,-40.06438
2024-04-29 12:54:58.708270,-30.57475
2024-04-29 12:54:58.723890,-23.07723
2024-04-29 12:54:58.739520,-18.251
2024-04-29 12:54:58.755140,-15.89606
2024-04-29 12:54:58.770770,-15.3377
2024-04-29 12:54:58.786390,-15.89812
2024-04-29 12:54:58.802020,-17.22567
2024-04-29 12:54:58.817650,-19.31362
2024-04-29 12:54:58.833270,-22.28229
2024-04-29 12:54:58.848900,-26.10257
2024-04-29 12:54:58.864520,-30.42426
2024-04-29 12:54:58.880150,-34.66469
2024-04-29 12:54:58.895770,-38.19284
2024-04-29 12:54:58.911400,-40.53542
2024-04-29 12:54:58.927030,-41.45491
2024-04-29 12:54:58.942650,-40.89381
2024-04-29 12:54:58.958280,-38.84766
2024-04-29 12:54:58.973900,-35.37436
2024-04-29 12:54:58.989530,-30.63031
2024-04-29 12:54:59.005150,-24.98862
2024-04-29 12:54:59.020780,-19.09242
2024-04-29 12:54:59.036410,-13.70152
2024-04-29 12:54:59.052030,-9.446228
2024-04-29 12:54:59.067660,-6.619385
2024-04-29 12:54:59.083280,-5.14859
2024-04-29 12:54:59.098910,-4.741608
2024-04-29 12:54:59.114530,-5.145874
2024-04-29 12:54:59.130160,-6.352112
2024-04-29 12:54:59.145790,-8.58522
2024-04-29 12:54:59.161410,-12.15222
2024-04-29 12:54:59.177040,-17.15663
2024-04-29 12:54:59.192660,-23.31783
2024-04-29 12:54:59.208290,-29.961
2024-04-29 12:54:59.223910,-36.1824
2024-04-29 12:54:59.239540,-41.10577
2024-04-29 12:54:59.255170,-44.09492
2024-04-29 12:54:59.270790,-44.84612
2024-04-29 12:54:59.286420,-43.36703
2024-04-29 12:54:59.302040,-39.91608
2024-04-29 12:54:59.317670,-34.92093
2024-04-29 12:54:59.333290,-28.95035
2024-04-29 12:54:59.348920,-22.61464
2024-04-29 12:54:59.364550,-16.48915
2024-04-29 12:54:59.380170,-11.00128
2024-04-29 12:54:59.395800,-6.343567
2024-04-29 12:54:59.411420,-2.482361
2024-04-29 12:54:59.427050,0.7834778
2024-04-29 12:54:59.442670,3.705139
2024-04-29 12:54:59.458300,6.46106
2024-04-29 12:54:59.473930,9.068787
2024-04-29 12:54:59.489550,11.3822
2024-04-29 12:54:59.505180,13.164
2024-04-29 12:54:59.520800,14.2038
2024-04-29 12:54:59.536430,14.47302
2024-04-29 12:54:59.552050,14.16702
2024-04-29 12:54:59.567680,13.681
2024-04-29 12:54:59.583310,13.44629
2024-04-29 12:54:59.598930,13.75311
2024-04-29 12:54:59.614560,14.63907
2024-04-29 12:54:59.630180,15.88776
2024-04-29 12:54:59.645810,17.16794
2024-04-29 12:54:59.661430,18.25189
2024-04-29 12:54:59.677060,19.14011
2024-04-29 12:54:59.692690,20.03162
2024-04-29 12:54:59.708310,21.1669
2024-04-29 12:54:59.723940,22.62317
2024-04-29 12:54:59.739560,24.22675
2024-04-29 12:54:59.755190,25.65366
2024-04-29 12:54:59.770810,26.65201
2024-04-29 12:54:59.786440,27.2821
2024-04-29 12:54:59.802070,27.94006
2024-04-29 12:54:59.817690,29.1926
2024-04-29 12:54:59.833320,31.48438
2024-04-29 12:54:59.848940,34.87997
2024-04-29 12:54:59.864570,39.00412
2024-04-29 12:54:59.880190,43.16336
2024-04-29 12:54:59.895820,46.61685
2024-04-29 12:54:59.911450,48.75635
2024-04-29 12:54:59.927070,49.1969
2024-04-29 12:54:59.942700,47.7041
2024-04-29 12:54:59.958320,44.14053
2024-04-29 12:54:59.973950,38.46753
2024-04-29 12:54:59.989570,30.84277
2024-04-29 12:55:00.005200,21.68393
2024-04-29 12:55:00.020830,11.65518
2024-04-29 12:55:00.036450,1.541779
2024-04-29 12:55:00.052080,-8.004272
2024-04-29 12:55:00.067700,-16.57834
2024-04-29 12:55:00.083330,-24.04355
2024-04-29 12:55:00.098950,-30.43509
2024-04-29 12:55:00.114580,-35.81839
2024-04-29 12:55:00.130210,-40.26593
2024-04-29 12:55:00.145830,-43.89139
2024-04-29 12:55:00.161460,-46.8685
2024-04-29 12:55:00.177080,-49.41409
2024-04-29 12:55:00.192710,-51.71616
2024-04-29 12:55:00.208330,-53.84888
2024-04-29 12:55:00.223960,-55.79047
2024-04-29 12:55:00.239590,-57.51511
2024-04-29 12:55:00.255210,-59.10962
2024-04-29 12:55:00.270840,-60.84912
2024-04-29 12:55:00.286460,-63.11459
2024-04-29 12:55:00.302090,-66.24359
2024-04-29 12:55:00.317710,-70.36142
2024-04-29 12:55:00.333340,-75.33307
2024-04-29 12:55:00.348970,-80.83466
2024-04-29 12:55:00.364590,-86.43927
2024-04-29 12:55:00.380220,-91.70673
2024-04-29 12:55:00.395840,-96.14111
2024-04-29 12:55:00.411470,-99.16141
2024-04-29 12:55:00.427090,-100.1012
2024-04-29 12:55:00.442720,-98.37915
2024-04-29 12:55:00.458350,-93.72153
2024-04-29 12:55:00.473970,-86.36823
2024-04-29 12:55:00.489600,-77.06534
2024-04-29 12:55:00.505220,-66.8891
2024-04-29 12:55:00.520850,-56.92648
2024-04-29 12:55:00.536470,-47.97449
2024-04-29 12:55:00.552100,-40.43188
2024-04-29 12:55:00.567730,-34.28958
2024-04-29 12:55:00.583350,-29.28314
2024-04-29 12:55:00.598980,-25.0163
2024-04-29 12:55:00.614600,-21.02707
2024-04-29 12:55:00.630230,-16.84052
2024-04-29 12:55:00.645860,-12.04468
2024-04-29 12:55:00.661480,-6.432465
2024-04-29 12:55:00.677110,-0.1103821
2024-04-29 12:55:00.692730,6.480042
2024-04-29 12:55:00.708360,12.69809
2024-04-29 12:55:00.723980,17.89474
2024-04-29 12:55:00.739610,21.59366
2024-04-29 12:55:00.755240,23.57748
2024-04-29 12:55:00.770860,23.86163
2024-04-29 12:55:00.786490,22.63348
2024-04-29 12:55:00.802110,20.22275
2024-04-29 12:55:00.817740,17.0762
2024-04-29 12:55:00.833360,13.77744
2024-04-29 12:55:00.848990,10.91852
2024-04-29 12:55:00.864620,8.985596
2024-04-29 12:55:00.880240,8.216095
2024-04-29 12:55:00.895870,8.537537
2024-04-29 12:55:00.911490,9.621429
2024-04-29 12:55:00.927120,11.01611
2024-04-29 12:55:00.942740,12.26782
2024-04-29 12:55:00.958370,12.99478
2024-04-29 12:55:00.974000,12.91595
2024-04-29 12:55:00.989620,11.86362
2024-04-29 12:55:01.005250,9.804474
2024-04-29 12:55:01.020870,6.848053
2024-04-29 12:55:01.036500,3.275116
2024-04-29 12:55:01.052120,-0.5093079
2024-04-29 12:55:01.067750,-4.047821
2024-04-29 12:55:01.083380,-6.920288
2024-04-29 12:55:01.099000,-8.847626
2024-04-29 12:55:01.114630,-9.740082
2024-04-29 12:55:01.130250,-9.74234
2024-04-29 12:55:01.145880,-9.169464
2024-04-29 12:55:01.161500,-8.456146
2024-04-29 12:55:01.177130,-8.027039
2024-04-29 12:55:01.192760,-8.199585
2024-04-29 12:55:01.208380,-9.08017
2024-04-29 12:55:01.224010,-10.53131
2024-04-29 12:55:01.239630,-12.22885
2024-04-29 12:55:01.255260,-13.78052
2024-04-29 12:55:01.270880,-14.87814
2024-04-29 12:55:01.286510,-15.40714
2024-04-29 12:55:01.302140,-15.48752
2024-04-29 12:55:01.317760,-15.37393
2024-04-29 12:55:01.333390,-15.31439
2024-04-29 12:55:01.349010,-15.42294
2024-04-29 12:55:01.364640,-15.59741
2024-04-29 12:55:01.380260,-15.55545
2024-04-29 12:55:01.395890,-14.93127
2024-04-29 12:55:01.411520,-13.41281
2024-04-29 12:55:01.427140,-10.83127
2024-04-29 12:55:01.442770,-7.203278
2024-04-29 12:55:01.458390,-2.722961
2024-04-29 12:55:01.474020,2.24707
2024-04-29 12:55:01.489640,7.234467
2024-04-29 12:55:01.505270,11.74707
2024-04-29 12:55:01.520900,15.37048
2024-04-29 12:55:01.536520,17.88675
2024-04-29 12:55:01.552150,19.32217
2024-04-29 12:55:01.567770,19.92676
2024-04-29 12:55:01.583400,20.06171
2024-04-29 12:55:01.599020,20.09689
2024-04-29 12:55:01.614650,20.30029
2024-04-29 12:55:01.630280,20.80701
2024-04-29 12:55:01.645900,21.64426
2024-04-29 12:55:01.661530,22.75522
2024-04-29 12:55:01.677150,24.06143
2024-04-29 12:55:01.692780,25.47078
2024-04-29 12:55:01.708400,26.90727
2024-04-29 12:55:01.724030,28.31506
2024-04-29 12:55:01.739660,29.66301
2024-04-29 12:55:01.755280,30.93291
2024-04-29 12:55:01.770910,32.10393
2024-04-29 12:55:01.786530,33.14658
2024-04-29 12:55:01.802160,33.98848
2024-04-29 12:55:01.817780,34.53311
2024-04-29 12:55:01.833410,34.65535
2024-04-29 12:55:01.849040,34.2083
2024-04-29 12:55:01.864660,33.04466
2024-04-29 12:55:01.880290,31.04442
2024-04-29 12:55:01.895910,28.15948
2024-04-29 12:55:01.911540,24.45393
2024-04-29 12:55:01.927160,20.10553
2024-04-29 12:55:01.942790,15.37494
2024-04-29 12:55:01.958420,10.543
2024-04-29 12:55:01.974040,5.859512
2024-04-29 12:55:01.989670,1.497742
2024-04-29 12:55:02.005290,-2.421692
2024-04-29 12:55:02.020920,-5.857422
2024-04-29 12:55:02.036540,-8.814484
2024-04-29 12:55:02.052170,-11.35294
2024-04-29 12:55:02.067800,-13.57373
2024-04-29 12:55:02.083420,-15.5937
2024-04-29 12:55:02.099050,-17.51015
2024-04-29 12:55:02.114670,-19.40184
2024-04-29 12:55:02.130300,-21.32578
2024-04-29 12:55:02.145920,-23.34047
2024-04-29 12:55:02.161550,-25.49965
2024-04-29 12:55:02.177180,-27.76509
2024-04-29 12:55:02.192800,-29.93092
2024-04-29 12:55:02.208430,-31.5831
2024-04-29 12:55:02.224050,-32.17474
2024-04-29 12:55:02.239680,-31.22594
2024-04-29 12:55:02.255300,-28.52968
2024-04-29 12:55:02.270930,-24.28041
2024-04-29 12:55:02.286560,-19.00806
2024-04-29 12:55:02.302180,-13.3829
2024-04-29 12:55:02.317810,-7.962219
2024-04-29 12:55:02.333430,-3.055374
2024-04-29 12:55:02.349060,1.261261
2024-04-29 12:55:02.364680,5.009308
2024-04-29 12:55:02.380310,8.173904
2024-04-29 12:55:02.395940,10.65952
2024-04-29 12:55:02.411560,12.34875
2024-04-29 12:55:02.427190,13.20726
2024-04-29 12:55:02.442810,13.35612
2024-04-29 12:55:02.458440,13.04901
2024-04-29 12:55:02.474060,12.58321
2024-04-29 12:55:02.489690,12.20358
2024-04-29 12:55:02.505320,12.04442
2024-04-29 12:55:02.520940,12.11278
2024-04-29 12:55:02.536570,12.3403
2024-04-29 12:55:02.552190,12.63025
2024-04-29 12:55:02.567820,12.89191
2024-04-29 12:55:02.583440,13.05875
2024-04-29 12:55:02.599070,13.09384
2024-04-29 12:55:02.614700,12.97469
2024-04-29 12:55:02.630320,12.67765
2024-04-29 12:55:02.645950,12.18745
2024-04-29 12:55:02.661570,11.50468
2024-04-29 12:55:02.677200,10.65271
2024-04-29 12:55:02.692820,9.693977
2024-04-29 12:55:02.708450,8.694893
2024-04-29 12:55:02.724080,7.695236
2024-04-29 12:55:02.739700,6.679512
2024-04-29 12:55:02.755330,5.57238
2024-04-29 12:55:02.770950,4.267273
2024-04-29 12:55:02.786580,2.691994
2024-04-29 12:55:02.802210,0.8491821
2024-04-29 12:55:02.817830,-1.164108
2024-04-29 12:55:02.833460,-3.197861
2024-04-29 12:55:02.849080,-5.109352
2024-04-29 12:55:02.864710,-6.816231
2024-04-29 12:55:02.880330,-8.320236
2024-04-29 12:55:02.895960,-9.676872
2024-04-29 12:55:02.911590,-10.96336
2024-04-29 12:55:02.927210,-12.22044
2024-04-29 12:55:02.942840,-13.42886
2024-04-29 12:55:02.958460,-14.47845
2024-04-29 12:55:02.974090,-15.17707
2024-04-29 12:55:02.989710,-15.27681
2024-04-29 12:55:03.005340,-14.51556
2024-04-29 12:55:03.020970,-12.74223
2024-04-29 12:55:03.036590,-9.968681
2024-04-29 12:55:03.052220,-6.382172
2024-04-29 12:55:03.067840,-2.305954
2024-04-29 12:55:03.083470,1.884205
2024-04-29 12:55:03.099090,5.858814
2024-04-29 12:55:03.114720,9.4072
2024-04-29 12:55:03.130350,12.43656
2024-04-29 12:55:03.145970,14.95005
2024-04-29 12:55:03.161600,16.95558
2024-04-29 12:55:03.177220,18.43945
2024-04-29 12:55:03.192850,19.34762
2024-04-29 12:55:03.208470,19.64843
2024-04-29 12:55:03.224100,19.39352
2024-04-29 12:55:03.239730,18.74955
2024-04-29 12:55:03.255350,17.98311
2024-04-29 12:55:03.270980,17.36098
2024-04-29 12:55:03.286600,17.07551
2024-04-29 12:55:03.302230,17.14912
2024-04-29 12:55:03.317850,17.46813
2024-04-29 12:55:03.333480,17.82369
2024-04-29 12:55:03.349110,18.02634
2024-04-29 12:55:03.364730,17.9571
2024-04-29 12:55:03.380360,17.58371
2024-04-29 12:55:03.395980,16.9335
2024-04-29 12:55:03.411610,16.04232
2024-04-29 12:55:03.427230,14.94796
2024-04-29 12:55:03.442860,13.70409
2024-04-29 12:55:03.458490,12.38425
2024-04-29 12:55:03.474110,11.077
2024-04-29 12:55:03.489740,9.839085
2024-04-29 12:55:03.505360,8.658953
2024-04-29 12:55:03.520990,7.437775
2024-04-29 12:55:03.536610,6.045517
2024-04-29 12:55:03.552240,4.381748
2024-04-29 12:55:03.567870,2.466791
2024-04-29 12:55:03.583490,0.4485798
2024-04-29 12:55:03.599120,-1.453285
2024-04-29 12:55:03.614740,-3.041424
2024-04-29 12:55:03.630370,-4.227451
2024-04-29 12:55:03.645990,-5.072104
2024-04-29 12:55:03.661620,-5.776283
2024-04-29 12:55:03.677250,-6.577099
2024-04-29 12:55:03.692870,-7.703663
2024-04-29 12:55:03.708500,-9.291142
2024-04-29 12:55:03.724120,-11.33847
2024-04-29 12:55:03.739750,-13.69353
2024-04-29 12:55:03.755370,-16.06918
2024-04-29 12:55:03.771000,-18.06731
2024-04-29 12:55:03.786630,-19.25721
2024-04-29 12:55:03.802250,-19.28555
2024-04-29 12:55:03.817880,-17.94267
2024-04-29 12:55:03.833500,-15.26337
2024-04-29 12:55:03.849130,-11.47672
2024-04-29 12:55:03.864750,-6.985718
2024-04-29 12:55:03.880380,-2.261614
2024-04-29 12:55:03.896010,2.225871
2024-04-29 12:55:03.911630,6.088943
2024-04-29 12:55:03.927260,9.07399
2024-04-29 12:55:03.942880,11.09437
2024-04-29 12:55:03.958510,12.2569
2024-04-29 12:55:03.974130,12.79809
2024-04-29 12:55:03.989760,13.00224
2024-04-29 12:55:04.005390,13.10342
2024-04-29 12:55:04.021010,13.21994
2024-04-29 12:55:04.036640,13.34834
2024-04-29 12:55:04.052260,13.41287
2024-04-29 12:55:04.067890,13.34099
2024-04-29 12:55:04.083510,13.09616
2024-04-29 12:55:04.099140,12.7119
2024-04-29 12:55:04.114770,12.25877
2024-04-29 12:55:04.130390,11.81822
2024-04-29 12:55:04.146020,11.43065
2024-04-29 12:55:04.161640,11.1001
2024-04-29 12:55:04.177270,10.79003
2024-04-29 12:55:04.192890,10.45035
2024-04-29 12:55:04.208520,10.01284
2024-04-29 12:55:04.224150,9.40406
2024-04-29 12:55:04.239770,8.531807
2024-04-29 12:55:04.255400,7.298599
2024-04-29 12:55:04.271020,5.635945
2024-04-29 12:55:04.286650,3.548045
2024-04-29 12:55:04.302270,1.157002
2024-04-29 12:55:04.317900,-1.313148
2024-04-29 12:55:04.333530,-3.595696
2024-04-29 12:55:04.349150,-5.465886
2024-04-29 12:55:04.364780,-6.827063
2024-04-29 12:55:04.380400,-7.734459
2024-04-29 12:55:04.396030,-8.345544
2024-04-29 12:55:04.411650,-8.814572
2024-04-29 12:55:04.427280,-9.237698
2024-04-29 12:55:04.442910,-9.607682
2024-04-29 12:55:04.458530,-9.876903
2024-04-29 12:55:04.474160,-9.999864
2024-04-29 12:55:04.489780,-10.00133
2024-04-29 12:55:04.505410,-9.970062
2024-04-29 12:55:04.521030,-10.03432
2024-04-29 12:55:04.536660,-10.31976
2024-04-29 12:55:04.552290,-10.89025
2024-04-29 12:55:04.567910,-11.70134
2024-04-29 12:55:04.583540,-12.57582
2024-04-29 12:55:04.599160,-13.21801
2024-04-29 12:55:04.614790,-13.26466
2024-04-29 12:55:04.630410,-12.37142
2024-04-29 12:55:04.646040,-10.33221
2024-04-29 12:55:04.661670,-7.151899
2024-04-29 12:55:04.677290,-3.088526
2024-04-29 12:55:04.692920,1.42886
2024-04-29 12:55:04.708540,5.93202
2024-04-29 12:55:04.724170,10.06957
2024-04-29 12:55:04.739790,13.66315
2024-04-29 12:55:04.755420,16.68543
2024-04-29 12:55:04.771050,19.16373
2024-04-29 12:55:04.786670,21.06979
2024-04-29 12:55:04.802300,22.33153
2024-04-29 12:55:04.817920,22.89295
2024-04-29 12:55:04.833550,22.82498
2024-04-29 12:55:04.849170,22.36293
2024-04-29 12:55:04.864800,21.83868
2024-04-29 12:55:04.880430,21.52836
2024-04-29 12:55:04.896050,21.53172
2024-04-29 12:55:04.911680,21.75307
2024-04-29 12:55:04.927300,21.95888
2024-04-29 12:55:04.942930,21.9282
2024-04-29 12:55:04.958550,21.5606
2024-04-29 12:55:04.974180,20.89735
2024-04-29 12:55:04.989810,20.05569
2024-04-29 12:55:05.005430,19.15594
2024-04-29 12:55:05.021060,18.24491
2024-04-29 12:55:05.036680,17.29008
2024-04-29 12:55:05.052310,16.21383
2024-04-29 12:55:05.067930,14.93274
2024-04-29 12:55:05.083560,13.40197
2024-04-29 12:55:05.099190,11.64949
2024-04-29 12:55:05.114810,9.769488
2024-04-29 12:55:05.130440,7.911746
2024-04-29 12:55:05.146060,6.22594
2024-04-29 12:55:05.161690,4.78659
2024-04-29 12:55:05.177320,3.541011
2024-04-29 12:55:05.192940,2.3381
2024-04-29 12:55:05.208570,0.9807386
2024-04-29 12:55:05.224190,-0.6592646
2024-04-29 12:55:05.239820,-2.589593
2024-04-29 12:55:05.255440,-4.702076
2024-04-29 12:55:05.271070,-6.828589
2024-04-29 12:55:05.286700,-8.825233
2024-04-29 12:55:05.302320,-10.61884
2024-04-29 12:55:05.317950,-12.21146
2024-04-29 12:55:05.333570,-13.68638
2024-04-29 12:55:05.349200,-15.16827
2024-04-29 12:55:05.364820,-16.77687
2024-04-29 12:55:05.380450,-18.57372
2024-04-29 12:55:05.396080,-20.50283
2024-04-29 12:55:05.411700,-22.35264
2024-04-29 12:55:05.427330,-23.79759
2024-04-29 12:55:05.442950,-24.48294
2024-04-29 12:55:05.458580,-24.13365
2024-04-29 12:55:05.474200,-22.64772
2024-04-29 12:55:05.489830,-20.15752
2024-04-29 12:55:05.505460,-16.95539
2024-04-29 12:55:05.521080,-13.42357
2024-04-29 12:55:05.536710,-9.933668
2024-04-29 12:55:05.552330,-6.766473
2024-04-29 12:55:05.567960,-4.109947
2024-04-29 12:55:05.583580,-2.065997
2024-04-29 12:55:05.599210,-0.6886921
2024-04-29 12:55:05.614840,0.03741074
2024-04-29 12:55:05.630460,0.1713943
2024-04-29 12:55:05.646090,-0.1015453
2024-04-29 12:55:05.661710,-0.5301018
2024-04-29 12:55:05.677340,-0.8302355
2024-04-29 12:55:05.692960,-0.7540264
2024-04-29 12:55:05.708590,-0.2064161
2024-04-29 12:55:05.724220,0.7375326
2024-04-29 12:55:05.739840,1.848492
2024-04-29 12:55:05.755470,2.850452
2024-04-29 12:55:05.771090,3.548831
2024-04-29 12:55:05.786720,3.919618
2024-04-29 12:55:05.802340,4.055336
2024-04-29 12:55:05.817970,4.116313
2024-04-29 12:55:05.833600,4.199941
2024-04-29 12:55:05.849220,4.304388
2024-04-29 12:55:05.864850,4.347803
2024-04-29 12:55:05.880470,4.251887
2024-04-29 12:55:05.896100,4.003506
2024-04-29 12:55:05.911720,3.65176
2024-04-29 12:55:05.927350,3.278682
2024-04-29 12:55:05.942980,2.912648
2024-04-29 12:55:05.958600,2.512169
2024-04-29 12:55:05.974230,1.980092
2024-04-29 12:55:05.989850,1.196863
2024-04-29 12:55:06.005480,0.1083612
2024-04-29 12:55:06.021100,-1.263519
2024-04-29 12:55:06.036730,-2.79892
2024-04-29 12:55:06.052360,-4.347783
2024-04-29 12:55:06.067980,-5.757172
2024-04-29 12:55:06.083610,-6.937013
2024-04-29 12:55:06.099230,-7.890562
2024-04-29 12:55:06.114860,-8.677007
2024-04-29 12:55:06.130480,-9.393488
2024-04-29 12:55:06.146110,-10.10928
2024-04-29 12:55:06.161740,-10.87236
2024-04-29 12:55:06.177360,-11.69174
2024-04-29 12:55:06.192990,-12.56647
2024-04-29 12:55:06.208610,-13.46869
2024-04-29 12:55:06.224240,-14.32218
2024-04-29 12:55:06.239860,-14.94778
2024-04-29 12:55:06.255490,-15.06346
2024-04-29 12:55:06.271120,-14.34396
2024-04-29 12:55:06.286740,-12.54492
2024-04-29 12:55:06.302370,-9.647287
2024-04-29 12:55:06.317990,-5.911161
2024-04-29 12:55:06.333620,-1.80446
2024-04-29 12:55:06.349240,2.179034
2024-04-29 12:55:06.364870,5.668019
2024-04-29 12:55:06.380500,8.493904
2024-04-29 12:55:06.396120,10.65936
2024-04-29 12:55:06.411750,12.20474
2024-04-29 12:55:06.427370,13.139
2024-04-29 12:55:06.443000,13.42605
2024-04-29 12:55:06.458620,13.06407
2024-04-29 12:55:06.474250,12.17151
2024-04-29 12:55:06.489880,10.99111
2024-04-29 12:55:06.505500,9.831476
2024-04-29 12:55:06.521130,8.947822
2024-04-29 12:55:06.536750,8.459992
2024-04-29 12:55:06.552380,8.332769
2024-04-29 12:55:06.568000,8.422015
2024-04-29 12:55:06.583630,8.561087
2024-04-29 12:55:06.599260,8.605026
2024-04-29 12:55:06.614880,8.46398
2024-04-29 12:55:06.630510,8.084964
2024-04-29 12:55:06.646130,7.462994
2024-04-29 12:55:06.661760,6.623095
2024-04-29 12:55:06.677380,5.616018
2024-04-29 12:55:06.693010,4.527837
2024-04-29 12:55:06.708640,3.424413
2024-04-29 12:55:06.724260,2.334754
2024-04-29 12:55:06.739890,1.249723
2024-04-29 12:55:06.755510,0.1367311
2024-04-29 12:55:06.771140,-1.035012
2024-04-29 12:55:06.786760,-2.273349
2024-04-29 12:55:06.802390,-3.556308
2024-04-29 12:55:06.818020,-4.861225
2024-04-29 12:55:06.833640,-6.177421
2024-04-29 12:55:06.849270,-7.49861
2024-04-29 12:55:06.864890,-8.813692
2024-04-29 12:55:06.880520,-10.10929
2024-04-29 12:55:06.896140,-11.34226
2024-04-29 12:55:06.911770,-12.46642
2024-04-29 12:55:06.927400,-13.45683
2024-04-29 12:55:06.943020,-14.32878
2024-04-29 12:55:06.958650,-15.18399
2024-04-29 12:55:06.974270,-16.16197
2024-04-29 12:55:06.989900,-17.37521
2024-04-29 12:55:07.005520,-18.77515
2024-04-29 12:55:07.021150,-20.0675
2024-04-29 12:55:07.036780,-20.75921
2024-04-29 12:55:07.052400,-20.31071
2024-04-29 12:55:07.068030,-18.39158
2024-04-29 12:55:07.083650,-15.03587
2024-04-29 12:55:07.099280,-10.68489
2024-04-29 12:55:07.114900,-5.991077
2024-04-29 12:55:07.130530,-1.572459
2024-04-29 12:55:07.146160,2.19351
2024-04-29 12:55:07.161780,5.223931
2024-04-29 12:55:07.177410,7.611054
2024-04-29 12:55:07.193030,9.446659
2024-04-29 12:55:07.208660,10.73705
2024-04-29 12:55:07.224280,11.42012
2024-04-29 12:55:07.239910,11.47534
2024-04-29 12:55:07.255540,11.0465
2024-04-29 12:55:07.271160,10.417
2024-04-29 12:55:07.286790,9.921425
2024-04-29 12:55:07.302410,9.805547
2024-04-29 12:55:07.318040,10.11027
2024-04-29 12:55:07.333660,10.69306
2024-04-29 12:55:07.349290,11.32244
2024-04-29 12:55:07.364920,11.81816
2024-04-29 12:55:07.380540,12.12059
2024-04-29 12:55:07.396170,12.30673
2024-04-29 12:55:07.411790,12.52902
2024-04-29 12:55:07.427420,12.89135
2024-04-29 12:55:07.443040,13.38554
2024-04-29 12:55:07.458670,13.87558
2024-04-29 12:55:07.474300,14.14443
2024-04-29 12:55:07.489920,13.99845
2024-04-29 12:55:07.505550,13.35218
2024-04-29 12:55:07.521170,12.26961
2024-04-29 12:55:07.536800,10.92902
2024-04-29 12:55:07.552420,9.558097
2024-04-29 12:55:07.568050,8.325031
2024-04-29 12:55:07.583680,7.274139
2024-04-29 12:55:07.599300,6.320034
2024-04-29 12:55:07.614930,5.282842
2024-04-29 12:55:07.630550,3.991725
2024-04-29 12:55:07.646180,2.36603
2024-04-29 12:55:07.661810,0.4445655
2024-04-29 12:55:07.677430,-1.614449
2024-04-29 12:55:07.693060,-3.622559
2024-04-29 12:55:07.708680,-5.4321
2024-04-29 12:55:07.724310,-6.987921
2024-04-29 12:55:07.739930,-8.340756
2024-04-29 12:55:07.755560,-9.59458
2024-04-29 12:55:07.771190,-10.86056
2024-04-29 12:55:07.786810,-12.19413
2024-04-29 12:55:07.802440,-13.51244
2024-04-29 12:55:07.818060,-14.59725
2024-04-29 12:55:07.833690,-15.10079
2024-04-29 12:55:07.849310,-14.65069
2024-04-29 12:55:07.864940,-12.98839
2024-04-29 12:55:07.880570,-10.09174
2024-04-29 12:55:07.896190,-6.229427
2024-04-29 12:55:07.911820,-1.901414
2024-04-29 12:55:07.927440,2.326405
2024-04-29 12:55:07.943070,5.984007
2024-04-29 12:55:07.958690,8.820801
2024-04-29 12:55:07.974320,10.8244
2024-04-29 12:55:07.989950,12.13886
2024-04-29 12:55:08.005570,12.94561
2024-04-29 12:55:08.021200,13.38068
2024-04-29 12:55:08.036820,13.50837
2024-04-29 12:55:08.052450,13.35062
2024-04-29 12:55:08.068070,12.91886
2024-04-29 12:55:08.083700,12.24796
2024-04-29 12:55:08.099330,11.39151
2024-04-29 12:55:08.114950,10.41148
2024-04-29 12:55:08.130580,9.357776
2024-04-29 12:55:08.146200,8.286452
2024-04-29 12:55:08.161830,7.247248
2024-04-29 12:55:08.177450,6.304583
2024-04-29 12:55:08.193080,5.509654
2024-04-29 12:55:08.208710,4.888735
2024-04-29 12:55:08.224330,4.414697
2024-04-29 12:55:08.239960,3.996564
2024-04-29 12:55:08.255580,3.519971
2024-04-29 12:55:08.271210,2.879019
2024-04-29 12:55:08.286830,2.029939
2024-04-29 12:55:08.302460,1.01106
2024-04-29 12:55:08.318090,-0.08947372
2024-04-29 12:55:08.333710,-1.194308
2024-04-29 12:55:08.349340,-2.278678
2024-04-29 12:55:08.364960,-3.38677
2024-04-29 12:55:08.380590,-4.61818
2024-04-29 12:55:08.396210,-6.053267
2024-04-29 12:55:08.411840,-7.726851
2024-04-29 12:55:08.427470,-9.605274
2024-04-29 12:55:08.443090,-11.61286
2024-04-29 12:55:08.458720,-13.63356
2024-04-29 12:55:08.474340,-15.54289
2024-04-29 12:55:08.489970,-17.23272
2024-04-29 12:55:08.505590,-18.6219
2024-04-29 12:55:08.521220,-19.70224
2024-04-29 12:55:08.536850,-20.54764
2024-04-29 12:55:08.552470,-21.30244
2024-04-29 12:55:08.568100,-22.15994
2024-04-29 12:55:08.583720,-23.25616
2024-04-29 12:55:08.599350,-24.5673
2024-04-29 12:55:08.614970,-25.84879
2024-04-29 12:55:08.630600,-26.65064
2024-04-29 12:55:08.646230,-26.43706
2024-04-29 12:55:08.661850,-24.79075
2024-04-29 12:55:08.677480,-21.57388
2024-04-29 12:55:08.693100,-17.00728
2024-04-29 12:55:08.708730,-11.62247
2024-04-29 12:55:08.724350,-6.100756
2024-04-29 12:55:08.739980,-1.062706
2024-04-29 12:55:08.755610,3.057721
2024-04-29 12:55:08.771230,6.072701
2024-04-29 12:55:08.786860,8.008333
2024-04-29 12:55:08.802480,9.012442
2024-04-29 12:55:08.818110,9.28026
2024-04-29 12:55:08.833730,9.016942
2024-04-29 12:55:08.849360,8.400636
2024-04-29 12:55:08.864990,7.620932
2024-04-29 12:55:08.880610,6.83407
2024-04-29 12:55:08.896240,6.177414
2024-04-29 12:55:08.911860,5.725246
2024-04-29 12:55:08.927490,5.489161
2024-04-29 12:55:08.943110,5.397892
2024-04-29 12:55:08.958740,5.325349
2024-04-29 12:55:08.974370,5.11354
2024-04-29 12:55:08.989990,4.609385
2024-04-29 12:55:09.005620,3.735852
2024-04-29 12:55:09.021240,2.488914
2024-04-29 12:55:09.036870,0.9383494
2024-04-29 12:55:09.052490,-0.801455
2024-04-29 12:55:09.068120,-2.63591
2024-04-29 12:55:09.083750,-4.490809
2024-04-29 12:55:09.099370,-6.320138
2024-04-29 12:55:09.115000,-8.073038
2024-04-29 12:55:09.130620,-9.700291
2024-04-29 12:55:09.146250,-11.15706
2024-04-29 12:55:09.161870,-12.42081
2024-04-29 12:55:09.177500,-13.51259
2024-04-29 12:55:09.193130,-14.49604
2024-04-29 12:55:09.208750,-15.4443
2024-04-29 12:55:09.224380,-16.44536
2024-04-29 12:55:09.240000,-17.53335
2024-04-29 12:55:09.255630,-18.69603
2024-04-29 12:55:09.271250,-19.88017
2024-04-29 12:55:09.286880,-21.00635
2024-04-29 12:55:09.302510,-22.02025
2024-04-29 12:55:09.318130,-22.91102
2024-04-29 12:55:09.333760,-23.69945
2024-04-29 12:55:09.349380,-24.39929
2024-04-29 12:55:09.365010,-24.91143
2024-04-29 12:55:09.380630,-25.00066
2024-04-29 12:55:09.396260,-24.2527
2024-04-29 12:55:09.411890,-22.17266
2024-04-29 12:55:09.427510,-18.36408
2024-04-29 12:55:09.443140,-12.71812
2024-04-29 12:55:09.458760,-5.521523
2024-04-29 12:55:09.474390,2.576443
2024-04-29 12:55:09.490010,10.74229
2024-04-29 12:55:09.505640,18.18612
2024-04-29 12:55:09.521270,24.32241
2024-04-29 12:55:09.536890,28.84131
2024-04-29 12:55:09.552520,31.68398
2024-04-29 12:55:09.568140,32.92882
2024-04-29 12:55:09.583770,32.73626
2024-04-29 12:55:09.599390,31.29945
2024-04-29 12:55:09.615020,28.86604
2024-04-29 12:55:09.630650,25.70588
2024-04-29 12:55:09.646270,22.02916
2024-04-29 12:55:09.661900,17.94793
2024-04-29 12:55:09.677520,13.47163
2024-04-29 12:55:09.693150,8.658539
2024-04-29 12:55:09.708770,3.751762
2024-04-29 12:55:09.724400,-0.7388687
2024-04-29 12:55:09.740030,-4.141846
2024-04-29 12:55:09.755650,-5.850906
2024-04-29 12:55:09.771280,-5.648804
2024-04-29 12:55:09.786900,-3.862366
2024-04-29 12:55:09.802530,-1.308563
2024-04-29 12:55:09.818150,0.9614792
2024-04-29 12:55:09.833780,1.969437
2024-04-29 12:55:09.849410,1.058342
2024-04-29 12:55:09.865030,-2.012772
2024-04-29 12:55:09.880660,-7.127174
2024-04-29 12:55:09.896280,-13.88421
2024-04-29 12:55:09.911910,-21.70762
2024-04-29 12:55:09.927540,-29.89554
2024-04-29 12:55:09.943160,-37.65987
2024-04-29 12:55:09.958790,-44.19453
2024-04-29 12:55:09.974410,-48.81231
2024-04-29 12:55:09.990040,-51.0667
2024-04-29 12:55:10.005660,-50.81287
2024-04-29 12:55:10.021290,-48.25764
2024-04-29 12:55:10.036920,-43.84554
2024-04-29 12:55:10.052540,-38.10751
2024-04-29 12:55:10.068170,-31.47211
2024-04-29 12:55:10.083790,-24.20487
2024-04-29 12:55:10.099420,-16.47211
2024-04-29 12:55:10.115040,-8.404488
2024-04-29 12:55:10.130670,-0.1702576
2024-04-29 12:55:10.146300,7.982407
2024-04-29 12:55:10.161920,15.72292
2024-04-29 12:55:10.177550,22.71181
2024-04-29 12:55:10.193170,28.70139
2024-04-29 12:55:10.208800,33.62535
2024-04-29 12:55:10.224420,37.56621
2024-04-29 12:55:10.240050,40.65694
2024-04-29 12:55:10.255680,43.01729
2024-04-29 12:55:10.271300,44.72516
2024-04-29 12:55:10.286930,45.88397
2024-04-29 12:55:10.302550,46.57071
2024-04-29 12:55:10.318180,46.85381
2024-04-29 12:55:10.333800,46.74034
2024-04-29 12:55:10.349430,46.24803
2024-04-29 12:55:10.365060,45.28822
2024-04-29 12:55:10.380680,43.67213
2024-04-29 12:55:10.396310,41.22162
2024-04-29 12:55:10.411930,37.88895
2024-04-29 12:55:10.427560,34.01878
2024-04-29 12:55:10.443180,30.05983
2024-04-29 12:55:10.458810,26.45239
2024-04-29 12:55:10.474440,23.39093
2024-04-29 12:55:10.490060,21.00311
2024-04-29 12:55:10.505690,19.19679
2024-04-29 12:55:10.521310,17.73373
2024-04-29 12:55:10.536940,16.36263
2024-04-29 12:55:10.552560,14.94666
2024-04-29 12:55:10.568190,13.85507
2024-04-29 12:55:10.583820,13.45154
2024-04-29 12:55:10.599440,14.00043
2024-04-29 12:55:10.615070,15.52797
2024-04-29 12:55:10.630690,18.39001
2024-04-29 12:55:10.646320,22.89911
2024-04-29 12:55:10.661940,29.1541
2024-04-29 12:55:10.677570,36.84505
2024-04-29 12:55:10.693200,45.26894
2024-04-29 12:55:10.708820,53.89655
2024-04-29 12:55:10.724450,61.77084
2024-04-29 12:55:10.740070,67.68996
2024-04-29 12:55:10.755700,70.35629
2024-04-29 12:55:10.771320,69.54303
2024-04-29 12:55:10.786950,65.66333
2024-04-29 12:55:10.802580,59.5563
2024-04-29 12:55:10.818200,52.14917
2024-04-29 12:55:10.833830,44.31041
2024-04-29 12:55:10.849450,37.31795
2024-04-29 12:55:10.865080,31.6344
2024-04-29 12:55:10.880700,26.75887
2024-04-29 12:55:10.896330,21.25542
2024-04-29 12:55:10.911960,14.35509
2024-04-29 12:55:10.927580,5.805283
2024-04-29 12:55:10.943210,-3.944885
2024-04-29 12:55:10.958830,-13.85499
2024-04-29 12:55:10.974460,-26.42356
2024-04-29 12:55:10.990080,-40.91041
2024-04-29 12:55:11.005710,-54.54327
2024-04-29 12:55:11.021340,-62.40992
2024-04-29 12:55:11.036960,-65.52882
2024-04-29 12:55:11.052590,-65.51794
2024-04-29 12:55:11.068210,-63.97675
2024-04-29 12:55:11.083840,-61.09695
2024-04-29 12:55:11.099460,-56.60265
2024-04-29 12:55:11.115090,-50.3432
2024-04-29 12:55:11.130720,-42.08056
2024-04-29 12:55:11.146340,-32.5993
2024-04-29 12:55:11.161970,-23.4419
2024-04-29 12:55:11.177590,-16.50344
2024-04-29 12:55:11.193220,-12.31177
2024-04-29 12:55:11.208840,-10.49414
2024-04-29 12:55:11.224470,-10.06635
2024-04-29 12:55:11.240100,-10.00903
2024-04-29 12:55:11.255720,-9.595444
2024-04-29 12:55:11.271350,-8.067867
2024-04-29 12:55:11.286970,-5.447433
2024-04-29 12:55:11.302600,-2.385914
2024-04-29 12:55:11.318220,0.02314758
2024-04-29 12:55:11.333850,1.4538
2024-04-29 12:55:11.349480,1.977276
2024-04-29 12:55:11.365100,1.85413
2024-04-29 12:55:11.380730,1.218491
2024-04-29 12:55:11.396350,-0.001693726
2024-04-29 12:55:11.411980,-1.683094
2024-04-29 12:55:11.427600,-3.866562
2024-04-29 12:55:11.443230,-6.601021
2024-04-29 12:55:11.458860,-9.943443
2024-04-29 12:55:11.474480,-13.37601
2024-04-29 12:55:11.490110,-16.25294
2024-04-29 12:55:11.505730,-18.05708
2024-04-29 12:55:11.521360,-18.6372
2024-04-29 12:55:11.536980,-18.13237
2024-04-29 12:55:11.552610,-16.71449
2024-04-29 12:55:11.568240,-14.65915
2024-04-29 12:55:11.583860,-12.27328
2024-04-29 12:55:11.599490,-9.895452
2024-04-29 12:55:11.615110,-7.602373
2024-04-29 12:55:11.630740,-5.387583
2024-04-29 12:55:11.646360,-3.246557
2024-04-29 12:55:11.661990,-1.239536
2024-04-29 12:55:11.677620,0.5142212
2024-04-29 12:55:11.693240,1.96316
2024-04-29 12:55:11.708870,3.022081
2024-04-29 12:55:11.724490,3.603245
2024-04-29 12:55:11.740120,3.643641
2024-04-29 12:55:11.755740,3.211895
2024-04-29 12:55:11.771370,2.483482
2024-04-29 12:55:11.787000,1.692513
2024-04-29 12:55:11.802620,1.084095
2024-04-29 12:55:11.818250,0.835165
2024-04-29 12:55:11.833870,0.9970131
2024-04-29 12:55:11.849500,1.483158
2024-04-29 12:55:11.865120,2.103168
2024-04-29 12:55:11.880750,2.641911
2024-04-29 12:55:11.896380,2.968876
2024-04-29 12:55:11.912000,3.082645
2024-04-29 12:55:11.927630,3.088261
2024-04-29 12:55:11.943250,3.121376
2024-04-29 12:55:11.958880,3.25142
2024-04-29 12:55:11.974500,3.417133
2024-04-29 12:55:11.990130,3.484073
2024-04-29 12:55:12.005760,3.337027
2024-04-29 12:55:12.021380,2.958664
2024-04-29 12:55:12.037010,2.474752
2024-04-29 12:55:12.052630,2.067183
2024-04-29 12:55:12.068260,1.883675
2024-04-29 12:55:12.083880,1.940772
2024-04-29 12:55:12.099510,2.125451
2024-04-29 12:55:12.115140,2.247076
2024-04-29 12:55:12.130760,2.145387
2024-04-29 12:55:12.146390,1.765337
2024-04-29 12:55:12.162010,1.181555
2024-04-29 12:55:12.177640,0.5465412
2024-04-29 12:55:12.193260,0.04606378
2024-04-29 12:55:12.208890,-0.1561452
2024-04-29 12:55:12.224520,0.04936373
2024-04-29 12:55:12.240140,0.7131586
2024-04-29 12:55:12.255770,1.813442
2024-04-29 12:55:12.271390,3.257379
2024-04-29 12:55:12.287020,4.90026
2024-04-29 12:55:12.302640,6.558424
2024-04-29 12:55:12.318270,8.075726
2024-04-29 12:55:12.333900,9.324264
2024-04-29 12:55:12.349520,10.24128
2024-04-29 12:55:12.365150,10.81384
2024-04-29 12:55:12.380770,11.04445
2024-04-29 12:55:12.396400,10.96319
2024-04-29 12:55:12.412020,10.58751
2024-04-29 12:55:12.427650,9.930736
2024-04-29 12:55:12.443280,9.018608
2024-04-29 12:55:12.458900,7.912264
2024-04-29 12:55:12.474530,6.698196
2024-04-29 12:55:12.490150,5.487518
2024-04-29 12:55:12.505780,4.370031
2024-04-29 12:55:12.521400,3.375637
2024-04-29 12:55:12.537030,2.48975
2024-04-29 12:55:12.552660,1.656504
2024-04-29 12:55:12.568280,0.8053875
2024-04-29 12:55:12.583910,-0.0997715
2024-04-29 12:55:12.599530,-1.040909
2024-04-29 12:55:12.615160,-1.95871
2024-04-29 12:55:12.630790,-2.775543
2024-04-29 12:55:12.646410,-3.483147
2024-04-29 12:55:12.662040,-4.148003
2024-04-29 12:55:12.677660,-4.893669
2024-04-29 12:55:12.693290,-5.847786
2024-04-29 12:55:12.708910,-7.069942
2024-04-29 12:55:12.724540,-8.480778
2024-04-29 12:55:12.740170,-9.92308
2024-04-29 12:55:12.755790,-11.21425
2024-04-29 12:55:12.771420,-12.25023
2024-04-29 12:55:12.787040,-13.03708
2024-04-29 12:55:12.802670,-13.69132
2024-04-29 12:55:12.818290,-14.34713
2024-04-29 12:55:12.833920,-15.09615
2024-04-29 12:55:12.849550,-15.95399
2024-04-29 12:55:12.865170,-16.84883
2024-04-29 12:55:12.880800,-17.68267
2024-04-29 12:55:12.896420,-18.31639
2024-04-29 12:55:12.912050,-18.58031
2024-04-29 12:55:12.927670,-18.25598
2024-04-29 12:55:12.943300,-17.11933
2024-04-29 12:55:12.958930,-15.01735
2024-04-29 12:55:12.974550,-11.96497
2024-04-29 12:55:12.990180,-8.217255
2024-04-29 12:55:13.005800,-4.186749
2024-04-29 12:55:13.021430,-0.3808594
2024-04-29 12:55:13.037050,2.795258
2024-04-29 12:55:13.052680,5.109085
2024-04-29 12:55:13.068310,6.537304
2024-04-29 12:55:13.083930,7.204948
2024-04-29 12:55:13.099560,7.303219
2024-04-29 12:55:13.115180,7.02879
2024-04-29 12:55:13.130810,6.544605
2024-04-29 12:55:13.146430,5.978645
2024-04-29 12:55:13.162060,5.418747
2024-04-29 12:55:13.177690,4.912674
2024-04-29 12:55:13.193310,4.467049
2024-04-29 12:55:13.208940,4.042488
2024-04-29 12:55:13.224560,3.58902
2024-04-29 12:55:13.240190,3.046432
2024-04-29 12:55:13.255810,2.392181
2024-04-29 12:55:13.271440,1.630226
2024-04-29 12:55:13.287070,0.8356705
2024-04-29 12:55:13.302690,0.09255981
2024-04-29 12:55:13.318320,-0.5198212
2024-04-29 12:55:13.333940,-0.9824219
2024-04-29 12:55:13.349570,-1.378136
2024-04-29 12:55:13.365190,-1.885956
2024-04-29 12:55:13.380820,-2.71154
2024-04-29 12:55:13.396450,-3.991501
2024-04-29 12:55:13.412070,-5.724594
2024-04-29 12:55:13.427700,-7.726013
2024-04-29 12:55:13.443320,-9.725563
2024-04-29 12:55:13.458950,-11.47475
2024-04-29 12:55:13.474570,-12.85667
2024-04-29 12:55:13.490200,-13.94979
2024-04-29 12:55:13.505830,-14.94368
2024-04-29 12:55:13.521450,-16.02711
2024-04-29 12:55:13.537080,-17.27632
2024-04-29 12:55:13.552700,-18.64436
2024-04-29 12:55:13.568330,-19.99929
2024-04-29 12:55:13.583950,-21.19183
2024-04-29 12:55:13.599580,-22.08353
2024-04-29 12:55:13.615210,-22.52822
2024-04-29 12:55:13.630830,-22.38071
2024-04-29 12:55:13.646460,-21.48879
2024-04-29 12:55:13.662080,-19.75515
2024-04-29 12:55:13.677710,-17.22526
2024-04-29 12:55:13.693330,-14.12156
2024-04-29 12:55:13.708960,-10.79879
2024-04-29 12:55:13.724590,-7.632469
2024-04-29 12:55:13.740210,-4.907997
2024-04-29 12:55:13.755840,-2.73642
2024-04-29 12:55:13.771460,-1.117851
2024-04-29 12:55:13.787090,-5.340576e-05
2024-04-29 12:55:13.802710,0.6343842
2024-04-29 12:55:13.818340,0.7547607
2024-04-29 12:55:13.833970,0.3596878
2024-04-29 12:55:13.849590,-0.4735832
2024-04-29 12:55:13.865220,-1.573273
2024-04-29 12:55:13.880840,-2.733265
2024-04-29 12:55:13.896470,-3.772964
2024-04-29 12:55:13.912090,-4.642647
2024-04-29 12:55:13.927720,-5.390553
2024-04-29 12:55:13.943350,-6.118359
2024-04-29 12:55:13.958970,-6.890755
2024-04-29 12:55:13.974600,-7.664291
2024-04-29 12:55:13.990220,-8.324554
2024-04-29 12:55:14.005850,-8.758728
2024-04-29 12:55:14.021470,-8.952858
2024-04-29 12:55:14.037100,-8.991219
2024-04-29 12:55:14.052730,-9.046391
2024-04-29 12:55:14.068350,-9.291451
2024-04-29 12:55:14.083980,-9.823215
2024-04-29 12:55:14.099600,-10.63106
2024-04-29 12:55:14.115230,-11.58878
2024-04-29 12:55:14.130850,-12.49884
2024-04-29 12:55:14.146480,-13.12207
2024-04-29 12:55:14.162110,-13.21902
2024-04-29 12:55:14.177730,-12.60467
2024-04-29 12:55:14.193360,-11.20517
2024-04-29 12:55:14.208980,-9.103832
2024-04-29 12:55:14.224610,-6.5233
2024-04-29 12:55:14.240230,-3.760418
2024-04-29 12:55:14.255860,-1.036779
2024-04-29 12:55:14.271490,1.581413
2024-04-29 12:55:14.287110,4.230579
2024-04-29 12:55:14.302740,7.159006
2024-04-29 12:55:14.318360,10.59622
2024-04-29 12:55:14.333990,14.58374
2024-04-29 12:55:14.349610,18.93757
2024-04-29 12:55:14.365240,23.2692
2024-04-29 12:55:14.380870,27.11897
2024-04-29 12:55:14.396490,30.11761
2024-04-29 12:55:14.412120,32.075
2024-04-29 12:55:14.427740,33.00682
2024-04-29 12:55:14.443370,33.11766
2024-04-29 12:55:14.458990,32.68692
2024-04-29 12:55:14.474620,31.99453
2024-04-29 12:55:14.490250,31.24686
2024-04-29 12:55:14.505870,30.58197
2024-04-29 12:55:14.521500,30.06078
2024-04-29 12:55:14.537120,29.71928
2024-04-29 12:55:14.552750,29.58048
2024-04-29 12:55:14.568370,29.63023
2024-04-29 12:55:14.584000,29.81165
2024-04-29 12:55:14.599630,29.99867
2024-04-29 12:55:14.615250,30.0133
2024-04-29 12:55:14.630880,29.66571
2024-04-29 12:55:14.646500,28.81399
2024-04-29 12:55:14.662130,27.39698
2024-04-29 12:55:14.677750,25.45203
2024-04-29 12:55:14.693380,23.06413
2024-04-29 12:55:14.709010,20.30401
2024-04-29 12:55:14.724630,17.17162
2024-04-29 12:55:14.740260,13.58446
2024-04-29 12:55:14.755880,9.445069
2024-04-29 12:55:14.771510,4.737112
2024-04-29 12:55:14.787140,-0.3963985
2024-04-29 12:55:14.802760,-5.675765
2024-04-29 12:55:14.818390,-10.74869
2024-04-29 12:55:14.834010,-15.34461
2024-04-29 12:55:14.849640,-19.39985
2024-04-29 12:55:14.865260,-23.08854
2024-04-29 12:55:14.880890,-26.71238
2024-04-29 12:55:14.896520,-30.54797
2024-04-29 12:55:14.912140,-34.6868
2024-04-29 12:55:14.927770,-38.97074
2024-04-29 12:55:14.943390,-42.99791
2024-04-29 12:55:14.959020,-46.21471
2024-04-29 12:55:14.974640,-47.99004
2024-04-29 12:55:14.990270,-47.7704
2024-04-29 12:55:15.005900,-45.17083
2024-04-29 12:55:15.021520,-40.1062
2024-04-29 12:55:15.037150,-32.89061
2024-04-29 12:55:15.052770,-24.2217
2024-04-29 12:55:15.068400,-15.08363
2024-04-29 12:55:15.084020,-6.524685
2024-04-29 12:55:15.099650,0.5201902
2024-04-29 12:55:15.115280,5.382445
2024-04-29 12:55:15.130900,7.707897
2024-04-29 12:55:15.146530,7.486945
2024-04-29 12:55:15.162150,5.058818
2024-04-29 12:55:15.177780,1.056539
2024-04-29 12:55:15.193400,-3.670383
2024-04-29 12:55:15.209030,-8.273776
2024-04-29 12:55:15.224660,-12.09677
2024-04-29 12:55:15.240280,-14.84774
2024-04-29 12:55:15.255910,-16.59156
2024-04-29 12:55:15.271530,-17.59977
2024-04-29 12:55:15.287160,-18.15619
2024-04-29 12:55:15.302780,-18.40903
2024-04-29 12:55:15.318410,-18.37912
2024-04-29 12:55:15.334040,-18.02926
2024-04-29 12:55:15.349660,-17.3735
2024-04-29 12:55:15.365290,-16.495
2024-04-29 12:55:15.380910,-15.48822
2024-04-29 12:55:15.396540,-14.34826
2024-04-29 12:55:15.412160,-12.91631
2024-04-29 12:55:15.427790,-10.95085
2024-04-29 12:55:15.443420,-8.211629
2024-04-29 12:55:15.459040,-4.550401
2024-04-29 12:55:15.474670,0.06153059
2024-04-29 12:55:15.490290,5.532782
2024-04-29 12:55:15.505920,11.66638
2024-04-29 12:55:15.521540,18.14954
2024-04-29 12:55:15.537170,24.58261
2024-04-29 12:55:15.552800,30.52233
2024-04-29 12:55:15.568420,35.54326
2024-04-29 12:55:15.584050,39.36897
2024-04-29 12:55:15.599670,41.93806
2024-04-29 12:55:15.615300,43.40622
2024-04-29 12:55:15.630920,44.06236
2024-04-29 12:55:15.646550,44.20595
2024-04-29 12:55:15.662180,44.04242
2024-04-29 12:55:15.677800,43.6516
2024-04-29 12:55:15.693430,43.06263
2024-04-29 12:55:15.709050,42.2793
2024-04-29 12:55:15.724680,41.36036
2024-04-29 12:55:15.740300,40.38733
2024-04-29 12:55:15.755930,39.41833
2024-04-29 12:55:15.771560,38.47939
2024-04-29 12:55:15.787180,37.5743
2024-04-29 12:55:15.802810,36.71736
2024-04-29 12:55:15.818430,35.89011
2024-04-29 12:55:15.834060,34.96581
2024-04-29 12:55:15.849680,33.61467
2024-04-29 12:55:15.865310,31.36538
2024-04-29 12:55:15.880940,27.74934
2024-04-29 12:55:15.896560,22.54843
2024-04-29 12:55:15.912190,15.97326
2024-04-29 12:55:15.927810,8.676955
2024-04-29 12:55:15.943440,1.511885
2024-04-29 12:55:15.959060,-4.82023
2024-04-29 12:55:15.974690,-10.06361
2024-04-29 12:55:15.990320,-14.47966
2024-04-29 12:55:16.005940,-18.64185
2024-04-29 12:55:16.021570,-23.08706
2024-04-29 12:55:16.037190,-27.99592
2024-04-29 12:55:16.052820,-33.09572
2024-04-29 12:55:16.068440,-37.80991
2024-04-29 12:55:16.084070,-41.54456
2024-04-29 12:55:16.099700,-43.96863
2024-04-29 12:55:16.115320,-45.09221
2024-04-29 12:55:16.130950,-45.22712
2024-04-29 12:55:16.146570,-44.78707
2024-04-29 12:55:16.162200,-44.07524
2024-04-29 12:55:16.177820,-43.23568
2024-04-29 12:55:16.193450,-42.29161
2024-04-29 12:55:16.209080,-41.27777
2024-04-29 12:55:16.224700,-40.31011
2024-04-29 12:55:16.240330,-39.54408
2024-04-29 12:55:16.255950,-39.04825
2024-04-29 12:55:16.271580,-38.68745
2024-04-29 12:55:16.287200,-38.10967
2024-04-29 12:55:16.302830,-36.84657
2024-04-29 12:55:16.318460,-34.5483
2024-04-29 12:55:16.334080,-31.10235
2024-04-29 12:55:16.349710,-26.72578
2024-04-29 12:55:16.365330,-21.84333
2024-04-29 12:55:16.380960,-16.90658
2024-04-29 12:55:16.396580,-12.22787
2024-04-29 12:55:16.412210,-7.909161
2024-04-29 12:55:16.427840,-3.866041
2024-04-29 12:55:16.443460,0.03236771
2024-04-29 12:55:16.459090,3.854022
2024-04-29 12:55:16.474710,7.523898
2024-04-29 12:55:16.490340,10.83785
2024-04-29 12:55:16.505960,13.53451
2024-04-29 12:55:16.521590,15.39405
2024-04-29 12:55:16.537220,16.30894
2024-04-29 12:55:16.552840,16.3261
2024-04-29 12:55:16.568470,15.62659
2024-04-29 12:55:16.584090,14.4642
2024-04-29 12:55:16.599720,13.11153
2024-04-29 12:55:16.615340,11.79045
2024-04-29 12:55:16.630970,10.6392
2024-04-29 12:55:16.646600,9.680927
2024-04-29 12:55:16.662220,8.832096
2024-04-29 12:55:16.677850,7.935209
2024-04-29 12:55:16.693470,6.818388
2024-04-29 12:55:16.709100,5.368656
2024-04-29 12:55:16.724720,3.573668
2024-04-29 12:55:16.740350,1.535397
2024-04-29 12:55:16.755980,-0.5776672
2024-04-29 12:55:16.771600,-2.599094
2024-04-29 12:55:16.787230,-4.438774
2024-04-29 12:55:16.802850,-6.09848
2024-04-29 12:55:16.818480,-7.663136
2024-04-29 12:55:16.834100,-9.238655
2024-04-29 12:55:16.849730,-10.89252
2024-04-29 12:55:16.865360,-12.571
2024-04-29 12:55:16.880980,-14.08027
2024-04-29 12:55:16.896610,-15.12182
2024-04-29 12:55:16.912230,-15.37764
2024-04-29 12:55:16.927860,-14.63561
2024-04-29 12:55:16.943480,-12.88131
2024-04-29 12:55:16.959110,-10.30943
2024-04-29 12:55:16.974740,-7.254566
2024-04-29 12:55:16.990360,-4.074947
2024-04-29 12:55:17.005990,-1.056721
2024-04-29 12:55:17.021610,1.62421
2024-04-29 12:55:17.037240,3.870041
2024-04-29 12:55:17.052870,5.606773
2024-04-29 12:55:17.068490,6.77346
2024-04-29 12:55:17.084120,7.340591
2024-04-29 12:55:17.099740,7.368874
2024-04-29 12:55:17.115370,7.036453
2024-04-29 12:55:17.130990,6.596657
2024-04-29 12:55:17.146620,6.298729
2024-04-29 12:55:17.162250,6.291473
2024-04-29 12:55:17.177870,6.548828
2024-04-29 12:55:17.193500,6.905823
2024-04-29 12:55:17.209120,7.160736
2024-04-29 12:55:17.224750,7.170845
2024-04-29 12:55:17.240370,6.928467
2024-04-29 12:55:17.256000,6.559196
2024-04-29 12:55:17.271630,6.202919
2024-04-29 12:55:17.287250,5.934807
2024-04-29 12:55:17.302880,5.70961
2024-04-29 12:55:17.318500,5.40004
2024-04-29 12:55:17.334130,4.905449
2024-04-29 12:55:17.349750,4.243385
2024-04-29 12:55:17.365380,3.579979
2024-04-29 12:55:17.381010,3.129715
2024-04-29 12:55:17.396630,3.039063
2024-04-29 12:55:17.412260,3.262642
2024-04-29 12:55:17.427880,3.571381
2024-04-29 12:55:17.443510,3.643105
2024-04-29 12:55:17.459130,3.198479
2024-04-29 12:55:17.474760,2.148209
2024-04-29 12:55:17.490390,0.6069717
2024-04-29 12:55:17.506010,-1.110214
2024-04-29 12:55:17.521640,-2.60067
2024-04-29 12:55:17.537260,-3.480629
2024-04-29 12:55:17.552890,-3.478325
2024-04-29 12:55:17.568510,-2.487167
2024-04-29 12:55:17.584140,-0.5728607
2024-04-29 12:55:17.599770,2.026848
2024-04-29 12:55:17.615390,4.985977
2024-04-29 12:55:17.631020,7.907539
2024-04-29 12:55:17.646640,10.38599
2024-04-29 12:55:17.662270,12.07602
2024-04-29 12:55:17.677890,12.73621
2024-04-29 12:55:17.693520,12.30492
2024-04-29 12:55:17.709150,10.92218
2024-04-29 12:55:17.724770,8.913391
2024-04-29 12:55:17.740400,6.671143
2024-04-29 12:55:17.756020,4.563843
2024-04-29 12:55:17.771650,2.821915
2024-04-29 12:55:17.787270,1.536835
2024-04-29 12:55:17.802900,0.6952057
2024-04-29 12:55:17.818530,0.2527771
2024-04-29 12:55:17.834150,0.1695404
2024-04-29 12:55:17.849780,0.405426
2024-04-29 12:55:17.865400,0.890625
2024-04-29 12:55:17.881030,1.514801
2024-04-29 12:55:17.896650,2.160934
2024-04-29 12:55:17.912280,2.745529
2024-04-29 12:55:17.927910,3.257965
2024-04-29 12:55:17.943530,3.737976
2024-04-29 12:55:17.959160,4.214706
2024-04-29 12:55:17.974780,4.682953
2024-04-29 12:55:17.990410,5.069977
2024-04-29 12:55:18.006030,5.29071
2024-04-29 12:55:18.021660,5.296677
2024-04-29 12:55:18.037290,5.092911
2024-04-29 12:55:18.052910,4.737152
2024-04-29 12:55:18.068540,4.277039
2024-04-29 12:55:18.084160,3.720978
2024-04-29 12:55:18.099790,3.000763
2024-04-29 12:55:18.115410,2.05043
2024-04-29 12:55:18.131040,0.8573608
2024-04-29 12:55:18.146670,-0.4597321
2024-04-29 12:55:18.162290,-1.637512
2024-04-29 12:55:18.177920,-2.353806
2024-04-29 12:55:18.193540,-2.346924
2024-04-29 12:55:18.209170,-1.551941
2024-04-29 12:55:18.224790,-0.102005
2024-04-29 12:55:18.240420,1.706314
2024-04-29 12:55:18.256050,3.563675
2024-04-29 12:55:18.271670,5.24588
2024-04-29 12:55:18.287300,6.650452
2024-04-29 12:55:18.302920,7.758667
2024-04-29 12:55:18.318550,8.55574
2024-04-29 12:55:18.334170,8.998062
2024-04-29 12:55:18.349800,9.024063
2024-04-29 12:55:18.365430,8.63208
2024-04-29 12:55:18.381050,7.898331
2024-04-29 12:55:18.396680,6.988388
2024-04-29 12:55:18.412300,6.097443
2024-04-29 12:55:18.427930,5.383591
2024-04-29 12:55:18.443550,4.923279
2024-04-29 12:55:18.459180,4.681473
2024-04-29 12:55:18.474810,4.571152
2024-04-29 12:55:18.490430,4.477509
2024-04-29 12:55:18.506060,4.331451
2024-04-29 12:55:18.521680,4.115234
2024-04-29 12:55:18.537310,3.872284
2024-04-29 12:55:18.552930,3.655655
2024-04-29 12:55:18.568560,3.487823
2024-04-29 12:55:18.584190,3.328232
2024-04-29 12:55:18.599810,3.06218
2024-04-29 12:55:18.615440,2.590698
2024-04-29 12:55:18.631060,1.873367
2024-04-29 12:55:18.646690,0.9933624
2024-04-29 12:55:18.662310,0.114151
2024-04-29 12:55:18.677940,-0.5917358
2024-04-29 12:55:18.693570,-1.04155
2024-04-29 12:55:18.709190,-1.294891
2024-04-29 12:55:18.724820,-1.508713
2024-04-29 12:55:18.740440,-1.852173
2024-04-29 12:55:18.756070,-2.378174
2024-04-29 12:55:18.771690,-3.011108
2024-04-29 12:55:18.787320,-3.576096
2024-04-29 12:55:18.802950,-3.898331
2024-04-29 12:55:18.818570,-3.872162
2024-04-29 12:55:18.834200,-3.492996
2024-04-29 12:55:18.849820,-2.825684
2024-04-29 12:55:18.865450,-1.952362
2024-04-29 12:55:18.881070,-0.9332123
2024-04-29 12:55:18.896700,0.1960144
2024-04-29 12:55:18.912330,1.393188
2024-04-29 12:55:18.927950,2.583588
2024-04-29 12:55:18.943580,3.652649
2024-04-29 12:55:18.959200,4.469559
2024-04-29 12:55:18.974830,4.938843
2024-04-29 12:55:18.990450,5.025146
2024-04-29 12:55:19.006080,4.802444
2024-04-29 12:55:19.021710,4.405075
2024-04-29 12:55:19.037330,3.987122
2024-04-29 12:55:19.052960,3.660919
2024-04-29 12:55:19.068580,3.470764
2024-04-29 12:55:19.084210,3.397308
2024-04-29 12:55:19.099830,3.389328
2024-04-29 12:55:19.115460,3.412369
2024-04-29 12:55:19.131090,3.44339
2024-04-29 12:55:19.146710,3.489685
2024-04-29 12:55:19.162340,3.543198
2024-04-29 12:55:19.177960,3.555634
2024-04-29 12:55:19.193590,3.46875
2024-04-29 12:55:19.209210,3.232193
2024-04-29 12:55:19.224840,2.846954
2024-04-29 12:55:19.240470,2.354233
2024-04-29 12:55:19.256090,1.831741
2024-04-29 12:55:19.271720,1.319763
2024-04-29 12:55:19.287340,0.8098755
2024-04-29 12:55:19.302970,0.2514954
2024-04-29 12:55:19.318590,-0.4060364
2024-04-29 12:55:19.334220,-1.143646
2024-04-29 12:55:19.349850,-1.885025
2024-04-29 12:55:19.365470,-2.524033
2024-04-29 12:55:19.381100,-2.967178
2024-04-29 12:55:19.396720,-3.175018
2024-04-29 12:55:19.412350,-3.192734
2024-04-29 12:55:19.427970,-3.114532
2024-04-29 12:55:19.443600,-3.048538
2024-04-29 12:55:19.459230,-3.092773
2024-04-29 12:55:19.474850,-3.264114
2024-04-29 12:55:19.490480,-3.50824
2024-04-29 12:55:19.506100,-3.692719
2024-04-29 12:55:19.521730,-3.670547
2024-04-29 12:55:19.537350,-3.299713
2024-04-29 12:55:19.552980,-2.532227
2024-04-29 12:55:19.568610,-1.399323
2024-04-29 12:55:19.584230,-0.02841187
2024-04-29 12:55:19.599860,1.40448
2024-04-29 12:55:19.615480,2.728989
2024-04-29 12:55:19.631110,3.814606
2024-04-29 12:55:19.646740,4.612152
2024-04-29 12:55:19.662360,5.123108
2024-04-29 12:55:19.677990,5.393906
2024-04-29 12:55:19.693610,5.462448
2024-04-29 12:55:19.709240,5.353195
2024-04-29 12:55:19.724860,5.081696
2024-04-29 12:55:19.740490,4.649063
2024-04-29 12:55:19.756120,4.084579
2024-04-29 12:55:19.771740,3.443817
2024-04-29 12:55:19.787370,2.810104
2024-04-29 12:55:19.802990,2.274918
2024-04-29 12:55:19.818620,1.895493
2024-04-29 12:55:19.834240,1.674484
2024-04-29 12:55:19.849870,1.552185
2024-04-29 12:55:19.865500,1.440598
2024-04-29 12:55:19.881120,1.262222
2024-04-29 12:55:19.896750,1.001724
2024-04-29 12:55:19.912370,0.70784
2024-04-29 12:55:19.928000,0.4758148
2024-04-29 12:55:19.943620,0.4068909
2024-04-29 12:55:19.959250,0.538208
2024-04-29 12:55:19.974880,0.8114014
2024-04-29 12:55:19.990500,1.080627
2024-04-29 12:55:20.006130,1.168823
2024-04-29 12:55:20.021750,0.9334259
2024-04-29 12:55:20.037380,0.369751
2024-04-29 12:55:20.053000,-0.4057617
2024-04-29 12:55:20.068630,-1.180969
2024-04-29 12:55:20.084260,-1.761002
2024-04-29 12:55:20.099880,-2.050964
2024-04-29 12:55:20.115510,-2.104294
2024-04-29 12:55:20.131130,-2.064026
2024-04-29 12:55:20.146760,-2.094116
2024-04-29 12:55:20.162380,-2.289154
2024-04-29 12:55:20.178010,-2.633316
2024-04-29 12:55:20.193640,-3.032959
2024-04-29 12:55:20.209260,-3.372299
2024-04-29 12:55:20.224890,-3.549789
2024-04-29 12:55:20.240510,-3.493988
2024-04-29 12:55:20.256140,-3.152771
2024-04-29 12:55:20.271760,-2.485062
2024-04-29 12:55:20.287390,-1.491302
2024-04-29 12:55:20.303020,-0.2467499
2024-04-29 12:55:20.318640,1.09584
2024-04-29 12:55:20.334270,2.33548
2024-04-29 12:55:20.349890,3.291733
2024-04-29 12:55:20.365520,3.879745
2024-04-29 12:55:20.381140,4.132843
2024-04-29 12:55:20.396770,4.161972
2024-04-29 12:55:20.412400,4.07695
2024-04-29 12:55:20.428020,3.906448
2024-04-29 12:55:20.443650,3.60199
2024-04-29 12:55:20.459270,3.096634
2024-04-29 12:55:20.474900,2.400879
2024-04-29 12:55:20.490520,1.627457
2024-04-29 12:55:20.506150,0.9720764
2024-04-29 12:55:20.521780,0.6119537
2024-04-29 12:55:20.537400,0.6085968
2024-04-29 12:55:20.553030,0.88414
2024-04-29 12:55:20.568650,1.234528
2024-04-29 12:55:20.584280,1.457825
2024-04-29 12:55:20.599900,1.434418
2024-04-29 12:55:20.615530,1.171967
2024-04-29 12:55:20.631160,0.7866974
2024-04-29 12:55:20.646780,0.4264221
2024-04-29 12:55:20.662410,0.2034912
2024-04-29 12:55:20.678030,0.1378632
2024-04-29 12:55:20.693660,0.1907349
2024-04-29 12:55:20.709280,0.2880859
2024-04-29 12:55:20.724910,0.3581848
2024-04-29 12:55:20.740540,0.3567963
2024-04-29 12:55:20.756160,0.2771759
2024-04-29 12:55:20.771790,0.1412201
2024-04-29 12:55:20.787410,-0.00227356
2024-04-29 12:55:20.803040,-0.1030426
2024-04-29 12:55:20.818660,-0.1417999
2024-04-29 12:55:20.834290,-0.1529846
2024-04-29 12:55:20.849920,-0.2140656
2024-04-29 12:55:20.865540,-0.4291077
2024-04-29 12:55:20.881170,-0.8674927
2024-04-29 12:55:20.896790,-1.500732
2024-04-29 12:55:20.912420,-2.203796
2024-04-29 12:55:20.928040,-2.798981
2024-04-29 12:55:20.943670,-3.117249
2024-04-29 12:55:20.959300,-3.096573
2024-04-29 12:55:20.974920,-2.773148
2024-04-29 12:55:20.990550,-2.239975
2024-04-29 12:55:21.006170,-1.572891
2024-04-29 12:55:21.021800,-0.7981415
2024-04-29 12:55:21.037420,0.08230591
2024-04-29 12:55:21.053050,1.047653
2024-04-29 12:55:21.068680,1.985229
2024-04-29 12:55:21.084300,2.745148
2024-04-29 12:55:21.099930,3.182999
2024-04-29 12:55:21.115550,3.26796
2024-04-29 12:55:21.131180,3.082748
2024-04-29 12:55:21.146800,2.788376
2024-04-29 12:55:21.162430,2.533295
2024-04-29 12:55:21.178060,2.356033
2024-04-29 12:55:21.193680,2.194824
2024-04-29 12:55:21.209310,1.939301
2024-04-29 12:55:21.224930,1.542618
2024-04-29 12:55:21.240560,1.051712
2024-04-29 12:55:21.256180,0.6044464
2024-04-29 12:55:21.271810,0.3441162
2024-04-29 12:55:21.287440,0.3148041
2024-04-29 12:55:21.303060,0.4427032
2024-04-29 12:55:21.318690,0.5790558
2024-04-29 12:55:21.334310,0.5859833
2024-04-29 12:55:21.349940,0.4179077
2024-04-29 12:55:21.365560,0.1248779
2024-04-29 12:55:21.381190,-0.1710663
2024-04-29 12:55:21.396820,-0.3351898
2024-04-29 12:55:21.412440,-0.2776337
2024-04-29 12:55:21.428070,-0.005157471
2024-04-29 12:55:21.443690,0.3901367
2024-04-29 12:55:21.459320,0.7469635
2024-04-29 12:55:21.474940,0.9001617
2024-04-29 12:55:21.490570,0.7589264
2024-04-29 12:55:21.506200,0.3360748
2024-04-29 12:55:21.521820,-0.2518616
2024-04-29 12:55:21.537450,-0.8376007
2024-04-29 12:55:21.553070,-1.266983
2024-04-29 12:55:21.568700,-1.479065
2024-04-29 12:55:21.584320,-1.509048
2024-04-29 12:55:21.599950,-1.463318
2024-04-29 12:55:21.615580,-1.434387
2024-04-29 12:55:21.631200,-1.475815
2024-04-29 12:55:21.646830,-1.61116
2024-04-29 12:55:21.662450,-1.837326
2024-04-29 12:55:21.678080,-2.163742
2024-04-29 12:55:21.693700,-2.587799
2024-04-29 12:55:21.709330,-3.050659
2024-04-29 12:55:21.724960,-3.42601
2024-04-29 12:55:21.740580,-3.554459
2024-04-29 12:55:21.756210,-3.294312
2024-04-29 12:55:21.771830,-2.591431
2024-04-29 12:55:21.787460,-1.522766
2024-04-29 12:55:21.803080,-0.2417297
2024-04-29 12:55:21.818710,1.035851
2024-04-29 12:55:21.834340,2.126823
2024-04-29 12:55:21.849960,2.901955
2024-04-29 12:55:21.865590,3.311203
2024-04-29 12:55:21.881210,3.364571
2024-04-29 12:55:21.896840,3.116829
2024-04-29 12:55:21.912470,2.648506
2024-04-29 12:55:21.928090,2.043961
2024-04-29 12:55:21.943720,1.419044
2024-04-29 12:55:21.959340,0.8874207
2024-04-29 12:55:21.974970,0.55336
2024-04-29 12:55:21.990590,0.4714661
2024-04-29 12:55:22.006220,0.6053314
2024-04-29 12:55:22.021850,0.8143234
2024-04-29 12:55:22.037470,0.9265442
2024-04-29 12:55:22.053100,0.8059845
2024-04-29 12:55:22.068720,0.4247818
2024-04-29 12:55:22.084350,-0.1035538
2024-04-29 12:55:22.099970,-0.6273041
2024-04-29 12:55:22.115600,-1.005341
2024-04-29 12:55:22.131230,-1.182159
2024-04-29 12:55:22.146850,-1.196274
2024-04-29 12:55:22.162480,-1.12291
2024-04-29 12:55:22.178100,-1.043732
2024-04-29 12:55:22.193730,-1.007637
2024-04-29 12:55:22.209350,-1.023743
2024-04-29 12:55:22.224980,-1.07737
2024-04-29 12:55:22.240610,-1.174072
2024-04-29 12:55:22.256230,-1.301735
2024-04-29 12:55:22.271860,-1.451759
2024-04-29 12:55:22.287480,-1.614044
2024-04-29 12:55:22.303110,-1.770271
2024-04-29 12:55:22.318730,-1.937668
2024-04-29 12:55:22.334360,-2.135071
2024-04-29 12:55:22.349990,-2.383461
2024-04-29 12:55:22.365610,-2.651657
2024-04-29 12:55:22.381240,-2.884918
2024-04-29 12:55:22.396860,-3.004074
2024-04-29 12:55:22.412490,-2.972908
2024-04-29 12:55:22.428110,-2.819817
2024-04-29 12:55:22.443740,-2.613716
2024-04-29 12:55:22.459370,-2.448517
2024-04-29 12:55:22.474990,-2.372963
2024-04-29 12:55:22.490620,-2.374924
2024-04-29 12:55:22.506240,-2.366791
2024-04-29 12:55:22.521870,-2.253342
2024-04-29 12:55:22.537490,-1.942154
2024-04-29 12:55:22.553120,-1.420822
2024-04-29 12:55:22.568750,-0.7458878
2024-04-29 12:55:22.584370,-0.005493164
2024-04-29 12:55:22.600000,0.7001648
2024-04-29 12:55:22.615620,1.300812
2024-04-29 12:55:22.631250,1.748184
2024-04-29 12:55:22.646870,2.01857
2024-04-29 12:55:22.662500,2.098198
2024-04-29 12:55:22.678130,1.99791
2024-04-29 12:55:22.693750,1.741234
2024-04-29 12:55:22.709380,1.386536
2024-04-29 12:55:22.725000,1.03904
2024-04-29 12:55:22.740630,0.8009872
2024-04-29 12:55:22.756250,0.7732544
2024-04-29 12:55:22.771880,0.9896851
2024-04-29 12:55:22.787510,1.406151
2024-04-29 12:55:22.803130,1.907265
2024-04-29 12:55:22.818760,2.361153
2024-04-29 12:55:22.834380,2.660446
2024-04-29 12:55:22.850010,2.750626
2024-04-29 12:55:22.865630,2.668823
2024-04-29 12:55:22.881260,2.476753
2024-04-29 12:55:22.896890,2.241112
2024-04-29 12:55:22.912510,1.998055
2024-04-29 12:55:22.928140,1.749382
2024-04-29 12:55:22.943760,1.486748
2024-04-29 12:55:22.959390,1.223381
2024-04-29 12:55:22.975010,0.9884262
2024-04-29 12:55:22.990640,0.7907639
2024-04-29 12:55:23.006270,0.6224823
2024-04-29 12:55:23.021890,0.4380264
2024-04-29 12:55:23.037520,0.190712
2024-04-29 12:55:23.053140,-0.1326675
2024-04-29 12:55:23.068770,-0.5120239
2024-04-29 12:55:23.084390,-0.9190292
2024-04-29 12:55:23.100020,-1.326744
2024-04-29 12:55:23.115650,-1.737923
2024-04-29 12:55:23.131270,-2.168365
2024-04-29 12:55:23.146900,-2.616493
2024-04-29 12:55:23.162520,-3.058838
2024-04-29 12:55:23.178150,-3.429039
2024-04-29 12:55:23.193770,-3.644806
2024-04-29 12:55:23.209400,-3.647675
2024-04-29 12:55:23.225030,-3.447823
2024-04-29 12:55:23.240650,-3.122162
2024-04-29 12:55:23.256280,-2.799561
2024-04-29 12:55:23.271900,-2.586334
2024-04-29 12:55:23.287530,-2.538078
2024-04-29 12:55:23.303150,-2.618752
2024-04-29 12:55:23.318780,-2.738731
2024-04-29 12:55:23.334410,-2.779602
2024-04-29 12:55:23.350030,-2.647942
2024-04-29 12:55:23.365660,-2.275032
2024-04-29 12:55:23.381280,-1.65052
2024-04-29 12:55:23.396910,-0.8132019
2024-04-29 12:55:23.412530,0.1595459
2024-04-29 12:55:23.428160,1.141922
2024-04-29 12:55:23.443790,1.990692
2024-04-29 12:55:23.459410,2.578819
2024-04-29 12:55:23.475040,2.844635
2024-04-29 12:55:23.490660,2.806328
2024-04-29 12:55:23.506290,2.549362
2024-04-29 12:55:23.521910,2.177322
2024-04-29 12:55:23.537540,1.768753
2024-04-29 12:55:23.553170,1.374756
2024-04-29 12:55:23.568790,1.020561
2024-04-29 12:55:23.584420,0.7351913
2024-04-29 12:55:23.600040,0.5455856
2024-04-29 12:55:23.615670,0.4684448
2024-04-29 12:55:23.631290,0.4732513
2024-04-29 12:55:23.646920,0.5149155
2024-04-29 12:55:23.662550,0.545784
2024-04-29 12:55:23.678170,0.5556564
2024-04-29 12:55:23.693800,0.5627594
2024-04-29 12:55:23.709420,0.5825958
2024-04-29 12:55:23.725050,0.5908356
2024-04-29 12:55:23.740670,0.5386505
2024-04-29 12:55:23.756300,0.3909073
2024-04-29 12:55:23.771930,0.1677628
2024-04-29 12:55:23.787550,-0.05165863
2024-04-29 12:55:23.803180,-0.1782303
2024-04-29 12:55:23.818800,-0.1827469
2024-04-29 12:55:23.834430,-0.1255264
2024-04-29 12:55:23.850050,-0.1022949
2024-04-29 12:55:23.865680,-0.1603165
2024-04-29 12:55:23.881310,-0.2804642
2024-04-29 12:55:23.896930,-0.3745193
2024-04-29 12:55:23.912560,-0.3724136
2024-04-29 12:55:23.928180,-0.2985001
2024-04-29 12:55:23.943810,-0.2609406
2024-04-29 12:55:23.959430,-0.3863068
2024-04-29 12:55:23.975060,-0.7304382
2024-04-29 12:55:23.990690,-1.226982
2024-04-29 12:55:24.006310,-1.720406
2024-04-29 12:55:24.021940,-2.076836
2024-04-29 12:55:24.037560,-2.255943
2024-04-29 12:55:24.053190,-2.331375
2024-04-29 12:55:24.068810,-2.435181
2024-04-29 12:55:24.084440,-2.65345
2024-04-29 12:55:24.100070,-2.958992
2024-04-29 12:55:24.115690,-3.212929
2024-04-29 12:55:24.131320,-3.246704
2024-04-29 12:55:24.146940,-2.939003
2024-04-29 12:55:24.162570,-2.297417
2024-04-29 12:55:24.178200,-1.446655
2024-04-29 12:55:24.193820,-0.575737
2024-04-29 12:55:24.209450,0.1449966
2024-04-29 12:55:24.225070,0.6276627
2024-04-29 12:55:24.240700,0.8767014
2024-04-29 12:55:24.256320,0.9760284
2024-04-29 12:55:24.271950,0.992836
2024-04-29 12:55:24.287580,0.970993
2024-04-29 12:55:24.303200,0.9027023
2024-04-29 12:55:24.318830,0.7718811
2024-04-29 12:55:24.334450,0.5854416
2024-04-29 12:55:24.350080,0.3909302
2024-04-29 12:55:24.365700,0.2616348
2024-04-29 12:55:24.381330,0.2421722
2024-04-29 12:55:24.396960,0.3441238
2024-04-29 12:55:24.412580,0.5178833
2024-04-29 12:55:24.428210,0.7062454
2024-04-29 12:55:24.443830,0.8573761
2024-04-29 12:55:24.459460,0.9569473
2024-04-29 12:55:24.475080,1.001526
2024-04-29 12:55:24.490710,0.9945374
2024-04-29 12:55:24.506340,0.9325867
2024-04-29 12:55:24.521960,0.8185577
2024-04-29 12:55:24.537590,0.6896362
2024-04-29 12:55:24.553210,0.5869675
2024-04-29 12:55:24.568840,0.5586853
2024-04-29 12:55:24.584460,0.606575
2024-04-29 12:55:24.600090,0.6970596
2024-04-29 12:55:24.615720,0.7600784
2024-04-29 12:55:24.631340,0.7152405
2024-04-29 12:55:24.646970,0.509201
2024-04-29 12:55:24.662590,0.1294785
2024-04-29 12:55:24.678220,-0.3848495
2024-04-29 12:55:24.693840,-0.9630356
2024-04-29 12:55:24.709470,-1.49781
2024-04-29 12:55:24.725100,-1.883202
2024-04-29 12:55:24.740720,-2.043808
2024-04-29 12:55:24.756350,-1.964294
2024-04-29 12:55:24.771970,-1.731728
2024-04-29 12:55:24.787600,-1.485924
2024-04-29 12:55:24.803220,-1.37674
2024-04-29 12:55:24.818850,-1.485191
2024-04-29 12:55:24.834480,-1.791016
2024-04-29 12:55:24.850100,-2.171906
2024-04-29 12:55:24.865730,-2.491989
2024-04-29 12:55:24.881350,-2.66766
2024-04-29 12:55:24.896980,-2.701435
2024-04-29 12:55:24.912600,-2.659595
2024-04-29 12:55:24.928230,-2.594627
2024-04-29 12:55:24.943860,-2.494968
2024-04-29 12:55:24.959480,-2.276249
2024-04-29 12:55:24.975110,-1.848885
2024-04-29 12:55:24.990730,-1.169975
2024-04-29 12:55:25.006360,-0.304203
2024-04-29 12:55:25.021980,0.6027298
2024-04-29 12:55:25.037610,1.399097
2024-04-29 12:55:25.053240,1.986835
2024-04-29 12:55:25.068860,2.369324
2024-04-29 12:55:25.084490,2.609451
2024-04-29 12:55:25.100110,2.793518
2024-04-29 12:55:25.115740,2.953445
2024-04-29 12:55:25.131360,3.077732
2024-04-29 12:55:25.146990,3.116642
2024-04-29 12:55:25.162620,3.029057
2024-04-29 12:55:25.178240,2.820702
2024-04-29 12:55:25.193870,2.540741
2024-04-29 12:55:25.209490,2.26479
2024-04-29 12:55:25.225120,2.050175
2024-04-29 12:55:25.240740,1.922131
2024-04-29 12:55:25.256370,1.861305
2024-04-29 12:55:25.272000,1.818211
2024-04-29 12:55:25.287620,1.7337
2024-04-29 12:55:25.303250,1.572552
2024-04-29 12:55:25.318870,1.322918
2024-04-29 12:55:25.334500,1.003082
2024-04-29 12:55:25.350120,0.6599541
2024-04-29 12:55:25.365750,0.3390236
2024-04-29 12:55:25.381380,0.0762291
2024-04-29 12:55:25.397000,-0.1090775
2024-04-29 12:55:25.412630,-0.2312927
2024-04-29 12:55:25.428250,-0.3203201
2024-04-29 12:55:25.443880,-0.3917122
2024-04-29 12:55:25.459500,-0.4586754
2024-04-29 12:55:25.475130,-0.5311203
2024-04-29 12:55:25.490760,-0.6130562
2024-04-29 12:55:25.506380,-0.7252045
2024-04-29 12:55:25.522010,-0.8916855
2024-04-29 12:55:25.537630,-1.114815
2024-04-29 12:55:25.553260,-1.376507
2024-04-29 12:55:25.568880,-1.630108
2024-04-29 12:55:25.584510,-1.824165
2024-04-29 12:55:25.600140,-1.925934
2024-04-29 12:55:25.615760,-1.953362
2024-04-29 12:55:25.631390,-1.950928
2024-04-29 12:55:25.647010,-1.966618
2024-04-29 12:55:25.662640,-2.015083
2024-04-29 12:55:25.678260,-2.066376
2024-04-29 12:55:25.693890,-2.060719
2024-04-29 12:55:25.709520,-1.968388
2024-04-29 12:55:25.725140,-1.814213
2024-04-29 12:55:25.740770,-1.684753
2024-04-29 12:55:25.756390,-1.664944
2024-04-29 12:55:25.772020,-1.810997
2024-04-29 12:55:25.787640,-2.127754
2024-04-29 12:55:25.803270,-2.562561
2024-04-29 12:55:25.818900,-3.066978
2024-04-29 12:55:25.834520,-3.577728
2024-04-29 12:55:25.850150,-4.023045
2024-04-29 12:55:25.865770,-4.30555
2024-04-29 12:55:25.881400,-4.303799
2024-04-29 12:55:25.897020,-3.890659
2024-04-29 12:55:25.912650,-3.011578
2024-04-29 12:55:25.928280,-1.728218
2024-04-29 12:55:25.943900,-0.2231674
2024-04-29 12:55:25.959530,1.233307
2024-04-29 12:55:25.975150,2.37344
2024-04-29 12:55:25.990780,3.022713
2024-04-29 12:55:26.006400,3.156212
2024-04-29 12:55:26.022030,2.897354
2024-04-29 12:55:26.037660,2.438244
2024-04-29 12:55:26.053280,1.971584
2024-04-29 12:55:26.068910,1.606159
2024-04-29 12:55:26.084530,1.35265
2024-04-29 12:55:26.100160,1.160858
2024-04-29 12:55:26.115780,0.9727135
2024-04-29 12:55:26.131410,0.7779388
2024-04-29 12:55:26.147040,0.6085892
2024-04-29 12:55:26.162660,0.5274773
2024-04-29 12:55:26.178290,0.5556564
2024-04-29 12:55:26.193910,0.6657257
2024-04-29 12:55:26.209540,0.7793121
2024-04-29 12:55:26.225160,0.8368187
2024-04-29 12:55:26.240790,0.7945786
2024-04-29 12:55:26.256420,0.6802597
2024-04-29 12:55:26.272040,0.5457382
2024-04-29 12:55:26.287670,0.4397469
2024-04-29 12:55:26.303290,0.3934784
2024-04-29 12:55:26.318920,0.4059143
2024-04-29 12:55:26.334540,0.4685097
2024-04-29 12:55:26.350170,0.5626259
2024-04-29 12:55:26.365800,0.6726418
2024-04-29 12:55:26.381420,0.767868
2024-04-29 12:55:26.397050,0.8239708
2024-04-29 12:55:26.412670,0.809536
2024-04-29 12:55:26.428300,0.6995506
2024-04-29 12:55:26.443920,0.4837875
2024-04-29 12:55:26.459550,0.1581383
2024-04-29 12:55:26.475180,-0.2376213
2024-04-29 12:55:26.490800,-0.6333046
2024-04-29 12:55:26.506430,-0.9264412
2024-04-29 12:55:26.522050,-1.023159
2024-04-29 12:55:26.537680,-0.9011955
2024-04-29 12:55:26.553300,-0.6213112
2024-04-29 12:55:26.568930,-0.3266563
2024-04-29 12:55:26.584560,-0.1657867
2024-04-29 12:55:26.600180,-0.2272835
2024-04-29 12:55:26.615810,-0.4960365
2024-04-29 12:55:26.631430,-0.8768425
2024-04-29 12:55:26.647060,-1.240967
2024-04-29 12:55:26.662680,-1.499725
2024-04-29 12:55:26.678310,-1.638073
2024-04-29 12:55:26.693940,-1.689682
2024-04-29 12:55:26.709560,-1.729599
2024-04-29 12:55:26.725190,-1.807121
2024-04-29 12:55:26.740810,-1.947712
2024-04-29 12:55:26.756440,-2.137985
2024-04-29 12:55:26.772070,-2.350628
2024-04-29 12:55:26.787690,-2.535152
2024-04-29 12:55:26.803320,-2.634304
2024-04-29 12:55:26.818940,-2.576813
2024-04-29 12:55:26.834570,-2.295135
2024-04-29 12:55:26.850190,-1.752186
2024-04-29 12:55:26.865820,-0.9571609
2024-04-29 12:55:26.881450,0.006767273
2024-04-29 12:55:26.897070,0.9946289
2024-04-29 12:55:26.912700,1.846706
2024-04-29 12:55:26.928320,2.442806
2024-04-29 12:55:26.943950,2.751274
2024-04-29 12:55:26.959570,2.824741
2024-04-29 12:55:26.975200,2.763783
2024-04-29 12:55:26.990830,2.636776
2024-04-29 12:55:27.006450,2.456306
2024-04-29 12:55:27.022080,2.178925
2024-04-29 12:55:27.037700,1.762924
2024-04-29 12:55:27.053330,1.21719
2024-04-29 12:55:27.068950,0.626873
2024-04-29 12:55:27.084580,0.1181831
2024-04-29 12:55:27.100210,-0.1985588
2024-04-29 12:55:27.115830,-0.2570229
2024-04-29 12:55:27.131460,-0.06810379
2024-04-29 12:55:27.147080,0.3101501
2024-04-29 12:55:27.162710,0.776722
2024-04-29 12:55:27.178330,1.223564
2024-04-29 12:55:27.193960,1.535637
2024-04-29 12:55:27.209590,1.633972
2024-04-29 12:55:27.225210,1.493893
2024-04-29 12:55:27.240840,1.146088
2024-04-29 12:55:27.256460,0.6831779
2024-04-29 12:55:27.272090,0.1965942
2024-04-29 12:55:27.287710,-0.2440529
2024-04-29 12:55:27.303340,-0.632
2024-04-29 12:55:27.318970,-0.9798126
2024-04-29 12:55:27.334590,-1.301781
2024-04-29 12:55:27.350220,-1.562462
2024-04-29 12:55:27.365840,-1.694664
2024-04-29 12:55:27.381470,-1.658617
2024-04-29 12:55:27.397090,-1.471529
2024-04-29 12:55:27.412720,-1.229889
2024-04-29 12:55:27.428350,-1.072168
2024-04-29 12:55:27.443970,-1.110909
2024-04-29 12:55:27.459600,-1.369345
2024-04-29 12:55:27.475220,-1.777716
2024-04-29 12:55:27.490850,-2.20261
2024-04-29 12:55:27.506470,-2.514927
2024-04-29 12:55:27.522100,-2.662914
2024-04-29 12:55:27.537730,-2.664848
2024-04-29 12:55:27.553350,-2.612555
2024-04-29 12:55:27.568980,-2.590614
2024-04-29 12:55:27.584600,-2.635057
2024-04-29 12:55:27.600230,-2.730633
2024-04-29 12:55:27.615850,-2.819212
2024-04-29 12:55:27.631480,-2.843391
2024-04-29 12:55:27.647110,-2.789961
2024-04-29 12:55:27.662730,-2.691763
2024-04-29 12:55:27.678360,-2.591131
2024-04-29 12:55:27.693980,-2.524233
2024-04-29 12:55:27.709610,-2.501482
2024-04-29 12:55:27.725230,-2.475334
2024-04-29 12:55:27.740860,-2.395464
2024-04-29 12:55:27.756490,-2.211525
2024-04-29 12:55:27.772110,-1.905142
2024-04-29 12:55:27.787740,-1.493206
2024-04-29 12:55:27.803360,-1.009892
2024-04-29 12:55:27.818990,-0.4871464
2024-04-29 12:55:27.834610,0.06426811
2024-04-29 12:55:27.850240,0.6268616
2024-04-29 12:55:27.865870,1.198639
2024-04-29 12:55:27.881490,1.739098
2024-04-29 12:55:27.897120,2.180952
2024-04-29 12:55:27.912740,2.453825
2024-04-29 12:55:27.928370,2.512459
2024-04-29 12:55:27.943990,2.355902
2024-04-29 12:55:27.959620,2.055328
2024-04-29 12:55:27.975250,1.712408
2024-04-29 12:55:27.990870,1.424831
2024-04-29 12:55:28.006500,1.250359
2024-04-29 12:55:28.022120,1.180958
2024-04-29 12:55:28.037750,1.182283
2024-04-29 12:55:28.053370,1.20837
2024-04-29 12:55:28.069000,1.246008
2024-04-29 12:55:28.084630,1.288391
2024-04-29 12:55:28.100250,1.345951
2024-04-29 12:55:28.115880,1.406506
2024-04-29 12:55:28.131500,1.441895
2024-04-29 12:55:28.147130,1.412319
2024-04-29 12:55:28.162750,1.310869
2024-04-29 12:55:28.178380,1.171787
2024-04-29 12:55:28.194010,1.072042
2024-04-29 12:55:28.209630,1.07881
2024-04-29 12:55:28.225260,1.193903
2024-04-29 12:55:28.240880,1.327175
2024-04-29 12:55:28.256510,1.3512
2024-04-29 12:55:28.272130,1.152416
2024-04-29 12:55:28.287760,0.7274055
2024-04-29 12:55:28.303390,0.1908779
2024-04-29 12:55:28.319010,-0.2686577
2024-04-29 12:55:28.334640,-0.4932137
2024-04-29 12:55:28.350260,-0.4524899
2024-04-29 12:55:28.365890,-0.248621
2024-04-29 12:55:28.381510,-0.04705048
2024-04-29 12:55:28.397140,0.03053856
2024-04-29 12:55:28.412770,-0.02705956
2024-04-29 12:55:28.428390,-0.1311378
2024-04-29 12:55:28.444020,-0.1591759
2024-04-29 12:55:28.459640,-0.05283928
2024-04-29 12:55:28.475270,0.1492271
2024-04-29 12:55:28.490890,0.3340645
2024-04-29 12:55:28.506520,0.3911037
2024-04-29 12:55:28.522150,0.2826271
2024-04-29 12:55:28.537770,0.06846428
2024-04-29 12:55:28.553400,-0.1507587
2024-04-29 12:55:28.569020,-0.263588
2024-04-29 12:55:28.584650,-0.2436562
2024-04-29 12:55:28.600270,-0.1428432
2024-04-29 12:55:28.615900,-0.06852722
2024-04-29 12:55:28.631530,-0.1037617
2024-04-29 12:55:28.647150,-0.2810535
2024-04-29 12:55:28.662780,-0.5473557
2024-04-29 12:55:28.678400,-0.8050632
2024-04-29 12:55:28.694030,-0.966135
2024-04-29 12:55:28.709650,-0.9722233
2024-04-29 12:55:28.725280,-0.8155861
2024-04-29 12:55:28.740910,-0.5430546
2024-04-29 12:55:28.756530,-0.2125759
2024-04-29 12:55:28.772160,0.1231327
2024-04-29 12:55:28.787780,0.448143
2024-04-29 12:55:28.803410,0.7457619
2024-04-29 12:55:28.819030,1.037741
2024-04-29 12:55:28.834660,1.325333
2024-04-29 12:55:28.850290,1.606302
2024-04-29 12:55:28.865910,1.851458
2024-04-29 12:55:28.881540,2.001978
2024-04-29 12:55:28.897160,2.011293
2024-04-29 12:55:28.912790,1.856825
2024-04-29 12:55:28.928420,1.571404
2024-04-29 12:55:28.944040,1.225407
2024-04-29 12:55:28.959670,0.9127712
2024-04-29 12:55:28.975290,0.7000294
2024-04-29 12:55:28.990920,0.6126328
2024-04-29 12:55:29.006540,0.6440659
2024-04-29 12:55:29.022170,0.7468529
2024-04-29 12:55:29.037800,0.884613
2024-04-29 12:55:29.053420,1.010677
2024-04-29 12:55:29.069050,1.089514
2024-04-29 12:55:29.084670,1.093576
2024-04-29 12:55:29.100300,1.017233
2024-04-29 12:55:29.115920,0.8758907
2024-04-29 12:55:29.131550,0.698
2024-04-29 12:55:29.147180,0.531662
2024-04-29 12:55:29.162800,0.40835
2024-04-29 12:55:29.178430,0.3461094
2024-04-29 12:55:29.194050,0.3338032
2024-04-29 12:55:29.209680,0.3486576
2024-04-29 12:55:29.225300,0.3459053
2024-04-29 12:55:29.240930,0.2832603
2024-04-29 12:55:29.256560,0.1337433
2024-04-29 12:55:29.272180,-0.1050434
2024-04-29 12:55:29.287810,-0.3914337
2024-04-29 12:55:29.303430,-0.6737156
2024-04-29 12:55:29.319060,-0.8943386
2024-04-29 12:55:29.334680,-1.0406
2024-04-29 12:55:29.350310,-1.125164
2024-04-29 12:55:29.365940,-1.187016
2024-04-29 12:55:29.381560,-1.253681
2024-04-29 12:55:29.397190,-1.327591
2024-04-29 12:55:29.412810,-1.40217
2024-04-29 12:55:29.428440,-1.465885
2024-04-29 12:55:29.444060,-1.535286
2024-04-29 12:55:29.459690,-1.628822
2024-04-29 12:55:29.475320,-1.772095
2024-04-29 12:55:29.490940,-1.961599
2024-04-29 12:55:29.506570,-2.170147
2024-04-29 12:55:29.522190,-2.367092
2024-04-29 12:55:29.537820,-2.514462
2024-04-29 12:55:29.553440,-2.585699
2024-04-29 12:55:29.569070,-2.572546
2024-04-29 12:55:29.584700,-2.464573
2024-04-29 12:55:29.600320,-2.242203
2024-04-29 12:55:29.615950,-1.892138
2024-04-29 12:55:29.631570,-1.403391
2024-04-29 12:55:29.647200,-0.785881
2024-04-29 12:55:29.662820,-0.08080292
2024-04-29 12:55:29.678450,0.6437473
2024-04-29 12:55:29.694080,1.304838
2024-04-29 12:55:29.709700,1.817663
2024-04-29 12:55:29.725330,2.132561
2024-04-29 12:55:29.740950,2.247211
2024-04-29 12:55:29.756580,2.203463
2024-04-29 12:55:29.772200,2.076544
2024-04-29 12:55:29.787830,1.926653
2024-04-29 12:55:29.803460,1.765094
2024-04-29 12:55:29.819080,1.575994
2024-04-29 12:55:29.834710,1.335297
2024-04-29 12:55:29.850330,1.036912
2024-04-29 12:55:29.865960,0.7202902
2024-04-29 12:55:29.881580,0.4526644
2024-04-29 12:55:29.897210,0.2856007
2024-04-29 12:55:29.912840,0.2326612
2024-04-29 12:55:29.928460,0.2616205
2024-04-29 12:55:29.944090,0.3129816
2024-04-29 12:55:29.959710,0.3401546
2024-04-29 12:55:29.975340,0.3168612
2024-04-29 12:55:29.990960,0.2566175
2024-04-29 12:55:30.006590,0.203229
2024-04-29 12:55:30.022220,0.1893425
2024-04-29 12:55:30.037840,0.2348452
2024-04-29 12:55:30.053470,0.3490534
2024-04-29 12:55:30.069090,0.5267582
2024-04-29 12:55:30.084720,0.7285366
2024-04-29 12:55:30.100340,0.8891983
2024-04-29 12:55:30.115970,0.9072332
2024-04-29 12:55:30.131600,0.7148991
2024-04-29 12:55:30.147220,0.3247833
2024-04-29 12:55:30.162850,-0.1668434
2024-04-29 12:55:30.178470,-0.6032419
2024-04-29 12:55:30.194100,-0.8549728
2024-04-29 12:55:30.209720,-0.8879604
2024-04-29 12:55:30.225350,-0.776619
2024-04-29 12:55:30.240980,-0.6584759
2024-04-29 12:55:30.256600,-0.6704512
2024-04-29 12:55:30.272230,-0.8531761
2024-04-29 12:55:30.287850,-1.145577
2024-04-29 12:55:30.303480,-1.44867
2024-04-29 12:55:30.319100,-1.681265
2024-04-29 12:55:30.334730,-1.823003
2024-04-29 12:55:30.350360,-1.913511
2024-04-29 12:55:30.365980,-1.994597
2024-04-29 12:55:30.381610,-2.076505
2024-04-29 12:55:30.397230,-2.123876
2024-04-29 12:55:30.412860,-2.10592
2024-04-29 12:55:30.428480,-2.018616
2024-04-29 12:55:30.444110,-1.921751
2024-04-29 12:55:30.459740,-1.88877
2024-04-29 12:55:30.475360,-1.962804
2024-04-29 12:55:30.490990,-2.123199
2024-04-29 12:55:30.506610,-2.265596
2024-04-29 12:55:30.522240,-2.266212
2024-04-29 12:55:30.537860,-2.024255
2024-04-29 12:55:30.553490,-1.507137
2024-04-29 12:55:30.569120,-0.7503204
2024-04-29 12:55:30.584740,0.1632023
2024-04-29 12:55:30.600370,1.143908
2024-04-29 12:55:30.615990,2.10554
2024-04-29 12:55:30.631620,2.952333
2024-04-29 12:55:30.647240,3.597427
2024-04-29 12:55:30.662870,3.960345
2024-04-29 12:55:30.678500,4.022272
2024-04-29 12:55:30.694120,3.842493
2024-04-29 12:55:30.709750,3.547714
2024-04-29 12:55:30.725370,3.265269
2024-04-29 12:55:30.741000,3.08233
2024-04-29 12:55:30.756620,2.996301
2024-04-29 12:55:30.772250,2.951988
2024-04-29 12:55:30.787880,2.903396
2024-04-29 12:55:30.803500,2.849577
2024-04-29 12:55:30.819130,2.827792
2024-04-29 12:55:30.834750,2.865099
2024-04-29 12:55:30.850380,2.923855
2024-04-29 12:55:30.866000,2.906327
2024-04-29 12:55:30.881630,2.707378
2024-04-29 12:55:30.897260,2.28883
2024-04-29 12:55:30.912880,1.70996
2024-04-29 12:55:30.928510,1.121561
2024-04-29 12:55:30.944130,0.6817355
2024-04-29 12:55:30.959760,0.4828036
2024-04-29 12:55:30.975380,0.4837806
2024-04-29 12:55:30.991010,0.5410371
2024-04-29 12:55:31.006640,0.4937234
2024-04-29 12:55:31.022260,0.2477002
2024-04-29 12:55:31.037890,-0.1672287
2024-04-29 12:55:31.053510,-0.6434245
2024-04-29 12:55:31.069140,-1.049751
2024-04-29 12:55:31.084760,-1.322765
2024-04-29 12:55:31.100390,-1.485492
2024-04-29 12:55:31.116020,-1.610505
2024-04-29 12:55:31.131640,-1.763309
2024-04-29 12:55:31.147270,-1.934073
2024-04-29 12:55:31.162890,-2.054236
2024-04-29 12:55:31.178520,-2.046471
2024-04-29 12:55:31.194140,-1.887001
2024-04-29 12:55:31.209770,-1.625942
2024-04-29 12:55:31.225400,-1.372445
2024-04-29 12:55:31.241020,-1.215763
2024-04-29 12:55:31.256650,-1.168389
2024-04-29 12:55:31.272270,-1.184052
2024-04-29 12:55:31.287900,-1.196121
2024-04-29 12:55:31.303520,-1.170287
2024-04-29 12:55:31.319150,-1.141885
2024-04-29 12:55:31.334780,-1.19373
2024-04-29 12:55:31.350400,-1.388829
2024-04-29 12:55:31.366030,-1.730587
2024-04-29 12:55:31.381650,-2.145565
2024-04-29 12:55:31.397280,-2.521232
2024-04-29 12:55:31.412900,-2.779941
2024-04-29 12:55:31.428530,-2.905973
2024-04-29 12:55:31.444160,-2.961468
2024-04-29 12:55:31.459780,-3.031432
2024-04-29 12:55:31.475410,-3.187421
2024-04-29 12:55:31.491030,-3.415224
2024-04-29 12:55:31.506660,-3.641591
2024-04-29 12:55:31.522280,-3.775832
2024-04-29 12:55:31.537910,-3.747937
2024-04-29 12:55:31.553540,-3.559727
2024-04-29 12:55:31.569160,-3.253095
2024-04-29 12:55:31.584790,-2.875005
2024-04-29 12:55:31.600410,-2.447055
2024-04-29 12:55:31.616040,-1.952595
2024-04-29 12:55:31.631670,-1.378781
2024-04-29 12:55:31.647290,-0.7501888
2024-04-29 12:55:31.662920,-0.1513381
2024-04-29 12:55:31.678540,0.3177729
2024-04-29 12:55:31.694170,0.5783401
2024-04-29 12:55:31.709790,0.6533337
2024-04-29 12:55:31.725420,0.6384301
2024-04-29 12:55:31.741050,0.6618614
2024-04-29 12:55:31.756670,0.8124108
2024-04-29 12:55:31.772300,1.072859
2024-04-29 12:55:31.787920,1.346914
2024-04-29 12:55:31.803550,1.523041
2024-04-29 12:55:31.819170,1.546877
2024-04-29 12:55:31.834800,1.426536
2024-04-29 12:55:31.850430,1.223743
2024-04-29 12:55:31.866050,0.9913116
2024-04-29 12:55:31.881680,0.7396979
2024-04-29 12:55:31.897300,0.4666104
2024-04-29 12:55:31.912930,0.1752167
2024-04-29 12:55:31.928550,-0.08322811
2024-04-29 12:55:31.944180,-0.2380424
2024-04-29 12:55:31.959810,-0.214838
2024-04-29 12:55:31.975430,-0.01450825
2024-04-29 12:55:31.991060,0.322732
2024-04-29 12:55:32.006680,0.7032619
2024-04-29 12:55:32.022310,1.048906
2024-04-29 12:55:32.037930,1.300777
2024-04-29 12:55:32.053560,1.429142
2024-04-29 12:55:32.069190,1.410106
2024-04-29 12:55:32.084810,1.237763
2024-04-29 12:55:32.100440,0.9350801
2024-04-29 12:55:32.116060,0.5609508
2024-04-29 12:55:32.131690,0.2246757
2024-04-29 12:55:32.147310,0.02238941
2024-04-29 12:55:32.162940,0.001097679
2024-04-29 12:55:32.178570,0.1241612
2024-04-29 12:55:32.194190,0.2781591
2024-04-29 12:55:32.209820,0.3388739
2024-04-29 12:55:32.225440,0.2286677
2024-04-29 12:55:32.241070,-0.0252037
2024-04-29 12:55:32.256690,-0.3244696
2024-04-29 12:55:32.272320,-0.5556779
2024-04-29 12:55:32.287950,-0.6621251
2024-04-29 12:55:32.303570,-0.6606169
2024-04-29 12:55:32.319200,-0.6328292
2024-04-29 12:55:32.334820,-0.6675744
2024-04-29 12:55:32.350450,-0.7864585
2024-04-29 12:55:32.366070,-0.9429979
2024-04-29 12:55:32.381700,-1.050202
2024-04-29 12:55:32.397330,-1.044117
2024-04-29 12:55:32.412950,-0.9363866
2024-04-29 12:55:32.428580,-0.8001552
2024-04-29 12:55:32.444200,-0.746243
2024-04-29 12:55:32.459830,-0.8484588
2024-04-29 12:55:32.475450,-1.132432
2024-04-29 12:55:32.491080,-1.54395
2024-04-29 12:55:32.506710,-1.996896
2024-04-29 12:55:32.522330,-2.414392
2024-04-29 12:55:32.537960,-2.727739
2024-04-29 12:55:32.553580,-2.891451
2024-04-29 12:55:32.569210,-2.874163
2024-04-29 12:55:32.584830,-2.655741
2024-04-29 12:55:32.600460,-2.215363
2024-04-29 12:55:32.616090,-1.557464
2024-04-29 12:55:32.631710,-0.7133331
2024-04-29 12:55:32.647340,0.2333088
2024-04-29 12:55:32.662960,1.154215
2024-04-29 12:55:32.678590,1.92327
2024-04-29 12:55:32.694210,2.446383
2024-04-29 12:55:32.709840,2.706763
2024-04-29 12:55:32.725470,2.753994
2024-04-29 12:55:32.741090,2.679411
2024-04-29 12:55:32.756720,2.552244
2024-04-29 12:55:32.772340,2.389616
2024-04-29 12:55:32.787970,2.152974
2024-04-29 12:55:32.803590,1.793027
2024-04-29 12:55:32.819220,1.324946
2024-04-29 12:55:32.834850,0.8131752
2024-04-29 12:55:32.850470,0.3828435
2024-04-29 12:55:32.866100,0.1363792
2024-04-29 12:55:32.881720,0.1135201
2024-04-29 12:55:32.897350,0.26296
2024-04-29 12:55:32.912970,0.4749203
2024-04-29 12:55:32.928600,0.6417837
2024-04-29 12:55:32.944230,0.7060804
2024-04-29 12:55:32.959850,0.6972656
2024-04-29 12:55:32.975480,0.6642013
2024-04-29 12:55:32.991100,0.6592693
2024-04-29 12:55:33.006730,0.6783581
2024-04-29 12:55:33.022350,0.6781578
2024-04-29 12:55:33.037980,0.6154809
2024-04-29 12:55:33.053610,0.4820514
2024-04-29 12:55:33.069230,0.3243871
2024-04-29 12:55:33.084860,0.2188711
2024-04-29 12:55:33.100480,0.2187452
2024-04-29 12:55:33.116110,0.317874
2024-04-29 12:55:33.131730,0.4535584
2024-04-29 12:55:33.147360,0.5326257
2024-04-29 12:55:33.162990,0.4911952
2024-04-29 12:55:33.178610,0.3282423
2024-04-29 12:55:33.194240,0.08564425
2024-04-29 12:55:33.209860,-0.1655192
2024-04-29 12:55:33.225490,-0.3640571
2024-04-29 12:55:33.241110,-0.4765029
2024-04-29 12:55:33.256740,-0.499001
2024-04-29 12:55:33.272370,-0.4334826
2024-04-29 12:55:33.287990,-0.3040237
2024-04-29 12:55:33.303620,-0.1562548
2024-04-29 12:55:33.319240,-0.04359436
2024-04-29 12:55:33.334870,-0.0334444
2024-04-29 12:55:33.350490,-0.1629186
2024-04-29 12:55:33.366120,-0.4271269
2024-04-29 12:55:33.381750,-0.7868729
2024-04-29 12:55:33.397370,-1.185419
2024-04-29 12:55:33.413000,-1.566195
2024-04-29 12:55:33.428620,-1.902013
2024-04-29 12:55:33.444250,-2.186614
2024-04-29 12:55:33.459870,-2.406568
2024-04-29 12:55:33.475500,-2.550344
2024-04-29 12:55:33.491130,-2.573164
2024-04-29 12:55:33.506750,-2.469752
2024-04-29 12:55:33.522380,-2.266088
2024-04-29 12:55:33.538000,-2.046957
2024-04-29 12:55:33.553630,-1.913284
2024-04-29 12:55:33.569250,-1.955896
2024-04-29 12:55:33.584880,-2.191284
2024-04-29 12:55:33.600510,-2.546149
2024-04-29 12:55:33.616130,-2.88405
2024-04-29 12:55:33.631760,-3.039331
2024-04-29 12:55:33.647380,-2.912995
2024-04-29 12:55:33.663010,-2.497141
2024-04-29 12:55:33.678630,-1.864699
2024-04-29 12:55:33.694260,-1.143909
2024-04-29 12:55:33.709890,-0.4548655
2024-04-29 12:55:33.725510,0.1243196
2024-04-29 12:55:33.741140,0.577137
2024-04-29 12:55:33.756760,0.9283261
2024-04-29 12:55:33.772390,1.208099
2024-04-29 12:55:33.788020,1.441926
2024-04-29 12:55:33.803640,1.638813
2024-04-29 12:55:33.819270,1.784869
2024-04-29 12:55:33.834890,1.862367
2024-04-29 12:55:33.850520,1.867573
2024-04-29 12:55:33.866140,1.804855
2024-04-29 12:55:33.881770,1.693735
2024-04-29 12:55:33.897400,1.545245
2024-04-29 12:55:33.913020,1.373002
2024-04-29 12:55:33.928650,1.192453
2024-04-29 12:55:33.944270,1.029851
2024-04-29 12:55:33.959900,0.9047589
2024-04-29 12:55:33.975520,0.836535
2024-04-29 12:55:33.991150,0.8212991
2024-04-29 12:55:34.006780,0.8302732
2024-04-29 12:55:34.022400,0.8204155
2024-04-29 12:55:34.038030,0.7617931
2024-04-29 12:55:34.053650,0.6734018
2024-04-29 12:55:34.069280,0.6027498
2024-04-29 12:55:34.084900,0.6001496
2024-04-29 12:55:34.100530,0.6697545
2024-04-29 12:55:34.116160,0.770463
2024-04-29 12:55:34.131780,0.8295183
2024-04-29 12:55:34.147410,0.7921438
2024-04-29 12:55:34.163030,0.6626844
2024-04-29 12:55:34.178660,0.5120535
2024-04-29 12:55:34.194280,0.4033017
2024-04-29 12:55:34.209910,0.3646245
2024-04-29 12:55:34.225540,0.35814
2024-04-29 12:55:34.241160,0.3149686
2024-04-29 12:55:34.256790,0.2054329
2024-04-29 12:55:34.272410,0.04232407
2024-04-29 12:55:34.288040,-0.1065269
2024-04-29 12:55:34.303660,-0.1763825
2024-04-29 12:55:34.319290,-0.1414409
2024-04-29 12:55:34.334920,-0.03218126
2024-04-29 12:55:34.350540,0.1022124
2024-04-29 12:55:34.366170,0.2259865
2024-04-29 12:55:34.381790,0.3147411
2024-04-29 12:55:34.397420,0.3616881
2024-04-29 12:55:34.413040,0.3399754
2024-04-29 12:55:34.428670,0.2196603
2024-04-29 12:55:34.444300,-0.004692554
2024-04-29 12:55:34.459920,-0.2986259
2024-04-29 12:55:34.475550,-0.5858817
2024-04-29 12:55:34.491170,-0.7898216
2024-04-29 12:55:34.506800,-0.8691807
2024-04-29 12:55:34.522420,-0.8665481
2024-04-29 12:55:34.538050,-0.8705573
2024-04-29 12:55:34.553680,-0.9651566
2024-04-29 12:55:34.569300,-1.189373
2024-04-29 12:55:34.584930,-1.503191
2024-04-29 12:55:34.600550,-1.816675
2024-04-29 12:55:34.616180,-2.031084
2024-04-29 12:55:34.631800,-2.087744
2024-04-29 12:55:34.647430,-2.000559
2024-04-29 12:55:34.663060,-1.836281
2024-04-29 12:55:34.678680,-1.64682
2024-04-29 12:55:34.694310,-1.451036
2024-04-29 12:55:34.709930,-1.201735
2024-04-29 12:55:34.725560,-0.8356643
2024-04-29 12:55:34.741180,-0.3220487
2024-04-29 12:55:34.756810,0.2955012
2024-04-29 12:55:34.772440,0.9160848
2024-04-29 12:55:34.788060,1.420703
2024-04-29 12:55:34.803690,1.734367
2024-04-29 12:55:34.819310,1.863926
2024-04-29 12:55:34.834940,1.873721
2024-04-29 12:55:34.850560,1.836538
2024-04-29 12:55:34.866190,1.802186
2024-04-29 12:55:34.881820,1.757169
2024-04-29 12:55:34.897440,1.664606
2024-04-29 12:55:34.913070,1.490664
2024-04-29 12:55:34.928690,1.241168
2024-04-29 12:55:34.944320,0.9665945
2024-04-29 12:55:34.959940,0.7292476
2024-04-29 12:55:34.975570,0.5955374
2024-04-29 12:55:34.991200,0.584183
2024-04-29 12:55:35.006820,0.6847417
2024-04-29 12:55:35.022450,0.8388205
2024-04-29 12:55:35.038070,0.9765859
2024-04-29 12:55:35.053700,1.044676
2024-04-29 12:55:35.069320,1.024069
2024-04-29 12:55:35.084950,0.9359331
2024-04-29 12:55:35.100580,0.8264389
2024-04-29 12:55:35.116200,0.731427
2024-04-29 12:55:35.131830,0.6497297
2024-04-29 12:55:35.147450,0.5408711
2024-04-29 12:55:35.163080,0.3463111
2024-04-29 12:55:35.178700,0.04843163
2024-04-29 12:55:35.194330,-0.3186455
2024-04-29 12:55:35.209960,-0.6769233
2024-04-29 12:55:35.225580,-0.9365287
2024-04-29 12:55:35.241210,-1.046077
2024-04-29 12:55:35.256830,-1.006898
2024-04-29 12:55:35.272460,-0.8647037
2024-04-29 12:55:35.288080,-0.6992004
2024-04-29 12:55:35.303710,-0.5908291
2024-04-29 12:55:35.319340,-0.5825112
2024-04-29 12:55:35.334960,-0.6799407
2024-04-29 12:55:35.350590,-0.8484635
2024-04-29 12:55:35.366210,-1.029711
2024-04-29 12:55:35.381840,-1.187889
2024-04-29 12:55:35.397460,-1.304589
2024-04-29 12:55:35.413090,-1.386155
2024-04-29 12:55:35.428720,-1.452158
2024-04-29 12:55:35.444340,-1.50466
2024-04-29 12:55:35.459970,-1.534515
2024-04-29 12:55:35.475590,-1.507423
2024-04-29 12:55:35.491220,-1.420128
2024-04-29 12:55:35.506840,-1.282215
2024-04-29 12:55:35.522470,-1.131914
2024-04-29 12:55:35.538100,-1.019583
2024-04-29 12:55:35.553720,-0.9787691
2024-04-29 12:55:35.569350,-1.005407
2024-04-29 12:55:35.584970,-1.073427
2024-04-29 12:55:35.600600,-1.156442
2024-04-29 12:55:35.616220,-1.229085
2024-04-29 12:55:35.631850,-1.280498
2024-04-29 12:55:35.647480,-1.298305
2024-04-29 12:55:35.663100,-1.256911
2024-04-29 12:55:35.678730,-1.129713
2024-04-29 12:55:35.694350,-0.8916152
2024-04-29 12:55:35.709980,-0.5442419
2024-04-29 12:55:35.725600,-0.1049109
2024-04-29 12:55:35.741230,0.3789008
2024-04-29 12:55:35.756860,0.8453534
2024-04-29 12:55:35.772480,1.225241
2024-04-29 12:55:35.788110,1.477067
2024-04-29 12:55:35.803730,1.580905
2024-04-29 12:55:35.819360,1.569515
2024-04-29 12:55:35.834980,1.503733
2024-04-29 12:55:35.850610,1.461315
2024-04-29 12:55:35.866240,1.484367
2024-04-29 12:55:35.881860,1.553853
2024-04-29 12:55:35.897490,1.600331
2024-04-29 12:55:35.913110,1.568986
2024-04-29 12:55:35.928740,1.444078
2024-04-29 12:55:35.944360,1.282405
2024-04-29 12:55:35.959990,1.173674
2024-04-29 12:55:35.975620,1.199536
2024-04-29 12:55:35.991240,1.375248
2024-04-29 12:55:36.006870,1.640172
2024-04-29 12:55:36.022490,1.889837
2024-04-29 12:55:36.038120,2.024013
2024-04-29 12:55:36.053750,1.984736
2024-04-29 12:55:36.069370,1.766158
2024-04-29 12:55:36.085000,1.401424
2024-04-29 12:55:36.100620,0.9502488
2024-04-29 12:55:36.116250,0.4910048
2024-04-29 12:55:36.131870,0.1212022
2024-04-29 12:55:36.147500,-0.08659899
2024-04-29 12:55:36.163130,-0.08659101
2024-04-29 12:55:36.178750,0.0982914
2024-04-29 12:55:36.194380,0.3780571
2024-04-29 12:55:36.210000,0.6435928
2024-04-29 12:55:36.225630,0.8228185
2024-04-29 12:55:36.241250,0.9025623
2024-04-29 12:55:36.256880,0.9160296
2024-04-29 12:55:36.272510,0.8855983
2024-04-29 12:55:36.288130,0.7895867
2024-04-29 12:55:36.303760,0.5846682
2024-04-29 12:55:36.319380,0.2659481
2024-04-29 12:55:36.335010,-0.1086874
2024-04-29 12:55:36.350630,-0.4204574
2024-04-29 12:55:36.366260,-0.545329
2024-04-29 12:55:36.381890,-0.4377706
2024-04-29 12:55:36.397510,-0.1505122
2024-04-29 12:55:36.413140,0.2061282
2024-04-29 12:55:36.428760,0.5102545
2024-04-29 12:55:36.444390,0.7106956
2024-04-29 12:55:36.460010,0.7970042
2024-04-29 12:55:36.475640,0.7847309
2024-04-29 12:55:36.491270,0.6753176
2024-04-29 12:55:36.506890,0.4506391
2024-04-29 12:55:36.522520,0.1048237
2024-04-29 12:55:36.538140,-0.3242732
2024-04-29 12:55:36.553770,-0.735365
2024-04-29 12:55:36.569390,-1.037951
2024-04-29 12:55:36.585020,-1.186967
2024-04-29 12:55:36.600650,-1.223124
2024-04-29 12:55:36.616270,-1.241227
2024-04-29 12:55:36.631900,-1.328322
2024-04-29 12:55:36.647520,-1.515341
2024-04-29 12:55:36.663150,-1.760195
2024-04-29 12:55:36.678770,-1.973163
2024-04-29 12:55:36.694400,-2.071833
2024-04-29 12:55:36.710030,-1.995734
2024-04-29 12:55:36.725650,-1.718412
2024-04-29 12:55:36.741280,-1.239691
2024-04-29 12:55:36.756900,-0.5873709
2024-04-29 12:55:36.772530,0.1874492
2024-04-29 12:55:36.788150,0.9986575
2024-04-29 12:55:36.803780,1.723037
2024-04-29 12:55:36.819410,2.237138
2024-04-29 12:55:36.835030,2.451135
2024-04-29 12:55:36.850660,2.332957
2024-04-29 12:55:36.866280,1.951623
2024-04-29 12:55:36.881910,1.453031
2024-04-29 12:55:36.897530,1.002489
2024-04-29 12:55:36.913160,0.7333853
2024-04-29 12:55:36.928790,0.6813676
2024-04-29 12:55:36.944410,0.7997522
2024-04-29 12:55:36.960040,0.9798925
2024-04-29 12:55:36.975660,1.119833
2024-04-29 12:55:36.991290,1.156949
2024-04-29 12:55:37.006910,1.094808
2024-04-29 12:55:37.022540,0.9659152
2024-04-29 12:55:37.038170,0.8238337
2024-04-29 12:55:37.053790,0.7109685
2024-04-29 12:55:37.069420,0.6249447
2024-04-29 12:55:37.085040,0.5506401
2024-04-29 12:55:37.100670,0.4921579
2024-04-29 12:55:37.116290,0.4651308
2024-04-29 12:55:37.131920,0.5038872
2024-04-29 12:55:37.147550,0.6260393
2024-04-29 12:55:37.163170,0.7942867
2024-04-29 12:55:37.178800,0.9243155
2024-04-29 12:55:37.194420,0.9117477
2024-04-29 12:55:37.210050,0.6875434
2024-04-29 12:55:37.225670,0.2571239
2024-04-29 12:55:37.241300,-0.300643
2024-04-29 12:55:37.256930,-0.8531289
2024-04-29 12:55:37.272550,-1.286746
2024-04-29 12:55:37.288180,-1.541192
2024-04-29 12:55:37.303800,-1.641067
2024-04-29 12:55:37.319430,-1.64253
2024-04-29 12:55:37.335050,-1.603742
2024-04-29 12:55:37.350680,-1.560342
2024-04-29 12:55:37.366310,-1.520071
2024-04-29 12:55:37.381930,-1.475135
2024-04-29 12:55:37.397560,-1.413029
2024-04-29 12:55:37.413180,-1.341098
2024-04-29 12:55:37.428810,-1.271147
2024-04-29 12:55:37.444430,-1.228635
2024-04-29 12:55:37.460060,-1.244714
2024-04-29 12:55:37.475690,-1.33648
2024-04-29 12:55:37.491310,-1.501415
2024-04-29 12:55:37.506940,-1.690201
2024-04-29 12:55:37.522560,-1.851907
2024-04-29 12:55:37.538190,-1.928926
2024-04-29 12:55:37.553810,-1.912871
2024-04-29 12:55:37.569440,-1.837549
2024-04-29 12:55:37.585070,-1.759133
2024-04-29 12:55:37.600690,-1.701531
2024-04-29 12:55:37.616320,-1.642843
2024-04-29 12:55:37.631940,-1.538325
2024-04-29 12:55:37.647570,-1.366814
2024-04-29 12:55:37.663190,-1.199959
2024-04-29 12:55:37.678820,-1.160702
2024-04-29 12:55:37.694450,-1.368915
2024-04-29 12:55:37.710070,-1.825215
2024-04-29 12:55:37.725700,-2.376678
2024-04-29 12:55:37.741320,-2.788872
2024-04-29 12:55:37.756950,-2.839391
2024-04-29 12:55:37.772570,-2.459362
2024-04-29 12:55:37.788200,-1.719151
2024-04-29 12:55:37.803830,-0.817028
2024-04-29 12:55:37.819450,0.04614305
2024-04-29 12:55:37.835080,0.7252855
2024-04-29 12:55:37.850700,1.177543
2024-04-29 12:55:37.866330,1.426752
2024-04-29 12:55:37.881950,1.526357
2024-04-29 12:55:37.897580,1.543518
2024-04-29 12:55:37.913210,1.527856
2024-04-29 12:55:37.928830,1.530999
2024-04-29 12:55:37.944460,1.578929
2024-04-29 12:55:37.960080,1.690598
2024-04-29 12:55:37.975710,1.844213
2024-04-29 12:55:37.991330,2.007805
2024-04-29 12:55:38.006960,2.143162
2024-04-29 12:55:38.022590,2.221373
2024-04-29 12:55:38.038210,2.225429
2024-04-29 12:55:38.053840,2.144518
2024-04-29 12:55:38.069460,1.988208
2024-04-29 12:55:38.085090,1.798927
2024-04-29 12:55:38.100710,1.63271
2024-04-29 12:55:38.116340,1.540704
2024-04-29 12:55:38.131970,1.528953
2024-04-29 12:55:38.147590,1.563144
2024-04-29 12:55:38.163220,1.568622
2024-04-29 12:55:38.178840,1.507428
2024-04-29 12:55:38.194470,1.378079
2024-04-29 12:55:38.210090,1.243166
2024-04-29 12:55:38.225720,1.159876
2024-04-29 12:55:38.241350,1.141362
2024-04-29 12:55:38.256970,1.145463
2024-04-29 12:55:38.272600,1.093328
2024-04-29 12:55:38.288220,0.9426584
2024-04-29 12:55:38.303850,0.7135
2024-04-29 12:55:38.319470,0.4835081
2024-04-29 12:55:38.335100,0.3353028
2024-04-29 12:55:38.350730,0.3143175
2024-04-29 12:55:38.366350,0.3894434
2024-04-29 12:55:38.381980,0.4753916
2024-04-29 12:55:38.397600,0.4933891
2024-04-29 12:55:38.413230,0.427475
2024-04-29 12:55:38.428850,0.3226752
2024-04-29 12:55:38.444480,0.2447951
2024-04-29 12:55:38.460110,0.2317264
2024-04-29 12:55:38.475730,0.2538333
2024-04-29 12:55:38.491360,0.2410946
2024-04-29 12:55:38.506980,0.1200168
2024-04-29 12:55:38.522610,-0.1201506
2024-04-29 12:55:38.538230,-0.4178998
2024-04-29 12:55:38.553860,-0.6751816
2024-04-29 12:55:38.569490,-0.821908
2024-04-29 12:55:38.585110,-0.8454096
2024-04-29 12:55:38.600740,-0.8047967
2024-04-29 12:55:38.616360,-0.7824008
2024-04-29 12:55:38.631990,-0.8406332
2024-04-29 12:55:38.647620,-0.9802241
2024-04-29 12:55:38.663240,-1.173549
2024-04-29 12:55:38.678870,-1.379597
2024-04-29 12:55:38.694490,-1.591476
2024-04-29 12:55:38.710120,-1.828063
2024-04-29 12:55:38.725740,-2.100461
2024-04-29 12:55:38.741370,-2.378741
2024-04-29 12:55:38.757000,-2.573167
2024-04-29 12:55:38.772620,-2.570865
2024-04-29 12:55:38.788250,-2.290029
2024-04-29 12:55:38.803870,-1.708146
2024-04-29 12:55:38.819500,-0.8900242
2024-04-29 12:55:38.835120,0.03094435
2024-04-29 12:55:38.850750,0.9021287
2024-04-29 12:55:38.866380,1.574529
2024-04-29 12:55:38.882000,1.944695
2024-04-29 12:55:38.897630,1.982137
2024-04-29 12:55:38.913250,1.748806
2024-04-29 12:55:38.928880,1.373064
2024-04-29 12:55:38.944500,1.02694
2024-04-29 12:55:38.960130,0.8512692
2024-04-29 12:55:38.975760,0.8893919
2024-04-29 12:55:38.991380,1.09168
2024-04-29 12:55:39.007010,1.335105
2024-04-29 12:55:39.022630,1.493586
2024-04-29 12:55:39.038260,1.492105
2024-04-29 12:55:39.053880,1.342329
2024-04-29 12:55:39.069510,1.104091
2024-04-29 12:55:39.085140,0.8459082
2024-04-29 12:55:39.100760,0.6185093
2024-04-29 12:55:39.116390,0.4375091
2024-04-29 12:55:39.132010,0.3059831
2024-04-29 12:55:39.147640,0.2401571
2024-04-29 12:55:39.163260,0.2724133
2024-04-29 12:55:39.178890,0.4090095
2024-04-29 12:55:39.194520,0.6133351
2024-04-29 12:55:39.210140,0.8062
2024-04-29 12:55:39.225770,0.8836794
2024-04-29 12:55:39.241390,0.7659345
2024-04-29 12:55:39.257020,0.4238062
2024-04-29 12:55:39.272640,-0.08767796
2024-04-29 12:55:39.288270,-0.6624413
2024-04-29 12:55:39.303900,-1.152146
2024-04-29 12:55:39.319520,-1.4361
2024-04-29 12:55:39.335150,-1.457602
2024-04-29 12:55:39.350770,-1.240944
2024-04-29 12:55:39.366400,-0.8893867
2024-04-29 12:55:39.382020,-0.5386586
2024-04-29 12:55:39.397650,-0.2995706
2024-04-29 12:55:39.413280,-0.2194214
2024-04-29 12:55:39.428900,-0.3011894
2024-04-29 12:55:39.444530,-0.505383
2024-04-29 12:55:39.460150,-0.7849226
2024-04-29 12:55:39.475780,-1.100463
2024-04-29 12:55:39.491400,-1.405105
2024-04-29 12:55:39.507030,-1.645947
2024-04-29 12:55:39.522660,-1.765742
2024-04-29 12:55:39.538280,-1.742517
2024-04-29 12:55:39.553910,-1.594946
2024-04-29 12:55:39.569530,-1.407285
2024-04-29 12:55:39.585160,-1.281358
2024-04-29 12:55:39.600780,-1.261233
2024-04-29 12:55:39.616410,-1.321748
2024-04-29 12:55:39.632040,-1.382391
2024-04-29 12:55:39.647660,-1.368805
2024-04-29 12:55:39.663290,-1.267088
2024-04-29 12:55:39.678910,-1.133859
2024-04-29 12:55:39.694540,-1.045594
2024-04-29 12:55:39.710160,-1.047231
2024-04-29 12:55:39.725790,-1.127881
2024-04-29 12:55:39.741420,-1.227161
2024-04-29 12:55:39.757040,-1.295654
2024-04-29 12:55:39.772670,-1.329566
2024-04-29 12:55:39.788290,-1.358669
2024-04-29 12:55:39.803920,-1.410744
2024-04-29 12:55:39.819540,-1.482248
2024-04-29 12:55:39.835170,-1.511661
2024-04-29 12:55:39.850800,-1.426857
2024-04-29 12:55:39.866420,-1.176286
2024-04-29 12:55:39.882050,-0.7655654
2024-04-29 12:55:39.897670,-0.2483644
2024-04-29 12:55:39.913300,0.2993517
2024-04-29 12:55:39.928920,0.8081651
2024-04-29 12:55:39.944550,1.22676
2024-04-29 12:55:39.960180,1.535446
2024-04-29 12:55:39.975800,1.737833
2024-04-29 12:55:39.991430,1.8365
2024-04-29 12:55:40.007050,1.843637
2024-04-29 12:55:40.022680,1.780998
2024-04-29 12:55:40.038300,1.671223
2024-04-29 12:55:40.053930,1.552351
2024-04-29 12:55:40.069560,1.460955
2024-04-29 12:55:40.085180,1.425036
2024-04-29 12:55:40.100810,1.452719
2024-04-29 12:55:40.116430,1.512468
2024-04-29 12:55:40.132060,1.554112
2024-04-29 12:55:40.147680,1.547417
2024-04-29 12:55:40.163310,1.487288
2024-04-29 12:55:40.178940,1.40486
2024-04-29 12:55:40.194560,1.334358
2024-04-29 12:55:40.210190,1.283273
2024-04-29 12:55:40.225810,1.217623
2024-04-29 12:55:40.241440,1.088118
2024-04-29 12:55:40.257060,0.873621
2024-04-29 12:55:40.272690,0.6068211
2024-04-29 12:55:40.288320,0.3748407
2024-04-29 12:55:40.303940,0.27457
2024-04-29 12:55:40.319570,0.3625674
2024-04-29 12:55:40.335190,0.6240559
2024-04-29 12:55:40.350820,0.9602237
2024-04-29 12:55:40.366440,1.242397
2024-04-29 12:55:40.382070,1.341289
2024-04-29 12:55:40.397700,1.192282
2024-04-29 12:55:40.413320,0.8209801
2024-04-29 12:55:40.428950,0.3298621
2024-04-29 12:55:40.444570,-0.1341891
2024-04-29 12:55:40.460200,-0.4484177
2024-04-29 12:55:40.475820,-0.5488577
2024-04-29 12:55:40.491450,-0.4612074
2024-04-29 12:55:40.507080,-0.2724609
2024-04-29 12:55:40.522700,-0.08058548
2024-04-29 12:55:40.538330,0.04831553
2024-04-29 12:55:40.553950,0.09332609
2024-04-29 12:55:40.569580,0.04070234
2024-04-29 12:55:40.585200,-0.111321
2024-04-29 12:55:40.600830,-0.3576999
2024-04-29 12:55:40.616460,-0.6629968
2024-04-29 12:55:40.632080,-0.9567819
2024-04-29 12:55:40.647710,-1.149464
2024-04-29 12:55:40.663330,-1.175686
2024-04-29 12:55:40.678960,-1.046871
2024-04-29 12:55:40.694580,-0.8509121
2024-04-29 12:55:40.710210,-0.7093716
2024-04-29 12:55:40.725840,-0.728085
2024-04-29 12:55:40.741460,-0.9375701
2024-04-29 12:55:40.757090,-1.296155
2024-04-29 12:55:40.772710,-1.711304
2024-04-29 12:55:40.788340,-2.098917
2024-04-29 12:55:40.803960,-2.39809
2024-04-29 12:55:40.819590,-2.589942
2024-04-29 12:55:40.835220,-2.665608
2024-04-29 12:55:40.850840,-2.625134
2024-04-29 12:55:40.866470,-2.464811
2024-04-29 12:55:40.882090,-2.205033
2024-04-29 12:55:40.897720,-1.891089
2024-04-29 12:55:40.913350,-1.580529
2024-04-29 12:55:40.928970,-1.31266
2024-04-29 12:55:40.944600,-1.078319
2024-04-29 12:55:40.960220,-0.8299446
2024-04-29 12:55:40.975850,-0.5196648
2024-04-29 12:55:40.991470,-0.1247506
2024-04-29 12:55:41.007100,0.3338294
2024-04-29 12:55:41.022730,0.7821026
2024-04-29 12:55:41.038350,1.139691
2024-04-29 12:55:41.053980,1.369629
2024-04-29 12:55:41.069600,1.489958
2024-04-29 12:55:41.085230,1.566567
2024-04-29 12:55:41.100850,1.663758
2024-04-29 12:55:41.116480,1.810346
2024-04-29 12:55:41.132110,1.997902
2024-04-29 12:55:41.147730,2.170365
2024-04-29 12:55:41.163360,2.272078
2024-04-29 12:55:41.178980,2.259359
2024-04-29 12:55:41.194610,2.119904
2024-04-29 12:55:41.210230,1.861139
2024-04-29 12:55:41.225860,1.516124
2024-04-29 12:55:41.241490,1.135512
2024-04-29 12:55:41.257110,0.7923121
2024-04-29 12:55:41.272740,0.5682383
2024-04-29 12:55:41.288360,0.4993443
2024-04-29 12:55:41.303990,0.5868468
2024-04-29 12:55:41.319610,0.7633972
2024-04-29 12:55:41.335240,0.9401608
2024-04-29 12:55:41.350870,1.020006
2024-04-29 12:55:41.366490,0.9592199
2024-04-29 12:55:41.382120,0.7685795
2024-04-29 12:55:41.397740,0.5200224
2024-04-29 12:55:41.413370,0.2924623
2024-04-29 12:55:41.428990,0.1464477
2024-04-29 12:55:41.444620,0.1062613
2024-04-29 12:55:41.460250,0.1612048
2024-04-29 12:55:41.475870,0.2852497
2024-04-29 12:55:41.491500,0.4438119
2024-04-29 12:55:41.507120,0.6093607
2024-04-29 12:55:41.522750,0.7304602
2024-04-29 12:55:41.538370,0.7477121
2024-04-29 12:55:41.554000,0.599947
2024-04-29 12:55:41.569630,0.2654881
2024-04-29 12:55:41.585250,-0.2212486
2024-04-29 12:55:41.600880,-0.7672648
2024-04-29 12:55:41.616500,-1.264544
2024-04-29 12:55:41.632130,-1.624672
2024-04-29 12:55:41.647750,-1.79484
2024-04-29 12:55:41.663380,-1.780164
2024-04-29 12:55:41.679010,-1.609261
2024-04-29 12:55:41.694630,-1.323361
2024-04-29 12:55:41.710260,-0.9784226
2024-04-29 12:55:41.725880,-0.6395249
2024-04-29 12:55:41.741510,-0.3944335
2024-04-29 12:55:41.757130,-0.3051157
2024-04-29 12:55:41.772760,-0.3918447
2024-04-29 12:55:41.788390,-0.6240282
2024-04-29 12:55:41.804010,-0.9140487
2024-04-29 12:55:41.819640,-1.178681
2024-04-29 12:55:41.835260,-1.354585
2024-04-29 12:55:41.850890,-1.447475
2024-04-29 12:55:41.866510,-1.48888
2024-04-29 12:55:41.882140,-1.512265
2024-04-29 12:55:41.897770,-1.516861
2024-04-29 12:55:41.913390,-1.497087
2024-04-29 12:55:41.929020,-1.456278
2024-04-29 12:55:41.944640,-1.405991
2024-04-29 12:55:41.960270,-1.392258
2024-04-29 12:55:41.975890,-1.418087
2024-04-29 12:55:41.991520,-1.426712
2024-04-29 12:55:42.007150,-1.306181
2024-04-29 12:55:42.022770,-0.9498525
2024-04-29 12:55:42.038400,-0.3379693
2024-04-29 12:55:42.054020,0.4312305
2024-04-29 12:55:42.069650,1.163643
2024-04-29 12:55:42.085270,1.659792
2024-04-29 12:55:42.100900,1.797546
2024-04-29 12:55:42.116530,1.608255
2024-04-29 12:55:42.132150,1.232226
2024-04-29 12:55:42.147780,0.8657026
2024-04-29 12:55:42.163400,0.6582675
2024-04-29 12:55:42.179030,0.6723886
2024-04-29 12:55:42.194650,0.8717384
2024-04-29 12:55:42.210280,1.163144
2024-04-29 12:55:42.225910,1.447652
2024-04-29 12:55:42.241530,1.649951
2024-04-29 12:55:42.257160,1.751839
2024-04-29 12:55:42.272780,1.778142
2024-04-29 12:55:42.288410,1.762878
2024-04-29 12:55:42.304030,1.722885
2024-04-29 12:55:42.319660,1.640834
2024-04-29 12:55:42.335290,1.49118
2024-04-29 12:55:42.350910,1.25068
2024-04-29 12:55:42.366540,0.9484315
2024-04-29 12:55:42.382160,0.6426973
2024-04-29 12:55:42.397790,0.4106119
2024-04-29 12:55:42.413410,0.2867846
2024-04-29 12:55:42.429040,0.2549939
2024-04-29 12:55:42.444670,0.2547412
2024-04-29 12:55:42.460290,0.2130139
2024-04-29 12:55:42.475920,0.09994674
2024-04-29 12:55:42.491540,-0.06648421
2024-04-29 12:55:42.507170,-0.2407427
2024-04-29 12:55:42.522790,-0.3756938
2024-04-29 12:55:42.538420,-0.4278328
2024-04-29 12:55:42.554050,-0.3835526
2024-04-29 12:55:42.569670,-0.2456617
2024-04-29 12:55:42.585300,-0.04316354
2024-04-29 12:55:42.600920,0.1572864
2024-04-29 12:55:42.616550,0.2661562
2024-04-29 12:55:42.632170,0.2128298
2024-04-29 12:55:42.647800,-0.01034713
2024-04-29 12:55:42.663430,-0.3292227
2024-04-29 12:55:42.679050,-0.6025176
2024-04-29 12:55:42.694680,-0.7064214
2024-04-29 12:55:42.710300,-0.5954981
2024-04-29 12:55:42.725930,-0.3449941
2024-04-29 12:55:42.741550,-0.09522009
2024-04-29 12:55:42.757180,0.03065825
2024-04-29 12:55:42.772810,-0.001269817
2024-04-29 12:55:42.788430,-0.1395772
2024-04-29 12:55:42.804060,-0.2898071
2024-04-29 12:55:42.819680,-0.391207
2024-04-29 12:55:42.835310,-0.4810452
2024-04-29 12:55:42.850930,-0.6440802
2024-04-29 12:55:42.866560,-0.9634864
2024-04-29 12:55:42.882190,-1.43872
2024-04-29 12:55:42.897810,-1.984811
2024-04-29 12:55:42.913440,-2.449264
2024-04-29 12:55:42.929060,-2.706184
2024-04-29 12:55:42.944690,-2.732543
2024-04-29 12:55:42.960310,-2.593307
2024-04-29 12:55:42.975940,-2.42071
2024-04-29 12:55:42.991570,-2.296182
2024-04-29 12:55:43.007190,-2.225436
2024-04-29 12:55:43.022820,-2.117665
2024-04-29 12:55:43.038440,-1.87053
2024-04-29 12:55:43.054070,-1.413254
2024-04-29 12:55:43.069700,-0.7664304
2024-04-29 12:55:43.085320,-0.0454011
2024-04-29 12:55:43.100950,0.631613
2024-04-29 12:55:43.116570,1.159571
2024-04-29 12:55:43.132200,1.512089
2024-04-29 12:55:43.147820,1.708887
2024-04-29 12:55:43.163450,1.787765
2024-04-29 12:55:43.179080,1.759999
2024-04-29 12:55:43.194700,1.616464
2024-04-29 12:55:43.210330,1.354994
2024-04-29 12:55:43.225950,0.9984031
2024-04-29 12:55:43.241580,0.6070111
2024-04-29 12:55:43.257200,0.2688808
2024-04-29 12:55:43.272830,0.05769682
2024-04-29 12:55:43.288460,0.002254963
2024-04-29 12:55:43.304080,0.08985758
2024-04-29 12:55:43.319710,0.25862
2024-04-29 12:55:43.335330,0.422276
2024-04-29 12:55:43.350960,0.5019937
2024-04-29 12:55:43.366580,0.4527147
2024-04-29 12:55:43.382210,0.2916629
2024-04-29 12:55:43.397840,0.07384372
2024-04-29 12:55:43.413460,-0.1167731
2024-04-29 12:55:43.429090,-0.2188656
2024-04-29 12:55:43.444710,-0.2193773
2024-04-29 12:55:43.460340,-0.1488757
2024-04-29 12:55:43.475960,-0.05593812
2024-04-29 12:55:43.491590,0.04616928
2024-04-29 12:55:43.507220,0.1626914
2024-04-29 12:55:43.522840,0.3446085
2024-04-29 12:55:43.538470,0.5977517
2024-04-29 12:55:43.554090,0.8972286
2024-04-29 12:55:43.569720,1.18432
2024-04-29 12:55:43.585340,1.373835
2024-04-29 12:55:43.600970,1.418302
2024-04-29 12:55:43.616600,1.31514
2024-04-29 12:55:43.632220,1.09861
2024-04-29 12:55:43.647850,0.8246516
2024-04-29 12:55:43.663470,0.5600883
2024-04-29 12:55:43.679100,0.328809
2024-04-29 12:55:43.694720,0.1536307
2024-04-29 12:55:43.710350,0.03241885
2024-04-29 12:55:43.725980,-0.03761983
2024-04-29 12:55:43.741600,-0.05080497
2024-04-29 12:55:43.757230,-0.0009595156
2024-04-29 12:55:43.772850,0.1268299
2024-04-29 12:55:43.788480,0.3286136
2024-04-29 12:55:43.804100,0.5695716
2024-04-29 12:55:43.819730,0.7728415
2024-04-29 12:55:43.835360,0.8556389
2024-04-29 12:55:43.850980,0.7427359
2024-04-29 12:55:43.866610,0.4162196
2024-04-29 12:55:43.882230,-0.06399775
2024-04-29 12:55:43.897860,-0.6042104
2024-04-29 12:55:43.913480,-1.096704
2024-04-29 12:55:43.929110,-1.46812
2024-04-29 12:55:43.944740,-1.695983
2024-04-29 12:55:43.960360,-1.795919
2024-04-29 12:55:43.975990,-1.792917
2024-04-29 12:55:43.991610,-1.692153
2024-04-29 12:55:44.007240,-1.483976
2024-04-29 12:55:44.022860,-1.143285
2024-04-29 12:55:44.038490,-0.675023
2024-04-29 12:55:44.054120,-0.1334972
2024-04-29 12:55:44.069740,0.3896663
2024-04-29 12:55:44.085370,0.7942342
2024-04-29 12:55:44.100990,1.02774
2024-04-29 12:55:44.116620,1.117568
2024-04-29 12:55:44.132240,1.143483
2024-04-29 12:55:44.147870,1.199772
2024-04-29 12:55:44.163500,1.332272
2024-04-29 12:55:44.179120,1.511095
2024-04-29 12:55:44.194750,1.672629
2024-04-29 12:55:44.210370,1.75006
2024-04-29 12:55:44.226000,1.718555
2024-04-29 12:55:44.241620,1.612487
2024-04-29 12:55:44.257250,1.480633
2024-04-29 12:55:44.272880,1.348854
2024-04-29 12:55:44.288500,1.212606
2024-04-29 12:55:44.304130,1.045999
2024-04-29 12:55:44.319750,0.8266498
2024-04-29 12:55:44.335380,0.5710388
2024-04-29 12:55:44.351000,0.317134
2024-04-29 12:55:44.366630,0.111325
2024-04-29 12:55:44.382260,-0.007480264
2024-04-29 12:55:44.397880,-0.02959824
2024-04-29 12:55:44.413510,0.04166651
2024-04-29 12:55:44.429130,0.1844826
2024-04-29 12:55:44.444760,0.3505294
2024-04-29 12:55:44.460380,0.4649431
2024-04-29 12:55:44.476010,0.4600221
2024-04-29 12:55:44.491640,0.3002142
2024-04-29 12:55:44.507260,0.01273036
2024-04-29 12:55:44.522890,-0.33775
2024-04-29 12:55:44.538510,-0.683054
2024-04-29 12:55:44.554140,-0.9802264
2024-04-29 12:55:44.569760,-1.21603
2024-04-29 12:55:44.585390,-1.384851
2024-04-29 12:55:44.601020,-1.482705
2024-04-29 12:55:44.616640,-1.484192
2024-04-29 12:55:44.632270,-1.390567
2024-04-29 12:55:44.647890,-1.234266
2024-04-29 12:55:44.663520,-1.098197
2024-04-29 12:55:44.679140,-1.073277
2024-04-29 12:55:44.694770,-1.201724
2024-04-29 12:55:44.710400,-1.445851
2024-04-29 12:55:44.726020,-1.712141
2024-04-29 12:55:44.741650,-1.903015
2024-04-29 12:55:44.757270,-1.970492
2024-04-29 12:55:44.772900,-1.934448
2024-04-29 12:55:44.788520,-1.843292
2024-04-29 12:55:44.804150,-1.745437
2024-04-29 12:55:44.819780,-1.656147
2024-04-29 12:55:44.835400,-1.569965
2024-04-29 12:55:44.851030,-1.473104
2024-04-29 12:55:44.866650,-1.359811
2024-04-29 12:55:44.882280,-1.208877
2024-04-29 12:55:44.897900,-0.9928329
2024-04-29 12:55:44.913530,-0.686597
2024-04-29 12:55:44.929160,-0.2810405
2024-04-29 12:55:44.944780,0.2114623
2024-04-29 12:55:44.960410,0.7487161
2024-04-29 12:55:44.976030,1.287972
2024-04-29 12:55:44.991660,1.787188
2024-04-29 12:55:45.007280,2.221746
2024-04-29 12:55:45.022910,2.568278
2024-04-29 12:55:45.038540,2.810902
2024-04-29 12:55:45.054160,2.918046
2024-04-29 12:55:45.069790,2.885282
2024-04-29 12:55:45.085410,2.744752
2024-04-29 12:55:45.101040,2.552778
2024-04-29 12:55:45.116660,2.382919
2024-04-29 12:55:45.132290,2.277546
2024-04-29 12:55:45.147920,2.239832
2024-04-29 12:55:45.163540,2.236184
2024-04-29 12:55:45.179170,2.2288
2024-04-29 12:55:45.194790,2.189761
2024-04-29 12:55:45.210420,2.115486
2024-04-29 12:55:45.226040,2.02309
2024-04-29 12:55:45.241670,1.908323
2024-04-29 12:55:45.257300,1.766409
2024-04-29 12:55:45.272920,1.589023
2024-04-29 12:55:45.288550,1.38863
2024-04-29 12:55:45.304170,1.191224
2024-04-29 12:55:45.319800,1.023857
2024-04-29 12:55:45.335420,0.8891391
2024-04-29 12:55:45.351050,0.7665352
2024-04-29 12:55:45.366680,0.6005713
2024-04-29 12:55:45.382300,0.3537358
2024-04-29 12:55:45.397930,0.02215362
2024-04-29 12:55:45.413550,-0.3417097
2024-04-29 12:55:45.429180,-0.6723232
2024-04-29 12:55:45.444800,-0.8969684
2024-04-29 12:55:45.460430,-0.9878998
2024-04-29 12:55:45.476060,-0.9535425
2024-04-29 12:55:45.491680,-0.8359566
2024-04-29 12:55:45.507310,-0.6995032
2024-04-29 12:55:45.522930,-0.6109004
2024-04-29 12:55:45.538560,-0.6095459
2024-04-29 12:55:45.554180,-0.7207823
2024-04-29 12:55:45.569810,-0.9245343
2024-04-29 12:55:45.585440,-1.159321
2024-04-29 12:55:45.601060,-1.343504
2024-04-29 12:55:45.616690,-1.418896
2024-04-29 12:55:45.632310,-1.374956
2024-04-29 12:55:45.647940,-1.261428
2024-04-29 12:55:45.663560,-1.165932
2024-04-29 12:55:45.679190,-1.158686
2024-04-29 12:55:45.694820,-1.264256
2024-04-29 12:55:45.710440,-1.461743
2024-04-29 12:55:45.726070,-1.701182
2024-04-29 12:55:45.741690,-1.940214
2024-04-29 12:55:45.757320,-2.152583
2024-04-29 12:55:45.772950,-2.31529
2024-04-29 12:55:45.788570,-2.402588
2024-04-29 12:55:45.804200,-2.375656
2024-04-29 12:55:45.819820,-2.200617
2024-04-29 12:55:45.835450,-1.872784
2024-04-29 12:55:45.851070,-1.431602
2024-04-29 12:55:45.866700,-0.9515407
2024-04-29 12:55:45.882330,-0.4875987
2024-04-29 12:55:45.897950,-0.08761072
2024-04-29 12:55:45.913580,0.2490613
2024-04-29 12:55:45.929200,0.5413573
2024-04-29 12:55:45.944830,0.8126671
2024-04-29 12:55:45.960450,1.075044
2024-04-29 12:55:45.976080,1.320653
2024-04-29 12:55:45.991710,1.528574
2024-04-29 12:55:46.007330,1.672847
2024-04-29 12:55:46.022960,1.719426
2024-04-29 12:55:46.038580,1.643956
2024-04-29 12:55:46.054210,1.4587
2024-04-29 12:55:46.069830,1.213569
2024-04-29 12:55:46.085460,1.005559
2024-04-29 12:55:46.101090,0.9261799
2024-04-29 12:55:46.116710,1.006025
2024-04-29 12:55:46.132340,1.178903
2024-04-29 12:55:46.147960,1.312096
2024-04-29 12:55:46.163590,1.272427
2024-04-29 12:55:46.179210,1.012712
2024-04-29 12:55:46.194840,0.6193838
2024-04-29 12:55:46.210470,0.2625751
2024-04-29 12:55:46.226090,0.118988
2024-04-29 12:55:46.241720,0.2499127
2024-04-29 12:55:46.257340,0.5749497
2024-04-29 12:55:46.272970,0.9194579
2024-04-29 12:55:46.288590,1.105503
2024-04-29 12:55:46.304220,1.052194
2024-04-29 12:55:46.319850,0.7953949
2024-04-29 12:55:46.335470,0.4558139
2024-04-29 12:55:46.351100,0.1284175
2024-04-29 12:55:46.366720,-0.155889
2024-04-29 12:55:46.382350,-0.4221835
2024-04-29 12:55:46.397970,-0.6940269
2024-04-29 12:55:46.413600,-0.9514432
2024-04-29 12:55:46.429230,-1.105863
2024-04-29 12:55:46.444850,-1.062122
2024-04-29 12:55:46.460480,-0.8020229
2024-04-29 12:55:46.476100,-0.4236474
2024-04-29 12:55:46.491730,-0.1075082
2024-04-29 12:55:46.507350,-0.02480221
2024-04-29 12:55:46.522980,-0.24681
2024-04-29 12:55:46.538610,-0.6816387
2024-04-29 12:55:46.554230,-1.140997
2024-04-29 12:55:46.569860,-1.435438
2024-04-29 12:55:46.585480,-1.471865
2024-04-29 12:55:46.601110,-1.302011
2024-04-29 12:55:46.616730,-1.06715
2024-04-29 12:55:46.632360,-0.9234128
2024-04-29 12:55:46.647990,-0.9611502
2024-04-29 12:55:46.663610,-1.176805
2024-04-29 12:55:46.679240,-1.493545
2024-04-29 12:55:46.694860,-1.805588
2024-04-29 12:55:46.710490,-2.028058
2024-04-29 12:55:46.726110,-2.120584
2024-04-29 12:55:46.741740,-2.104569
2024-04-29 12:55:46.757370,-2.04373
2024-04-29 12:55:46.772990,-2.007898
2024-04-29 12:55:46.788620,-2.025382
2024-04-29 12:55:46.804240,-2.063061
2024-04-29 12:55:46.819870,-2.024511
2024-04-29 12:55:46.835490,-1.808535
2024-04-29 12:55:46.851120,-1.368896
2024-04-29 12:55:46.866750,-0.7461267
2024-04-29 12:55:46.882370,-0.05545807
2024-04-29 12:55:46.898000,0.5650024
2024-04-29 12:55:46.913620,1.022533
2024-04-29 12:55:46.929250,1.303527
2024-04-29 12:55:46.944870,1.467456
2024-04-29 12:55:46.960500,1.594656
2024-04-29 12:55:46.976130,1.731774
2024-04-29 12:55:46.991750,1.875945
2024-04-29 12:55:47.007380,1.982504
2024-04-29 12:55:47.023000,2.001136
2024-04-29 12:55:47.038630,1.915828
2024-04-29 12:55:47.054250,1.752893
2024-04-29 12:55:47.069880,1.569098
2024-04-29 12:55:47.085510,1.425066
2024-04-29 12:55:47.101130,1.368863
2024-04-29 12:55:47.116760,1.405273
2024-04-29 12:55:47.132380,1.509013
2024-04-29 12:55:47.148010,1.635824
2024-04-29 12:55:47.163630,1.754113
2024-04-29 12:55:47.179260,1.852025
2024-04-29 12:55:47.194890,1.927654
2024-04-29 12:55:47.210510,1.98029
2024-04-29 12:55:47.226140,1.972619
2024-04-29 12:55:47.241760,1.858523
2024-04-29 12:55:47.257390,1.574484
2024-04-29 12:55:47.273010,1.110619
2024-04-29 12:55:47.288640,0.5151963
2024-04-29 12:55:47.304270,-0.09335232
2024-04-29 12:55:47.319890,-0.5632048
2024-04-29 12:55:47.335520,-0.7889032
2024-04-29 12:55:47.351140,-0.7408462
2024-04-29 12:55:47.366770,-0.5004892
2024-04-29 12:55:47.382390,-0.1999245
2024-04-29 12:55:47.398020,0.01646423
2024-04-29 12:55:47.413650,0.08119774
2024-04-29 12:55:47.429270,0.004277706
2024-04-29 12:55:47.444900,-0.1468477
2024-04-29 12:55:47.460520,-0.2856326
2024-04-29 12:55:47.476150,-0.3487864
2024-04-29 12:55:47.491770,-0.3230491
2024-04-29 12:55:47.507400,-0.2554312
2024-04-29 12:55:47.523030,-0.2217307
2024-04-29 12:55:47.538650,-0.3133516
2024-04-29 12:55:47.554280,-0.5645952
2024-04-29 12:55:47.569900,-0.9442186
2024-04-29 12:55:47.585530,-1.3494
2024-04-29 12:55:47.601150,-1.652814
2024-04-29 12:55:47.616780,-1.771241
2024-04-29 12:55:47.632410,-1.716604
2024-04-29 12:55:47.648030,-1.581163
2024-04-29 12:55:47.663660,-1.485795
2024-04-29 12:55:47.679280,-1.509471
2024-04-29 12:55:47.694910,-1.633515
2024-04-29 12:55:47.710530,-1.752821
2024-04-29 12:55:47.726160,-1.753637
2024-04-29 12:55:47.741790,-1.580335
2024-04-29 12:55:47.757410,-1.268358
2024-04-29 12:55:47.773040,-0.8997569
2024-04-29 12:55:47.788660,-0.5487456
2024-04-29 12:55:47.804290,-0.2234778
2024-04-29 12:55:47.819910,0.1113734
2024-04-29 12:55:47.835540,0.4934635
2024-04-29 12:55:47.851170,0.9213452
2024-04-29 12:55:47.866790,1.324788
2024-04-29 12:55:47.882420,1.605538
2024-04-29 12:55:47.898040,1.679642
2024-04-29 12:55:47.913670,1.505152
2024-04-29 12:55:47.929290,1.127426
2024-04-29 12:55:47.944920,0.6661887
2024-04-29 12:55:47.960550,0.2722931
2024-04-29 12:55:47.976170,0.08566809
2024-04-29 12:55:47.991800,0.1665268
2024-04-29 12:55:48.007420,0.4615932
2024-04-29 12:55:48.023050,0.8260703
2024-04-29 12:55:48.038680,1.102859
2024-04-29 12:55:48.054300,1.174769
2024-04-29 12:55:48.069930,1.023159
2024-04-29 12:55:48.085550,0.7234297
2024-04-29 12:55:48.101180,0.4040937
2024-04-29 12:55:48.116800,0.1711025
2024-04-29 12:55:48.132430,0.07399511
2024-04-29 12:55:48.148060,0.09454298
2024-04-29 12:55:48.163680,0.1876316
2024-04-29 12:55:48.179310,0.3144922
2024-04-29 12:55:48.194930,0.4481735
2024-04-29 12:55:48.210560,0.5550003
2024-04-29 12:55:48.226180,0.581357
2024-04-29 12:55:48.241810,0.4763618
2024-04-29 12:55:48.257440,0.2171121
2024-04-29 12:55:48.273060,-0.144906
2024-04-29 12:55:48.288690,-0.4962583
2024-04-29 12:55:48.304310,-0.7132301
2024-04-29 12:55:48.319940,-0.7272038
2024-04-29 12:55:48.335560,-0.561924
2024-04-29 12:55:48.351190,-0.3148189
2024-04-29 12:55:48.366820,-0.09783649
2024-04-29 12:55:48.382440,0.009756565
2024-04-29 12:55:48.398070,-0.001832008
2024-04-29 12:55:48.413690,-0.08522415
2024-04-29 12:55:48.429320,-0.1872196
2024-04-29 12:55:48.444940,-0.2896676
2024-04-29 12:55:48.460570,-0.4269834
2024-04-29 12:55:48.476200,-0.6534901
2024-04-29 12:55:48.491820,-0.9880419
2024-04-29 12:55:48.507450,-1.380844
2024-04-29 12:55:48.523070,-1.733263
2024-04-29 12:55:48.538700,-1.935629
2024-04-29 12:55:48.554320,-1.927998
2024-04-29 12:55:48.569950,-1.733791
2024-04-29 12:55:48.585580,-1.44914
2024-04-29 12:55:48.601200,-1.172881
2024-04-29 12:55:48.616830,-0.9711795
2024-04-29 12:55:48.632450,-0.8437047
2024-04-29 12:55:48.648080,-0.7504311
2024-04-29 12:55:48.663700,-0.65661
2024-04-29 12:55:48.679330,-0.5668225
2024-04-29 12:55:48.694960,-0.5076227
2024-04-29 12:55:48.710580,-0.5060372
2024-04-29 12:55:48.726210,-0.5579453
2024-04-29 12:55:48.741830,-0.6204276
2024-04-29 12:55:48.757460,-0.6360941
2024-04-29 12:55:48.773080,-0.5568161
2024-04-29 12:55:48.788710,-0.3870001
2024-04-29 12:55:48.804340,-0.1599011
2024-04-29 12:55:48.819960,0.08427811
2024-04-29 12:55:48.835590,0.3338485
2024-04-29 12:55:48.851210,0.5866303
2024-04-29 12:55:48.866840,0.8458557
2024-04-29 12:55:48.882460,1.090513
2024-04-29 12:55:48.898090,1.247554
2024-04-29 12:55:48.913720,1.245856
2024-04-29 12:55:48.929340,1.057704
2024-04-29 12:55:48.944970,0.7358794
2024-04-29 12:55:48.960590,0.3981109
2024-04-29 12:55:48.976220,0.167232
2024-04-29 12:55:48.991840,0.09699965
2024-04-29 12:55:49.007470,0.1437502
2024-04-29 12:55:49.023100,0.1889839
2024-04-29 12:55:49.038720,0.1167665
2024-04-29 12:55:49.054350,-0.1133165
2024-04-29 12:55:49.069970,-0.4105487
2024-04-29 12:55:49.085600,-0.6131458
2024-04-29 12:55:49.101220,-0.5795684
2024-04-29 12:55:49.116850,-0.2609668
2024-04-29 12:55:49.132480,0.2445354
2024-04-29 12:55:49.148100,0.7744689
2024-04-29 12:55:49.163730,1.176367
2024-04-29 12:55:49.179350,1.368724
2024-04-29 12:55:49.194980,1.359908
2024-04-29 12:55:49.210600,1.200865
2024-04-29 12:55:49.226230,0.9483776
2024-04-29 12:55:49.241860,0.6452341
2024-04-29 12:55:49.257480,0.3504753
2024-04-29 12:55:49.273110,0.1336093
2024-04-29 12:55:49.288730,0.05414343
2024-04-29 12:55:49.304360,0.1025743
2024-04-29 12:55:49.319980,0.1812658
2024-04-29 12:55:49.335610,0.1574383
2024-04-29 12:55:49.351240,-0.06294537
2024-04-29 12:55:49.366860,-0.4568872
2024-04-29 12:55:49.382490,-0.8698616
2024-04-29 12:55:49.398110,-1.103599
2024-04-29 12:55:49.413740,-1.046079
2024-04-29 12:55:49.429360,-0.731997
2024-04-29 12:55:49.444990,-0.3471956
2024-04-29 12:55:49.460620,-0.1111345
2024-04-29 12:55:49.476240,-0.1304984
2024-04-29 12:55:49.491870,-0.356883
2024-04-29 12:55:49.507490,-0.6082463
2024-04-29 12:55:49.523120,-0.6884913
2024-04-29 12:55:49.538740,-0.5098691
2024-04-29 12:55:49.554370,-0.1553183
2024-04-29 12:55:49.570000,0.1880059
2024-04-29 12:55:49.585620,0.3322673
2024-04-29 12:55:49.601250,0.1984344
2024-04-29 12:55:49.616870,-0.1265163
2024-04-29 12:55:49.632500,-0.482317
2024-04-29 12:55:49.648120,-0.7019167
2024-04-29 12:55:49.663750,-0.7079568
2024-04-29 12:55:49.679380,-0.5470614
2024-04-29 12:55:49.695000,-0.3221483
2024-04-29 12:55:49.710630,-0.1186314
2024-04-29 12:55:49.726250,0.06720257
2024-04-29 12:55:49.741880,0.2965631
2024-04-29 12:55:49.757500,0.6377754
2024-04-29 12:55:49.773130,1.085295
2024-04-29 12:55:49.788760,1.532901
2024-04-29 12:55:49.804380,1.836998
2024-04-29 12:55:49.820010,1.902905
2024-04-29 12:55:49.835630,1.74392
2024-04-29 12:55:49.851260,1.475267
2024-04-29 12:55:49.866880,1.227971
2024-04-29 12:55:49.882510,1.076074
2024-04-29 12:55:49.898140,0.9832225
2024-04-29 12:55:49.913760,0.8404312
2024-04-29 12:55:49.929390,0.5546336
2024-04-29 12:55:49.945010,0.1298642
2024-04-29 12:55:49.960640,-0.3126311
2024-04-29 12:55:49.976260,-0.5917621
2024-04-29 12:55:49.991890,-0.5776634
2024-04-29 12:55:50.007520,-0.2607574
2024-04-29 12:55:50.023140,0.227922
2024-04-29 12:55:50.038770,0.6956434
2024-04-29 12:55:50.054390,0.9856858
2024-04-29 12:55:50.070020,1.051559
2024-04-29 12:55:50.085640,0.9540567
2024-04-29 12:55:50.101270,0.7908578
2024-04-29 12:55:50.116900,0.6367788
2024-04-29 12:55:50.132520,0.496304
2024-04-29 12:55:50.148150,0.3357449
2024-04-29 12:55:50.163770,0.1345029
2024-04-29 12:55:50.179400,-0.07679272
2024-04-29 12:55:50.195020,-0.2332172
2024-04-29 12:55:50.210650,-0.3025737
2024-04-29 12:55:50.226280,-0.2994165
2024-04-29 12:55:50.241900,-0.3055692
2024-04-29 12:55:50.257530,-0.3951445
2024-04-29 12:55:50.273150,-0.5779915
2024-04-29 12:55:50.288780,-0.8011756
2024-04-29 12:55:50.304400,-0.9733677
2024-04-29 12:55:50.320030,-1.033348
2024-04-29 12:55:50.335660,-0.9943619
2024-04-29 12:55:50.351280,-0.9224257
2024-04-29 12:55:50.366910,-0.9019566
2024-04-29 12:55:50.382530,-0.9674206
2024-04-29 12:55:50.398160,-1.106159
2024-04-29 12:55:50.413780,-1.260942
2024-04-29 12:55:50.429410,-1.388999
2024-04-29 12:55:50.445040,-1.491395
2024-04-29 12:55:50.460660,-1.590198
2024-04-29 12:55:50.476290,-1.719251
2024-04-29 12:55:50.491910,-1.876567
2024-04-29 12:55:50.507540,-2.021749
2024-04-29 12:55:50.523160,-2.089055
2024-04-29 12:55:50.538790,-2.027855
2024-04-29 12:55:50.554420,-1.820942
2024-04-29 12:55:50.570040,-1.49171
2024-04-29 12:55:50.585670,-1.121443
2024-04-29 12:55:50.601290,-0.800581
2024-04-29 12:55:50.616920,-0.6130466
2024-04-29 12:55:50.632550,-0.5708146
2024-04-29 12:55:50.648170,-0.6095748
2024-04-29 12:55:50.663800,-0.6123915
2024-04-29 12:55:50.679420,-0.4676208
2024-04-29 12:55:50.695050,-0.1299586
2024-04-29 12:55:50.710670,0.3463225
2024-04-29 12:55:50.726300,0.8469968
2024-04-29 12:55:50.741930,1.259439
2024-04-29 12:55:50.757550,1.532933
2024-04-29 12:55:50.773180,1.701698
2024-04-29 12:55:50.788800,1.835373
2024-04-29 12:55:50.804430,1.988403
2024-04-29 12:55:50.820050,2.15203
2024-04-29 12:55:50.835680,2.26612
2024-04-29 12:55:50.851310,2.278427
2024-04-29 12:55:50.866930,2.156939
2024-04-29 12:55:50.882560,1.938109
2024-04-29 12:55:50.898180,1.67082
2024-04-29 12:55:50.913810,1.397529
2024-04-29 12:55:50.929430,1.121899
2024-04-29 12:55:50.945060,0.8422933
2024-04-29 12:55:50.960690,0.5758729
2024-04-29 12:55:50.976310,0.3697705
2024-04-29 12:55:50.991940,0.2924299
2024-04-29 12:55:51.007560,0.3740997
2024-04-29 12:55:51.023190,0.5814137
2024-04-29 12:55:51.038810,0.8191338
2024-04-29 12:55:51.054440,0.9646454
2024-04-29 12:55:51.070070,0.9401803
2024-04-29 12:55:51.085690,0.7303524
2024-04-29 12:55:51.101320,0.4151392
2024-04-29 12:55:51.116940,0.1002412
2024-04-29 12:55:51.132570,-0.09145594
2024-04-29 12:55:51.148190,-0.0793519
2024-04-29 12:55:51.163820,0.1445932
2024-04-29 12:55:51.179450,0.5264096
2024-04-29 12:55:51.195070,0.9640136
2024-04-29 12:55:51.210700,1.336281
2024-04-29 12:55:51.226320,1.544356
2024-04-29 12:55:51.241950,1.540273
2024-04-29 12:55:51.257570,1.339222
2024-04-29 12:55:51.273200,1.011351
2024-04-29 12:55:51.288830,0.6174808
2024-04-29 12:55:51.304450,0.1941195
2024-04-29 12:55:51.320080,-0.2636199
2024-04-29 12:55:51.335700,-0.7701068
2024-04-29 12:55:51.351330,-1.296129
2024-04-29 12:55:51.366950,-1.753463
2024-04-29 12:55:51.382580,-2.026341
2024-04-29 12:55:51.398210,-2.041009
2024-04-29 12:55:51.413830,-1.838268
2024-04-29 12:55:51.429460,-1.579355
2024-04-29 12:55:51.445080,-1.458834
2024-04-29 12:55:51.460710,-1.60783
2024-04-29 12:55:51.476330,-2.008343
2024-04-29 12:55:51.491960,-2.510215
2024-04-29 12:55:51.507590,-2.917481
2024-04-29 12:55:51.523210,-3.100364
2024-04-29 12:55:51.538840,-3.038624
2024-04-29 12:55:51.554460,-2.826959
2024-04-29 12:55:51.570090,-2.572377
2024-04-29 12:55:51.585710,-2.351716
2024-04-29 12:55:51.601340,-2.178036
2024-04-29 12:55:51.616970,-2.041328
2024-04-29 12:55:51.632590,-1.927082
2024-04-29 12:55:51.648220,-1.826791
2024-04-29 12:55:51.663840,-1.728468
2024-04-29 12:55:51.679470,-1.599717
2024-04-29 12:55:51.695090,-1.386794
2024-04-29 12:55:51.710720,-1.05548
2024-04-29 12:55:51.726350,-0.6034379
2024-04-29 12:55:51.741970,-0.08529329
2024-04-29 12:55:51.757600,0.4199872
2024-04-29 12:55:51.773220,0.8540792
2024-04-29 12:55:51.788850,1.19318
2024-04-29 12:55:51.804470,1.43774
2024-04-29 12:55:51.820100,1.607028
2024-04-29 12:55:51.835730,1.719532
2024-04-29 12:55:51.851350,1.781545
2024-04-29 12:55:51.866980,1.808753
2024-04-29 12:55:51.882600,1.828015
2024-04-29 12:55:51.898230,1.859343
2024-04-29 12:55:51.913850,1.903913
2024-04-29 12:55:51.929480,1.931833
2024-04-29 12:55:51.945110,1.89966
2024-04-29 12:55:51.960730,1.761121
2024-04-29 12:55:51.976360,1.524353
2024-04-29 12:55:51.991980,1.249216
2024-04-29 12:55:52.007610,1.01816
2024-04-29 12:55:52.023230,0.8827834
2024-04-29 12:55:52.038860,0.8612289
2024-04-29 12:55:52.054490,0.92135
2024-04-29 12:55:52.070110,1.012778
2024-04-29 12:55:52.085740,1.097116
2024-04-29 12:55:52.101360,1.142225
2024-04-29 12:55:52.116990,1.118427
2024-04-29 12:55:52.132610,0.9960971
2024-04-29 12:55:52.148240,0.7659137
2024-04-29 12:55:52.163870,0.4591463
2024-04-29 12:55:52.179490,0.1473761
2024-04-29 12:55:52.195120,-0.06880927
2024-04-29 12:55:52.210740,-0.1212914
2024-04-29 12:55:52.226370,-0.01422167
2024-04-29 12:55:52.241990,0.1645095
2024-04-29 12:55:52.257620,0.2907429
2024-04-29 12:55:52.273250,0.2707162
2024-04-29 12:55:52.288870,0.1000278
2024-04-29 12:55:52.304500,-0.1385114
2024-04-29 12:55:52.320120,-0.3275828
2024-04-29 12:55:52.335750,-0.3903642
2024-04-29 12:55:52.351370,-0.3232284
2024-04-29 12:55:52.367000,-0.1892164
2024-04-29 12:55:52.382630,-0.06476998
2024-04-29 12:55:52.398250,0.01990891
2024-04-29 12:55:52.413880,0.03852701
2024-04-29 12:55:52.429500,-0.009269953
2024-04-29 12:55:52.445130,-0.1391916
2024-04-29 12:55:52.460750,-0.3805952
2024-04-29 12:55:52.476380,-0.7560954
2024-04-29 12:55:52.492010,-1.219239
2024-04-29 12:55:52.507630,-1.656973
2024-04-29 12:55:52.523260,-1.945122
2024-04-29 12:55:52.538880,-1.999227
2024-04-29 12:55:52.554510,-1.850572
2024-04-29 12:55:52.570130,-1.616429
2024-04-29 12:55:52.585760,-1.441692
2024-04-29 12:55:52.601390,-1.392679
2024-04-29 12:55:52.617010,-1.427236
2024-04-29 12:55:52.632640,-1.425418
2024-04-29 12:55:52.648260,-1.271672
2024-04-29 12:55:52.663890,-0.9259043
2024-04-29 12:55:52.679510,-0.4214859
2024-04-29 12:55:52.695140,0.1550474
2024-04-29 12:55:52.710770,0.7475855
2024-04-29 12:55:52.726390,1.335191
2024-04-29 12:55:52.742020,1.919257
2024-04-29 12:55:52.757640,2.45318
2024-04-29 12:55:52.773270,2.849342
2024-04-29 12:55:52.788890,3.000105
2024-04-29 12:55:52.804520,2.855475
2024-04-29 12:55:52.820150,2.486653
2024-04-29 12:55:52.835770,2.036714
2024-04-29 12:55:52.851400,1.660897
2024-04-29 12:55:52.867020,1.431804
2024-04-29 12:55:52.882650,1.313248
2024-04-29 12:55:52.898280,1.215845
2024-04-29 12:55:52.913900,1.072572
2024-04-29 12:55:52.929530,0.9000714
2024-04-29 12:55:52.945150,0.7770944
2024-04-29 12:55:52.960780,0.8025775
2024-04-29 12:55:52.976400,0.9893861
2024-04-29 12:55:52.992030,1.274905
2024-04-29 12:55:53.007660,1.537974
2024-04-29 12:55:53.023280,1.64765
2024-04-29 12:55:53.038910,1.553182
2024-04-29 12:55:53.054530,1.280614
2024-04-29 12:55:53.070160,0.9183455
2024-04-29 12:55:53.085780,0.5401542
2024-04-29 12:55:53.101410,0.1948776
2024-04-29 12:55:53.117040,-0.1166646
2024-04-29 12:55:53.132660,-0.3903186
2024-04-29 12:55:53.148290,-0.5858381
2024-04-29 12:55:53.163910,-0.662514
2024-04-29 12:55:53.179540,-0.5903821
2024-04-29 12:55:53.195160,-0.376687
2024-04-29 12:55:53.210790,-0.08432913
2024-04-29 12:55:53.226420,0.1874089
2024-04-29 12:55:53.242040,0.3420582
2024-04-29 12:55:53.257670,0.3255029
2024-04-29 12:55:53.273290,0.1375804
2024-04-29 12:55:53.288920,-0.1645555
2024-04-29 12:55:53.304540,-0.4949183
2024-04-29 12:55:53.320170,-0.7697902
2024-04-29 12:55:53.335800,-0.9490128
2024-04-29 12:55:53.351420,-1.057984
2024-04-29 12:55:53.367050,-1.154272
2024-04-29 12:55:53.382670,-1.295997
2024-04-29 12:55:53.398300,-1.513172
2024-04-29 12:55:53.413920,-1.786602
2024-04-29 12:55:53.429550,-2.042914
2024-04-29 12:55:53.445180,-2.205025
2024-04-29 12:55:53.460800,-2.223956
2024-04-29 12:55:53.476430,-2.107676
2024-04-29 12:55:53.492050,-1.940722
2024-04-29 12:55:53.507680,-1.824092
2024-04-29 12:55:53.523300,-1.822413
2024-04-29 12:55:53.538930,-1.905713
2024-04-29 12:55:53.554560,-1.965487
2024-04-29 12:55:53.570180,-1.847384
2024-04-29 12:55:53.585810,-1.448189
2024-04-29 12:55:53.601430,-0.7741108
2024-04-29 12:55:53.617060,0.05006981
2024-04-29 12:55:53.632680,0.8215098
2024-04-29 12:55:53.648310,1.382725
2024-04-29 12:55:53.663940,1.674184
2024-04-29 12:55:53.679560,1.761329
2024-04-29 12:55:53.695190,1.764754
2024-04-29 12:55:53.710810,1.790058
2024-04-29 12:55:53.726440,1.851008
2024-04-29 12:55:53.742060,1.880344
2024-04-29 12:55:53.757690,1.812984
2024-04-29 12:55:53.773320,1.640414
2024-04-29 12:55:53.788940,1.454124
2024-04-29 12:55:53.804570,1.356833
2024-04-29 12:55:53.820190,1.387802
2024-04-29 12:55:53.835820,1.466366
2024-04-29 12:55:53.851440,1.427657
2024-04-29 12:55:53.867070,1.140126
2024-04-29 12:55:53.882700,0.5929923
2024-04-29 12:55:53.898320,-0.07406998
2024-04-29 12:55:53.913950,-0.6399159
2024-04-29 12:55:53.929570,-0.9054332
2024-04-29 12:55:53.945200,-0.8038077
2024-04-29 12:55:53.960820,-0.425148
2024-04-29 12:55:53.976450,0.03836632
2024-04-29 12:55:53.992080,0.4005423
2024-04-29 12:55:54.007700,0.5549593
2024-04-29 12:55:54.023330,0.5083585
2024-04-29 12:55:54.038950,0.3459821
2024-04-29 12:55:54.054580,0.1556683
2024-04-29 12:55:54.070200,0.009410381
2024-04-29 12:55:54.085830,-0.08792019
2024-04-29 12:55:54.101460,-0.1667533
2024-04-29 12:55:54.117080,-0.2587175
2024-04-29 12:55:54.132710,-0.3812242
2024-04-29 12:55:54.148330,-0.5168853
2024-04-29 12:55:54.163960,-0.6313629
2024-04-29 12:55:54.179580,-0.6830702
2024-04-29 12:55:54.195210,-0.6712484
2024-04-29 12:55:54.210840,-0.6158414
2024-04-29 12:55:54.226460,-0.5850453
2024-04-29 12:55:54.242090,-0.6321197
2024-04-29 12:55:54.257710,-0.7669835
2024-04-29 12:55:54.273340,-0.9661927
2024-04-29 12:55:54.288960,-1.16805
2024-04-29 12:55:54.304590,-1.312362
2024-04-29 12:55:54.320220,-1.364778
2024-04-29 12:55:54.335840,-1.338464
2024-04-29 12:55:54.351470,-1.266599
2024-04-29 12:55:54.367090,-1.196378
2024-04-29 12:55:54.382720,-1.167737
2024-04-29 12:55:54.398340,-1.194182
2024-04-29 12:55:54.413970,-1.29009
2024-04-29 12:55:54.429600,-1.459823
2024-04-29 12:55:54.445220,-1.690176
2024-04-29 12:55:54.460850,-1.938025
2024-04-29 12:55:54.476470,-2.133502
2024-04-29 12:55:54.492100,-2.194749
2024-04-29 12:55:54.507720,-2.057272
2024-04-29 12:55:54.523350,-1.70529
2024-04-29 12:55:54.538980,-1.176124
2024-04-29 12:55:54.554600,-0.5576582
2024-04-29 12:55:54.570230,0.06119251
2024-04-29 12:55:54.585850,0.6123333
2024-04-29 12:55:54.601480,1.072901
2024-04-29 12:55:54.617100,1.445837
2024-04-29 12:55:54.632730,1.761819
2024-04-29 12:55:54.648360,2.046039
2024-04-29 12:55:54.663980,2.277449
2024-04-29 12:55:54.679610,2.404877
2024-04-29 12:55:54.695230,2.371204
2024-04-29 12:55:54.710860,2.153214
2024-04-29 12:55:54.726480,1.783241
2024-04-29 12:55:54.742110,1.360594
2024-04-29 12:55:54.757740,0.9980435
2024-04-29 12:55:54.773360,0.7912407
2024-04-29 12:55:54.788990,0.7620039
2024-04-29 12:55:54.804610,0.8463941
2024-04-29 12:55:54.820240,0.9398842
2024-04-29 12:55:54.835860,0.9592152
2024-04-29 12:55:54.851490,0.8751345
2024-04-29 12:55:54.867120,0.7416196
2024-04-29 12:55:54.882740,0.6262436
2024-04-29 12:55:54.898370,0.5719204
2024-04-29 12:55:54.913990,0.5713229
2024-04-29 12:55:54.929620,0.5754128
2024-04-29 12:55:54.945240,0.52352
2024-04-29 12:55:54.960870,0.3932037
2024-04-29 12:55:54.976500,0.2259912
2024-04-29 12:55:54.992120,0.08850002
2024-04-29 12:55:55.007750,0.04916668
2024-04-29 12:55:55.023370,0.1320066
2024-04-29 12:55:55.039000,0.2985477
2024-04-29 12:55:55.054630,0.4703918
2024-04-29 12:55:55.070250,0.5510802
2024-04-29 12:55:55.085880,0.4914575
2024-04-29 12:55:55.101500,0.298986
2024-04-29 12:55:55.117130,0.02684498
2024-04-29 12:55:55.132750,-0.260447
2024-04-29 12:55:55.148380,-0.5026932
2024-04-29 12:55:55.164010,-0.6639605
2024-04-29 12:55:55.179630,-0.7476411
2024-04-29 12:55:55.195260,-0.7604561
2024-04-29 12:55:55.210880,-0.7323551
2024-04-29 12:55:55.226510,-0.6980233
2024-04-29 12:55:55.242130,-0.6942954
2024-04-29 12:55:55.257760,-0.7703648
2024-04-29 12:55:55.273390,-0.9535403
2024-04-29 12:55:55.289010,-1.244392
2024-04-29 12:55:55.304640,-1.594452
2024-04-29 12:55:55.320260,-1.929613
2024-04-29 12:55:55.335890,-2.161929
2024-04-29 12:55:55.351510,-2.249379
2024-04-29 12:55:55.367140,-2.195606
2024-04-29 12:55:55.382770,-2.040884
2024-04-29 12:55:55.398390,-1.851559
2024-04-29 12:55:55.414020,-1.67823
2024-04-29 12:55:55.429640,-1.542357
2024-04-29 12:55:55.445270,-1.454978
2024-04-29 12:55:55.460890,-1.418122
2024-04-29 12:55:55.476520,-1.424492
2024-04-29 12:55:55.492150,-1.440958
2024-04-29 12:55:55.507770,-1.391461
2024-04-29 12:55:55.523400,-1.160109
2024-04-29 12:55:55.539020,-0.6641541
2024-04-29 12:55:55.554650,0.08687496
2024-04-29 12:55:55.570270,0.9514823
2024-04-29 12:55:55.585900,1.700761
2024-04-29 12:55:55.601530,2.113342
2024-04-29 12:55:55.617150,2.095592
2024-04-29 12:55:55.632780,1.735662
2024-04-29 12:55:55.648400,1.262976
2024-04-29 12:55:55.664030,0.9387712
2024-04-29 12:55:55.679650,0.9034495
2024-04-29 12:55:55.695280,1.117288
2024-04-29 12:55:55.710910,1.40743
2024-04-29 12:55:55.726530,1.577842
2024-04-29 12:55:55.742160,1.532125
2024-04-29 12:55:55.757780,1.331037
2024-04-29 12:55:55.773410,1.134352
2024-04-29 12:55:55.789030,1.074022
2024-04-29 12:55:55.804660,1.175529
2024-04-29 12:55:55.820290,1.333953
2024-04-29 12:55:55.835910,1.388199
2024-04-29 12:55:55.851540,1.228532
2024-04-29 12:55:55.867160,0.8659754
2024-04-29 12:55:55.882790,0.427856
2024-04-29 12:55:55.898410,0.07151794
2024-04-29 12:55:55.914040,-0.1115308
2024-04-29 12:55:55.929670,-0.1349487
2024-04-29 12:55:55.945290,-0.0992775
2024-04-29 12:55:55.960920,-0.0955987
2024-04-29 12:55:55.976540,-0.176486
2024-04-29 12:55:55.992170,-0.3061385
2024-04-29 12:55:56.007790,-0.4377594
2024-04-29 12:55:56.023420,-0.5318174
2024-04-29 12:55:56.039050,-0.6096234
2024-04-29 12:55:56.054670,-0.7081027
2024-04-29 12:55:56.070300,-0.8649101
2024-04-29 12:55:56.085920,-1.076969
2024-04-29 12:55:56.101550,-1.298268
2024-04-29 12:55:56.117170,-1.460181
2024-04-29 12:55:56.132800,-1.502281
2024-04-29 12:55:56.148430,-1.398959
2024-04-29 12:55:56.164050,-1.165527
2024-04-29 12:55:56.179680,-0.8592744
2024-04-29 12:55:56.195300,-0.575614
2024-04-29 12:55:56.210930,-0.3964553
2024-04-29 12:55:56.226550,-0.3843541
2024-04-29 12:55:56.242180,-0.5330486
2024-04-29 12:55:56.257810,-0.7879882
2024-04-29 12:55:56.273430,-1.048456
2024-04-29 12:55:56.289060,-1.217545
2024-04-29 12:55:56.304680,-1.24324
2024-04-29 12:55:56.320310,-1.150607
2024-04-29 12:55:56.335930,-1.023075
2024-04-29 12:55:56.351560,-0.9620495
2024-04-29 12:55:56.367190,-1.047078
2024-04-29 12:55:56.382810,-1.298309
2024-04-29 12:55:56.398440,-1.671527
2024-04-29 12:55:56.414060,-2.080369
2024-04-29 12:55:56.429690,-2.420859
2024-04-29 12:55:56.445310,-2.577543
2024-04-29 12:55:56.460940,-2.464025
2024-04-29 12:55:56.476570,-2.039133
2024-04-29 12:55:56.492190,-1.31521
2024-04-29 12:55:56.507820,-0.3727767
2024-04-29 12:55:56.523440,0.6599801
2024-04-29 12:55:56.539070,1.622808
2024-04-29 12:55:56.554690,2.391729
2024-04-29 12:55:56.570320,2.909248
2024-04-29 12:55:56.585950,3.188288
2024-04-29 12:55:56.601570,3.291116
2024-04-29 12:55:56.617200,3.2825
2024-04-29 12:55:56.632820,3.200768
2024-04-29 12:55:56.648450,3.04967
2024-04-29 12:55:56.664070,2.829288
2024-04-29 12:55:56.679700,2.567505
2024-04-29 12:55:56.695330,2.312854
2024-04-29 12:55:56.710950,2.109885
2024-04-29 12:55:56.726580,1.965688
2024-04-29 12:55:56.742200,1.853012
2024-04-29 12:55:56.757830,1.7451
2024-04-29 12:55:56.773450,1.607633
2024-04-29 12:55:56.789080,1.448675
2024-04-29 12:55:56.804710,1.301203
2024-04-29 12:55:56.820330,1.197664
2024-04-29 12:55:56.835960,1.144702
2024-04-29 12:55:56.851580,1.114546
2024-04-29 12:55:56.867210,1.052916
2024-04-29 12:55:56.882830,0.9214885
2024-04-29 12:55:56.898460,0.7316613
2024-04-29 12:55:56.914090,0.5113714
2024-04-29 12:55:56.929710,0.3047619
2024-04-29 12:55:56.945340,0.128453
2024-04-29 12:55:56.960960,-0.0177145
2024-04-29 12:55:56.976590,-0.1457334
2024-04-29 12:55:56.992210,-0.240279
2024-04-29 12:55:57.007840,-0.2644589
2024-04-29 12:55:57.023470,-0.1938264
2024-04-29 12:55:57.039090,-0.0324595
2024-04-29 12:55:57.054720,0.1503663
2024-04-29 12:55:57.070340,0.2777965
2024-04-29 12:55:57.085970,0.2749858
2024-04-29 12:55:57.101590,0.1245639
2024-04-29 12:55:57.117220,-0.140362
2024-04-29 12:55:57.132850,-0.4450669
2024-04-29 12:55:57.148470,-0.7377584
2024-04-29 12:55:57.164100,-1.015544
2024-04-29 12:55:57.179720,-1.309473
2024-04-29 12:55:57.195350,-1.637954
2024-04-29 12:55:57.210970,-1.950366
2024-04-29 12:55:57.226600,-2.157759
2024-04-29 12:55:57.242230,-2.164196
2024-04-29 12:55:57.257850,-1.920237
2024-04-29 12:55:57.273480,-1.498526
2024-04-29 12:55:57.289100,-1.045943
2024-04-29 12:55:57.304730,-0.7433648
2024-04-29 12:55:57.320350,-0.7024176
2024-04-29 12:55:57.335980,-0.9317739
2024-04-29 12:55:57.351610,-1.313738
2024-04-29 12:55:57.367230,-1.661571
2024-04-29 12:55:57.382860,-1.796738
2024-04-29 12:55:57.398480,-1.611983
2024-04-29 12:55:57.414110,-1.125062
2024-04-29 12:55:57.429730,-0.437254
2024-04-29 12:55:57.445360,0.3124533
2024-04-29 12:55:57.460990,0.9819689
2024-04-29 12:55:57.476610,1.480846
2024-04-29 12:55:57.492240,1.757999
2024-04-29 12:55:57.507860,1.793252
2024-04-29 12:55:57.523490,1.597131
2024-04-29 12:55:57.539110,1.229027
2024-04-29 12:55:57.554740,0.7839093
2024-04-29 12:55:57.570370,0.3832884
2024-04-29 12:55:57.585990,0.1510983
2024-04-29 12:55:57.601620,0.1523972
2024-04-29 12:55:57.617240,0.3701649
2024-04-29 12:55:57.632870,0.706512
2024-04-29 12:55:57.648490,1.039766
2024-04-29 12:55:57.664120,1.253901
2024-04-29 12:55:57.679750,1.303386
2024-04-29 12:55:57.695370,1.202246
2024-04-29 12:55:57.711000,1.030779
2024-04-29 12:55:57.726620,0.8761463
2024-04-29 12:55:57.742250,0.8048363
2024-04-29 12:55:57.757880,0.8536682
2024-04-29 12:55:57.773500,0.9902396
2024-04-29 12:55:57.789130,1.143065
2024-04-29 12:55:57.804750,1.214767
2024-04-29 12:55:57.820380,1.129564
2024-04-29 12:55:57.836000,0.8668866
2024-04-29 12:55:57.851630,0.4957962
2024-04-29 12:55:57.867260,0.1264863
2024-04-29 12:55:57.882880,-0.137486
2024-04-29 12:55:57.898510,-0.2607431
2024-04-29 12:55:57.914130,-0.2838974
2024-04-29 12:55:57.929760,-0.2966652
2024-04-29 12:55:57.945380,-0.3656559
2024-04-29 12:55:57.961010,-0.4990335
2024-04-29 12:55:57.976640,-0.6462722
2024-04-29 12:55:57.992260,-0.726757
2024-04-29 12:55:58.007890,-0.7210798
2024-04-29 12:55:58.023510,-0.683135
2024-04-29 12:55:58.039140,-0.7249031
2024-04-29 12:55:58.054760,-0.9254227
2024-04-29 12:55:58.070390,-1.279637
2024-04-29 12:55:58.086020,-1.658555
2024-04-29 12:55:58.101640,-1.893294
2024-04-29 12:55:58.117270,-1.881871
2024-04-29 12:55:58.132890,-1.637947
2024-04-29 12:55:58.148520,-1.29443
2024-04-29 12:55:58.164140,-1.016523
2024-04-29 12:55:58.179770,-0.9001479
2024-04-29 12:55:58.195400,-0.9458299
2024-04-29 12:55:58.211020,-1.081243
2024-04-29 12:55:58.226650,-1.218174
2024-04-29 12:55:58.242270,-1.319886
2024-04-29 12:55:58.257900,-1.383461
2024-04-29 12:55:58.273520,-1.432558
2024-04-29 12:55:58.289150,-1.47838
2024-04-29 12:55:58.304780,-1.498112
2024-04-29 12:55:58.320400,-1.451311
2024-04-29 12:55:58.336030,-1.304695
2024-04-29 12:55:58.351650,-1.033206
2024-04-29 12:55:58.367280,-0.6345959
2024-04-29 12:55:58.382900,-0.1238327
2024-04-29 12:55:58.398530,0.4280343
2024-04-29 12:55:58.414160,0.9245148
2024-04-29 12:55:58.429780,1.238913
2024-04-29 12:55:58.445410,1.295115
2024-04-29 12:55:58.461030,1.11536
2024-04-29 12:55:58.476660,0.8211894
2024-04-29 12:55:58.492280,0.5783515
2024-04-29 12:55:58.507910,0.5096035
2024-04-29 12:55:58.523540,0.6310186
2024-04-29 12:55:58.539160,0.8565912
2024-04-29 12:55:58.554790,1.052431
2024-04-29 12:55:58.570410,1.115055
2024-04-29 12:55:58.586040,1.034431
2024-04-29 12:55:58.601660,0.8652649
2024-04-29 12:55:58.617290,0.7060704
2024-04-29 12:55:58.632920,0.6357393
2024-04-29 12:55:58.648540,0.6800938
2024-04-29 12:55:58.664170,0.8085694
2024-04-29 12:55:58.679790,0.9566545
2024-04-29 12:55:58.695420,1.064544
2024-04-29 12:55:58.711040,1.096263
2024-04-29 12:55:58.726670,1.046445
2024-04-29 12:55:58.742300,0.92803
2024-04-29 12:55:58.757920,0.7647076
2024-04-29 12:55:58.773550,0.5711808
2024-04-29 12:55:58.789170,0.3679719
2024-04-29 12:55:58.804800,0.1594591
2024-04-29 12:55:58.820420,-0.04260731
2024-04-29 12:55:58.836050,-0.2160749
2024-04-29 12:55:58.851680,-0.3403068
2024-04-29 12:55:58.867300,-0.4066997
2024-04-29 12:55:58.882930,-0.4194598
2024-04-29 12:55:58.898550,-0.3956051
2024-04-29 12:55:58.914180,-0.3362842
2024-04-29 12:55:58.929800,-0.2299056
2024-04-29 12:55:58.945430,-0.05627966
2024-04-29 12:55:58.961060,0.1779289
2024-04-29 12:55:58.976680,0.4175863
2024-04-29 12:55:58.992310,0.5906591
2024-04-29 12:55:59.007930,0.6354079
2024-04-29 12:55:59.023560,0.5377626
2024-04-29 12:55:59.039180,0.3505411
2024-04-29 12:55:59.054810,0.1372528
2024-04-29 12:55:59.070440,-0.05324125
2024-04-29 12:55:59.086060,-0.2036886
2024-04-29 12:55:59.101690,-0.3490076
2024-04-29 12:55:59.117310,-0.523057
2024-04-29 12:55:59.132940,-0.7249913
2024-04-29 12:55:59.148560,-0.9218974
2024-04-29 12:55:59.164190,-1.059331
2024-04-29 12:55:59.179820,-1.111732
2024-04-29 12:55:59.195440,-1.109539
2024-04-29 12:55:59.211070,-1.125323
2024-04-29 12:55:59.226690,-1.239962
2024-04-29 12:55:59.242320,-1.50129
2024-04-29 12:55:59.257940,-1.882224
2024-04-29 12:55:59.273570,-2.290203
2024-04-29 12:55:59.289200,-2.594354
2024-04-29 12:55:59.304820,-2.677283
2024-04-29 12:55:59.320450,-2.469579
2024-04-29 12:55:59.336070,-1.991329
2024-04-29 12:55:59.351700,-1.345179
2024-04-29 12:55:59.367320,-0.6891389
2024-04-29 12:55:59.382950,-0.1733589
2024-04-29 12:55:59.398580,0.1211162
2024-04-29 12:55:59.414200,0.213918
2024-04-29 12:55:59.429830,0.1887009
2024-04-29 12:55:59.445450,0.150315
2024-04-29 12:55:59.461080,0.1634691
2024-04-29 12:55:59.476700,0.2275646
2024-04-29 12:55:59.492330,0.2959933
2024-04-29 12:55:59.507960,0.3189001
2024-04-29 12:55:59.523580,0.2641385
2024-04-29 12:55:59.539210,0.1489723
2024-04-29 12:55:59.554830,0.03110075
2024-04-29 12:55:59.570460,-0.03427839
2024-04-29 12:55:59.586080,-0.006169796
2024-04-29 12:55:59.601710,0.1258376
2024-04-29 12:55:59.617340,0.3352804
2024-04-29 12:55:59.632960,0.5676675
2024-04-29 12:55:59.648590,0.7693558
2024-04-29 12:55:59.664210,0.8934891
2024-04-29 12:55:59.679840,0.916441
2024-04-29 12:55:59.695460,0.8566985
2024-04-29 12:55:59.711090,0.745033
2024-04-29 12:55:59.726720,0.612947
2024-04-29 12:55:59.742340,0.4736109
2024-04-29 12:55:59.757970,0.3195255
2024-04-29 12:55:59.773590,0.1508322
2024-04-29 12:55:59.789220,0.009958744
2024-04-29 12:55:59.804840,-0.04118228
2024-04-29 12:55:59.820470,0.0622313
2024-04-29 12:55:59.836100,0.3398269
2024-04-29 12:55:59.851720,0.7160339
2024-04-29 12:55:59.867350,1.059493
2024-04-29 12:55:59.882970,1.22767
2024-04-29 12:55:59.898600,1.140221
2024-04-29 12:55:59.914230,0.8338803
2024-04-29 12:55:59.929850,0.4314464
2024-04-29 12:55:59.945480,0.08714056
2024-04-29 12:55:59.961100,-0.0966655
2024-04-29 12:55:59.976730,-0.1108652
2024-04-29 12:55:59.992350,-0.03762436
2024-04-29 12:56:00.007980,0.02033353
2024-04-29 12:56:00.023610,-0.01850057
2024-04-29 12:56:00.039230,-0.1721144
2024-04-29 12:56:00.054860,-0.3950365
2024-04-29 12:56:00.070480,-0.6213474
2024-04-29 12:56:00.086110,-0.8042798
2024-04-29 12:56:00.101730,-0.9224955
2024-04-29 12:56:00.117360,-0.966098
2024-04-29 12:56:00.132990,-0.9282552
2024-04-29 12:56:00.148610,-0.8148462
2024-04-29 12:56:00.164240,-0.6440523
2024-04-29 12:56:00.179860,-0.4614793
2024-04-29 12:56:00.195490,-0.3320987
2024-04-29 12:56:00.211110,-0.3164036
2024-04-29 12:56:00.226740,-0.4340607
2024-04-29 12:56:00.242370,-0.6560906
2024-04-29 12:56:00.257990,-0.8959078
2024-04-29 12:56:00.273620,-1.05505
2024-04-29 12:56:00.289240,-1.037519
2024-04-29 12:56:00.304870,-0.7872163
2024-04-29 12:56:00.320490,-0.3168424
2024-04-29 12:56:00.336120,0.3091924
2024-04-29 12:56:00.351750,0.9876438
2024-04-29 12:56:00.367370,1.613413
2024-04-29 12:56:00.383000,2.090104
2024-04-29 12:56:00.398620,2.374267
2024-04-29 12:56:00.414250,2.458989
2024-04-29 12:56:00.429870,2.379405
2024-04-29 12:56:00.445500,2.198792
2024-04-29 12:56:00.461130,1.979005
2024-04-29 12:56:00.476750,1.779565
2024-04-29 12:56:00.492380,1.628662
2024-04-29 12:56:00.508000,1.53702
2024-04-29 12:56:00.523630,1.487824
2024-04-29 12:56:00.539250,1.452735
2024-04-29 12:56:00.554880,1.404445
2024-04-29 12:56:00.570510,1.352278
2024-04-29 12:56:00.586130,1.312263
2024-04-29 12:56:00.601760,1.300603
2024-04-29 12:56:00.617380,1.307725
2024-04-29 12:56:00.633010,1.289623
2024-04-29 12:56:00.648630,1.179547
2024-04-29 12:56:00.664260,0.9349616
2024-04-29 12:56:00.679890,0.575913
2024-04-29 12:56:00.695510,0.1885547
2024-04-29 12:56:00.711140,-0.1063734
2024-04-29 12:56:00.726760,-0.2164682
2024-04-29 12:56:00.742390,-0.1233357
2024-04-29 12:56:00.758010,0.1061688
2024-04-29 12:56:00.773640,0.3201835
2024-04-29 12:56:00.789270,0.3766473
2024-04-29 12:56:00.804890,0.2021123
2024-04-29 12:56:00.820520,-0.1699024
2024-04-29 12:56:00.836140,-0.6221689
2024-04-29 12:56:00.851770,-1.001074
2024-04-29 12:56:00.867390,-1.208099
2024-04-29 12:56:00.883020,-1.222353
2024-04-29 12:56:00.898650,-1.086912
2024-04-29 12:56:00.914270,-0.8743144
2024-04-29 12:56:00.929900,-0.6365381
2024-04-29 12:56:00.945520,-0.3841824
2024-04-29 12:56:00.961150,-0.1120223
2024-04-29 12:56:00.976770,0.1648067
2024-04-29 12:56:00.992400,0.3793535
2024-04-29 12:56:01.008030,0.438291
2024-04-29 12:56:01.023650,0.2746883
2024-04-29 12:56:01.039280,-0.1049361
2024-04-29 12:56:01.054900,-0.6287846
2024-04-29 12:56:01.070530,-1.187059
2024-04-29 12:56:01.086150,-1.698168
2024-04-29 12:56:01.101780,-2.120071
2024-04-29 12:56:01.117410,-2.448415
2024-04-29 12:56:01.133030,-2.679973
2024-04-29 12:56:01.148660,-2.798599
2024-04-29 12:56:01.164280,-2.775324
2024-04-29 12:56:01.179910,-2.598262
2024-04-29 12:56:01.195530,-2.284461
2024-04-29 12:56:01.211160,-1.876224
2024-04-29 12:56:01.226790,-1.426977
2024-04-29 12:56:01.242410,-0.9557377
2024-04-29 12:56:01.258040,-0.4414575
2024-04-29 12:56:01.273660,0.1203666
2024-04-29 12:56:01.289290,0.6905912
2024-04-29 12:56:01.304910,1.174286
2024-04-29 12:56:01.320540,1.449537
2024-04-29 12:56:01.336170,1.446554
2024-04-29 12:56:01.351790,1.217161
2024-04-29 12:56:01.367420,0.9099678
2024-04-29 12:56:01.383040,0.7178363
2024-04-29 12:56:01.398670,0.7785977
2024-04-29 12:56:01.414290,1.095993
2024-04-29 12:56:01.429920,1.548824
2024-04-29 12:56:01.445550,1.954489
2024-04-29 12:56:01.461170,2.177579
2024-04-29 12:56:01.476800,2.197212
2024-04-29 12:56:01.492420,2.086096
2024-04-29 12:56:01.508050,1.949234
2024-04-29 12:56:01.523670,1.8388
2024-04-29 12:56:01.539300,1.72049
2024-04-29 12:56:01.554930,1.522316
2024-04-29 12:56:01.570550,1.202172
2024-04-29 12:56:01.586180,0.8056445
2024-04-29 12:56:01.601800,0.4652804
2024-04-29 12:56:01.617430,0.3137822
2024-04-29 12:56:01.633050,0.4099941
2024-04-29 12:56:01.648680,0.6850763
2024-04-29 12:56:01.664310,0.9841961
2024-04-29 12:56:01.679930,1.124241
2024-04-29 12:56:01.695560,1.006391
2024-04-29 12:56:01.711180,0.6540523
2024-04-29 12:56:01.726810,0.1869965
2024-04-29 12:56:01.742430,-0.2520858
2024-04-29 12:56:01.758060,-0.5647459
2024-04-29 12:56:01.773690,-0.7492261
2024-04-29 12:56:01.789310,-0.86756
2024-04-29 12:56:01.804940,-0.9901538
2024-04-29 12:56:01.820560,-1.137914
2024-04-29 12:56:01.836190,-1.266438
2024-04-29 12:56:01.851810,-1.302673
2024-04-29 12:56:01.867440,-1.208046
2024-04-29 12:56:01.883070,-1.03402
2024-04-29 12:56:01.898690,-0.8910308
2024-04-29 12:56:01.914320,-0.8807094
2024-04-29 12:56:01.929940,-1.009202
2024-04-29 12:56:01.945570,-1.176944
2024-04-29 12:56:01.961190,-1.230695
2024-04-29 12:56:01.976820,-1.056818
2024-04-29 12:56:01.992450,-0.6755514
2024-04-29 12:56:02.008070,-0.2486165
2024-04-29 12:56:02.023700,-0.01071501
2024-04-29 12:56:02.039320,-0.136788
2024-04-29 12:56:02.054950,-0.6495931
2024-04-29 12:56:02.070570,-1.413465
2024-04-29 12:56:02.086200,-2.19029
2024-04-29 12:56:02.101830,-2.738756
2024-04-29 12:56:02.117450,-2.896772
2024-04-29 12:56:02.133080,-2.616312
2024-04-29 12:56:02.148700,-1.967685
2024-04-29 12:56:02.164330,-1.090068
2024-04-29 12:56:02.179960,-0.1573945
2024-04-29 12:56:02.195580,0.6684438
2024-04-29 12:56:02.211210,1.27356
2024-04-29 12:56:02.226830,1.630877
2024-04-29 12:56:02.242460,1.784503
2024-04-29 12:56:02.258080,1.817417
2024-04-29 12:56:02.273710,1.795598
2024-04-29 12:56:02.289340,1.759171
2024-04-29 12:56:02.304960,1.715985
2024-04-29 12:56:02.320590,1.654419
2024-04-29 12:56:02.336210,1.565882
2024-04-29 12:56:02.351840,1.446031
2024-04-29 12:56:02.367460,1.298383
2024-04-29 12:56:02.383090,1.116258
2024-04-29 12:56:02.398720,0.9133743
2024-04-29 12:56:02.414340,0.7096057
2024-04-29 12:56:02.429970,0.5623536
2024-04-29 12:56:02.445590,0.5299654
2024-04-29 12:56:02.461220,0.6513948
2024-04-29 12:56:02.476840,0.9104476
2024-04-29 12:56:02.492470,1.227427
2024-04-29 12:56:02.508100,1.481346
2024-04-29 12:56:02.523720,1.570277
2024-04-29 12:56:02.539350,1.459648
2024-04-29 12:56:02.554970,1.183002
2024-04-29 12:56:02.570600,0.8168397
2024-04-29 12:56:02.586220,0.4309678
2024-04-29 12:56:02.601850,0.06547022
2024-04-29 12:56:02.617480,-0.2703121
2024-04-29 12:56:02.633100,-0.5655692
2024-04-29 12:56:02.648730,-0.7906704
2024-04-29 12:56:02.664350,-0.8840475
2024-04-29 12:56:02.679980,-0.8012199
2024-04-29 12:56:02.695600,-0.5580668
2024-04-29 12:56:02.711230,-0.2546499
2024-04-29 12:56:02.726860,-0.03713655
2024-04-29 12:56:02.742480,-0.01104522
2024-04-29 12:56:02.758110,-0.1939993
2024-04-29 12:56:02.773730,-0.4984643
2024-04-29 12:56:02.789360,-0.7742059
2024-04-29 12:56:02.804980,-0.8840599
2024-04-29 12:56:02.820610,-0.7698789
2024-04-29 12:56:02.836240,-0.4695539
2024-04-29 12:56:02.851860,-0.07325268
2024-04-29 12:56:02.867490,0.3104489
2024-04-29 12:56:02.883110,0.5877388
2024-04-29 12:56:02.898740,0.698086
2024-04-29 12:56:02.914360,0.6005015
2024-04-29 12:56:02.929990,0.2998435
2024-04-29 12:56:02.945620,-0.1606693
2024-04-29 12:56:02.961240,-0.6819401
2024-04-29 12:56:02.976870,-1.149528
2024-04-29 12:56:02.992490,-1.455239
2024-04-29 12:56:03.008120,-1.574362
2024-04-29 12:56:03.023740,-1.554503
2024-04-29 12:56:03.039370,-1.506443
2024-04-29 12:56:03.055000,-1.523532
2024-04-29 12:56:03.070620,-1.641251
2024-04-29 12:56:03.086250,-1.825755
2024-04-29 12:56:03.101870,-2.003073
2024-04-29 12:56:03.117500,-2.098395
2024-04-29 12:56:03.133120,-2.077191
2024-04-29 12:56:03.148750,-1.942355
2024-04-29 12:56:03.164380,-1.698118
2024-04-29 12:56:03.180000,-1.339373
2024-04-29 12:56:03.195630,-0.8473127
2024-04-29 12:56:03.211250,-0.2203321
2024-04-29 12:56:03.226880,0.4694431
2024-04-29 12:56:03.242500,1.107531
2024-04-29 12:56:03.258130,1.537611
2024-04-29 12:56:03.273760,1.660974
2024-04-29 12:56:03.289380,1.48163
2024-04-29 12:56:03.305010,1.123723
2024-04-29 12:56:03.320630,0.769897
2024-04-29 12:56:03.336260,0.5752282
2024-04-29 12:56:03.351880,0.5808203
2024-04-29 12:56:03.367510,0.7133389
2024-04-29 12:56:03.383140,0.841774
2024-04-29 12:56:03.398760,0.8572178
2024-04-29 12:56:03.414390,0.7420988
2024-04-29 12:56:03.430010,0.569267
2024-04-29 12:56:03.445640,0.4520941
2024-04-29 12:56:03.461260,0.4683137
2024-04-29 12:56:03.476890,0.6118977
2024-04-29 12:56:03.492520,0.802546
2024-04-29 12:56:03.508140,0.9325347
2024-04-29 12:56:03.523770,0.9505692
2024-04-29 12:56:03.539390,0.8761778
2024-04-29 12:56:03.555020,0.7816734
2024-04-29 12:56:03.570640,0.7273068
2024-04-29 12:56:03.586270,0.7141347
2024-04-29 12:56:03.601900,0.6883526
2024-04-29 12:56:03.617520,0.6102786
2024-04-29 12:56:03.633150,0.486999
2024-04-29 12:56:03.648770,0.3923669
2024-04-29 12:56:03.664400,0.4160752
2024-04-29 12:56:03.680020,0.5977654
2024-04-29 12:56:03.695650,0.879467
2024-04-29 12:56:03.711280,1.099247
2024-04-29 12:56:03.726900,1.078603
2024-04-29 12:56:03.742530,0.7181625
2024-04-29 12:56:03.758150,0.06337166
2024-04-29 12:56:03.773780,-0.6859298
2024-04-29 12:56:03.789400,-1.26867
2024-04-29 12:56:03.805030,-1.475357
2024-04-29 12:56:03.820660,-1.258631
2024-04-29 12:56:03.836280,-0.73524
2024-04-29 12:56:03.851910,-0.1490245
2024-04-29 12:56:03.867530,0.2511854
2024-04-29 12:56:03.883160,0.3269153
2024-04-29 12:56:03.898780,0.09336567
2024-04-29 12:56:03.914410,-0.3210559
2024-04-29 12:56:03.930040,-0.7490759
2024-04-29 12:56:03.945660,-1.087416
2024-04-29 12:56:03.961290,-1.334717
2024-04-29 12:56:03.976910,-1.549902
2024-04-29 12:56:03.992540,-1.791366
2024-04-29 12:56:04.008160,-2.059704
2024-04-29 12:56:04.023790,-2.306474
2024-04-29 12:56:04.039420,-2.461017
2024-04-29 12:56:04.055040,-2.480806
2024-04-29 12:56:04.070670,-2.37044
2024-04-29 12:56:04.086290,-2.170354
2024-04-29 12:56:04.101920,-1.962518
2024-04-29 12:56:04.117540,-1.828434
2024-04-29 12:56:04.133170,-1.841125
2024-04-29 12:56:04.148800,-2.023132
2024-04-29 12:56:04.164420,-2.337639
2024-04-29 12:56:04.180050,-2.659545
2024-04-29 12:56:04.195670,-2.816395
2024-04-29 12:56:04.211300,-2.669569
2024-04-29 12:56:04.226920,-2.171959
2024-04-29 12:56:04.242550,-1.412211
2024-04-29 12:56:04.258180,-0.5755734
2024-04-29 12:56:04.273800,0.1365075
2024-04-29 12:56:04.289430,0.5915294
2024-04-29 12:56:04.305050,0.7924476
2024-04-29 12:56:04.320680,0.8365998
2024-04-29 12:56:04.336300,0.8594937
2024-04-29 12:56:04.351930,0.9553969
2024-04-29 12:56:04.367560,1.153553
2024-04-29 12:56:04.383180,1.407121
2024-04-29 12:56:04.398810,1.637604
2024-04-29 12:56:04.414430,1.780061
2024-04-29 12:56:04.430060,1.797993
2024-04-29 12:56:04.445680,1.713879
2024-04-29 12:56:04.461310,1.591381
2024-04-29 12:56:04.476940,1.495576
2024-04-29 12:56:04.492560,1.473971
2024-04-29 12:56:04.508190,1.519009
2024-04-29 12:56:04.523810,1.587534
2024-04-29 12:56:04.539440,1.651631
2024-04-29 12:56:04.555060,1.697166
2024-04-29 12:56:04.570690,1.724589
2024-04-29 12:56:04.586320,1.732594
2024-04-29 12:56:04.601940,1.689775
2024-04-29 12:56:04.617570,1.559659
2024-04-29 12:56:04.633190,1.337494
2024-04-29 12:56:04.648820,1.077315
2024-04-29 12:56:04.664440,0.8699331
2024-04-29 12:56:04.680070,0.7957916
2024-04-29 12:56:04.695700,0.8937356
2024-04-29 12:56:04.711320,1.100362
2024-04-29 12:56:04.726950,1.298458
2024-04-29 12:56:04.742570,1.367505
2024-04-29 12:56:04.758200,1.247056
2024-04-29 12:56:04.773830,0.9700398
2024-04-29 12:56:04.789450,0.6271172
2024-04-29 12:56:04.805080,0.3256888
2024-04-29 12:56:04.820700,0.1366415
2024-04-29 12:56:04.836330,0.09057689
2024-04-29 12:56:04.851950,0.1566639
2024-04-29 12:56:04.867580,0.2820351
2024-04-29 12:56:04.883210,0.3898528
2024-04-29 12:56:04.898830,0.403161
2024-04-29 12:56:04.914460,0.2679801
2024-04-29 12:56:04.930080,-0.04217553
2024-04-29 12:56:04.945710,-0.4922347
2024-04-29 12:56:04.961330,-1.003558
2024-04-29 12:56:04.976960,-1.465911
2024-04-29 12:56:04.992590,-1.754457
2024-04-29 12:56:05.008210,-1.808123
2024-04-29 12:56:05.023840,-1.648044
2024-04-29 12:56:05.039460,-1.371338
2024-04-29 12:56:05.055090,-1.115965
2024-04-29 12:56:05.070710,-1.002915
2024-04-29 12:56:05.086340,-1.079029
2024-04-29 12:56:05.101970,-1.321286
2024-04-29 12:56:05.117590,-1.634769
2024-04-29 12:56:05.133220,-1.923467
2024-04-29 12:56:05.148840,-2.112659
2024-04-29 12:56:05.164470,-2.164814
2024-04-29 12:56:05.180090,-2.079854
2024-04-29 12:56:05.195720,-1.857233
2024-04-29 12:56:05.211350,-1.524456
2024-04-29 12:56:05.226970,-1.110637
2024-04-29 12:56:05.242600,-0.6708701
2024-04-29 12:56:05.258220,-0.2549398
2024-04-29 12:56:05.273850,0.1242933
2024-04-29 12:56:05.289470,0.4956899
2024-04-29 12:56:05.305100,0.9208655
2024-04-29 12:56:05.320730,1.438686
2024-04-29 12:56:05.336350,2.042478
2024-04-29 12:56:05.351980,2.631809
2024-04-29 12:56:05.367600,3.072897
2024-04-29 12:56:05.383230,3.232828
2024-04-29 12:56:05.398850,3.047765
2024-04-29 12:56:05.414480,2.549102
2024-04-29 12:56:05.430110,1.866347
2024-04-29 12:56:05.445730,1.174932
2024-04-29 12:56:05.461360,0.6087043
2024-04-29 12:56:05.476980,0.2375886
2024-04-29 12:56:05.492610,0.05038452
2024-04-29 12:56:05.508230,-0.01889992
2024-04-29 12:56:05.523860,-0.04978061
2024-04-29 12:56:05.539490,-0.0890677
2024-04-29 12:56:05.555110,-0.1608019
2024-04-29 12:56:05.570740,-0.2488492
2024-04-29 12:56:05.586360,-0.2994864
2024-04-29 12:56:05.601990,-0.2747529
2024-04-29 12:56:05.617610,-0.1445625
2024-04-29 12:56:05.633240,0.07728052
2024-04-29 12:56:05.648870,0.3360908
2024-04-29 12:56:05.664490,0.5700285
2024-04-29 12:56:05.680120,0.7323966
2024-04-29 12:56:05.695740,0.8253543
2024-04-29 12:56:05.711370,0.8943238
2024-04-29 12:56:05.726990,1.006444
2024-04-29 12:56:05.742620,1.175069
2024-04-29 12:56:05.758250,1.3541
2024-04-29 12:56:05.773870,1.448121
2024-04-29 12:56:05.789500,1.375666
2024-04-29 12:56:05.805120,1.118091
2024-04-29 12:56:05.820750,0.7277467
2024-04-29 12:56:05.836370,0.2933517
2024-04-29 12:56:05.852000,-0.1055083
2024-04-29 12:56:05.867630,-0.4308202
2024-04-29 12:56:05.883250,-0.6719007
2024-04-29 12:56:05.898880,-0.8050992
2024-04-29 12:56:05.914500,-0.8187563
2024-04-29 12:56:05.930130,-0.7055449
2024-04-29 12:56:05.945750,-0.5015063
2024-04-29 12:56:05.961380,-0.2997506
2024-04-29 12:56:05.977010,-0.2108397
2024-04-29 12:56:05.992630,-0.3057101
2024-04-29 12:56:06.008260,-0.583755
2024-04-29 12:56:06.023880,-0.9760115
2024-04-29 12:56:06.039510,-1.365228
2024-04-29 12:56:06.055130,-1.659368
2024-04-29 12:56:06.070760,-1.833276
2024-04-29 12:56:06.086390,-1.92366
2024-04-29 12:56:06.102010,-1.983999
2024-04-29 12:56:06.117640,-2.047461
2024-04-29 12:56:06.133260,-2.104777
2024-04-29 12:56:06.148890,-2.127696
2024-04-29 12:56:06.164510,-2.099861
2024-04-29 12:56:06.180140,-2.03409
2024-04-29 12:56:06.195770,-1.968094
2024-04-29 12:56:06.211390,-1.921981
2024-04-29 12:56:06.227020,-1.869658
2024-04-29 12:56:06.242640,-1.731834
2024-04-29 12:56:06.258270,-1.41912
2024-04-29 12:56:06.273890,-0.893527
2024-04-29 12:56:06.289520,-0.213459
2024-04-29 12:56:06.305150,0.4853337
2024-04-29 12:56:06.320770,1.045751
2024-04-29 12:56:06.336400,1.356977
2024-04-29 12:56:06.352020,1.433083
2024-04-29 12:56:06.367650,1.381221
2024-04-29 12:56:06.383270,1.337829
2024-04-29 12:56:06.398900,1.388114
2024-04-29 12:56:06.414530,1.515644
2024-04-29 12:56:06.430150,1.621732
2024-04-29 12:56:06.445780,1.599175
2024-04-29 12:56:06.461400,1.403634
2024-04-29 12:56:06.477030,1.093016
2024-04-29 12:56:06.492650,0.795315
2024-04-29 12:56:06.508280,0.6454177
2024-04-29 12:56:06.523910,0.6912572
2024-04-29 12:56:06.539530,0.8559742
2024-04-29 12:56:06.555160,0.9877188
2024-04-29 12:56:06.570780,0.9469225
2024-04-29 12:56:06.586410,0.6930139
2024-04-29 12:56:06.602030,0.3334303
2024-04-29 12:56:06.617660,0.05296826
2024-04-29 12:56:06.633290,-0.002730131
2024-04-29 12:56:06.648910,0.1825845
2024-04-29 12:56:06.664540,0.4616108
2024-04-29 12:56:06.680160,0.6244421
2024-04-29 12:56:06.695790,0.524262
2024-04-29 12:56:06.711410,0.1761832
2024-04-29 12:56:06.727040,-0.2640128
2024-04-29 12:56:06.742670,-0.5950451
2024-04-29 12:56:06.758290,-0.6887968
2024-04-29 12:56:06.773920,-0.5703375
2024-04-29 12:56:06.789540,-0.3847787
2024-04-29 12:56:06.805170,-0.3041129
2024-04-29 12:56:06.820790,-0.4100857
2024-04-29 12:56:06.836420,-0.6689665
2024-04-29 12:56:06.852050,-0.9645252
2024-04-29 12:56:06.867670,-1.169765
2024-04-29 12:56:06.883300,-1.21837
2024-04-29 12:56:06.898920,-1.137151
2024-04-29 12:56:06.914550,-1.008095
2024-04-29 12:56:06.930170,-0.9144821
2024-04-29 12:56:06.945800,-0.9125814
2024-04-29 12:56:06.961430,-0.9970815
2024-04-29 12:56:06.977050,-1.112195
2024-04-29 12:56:06.992680,-1.192242
2024-04-29 12:56:07.008300,-1.187602
2024-04-29 12:56:07.023930,-1.098455
2024-04-29 12:56:07.039560,-0.9795879
2024-04-29 12:56:07.055180,-0.8922001
2024-04-29 12:56:07.070810,-0.882882
2024-04-29 12:56:07.086430,-0.9590437
2024-04-29 12:56:07.102060,-1.087881
2024-04-29 12:56:07.117680,-1.236474
2024-04-29 12:56:07.133310,-1.411372
2024-04-29 12:56:07.148940,-1.633867
2024-04-29 12:56:07.164560,-1.928855
2024-04-29 12:56:07.180190,-2.26882
2024-04-29 12:56:07.195810,-2.563451
2024-04-29 12:56:07.211440,-2.667391
2024-04-29 12:56:07.227060,-2.444195
2024-04-29 12:56:07.242690,-1.840642
2024-04-29 12:56:07.258320,-0.9073306
2024-04-29 12:56:07.273940,0.2080497
2024-04-29 12:56:07.289570,1.315283
2024-04-29 12:56:07.305190,2.233311
2024-04-29 12:56:07.320820,2.864926
2024-04-29 12:56:07.336440,3.214089
2024-04-29 12:56:07.352070,3.354087
2024-04-29 12:56:07.367700,3.418107
2024-04-29 12:56:07.383320,3.522505
2024-04-29 12:56:07.398950,3.715176
2024-04-29 12:56:07.414570,3.959402
2024-04-29 12:56:07.430200,4.150589
2024-04-29 12:56:07.445820,4.155365
2024-04-29 12:56:07.461450,3.890419
2024-04-29 12:56:07.477080,3.35899
2024-04-29 12:56:07.492700,2.649296
2024-04-29 12:56:07.508330,1.897523
2024-04-29 12:56:07.523950,1.243563
2024-04-29 12:56:07.539580,0.75303
2024-04-29 12:56:07.555200,0.4398702
2024-04-29 12:56:07.570830,0.2677692
2024-04-29 12:56:07.586460,0.1843938
2024-04-29 12:56:07.602080,0.1750199
2024-04-29 12:56:07.617710,0.2445099
2024-04-29 12:56:07.633330,0.3887938
2024-04-29 12:56:07.648960,0.5632903
2024-04-29 12:56:07.664580,0.6779293
2024-04-29 12:56:07.680210,0.6308165
2024-04-29 12:56:07.695840,0.3583992
2024-04-29 12:56:07.711460,-0.1123312
2024-04-29 12:56:07.727090,-0.6556909
2024-04-29 12:56:07.742710,-1.090269
2024-04-29 12:56:07.758340,-1.269966
2024-04-29 12:56:07.773960,-1.158749
2024-04-29 12:56:07.789590,-0.852672
2024-04-29 12:56:07.805220,-0.5404722
2024-04-29 12:56:07.820840,-0.3935708
2024-04-29 12:56:07.836470,-0.4803558
2024-04-29 12:56:07.852090,-0.7349362
2024-04-29 12:56:07.867720,-1.007435
2024-04-29 12:56:07.883340,-1.151133
2024-04-29 12:56:07.898970,-1.1018
2024-04-29 12:56:07.914600,-0.8998746
2024-04-29 12:56:07.930220,-0.6517061
2024-04-29 12:56:07.945850,-0.4589283
2024-04-29 12:56:07.961470,-0.3658125
2024-04-29 12:56:07.977100,-0.3526647
2024-04-29 12:56:07.992720,-0.356459
2024-04-29 12:56:08.008350,-0.3527374
2024-04-29 12:56:08.023980,-0.3629222
2024-04-29 12:56:08.039600,-0.4664885
2024-04-29 12:56:08.055230,-0.7298744
2024-04-29 12:56:08.070850,-1.157159
2024-04-29 12:56:08.086480,-1.679954
2024-04-29 12:56:08.102100,-2.180333
2024-04-29 12:56:08.117730,-2.535442
2024-04-29 12:56:08.133360,-2.656904
2024-04-29 12:56:08.148980,-2.530477
2024-04-29 12:56:08.164610,-2.193808
2024-04-29 12:56:08.180230,-1.713807
2024-04-29 12:56:08.195860,-1.168687
2024-04-29 12:56:08.211480,-0.6198497
2024-04-29 12:56:08.227110,-0.1053895
2024-04-29 12:56:08.242740,0.3405567
2024-04-29 12:56:08.258360,0.6944089
2024-04-29 12:56:08.273990,0.9353243
2024-04-29 12:56:08.289610,1.054046
2024-04-29 12:56:08.305240,1.079358
2024-04-29 12:56:08.320860,1.062764
2024-04-29 12:56:08.336490,1.067693
2024-04-29 12:56:08.352120,1.132291
2024-04-29 12:56:08.367740,1.245141
2024-04-29 12:56:08.383370,1.337007
2024-04-29 12:56:08.398990,1.31521
2024-04-29 12:56:08.414620,1.133194
2024-04-29 12:56:08.430240,0.8132096
2024-04-29 12:56:08.445870,0.4636658
2024-04-29 12:56:08.461500,0.1987435
2024-04-29 12:56:08.477120,0.08969653
2024-04-29 12:56:08.492750,0.1275103
2024-04-29 12:56:08.508370,0.2437003
2024-04-29 12:56:08.524000,0.3669469
2024-04-29 12:56:08.539620,0.4588475
2024-04-29 12:56:08.555250,0.5313477
2024-04-29 12:56:08.570880,0.6035382
2024-04-29 12:56:08.586500,0.6753579
2024-04-29 12:56:08.602130,0.7021925
2024-04-29 12:56:08.617750,0.6549569
2024-04-29 12:56:08.633380,0.5404232
2024-04-29 12:56:08.649000,0.4044122
2024-04-29 12:56:08.664630,0.2978079
2024-04-29 12:56:08.680260,0.2320932
2024-04-29 12:56:08.695880,0.166672
2024-04-29 12:56:08.711510,0.03221807
2024-04-29 12:56:08.727130,-0.199579
2024-04-29 12:56:08.742760,-0.4950698
2024-04-29 12:56:08.758380,-0.7639342
2024-04-29 12:56:08.774010,-0.9299443
2024-04-29 12:56:08.789640,-0.9770724
2024-04-29 12:56:08.805260,-0.9370617
2024-04-29 12:56:08.820890,-0.8795818
2024-04-29 12:56:08.836510,-0.8487397
2024-04-29 12:56:08.852140,-0.8606703
2024-04-29 12:56:08.867760,-0.9009932
2024-04-29 12:56:08.883390,-0.9778162
2024-04-29 12:56:08.899020,-1.108242
2024-04-29 12:56:08.914640,-1.319087
2024-04-29 12:56:08.930270,-1.606346
2024-04-29 12:56:08.945890,-1.90389
2024-04-29 12:56:08.961520,-2.121964
2024-04-29 12:56:08.977140,-2.188949
2024-04-29 12:56:08.992770,-2.098165
2024-04-29 12:56:09.008400,-1.901042
2024-04-29 12:56:09.024020,-1.670452
2024-04-29 12:56:09.039650,-1.466403
2024-04-29 12:56:09.055270,-1.304088
2024-04-29 12:56:09.070900,-1.188675
2024-04-29 12:56:09.086520,-1.1246
2024-04-29 12:56:09.102150,-1.14999
2024-04-29 12:56:09.117780,-1.281299
2024-04-29 12:56:09.133400,-1.484616
2024-04-29 12:56:09.149030,-1.640625
2024-04-29 12:56:09.164650,-1.587066
2024-04-29 12:56:09.180280,-1.201943
2024-04-29 12:56:09.195900,-0.4722016
2024-04-29 12:56:09.211530,0.4551049
2024-04-29 12:56:09.227160,1.336845
2024-04-29 12:56:09.242780,1.928255
2024-04-29 12:56:09.258410,2.118574
2024-04-29 12:56:09.274030,1.957673
2024-04-29 12:56:09.289660,1.637238
2024-04-29 12:56:09.305280,1.383827
2024-04-29 12:56:09.320910,1.343574
2024-04-29 12:56:09.336540,1.535156
2024-04-29 12:56:09.352160,1.855332
2024-04-29 12:56:09.367790,2.169317
2024-04-29 12:56:09.383410,2.358412
2024-04-29 12:56:09.399040,2.401965
2024-04-29 12:56:09.414660,2.330134
2024-04-29 12:56:09.430290,2.185408
2024-04-29 12:56:09.445920,1.992795
2024-04-29 12:56:09.461540,1.74423
2024-04-29 12:56:09.477170,1.443836
2024-04-29 12:56:09.492790,1.128635
2024-04-29 12:56:09.508420,0.8702991
2024-04-29 12:56:09.524040,0.7426355
2024-04-29 12:56:09.539670,0.7905328
2024-04-29 12:56:09.555300,0.9816289
2024-04-29 12:56:09.570920,1.237183
2024-04-29 12:56:09.586550,1.448836
2024-04-29 12:56:09.602170,1.524406
2024-04-29 12:56:09.617800,1.412576
2024-04-29 12:56:09.633430,1.123083
2024-04-29 12:56:09.649050,0.7168272
2024-04-29 12:56:09.664680,0.2957754
2024-04-29 12:56:09.680300,-0.02637076
2024-04-29 12:56:09.695930,-0.1493194
2024-04-29 12:56:09.711550,-0.03024888
2024-04-29 12:56:09.727180,0.2778223
2024-04-29 12:56:09.742810,0.6442339
2024-04-29 12:56:09.758430,0.9013968
2024-04-29 12:56:09.774060,0.9052973
2024-04-29 12:56:09.789680,0.6069624
2024-04-29 12:56:09.805310,0.0678792
2024-04-29 12:56:09.820930,-0.5624127
2024-04-29 12:56:09.836560,-1.132385
2024-04-29 12:56:09.852190,-1.524463
2024-04-29 12:56:09.867810,-1.714521
2024-04-29 12:56:09.883440,-1.733519
2024-04-29 12:56:09.899060,-1.659736
2024-04-29 12:56:09.914690,-1.560568
2024-04-29 12:56:09.930310,-1.49669
2024-04-29 12:56:09.945940,-1.508363
2024-04-29 12:56:09.961570,-1.623139
2024-04-29 12:56:09.977190,-1.853366
2024-04-29 12:56:09.992820,-2.177287
2024-04-29 12:56:10.008440,-2.531655
2024-04-29 12:56:10.024070,-2.806577
2024-04-29 12:56:10.039690,-2.880449
2024-04-29 12:56:10.055320,-2.686861
2024-04-29 12:56:10.070950,-2.232759
2024-04-29 12:56:10.086570,-1.610882
2024-04-29 12:56:10.102200,-0.950906
2024-04-29 12:56:10.117820,-0.3782136
2024-04-29 12:56:10.133450,0.05143714
2024-04-29 12:56:10.149070,0.3333588
2024-04-29 12:56:10.164700,0.5116158
2024-04-29 12:56:10.180330,0.6405652
2024-04-29 12:56:10.195950,0.7656226
2024-04-29 12:56:10.211580,0.9360669
2024-04-29 12:56:10.227200,1.18324
2024-04-29 12:56:10.242830,1.50034
2024-04-29 12:56:10.258450,1.836253
2024-04-29 12:56:10.274080,2.103376
2024-04-29 12:56:10.289710,2.21975
2024-04-29 12:56:10.305330,2.14935
2024-04-29 12:56:10.320960,1.951863
2024-04-29 12:56:10.336580,1.753056
2024-04-29 12:56:10.352210,1.698525
2024-04-29 12:56:10.367830,1.858785
2024-04-29 12:56:10.383460,2.214162
2024-04-29 12:56:10.399090,2.640536
2024-04-29 12:56:10.414710,2.983008
2024-04-29 12:56:10.430340,3.128069
2024-04-29 12:56:10.445960,3.033321
2024-04-29 12:56:10.461590,2.719962
2024-04-29 12:56:10.477210,2.24244
2024-04-29 12:56:10.492840,1.662695
2024-04-29 12:56:10.508470,1.033704
2024-04-29 12:56:10.524090,0.4302282
2024-04-29 12:56:10.539720,-0.05783224
2024-04-29 12:56:10.555340,-0.3484898
2024-04-29 12:56:10.570970,-0.3922117
2024-04-29 12:56:10.586590,-0.2068369
2024-04-29 12:56:10.602220,0.1087162
2024-04-29 12:56:10.617850,0.4102862
2024-04-29 12:56:10.633470,0.5564251
2024-04-29 12:56:10.649100,0.4655683
2024-04-29 12:56:10.664720,0.1599002
2024-04-29 12:56:10.680350,-0.2623377
2024-04-29 12:56:10.695970,-0.6767368
2024-04-29 12:56:10.711600,-0.9805262
2024-04-29 12:56:10.727230,-1.145736
2024-04-29 12:56:10.742850,-1.201496
2024-04-29 12:56:10.758480,-1.218814
2024-04-29 12:56:10.774100,-1.245576
2024-04-29 12:56:10.789730,-1.29835
2024-04-29 12:56:10.805350,-1.364225
2024-04-29 12:56:10.820980,-1.424767
2024-04-29 12:56:10.836610,-1.476193
2024-04-29 12:56:10.852230,-1.529889
2024-04-29 12:56:10.867860,-1.596422
2024-04-29 12:56:10.883480,-1.670024
2024-04-29 12:56:10.899110,-1.711418
2024-04-29 12:56:10.914730,-1.689604
2024-04-29 12:56:10.930360,-1.606682
2024-04-29 12:56:10.945990,-1.503378
2024-04-29 12:56:10.961610,-1.450323
2024-04-29 12:56:10.977240,-1.473541
2024-04-29 12:56:10.992860,-1.544208
2024-04-29 12:56:11.008490,-1.579786
2024-04-29 12:56:11.024110,-1.50048
2024-04-29 12:56:11.039740,-1.263967
2024-04-29 12:56:11.055370,-0.9058766
2024-04-29 12:56:11.070990,-0.5158825
2024-04-29 12:56:11.086620,-0.1688063
2024-04-29 12:56:11.102240,0.1109669
2024-04-29 12:56:11.117870,0.3682618
2024-04-29 12:56:11.133490,0.6717355
2024-04-29 12:56:11.149120,1.066809
2024-04-29 12:56:11.164750,1.524252
2024-04-29 12:56:11.180370,1.950598
2024-04-29 12:56:11.196000,2.22926
2024-04-29 12:56:11.211620,2.269167
2024-04-29 12:56:11.227250,2.065538
2024-04-29 12:56:11.242870,1.66889
2024-04-29 12:56:11.258500,1.197074
2024-04-29 12:56:11.274130,0.779855
2024-04-29 12:56:11.289750,0.5315766
2024-04-29 12:56:11.305380,0.510778
2024-04-29 12:56:11.321000,0.7145901
2024-04-29 12:56:11.336630,1.065957
2024-04-29 12:56:11.352250,1.441351
2024-04-29 12:56:11.367880,1.730082
2024-04-29 12:56:11.383510,1.850184
2024-04-29 12:56:11.399130,1.801331
2024-04-29 12:56:11.414760,1.633082
2024-04-29 12:56:11.430380,1.413091
2024-04-29 12:56:11.446010,1.184054
2024-04-29 12:56:11.461630,0.9564095
2024-04-29 12:56:11.477260,0.7320174
2024-04-29 12:56:11.492890,0.5239843
2024-04-29 12:56:11.508510,0.3736496
2024-04-29 12:56:11.524140,0.3188858
2024-04-29 12:56:11.539760,0.376281
2024-04-29 12:56:11.555390,0.5071511
2024-04-29 12:56:11.571010,0.6353402
2024-04-29 12:56:11.586640,0.6771575
2024-04-29 12:56:11.602270,0.5869869
2024-04-29 12:56:11.617890,0.3630711
2024-04-29 12:56:11.633520,0.03405797
2024-04-29 12:56:11.649140,-0.3610158
2024-04-29 12:56:11.664770,-0.7953942
2024-04-29 12:56:11.680390,-1.235866
2024-04-29 12:56:11.696020,-1.64016
2024-04-29 12:56:11.711650,-1.961667
2024-04-29 12:56:11.727270,-2.170542
2024-04-29 12:56:11.742900,-2.275142
2024-04-29 12:56:11.758520,-2.296639
2024-04-29 12:56:11.774150,-2.269039
2024-04-29 12:56:11.789770,-2.203034
2024-04-29 12:56:11.805400,-2.099672
2024-04-29 12:56:11.821030,-1.95057
2024-04-29 12:56:11.836650,-1.772158
2024-04-29 12:56:11.852280,-1.602302
2024-04-29 12:56:11.867900,-1.480283
2024-04-29 12:56:11.883530,-1.432628
2024-04-29 12:56:11.899160,-1.440563
2024-04-29 12:56:11.914780,-1.480008
2024-04-29 12:56:11.930410,-1.516974
2024-04-29 12:56:11.946030,-1.537318
2024-04-29 12:56:11.961660,-1.52632
2024-04-29 12:56:11.977280,-1.460214
2024-04-29 12:56:11.992910,-1.297231
2024-04-29 12:56:12.008540,-0.9983763
2024-04-29 12:56:12.024160,-0.5566185
2024-04-29 12:56:12.039790,-0.005218983
2024-04-29 12:56:12.055410,0.5851201
2024-04-29 12:56:12.071040,1.150635
2024-04-29 12:56:12.086660,1.644886
2024-04-29 12:56:12.102290,2.063134
2024-04-29 12:56:12.117920,2.399854
2024-04-29 12:56:12.133540,2.642916
2024-04-29 12:56:12.149170,2.75652
2024-04-29 12:56:12.164790,2.706163
2024-04-29 12:56:12.180420,2.484203
2024-04-29 12:56:12.196040,2.114844
2024-04-29 12:56:12.211670,1.653398
2024-04-29 12:56:12.227300,1.143895
2024-04-29 12:56:12.242920,0.6269337
2024-04-29 12:56:12.258550,0.1377428
2024-04-29 12:56:12.274170,-0.2722591
2024-04-29 12:56:12.289800,-0.5340862
2024-04-29 12:56:12.305420,-0.5820478
2024-04-29 12:56:12.321050,-0.3876825
2024-04-29 12:56:12.336680,0.001784146
2024-04-29 12:56:12.352300,0.4727829
2024-04-29 12:56:12.367930,0.8955855
2024-04-29 12:56:12.383550,1.171522
2024-04-29 12:56:12.399180,1.293059
2024-04-29 12:56:12.414800,1.301414
2024-04-29 12:56:12.430430,1.255931
2024-04-29 12:56:12.446060,1.1908
2024-04-29 12:56:12.461680,1.089764
2024-04-29 12:56:12.477310,0.9255201
2024-04-29 12:56:12.492930,0.696831
2024-04-29 12:56:12.508560,0.4495646
2024-04-29 12:56:12.524180,0.2421556
2024-04-29 12:56:12.539810,0.1005288
2024-04-29 12:56:12.555440,-0.004159011
2024-04-29 12:56:12.571060,-0.1515939
2024-04-29 12:56:12.586690,-0.4076111
2024-04-29 12:56:12.602310,-0.7820138
2024-04-29 12:56:12.617940,-1.19634
2024-04-29 12:56:12.633560,-1.532393
2024-04-29 12:56:12.649190,-1.690782
2024-04-29 12:56:12.664820,-1.628179
2024-04-29 12:56:12.680440,-1.392232
2024-04-29 12:56:12.696070,-1.08945
2024-04-29 12:56:12.711690,-0.8230144
2024-04-29 12:56:12.727320,-0.6728424
2024-04-29 12:56:12.742940,-0.6644908
2024-04-29 12:56:12.758570,-0.7741206
2024-04-29 12:56:12.774200,-0.9666404
2024-04-29 12:56:12.789820,-1.200492
2024-04-29 12:56:12.805450,-1.449399
2024-04-29 12:56:12.821070,-1.705722
2024-04-29 12:56:12.836700,-1.962151
2024-04-29 12:56:12.852320,-2.219246
2024-04-29 12:56:12.867950,-2.463891
2024-04-29 12:56:12.883580,-2.68015
2024-04-29 12:56:12.899200,-2.834747
2024-04-29 12:56:12.914830,-2.910406
2024-04-29 12:56:12.930450,-2.893089
2024-04-29 12:56:12.946080,-2.779026
2024-04-29 12:56:12.961700,-2.581867
2024-04-29 12:56:12.977330,-2.314255
2024-04-29 12:56:12.992960,-1.998411
2024-04-29 12:56:13.008580,-1.651178
2024-04-29 12:56:13.024210,-1.283345
2024-04-29 12:56:13.039830,-0.898953
2024-04-29 12:56:13.055460,-0.4869522
2024-04-29 12:56:13.071080,-0.047925
2024-04-29 12:56:13.086710,0.4105309
2024-04-29 12:56:13.102340,0.8509136
2024-04-29 12:56:13.117960,1.226335
2024-04-29 12:56:13.133590,1.496213
2024-04-29 12:56:13.149210,1.627496
2024-04-29 12:56:13.164840,1.614881
2024-04-29 12:56:13.180460,1.480102
2024-04-29 12:56:13.196090,1.242088
2024-04-29 12:56:13.211720,0.9451745
2024-04-29 12:56:13.227340,0.6524031
2024-04-29 12:56:13.242970,0.4302764
2024-04-29 12:56:13.258590,0.3627216
2024-04-29 12:56:13.274220,0.4872488
2024-04-29 12:56:13.289840,0.7769172
2024-04-29 12:56:13.305470,1.132623
2024-04-29 12:56:13.321100,1.43539
2024-04-29 12:56:13.336720,1.594409
2024-04-29 12:56:13.352350,1.614429
2024-04-29 12:56:13.367970,1.583326
2024-04-29 12:56:13.383600,1.612762
2024-04-29 12:56:13.399220,1.762174
2024-04-29 12:56:13.414850,1.974585
2024-04-29 12:56:13.430480,2.104524
2024-04-29 12:56:13.446100,2.002587
2024-04-29 12:56:13.461730,1.611087
2024-04-29 12:56:13.477350,1.006941
2024-04-29 12:56:13.492980,0.3611598
2024-04-29 12:56:13.508600,-0.1571212
2024-04-29 12:56:13.524230,-0.4715431
2024-04-29 12:56:13.539860,-0.6291523
2024-04-29 12:56:13.555480,-0.7275693
2024-04-29 12:56:13.571110,-0.8463078
2024-04-29 12:56:13.586730,-0.9773419
2024-04-29 12:56:13.602360,-1.036161
2024-04-29 12:56:13.617980,-0.9372349
2024-04-29 12:56:13.633610,-0.6515017
2024-04-29 12:56:13.649240,-0.2467139
2024-04-29 12:56:13.664860,0.1446278
2024-04-29 12:56:13.680490,0.3773942
2024-04-29 12:56:13.696110,0.3611133
2024-04-29 12:56:13.711740,0.1093085
2024-04-29 12:56:13.727360,-0.2651169
2024-04-29 12:56:13.742990,-0.5975213
2024-04-29 12:56:13.758620,-0.7506244
2024-04-29 12:56:13.774240,-0.6659601
2024-04-29 12:56:13.789870,-0.4011064
2024-04-29 12:56:13.805490,-0.1046336
2024-04-29 12:56:13.821120,0.053895
2024-04-29 12:56:13.836740,-0.04027653
2024-04-29 12:56:13.852370,-0.3861027
2024-04-29 12:56:13.868000,-0.8774166
2024-04-29 12:56:13.883620,-1.367904
2024-04-29 12:56:13.899250,-1.750471
2024-04-29 12:56:13.914870,-1.993449
2024-04-29 12:56:13.930500,-2.157371
2024-04-29 12:56:13.946120,-2.332317
2024-04-29 12:56:13.961750,-2.564083
2024-04-29 12:56:13.977380,-2.834248
2024-04-29 12:56:13.993000,-3.054135
2024-04-29 12:56:14.008630,-3.110792
2024-04-29 12:56:14.024250,-2.913553
2024-04-29 12:56:14.039880,-2.439503
2024-04-29 12:56:14.055500,-1.722456
2024-04-29 12:56:14.071130,-0.8652425
2024-04-29 12:56:14.086760,0.01138496
2024-04-29 12:56:14.102380,0.8003864
2024-04-29 12:56:14.118010,1.43762
2024-04-29 12:56:14.133630,1.903889
2024-04-29 12:56:14.149260,2.198604
2024-04-29 12:56:14.164890,2.349096
2024-04-29 12:56:14.180510,2.376985
2024-04-29 12:56:14.196140,2.302211
2024-04-29 12:56:14.211760,2.140251
2024-04-29 12:56:14.227390,1.910408
2024-04-29 12:56:14.243010,1.644363
2024-04-29 12:56:14.258640,1.371786
2024-04-29 12:56:14.274270,1.145259
2024-04-29 12:56:14.289890,1.005541
2024-04-29 12:56:14.305520,0.9870243
2024-04-29 12:56:14.321140,1.081382
2024-04-29 12:56:14.336770,1.242994
2024-04-29 12:56:14.352390,1.394352
2024-04-29 12:56:14.368020,1.4511
2024-04-29 12:56:14.383650,1.365812
2024-04-29 12:56:14.399270,1.125677
2024-04-29 12:56:14.414900,0.7858539
2024-04-29 12:56:14.430520,0.4286203
2024-04-29 12:56:14.446150,0.1555443
2024-04-29 12:56:14.461770,0.02473783
2024-04-29 12:56:14.477400,0.02926397
2024-04-29 12:56:14.493030,0.1129198
2024-04-29 12:56:14.508650,0.1892948
2024-04-29 12:56:14.524280,0.201158
2024-04-29 12:56:14.539900,0.1587081
2024-04-29 12:56:14.555530,0.1301093
2024-04-29 12:56:14.571150,0.1966572
2024-04-29 12:56:14.586780,0.4008088
2024-04-29 12:56:14.602410,0.6958728
2024-04-29 12:56:14.618030,0.974402
2024-04-29 12:56:14.633660,1.107508
2024-04-29 12:56:14.649280,1.017464
2024-04-29 12:56:14.664910,0.722836
2024-04-29 12:56:14.680530,0.3214464
2024-04-29 12:56:14.696160,-0.05278397
2024-04-29 12:56:14.711790,-0.3088245
2024-04-29 12:56:14.727410,-0.4102039
2024-04-29 12:56:14.743040,-0.3868437
2024-04-29 12:56:14.758660,-0.307128
2024-04-29 12:56:14.774290,-0.2298989
2024-04-29 12:56:14.789910,-0.1900806
2024-04-29 12:56:14.805540,-0.1909752
2024-04-29 12:56:14.821170,-0.2336874
2024-04-29 12:56:14.836790,-0.2971258
2024-04-29 12:56:14.852420,-0.37782
2024-04-29 12:56:14.868040,-0.4665623
2024-04-29 12:56:14.883670,-0.5445356
2024-04-29 12:56:14.899290,-0.5964069
2024-04-29 12:56:14.914920,-0.6121225
2024-04-29 12:56:14.930550,-0.581274
2024-04-29 12:56:14.946170,-0.503809
2024-04-29 12:56:14.961800,-0.3905869
2024-04-29 12:56:14.977420,-0.2455435
2024-04-29 12:56:14.993050,-0.07192516
2024-04-29 12:56:15.008670,0.1417074
2024-04-29 12:56:15.024300,0.4042053
2024-04-29 12:56:15.039930,0.7112875
2024-04-29 12:56:15.055550,1.032214
2024-04-29 12:56:15.071180,1.321568
2024-04-29 12:56:15.086800,1.521648
2024-04-29 12:56:15.102430,1.596017
2024-04-29 12:56:15.118050,1.541172
2024-04-29 12:56:15.133680,1.374871
2024-04-29 12:56:15.149310,1.130482
2024-04-29 12:56:15.164930,0.8410683
2024-04-29 12:56:15.180560,0.5275965
2024-04-29 12:56:15.196180,0.2095633
2024-04-29 12:56:15.211810,-0.07045364
2024-04-29 12:56:15.227430,-0.2595158
2024-04-29 12:56:15.243060,-0.2859459
2024-04-29 12:56:15.258690,-0.1118746
2024-04-29 12:56:15.274310,0.2347679
2024-04-29 12:56:15.289940,0.6573429
2024-04-29 12:56:15.305560,1.027118
2024-04-29 12:56:15.321190,1.226228
2024-04-29 12:56:15.336810,1.200522
2024-04-29 12:56:15.352440,0.9789753
2024-04-29 12:56:15.368070,0.6456413
2024-04-29 12:56:15.383690,0.2978678
2024-04-29 12:56:15.399320,0.03145599
2024-04-29 12:56:15.414940,-0.106204
2024-04-29 12:56:15.430570,-0.1099396
2024-04-29 12:56:15.446190,-0.01835632
2024-04-29 12:56:15.461820,0.1020088
2024-04-29 12:56:15.477450,0.1842051
2024-04-29 12:56:15.493070,0.1848154
2024-04-29 12:56:15.508700,0.09203339
2024-04-29 12:56:15.524320,-0.07575893
2024-04-29 12:56:15.539950,-0.2868214
2024-04-29 12:56:15.555570,-0.5281172
2024-04-29 12:56:15.571200,-0.7847176
2024-04-29 12:56:15.586830,-1.040931
2024-04-29 12:56:15.602450,-1.244183
2024-04-29 12:56:15.618080,-1.335617
2024-04-29 12:56:15.633700,-1.269293
2024-04-29 12:56:15.649330,-1.069365
2024-04-29 12:56:15.664950,-0.8318062
2024-04-29 12:56:15.680580,-0.6818237
2024-04-29 12:56:15.696210,-0.7218385
2024-04-29 12:56:15.711830,-0.9621248
2024-04-29 12:56:15.727460,-1.34448
2024-04-29 12:56:15.743080,-1.755022
2024-04-29 12:56:15.758710,-2.089481
2024-04-29 12:56:15.774330,-2.270117
2024-04-29 12:56:15.789960,-2.260112
2024-04-29 12:56:15.805590,-2.040458
2024-04-29 12:56:15.821210,-1.600294
2024-04-29 12:56:15.836840,-0.9654751
2024-04-29 12:56:15.852460,-0.1853895
2024-04-29 12:56:15.868090,0.6566448
2024-04-29 12:56:15.883710,1.454698
2024-04-29 12:56:15.899340,2.134644
2024-04-29 12:56:15.914970,2.661138
2024-04-29 12:56:15.930590,3.029096
2024-04-29 12:56:15.946220,3.239971
2024-04-29 12:56:15.961840,3.273252
2024-04-29 12:56:15.977470,3.081557
2024-04-29 12:56:15.993090,2.646235
2024-04-29 12:56:16.008720,2.011203
2024-04-29 12:56:16.024350,1.294276
2024-04-29 12:56:16.039970,0.6671433
2024-04-29 12:56:16.055600,0.2636938
2024-04-29 12:56:16.071220,0.1346054
2024-04-29 12:56:16.086850,0.214932
2024-04-29 12:56:16.102470,0.3996096
2024-04-29 12:56:16.118100,0.5853977
2024-04-29 12:56:16.133730,0.7192364
2024-04-29 12:56:16.149350,0.8165064
2024-04-29 12:56:16.164980,0.9061913
2024-04-29 12:56:16.180600,0.9971457
2024-04-29 12:56:16.196230,1.052282
2024-04-29 12:56:16.211850,1.013688
2024-04-29 12:56:16.227480,0.8326831
2024-04-29 12:56:16.243110,0.5283222
2024-04-29 12:56:16.258730,0.1791544
2024-04-29 12:56:16.274360,-0.1123004
2024-04-29 12:56:16.289980,-0.2681665
2024-04-29 12:56:16.305610,-0.2667341
2024-04-29 12:56:16.321230,-0.1459737
2024-04-29 12:56:16.336860,0.01031923
2024-04-29 12:56:16.352490,0.1212358
2024-04-29 12:56:16.368110,0.1311579
2024-04-29 12:56:16.383740,0.02806997
2024-04-29 12:56:16.399360,-0.1712618
2024-04-29 12:56:16.414990,-0.4413147
2024-04-29 12:56:16.430610,-0.7581863
2024-04-29 12:56:16.446240,-1.094729
2024-04-29 12:56:16.461870,-1.404688
2024-04-29 12:56:16.477490,-1.621442
2024-04-29 12:56:16.493120,-1.678352
2024-04-29 12:56:16.508740,-1.556093
2024-04-29 12:56:16.524370,-1.311951
2024-04-29 12:56:16.539990,-1.088346
2024-04-29 12:56:16.555620,-1.049951
2024-04-29 12:56:16.571250,-1.303128
2024-04-29 12:56:16.586870,-1.81665
2024-04-29 12:56:16.602500,-2.418213
2024-04-29 12:56:16.618120,-2.845296
2024-04-29 12:56:16.633750,-2.852853
2024-04-29 12:56:16.649370,-2.325127
2024-04-29 12:56:16.665000,-1.321411
2024-04-29 12:56:16.680630,-0.07305002
2024-04-29 12:56:16.696250,1.116093
2024-04-29 12:56:16.711880,1.987106
2024-04-29 12:56:16.727500,2.419318
2024-04-29 12:56:16.743130,2.44591
2024-04-29 12:56:16.758760,2.227334
2024-04-29 12:56:16.774380,1.947153
2024-04-29 12:56:16.790010,1.721208
2024-04-29 12:56:16.805630,1.580976
2024-04-29 12:56:16.821260,1.474758
2024-04-29 12:56:16.836880,1.350195
2024-04-29 12:56:16.852510,1.176288
2024-04-29 12:56:16.868140,0.9649477
2024-04-29 12:56:16.883760,0.7345142
2024-04-29 12:56:16.899390,0.5004282
2024-04-29 12:56:16.915010,0.2572503
2024-04-29 12:56:16.930640,0.01189804
2024-04-29 12:56:16.946260,-0.1904206
2024-04-29 12:56:16.961890,-0.2733464
2024-04-29 12:56:16.977520,-0.1568518
2024-04-29 12:56:16.993140,0.1529984
2024-04-29 12:56:17.008770,0.55616
2024-04-29 12:56:17.024390,0.8765998
2024-04-29 12:56:17.040020,0.9714808
2024-04-29 12:56:17.055640,0.8000107
2024-04-29 12:56:17.071270,0.4530773
2024-04-29 12:56:17.086900,0.10151
2024-04-29 12:56:17.102520,-0.1066723
2024-04-29 12:56:17.118150,-0.1212444
2024-04-29 12:56:17.133770,-0.01671505
2024-04-29 12:56:17.149400,0.06631708
2024-04-29 12:56:17.165020,0.001396179
2024-04-29 12:56:17.180650,-0.2544479
2024-04-29 12:56:17.196280,-0.6596136
2024-04-29 12:56:17.211900,-1.11844
2024-04-29 12:56:17.227530,-1.526825
2024-04-29 12:56:17.243150,-1.829161
2024-04-29 12:56:17.258780,-2.011193
2024-04-29 12:56:17.274400,-2.093824
2024-04-29 12:56:17.290030,-2.109731
2024-04-29 12:56:17.305660,-2.082759
2024-04-29 12:56:17.321280,-2.019274
2024-04-29 12:56:17.336910,-1.919326
2024-04-29 12:56:17.352530,-1.78414
2024-04-29 12:56:17.368160,-1.638096
2024-04-29 12:56:17.383780,-1.533939
2024-04-29 12:56:17.399410,-1.520104
2024-04-29 12:56:17.415040,-1.623791
2024-04-29 12:56:17.430660,-1.814257
2024-04-29 12:56:17.446290,-2.022072
2024-04-29 12:56:17.461910,-2.168988
2024-04-29 12:56:17.477540,-2.195911
2024-04-29 12:56:17.493160,-2.101238
2024-04-29 12:56:17.508790,-1.897045
2024-04-29 12:56:17.524420,-1.582172
2024-04-29 12:56:17.540040,-1.113188
2024-04-29 12:56:17.555670,-0.4491148
2024-04-29 12:56:17.571290,0.3857496
2024-04-29 12:56:17.586920,1.243098
2024-04-29 12:56:17.602540,1.898664
2024-04-29 12:56:17.618170,2.167518
2024-04-29 12:56:17.633800,2.016945
2024-04-29 12:56:17.649420,1.621307
2024-04-29 12:56:17.665050,1.251304
2024-04-29 12:56:17.680670,1.138143
2024-04-29 12:56:17.696300,1.328655
2024-04-29 12:56:17.711920,1.674653
2024-04-29 12:56:17.727550,1.939195
2024-04-29 12:56:17.743180,1.944007
2024-04-29 12:56:17.758800,1.680634
2024-04-29 12:56:17.774430,1.286343
2024-04-29 12:56:17.790050,0.9471793
2024-04-29 12:56:17.805680,0.7878938
2024-04-29 12:56:17.821300,0.801198
2024-04-29 12:56:17.836930,0.8908229
2024-04-29 12:56:17.852560,0.9484892
2024-04-29 12:56:17.868180,0.9363127
2024-04-29 12:56:17.883810,0.8887863
2024-04-29 12:56:17.899430,0.8735871
2024-04-29 12:56:17.915060,0.9139209
2024-04-29 12:56:17.930680,0.9805088
2024-04-29 12:56:17.946310,1.003247
2024-04-29 12:56:17.961940,0.9086752
2024-04-29 12:56:17.977560,0.6839118
2024-04-29 12:56:17.993190,0.3632717
2024-04-29 12:56:18.008810,0.02340555
2024-04-29 12:56:18.024440,-0.2715631
2024-04-29 12:56:18.040060,-0.4954414
2024-04-29 12:56:18.055690,-0.6771302
2024-04-29 12:56:18.071320,-0.8611817
2024-04-29 12:56:18.086940,-1.093113
2024-04-29 12:56:18.102570,-1.373397
2024-04-29 12:56:18.118190,-1.657722
2024-04-29 12:56:18.133820,-1.878117
2024-04-29 12:56:18.149440,-1.972551
2024-04-29 12:56:18.165070,-1.914347
2024-04-29 12:56:18.180700,-1.726633
2024-04-29 12:56:18.196320,-1.464058
2024-04-29 12:56:18.211950,-1.19831
2024-04-29 12:56:18.227570,-0.9786539
2024-04-29 12:56:18.243200,-0.8371191
2024-04-29 12:56:18.258820,-0.7752337
2024-04-29 12:56:18.274450,-0.7898712
2024-04-29 12:56:18.290080,-0.8906484
2024-04-29 12:56:18.305700,-1.072135
2024-04-29 12:56:18.321330,-1.333106
2024-04-29 12:56:18.336950,-1.638589
2024-04-29 12:56:18.352580,-1.954634
2024-04-29 12:56:18.368200,-2.245433
2024-04-29 12:56:18.383830,-2.467676
2024-04-29 12:56:18.399460,-2.581912
2024-04-29 12:56:18.415080,-2.536055
2024-04-29 12:56:18.430710,-2.28532
2024-04-29 12:56:18.446330,-1.78572
2024-04-29 12:56:18.461960,-1.052971
2024-04-29 12:56:18.477580,-0.1569548
2024-04-29 12:56:18.493210,0.7667985
2024-04-29 12:56:18.508840,1.566426
2024-04-29 12:56:18.524460,2.132121
2024-04-29 12:56:18.540090,2.416178
2024-04-29 12:56:18.555710,2.45581
2024-04-29 12:56:18.571340,2.337922
2024-04-29 12:56:18.586960,2.164123
2024-04-29 12:56:18.602590,1.987604
2024-04-29 12:56:18.618220,1.824152
2024-04-29 12:56:18.633840,1.642881
2024-04-29 12:56:18.649470,1.404099
2024-04-29 12:56:18.665090,1.103401
2024-04-29 12:56:18.680720,0.7771091
2024-04-29 12:56:18.696340,0.5127163
2024-04-29 12:56:18.711970,0.3822947
2024-04-29 12:56:18.727600,0.4195342
2024-04-29 12:56:18.743220,0.5837398
2024-04-29 12:56:18.758850,0.7905798
2024-04-29 12:56:18.774470,0.9401183
2024-04-29 12:56:18.790100,0.9670153
2024-04-29 12:56:18.805720,0.8699579
2024-04-29 12:56:18.821350,0.6763339
2024-04-29 12:56:18.836980,0.4265671
2024-04-29 12:56:18.852600,0.1589923
2024-04-29 12:56:18.868230,-0.103754
2024-04-29 12:56:18.883850,-0.3362718
2024-04-29 12:56:18.899480,-0.5060587
2024-04-29 12:56:18.915100,-0.5721097
2024-04-29 12:56:18.930730,-0.5097671
2024-04-29 12:56:18.946360,-0.3031502
2024-04-29 12:56:18.961980,0.02860212
2024-04-29 12:56:18.977610,0.426712
2024-04-29 12:56:18.993230,0.7906094
2024-04-29 12:56:19.008860,1.005396
2024-04-29 12:56:19.024490,0.9867158
2024-04-29 12:56:19.040110,0.7285938
2024-04-29 12:56:19.055740,0.3059607
2024-04-29 12:56:19.071360,-0.1341028
2024-04-29 12:56:19.086990,-0.4514437
2024-04-29 12:56:19.102610,-0.5812869
2024-04-29 12:56:19.118240,-0.5387321
2024-04-29 12:56:19.133870,-0.4218688
2024-04-29 12:56:19.149490,-0.353158
2024-04-29 12:56:19.165120,-0.4260836
2024-04-29 12:56:19.180740,-0.6532745
2024-04-29 12:56:19.196370,-0.9742546
2024-04-29 12:56:19.211990,-1.267214
2024-04-29 12:56:19.227620,-1.415483
2024-04-29 12:56:19.243250,-1.354811
2024-04-29 12:56:19.258870,-1.093268
2024-04-29 12:56:19.274500,-0.7241278
2024-04-29 12:56:19.290120,-0.3809433
2024-04-29 12:56:19.305750,-0.1615295
2024-04-29 12:56:19.321370,-0.06966114
2024-04-29 12:56:19.337000,-0.03572369
2024-04-29 12:56:19.352630,0.06052017
2024-04-29 12:56:19.368250,0.2913923
2024-04-29 12:56:19.383880,0.6484604
2024-04-29 12:56:19.399500,1.059047
2024-04-29 12:56:19.415130,1.435013
2024-04-29 12:56:19.430750,1.710533
2024-04-29 12:56:19.446380,1.874104
2024-04-29 12:56:19.462010,1.935078
2024-04-29 12:56:19.477630,1.922834
2024-04-29 12:56:19.493260,1.86556
2024-04-29 12:56:19.508880,1.79549
2024-04-29 12:56:19.524510,1.7239
2024-04-29 12:56:19.540130,1.669448
2024-04-29 12:56:19.555760,1.613763
2024-04-29 12:56:19.571390,1.540009
2024-04-29 12:56:19.587010,1.455741
2024-04-29 12:56:19.602640,1.400365
2024-04-29 12:56:19.618260,1.439666
2024-04-29 12:56:19.633890,1.609077
2024-04-29 12:56:19.649510,1.894134
2024-04-29 12:56:19.665140,2.209845
2024-04-29 12:56:19.680770,2.47056
2024-04-29 12:56:19.696390,2.615749
2024-04-29 12:56:19.712020,2.634334
2024-04-29 12:56:19.727640,2.561102
2024-04-29 12:56:19.743270,2.400261
2024-04-29 12:56:19.758890,2.139775
2024-04-29 12:56:19.774520,1.76261
2024-04-29 12:56:19.790150,1.293047
2024-04-29 12:56:19.805770,0.7947845
2024-04-29 12:56:19.821400,0.3673763
2024-04-29 12:56:19.837020,0.06504679
2024-04-29 12:56:19.852650,-0.1329041
2024-04-29 12:56:19.868270,-0.3050175
2024-04-29 12:56:19.883900,-0.553833
2024-04-29 12:56:19.899530,-0.9413462
2024-04-29 12:56:19.915150,-1.45889
2024-04-29 12:56:19.930780,-2.035151
2024-04-29 12:56:19.946400,-2.565632
2024-04-29 12:56:19.962030,-2.946332
2024-04-29 12:56:19.977650,-3.126053
2024-04-29 12:56:19.993280,-3.107495
2024-04-29 12:56:20.008910,-2.94045
2024-04-29 12:56:20.024530,-2.727689
2024-04-29 12:56:20.040160,-2.550576
2024-04-29 12:56:20.055780,-2.4635
2024-04-29 12:56:20.071410,-2.455025
2024-04-29 12:56:20.087030,-2.482481
2024-04-29 12:56:20.102660,-2.479632
2024-04-29 12:56:20.118290,-2.40337
2024-04-29 12:56:20.133910,-2.245473
2024-04-29 12:56:20.149540,-2.010021
2024-04-29 12:56:20.165160,-1.698943
2024-04-29 12:56:20.180790,-1.302589
2024-04-29 12:56:20.196410,-0.8118367
2024-04-29 12:56:20.212040,-0.2386956
2024-04-29 12:56:20.227670,0.355443
2024-04-29 12:56:20.243290,0.8928399
2024-04-29 12:56:20.258920,1.29528
2024-04-29 12:56:20.274540,1.540606
2024-04-29 12:56:20.290170,1.656533
2024-04-29 12:56:20.305790,1.692794
2024-04-29 12:56:20.321420,1.688191
2024-04-29 12:56:20.337050,1.633177
2024-04-29 12:56:20.352670,1.487936
2024-04-29 12:56:20.368300,1.223577
2024-04-29 12:56:20.383920,0.8649406
2024-04-29 12:56:20.399550,0.4964132
2024-04-29 12:56:20.415170,0.2192407
2024-04-29 12:56:20.430800,0.1004076
2024-04-29 12:56:20.446430,0.1249394
2024-04-29 12:56:20.462050,0.2124295
2024-04-29 12:56:20.477680,0.265728
2024-04-29 12:56:20.493300,0.221477
2024-04-29 12:56:20.508930,0.0735178
2024-04-29 12:56:20.524550,-0.1333761
2024-04-29 12:56:20.540180,-0.3490376
2024-04-29 12:56:20.555810,-0.5381494
2024-04-29 12:56:20.571430,-0.6823044
2024-04-29 12:56:20.587060,-0.7870159
2024-04-29 12:56:20.602680,-0.8491793
2024-04-29 12:56:20.618310,-0.8642268
2024-04-29 12:56:20.633930,-0.8466339
2024-04-29 12:56:20.649560,-0.8270521
2024-04-29 12:56:20.665190,-0.8467832
2024-04-29 12:56:20.680810,-0.9296808
2024-04-29 12:56:20.696440,-1.060363
2024-04-29 12:56:20.712060,-1.189586
2024-04-29 12:56:20.727690,-1.268299
2024-04-29 12:56:20.743310,-1.268153
2024-04-29 12:56:20.758940,-1.21849
2024-04-29 12:56:20.774570,-1.149251
2024-04-29 12:56:20.790190,-1.097878
2024-04-29 12:56:20.805820,-1.075976
2024-04-29 12:56:20.821440,-1.057998
2024-04-29 12:56:20.837070,-1.025793
2024-04-29 12:56:20.852690,-0.9746456
2024-04-29 12:56:20.868320,-0.9109311
2024-04-29 12:56:20.883950,-0.8589587
2024-04-29 12:56:20.899570,-0.8341603
2024-04-29 12:56:20.915200,-0.8238478
2024-04-29 12:56:20.930820,-0.8060141
2024-04-29 12:56:20.946450,-0.7598209
2024-04-29 12:56:20.962070,-0.684278
2024-04-29 12:56:20.977700,-0.5757103
2024-04-29 12:56:20.993330,-0.4285741
2024-04-29 12:56:21.008950,-0.2208595
2024-04-29 12:56:21.024580,0.08339357
2024-04-29 12:56:21.040200,0.4824061
2024-04-29 12:56:21.055830,0.9246192
2024-04-29 12:56:21.071450,1.320476
2024-04-29 12:56:21.087080,1.576787
2024-04-29 12:56:21.102710,1.657628
2024-04-29 12:56:21.118330,1.611935
2024-04-29 12:56:21.133960,1.532062
2024-04-29 12:56:21.149580,1.509921
2024-04-29 12:56:21.165210,1.567802
2024-04-29 12:56:21.180840,1.65303
2024-04-29 12:56:21.196460,1.687673
2024-04-29 12:56:21.212090,1.622208
2024-04-29 12:56:21.227710,1.479645
2024-04-29 12:56:21.243340,1.338861
2024-04-29 12:56:21.258960,1.264279
2024-04-29 12:56:21.274590,1.278455
2024-04-29 12:56:21.290220,1.329407
2024-04-29 12:56:21.305840,1.317896
2024-04-29 12:56:21.321470,1.16807
2024-04-29 12:56:21.337090,0.8874078
2024-04-29 12:56:21.352720,0.5451417
2024-04-29 12:56:21.368340,0.2713351
2024-04-29 12:56:21.383970,0.1696091
2024-04-29 12:56:21.399600,0.2714033
2024-04-29 12:56:21.415220,0.527348
2024-04-29 12:56:21.430850,0.8317537
2024-04-29 12:56:21.446470,1.057794
2024-04-29 12:56:21.462100,1.116994
2024-04-29 12:56:21.477720,0.9945068
2024-04-29 12:56:21.493350,0.7131281
2024-04-29 12:56:21.508980,0.3367419
2024-04-29 12:56:21.524600,-0.09602976
2024-04-29 12:56:21.540230,-0.5744185
2024-04-29 12:56:21.555850,-1.107125
2024-04-29 12:56:21.571480,-1.672468
2024-04-29 12:56:21.587100,-2.195464
2024-04-29 12:56:21.602730,-2.568728
2024-04-29 12:56:21.618360,-2.677689
2024-04-29 12:56:21.633980,-2.482183
2024-04-29 12:56:21.649610,-2.035682
2024-04-29 12:56:21.665230,-1.487133
2024-04-29 12:56:21.680860,-1.013557
2024-04-29 12:56:21.696480,-0.7599735
2024-04-29 12:56:21.712110,-0.7799878
2024-04-29 12:56:21.727740,-1.009269
2024-04-29 12:56:21.743360,-1.315297
2024-04-29 12:56:21.758990,-1.553333
2024-04-29 12:56:21.774610,-1.616992
2024-04-29 12:56:21.790240,-1.464252
2024-04-29 12:56:21.805860,-1.118276
2024-04-29 12:56:21.821490,-0.6245341
2024-04-29 12:56:21.837120,-0.02598333
2024-04-29 12:56:21.852740,0.6324015
2024-04-29 12:56:21.868370,1.300769
2024-04-29 12:56:21.883990,1.908849
2024-04-29 12:56:21.899620,2.365589
2024-04-29 12:56:21.915240,2.593701
2024-04-29 12:56:21.930870,2.565438
2024-04-29 12:56:21.946500,2.324174
2024-04-29 12:56:21.962120,1.972138
2024-04-29 12:56:21.977750,1.614322
2024-04-29 12:56:21.993370,1.304561
2024-04-29 12:56:22.009000,1.036671
2024-04-29 12:56:22.024620,0.7695832
2024-04-29 12:56:22.040250,0.4722161
2024-04-29 12:56:22.055880,0.1613269
2024-04-29 12:56:22.071500,-0.1075201
2024-04-29 12:56:22.087130,-0.2662163
2024-04-29 12:56:22.102750,-0.277935
2024-04-29 12:56:22.118380,-0.1475191
2024-04-29 12:56:22.134000,0.07525206
2024-04-29 12:56:22.149630,0.3345852
2024-04-29 12:56:22.165260,0.587636
2024-04-29 12:56:22.180880,0.8024483
2024-04-29 12:56:22.196510,0.9534883
2024-04-29 12:56:22.212130,1.007852
2024-04-29 12:56:22.227760,0.9357138
2024-04-29 12:56:22.243380,0.7312398
2024-04-29 12:56:22.259010,0.443161
2024-04-29 12:56:22.274640,0.1664453
2024-04-29 12:56:22.290260,0.002244949
2024-04-29 12:56:22.305890,0.008284569
2024-04-29 12:56:22.321510,0.1783166
2024-04-29 12:56:22.337140,0.4365425
2024-04-29 12:56:22.352760,0.6755867
2024-04-29 12:56:22.368390,0.8051033
2024-04-29 12:56:22.384020,0.7974215
2024-04-29 12:56:22.399640,0.6771541
2024-04-29 12:56:22.415270,0.5042024
2024-04-29 12:56:22.430890,0.3270955
2024-04-29 12:56:22.446520,0.1496985
2024-04-29 12:56:22.462140,-0.04926801
2024-04-29 12:56:22.477770,-0.2991636
2024-04-29 12:56:22.493400,-0.5926142
2024-04-29 12:56:22.509020,-0.8670323
2024-04-29 12:56:22.524650,-1.049036
2024-04-29 12:56:22.540270,-1.094357
2024-04-29 12:56:22.555900,-1.035006
2024-04-29 12:56:22.571520,-0.9401822
2024-04-29 12:56:22.587150,-0.8933053
2024-04-29 12:56:22.602780,-0.9263442
2024-04-29 12:56:22.618400,-0.9875784
2024-04-29 12:56:22.634030,-0.9854004
2024-04-29 12:56:22.649650,-0.8361874
2024-04-29 12:56:22.665280,-0.5207093
2024-04-29 12:56:22.680900,-0.1009185
2024-04-29 12:56:22.696530,0.3316474
2024-04-29 12:56:22.712160,0.716151
2024-04-29 12:56:22.727780,1.026113
2024-04-29 12:56:22.743410,1.272497
2024-04-29 12:56:22.759030,1.451556
2024-04-29 12:56:22.774660,1.542356
2024-04-29 12:56:22.790280,1.505318
2024-04-29 12:56:22.805910,1.332885
2024-04-29 12:56:22.821540,1.064419
2024-04-29 12:56:22.837160,0.792661
2024-04-29 12:56:22.852790,0.6016529
2024-04-29 12:56:22.868410,0.5189618
2024-04-29 12:56:22.884040,0.5178803
2024-04-29 12:56:22.899660,0.5283817
2024-04-29 12:56:22.915290,0.4756138
2024-04-29 12:56:22.930920,0.3157625
2024-04-29 12:56:22.946540,0.035689
2024-04-29 12:56:22.962170,-0.3254532
2024-04-29 12:56:22.977790,-0.688879
2024-04-29 12:56:22.993420,-0.9698575
2024-04-29 12:56:23.009040,-1.087368
2024-04-29 12:56:23.024670,-1.009229
2024-04-29 12:56:23.040300,-0.7670846
2024-04-29 12:56:23.055920,-0.4453475
2024-04-29 12:56:23.071550,-0.152712
2024-04-29 12:56:23.087170,0.02552599
2024-04-29 12:56:23.102800,0.05345625
2024-04-29 12:56:23.118420,-0.05616206
2024-04-29 12:56:23.134050,-0.2785754
2024-04-29 12:56:23.149680,-0.575183
2024-04-29 12:56:23.165300,-0.9088587
2024-04-29 12:56:23.180930,-1.232888
2024-04-29 12:56:23.196550,-1.472827
2024-04-29 12:56:23.212180,-1.547469
2024-04-29 12:56:23.227800,-1.400187
2024-04-29 12:56:23.243430,-1.03652
2024-04-29 12:56:23.259060,-0.5271959
2024-04-29 12:56:23.274680,0.01082881
2024-04-29 12:56:23.290310,0.4538034
2024-04-29 12:56:23.305930,0.7154702
2024-04-29 12:56:23.321560,0.7424624
2024-04-29 12:56:23.337180,0.550732
2024-04-29 12:56:23.352810,0.2040381
2024-04-29 12:56:23.368440,-0.2091027
2024-04-29 12:56:23.384060,-0.5997755
2024-04-29 12:56:23.399690,-0.9023836
2024-04-29 12:56:23.415310,-1.099044
2024-04-29 12:56:23.430940,-1.197263
2024-04-29 12:56:23.446560,-1.215493
2024-04-29 12:56:23.462190,-1.180157
2024-04-29 12:56:23.477820,-1.100279
2024-04-29 12:56:23.493440,-0.9866827
2024-04-29 12:56:23.509070,-0.8673815
2024-04-29 12:56:23.524690,-0.7885182
2024-04-29 12:56:23.540320,-0.8025666
2024-04-29 12:56:23.555940,-0.9313118
2024-04-29 12:56:23.571570,-1.129904
2024-04-29 12:56:23.587200,-1.297957
2024-04-29 12:56:23.602820,-1.308906
2024-04-29 12:56:23.618450,-1.065862
2024-04-29 12:56:23.634070,-0.5645055
2024-04-29 12:56:23.649700,0.09235251
2024-04-29 12:56:23.665320,0.7282652
2024-04-29 12:56:23.680950,1.15807
2024-04-29 12:56:23.696580,1.27227
2024-04-29 12:56:23.712200,1.088014
2024-04-29 12:56:23.727830,0.7298486
2024-04-29 12:56:23.743450,0.3703923
2024-04-29 12:56:23.759080,0.1572957
2024-04-29 12:56:23.774700,0.1451308
2024-04-29 12:56:23.790330,0.294001
2024-04-29 12:56:23.805960,0.5192097
2024-04-29 12:56:23.821580,0.73809
2024-04-29 12:56:23.837210,0.9054482
2024-04-29 12:56:23.852830,1.02436
2024-04-29 12:56:23.868460,1.118073
2024-04-29 12:56:23.884090,1.200816
2024-04-29 12:56:23.899710,1.28788
2024-04-29 12:56:23.915340,1.376467
2024-04-29 12:56:23.930960,1.442852
2024-04-29 12:56:23.946590,1.467782
2024-04-29 12:56:23.962210,1.438104
2024-04-29 12:56:23.977840,1.339182
2024-04-29 12:56:23.993470,1.178238
2024-04-29 12:56:24.009090,0.9754298
2024-04-29 12:56:24.024720,0.7478172
2024-04-29 12:56:24.040340,0.5039395
2024-04-29 12:56:24.055970,0.2308151
2024-04-29 12:56:24.071590,-0.07079971
2024-04-29 12:56:24.087220,-0.3707281
2024-04-29 12:56:24.102850,-0.5846772
2024-04-29 12:56:24.118470,-0.6330712
2024-04-29 12:56:24.134100,-0.4739583
2024-04-29 12:56:24.149720,-0.1639585
2024-04-29 12:56:24.165350,0.1753051
2024-04-29 12:56:24.180970,0.4053719
2024-04-29 12:56:24.196600,0.45123
2024-04-29 12:56:24.212230,0.3296404
2024-04-29 12:56:24.227850,0.1352408
2024-04-29 12:56:24.243480,-0.03571892
2024-04-29 12:56:24.259100,-0.1411042
2024-04-29 12:56:24.274730,-0.1937757
2024-04-29 12:56:24.290350,-0.2393548
2024-04-29 12:56:24.305980,-0.3020689
2024-04-29 12:56:24.321610,-0.3696473
2024-04-29 12:56:24.337230,-0.4126174
2024-04-29 12:56:24.352860,-0.4193559
2024-04-29 12:56:24.368480,-0.4115579
2024-04-29 12:56:24.384110,-0.4369044
2024-04-29 12:56:24.399730,-0.543678
2024-04-29 12:56:24.415360,-0.7499576
2024-04-29 12:56:24.430990,-1.047818
2024-04-29 12:56:24.446610,-1.404344
2024-04-29 12:56:24.462240,-1.788131
2024-04-29 12:56:24.477860,-2.153851
2024-04-29 12:56:24.493490,-2.446664
2024-04-29 12:56:24.509110,-2.620432
2024-04-29 12:56:24.524740,-2.640258
2024-04-29 12:56:24.540370,-2.507464
2024-04-29 12:56:24.555990,-2.25809
2024-04-29 12:56:24.571620,-1.965677
2024-04-29 12:56:24.587240,-1.696043
2024-04-29 12:56:24.602870,-1.489159
2024-04-29 12:56:24.618490,-1.343179
2024-04-29 12:56:24.634120,-1.209185
2024-04-29 12:56:24.649750,-1.017044
2024-04-29 12:56:24.665370,-0.7025003
2024-04-29 12:56:24.681000,-0.2459047
2024-04-29 12:56:24.696620,0.3243005
2024-04-29 12:56:24.712250,0.9101071
2024-04-29 12:56:24.727870,1.408347
2024-04-29 12:56:24.743500,1.730677
2024-04-29 12:56:24.759130,1.856837
2024-04-29 12:56:24.774750,1.821908
2024-04-29 12:56:24.790380,1.695122
2024-04-29 12:56:24.806000,1.552079
2024-04-29 12:56:24.821630,1.428927
2024-04-29 12:56:24.837250,1.342188
2024-04-29 12:56:24.852880,1.27514
2024-04-29 12:56:24.868510,1.214205
2024-04-29 12:56:24.884130,1.15924
2024-04-29 12:56:24.899760,1.119453
2024-04-29 12:56:24.915380,1.095835
2024-04-29 12:56:24.931010,1.076013
2024-04-29 12:56:24.946630,1.059812
2024-04-29 12:56:24.962260,1.044936
2024-04-29 12:56:24.977890,1.045188
2024-04-29 12:56:24.993510,1.075743
2024-04-29 12:56:25.009140,1.131385
2024-04-29 12:56:25.024760,1.182846
2024-04-29 12:56:25.040390,1.197166
2024-04-29 12:56:25.056010,1.147856
2024-04-29 12:56:25.071640,1.016272
2024-04-29 12:56:25.087270,0.8156211
2024-04-29 12:56:25.102890,0.5511835
2024-04-29 12:56:25.118520,0.2407708
2024-04-29 12:56:25.134140,-0.09537315
2024-04-29 12:56:25.149770,-0.4108412
2024-04-29 12:56:25.165390,-0.6522894
2024-04-29 12:56:25.181020,-0.7830577
2024-04-29 12:56:25.196650,-0.8074174
2024-04-29 12:56:25.212270,-0.7810676
2024-04-29 12:56:25.227900,-0.7574086
2024-04-29 12:56:25.243520,-0.7811496
2024-04-29 12:56:25.259150,-0.8297682
2024-04-29 12:56:25.274770,-0.8551593
2024-04-29 12:56:25.290400,-0.825088
2024-04-29 12:56:25.306030,-0.7443953
2024-04-29 12:56:25.321650,-0.6815171
2024-04-29 12:56:25.337280,-0.7012138
2024-04-29 12:56:25.352900,-0.8324795
2024-04-29 12:56:25.368530,-1.029866
2024-04-29 12:56:25.384150,-1.218423
2024-04-29 12:56:25.399780,-1.324131
2024-04-29 12:56:25.415410,-1.326196
2024-04-29 12:56:25.431030,-1.244617
2024-04-29 12:56:25.446660,-1.118166
2024-04-29 12:56:25.462280,-0.9956055
2024-04-29 12:56:25.477910,-0.9298787
2024-04-29 12:56:25.493530,-0.977066
2024-04-29 12:56:25.509160,-1.177022
2024-04-29 12:56:25.524790,-1.539715
2024-04-29 12:56:25.540410,-1.991772
2024-04-29 12:56:25.556040,-2.410105
2024-04-29 12:56:25.571660,-2.655424
2024-04-29 12:56:25.587290,-2.64785
2024-04-29 12:56:25.602910,-2.399503
2024-04-29 12:56:25.618540,-1.985868
2024-04-29 12:56:25.634170,-1.500981
2024-04-29 12:56:25.649790,-0.9851589
2024-04-29 12:56:25.665420,-0.4293489
2024-04-29 12:56:25.681040,0.2043624
2024-04-29 12:56:25.696670,0.9076729
2024-04-29 12:56:25.712290,1.598774
2024-04-29 12:56:25.727920,2.144515
2024-04-29 12:56:25.743550,2.422162
2024-04-29 12:56:25.759170,2.40379
2024-04-29 12:56:25.774800,2.142903
2024-04-29 12:56:25.790420,1.753969
2024-04-29 12:56:25.806050,1.352899
2024-04-29 12:56:25.821670,1.012482
2024-04-29 12:56:25.837300,0.7487648
2024-04-29 12:56:25.852930,0.5364826
2024-04-29 12:56:25.868550,0.3559704
2024-04-29 12:56:25.884180,0.2129939
2024-04-29 12:56:25.899800,0.1498988
2024-04-29 12:56:25.915430,0.2104173
2024-04-29 12:56:25.931050,0.4003139
2024-04-29 12:56:25.946680,0.6614037
2024-04-29 12:56:25.962310,0.8981369
2024-04-29 12:56:25.977930,1.009272
2024-04-29 12:56:25.993560,0.9466009
2024-04-29 12:56:26.009180,0.7460778
2024-04-29 12:56:26.024810,0.5036149
2024-04-29 12:56:26.040440,0.3263209
2024-04-29 12:56:26.056060,0.2758303
2024-04-29 12:56:26.071690,0.3377945
2024-04-29 12:56:26.087310,0.4615743
2024-04-29 12:56:26.102940,0.5984251
2024-04-29 12:56:26.118560,0.7493973
2024-04-29 12:56:26.134190,0.9382401
2024-04-29 12:56:26.149820,1.175694
2024-04-29 12:56:26.165440,1.4059
2024-04-29 12:56:26.181070,1.5154
2024-04-29 12:56:26.196690,1.407487
2024-04-29 12:56:26.212320,1.068503
2024-04-29 12:56:26.227940,0.5949306
2024-04-29 12:56:26.243570,0.1405947
2024-04-29 12:56:26.259200,-0.150686
2024-04-29 12:56:26.274820,-0.2385912
2024-04-29 12:56:26.290450,-0.1866777
2024-04-29 12:56:26.306070,-0.1194568
2024-04-29 12:56:26.321700,-0.1650879
2024-04-29 12:56:26.337320,-0.4000897
2024-04-29 12:56:26.352950,-0.8170581
2024-04-29 12:56:26.368580,-1.354266
2024-04-29 12:56:26.384200,-1.905346
2024-04-29 12:56:26.399830,-2.365085
2024-04-29 12:56:26.415450,-2.626389
2024-04-29 12:56:26.431080,-2.610812
2024-04-29 12:56:26.446700,-2.32397
2024-04-29 12:56:26.462330,-1.85429
2024-04-29 12:56:26.477960,-1.3601
2024-04-29 12:56:26.493580,-1.005722
2024-04-29 12:56:26.509210,-0.9005704
2024-04-29 12:56:26.524830,-1.045267
2024-04-29 12:56:26.540460,-1.327701
2024-04-29 12:56:26.556080,-1.562912
2024-04-29 12:56:26.571710,-1.577785
2024-04-29 12:56:26.587340,-1.270414
2024-04-29 12:56:26.602960,-0.6804466
2024-04-29 12:56:26.618590,0.0534029
2024-04-29 12:56:26.634210,0.7459877
2024-04-29 12:56:26.649840,1.262147
2024-04-29 12:56:26.665460,1.559565
2024-04-29 12:56:26.681090,1.697295
2024-04-29 12:56:26.696720,1.755822
2024-04-29 12:56:26.712340,1.780777
2024-04-29 12:56:26.727970,1.759206
2024-04-29 12:56:26.743590,1.625309
2024-04-29 12:56:26.759220,1.346441
2024-04-29 12:56:26.774840,0.946533
2024-04-29 12:56:26.790470,0.5088165
2024-04-29 12:56:26.806100,0.1578684
2024-04-29 12:56:26.821720,-0.008755922
2024-04-29 12:56:26.837350,0.04140687
2024-04-29 12:56:26.852970,0.27159
2024-04-29 12:56:26.868600,0.5846281
2024-04-29 12:56:26.884220,0.8668492
2024-04-29 12:56:26.899850,1.027541
2024-04-29 12:56:26.915480,1.03877
2024-04-29 12:56:26.931100,0.9382117
2024-04-29 12:56:26.946730,0.8096609
2024-04-29 12:56:26.962350,0.7384343
2024-04-29 12:56:26.977980,0.7448812
2024-04-29 12:56:26.993600,0.7962494
2024-04-29 12:56:27.009230,0.8228991
2024-04-29 12:56:27.024860,0.7749677
2024-04-29 12:56:27.040480,0.6461382
2024-04-29 12:56:27.056110,0.4797716
2024-04-29 12:56:27.071730,0.3149803
2024-04-29 12:56:27.087360,0.1663599
2024-04-29 12:56:27.102980,0.01818943
2024-04-29 12:56:27.118610,-0.1570389
2024-04-29 12:56:27.134240,-0.3521085
2024-04-29 12:56:27.149860,-0.5202336
2024-04-29 12:56:27.165490,-0.6194348
2024-04-29 12:56:27.181110,-0.6491618
2024-04-29 12:56:27.196740,-0.6655133
2024-04-29 12:56:27.212360,-0.7500086
2024-04-29 12:56:27.227990,-0.953109
2024-04-29 12:56:27.243620,-1.246049
2024-04-29 12:56:27.259240,-1.527667
2024-04-29 12:56:27.274870,-1.69779
2024-04-29 12:56:27.290490,-1.692107
2024-04-29 12:56:27.306120,-1.531757
2024-04-29 12:56:27.321740,-1.293977
2024-04-29 12:56:27.337370,-1.05328
2024-04-29 12:56:27.353000,-0.8588209
2024-04-29 12:56:27.368620,-0.7298844
2024-04-29 12:56:27.384250,-0.6791816
2024-04-29 12:56:27.399870,-0.7192852
2024-04-29 12:56:27.415500,-0.8638637
2024-04-29 12:56:27.431120,-1.099574
2024-04-29 12:56:27.446750,-1.385304
2024-04-29 12:56:27.462380,-1.657755
2024-04-29 12:56:27.478000,-1.836134
2024-04-29 12:56:27.493630,-1.864038
2024-04-29 12:56:27.509250,-1.69984
2024-04-29 12:56:27.524880,-1.345497
2024-04-29 12:56:27.540500,-0.8390963
2024-04-29 12:56:27.556130,-0.2336068
2024-04-29 12:56:27.571760,0.3970461
2024-04-29 12:56:27.587380,0.9901464
2024-04-29 12:56:27.603010,1.485124
2024-04-29 12:56:27.618630,1.859818
2024-04-29 12:56:27.634260,2.100802
2024-04-29 12:56:27.649880,2.21681
2024-04-29 12:56:27.665510,2.208697
2024-04-29 12:56:27.681140,2.073998
2024-04-29 12:56:27.696760,1.813084
2024-04-29 12:56:27.712390,1.460616
2024-04-29 12:56:27.728010,1.086582
2024-04-29 12:56:27.743640,0.7798202
2024-04-29 12:56:27.759260,0.6258998
2024-04-29 12:56:27.774890,0.6487648
2024-04-29 12:56:27.790520,0.8211737
2024-04-29 12:56:27.806140,1.052864
2024-04-29 12:56:27.821770,1.239612
2024-04-29 12:56:27.837390,1.302358
2024-04-29 12:56:27.853020,1.227076
2024-04-29 12:56:27.868640,1.043023
2024-04-29 12:56:27.884270,0.8022344
2024-04-29 12:56:27.899900,0.5331399
2024-04-29 12:56:27.915520,0.2346449
2024-04-29 12:56:27.931150,-0.0944643
2024-04-29 12:56:27.946770,-0.4333203
2024-04-29 12:56:27.962400,-0.7243564
2024-04-29 12:56:27.978020,-0.8785017
2024-04-29 12:56:27.993650,-0.8567421
2024-04-29 12:56:28.009280,-0.6939368
2024-04-29 12:56:28.024900,-0.4962785
2024-04-29 12:56:28.040530,-0.3855634
2024-04-29 12:56:28.056150,-0.4249864
2024-04-29 12:56:28.071780,-0.5797749
2024-04-29 12:56:28.087400,-0.7310042
2024-04-29 12:56:28.103030,-0.7598858
2024-04-29 12:56:28.118660,-0.622088
2024-04-29 12:56:28.134280,-0.38469
2024-04-29 12:56:28.149910,-0.1801472
2024-04-29 12:56:28.165530,-0.1658223
2024-04-29 12:56:28.181160,-0.4031117
2024-04-29 12:56:28.196780,-0.8396537
2024-04-29 12:56:28.212410,-1.323154
2024-04-29 12:56:28.228040,-1.665555
2024-04-29 12:56:28.243660,-1.727737
2024-04-29 12:56:28.259290,-1.493272
2024-04-29 12:56:28.274910,-1.087349
2024-04-29 12:56:28.290540,-0.7056031
2024-04-29 12:56:28.306160,-0.5349011
2024-04-29 12:56:28.321790,-0.6503801
2024-04-29 12:56:28.337420,-1.000406
2024-04-29 12:56:28.353040,-1.439789
2024-04-29 12:56:28.368670,-1.800929
2024-04-29 12:56:28.384290,-1.975741
2024-04-29 12:56:28.399920,-1.944802
2024-04-29 12:56:28.415540,-1.757886
2024-04-29 12:56:28.431170,-1.456035
2024-04-29 12:56:28.446800,-1.057381
2024-04-29 12:56:28.462420,-0.5498542
2024-04-29 12:56:28.478050,0.07719147
2024-04-29 12:56:28.493670,0.7974038
2024-04-29 12:56:28.509300,1.518969
2024-04-29 12:56:28.524920,2.095939
2024-04-29 12:56:28.540550,2.395685
2024-04-29 12:56:28.556180,2.349085
2024-04-29 12:56:28.571800,1.983542
2024-04-29 12:56:28.587430,1.422591
2024-04-29 12:56:28.603050,0.8497779
2024-04-29 12:56:28.618680,0.4208972
2024-04-29 12:56:28.634310,0.219851
2024-04-29 12:56:28.649930,0.2626556
2024-04-29 12:56:28.665560,0.4740137
2024-04-29 12:56:28.681180,0.7679284
2024-04-29 12:56:28.696810,1.066464
2024-04-29 12:56:28.712430,1.309618
2024-04-29 12:56:28.728060,1.45319
2024-04-29 12:56:28.743690,1.480841
2024-04-29 12:56:28.759310,1.390576
2024-04-29 12:56:28.774940,1.220922
2024-04-29 12:56:28.790560,1.024416
2024-04-29 12:56:28.806190,0.8304774
2024-04-29 12:56:28.821810,0.637889
2024-04-29 12:56:28.837440,0.4031278
2024-04-29 12:56:28.853070,0.09229434
2024-04-29 12:56:28.868690,-0.3040352
2024-04-29 12:56:28.884320,-0.7277239
2024-04-29 12:56:28.899940,-1.087086
2024-04-29 12:56:28.915570,-1.304562
2024-04-29 12:56:28.931190,-1.341352
2024-04-29 12:56:28.946820,-1.216343
2024-04-29 12:56:28.962450,-0.974134
2024-04-29 12:56:28.978070,-0.6673421
2024-04-29 12:56:28.993700,-0.3389182
2024-04-29 12:56:29.009320,-0.04155146
2024-04-29 12:56:29.024950,0.153541
2024-04-29 12:56:29.040570,0.1737602
2024-04-29 12:56:29.056200,-0.01531261
2024-04-29 12:56:29.071830,-0.388373
2024-04-29 12:56:29.087450,-0.8558245
2024-04-29 12:56:29.103080,-1.287238
2024-04-29 12:56:29.118700,-1.573655
2024-04-29 12:56:29.134330,-1.678131
2024-04-29 12:56:29.149950,-1.620867
2024-04-29 12:56:29.165580,-1.459437
2024-04-29 12:56:29.181210,-1.247808
2024-04-29 12:56:29.196830,-1.009324
2024-04-29 12:56:29.212460,-0.7512639
2024-04-29 12:56:29.228080,-0.4820923
2024-04-29 12:56:29.243710,-0.2150343
2024-04-29 12:56:29.259330,0.0100196
2024-04-29 12:56:29.274960,0.1482392
2024-04-29 12:56:29.290590,0.1718966
2024-04-29 12:56:29.306210,0.09534347
2024-04-29 12:56:29.321840,-0.03507829
2024-04-29 12:56:29.337460,-0.1177356
2024-04-29 12:56:29.353090,-0.04817915
2024-04-29 12:56:29.368710,0.2493217
2024-04-29 12:56:29.384340,0.7621322
2024-04-29 12:56:29.399970,1.389639
2024-04-29 12:56:29.415590,1.954068
2024-04-29 12:56:29.431220,2.286626
2024-04-29 12:56:29.446840,2.291786
2024-04-29 12:56:29.462470,1.994478
2024-04-29 12:56:29.478090,1.547003
2024-04-29 12:56:29.493720,1.130832
2024-04-29 12:56:29.509350,0.8722463
2024-04-29 12:56:29.524970,0.7813169
2024-04-29 12:56:29.540600,0.7664044
2024-04-29 12:56:29.556220,0.7348174
2024-04-29 12:56:29.571850,0.6350749
2024-04-29 12:56:29.587470,0.5105535
2024-04-29 12:56:29.603100,0.4444193
2024-04-29 12:56:29.618730,0.497592
2024-04-29 12:56:29.634350,0.6377585
2024-04-29 12:56:29.649980,0.7588046
2024-04-29 12:56:29.665600,0.7350441
2024-04-29 12:56:29.681230,0.5073529
2024-04-29 12:56:29.696850,0.1337926
2024-04-29 12:56:29.712480,-0.2282462
2024-04-29 12:56:29.728110,-0.4024975
2024-04-29 12:56:29.743730,-0.2960455
2024-04-29 12:56:29.759360,0.05926943
2024-04-29 12:56:29.774980,0.5128487
2024-04-29 12:56:29.790610,0.8741424
2024-04-29 12:56:29.806230,1.014028
2024-04-29 12:56:29.821860,0.9056432
2024-04-29 12:56:29.837490,0.6392386
2024-04-29 12:56:29.853110,0.3377082
2024-04-29 12:56:29.868740,0.1180997
2024-04-29 12:56:29.884360,0.007257104
2024-04-29 12:56:29.899990,-0.03263104
2024-04-29 12:56:29.915610,-0.07124317
2024-04-29 12:56:29.931240,-0.1553444
2024-04-29 12:56:29.946870,-0.2931635
2024-04-29 12:56:29.962490,-0.4652839
2024-04-29 12:56:29.978120,-0.6455863
2024-04-29 12:56:29.993740,-0.8151677
2024-04-29 12:56:30.009370,-0.9710078
2024-04-29 12:56:30.024990,-1.111569
2024-04-29 12:56:30.040620,-1.238529
2024-04-29 12:56:30.056250,-1.355536
2024-04-29 12:56:30.071870,-1.47419
2024-04-29 12:56:30.087500,-1.620174
2024-04-29 12:56:30.103120,-1.781617
2024-04-29 12:56:30.118750,-1.912472
2024-04-29 12:56:30.134370,-1.925076
2024-04-29 12:56:30.150000,-1.729189
2024-04-29 12:56:30.165630,-1.28287
2024-04-29 12:56:30.181250,-0.6234096
2024-04-29 12:56:30.196880,0.1322523
2024-04-29 12:56:30.212500,0.8392291
2024-04-29 12:56:30.228130,1.379064
2024-04-29 12:56:30.243750,1.728575
2024-04-29 12:56:30.259380,1.919405
2024-04-29 12:56:30.275010,2.003705
2024-04-29 12:56:30.290630,2.00807
2024-04-29 12:56:30.306260,1.913641
2024-04-29 12:56:30.321880,1.68969
2024-04-29 12:56:30.337510,1.334029
2024-04-29 12:56:30.353130,0.9098707
2024-04-29 12:56:30.368760,0.5198498
2024-04-29 12:56:30.384390,0.2638266
2024-04-29 12:56:30.400010,0.1748049
2024-04-29 12:56:30.415640,0.2175484
2024-04-29 12:56:30.431260,0.327785
2024-04-29 12:56:30.446890,0.4671713
2024-04-29 12:56:30.462510,0.6314013
2024-04-29 12:56:30.478140,0.8262211
2024-04-29 12:56:30.493770,1.03762
2024-04-29 12:56:30.509390,1.189212
2024-04-29 12:56:30.525020,1.190541
2024-04-29 12:56:30.540640,1.016852
2024-04-29 12:56:30.556270,0.7222445
2024-04-29 12:56:30.571890,0.4650016
2024-04-29 12:56:30.587520,0.3717294
2024-04-29 12:56:30.603150,0.4680979
2024-04-29 12:56:30.618770,0.6569048
2024-04-29 12:56:30.634400,0.7770135
2024-04-29 12:56:30.650020,0.6992517
2024-04-29 12:56:30.665650,0.4126624
2024-04-29 12:56:30.681270,0.01868451
2024-04-29 12:56:30.696900,-0.3220785
2024-04-29 12:56:30.712530,-0.4882896
2024-04-29 12:56:30.728150,-0.4503409
2024-04-29 12:56:30.743780,-0.281901
2024-04-29 12:56:30.759400,-0.1195624
2024-04-29 12:56:30.775030,-0.09694982
2024-04-29 12:56:30.790650,-0.2931055
2024-04-29 12:56:30.806280,-0.6926032
2024-04-29 12:56:30.821910,-1.196957
2024-04-29 12:56:30.837530,-1.66952
2024-04-29 12:56:30.853160,-1.972909
2024-04-29 12:56:30.868780,-2.055362
2024-04-29 12:56:30.884410,-1.965264
2024-04-29 12:56:30.900040,-1.826113
2024-04-29 12:56:30.915660,-1.755758
2024-04-29 12:56:30.931290,-1.811378
2024-04-29 12:56:30.946910,-1.941268
2024-04-29 12:56:30.962540,-2.039804
2024-04-29 12:56:30.978160,-2.022953
2024-04-29 12:56:30.993790,-1.872722
2024-04-29 12:56:31.009420,-1.658385
2024-04-29 12:56:31.025040,-1.45415
2024-04-29 12:56:31.040670,-1.273608
2024-04-29 12:56:31.056290,-1.066806
2024-04-29 12:56:31.071920,-0.7106658
2024-04-29 12:56:31.087540,-0.1185218
2024-04-29 12:56:31.103170,0.6972739
2024-04-29 12:56:31.118800,1.601836
2024-04-29 12:56:31.134420,2.390611
2024-04-29 12:56:31.150050,2.86579
2024-04-29 12:56:31.165670,2.943989
2024-04-29 12:56:31.181300,2.667669
2024-04-29 12:56:31.196920,2.192277
2024-04-29 12:56:31.212550,1.689768
2024-04-29 12:56:31.228180,1.302975
2024-04-29 12:56:31.243800,1.083851
2024-04-29 12:56:31.259430,1.003743
2024-04-29 12:56:31.275050,0.9943022
2024-04-29 12:56:31.290680,0.9732974
2024-04-29 12:56:31.306300,0.907976
2024-04-29 12:56:31.321930,0.7990203
2024-04-29 12:56:31.337560,0.6708425
2024-04-29 12:56:31.353180,0.566359
2024-04-29 12:56:31.368810,0.4897114
2024-04-29 12:56:31.384430,0.4285153
2024-04-29 12:56:31.400060,0.360521
2024-04-29 12:56:31.415680,0.2905757
2024-04-29 12:56:31.431310,0.2317704
2024-04-29 12:56:31.446940,0.2279059
2024-04-29 12:56:31.462560,0.2961553
2024-04-29 12:56:31.478190,0.4083412
2024-04-29 12:56:31.493810,0.4935505
2024-04-29 12:56:31.509440,0.4538467
2024-04-29 12:56:31.525060,0.2322934
2024-04-29 12:56:31.540690,-0.1382656
2024-04-29 12:56:31.556320,-0.5544736
2024-04-29 12:56:31.571940,-0.8822063
2024-04-29 12:56:31.587570,-1.034747
2024-04-29 12:56:31.603190,-1.012416
2024-04-29 12:56:31.618820,-0.904686
2024-04-29 12:56:31.634440,-0.8366121
2024-04-29 12:56:31.650070,-0.9054133
2024-04-29 12:56:31.665700,-1.118177
2024-04-29 12:56:31.681320,-1.406427
2024-04-29 12:56:31.696950,-1.652377
2024-04-29 12:56:31.712570,-1.762475
2024-04-29 12:56:31.728200,-1.697333
2024-04-29 12:56:31.743820,-1.488703
2024-04-29 12:56:31.759450,-1.232256
2024-04-29 12:56:31.775080,-1.010918
2024-04-29 12:56:31.790700,-0.8824567
2024-04-29 12:56:31.806330,-0.8500035
2024-04-29 12:56:31.821950,-0.8792555
2024-04-29 12:56:31.837580,-0.9310018
2024-04-29 12:56:31.853200,-0.9620578
2024-04-29 12:56:31.868830,-0.958311
2024-04-29 12:56:31.884460,-0.8963847
2024-04-29 12:56:31.900080,-0.745141
2024-04-29 12:56:31.915710,-0.4640409
2024-04-29 12:56:31.931330,-0.03025699
2024-04-29 12:56:31.946960,0.5239096
2024-04-29 12:56:31.962580,1.102498
2024-04-29 12:56:31.978210,1.594859
2024-04-29 12:56:31.993840,1.905662
2024-04-29 12:56:32.009460,2.001245
2024-04-29 12:56:32.025090,1.924225
2024-04-29 12:56:32.040710,1.755164
2024-04-29 12:56:32.056340,1.568444
2024-04-29 12:56:32.071960,1.40615
2024-04-29 12:56:32.087590,1.248542
2024-04-29 12:56:32.103220,1.057502
2024-04-29 12:56:32.118840,0.8174849
2024-04-29 12:56:32.134470,0.5633724
2024-04-29 12:56:32.150090,0.3751223
2024-04-29 12:56:32.165720,0.3388659
2024-04-29 12:56:32.181340,0.470226
2024-04-29 12:56:32.196970,0.7115221
2024-04-29 12:56:32.212600,0.9292834
2024-04-29 12:56:32.228220,0.9904527
2024-04-29 12:56:32.243850,0.8281648
2024-04-29 12:56:32.259470,0.4944665
2024-04-29 12:56:32.275100,0.1270334
2024-04-29 12:56:32.290720,-0.1209038
2024-04-29 12:56:32.306350,-0.1762042
2024-04-29 12:56:32.321980,-0.09198749
2024-04-29 12:56:32.337600,-0.02320921
2024-04-29 12:56:32.353230,-0.1197159
2024-04-29 12:56:32.368850,-0.4428958
2024-04-29 12:56:32.384480,-0.9160337
2024-04-29 12:56:32.400100,-1.366112
2024-04-29 12:56:32.415730,-1.632294
2024-04-29 12:56:32.431360,-1.640305
2024-04-29 12:56:32.446980,-1.438452
2024-04-29 12:56:32.462610,-1.169398
2024-04-29 12:56:32.478230,-0.9829445
2024-04-29 12:56:32.493860,-0.9520687
2024-04-29 12:56:32.509480,-1.06223
2024-04-29 12:56:32.525110,-1.219905
2024-04-29 12:56:32.540740,-1.29695
2024-04-29 12:56:32.556360,-1.230839
2024-04-29 12:56:32.571990,-1.029079
2024-04-29 12:56:32.587610,-0.761649
2024-04-29 12:56:32.603240,-0.5315883
2024-04-29 12:56:32.618860,-0.4116742
2024-04-29 12:56:32.634490,-0.430962
2024-04-29 12:56:32.650120,-0.5783968
2024-04-29 12:56:32.665740,-0.8265345
2024-04-29 12:56:32.681370,-1.138049
2024-04-29 12:56:32.696990,-1.477312
2024-04-29 12:56:32.712620,-1.804118
2024-04-29 12:56:32.728240,-2.052544
2024-04-29 12:56:32.743870,-2.16035
2024-04-29 12:56:32.759500,-2.066024
2024-04-29 12:56:32.775120,-1.747714
2024-04-29 12:56:32.790750,-1.221051
2024-04-29 12:56:32.806370,-0.5429823
2024-04-29 12:56:32.822000,0.2122375
2024-04-29 12:56:32.837620,0.9522097
2024-04-29 12:56:32.853250,1.591812
2024-04-29 12:56:32.868880,2.049405
2024-04-29 12:56:32.884500,2.273134
2024-04-29 12:56:32.900130,2.251998
2024-04-29 12:56:32.915750,2.024448
2024-04-29 12:56:32.931380,1.677898
2024-04-29 12:56:32.947000,1.308866
2024-04-29 12:56:32.962630,1.000163
2024-04-29 12:56:32.978260,0.7983117
2024-04-29 12:56:32.993880,0.7090086
2024-04-29 12:56:33.009510,0.7163957
2024-04-29 12:56:33.025130,0.7988261
2024-04-29 12:56:33.040760,0.9496181
2024-04-29 12:56:33.056380,1.163193
2024-04-29 12:56:33.072010,1.406938
2024-04-29 12:56:33.087640,1.630474
2024-04-29 12:56:33.103260,1.759723
2024-04-29 12:56:33.118890,1.736944
2024-04-29 12:56:33.134510,1.555276
2024-04-29 12:56:33.150140,1.258638
2024-04-29 12:56:33.165770,0.9274906
2024-04-29 12:56:33.181390,0.6400162
2024-04-29 12:56:33.197020,0.4419478
2024-04-29 12:56:33.212640,0.3112197
2024-04-29 12:56:33.228270,0.2037487
2024-04-29 12:56:33.243890,0.06974959
2024-04-29 12:56:33.259520,-0.09241438
2024-04-29 12:56:33.275150,-0.2352443
2024-04-29 12:56:33.290770,-0.2883503
2024-04-29 12:56:33.306400,-0.2112546
2024-04-29 12:56:33.322020,-0.04127109
2024-04-29 12:56:33.337650,0.1164608
2024-04-29 12:56:33.353270,0.1270657
2024-04-29 12:56:33.368900,-0.09851527
2024-04-29 12:56:33.384530,-0.54334
2024-04-29 12:56:33.400150,-1.08845
2024-04-29 12:56:33.415780,-1.550678
2024-04-29 12:56:33.431400,-1.753459
2024-04-29 12:56:33.447030,-1.641569
2024-04-29 12:56:33.462650,-1.307831
2024-04-29 12:56:33.478280,-0.9692378
2024-04-29 12:56:33.493910,-0.8466554
2024-04-29 12:56:33.509530,-1.054142
2024-04-29 12:56:33.525160,-1.528083
2024-04-29 12:56:33.540780,-2.063311
2024-04-29 12:56:33.556410,-2.404855
2024-04-29 12:56:33.572030,-2.391069
2024-04-29 12:56:33.587660,-2.023059
2024-04-29 12:56:33.603290,-1.432035
2024-04-29 12:56:33.618910,-0.8070886
2024-04-29 12:56:33.634540,-0.2682354
2024-04-29 12:56:33.650160,0.1621177
2024-04-29 12:56:33.665790,0.5498574
2024-04-29 12:56:33.681410,0.9611485
2024-04-29 12:56:33.697040,1.404165
2024-04-29 12:56:33.712670,1.798982
2024-04-29 12:56:33.728290,2.027511
2024-04-29 12:56:33.743920,2.002429
2024-04-29 12:56:33.759540,1.730155
2024-04-29 12:56:33.775170,1.318197
2024-04-29 12:56:33.790790,0.919786
2024-04-29 12:56:33.806420,0.6568618
2024-04-29 12:56:33.822050,0.5630884
2024-04-29 12:56:33.837670,0.5709381
2024-04-29 12:56:33.853300,0.5639541
2024-04-29 12:56:33.868920,0.4708476
2024-04-29 12:56:33.884550,0.3162928
2024-04-29 12:56:33.900170,0.2029049
2024-04-29 12:56:33.915800,0.2319362
2024-04-29 12:56:33.931430,0.4162149
2024-04-29 12:56:33.947050,0.6472495
2024-04-29 12:56:33.962680,0.7580771
2024-04-29 12:56:33.978300,0.6261914
2024-04-29 12:56:33.993930,0.2759662
2024-04-29 12:56:34.009550,-0.1231759
2024-04-29 12:56:34.025180,-0.3580432
2024-04-29 12:56:34.040810,-0.3084199
2024-04-29 12:56:34.056430,-0.01863575
2024-04-29 12:56:34.072060,0.3211823
2024-04-29 12:56:34.087680,0.4958072
2024-04-29 12:56:34.103310,0.4000423
2024-04-29 12:56:34.118930,0.08683634
2024-04-29 12:56:34.134560,-0.2869151
2024-04-29 12:56:34.150190,-0.5647871
2024-04-29 12:56:34.165810,-0.7054598
2024-04-29 12:56:34.181440,-0.7771685
2024-04-29 12:56:34.197060,-0.9022167
2024-04-29 12:56:34.212690,-1.125658
2024-04-29 12:56:34.228310,-1.394967
2024-04-29 12:56:34.243940,-1.583424
2024-04-29 12:56:34.259570,-1.599576
2024-04-29 12:56:34.275190,-1.478482
2024-04-29 12:56:34.290820,-1.375325
2024-04-29 12:56:34.306440,-1.480394
2024-04-29 12:56:34.322070,-1.865052
2024-04-29 12:56:34.337690,-2.421633
2024-04-29 12:56:34.353320,-2.891603
2024-04-29 12:56:34.368950,-3.017216
2024-04-29 12:56:34.384570,-2.685515
2024-04-29 12:56:34.400200,-1.996923
2024-04-29 12:56:34.415820,-1.191112
2024-04-29 12:56:34.431450,-0.4976654
2024-04-29 12:56:34.447070,-0.02155685
2024-04-29 12:56:34.462700,0.2939162
2024-04-29 12:56:34.478330,0.5868769
2024-04-29 12:56:34.493950,0.9609861
2024-04-29 12:56:34.509580,1.423429
2024-04-29 12:56:34.525200,1.87695
2024-04-29 12:56:34.540830,2.197239
2024-04-29 12:56:34.556450,2.304581
2024-04-29 12:56:34.572080,2.185639
2024-04-29 12:56:34.587710,1.893587
2024-04-29 12:56:34.603330,1.507648
2024-04-29 12:56:34.618960,1.095213
2024-04-29 12:56:34.634580,0.7151952
2024-04-29 12:56:34.650210,0.4412675
2024-04-29 12:56:34.665830,0.3452539
2024-04-29 12:56:34.681460,0.4883294
2024-04-29 12:56:34.697090,0.8516579
2024-04-29 12:56:34.712710,1.329451
2024-04-29 12:56:34.728340,1.766053
2024-04-29 12:56:34.743960,2.011889
2024-04-29 12:56:34.759590,2.011827
2024-04-29 12:56:34.775210,1.828031
2024-04-29 12:56:34.790840,1.590555
2024-04-29 12:56:34.806470,1.433877
2024-04-29 12:56:34.822090,1.403245
2024-04-29 12:56:34.837720,1.456579
2024-04-29 12:56:34.853340,1.486925
2024-04-29 12:56:34.868970,1.398085
2024-04-29 12:56:34.884590,1.157352
2024-04-29 12:56:34.900220,0.803937
2024-04-29 12:56:34.915850,0.4259114
2024-04-29 12:56:34.931470,0.1083798
2024-04-29 12:56:34.947100,-0.1060104
2024-04-29 12:56:34.962720,-0.2268958
2024-04-29 12:56:34.978350,-0.305078
2024-04-29 12:56:34.993970,-0.4001093
2024-04-29 12:56:35.009600,-0.5493841
2024-04-29 12:56:35.025230,-0.7461085
2024-04-29 12:56:35.040850,-0.9384346
2024-04-29 12:56:35.056480,-1.054014
2024-04-29 12:56:35.072100,-1.048763
2024-04-29 12:56:35.087730,-0.9333973
2024-04-29 12:56:35.103350,-0.77985
2024-04-29 12:56:35.118980,-0.6907616
2024-04-29 12:56:35.134610,-0.7413669
2024-04-29 12:56:35.150230,-0.9486647
2024-04-29 12:56:35.165860,-1.276888
2024-04-29 12:56:35.181480,-1.636836
2024-04-29 12:56:35.197110,-1.964335
2024-04-29 12:56:35.212730,-2.214765
2024-04-29 12:56:35.228360,-2.37217
2024-04-29 12:56:35.243990,-2.433557
2024-04-29 12:56:35.259610,-2.384797
2024-04-29 12:56:35.275240,-2.194469
2024-04-29 12:56:35.290860,-1.839214
2024-04-29 12:56:35.306490,-1.298603
2024-04-29 12:56:35.322110,-0.5932679
2024-04-29 12:56:35.337740,0.2058706
2024-04-29 12:56:35.353370,0.998579
2024-04-29 12:56:35.368990,1.651628
2024-04-29 12:56:35.384620,2.060323
2024-04-29 12:56:35.400240,2.183253
2024-04-29 12:56:35.415870,2.066698
2024-04-29 12:56:35.431490,1.804501
2024-04-29 12:56:35.447120,1.504736
2024-04-29 12:56:35.462750,1.225643
2024-04-29 12:56:35.478370,0.962009
2024-04-29 12:56:35.494000,0.6791615
2024-04-29 12:56:35.509620,0.3505702
2024-04-29 12:56:35.525250,0.009850025
2024-04-29 12:56:35.540870,-0.2749867
2024-04-29 12:56:35.556500,-0.4304442
2024-04-29 12:56:35.572130,-0.4335656
2024-04-29 12:56:35.587750,-0.3248758
2024-04-29 12:56:35.603380,-0.1830626
2024-04-29 12:56:35.619000,-0.08144808
2024-04-29 12:56:35.634630,-0.03439808
2024-04-29 12:56:35.650250,-0.02041817
2024-04-29 12:56:35.665880,0.002285957
2024-04-29 12:56:35.681510,0.06468868
2024-04-29 12:56:35.697130,0.158339
2024-04-29 12:56:35.712760,0.2715874
2024-04-29 12:56:35.728380,0.3983698
2024-04-29 12:56:35.744010,0.5398612
2024-04-29 12:56:35.759640,0.6935391
2024-04-29 12:56:35.775260,0.8497057
2024-04-29 12:56:35.790890,0.966538
2024-04-29 12:56:35.806510,1.00722
2024-04-29 12:56:35.822140,0.9530783
2024-04-29 12:56:35.837760,0.8004446
2024-04-29 12:56:35.853390,0.5761604
2024-04-29 12:56:35.869020,0.3160558
2024-04-29 12:56:35.884640,0.03347492
2024-04-29 12:56:35.900270,-0.2508259
2024-04-29 12:56:35.915890,-0.5180402
2024-04-29 12:56:35.931520,-0.7426281
2024-04-29 12:56:35.947140,-0.8867736
2024-04-29 12:56:35.962770,-0.9302034
2024-04-29 12:56:35.978400,-0.8877425
2024-04-29 12:56:35.994020,-0.7819996
2024-04-29 12:56:36.009650,-0.661274
2024-04-29 12:56:36.025270,-0.561934
2024-04-29 12:56:36.040900,-0.4854851
2024-04-29 12:56:36.056520,-0.4280777
2024-04-29 12:56:36.072150,-0.3815718
2024-04-29 12:56:36.087780,-0.3463626
2024-04-29 12:56:36.103400,-0.3425107
2024-04-29 12:56:36.119030,-0.3852639
2024-04-29 12:56:36.134650,-0.4729347
2024-04-29 12:56:36.150280,-0.5922604
2024-04-29 12:56:36.165900,-0.7233934
2024-04-29 12:56:36.181530,-0.8055615
2024-04-29 12:56:36.197160,-0.7798748
2024-04-29 12:56:36.212780,-0.5642891
2024-04-29 12:56:36.228410,-0.1086202
2024-04-29 12:56:36.244030,0.5823774
2024-04-29 12:56:36.259660,1.414697
2024-04-29 12:56:36.275280,2.204004
2024-04-29 12:56:36.290910,2.730841
2024-04-29 12:56:36.306540,2.825853
2024-04-29 12:56:36.322160,2.470361
2024-04-29 12:56:36.337790,1.795494
2024-04-29 12:56:36.353410,1.034317
2024-04-29 12:56:36.369040,0.4249444
2024-04-29 12:56:36.384660,0.08360958
2024-04-29 12:56:36.400290,-0.005485058
2024-04-29 12:56:36.415920,0.04108572
2024-04-29 12:56:36.431540,0.08079004
2024-04-29 12:56:36.447170,0.02042294
2024-04-29 12:56:36.462790,-0.145103
2024-04-29 12:56:36.478420,-0.3523664
2024-04-29 12:56:36.494040,-0.4936395
2024-04-29 12:56:36.509670,-0.4842176
2024-04-29 12:56:36.525300,-0.3125367
2024-04-29 12:56:36.540920,-0.03415203
2024-04-29 12:56:36.556550,0.2599182
2024-04-29 12:56:36.572170,0.4833894
2024-04-29 12:56:36.587800,0.5908055
2024-04-29 12:56:36.603420,0.5973582
2024-04-29 12:56:36.619050,0.5563288
2024-04-29 12:56:36.634680,0.5320024
2024-04-29 12:56:36.650300,0.5669198
2024-04-29 12:56:36.665930,0.63592
2024-04-29 12:56:36.681550,0.6807313
2024-04-29 12:56:36.697180,0.6146159
2024-04-29 12:56:36.712800,0.3762846
2024-04-29 12:56:36.728430,-0.05159044
2024-04-29 12:56:36.744060,-0.6141543
2024-04-29 12:56:36.759680,-1.182425
2024-04-29 12:56:36.775310,-1.593834
2024-04-29 12:56:36.790930,-1.713871
2024-04-29 12:56:36.806560,-1.512123
2024-04-29 12:56:36.822180,-1.071977
2024-04-29 12:56:36.837810,-0.5832806
2024-04-29 12:56:36.853440,-0.2360296
2024-04-29 12:56:36.869060,-0.1267333
2024-04-29 12:56:36.884690,-0.2036872
2024-04-29 12:56:36.900310,-0.3351936
2024-04-29 12:56:36.915940,-0.3847508
2024-04-29 12:56:36.931560,-0.3092251
2024-04-29 12:56:36.947190,-0.1770492
2024-04-29 12:56:36.962820,-0.1038861
2024-04-29 12:56:36.978440,-0.1846714
2024-04-29 12:56:36.994070,-0.4259911
2024-04-29 12:56:37.009690,-0.7610493
2024-04-29 12:56:37.025320,-1.07035
2024-04-29 12:56:37.040940,-1.255543
2024-04-29 12:56:37.056570,-1.247815
2024-04-29 12:56:37.072200,-1.013
2024-04-29 12:56:37.087820,-0.5820174
2024-04-29 12:56:37.103450,-0.01874352
2024-04-29 12:56:37.119070,0.5499396
2024-04-29 12:56:37.134700,0.9984179
2024-04-29 12:56:37.150320,1.231351
2024-04-29 12:56:37.165950,1.23855
2024-04-29 12:56:37.181580,1.074902
2024-04-29 12:56:37.197200,0.8546605
2024-04-29 12:56:37.212830,0.6667948
2024-04-29 12:56:37.228450,0.5436101
2024-04-29 12:56:37.244080,0.4555249
2024-04-29 12:56:37.259700,0.3504725
2024-04-29 12:56:37.275330,0.2274523
2024-04-29 12:56:37.290960,0.125927
2024-04-29 12:56:37.306580,0.1116481
2024-04-29 12:56:37.322210,0.2281017
2024-04-29 12:56:37.337830,0.4516978
2024-04-29 12:56:37.353460,0.7159567
2024-04-29 12:56:37.369080,0.9225693
2024-04-29 12:56:37.384710,1.0186
2024-04-29 12:56:37.400340,0.9970565
2024-04-29 12:56:37.415960,0.9025559
2024-04-29 12:56:37.431590,0.804214
2024-04-29 12:56:37.447210,0.7473655
2024-04-29 12:56:37.462840,0.74229
2024-04-29 12:56:37.478460,0.7722244
2024-04-29 12:56:37.494090,0.8069663
2024-04-29 12:56:37.509720,0.8240042
2024-04-29 12:56:37.525340,0.8136621
2024-04-29 12:56:37.540970,0.7725525
2024-04-29 12:56:37.556590,0.7050295
2024-04-29 12:56:37.572220,0.6191802
2024-04-29 12:56:37.587840,0.5055089
2024-04-29 12:56:37.603470,0.3628726
2024-04-29 12:56:37.619100,0.1919546
2024-04-29 12:56:37.634720,0.01145983
2024-04-29 12:56:37.650350,-0.1586409
2024-04-29 12:56:37.665970,-0.2772989
2024-04-29 12:56:37.681600,-0.3552942
2024-04-29 12:56:37.697220,-0.4245915
2024-04-29 12:56:37.712850,-0.5547705
2024-04-29 12:56:37.728480,-0.8090339
2024-04-29 12:56:37.744100,-1.19914
2024-04-29 12:56:37.759730,-1.661898
2024-04-29 12:56:37.775350,-2.07232
2024-04-29 12:56:37.790980,-2.308736
2024-04-29 12:56:37.806600,-2.325931
2024-04-29 12:56:37.822230,-2.172601
2024-04-29 12:56:37.837860,-1.974448
2024-04-29 12:56:37.853480,-1.846838
2024-04-29 12:56:37.869110,-1.850619
2024-04-29 12:56:37.884730,-1.949903
2024-04-29 12:56:37.900360,-2.057282
2024-04-29 12:56:37.915980,-2.091367
2024-04-29 12:56:37.931610,-1.992836
2024-04-29 12:56:37.947240,-1.732006
2024-04-29 12:56:37.962860,-1.299845
2024-04-29 12:56:37.978490,-0.6890368
2024-04-29 12:56:37.994110,0.07070017
2024-04-29 12:56:38.009740,0.905045
2024-04-29 12:56:38.025370,1.683053
2024-04-29 12:56:38.040990,2.267146
2024-04-29 12:56:38.056620,2.578044
2024-04-29 12:56:38.072240,2.631279
2024-04-29 12:56:38.087870,2.528452
2024-04-29 12:56:38.103490,2.396117
2024-04-29 12:56:38.119120,2.302773
2024-04-29 12:56:38.134750,2.243387
2024-04-29 12:56:38.150370,2.13364
2024-04-29 12:56:38.166000,1.892722
2024-04-29 12:56:38.181620,1.477613
2024-04-29 12:56:38.197250,0.9278626
2024-04-29 12:56:38.212870,0.3344345
2024-04-29 12:56:38.228500,-0.188622
2024-04-29 12:56:38.244130,-0.5591908
2024-04-29 12:56:38.259750,-0.730433
2024-04-29 12:56:38.275380,-0.6884239
2024-04-29 12:56:38.291000,-0.447541
2024-04-29 12:56:38.306630,-0.06169057
2024-04-29 12:56:38.322250,0.3903008
2024-04-29 12:56:38.337880,0.8007498
2024-04-29 12:56:38.353510,1.060951
2024-04-29 12:56:38.369130,1.095343
2024-04-29 12:56:38.384760,0.8921018
2024-04-29 12:56:38.400380,0.5161972
2024-04-29 12:56:38.416010,0.06121182
2024-04-29 12:56:38.431630,-0.3736014
2024-04-29 12:56:38.447260,-0.7184837
2024-04-29 12:56:38.462890,-0.9428356
2024-04-29 12:56:38.478510,-1.040649
2024-04-29 12:56:38.494140,-0.9994328
2024-04-29 12:56:38.509760,-0.8296759
2024-04-29 12:56:38.525390,-0.5642416
2024-04-29 12:56:38.541010,-0.2788429
2024-04-29 12:56:38.556640,-0.07691717
2024-04-29 12:56:38.572270,-0.04077125
2024-04-29 12:56:38.587890,-0.1734755
2024-04-29 12:56:38.603520,-0.4033608
2024-04-29 12:56:38.619140,-0.6263137
2024-04-29 12:56:38.634770,-0.749696
2024-04-29 12:56:38.650390,-0.776351
2024-04-29 12:56:38.666020,-0.7771807
2024-04-29 12:56:38.681650,-0.8385093
2024-04-29 12:56:38.697270,-1.00217
2024-04-29 12:56:38.712900,-1.243575
2024-04-29 12:56:38.728520,-1.482392
2024-04-29 12:56:38.744150,-1.651914
2024-04-29 12:56:38.759770,-1.732539
2024-04-29 12:56:38.775400,-1.738322
2024-04-29 12:56:38.791030,-1.710254
2024-04-29 12:56:38.806650,-1.6812
2024-04-29 12:56:38.822280,-1.659611
2024-04-29 12:56:38.837900,-1.668599
2024-04-29 12:56:38.853530,-1.71521
2024-04-29 12:56:38.869150,-1.787432
2024-04-29 12:56:38.884780,-1.833002
2024-04-29 12:56:38.900410,-1.766223
2024-04-29 12:56:38.916030,-1.493625
2024-04-29 12:56:38.931660,-0.9646349
2024-04-29 12:56:38.947280,-0.2073326
2024-04-29 12:56:38.962910,0.6983118
2024-04-29 12:56:38.978530,1.620267
2024-04-29 12:56:38.994160,2.445911
2024-04-29 12:56:39.009790,3.070237
2024-04-29 12:56:39.025410,3.415965
2024-04-29 12:56:39.041040,3.428463
2024-04-29 12:56:39.056660,3.109562
2024-04-29 12:56:39.072290,2.536965
2024-04-29 12:56:39.087910,1.864124
2024-04-29 12:56:39.103540,1.288148
2024-04-29 12:56:39.119170,0.9592156
2024-04-29 12:56:39.134790,0.934289
2024-04-29 12:56:39.150420,1.144401
2024-04-29 12:56:39.166040,1.447056
2024-04-29 12:56:39.181670,1.694197
2024-04-29 12:56:39.197290,1.797607
2024-04-29 12:56:39.212920,1.727602
2024-04-29 12:56:39.228550,1.504714
2024-04-29 12:56:39.244170,1.168795
2024-04-29 12:56:39.259800,0.7594359
2024-04-29 12:56:39.275420,0.3512154
2024-04-29 12:56:39.291050,0.04477763
2024-04-29 12:56:39.306670,-0.06340718
2024-04-29 12:56:39.322300,0.09415674
2024-04-29 12:56:39.337930,0.4735279
2024-04-29 12:56:39.353550,0.9377792
2024-04-29 12:56:39.369180,1.264313
2024-04-29 12:56:39.384800,1.274419
2024-04-29 12:56:39.400430,0.8915026
2024-04-29 12:56:39.416050,0.1997552
2024-04-29 12:56:39.431680,-0.586956
2024-04-29 12:56:39.447310,-1.231508
2024-04-29 12:56:39.462930,-1.562996
2024-04-29 12:56:39.478560,-1.556713
2024-04-29 12:56:39.494180,-1.31591
2024-04-29 12:56:39.509810,-1.034816
2024-04-29 12:56:39.525430,-0.8832521
2024-04-29 12:56:39.541060,-0.9630792
2024-04-29 12:56:39.556690,-1.246647
2024-04-29 12:56:39.572310,-1.598802
2024-04-29 12:56:39.587940,-1.843619
2024-04-29 12:56:39.603560,-1.853969
2024-04-29 12:56:39.619190,-1.602293
2024-04-29 12:56:39.634810,-1.189442
2024-04-29 12:56:39.650440,-0.7787712
2024-04-29 12:56:39.666070,-0.5150142
2024-04-29 12:56:39.681690,-0.4564538
2024-04-29 12:56:39.697320,-0.5637646
2024-04-29 12:56:39.712940,-0.7389669
2024-04-29 12:56:39.728570,-0.885704
2024-04-29 12:56:39.744190,-0.9606061
2024-04-29 12:56:39.759820,-0.9656849
2024-04-29 12:56:39.775450,-0.9007778
2024-04-29 12:56:39.791070,-0.7451184
2024-04-29 12:56:39.806700,-0.455265
2024-04-29 12:56:39.822320,-0.01151681
2024-04-29 12:56:39.837950,0.5332446
2024-04-29 12:56:39.853570,1.064708
2024-04-29 12:56:39.869200,1.465027
2024-04-29 12:56:39.884830,1.683577
2024-04-29 12:56:39.900450,1.756562
2024-04-29 12:56:39.916080,1.761275
2024-04-29 12:56:39.931700,1.761863
2024-04-29 12:56:39.947330,1.744687
2024-04-29 12:56:39.962950,1.643029
2024-04-29 12:56:39.978580,1.380297
2024-04-29 12:56:39.994210,0.9473975
2024-04-29 12:56:40.009830,0.4225249
2024-04-29 12:56:40.025460,-0.05512857
2024-04-29 12:56:40.041080,-0.3655987
2024-04-29 12:56:40.056710,-0.4529593
2024-04-29 12:56:40.072330,-0.3489146
2024-04-29 12:56:40.087960,-0.15183
2024-04-29 12:56:40.103590,0.04249644
2024-04-29 12:56:40.119210,0.1669216
2024-04-29 12:56:40.134840,0.1881065
2024-04-29 12:56:40.150460,0.1207345
2024-04-29 12:56:40.166090,-0.01618648
2024-04-29 12:56:40.181720,-0.1974082
2024-04-29 12:56:40.197340,-0.4001095
2024-04-29 12:56:40.212970,-0.5868865
2024-04-29 12:56:40.228590,-0.7183943
2024-04-29 12:56:40.244220,-0.754609
2024-04-29 12:56:40.259840,-0.703145
2024-04-29 12:56:40.275470,-0.5826013
2024-04-29 12:56:40.291100,-0.4488688
2024-04-29 12:56:40.306720,-0.3403802
2024-04-29 12:56:40.322350,-0.2709413
2024-04-29 12:56:40.337970,-0.2190775
2024-04-29 12:56:40.353600,-0.1765088
2024-04-29 12:56:40.369220,-0.1478845
2024-04-29 12:56:40.384850,-0.1631027
2024-04-29 12:56:40.400480,-0.2409189
2024-04-29 12:56:40.416100,-0.3743908
2024-04-29 12:56:40.431730,-0.5168192
2024-04-29 12:56:40.447350,-0.6100199
2024-04-29 12:56:40.462980,-0.6349818
2024-04-29 12:56:40.478600,-0.6214983
2024-04-29 12:56:40.494230,-0.6461695
2024-04-29 12:56:40.509860,-0.7623553
2024-04-29 12:56:40.525480,-0.9753206
2024-04-29 12:56:40.541110,-1.221078
2024-04-29 12:56:40.556730,-1.413475
2024-04-29 12:56:40.572360,-1.50559
2024-04-29 12:56:40.587980,-1.511646
2024-04-29 12:56:40.603610,-1.484313
2024-04-29 12:56:40.619240,-1.475406
2024-04-29 12:56:40.634860,-1.513327
2024-04-29 12:56:40.650490,-1.566125
2024-04-29 12:56:40.666110,-1.578992
2024-04-29 12:56:40.681740,-1.484549
2024-04-29 12:56:40.697360,-1.242814
2024-04-29 12:56:40.712990,-0.8395517
2024-04-29 12:56:40.728620,-0.2987964
2024-04-29 12:56:40.744240,0.3352978
2024-04-29 12:56:40.759870,0.9891756
2024-04-29 12:56:40.775490,1.58174
2024-04-29 12:56:40.791120,2.037112
2024-04-29 12:56:40.806740,2.295642
2024-04-29 12:56:40.822370,2.35778
2024-04-29 12:56:40.838000,2.266996
2024-04-29 12:56:40.853620,2.101794
2024-04-29 12:56:40.869250,1.936402
2024-04-29 12:56:40.884870,1.798945
2024-04-29 12:56:40.900500,1.67204
2024-04-29 12:56:40.916120,1.495371
2024-04-29 12:56:40.931750,1.232418
2024-04-29 12:56:40.947380,0.8967335
2024-04-29 12:56:40.963000,0.5596383
2024-04-29 12:56:40.978630,0.3252134
2024-04-29 12:56:40.994250,0.2516956
2024-04-29 12:56:41.009880,0.3409486
2024-04-29 12:56:41.025500,0.4975846
2024-04-29 12:56:41.041130,0.6131337
2024-04-29 12:56:41.056760,0.6312819
2024-04-29 12:56:41.072380,0.5646701
2024-04-29 12:56:41.088010,0.4988787
2024-04-29 12:56:41.103630,0.5108335
2024-04-29 12:56:41.119260,0.6316557
2024-04-29 12:56:41.134880,0.8133569
2024-04-29 12:56:41.150510,0.9747455
2024-04-29 12:56:41.166140,1.035625
2024-04-29 12:56:41.181760,0.9688153
2024-04-29 12:56:41.197390,0.7887309
2024-04-29 12:56:41.213010,0.5478189
2024-04-29 12:56:41.228640,0.2990022
2024-04-29 12:56:41.244260,0.08332276
2024-04-29 12:56:41.259890,-0.06522632
2024-04-29 12:56:41.275520,-0.1283346
2024-04-29 12:56:41.291140,-0.09673214
2024-04-29 12:56:41.306770,-0.01102901
2024-04-29 12:56:41.322390,0.07717037
2024-04-29 12:56:41.338020,0.09109724
2024-04-29 12:56:41.353640,-0.02613235
2024-04-29 12:56:41.369270,-0.2756097
2024-04-29 12:56:41.384900,-0.6094624
2024-04-29 12:56:41.400520,-0.9430231
2024-04-29 12:56:41.416150,-1.212761
2024-04-29 12:56:41.431770,-1.391876
2024-04-29 12:56:41.447400,-1.500649
2024-04-29 12:56:41.463020,-1.558862
2024-04-29 12:56:41.478650,-1.569619
2024-04-29 12:56:41.494280,-1.527598
2024-04-29 12:56:41.509900,-1.431402
2024-04-29 12:56:41.525530,-1.338544
2024-04-29 12:56:41.541150,-1.343086
2024-04-29 12:56:41.556780,-1.52879
2024-04-29 12:56:41.572400,-1.910626
2024-04-29 12:56:41.588030,-2.391558
2024-04-29 12:56:41.603660,-2.791079
2024-04-29 12:56:41.619280,-2.915469
2024-04-29 12:56:41.634910,-2.648735
2024-04-29 12:56:41.650530,-1.986944
2024-04-29 12:56:41.666160,-1.029669
2024-04-29 12:56:41.681780,0.06902313
2024-04-29 12:56:41.697410,1.138514
2024-04-29 12:56:41.713040,2.034952
2024-04-29 12:56:41.728660,2.651374
2024-04-29 12:56:41.744290,2.913387
2024-04-29 12:56:41.759910,2.813059
2024-04-29 12:56:41.775540,2.411415
2024-04-29 12:56:41.791160,1.836575
2024-04-29 12:56:41.806790,1.240873
2024-04-29 12:56:41.822420,0.7526084
2024-04-29 12:56:41.838040,0.4333522
2024-04-29 12:56:41.853670,0.2757703
2024-04-29 12:56:41.869290,0.2404671
2024-04-29 12:56:41.884920,0.276793
2024-04-29 12:56:41.900540,0.3604544
2024-04-29 12:56:41.916170,0.4574996
2024-04-29 12:56:41.931800,0.5365022
2024-04-29 12:56:41.947420,0.5650029
2024-04-29 12:56:41.963050,0.5238115
2024-04-29 12:56:41.978670,0.4180266
2024-04-29 12:56:41.994300,0.2820388
2024-04-29 12:56:42.009920,0.159247
2024-04-29 12:56:42.025550,0.07153285
2024-04-29 12:56:42.041180,0.02347922
2024-04-29 12:56:42.056800,0.002313852
2024-04-29 12:56:42.072430,-0.002173543
2024-04-29 12:56:42.088050,0.009471536
2024-04-29 12:56:42.103680,0.04132605
2024-04-29 12:56:42.119300,0.06920183
2024-04-29 12:56:42.134930,0.04566944
2024-04-29 12:56:42.150560,-0.1003147
2024-04-29 12:56:42.166180,-0.4002912
2024-04-29 12:56:42.181810,-0.8113613
2024-04-29 12:56:42.197430,-1.231199
2024-04-29 12:56:42.213060,-1.521963
2024-04-29 12:56:42.228680,-1.595855
2024-04-29 12:56:42.244310,-1.462898
2024-04-29 12:56:42.259940,-1.234108
2024-04-29 12:56:42.275560,-1.033043
2024-04-29 12:56:42.291190,-0.9464465
2024-04-29 12:56:42.306810,-0.9677436
2024-04-29 12:56:42.322440,-1.026112
2024-04-29 12:56:42.338060,-1.052532
2024-04-29 12:56:42.353690,-1.029575
2024-04-29 12:56:42.369320,-1.001299
2024-04-29 12:56:42.384940,-1.02775
2024-04-29 12:56:42.400570,-1.12954
2024-04-29 12:56:42.416190,-1.251263
2024-04-29 12:56:42.431820,-1.321178
2024-04-29 12:56:42.447440,-1.29104
2024-04-29 12:56:42.463070,-1.189203
2024-04-29 12:56:42.478700,-1.106266
2024-04-29 12:56:42.494320,-1.112439
2024-04-29 12:56:42.509950,-1.203137
2024-04-29 12:56:42.525570,-1.267624
2024-04-29 12:56:42.541200,-1.142262
2024-04-29 12:56:42.556820,-0.7041569
2024-04-29 12:56:42.572450,0.03253007
2024-04-29 12:56:42.588080,0.9122734
2024-04-29 12:56:42.603700,1.718342
2024-04-29 12:56:42.619330,2.265565
2024-04-29 12:56:42.634950,2.498938
2024-04-29 12:56:42.650580,2.487207
2024-04-29 12:56:42.666200,2.358465
2024-04-29 12:56:42.681830,2.222345
2024-04-29 12:56:42.697460,2.102165
2024-04-29 12:56:42.713080,1.955248
2024-04-29 12:56:42.728710,1.729265
2024-04-29 12:56:42.744330,1.429812
2024-04-29 12:56:42.759960,1.125862
2024-04-29 12:56:42.775580,0.9227238
2024-04-29 12:56:42.791210,0.8955913
2024-04-29 12:56:42.806840,1.040083
2024-04-29 12:56:42.822460,1.271749
2024-04-29 12:56:42.838090,1.472395
2024-04-29 12:56:42.853710,1.538184
2024-04-29 12:56:42.869340,1.420444
2024-04-29 12:56:42.884970,1.149758
2024-04-29 12:56:42.900590,0.800915
2024-04-29 12:56:42.916220,0.4848566
2024-04-29 12:56:42.931840,0.2894571
2024-04-29 12:56:42.947470,0.2569821
2024-04-29 12:56:42.963090,0.3451555
2024-04-29 12:56:42.978720,0.4401834
2024-04-29 12:56:42.994350,0.4288571
2024-04-29 12:56:43.009970,0.2412577
2024-04-29 12:56:43.025600,-0.09257102
2024-04-29 12:56:43.041220,-0.4676394
2024-04-29 12:56:43.056850,-0.7554343
2024-04-29 12:56:43.072470,-0.8853023
2024-04-29 12:56:43.088100,-0.8730109
2024-04-29 12:56:43.103730,-0.7812243
2024-04-29 12:56:43.119350,-0.6787174
2024-04-29 12:56:43.134980,-0.5723233
2024-04-29 12:56:43.150600,-0.4338555
2024-04-29 12:56:43.166230,-0.2409832
2024-04-29 12:56:43.181850,-0.02899432
2024-04-29 12:56:43.197480,0.09764814
2024-04-29 12:56:43.213110,0.02807331
2024-04-29 12:56:43.228730,-0.2838662
2024-04-29 12:56:43.244360,-0.772562
2024-04-29 12:56:43.259980,-1.2834
2024-04-29 12:56:43.275610,-1.665098
2024-04-29 12:56:43.291230,-1.850035
2024-04-29 12:56:43.306860,-1.890943
2024-04-29 12:56:43.322490,-1.903945
2024-04-29 12:56:43.338110,-1.975605
2024-04-29 12:56:43.353740,-2.093133
2024-04-29 12:56:43.369360,-2.152994
2024-04-29 12:56:43.384990,-2.021984
2024-04-29 12:56:43.400610,-1.620999
2024-04-29 12:56:43.416240,-0.9784644
2024-04-29 12:56:43.431870,-0.2101533
2024-04-29 12:56:43.447490,0.5356555
2024-04-29 12:56:43.463120,1.149068
2024-04-29 12:56:43.478740,1.575124
2024-04-29 12:56:43.494370,1.81726
2024-04-29 12:56:43.509990,1.882718
2024-04-29 12:56:43.525620,1.78937
2024-04-29 12:56:43.541250,1.570828
2024-04-29 12:56:43.556870,1.299586
2024-04-29 12:56:43.572500,1.081526
2024-04-29 12:56:43.588120,0.9910798
2024-04-29 12:56:43.603750,1.048225
2024-04-29 12:56:43.619370,1.163501
2024-04-29 12:56:43.635000,1.226572
2024-04-29 12:56:43.650630,1.159664
2024-04-29 12:56:43.666250,0.9677894
2024-04-29 12:56:43.681880,0.7463632
2024-04-29 12:56:43.697500,0.5924017
2024-04-29 12:56:43.713130,0.5511177
2024-04-29 12:56:43.728750,0.5731514
2024-04-29 12:56:43.744380,0.5699651
2024-04-29 12:56:43.760010,0.4555593
2024-04-29 12:56:43.775630,0.239357
2024-04-29 12:56:43.791260,0.01544476
2024-04-29 12:56:43.806880,-0.1021619
2024-04-29 12:56:43.822510,-0.06167531
2024-04-29 12:56:43.838130,0.07959247
2024-04-29 12:56:43.853760,0.1962864
2024-04-29 12:56:43.869390,0.1601863
2024-04-29 12:56:43.885010,-0.06092906
2024-04-29 12:56:43.900640,-0.417691
2024-04-29 12:56:43.916260,-0.7922153
2024-04-29 12:56:43.931890,-1.081635
2024-04-29 12:56:43.947510,-1.239703
2024-04-29 12:56:43.963140,-1.279474
2024-04-29 12:56:43.978770,-1.257111
2024-04-29 12:56:43.994390,-1.221271
2024-04-29 12:56:44.010020,-1.2049
2024-04-29 12:56:44.025640,-1.225946
2024-04-29 12:56:44.041270,-1.295356
2024-04-29 12:56:44.056890,-1.423765
2024-04-29 12:56:44.072520,-1.596118
2024-04-29 12:56:44.088150,-1.783396
2024-04-29 12:56:44.103770,-1.919452
2024-04-29 12:56:44.119400,-1.951244
2024-04-29 12:56:44.135020,-1.847223
2024-04-29 12:56:44.150650,-1.634784
2024-04-29 12:56:44.166270,-1.392957
2024-04-29 12:56:44.181900,-1.221859
2024-04-29 12:56:44.197530,-1.207952
2024-04-29 12:56:44.213150,-1.378659
2024-04-29 12:56:44.228780,-1.682916
2024-04-29 12:56:44.244400,-1.995963
2024-04-29 12:56:44.260030,-2.167482
2024-04-29 12:56:44.275650,-2.052594
2024-04-29 12:56:44.291280,-1.584785
2024-04-29 12:56:44.306910,-0.8116784
2024-04-29 12:56:44.322530,0.1148729
2024-04-29 12:56:44.338160,0.9694908
2024-04-29 12:56:44.353780,1.552538
2024-04-29 12:56:44.369410,1.747489
2024-04-29 12:56:44.385030,1.590514
2024-04-29 12:56:44.400660,1.226177
2024-04-29 12:56:44.416290,0.8745775
2024-04-29 12:56:44.431910,0.7116795
2024-04-29 12:56:44.447540,0.8054152
2024-04-29 12:56:44.463160,1.094731
2024-04-29 12:56:44.478790,1.418767
2024-04-29 12:56:44.494410,1.601879
2024-04-29 12:56:44.510040,1.559458
2024-04-29 12:56:44.525670,1.333573
2024-04-29 12:56:44.541290,1.06773
2024-04-29 12:56:44.556920,0.9227772
2024-04-29 12:56:44.572540,0.989357
2024-04-29 12:56:44.588170,1.230791
2024-04-29 12:56:44.603790,1.529447
2024-04-29 12:56:44.619420,1.753526
2024-04-29 12:56:44.635050,1.827805
2024-04-29 12:56:44.650670,1.754648
2024-04-29 12:56:44.666300,1.603196
2024-04-29 12:56:44.681920,1.449855
2024-04-29 12:56:44.697550,1.330352
2024-04-29 12:56:44.713170,1.237261
2024-04-29 12:56:44.728800,1.134089
2024-04-29 12:56:44.744430,0.9767189
2024-04-29 12:56:44.760050,0.7598157
2024-04-29 12:56:44.775680,0.5142479
2024-04-29 12:56:44.791300,0.31253
2024-04-29 12:56:44.806930,0.2319112
2024-04-29 12:56:44.822550,0.3279638
2024-04-29 12:56:44.838180,0.5668883
2024-04-29 12:56:44.853810,0.8347874
2024-04-29 12:56:44.869430,0.9648762
2024-04-29 12:56:44.885060,0.8463464
2024-04-29 12:56:44.900680,0.4720182
2024-04-29 12:56:44.916310,-0.02766037
2024-04-29 12:56:44.931930,-0.4550176
2024-04-29 12:56:44.947560,-0.6727533
2024-04-29 12:56:44.963190,-0.6724029
2024-04-29 12:56:44.978810,-0.5569205
2024-04-29 12:56:44.994440,-0.471283
2024-04-29 12:56:45.010060,-0.5006738
2024-04-29 12:56:45.025690,-0.6261911
2024-04-29 12:56:45.041310,-0.7726927
2024-04-29 12:56:45.056940,-0.8818612
2024-04-29 12:56:45.072570,-0.9518132
2024-04-29 12:56:45.088190,-1.024237
2024-04-29 12:56:45.103820,-1.113245
2024-04-29 12:56:45.119440,-1.158054
2024-04-29 12:56:45.135070,-1.045958
2024-04-29 12:56:45.150700,-0.6719532
2024-04-29 12:56:45.166320,-0.0325613
2024-04-29 12:56:45.181950,0.7739973
2024-04-29 12:56:45.197570,1.582822
2024-04-29 12:56:45.213200,2.251827
2024-04-29 12:56:45.228820,2.718822
2024-04-29 12:56:45.244450,2.985027
2024-04-29 12:56:45.260080,3.095299
2024-04-29 12:56:45.275700,3.064404
2024-04-29 12:56:45.291330,2.871908
2024-04-29 12:56:45.306950,2.482804
2024-04-29 12:56:45.322580,1.898446
2024-04-29 12:56:45.338200,1.182233
2024-04-29 12:56:45.353830,0.4615192
2024-04-29 12:56:45.369460,-0.1184158
2024-04-29 12:56:45.385080,-0.4435613
2024-04-29 12:56:45.400710,-0.4877644
2024-04-29 12:56:45.416330,-0.3354383
2024-04-29 12:56:45.431960,-0.118902
2024-04-29 12:56:45.447580,0.01374102
2024-04-29 12:56:45.463210,-0.02084684
2024-04-29 12:56:45.478840,-0.212234
2024-04-29 12:56:45.494460,-0.4606071
2024-04-29 12:56:45.510090,-0.6577184
2024-04-29 12:56:45.525710,-0.7382572
2024-04-29 12:56:45.541340,-0.7168112
2024-04-29 12:56:45.556960,-0.6813774
2024-04-29 12:56:45.572590,-0.7154074
2024-04-29 12:56:45.588220,-0.8549216
2024-04-29 12:56:45.603840,-1.051868
2024-04-29 12:56:45.619470,-1.218241
2024-04-29 12:56:45.635090,-1.273507
2024-04-29 12:56:45.650720,-1.207064
2024-04-29 12:56:45.666340,-1.055132
2024-04-29 12:56:45.681970,-0.8732312
2024-04-29 12:56:45.697600,-0.6975243
2024-04-29 12:56:45.713220,-0.5152915
2024-04-29 12:56:45.728850,-0.309866
2024-04-29 12:56:45.744470,-0.06987369
2024-04-29 12:56:45.760100,0.1733619
2024-04-29 12:56:45.775720,0.3661803
2024-04-29 12:56:45.791350,0.4615068
2024-04-29 12:56:45.806980,0.4515365
2024-04-29 12:56:45.822600,0.3757085
2024-04-29 12:56:45.838230,0.2975713
2024-04-29 12:56:45.853850,0.2750751
2024-04-29 12:56:45.869480,0.3243883
2024-04-29 12:56:45.885100,0.4080629
2024-04-29 12:56:45.900730,0.4691443
2024-04-29 12:56:45.916360,0.4477723
2024-04-29 12:56:45.931980,0.3213804
2024-04-29 12:56:45.947610,0.1258027
2024-04-29 12:56:45.963230,-0.04535848
2024-04-29 12:56:45.978860,-0.09747866
2024-04-29 12:56:45.994480,0.05612372
2024-04-29 12:56:46.010110,0.4191825
2024-04-29 12:56:46.025740,0.9014151
2024-04-29 12:56:46.041360,1.360349
2024-04-29 12:56:46.056990,1.668065
2024-04-29 12:56:46.072610,1.749543
2024-04-29 12:56:46.088240,1.617284
2024-04-29 12:56:46.103860,1.343262
2024-04-29 12:56:46.119490,1.00483
2024-04-29 12:56:46.135120,0.6470034
2024-04-29 12:56:46.150740,0.2617727
2024-04-29 12:56:46.166370,-0.1869417
2024-04-29 12:56:46.181990,-0.7242339
2024-04-29 12:56:46.197620,-1.323178
2024-04-29 12:56:46.213240,-1.906415
2024-04-29 12:56:46.228870,-2.379186
2024-04-29 12:56:46.244500,-2.686586
2024-04-29 12:56:46.260120,-2.842582
2024-04-29 12:56:46.275750,-2.92135
2024-04-29 12:56:46.291370,-2.997722
2024-04-29 12:56:46.307000,-3.093175
2024-04-29 12:56:46.322620,-3.153373
2024-04-29 12:56:46.338250,-3.060903
2024-04-29 12:56:46.353880,-2.737035
2024-04-29 12:56:46.369500,-2.183314
2024-04-29 12:56:46.385130,-1.51965
2024-04-29 12:56:46.400750,-0.9143961
2024-04-29 12:56:46.416380,-0.5101246
2024-04-29 12:56:46.432000,-0.3529352
2024-04-29 12:56:46.447630,-0.3777803
2024-04-29 12:56:46.463260,-0.4524351
2024-04-29 12:56:46.478880,-0.4806297
2024-04-29 12:56:46.494510,-0.431779
2024-04-29 12:56:46.510130,-0.3408109
2024-04-29 12:56:46.525760,-0.2679524
2024-04-29 12:56:46.541380,-0.2510414
2024-04-29 12:56:46.557010,-0.2584901
2024-04-29 12:56:46.572640,-0.2302489
2024-04-29 12:56:46.588260,-0.1168215
2024-04-29 12:56:46.603890,0.08966219
2024-04-29 12:56:46.619510,0.3432063
2024-04-29 12:56:46.635140,0.5513085
2024-04-29 12:56:46.650760,0.6429397
2024-04-29 12:56:46.666390,0.582288
2024-04-29 12:56:46.682020,0.3792608
2024-04-29 12:56:46.697640,0.05908221
2024-04-29 12:56:46.713270,-0.3457544
2024-04-29 12:56:46.728890,-0.8038425
2024-04-29 12:56:46.744520,-1.253554
2024-04-29 12:56:46.760140,-1.590044
2024-04-29 12:56:46.775770,-1.69195
2024-04-29 12:56:46.791400,-1.468025
2024-04-29 12:56:46.807020,-0.9025341
2024-04-29 12:56:46.822650,-0.1122982
2024-04-29 12:56:46.838270,0.7260154
2024-04-29 12:56:46.853900,1.435943
2024-04-29 12:56:46.869520,1.920909
2024-04-29 12:56:46.885150,2.183397
2024-04-29 12:56:46.900780,2.29484
2024-04-29 12:56:46.916400,2.321624
2024-04-29 12:56:46.932030,2.267919
2024-04-29 12:56:46.947650,2.09383
2024-04-29 12:56:46.963280,1.762431
2024-04-29 12:56:46.978900,1.283255
2024-04-29 12:56:46.994530,0.7472578
2024-04-29 12:56:47.010160,0.2768405
2024-04-29 12:56:47.025780,-0.01863514
2024-04-29 12:56:47.041410,-0.09960449
2024-04-29 12:56:47.057030,-0.004883599
2024-04-29 12:56:47.072660,0.1583118
2024-04-29 12:56:47.088280,0.2814163
2024-04-29 12:56:47.103910,0.3025725
2024-04-29 12:56:47.119540,0.2432761
2024-04-29 12:56:47.135160,0.1699811
2024-04-29 12:56:47.150790,0.1546615
2024-04-29 12:56:47.166410,0.2215181
2024-04-29 12:56:47.182040,0.3336719
2024-04-29 12:56:47.197660,0.4096475
2024-04-29 12:56:47.213290,0.3882415
2024-04-29 12:56:47.228920,0.2670595
2024-04-29 12:56:47.244540,0.08809409
2024-04-29 12:56:47.260170,-0.08195715
2024-04-29 12:56:47.275790,-0.2077146
2024-04-29 12:56:47.291420,-0.2940403
2024-04-29 12:56:47.307040,-0.3543607
2024-04-29 12:56:47.322670,-0.3861163
2024-04-29 12:56:47.338300,-0.3638719
2024-04-29 12:56:47.353920,-0.2619828
2024-04-29 12:56:47.369550,-0.1085192
2024-04-29 12:56:47.385170,0.002732147
2024-04-29 12:56:47.400800,-0.04653949
2024-04-29 12:56:47.416420,-0.3171328
2024-04-29 12:56:47.432050,-0.7534765
2024-04-29 12:56:47.447680,-1.196279
2024-04-29 12:56:47.463300,-1.46178
2024-04-29 12:56:47.478930,-1.438381
2024-04-29 12:56:47.494550,-1.140495
2024-04-29 12:56:47.510180,-0.7183039
2024-04-29 12:56:47.525810,-0.3569729
2024-04-29 12:56:47.541430,-0.2167499
2024-04-29 12:56:47.557060,-0.3672687
2024-04-29 12:56:47.572680,-0.7518805
2024-04-29 12:56:47.588310,-1.235935
2024-04-29 12:56:47.603930,-1.64459
2024-04-29 12:56:47.619560,-1.820546
2024-04-29 12:56:47.635190,-1.659351
2024-04-29 12:56:47.650810,-1.161938
2024-04-29 12:56:47.666440,-0.4055612
2024-04-29 12:56:47.682060,0.4786117
2024-04-29 12:56:47.697690,1.337642
2024-04-29 12:56:47.713310,2.055547
2024-04-29 12:56:47.728940,2.57455
2024-04-29 12:56:47.744570,2.866963
2024-04-29 12:56:47.760190,2.923541
2024-04-29 12:56:47.775820,2.747752
2024-04-29 12:56:47.791440,2.361104
2024-04-29 12:56:47.807070,1.827554
2024-04-29 12:56:47.822690,1.254179
2024-04-29 12:56:47.838320,0.7367648
2024-04-29 12:56:47.853950,0.3339701
2024-04-29 12:56:47.869570,0.03516826
2024-04-29 12:56:47.885200,-0.2022302
2024-04-29 12:56:47.900820,-0.4138363
2024-04-29 12:56:47.916450,-0.5815889
2024-04-29 12:56:47.932070,-0.6422071
2024-04-29 12:56:47.947700,-0.5340292
2024-04-29 12:56:47.963330,-0.2454687
2024-04-29 12:56:47.978950,0.1595635
2024-04-29 12:56:47.994580,0.5629991
2024-04-29 12:56:48.010200,0.8293581
2024-04-29 12:56:48.025830,0.882012
2024-04-29 12:56:48.041450,0.7244781
2024-04-29 12:56:48.057080,0.4288912
2024-04-29 12:56:48.072710,0.08604187
2024-04-29 12:56:48.088330,-0.2073678
2024-04-29 12:56:48.103960,-0.402019
2024-04-29 12:56:48.119580,-0.4824783
2024-04-29 12:56:48.135210,-0.4509949
2024-04-29 12:56:48.150830,-0.3359134
2024-04-29 12:56:48.166460,-0.1688473
2024-04-29 12:56:48.182090,-0.001970053
2024-04-29 12:56:48.197710,0.1107023
2024-04-29 12:56:48.213340,0.1205627
2024-04-29 12:56:48.228960,0.01231277
2024-04-29 12:56:48.244590,-0.1955995
2024-04-29 12:56:48.260210,-0.4612231
2024-04-29 12:56:48.275840,-0.7352918
2024-04-29 12:56:48.291470,-0.9937077
2024-04-29 12:56:48.307090,-1.256251
2024-04-29 12:56:48.322720,-1.555631
2024-04-29 12:56:48.338340,-1.899556
2024-04-29 12:56:48.353970,-2.231393
2024-04-29 12:56:48.369590,-2.444171
2024-04-29 12:56:48.385220,-2.434453
2024-04-29 12:56:48.400850,-2.178684
2024-04-29 12:56:48.416470,-1.751282
2024-04-29 12:56:48.432100,-1.306522
2024-04-29 12:56:48.447720,-0.9919993
2024-04-29 12:56:48.463350,-0.8630595
2024-04-29 12:56:48.478970,-0.8541433
2024-04-29 12:56:48.494600,-0.8077012
2024-04-29 12:56:48.510230,-0.5706776
2024-04-29 12:56:48.525850,-0.07056436
2024-04-29 12:56:48.541480,0.6387327
2024-04-29 12:56:48.557100,1.415694
2024-04-29 12:56:48.572730,2.083913
2024-04-29 12:56:48.588350,2.525887
2024-04-29 12:56:48.603980,2.715561
2024-04-29 12:56:48.619610,2.700206
2024-04-29 12:56:48.635230,2.568062
2024-04-29 12:56:48.650860,2.381972
2024-04-29 12:56:48.666480,2.164764
2024-04-29 12:56:48.682110,1.903577
2024-04-29 12:56:48.697730,1.593061
2024-04-29 12:56:48.713360,1.248602
2024-04-29 12:56:48.728990,0.9273007
2024-04-29 12:56:48.744610,0.6984991
2024-04-29 12:56:48.760240,0.5989463
2024-04-29 12:56:48.775860,0.5933428
2024-04-29 12:56:48.791490,0.6160008
2024-04-29 12:56:48.807110,0.5921943
2024-04-29 12:56:48.822740,0.4855984
2024-04-29 12:56:48.838370,0.339463
2024-04-29 12:56:48.853990,0.2257868
2024-04-29 12:56:48.869620,0.2306933
2024-04-29 12:56:48.885240,0.3732868
2024-04-29 12:56:48.900870,0.5994869
2024-04-29 12:56:48.916490,0.8069906
2024-04-29 12:56:48.932120,0.8919538
2024-04-29 12:56:48.947750,0.8097159
2024-04-29 12:56:48.963370,0.5948019
2024-04-29 12:56:48.979000,0.3363068
2024-04-29 12:56:48.994620,0.1108049
2024-04-29 12:56:49.010250,-0.0344944
2024-04-29 12:56:49.025870,-0.1153389
2024-04-29 12:56:49.041500,-0.1833675
2024-04-29 12:56:49.057130,-0.2713089
2024-04-29 12:56:49.072750,-0.3927177
2024-04-29 12:56:49.088380,-0.5314915
2024-04-29 12:56:49.104000,-0.6529288
2024-04-29 12:56:49.119630,-0.7481115
2024-04-29 12:56:49.135250,-0.8211313
2024-04-29 12:56:49.150880,-0.8912261
2024-04-29 12:56:49.166510,-0.9710353
2024-04-29 12:56:49.182130,-1.057818
2024-04-29 12:56:49.197760,-1.129809
2024-04-29 12:56:49.213380,-1.180535
2024-04-29 12:56:49.229010,-1.238965
2024-04-29 12:56:49.244630,-1.349155
2024-04-29 12:56:49.260260,-1.551615
2024-04-29 12:56:49.275890,-1.866408
2024-04-29 12:56:49.291510,-2.260386
2024-04-29 12:56:49.307140,-2.659368
2024-04-29 12:56:49.322760,-2.982209
2024-04-29 12:56:49.338390,-3.143991
2024-04-29 12:56:49.354010,-3.078226
2024-04-29 12:56:49.369640,-2.736849
2024-04-29 12:56:49.385270,-2.099622
2024-04-29 12:56:49.400890,-1.189152
2024-04-29 12:56:49.416520,-0.1035511
2024-04-29 12:56:49.432140,0.998174
2024-04-29 12:56:49.447770,1.924133
2024-04-29 12:56:49.463390,2.517105
2024-04-29 12:56:49.479020,2.725022
2024-04-29 12:56:49.494650,2.609846
2024-04-29 12:56:49.510270,2.328343
2024-04-29 12:56:49.525900,2.032974
2024-04-29 12:56:49.541520,1.802772
2024-04-29 12:56:49.557150,1.630346
2024-04-29 12:56:49.572770,1.439981
2024-04-29 12:56:49.588400,1.174337
2024-04-29 12:56:49.604030,0.8527632
2024-04-29 12:56:49.619650,0.5746961
2024-04-29 12:56:49.635280,0.4634967
2024-04-29 12:56:49.650900,0.6032771
2024-04-29 12:56:49.666530,0.9690219
2024-04-29 12:56:49.682150,1.42568
2024-04-29 12:56:49.697780,1.790012
2024-04-29 12:56:49.713410,1.912568
2024-04-29 12:56:49.729030,1.734639
2024-04-29 12:56:49.744660,1.325205
2024-04-29 12:56:49.760280,0.8241884
2024-04-29 12:56:49.775910,0.3683901
2024-04-29 12:56:49.791530,0.03958523
2024-04-29 12:56:49.807160,-0.1504259
2024-04-29 12:56:49.822790,-0.2351493
2024-04-29 12:56:49.838410,-0.2734889
2024-04-29 12:56:49.854040,-0.293245
2024-04-29 12:56:49.869660,-0.3259839
2024-04-29 12:56:49.885290,-0.37446
2024-04-29 12:56:49.900910,-0.4464341
2024-04-29 12:56:49.916540,-0.5560055
2024-04-29 12:56:49.932170,-0.6984223
2024-04-29 12:56:49.947790,-0.8444815
2024-04-29 12:56:49.963420,-0.9632071
2024-04-29 12:56:49.979040,-1.041286
2024-04-29 12:56:49.994670,-1.09023
2024-04-29 12:56:50.010300,-1.158001
2024-04-29 12:56:50.025920,-1.275558
2024-04-29 12:56:50.041550,-1.458127
2024-04-29 12:56:50.057170,-1.693326
2024-04-29 12:56:50.072800,-1.951895
2024-04-29 12:56:50.088420,-2.196447
2024-04-29 12:56:50.104050,-2.382929
2024-04-29 12:56:50.119680,-2.470356
2024-04-29 12:56:50.135300,-2.439854
2024-04-29 12:56:50.150930,-2.314152
2024-04-29 12:56:50.166550,-2.137985
2024-04-29 12:56:50.182180,-1.970176
2024-04-29 12:56:50.197800,-1.843147
2024-04-29 12:56:50.213430,-1.732577
2024-04-29 12:56:50.229060,-1.584069
2024-04-29 12:56:50.244680,-1.335465
2024-04-29 12:56:50.260310,-0.9475557
2024-04-29 12:56:50.275930,-0.4215313
2024-04-29 12:56:50.291560,0.1885549
2024-04-29 12:56:50.307180,0.8188463
2024-04-29 12:56:50.322810,1.389199
2024-04-29 12:56:50.338440,1.831625
2024-04-29 12:56:50.354060,2.094126
2024-04-29 12:56:50.369690,2.146132
2024-04-29 12:56:50.385310,2.023333
2024-04-29 12:56:50.400940,1.821772
2024-04-29 12:56:50.416560,1.675526
2024-04-29 12:56:50.432190,1.667548
2024-04-29 12:56:50.447820,1.801275
2024-04-29 12:56:50.463440,1.962671
2024-04-29 12:56:50.479070,2.013939
2024-04-29 12:56:50.494690,1.871009
2024-04-29 12:56:50.510320,1.544428
2024-04-29 12:56:50.525940,1.138593
2024-04-29 12:56:50.541570,0.7871323
2024-04-29 12:56:50.557200,0.578728
2024-04-29 12:56:50.572820,0.5288321
2024-04-29 12:56:50.588450,0.5793104
2024-04-29 12:56:50.604070,0.6579163
2024-04-29 12:56:50.619700,0.6851189
2024-04-29 12:56:50.635320,0.6353179
2024-04-29 12:56:50.650950,0.5076304
2024-04-29 12:56:50.666580,0.3352755
2024-04-29 12:56:50.682200,0.1519622
2024-04-29 12:56:50.697830,-0.02655458
2024-04-29 12:56:50.713450,-0.1987417
2024-04-29 12:56:50.729080,-0.3611084
2024-04-29 12:56:50.744700,-0.51041
2024-04-29 12:56:50.760330,-0.6237662
2024-04-29 12:56:50.775960,-0.6565825
2024-04-29 12:56:50.791580,-0.5946292
2024-04-29 12:56:50.807210,-0.4586845
2024-04-29 12:56:50.822830,-0.3140413
2024-04-29 12:56:50.838460,-0.2184278
2024-04-29 12:56:50.854080,-0.1957704
2024-04-29 12:56:50.869710,-0.2049118
2024-04-29 12:56:50.885340,-0.1911079
2024-04-29 12:56:50.900960,-0.1549394
2024-04-29 12:56:50.916590,-0.167192
2024-04-29 12:56:50.932210,-0.3505818
2024-04-29 12:56:50.947840,-0.7652119
2024-04-29 12:56:50.963460,-1.345542
2024-04-29 12:56:50.979090,-1.892578
2024-04-29 12:56:50.994720,-2.19344
2024-04-29 12:56:51.010340,-2.121921
2024-04-29 12:56:51.025970,-1.727067
2024-04-29 12:56:51.041590,-1.202198
2024-04-29 12:56:51.057220,-0.787675
2024-04-29 12:56:51.072840,-0.6331981
2024-04-29 12:56:51.088470,-0.7526274
2024-04-29 12:56:51.104100,-1.032613
2024-04-29 12:56:51.119720,-1.334026
2024-04-29 12:56:51.135350,-1.560635
2024-04-29 12:56:51.150970,-1.679683
2024-04-29 12:56:51.166600,-1.687528
2024-04-29 12:56:51.182220,-1.56339
2024-04-29 12:56:51.197850,-1.235915
2024-04-29 12:56:51.213480,-0.6517482
2024-04-29 12:56:51.229100,0.1687875
2024-04-29 12:56:51.244730,1.083954
2024-04-29 12:56:51.260350,1.860214
2024-04-29 12:56:51.275980,2.266577
2024-04-29 12:56:51.291600,2.185814
2024-04-29 12:56:51.307230,1.666642
2024-04-29 12:56:51.322860,0.9248404
2024-04-29 12:56:51.338480,0.2549028
2024-04-29 12:56:51.354110,-0.1181461
2024-04-29 12:56:51.369730,-0.1196597
2024-04-29 12:56:51.385360,0.1518435
2024-04-29 12:56:51.400980,0.4762784
2024-04-29 12:56:51.416610,0.6688957
2024-04-29 12:56:51.432240,0.6473423
2024-04-29 12:56:51.447860,0.4624149
2024-04-29 12:56:51.463490,0.2500949
2024-04-29 12:56:51.479110,0.1427903
2024-04-29 12:56:51.494740,0.1839869
2024-04-29 12:56:51.510360,0.3297792
2024-04-29 12:56:51.525990,0.4973989
2024-04-29 12:56:51.541620,0.6348186
2024-04-29 12:56:51.557240,0.7391239
2024-04-29 12:56:51.572870,0.8445579
2024-04-29 12:56:51.588490,0.9702928
2024-04-29 12:56:51.604120,1.071439
2024-04-29 12:56:51.619740,1.053771
2024-04-29 12:56:51.635370,0.8499101
2024-04-29 12:56:51.651000,0.4652153
2024-04-29 12:56:51.666620,0.01957101
2024-04-29 12:56:51.682250,-0.3251246
2024-04-29 12:56:51.697870,-0.4457515
2024-04-29 12:56:51.713500,-0.3205345
2024-04-29 12:56:51.729120,-0.0423981
2024-04-29 12:56:51.744750,0.244216
2024-04-29 12:56:51.760380,0.4197562
2024-04-29 12:56:51.776000,0.436989
2024-04-29 12:56:51.791630,0.3182606
2024-04-29 12:56:51.807250,0.1291546
2024-04-29 12:56:51.822880,-0.0686211
2024-04-29 12:56:51.838500,-0.2433071
2024-04-29 12:56:51.854130,-0.4031594
2024-04-29 12:56:51.869760,-0.5679793
2024-04-29 12:56:51.885380,-0.7537057
2024-04-29 12:56:51.901010,-0.9687262
2024-04-29 12:56:51.916630,-1.183658
2024-04-29 12:56:51.932260,-1.376634
2024-04-29 12:56:51.947880,-1.5366
2024-04-29 12:56:51.963510,-1.67922
2024-04-29 12:56:51.979140,-1.824764
2024-04-29 12:56:51.994760,-1.975874
2024-04-29 12:56:52.010390,-2.098406
2024-04-29 12:56:52.026010,-2.130713
2024-04-29 12:56:52.041640,-2.040525
2024-04-29 12:56:52.057260,-1.832853
2024-04-29 12:56:52.072890,-1.565339
2024-04-29 12:56:52.088520,-1.3044
2024-04-29 12:56:52.104140,-1.063789
2024-04-29 12:56:52.119770,-0.7858464
2024-04-29 12:56:52.135390,-0.3517126
2024-04-29 12:56:52.151020,0.3160762
2024-04-29 12:56:52.166650,1.188452
2024-04-29 12:56:52.182270,2.096711
2024-04-29 12:56:52.197900,2.818062
2024-04-29 12:56:52.213520,3.178704
2024-04-29 12:56:52.229150,3.143039
2024-04-29 12:56:52.244770,2.811337
2024-04-29 12:56:52.260400,2.367884
2024-04-29 12:56:52.276030,1.987365
2024-04-29 12:56:52.291650,1.753409
2024-04-29 12:56:52.307280,1.672286
2024-04-29 12:56:52.322900,1.68324
2024-04-29 12:56:52.338530,1.711937
2024-04-29 12:56:52.354150,1.686994
2024-04-29 12:56:52.369780,1.56755
2024-04-29 12:56:52.385410,1.33398
2024-04-29 12:56:52.401030,1.007524
2024-04-29 12:56:52.416660,0.6480215
2024-04-29 12:56:52.432280,0.3383367
2024-04-29 12:56:52.447910,0.1802616
2024-04-29 12:56:52.463530,0.2166762
2024-04-29 12:56:52.479160,0.4262695
2024-04-29 12:56:52.494790,0.7145152
2024-04-29 12:56:52.510410,0.9629717
2024-04-29 12:56:52.526040,1.088878
2024-04-29 12:56:52.541660,1.073448
2024-04-29 12:56:52.557290,0.956367
2024-04-29 12:56:52.572910,0.7871373
2024-04-29 12:56:52.588540,0.6225202
2024-04-29 12:56:52.604170,0.4863247
2024-04-29 12:56:52.619790,0.3989286
2024-04-29 12:56:52.635420,0.3828795
2024-04-29 12:56:52.651040,0.4521052
2024-04-29 12:56:52.666670,0.5970683
2024-04-29 12:56:52.682290,0.7432928
2024-04-29 12:56:52.697920,0.7889732
2024-04-29 12:56:52.713550,0.6238958
2024-04-29 12:56:52.729170,0.2309691
2024-04-29 12:56:52.744800,-0.3107259
2024-04-29 12:56:52.760420,-0.8166761
2024-04-29 12:56:52.776050,-1.107249
2024-04-29 12:56:52.791670,-1.106523
2024-04-29 12:56:52.807300,-0.8837117
2024-04-29 12:56:52.822930,-0.6331271
2024-04-29 12:56:52.838550,-0.5637332
2024-04-29 12:56:52.854180,-0.7944638
2024-04-29 12:56:52.869800,-1.280798
2024-04-29 12:56:52.885430,-1.857592
2024-04-29 12:56:52.901050,-2.311769
2024-04-29 12:56:52.916680,-2.496203
2024-04-29 12:56:52.932310,-2.41206
2024-04-29 12:56:52.947930,-2.172168
2024-04-29 12:56:52.963560,-1.940267
2024-04-29 12:56:52.979180,-1.843527
2024-04-29 12:56:52.994810,-1.914986
2024-04-29 12:56:53.010430,-2.095339
2024-04-29 12:56:53.026060,-2.291167
2024-04-29 12:56:53.041690,-2.41426
2024-04-29 12:56:53.057310,-2.410542
2024-04-29 12:56:53.072940,-2.244759
2024-04-29 12:56:53.088560,-1.875313
2024-04-29 12:56:53.104190,-1.262144
2024-04-29 12:56:53.119810,-0.4081951
2024-04-29 12:56:53.135440,0.6095781
2024-04-29 12:56:53.151070,1.640768
2024-04-29 12:56:53.166690,2.481092
2024-04-29 12:56:53.182320,2.956994
2024-04-29 12:56:53.197940,3.008546
2024-04-29 12:56:53.213570,2.682887
2024-04-29 12:56:53.229190,2.121513
2024-04-29 12:56:53.244820,1.498817
2024-04-29 12:56:53.260450,0.9486018
2024-04-29 12:56:53.276070,0.5489041
2024-04-29 12:56:53.291700,0.3315929
2024-04-29 12:56:53.307320,0.2924873
2024-04-29 12:56:53.322950,0.4175682
2024-04-29 12:56:53.338570,0.6544192
2024-04-29 12:56:53.354200,0.9145421
2024-04-29 12:56:53.369830,1.091339
2024-04-29 12:56:53.385450,1.104429
2024-04-29 12:56:53.401080,0.928899
2024-04-29 12:56:53.416700,0.6300184
2024-04-29 12:56:53.432330,0.3214003
2024-04-29 12:56:53.447950,0.1179581
2024-04-29 12:56:53.463580,0.08950186
2024-04-29 12:56:53.479210,0.2395048
2024-04-29 12:56:53.494830,0.5012771
2024-04-29 12:56:53.510460,0.7813694
2024-04-29 12:56:53.526080,0.9932871
2024-04-29 12:56:53.541710,1.063367
2024-04-29 12:56:53.557330,0.9504333
2024-04-29 12:56:53.572960,0.6386433
2024-04-29 12:56:53.588590,0.1642824
2024-04-29 12:56:53.604210,-0.3720078
2024-04-29 12:56:53.619840,-0.8232529
2024-04-29 12:56:53.635460,-1.06281
2024-04-29 12:56:53.651090,-1.030943
2024-04-29 12:56:53.666710,-0.7801806
2024-04-29 12:56:53.682340,-0.4617085
2024-04-29 12:56:53.697970,-0.2292902
2024-04-29 12:56:53.713590,-0.187167
2024-04-29 12:56:53.729220,-0.3421177
2024-04-29 12:56:53.744840,-0.6014876
2024-04-29 12:56:53.760470,-0.858485
2024-04-29 12:56:53.776090,-1.016947
2024-04-29 12:56:53.791720,-1.038778
2024-04-29 12:56:53.807350,-0.9455818
2024-04-29 12:56:53.822970,-0.7991443
2024-04-29 12:56:53.838600,-0.6637372
2024-04-29 12:56:53.854220,-0.597536
2024-04-29 12:56:53.869850,-0.6324329
2024-04-29 12:56:53.885470,-0.742062
2024-04-29 12:56:53.901100,-0.8744518
2024-04-29 12:56:53.916730,-0.9500017
2024-04-29 12:56:53.932350,-0.9229097
2024-04-29 12:56:53.947980,-0.808486
2024-04-29 12:56:53.963600,-0.6799862
2024-04-29 12:56:53.979230,-0.6243161
2024-04-29 12:56:53.994850,-0.6899902
2024-04-29 12:56:54.010480,-0.8472604
2024-04-29 12:56:54.026110,-0.999106
2024-04-29 12:56:54.041730,-1.043153
2024-04-29 12:56:54.057360,-0.9146736
2024-04-29 12:56:54.072980,-0.6193631
2024-04-29 12:56:54.088610,-0.2250843
2024-04-29 12:56:54.104230,0.1995119
2024-04-29 12:56:54.119860,0.6203504
2024-04-29 12:56:54.135490,1.034765
2024-04-29 12:56:54.151110,1.449133
2024-04-29 12:56:54.166740,1.846989
2024-04-29 12:56:54.182360,2.150795
2024-04-29 12:56:54.197990,2.264883
2024-04-29 12:56:54.213610,2.131258
2024-04-29 12:56:54.229240,1.769296
2024-04-29 12:56:54.244870,1.289374
2024-04-29 12:56:54.260490,0.8459899
2024-04-29 12:56:54.276120,0.5624589
2024-04-29 12:56:54.291740,0.4691041
2024-04-29 12:56:54.307370,0.4968743
2024-04-29 12:56:54.322990,0.5399733
2024-04-29 12:56:54.338620,0.5323001
2024-04-29 12:56:54.354250,0.5028257
2024-04-29 12:56:54.369870,0.5317249
2024-04-29 12:56:54.385500,0.6733068
2024-04-29 12:56:54.401120,0.8904854
2024-04-29 12:56:54.416750,1.048489
2024-04-29 12:56:54.432370,1.001371
2024-04-29 12:56:54.448000,0.6813771
2024-04-29 12:56:54.463630,0.1514926
2024-04-29 12:56:54.479250,-0.424942
2024-04-29 12:56:54.494880,-0.8571976
2024-04-29 12:56:54.510500,-1.03005
2024-04-29 12:56:54.526130,-0.9471129
2024-04-29 12:56:54.541750,-0.7177808
2024-04-29 12:56:54.557380,-0.4981403
2024-04-29 12:56:54.573010,-0.4140676
2024-04-29 12:56:54.588630,-0.518847
2024-04-29 12:56:54.604260,-0.7702011
2024-04-29 12:56:54.619880,-1.062021
2024-04-29 12:56:54.635510,-1.282928
2024-04-29 12:56:54.651130,-1.355455
2024-04-29 12:56:54.666760,-1.265006
2024-04-29 12:56:54.682390,-1.069398
2024-04-29 12:56:54.698010,-0.8663195
2024-04-29 12:56:54.713640,-0.7441143
2024-04-29 12:56:54.729260,-0.7596005
2024-04-29 12:56:54.744890,-0.9039655
2024-04-29 12:56:54.760510,-1.120816
2024-04-29 12:56:54.776140,-1.33209
2024-04-29 12:56:54.791770,-1.483167
2024-04-29 12:56:54.807390,-1.558387
2024-04-29 12:56:54.823020,-1.570177
2024-04-29 12:56:54.838640,-1.549386
2024-04-29 12:56:54.854270,-1.504498
2024-04-29 12:56:54.869900,-1.433143
2024-04-29 12:56:54.885520,-1.333321
2024-04-29 12:56:54.901150,-1.208832
2024-04-29 12:56:54.916770,-1.081934
2024-04-29 12:56:54.932400,-0.9852979
2024-04-29 12:56:54.948020,-0.9304895
2024-04-29 12:56:54.963650,-0.883759
2024-04-29 12:56:54.979280,-0.7814622
2024-04-29 12:56:54.994900,-0.5375144
2024-04-29 12:56:55.010530,-0.1192565
2024-04-29 12:56:55.026150,0.4396136
2024-04-29 12:56:55.041780,1.020255
2024-04-29 12:56:55.057400,1.496149
2024-04-29 12:56:55.073030,1.811064
2024-04-29 12:56:55.088660,1.998622
2024-04-29 12:56:55.104280,2.169467
2024-04-29 12:56:55.119910,2.417217
2024-04-29 12:56:55.135530,2.747379
2024-04-29 12:56:55.151160,3.041173
2024-04-29 12:56:55.166780,3.115713
2024-04-29 12:56:55.182410,2.845907
2024-04-29 12:56:55.198040,2.239332
2024-04-29 12:56:55.213660,1.456785
2024-04-29 12:56:55.229290,0.7335427
2024-04-29 12:56:55.244910,0.2642171
2024-04-29 12:56:55.260540,0.1140959
2024-04-29 12:56:55.276160,0.2227228
2024-04-29 12:56:55.291790,0.466877
2024-04-29 12:56:55.307420,0.7518578
2024-04-29 12:56:55.323040,1.038885
2024-04-29 12:56:55.338670,1.3167
2024-04-29 12:56:55.354290,1.552501
2024-04-29 12:56:55.369920,1.671144
2024-04-29 12:56:55.385540,1.592876
2024-04-29 12:56:55.401170,1.282687
2024-04-29 12:56:55.416800,0.8042631
2024-04-29 12:56:55.432420,0.2862883
2024-04-29 12:56:55.448050,-0.133522
2024-04-29 12:56:55.463670,-0.3840392
2024-04-29 12:56:55.479300,-0.5041506
2024-04-29 12:56:55.494920,-0.5840993
2024-04-29 12:56:55.510550,-0.7056589
2024-04-29 12:56:55.526180,-0.8677087
2024-04-29 12:56:55.541800,-0.9851389
2024-04-29 12:56:55.557430,-0.9651794
2024-04-29 12:56:55.573050,-0.7801366
2024-04-29 12:56:55.588680,-0.4995341
2024-04-29 12:56:55.604300,-0.279526
2024-04-29 12:56:55.619930,-0.2720642
2024-04-29 12:56:55.635560,-0.5259767
2024-04-29 12:56:55.651180,-0.9691634
2024-04-29 12:56:55.666810,-1.451168
2024-04-29 12:56:55.682430,-1.795462
2024-04-29 12:56:55.698060,-1.905709
2024-04-29 12:56:55.713680,-1.774839
2024-04-29 12:56:55.729310,-1.475358
2024-04-29 12:56:55.744940,-1.102651
2024-04-29 12:56:55.760560,-0.7337985
2024-04-29 12:56:55.776190,-0.4230399
2024-04-29 12:56:55.791810,-0.2168162
2024-04-29 12:56:55.807440,-0.1886547
2024-04-29 12:56:55.823060,-0.4129856
2024-04-29 12:56:55.838690,-0.9145846
2024-04-29 12:56:55.854320,-1.622405
2024-04-29 12:56:55.869940,-2.344137
2024-04-29 12:56:55.885570,-2.795648
2024-04-29 12:56:55.901190,-2.711181
2024-04-29 12:56:55.916820,-1.965116
2024-04-29 12:56:55.932440,-0.654355
2024-04-29 12:56:55.948070,0.9089494
2024-04-29 12:56:55.963700,2.31623
2024-04-29 12:56:55.979320,3.202535
2024-04-29 12:56:55.994950,3.406156
2024-04-29 12:56:56.010570,3.006805
2024-04-29 12:56:56.026200,2.256113
2024-04-29 12:56:56.041820,1.468796
2024-04-29 12:56:56.057450,0.8729205
2024-04-29 12:56:56.073080,0.5412276
2024-04-29 12:56:56.088700,0.4271305
2024-04-29 12:56:56.104330,0.4503448
2024-04-29 12:56:56.119950,0.5429049
2024-04-29 12:56:56.135580,0.7074656
2024-04-29 12:56:56.151200,0.9595327
2024-04-29 12:56:56.166830,1.279078
2024-04-29 12:56:56.182460,1.588854
2024-04-29 12:56:56.198080,1.753782
2024-04-29 12:56:56.213710,1.671479
2024-04-29 12:56:56.229330,1.329822
2024-04-29 12:56:56.244960,0.8350697
2024-04-29 12:56:56.260580,0.3538487
2024-04-29 12:56:56.276210,0.02995086
2024-04-29 12:56:56.291840,-0.0944109
2024-04-29 12:56:56.307460,-0.08372855
2024-04-29 12:56:56.323090,-0.06261373
2024-04-29 12:56:56.338710,-0.1280861
2024-04-29 12:56:56.354340,-0.2981718
2024-04-29 12:56:56.369960,-0.5068636
2024-04-29 12:56:56.385590,-0.6634698
2024-04-29 12:56:56.401220,-0.6995435
2024-04-29 12:56:56.416840,-0.6013131
2024-04-29 12:56:56.432470,-0.4096775
2024-04-29 12:56:56.448090,-0.1886599
2024-04-29 12:56:56.463720,0.01583576
2024-04-29 12:56:56.479340,0.1589215
2024-04-29 12:56:56.494970,0.2062559
2024-04-29 12:56:56.510600,0.1279235
2024-04-29 12:56:56.526220,-0.09473872
2024-04-29 12:56:56.541850,-0.4424899
2024-04-29 12:56:56.557470,-0.8513954
2024-04-29 12:56:56.573100,-1.22595
2024-04-29 12:56:56.588720,-1.510882
2024-04-29 12:56:56.604350,-1.68245
2024-04-29 12:56:56.619980,-1.788822
2024-04-29 12:56:56.635600,-1.887781
2024-04-29 12:56:56.651230,-2.02116
2024-04-29 12:56:56.666850,-2.16581
2024-04-29 12:56:56.682480,-2.26609
2024-04-29 12:56:56.698100,-2.268716
2024-04-29 12:56:56.713730,-2.157153
2024-04-29 12:56:56.729360,-1.96836
2024-04-29 12:56:56.744980,-1.754675
2024-04-29 12:56:56.760610,-1.536574
2024-04-29 12:56:56.776230,-1.268129
2024-04-29 12:56:56.791860,-0.8834488
2024-04-29 12:56:56.807480,-0.3317339
2024-04-29 12:56:56.823110,0.3666728
2024-04-29 12:56:56.838740,1.102068
2024-04-29 12:56:56.854360,1.724579
2024-04-29 12:56:56.869990,2.113554
2024-04-29 12:56:56.885610,2.229603
2024-04-29 12:56:56.901240,2.11111
2024-04-29 12:56:56.916860,1.85963
2024-04-29 12:56:56.932490,1.56229
2024-04-29 12:56:56.948120,1.284458
2024-04-29 12:56:56.963740,1.04581
2024-04-29 12:56:56.979370,0.8543751
2024-04-29 12:56:56.994990,0.7026105
2024-04-29 12:56:57.010620,0.5846229
2024-04-29 12:56:57.026250,0.4976668
2024-04-29 12:56:57.041870,0.4305406
2024-04-29 12:56:57.057500,0.4001648
2024-04-29 12:56:57.073120,0.4231408
2024-04-29 12:56:57.088750,0.5190263
2024-04-29 12:56:57.104370,0.6951861
2024-04-29 12:56:57.120000,0.9202766
2024-04-29 12:56:57.135630,1.12905
2024-04-29 12:56:57.151250,1.245319
2024-04-29 12:56:57.166880,1.237197
2024-04-29 12:56:57.182500,1.130246
2024-04-29 12:56:57.198130,1.003148
2024-04-29 12:56:57.213750,0.9330659
2024-04-29 12:56:57.229380,0.9436007
2024-04-29 12:56:57.245010,0.9894276
2024-04-29 12:56:57.260630,0.9705496
2024-04-29 12:56:57.276260,0.8096235
2024-04-29 12:56:57.291880,0.4794681
2024-04-29 12:56:57.307510,0.03952122
2024-04-29 12:56:57.323130,-0.4123373
2024-04-29 12:56:57.338760,-0.779635
2024-04-29 12:56:57.354390,-1.014163
2024-04-29 12:56:57.370010,-1.117115
2024-04-29 12:56:57.385640,-1.119114
2024-04-29 12:56:57.401260,-1.059075
2024-04-29 12:56:57.416890,-0.9631953
2024-04-29 12:56:57.432510,-0.8539295
2024-04-29 12:56:57.448140,-0.7296975
2024-04-29 12:56:57.463770,-0.6162479
2024-04-29 12:56:57.479390,-0.5300672
2024-04-29 12:56:57.495020,-0.5047557
2024-04-29 12:56:57.510640,-0.5783632
2024-04-29 12:56:57.526270,-0.7722359
2024-04-29 12:56:57.541890,-1.076681
2024-04-29 12:56:57.557520,-1.442693
2024-04-29 12:56:57.573150,-1.78671
2024-04-29 12:56:57.588770,-2.020694
2024-04-29 12:56:57.604400,-2.09381
2024-04-29 12:56:57.620020,-2.029366
2024-04-29 12:56:57.635650,-1.914687
2024-04-29 12:56:57.651270,-1.860858
2024-04-29 12:56:57.666900,-1.890639
2024-04-29 12:56:57.682530,-1.951731
2024-04-29 12:56:57.698150,-1.883685
2024-04-29 12:56:57.713780,-1.533372
2024-04-29 12:56:57.729400,-0.8388038
2024-04-29 12:56:57.745030,0.09957123
2024-04-29 12:56:57.760650,1.0594
2024-04-29 12:56:57.776280,1.789502
2024-04-29 12:56:57.791910,2.12423
2024-04-29 12:56:57.807530,2.07738
2024-04-29 12:56:57.823160,1.794297
2024-04-29 12:56:57.838780,1.486076
2024-04-29 12:56:57.854410,1.292397
2024-04-29 12:56:57.870030,1.234074
2024-04-29 12:56:57.885660,1.223556
2024-04-29 12:56:57.901290,1.164073
2024-04-29 12:56:57.916910,1.012994
2024-04-29 12:56:57.932540,0.8055706
2024-04-29 12:56:57.948160,0.6400998
2024-04-29 12:56:57.963790,0.5896676
2024-04-29 12:56:57.979410,0.6887045
2024-04-29 12:56:57.995040,0.9085119
2024-04-29 12:56:58.010670,1.184155
2024-04-29 12:56:58.026290,1.441558
2024-04-29 12:56:58.041920,1.639738
2024-04-29 12:56:58.057540,1.745476
2024-04-29 12:56:58.073170,1.729925
2024-04-29 12:56:58.088790,1.591668
2024-04-29 12:56:58.104420,1.343359
2024-04-29 12:56:58.120050,1.044605
2024-04-29 12:56:58.135670,0.7685423
2024-04-29 12:56:58.151300,0.5542336
2024-04-29 12:56:58.166920,0.4122341
2024-04-29 12:56:58.182550,0.304142
2024-04-29 12:56:58.198170,0.1831706
2024-04-29 12:56:58.213800,0.01868367
2024-04-29 12:56:58.229430,-0.1631534
2024-04-29 12:56:58.245050,-0.3258376
2024-04-29 12:56:58.260680,-0.434195
2024-04-29 12:56:58.276300,-0.4910822
2024-04-29 12:56:58.291930,-0.548085
2024-04-29 12:56:58.307550,-0.6631231
2024-04-29 12:56:58.323180,-0.8696566
2024-04-29 12:56:58.338810,-1.147828
2024-04-29 12:56:58.354430,-1.415877
2024-04-29 12:56:58.370060,-1.585107
2024-04-29 12:56:58.385680,-1.623582
2024-04-29 12:56:58.401310,-1.575309
2024-04-29 12:56:58.416930,-1.549204
2024-04-29 12:56:58.432560,-1.653473
2024-04-29 12:56:58.448190,-1.919249
2024-04-29 12:56:58.463810,-2.275519
2024-04-29 12:56:58.479440,-2.589561
2024-04-29 12:56:58.495060,-2.73376
2024-04-29 12:56:58.510690,-2.662301
2024-04-29 12:56:58.526310,-2.448485
2024-04-29 12:56:58.541940,-2.21885
2024-04-29 12:56:58.557570,-2.065582
2024-04-29 12:56:58.573190,-1.999016
2024-04-29 12:56:58.588820,-1.911704
2024-04-29 12:56:58.604440,-1.66293
2024-04-29 12:56:58.620070,-1.14728
2024-04-29 12:56:58.635690,-0.3603873
2024-04-29 12:56:58.651320,0.590318
2024-04-29 12:56:58.666950,1.522923
2024-04-29 12:56:58.682570,2.27076
2024-04-29 12:56:58.698200,2.729487
2024-04-29 12:56:58.713820,2.877238
2024-04-29 12:56:58.729450,2.772475
2024-04-29 12:56:58.745070,2.508372
2024-04-29 12:56:58.760700,2.174435
2024-04-29 12:56:58.776330,1.851737
2024-04-29 12:56:58.791950,1.585541
2024-04-29 12:56:58.807580,1.399537
2024-04-29 12:56:58.823200,1.310084
2024-04-29 12:56:58.838830,1.301066
2024-04-29 12:56:58.854450,1.347759
2024-04-29 12:56:58.870080,1.408204
2024-04-29 12:56:58.885710,1.433048
2024-04-29 12:56:58.901330,1.368929
2024-04-29 12:56:58.916960,1.184383
2024-04-29 12:56:58.932580,0.8960209
2024-04-29 12:56:58.948210,0.5507531
2024-04-29 12:56:58.963830,0.2329559
2024-04-29 12:56:58.979460,0.004203796
2024-04-29 12:56:58.995090,-0.1067362
2024-04-29 12:56:59.010710,-0.1068721
2024-04-29 12:56:59.026340,-0.04139137
2024-04-29 12:56:59.041960,0.03218317
2024-04-29 12:56:59.057590,0.07197523
2024-04-29 12:56:59.073210,0.03681469
2024-04-29 12:56:59.088840,-0.08665848
2024-04-29 12:56:59.104470,-0.2909942
2024-04-29 12:56:59.120090,-0.5449295
2024-04-29 12:56:59.135720,-0.7859955
2024-04-29 12:56:59.151340,-0.9439502
2024-04-29 12:56:59.166970,-0.9596353
2024-04-29 12:56:59.182590,-0.8202415
2024-04-29 12:56:59.198220,-0.5656409
2024-04-29 12:56:59.213850,-0.2877603
2024-04-29 12:56:59.229470,-0.09711504
2024-04-29 12:56:59.245100,-0.08729935
2024-04-29 12:56:59.260720,-0.276094
2024-04-29 12:56:59.276350,-0.6091852
2024-04-29 12:56:59.291980,-0.9728675
2024-04-29 12:56:59.307600,-1.249302
2024-04-29 12:56:59.323230,-1.345291
2024-04-29 12:56:59.338850,-1.2226
2024-04-29 12:56:59.354480,-0.9080105
2024-04-29 12:56:59.370100,-0.502883
2024-04-29 12:56:59.385730,-0.1374707
2024-04-29 12:56:59.401360,0.05883694
2024-04-29 12:56:59.416980,0.006494999
2024-04-29 12:56:59.432610,-0.2901702
2024-04-29 12:56:59.448230,-0.735261
2024-04-29 12:56:59.463860,-1.173213
2024-04-29 12:56:59.479480,-1.44042
2024-04-29 12:56:59.495110,-1.41361
2024-04-29 12:56:59.510740,-1.05338
2024-04-29 12:56:59.526360,-0.3966994
2024-04-29 12:56:59.541990,0.4535103
2024-04-29 12:56:59.557610,1.364655
2024-04-29 12:56:59.573240,2.195738
2024-04-29 12:56:59.588860,2.813446
2024-04-29 12:56:59.604490,3.117693
2024-04-29 12:56:59.620120,3.056106
2024-04-29 12:56:59.635740,2.662452
2024-04-29 12:56:59.651370,2.047625
2024-04-29 12:56:59.666990,1.371772
2024-04-29 12:56:59.682620,0.7960844
2024-04-29 12:56:59.698240,0.4229379
2024-04-29 12:56:59.713870,0.2631302
2024-04-29 12:56:59.729500,0.271564
2024-04-29 12:56:59.745120,0.3592267
2024-04-29 12:56:59.760750,0.4444594
2024-04-29 12:56:59.776370,0.4708986
2024-04-29 12:56:59.792000,0.4252305
2024-04-29 12:56:59.807620,0.3362975
2024-04-29 12:56:59.823250,0.2334166
2024-04-29 12:56:59.838880,0.1493874
2024-04-29 12:56:59.854500,0.07995892
2024-04-29 12:56:59.870130,-0.01173782
2024-04-29 12:56:59.885750,-0.1546097
2024-04-29 12:56:59.901380,-0.3539906
2024-04-29 12:56:59.917000,-0.5413413
2024-04-29 12:56:59.932630,-0.6262326
2024-04-29 12:56:59.948260,-0.5198731
2024-04-29 12:56:59.963880,-0.2250948
2024-04-29 12:56:59.979510,0.1592484
2024-04-29 12:56:59.995130,0.4760942
2024-04-29 12:57:00.010760,0.5973649
2024-04-29 12:57:00.026380,0.4772635
2024-04-29 12:57:00.042010,0.1834974
2024-04-29 12:57:00.057640,-0.1614885
2024-04-29 12:57:00.073260,-0.4415383
2024-04-29 12:57:00.088890,-0.6106772
2024-04-29 12:57:00.104510,-0.6974025
2024-04-29 12:57:00.120140,-0.752111
2024-04-29 12:57:00.135760,-0.8401842
2024-04-29 12:57:00.151390,-0.975174
2024-04-29 12:57:00.167020,-1.157562
2024-04-29 12:57:00.182640,-1.339235
2024-04-29 12:57:00.198270,-1.469868
2024-04-29 12:57:00.213890,-1.507523
2024-04-29 12:57:00.229520,-1.429198
2024-04-29 12:57:00.245140,-1.276236
2024-04-29 12:57:00.260770,-1.130364
2024-04-29 12:57:00.276400,-1.085235
2024-04-29 12:57:00.292020,-1.176175
2024-04-29 12:57:00.307650,-1.360812
2024-04-29 12:57:00.323270,-1.523015
2024-04-29 12:57:00.338900,-1.54451
2024-04-29 12:57:00.354520,-1.373803
2024-04-29 12:57:00.370150,-1.055767
2024-04-29 12:57:00.385780,-0.6918631
2024-04-29 12:57:00.401400,-0.3572507
2024-04-29 12:57:00.417030,-0.05991888
2024-04-29 12:57:00.432650,0.2641335
2024-04-29 12:57:00.448280,0.68083
2024-04-29 12:57:00.463900,1.203659
2024-04-29 12:57:00.479530,1.772067
2024-04-29 12:57:00.495160,2.282427
2024-04-29 12:57:00.510780,2.659563
2024-04-29 12:57:00.526410,2.875136
2024-04-29 12:57:00.542030,2.951304
2024-04-29 12:57:00.557660,2.905547
2024-04-29 12:57:00.573280,2.738937
2024-04-29 12:57:00.588910,2.43873
2024-04-29 12:57:00.604540,2.029486
2024-04-29 12:57:00.620160,1.601745
2024-04-29 12:57:00.635790,1.273483
2024-04-29 12:57:00.651410,1.151144
2024-04-29 12:57:00.667040,1.244115
2024-04-29 12:57:00.682660,1.477869
2024-04-29 12:57:00.698290,1.712615
2024-04-29 12:57:00.713920,1.836026
2024-04-29 12:57:00.729540,1.806654
2024-04-29 12:57:00.745170,1.651642
2024-04-29 12:57:00.760790,1.452572
2024-04-29 12:57:00.776420,1.267876
2024-04-29 12:57:00.792040,1.13237
2024-04-29 12:57:00.807670,1.034593
2024-04-29 12:57:00.823300,0.9364445
2024-04-29 12:57:00.838920,0.7827394
2024-04-29 12:57:00.854550,0.5310838
2024-04-29 12:57:00.870170,0.1446199
2024-04-29 12:57:00.885800,-0.3661013
2024-04-29 12:57:00.901420,-0.9323323
2024-04-29 12:57:00.917050,-1.462906
2024-04-29 12:57:00.932680,-1.849941
2024-04-29 12:57:00.948300,-2.036369
2024-04-29 12:57:00.963930,-2.043933
2024-04-29 12:57:00.979550,-1.953952
2024-04-29 12:57:00.995180,-1.87629
2024-04-29 12:57:01.010800,-1.89737
2024-04-29 12:57:01.026430,-2.037691
2024-04-29 12:57:01.042060,-2.252545
2024-04-29 12:57:01.057680,-2.45865
2024-04-29 12:57:01.073310,-2.57574
2024-04-29 12:57:01.088930,-2.582156
2024-04-29 12:57:01.104560,-2.505811
2024-04-29 12:57:01.120180,-2.418277
2024-04-29 12:57:01.135810,-2.39455
2024-04-29 12:57:01.151440,-2.484217
2024-04-29 12:57:01.167060,-2.677827
2024-04-29 12:57:01.182690,-2.914078
2024-04-29 12:57:01.198310,-3.110464
2024-04-29 12:57:01.213940,-3.183936
2024-04-29 12:57:01.229560,-3.078206
2024-04-29 12:57:01.245190,-2.774549
2024-04-29 12:57:01.260820,-2.296282
2024-04-29 12:57:01.276440,-1.685305
2024-04-29 12:57:01.292070,-1.015775
2024-04-29 12:57:01.307690,-0.3381486
2024-04-29 12:57:01.323320,0.2892401
2024-04-29 12:57:01.338940,0.8395495
2024-04-29 12:57:01.354570,1.301762
2024-04-29 12:57:01.370200,1.668531
2024-04-29 12:57:01.385820,1.922003
2024-04-29 12:57:01.401450,2.030536
2024-04-29 12:57:01.417070,1.967068
2024-04-29 12:57:01.432700,1.732777
2024-04-29 12:57:01.448320,1.386841
2024-04-29 12:57:01.463950,1.005326
2024-04-29 12:57:01.479580,0.66926
2024-04-29 12:57:01.495200,0.4249241
2024-04-29 12:57:01.510830,0.2780671
2024-04-29 12:57:01.526450,0.2227633
2024-04-29 12:57:01.542080,0.2467232
2024-04-29 12:57:01.557700,0.3620477
2024-04-29 12:57:01.573330,0.5671539
2024-04-29 12:57:01.588960,0.8412228
2024-04-29 12:57:01.604580,1.113428
2024-04-29 12:57:01.620210,1.296037
2024-04-29 12:57:01.635830,1.313642
2024-04-29 12:57:01.651460,1.147443
2024-04-29 12:57:01.667080,0.8502483
2024-04-29 12:57:01.682710,0.5251741
2024-04-29 12:57:01.698340,0.265264
2024-04-29 12:57:01.713960,0.127985
2024-04-29 12:57:01.729590,0.1019096
2024-04-29 12:57:01.745210,0.1432509
2024-04-29 12:57:01.760840,0.1940808
2024-04-29 12:57:01.776460,0.2280273
2024-04-29 12:57:01.792090,0.2203608
2024-04-29 12:57:01.807720,0.1769981
2024-04-29 12:57:01.823340,0.07809782
2024-04-29 12:57:01.838970,-0.08252621
2024-04-29 12:57:01.854590,-0.3222079
2024-04-29 12:57:01.870220,-0.6069713
2024-04-29 12:57:01.885850,-0.8889399
2024-04-29 12:57:01.901470,-1.09387
2024-04-29 12:57:01.917100,-1.159872
2024-04-29 12:57:01.932720,-1.076252
2024-04-29 12:57:01.948350,-0.8602533
2024-04-29 12:57:01.963970,-0.5769644
2024-04-29 12:57:01.979600,-0.2989745
2024-04-29 12:57:01.995230,-0.1181111
2024-04-29 12:57:02.010850,-0.1191287
2024-04-29 12:57:02.026480,-0.3459439
2024-04-29 12:57:02.042100,-0.7789831
2024-04-29 12:57:02.057730,-1.288308
2024-04-29 12:57:02.073350,-1.67146
2024-04-29 12:57:02.088980,-1.68766
2024-04-29 12:57:02.104610,-1.202205
2024-04-29 12:57:02.120230,-0.2262425
2024-04-29 12:57:02.135860,1.049612
2024-04-29 12:57:02.151480,2.338702
2024-04-29 12:57:02.167110,3.362859
2024-04-29 12:57:02.182730,3.961822
2024-04-29 12:57:02.198360,4.108323
2024-04-29 12:57:02.213990,3.891123
2024-04-29 12:57:02.229610,3.45658
2024-04-29 12:57:02.245240,2.949471
2024-04-29 12:57:02.260860,2.493568
2024-04-29 12:57:02.276490,2.178544
2024-04-29 12:57:02.292110,2.050204
2024-04-29 12:57:02.307740,2.093312
2024-04-29 12:57:02.323370,2.224984
2024-04-29 12:57:02.338990,2.318677
2024-04-29 12:57:02.354620,2.261951
2024-04-29 12:57:02.370240,2.013945
2024-04-29 12:57:02.385870,1.607496
2024-04-29 12:57:02.401490,1.143545
2024-04-29 12:57:02.417120,0.7179556
2024-04-29 12:57:02.432750,0.3859124
2024-04-29 12:57:02.448370,0.1483245
2024-04-29 12:57:02.464000,-0.01686907
2024-04-29 12:57:02.479620,-0.1173224
2024-04-29 12:57:02.495250,-0.154974
2024-04-29 12:57:02.510870,-0.1411724
2024-04-29 12:57:02.526500,-0.1297274
2024-04-29 12:57:02.542130,-0.2110224
2024-04-29 12:57:02.557750,-0.47016
2024-04-29 12:57:02.573380,-0.9256878
2024-04-29 12:57:02.589000,-1.471456
2024-04-29 12:57:02.604630,-1.939033
2024-04-29 12:57:02.620250,-2.153152
2024-04-29 12:57:02.635880,-2.046942
2024-04-29 12:57:02.651510,-1.696562
2024-04-29 12:57:02.667130,-1.302265
2024-04-29 12:57:02.682760,-1.066584
2024-04-29 12:57:02.698380,-1.110147
2024-04-29 12:57:02.714010,-1.42235
2024-04-29 12:57:02.729630,-1.867892
2024-04-29 12:57:02.745260,-2.276606
2024-04-29 12:57:02.760890,-2.52976
2024-04-29 12:57:02.776510,-2.598766
2024-04-29 12:57:02.792140,-2.528315
2024-04-29 12:57:02.807760,-2.392229
2024-04-29 12:57:02.823390,-2.237598
2024-04-29 12:57:02.839010,-2.058751
2024-04-29 12:57:02.854640,-1.831114
2024-04-29 12:57:02.870270,-1.543051
2024-04-29 12:57:02.885890,-1.208274
2024-04-29 12:57:02.901520,-0.8659174
2024-04-29 12:57:02.917140,-0.5503869
2024-04-29 12:57:02.932770,-0.2573099
2024-04-29 12:57:02.948390,0.0504775
2024-04-29 12:57:02.964020,0.418957
2024-04-29 12:57:02.979650,0.8609524
2024-04-29 12:57:02.995270,1.300065
2024-04-29 12:57:03.010900,1.619649
2024-04-29 12:57:03.026520,1.714216
2024-04-29 12:57:03.042150,1.556781
2024-04-29 12:57:03.057770,1.218938
2024-04-29 12:57:03.073400,0.850071
2024-04-29 12:57:03.089030,0.5696895
2024-04-29 12:57:03.104650,0.4137192
2024-04-29 12:57:03.120280,0.3282173
2024-04-29 12:57:03.135900,0.2243969
2024-04-29 12:57:03.151530,0.04577112
2024-04-29 12:57:03.167150,-0.1667378
2024-04-29 12:57:03.182780,-0.3220217
2024-04-29 12:57:03.198410,-0.3313062
2024-04-29 12:57:03.214030,-0.1764565
2024-04-29 12:57:03.229660,0.06957173
2024-04-29 12:57:03.245280,0.3149476
2024-04-29 12:57:03.260910,0.4955642
2024-04-29 12:57:03.276530,0.6114891
2024-04-29 12:57:03.292160,0.6950133
2024-04-29 12:57:03.307790,0.764961
2024-04-29 12:57:03.323410,0.7821715
2024-04-29 12:57:03.339040,0.682111
2024-04-29 12:57:03.354660,0.4183042
2024-04-29 12:57:03.370290,0.003445864
2024-04-29 12:57:03.385910,-0.4715457
2024-04-29 12:57:03.401540,-0.8810716
2024-04-29 12:57:03.417170,-1.125753
2024-04-29 12:57:03.432790,-1.175791
2024-04-29 12:57:03.448420,-1.073864
2024-04-29 12:57:03.464040,-0.8925467
2024-04-29 12:57:03.479670,-0.7160838
2024-04-29 12:57:03.495290,-0.6017628
2024-04-29 12:57:03.510920,-0.566751
2024-04-29 12:57:03.526550,-0.5908277
2024-04-29 12:57:03.542170,-0.6334624
2024-04-29 12:57:03.557800,-0.6584842
2024-04-29 12:57:03.573420,-0.65258
2024-04-29 12:57:03.589050,-0.6531458
2024-04-29 12:57:03.604670,-0.7235582
2024-04-29 12:57:03.620300,-0.9298036
2024-04-29 12:57:03.635930,-1.27514
2024-04-29 12:57:03.651550,-1.687836
2024-04-29 12:57:03.667180,-2.027229
2024-04-29 12:57:03.682800,-2.14665
2024-04-29 12:57:03.698430,-1.950377
2024-04-29 12:57:03.714050,-1.439817
2024-04-29 12:57:03.729680,-0.707926
2024-04-29 12:57:03.745310,0.1084862
2024-04-29 12:57:03.760930,0.8862844
2024-04-29 12:57:03.776560,1.53397
2024-04-29 12:57:03.792180,2.010606
2024-04-29 12:57:03.807810,2.297793
2024-04-29 12:57:03.823430,2.400013
2024-04-29 12:57:03.839060,2.346651
2024-04-29 12:57:03.854690,2.187975
2024-04-29 12:57:03.870310,1.985161
2024-04-29 12:57:03.885940,1.781752
2024-04-29 12:57:03.901560,1.607888
2024-04-29 12:57:03.917190,1.479619
2024-04-29 12:57:03.932810,1.408453
2024-04-29 12:57:03.948440,1.394876
2024-04-29 12:57:03.964070,1.446148
2024-04-29 12:57:03.979690,1.542969
2024-04-29 12:57:03.995320,1.651561
2024-04-29 12:57:04.010940,1.724133
2024-04-29 12:57:04.026570,1.719846
2024-04-29 12:57:04.042190,1.610486
2024-04-29 12:57:04.057820,1.384475
2024-04-29 12:57:04.073450,1.074494
2024-04-29 12:57:04.089070,0.7278581
2024-04-29 12:57:04.104700,0.4050245
2024-04-29 12:57:04.120320,0.146045
2024-04-29 12:57:04.135950,-0.04878902
2024-04-29 12:57:04.151580,-0.2121639
2024-04-29 12:57:04.167200,-0.3862696
2024-04-29 12:57:04.182830,-0.6045339
2024-04-29 12:57:04.198450,-0.8488247
2024-04-29 12:57:04.214080,-1.070477
2024-04-29 12:57:04.229700,-1.211995
2024-04-29 12:57:04.245330,-1.25459
2024-04-29 12:57:04.260960,-1.202473
2024-04-29 12:57:04.276580,-1.104533
2024-04-29 12:57:04.292210,-1.000039
2024-04-29 12:57:04.307830,-0.9060366
2024-04-29 12:57:04.323460,-0.837841
2024-04-29 12:57:04.339080,-0.8083918
2024-04-29 12:57:04.354710,-0.8290722
2024-04-29 12:57:04.370340,-0.8962784
2024-04-29 12:57:04.385960,-0.974309
2024-04-29 12:57:04.401590,-1.006013
2024-04-29 12:57:04.417210,-0.9553771
2024-04-29 12:57:04.432840,-0.8420255
2024-04-29 12:57:04.448460,-0.7477353
2024-04-29 12:57:04.464090,-0.7548373
2024-04-29 12:57:04.479720,-0.8941362
2024-04-29 12:57:04.495340,-1.121383
2024-04-29 12:57:04.510970,-1.345355
2024-04-29 12:57:04.526590,-1.479194
2024-04-29 12:57:04.542220,-1.478114
2024-04-29 12:57:04.557840,-1.355879
2024-04-29 12:57:04.573470,-1.1273
2024-04-29 12:57:04.589100,-0.7826025
2024-04-29 12:57:04.604720,-0.2954936
2024-04-29 12:57:04.620350,0.3323205
2024-04-29 12:57:04.635970,1.038732
2024-04-29 12:57:04.651600,1.693869
2024-04-29 12:57:04.667220,2.154851
2024-04-29 12:57:04.682850,2.331137
2024-04-29 12:57:04.698480,2.221579
2024-04-29 12:57:04.714100,1.903901
2024-04-29 12:57:04.729730,1.50591
2024-04-29 12:57:04.745350,1.136123
2024-04-29 12:57:04.760980,0.8742626
2024-04-29 12:57:04.776600,0.7397046
2024-04-29 12:57:04.792230,0.7081723
2024-04-29 12:57:04.807860,0.7324827
2024-04-29 12:57:04.823480,0.767535
2024-04-29 12:57:04.839110,0.7900038
2024-04-29 12:57:04.854730,0.8071308
2024-04-29 12:57:04.870360,0.8474441
2024-04-29 12:57:04.885980,0.9318364
2024-04-29 12:57:04.901610,1.051427
2024-04-29 12:57:04.917240,1.156394
2024-04-29 12:57:04.932860,1.179646
2024-04-29 12:57:04.948490,1.057816
2024-04-29 12:57:04.964110,0.7916996
2024-04-29 12:57:04.979740,0.4394336
2024-04-29 12:57:04.995360,0.08232617
2024-04-29 12:57:05.010990,-0.2015111
2024-04-29 12:57:05.026620,-0.3840597
2024-04-29 12:57:05.042240,-0.4751344
2024-04-29 12:57:05.057870,-0.505321
2024-04-29 12:57:05.073490,-0.4962387
2024-04-29 12:57:05.089120,-0.4846921
2024-04-29 12:57:05.104740,-0.4901979
2024-04-29 12:57:05.120370,-0.5510485
2024-04-29 12:57:05.136000,-0.7000599
2024-04-29 12:57:05.151620,-0.9446058
2024-04-29 12:57:05.167250,-1.256102
2024-04-29 12:57:05.182870,-1.555297
2024-04-29 12:57:05.198500,-1.755906
2024-04-29 12:57:05.214120,-1.790003
2024-04-29 12:57:05.229750,-1.673054
2024-04-29 12:57:05.245380,-1.470361
2024-04-29 12:57:05.261000,-1.278646
2024-04-29 12:57:05.276630,-1.167567
2024-04-29 12:57:05.292250,-1.132288
2024-04-29 12:57:05.307880,-1.135405
2024-04-29 12:57:05.323500,-1.107272
2024-04-29 12:57:05.339130,-1.029261
2024-04-29 12:57:05.354760,-0.9115698
2024-04-29 12:57:05.370380,-0.8082464
2024-04-29 12:57:05.386010,-0.7552512
2024-04-29 12:57:05.401630,-0.7652166
2024-04-29 12:57:05.417260,-0.8393304
2024-04-29 12:57:05.432880,-0.9665191
2024-04-29 12:57:05.448510,-1.139473
2024-04-29 12:57:05.464140,-1.327889
2024-04-29 12:57:05.479760,-1.467878
2024-04-29 12:57:05.495390,-1.450558
2024-04-29 12:57:05.511010,-1.165807
2024-04-29 12:57:05.526640,-0.5485165
2024-04-29 12:57:05.542260,0.3568993
2024-04-29 12:57:05.557890,1.398653
2024-04-29 12:57:05.573520,2.380954
2024-04-29 12:57:05.589140,3.091453
2024-04-29 12:57:05.604770,3.426558
2024-04-29 12:57:05.620390,3.377964
2024-04-29 12:57:05.636020,3.044681
2024-04-29 12:57:05.651640,2.561169
2024-04-29 12:57:05.667270,2.063116
2024-04-29 12:57:05.682900,1.625719
2024-04-29 12:57:05.698520,1.259237
2024-04-29 12:57:05.714150,0.9482555
2024-04-29 12:57:05.729770,0.6681523
2024-04-29 12:57:05.745400,0.4299173
2024-04-29 12:57:05.761020,0.2607334
2024-04-29 12:57:05.776650,0.1970284
2024-04-29 12:57:05.792280,0.2367268
2024-04-29 12:57:05.807900,0.3293262
2024-04-29 12:57:05.823530,0.4075036
2024-04-29 12:57:05.839150,0.405046
2024-04-29 12:57:05.854780,0.3259072
2024-04-29 12:57:05.870400,0.2124267
2024-04-29 12:57:05.886030,0.1391313
2024-04-29 12:57:05.901660,0.1664143
2024-04-29 12:57:05.917280,0.3107162
2024-04-29 12:57:05.932910,0.5385237
2024-04-29 12:57:05.948530,0.8001177
2024-04-29 12:57:05.964160,1.02135
2024-04-29 12:57:05.979780,1.121277
2024-04-29 12:57:05.995410,1.040682
2024-04-29 12:57:06.011040,0.7462546
2024-04-29 12:57:06.026660,0.286028
2024-04-29 12:57:06.042290,-0.2299545
2024-04-29 12:57:06.057910,-0.6569409
2024-04-29 12:57:06.073540,-0.8773181
2024-04-29 12:57:06.089160,-0.8553569
2024-04-29 12:57:06.104790,-0.6603789
2024-04-29 12:57:06.120420,-0.4008919
2024-04-29 12:57:06.136040,-0.1854768
2024-04-29 12:57:06.151670,-0.08404374
2024-04-29 12:57:06.167290,-0.1080717
2024-04-29 12:57:06.182920,-0.2502209
2024-04-29 12:57:06.198540,-0.5155773
2024-04-29 12:57:06.214170,-0.9112424
2024-04-29 12:57:06.229800,-1.404377
2024-04-29 12:57:06.245420,-1.907418
2024-04-29 12:57:06.261050,-2.272973
2024-04-29 12:57:06.276670,-2.36312
2024-04-29 12:57:06.292300,-2.141616
2024-04-29 12:57:06.307920,-1.696676
2024-04-29 12:57:06.323550,-1.236168
2024-04-29 12:57:06.339180,-0.9892629
2024-04-29 12:57:06.354800,-1.088219
2024-04-29 12:57:06.370430,-1.501459
2024-04-29 12:57:06.386050,-2.02984
2024-04-29 12:57:06.401680,-2.396772
2024-04-29 12:57:06.417300,-2.343119
2024-04-29 12:57:06.432930,-1.770089
2024-04-29 12:57:06.448560,-0.7495207
2024-04-29 12:57:06.464180,0.4855009
2024-04-29 12:57:06.479810,1.642803
2024-04-29 12:57:06.495430,2.477963
2024-04-29 12:57:06.511060,2.877691
2024-04-29 12:57:06.526690,2.868313
2024-04-29 12:57:06.542310,2.573945
2024-04-29 12:57:06.557940,2.153334
2024-04-29 12:57:06.573560,1.717871
2024-04-29 12:57:06.589190,1.319744
2024-04-29 12:57:06.604810,0.9524076
2024-04-29 12:57:06.620440,0.6313044
2024-04-29 12:57:06.636070,0.3878103
2024-04-29 12:57:06.651690,0.2840227
2024-04-29 12:57:06.667320,0.362861
2024-04-29 12:57:06.682940,0.6015229
2024-04-29 12:57:06.698570,0.9088736
2024-04-29 12:57:06.714190,1.150475
2024-04-29 12:57:06.729820,1.225588
2024-04-29 12:57:06.745450,1.107671
2024-04-29 12:57:06.761070,0.8625082
2024-04-29 12:57:06.776700,0.6195164
2024-04-29 12:57:06.792320,0.4986728
2024-04-29 12:57:06.807950,0.5621623
2024-04-29 12:57:06.823570,0.7667712
2024-04-29 12:57:06.839200,0.9954851
2024-04-29 12:57:06.854830,1.119638
2024-04-29 12:57:06.870450,1.066747
2024-04-29 12:57:06.886080,0.8420963
2024-04-29 12:57:06.901700,0.5118285
2024-04-29 12:57:06.917330,0.1685192
2024-04-29 12:57:06.932950,-0.1182663
2024-04-29 12:57:06.948580,-0.3210699
2024-04-29 12:57:06.964210,-0.4546419
2024-04-29 12:57:06.979830,-0.5540544
2024-04-29 12:57:06.995460,-0.6727055
2024-04-29 12:57:07.011080,-0.8288485
2024-04-29 12:57:07.026710,-1.020806
2024-04-29 12:57:07.042330,-1.210919
2024-04-29 12:57:07.057960,-1.335039
2024-04-29 12:57:07.073590,-1.33768
2024-04-29 12:57:07.089210,-1.203626
2024-04-29 12:57:07.104840,-0.9842924
2024-04-29 12:57:07.120460,-0.7783431
2024-04-29 12:57:07.136090,-0.6967968
2024-04-29 12:57:07.151710,-0.8033371
2024-04-29 12:57:07.167340,-1.073485
2024-04-29 12:57:07.182970,-1.397775
2024-04-29 12:57:07.198590,-1.633059
2024-04-29 12:57:07.214220,-1.672859
2024-04-29 12:57:07.229840,-1.50989
2024-04-29 12:57:07.245470,-1.245466
2024-04-29 12:57:07.261090,-1.039829
2024-04-29 12:57:07.276720,-1.035635
2024-04-29 12:57:07.292350,-1.264684
2024-04-29 12:57:07.307970,-1.61504
2024-04-29 12:57:07.323600,-1.878817
2024-04-29 12:57:07.339220,-1.835899
2024-04-29 12:57:07.354850,-1.370038
2024-04-29 12:57:07.370470,-0.5267986
2024-04-29 12:57:07.386100,0.4987638
2024-04-29 12:57:07.401730,1.472203
2024-04-29 12:57:07.417350,2.21426
2024-04-29 12:57:07.432980,2.675861
2024-04-29 12:57:07.448600,2.907192
2024-04-29 12:57:07.464230,2.979439
2024-04-29 12:57:07.479850,2.915598
2024-04-29 12:57:07.495480,2.676766
2024-04-29 12:57:07.511110,2.239835
2024-04-29 12:57:07.526730,1.648082
2024-04-29 12:57:07.542360,1.032242
2024-04-29 12:57:07.557980,0.5687783
2024-04-29 12:57:07.573610,0.3660607
2024-04-29 12:57:07.589230,0.4207827
2024-04-29 12:57:07.604860,0.6282955
2024-04-29 12:57:07.620490,0.8422483
2024-04-29 12:57:07.636110,0.9657547
2024-04-29 12:57:07.651740,0.9869932
2024-04-29 12:57:07.667360,0.9624392
2024-04-29 12:57:07.682990,0.9602273
2024-04-29 12:57:07.698610,1.001908
2024-04-29 12:57:07.714240,1.057191
2024-04-29 12:57:07.729870,1.06325
2024-04-29 12:57:07.745490,0.986804
2024-04-29 12:57:07.761120,0.8367779
2024-04-29 12:57:07.776740,0.6525369
2024-04-29 12:57:07.792370,0.4796009
2024-04-29 12:57:07.807990,0.3387651
2024-04-29 12:57:07.823620,0.2174871
2024-04-29 12:57:07.839250,0.1001379
2024-04-29 12:57:07.854870,-0.0220716
2024-04-29 12:57:07.870500,-0.13605
2024-04-29 12:57:07.886120,-0.2345014
2024-04-29 12:57:07.901750,-0.3108871
2024-04-29 12:57:07.917370,-0.3904648
2024-04-29 12:57:07.933000,-0.5005846
2024-04-29 12:57:07.948630,-0.6633253
2024-04-29 12:57:07.964250,-0.8682487
2024-04-29 12:57:07.979880,-1.084611
2024-04-29 12:57:07.995500,-1.279601
2024-04-29 12:57:08.011130,-1.446861
2024-04-29 12:57:08.026750,-1.604455
2024-04-29 12:57:08.042380,-1.792292
2024-04-29 12:57:08.058010,-2.024094
2024-04-29 12:57:08.073630,-2.27136
2024-04-29 12:57:08.089260,-2.460728
2024-04-29 12:57:08.104880,-2.520536
2024-04-29 12:57:08.120510,-2.410494
2024-04-29 12:57:08.136130,-2.182076
2024-04-29 12:57:08.151760,-1.938067
2024-04-29 12:57:08.167390,-1.790937
2024-04-29 12:57:08.183010,-1.78927
2024-04-29 12:57:08.198640,-1.902485
2024-04-29 12:57:08.214260,-2.018569
2024-04-29 12:57:08.229890,-2.02906
2024-04-29 12:57:08.245510,-1.897529
2024-04-29 12:57:08.261140,-1.662841
2024-04-29 12:57:08.276770,-1.43443
2024-04-29 12:57:08.292390,-1.293506
2024-04-29 12:57:08.308020,-1.231105
2024-04-29 12:57:08.323640,-1.145786
2024-04-29 12:57:08.339270,-0.8830187
2024-04-29 12:57:08.354890,-0.3289013
2024-04-29 12:57:08.370520,0.5136113
2024-04-29 12:57:08.386150,1.504883
2024-04-29 12:57:08.401770,2.417529
2024-04-29 12:57:08.417400,3.006164
2024-04-29 12:57:08.433020,3.139764
2024-04-29 12:57:08.448650,2.812886
2024-04-29 12:57:08.464270,2.18608
2024-04-29 12:57:08.479900,1.469873
2024-04-29 12:57:08.495530,0.8815405
2024-04-29 12:57:08.511150,0.5375381
2024-04-29 12:57:08.526780,0.4762712
2024-04-29 12:57:08.542400,0.6450291
2024-04-29 12:57:08.558030,0.9516568
2024-04-29 12:57:08.573650,1.298211
2024-04-29 12:57:08.589280,1.582095
2024-04-29 12:57:08.604910,1.72853
2024-04-29 12:57:08.620530,1.685351
2024-04-29 12:57:08.636160,1.45428
2024-04-29 12:57:08.651780,1.090208
2024-04-29 12:57:08.667410,0.681427
2024-04-29 12:57:08.683030,0.3144627
2024-04-29 12:57:08.698660,0.03401756
2024-04-29 12:57:08.714290,-0.1582003
2024-04-29 12:57:08.729910,-0.2806664
2024-04-29 12:57:08.745540,-0.3430908
2024-04-29 12:57:08.761160,-0.337661
2024-04-29 12:57:08.776790,-0.2628493
2024-04-29 12:57:08.792410,-0.1522889
2024-04-29 12:57:08.808040,-0.06686831
2024-04-29 12:57:08.823670,-0.09025669
2024-04-29 12:57:08.839290,-0.2501245
2024-04-29 12:57:08.854920,-0.5078263
2024-04-29 12:57:08.870540,-0.7672534
2024-04-29 12:57:08.886170,-0.9249549
2024-04-29 12:57:08.901790,-0.9296875
2024-04-29 12:57:08.917420,-0.8082838
2024-04-29 12:57:08.933050,-0.6352019
2024-04-29 12:57:08.948670,-0.4898744
2024-04-29 12:57:08.964300,-0.4111705
2024-04-29 12:57:08.979920,-0.4016004
2024-04-29 12:57:08.995550,-0.4656138
2024-04-29 12:57:09.011180,-0.6145687
2024-04-29 12:57:09.026800,-0.8452106
2024-04-29 12:57:09.042430,-1.148286
2024-04-29 12:57:09.058050,-1.470384
2024-04-29 12:57:09.073680,-1.737879
2024-04-29 12:57:09.089300,-1.891209
2024-04-29 12:57:09.104930,-1.929031
2024-04-29 12:57:09.120560,-1.897097
2024-04-29 12:57:09.136180,-1.867075
2024-04-29 12:57:09.151810,-1.857049
2024-04-29 12:57:09.167430,-1.801349
2024-04-29 12:57:09.183060,-1.576352
2024-04-29 12:57:09.198680,-1.072122
2024-04-29 12:57:09.214310,-0.2710218
2024-04-29 12:57:09.229940,0.7213292
2024-04-29 12:57:09.245560,1.695748
2024-04-29 12:57:09.261190,2.449801
2024-04-29 12:57:09.276810,2.841334
2024-04-29 12:57:09.292440,2.85859
2024-04-29 12:57:09.308060,2.617555
2024-04-29 12:57:09.323690,2.273471
2024-04-29 12:57:09.339320,1.950483
2024-04-29 12:57:09.354940,1.691649
2024-04-29 12:57:09.370570,1.463007
2024-04-29 12:57:09.386190,1.190964
2024-04-29 12:57:09.401820,0.8459525
2024-04-29 12:57:09.417440,0.4606223
2024-04-29 12:57:09.433070,0.1352692
2024-04-29 12:57:09.448700,-0.01298952
2024-04-29 12:57:09.464320,0.07694054
2024-04-29 12:57:09.479950,0.4004698
2024-04-29 12:57:09.495570,0.8522344
2024-04-29 12:57:09.511200,1.285093
2024-04-29 12:57:09.526820,1.559439
2024-04-29 12:57:09.542450,1.598555
2024-04-29 12:57:09.558080,1.39431
2024-04-29 12:57:09.573700,1.00136
2024-04-29 12:57:09.589330,0.5126896
2024-04-29 12:57:09.604950,0.02973795
2024-04-29 12:57:09.620580,-0.3531914
2024-04-29 12:57:09.636200,-0.5726843
2024-04-29 12:57:09.651830,-0.6186342
2024-04-29 12:57:09.667460,-0.5311155
2024-04-29 12:57:09.683080,-0.3892803
2024-04-29 12:57:09.698710,-0.2798486
2024-04-29 12:57:09.714330,-0.2838426
2024-04-29 12:57:09.729960,-0.4298716
2024-04-29 12:57:09.745580,-0.7052531
2024-04-29 12:57:09.761210,-1.028807
2024-04-29 12:57:09.776840,-1.310811
2024-04-29 12:57:09.792460,-1.461262
2024-04-29 12:57:09.808090,-1.44283
2024-04-29 12:57:09.823710,-1.284415
2024-04-29 12:57:09.839340,-1.059738
2024-04-29 12:57:09.854960,-0.8575516
2024-04-29 12:57:09.870590,-0.7334404
2024-04-29 12:57:09.886220,-0.7130442
2024-04-29 12:57:09.901840,-0.77279
2024-04-29 12:57:09.917470,-0.8945737
2024-04-29 12:57:09.933090,-1.06
2024-04-29 12:57:09.948720,-1.272823
2024-04-29 12:57:09.964340,-1.528818
2024-04-29 12:57:09.979970,-1.799193
2024-04-29 12:57:09.995600,-2.032213
2024-04-29 12:57:10.011220,-2.175765
2024-04-29 12:57:10.026850,-2.21972
2024-04-29 12:57:10.042470,-2.2027
2024-04-29 12:57:10.058100,-2.188466
2024-04-29 12:57:10.073720,-2.208518
2024-04-29 12:57:10.089350,-2.2315
2024-04-29 12:57:10.104980,-2.150882
2024-04-29 12:57:10.120600,-1.83441
2024-04-29 12:57:10.136230,-1.201796
2024-04-29 12:57:10.151850,-0.280479
2024-04-29 12:57:10.167480,0.7876205
2024-04-29 12:57:10.183100,1.794215
2024-04-29 12:57:10.198730,2.554032
2024-04-29 12:57:10.214360,2.987484
2024-04-29 12:57:10.229980,3.126663
2024-04-29 12:57:10.245610,3.07882
2024-04-29 12:57:10.261230,2.956293
2024-04-29 12:57:10.276860,2.797595
2024-04-29 12:57:10.292480,2.575862
2024-04-29 12:57:10.308110,2.238074
2024-04-29 12:57:10.323740,1.77084
2024-04-29 12:57:10.339360,1.235043
2024-04-29 12:57:10.354990,0.7652893
2024-04-29 12:57:10.370610,0.4901714
2024-04-29 12:57:10.386240,0.4455833
2024-04-29 12:57:10.401860,0.565917
2024-04-29 12:57:10.417490,0.7071424
2024-04-29 12:57:10.433120,0.7386751
2024-04-29 12:57:10.448740,0.6204014
2024-04-29 12:57:10.464370,0.411706
2024-04-29 12:57:10.479990,0.2122216
2024-04-29 12:57:10.495620,0.1002035
2024-04-29 12:57:10.511240,0.09387875
2024-04-29 12:57:10.526870,0.1555638
2024-04-29 12:57:10.542500,0.2399669
2024-04-29 12:57:10.558120,0.336978
2024-04-29 12:57:10.573750,0.4825163
2024-04-29 12:57:10.589370,0.7007442
2024-04-29 12:57:10.605000,0.9658742
2024-04-29 12:57:10.620620,1.189832
2024-04-29 12:57:10.636250,1.246621
2024-04-29 12:57:10.651880,1.056089
2024-04-29 12:57:10.667500,0.6450157
2024-04-29 12:57:10.683130,0.1456008
2024-04-29 12:57:10.698750,-0.2751784
2024-04-29 12:57:10.714380,-0.5020938
2024-04-29 12:57:10.730000,-0.5257945
2024-04-29 12:57:10.745630,-0.44278
2024-04-29 12:57:10.761260,-0.4062576
2024-04-29 12:57:10.776880,-0.536499
2024-04-29 12:57:10.792510,-0.846076
2024-04-29 12:57:10.808130,-1.243363
2024-04-29 12:57:10.823760,-1.580607
2024-04-29 12:57:10.839380,-1.746092
2024-04-29 12:57:10.855010,-1.721332
2024-04-29 12:57:10.870640,-1.593717
2024-04-29 12:57:10.886260,-1.500747
2024-04-29 12:57:10.901890,-1.547001
2024-04-29 12:57:10.917510,-1.744002
2024-04-29 12:57:10.933140,-2.029697
2024-04-29 12:57:10.948760,-2.298373
2024-04-29 12:57:10.964390,-2.463691
2024-04-29 12:57:10.980020,-2.484477
2024-04-29 12:57:10.995640,-2.342956
2024-04-29 12:57:11.011270,-2.003757
2024-04-29 12:57:11.026890,-1.431684
2024-04-29 12:57:11.042520,-0.6188946
2024-04-29 12:57:11.058140,0.3567848
2024-04-29 12:57:11.073770,1.331583
2024-04-29 12:57:11.089400,2.096159
2024-04-29 12:57:11.105020,2.494777
2024-04-29 12:57:11.120650,2.511886
2024-04-29 12:57:11.136270,2.260596
2024-04-29 12:57:11.151900,1.941042
2024-04-29 12:57:11.167530,1.722073
2024-04-29 12:57:11.183150,1.679449
2024-04-29 12:57:11.198780,1.773522
2024-04-29 12:57:11.214400,1.890725
2024-04-29 12:57:11.230030,1.923389
2024-04-29 12:57:11.245650,1.809511
2024-04-29 12:57:11.261280,1.547707
2024-04-29 12:57:11.276910,1.17408
2024-04-29 12:57:11.292530,0.7480531
2024-04-29 12:57:11.308160,0.323421
2024-04-29 12:57:11.323780,-0.04912376
2024-04-29 12:57:11.339410,-0.3326817
2024-04-29 12:57:11.355030,-0.5005093
2024-04-29 12:57:11.370660,-0.5464492
2024-04-29 12:57:11.386290,-0.4742246
2024-04-29 12:57:11.401910,-0.3012557
2024-04-29 12:57:11.417540,-0.05496216
2024-04-29 12:57:11.433160,0.2216482
2024-04-29 12:57:11.448790,0.4721317
2024-04-29 12:57:11.464410,0.6337972
2024-04-29 12:57:11.480040,0.680707
2024-04-29 12:57:11.495670,0.6222558
2024-04-29 12:57:11.511290,0.51297
2024-04-29 12:57:11.526920,0.4045248
2024-04-29 12:57:11.542540,0.319634
2024-04-29 12:57:11.558170,0.2389116
2024-04-29 12:57:11.573790,0.1095982
2024-04-29 12:57:11.589420,-0.08641386
2024-04-29 12:57:11.605050,-0.333508
2024-04-29 12:57:11.620670,-0.5576873
2024-04-29 12:57:11.636300,-0.7090931
2024-04-29 12:57:11.651920,-0.7748594
2024-04-29 12:57:11.667550,-0.8086061
2024-04-29 12:57:11.683170,-0.8979058
2024-04-29 12:57:11.698800,-1.092979
2024-04-29 12:57:11.714430,-1.375577
2024-04-29 12:57:11.730050,-1.653849
2024-04-29 12:57:11.745680,-1.839391
2024-04-29 12:57:11.761300,-1.884628
2024-04-29 12:57:11.776930,-1.814924
2024-04-29 12:57:11.792550,-1.70085
2024-04-29 12:57:11.808180,-1.616847
2024-04-29 12:57:11.823810,-1.60544
2024-04-29 12:57:11.839430,-1.673346
2024-04-29 12:57:11.855060,-1.819504
2024-04-29 12:57:11.870680,-2.027508
2024-04-29 12:57:11.886310,-2.26104
2024-04-29 12:57:11.901930,-2.439586
2024-04-29 12:57:11.917560,-2.444044
2024-04-29 12:57:11.933190,-2.179283
2024-04-29 12:57:11.948810,-1.60513
2024-04-29 12:57:11.964440,-0.7808142
2024-04-29 12:57:11.980060,0.1764832
2024-04-29 12:57:11.995690,1.125216
2024-04-29 12:57:12.011310,1.963271
2024-04-29 12:57:12.026940,2.609749
2024-04-29 12:57:12.042570,3.005239
2024-04-29 12:57:12.058190,3.101398
2024-04-29 12:57:12.073820,2.856442
2024-04-29 12:57:12.089440,2.296793
2024-04-29 12:57:12.105070,1.542907
2024-04-29 12:57:12.120690,0.7856274
2024-04-29 12:57:12.136320,0.2323165
2024-04-29 12:57:12.151950,0.02967834
2024-04-29 12:57:12.167570,0.2065148
2024-04-29 12:57:12.183200,0.6744742
2024-04-29 12:57:12.198820,1.264385
2024-04-29 12:57:12.214450,1.780523
2024-04-29 12:57:12.230070,2.093806
2024-04-29 12:57:12.245700,2.143858
2024-04-29 12:57:12.261330,1.953595
2024-04-29 12:57:12.276950,1.597047
2024-04-29 12:57:12.292580,1.180762
2024-04-29 12:57:12.308200,0.7868791
2024-04-29 12:57:12.323830,0.4670439
2024-04-29 12:57:12.339450,0.2318497
2024-04-29 12:57:12.355080,0.05824041
2024-04-29 12:57:12.370710,-0.06100607
2024-04-29 12:57:12.386330,-0.1308599
2024-04-29 12:57:12.401960,-0.1691275
2024-04-29 12:57:12.417580,-0.2108774
2024-04-29 12:57:12.433210,-0.318027
2024-04-29 12:57:12.448830,-0.5444713
2024-04-29 12:57:12.464460,-0.8906517
2024-04-29 12:57:12.480090,-1.272786
2024-04-29 12:57:12.495710,-1.574454
2024-04-29 12:57:12.511340,-1.683635
2024-04-29 12:57:12.526960,-1.558275
2024-04-29 12:57:12.542590,-1.257787
2024-04-29 12:57:12.558210,-0.9005485
2024-04-29 12:57:12.573840,-0.6116352
2024-04-29 12:57:12.589470,-0.4833875
2024-04-29 12:57:12.605090,-0.5343089
2024-04-29 12:57:12.620720,-0.7289734
2024-04-29 12:57:12.636340,-1.008581
2024-04-29 12:57:12.651970,-1.316277
2024-04-29 12:57:12.667590,-1.603925
2024-04-29 12:57:12.683220,-1.843118
2024-04-29 12:57:12.698850,-2.006459
2024-04-29 12:57:12.714470,-2.098409
2024-04-29 12:57:12.730100,-2.130326
2024-04-29 12:57:12.745720,-2.117574
2024-04-29 12:57:12.761350,-2.040118
2024-04-29 12:57:12.776970,-1.839504
2024-04-29 12:57:12.792600,-1.427672
2024-04-29 12:57:12.808230,-0.7342968
2024-04-29 12:57:12.823850,0.2322617
2024-04-29 12:57:12.839480,1.375504
2024-04-29 12:57:12.855100,2.496362
2024-04-29 12:57:12.870730,3.36759
2024-04-29 12:57:12.886350,3.803813
2024-04-29 12:57:12.901980,3.727233
2024-04-29 12:57:12.917610,3.199763
2024-04-29 12:57:12.933230,2.39062
2024-04-29 12:57:12.948860,1.52009
2024-04-29 12:57:12.964480,0.7770238
2024-04-29 12:57:12.980110,0.2847509
2024-04-29 12:57:12.995730,0.07807684
2024-04-29 12:57:13.011360,0.1293464
2024-04-29 12:57:13.026990,0.3679538
2024-04-29 12:57:13.042610,0.7103305
2024-04-29 12:57:13.058240,1.09048
2024-04-29 12:57:13.073860,1.46271
2024-04-29 12:57:13.089490,1.792617
2024-04-29 12:57:13.105110,2.035889
2024-04-29 12:57:13.120740,2.13557
2024-04-29 12:57:13.136370,2.028347
2024-04-29 12:57:13.151990,1.686026
2024-04-29 12:57:13.167620,1.140454
2024-04-29 12:57:13.183240,0.4939208
2024-04-29 12:57:13.198870,-0.1001339
2024-04-29 12:57:13.214490,-0.5096145
2024-04-29 12:57:13.230120,-0.6792097
2024-04-29 12:57:13.245750,-0.6466398
2024-04-29 12:57:13.261370,-0.5184822
2024-04-29 12:57:13.277000,-0.4183483
2024-04-29 12:57:13.292620,-0.4278178
2024-04-29 12:57:13.308250,-0.5645041
2024-04-29 12:57:13.323870,-0.7858915
2024-04-29 12:57:13.339500,-1.018275
2024-04-29 12:57:13.355130,-1.184946
2024-04-29 12:57:13.370750,-1.240245
2024-04-29 12:57:13.386380,-1.186159
2024-04-29 12:57:13.402000,-1.070367
2024-04-29 12:57:13.417630,-0.9745841
2024-04-29 12:57:13.433250,-0.9753551
2024-04-29 12:57:13.448880,-1.115604
2024-04-29 12:57:13.464510,-1.360712
2024-04-29 12:57:13.480130,-1.633261
2024-04-29 12:57:13.495760,-1.839004
2024-04-29 12:57:13.511380,-1.936089
2024-04-29 12:57:13.527010,-1.943484
2024-04-29 12:57:13.542630,-1.940132
2024-04-29 12:57:13.558260,-1.994331
2024-04-29 12:57:13.573890,-2.114269
2024-04-29 12:57:13.589510,-2.258043
2024-04-29 12:57:13.605140,-2.346626
2024-04-29 12:57:13.620760,-2.315423
2024-04-29 12:57:13.636390,-2.143311
2024-04-29 12:57:13.652010,-1.847941
2024-04-29 12:57:13.667640,-1.454222
2024-04-29 12:57:13.683270,-0.9824386
2024-04-29 12:57:13.698890,-0.4479756
2024-04-29 12:57:13.714520,0.1421018
2024-04-29 12:57:13.730140,0.765234
2024-04-29 12:57:13.745770,1.385964
2024-04-29 12:57:13.761390,1.94874
2024-04-29 12:57:13.777020,2.412181
2024-04-29 12:57:13.792650,2.758432
2024-04-29 12:57:13.808270,2.980646
2024-04-29 12:57:13.823900,3.099004
2024-04-29 12:57:13.839520,3.112974
2024-04-29 12:57:13.855150,3.010287
2024-04-29 12:57:13.870780,2.768553
2024-04-29 12:57:13.886400,2.370832
2024-04-29 12:57:13.902030,1.824021
2024-04-29 12:57:13.917650,1.178452
2024-04-29 12:57:13.933280,0.5362177
2024-04-29 12:57:13.948900,0.02060199
2024-04-29 12:57:13.964530,-0.2609146
2024-04-29 12:57:13.980160,-0.259798
2024-04-29 12:57:13.995780,0.002505779
2024-04-29 12:57:14.011410,0.4385116
2024-04-29 12:57:14.027030,0.9338465
2024-04-29 12:57:14.042660,1.369151
2024-04-29 12:57:14.058280,1.661427
2024-04-29 12:57:14.073910,1.765193
2024-04-29 12:57:14.089540,1.666042
2024-04-29 12:57:14.105160,1.388938
2024-04-29 12:57:14.120790,0.9765861
2024-04-29 12:57:14.136410,0.5057738
2024-04-29 12:57:14.152040,0.03665495
2024-04-29 12:57:14.167660,-0.3773305
2024-04-29 12:57:14.183290,-0.7121258
2024-04-29 12:57:14.198920,-0.958333
2024-04-29 12:57:14.214540,-1.117287
2024-04-29 12:57:14.230170,-1.182692
2024-04-29 12:57:14.245790,-1.152071
2024-04-29 12:57:14.261420,-1.050805
2024-04-29 12:57:14.277040,-0.9143705
2024-04-29 12:57:14.292670,-0.8144515
2024-04-29 12:57:14.308300,-0.8210893
2024-04-29 12:57:14.323920,-0.9586685
2024-04-29 12:57:14.339550,-1.1999
2024-04-29 12:57:14.355170,-1.476286
2024-04-29 12:57:14.370800,-1.706141
2024-04-29 12:57:14.386420,-1.848822
2024-04-29 12:57:14.402050,-1.921794
2024-04-29 12:57:14.417680,-1.986063
2024-04-29 12:57:14.433300,-2.09276
2024-04-29 12:57:14.448930,-2.241143
2024-04-29 12:57:14.464550,-2.380262
2024-04-29 12:57:14.480180,-2.437904
2024-04-29 12:57:14.495800,-2.359439
2024-04-29 12:57:14.511430,-2.145125
2024-04-29 12:57:14.527060,-1.824128
2024-04-29 12:57:14.542680,-1.435793
2024-04-29 12:57:14.558310,-0.9810123
2024-04-29 12:57:14.573930,-0.4263051
2024-04-29 12:57:14.589560,0.2755802
2024-04-29 12:57:14.605180,1.118878
2024-04-29 12:57:14.620810,2.022815
2024-04-29 12:57:14.636440,2.841125
2024-04-29 12:57:14.652060,3.408752
2024-04-29 12:57:14.667690,3.632402
2024-04-29 12:57:14.683310,3.510116
2024-04-29 12:57:14.698940,3.141032
2024-04-29 12:57:14.714560,2.650588
2024-04-29 12:57:14.730190,2.160823
2024-04-29 12:57:14.745820,1.736034
2024-04-29 12:57:14.761440,1.391307
2024-04-29 12:57:14.777070,1.120661
2024-04-29 12:57:14.792690,0.9273555
2024-04-29 12:57:14.808320,0.8168721
2024-04-29 12:57:14.823940,0.8019257
2024-04-29 12:57:14.839570,0.864043
2024-04-29 12:57:14.855200,0.9440577
2024-04-29 12:57:14.870820,0.9745233
2024-04-29 12:57:14.886450,0.8894095
2024-04-29 12:57:14.902070,0.6779571
2024-04-29 12:57:14.917700,0.3760107
2024-04-29 12:57:14.933320,0.05693746
2024-04-29 12:57:14.948950,-0.1987913
2024-04-29 12:57:14.964580,-0.3346887
2024-04-29 12:57:14.980200,-0.3299851
2024-04-29 12:57:14.995830,-0.2019114
2024-04-29 12:57:15.011450,-0.01234508
2024-04-29 12:57:15.027080,0.165596
2024-04-29 12:57:15.042700,0.2598453
2024-04-29 12:57:15.058330,0.2268567
2024-04-29 12:57:15.073960,0.06153297
2024-04-29 12:57:15.089580,-0.1889937
2024-04-29 12:57:15.105210,-0.4929156
2024-04-29 12:57:15.120830,-0.8294504
2024-04-29 12:57:15.136460,-1.193449
2024-04-29 12:57:15.152080,-1.572802
2024-04-29 12:57:15.167710,-1.909584
2024-04-29 12:57:15.183340,-2.104169
2024-04-29 12:57:15.198960,-2.069709
2024-04-29 12:57:15.214590,-1.807698
2024-04-29 12:57:15.230210,-1.423607
2024-04-29 12:57:15.245840,-1.111617
2024-04-29 12:57:15.261460,-1.041188
2024-04-29 12:57:15.277090,-1.251368
2024-04-29 12:57:15.292720,-1.621345
2024-04-29 12:57:15.308340,-1.947067
2024-04-29 12:57:15.323970,-2.04381
2024-04-29 12:57:15.339590,-1.886379
2024-04-29 12:57:15.355220,-1.615854
2024-04-29 12:57:15.370840,-1.435117
2024-04-29 12:57:15.386470,-1.488759
2024-04-29 12:57:15.402100,-1.767796
2024-04-29 12:57:15.417720,-2.116166
2024-04-29 12:57:15.433350,-2.325127
2024-04-29 12:57:15.448970,-2.246179
2024-04-29 12:57:15.464600,-1.838308
2024-04-29 12:57:15.480220,-1.174264
2024-04-29 12:57:15.495850,-0.3545845
2024-04-29 12:57:15.511480,0.5103681
2024-04-29 12:57:15.527100,1.342435
2024-04-29 12:57:15.542730,2.086487
2024-04-29 12:57:15.558350,2.67564
2024-04-29 12:57:15.573980,3.038147
2024-04-29 12:57:15.589600,3.147369
2024-04-29 12:57:15.605230,3.017353
2024-04-29 12:57:15.620860,2.718615
2024-04-29 12:57:15.636480,2.345668
2024-04-29 12:57:15.652110,1.970607
2024-04-29 12:57:15.667730,1.633856
2024-04-29 12:57:15.683360,1.362234
2024-04-29 12:57:15.698980,1.164015
2024-04-29 12:57:15.714610,1.043873
2024-04-29 12:57:15.730240,0.9944307
2024-04-29 12:57:15.745860,0.97879
2024-04-29 12:57:15.761490,0.9426626
2024-04-29 12:57:15.777110,0.8591917
2024-04-29 12:57:15.792740,0.7506126
2024-04-29 12:57:15.808360,0.6855205
2024-04-29 12:57:15.823990,0.7404432
2024-04-29 12:57:15.839620,0.9203753
2024-04-29 12:57:15.855240,1.136426
2024-04-29 12:57:15.870870,1.234463
2024-04-29 12:57:15.886490,1.084688
2024-04-29 12:57:15.902120,0.6601329
2024-04-29 12:57:15.917740,0.05605245
2024-04-29 12:57:15.933370,-0.5601758
2024-04-29 12:57:15.949000,-1.039536
2024-04-29 12:57:15.964620,-1.331749
2024-04-29 12:57:15.980250,-1.495862
2024-04-29 12:57:15.995870,-1.635232
2024-04-29 12:57:16.011500,-1.815712
2024-04-29 12:57:16.027120,-2.024634
2024-04-29 12:57:16.042750,-2.176454
2024-04-29 12:57:16.058380,-2.17373
2024-04-29 12:57:16.074000,-1.970854
2024-04-29 12:57:16.089630,-1.608438
2024-04-29 12:57:16.105250,-1.200176
2024-04-29 12:57:16.120880,-0.8636782
2024-04-29 12:57:16.136510,-0.6680366
2024-04-29 12:57:16.152130,-0.6143634
2024-04-29 12:57:16.167760,-0.6544157
2024-04-29 12:57:16.183380,-0.740909
2024-04-29 12:57:16.199010,-0.8339659
2024-04-29 12:57:16.214630,-0.9311888
2024-04-29 12:57:16.230260,-1.025757
2024-04-29 12:57:16.245890,-1.103765
2024-04-29 12:57:16.261510,-1.11845
2024-04-29 12:57:16.277140,-0.9981084
2024-04-29 12:57:16.292760,-0.6906529
2024-04-29 12:57:16.308390,-0.1721389
2024-04-29 12:57:16.324010,0.5099698
2024-04-29 12:57:16.339640,1.265671
2024-04-29 12:57:16.355270,1.978603
2024-04-29 12:57:16.370890,2.542593
2024-04-29 12:57:16.386520,2.887736
2024-04-29 12:57:16.402140,3.025887
2024-04-29 12:57:16.417770,3.017472
2024-04-29 12:57:16.433390,2.952921
2024-04-29 12:57:16.449020,2.912641
2024-04-29 12:57:16.464650,2.896999
2024-04-29 12:57:16.480270,2.845912
2024-04-29 12:57:16.495900,2.650682
2024-04-29 12:57:16.511520,2.254506
2024-04-29 12:57:16.527150,1.676372
2024-04-29 12:57:16.542770,1.03936
2024-04-29 12:57:16.558400,0.4859827
2024-04-29 12:57:16.574030,0.1174707
2024-04-29 12:57:16.589650,-0.04693642
2024-04-29 12:57:16.605280,-0.07353635
2024-04-29 12:57:16.620900,-0.0422878
2024-04-29 12:57:16.636530,-0.006470535
2024-04-29 12:57:16.652150,0.03329986
2024-04-29 12:57:16.667780,0.1072436
2024-04-29 12:57:16.683410,0.2266317
2024-04-29 12:57:16.699030,0.3631365
2024-04-29 12:57:16.714660,0.4517777
2024-04-29 12:57:16.730280,0.4333987
2024-04-29 12:57:16.745910,0.2651905
2024-04-29 12:57:16.761530,-0.04305796
2024-04-29 12:57:16.777160,-0.4461406
2024-04-29 12:57:16.792790,-0.8681047
2024-04-29 12:57:16.808410,-1.218339
2024-04-29 12:57:16.824040,-1.417619
2024-04-29 12:57:16.839660,-1.428499
2024-04-29 12:57:16.855290,-1.276219
2024-04-29 12:57:16.870910,-1.032222
2024-04-29 12:57:16.886540,-0.8062819
2024-04-29 12:57:16.902170,-0.6686655
2024-04-29 12:57:16.917790,-0.6414758
2024-04-29 12:57:16.933420,-0.706381
2024-04-29 12:57:16.949040,-0.8120272
2024-04-29 12:57:16.964670,-0.940309
2024-04-29 12:57:16.980290,-1.103969
2024-04-29 12:57:16.995920,-1.332701
2024-04-29 12:57:17.011550,-1.623631
2024-04-29 12:57:17.027170,-1.945995
2024-04-29 12:57:17.042800,-2.225445
2024-04-29 12:57:17.058420,-2.401253
2024-04-29 12:57:17.074050,-2.439701
2024-04-29 12:57:17.089670,-2.344565
2024-04-29 12:57:17.105300,-2.128517
2024-04-29 12:57:17.120930,-1.817633
2024-04-29 12:57:17.136550,-1.42608
2024-04-29 12:57:17.152180,-0.9748769
2024-04-29 12:57:17.167800,-0.4922376
2024-04-29 12:57:17.183430,0.001339361
2024-04-29 12:57:17.199050,0.4929802
2024-04-29 12:57:17.214680,0.984892
2024-04-29 12:57:17.230310,1.477718
2024-04-29 12:57:17.245930,1.942194
2024-04-29 12:57:17.261560,2.308648
2024-04-29 12:57:17.277180,2.483944
2024-04-29 12:57:17.292810,2.398188
2024-04-29 12:57:17.308430,2.03276
2024-04-29 12:57:17.324060,1.449255
2024-04-29 12:57:17.339690,0.7882138
2024-04-29 12:57:17.355310,0.210493
2024-04-29 12:57:17.370940,-0.1596394
2024-04-29 12:57:17.386560,-0.2885058
2024-04-29 12:57:17.402190,-0.2329084
2024-04-29 12:57:17.417810,-0.08943667
2024-04-29 12:57:17.433440,0.0392822
2024-04-29 12:57:17.449070,0.1075698
2024-04-29 12:57:17.464690,0.1374096
2024-04-29 12:57:17.480320,0.1911219
2024-04-29 12:57:17.495940,0.3130582
2024-04-29 12:57:17.511570,0.4967135
2024-04-29 12:57:17.527190,0.6622977
2024-04-29 12:57:17.542820,0.6924792
2024-04-29 12:57:17.558450,0.5019993
2024-04-29 12:57:17.574070,0.08241338
2024-04-29 12:57:17.589700,-0.4773012
2024-04-29 12:57:17.605320,-1.023811
2024-04-29 12:57:17.620950,-1.403332
2024-04-29 12:57:17.636570,-1.532189
2024-04-29 12:57:17.652200,-1.399778
2024-04-29 12:57:17.667830,-1.084927
2024-04-29 12:57:17.683450,-0.7075207
2024-04-29 12:57:17.699080,-0.393042
2024-04-29 12:57:17.714700,-0.2288055
2024-04-29 12:57:17.730330,-0.2362522
2024-04-29 12:57:17.745950,-0.3863709
2024-04-29 12:57:17.761580,-0.604546
2024-04-29 12:57:17.777210,-0.8270026
2024-04-29 12:57:17.792830,-0.9920791
2024-04-29 12:57:17.808460,-1.072642
2024-04-29 12:57:17.824080,-1.067325
2024-04-29 12:57:17.839710,-1.007491
2024-04-29 12:57:17.855330,-0.9450618
2024-04-29 12:57:17.870960,-0.927245
2024-04-29 12:57:17.886590,-0.9581102
2024-04-29 12:57:17.902210,-0.9844238
2024-04-29 12:57:17.917840,-0.898486
2024-04-29 12:57:17.933460,-0.5879565
2024-04-29 12:57:17.949090,-0.02316856
2024-04-29 12:57:17.964710,0.7118443
2024-04-29 12:57:17.980340,1.441873
2024-04-29 12:57:17.995970,1.966693
2024-04-29 12:57:18.011590,2.178527
2024-04-29 12:57:18.027220,2.104237
2024-04-29 12:57:18.042840,1.863724
2024-04-29 12:57:18.058470,1.587846
2024-04-29 12:57:18.074090,1.326052
2024-04-29 12:57:18.089720,1.036513
2024-04-29 12:57:18.105350,0.6458032
2024-04-29 12:57:18.120970,0.1622936
2024-04-29 12:57:18.136600,-0.3075974
2024-04-29 12:57:18.152220,-0.5799181
2024-04-29 12:57:18.167850,-0.5197525
2024-04-29 12:57:18.183470,-0.1134222
2024-04-29 12:57:18.199100,0.5026832
2024-04-29 12:57:18.214730,1.127756
2024-04-29 12:57:18.230350,1.590699
2024-04-29 12:57:18.245980,1.808519
2024-04-29 12:57:18.261600,1.799864
2024-04-29 12:57:18.277230,1.623749
2024-04-29 12:57:18.292860,1.330003
2024-04-29 12:57:18.308480,0.9300499
2024-04-29 12:57:18.324110,0.4356661
2024-04-29 12:57:18.339730,-0.1122015
2024-04-29 12:57:18.355360,-0.6417258
2024-04-29 12:57:18.370980,-1.07744
2024-04-29 12:57:18.386610,-1.361727
2024-04-29 12:57:18.402240,-1.490947
2024-04-29 12:57:18.417860,-1.505894
2024-04-29 12:57:18.433490,-1.450472
2024-04-29 12:57:18.449110,-1.367598
2024-04-29 12:57:18.464740,-1.280621
2024-04-29 12:57:18.480360,-1.202309
2024-04-29 12:57:18.495990,-1.147258
2024-04-29 12:57:18.511620,-1.129833
2024-04-29 12:57:18.527240,-1.148538
2024-04-29 12:57:18.542870,-1.189653
2024-04-29 12:57:18.558490,-1.227253
2024-04-29 12:57:18.574120,-1.233959
2024-04-29 12:57:18.589740,-1.219132
2024-04-29 12:57:18.605370,-1.205087
2024-04-29 12:57:18.621000,-1.219156
2024-04-29 12:57:18.636620,-1.252242
2024-04-29 12:57:18.652250,-1.247141
2024-04-29 12:57:18.667870,-1.111614
2024-04-29 12:57:18.683500,-0.7704084
2024-04-29 12:57:18.699120,-0.2006443
2024-04-29 12:57:18.714750,0.5404265
2024-04-29 12:57:18.730380,1.327528
2024-04-29 12:57:18.746000,2.008297
2024-04-29 12:57:18.761630,2.425996
2024-04-29 12:57:18.777250,2.497703
2024-04-29 12:57:18.792880,2.233515
2024-04-29 12:57:18.808500,1.730278
2024-04-29 12:57:18.824130,1.150153
2024-04-29 12:57:18.839760,0.6576748
2024-04-29 12:57:18.855380,0.3612044
2024-04-29 12:57:18.871010,0.2668049
2024-04-29 12:57:18.886630,0.3160548
2024-04-29 12:57:18.902260,0.4040771
2024-04-29 12:57:18.917880,0.4677482
2024-04-29 12:57:18.933510,0.524334
2024-04-29 12:57:18.949140,0.6404076
2024-04-29 12:57:18.964760,0.8850546
2024-04-29 12:57:18.980390,1.252991
2024-04-29 12:57:18.996010,1.662415
2024-04-29 12:57:19.011640,1.974443
2024-04-29 12:57:19.027260,2.088229
2024-04-29 12:57:19.042890,1.979232
2024-04-29 12:57:19.058520,1.706114
2024-04-29 12:57:19.074140,1.376806
2024-04-29 12:57:19.089770,1.067533
2024-04-29 12:57:19.105390,0.8269658
2024-04-29 12:57:19.121020,0.6621146
2024-04-29 12:57:19.136640,0.573431
2024-04-29 12:57:19.152270,0.5539131
2024-04-29 12:57:19.167900,0.5986683
2024-04-29 12:57:19.183520,0.6775665
2024-04-29 12:57:19.199150,0.7402596
2024-04-29 12:57:19.214770,0.7343507
2024-04-29 12:57:19.230400,0.6354275
2024-04-29 12:57:19.246020,0.4930186
2024-04-29 12:57:19.261650,0.3885908
2024-04-29 12:57:19.277280,0.4168649
2024-04-29 12:57:19.292900,0.6219385
2024-04-29 12:57:19.308530,0.963254
2024-04-29 12:57:19.324150,1.312505
2024-04-29 12:57:19.339780,1.51302
2024-04-29 12:57:19.355400,1.449526
2024-04-29 12:57:19.371030,1.089572
2024-04-29 12:57:19.386660,0.529927
2024-04-29 12:57:19.402280,-0.05938196
2024-04-29 12:57:19.417910,-0.460603
2024-04-29 12:57:19.433530,-0.503159
2024-04-29 12:57:19.449160,-0.1181211
2024-04-29 12:57:19.464780,0.6355443
2024-04-29 12:57:19.480410,1.595006
2024-04-29 12:57:19.496040,2.559748
2024-04-29 12:57:19.511660,3.349611
2024-04-29 12:57:19.527290,3.867269
2024-04-29 12:57:19.542910,4.08582
2024-04-29 12:57:19.558540,4.026019
2024-04-29 12:57:19.574160,3.747607
2024-04-29 12:57:19.589790,3.314035
2024-04-29 12:57:19.605420,2.815747
2024-04-29 12:57:19.621040,2.349134
2024-04-29 12:57:19.636670,2.002246
2024-04-29 12:57:19.652290,1.801807
2024-04-29 12:57:19.667920,1.708711
2024-04-29 12:57:19.683540,1.624342
2024-04-29 12:57:19.699170,1.437201
2024-04-29 12:57:19.714800,1.093522
2024-04-29 12:57:19.730420,0.6190799
2024-04-29 12:57:19.746050,0.1113654
2024-04-29 12:57:19.761670,-0.33929
2024-04-29 12:57:19.777300,-0.7148594
2024-04-29 12:57:19.792920,-1.095366
2024-04-29 12:57:19.808550,-1.60995
2024-04-29 12:57:19.824180,-2.363505
2024-04-29 12:57:19.839800,-3.355375
2024-04-29 12:57:19.855430,-4.458591
2024-04-29 12:57:19.871050,-5.494374
2024-04-29 12:57:19.886680,-6.29671
2024-04-29 12:57:19.902300,-6.823821
2024-04-29 12:57:19.917930,-7.140516
2024-04-29 12:57:19.933560,-7.38663
2024-04-29 12:57:19.949180,-7.681361
2024-04-29 12:57:19.964810,-8.064094
2024-04-29 12:57:19.980430,-8.488553
2024-04-29 12:57:19.996060,-8.875167
2024-04-29 12:57:20.011680,-9.181012
2024-04-29 12:57:20.027310,-9.394651
2024-04-29 12:57:20.042940,-9.520374
2024-04-29 12:57:20.058560,-9.512589
2024-04-29 12:57:20.074190,-9.262547
2024-04-29 12:57:20.089810,-8.658564
2024-04-29 12:57:20.105440,-7.673959
2024-04-29 12:57:20.121060,-6.441938
2024-04-29 12:57:20.136690,-5.210957
2024-04-29 12:57:20.152320,-4.236875
2024-04-29 12:57:20.167940,-3.635455
2024-04-29 12:57:20.183570,-3.306579
2024-04-29 12:57:20.199190,-3.000812
2024-04-29 12:57:20.214820,-2.450556
2024-04-29 12:57:20.230440,-1.541599
2024-04-29 12:57:20.246070,-0.3561329
2024-04-29 12:57:20.261700,0.8664052
2024-04-29 12:57:20.277320,1.879843
2024-04-29 12:57:20.292950,2.546095
2024-04-29 12:57:20.308570,2.890497
2024-04-29 12:57:20.324200,3.039447
2024-04-29 12:57:20.339820,3.121284
2024-04-29 12:57:20.355450,3.19808
2024-04-29 12:57:20.371080,3.251044
2024-04-29 12:57:20.386700,3.248143
2024-04-29 12:57:20.402330,3.186376
2024-04-29 12:57:20.417950,3.132873
2024-04-29 12:57:20.433580,3.185041
2024-04-29 12:57:20.449200,3.389481
2024-04-29 12:57:20.464830,3.705969
2024-04-29 12:57:20.480460,4.013127
2024-04-29 12:57:20.496080,4.188505
2024-04-29 12:57:20.511710,4.162359
2024-04-29 12:57:20.527330,3.988143
2024-04-29 12:57:20.542960,3.770076
2024-04-29 12:57:20.558580,3.608391
2024-04-29 12:57:20.574210,3.534533
2024-04-29 12:57:20.589840,3.487063
2024-04-29 12:57:20.605460,3.374732
2024-04-29 12:57:20.621090,3.129419
2024-04-29 12:57:20.636710,2.747649
2024-04-29 12:57:20.652340,2.284309
2024-04-29 12:57:20.667960,1.813662
2024-04-29 12:57:20.683590,1.38631
2024-04-29 12:57:20.699220,1.023224
2024-04-29 12:57:20.714840,0.7328348
2024-04-29 12:57:20.730470,0.5087385
2024-04-29 12:57:20.746090,0.3669176
2024-04-29 12:57:20.761720,0.3139553
2024-04-29 12:57:20.777340,0.3391066
2024-04-29 12:57:20.792970,0.4072542
2024-04-29 12:57:20.808600,0.4716206
2024-04-29 12:57:20.824220,0.4782286
2024-04-29 12:57:20.839850,0.3722773
2024-04-29 12:57:20.855470,0.1318026
2024-04-29 12:57:20.871100,-0.2183552
2024-04-29 12:57:20.886720,-0.5867805
2024-04-29 12:57:20.902350,-0.8554077
2024-04-29 12:57:20.917980,-0.9101505
2024-04-29 12:57:20.933600,-0.6782026
2024-04-29 12:57:20.949230,-0.162591
2024-04-29 12:57:20.964850,0.5678568
2024-04-29 12:57:20.980480,1.427701
2024-04-29 12:57:20.996110,2.332501
2024-04-29 12:57:21.011730,3.188437
2024-04-29 12:57:21.027360,3.912907
2024-04-29 12:57:21.042980,4.412552
2024-04-29 12:57:21.058610,4.600599
2024-04-29 12:57:21.074230,4.447909
2024-04-29 12:57:21.089860,4.002074
2024-04-29 12:57:21.105490,3.384812
2024-04-29 12:57:21.121110,2.773343
2024-04-29 12:57:21.136740,2.324489
2024-04-29 12:57:21.152360,2.111746
2024-04-29 12:57:21.167990,2.115722
2024-04-29 12:57:21.183610,2.232429
2024-04-29 12:57:21.199240,2.324511
2024-04-29 12:57:21.214870,2.275282
2024-04-29 12:57:21.230490,2.028276
2024-04-29 12:57:21.246120,1.590191
2024-04-29 12:57:21.261740,1.026116
2024-04-29 12:57:21.277370,0.4201126
2024-04-29 12:57:21.292990,-0.1532869
2024-04-29 12:57:21.308620,-0.6301699
2024-04-29 12:57:21.324250,-0.9684114
2024-04-29 12:57:21.339870,-1.129696
2024-04-29 12:57:21.355500,-1.079268
2024-04-29 12:57:21.371120,-0.8019161
2024-04-29 12:57:21.386750,-0.3339701
2024-04-29 12:57:21.402370,0.2275295
2024-04-29 12:57:21.418000,0.7419434
2024-04-29 12:57:21.433630,1.078061
2024-04-29 12:57:21.449250,1.167911
2024-04-29 12:57:21.464880,1.025293
2024-04-29 12:57:21.480500,0.7322874
2024-04-29 12:57:21.496130,0.3932438
2024-04-29 12:57:21.511750,0.06900406
2024-04-29 12:57:21.527380,-0.2447777
2024-04-29 12:57:21.543010,-0.5994606
2024-04-29 12:57:21.558630,-1.055638
2024-04-29 12:57:21.574260,-1.617641
2024-04-29 12:57:21.589880,-2.222469
2024-04-29 12:57:21.605510,-2.779067
2024-04-29 12:57:21.621130,-3.190939
2024-04-29 12:57:21.636760,-3.398002
2024-04-29 12:57:21.652390,-3.381284
2024-04-29 12:57:21.668010,-3.162148
2024-04-29 12:57:21.683640,-2.766221
2024-04-29 12:57:21.699260,-2.217062
2024-04-29 12:57:21.714890,-1.547934
2024-04-29 12:57:21.730510,-0.8231802
2024-04-29 12:57:21.746140,-0.1373081
2024-04-29 12:57:21.761770,0.4113235
2024-04-29 12:57:21.777390,0.7649746
2024-04-29 12:57:21.793020,0.9268398
2024-04-29 12:57:21.808640,0.9608755
2024-04-29 12:57:21.824270,0.9489012
2024-04-29 12:57:21.839890,0.9321527
2024-04-29 12:57:21.855520,0.9141493
2024-04-29 12:57:21.871150,0.8808594
2024-04-29 12:57:21.886770,0.8142405
2024-04-29 12:57:21.902400,0.7425394
2024-04-29 12:57:21.918020,0.6945286
2024-04-29 12:57:21.933650,0.6842299
2024-04-29 12:57:21.949270,0.6805048
2024-04-29 12:57:21.964900,0.6388741
2024-04-29 12:57:21.980530,0.5375214
2024-04-29 12:57:21.996150,0.4091692
2024-04-29 12:57:22.011780,0.3422823
2024-04-29 12:57:22.027400,0.4216528
2024-04-29 12:57:22.043030,0.6783314
2024-04-29 12:57:22.058650,1.031399
2024-04-29 12:57:22.074280,1.342476
2024-04-29 12:57:22.089910,1.465582
2024-04-29 12:57:22.105530,1.319713
2024-04-29 12:57:22.121160,0.9122753
2024-04-29 12:57:22.136780,0.3187704
2024-04-29 12:57:22.152410,-0.3409219
2024-04-29 12:57:22.168030,-0.9625263
2024-04-29 12:57:22.183660,-1.471272
2024-04-29 12:57:22.199290,-1.832578
2024-04-29 12:57:22.214910,-2.037358
2024-04-29 12:57:22.230540,-2.096909
2024-04-29 12:57:22.246160,-2.019207
2024-04-29 12:57:22.261790,-1.822725
2024-04-29 12:57:22.277410,-1.524554
2024-04-29 12:57:22.293040,-1.154963
2024-04-29 12:57:22.308670,-0.7750463
2024-04-29 12:57:22.324290,-0.4666591
2024-04-29 12:57:22.339920,-0.3266754
2024-04-29 12:57:22.355540,-0.4302578
2024-04-29 12:57:22.371170,-0.790453
2024-04-29 12:57:22.386790,-1.358943
2024-04-29 12:57:22.402420,-2.03076
2024-04-29 12:57:22.418050,-2.676236
2024-04-29 12:57:22.433670,-3.159093
2024-04-29 12:57:22.449300,-3.360644
2024-04-29 12:57:22.464920,-3.192571
2024-04-29 12:57:22.480550,-2.617689
2024-04-29 12:57:22.496170,-1.682335
2024-04-29 12:57:22.511800,-0.5209141
2024-04-29 12:57:22.527430,0.6637421
2024-04-29 12:57:22.543050,1.650991
2024-04-29 12:57:22.558680,2.275116
2024-04-29 12:57:22.574300,2.472826
2024-04-29 12:57:22.589930,2.303227
2024-04-29 12:57:22.605550,1.909805
2024-04-29 12:57:22.621180,1.467161
2024-04-29 12:57:22.636810,1.105983
2024-04-29 12:57:22.652430,0.8822832
2024-04-29 12:57:22.668060,0.7848487
2024-04-29 12:57:22.683680,0.7517629
2024-04-29 12:57:22.699310,0.7189617
2024-04-29 12:57:22.714930,0.6462245
2024-04-29 12:57:22.730560,0.5398345
2024-04-29 12:57:22.746190,0.4437866
2024-04-29 12:57:22.761810,0.4142036
2024-04-29 12:57:22.777440,0.4872975
2024-04-29 12:57:22.793060,0.6509337
2024-04-29 12:57:22.808690,0.8641424
2024-04-29 12:57:22.824310,1.056866
2024-04-29 12:57:22.839940,1.177487
2024-04-29 12:57:22.855570,1.201109
2024-04-29 12:57:22.871190,1.134562
2024-04-29 12:57:22.886820,1.004085
2024-04-29 12:57:22.902440,0.8414164
2024-04-29 12:57:22.918070,0.6747379
2024-04-29 12:57:22.933690,0.5209136
2024-04-29 12:57:22.949320,0.3930531
2024-04-29 12:57:22.964950,0.2850742
2024-04-29 12:57:22.980570,0.1874428
2024-04-29 12:57:22.996200,0.07036543
2024-04-29 12:57:23.011820,-0.09638357
2024-04-29 12:57:23.027450,-0.3294315
2024-04-29 12:57:23.043070,-0.6073608
2024-04-29 12:57:23.058700,-0.8826065
2024-04-29 12:57:23.074330,-1.089993
2024-04-29 12:57:23.089950,-1.180247
2024-04-29 12:57:23.105580,-1.141965
2024-04-29 12:57:23.121200,-1.017057
2024-04-29 12:57:23.136830,-0.8789768
2024-04-29 12:57:23.152460,-0.8028288
2024-04-29 12:57:23.168080,-0.8283696
2024-04-29 12:57:23.183710,-0.9575129
2024-04-29 12:57:23.199330,-1.157809
2024-04-29 12:57:23.214960,-1.381194
2024-04-29 12:57:23.230580,-1.602281
2024-04-29 12:57:23.246210,-1.778419
2024-04-29 12:57:23.261840,-1.858992
2024-04-29 12:57:23.277460,-1.782866
2024-04-29 12:57:23.293090,-1.492277
2024-04-29 12:57:23.308710,-0.9562826
2024-04-29 12:57:23.324340,-0.2265739
2024-04-29 12:57:23.339960,0.5886626
2024-04-29 12:57:23.355590,1.353256
2024-04-29 12:57:23.371220,1.946746
2024-04-29 12:57:23.386840,2.30374
2024-04-29 12:57:23.402470,2.406303
2024-04-29 12:57:23.418090,2.282827
2024-04-29 12:57:23.433720,1.988702
2024-04-29 12:57:23.449340,1.600254
2024-04-29 12:57:23.464970,1.190841
2024-04-29 12:57:23.480600,0.8402653
2024-04-29 12:57:23.496220,0.5975809
2024-04-29 12:57:23.511850,0.4772258
2024-04-29 12:57:23.527470,0.4618192
2024-04-29 12:57:23.543100,0.5316114
2024-04-29 12:57:23.558720,0.6722298
2024-04-29 12:57:23.574350,0.8824463
2024-04-29 12:57:23.589980,1.130952
2024-04-29 12:57:23.605600,1.331437
2024-04-29 12:57:23.621230,1.375578
2024-04-29 12:57:23.636850,1.192313
2024-04-29 12:57:23.652480,0.8237748
2024-04-29 12:57:23.668100,0.4177814
2024-04-29 12:57:23.683730,0.1673365
2024-04-29 12:57:23.699360,0.1832619
2024-04-29 12:57:23.714980,0.4384837
2024-04-29 12:57:23.730610,0.7577124
2024-04-29 12:57:23.746230,0.9187984
2024-04-29 12:57:23.761860,0.7875648
2024-04-29 12:57:23.777480,0.3750491
2024-04-29 12:57:23.793110,-0.1727219
2024-04-29 12:57:23.808740,-0.6738663
2024-04-29 12:57:23.824360,-1.006704
2024-04-29 12:57:23.839990,-1.162968
2024-04-29 12:57:23.855610,-1.220656
2024-04-29 12:57:23.871240,-1.266699
2024-04-29 12:57:23.886860,-1.358286
2024-04-29 12:57:23.902490,-1.483606
2024-04-29 12:57:23.918120,-1.609643
2024-04-29 12:57:23.933740,-1.689497
2024-04-29 12:57:23.949370,-1.694759
2024-04-29 12:57:23.964990,-1.615589
2024-04-29 12:57:23.980620,-1.459686
2024-04-29 12:57:23.996240,-1.254435
2024-04-29 12:57:24.011870,-1.036337
2024-04-29 12:57:24.027500,-0.8593793
2024-04-29 12:57:24.043120,-0.760561
2024-04-29 12:57:24.058750,-0.7559142
2024-04-29 12:57:24.074370,-0.8086138
2024-04-29 12:57:24.090000,-0.841877
2024-04-29 12:57:24.105620,-0.7538495
2024-04-29 12:57:24.121250,-0.4790735
2024-04-29 12:57:24.136880,-0.009826183
2024-04-29 12:57:24.152500,0.6071601
2024-04-29 12:57:24.168130,1.278239
2024-04-29 12:57:24.183750,1.912165
2024-04-29 12:57:24.199380,2.432611
2024-04-29 12:57:24.215000,2.788917
2024-04-29 12:57:24.230630,2.943033
2024-04-29 12:57:24.246260,2.864358
2024-04-29 12:57:24.261880,2.540838
2024-04-29 12:57:24.277510,2.001858
2024-04-29 12:57:24.293130,1.332272
2024-04-29 12:57:24.308760,0.6541779
2024-04-29 12:57:24.324380,0.1018877
2024-04-29 12:57:24.340010,-0.2109642
2024-04-29 12:57:24.355640,-0.2216074
2024-04-29 12:57:24.371260,0.07163787
2024-04-29 12:57:24.386890,0.5931127
2024-04-29 12:57:24.402510,1.212302
2024-04-29 12:57:24.418140,1.762112
2024-04-29 12:57:24.433760,2.095259
2024-04-29 12:57:24.449390,2.142204
2024-04-29 12:57:24.465020,1.909618
2024-04-29 12:57:24.480640,1.474895
2024-04-29 12:57:24.496270,0.9423957
2024-04-29 12:57:24.511890,0.401912
2024-04-29 12:57:24.527520,-0.08929992
2024-04-29 12:57:24.543140,-0.4999533
2024-04-29 12:57:24.558770,-0.8093221
2024-04-29 12:57:24.574400,-0.9977487
2024-04-29 12:57:24.590020,-1.068729
2024-04-29 12:57:24.605650,-1.056296
2024-04-29 12:57:24.621270,-1.015739
2024-04-29 12:57:24.636900,-0.9912504
2024-04-29 12:57:24.652520,-0.9944488
2024-04-29 12:57:24.668150,-0.9967012
2024-04-29 12:57:24.683780,-0.9729036
2024-04-29 12:57:24.699400,-0.9340582
2024-04-29 12:57:24.715030,-0.9365078
2024-04-29 12:57:24.730650,-1.040192
2024-04-29 12:57:24.746280,-1.27145
2024-04-29 12:57:24.761900,-1.561441
2024-04-29 12:57:24.777530,-1.775002
2024-04-29 12:57:24.793160,-1.784378
2024-04-29 12:57:24.808780,-1.532843
2024-04-29 12:57:24.824410,-1.089668
2024-04-29 12:57:24.840030,-0.604695
2024-04-29 12:57:24.855660,-0.2575552
2024-04-29 12:57:24.871280,-0.1537656
2024-04-29 12:57:24.886910,-0.3135627
2024-04-29 12:57:24.902540,-0.6562812
2024-04-29 12:57:24.918160,-1.074905
2024-04-29 12:57:24.933790,-1.481385
2024-04-29 12:57:24.949410,-1.817297
2024-04-29 12:57:24.965040,-2.040639
2024-04-29 12:57:24.980660,-2.097524
2024-04-29 12:57:24.996290,-1.909274
2024-04-29 12:57:25.011920,-1.409334
2024-04-29 12:57:25.027540,-0.6063383
2024-04-29 12:57:25.043170,0.3814656
2024-04-29 12:57:25.058790,1.347945
2024-04-29 12:57:25.074420,2.082835
2024-04-29 12:57:25.090040,2.462253
2024-04-29 12:57:25.105670,2.501233
2024-04-29 12:57:25.121300,2.349203
2024-04-29 12:57:25.136920,2.178194
2024-04-29 12:57:25.152550,2.093239
2024-04-29 12:57:25.168170,2.089472
2024-04-29 12:57:25.183800,2.081417
2024-04-29 12:57:25.199420,1.991352
2024-04-29 12:57:25.215050,1.808702
2024-04-29 12:57:25.230680,1.600517
2024-04-29 12:57:25.246300,1.43694
2024-04-29 12:57:25.261930,1.338815
2024-04-29 12:57:25.277550,1.242998
2024-04-29 12:57:25.293180,1.056245
2024-04-29 12:57:25.308800,0.7285327
2024-04-29 12:57:25.324430,0.2977723
2024-04-29 12:57:25.340060,-0.1159368
2024-04-29 12:57:25.355680,-0.4060553
2024-04-29 12:57:25.371310,-0.523231
2024-04-29 12:57:25.386930,-0.529907
2024-04-29 12:57:25.402560,-0.5245152
2024-04-29 12:57:25.418190,-0.5803173
2024-04-29 12:57:25.433810,-0.7101252
2024-04-29 12:57:25.449440,-0.8469632
2024-04-29 12:57:25.465060,-0.9335873
2024-04-29 12:57:25.480690,-0.9557612
2024-04-29 12:57:25.496310,-0.9423335
2024-04-29 12:57:25.511940,-0.9336278
2024-04-29 12:57:25.527570,-0.9479992
2024-04-29 12:57:25.543190,-0.9591265
2024-04-29 12:57:25.558820,-0.9398844
2024-04-29 12:57:25.574440,-0.8889287
2024-04-29 12:57:25.590070,-0.8510718
2024-04-29 12:57:25.605690,-0.8906193
2024-04-29 12:57:25.621320,-1.020557
2024-04-29 12:57:25.636950,-1.190261
2024-04-29 12:57:25.652570,-1.29774
2024-04-29 12:57:25.668200,-1.261299
2024-04-29 12:57:25.683820,-1.070118
2024-04-29 12:57:25.699450,-0.8158646
2024-04-29 12:57:25.715070,-0.6352088
2024-04-29 12:57:25.730700,-0.6453836
2024-04-29 12:57:25.746330,-0.8757656
2024-04-29 12:57:25.761950,-1.240929
2024-04-29 12:57:25.777580,-1.595363
2024-04-29 12:57:25.793200,-1.794768
2024-04-29 12:57:25.808830,-1.781554
2024-04-29 12:57:25.824450,-1.583062
2024-04-29 12:57:25.840080,-1.310063
2024-04-29 12:57:25.855710,-1.078063
2024-04-29 12:57:25.871330,-0.9655046
2024-04-29 12:57:25.886960,-0.9900095
2024-04-29 12:57:25.902580,-1.115161
2024-04-29 12:57:25.918210,-1.262474
2024-04-29 12:57:25.933830,-1.364254
2024-04-29 12:57:25.949460,-1.350536
2024-04-29 12:57:25.965090,-1.169203
2024-04-29 12:57:25.980710,-0.7846231
2024-04-29 12:57:25.996340,-0.1842175
2024-04-29 12:57:26.011960,0.591691
2024-04-29 12:57:26.027590,1.438222
2024-04-29 12:57:26.043210,2.191955
2024-04-29 12:57:26.058840,2.703041
2024-04-29 12:57:26.074470,2.876696
2024-04-29 12:57:26.090090,2.719492
2024-04-29 12:57:26.105720,2.329062
2024-04-29 12:57:26.121340,1.866704
2024-04-29 12:57:26.136970,1.469044
2024-04-29 12:57:26.152590,1.210457
2024-04-29 12:57:26.168220,1.086233
2024-04-29 12:57:26.183850,1.03908
2024-04-29 12:57:26.199470,1.007686
2024-04-29 12:57:26.215100,0.9722538
2024-04-29 12:57:26.230720,0.9624338
2024-04-29 12:57:26.246350,1.015784
2024-04-29 12:57:26.261970,1.146834
2024-04-29 12:57:26.277600,1.299747
2024-04-29 12:57:26.293230,1.385153
2024-04-29 12:57:26.308850,1.3189
2024-04-29 12:57:26.324480,1.085985
2024-04-29 12:57:26.340100,0.7681894
2024-04-29 12:57:26.355730,0.4887867
2024-04-29 12:57:26.371350,0.349339
2024-04-29 12:57:26.386980,0.3466654
2024-04-29 12:57:26.402610,0.3880768
2024-04-29 12:57:26.418230,0.3396964
2024-04-29 12:57:26.433860,0.117939
2024-04-29 12:57:26.449480,-0.2394609
2024-04-29 12:57:26.465110,-0.6150999
2024-04-29 12:57:26.480730,-0.8909879
2024-04-29 12:57:26.496360,-1.022598
2024-04-29 12:57:26.511990,-1.06362
2024-04-29 12:57:26.527610,-1.109741
2024-04-29 12:57:26.543240,-1.222689
2024-04-29 12:57:26.558860,-1.393396
2024-04-29 12:57:26.574490,-1.54802
2024-04-29 12:57:26.590110,-1.61117
2024-04-29 12:57:26.605740,-1.57242
2024-04-29 12:57:26.621370,-1.461055
2024-04-29 12:57:26.636990,-1.339916
2024-04-29 12:57:26.652620,-1.247838
2024-04-29 12:57:26.668240,-1.197262
2024-04-29 12:57:26.683870,-1.172711
2024-04-29 12:57:26.699490,-1.166009
2024-04-29 12:57:26.715120,-1.169094
2024-04-29 12:57:26.730750,-1.180457
2024-04-29 12:57:26.746370,-1.215815
2024-04-29 12:57:26.762000,-1.289403
2024-04-29 12:57:26.777620,-1.429512
2024-04-29 12:57:26.793250,-1.644213
2024-04-29 12:57:26.808870,-1.899232
2024-04-29 12:57:26.824500,-2.093377
2024-04-29 12:57:26.840130,-2.073986
2024-04-29 12:57:26.855750,-1.698234
2024-04-29 12:57:26.871380,-0.8908792
2024-04-29 12:57:26.887000,0.2478771
2024-04-29 12:57:26.902630,1.488482
2024-04-29 12:57:26.918250,2.543305
2024-04-29 12:57:26.933880,3.174226
2024-04-29 12:57:26.949510,3.310794
2024-04-29 12:57:26.965130,3.052974
2024-04-29 12:57:26.980760,2.59932
2024-04-29 12:57:26.996380,2.140829
2024-04-29 12:57:27.012010,1.794216
2024-04-29 12:57:27.027630,1.559213
2024-04-29 12:57:27.043260,1.384048
2024-04-29 12:57:27.058890,1.199199
2024-04-29 12:57:27.074510,0.9756284
2024-04-29 12:57:27.090140,0.7299905
2024-04-29 12:57:27.105760,0.4966187
2024-04-29 12:57:27.121390,0.3083053
2024-04-29 12:57:27.137010,0.1694093
2024-04-29 12:57:27.152640,0.07259512
2024-04-29 12:57:27.168270,0.01855183
2024-04-29 12:57:27.183890,0.02601099
2024-04-29 12:57:27.199520,0.1260943
2024-04-29 12:57:27.215140,0.3333187
2024-04-29 12:57:27.230770,0.6127205
2024-04-29 12:57:27.246390,0.8840604
2024-04-29 12:57:27.262020,1.051547
2024-04-29 12:57:27.277650,1.033605
2024-04-29 12:57:27.293270,0.8025479
2024-04-29 12:57:27.308900,0.3865647
2024-04-29 12:57:27.324520,-0.1294055
2024-04-29 12:57:27.340150,-0.6436553
2024-04-29 12:57:27.355770,-1.069405
2024-04-29 12:57:27.371400,-1.333278
2024-04-29 12:57:27.387030,-1.414624
2024-04-29 12:57:27.402650,-1.326607
2024-04-29 12:57:27.418280,-1.127501
2024-04-29 12:57:27.433900,-0.8950419
2024-04-29 12:57:27.449530,-0.706831
2024-04-29 12:57:27.465150,-0.6256351
2024-04-29 12:57:27.480780,-0.6645813
2024-04-29 12:57:27.496410,-0.8035164
2024-04-29 12:57:27.512030,-0.98948
2024-04-29 12:57:27.527660,-1.17913
2024-04-29 12:57:27.543280,-1.321725
2024-04-29 12:57:27.558910,-1.383734
2024-04-29 12:57:27.574530,-1.342181
2024-04-29 12:57:27.590160,-1.189126
2024-04-29 12:57:27.605790,-0.9557276
2024-04-29 12:57:27.621410,-0.7087374
2024-04-29 12:57:27.637040,-0.5213046
2024-04-29 12:57:27.652660,-0.4400353
2024-04-29 12:57:27.668290,-0.4800034
2024-04-29 12:57:27.683910,-0.6202512
2024-04-29 12:57:27.699540,-0.8487697
2024-04-29 12:57:27.715170,-1.143015
2024-04-29 12:57:27.730790,-1.46118
2024-04-29 12:57:27.746420,-1.7153
2024-04-29 12:57:27.762040,-1.748765
2024-04-29 12:57:27.777670,-1.444198
2024-04-29 12:57:27.793290,-0.7767701
2024-04-29 12:57:27.808920,0.1176744
2024-04-29 12:57:27.824550,0.98592
2024-04-29 12:57:27.840170,1.565566
2024-04-29 12:57:27.855800,1.694145
2024-04-29 12:57:27.871420,1.394284
2024-04-29 12:57:27.887050,0.8316059
2024-04-29 12:57:27.902670,0.2337708
2024-04-29 12:57:27.918300,-0.2289972
2024-04-29 12:57:27.933930,-0.4988556
2024-04-29 12:57:27.949550,-0.6304135
2024-04-29 12:57:27.965180,-0.7446294
2024-04-29 12:57:27.980800,-0.9700646
2024-04-29 12:57:27.996430,-1.371039
2024-04-29 12:57:28.012060,-1.936499
2024-04-29 12:57:28.027680,-2.584136
2024-04-29 12:57:28.043310,-3.186599
2024-04-29 12:57:28.058930,-3.602482
2024-04-29 12:57:28.074560,-3.743314
2024-04-29 12:57:28.090180,-3.586744
2024-04-29 12:57:28.105810,-3.176509
2024-04-29 12:57:28.121440,-2.612254
2024-04-29 12:57:28.137060,-2.017123
2024-04-29 12:57:28.152690,-1.490116
2024-04-29 12:57:28.168310,-1.107263
2024-04-29 12:57:28.183940,-0.8753386
2024-04-29 12:57:28.199560,-0.758213
2024-04-29 12:57:28.215190,-0.6753783
2024-04-29 12:57:28.230820,-0.5363021
2024-04-29 12:57:28.246440,-0.2659307
2024-04-29 12:57:28.262070,0.1615624
2024-04-29 12:57:28.277690,0.7550468
2024-04-29 12:57:28.293320,1.485633
2024-04-29 12:57:28.308940,2.332823
2024-04-29 12:57:28.324570,3.252831
2024-04-29 12:57:28.340200,4.191975
2024-04-29 12:57:28.355820,5.054461
2024-04-29 12:57:28.371450,5.732857
2024-04-29 12:57:28.387070,6.142752
2024-04-29 12:57:28.402700,6.261886
2024-04-29 12:57:28.418320,6.15409
2024-04-29 12:57:28.433950,5.93719
2024-04-29 12:57:28.449580,5.729104
2024-04-29 12:57:28.465200,5.588502
2024-04-29 12:57:28.480830,5.468543
2024-04-29 12:57:28.496450,5.248357
2024-04-29 12:57:28.512080,4.796424
2024-04-29 12:57:28.527700,4.024853
2024-04-29 12:57:28.543330,2.939841
2024-04-29 12:57:28.558960,1.645471
2024-04-29 12:57:28.574580,0.2809596
2024-04-29 12:57:28.590210,-1.024725
2024-04-29 12:57:28.605830,-2.18014
2024-04-29 12:57:28.621460,-3.14152
2024-04-29 12:57:28.637080,-3.883912
2024-04-29 12:57:28.652710,-4.38477
2024-04-29 12:57:28.668340,-4.623515
2024-04-29 12:57:28.683960,-4.623425
2024-04-29 12:57:28.699590,-4.466936
2024-04-29 12:57:28.715210,-4.304138
2024-04-29 12:57:28.730840,-4.295238
2024-04-29 12:57:28.746460,-4.515836
2024-04-29 12:57:28.762090,-4.949844
2024-04-29 12:57:28.777720,-5.456447
2024-04-29 12:57:28.793340,-5.865663
2024-04-29 12:57:28.808970,-6.064417
2024-04-29 12:57:28.824590,-6.065568
2024-04-29 12:57:28.840220,-5.978842
2024-04-29 12:57:28.855840,-5.942206
2024-04-29 12:57:28.871470,-6.041883
2024-04-29 12:57:28.887100,-6.245954
2024-04-29 12:57:28.902720,-6.44375
2024-04-29 12:57:28.918350,-6.504489
2024-04-29 12:57:28.933970,-6.380859
2024-04-29 12:57:28.949600,-6.140572
2024-04-29 12:57:28.965220,-5.913837
2024-04-29 12:57:28.980850,-5.825665
2024-04-29 12:57:28.996480,-5.870098
2024-04-29 12:57:29.012100,-5.913763
2024-04-29 12:57:29.027730,-5.737362
2024-04-29 12:57:29.043350,-5.16895
2024-04-29 12:57:29.058980,-4.153163
2024-04-29 12:57:29.074600,-2.783269
2024-04-29 12:57:29.090230,-1.245721
2024-04-29 12:57:29.105860,0.2694945
2024-04-29 12:57:29.121480,1.636383
2024-04-29 12:57:29.137110,2.825161
2024-04-29 12:57:29.152730,3.834085
2024-04-29 12:57:29.168360,4.688972
2024-04-29 12:57:29.183980,5.378571
2024-04-29 12:57:29.199610,5.887905
2024-04-29 12:57:29.215240,6.220476
2024-04-29 12:57:29.230860,6.413692
2024-04-29 12:57:29.246490,6.528091
2024-04-29 12:57:29.262110,6.607634
2024-04-29 12:57:29.277740,6.683331
2024-04-29 12:57:29.293360,6.743209
2024-04-29 12:57:29.308990,6.784068
2024-04-29 12:57:29.324620,6.808181
2024-04-29 12:57:29.340240,6.822392
2024-04-29 12:57:29.355870,6.827193
2024-04-29 12:57:29.371490,6.814188
2024-04-29 12:57:29.387120,6.763767
2024-04-29 12:57:29.402740,6.677848
2024-04-29 12:57:29.418370,6.583149
2024-04-29 12:57:29.434000,6.511873
2024-04-29 12:57:29.449620,6.494437
2024-04-29 12:57:29.465250,6.538488
2024-04-29 12:57:29.480870,6.622013
2024-04-29 12:57:29.496500,6.740765
2024-04-29 12:57:29.512120,6.913785
2024-04-29 12:57:29.527750,7.173784
2024-04-29 12:57:29.543380,7.537582
2024-04-29 12:57:29.559000,7.94616
2024-04-29 12:57:29.574630,8.256027
2024-04-29 12:57:29.590250,8.290043
2024-04-29 12:57:29.605880,7.912158
2024-04-29 12:57:29.621500,7.107059
2024-04-29 12:57:29.637130,6.01034
2024-04-29 12:57:29.652760,4.826891
2024-04-29 12:57:29.668380,3.745332
2024-04-29 12:57:29.684010,2.864882
2024-04-29 12:57:29.699630,2.176946
2024-04-29 12:57:29.715260,1.605955
2024-04-29 12:57:29.730880,1.10453
2024-04-29 12:57:29.746510,0.6608605
2024-04-29 12:57:29.762140,0.304683
2024-04-29 12:57:29.777760,0.05878472
2024-04-29 12:57:29.793390,-0.1123238
2024-04-29 12:57:29.809010,-0.3205885
2024-04-29 12:57:29.824640,-0.6877508
2024-04-29 12:57:29.840260,-1.290906
2024-04-29 12:57:29.855890,-2.097791
2024-04-29 12:57:29.871520,-2.961451
2024-04-29 12:57:29.887140,-3.681279
2024-04-29 12:57:29.902770,-4.078176
2024-04-29 12:57:29.918390,-4.070308
2024-04-29 12:57:29.934020,-3.71369
2024-04-29 12:57:29.949640,-3.159221
2024-04-29 12:57:29.965270,-2.589705
2024-04-29 12:57:29.980900,-2.144057
2024-04-29 12:57:29.996520,-1.869312
2024-04-29 12:57:30.012150,-1.718915
2024-04-29 12:57:30.027770,-1.622711
2024-04-29 12:57:30.043400,-1.521643
2024-04-29 12:57:30.059020,-1.42746
2024-04-29 12:57:30.074650,-1.404924
2024-04-29 12:57:30.090280,-1.530884
2024-04-29 12:57:30.105900,-1.835938
2024-04-29 12:57:30.121530,-2.311348
2024-04-29 12:57:30.137150,-2.914964
2024-04-29 12:57:30.152780,-3.598829
2024-04-29 12:57:30.168400,-4.370639
2024-04-29 12:57:30.184030,-5.251468
2024-04-29 12:57:30.199660,-6.245763
2024-04-29 12:57:30.215280,-7.332262
2024-04-29 12:57:30.230910,-8.414879
2024-04-29 12:57:30.246530,-9.344901
2024-04-29 12:57:30.262160,-9.977011
2024-04-29 12:57:30.277790,-10.2236
2024-04-29 12:57:30.293410,-10.06861
2024-04-29 12:57:30.309040,-9.598592
2024-04-29 12:57:30.324660,-8.941864
2024-04-29 12:57:30.340290,-8.231318
2024-04-29 12:57:30.355910,-7.569895
2024-04-29 12:57:30.371540,-7.014301
2024-04-29 12:57:30.387170,-6.561865
2024-04-29 12:57:30.402790,-6.164734
2024-04-29 12:57:30.418420,-5.728296
2024-04-29 12:57:30.434040,-5.140155
2024-04-29 12:57:30.449670,-4.315183
2024-04-29 12:57:30.465290,-3.229778
2024-04-29 12:57:30.480920,-1.941311
2024-04-29 12:57:30.496550,-0.5826917
2024-04-29 12:57:30.512170,0.7009215
2024-04-29 12:57:30.527800,1.799592
2024-04-29 12:57:30.543420,2.695879
2024-04-29 12:57:30.559050,3.461179
2024-04-29 12:57:30.574670,4.181808
2024-04-29 12:57:30.590300,4.892271
2024-04-29 12:57:30.605930,5.529613
2024-04-29 12:57:30.621550,5.938532
2024-04-29 12:57:30.637180,5.951086
2024-04-29 12:57:30.652800,5.498804
2024-04-29 12:57:30.668430,4.652673
2024-04-29 12:57:30.684050,3.610294
2024-04-29 12:57:30.699680,2.624494
2024-04-29 12:57:30.715310,1.895145
2024-04-29 12:57:30.730930,1.489358
2024-04-29 12:57:30.746560,1.339214
2024-04-29 12:57:30.762180,1.286338
2024-04-29 12:57:30.777810,1.157813
2024-04-29 12:57:30.793430,0.8514495
2024-04-29 12:57:30.809060,0.3596296
2024-04-29 12:57:30.824690,-0.2387257
2024-04-29 12:57:30.840310,-0.8278017
2024-04-29 12:57:30.855940,-1.308756
2024-04-29 12:57:30.871560,-1.625357
2024-04-29 12:57:30.887190,-1.76356
2024-04-29 12:57:30.902810,-1.761207
2024-04-29 12:57:30.918440,-1.67078
2024-04-29 12:57:30.934070,-1.54867
2024-04-29 12:57:30.949690,-1.436542
2024-04-29 12:57:30.965320,-1.369682
2024-04-29 12:57:30.980940,-1.350756
2024-04-29 12:57:30.996570,-1.373962
2024-04-29 12:57:31.012190,-1.426952
2024-04-29 12:57:31.027820,-1.515607
2024-04-29 12:57:31.043450,-1.66264
2024-04-29 12:57:31.059070,-1.899111
2024-04-29 12:57:31.074700,-2.237711
2024-04-29 12:57:31.090320,-2.636043
2024-04-29 12:57:31.105950,-2.9979
2024-04-29 12:57:31.121570,-3.177987
2024-04-29 12:57:31.137200,-3.050962
2024-04-29 12:57:31.152830,-2.550263
2024-04-29 12:57:31.168450,-1.700451
2024-04-29 12:57:31.184080,-0.6043017
2024-04-29 12:57:31.199700,0.6083274
2024-04-29 12:57:31.215330,1.826681
2024-04-29 12:57:31.230950,2.977368
2024-04-29 12:57:31.246580,4.011018
2024-04-29 12:57:31.262210,4.868052
2024-04-29 12:57:31.277830,5.458264
2024-04-29 12:57:31.293460,5.6944
2024-04-29 12:57:31.309080,5.535083
2024-04-29 12:57:31.324710,5.02428
2024-04-29 12:57:31.340330,4.300415
2024-04-29 12:57:31.355960,3.536431
2024-04-29 12:57:31.371590,2.883057
2024-04-29 12:57:31.387210,2.42051
2024-04-29 12:57:31.402840,2.139833
2024-04-29 12:57:31.418460,1.983046
2024-04-29 12:57:31.434090,1.892432
2024-04-29 12:57:31.449710,1.835569
2024-04-29 12:57:31.465340,1.804036
2024-04-29 12:57:31.480970,1.798841
2024-04-29 12:57:31.496590,1.806121
2024-04-29 12:57:31.512220,1.827606
2024-04-29 12:57:31.527840,1.845292
2024-04-29 12:57:31.543470,1.864726
2024-04-29 12:57:31.559090,1.887588
2024-04-29 12:57:31.574720,1.893625
2024-04-29 12:57:31.590350,1.83518
2024-04-29 12:57:31.605970,1.656897
2024-04-29 12:57:31.621600,1.32028
2024-04-29 12:57:31.637220,0.8253899
2024-04-29 12:57:31.652850,0.2428918
2024-04-29 12:57:31.668470,-0.3079529
2024-04-29 12:57:31.684100,-0.7103953
2024-04-29 12:57:31.699730,-0.8866544
2024-04-29 12:57:31.715350,-0.8520694
2024-04-29 12:57:31.730980,-0.7052007
2024-04-29 12:57:31.746600,-0.589757
2024-04-29 12:57:31.762230,-0.6284132
2024-04-29 12:57:31.777850,-0.8646441
2024-04-29 12:57:31.793480,-1.236432
2024-04-29 12:57:31.809110,-1.616548
2024-04-29 12:57:31.824730,-1.864319
2024-04-29 12:57:31.840360,-1.899847
2024-04-29 12:57:31.855980,-1.733091
2024-04-29 12:57:31.871610,-1.452139
2024-04-29 12:57:31.887230,-1.153923
2024-04-29 12:57:31.902860,-0.9019575
2024-04-29 12:57:31.918490,-0.681149
2024-04-29 12:57:31.934110,-0.43893
2024-04-29 12:57:31.949740,-0.1333623
2024-04-29 12:57:31.965360,0.2491136
2024-04-29 12:57:31.980990,0.6678391
2024-04-29 12:57:31.996610,1.058267
2024-04-29 12:57:32.012240,1.374739
2024-04-29 12:57:32.027870,1.600896
2024-04-29 12:57:32.043490,1.740324
2024-04-29 12:57:32.059120,1.798419
2024-04-29 12:57:32.074740,1.761512
2024-04-29 12:57:32.090370,1.590519
2024-04-29 12:57:32.105990,1.267489
2024-04-29 12:57:32.121620,0.8075261
2024-04-29 12:57:32.137250,0.2659683
2024-04-29 12:57:32.152870,-0.2684526
2024-04-29 12:57:32.168500,-0.6938581
2024-04-29 12:57:32.184120,-0.9315491
2024-04-29 12:57:32.199750,-0.9347849
2024-04-29 12:57:32.215370,-0.7065043
2024-04-29 12:57:32.231000,-0.3190184
2024-04-29 12:57:32.246630,0.1126776
2024-04-29 12:57:32.262250,0.4529843
2024-04-29 12:57:32.277880,0.6062622
2024-04-29 12:57:32.293500,0.5508051
2024-04-29 12:57:32.309130,0.3667836
2024-04-29 12:57:32.324750,0.1770477
2024-04-29 12:57:32.340380,0.07444
2024-04-29 12:57:32.356010,0.07462692
2024-04-29 12:57:32.371630,0.1018815
2024-04-29 12:57:32.387260,0.06152487
2024-04-29 12:57:32.402880,-0.09797907
2024-04-29 12:57:32.418510,-0.3468132
2024-04-29 12:57:32.434130,-0.5941777
2024-04-29 12:57:32.449760,-0.7464232
2024-04-29 12:57:32.465390,-0.769362
2024-04-29 12:57:32.481010,-0.6957288
2024-04-29 12:57:32.496640,-0.599627
2024-04-29 12:57:32.512260,-0.5529261
2024-04-29 12:57:32.527890,-0.6072321
2024-04-29 12:57:32.543510,-0.7710843
2024-04-29 12:57:32.559140,-1.020725
2024-04-29 12:57:32.574770,-1.314511
2024-04-29 12:57:32.590390,-1.587907
2024-04-29 12:57:32.606020,-1.787828
2024-04-29 12:57:32.621640,-1.878885
2024-04-29 12:57:32.637270,-1.87475
2024-04-29 12:57:32.652890,-1.818645
2024-04-29 12:57:32.668520,-1.745954
2024-04-29 12:57:32.684150,-1.651481
2024-04-29 12:57:32.699770,-1.461034
2024-04-29 12:57:32.715400,-1.076377
2024-04-29 12:57:32.731020,-0.4499006
2024-04-29 12:57:32.746650,0.3546004
2024-04-29 12:57:32.762270,1.179653
2024-04-29 12:57:32.777900,1.856209
2024-04-29 12:57:32.793530,2.269388
2024-04-29 12:57:32.809150,2.434525
2024-04-29 12:57:32.824780,2.449144
2024-04-29 12:57:32.840400,2.430867
2024-04-29 12:57:32.856030,2.446521
2024-04-29 12:57:32.871660,2.488026
2024-04-29 12:57:32.887280,2.485444
2024-04-29 12:57:32.902910,2.370906
2024-04-29 12:57:32.918530,2.117362
2024-04-29 12:57:32.934160,1.758088
2024-04-29 12:57:32.949780,1.372628
2024-04-29 12:57:32.965410,1.03371
2024-04-29 12:57:32.981040,0.7960138
2024-04-29 12:57:32.996660,0.6650209
2024-04-29 12:57:33.012290,0.6115789
2024-04-29 12:57:33.027910,0.5800438
2024-04-29 12:57:33.043540,0.5095625
2024-04-29 12:57:33.059160,0.3669157
2024-04-29 12:57:33.074790,0.1482887
2024-04-29 12:57:33.090420,-0.1046715
2024-04-29 12:57:33.106040,-0.3360386
2024-04-29 12:57:33.121670,-0.4910278
2024-04-29 12:57:33.137290,-0.5688353
2024-04-29 12:57:33.152920,-0.6090136
2024-04-29 12:57:33.168540,-0.6669016
2024-04-29 12:57:33.184170,-0.7832441
2024-04-29 12:57:33.199800,-0.9406328
2024-04-29 12:57:33.215420,-1.081821
2024-04-29 12:57:33.231050,-1.137033
2024-04-29 12:57:33.246670,-1.084196
2024-04-29 12:57:33.262300,-0.9711418
2024-04-29 12:57:33.277920,-0.8882351
2024-04-29 12:57:33.293550,-0.9130125
2024-04-29 12:57:33.309180,-1.05176
2024-04-29 12:57:33.324800,-1.233724
2024-04-29 12:57:33.340430,-1.362309
2024-04-29 12:57:33.356050,-1.385201
2024-04-29 12:57:33.371680,-1.312583
2024-04-29 12:57:33.387300,-1.192101
2024-04-29 12:57:33.402930,-1.05226
2024-04-29 12:57:33.418560,-0.8743973
2024-04-29 12:57:33.434180,-0.6046858
2024-04-29 12:57:33.449810,-0.2055101
2024-04-29 12:57:33.465430,0.3059521
2024-04-29 12:57:33.481060,0.8604527
2024-04-29 12:57:33.496680,1.380502
2024-04-29 12:57:33.512310,1.819815
2024-04-29 12:57:33.527940,2.152958
2024-04-29 12:57:33.543560,2.346637
2024-04-29 12:57:33.559190,2.346481
2024-04-29 12:57:33.574810,2.093486
2024-04-29 12:57:33.590440,1.579825
2024-04-29 12:57:33.606060,0.908143
2024-04-29 12:57:33.621690,0.2675123
2024-04-29 12:57:33.637320,-0.1490469
2024-04-29 12:57:33.652940,-0.237792
2024-04-29 12:57:33.668570,-0.04564285
2024-04-29 12:57:33.684190,0.2693262
2024-04-29 12:57:33.699820,0.5250807
2024-04-29 12:57:33.715440,0.6243954
2024-04-29 12:57:33.731070,0.5872602
2024-04-29 12:57:33.746700,0.5165739
2024-04-29 12:57:33.762320,0.499917
2024-04-29 12:57:33.777950,0.5611477
2024-04-29 12:57:33.793570,0.6471443
2024-04-29 12:57:33.809200,0.6757078
2024-04-29 12:57:33.824820,0.5904875
2024-04-29 12:57:33.840450,0.3868961
2024-04-29 12:57:33.856080,0.1117373
2024-04-29 12:57:33.871700,-0.1816807
2024-04-29 12:57:33.887330,-0.4681807
2024-04-29 12:57:33.902950,-0.7529182
2024-04-29 12:57:33.918580,-1.061311
2024-04-29 12:57:33.934200,-1.415318
2024-04-29 12:57:33.949830,-1.802915
2024-04-29 12:57:33.965460,-2.150368
2024-04-29 12:57:33.981080,-2.365698
2024-04-29 12:57:33.996710,-2.356696
2024-04-29 12:57:34.012330,-2.09605
2024-04-29 12:57:34.027960,-1.652774
2024-04-29 12:57:34.043580,-1.186095
2024-04-29 12:57:34.059210,-0.8756218
2024-04-29 12:57:34.074840,-0.8435888
2024-04-29 12:57:34.090460,-1.089598
2024-04-29 12:57:34.106090,-1.453854
2024-04-29 12:57:34.121710,-1.704101
2024-04-29 12:57:34.137340,-1.629327
2024-04-29 12:57:34.152960,-1.135029
2024-04-29 12:57:34.168590,-0.3017492
2024-04-29 12:57:34.184220,0.6713076
2024-04-29 12:57:34.199840,1.554337
2024-04-29 12:57:34.215470,2.18053
2024-04-29 12:57:34.231090,2.497087
2024-04-29 12:57:34.246720,2.545258
2024-04-29 12:57:34.262340,2.415598
2024-04-29 12:57:34.277970,2.203285
2024-04-29 12:57:34.293600,1.978589
2024-04-29 12:57:34.309220,1.77723
2024-04-29 12:57:34.324850,1.61125
2024-04-29 12:57:34.340470,1.456663
2024-04-29 12:57:34.356100,1.283876
2024-04-29 12:57:34.371720,1.076995
2024-04-29 12:57:34.387350,0.8222837
2024-04-29 12:57:34.402980,0.55159
2024-04-29 12:57:34.418600,0.3079596
2024-04-29 12:57:34.434230,0.1351318
2024-04-29 12:57:34.449850,0.03557014
2024-04-29 12:57:34.465480,-0.01128483
2024-04-29 12:57:34.481100,-0.04831791
2024-04-29 12:57:34.496730,-0.08699036
2024-04-29 12:57:34.512360,-0.1155605
2024-04-29 12:57:34.527980,-0.1113424
2024-04-29 12:57:34.543610,-0.0825634
2024-04-29 12:57:34.559230,-0.07707882
2024-04-29 12:57:34.574860,-0.1589155
2024-04-29 12:57:34.590480,-0.3599129
2024-04-29 12:57:34.606110,-0.6412535
2024-04-29 12:57:34.621740,-0.9097862
2024-04-29 12:57:34.637360,-1.085004
2024-04-29 12:57:34.652990,-1.148056
2024-04-29 12:57:34.668610,-1.151443
2024-04-29 12:57:34.684240,-1.169705
2024-04-29 12:57:34.699860,-1.262582
2024-04-29 12:57:34.715490,-1.430279
2024-04-29 12:57:34.731120,-1.628985
2024-04-29 12:57:34.746740,-1.803824
2024-04-29 12:57:34.762370,-1.916587
2024-04-29 12:57:34.777990,-1.942967
2024-04-29 12:57:34.793620,-1.861952
2024-04-29 12:57:34.809240,-1.662338
2024-04-29 12:57:34.824870,-1.3444
2024-04-29 12:57:34.840500,-0.9584608
2024-04-29 12:57:34.856120,-0.5759077
2024-04-29 12:57:34.871750,-0.2597094
2024-04-29 12:57:34.887370,-0.01184177
2024-04-29 12:57:34.903000,0.2405558
2024-04-29 12:57:34.918620,0.5888758
2024-04-29 12:57:34.934250,1.079151
2024-04-29 12:57:34.949880,1.653777
2024-04-29 12:57:34.965500,2.175611
2024-04-29 12:57:34.981130,2.499179
2024-04-29 12:57:34.996750,2.574209
2024-04-29 12:57:35.012380,2.461001
2024-04-29 12:57:35.028000,2.294294
2024-04-29 12:57:35.043630,2.184061
2024-04-29 12:57:35.059260,2.16423
2024-04-29 12:57:35.074880,2.157122
2024-04-29 12:57:35.090510,2.057614
2024-04-29 12:57:35.106130,1.791617
2024-04-29 12:57:35.121760,1.381616
2024-04-29 12:57:35.137390,0.9177017
2024-04-29 12:57:35.153010,0.5189228
2024-04-29 12:57:35.168640,0.2617197
2024-04-29 12:57:35.184260,0.1527901
2024-04-29 12:57:35.199890,0.1533337
2024-04-29 12:57:35.215510,0.2217956
2024-04-29 12:57:35.231140,0.3272281
2024-04-29 12:57:35.246770,0.4441571
2024-04-29 12:57:35.262390,0.5322242
2024-04-29 12:57:35.278020,0.5273609
2024-04-29 12:57:35.293640,0.3806505
2024-04-29 12:57:35.309270,0.08004856
2024-04-29 12:57:35.324890,-0.3153143
2024-04-29 12:57:35.340520,-0.7053118
2024-04-29 12:57:35.356150,-0.9832411
2024-04-29 12:57:35.371770,-1.105853
2024-04-29 12:57:35.387400,-1.103874
2024-04-29 12:57:35.403020,-1.049051
2024-04-29 12:57:35.418650,-1.022952
2024-04-29 12:57:35.434270,-1.063989
2024-04-29 12:57:35.449900,-1.158711
2024-04-29 12:57:35.465530,-1.256677
2024-04-29 12:57:35.481150,-1.318473
2024-04-29 12:57:35.496780,-1.327108
2024-04-29 12:57:35.512400,-1.290162
2024-04-29 12:57:35.528030,-1.23772
2024-04-29 12:57:35.543650,-1.187918
2024-04-29 12:57:35.559280,-1.143098
2024-04-29 12:57:35.574910,-1.110566
2024-04-29 12:57:35.590530,-1.102193
2024-04-29 12:57:35.606160,-1.124978
2024-04-29 12:57:35.621780,-1.173393
2024-04-29 12:57:35.637410,-1.225943
2024-04-29 12:57:35.653030,-1.220729
2024-04-29 12:57:35.668660,-1.108346
2024-04-29 12:57:35.684290,-0.8539362
2024-04-29 12:57:35.699910,-0.4524198
2024-04-29 12:57:35.715540,0.06700373
2024-04-29 12:57:35.731160,0.6449523
2024-04-29 12:57:35.746790,1.221181
2024-04-29 12:57:35.762410,1.730464
2024-04-29 12:57:35.778040,2.113183
2024-04-29 12:57:35.793670,2.324291
2024-04-29 12:57:35.809290,2.326849
2024-04-29 12:57:35.824920,2.112954
2024-04-29 12:57:35.840540,1.729692
2024-04-29 12:57:35.856170,1.256044
2024-04-29 12:57:35.871790,0.7895932
2024-04-29 12:57:35.887420,0.4077482
2024-04-29 12:57:35.903050,0.1542215
2024-04-29 12:57:35.918670,0.04572153
2024-04-29 12:57:35.934300,0.09390926
2024-04-29 12:57:35.949920,0.3039951
2024-04-29 12:57:35.965550,0.6647058
2024-04-29 12:57:35.981170,1.109522
2024-04-29 12:57:35.996800,1.526868
2024-04-29 12:57:36.012430,1.788519
2024-04-29 12:57:36.028050,1.808348
2024-04-29 12:57:36.043680,1.591909
2024-04-29 12:57:36.059300,1.231968
2024-04-29 12:57:36.074930,0.8646131
2024-04-29 12:57:36.090550,0.5870738
2024-04-29 12:57:36.106180,0.4107823
2024-04-29 12:57:36.121810,0.2831607
2024-04-29 12:57:36.137430,0.1148863
2024-04-29 12:57:36.153060,-0.13412
2024-04-29 12:57:36.168680,-0.4346113
2024-04-29 12:57:36.184310,-0.7182856
2024-04-29 12:57:36.199930,-0.9248152
2024-04-29 12:57:36.215560,-1.019126
2024-04-29 12:57:36.231190,-1.010247
2024-04-29 12:57:36.246810,-0.9234948
2024-04-29 12:57:36.262440,-0.7784896
2024-04-29 12:57:36.278060,-0.6086626
2024-04-29 12:57:36.293690,-0.4676194
2024-04-29 12:57:36.309310,-0.4410357
2024-04-29 12:57:36.324940,-0.5995212
2024-04-29 12:57:36.340570,-0.9616766
2024-04-29 12:57:36.356190,-1.439335
2024-04-29 12:57:36.371820,-1.866836
2024-04-29 12:57:36.387440,-2.068595
2024-04-29 12:57:36.403070,-1.949288
2024-04-29 12:57:36.418690,-1.55472
2024-04-29 12:57:36.434320,-1.047251
2024-04-29 12:57:36.449950,-0.6206341
2024-04-29 12:57:36.465570,-0.4109626
2024-04-29 12:57:36.481200,-0.4479446
2024-04-29 12:57:36.496820,-0.6558971
2024-04-29 12:57:36.512450,-0.8988061
2024-04-29 12:57:36.528070,-1.049932
2024-04-29 12:57:36.543700,-1.007789
2024-04-29 12:57:36.559330,-0.7330351
2024-04-29 12:57:36.574950,-0.2338896
2024-04-29 12:57:36.590580,0.4480414
2024-04-29 12:57:36.606200,1.207572
2024-04-29 12:57:36.621830,1.921146
2024-04-29 12:57:36.637450,2.450499
2024-04-29 12:57:36.653080,2.703947
2024-04-29 12:57:36.668710,2.67099
2024-04-29 12:57:36.684330,2.423318
2024-04-29 12:57:36.699960,2.059479
2024-04-29 12:57:36.715580,1.666961
2024-04-29 12:57:36.731210,1.300191
2024-04-29 12:57:36.746830,0.9702053
2024-04-29 12:57:36.762460,0.681953
2024-04-29 12:57:36.778090,0.4585094
2024-04-29 12:57:36.793710,0.3369789
2024-04-29 12:57:36.809340,0.3300881
2024-04-29 12:57:36.824960,0.448266
2024-04-29 12:57:36.840590,0.6427555
2024-04-29 12:57:36.856210,0.8499124
2024-04-29 12:57:36.871840,1.004174
2024-04-29 12:57:36.887470,1.047513
2024-04-29 12:57:36.903090,0.9601848
2024-04-29 12:57:36.918720,0.7464697
2024-04-29 12:57:36.934340,0.4387498
2024-04-29 12:57:36.949970,0.09892821
2024-04-29 12:57:36.965590,-0.1915522
2024-04-29 12:57:36.981220,-0.3786125
2024-04-29 12:57:36.996850,-0.4413185
2024-04-29 12:57:37.012470,-0.420747
2024-04-29 12:57:37.028100,-0.4099028
2024-04-29 12:57:37.043720,-0.4833062
2024-04-29 12:57:37.059350,-0.6712058
2024-04-29 12:57:37.074970,-0.9575334
2024-04-29 12:57:37.090600,-1.282178
2024-04-29 12:57:37.106230,-1.576267
2024-04-29 12:57:37.121850,-1.788173
2024-04-29 12:57:37.137480,-1.875633
2024-04-29 12:57:37.153100,-1.816526
2024-04-29 12:57:37.168730,-1.611713
2024-04-29 12:57:37.184350,-1.279281
2024-04-29 12:57:37.199980,-0.8626614
2024-04-29 12:57:37.215610,-0.4440298
2024-04-29 12:57:37.231230,-0.1022558
2024-04-29 12:57:37.246860,0.1023526
2024-04-29 12:57:37.262480,0.1343932
2024-04-29 12:57:37.278110,0.008390427
2024-04-29 12:57:37.293740,-0.2226501
2024-04-29 12:57:37.309360,-0.4959621
2024-04-29 12:57:37.324990,-0.7380161
2024-04-29 12:57:37.340610,-0.8996897
2024-04-29 12:57:37.356240,-0.9755232
2024-04-29 12:57:37.371860,-1.000108
2024-04-29 12:57:37.387490,-1.039399
2024-04-29 12:57:37.403120,-1.143114
2024-04-29 12:57:37.418740,-1.310798
2024-04-29 12:57:37.434370,-1.470348
2024-04-29 12:57:37.449990,-1.518148
2024-04-29 12:57:37.465620,-1.351919
2024-04-29 12:57:37.481240,-0.9262767
2024-04-29 12:57:37.496870,-0.2634593
2024-04-29 12:57:37.512500,0.5603313
2024-04-29 12:57:37.528120,1.42176
2024-04-29 12:57:37.543750,2.186774
2024-04-29 12:57:37.559370,2.719382
2024-04-29 12:57:37.575000,2.914434
2024-04-29 12:57:37.590620,2.731723
2024-04-29 12:57:37.606250,2.241606
2024-04-29 12:57:37.621880,1.585376
2024-04-29 12:57:37.637500,0.9317096
2024-04-29 12:57:37.653130,0.4186736
2024-04-29 12:57:37.668750,0.09778583
2024-04-29 12:57:37.684380,-0.06394672
2024-04-29 12:57:37.700000,-0.1339068
2024-04-29 12:57:37.715630,-0.1664789
2024-04-29 12:57:37.731260,-0.178169
2024-04-29 12:57:37.746880,-0.1520431
2024-04-29 12:57:37.762510,-0.06388968
2024-04-29 12:57:37.778130,0.08525372
2024-04-29 12:57:37.793760,0.2727446
2024-04-29 12:57:37.809380,0.4615113
2024-04-29 12:57:37.825010,0.6137764
2024-04-29 12:57:37.840640,0.6890461
2024-04-29 12:57:37.856260,0.6513383
2024-04-29 12:57:37.871890,0.487937
2024-04-29 12:57:37.887510,0.2139991
2024-04-29 12:57:37.903140,-0.1082939
2024-04-29 12:57:37.918760,-0.3912505
2024-04-29 12:57:37.934390,-0.5528373
2024-04-29 12:57:37.950020,-0.5657183
2024-04-29 12:57:37.965640,-0.4532634
2024-04-29 12:57:37.981270,-0.293642
2024-04-29 12:57:37.996890,-0.1689317
2024-04-29 12:57:38.012520,-0.1321509
2024-04-29 12:57:38.028140,-0.2078337
2024-04-29 12:57:38.043770,-0.3863094
2024-04-29 12:57:38.059400,-0.6395476
2024-04-29 12:57:38.075020,-0.9220965
2024-04-29 12:57:38.090650,-1.177619
2024-04-29 12:57:38.106270,-1.342918
2024-04-29 12:57:38.121900,-1.371525
2024-04-29 12:57:38.137520,-1.264928
2024-04-29 12:57:38.153150,-1.074162
2024-04-29 12:57:38.168780,-0.8801165
2024-04-29 12:57:38.184400,-0.7473624
2024-04-29 12:57:38.200030,-0.7288876
2024-04-29 12:57:38.215650,-0.8383641
2024-04-29 12:57:38.231280,-1.06648
2024-04-29 12:57:38.246900,-1.38123
2024-04-29 12:57:38.262530,-1.705401
2024-04-29 12:57:38.278160,-1.941196
2024-04-29 12:57:38.293780,-1.995464
2024-04-29 12:57:38.309410,-1.841877
2024-04-29 12:57:38.325030,-1.550848
2024-04-29 12:57:38.340660,-1.262346
2024-04-29 12:57:38.356280,-1.110354
2024-04-29 12:57:38.371910,-1.146488
2024-04-29 12:57:38.387540,-1.290358
2024-04-29 12:57:38.403160,-1.372937
2024-04-29 12:57:38.418790,-1.235829
2024-04-29 12:57:38.434410,-0.8090699
2024-04-29 12:57:38.450040,-0.1379659
2024-04-29 12:57:38.465660,0.6511106
2024-04-29 12:57:38.481290,1.432981
2024-04-29 12:57:38.496920,2.126765
2024-04-29 12:57:38.512540,2.691866
2024-04-29 12:57:38.528170,3.088624
2024-04-29 12:57:38.543790,3.260265
2024-04-29 12:57:38.559420,3.157725
2024-04-29 12:57:38.575040,2.779822
2024-04-29 12:57:38.590670,2.20573
2024-04-29 12:57:38.606300,1.572883
2024-04-29 12:57:38.621920,1.021204
2024-04-29 12:57:38.637550,0.6466053
2024-04-29 12:57:38.653170,0.4642022
2024-04-29 12:57:38.668800,0.4226355
2024-04-29 12:57:38.684420,0.4519137
2024-04-29 12:57:38.700050,0.4827955
2024-04-29 12:57:38.715680,0.4661245
2024-04-29 12:57:38.731300,0.385859
2024-04-29 12:57:38.746930,0.2268272
2024-04-29 12:57:38.762550,0.005576879
2024-04-29 12:57:38.778180,-0.2465586
2024-04-29 12:57:38.793800,-0.4556509
2024-04-29 12:57:38.809430,-0.552375
2024-04-29 12:57:38.825060,-0.4918309
2024-04-29 12:57:38.840680,-0.2948793
2024-04-29 12:57:38.856310,-0.04942183
2024-04-29 12:57:38.871930,0.1227116
2024-04-29 12:57:38.887560,0.1364013
2024-04-29 12:57:38.903180,-0.005962908
2024-04-29 12:57:38.918810,-0.2295054
2024-04-29 12:57:38.934440,-0.4278074
2024-04-29 12:57:38.950060,-0.5319449
2024-04-29 12:57:38.965690,-0.5479029
2024-04-29 12:57:38.981310,-0.5453068
2024-04-29 12:57:38.996940,-0.5741932
2024-04-29 12:57:39.012560,-0.6298853
2024-04-29 12:57:39.028190,-0.6397985
2024-04-29 12:57:39.043820,-0.5158888
2024-04-29 12:57:39.059440,-0.2355131
2024-04-29 12:57:39.075070,0.1084026
2024-04-29 12:57:39.090690,0.3539921
2024-04-29 12:57:39.106320,0.3611655
2024-04-29 12:57:39.121940,0.08650953
2024-04-29 12:57:39.137570,-0.3750433
2024-04-29 12:57:39.153200,-0.8597582
2024-04-29 12:57:39.168820,-1.21253
2024-04-29 12:57:39.184450,-1.352394
2024-04-29 12:57:39.200070,-1.313845
2024-04-29 12:57:39.215700,-1.182746
2024-04-29 12:57:39.231320,-1.041895
2024-04-29 12:57:39.246950,-0.9454461
2024-04-29 12:57:39.262580,-0.9021224
2024-04-29 12:57:39.278200,-0.9062737
2024-04-29 12:57:39.293830,-0.9431842
2024-04-29 12:57:39.309450,-0.99402
2024-04-29 12:57:39.325080,-1.034111
2024-04-29 12:57:39.340700,-1.018898
2024-04-29 12:57:39.356330,-0.9027389
2024-04-29 12:57:39.371960,-0.6390483
2024-04-29 12:57:39.387580,-0.1964203
2024-04-29 12:57:39.403210,0.4204707
2024-04-29 12:57:39.418830,1.164498
2024-04-29 12:57:39.434460,1.936256
2024-04-29 12:57:39.450080,2.606176
2024-04-29 12:57:39.465710,3.037091
2024-04-29 12:57:39.481340,3.137714
2024-04-29 12:57:39.496960,2.894037
2024-04-29 12:57:39.512590,2.381836
2024-04-29 12:57:39.528210,1.734596
2024-04-29 12:57:39.543840,1.093525
2024-04-29 12:57:39.559460,0.5488714
2024-04-29 12:57:39.575090,0.1363065
2024-04-29 12:57:39.590720,-0.1412993
2024-04-29 12:57:39.606340,-0.2841286
2024-04-29 12:57:39.621970,-0.2825472
2024-04-29 12:57:39.637590,-0.140375
2024-04-29 12:57:39.653220,0.08416682
2024-04-29 12:57:39.668840,0.2898793
2024-04-29 12:57:39.684470,0.3763991
2024-04-29 12:57:39.700100,0.285453
2024-04-29 12:57:39.715720,0.05420291
2024-04-29 12:57:39.731350,-0.1860572
2024-04-29 12:57:39.746970,-0.2922205
2024-04-29 12:57:39.762600,-0.1763836
2024-04-29 12:57:39.778220,0.1347864
2024-04-29 12:57:39.793850,0.4940007
2024-04-29 12:57:39.809480,0.7397453
2024-04-29 12:57:39.825100,0.7584183
2024-04-29 12:57:39.840730,0.5640917
2024-04-29 12:57:39.856350,0.2497996
2024-04-29 12:57:39.871980,-0.04361379
2024-04-29 12:57:39.887600,-0.2416902
2024-04-29 12:57:39.903230,-0.3475767
2024-04-29 12:57:39.918860,-0.4101921
2024-04-29 12:57:39.934480,-0.5016
2024-04-29 12:57:39.950110,-0.6464831
2024-04-29 12:57:39.965730,-0.8143895
2024-04-29 12:57:39.981360,-0.940262
2024-04-29 12:57:39.996990,-0.9803704
2024-04-29 12:57:40.012610,-0.9388933
2024-04-29 12:57:40.028240,-0.883649
2024-04-29 12:57:40.043860,-0.8925763
2024-04-29 12:57:40.059490,-1.033298
2024-04-29 12:57:40.075110,-1.32305
2024-04-29 12:57:40.090740,-1.700387
2024-04-29 12:57:40.106370,-2.064715
2024-04-29 12:57:40.121990,-2.299629
2024-04-29 12:57:40.137620,-2.319597
2024-04-29 12:57:40.153240,-2.107516
2024-04-29 12:57:40.168870,-1.741791
2024-04-29 12:57:40.184490,-1.362312
2024-04-29 12:57:40.200120,-1.125577
2024-04-29 12:57:40.215750,-1.125025
2024-04-29 12:57:40.231370,-1.340162
2024-04-29 12:57:40.247000,-1.646638
2024-04-29 12:57:40.262620,-1.865537
2024-04-29 12:57:40.278250,-1.846995
2024-04-29 12:57:40.293870,-1.533722
2024-04-29 12:57:40.309500,-0.9753143
2024-04-29 12:57:40.325130,-0.2759731
2024-04-29 12:57:40.340750,0.4519494
2024-04-29 12:57:40.356380,1.118843
2024-04-29 12:57:40.372000,1.68191
2024-04-29 12:57:40.387630,2.092799
2024-04-29 12:57:40.403250,2.30481
2024-04-29 12:57:40.418880,2.294473
2024-04-29 12:57:40.434510,2.082622
2024-04-29 12:57:40.450130,1.735195
2024-04-29 12:57:40.465760,1.371113
2024-04-29 12:57:40.481380,1.100218
2024-04-29 12:57:40.497010,0.9674755
2024-04-29 12:57:40.512630,0.9572389
2024-04-29 12:57:40.528260,0.9844224
2024-04-29 12:57:40.543890,0.9685299
2024-04-29 12:57:40.559510,0.859833
2024-04-29 12:57:40.575140,0.6635749
2024-04-29 12:57:40.590760,0.4361072
2024-04-29 12:57:40.606390,0.248612
2024-04-29 12:57:40.622010,0.1568569
2024-04-29 12:57:40.637640,0.1933539
2024-04-29 12:57:40.653270,0.3618888
2024-04-29 12:57:40.668890,0.6255741
2024-04-29 12:57:40.684520,0.9185243
2024-04-29 12:57:40.700140,1.164514
2024-04-29 12:57:40.715770,1.304169
2024-04-29 12:57:40.731390,1.31685
2024-04-29 12:57:40.747020,1.222727
2024-04-29 12:57:40.762650,1.067808
2024-04-29 12:57:40.778270,0.9004065
2024-04-29 12:57:40.793900,0.7426523
2024-04-29 12:57:40.809520,0.5707502
2024-04-29 12:57:40.825150,0.3524453
2024-04-29 12:57:40.840770,0.06570995
2024-04-29 12:57:40.856400,-0.2799613
2024-04-29 12:57:40.872030,-0.6321707
2024-04-29 12:57:40.887650,-0.9226362
2024-04-29 12:57:40.903280,-1.108013
2024-04-29 12:57:40.918900,-1.18616
2024-04-29 12:57:40.934530,-1.189685
2024-04-29 12:57:40.950150,-1.196267
2024-04-29 12:57:40.965780,-1.265445
2024-04-29 12:57:40.981410,-1.411386
2024-04-29 12:57:40.997030,-1.617077
2024-04-29 12:57:41.012660,-1.825639
2024-04-29 12:57:41.028280,-1.976929
2024-04-29 12:57:41.043910,-2.041743
2024-04-29 12:57:41.059530,-2.026123
2024-04-29 12:57:41.075160,-1.970423
2024-04-29 12:57:41.090790,-1.933909
2024-04-29 12:57:41.106410,-1.942586
2024-04-29 12:57:41.122040,-1.98544
2024-04-29 12:57:41.137660,-2.02004
2024-04-29 12:57:41.153290,-2.004291
2024-04-29 12:57:41.168910,-1.906946
2024-04-29 12:57:41.184540,-1.738683
2024-04-29 12:57:41.200170,-1.510753
2024-04-29 12:57:41.215790,-1.219111
2024-04-29 12:57:41.231420,-0.8426256
2024-04-29 12:57:41.247040,-0.343204
2024-04-29 12:57:41.262670,0.2733164
2024-04-29 12:57:41.278290,0.9415841
2024-04-29 12:57:41.293920,1.555217
2024-04-29 12:57:41.309550,2.013113
2024-04-29 12:57:41.325170,2.254561
2024-04-29 12:57:41.340800,2.284269
2024-04-29 12:57:41.356420,2.163743
2024-04-29 12:57:41.372050,1.956777
2024-04-29 12:57:41.387670,1.716073
2024-04-29 12:57:41.403300,1.463611
2024-04-29 12:57:41.418930,1.192299
2024-04-29 12:57:41.434550,0.9313666
2024-04-29 12:57:41.450180,0.7140193
2024-04-29 12:57:41.465800,0.5897743
2024-04-29 12:57:41.481430,0.5940565
2024-04-29 12:57:41.497050,0.7393236
2024-04-29 12:57:41.512680,1.005887
2024-04-29 12:57:41.528310,1.364483
2024-04-29 12:57:41.543930,1.759231
2024-04-29 12:57:41.559560,2.116593
2024-04-29 12:57:41.575180,2.359329
2024-04-29 12:57:41.590810,2.398508
2024-04-29 12:57:41.606430,2.191418
2024-04-29 12:57:41.622060,1.76528
2024-04-29 12:57:41.637690,1.216877
2024-04-29 12:57:41.653310,0.6797143
2024-04-29 12:57:41.668940,0.2951807
2024-04-29 12:57:41.684560,0.1216419
2024-04-29 12:57:41.700190,0.1205512
2024-04-29 12:57:41.715810,0.1778781
2024-04-29 12:57:41.731440,0.1267476
2024-04-29 12:57:41.747070,-0.1343856
2024-04-29 12:57:41.762690,-0.598647
2024-04-29 12:57:41.778320,-1.156809
2024-04-29 12:57:41.793940,-1.628043
2024-04-29 12:57:41.809570,-1.858196
2024-04-29 12:57:41.825190,-1.790349
2024-04-29 12:57:41.840820,-1.492997
2024-04-29 12:57:41.856450,-1.110013
2024-04-29 12:57:41.872070,-0.804015
2024-04-29 12:57:41.887700,-0.6764252
2024-04-29 12:57:41.903320,-0.7322409
2024-04-29 12:57:41.918950,-0.9177651
2024-04-29 12:57:41.934570,-1.149003
2024-04-29 12:57:41.950200,-1.353393
2024-04-29 12:57:41.965830,-1.481025
2024-04-29 12:57:41.981450,-1.510637
2024-04-29 12:57:41.997080,-1.434372
2024-04-29 12:57:42.012700,-1.289079
2024-04-29 12:57:42.028330,-1.149043
2024-04-29 12:57:42.043950,-1.109356
2024-04-29 12:57:42.059580,-1.237524
2024-04-29 12:57:42.075210,-1.520282
2024-04-29 12:57:42.090830,-1.856111
2024-04-29 12:57:42.106460,-2.075082
2024-04-29 12:57:42.122080,-1.998602
2024-04-29 12:57:42.137710,-1.528616
2024-04-29 12:57:42.153340,-0.6934359
2024-04-29 12:57:42.168960,0.3693452
2024-04-29 12:57:42.184590,1.42383
2024-04-29 12:57:42.200210,2.225824
2024-04-29 12:57:42.215840,2.616779
2024-04-29 12:57:42.231460,2.545693
2024-04-29 12:57:42.247090,2.113937
2024-04-29 12:57:42.262720,1.517539
2024-04-29 12:57:42.278340,0.9784486
2024-04-29 12:57:42.293970,0.6476274
2024-04-29 12:57:42.309590,0.5728145
2024-04-29 12:57:42.325220,0.6826799
2024-04-29 12:57:42.340840,0.8396547
2024-04-29 12:57:42.356470,0.9281499
2024-04-29 12:57:42.372100,0.8958578
2024-04-29 12:57:42.387720,0.773916
2024-04-29 12:57:42.403350,0.6435952
2024-04-29 12:57:42.418970,0.5593944
2024-04-29 12:57:42.434600,0.5188022
2024-04-29 12:57:42.450220,0.4971416
2024-04-29 12:57:42.465850,0.4607654
2024-04-29 12:57:42.481480,0.413403
2024-04-29 12:57:42.497100,0.4021218
2024-04-29 12:57:42.512730,0.4746246
2024-04-29 12:57:42.528350,0.6544781
2024-04-29 12:57:42.543980,0.9165499
2024-04-29 12:57:42.559600,1.189133
2024-04-29 12:57:42.575230,1.368688
2024-04-29 12:57:42.590860,1.368387
2024-04-29 12:57:42.606480,1.130255
2024-04-29 12:57:42.622110,0.676465
2024-04-29 12:57:42.637730,0.1160784
2024-04-29 12:57:42.653360,-0.3940508
2024-04-29 12:57:42.668980,-0.6678417
2024-04-29 12:57:42.684610,-0.5892742
2024-04-29 12:57:42.700240,-0.1662173
2024-04-29 12:57:42.715860,0.4399295
2024-04-29 12:57:42.731490,0.9575686
2024-04-29 12:57:42.747110,1.120519
2024-04-29 12:57:42.762740,0.7980421
2024-04-29 12:57:42.778360,0.07870579
2024-04-29 12:57:42.793990,-0.7972176
2024-04-29 12:57:42.809620,-1.526427
2024-04-29 12:57:42.825240,-1.915944
2024-04-29 12:57:42.840870,-1.943951
2024-04-29 12:57:42.856490,-1.749249
2024-04-29 12:57:42.872120,-1.527659
2024-04-29 12:57:42.887740,-1.436514
2024-04-29 12:57:42.903370,-1.528856
2024-04-29 12:57:42.919000,-1.747722
2024-04-29 12:57:42.934620,-1.993428
2024-04-29 12:57:42.950250,-2.14113
2024-04-29 12:57:42.965870,-2.101145
2024-04-29 12:57:42.981500,-1.814252
2024-04-29 12:57:42.997120,-1.261354
2024-04-29 12:57:43.012750,-0.467032
2024-04-29 12:57:43.028380,0.4771187
2024-04-29 12:57:43.044000,1.429808
2024-04-29 12:57:43.059630,2.23804
2024-04-29 12:57:43.075250,2.776697
2024-04-29 12:57:43.090880,2.995165
2024-04-29 12:57:43.106500,2.921859
2024-04-29 12:57:43.122130,2.641902
2024-04-29 12:57:43.137760,2.266818
2024-04-29 12:57:43.153380,1.882969
2024-04-29 12:57:43.169010,1.549339
2024-04-29 12:57:43.184630,1.273631
2024-04-29 12:57:43.200260,1.033471
2024-04-29 12:57:43.215880,0.7875414
2024-04-29 12:57:43.231510,0.5160952
2024-04-29 12:57:43.247140,0.2406931
2024-04-29 12:57:43.262760,0.0110414
2024-04-29 12:57:43.278390,-0.1012144
2024-04-29 12:57:43.294010,-0.08129311
2024-04-29 12:57:43.309640,0.03567553
2024-04-29 12:57:43.325260,0.1569271
2024-04-29 12:57:43.340890,0.1825466
2024-04-29 12:57:43.356520,0.04547453
2024-04-29 12:57:43.372140,-0.2396526
2024-04-29 12:57:43.387770,-0.6045854
2024-04-29 12:57:43.403390,-0.9525933
2024-04-29 12:57:43.419020,-1.184501
2024-04-29 12:57:43.434640,-1.264508
2024-04-29 12:57:43.450270,-1.198532
2024-04-29 12:57:43.465900,-1.037914
2024-04-29 12:57:43.481520,-0.8553882
2024-04-29 12:57:43.497150,-0.7272429
2024-04-29 12:57:43.512770,-0.6869769
2024-04-29 12:57:43.528400,-0.7445793
2024-04-29 12:57:43.544020,-0.8616469
2024-04-29 12:57:43.559650,-0.9758463
2024-04-29 12:57:43.575280,-1.027139
2024-04-29 12:57:43.590900,-0.996366
2024-04-29 12:57:43.606530,-0.913244
2024-04-29 12:57:43.622150,-0.8398752
2024-04-29 12:57:43.637780,-0.819756
2024-04-29 12:57:43.653400,-0.8375068
2024-04-29 12:57:43.669030,-0.8305998
2024-04-29 12:57:43.684660,-0.724915
2024-04-29 12:57:43.700280,-0.4954941
2024-04-29 12:57:43.715910,-0.2110925
2024-04-29 12:57:43.731530,0.008588076
2024-04-29 12:57:43.747160,0.06830645
2024-04-29 12:57:43.762780,-0.05083585
2024-04-29 12:57:43.778410,-0.2609334
2024-04-29 12:57:43.794040,-0.4255195
2024-04-29 12:57:43.809660,-0.4310217
2024-04-29 12:57:43.825290,-0.2462296
2024-04-29 12:57:43.840910,0.08898282
2024-04-29 12:57:43.856540,0.5035343
2024-04-29 12:57:43.872160,0.9548583
2024-04-29 12:57:43.887790,1.430935
2024-04-29 12:57:43.903420,1.908919
2024-04-29 12:57:43.919040,2.31762
2024-04-29 12:57:43.934670,2.556177
2024-04-29 12:57:43.950290,2.550612
2024-04-29 12:57:43.965920,2.325981
2024-04-29 12:57:43.981540,2.004027
2024-04-29 12:57:43.997170,1.744358
2024-04-29 12:57:44.012800,1.654485
2024-04-29 12:57:44.028420,1.699189
2024-04-29 12:57:44.044050,1.76105
2024-04-29 12:57:44.059670,1.709749
2024-04-29 12:57:44.075300,1.501682
2024-04-29 12:57:44.090920,1.201193
2024-04-29 12:57:44.106550,0.9231484
2024-04-29 12:57:44.122180,0.7433054
2024-04-29 12:57:44.137800,0.6530235
2024-04-29 12:57:44.153430,0.5763853
2024-04-29 12:57:44.169050,0.4433408
2024-04-29 12:57:44.184680,0.2322462
2024-04-29 12:57:44.200300,-0.01577854
2024-04-29 12:57:44.215930,-0.248915
2024-04-29 12:57:44.231560,-0.4388328
2024-04-29 12:57:44.247180,-0.6021292
2024-04-29 12:57:44.262810,-0.7648337
2024-04-29 12:57:44.278430,-0.9137256
2024-04-29 12:57:44.294060,-1.001775
2024-04-29 12:57:44.309680,-0.9482415
2024-04-29 12:57:44.325310,-0.7231839
2024-04-29 12:57:44.340940,-0.3704472
2024-04-29 12:57:44.356560,-0.01981544
2024-04-29 12:57:44.372190,0.1802123
2024-04-29 12:57:44.387810,0.1318035
2024-04-29 12:57:44.403440,-0.1613569
2024-04-29 12:57:44.419070,-0.586673
2024-04-29 12:57:44.434690,-1.006306
2024-04-29 12:57:44.450320,-1.307934
2024-04-29 12:57:44.465940,-1.450838
2024-04-29 12:57:44.481570,-1.472102
2024-04-29 12:57:44.497190,-1.447265
2024-04-29 12:57:44.512820,-1.433475
2024-04-29 12:57:44.528450,-1.456927
2024-04-29 12:57:44.544070,-1.520839
2024-04-29 12:57:44.559700,-1.628335
2024-04-29 12:57:44.575320,-1.809577
2024-04-29 12:57:44.590950,-2.078001
2024-04-29 12:57:44.606570,-2.413295
2024-04-29 12:57:44.622200,-2.712581
2024-04-29 12:57:44.637830,-2.837439
2024-04-29 12:57:44.653450,-2.649595
2024-04-29 12:57:44.669080,-2.07604
2024-04-29 12:57:44.684700,-1.178117
2024-04-29 12:57:44.700330,-0.1014445
2024-04-29 12:57:44.715950,0.9389257
2024-04-29 12:57:44.731580,1.772496
2024-04-29 12:57:44.747210,2.290066
2024-04-29 12:57:44.762830,2.47785
2024-04-29 12:57:44.778460,2.371496
2024-04-29 12:57:44.794080,2.034213
2024-04-29 12:57:44.809710,1.546172
2024-04-29 12:57:44.825330,0.9723856
2024-04-29 12:57:44.840960,0.4064205
2024-04-29 12:57:44.856590,-0.05529165
2024-04-29 12:57:44.872210,-0.3305361
2024-04-29 12:57:44.887840,-0.3825583
2024-04-29 12:57:44.903460,-0.2481964
2024-04-29 12:57:44.919090,-0.005137682
2024-04-29 12:57:44.934710,0.2553544
2024-04-29 12:57:44.950340,0.4900529
2024-04-29 12:57:44.965970,0.7134316
2024-04-29 12:57:44.981590,0.9629979
2024-04-29 12:57:44.997220,1.258944
2024-04-29 12:57:45.012840,1.554111
2024-04-29 12:57:45.028470,1.766181
2024-04-29 12:57:45.044090,1.823225
2024-04-29 12:57:45.059720,1.702593
2024-04-29 12:57:45.075350,1.442574
2024-04-29 12:57:45.090970,1.109747
2024-04-29 12:57:45.106600,0.757731
2024-04-29 12:57:45.122220,0.4310007
2024-04-29 12:57:45.137850,0.1469874
2024-04-29 12:57:45.153470,-0.06615639
2024-04-29 12:57:45.169100,-0.1533353
2024-04-29 12:57:45.184730,-0.08817101
2024-04-29 12:57:45.200350,0.1068997
2024-04-29 12:57:45.215980,0.3417115
2024-04-29 12:57:45.231600,0.4881258
2024-04-29 12:57:45.247230,0.4409246
2024-04-29 12:57:45.262850,0.2006454
2024-04-29 12:57:45.278480,-0.1626735
2024-04-29 12:57:45.294110,-0.5432146
2024-04-29 12:57:45.309730,-0.8692927
2024-04-29 12:57:45.325360,-1.142105
2024-04-29 12:57:45.340980,-1.414519
2024-04-29 12:57:45.356610,-1.711481
2024-04-29 12:57:45.372230,-2.022715
2024-04-29 12:57:45.387860,-2.274962
2024-04-29 12:57:45.403490,-2.389749
2024-04-29 12:57:45.419110,-2.332666
2024-04-29 12:57:45.434740,-2.140009
2024-04-29 12:57:45.450360,-1.893238
2024-04-29 12:57:45.465990,-1.659109
2024-04-29 12:57:45.481610,-1.46211
2024-04-29 12:57:45.497240,-1.258911
2024-04-29 12:57:45.512870,-0.9915752
2024-04-29 12:57:45.528490,-0.6207929
2024-04-29 12:57:45.544120,-0.1306958
2024-04-29 12:57:45.559740,0.4559553
2024-04-29 12:57:45.575370,1.099619
2024-04-29 12:57:45.590990,1.746966
2024-04-29 12:57:45.606620,2.323236
2024-04-29 12:57:45.622250,2.751877
2024-04-29 12:57:45.637870,2.97442
2024-04-29 12:57:45.653500,2.979543
2024-04-29 12:57:45.669120,2.815832
2024-04-29 12:57:45.684750,2.567374
2024-04-29 12:57:45.700370,2.308821
2024-04-29 12:57:45.716000,2.076124
2024-04-29 12:57:45.731630,1.861808
2024-04-29 12:57:45.747250,1.629047
2024-04-29 12:57:45.762880,1.356006
2024-04-29 12:57:45.778500,1.042124
2024-04-29 12:57:45.794130,0.7049185
2024-04-29 12:57:45.809750,0.3776081
2024-04-29 12:57:45.825380,0.08584487
2024-04-29 12:57:45.841010,-0.1339804
2024-04-29 12:57:45.856630,-0.2276323
2024-04-29 12:57:45.872260,-0.1617358
2024-04-29 12:57:45.887880,0.05624461
2024-04-29 12:57:45.903510,0.341735
2024-04-29 12:57:45.919130,0.5728484
2024-04-29 12:57:45.934760,0.6345938
2024-04-29 12:57:45.950390,0.4955451
2024-04-29 12:57:45.966010,0.1998433
2024-04-29 12:57:45.981640,-0.1620004
2024-04-29 12:57:45.997260,-0.5211002
2024-04-29 12:57:46.012890,-0.8533084
2024-04-29 12:57:46.028510,-1.177432
2024-04-29 12:57:46.044140,-1.493238
2024-04-29 12:57:46.059770,-1.756376
2024-04-29 12:57:46.075390,-1.888165
2024-04-29 12:57:46.091020,-1.833727
2024-04-29 12:57:46.106640,-1.623965
2024-04-29 12:57:46.122270,-1.370491
2024-04-29 12:57:46.137890,-1.200164
2024-04-29 12:57:46.153520,-1.171271
2024-04-29 12:57:46.169150,-1.233948
2024-04-29 12:57:46.184770,-1.265045
2024-04-29 12:57:46.200400,-1.139545
2024-04-29 12:57:46.216020,-0.8344243
2024-04-29 12:57:46.231650,-0.4308295
2024-04-29 12:57:46.247270,-0.07950401
2024-04-29 12:57:46.262900,0.09349032
2024-04-29 12:57:46.278530,0.04054447
2024-04-29 12:57:46.294150,-0.1819199
2024-04-29 12:57:46.309780,-0.4498549
2024-04-29 12:57:46.325400,-0.6502478
2024-04-29 12:57:46.341030,-0.715425
2024-04-29 12:57:46.356650,-0.6413082
2024-04-29 12:57:46.372280,-0.4538089
2024-04-29 12:57:46.387910,-0.1750392
2024-04-29 12:57:46.403530,0.1832985
2024-04-29 12:57:46.419160,0.6163452
2024-04-29 12:57:46.434780,1.087196
2024-04-29 12:57:46.450410,1.532594
2024-04-29 12:57:46.466030,1.847964
2024-04-29 12:57:46.481660,1.958577
2024-04-29 12:57:46.497290,1.851884
2024-04-29 12:57:46.512910,1.599078
2024-04-29 12:57:46.528540,1.316402
2024-04-29 12:57:46.544160,1.106157
2024-04-29 12:57:46.559790,0.9942798
2024-04-29 12:57:46.575410,0.9188849
2024-04-29 12:57:46.591040,0.7881245
2024-04-29 12:57:46.606670,0.5490586
2024-04-29 12:57:46.622290,0.2412066
2024-04-29 12:57:46.637920,-0.0378828
2024-04-29 12:57:46.653540,-0.1701895
2024-04-29 12:57:46.669170,-0.09719682
2024-04-29 12:57:46.684790,0.1640592
2024-04-29 12:57:46.700420,0.534881
2024-04-29 12:57:46.716050,0.9083047
2024-04-29 12:57:46.731670,1.199762
2024-04-29 12:57:46.747300,1.357556
2024-04-29 12:57:46.762920,1.381354
2024-04-29 12:57:46.778550,1.296956
2024-04-29 12:57:46.794170,1.131274
2024-04-29 12:57:46.809800,0.9025093
2024-04-29 12:57:46.825430,0.633721
2024-04-29 12:57:46.841050,0.3363876
2024-04-29 12:57:46.856680,0.03773689
2024-04-29 12:57:46.872300,-0.2063215
2024-04-29 12:57:46.887930,-0.3291311
2024-04-29 12:57:46.903550,-0.2859039
2024-04-29 12:57:46.919180,-0.09375668
2024-04-29 12:57:46.934810,0.1395478
2024-04-29 12:57:46.950430,0.2579217
2024-04-29 12:57:46.966060,0.1443269
2024-04-29 12:57:46.981680,-0.2114208
2024-04-29 12:57:46.997310,-0.6859117
2024-04-29 12:57:47.012930,-1.094812
2024-04-29 12:57:47.028560,-1.307495
2024-04-29 12:57:47.044190,-1.317286
2024-04-29 12:57:47.059810,-1.233401
2024-04-29 12:57:47.075440,-1.198345
2024-04-29 12:57:47.091060,-1.293281
2024-04-29 12:57:47.106690,-1.471286
2024-04-29 12:57:47.122320,-1.596289
2024-04-29 12:57:47.137940,-1.55386
2024-04-29 12:57:47.153570,-1.30238
2024-04-29 12:57:47.169190,-0.9430571
2024-04-29 12:57:47.184820,-0.6390812
2024-04-29 12:57:47.200440,-0.5385902
2024-04-29 12:57:47.216070,-0.6947703
2024-04-29 12:57:47.231700,-1.046297
2024-04-29 12:57:47.247320,-1.447161
2024-04-29 12:57:47.262950,-1.75517
2024-04-29 12:57:47.278570,-1.864007
2024-04-29 12:57:47.294200,-1.742818
2024-04-29 12:57:47.309820,-1.426615
2024-04-29 12:57:47.325450,-0.958807
2024-04-29 12:57:47.341080,-0.3937354
2024-04-29 12:57:47.356700,0.221179
2024-04-29 12:57:47.372330,0.8400879
2024-04-29 12:57:47.387950,1.380588
2024-04-29 12:57:47.403580,1.74722
2024-04-29 12:57:47.419200,1.865646
2024-04-29 12:57:47.434830,1.71529
2024-04-29 12:57:47.450460,1.359177
2024-04-29 12:57:47.466080,0.9211512
2024-04-29 12:57:47.481710,0.552763
2024-04-29 12:57:47.497330,0.3422461
2024-04-29 12:57:47.512960,0.3115778
2024-04-29 12:57:47.528580,0.3819146
2024-04-29 12:57:47.544210,0.441505
2024-04-29 12:57:47.559840,0.4166875
2024-04-29 12:57:47.575460,0.3118339
2024-04-29 12:57:47.591090,0.2027555
2024-04-29 12:57:47.606710,0.1869965
2024-04-29 12:57:47.622340,0.3061452
2024-04-29 12:57:47.637960,0.5043807
2024-04-29 12:57:47.653590,0.68225
2024-04-29 12:57:47.669220,0.7401891
2024-04-29 12:57:47.684840,0.6540713
2024-04-29 12:57:47.700470,0.4839416
2024-04-29 12:57:47.716090,0.3239527
2024-04-29 12:57:47.731720,0.234828
2024-04-29 12:57:47.747340,0.2113485
2024-04-29 12:57:47.762970,0.1879296
2024-04-29 12:57:47.778600,0.1145916
2024-04-29 12:57:47.794220,-0.002551556
2024-04-29 12:57:47.809850,-0.1039834
2024-04-29 12:57:47.825470,-0.1200538
2024-04-29 12:57:47.841100,-0.03676891
2024-04-29 12:57:47.856720,0.0812726
2024-04-29 12:57:47.872350,0.1532416
2024-04-29 12:57:47.887980,0.1342154
2024-04-29 12:57:47.903600,0.04379225
2024-04-29 12:57:47.919230,-0.06551504
2024-04-29 12:57:47.934850,-0.1681557
2024-04-29 12:57:47.950480,-0.2886558
2024-04-29 12:57:47.966100,-0.4785757
2024-04-29 12:57:47.981730,-0.7414308
2024-04-29 12:57:47.997360,-1.009672
2024-04-29 12:57:48.012980,-1.156503
2024-04-29 12:57:48.028610,-1.087791
2024-04-29 12:57:48.044230,-0.8241954
2024-04-29 12:57:48.059860,-0.496902
2024-04-29 12:57:48.075480,-0.3061867
2024-04-29 12:57:48.091110,-0.4228883
2024-04-29 12:57:48.106740,-0.8791184
2024-04-29 12:57:48.122360,-1.55709
2024-04-29 12:57:48.137990,-2.240647
2024-04-29 12:57:48.153610,-2.705779
2024-04-29 12:57:48.169240,-2.790673
2024-04-29 12:57:48.184860,-2.455866
2024-04-29 12:57:48.200490,-1.762897
2024-04-29 12:57:48.216120,-0.8606591
2024-04-29 12:57:48.231740,0.07783747
2024-04-29 12:57:48.247370,0.8948445
2024-04-29 12:57:48.262990,1.491984
2024-04-29 12:57:48.278620,1.869138
2024-04-29 12:57:48.294240,2.104145
2024-04-29 12:57:48.309870,2.307817
2024-04-29 12:57:48.325500,2.542511
2024-04-29 12:57:48.341120,2.777535
2024-04-29 12:57:48.356750,2.883865
2024-04-29 12:57:48.372370,2.697661
2024-04-29 12:57:48.388000,2.14781
2024-04-29 12:57:48.403620,1.305707
2024-04-29 12:57:48.419250,0.3995991
2024-04-29 12:57:48.434880,-0.3106227
2024-04-29 12:57:48.450500,-0.6284423
2024-04-29 12:57:48.466130,-0.5295134
2024-04-29 12:57:48.481750,-0.1401987
2024-04-29 12:57:48.497380,0.3327684
2024-04-29 12:57:48.513000,0.7232428
2024-04-29 12:57:48.528630,0.9682474
2024-04-29 12:57:48.544260,1.073133
2024-04-29 12:57:48.559880,1.080878
2024-04-29 12:57:48.575510,0.9943018
2024-04-29 12:57:48.591130,0.7739668
2024-04-29 12:57:48.606760,0.3806009
2024-04-29 12:57:48.622380,-0.1732149
2024-04-29 12:57:48.638010,-0.7867622
2024-04-29 12:57:48.653640,-1.321376
2024-04-29 12:57:48.669260,-1.639271
2024-04-29 12:57:48.684890,-1.691695
2024-04-29 12:57:48.700510,-1.515709
2024-04-29 12:57:48.716140,-1.239511
2024-04-29 12:57:48.731760,-0.9920025
2024-04-29 12:57:48.747390,-0.8552322
2024-04-29 12:57:48.763020,-0.8317289
2024-04-29 12:57:48.778640,-0.8736219
2024-04-29 12:57:48.794270,-0.9305162
2024-04-29 12:57:48.809890,-0.9911947
2024-04-29 12:57:48.825520,-1.092714
2024-04-29 12:57:48.841140,-1.270519
2024-04-29 12:57:48.856770,-1.515424
2024-04-29 12:57:48.872400,-1.751804
2024-04-29 12:57:48.888020,-1.863098
2024-04-29 12:57:48.903650,-1.770349
2024-04-29 12:57:48.919270,-1.469961
2024-04-29 12:57:48.934900,-1.084135
2024-04-29 12:57:48.950520,-0.7827244
2024-04-29 12:57:48.966150,-0.7132454
2024-04-29 12:57:48.981780,-0.9100494
2024-04-29 12:57:48.997400,-1.288167
2024-04-29 12:57:49.013030,-1.679579
2024-04-29 12:57:49.028650,-1.901426
2024-04-29 12:57:49.044280,-1.844132
2024-04-29 12:57:49.059900,-1.49144
2024-04-29 12:57:49.075530,-0.9224768
2024-04-29 12:57:49.091160,-0.2647886
2024-04-29 12:57:49.106780,0.3846521
2024-04-29 12:57:49.122410,0.9619446
2024-04-29 12:57:49.138030,1.472993
2024-04-29 12:57:49.153660,1.928644
2024-04-29 12:57:49.169280,2.307787
2024-04-29 12:57:49.184910,2.532262
2024-04-29 12:57:49.200540,2.527387
2024-04-29 12:57:49.216160,2.251282
2024-04-29 12:57:49.231790,1.758162
2024-04-29 12:57:49.247410,1.175143
2024-04-29 12:57:49.263040,0.6648731
2024-04-29 12:57:49.278670,0.3419456
2024-04-29 12:57:49.294290,0.2385912
2024-04-29 12:57:49.309920,0.3104763
2024-04-29 12:57:49.325540,0.4629269
2024-04-29 12:57:49.341170,0.6137543
2024-04-29 12:57:49.356790,0.715704
2024-04-29 12:57:49.372420,0.7651024
2024-04-29 12:57:49.388050,0.7833109
2024-04-29 12:57:49.403670,0.7669287
2024-04-29 12:57:49.419300,0.712163
2024-04-29 12:57:49.434920,0.60431
2024-04-29 12:57:49.450550,0.4469023
2024-04-29 12:57:49.466170,0.2662573
2024-04-29 12:57:49.481800,0.08768177
2024-04-29 12:57:49.497430,-0.07375908
2024-04-29 12:57:49.513050,-0.2142239
2024-04-29 12:57:49.528680,-0.3468971
2024-04-29 12:57:49.544300,-0.4853115
2024-04-29 12:57:49.559930,-0.6193504
2024-04-29 12:57:49.575550,-0.7218485
2024-04-29 12:57:49.591180,-0.7657976
2024-04-29 12:57:49.606810,-0.7275715
2024-04-29 12:57:49.622430,-0.6510429
2024-04-29 12:57:49.638060,-0.6169682
2024-04-29 12:57:49.653680,-0.715867
2024-04-29 12:57:49.669310,-0.9906502
2024-04-29 12:57:49.684930,-1.395162
2024-04-29 12:57:49.700560,-1.786791
2024-04-29 12:57:49.716190,-2.019919
2024-04-29 12:57:49.731810,-2.009353
2024-04-29 12:57:49.747440,-1.802029
2024-04-29 12:57:49.763060,-1.532969
2024-04-29 12:57:49.778690,-1.360578
2024-04-29 12:57:49.794310,-1.375076
2024-04-29 12:57:49.809940,-1.55427
2024-04-29 12:57:49.825570,-1.799575
2024-04-29 12:57:49.841190,-1.999846
2024-04-29 12:57:49.856820,-2.110503
2024-04-29 12:57:49.872440,-2.14707
2024-04-29 12:57:49.888070,-2.14698
2024-04-29 12:57:49.903690,-2.116299
2024-04-29 12:57:49.919320,-2.00948
2024-04-29 12:57:49.934950,-1.744214
2024-04-29 12:57:49.950570,-1.265849
2024-04-29 12:57:49.966200,-0.588748
2024-04-29 12:57:49.981820,0.1960001
2024-04-29 12:57:49.997450,0.9661818
2024-04-29 12:57:50.013070,1.622742
2024-04-29 12:57:50.028700,2.120154
2024-04-29 12:57:50.044330,2.44599
2024-04-29 12:57:50.059950,2.608138
2024-04-29 12:57:50.075580,2.616706
2024-04-29 12:57:50.091200,2.499492
2024-04-29 12:57:50.106830,2.299782
2024-04-29 12:57:50.122450,2.075022
2024-04-29 12:57:50.138080,1.898352
2024-04-29 12:57:50.153710,1.816119
2024-04-29 12:57:50.169330,1.830532
2024-04-29 12:57:50.184960,1.886912
2024-04-29 12:57:50.200580,1.910994
2024-04-29 12:57:50.216210,1.826261
2024-04-29 12:57:50.231830,1.597389
2024-04-29 12:57:50.247460,1.234584
2024-04-29 12:57:50.263090,0.8065252
2024-04-29 12:57:50.278710,0.422863
2024-04-29 12:57:50.294340,0.1902618
2024-04-29 12:57:50.309960,0.1767368
2024-04-29 12:57:50.325590,0.3635521
2024-04-29 12:57:50.341210,0.6483936
2024-04-29 12:57:50.356840,0.8930283
2024-04-29 12:57:50.372470,0.9679136
2024-04-29 12:57:50.388090,0.8292942
2024-04-29 12:57:50.403720,0.5350423
2024-04-29 12:57:50.419340,0.203433
2024-04-29 12:57:50.434970,-0.05084705
2024-04-29 12:57:50.450590,-0.1815672
2024-04-29 12:57:50.466220,-0.2002172
2024-04-29 12:57:50.481850,-0.1721239
2024-04-29 12:57:50.497470,-0.1563721
2024-04-29 12:57:50.513100,-0.1891775
2024-04-29 12:57:50.528720,-0.2717552
2024-04-29 12:57:50.544350,-0.3968453
2024-04-29 12:57:50.559970,-0.5422897
2024-04-29 12:57:50.575600,-0.6938162
2024-04-29 12:57:50.591230,-0.8292656
2024-04-29 12:57:50.606850,-0.9313784
2024-04-29 12:57:50.622480,-1.02478
2024-04-29 12:57:50.638100,-1.161777
2024-04-29 12:57:50.653730,-1.406062
2024-04-29 12:57:50.669350,-1.767177
2024-04-29 12:57:50.684980,-2.180956
2024-04-29 12:57:50.700610,-2.514024
2024-04-29 12:57:50.716230,-2.637019
2024-04-29 12:57:50.731860,-2.502653
2024-04-29 12:57:50.747480,-2.173588
2024-04-29 12:57:50.763110,-1.784688
2024-04-29 12:57:50.778730,-1.463217
2024-04-29 12:57:50.794360,-1.258307
2024-04-29 12:57:50.809990,-1.1201
2024-04-29 12:57:50.825610,-0.9468851
2024-04-29 12:57:50.841240,-0.6694455
2024-04-29 12:57:50.856860,-0.2915249
2024-04-29 12:57:50.872490,0.1193666
2024-04-29 12:57:50.888110,0.4708977
2024-04-29 12:57:50.903740,0.7141829
2024-04-29 12:57:50.919370,0.8578815
2024-04-29 12:57:50.934990,0.9548588
2024-04-29 12:57:50.950620,1.060438
2024-04-29 12:57:50.966240,1.210485
2024-04-29 12:57:50.981870,1.391628
2024-04-29 12:57:50.997490,1.56051
2024-04-29 12:57:51.013120,1.656432
2024-04-29 12:57:51.028750,1.622058
2024-04-29 12:57:51.044370,1.421185
2024-04-29 12:57:51.060000,1.067356
2024-04-29 12:57:51.075620,0.6257787
2024-04-29 12:57:51.091250,0.2007861
2024-04-29 12:57:51.106870,-0.1061525
2024-04-29 12:57:51.122500,-0.2354121
2024-04-29 12:57:51.138130,-0.1846948
2024-04-29 12:57:51.153750,-0.01761913
2024-04-29 12:57:51.169380,0.1923537
2024-04-29 12:57:51.185000,0.3779464
2024-04-29 12:57:51.200630,0.5082898
2024-04-29 12:57:51.216250,0.5870008
2024-04-29 12:57:51.231880,0.618012
2024-04-29 12:57:51.247510,0.5980196
2024-04-29 12:57:51.263130,0.5360384
2024-04-29 12:57:51.278760,0.450964
2024-04-29 12:57:51.294380,0.3652344
2024-04-29 12:57:51.310010,0.2953191
2024-04-29 12:57:51.325630,0.2346134
2024-04-29 12:57:51.341260,0.1685252
2024-04-29 12:57:51.356890,0.09243011
2024-04-29 12:57:51.372510,0.03014755
2024-04-29 12:57:51.388140,0.02606535
2024-04-29 12:57:51.403760,0.1204643
2024-04-29 12:57:51.419390,0.2990212
2024-04-29 12:57:51.435010,0.4633684
2024-04-29 12:57:51.450640,0.4700217
2024-04-29 12:57:51.466270,0.2068138
2024-04-29 12:57:51.481890,-0.3330946
2024-04-29 12:57:51.497520,-1.022965
2024-04-29 12:57:51.513140,-1.655045
2024-04-29 12:57:51.528770,-2.028427
2024-04-29 12:57:51.544390,-2.046623
2024-04-29 12:57:51.560020,-1.750242
2024-04-29 12:57:51.575650,-1.28755
2024-04-29 12:57:51.591270,-0.8749495
2024-04-29 12:57:51.606900,-0.6941824
2024-04-29 12:57:51.622520,-0.8402677
2024-04-29 12:57:51.638150,-1.292583
2024-04-29 12:57:51.653770,-1.922776
2024-04-29 12:57:51.669400,-2.515538
2024-04-29 12:57:51.685030,-2.852455
2024-04-29 12:57:51.700650,-2.782288
2024-04-29 12:57:51.716280,-2.263318
2024-04-29 12:57:51.731900,-1.378643
2024-04-29 12:57:51.747530,-0.3100076
2024-04-29 12:57:51.763150,0.7445912
2024-04-29 12:57:51.778780,1.629058
2024-04-29 12:57:51.794410,2.266753
2024-04-29 12:57:51.810030,2.655768
2024-04-29 12:57:51.825660,2.827314
2024-04-29 12:57:51.841280,2.797815
2024-04-29 12:57:51.856910,2.579352
2024-04-29 12:57:51.872530,2.200939
2024-04-29 12:57:51.888160,1.73127
2024-04-29 12:57:51.903790,1.280492
2024-04-29 12:57:51.919410,0.9759941
2024-04-29 12:57:51.935040,0.9052916
2024-04-29 12:57:51.950660,1.084766
2024-04-29 12:57:51.966290,1.445043
2024-04-29 12:57:51.981920,1.85409
2024-04-29 12:57:51.997540,2.178406
2024-04-29 12:57:52.013170,2.308691
2024-04-29 12:57:52.028790,2.194688
2024-04-29 12:57:52.044420,1.841847
2024-04-29 12:57:52.060040,1.315744
2024-04-29 12:57:52.075670,0.7295365
2024-04-29 12:57:52.091300,0.2049351
2024-04-29 12:57:52.106920,-0.1460247
2024-04-29 12:57:52.122550,-0.2590084
2024-04-29 12:57:52.138170,-0.1400156
2024-04-29 12:57:52.153800,0.1361074
2024-04-29 12:57:52.169420,0.4694047
2024-04-29 12:57:52.185050,0.7607241
2024-04-29 12:57:52.200680,0.931572
2024-04-29 12:57:52.216300,0.9397926
2024-04-29 12:57:52.231930,0.7790589
2024-04-29 12:57:52.247550,0.4704943
2024-04-29 12:57:52.263180,0.08233213
2024-04-29 12:57:52.278800,-0.2844515
2024-04-29 12:57:52.294430,-0.536293
2024-04-29 12:57:52.310060,-0.6049781
2024-04-29 12:57:52.325680,-0.4922581
2024-04-29 12:57:52.341310,-0.2692561
2024-04-29 12:57:52.356930,-0.05386829
2024-04-29 12:57:52.372560,0.03815842
2024-04-29 12:57:52.388180,-0.07600594
2024-04-29 12:57:52.403810,-0.4050732
2024-04-29 12:57:52.419440,-0.882041
2024-04-29 12:57:52.435060,-1.394407
2024-04-29 12:57:52.450690,-1.809287
2024-04-29 12:57:52.466310,-2.035296
2024-04-29 12:57:52.481940,-2.056496
2024-04-29 12:57:52.497560,-1.937888
2024-04-29 12:57:52.513190,-1.79075
2024-04-29 12:57:52.528820,-1.733588
2024-04-29 12:57:52.544440,-1.821746
2024-04-29 12:57:52.560070,-2.013638
2024-04-29 12:57:52.575690,-2.197548
2024-04-29 12:57:52.591320,-2.252915
2024-04-29 12:57:52.606940,-2.08015
2024-04-29 12:57:52.622570,-1.648459
2024-04-29 12:57:52.638200,-0.9884157
2024-04-29 12:57:52.653820,-0.1866369
2024-04-29 12:57:52.669450,0.6406841
2024-04-29 12:57:52.685070,1.372236
2024-04-29 12:57:52.700700,1.904151
2024-04-29 12:57:52.716320,2.162649
2024-04-29 12:57:52.731950,2.13332
2024-04-29 12:57:52.747580,1.878828
2024-04-29 12:57:52.763200,1.504664
2024-04-29 12:57:52.778830,1.130026
2024-04-29 12:57:52.794450,0.8496118
2024-04-29 12:57:52.810080,0.7060862
2024-04-29 12:57:52.825700,0.6847706
2024-04-29 12:57:52.841330,0.7310801
2024-04-29 12:57:52.856960,0.7782764
2024-04-29 12:57:52.872580,0.7851052
2024-04-29 12:57:52.888210,0.7365284
2024-04-29 12:57:52.903830,0.6475692
2024-04-29 12:57:52.919460,0.5400109
2024-04-29 12:57:52.935080,0.4352779
2024-04-29 12:57:52.950710,0.3285031
2024-04-29 12:57:52.966340,0.2045345
2024-04-29 12:57:52.981960,0.07183933
2024-04-29 12:57:52.997590,-0.04987288
2024-04-29 12:57:53.013210,-0.1005154
2024-04-29 12:57:53.028840,-0.03772545
2024-04-29 12:57:53.044460,0.1129351
2024-04-29 12:57:53.060090,0.2589159
2024-04-29 12:57:53.075720,0.2828584
2024-04-29 12:57:53.091340,0.07694912
2024-04-29 12:57:53.106970,-0.3502045
2024-04-29 12:57:53.122590,-0.8867745
2024-04-29 12:57:53.138220,-1.350996
2024-04-29 12:57:53.153840,-1.585483
2024-04-29 12:57:53.169470,-1.536143
2024-04-29 12:57:53.185100,-1.256739
2024-04-29 12:57:53.200720,-0.8787007
2024-04-29 12:57:53.216350,-0.5305691
2024-04-29 12:57:53.231970,-0.2882862
2024-04-29 12:57:53.247600,-0.1575718
2024-04-29 12:57:53.263220,-0.1183281
2024-04-29 12:57:53.278850,-0.1575499
2024-04-29 12:57:53.294480,-0.2847424
2024-04-29 12:57:53.310100,-0.5146332
2024-04-29 12:57:53.325730,-0.8205786
2024-04-29 12:57:53.341350,-1.129219
2024-04-29 12:57:53.356980,-1.332075
2024-04-29 12:57:53.372600,-1.337284
2024-04-29 12:57:53.388230,-1.134284
2024-04-29 12:57:53.403860,-0.8079653
2024-04-29 12:57:53.419480,-0.5181065
2024-04-29 12:57:53.435110,-0.4184718
2024-04-29 12:57:53.450730,-0.5814881
2024-04-29 12:57:53.466360,-0.9589391
2024-04-29 12:57:53.481980,-1.379685
2024-04-29 12:57:53.497610,-1.640016
2024-04-29 12:57:53.513240,-1.584257
2024-04-29 12:57:53.528860,-1.163825
2024-04-29 12:57:53.544490,-0.4613404
2024-04-29 12:57:53.560110,0.3842802
2024-04-29 12:57:53.575740,1.239212
2024-04-29 12:57:53.591360,1.999097
2024-04-29 12:57:53.606990,2.614389
2024-04-29 12:57:53.622620,3.049225
2024-04-29 12:57:53.638240,3.276842
2024-04-29 12:57:53.653870,3.280105
2024-04-29 12:57:53.669490,3.062681
2024-04-29 12:57:53.685120,2.685395
2024-04-29 12:57:53.700740,2.241395
2024-04-29 12:57:53.716370,1.829439
2024-04-29 12:57:53.732000,1.508816
2024-04-29 12:57:53.747620,1.281486
2024-04-29 12:57:53.763250,1.09807
2024-04-29 12:57:53.778870,0.9043593
2024-04-29 12:57:53.794500,0.6680341
2024-04-29 12:57:53.810120,0.3959665
2024-04-29 12:57:53.825750,0.1275234
2024-04-29 12:57:53.841380,-0.1002254
2024-04-29 12:57:53.857000,-0.2425094
2024-04-29 12:57:53.872630,-0.2622991
2024-04-29 12:57:53.888250,-0.14674
2024-04-29 12:57:53.903880,0.08460331
2024-04-29 12:57:53.919500,0.3613486
2024-04-29 12:57:53.935130,0.5945559
2024-04-29 12:57:53.950760,0.6967521
2024-04-29 12:57:53.966380,0.6236653
2024-04-29 12:57:53.982010,0.3829956
2024-04-29 12:57:53.997630,0.03493834
2024-04-29 12:57:54.013260,-0.3373961
2024-04-29 12:57:54.028880,-0.6330671
2024-04-29 12:57:54.044510,-0.7722511
2024-04-29 12:57:54.060140,-0.7172742
2024-04-29 12:57:54.075760,-0.4827075
2024-04-29 12:57:54.091390,-0.155416
2024-04-29 12:57:54.107010,0.1371241
2024-04-29 12:57:54.122640,0.2643628
2024-04-29 12:57:54.138270,0.1508474
2024-04-29 12:57:54.153890,-0.1882629
2024-04-29 12:57:54.169520,-0.6538067
2024-04-29 12:57:54.185140,-1.123842
2024-04-29 12:57:54.200770,-1.520662
2024-04-29 12:57:54.216390,-1.828287
2024-04-29 12:57:54.232020,-2.089343
2024-04-29 12:57:54.247650,-2.344489
2024-04-29 12:57:54.263270,-2.584458
2024-04-29 12:57:54.278900,-2.751686
2024-04-29 12:57:54.294520,-2.772861
2024-04-29 12:57:54.310150,-2.61217
2024-04-29 12:57:54.325770,-2.28063
2024-04-29 12:57:54.341400,-1.822193
2024-04-29 12:57:54.357030,-1.2754
2024-04-29 12:57:54.372650,-0.66155
2024-04-29 12:57:54.388280,-0.01263475
2024-04-29 12:57:54.403900,0.6263604
2024-04-29 12:57:54.419530,1.161971
2024-04-29 12:57:54.435150,1.498145
2024-04-29 12:57:54.450780,1.580299
2024-04-29 12:57:54.466410,1.443648
2024-04-29 12:57:54.482030,1.197579
2024-04-29 12:57:54.497660,0.985693
2024-04-29 12:57:54.513280,0.9184155
2024-04-29 12:57:54.528910,1.015049
2024-04-29 12:57:54.544530,1.217023
2024-04-29 12:57:54.560160,1.416399
2024-04-29 12:57:54.575790,1.518321
2024-04-29 12:57:54.591410,1.495256
2024-04-29 12:57:54.607040,1.375579
2024-04-29 12:57:54.622660,1.221521
2024-04-29 12:57:54.638290,1.090426
2024-04-29 12:57:54.653910,1.008295
2024-04-29 12:57:54.669540,0.9712424
2024-04-29 12:57:54.685170,0.9695659
2024-04-29 12:57:54.700790,0.9838085
2024-04-29 12:57:54.716420,1.000236
2024-04-29 12:57:54.732040,1.006016
2024-04-29 12:57:54.747670,0.9764032
2024-04-29 12:57:54.763290,0.8749175
2024-04-29 12:57:54.778920,0.6710143
2024-04-29 12:57:54.794550,0.3699293
2024-04-29 12:57:54.810170,-0.009155273
2024-04-29 12:57:54.825800,-0.4149961
2024-04-29 12:57:54.841420,-0.7908001
2024-04-29 12:57:54.857050,-1.092143
2024-04-29 12:57:54.872670,-1.294772
2024-04-29 12:57:54.888300,-1.401238
2024-04-29 12:57:54.903930,-1.429769
2024-04-29 12:57:54.919550,-1.396792
2024-04-29 12:57:54.935180,-1.325425
2024-04-29 12:57:54.950800,-1.24124
2024-04-29 12:57:54.966430,-1.179766
2024-04-29 12:57:54.982050,-1.17878
2024-04-29 12:57:54.997680,-1.26492
2024-04-29 12:57:55.013310,-1.427934
2024-04-29 12:57:55.028930,-1.633717
2024-04-29 12:57:55.044560,-1.820742
2024-04-29 12:57:55.060180,-1.925584
2024-04-29 12:57:55.075810,-1.929006
2024-04-29 12:57:55.091430,-1.856969
2024-04-29 12:57:55.107060,-1.78727
2024-04-29 12:57:55.122690,-1.804564
2024-04-29 12:57:55.138310,-1.95153
2024-04-29 12:57:55.153940,-2.21269
2024-04-29 12:57:55.169560,-2.499443
2024-04-29 12:57:55.185190,-2.692565
2024-04-29 12:57:55.200810,-2.664241
2024-04-29 12:57:55.216440,-2.327451
2024-04-29 12:57:55.232070,-1.659227
2024-04-29 12:57:55.247690,-0.7076139
2024-04-29 12:57:55.263320,0.3965316
2024-04-29 12:57:55.278940,1.474474
2024-04-29 12:57:55.294570,2.352144
2024-04-29 12:57:55.310190,2.922969
2024-04-29 12:57:55.325820,3.16437
2024-04-29 12:57:55.341450,3.14916
2024-04-29 12:57:55.357070,2.987514
2024-04-29 12:57:55.372700,2.790827
2024-04-29 12:57:55.388320,2.613965
2024-04-29 12:57:55.403950,2.460992
2024-04-29 12:57:55.419570,2.29587
2024-04-29 12:57:55.435200,2.077182
2024-04-29 12:57:55.450830,1.791212
2024-04-29 12:57:55.466450,1.458642
2024-04-29 12:57:55.482080,1.110927
2024-04-29 12:57:55.497700,0.7893109
2024-04-29 12:57:55.513330,0.5296888
2024-04-29 12:57:55.528950,0.3554091
2024-04-29 12:57:55.544580,0.2749066
2024-04-29 12:57:55.560210,0.27633
2024-04-29 12:57:55.575830,0.3271689
2024-04-29 12:57:55.591460,0.3765817
2024-04-29 12:57:55.607080,0.3762693
2024-04-29 12:57:55.622710,0.3019304
2024-04-29 12:57:55.638330,0.1688104
2024-04-29 12:57:55.653960,0.01440954
2024-04-29 12:57:55.669590,-0.105155
2024-04-29 12:57:55.685210,-0.1635313
2024-04-29 12:57:55.700840,-0.1737514
2024-04-29 12:57:55.716460,-0.1762056
2024-04-29 12:57:55.732090,-0.2114153
2024-04-29 12:57:55.747710,-0.2868867
2024-04-29 12:57:55.763340,-0.3741484
2024-04-29 12:57:55.778970,-0.4153686
2024-04-29 12:57:55.794590,-0.3787804
2024-04-29 12:57:55.810220,-0.2797256
2024-04-29 12:57:55.825840,-0.1890707
2024-04-29 12:57:55.841470,-0.1832881
2024-04-29 12:57:55.857090,-0.313489
2024-04-29 12:57:55.872720,-0.5628657
2024-04-29 12:57:55.888350,-0.8754816
2024-04-29 12:57:55.903970,-1.183895
2024-04-29 12:57:55.919600,-1.435038
2024-04-29 12:57:55.935220,-1.615134
2024-04-29 12:57:55.950850,-1.71693
2024-04-29 12:57:55.966470,-1.741594
2024-04-29 12:57:55.982100,-1.703892
2024-04-29 12:57:55.997730,-1.637233
2024-04-29 12:57:56.013350,-1.603324
2024-04-29 12:57:56.028980,-1.656396
2024-04-29 12:57:56.044600,-1.819892
2024-04-29 12:57:56.060230,-2.049964
2024-04-29 12:57:56.075850,-2.243939
2024-04-29 12:57:56.091480,-2.286109
2024-04-29 12:57:56.107110,-2.108998
2024-04-29 12:57:56.122730,-1.704799
2024-04-29 12:57:56.138360,-1.115455
2024-04-29 12:57:56.153980,-0.3984838
2024-04-29 12:57:56.169610,0.3995566
2024-04-29 12:57:56.185230,1.228193
2024-04-29 12:57:56.200860,2.003978
2024-04-29 12:57:56.216490,2.604639
2024-04-29 12:57:56.232110,2.891342
2024-04-29 12:57:56.247740,2.785714
2024-04-29 12:57:56.263360,2.317671
2024-04-29 12:57:56.278990,1.640396
2024-04-29 12:57:56.294610,0.9577146
2024-04-29 12:57:56.310240,0.4588809
2024-04-29 12:57:56.325870,0.2308235
2024-04-29 12:57:56.341490,0.2563424
2024-04-29 12:57:56.357120,0.4249964
2024-04-29 12:57:56.372740,0.6201942
2024-04-29 12:57:56.388370,0.7519686
2024-04-29 12:57:56.404000,0.7862685
2024-04-29 12:57:56.419620,0.7277126
2024-04-29 12:57:56.435250,0.6047485
2024-04-29 12:57:56.450870,0.4482572
2024-04-29 12:57:56.466500,0.2866814
2024-04-29 12:57:56.482120,0.1487226
2024-04-29 12:57:56.497750,0.06806707
2024-04-29 12:57:56.513380,0.05945492
2024-04-29 12:57:56.529000,0.1283214
2024-04-29 12:57:56.544630,0.2566042
2024-04-29 12:57:56.560250,0.3865247
2024-04-29 12:57:56.575880,0.47013
2024-04-29 12:57:56.591500,0.4623582
2024-04-29 12:57:56.607130,0.3424489
2024-04-29 12:57:56.622760,0.1297994
2024-04-29 12:57:56.638380,-0.1334946
2024-04-29 12:57:56.654010,-0.375314
2024-04-29 12:57:56.669630,-0.5368838
2024-04-29 12:57:56.685260,-0.5650144
2024-04-29 12:57:56.700880,-0.4609067
2024-04-29 12:57:56.716510,-0.2624247
2024-04-29 12:57:56.732140,-0.04589176
2024-04-29 12:57:56.747760,0.1010475
2024-04-29 12:57:56.763390,0.1290302
2024-04-29 12:57:56.779010,0.03070569
2024-04-29 12:57:56.794640,-0.1452012
2024-04-29 12:57:56.810260,-0.3392258
2024-04-29 12:57:56.825890,-0.5095677
2024-04-29 12:57:56.841520,-0.6457038
2024-04-29 12:57:56.857140,-0.7742317
2024-04-29 12:57:56.872770,-0.9228034
2024-04-29 12:57:56.888390,-1.088947
2024-04-29 12:57:56.904020,-1.242309
2024-04-29 12:57:56.919640,-1.362542
2024-04-29 12:57:56.935270,-1.452016
2024-04-29 12:57:56.950900,-1.545937
2024-04-29 12:57:56.966520,-1.686274
2024-04-29 12:57:56.982150,-1.8772
2024-04-29 12:57:56.997770,-2.065118
2024-04-29 12:57:57.013400,-2.162034
2024-04-29 12:57:57.029020,-2.06636
2024-04-29 12:57:57.044650,-1.713723
2024-04-29 12:57:57.060280,-1.119766
2024-04-29 12:57:57.075900,-0.3553677
2024-04-29 12:57:57.091530,0.4809619
2024-04-29 12:57:57.107150,1.289841
2024-04-29 12:57:57.122780,1.987339
2024-04-29 12:57:57.138400,2.512172
2024-04-29 12:57:57.154030,2.821317
2024-04-29 12:57:57.169660,2.900796
2024-04-29 12:57:57.185280,2.77925
2024-04-29 12:57:57.200910,2.535016
2024-04-29 12:57:57.216530,2.256931
2024-04-29 12:57:57.232160,2.011916
2024-04-29 12:57:57.247780,1.805323
2024-04-29 12:57:57.263410,1.607698
2024-04-29 12:57:57.279040,1.385992
2024-04-29 12:57:57.294660,1.151376
2024-04-29 12:57:57.310290,0.9865856
2024-04-29 12:57:57.325910,0.9674768
2024-04-29 12:57:57.341540,1.149979
2024-04-29 12:57:57.357160,1.493856
2024-04-29 12:57:57.372790,1.862444
2024-04-29 12:57:57.388420,2.107425
2024-04-29 12:57:57.404040,2.122163
2024-04-29 12:57:57.419670,1.906306
2024-04-29 12:57:57.435290,1.530982
2024-04-29 12:57:57.450920,1.107427
2024-04-29 12:57:57.466540,0.7032567
2024-04-29 12:57:57.482170,0.3480819
2024-04-29 12:57:57.497800,0.04491365
2024-04-29 12:57:57.513420,-0.1924772
2024-04-29 12:57:57.529050,-0.3281597
2024-04-29 12:57:57.544670,-0.3358001
2024-04-29 12:57:57.560300,-0.2090961
2024-04-29 12:57:57.575920,-0.01245797
2024-04-29 12:57:57.591550,0.169026
2024-04-29 12:57:57.607180,0.253
2024-04-29 12:57:57.622800,0.180197
2024-04-29 12:57:57.638430,-0.02651
2024-04-29 12:57:57.654050,-0.3161508
2024-04-29 12:57:57.669680,-0.6327962
2024-04-29 12:57:57.685300,-0.958728
2024-04-29 12:57:57.700930,-1.296769
2024-04-29 12:57:57.716560,-1.661385
2024-04-29 12:57:57.732180,-2.014231
2024-04-29 12:57:57.747810,-2.297309
2024-04-29 12:57:57.763430,-2.464163
2024-04-29 12:57:57.779060,-2.496216
2024-04-29 12:57:57.794680,-2.445673
2024-04-29 12:57:57.810310,-2.377132
2024-04-29 12:57:57.825940,-2.357944
2024-04-29 12:57:57.841560,-2.408689
2024-04-29 12:57:57.857190,-2.486637
2024-04-29 12:57:57.872810,-2.519294
2024-04-29 12:57:57.888440,-2.421735
2024-04-29 12:57:57.904060,-2.152403
2024-04-29 12:57:57.919690,-1.69784
2024-04-29 12:57:57.935320,-1.097864
2024-04-29 12:57:57.950940,-0.4178876
2024-04-29 12:57:57.966570,0.2629331
2024-04-29 12:57:57.982190,0.8825134
2024-04-29 12:57:57.997820,1.398207
2024-04-29 12:57:58.013440,1.796946
2024-04-29 12:57:58.029070,2.082824
2024-04-29 12:57:58.044700,2.247602
2024-04-29 12:57:58.060320,2.282566
2024-04-29 12:57:58.075950,2.176691
2024-04-29 12:57:58.091570,1.936231
2024-04-29 12:57:58.107200,1.623928
2024-04-29 12:57:58.122820,1.31622
2024-04-29 12:57:58.138450,1.110723
2024-04-29 12:57:58.154080,1.050397
2024-04-29 12:57:58.169700,1.138522
2024-04-29 12:57:58.185330,1.318393
2024-04-29 12:57:58.200950,1.528361
2024-04-29 12:57:58.216580,1.689047
2024-04-29 12:57:58.232200,1.739414
2024-04-29 12:57:58.247830,1.646855
2024-04-29 12:57:58.263460,1.387313
2024-04-29 12:57:58.279080,0.9789997
2024-04-29 12:57:58.294710,0.4800018
2024-04-29 12:57:58.310330,-0.0143379
2024-04-29 12:57:58.325960,-0.3868994
2024-04-29 12:57:58.341580,-0.5494553
2024-04-29 12:57:58.357210,-0.500013
2024-04-29 12:57:58.372840,-0.3037227
2024-04-29 12:57:58.388460,-0.07166588
2024-04-29 12:57:58.404090,0.07256293
2024-04-29 12:57:58.419710,0.08073413
2024-04-29 12:57:58.435340,-0.03809315
2024-04-29 12:57:58.450960,-0.2158461
2024-04-29 12:57:58.466590,-0.3797448
2024-04-29 12:57:58.482220,-0.4928763
2024-04-29 12:57:58.497840,-0.5676367
2024-04-29 12:57:58.513470,-0.6346003
2024-04-29 12:57:58.529090,-0.7354
2024-04-29 12:57:58.544720,-0.8878417
2024-04-29 12:57:58.560340,-1.089538
2024-04-29 12:57:58.575970,-1.308054
2024-04-29 12:57:58.591600,-1.510734
2024-04-29 12:57:58.607220,-1.651991
2024-04-29 12:57:58.622850,-1.691309
2024-04-29 12:57:58.638470,-1.613124
2024-04-29 12:57:58.654100,-1.447178
2024-04-29 12:57:58.669720,-1.272713
2024-04-29 12:57:58.685350,-1.194501
2024-04-29 12:57:58.700980,-1.257583
2024-04-29 12:57:58.716600,-1.433061
2024-04-29 12:57:58.732230,-1.611146
2024-04-29 12:57:58.747850,-1.646989
2024-04-29 12:57:58.763480,-1.445695
2024-04-29 12:57:58.779100,-1.001986
2024-04-29 12:57:58.794730,-0.3825706
2024-04-29 12:57:58.810360,0.3057172
2024-04-29 12:57:58.825980,0.9742869
2024-04-29 12:57:58.841610,1.587688
2024-04-29 12:57:58.857230,2.133254
2024-04-29 12:57:58.872860,2.591497
2024-04-29 12:57:58.888480,2.926507
2024-04-29 12:57:58.904110,3.056764
2024-04-29 12:57:58.919740,2.926649
2024-04-29 12:57:58.935360,2.529409
2024-04-29 12:57:58.950990,1.92622
2024-04-29 12:57:58.966610,1.243577
2024-04-29 12:57:58.982240,0.6368824
2024-04-29 12:57:58.997870,0.2363489
2024-04-29 12:57:59.013490,0.1193203
2024-04-29 12:57:59.029120,0.2820615
2024-04-29 12:57:59.044740,0.6134778
2024-04-29 12:57:59.060370,0.9499028
2024-04-29 12:57:59.075990,1.137706
2024-04-29 12:57:59.091620,1.099808
2024-04-29 12:57:59.107250,0.864482
2024-04-29 12:57:59.122870,0.5522388
2024-04-29 12:57:59.138500,0.2820586
2024-04-29 12:57:59.154120,0.1131045
2024-04-29 12:57:59.169750,0.004603386
2024-04-29 12:57:59.185370,-0.1556854
2024-04-29 12:57:59.201000,-0.4534146
2024-04-29 12:57:59.216630,-0.8946228
2024-04-29 12:57:59.232250,-1.378035
2024-04-29 12:57:59.247880,-1.760554
2024-04-29 12:57:59.263500,-1.928597
2024-04-29 12:57:59.279130,-1.869706
2024-04-29 12:57:59.294750,-1.659624
2024-04-29 12:57:59.310380,-1.394408
2024-04-29 12:57:59.326010,-1.138667
2024-04-29 12:57:59.341630,-0.8872415
2024-04-29 12:57:59.357260,-0.6059614
2024-04-29 12:57:59.372880,-0.2875408
2024-04-29 12:57:59.388510,0.02626336
2024-04-29 12:57:59.404130,0.2397846
2024-04-29 12:57:59.419760,0.2475781
2024-04-29 12:57:59.435390,0.01489782
2024-04-29 12:57:59.451010,-0.4095352
2024-04-29 12:57:59.466640,-0.9036884
2024-04-29 12:57:59.482260,-1.307386
2024-04-29 12:57:59.497890,-1.504461
2024-04-29 12:57:59.513510,-1.472757
2024-04-29 12:57:59.529140,-1.275469
2024-04-29 12:57:59.544770,-1.052309
2024-04-29 12:57:59.560390,-0.9250547
2024-04-29 12:57:59.576020,-0.9556057
2024-04-29 12:57:59.591640,-1.113713
2024-04-29 12:57:59.607270,-1.286435
2024-04-29 12:57:59.622890,-1.324717
2024-04-29 12:57:59.638520,-1.111167
2024-04-29 12:57:59.654150,-0.6199062
2024-04-29 12:57:59.669770,0.09109128
2024-04-29 12:57:59.685400,0.8926004
2024-04-29 12:57:59.701020,1.670879
2024-04-29 12:57:59.716650,2.350753
2024-04-29 12:57:59.732270,2.908542
2024-04-29 12:57:59.747900,3.340951
2024-04-29 12:57:59.763530,3.632904
2024-04-29 12:57:59.779150,3.738334
2024-04-29 12:57:59.794780,3.597742
2024-04-29 12:57:59.810400,3.19805
2024-04-29 12:57:59.826030,2.587807
2024-04-29 12:57:59.841650,1.875504
2024-04-29 12:57:59.857280,1.184593
2024-04-29 12:57:59.872910,0.6199238
2024-04-29 12:57:59.888530,0.2315714
2024-04-29 12:57:59.904160,0.02145827
2024-04-29 12:57:59.919780,-0.04838598
2024-04-29 12:57:59.935410,-0.01222754
2024-04-29 12:57:59.951030,0.1111298
2024-04-29 12:57:59.966660,0.3038771
2024-04-29 12:57:59.982290,0.5363359
2024-04-29 12:57:59.997910,0.773735
2024-04-29 12:58:00.013540,0.9533005
2024-04-29 12:58:00.029160,1.017789
2024-04-29 12:58:00.044790,0.9200788
2024-04-29 12:58:00.060410,0.6532087
2024-04-29 12:58:00.076040,0.2517776
2024-04-29 12:58:00.091670,-0.1973947
2024-04-29 12:58:00.107290,-0.6006626
2024-04-29 12:58:00.122920,-0.8908345
2024-04-29 12:58:00.138540,-1.055436
2024-04-29 12:58:00.154170,-1.125649
2024-04-29 12:58:00.169790,-1.15685
2024-04-29 12:58:00.185420,-1.185655
2024-04-29 12:58:00.201050,-1.208277
2024-04-29 12:58:00.216670,-1.189226
2024-04-29 12:58:00.232300,-1.113933
2024-04-29 12:58:00.247920,-1.012517
2024-04-29 12:58:00.263550,-0.9428885
2024-04-29 12:58:00.279170,-0.9559741
2024-04-29 12:58:00.294800,-1.061607
2024-04-29 12:58:00.310430,-1.216986
2024-04-29 12:58:00.326050,-1.379496
2024-04-29 12:58:00.341680,-1.53084
2024-04-29 12:58:00.357300,-1.698278
2024-04-29 12:58:00.372930,-1.929335
2024-04-29 12:58:00.388550,-2.238878
2024-04-29 12:58:00.404180,-2.564732
2024-04-29 12:58:00.419810,-2.802286
2024-04-29 12:58:00.435430,-2.831392
2024-04-29 12:58:00.451060,-2.571021
2024-04-29 12:58:00.466680,-2.016744
2024-04-29 12:58:00.482310,-1.230983
2024-04-29 12:58:00.497930,-0.3065658
2024-04-29 12:58:00.513560,0.6311212
2024-04-29 12:58:00.529190,1.461953
2024-04-29 12:58:00.544810,2.084321
2024-04-29 12:58:00.560440,2.418412
2024-04-29 12:58:00.576060,2.444768
2024-04-29 12:58:00.591690,2.21762
2024-04-29 12:58:00.607310,1.866645
2024-04-29 12:58:00.622940,1.542248
2024-04-29 12:58:00.638570,1.370617
2024-04-29 12:58:00.654190,1.381497
2024-04-29 12:58:00.669820,1.517668
2024-04-29 12:58:00.685440,1.664796
2024-04-29 12:58:00.701070,1.695411
2024-04-29 12:58:00.716690,1.552817
2024-04-29 12:58:00.732320,1.270336
2024-04-29 12:58:00.747950,0.9501221
2024-04-29 12:58:00.763570,0.7215636
2024-04-29 12:58:00.779200,0.6674764
2024-04-29 12:58:00.794820,0.7504249
2024-04-29 12:58:00.810450,0.8560748
2024-04-29 12:58:00.826070,0.8440793
2024-04-29 12:58:00.841700,0.6469607
2024-04-29 12:58:00.857330,0.3298104
2024-04-29 12:58:00.872950,0.04446077
2024-04-29 12:58:00.888580,-0.07787275
2024-04-29 12:58:00.904200,-0.0144515
2024-04-29 12:58:00.919830,0.1234326
2024-04-29 12:58:00.935450,0.1597595
2024-04-29 12:58:00.951080,-0.04801631
2024-04-29 12:58:00.966710,-0.4992561
2024-04-29 12:58:00.982330,-1.071898
2024-04-29 12:58:00.997960,-1.570451
2024-04-29 12:58:01.013580,-1.843616
2024-04-29 12:58:01.029210,-1.851256
2024-04-29 12:58:01.044830,-1.655072
2024-04-29 12:58:01.060460,-1.362967
2024-04-29 12:58:01.076090,-1.066347
2024-04-29 12:58:01.091710,-0.8115339
2024-04-29 12:58:01.107340,-0.6170146
2024-04-29 12:58:01.122960,-0.4930294
2024-04-29 12:58:01.138590,-0.4317944
2024-04-29 12:58:01.154210,-0.4399061
2024-04-29 12:58:01.169840,-0.508811
2024-04-29 12:58:01.185470,-0.6212041
2024-04-29 12:58:01.201090,-0.7811122
2024-04-29 12:58:01.216720,-0.9776895
2024-04-29 12:58:01.232340,-1.201669
2024-04-29 12:58:01.247970,-1.424658
2024-04-29 12:58:01.263600,-1.611732
2024-04-29 12:58:01.279220,-1.728489
2024-04-29 12:58:01.294850,-1.761554
2024-04-29 12:58:01.310470,-1.690624
2024-04-29 12:58:01.326100,-1.507899
2024-04-29 12:58:01.341720,-1.200344
2024-04-29 12:58:01.357350,-0.7522953
2024-04-29 12:58:01.372980,-0.1607289
2024-04-29 12:58:01.388600,0.5303321
2024-04-29 12:58:01.404230,1.228556
2024-04-29 12:58:01.419850,1.820084
2024-04-29 12:58:01.435480,2.201517
2024-04-29 12:58:01.451100,2.332295
2024-04-29 12:58:01.466730,2.243776
2024-04-29 12:58:01.482360,2.019073
2024-04-29 12:58:01.497980,1.768469
2024-04-29 12:58:01.513610,1.573841
2024-04-29 12:58:01.529230,1.477448
2024-04-29 12:58:01.544860,1.469751
2024-04-29 12:58:01.560480,1.501317
2024-04-29 12:58:01.576110,1.493719
2024-04-29 12:58:01.591740,1.4013
2024-04-29 12:58:01.607360,1.20382
2024-04-29 12:58:01.622990,0.9184897
2024-04-29 12:58:01.638610,0.5955076
2024-04-29 12:58:01.654240,0.2751324
2024-04-29 12:58:01.669860,-0.0185864
2024-04-29 12:58:01.685490,-0.2554524
2024-04-29 12:58:01.701120,-0.4052458
2024-04-29 12:58:01.716740,-0.4238081
2024-04-29 12:58:01.732370,-0.2807882
2024-04-29 12:58:01.747990,0.01374316
2024-04-29 12:58:01.763620,0.378932
2024-04-29 12:58:01.779240,0.6894264
2024-04-29 12:58:01.794870,0.8223732
2024-04-29 12:58:01.810500,0.7382452
2024-04-29 12:58:01.826120,0.4938638
2024-04-29 12:58:01.841750,0.2160184
2024-04-29 12:58:01.857370,0.0231626
2024-04-29 12:58:01.873000,-0.05101728
2024-04-29 12:58:01.888620,-0.08283782
2024-04-29 12:58:01.904250,-0.2021525
2024-04-29 12:58:01.919880,-0.4777641
2024-04-29 12:58:01.935500,-0.8757811
2024-04-29 12:58:01.951130,-1.252149
2024-04-29 12:58:01.966750,-1.446642
2024-04-29 12:58:01.982380,-1.377447
2024-04-29 12:58:01.998000,-1.095148
2024-04-29 12:58:02.013630,-0.7649884
2024-04-29 12:58:02.029260,-0.5648658
2024-04-29 12:58:02.044880,-0.59531
2024-04-29 12:58:02.060510,-0.8528416
2024-04-29 12:58:02.076130,-1.25544
2024-04-29 12:58:02.091760,-1.680898
2024-04-29 12:58:02.107380,-2.029426
2024-04-29 12:58:02.123010,-2.234108
2024-04-29 12:58:02.138640,-2.260023
2024-04-29 12:58:02.154260,-2.11293
2024-04-29 12:58:02.169890,-1.848048
2024-04-29 12:58:02.185510,-1.545064
2024-04-29 12:58:02.201140,-1.30617
2024-04-29 12:58:02.216760,-1.198096
2024-04-29 12:58:02.232390,-1.208591
2024-04-29 12:58:02.248020,-1.276756
2024-04-29 12:58:02.263640,-1.295306
2024-04-29 12:58:02.279270,-1.18832
2024-04-29 12:58:02.294890,-0.9198699
2024-04-29 12:58:02.310520,-0.4950056
2024-04-29 12:58:02.326140,0.05449295
2024-04-29 12:58:02.341770,0.6813059
2024-04-29 12:58:02.357400,1.33153
2024-04-29 12:58:02.373020,1.932302
2024-04-29 12:58:02.388650,2.38255
2024-04-29 12:58:02.404270,2.58801
2024-04-29 12:58:02.419900,2.494317
2024-04-29 12:58:02.435520,2.127827
2024-04-29 12:58:02.451150,1.572214
2024-04-29 12:58:02.466780,0.954191
2024-04-29 12:58:02.482400,0.3952065
2024-04-29 12:58:02.498030,-0.007488012
2024-04-29 12:58:02.513650,-0.1893077
2024-04-29 12:58:02.529280,-0.1267891
2024-04-29 12:58:02.544900,0.1755414
2024-04-29 12:58:02.560530,0.6399181
2024-04-29 12:58:02.576160,1.139191
2024-04-29 12:58:02.591780,1.517801
2024-04-29 12:58:02.607410,1.659942
2024-04-29 12:58:02.623030,1.52459
2024-04-29 12:58:02.638660,1.175722
2024-04-29 12:58:02.654280,0.7542386
2024-04-29 12:58:02.669910,0.3991578
2024-04-29 12:58:02.685540,0.2311347
2024-04-29 12:58:02.701160,0.2703233
2024-04-29 12:58:02.716790,0.4538634
2024-04-29 12:58:02.732410,0.6617627
2024-04-29 12:58:02.748040,0.7677469
2024-04-29 12:58:02.763660,0.7002811
2024-04-29 12:58:02.779290,0.4690349
2024-04-29 12:58:02.794920,0.1518383
2024-04-29 12:58:02.810540,-0.1584487
2024-04-29 12:58:02.826170,-0.3860245
2024-04-29 12:58:02.841790,-0.5327713
2024-04-29 12:58:02.857420,-0.6356483
2024-04-29 12:58:02.873040,-0.7420087
2024-04-29 12:58:02.888670,-0.8657234
2024-04-29 12:58:02.904300,-0.980098
2024-04-29 12:58:02.919920,-1.037663
2024-04-29 12:58:02.935550,-1.006788
2024-04-29 12:58:02.951170,-0.919909
2024-04-29 12:58:02.966800,-0.8500969
2024-04-29 12:58:02.982420,-0.8709943
2024-04-29 12:58:02.998050,-0.9982357
2024-04-29 12:58:03.013680,-1.185357
2024-04-29 12:58:03.029300,-1.337751
2024-04-29 12:58:03.044930,-1.375981
2024-04-29 12:58:03.060550,-1.276521
2024-04-29 12:58:03.076180,-1.079933
2024-04-29 12:58:03.091800,-0.8796144
2024-04-29 12:58:03.107430,-0.7634859
2024-04-29 12:58:03.123060,-0.7722261
2024-04-29 12:58:03.138680,-0.884043
2024-04-29 12:58:03.154310,-1.009532
2024-04-29 12:58:03.169930,-1.047474
2024-04-29 12:58:03.185560,-0.9288275
2024-04-29 12:58:03.201180,-0.6420383
2024-04-29 12:58:03.216810,-0.2330711
2024-04-29 12:58:03.232440,0.2224214
2024-04-29 12:58:03.248060,0.6472778
2024-04-29 12:58:03.263690,1.006477
2024-04-29 12:58:03.279310,1.2959
2024-04-29 12:58:03.294940,1.548135
2024-04-29 12:58:03.310560,1.794147
2024-04-29 12:58:03.326190,2.055078
2024-04-29 12:58:03.341820,2.28794
2024-04-29 12:58:03.357440,2.423822
2024-04-29 12:58:03.373070,2.393747
2024-04-29 12:58:03.388690,2.184895
2024-04-29 12:58:03.404320,1.866511
2024-04-29 12:58:03.419950,1.562158
2024-04-29 12:58:03.435570,1.393269
2024-04-29 12:58:03.451200,1.403537
2024-04-29 12:58:03.466820,1.53044
2024-04-29 12:58:03.482450,1.637623
2024-04-29 12:58:03.498070,1.598155
2024-04-29 12:58:03.513700,1.357082
2024-04-29 12:58:03.529330,0.9768243
2024-04-29 12:58:03.544950,0.5636058
2024-04-29 12:58:03.560580,0.1899791
2024-04-29 12:58:03.576200,-0.148159
2024-04-29 12:58:03.591830,-0.5036602
2024-04-29 12:58:03.607450,-0.9069512
2024-04-29 12:58:03.623080,-1.306115
2024-04-29 12:58:03.638710,-1.577702
2024-04-29 12:58:03.654330,-1.598266
2024-04-29 12:58:03.669960,-1.331586
2024-04-29 12:58:03.685580,-0.8728378
2024-04-29 12:58:03.701210,-0.41506
2024-04-29 12:58:03.716830,-0.1566517
2024-04-29 12:58:03.732460,-0.1978025
2024-04-29 12:58:03.748090,-0.5122187
2024-04-29 12:58:03.763710,-0.9570746
2024-04-29 12:58:03.779340,-1.346756
2024-04-29 12:58:03.794960,-1.535907
2024-04-29 12:58:03.810590,-1.47807
2024-04-29 12:58:03.826210,-1.232127
2024-04-29 12:58:03.841840,-0.9236836
2024-04-29 12:58:03.857470,-0.6929786
2024-04-29 12:58:03.873090,-0.629158
2024-04-29 12:58:03.888720,-0.7403402
2024-04-29 12:58:03.904340,-0.9820578
2024-04-29 12:58:03.919970,-1.28027
2024-04-29 12:58:03.935590,-1.56952
2024-04-29 12:58:03.951220,-1.812757
2024-04-29 12:58:03.966850,-1.997906
2024-04-29 12:58:03.982470,-2.107844
2024-04-29 12:58:03.998100,-2.120631
2024-04-29 12:58:04.013720,-2.006383
2024-04-29 12:58:04.029350,-1.751143
2024-04-29 12:58:04.044970,-1.380569
2024-04-29 12:58:04.060600,-0.9450839
2024-04-29 12:58:04.076230,-0.5010731
2024-04-29 12:58:04.091850,-0.07037854
2024-04-29 12:58:04.107480,0.3642807
2024-04-29 12:58:04.123100,0.8361857
2024-04-29 12:58:04.138730,1.35087
2024-04-29 12:58:04.154350,1.864081
2024-04-29 12:58:04.169980,2.285083
2024-04-29 12:58:04.185610,2.517595
2024-04-29 12:58:04.201230,2.505646
2024-04-29 12:58:04.216860,2.264223
2024-04-29 12:58:04.232480,1.876874
2024-04-29 12:58:04.248110,1.46189
2024-04-29 12:58:04.263730,1.119536
2024-04-29 12:58:04.279360,0.8926506
2024-04-29 12:58:04.294990,0.7824981
2024-04-29 12:58:04.310610,0.7658129
2024-04-29 12:58:04.326240,0.8327308
2024-04-29 12:58:04.341860,0.9895225
2024-04-29 12:58:04.357490,1.227391
2024-04-29 12:58:04.373110,1.498366
2024-04-29 12:58:04.388740,1.727765
2024-04-29 12:58:04.404370,1.834637
2024-04-29 12:58:04.419990,1.784328
2024-04-29 12:58:04.435620,1.606431
2024-04-29 12:58:04.451240,1.372519
2024-04-29 12:58:04.466870,1.139696
2024-04-29 12:58:04.482490,0.9187818
2024-04-29 12:58:04.498120,0.6609064
2024-04-29 12:58:04.513750,0.3208971
2024-04-29 12:58:04.529370,-0.08487332
2024-04-29 12:58:04.545000,-0.4730101
2024-04-29 12:58:04.560620,-0.7219183
2024-04-29 12:58:04.576250,-0.750977
2024-04-29 12:58:04.591870,-0.5717876
2024-04-29 12:58:04.607500,-0.2916677
2024-04-29 12:58:04.623130,-0.05744195
2024-04-29 12:58:04.638750,0.005672574
2024-04-29 12:58:04.654380,-0.1400979
2024-04-29 12:58:04.670000,-0.4425802
2024-04-29 12:58:04.685630,-0.7930772
2024-04-29 12:58:04.701250,-1.076994
2024-04-29 12:58:04.716880,-1.234674
2024-04-29 12:58:04.732510,-1.261215
2024-04-29 12:58:04.748130,-1.202449
2024-04-29 12:58:04.763760,-1.111995
2024-04-29 12:58:04.779380,-1.028999
2024-04-29 12:58:04.795010,-0.9450848
2024-04-29 12:58:04.810630,-0.842474
2024-04-29 12:58:04.826260,-0.7163048
2024-04-29 12:58:04.841890,-0.6166341
2024-04-29 12:58:04.857510,-0.6351936
2024-04-29 12:58:04.873140,-0.8615692
2024-04-29 12:58:04.888760,-1.302055
2024-04-29 12:58:04.904390,-1.846786
2024-04-29 12:58:04.920010,-2.283736
2024-04-29 12:58:04.935640,-2.375562
2024-04-29 12:58:04.951270,-1.985475
2024-04-29 12:58:04.966890,-1.137519
2024-04-29 12:58:04.982520,-0.02111387
2024-04-29 12:58:04.998140,1.076954
2024-04-29 12:58:05.013770,1.883451
2024-04-29 12:58:05.029390,2.235435
2024-04-29 12:58:05.045020,2.137741
2024-04-29 12:58:05.060650,1.730036
2024-04-29 12:58:05.076270,1.236271
2024-04-29 12:58:05.091900,0.8536551
2024-04-29 12:58:05.107520,0.6976357
2024-04-29 12:58:05.123150,0.7624595
2024-04-29 12:58:05.138770,0.937319
2024-04-29 12:58:05.154400,1.082375
2024-04-29 12:58:05.170030,1.097111
2024-04-29 12:58:05.185650,0.976723
2024-04-29 12:58:05.201280,0.8181882
2024-04-29 12:58:05.216900,0.7483141
2024-04-29 12:58:05.232530,0.8424404
2024-04-29 12:58:05.248150,1.054098
2024-04-29 12:58:05.263780,1.239219
2024-04-29 12:58:05.279410,1.22378
2024-04-29 12:58:05.295030,0.9370849
2024-04-29 12:58:05.310660,0.4578304
2024-04-29 12:58:05.326280,0.0001809597
2024-04-29 12:58:05.341910,-0.2106032
2024-04-29 12:58:05.357530,-0.07133532
2024-04-29 12:58:05.373160,0.3450201
2024-04-29 12:58:05.388790,0.8234081
2024-04-29 12:58:05.404410,1.138629
2024-04-29 12:58:05.420040,1.161276
2024-04-29 12:58:05.435660,0.9367549
2024-04-29 12:58:05.451290,0.6052854
2024-04-29 12:58:05.466910,0.3211265
2024-04-29 12:58:05.482540,0.1508651
2024-04-29 12:58:05.498170,0.0568409
2024-04-29 12:58:05.513790,-0.0457027
2024-04-29 12:58:05.529420,-0.2366886
2024-04-29 12:58:05.545040,-0.5182397
2024-04-29 12:58:05.560670,-0.8471751
2024-04-29 12:58:05.576290,-1.154261
2024-04-29 12:58:05.591920,-1.412584
2024-04-29 12:58:05.607550,-1.628612
2024-04-29 12:58:05.623170,-1.818639
2024-04-29 12:58:05.638800,-1.994421
2024-04-29 12:58:05.654420,-2.135921
2024-04-29 12:58:05.670050,-2.214174
2024-04-29 12:58:05.685670,-2.213887
2024-04-29 12:58:05.701300,-2.147761
2024-04-29 12:58:05.716930,-2.036341
2024-04-29 12:58:05.732550,-1.907738
2024-04-29 12:58:05.748180,-1.78851
2024-04-29 12:58:05.763800,-1.706543
2024-04-29 12:58:05.779430,-1.691121
2024-04-29 12:58:05.795050,-1.738121
2024-04-29 12:58:05.810680,-1.794406
2024-04-29 12:58:05.826310,-1.754339
2024-04-29 12:58:05.841930,-1.500587
2024-04-29 12:58:05.857560,-0.9750276
2024-04-29 12:58:05.873180,-0.2297444
2024-04-29 12:58:05.888810,0.5799561
2024-04-29 12:58:05.904430,1.271608
2024-04-29 12:58:05.920060,1.70903
2024-04-29 12:58:05.935690,1.887277
2024-04-29 12:58:05.951310,1.889534
2024-04-29 12:58:05.966940,1.828383
2024-04-29 12:58:05.982560,1.763119
2024-04-29 12:58:05.998190,1.689169
2024-04-29 12:58:06.013810,1.572917
2024-04-29 12:58:06.029440,1.405635
2024-04-29 12:58:06.045070,1.24006
2024-04-29 12:58:06.060690,1.157896
2024-04-29 12:58:06.076320,1.214524
2024-04-29 12:58:06.091940,1.393229
2024-04-29 12:58:06.107570,1.605396
2024-04-29 12:58:06.123200,1.747128
2024-04-29 12:58:06.138820,1.740565
2024-04-29 12:58:06.154450,1.583147
2024-04-29 12:58:06.170070,1.320498
2024-04-29 12:58:06.185700,1.042866
2024-04-29 12:58:06.201320,0.8200483
2024-04-29 12:58:06.216950,0.7008605
2024-04-29 12:58:06.232580,0.6791964
2024-04-29 12:58:06.248200,0.7330761
2024-04-29 12:58:06.263830,0.8099685
2024-04-29 12:58:06.279450,0.8618269
2024-04-29 12:58:06.295080,0.8521752
2024-04-29 12:58:06.310700,0.768373
2024-04-29 12:58:06.326330,0.6076822
2024-04-29 12:58:06.341960,0.3859491
2024-04-29 12:58:06.357580,0.1201568
2024-04-29 12:58:06.373210,-0.1812854
2024-04-29 12:58:06.388830,-0.5109043
2024-04-29 12:58:06.404460,-0.8372569
2024-04-29 12:58:06.420080,-1.145185
2024-04-29 12:58:06.435710,-1.3982
2024-04-29 12:58:06.451340,-1.573648
2024-04-29 12:58:06.466960,-1.669738
2024-04-29 12:58:06.482590,-1.718113
2024-04-29 12:58:06.498210,-1.757008
2024-04-29 12:58:06.513840,-1.819318
2024-04-29 12:58:06.529460,-1.915991
2024-04-29 12:58:06.545090,-2.030429
2024-04-29 12:58:06.560720,-2.149243
2024-04-29 12:58:06.576340,-2.244211
2024-04-29 12:58:06.591970,-2.305844
2024-04-29 12:58:06.607590,-2.304317
2024-04-29 12:58:06.623220,-2.212327
2024-04-29 12:58:06.638840,-2.01444
2024-04-29 12:58:06.654470,-1.737971
2024-04-29 12:58:06.670100,-1.456109
2024-04-29 12:58:06.685720,-1.252316
2024-04-29 12:58:06.701350,-1.196857
2024-04-29 12:58:06.716970,-1.271941
2024-04-29 12:58:06.732600,-1.38773
2024-04-29 12:58:06.748220,-1.404381
2024-04-29 12:58:06.763850,-1.204925
2024-04-29 12:58:06.779480,-0.7371593
2024-04-29 12:58:06.795100,-0.04878426
2024-04-29 12:58:06.810730,0.7663574
2024-04-29 12:58:06.826350,1.599567
2024-04-29 12:58:06.841980,2.367702
2024-04-29 12:58:06.857600,3.016623
2024-04-29 12:58:06.873230,3.492066
2024-04-29 12:58:06.888860,3.724874
2024-04-29 12:58:06.904480,3.649254
2024-04-29 12:58:06.920110,3.231618
2024-04-29 12:58:06.935730,2.514259
2024-04-29 12:58:06.951360,1.620052
2024-04-29 12:58:06.966980,0.7469807
2024-04-29 12:58:06.982610,0.1061034
2024-04-29 12:58:06.998240,-0.1496191
2024-04-29 12:58:07.013860,0.04264688
2024-04-29 12:58:07.029490,0.5893822
2024-04-29 12:58:07.045110,1.291478
2024-04-29 12:58:07.060740,1.903691
2024-04-29 12:58:07.076360,2.232646
2024-04-29 12:58:07.091990,2.18575
2024-04-29 12:58:07.107620,1.805182
2024-04-29 12:58:07.123240,1.227643
2024-04-29 12:58:07.138870,0.601481
2024-04-29 12:58:07.154490,0.0443511
2024-04-29 12:58:07.170120,-0.3819342
2024-04-29 12:58:07.185740,-0.6391912
2024-04-29 12:58:07.201370,-0.7075429
2024-04-29 12:58:07.217000,-0.5912395
2024-04-29 12:58:07.232620,-0.3213148
2024-04-29 12:58:07.248250,0.0008101463
2024-04-29 12:58:07.263870,0.2409062
2024-04-29 12:58:07.279500,0.2696867
2024-04-29 12:58:07.295120,0.03494358
2024-04-29 12:58:07.310750,-0.4208312
2024-04-29 12:58:07.326380,-0.9573693
2024-04-29 12:58:07.342000,-1.398386
2024-04-29 12:58:07.357630,-1.615455
2024-04-29 12:58:07.373250,-1.570573
2024-04-29 12:58:07.388880,-1.323873
2024-04-29 12:58:07.404500,-1.011069
2024-04-29 12:58:07.420130,-0.7759151
2024-04-29 12:58:07.435760,-0.7163887
2024-04-29 12:58:07.451380,-0.8630629
2024-04-29 12:58:07.467010,-1.162264
2024-04-29 12:58:07.482630,-1.513925
2024-04-29 12:58:07.498260,-1.828172
2024-04-29 12:58:07.513880,-2.025632
2024-04-29 12:58:07.529510,-2.100016
2024-04-29 12:58:07.545140,-2.080689
2024-04-29 12:58:07.560760,-2.038126
2024-04-29 12:58:07.576390,-2.048643
2024-04-29 12:58:07.592010,-2.181196
2024-04-29 12:58:07.607640,-2.443108
2024-04-29 12:58:07.623260,-2.75864
2024-04-29 12:58:07.638890,-2.972426
2024-04-29 12:58:07.654520,-2.887531
2024-04-29 12:58:07.670140,-2.361975
2024-04-29 12:58:07.685770,-1.374368
2024-04-29 12:58:07.701390,-0.06445837
2024-04-29 12:58:07.717020,1.297064
2024-04-29 12:58:07.732640,2.431508
2024-04-29 12:58:07.748270,3.127338
2024-04-29 12:58:07.763900,3.324069
2024-04-29 12:58:07.779520,3.096359
2024-04-29 12:58:07.795150,2.606932
2024-04-29 12:58:07.810770,2.030787
2024-04-29 12:58:07.826400,1.516773
2024-04-29 12:58:07.842020,1.158849
2024-04-29 12:58:07.857650,0.9826608
2024-04-29 12:58:07.873280,0.9639826
2024-04-29 12:58:07.888900,1.053974
2024-04-29 12:58:07.904530,1.199404
2024-04-29 12:58:07.920150,1.361963
2024-04-29 12:58:07.935780,1.509345
2024-04-29 12:58:07.951400,1.605777
2024-04-29 12:58:07.967030,1.610085
2024-04-29 12:58:07.982660,1.499958
2024-04-29 12:58:07.998280,1.281658
2024-04-29 12:58:08.013910,1.015738
2024-04-29 12:58:08.029530,0.7756777
2024-04-29 12:58:08.045160,0.6269765
2024-04-29 12:58:08.060780,0.562767
2024-04-29 12:58:08.076410,0.5232787
2024-04-29 12:58:08.092040,0.4237809
2024-04-29 12:58:08.107660,0.2160521
2024-04-29 12:58:08.123290,-0.066576
2024-04-29 12:58:08.138910,-0.318893
2024-04-29 12:58:08.154540,-0.4219069
2024-04-29 12:58:08.170160,-0.3217344
2024-04-29 12:58:08.185790,-0.06328106
2024-04-29 12:58:08.201420,0.2200122
2024-04-29 12:58:08.217040,0.3819237
2024-04-29 12:58:08.232670,0.3537054
2024-04-29 12:58:08.248290,0.1527672
2024-04-29 12:58:08.263920,-0.1141858
2024-04-29 12:58:08.279550,-0.3320689
2024-04-29 12:58:08.295170,-0.4420204
2024-04-29 12:58:08.310800,-0.4847455
2024-04-29 12:58:08.326420,-0.5603991
2024-04-29 12:58:08.342050,-0.7547235
2024-04-29 12:58:08.357670,-1.070531
2024-04-29 12:58:08.373300,-1.41198
2024-04-29 12:58:08.388930,-1.633257
2024-04-29 12:58:08.404550,-1.64809
2024-04-29 12:58:08.420180,-1.476067
2024-04-29 12:58:08.435800,-1.248909
2024-04-29 12:58:08.451430,-1.119833
2024-04-29 12:58:08.467050,-1.18394
2024-04-29 12:58:08.482680,-1.410649
2024-04-29 12:58:08.498310,-1.684417
2024-04-29 12:58:08.513930,-1.875151
2024-04-29 12:58:08.529560,-1.935873
2024-04-29 12:58:08.545180,-1.916521
2024-04-29 12:58:08.560810,-1.922534
2024-04-29 12:58:08.576430,-2.014857
2024-04-29 12:58:08.592060,-2.15635
2024-04-29 12:58:08.607690,-2.206813
2024-04-29 12:58:08.623310,-2.012038
2024-04-29 12:58:08.638940,-1.495872
2024-04-29 12:58:08.654560,-0.7175269
2024-04-29 12:58:08.670190,0.1615577
2024-04-29 12:58:08.685810,0.9553399
2024-04-29 12:58:08.701440,1.554969
2024-04-29 12:58:08.717070,1.956143
2024-04-29 12:58:08.732690,2.240147
2024-04-29 12:58:08.748320,2.47541
2024-04-29 12:58:08.763940,2.692181
2024-04-29 12:58:08.779570,2.842213
2024-04-29 12:58:08.795190,2.861729
2024-04-29 12:58:08.810820,2.707931
2024-04-29 12:58:08.826450,2.410662
2024-04-29 12:58:08.842070,2.047061
2024-04-29 12:58:08.857700,1.701763
2024-04-29 12:58:08.873320,1.413945
2024-04-29 12:58:08.888950,1.167435
2024-04-29 12:58:08.904570,0.9311996
2024-04-29 12:58:08.920200,0.6681089
2024-04-29 12:58:08.935830,0.3877745
2024-04-29 12:58:08.951450,0.1466303
2024-04-29 12:58:08.967080,0.01499462
2024-04-29 12:58:08.982700,0.04630089
2024-04-29 12:58:08.998330,0.2353268
2024-04-29 12:58:09.013950,0.5377359
2024-04-29 12:58:09.029580,0.8693986
2024-04-29 12:58:09.045210,1.157265
2024-04-29 12:58:09.060830,1.333908
2024-04-29 12:58:09.076460,1.38108
2024-04-29 12:58:09.092080,1.290881
2024-04-29 12:58:09.107710,1.091301
2024-04-29 12:58:09.123330,0.8090248
2024-04-29 12:58:09.138960,0.493175
2024-04-29 12:58:09.154590,0.2109418
2024-04-29 12:58:09.170210,0.01890945
2024-04-29 12:58:09.185840,-0.04453802
2024-04-29 12:58:09.201460,-0.01147127
2024-04-29 12:58:09.217090,0.02137756
2024-04-29 12:58:09.232710,-0.05391836
2024-04-29 12:58:09.248340,-0.3114195
2024-04-29 12:58:09.263970,-0.7369628
2024-04-29 12:58:09.279590,-1.248597
2024-04-29 12:58:09.295220,-1.732021
2024-04-29 12:58:09.310840,-2.115692
2024-04-29 12:58:09.326470,-2.36559
2024-04-29 12:58:09.342090,-2.497843
2024-04-29 12:58:09.357720,-2.513582
2024-04-29 12:58:09.373350,-2.413948
2024-04-29 12:58:09.388970,-2.20719
2024-04-29 12:58:09.404600,-1.932395
2024-04-29 12:58:09.420220,-1.675638
2024-04-29 12:58:09.435850,-1.526412
2024-04-29 12:58:09.451470,-1.531771
2024-04-29 12:58:09.467100,-1.645311
2024-04-29 12:58:09.482730,-1.748339
2024-04-29 12:58:09.498350,-1.73585
2024-04-29 12:58:09.513980,-1.581219
2024-04-29 12:58:09.529600,-1.383747
2024-04-29 12:58:09.545230,-1.286608
2024-04-29 12:58:09.560850,-1.385272
2024-04-29 12:58:09.576480,-1.635973
2024-04-29 12:58:09.592110,-1.858386
2024-04-29 12:58:09.607730,-1.822586
2024-04-29 12:58:09.623360,-1.397269
2024-04-29 12:58:09.638980,-0.6189661
2024-04-29 12:58:09.654610,0.3106813
2024-04-29 12:58:09.670230,1.132198
2024-04-29 12:58:09.685860,1.669551
2024-04-29 12:58:09.701490,1.896779
2024-04-29 12:58:09.717110,1.899862
2024-04-29 12:58:09.732740,1.820043
2024-04-29 12:58:09.748360,1.7376
2024-04-29 12:58:09.763990,1.663531
2024-04-29 12:58:09.779610,1.548305
2024-04-29 12:58:09.795240,1.359408
2024-04-29 12:58:09.810870,1.11229
2024-04-29 12:58:09.826490,0.884943
2024-04-29 12:58:09.842120,0.7545972
2024-04-29 12:58:09.857740,0.7651458
2024-04-29 12:58:09.873370,0.9035156
2024-04-29 12:58:09.888990,1.092103
2024-04-29 12:58:09.904620,1.238407
2024-04-29 12:58:09.920250,1.26645
2024-04-29 12:58:09.935870,1.159227
2024-04-29 12:58:09.951500,0.9645917
2024-04-29 12:58:09.967120,0.7832971
2024-04-29 12:58:09.982750,0.7078323
2024-04-29 12:58:09.998370,0.7526495
2024-04-29 12:58:10.014000,0.8644009
2024-04-29 12:58:10.029630,0.9128478
2024-04-29 12:58:10.045250,0.8146126
2024-04-29 12:58:10.060880,0.5753026
2024-04-29 12:58:10.076500,0.3045461
2024-04-29 12:58:10.092130,0.1308048
2024-04-29 12:58:10.107750,0.1173358
2024-04-29 12:58:10.123380,0.2024157
2024-04-29 12:58:10.139010,0.2311761
2024-04-29 12:58:10.154630,0.08293009
2024-04-29 12:58:10.170260,-0.2812629
2024-04-29 12:58:10.185880,-0.7457914
2024-04-29 12:58:10.201510,-1.132063
2024-04-29 12:58:10.217130,-1.294751
2024-04-29 12:58:10.232760,-1.191876
2024-04-29 12:58:10.248390,-0.9118321
2024-04-29 12:58:10.264010,-0.5964088
2024-04-29 12:58:10.279640,-0.3619936
2024-04-29 12:58:10.295260,-0.2313538
2024-04-29 12:58:10.310890,-0.1697726
2024-04-29 12:58:10.326510,-0.1142514
2024-04-29 12:58:10.342140,-0.05544376
2024-04-29 12:58:10.357770,-0.04603362
2024-04-29 12:58:10.373390,-0.1734891
2024-04-29 12:58:10.389020,-0.4850638
2024-04-29 12:58:10.404640,-0.942651
2024-04-29 12:58:10.420270,-1.408095
2024-04-29 12:58:10.435890,-1.701939
2024-04-29 12:58:10.451520,-1.723355
2024-04-29 12:58:10.467150,-1.499162
2024-04-29 12:58:10.482770,-1.185847
2024-04-29 12:58:10.498400,-0.9743247
2024-04-29 12:58:10.514020,-0.9716918
2024-04-29 12:58:10.529650,-1.12395
2024-04-29 12:58:10.545270,-1.264368
2024-04-29 12:58:10.560900,-1.214052
2024-04-29 12:58:10.576530,-0.8867831
2024-04-29 12:58:10.592150,-0.3472784
2024-04-29 12:58:10.607780,0.2473314
2024-04-29 12:58:10.623400,0.7703724
2024-04-29 12:58:10.639030,1.150357
2024-04-29 12:58:10.654650,1.408276
2024-04-29 12:58:10.670280,1.587249
2024-04-29 12:58:10.685910,1.69466
2024-04-29 12:58:10.701530,1.697785
2024-04-29 12:58:10.717160,1.575989
2024-04-29 12:58:10.732780,1.355693
2024-04-29 12:58:10.748410,1.121749
2024-04-29 12:58:10.764030,0.9656248
2024-04-29 12:58:10.779660,0.9223642
2024-04-29 12:58:10.795290,0.9561787
2024-04-29 12:58:10.810910,0.9934754
2024-04-29 12:58:10.826540,0.9826512
2024-04-29 12:58:10.842160,0.9455087
2024-04-29 12:58:10.857790,0.9420621
2024-04-29 12:58:10.873410,1.009933
2024-04-29 12:58:10.889040,1.138122
2024-04-29 12:58:10.904670,1.244948
2024-04-29 12:58:10.920290,1.240787
2024-04-29 12:58:10.935920,1.116517
2024-04-29 12:58:10.951540,0.962476
2024-04-29 12:58:10.967170,0.9224219
2024-04-29 12:58:10.982800,1.097172
2024-04-29 12:58:10.998420,1.464256
2024-04-29 12:58:11.014050,1.866763
2024-04-29 12:58:11.029670,2.103197
2024-04-29 12:58:11.045300,2.028572
2024-04-29 12:58:11.060920,1.622272
2024-04-29 12:58:11.076550,1.006615
2024-04-29 12:58:11.092180,0.3670835
2024-04-29 12:58:11.107800,-0.1639855
2024-04-29 12:58:11.123430,-0.5331841
2024-04-29 12:58:11.139050,-0.7836044
2024-04-29 12:58:11.154680,-0.9886532
2024-04-29 12:58:11.170300,-1.172409
2024-04-29 12:58:11.185930,-1.293983
2024-04-29 12:58:11.201560,-1.296387
2024-04-29 12:58:11.217180,-1.146667
2024-04-29 12:58:11.232810,-0.9055974
2024-04-29 12:58:11.248430,-0.714071
2024-04-29 12:58:11.264060,-0.7193921
2024-04-29 12:58:11.279680,-0.9807117
2024-04-29 12:58:11.295310,-1.438741
2024-04-29 12:58:11.310940,-1.924347
2024-04-29 12:58:11.326560,-2.252425
2024-04-29 12:58:11.342190,-2.311924
2024-04-29 12:58:11.357810,-2.129522
2024-04-29 12:58:11.373440,-1.837802
2024-04-29 12:58:11.389060,-1.577043
2024-04-29 12:58:11.404690,-1.414325
2024-04-29 12:58:11.420320,-1.318485
2024-04-29 12:58:11.435940,-1.222977
2024-04-29 12:58:11.451570,-1.0789
2024-04-29 12:58:11.467190,-0.9065993
2024-04-29 12:58:11.482820,-0.7598495
2024-04-29 12:58:11.498440,-0.647804
2024-04-29 12:58:11.514070,-0.5145845
2024-04-29 12:58:11.529700,-0.2532597
2024-04-29 12:58:11.545320,0.2024994
2024-04-29 12:58:11.560950,0.8178926
2024-04-29 12:58:11.576570,1.448304
2024-04-29 12:58:11.592200,1.911147
2024-04-29 12:58:11.607820,2.082999
2024-04-29 12:58:11.623450,1.958747
2024-04-29 12:58:11.639080,1.622562
2024-04-29 12:58:11.654700,1.183357
2024-04-29 12:58:11.670330,0.7347028
2024-04-29 12:58:11.685950,0.3276696
2024-04-29 12:58:11.701580,0.001536369
2024-04-29 12:58:11.717200,-0.1955492
2024-04-29 12:58:11.732830,-0.2231088
2024-04-29 12:58:11.748460,-0.07140136
2024-04-29 12:58:11.764080,0.2111177
2024-04-29 12:58:11.779710,0.5502055
2024-04-29 12:58:11.795330,0.8571444
2024-04-29 12:58:11.810960,1.074191
2024-04-29 12:58:11.826580,1.169715
2024-04-29 12:58:11.842210,1.132317
2024-04-29 12:58:11.857840,0.9515367
2024-04-29 12:58:11.873460,0.6311793
2024-04-29 12:58:11.889090,0.2168512
2024-04-29 12:58:11.904710,-0.1956155
2024-04-29 12:58:11.920340,-0.4768698
2024-04-29 12:58:11.935960,-0.5488722
2024-04-29 12:58:11.951590,-0.3998008
2024-04-29 12:58:11.967220,-0.1305065
2024-04-29 12:58:11.982840,0.117557
2024-04-29 12:58:11.998470,0.2343235
2024-04-29 12:58:12.014090,0.1846087
2024-04-29 12:58:12.029720,0.02227926
2024-04-29 12:58:12.045340,-0.1748028
2024-04-29 12:58:12.060970,-0.3401504
2024-04-29 12:58:12.076600,-0.4636178
2024-04-29 12:58:12.092220,-0.5560586
2024-04-29 12:58:12.107850,-0.6395025
2024-04-29 12:58:12.123470,-0.7112832
2024-04-29 12:58:12.139100,-0.7572644
2024-04-29 12:58:12.154720,-0.7819011
2024-04-29 12:58:12.170350,-0.7992442
2024-04-29 12:58:12.185980,-0.8617072
2024-04-29 12:58:12.201600,-1.006825
2024-04-29 12:58:12.217230,-1.253761
2024-04-29 12:58:12.232850,-1.572678
2024-04-29 12:58:12.248480,-1.889373
2024-04-29 12:58:12.264100,-2.104513
2024-04-29 12:58:12.279730,-2.131594
2024-04-29 12:58:12.295360,-1.934376
2024-04-29 12:58:12.310980,-1.552862
2024-04-29 12:58:12.326610,-1.131192
2024-04-29 12:58:12.342230,-0.8509672
2024-04-29 12:58:12.357860,-0.866704
2024-04-29 12:58:12.373480,-1.204837
2024-04-29 12:58:12.389110,-1.73827
2024-04-29 12:58:12.404740,-2.21062
2024-04-29 12:58:12.420360,-2.353916
2024-04-29 12:58:12.435990,-2.02223
2024-04-29 12:58:12.451610,-1.250326
2024-04-29 12:58:12.467240,-0.2425973
2024-04-29 12:58:12.482860,0.7756796
2024-04-29 12:58:12.498490,1.622681
2024-04-29 12:58:12.514120,2.237761
2024-04-29 12:58:12.529740,2.645694
2024-04-29 12:58:12.545370,2.880671
2024-04-29 12:58:12.560990,2.951994
2024-04-29 12:58:12.576620,2.821003
2024-04-29 12:58:12.592240,2.479726
2024-04-29 12:58:12.607870,1.967185
2024-04-29 12:58:12.623500,1.391994
2024-04-29 12:58:12.639120,0.8920195
2024-04-29 12:58:12.654750,0.574047
2024-04-29 12:58:12.670370,0.4594268
2024-04-29 12:58:12.686000,0.4804872
2024-04-29 12:58:12.701620,0.55232
2024-04-29 12:58:12.717250,0.5985889
2024-04-29 12:58:12.732880,0.5931492
2024-04-29 12:58:12.748500,0.5579072
2024-04-29 12:58:12.764130,0.5241179
2024-04-29 12:58:12.779750,0.4966776
2024-04-29 12:58:12.795380,0.4557934
2024-04-29 12:58:12.811000,0.3774179
2024-04-29 12:58:12.826630,0.2451035
2024-04-29 12:58:12.842260,0.09095263
2024-04-29 12:58:12.857880,-0.03875577
2024-04-29 12:58:12.873510,-0.09648025
2024-04-29 12:58:12.889130,-0.07799757
2024-04-29 12:58:12.904760,-0.001271367
2024-04-29 12:58:12.920380,0.09453082
2024-04-29 12:58:12.936010,0.1961824
2024-04-29 12:58:12.951640,0.3227915
2024-04-29 12:58:12.967260,0.4884642
2024-04-29 12:58:12.982890,0.7032847
