Datetime,valueBVP
2024-04-30 10:11:55.035920,-82.47656
2024-04-30 10:11:55.051550,-73.97696
2024-04-30 10:11:55.067170,-62.53613
2024-04-30 10:11:55.082800,-49.98679
2024-04-30 10:11:55.098430,-38.04877
2024-04-30 10:11:55.114050,-27.8439
2024-04-30 10:11:55.129680,-19.58832
2024-04-30 10:11:55.145300,-12.81927
2024-04-30 10:11:55.160930,-6.851563
2024-04-30 10:11:55.176550,-1.121216
2024-04-30 10:11:55.192180,4.536652
2024-04-30 10:11:55.207810,10.03345
2024-04-30 10:11:55.223430,15.17169
2024-04-30 10:11:55.239060,19.89957
2024-04-30 10:11:55.254680,24.27634
2024-04-30 10:11:55.270310,28.39218
2024-04-30 10:11:55.285930,32.22641
2024-04-30 10:11:55.301560,35.51196
2024-04-30 10:11:55.317190,37.86499
2024-04-30 10:11:55.332810,38.95667
2024-04-30 10:11:55.348440,38.67616
2024-04-30 10:11:55.364060,37.29102
2024-04-30 10:11:55.379690,35.34805
2024-04-30 10:11:55.395310,33.4149
2024-04-30 10:11:55.410940,31.89091
2024-04-30 10:11:55.426570,30.79163
2024-04-30 10:11:55.442190,29.77675
2024-04-30 10:11:55.457820,28.38039
2024-04-30 10:11:55.473440,26.20157
2024-04-30 10:11:55.489070,23.14142
2024-04-30 10:11:55.504690,19.47305
2024-04-30 10:11:55.520320,15.69044
2024-04-30 10:11:55.535950,12.30367
2024-04-30 10:11:55.551570,9.687988
2024-04-30 10:11:55.567200,7.935013
2024-04-30 10:11:55.582820,6.831024
2024-04-30 10:11:55.598450,5.906509
2024-04-30 10:11:55.614070,4.520767
2024-04-30 10:11:55.629700,1.979187
2024-04-30 10:11:55.645330,-2.206085
2024-04-30 10:11:55.660950,-8.281921
2024-04-30 10:11:55.676580,-16.00073
2024-04-30 10:11:55.692200,-24.57547
2024-04-30 10:11:55.707830,-32.76552
2024-04-30 10:11:55.723450,-39.16994
2024-04-30 10:11:55.739080,-42.60016
2024-04-30 10:11:55.754710,-42.4088
2024-04-30 10:11:55.770330,-38.78484
2024-04-30 10:11:55.785960,-32.52087
2024-04-30 10:11:55.801580,-24.86145
2024-04-30 10:11:55.817210,-16.92908
2024-04-30 10:11:55.832830,-9.349747
2024-04-30 10:11:55.848460,-2.160828
2024-04-30 10:11:55.864090,5.153259
2024-04-30 10:11:55.879710,13.21439
2024-04-30 10:11:55.895340,22.35312
2024-04-30 10:11:55.910960,32.32277
2024-04-30 10:11:55.926590,42.34572
2024-04-30 10:11:55.942210,51.31319
2024-04-30 10:11:55.957840,58.26025
2024-04-30 10:11:55.973470,62.69722
2024-04-30 10:11:55.989090,64.68282
2024-04-30 10:11:56.004720,64.79726
2024-04-30 10:11:56.020340,63.71545
2024-04-30 10:11:56.035970,61.8842
2024-04-30 10:11:56.051590,59.42471
2024-04-30 10:11:56.067220,56.17308
2024-04-30 10:11:56.082850,51.92816
2024-04-30 10:11:56.098470,46.68217
2024-04-30 10:11:56.114100,40.70622
2024-04-30 10:11:56.129720,34.3904
2024-04-30 10:11:56.145350,28.16833
2024-04-30 10:11:56.176600,16.57361
2024-04-30 10:11:56.192230,10.87057
2024-04-30 10:11:56.207850,4.786148
2024-04-30 10:11:56.223480,-1.922302
2024-04-30 10:11:56.239100,-9.346466
2024-04-30 10:11:56.254730,-17.25777
2024-04-30 10:11:56.270350,-25.26466
2024-04-30 10:11:56.285980,-32.77217
2024-04-30 10:11:56.301610,-39.23846
2024-04-30 10:11:56.317230,-44.32657
2024-04-30 10:11:56.332860,-48.08919
2024-04-30 10:11:56.348480,-51.0248
2024-04-30 10:11:56.364110,-53.88416
2024-04-30 10:11:56.379730,-57.50453
2024-04-30 10:11:56.395360,-62.42805
2024-04-30 10:11:56.410990,-68.66982
2024-04-30 10:11:56.426610,-75.59897
2024-04-30 10:11:56.442240,-82.00914
2024-04-30 10:11:56.457860,-86.39828
2024-04-30 10:11:56.473490,-87.31926
2024-04-30 10:11:56.489110,-83.86226
2024-04-30 10:11:56.504740,-75.86858
2024-04-30 10:11:56.520370,-64.0788
2024-04-30 10:11:56.535990,-49.86951
2024-04-30 10:11:56.551620,-34.90125
2024-04-30 10:11:56.567240,-20.65599
2024-04-30 10:11:56.582870,-8.117645
2024-04-30 10:11:56.598490,2.400009
2024-04-30 10:11:56.614120,11.12445
2024-04-30 10:11:56.629750,18.56322
2024-04-30 10:11:56.645370,25.23891
2024-04-30 10:11:56.661000,31.4218
2024-04-30 10:11:56.676620,37.13226
2024-04-30 10:11:56.692250,42.16949
2024-04-30 10:11:56.707870,46.27713
2024-04-30 10:11:56.723500,49.28786
2024-04-30 10:11:56.739130,51.16586
2024-04-30 10:11:56.754750,52.05885
2024-04-30 10:11:56.770380,52.1707
2024-04-30 10:11:56.786000,51.7114
2024-04-30 10:11:56.801630,50.7823
2024-04-30 10:11:56.817250,49.45081
2024-04-30 10:11:56.832880,47.70827
2024-04-30 10:11:56.848510,45.5719
2024-04-30 10:11:56.864130,43.10754
2024-04-30 10:11:56.879760,40.40167
2024-04-30 10:11:56.895380,37.53415
2024-04-30 10:11:56.911010,34.53651
2024-04-30 10:11:56.926630,31.33519
2024-04-30 10:11:56.942260,27.80128
2024-04-30 10:11:56.957890,23.76039
2024-04-30 10:11:56.973510,19.03731
2024-04-30 10:11:56.989140,13.57346
2024-04-30 10:11:57.004760,7.473938
2024-04-30 10:11:57.020390,0.9750671
2024-04-30 10:11:57.036020,-5.592255
2024-04-30 10:11:57.051640,-11.87907
2024-04-30 10:11:57.067270,-17.7131
2024-04-30 10:11:57.082890,-23.12282
2024-04-30 10:11:57.098520,-28.31046
2024-04-30 10:11:57.114140,-33.63047
2024-04-30 10:11:57.129770,-39.4613
2024-04-30 10:11:57.145400,-46.11105
2024-04-30 10:11:57.161020,-53.75024
2024-04-30 10:11:57.176650,-62.28963
2024-04-30 10:11:57.192270,-71.18675
2024-04-30 10:11:57.207900,-79.36395
2024-04-30 10:11:57.223520,-85.29906
2024-04-30 10:11:57.239150,-87.31509
2024-04-30 10:11:57.254780,-84.15807
2024-04-30 10:11:57.270400,-75.50128
2024-04-30 10:11:57.286030,-62.21959
2024-04-30 10:11:57.301650,-46.20558
2024-04-30 10:11:57.317280,-29.72939
2024-04-30 10:11:57.332900,-14.72062
2024-04-30 10:11:57.348530,-2.217682
2024-04-30 10:11:57.364160,7.751236
2024-04-30 10:11:57.379780,15.83674
2024-04-30 10:11:57.395410,22.85155
2024-04-30 10:11:57.411030,29.3784
2024-04-30 10:11:57.426660,35.52427
2024-04-30 10:11:57.442280,41.05664
2024-04-30 10:11:57.457910,45.64447
2024-04-30 10:11:57.473540,49.06434
2024-04-30 10:11:57.489160,51.2928
2024-04-30 10:11:57.504790,52.54895
2024-04-30 10:11:57.520410,53.1543
2024-04-30 10:11:57.536040,53.38417
2024-04-30 10:11:57.551660,53.43298
2024-04-30 10:11:57.567290,53.36618
2024-04-30 10:11:57.582920,53.15758
2024-04-30 10:11:57.598540,52.78454
2024-04-30 10:11:57.614170,52.26835
2024-04-30 10:11:57.629790,51.56976
2024-04-30 10:11:57.645420,50.5742
2024-04-30 10:11:57.661040,49.06029
2024-04-30 10:11:57.676670,46.69863
2024-04-30 10:11:57.692300,43.22707
2024-04-30 10:11:57.707920,38.58298
2024-04-30 10:11:57.723550,32.9523
2024-04-30 10:11:57.739170,26.75243
2024-04-30 10:11:57.754800,20.4372
2024-04-30 10:11:57.770420,14.33843
2024-04-30 10:11:57.786050,8.613892
2024-04-30 10:11:57.801680,3.230057
2024-04-30 10:11:57.817300,-1.894814
2024-04-30 10:11:57.832930,-6.810471
2024-04-30 10:11:57.848550,-11.51584
2024-04-30 10:11:57.864180,-16.00037
2024-04-30 10:11:57.879800,-20.29611
2024-04-30 10:11:57.895430,-24.53711
2024-04-30 10:11:57.911060,-29.01301
2024-04-30 10:11:57.926680,-34.11652
2024-04-30 10:11:57.942310,-40.28467
2024-04-30 10:11:57.957930,-47.82812
2024-04-30 10:11:57.973560,-56.59122
2024-04-30 10:11:57.989180,-65.76231
2024-04-30 10:11:58.004810,-73.84071
2024-04-30 10:11:58.020440,-78.89177
2024-04-30 10:11:58.036060,-79.09737
2024-04-30 10:11:58.051690,-73.51014
2024-04-30 10:11:58.067310,-62.46669
2024-04-30 10:11:58.082940,-47.62926
2024-04-30 10:11:58.098560,-31.4428
2024-04-30 10:11:58.114190,-16.20468
2024-04-30 10:11:58.129820,-3.44701
2024-04-30 10:11:58.145440,6.452671
2024-04-30 10:11:58.161070,14.00663
2024-04-30 10:11:58.176690,20.1307
2024-04-30 10:11:58.192320,25.52381
2024-04-30 10:11:58.207940,30.4493
2024-04-30 10:11:58.223570,34.7333
2024-04-30 10:11:58.239200,38.07002
2024-04-30 10:11:58.254820,40.31482
2024-04-30 10:11:58.270450,41.56159
2024-04-30 10:11:58.286070,42.09957
2024-04-30 10:11:58.301700,42.24388
2024-04-30 10:11:58.317320,42.14154
2024-04-30 10:11:58.332950,41.7718
2024-04-30 10:11:58.348580,41.04588
2024-04-30 10:11:58.364200,39.87066
2024-04-30 10:11:58.379830,38.25433
2024-04-30 10:11:58.395450,36.31463
2024-04-30 10:11:58.411080,34.21925
2024-04-30 10:11:58.426700,32.13347
2024-04-30 10:11:58.442330,30.13903
2024-04-30 10:11:58.457960,28.13768
2024-04-30 10:11:58.473580,25.88549
2024-04-30 10:11:58.489210,23.05896
2024-04-30 10:11:58.504830,19.38606
2024-04-30 10:11:58.520460,14.75389
2024-04-30 10:11:58.536080,9.27713
2024-04-30 10:11:58.551710,3.292213
2024-04-30 10:11:58.567340,-2.748119
2024-04-30 10:11:58.582960,-8.376244
2024-04-30 10:11:58.598590,-13.35251
2024-04-30 10:11:58.614210,-17.61595
2024-04-30 10:11:58.629840,-21.36922
2024-04-30 10:11:58.645460,-24.9916
2024-04-30 10:11:58.661090,-28.94028
2024-04-30 10:11:58.676720,-33.65992
2024-04-30 10:11:58.692340,-39.51713
2024-04-30 10:11:58.707970,-46.59621
2024-04-30 10:11:58.723590,-54.45992
2024-04-30 10:11:58.739220,-62.02042
2024-04-30 10:11:58.754840,-67.62146
2024-04-30 10:11:58.770470,-69.4866
2024-04-30 10:11:58.786100,-66.35973
2024-04-30 10:11:58.801720,-58.01521
2024-04-30 10:11:58.817350,-45.47689
2024-04-30 10:11:58.832970,-30.68177
2024-04-30 10:11:58.848600,-15.8353
2024-04-30 10:11:58.864220,-2.70969
2024-04-30 10:11:58.879850,7.88343
2024-04-30 10:11:58.895480,15.97569
2024-04-30 10:11:58.911100,22.11126
2024-04-30 10:11:58.926730,26.84437
2024-04-30 10:11:58.942350,30.45499
2024-04-30 10:11:58.957980,32.95252
2024-04-30 10:11:58.973600,34.28273
2024-04-30 10:11:58.989230,34.57011
2024-04-30 10:11:59.004860,34.16385
2024-04-30 10:11:59.020480,33.56384
2024-04-30 10:11:59.036110,33.17748
2024-04-30 10:11:59.051730,33.18441
2024-04-30 10:11:59.067360,33.43117
2024-04-30 10:11:59.082980,33.55115
2024-04-30 10:11:59.098610,33.1363
2024-04-30 10:11:59.114240,31.96567
2024-04-30 10:11:59.129860,30.11617
2024-04-30 10:11:59.145490,27.8988
2024-04-30 10:11:59.161110,25.6928
2024-04-30 10:11:59.176740,23.74236
2024-04-30 10:11:59.192360,22.04051
2024-04-30 10:11:59.207990,20.26698
2024-04-30 10:11:59.223620,18.00526
2024-04-30 10:11:59.239240,14.8853
2024-04-30 10:11:59.254870,10.78379
2024-04-30 10:11:59.270490,5.892399
2024-04-30 10:11:59.286120,0.651474
2024-04-30 10:11:59.301740,-4.412849
2024-04-30 10:11:59.317370,-8.961784
2024-04-30 10:11:59.333000,-12.90052
2024-04-30 10:11:59.348620,-16.44569
2024-04-30 10:11:59.364250,-20.06026
2024-04-30 10:11:59.379870,-24.31964
2024-04-30 10:11:59.395500,-29.754
2024-04-30 10:11:59.411120,-36.66784
2024-04-30 10:11:59.426750,-44.86934
2024-04-30 10:11:59.442380,-53.54937
2024-04-30 10:11:59.458000,-61.30412
2024-04-30 10:11:59.473630,-66.41598
2024-04-30 10:11:59.489250,-67.33527
2024-04-30 10:11:59.504880,-63.24736
2024-04-30 10:11:59.520500,-54.37226
2024-04-30 10:11:59.536130,-42.00317
2024-04-30 10:11:59.551760,-28.02132
2024-04-30 10:11:59.567380,-14.32404
2024-04-30 10:11:59.583010,-2.306843
2024-04-30 10:11:59.598630,7.414309
2024-04-30 10:11:59.614260,14.90436
2024-04-30 10:11:59.629890,20.67085
2024-04-30 10:11:59.645510,25.27509
2024-04-30 10:11:59.661140,29.11814
2024-04-30 10:11:59.676760,32.30563
2024-04-30 10:11:59.692390,34.7735
2024-04-30 10:11:59.708010,36.36639
2024-04-30 10:11:59.723640,37.04169
2024-04-30 10:11:59.739270,36.95197
2024-04-30 10:11:59.754890,36.41338
2024-04-30 10:11:59.770520,35.7521
2024-04-30 10:11:59.786140,35.14234
2024-04-30 10:11:59.801770,34.49609
2024-04-30 10:11:59.817390,33.51987
2024-04-30 10:11:59.833020,31.95603
2024-04-30 10:11:59.848650,29.80309
2024-04-30 10:11:59.864270,27.35682
2024-04-30 10:11:59.879900,25.12065
2024-04-30 10:11:59.895520,23.48124
2024-04-30 10:11:59.911150,22.44111
2024-04-30 10:11:59.926770,21.50616
2024-04-30 10:11:59.942400,19.94977
2024-04-30 10:11:59.958030,17.06091
2024-04-30 10:11:59.973650,12.52147
2024-04-30 10:11:59.989280,6.584833
2024-04-30 10:12:00.004900,-0.09510231
2024-04-30 10:12:00.020530,-6.728306
2024-04-30 10:12:00.036150,-12.72049
2024-04-30 10:12:00.051780,-17.84616
2024-04-30 10:12:00.067410,-22.37275
2024-04-30 10:12:00.083030,-26.83319
2024-04-30 10:12:00.098660,-31.85068
2024-04-30 10:12:00.114280,-37.93654
2024-04-30 10:12:00.129910,-45.24415
2024-04-30 10:12:00.145530,-53.4388
2024-04-30 10:12:00.161160,-61.6396
2024-04-30 10:12:00.176790,-68.50671
2024-04-30 10:12:00.192410,-72.51492
2024-04-30 10:12:00.208040,-72.39839
2024-04-30 10:12:00.223660,-67.57011
2024-04-30 10:12:00.239290,-58.41111
2024-04-30 10:12:00.254910,-46.17916
2024-04-30 10:12:00.270540,-32.64069
2024-04-30 10:12:00.286170,-19.50897
2024-04-30 10:12:00.301790,-7.900955
2024-04-30 10:12:00.317420,1.823303
2024-04-30 10:12:00.333040,9.949237
2024-04-30 10:12:00.348670,17.0122
2024-04-30 10:12:00.364290,23.39374
2024-04-30 10:12:00.379920,29.10723
2024-04-30 10:12:00.395550,33.82743
2024-04-30 10:12:00.411170,37.18494
2024-04-30 10:12:00.426800,39.01702
2024-04-30 10:12:00.442420,39.49723
2024-04-30 10:12:00.458050,39.06846
2024-04-30 10:12:00.473670,38.17124
2024-04-30 10:12:00.489300,37.08596
2024-04-30 10:12:00.504930,35.84523
2024-04-30 10:12:00.520550,34.34602
2024-04-30 10:12:00.536180,32.48019
2024-04-30 10:12:00.551800,30.35736
2024-04-30 10:12:00.567430,28.22913
2024-04-30 10:12:00.583050,26.40031
2024-04-30 10:12:00.598680,25.02275
2024-04-30 10:12:00.614310,23.91216
2024-04-30 10:12:00.629930,22.62386
2024-04-30 10:12:00.645560,20.59993
2024-04-30 10:12:00.661180,17.38481
2024-04-30 10:12:00.676810,12.88127
2024-04-30 10:12:00.692430,7.359529
2024-04-30 10:12:00.708060,1.368835
2024-04-30 10:12:00.723690,-4.434665
2024-04-30 10:12:00.739310,-9.526472
2024-04-30 10:12:00.754940,-13.72462
2024-04-30 10:12:00.770560,-17.20712
2024-04-30 10:12:00.786190,-20.50866
2024-04-30 10:12:00.801810,-24.34751
2024-04-30 10:12:00.817440,-29.3956
2024-04-30 10:12:00.833070,-36.05208
2024-04-30 10:12:00.848690,-44.2189
2024-04-30 10:12:00.864320,-53.15007
2024-04-30 10:12:00.879940,-61.45145
2024-04-30 10:12:00.895570,-67.3501
2024-04-30 10:12:00.911190,-69.17454
2024-04-30 10:12:00.926820,-65.90025
2024-04-30 10:12:00.942450,-57.62753
2024-04-30 10:12:00.958070,-45.5929
2024-04-30 10:12:00.973700,-31.82085
2024-04-30 10:12:00.989320,-18.39024
2024-04-30 10:12:01.004950,-6.784996
2024-04-30 10:12:01.020570,2.533018
2024-04-30 10:12:01.036200,9.983637
2024-04-30 10:12:01.051830,16.39691
2024-04-30 10:12:01.067450,22.43995
2024-04-30 10:12:01.083080,28.25339
2024-04-30 10:12:01.098700,33.46762
2024-04-30 10:12:01.114330,37.51898
2024-04-30 10:12:01.129950,40.03915
2024-04-30 10:12:01.145580,41.12228
2024-04-30 10:12:01.161210,41.19822
2024-04-30 10:12:01.176830,40.84494
2024-04-30 10:12:01.192460,40.48054
2024-04-30 10:12:01.208080,40.16521
2024-04-30 10:12:01.223710,39.64322
2024-04-30 10:12:01.239330,38.56738
2024-04-30 10:12:01.254960,36.72713
2024-04-30 10:12:01.270590,34.18355
2024-04-30 10:12:01.286210,31.29756
2024-04-30 10:12:01.301840,28.49031
2024-04-30 10:12:01.317460,26.09443
2024-04-30 10:12:01.333090,24.10912
2024-04-30 10:12:01.348710,22.16034
2024-04-30 10:12:01.364340,19.69593
2024-04-30 10:12:01.379970,16.2265
2024-04-30 10:12:01.395590,11.53766
2024-04-30 10:12:01.411220,5.823219
2024-04-30 10:12:01.426840,-0.3863983
2024-04-30 10:12:01.442470,-6.483418
2024-04-30 10:12:01.458090,-11.9781
2024-04-30 10:12:01.473720,-16.67664
2024-04-30 10:12:01.489350,-20.79492
2024-04-30 10:12:01.504970,-24.76446
2024-04-30 10:12:01.520600,-29.16299
2024-04-30 10:12:01.536220,-34.51789
2024-04-30 10:12:01.551850,-41.17523
2024-04-30 10:12:01.567470,-49.13116
2024-04-30 10:12:01.583100,-57.88426
2024-04-30 10:12:01.598730,-66.32168
2024-04-30 10:12:01.614350,-72.84713
2024-04-30 10:12:01.629980,-75.80339
2024-04-30 10:12:01.645600,-73.88246
2024-04-30 10:12:01.661230,-66.75903
2024-04-30 10:12:01.676850,-55.21739
2024-04-30 10:12:01.692480,-40.94188
2024-04-30 10:12:01.708110,-25.99711
2024-04-30 10:12:01.723730,-12.14203
2024-04-30 10:12:01.739360,-0.355793
2024-04-30 10:12:01.754980,9.271317
2024-04-30 10:12:01.770610,17.20584
2024-04-30 10:12:01.786230,24.11801
2024-04-30 10:12:01.801860,30.36733
2024-04-30 10:12:01.817490,35.95921
2024-04-30 10:12:01.833110,40.62878
2024-04-30 10:12:01.848740,44.08579
2024-04-30 10:12:01.864360,46.25266
2024-04-30 10:12:01.879990,47.30267
2024-04-30 10:12:01.895620,47.59495
2024-04-30 10:12:01.911240,47.50514
2024-04-30 10:12:01.926870,47.26923
2024-04-30 10:12:01.942490,46.90847
2024-04-30 10:12:01.958120,46.26572
2024-04-30 10:12:01.973740,45.24541
2024-04-30 10:12:01.989370,43.83627
2024-04-30 10:12:02.005000,42.22004
2024-04-30 10:12:02.020620,40.6258
2024-04-30 10:12:02.036250,39.20982
2024-04-30 10:12:02.051870,37.8631
2024-04-30 10:12:02.067500,36.20242
2024-04-30 10:12:02.083120,33.6712
2024-04-30 10:12:02.098750,29.77979
2024-04-30 10:12:02.114380,24.33649
2024-04-30 10:12:02.130000,17.5535
2024-04-30 10:12:02.145630,10.06808
2024-04-30 10:12:02.161250,2.662933
2024-04-30 10:12:02.176880,-3.942711
2024-04-30 10:12:02.192500,-9.347565
2024-04-30 10:12:02.208130,-13.60894
2024-04-30 10:12:02.223760,-17.16598
2024-04-30 10:12:02.239380,-20.67501
2024-04-30 10:12:02.255010,-24.82115
2024-04-30 10:12:02.270630,-30.15506
2024-04-30 10:12:02.286260,-36.87902
2024-04-30 10:12:02.301880,-44.70702
2024-04-30 10:12:02.317510,-52.77292
2024-04-30 10:12:02.333140,-59.68882
2024-04-30 10:12:02.348760,-63.85966
2024-04-30 10:12:02.364390,-63.90302
2024-04-30 10:12:02.380010,-59.19992
2024-04-30 10:12:02.395640,-50.13194
2024-04-30 10:12:02.411260,-38.06581
2024-04-30 10:12:02.426890,-24.82415
2024-04-30 10:12:02.442520,-12.09287
2024-04-30 10:12:02.458140,-0.9360504
2024-04-30 10:12:02.473770,8.335838
2024-04-30 10:12:02.489390,16.0108
2024-04-30 10:12:02.505020,22.53244
2024-04-30 10:12:02.520640,28.17512
2024-04-30 10:12:02.536270,32.92741
2024-04-30 10:12:02.551900,36.59723
2024-04-30 10:12:02.567520,39.04555
2024-04-30 10:12:02.583150,40.31232
2024-04-30 10:12:02.598770,40.70229
2024-04-30 10:12:02.614400,40.6026
2024-04-30 10:12:02.630020,40.35223
2024-04-30 10:12:02.645650,40.1013
2024-04-30 10:12:02.661280,39.80609
2024-04-30 10:12:02.676900,39.2825
2024-04-30 10:12:02.692530,38.39373
2024-04-30 10:12:02.708150,37.16698
2024-04-30 10:12:02.723780,35.73544
2024-04-30 10:12:02.739400,34.34217
2024-04-30 10:12:02.755030,33.10957
2024-04-30 10:12:02.770660,31.9349
2024-04-30 10:12:02.786280,30.3948
2024-04-30 10:12:02.801910,27.9159
2024-04-30 10:12:02.817530,24.00922
2024-04-30 10:12:02.833160,18.56618
2024-04-30 10:12:02.848780,11.95361
2024-04-30 10:12:02.864410,4.93121
2024-04-30 10:12:02.880040,-1.64875
2024-04-30 10:12:02.895660,-7.146355
2024-04-30 10:12:02.911290,-11.37181
2024-04-30 10:12:02.926910,-14.70425
2024-04-30 10:12:02.942540,-17.85456
2024-04-30 10:12:02.958160,-21.63449
2024-04-30 10:12:02.973790,-26.70306
2024-04-30 10:12:02.989420,-33.30627
2024-04-30 10:12:03.005040,-41.17314
2024-04-30 10:12:03.020670,-49.46053
2024-04-30 10:12:03.036290,-56.76924
2024-04-30 10:12:03.051920,-61.48866
2024-04-30 10:12:03.067540,-62.18183
2024-04-30 10:12:03.083170,-58.11073
2024-04-30 10:12:03.098800,-49.56281
2024-04-30 10:12:03.114420,-37.84739
2024-04-30 10:12:03.130050,-24.84076
2024-04-30 10:12:03.145670,-12.40593
2024-04-30 10:12:03.161300,-1.738121
2024-04-30 10:12:03.176920,6.86208
2024-04-30 10:12:03.192550,13.78197
2024-04-30 10:12:03.208180,19.70227
2024-04-30 10:12:03.223800,25.09575
2024-04-30 10:12:03.239430,29.99446
2024-04-30 10:12:03.255050,34.10579
2024-04-30 10:12:03.270680,37.08985
2024-04-30 10:12:03.286300,38.83235
2024-04-30 10:12:03.301930,39.51522
2024-04-30 10:12:03.317560,39.51905
2024-04-30 10:12:03.333180,39.20959
2024-04-30 10:12:03.348810,38.77434
2024-04-30 10:12:03.364430,38.20052
2024-04-30 10:12:03.380060,37.34515
2024-04-30 10:12:03.395680,36.08053
2024-04-30 10:12:03.411310,34.39516
2024-04-30 10:12:03.426940,32.41544
2024-04-30 10:12:03.442560,30.29959
2024-04-30 10:12:03.458190,28.21081
2024-04-30 10:12:03.473810,26.16123
2024-04-30 10:12:03.489440,24.04152
2024-04-30 10:12:03.505060,21.60147
2024-04-30 10:12:03.520690,18.56664
2024-04-30 10:12:03.536320,14.70944
2024-04-30 10:12:03.551940,9.982813
2024-04-30 10:12:03.567570,4.536678
2024-04-30 10:12:03.583190,-1.272022
2024-04-30 10:12:03.598820,-6.970749
2024-04-30 10:12:03.614440,-12.18622
2024-04-30 10:12:03.630070,-16.7187
2024-04-30 10:12:03.645700,-20.65482
2024-04-30 10:12:03.661320,-24.35273
2024-04-30 10:12:03.676950,-28.24181
2024-04-30 10:12:03.692570,-32.79446
2024-04-30 10:12:03.708200,-38.29835
2024-04-30 10:12:03.723820,-44.80371
2024-04-30 10:12:03.739450,-52.01012
2024-04-30 10:12:03.755080,-59.18985
2024-04-30 10:12:03.770700,-65.21619
2024-04-30 10:12:03.786330,-68.74994
2024-04-30 10:12:03.801950,-68.72807
2024-04-30 10:12:03.817580,-64.60648
2024-04-30 10:12:03.833200,-56.75961
2024-04-30 10:12:03.848830,-46.28284
2024-04-30 10:12:03.864460,-34.72566
2024-04-30 10:12:03.880080,-23.57519
2024-04-30 10:12:03.895710,-13.7569
2024-04-30 10:12:03.926960,1.281879
2024-04-30 10:12:03.942580,7.136965
2024-04-30 10:12:03.958210,12.30537
2024-04-30 10:12:03.973840,16.72955
2024-04-30 10:12:03.989460,20.19219
2024-04-30 10:12:04.005090,22.40668
2024-04-30 10:12:04.020710,23.22327
2024-04-30 10:12:04.036340,22.71044
2024-04-30 10:12:04.051970,21.18419
2024-04-30 10:12:04.067590,19.02615
2024-04-30 10:12:04.083220,16.60159
2024-04-30 10:12:04.098840,14.1851
2024-04-30 10:12:04.114470,11.83244
2024-04-30 10:12:04.130090,9.462234
2024-04-30 10:12:04.145720,6.946239
2024-04-30 10:12:04.161350,4.16737
2024-04-30 10:12:04.176970,1.155312
2024-04-30 10:12:04.192600,-1.930546
2024-04-30 10:12:04.208220,-4.859566
2024-04-30 10:12:04.223850,-7.460644
2024-04-30 10:12:04.239470,-9.684397
2024-04-30 10:12:04.255100,-11.74887
2024-04-30 10:12:04.270730,-13.98488
2024-04-30 10:12:04.286350,-16.73378
2024-04-30 10:12:04.301980,-20.20782
2024-04-30 10:12:04.317600,-24.3383
2024-04-30 10:12:04.333230,-28.861
2024-04-30 10:12:04.348850,-33.3598
2024-04-30 10:12:04.364480,-37.40479
2024-04-30 10:12:04.380110,-40.62949
2024-04-30 10:12:04.395730,-42.89524
2024-04-30 10:12:04.411360,-44.19859
2024-04-30 10:12:04.426980,-44.76617
2024-04-30 10:12:04.442610,-45.04527
2024-04-30 10:12:04.458230,-45.61967
2024-04-30 10:12:04.473860,-47.10242
2024-04-30 10:12:04.489490,-49.90055
2024-04-30 10:12:04.505110,-53.83765
2024-04-30 10:12:04.520740,-58.02407
2024-04-30 10:12:04.536360,-60.97484
2024-04-30 10:12:04.551990,-60.99175
2024-04-30 10:12:04.567610,-56.82448
2024-04-30 10:12:04.583240,-48.23086
2024-04-30 10:12:04.598870,-36.12579
2024-04-30 10:12:04.614490,-22.268
2024-04-30 10:12:04.630120,-8.640608
2024-04-30 10:12:04.645740,3.262721
2024-04-30 10:12:04.661370,12.85913
2024-04-30 10:12:04.676990,20.4148
2024-04-30 10:12:04.692620,26.7098
2024-04-30 10:12:04.708250,32.48691
2024-04-30 10:12:04.723870,38.07095
2024-04-30 10:12:04.739500,43.338
2024-04-30 10:12:04.755120,47.86819
2024-04-30 10:12:04.770750,51.2611
2024-04-30 10:12:04.786370,53.40398
2024-04-30 10:12:04.802000,54.50606
2024-04-30 10:12:04.817630,55.00961
2024-04-30 10:12:04.833250,55.4095
2024-04-30 10:12:04.848880,55.95813
2024-04-30 10:12:04.864500,56.61198
2024-04-30 10:12:04.880130,57.12716
2024-04-30 10:12:04.895750,57.23773
2024-04-30 10:12:04.911380,56.84169
2024-04-30 10:12:04.927010,56.12037
2024-04-30 10:12:04.942630,55.3912
2024-04-30 10:12:04.958260,54.88015
2024-04-30 10:12:04.973880,54.57343
2024-04-30 10:12:04.989510,54.10705
2024-04-30 10:12:05.005130,52.87684
2024-04-30 10:12:05.020760,50.34945
2024-04-30 10:12:05.036390,46.23063
2024-04-30 10:12:05.052010,40.60686
2024-04-30 10:12:05.067640,33.90637
2024-04-30 10:12:05.083260,26.76517
2024-04-30 10:12:05.098890,19.78335
2024-04-30 10:12:05.114510,13.40702
2024-04-30 10:12:05.130140,7.817444
2024-04-30 10:12:05.145770,2.910564
2024-04-30 10:12:05.161390,-1.565006
2024-04-30 10:12:05.177020,-6.025311
2024-04-30 10:12:05.192640,-10.84985
2024-04-30 10:12:05.208270,-16.36077
2024-04-30 10:12:05.223890,-22.64961
2024-04-30 10:12:05.239520,-29.48627
2024-04-30 10:12:05.255150,-36.17682
2024-04-30 10:12:05.270770,-41.66687
2024-04-30 10:12:05.286400,-44.76476
2024-04-30 10:12:05.302020,-44.52226
2024-04-30 10:12:05.317650,-40.64825
2024-04-30 10:12:05.333270,-33.66854
2024-04-30 10:12:05.348900,-24.8279
2024-04-30 10:12:05.364530,-15.57878
2024-04-30 10:12:05.380150,-7.018068
2024-04-30 10:12:05.395780,0.5180664
2024-04-30 10:12:05.411400,7.424435
2024-04-30 10:12:05.427030,14.45968
2024-04-30 10:12:05.442650,22.14636
2024-04-30 10:12:05.458280,30.36658
2024-04-30 10:12:05.473910,38.30222
2024-04-30 10:12:05.489530,44.76507
2024-04-30 10:12:05.505160,48.67341
2024-04-30 10:12:05.520780,49.58918
2024-04-30 10:12:05.536410,47.78656
2024-04-30 10:12:05.552030,44.10731
2024-04-30 10:12:05.567660,39.54225
2024-04-30 10:12:05.583290,34.78594
2024-04-30 10:12:05.598910,30.05272
2024-04-30 10:12:05.614540,25.2035
2024-04-30 10:12:05.630160,19.92952
2024-04-30 10:12:05.645790,14.0654
2024-04-30 10:12:05.661410,7.812703
2024-04-30 10:12:05.677040,1.634295
2024-04-30 10:12:05.692670,-3.92362
2024-04-30 10:12:05.708290,-8.465219
2024-04-30 10:12:05.723920,-11.91232
2024-04-30 10:12:05.739540,-14.50546
2024-04-30 10:12:05.755170,-16.68672
2024-04-30 10:12:05.770790,-18.98772
2024-04-30 10:12:05.786420,-21.88462
2024-04-30 10:12:05.802050,-25.6546
2024-04-30 10:12:05.817670,-30.34206
2024-04-30 10:12:05.833300,-35.71532
2024-04-30 10:12:05.848920,-41.39507
2024-04-30 10:12:05.864550,-47.06698
2024-04-30 10:12:05.880170,-52.53889
2024-04-30 10:12:05.895800,-57.81416
2024-04-30 10:12:05.911430,-63.0571
2024-04-30 10:12:05.927050,-68.39388
2024-04-30 10:12:05.942680,-73.79243
2024-04-30 10:12:05.958300,-78.96157
2024-04-30 10:12:05.973930,-83.30748
2024-04-30 10:12:05.989550,-86.00304
2024-04-30 10:12:06.005180,-86.25341
2024-04-30 10:12:06.020810,-83.44021
2024-04-30 10:12:06.036430,-77.37715
2024-04-30 10:12:06.052060,-68.51251
2024-04-30 10:12:06.067680,-57.87004
2024-04-30 10:12:06.083310,-46.77009
2024-04-30 10:12:06.098930,-36.50924
2024-04-30 10:12:06.114560,-27.91647
2024-04-30 10:12:06.130190,-21.19777
2024-04-30 10:12:06.161440,-11.79723
2024-04-30 10:12:06.177060,-7.928754
2024-04-30 10:12:06.192690,-4.109711
2024-04-30 10:12:06.208310,-0.339865
2024-04-30 10:12:06.223940,3.20048
2024-04-30 10:12:06.239570,6.357122
2024-04-30 10:12:06.255190,9.103716
2024-04-30 10:12:06.270820,11.54467
2024-04-30 10:12:06.286440,13.83126
2024-04-30 10:12:06.302070,16.08752
2024-04-30 10:12:06.317690,18.29227
2024-04-30 10:12:06.333320,20.27465
2024-04-30 10:12:06.348950,21.83989
2024-04-30 10:12:06.364570,22.88468
2024-04-30 10:12:06.380200,23.46821
2024-04-30 10:12:06.395820,23.85276
2024-04-30 10:12:06.411450,24.3039
2024-04-30 10:12:06.427070,24.8632
2024-04-30 10:12:06.442700,25.28873
2024-04-30 10:12:06.458330,25.0778
2024-04-30 10:12:06.473950,23.7022
2024-04-30 10:12:06.489580,20.9818
2024-04-30 10:12:06.505200,17.21021
2024-04-30 10:12:06.520830,13.09508
2024-04-30 10:12:06.536450,9.479916
2024-04-30 10:12:06.552080,6.949543
2024-04-30 10:12:06.567710,5.524212
2024-04-30 10:12:06.583330,4.612274
2024-04-30 10:12:06.598960,3.244358
2024-04-30 10:12:06.614580,0.434082
2024-04-30 10:12:06.630210,-4.405312
2024-04-30 10:12:06.645830,-11.19212
2024-04-30 10:12:06.661460,-19.05433
2024-04-30 10:12:06.677090,-26.51337
2024-04-30 10:12:06.692710,-31.83942
2024-04-30 10:12:06.708340,-33.60787
2024-04-30 10:12:06.723960,-31.19346
2024-04-30 10:12:06.739590,-24.98586
2024-04-30 10:12:06.755220,-16.20042
2024-04-30 10:12:06.770840,-6.460938
2024-04-30 10:12:06.786470,2.764709
2024-04-30 10:12:06.802090,10.63992
2024-04-30 10:12:06.817720,17.02036
2024-04-30 10:12:06.833340,22.25008
2024-04-30 10:12:06.848970,26.80398
2024-04-30 10:12:06.864600,30.99527
2024-04-30 10:12:06.880220,34.85217
2024-04-30 10:12:06.895850,38.16575
2024-04-30 10:12:06.911470,40.6822
2024-04-30 10:12:06.927100,42.20413
2024-04-30 10:12:06.942720,42.70454
2024-04-30 10:12:06.958350,42.32935
2024-04-30 10:12:06.973980,41.34041
2024-04-30 10:12:06.989600,40.01967
2024-04-30 10:12:07.005230,38.59186
2024-04-30 10:12:07.020850,37.15849
2024-04-30 10:12:07.036480,35.73949
2024-04-30 10:12:07.052100,34.28959
2024-04-30 10:12:07.067730,32.77858
2024-04-30 10:12:07.083360,31.162
2024-04-30 10:12:07.098980,29.38821
2024-04-30 10:12:07.114610,27.33577
2024-04-30 10:12:07.130230,24.84083
2024-04-30 10:12:07.145860,21.68074
2024-04-30 10:12:07.161480,17.77956
2024-04-30 10:12:07.177110,13.25934
2024-04-30 10:12:07.192740,8.465034
2024-04-30 10:12:07.208360,3.914116
2024-04-30 10:12:07.223990,0.05722809
2024-04-30 10:12:07.239610,-2.911644
2024-04-30 10:12:07.255240,-5.208366
2024-04-30 10:12:07.270860,-7.425568
2024-04-30 10:12:07.286490,-10.36462
2024-04-30 10:12:07.302120,-14.67318
2024-04-30 10:12:07.317740,-20.49429
2024-04-30 10:12:07.333370,-27.2659
2024-04-30 10:12:07.348990,-33.75715
2024-04-30 10:12:07.364620,-38.43314
2024-04-30 10:12:07.380240,-39.91299
2024-04-30 10:12:07.395870,-37.50005
2024-04-30 10:12:07.411500,-31.43102
2024-04-30 10:12:07.427120,-22.78728
2024-04-30 10:12:07.442750,-13.07553
2024-04-30 10:12:07.458370,-3.731026
2024-04-30 10:12:07.474000,4.369598
2024-04-30 10:12:07.489620,11.03461
2024-04-30 10:12:07.505250,16.63512
2024-04-30 10:12:07.520880,21.76786
2024-04-30 10:12:07.536500,26.88263
2024-04-30 10:12:07.552130,32.09587
2024-04-30 10:12:07.567750,37.23755
2024-04-30 10:12:07.583380,42.01955
2024-04-30 10:12:07.599000,46.22517
2024-04-30 10:12:07.614630,49.7131
2024-04-30 10:12:07.630260,52.44973
2024-04-30 10:12:07.645880,54.32349
2024-04-30 10:12:07.661510,55.17159
2024-04-30 10:12:07.677130,54.8636
2024-04-30 10:12:07.692760,53.38718
2024-04-30 10:12:07.708380,51.006
2024-04-30 10:12:07.724010,48.20638
2024-04-30 10:12:07.739640,45.57686
2024-04-30 10:12:07.755260,43.52214
2024-04-30 10:12:07.770890,42.09818
2024-04-30 10:12:07.786510,40.91707
2024-04-30 10:12:07.802140,39.30739
2024-04-30 10:12:07.817760,36.56906
2024-04-30 10:12:07.833390,32.19128
2024-04-30 10:12:07.849020,26.03517
2024-04-30 10:12:07.864640,18.33334
2024-04-30 10:12:07.880270,9.581207
2024-04-30 10:12:07.895890,0.345932
2024-04-30 10:12:07.911520,-8.860939
2024-04-30 10:12:07.927140,-17.71557
2024-04-30 10:12:07.942770,-26.07337
2024-04-30 10:12:07.958400,-33.88798
2024-04-30 10:12:07.974020,-41.0975
2024-04-30 10:12:07.989650,-47.57939
2024-04-30 10:12:08.005270,-53.15792
2024-04-30 10:12:08.020900,-57.6054
2024-04-30 10:12:08.036520,-60.78824
2024-04-30 10:12:08.052150,-62.57343
2024-04-30 10:12:08.067780,-62.82758
2024-04-30 10:12:08.083400,-61.38894
2024-04-30 10:12:08.099030,-58.05281
2024-04-30 10:12:08.114650,-52.76608
2024-04-30 10:12:08.130280,-45.72572
2024-04-30 10:12:08.145900,-37.442
2024-04-30 10:12:08.161530,-28.63887
2024-04-30 10:12:08.177160,-19.98825
2024-04-30 10:12:08.192780,-11.90144
2024-04-30 10:12:08.208410,-4.497887
2024-04-30 10:12:08.224030,2.284172
2024-04-30 10:12:08.239660,8.462536
2024-04-30 10:12:08.255280,13.86405
2024-04-30 10:12:08.270910,18.14174
2024-04-30 10:12:08.286540,21.00064
2024-04-30 10:12:08.302160,22.44383
2024-04-30 10:12:08.317790,22.84829
2024-04-30 10:12:08.349040,23.06343
2024-04-30 10:12:08.364660,23.86769
2024-04-30 10:12:08.380290,25.29716
2024-04-30 10:12:08.395920,27.06411
2024-04-30 10:12:08.411540,28.78624
2024-04-30 10:12:08.427170,30.19343
2024-04-30 10:12:08.442790,31.15863
2024-04-30 10:12:08.458420,31.67599
2024-04-30 10:12:08.474040,31.78495
2024-04-30 10:12:08.489670,31.48369
2024-04-30 10:12:08.505300,30.7167
2024-04-30 10:12:08.520920,29.54134
2024-04-30 10:12:08.536550,28.09547
2024-04-30 10:12:08.552170,26.64939
2024-04-30 10:12:08.567800,25.44846
2024-04-30 10:12:08.583420,24.71149
2024-04-30 10:12:08.599050,24.48547
2024-04-30 10:12:08.614680,24.75311
2024-04-30 10:12:08.630300,25.49265
2024-04-30 10:12:08.645930,26.70499
2024-04-30 10:12:08.661550,28.37576
2024-04-30 10:12:08.677180,30.39553
2024-04-30 10:12:08.692800,32.55599
2024-04-30 10:12:08.708430,34.63528
2024-04-30 10:12:08.724060,36.53975
2024-04-30 10:12:08.739680,38.49756
2024-04-30 10:12:08.755310,41.0051
2024-04-30 10:12:08.770930,44.56164
2024-04-30 10:12:08.786560,49.30684
2024-04-30 10:12:08.802180,54.77628
2024-04-30 10:12:08.817810,60.07375
2024-04-30 10:12:08.833440,64.24045
2024-04-30 10:12:08.849060,66.74988
2024-04-30 10:12:08.864690,67.68145
2024-04-30 10:12:08.880310,67.67179
2024-04-30 10:12:08.895940,67.32214
2024-04-30 10:12:08.911570,66.73053
2024-04-30 10:12:08.927190,65.25362
2024-04-30 10:12:08.942820,61.77266
2024-04-30 10:12:08.958440,55.36877
2024-04-30 10:12:08.974070,45.95206
2024-04-30 10:12:08.989690,34.53807
2024-04-30 10:12:09.005320,22.85994
2024-04-30 10:12:09.020950,12.75526
2024-04-30 10:12:09.036570,5.401062
2024-04-30 10:12:09.052200,1.120102
2024-04-30 10:12:09.067820,-0.5287018
2024-04-30 10:12:09.083450,-0.2024994
2024-04-30 10:12:09.099070,1.688446
2024-04-30 10:12:09.114700,5.08873
2024-04-30 10:12:09.130330,10.16936
2024-04-30 10:12:09.145950,16.89343
2024-04-30 10:12:09.161580,24.78995
2024-04-30 10:12:09.177200,32.77829
2024-04-30 10:12:09.192830,39.58032
2024-04-30 10:12:09.208450,44.10062
2024-04-30 10:12:09.224080,45.77789
2024-04-30 10:12:09.239710,44.8035
2024-04-30 10:12:09.255330,41.92523
2024-04-30 10:12:09.270960,38.12408
2024-04-30 10:12:09.286580,34.11642
2024-04-30 10:12:09.302210,29.94827
2024-04-30 10:12:09.317830,24.76086
2024-04-30 10:12:09.333460,17.12634
2024-04-30 10:12:09.349090,5.683014
2024-04-30 10:12:09.364710,-10.0838
2024-04-30 10:12:09.380340,-29.23599
2024-04-30 10:12:09.395960,-49.52972
2024-04-30 10:12:09.411590,-67.92929
2024-04-30 10:12:09.427210,-81.72433
2024-04-30 10:12:09.442840,-89.38449
2024-04-30 10:12:09.458470,-91.01883
2024-04-30 10:12:09.474090,-88.24527
2024-04-30 10:12:09.489720,-83.7359
2024-04-30 10:12:09.505340,-80.57318
2024-04-30 10:12:09.520970,-81.58994
2024-04-30 10:12:09.536590,-88.77927
2024-04-30 10:12:09.552220,-102.4478
2024-04-30 10:12:09.567850,-120.6933
2024-04-30 10:12:09.583470,-139.3
2024-04-30 10:12:09.599100,-152.5133
2024-04-30 10:12:09.614720,-154.7362
2024-04-30 10:12:09.630350,-142.6716
2024-04-30 10:12:09.645970,-116.821
2024-04-30 10:12:09.661600,-81.698
2024-04-30 10:12:09.677230,-44.55139
2024-04-30 10:12:09.692850,-12.88397
2024-04-30 10:12:09.708480,8.084534
2024-04-30 10:12:09.724100,16.88092
2024-04-30 10:12:09.739730,15.8902
2024-04-30 10:12:09.755350,9.989746
2024-04-30 10:12:09.770980,4.541016
2024-04-30 10:12:09.786610,3.538879
2024-04-30 10:12:09.802230,8.522766
2024-04-30 10:12:09.817860,18.5072
2024-04-30 10:12:09.833480,30.66211
2024-04-30 10:12:09.849110,41.48541
2024-04-30 10:12:09.864730,47.89362
2024-04-30 10:12:09.880360,48.02625
2024-04-30 10:12:09.895990,41.49835
2024-04-30 10:12:09.911610,29.26599
2024-04-30 10:12:09.927240,13.16956
2024-04-30 10:12:09.942860,-4.662903
2024-04-30 10:12:09.958490,-22.3078
2024-04-30 10:12:09.974110,-38.34998
2024-04-30 10:12:09.989740,-52.01288
2024-04-30 10:12:10.005370,-63.02106
2024-04-30 10:12:10.020990,-71.35803
2024-04-30 10:12:10.036620,-77.16498
2024-04-30 10:12:10.052240,-80.54773
2024-04-30 10:12:10.067870,-81.47369
2024-04-30 10:12:10.083490,-79.89221
2024-04-30 10:12:10.099120,-75.758
2024-04-30 10:12:10.114750,-69.17944
2024-04-30 10:12:10.130370,-60.56824
2024-04-30 10:12:10.146000,-50.71344
2024-04-30 10:12:10.161620,-40.62451
2024-04-30 10:12:10.177250,-31.43341
2024-04-30 10:12:10.192870,-24.09393
2024-04-30 10:12:10.208500,-19.17706
2024-04-30 10:12:10.224130,-16.72913
2024-04-30 10:12:10.239750,-16.21143
2024-04-30 10:12:10.255380,-16.6297
2024-04-30 10:12:10.271000,-16.76691
2024-04-30 10:12:10.286630,-15.57495
2024-04-30 10:12:10.302250,-12.6333
2024-04-30 10:12:10.317880,-8.405823
2024-04-30 10:12:10.333510,-4.11145
2024-04-30 10:12:10.349130,-1.252197
2024-04-30 10:12:10.364760,-0.9124756
2024-04-30 10:12:10.380380,-3.184814
2024-04-30 10:12:10.396010,-7.046875
2024-04-30 10:12:10.411630,-10.8053
2024-04-30 10:12:10.427260,-12.75952
2024-04-30 10:12:10.442890,-11.96631
2024-04-30 10:12:10.458510,-8.492676
2024-04-30 10:12:10.474140,-3.40625
2024-04-30 10:12:10.489760,1.573242
2024-04-30 10:12:10.505390,4.520996
2024-04-30 10:12:10.521010,3.852783
2024-04-30 10:12:10.536640,-1.224976
2024-04-30 10:12:10.552270,-10.33655
2024-04-30 10:12:10.567890,-21.8642
2024-04-30 10:12:10.583520,-33.37433
2024-04-30 10:12:10.599140,-42.38074
2024-04-30 10:12:10.614770,-47.2099
2024-04-30 10:12:10.630390,-47.45166
2024-04-30 10:12:10.646020,-43.98975
2024-04-30 10:12:10.661650,-38.36005
2024-04-30 10:12:10.677270,-32.06921
2024-04-30 10:12:10.692900,-26.14148
2024-04-30 10:12:10.708520,-20.97113
2024-04-30 10:12:10.724150,-16.55414
2024-04-30 10:12:10.739770,-12.71033
2024-04-30 10:12:10.755400,-9.235168
2024-04-30 10:12:10.771030,-5.922974
2024-04-30 10:12:10.786650,-2.585388
2024-04-30 10:12:10.802280,0.9074707
2024-04-30 10:12:10.817900,4.624084
2024-04-30 10:12:10.833530,8.632568
2024-04-30 10:12:10.849150,13.21643
2024-04-30 10:12:10.864780,19.0918
2024-04-30 10:12:10.880410,27.3053
2024-04-30 10:12:10.896030,38.72498
2024-04-30 10:12:10.911660,53.36652
2024-04-30 10:12:10.927280,70.04553
2024-04-30 10:12:10.942910,86.6698
2024-04-30 10:12:10.958530,101.0446
2024-04-30 10:12:10.974160,111.8502
2024-04-30 10:12:10.989790,119.059
2024-04-30 10:12:11.005410,123.6847
2024-04-30 10:12:11.021040,126.9327
2024-04-30 10:12:11.036660,129.5052
2024-04-30 10:12:11.052290,131.3651
2024-04-30 10:12:11.067910,132.0468
2024-04-30 10:12:11.083540,131.2641
2024-04-30 10:12:11.099170,129.1758
2024-04-30 10:12:11.114790,126.1909
2024-04-30 10:12:11.130420,122.4758
2024-04-30 10:12:11.146040,117.6422
2024-04-30 10:12:11.161670,110.7456
2024-04-30 10:12:11.177290,100.7384
2024-04-30 10:12:11.192920,87.00751
2024-04-30 10:12:11.208550,69.53864
2024-04-30 10:12:11.224170,48.73199
2024-04-30 10:12:11.239800,24.98053
2024-04-30 10:12:11.255420,-1.62561
2024-04-30 10:12:11.271050,-31.19611
2024-04-30 10:12:11.286670,-63.49249
2024-04-30 10:12:11.302300,-97.4873
2024-04-30 10:12:11.317930,-131.0845
2024-04-30 10:12:11.333550,-161.4437
2024-04-30 10:12:11.349180,-185.8371
2024-04-30 10:12:11.364800,-202.606
2024-04-30 10:12:11.380430,-211.7466
2024-04-30 10:12:11.396050,-214.8323
2024-04-30 10:12:11.411680,-214.3092
2024-04-30 10:12:11.427310,-212.4308
2024-04-30 10:12:11.442930,-210.3701
2024-04-30 10:12:11.458560,-208.0008
2024-04-30 10:12:11.474180,-204.2776
2024-04-30 10:12:11.489810,-198.1163
2024-04-30 10:12:11.505430,-189.1141
2024-04-30 10:12:11.521060,-177.9415
2024-04-30 10:12:11.536690,-166.0679
2024-04-30 10:12:11.552310,-155.1877
2024-04-30 10:12:11.567940,-146.5732
2024-04-30 10:12:11.583560,-140.7759
2024-04-30 10:12:11.599190,-137.6899
2024-04-30 10:12:11.614820,-136.9064
2024-04-30 10:12:11.630440,-138.0573
2024-04-30 10:12:11.646070,-140.879
2024-04-30 10:12:11.661690,-144.8633
2024-04-30 10:12:11.677320,-148.9102
2024-04-30 10:12:11.692940,-151.2866
2024-04-30 10:12:11.708570,-150.0052
2024-04-30 10:12:11.724200,-143.6767
2024-04-30 10:12:11.739820,-132.2293
2024-04-30 10:12:11.755450,-117.0974
2024-04-30 10:12:11.771070,-100.7099
2024-04-30 10:12:11.786700,-85.48871
2024-04-30 10:12:11.802320,-72.89728
2024-04-30 10:12:11.817950,-63.0614
2024-04-30 10:12:11.833580,-55.09747
2024-04-30 10:12:11.849200,-47.94556
2024-04-30 10:12:11.864830,-41.04553
2024-04-30 10:12:11.880450,-34.65674
2024-04-30 10:12:11.896080,-29.44617
2024-04-30 10:12:11.911700,-25.84723
2024-04-30 10:12:11.927330,-23.56076
2024-04-30 10:12:11.942960,-21.47714
2024-04-30 10:12:11.958580,-18.16223
2024-04-30 10:12:11.974210,-12.46524
2024-04-30 10:12:11.989830,-4.057434
2024-04-30 10:12:12.005460,6.638977
2024-04-30 10:12:12.021080,18.74878
2024-04-30 10:12:12.036710,31.62509
2024-04-30 10:12:12.052340,45.28207
2024-04-30 10:12:12.067960,60.40894
2024-04-30 10:12:12.083590,77.94409
2024-04-30 10:12:12.099210,98.35254
2024-04-30 10:12:12.114840,121.2495
2024-04-30 10:12:12.130460,145.2567
2024-04-30 10:12:12.146090,168.3909
2024-04-30 10:12:12.161720,188.5819
2024-04-30 10:12:12.177340,204.2289
2024-04-30 10:12:12.192970,214.3788
2024-04-30 10:12:12.208590,218.7375
2024-04-30 10:12:12.224220,217.4109
2024-04-30 10:12:12.239840,210.6067
2024-04-30 10:12:12.255470,198.6235
2024-04-30 10:12:12.271100,182.0755
2024-04-30 10:12:12.286720,162.3021
2024-04-30 10:12:12.302350,141.5656
2024-04-30 10:12:12.317970,122.9004
2024-04-30 10:12:12.333600,109.3526
2024-04-30 10:12:12.349220,102.9447
2024-04-30 10:12:12.364850,103.9479
2024-04-30 10:12:12.380480,110.7035
2024-04-30 10:12:12.396100,120.3086
2024-04-30 10:12:12.411730,129.7756
2024-04-30 10:12:12.427350,137.2013
2024-04-30 10:12:12.442980,142.3514
2024-04-30 10:12:12.458600,146.451
2024-04-30 10:12:12.474230,151.3098
2024-04-30 10:12:12.489860,158.1863
2024-04-30 10:12:12.505480,167.0956
2024-04-30 10:12:12.521110,176.6927
2024-04-30 10:12:12.536730,184.7677
2024-04-30 10:12:12.552360,189.0904
2024-04-30 10:12:12.567980,188.2855
2024-04-30 10:12:12.583610,182.237
2024-04-30 10:12:12.599240,171.9666
2024-04-30 10:12:12.614860,159.1263
2024-04-30 10:12:12.630490,145.3245
2024-04-30 10:12:12.646110,131.7478
2024-04-30 10:12:12.661740,119.1134
2024-04-30 10:12:12.677360,107.9067
2024-04-30 10:12:12.692990,98.59724
2024-04-30 10:12:12.708620,91.73335
2024-04-30 10:12:12.724240,87.71852
2024-04-30 10:12:12.739870,86.4015
2024-04-30 10:12:12.755490,86.84164
2024-04-30 10:12:12.771120,87.34563
2024-04-30 10:12:12.786740,85.92628
2024-04-30 10:12:12.802370,80.90945
2024-04-30 10:12:12.818000,71.48846
2024-04-30 10:12:12.833620,57.91119
2024-04-30 10:12:12.849250,41.31479
2024-04-30 10:12:12.864870,23.13199
2024-04-30 10:12:12.880500,4.516937
2024-04-30 10:12:12.896120,-14.04468
2024-04-30 10:12:12.911750,-32.62241
2024-04-30 10:12:12.927380,-51.43051
2024-04-30 10:12:12.943000,-70.35001
2024-04-30 10:12:12.958630,-88.62683
2024-04-30 10:12:12.974250,-105.0254
2024-04-30 10:12:12.989880,-118.2896
2024-04-30 10:12:13.005500,-127.8377
2024-04-30 10:12:13.021130,-133.9346
2024-04-30 10:12:13.036760,-137.6941
2024-04-30 10:12:13.052380,-140.6202
2024-04-30 10:12:13.068010,-144.0813
2024-04-30 10:12:13.083630,-148.9096
2024-04-30 10:12:13.099260,-155.1686
2024-04-30 10:12:13.114880,-162.1676
2024-04-30 10:12:13.130510,-168.5841
2024-04-30 10:12:13.146140,-172.6988
2024-04-30 10:12:13.161760,-172.7332
2024-04-30 10:12:13.177390,-167.2977
2024-04-30 10:12:13.193010,-155.8309
2024-04-30 10:12:13.208640,-138.9072
2024-04-30 10:12:13.224260,-118.1113
2024-04-30 10:12:13.239890,-95.53799
2024-04-30 10:12:13.255520,-73.14508
2024-04-30 10:12:13.271140,-52.19476
2024-04-30 10:12:13.286770,-33.05243
2024-04-30 10:12:13.302390,-15.40875
2024-04-30 10:12:13.318020,1.223755
2024-04-30 10:12:13.333640,16.92719
2024-04-30 10:12:13.349270,31.28259
2024-04-30 10:12:13.364900,43.49731
2024-04-30 10:12:13.380520,52.87115
2024-04-30 10:12:13.396150,59.14746
2024-04-30 10:12:13.411770,62.67505
2024-04-30 10:12:13.427400,64.26343
2024-04-30 10:12:13.443020,64.75726
2024-04-30 10:12:13.458650,64.77161
2024-04-30 10:12:13.474280,64.35864
2024-04-30 10:12:13.489900,63.23828
2024-04-30 10:12:13.505530,60.94366
2024-04-30 10:12:13.521150,57.13721
2024-04-30 10:12:13.536780,51.74176
2024-04-30 10:12:13.552400,44.97015
2024-04-30 10:12:13.568030,37.21313
2024-04-30 10:12:13.583660,28.95697
2024-04-30 10:12:13.599280,20.73047
2024-04-30 10:12:13.614910,12.97852
2024-04-30 10:12:13.630530,5.970886
2024-04-30 10:12:13.646160,-0.3499146
2024-04-30 10:12:13.661780,-6.474487
2024-04-30 10:12:13.677410,-13.20294
2024-04-30 10:12:13.693040,-21.35718
2024-04-30 10:12:13.708660,-31.4552
2024-04-30 10:12:13.724290,-43.38501
2024-04-30 10:12:13.739910,-56.21478
2024-04-30 10:12:13.755540,-68.21704
2024-04-30 10:12:13.771160,-77.18756
2024-04-30 10:12:13.786790,-81.06146
2024-04-30 10:12:13.802420,-78.52045
2024-04-30 10:12:13.818040,-69.44775
2024-04-30 10:12:13.833670,-55.10669
2024-04-30 10:12:13.849290,-37.80066
2024-04-30 10:12:13.864920,-20.11456
2024-04-30 10:12:13.880550,-4.133301
2024-04-30 10:12:13.896170,9.119751
2024-04-30 10:12:13.911800,19.75177
2024-04-30 10:12:13.927420,28.57983
2024-04-30 10:12:13.943050,36.44965
2024-04-30 10:12:13.958670,43.8526
2024-04-30 10:12:13.974300,50.72485
2024-04-30 10:12:13.989930,56.65375
2024-04-30 10:12:14.005550,61.30347
2024-04-30 10:12:14.021180,64.61542
2024-04-30 10:12:14.036800,66.82928
2024-04-30 10:12:14.052430,68.39636
2024-04-30 10:12:14.068050,69.72705
2024-04-30 10:12:14.083680,71.047
2024-04-30 10:12:14.099310,72.32959
2024-04-30 10:12:14.114930,73.37738
2024-04-30 10:12:14.130560,73.86066
2024-04-30 10:12:14.146180,73.46844
2024-04-30 10:12:14.161810,71.93317
2024-04-30 10:12:14.177430,69.13226
2024-04-30 10:12:14.193060,65.16382
2024-04-30 10:12:14.208690,60.26874
2024-04-30 10:12:14.224310,54.69592
2024-04-30 10:12:14.239940,48.59021
2024-04-30 10:12:14.255560,41.83875
2024-04-30 10:12:14.271190,34.18115
2024-04-30 10:12:14.286810,25.31708
2024-04-30 10:12:14.302440,15.06781
2024-04-30 10:12:14.318070,3.415894
2024-04-30 10:12:14.333690,-9.440491
2024-04-30 10:12:14.349320,-23.16223
2024-04-30 10:12:14.364940,-37.10571
2024-04-30 10:12:14.380570,-50.18793
2024-04-30 10:12:14.396190,-60.93671
2024-04-30 10:12:14.411820,-67.7218
2024-04-30 10:12:14.427450,-69.36365
2024-04-30 10:12:14.443070,-65.71014
2024-04-30 10:12:14.458700,-57.90454
2024-04-30 10:12:14.474320,-48.04242
2024-04-30 10:12:14.489950,-38.46143
2024-04-30 10:12:14.505570,-30.83801
2024-04-30 10:12:14.521200,-25.66736
2024-04-30 10:12:14.536830,-22.43304
2024-04-30 10:12:14.552450,-20.21625
2024-04-30 10:12:14.568080,-18.35889
2024-04-30 10:12:14.583700,-16.90021
2024-04-30 10:12:14.599330,-16.47491
2024-04-30 10:12:14.614950,-17.80847
2024-04-30 10:12:14.630580,-21.19476
2024-04-30 10:12:14.646210,-26.19507
2024-04-30 10:12:14.661830,-31.68774
2024-04-30 10:12:14.677460,-36.28455
2024-04-30 10:12:14.693080,-38.80701
2024-04-30 10:12:14.708710,-38.61694
2024-04-30 10:12:14.724330,-35.74963
2024-04-30 10:12:14.739960,-30.77563
2024-04-30 10:12:14.755590,-24.64563
2024-04-30 10:12:14.771210,-18.44275
2024-04-30 10:12:14.786840,-13.13074
2024-04-30 10:12:14.802460,-9.393555
2024-04-30 10:12:14.818090,-7.532104
2024-04-30 10:12:14.833710,-7.400635
2024-04-30 10:12:14.849340,-8.505493
2024-04-30 10:12:14.864970,-10.16992
2024-04-30 10:12:14.880590,-11.75842
2024-04-30 10:12:14.896220,-12.89978
2024-04-30 10:12:14.911840,-13.56665
2024-04-30 10:12:14.927470,-14.10876
2024-04-30 10:12:14.943090,-15.15784
2024-04-30 10:12:14.958720,-17.45337
2024-04-30 10:12:14.974350,-21.58093
2024-04-30 10:12:14.989970,-27.61462
2024-04-30 10:12:15.005600,-34.86658
2024-04-30 10:12:15.021220,-41.83374
2024-04-30 10:12:15.036850,-46.51404
2024-04-30 10:12:15.052470,-47.08557
2024-04-30 10:12:15.068100,-42.56396
2024-04-30 10:12:15.083730,-33.32104
2024-04-30 10:12:15.099350,-20.9353
2024-04-30 10:12:15.114980,-7.605957
2024-04-30 10:12:15.130600,4.675049
2024-04-30 10:12:15.146230,14.69836
2024-04-30 10:12:15.161850,22.18079
2024-04-30 10:12:15.177480,27.51514
2024-04-30 10:12:15.193110,31.20471
2024-04-30 10:12:15.208730,33.5387
2024-04-30 10:12:15.224360,34.43591
2024-04-30 10:12:15.239980,33.71277
2024-04-30 10:12:15.255610,31.375
2024-04-30 10:12:15.271230,27.76782
2024-04-30 10:12:15.286860,23.59009
2024-04-30 10:12:15.302490,19.59534
2024-04-30 10:12:15.318110,16.37952
2024-04-30 10:12:15.333740,14.10278
2024-04-30 10:12:15.349360,12.54932
2024-04-30 10:12:15.364990,11.14648
2024-04-30 10:12:15.380610,9.305054
2024-04-30 10:12:15.396240,6.593994
2024-04-30 10:12:15.411870,2.857422
2024-04-30 10:12:15.427490,-1.672852
2024-04-30 10:12:15.443120,-6.586548
2024-04-30 10:12:15.458740,-11.34973
2024-04-30 10:12:15.474370,-15.55579
2024-04-30 10:12:15.489990,-18.92517
2024-04-30 10:12:15.505620,-21.45789
2024-04-30 10:12:15.521250,-23.34583
2024-04-30 10:12:15.536870,-24.99902
2024-04-30 10:12:15.552500,-27.01453
2024-04-30 10:12:15.568120,-30.05554
2024-04-30 10:12:15.583750,-34.68115
2024-04-30 10:12:15.599370,-41.04077
2024-04-30 10:12:15.615000,-48.62317
2024-04-30 10:12:15.630630,-56.09314
2024-04-30 10:12:15.646250,-61.56763
2024-04-30 10:12:15.661880,-63.09607
2024-04-30 10:12:15.677500,-59.38831
2024-04-30 10:12:15.693130,-50.38855
2024-04-30 10:12:15.708750,-37.37366
2024-04-30 10:12:15.724380,-22.57385
2024-04-30 10:12:15.740010,-8.357056
2024-04-30 10:12:15.755630,3.569824
2024-04-30 10:12:15.771260,12.63342
2024-04-30 10:12:15.786880,19.28174
2024-04-30 10:12:15.802510,24.5531
2024-04-30 10:12:15.818130,29.41943
2024-04-30 10:12:15.833760,34.35242
2024-04-30 10:12:15.849390,39.18188
2024-04-30 10:12:15.865010,43.31409
2024-04-30 10:12:15.880640,46.03955
2024-04-30 10:12:15.896260,46.88928
2024-04-30 10:12:15.911890,45.71423
2024-04-30 10:12:15.927510,42.75342
2024-04-30 10:12:15.943140,38.53772
2024-04-30 10:12:15.958770,33.65552
2024-04-30 10:12:15.974390,28.60107
2024-04-30 10:12:15.990020,23.67432
2024-04-30 10:12:16.005640,18.88184
2024-04-30 10:12:16.021270,14.07031
2024-04-30 10:12:16.036900,9.039551
2024-04-30 10:12:16.052520,3.685425
2024-04-30 10:12:16.068150,-1.960571
2024-04-30 10:12:16.083770,-7.775513
2024-04-30 10:12:16.099400,-13.7229
2024-04-30 10:12:16.115020,-19.91895
2024-04-30 10:12:16.130650,-26.65149
2024-04-30 10:12:16.146280,-34.23865
2024-04-30 10:12:16.161900,-42.92688
2024-04-30 10:12:16.177530,-52.72668
2024-04-30 10:12:16.193150,-63.46497
2024-04-30 10:12:16.208780,-74.69043
2024-04-30 10:12:16.224400,-85.67627
2024-04-30 10:12:16.240030,-95.34473
2024-04-30 10:12:16.255660,-102.2742
2024-04-30 10:12:16.271280,-104.939
2024-04-30 10:12:16.286910,-102.2531
2024-04-30 10:12:16.302530,-94.06506
2024-04-30 10:12:16.318160,-81.44983
2024-04-30 10:12:16.333780,-66.53943
2024-04-30 10:12:16.349410,-51.8324
2024-04-30 10:12:16.365040,-39.31104
2024-04-30 10:12:16.380660,-29.90747
2024-04-30 10:12:16.396290,-23.3374
2024-04-30 10:12:16.411910,-18.54895
2024-04-30 10:12:16.427540,-14.47021
2024-04-30 10:12:16.443160,-10.51245
2024-04-30 10:12:16.458790,-6.756592
2024-04-30 10:12:16.474420,-3.713867
2024-04-30 10:12:16.490040,-1.85022
2024-04-30 10:12:16.505670,-1.188232
2024-04-30 10:12:16.521290,-1.286133
2024-04-30 10:12:16.536920,-1.447266
2024-04-30 10:12:16.552540,-1.051025
2024-04-30 10:12:16.568170,0.08813477
2024-04-30 10:12:16.583800,1.67395
2024-04-30 10:12:16.599420,3.041626
2024-04-30 10:12:16.615050,3.458862
2024-04-30 10:12:16.630670,2.457397
2024-04-30 10:12:16.646300,0.04150391
2024-04-30 10:12:16.661920,-3.408081
2024-04-30 10:12:16.677550,-7.246704
2024-04-30 10:12:16.693180,-10.97119
2024-04-30 10:12:16.708800,-14.43127
2024-04-30 10:12:16.724430,-17.86877
2024-04-30 10:12:16.740050,-21.80188
2024-04-30 10:12:16.755680,-26.77502
2024-04-30 10:12:16.771300,-33.1283
2024-04-30 10:12:16.786930,-40.96899
2024-04-30 10:12:16.802560,-50.16077
2024-04-30 10:12:16.818180,-60.28796
2024-04-30 10:12:16.833810,-70.5686
2024-04-30 10:12:16.849430,-79.75122
2024-04-30 10:12:16.865060,-86.16479
2024-04-30 10:12:16.880680,-88.11462
2024-04-30 10:12:16.896310,-84.45361
2024-04-30 10:12:16.911940,-75.14832
2024-04-30 10:12:16.927560,-61.40576
2024-04-30 10:12:16.943190,-45.39697
2024-04-30 10:12:16.958810,-29.46814
2024-04-30 10:12:16.974440,-15.3844
2024-04-30 10:12:16.990060,-3.928345
2024-04-30 10:12:17.005690,5.129761
2024-04-30 10:12:17.021320,12.51123
2024-04-30 10:12:17.036940,18.91296
2024-04-30 10:12:17.052570,24.57959
2024-04-30 10:12:17.068190,29.32007
2024-04-30 10:12:17.083820,32.69324
2024-04-30 10:12:17.099440,34.38171
2024-04-30 10:12:17.115070,34.45142
2024-04-30 10:12:17.130700,33.41479
2024-04-30 10:12:17.146320,32.02551
2024-04-30 10:12:17.161950,30.84998
2024-04-30 10:12:17.177570,30.06018
2024-04-30 10:12:17.193200,29.2644
2024-04-30 10:12:17.208820,27.67944
2024-04-30 10:12:17.224450,24.53064
2024-04-30 10:12:17.240080,19.23206
2024-04-30 10:12:17.255700,11.74036
2024-04-30 10:12:17.271330,2.502563
2024-04-30 10:12:17.286950,-7.794067
2024-04-30 10:12:17.302580,-18.57288
2024-04-30 10:12:17.318200,-29.52783
2024-04-30 10:12:17.333830,-40.71997
2024-04-30 10:12:17.349460,-52.41614
2024-04-30 10:12:17.365080,-64.98987
2024-04-30 10:12:17.380710,-78.95325
2024-04-30 10:12:17.396330,-94.73254
2024-04-30 10:12:17.411960,-112.5605
2024-04-30 10:12:17.427580,-132.328
2024-04-30 10:12:17.443210,-153.3131
2024-04-30 10:12:17.458840,-174.0442
2024-04-30 10:12:17.474460,-192.4045
2024-04-30 10:12:17.490090,-206.194
2024-04-30 10:12:17.505710,-213.8323
2024-04-30 10:12:17.521340,-215.5291
2024-04-30 10:12:17.536960,-212.9867
2024-04-30 10:12:17.552590,-208.9451
2024-04-30 10:12:17.568220,-206.3323
2024-04-30 10:12:17.583840,-207.2662
2024-04-30 10:12:17.599470,-212.3063
2024-04-30 10:12:17.615090,-220.275
2024-04-30 10:12:17.630720,-228.6731
2024-04-30 10:12:17.646340,-234.5239
2024-04-30 10:12:17.661970,-236.1648
2024-04-30 10:12:17.677600,-232.9474
2024-04-30 10:12:17.693220,-225.2353
2024-04-30 10:12:17.708850,-214.1808
2024-04-30 10:12:17.724470,-201.0075
2024-04-30 10:12:17.740100,-186.4611
2024-04-30 10:12:17.755720,-170.3713
2024-04-30 10:12:17.771350,-151.6791
2024-04-30 10:12:17.786980,-128.8429
2024-04-30 10:12:17.802600,-101.7841
2024-04-30 10:12:17.818230,-70.64539
2024-04-30 10:12:17.833850,-35.81012
2024-04-30 10:12:17.849480,1.943848
2024-04-30 10:12:17.865100,41.27386
2024-04-30 10:12:17.880730,80.34247
2024-04-30 10:12:17.896360,117.1207
2024-04-30 10:12:17.911980,149.869
2024-04-30 10:12:17.927610,177.7413
2024-04-30 10:12:17.943230,199.2673
2024-04-30 10:12:17.958860,214.7033
2024-04-30 10:12:17.974480,226.0263
2024-04-30 10:12:17.990110,235.9723
2024-04-30 10:12:18.005740,246.6528
2024-04-30 10:12:18.021360,258.4307
2024-04-30 10:12:18.036990,269.5218
2024-04-30 10:12:18.052610,276.621
2024-04-30 10:12:18.068240,284.9425
2024-04-30 10:12:18.083860,295.6063
2024-04-30 10:12:18.099490,308.3959
2024-04-30 10:12:18.115120,322.7542
2024-04-30 10:12:18.130740,338.7874
2024-04-30 10:12:18.146370,356.7781
2024-04-30 10:12:18.161990,376.048
2024-04-30 10:12:18.177620,394.6357
2024-04-30 10:12:18.193240,408.6013
2024-04-30 10:12:18.208870,418.2416
2024-04-30 10:12:18.224500,423.0384
2024-04-30 10:12:18.240120,423.2186
2024-04-30 10:12:18.255750,419.311
2024-04-30 10:12:18.271370,411.8187
2024-04-30 10:12:18.287000,400.6562
2024-04-30 10:12:18.302620,385.353
2024-04-30 10:12:18.318250,366.4274
2024-04-30 10:12:18.333880,344.865
2024-04-30 10:12:18.349500,322.3431
2024-04-30 10:12:18.365130,299.0682
2024-04-30 10:12:18.380750,275.2928
2024-04-30 10:12:18.396380,251.2899
2024-04-30 10:12:18.412000,227.2735
2024-04-30 10:12:18.427630,203.2581
2024-04-30 10:12:18.443260,179.2012
2024-04-30 10:12:18.458880,155.2213
2024-04-30 10:12:18.474510,131.6611
2024-04-30 10:12:18.490130,109.2637
2024-04-30 10:12:18.505760,87.83295
2024-04-30 10:12:18.521380,67.37836
2024-04-30 10:12:18.537010,48.06445
2024-04-30 10:12:18.552640,30.13367
2024-04-30 10:12:18.568260,13.6004
2024-04-30 10:12:18.583890,-1.784119
2024-04-30 10:12:18.599510,-16.42639
2024-04-30 10:12:18.615140,-30.82562
2024-04-30 10:12:18.630760,-45.1825
2024-04-30 10:12:18.646390,-59.97876
2024-04-30 10:12:18.662020,-75.21631
2024-04-30 10:12:18.677640,-90.51056
2024-04-30 10:12:18.693270,-105.3376
2024-04-30 10:12:18.708890,-119.4666
2024-04-30 10:12:18.724520,-133.2568
2024-04-30 10:12:18.740150,-147.5237
2024-04-30 10:12:18.755770,-163.429
2024-04-30 10:12:18.771400,-181.8365
2024-04-30 10:12:18.787020,-203.2531
2024-04-30 10:12:18.802650,-227.3068
2024-04-30 10:12:18.818270,-253.0629
2024-04-30 10:12:18.833900,-279.2798
2024-04-30 10:12:18.849530,-305.0817
2024-04-30 10:12:18.865150,-330.1393
2024-04-30 10:12:18.880780,-354.6921
2024-04-30 10:12:18.896400,-379.4032
2024-04-30 10:12:18.912030,-405.1755
2024-04-30 10:12:18.927650,-433.2009
2024-04-30 10:12:18.943280,-464.6748
2024-04-30 10:12:18.958910,-500.2111
2024-04-30 10:12:18.974530,-538.741
2024-04-30 10:12:18.990160,-576.6855
2024-04-30 10:12:19.005780,-608.0341
2024-04-30 10:12:19.021410,-625.6599
2024-04-30 10:12:19.037030,-623.7182
2024-04-30 10:12:19.052660,-599.9532
2024-04-30 10:12:19.068290,-556.7455
2024-04-30 10:12:19.083910,-500.3554
2024-04-30 10:12:19.099540,-438.762
2024-04-30 10:12:19.115160,-379.0772
2024-04-30 10:12:19.130790,-325.9316
2024-04-30 10:12:19.146410,-281.3099
2024-04-30 10:12:19.162040,-245.3956
2024-04-30 10:12:19.177670,-217.5625
2024-04-30 10:12:19.193290,-196.8263
2024-04-30 10:12:19.208920,-181.5678
2024-04-30 10:12:19.224540,-169.1691
2024-04-30 10:12:19.240170,-156.1349
2024-04-30 10:12:19.255790,-138.9546
2024-04-30 10:12:19.271420,-115.4321
2024-04-30 10:12:19.287050,-85.50909
2024-04-30 10:12:19.302670,-51.2121
2024-04-30 10:12:19.318300,-15.73279
2024-04-30 10:12:19.333920,18.05106
2024-04-30 10:12:19.349550,48.82278
2024-04-30 10:12:19.365170,77.15289
2024-04-30 10:12:19.380800,104.8506
2024-04-30 10:12:19.396430,133.5852
2024-04-30 10:12:19.412050,163.5145
2024-04-30 10:12:19.427680,192.6802
2024-04-30 10:12:19.443300,217.4863
2024-04-30 10:12:19.458930,233.9433
2024-04-30 10:12:19.474550,239.1732
2024-04-30 10:12:19.490180,232.5274
2024-04-30 10:12:19.505810,215.6919
2024-04-30 10:12:19.521430,192.0483
2024-04-30 10:12:19.537060,165.5004
2024-04-30 10:12:19.552680,139.3453
2024-04-30 10:12:19.568310,115.5391
2024-04-30 10:12:19.583930,94.65619
2024-04-30 10:12:19.599560,76.23032
2024-04-30 10:12:19.615190,59.36214
2024-04-30 10:12:19.630810,43.30144
2024-04-30 10:12:19.646440,27.82954
2024-04-30 10:12:19.662060,13.24582
2024-04-30 10:12:19.677690,0.2027283
2024-04-30 10:12:19.693310,-10.63017
2024-04-30 10:12:19.708940,-18.97189
2024-04-30 10:12:19.724570,-25.22849
2024-04-30 10:12:19.740190,-30.55478
2024-04-30 10:12:19.755820,-36.65543
2024-04-30 10:12:19.771440,-45.15176
2024-04-30 10:12:19.787070,-56.87714
2024-04-30 10:12:19.802690,-71.30899
2024-04-30 10:12:19.818320,-86.37018
2024-04-30 10:12:19.833950,-98.97543
2024-04-30 10:12:19.849570,-105.9901
2024-04-30 10:12:19.865200,-105.371
2024-04-30 10:12:19.880820,-96.87524
2024-04-30 10:12:19.896450,-82.06299
2024-04-30 10:12:19.912070,-63.59924
2024-04-30 10:12:19.927700,-44.18835
2024-04-30 10:12:19.943330,-25.75739
2024-04-30 10:12:19.958950,-9.078064
2024-04-30 10:12:19.974580,5.960449
2024-04-30 10:12:19.990200,19.94318
2024-04-30 10:12:20.005830,33.4386
2024-04-30 10:12:20.021450,46.81909
2024-04-30 10:12:20.037080,60.20044
2024-04-30 10:12:20.052710,73.64612
2024-04-30 10:12:20.068330,87.26379
2024-04-30 10:12:20.083960,101.2369
2024-04-30 10:12:20.099580,115.8816
2024-04-30 10:12:20.115210,131.5395
2024-04-30 10:12:20.130830,148.4525
2024-04-30 10:12:20.146460,166.6654
2024-04-30 10:12:20.162090,186.1615
2024-04-30 10:12:20.177710,206.9961
2024-04-30 10:12:20.193340,229.5531
2024-04-30 10:12:20.208960,254.3031
2024-04-30 10:12:20.224590,281.1627
2024-04-30 10:12:20.240210,308.6842
2024-04-30 10:12:20.255840,333.5313
2024-04-30 10:12:20.271470,350.9634
2024-04-30 10:12:20.287090,356.1893
2024-04-30 10:12:20.302720,346.1418
2024-04-30 10:12:20.318340,320.5695
2024-04-30 10:12:20.333970,281.9854
2024-04-30 10:12:20.349590,234.246
2024-04-30 10:12:20.365220,180.8567
2024-04-30 10:12:20.380850,123.915
2024-04-30 10:12:20.396470,64.57703
2024-04-30 10:12:20.412100,4.448242
2024-04-30 10:12:20.427720,-53.05371
2024-04-30 10:12:20.443350,-102.6207
2024-04-30 10:12:20.458970,-138.6106
2024-04-30 10:12:20.474600,-157.4033
2024-04-30 10:12:20.490230,-159.1877
2024-04-30 10:12:20.505850,-147.8776
2024-04-30 10:12:20.521480,-129.2666
2024-04-30 10:12:20.537100,-108.3756
2024-04-30 10:12:20.552730,-87.46155
2024-04-30 10:12:20.568350,-65.76807
2024-04-30 10:12:20.583980,-41.00793
2024-04-30 10:12:20.599610,-11.51355
2024-04-30 10:12:20.615230,22.2395
2024-04-30 10:12:20.630860,57.37
2024-04-30 10:12:20.646480,89.79541
2024-04-30 10:12:20.662110,115.9441
2024-04-30 10:12:20.677730,134.1282
2024-04-30 10:12:20.693360,144.8669
2024-04-30 10:12:20.708990,150.0486
2024-04-30 10:12:20.724610,151.7924
2024-04-30 10:12:20.740240,151.3224
2024-04-30 10:12:20.755860,148.6591
2024-04-30 10:12:20.771490,143.0222
2024-04-30 10:12:20.787110,133.7865
2024-04-30 10:12:20.802740,121.14
2024-04-30 10:12:20.818370,106.3774
2024-04-30 10:12:20.833990,91.48364
2024-04-30 10:12:20.849620,78.27747
2024-04-30 10:12:20.865240,67.84399
2024-04-30 10:12:20.880870,60.2384
2024-04-30 10:12:20.896500,54.78723
2024-04-30 10:12:20.912120,50.62744
2024-04-30 10:12:20.927750,47.22119
2024-04-30 10:12:20.943370,44.35596
2024-04-30 10:12:20.959000,41.89941
2024-04-30 10:12:20.974620,39.4519
2024-04-30 10:12:20.990250,36.19543
2024-04-30 10:12:21.005880,31.29395
2024-04-30 10:12:21.021500,24.56531
2024-04-30 10:12:21.037130,17.12781
2024-04-30 10:12:21.052750,11.6593
2024-04-30 10:12:21.068380,11.84851
2024-04-30 10:12:21.084000,21.14502
2024-04-30 10:12:21.099630,41.29968
2024-04-30 10:12:21.115260,71.44531
2024-04-30 10:12:21.130880,108.1675
2024-04-30 10:12:21.146510,146.6824
2024-04-30 10:12:21.162130,182.4071
2024-04-30 10:12:21.177760,212.3154
2024-04-30 10:12:21.193380,235.5138
2024-04-30 10:12:21.209010,252.7573
2024-04-30 10:12:21.224640,265.4199
2024-04-30 10:12:21.240260,274.5542
2024-04-30 10:12:21.255890,280.3511
2024-04-30 10:12:21.271510,282.1957
2024-04-30 10:12:21.287140,279.2172
2024-04-30 10:12:21.302760,270.766
2024-04-30 10:12:21.318390,256.7749
2024-04-30 10:12:21.334020,237.9463
2024-04-30 10:12:21.349640,215.673
2024-04-30 10:12:21.365270,191.7914
2024-04-30 10:12:21.380890,168.2047
2024-04-30 10:12:21.396520,146.4915
2024-04-30 10:12:21.412140,127.6217
2024-04-30 10:12:21.427770,111.9084
2024-04-30 10:12:21.443400,99.08948
2024-04-30 10:12:21.459020,88.48877
2024-04-30 10:12:21.474650,79.22168
2024-04-30 10:12:21.490270,70.22656
2024-04-30 10:12:21.505900,60.37805
2024-04-30 10:12:21.521520,48.82056
2024-04-30 10:12:21.537150,35.24292
2024-04-30 10:12:21.552780,20.16394
2024-04-30 10:12:21.568400,4.876953
2024-04-30 10:12:21.584030,-8.932373
2024-04-30 10:12:21.599650,-19.89148
2024-04-30 10:12:21.615280,-27.46265
2024-04-30 10:12:21.630900,-32.23828
2024-04-30 10:12:21.646530,-35.83167
2024-04-30 10:12:21.662160,-40.20471
2024-04-30 10:12:21.677780,-46.85742
2024-04-30 10:12:21.693410,-56.14038
2024-04-30 10:12:21.709030,-66.71924
2024-04-30 10:12:21.724660,-75.78186
2024-04-30 10:12:21.740280,-79.85706
2024-04-30 10:12:21.755910,-76.13062
2024-04-30 10:12:21.771540,-63.71582
2024-04-30 10:12:21.787160,-44.33447
2024-04-30 10:12:21.802790,-21.76819
2024-04-30 10:12:21.818410,-0.4586182
2024-04-30 10:12:21.834040,16.12012
2024-04-30 10:12:21.849660,26.71899
2024-04-30 10:12:21.865290,32.33704
2024-04-30 10:12:21.880920,35.32788
2024-04-30 10:12:21.896540,38.03674
2024-04-30 10:12:21.912170,41.71265
2024-04-30 10:12:21.927790,46.27673
2024-04-30 10:12:21.943420,50.70251
2024-04-30 10:12:21.959040,53.78467
2024-04-30 10:12:21.974670,54.69617
2024-04-30 10:12:21.990300,53.24377
2024-04-30 10:12:22.005920,49.55109
2024-04-30 10:12:22.021550,43.87317
2024-04-30 10:12:22.037170,36.31781
2024-04-30 10:12:22.052800,26.92725
2024-04-30 10:12:22.068420,15.90485
2024-04-30 10:12:22.084050,3.768311
2024-04-30 10:12:22.099680,-8.645508
2024-04-30 10:12:22.115300,-20.55908
2024-04-30 10:12:22.130930,-31.4234
2024-04-30 10:12:22.146550,-41.35236
2024-04-30 10:12:22.162180,-50.97784
2024-04-30 10:12:22.177800,-61.07886
2024-04-30 10:12:22.193430,-72.10931
2024-04-30 10:12:22.209060,-83.76782
2024-04-30 10:12:22.224680,-95.07135
2024-04-30 10:12:22.240310,-104.8387
2024-04-30 10:12:22.255930,-112.3867
2024-04-30 10:12:22.271560,-117.9232
2024-04-30 10:12:22.287180,-122.6445
2024-04-30 10:12:22.302810,-128.3339
2024-04-30 10:12:22.318440,-136.624
2024-04-30 10:12:22.334060,-148.3635
2024-04-30 10:12:22.349690,-162.9774
2024-04-30 10:12:22.365310,-178.3412
2024-04-30 10:12:22.380940,-191.0662
2024-04-30 10:12:22.396560,-197.4091
2024-04-30 10:12:22.412190,-194.4507
2024-04-30 10:12:22.427820,-181.1499
2024-04-30 10:12:22.443440,-158.7825
2024-04-30 10:12:22.459070,-130.6073
2024-04-30 10:12:22.474690,-100.7455
2024-04-30 10:12:22.490320,-72.85089
2024-04-30 10:12:22.505940,-49.14667
2024-04-30 10:12:22.521570,-30.06641
2024-04-30 10:12:22.537200,-14.73477
2024-04-30 10:12:22.552820,-1.734589
2024-04-30 10:12:22.568450,10.11884
2024-04-30 10:12:22.584070,21.36874
2024-04-30 10:12:22.599700,31.96616
2024-04-30 10:12:22.615320,41.53586
2024-04-30 10:12:22.630950,49.74643
2024-04-30 10:12:22.646580,56.42899
2024-04-30 10:12:22.662200,61.58035
2024-04-30 10:12:22.677830,65.22195
2024-04-30 10:12:22.693450,67.2291
2024-04-30 10:12:22.709080,67.27478
2024-04-30 10:12:22.724700,65.00833
2024-04-30 10:12:22.740330,60.2709
2024-04-30 10:12:22.755960,53.31496
2024-04-30 10:12:22.771580,44.81982
2024-04-30 10:12:22.787210,35.63614
2024-04-30 10:12:22.802830,26.27208
2024-04-30 10:12:22.818460,16.68095
2024-04-30 10:12:22.834080,6.262482
2024-04-30 10:12:22.849710,-5.656342
2024-04-30 10:12:22.865340,-19.22664
2024-04-30 10:12:22.880960,-33.75374
2024-04-30 10:12:22.896590,-47.80452
2024-04-30 10:12:22.912210,-59.87404
2024-04-30 10:12:22.927840,-69.112
2024-04-30 10:12:22.943460,-75.81825
2024-04-30 10:12:22.959090,-81.43225
2024-04-30 10:12:22.974720,-88.06276
2024-04-30 10:12:22.990340,-97.75162
2024-04-30 10:12:23.005970,-111.6686
2024-04-30 10:12:23.021590,-129.5153
2024-04-30 10:12:23.037220,-149.2714
2024-04-30 10:12:23.052840,-167.4055
2024-04-30 10:12:23.068470,-179.7004
2024-04-30 10:12:23.084100,-182.4578
2024-04-30 10:12:23.099720,-173.8431
2024-04-30 10:12:23.115350,-154.7218
2024-04-30 10:12:23.130970,-128.4924
2024-04-30 10:12:23.146600,-99.99052
2024-04-30 10:12:23.162230,-73.72641
2024-04-30 10:12:23.177850,-52.42044
2024-04-30 10:12:23.193480,-36.39023
2024-04-30 10:12:23.209100,-24.11863
2024-04-30 10:12:23.224730,-13.44127
2024-04-30 10:12:23.240350,-2.788339
2024-04-30 10:12:23.255980,8.181808
2024-04-30 10:12:23.271610,18.68828
2024-04-30 10:12:23.287230,27.57585
2024-04-30 10:12:23.302860,33.85064
2024-04-30 10:12:23.318480,37.13186
2024-04-30 10:12:23.334110,37.59515
2024-04-30 10:12:23.349730,35.64543
2024-04-30 10:12:23.365360,31.73046
2024-04-30 10:12:23.380990,26.20491
2024-04-30 10:12:23.396610,19.40951
2024-04-30 10:12:23.412240,11.82038
2024-04-30 10:12:23.427860,4.158068
2024-04-30 10:12:23.443490,-2.777622
2024-04-30 10:12:23.459110,-8.354059
2024-04-30 10:12:23.474740,-12.41044
2024-04-30 10:12:23.490370,-15.54398
2024-04-30 10:12:23.505990,-18.97017
2024-04-30 10:12:23.521620,-24.17401
2024-04-30 10:12:23.537240,-32.36435
2024-04-30 10:12:23.552870,-43.94721
2024-04-30 10:12:23.568490,-58.2472
2024-04-30 10:12:23.584120,-73.78246
2024-04-30 10:12:23.599750,-88.72895
2024-04-30 10:12:23.615370,-101.6218
2024-04-30 10:12:23.631000,-111.8808
2024-04-30 10:12:23.646620,-119.9271
2024-04-30 10:12:23.662250,-126.9599
2024-04-30 10:12:23.677870,-134.5244
2024-04-30 10:12:23.693500,-144.0153
2024-04-30 10:12:23.709130,-156.1936
2024-04-30 10:12:23.724750,-170.8615
2024-04-30 10:12:23.740380,-186.564
2024-04-30 10:12:23.756000,-200.5791
2024-04-30 10:12:23.771630,-209.5051
2024-04-30 10:12:23.787250,-210.0799
2024-04-30 10:12:23.802880,-200.3616
2024-04-30 10:12:23.818510,-180.6269
2024-04-30 10:12:23.834130,-153.4156
2024-04-30 10:12:23.849760,-122.6877
2024-04-30 10:12:23.865380,-92.39106
2024-04-30 10:12:23.881010,-65.02792
2024-04-30 10:12:23.896630,-41.10426
2024-04-30 10:12:23.912260,-19.55771
2024-04-30 10:12:23.927890,1.197655
2024-04-30 10:12:23.943510,22.14095
2024-04-30 10:12:23.959140,43.05791
2024-04-30 10:12:23.974760,62.75073
2024-04-30 10:12:23.990390,79.73952
2024-04-30 10:12:24.006010,93.01586
2024-04-30 10:12:24.021640,102.481
2024-04-30 10:12:24.037270,108.8984
2024-04-30 10:12:24.052890,113.3028
2024-04-30 10:12:24.068520,116.5653
2024-04-30 10:12:24.084140,118.9088
2024-04-30 10:12:24.099770,119.9452
2024-04-30 10:12:24.115390,119.017
2024-04-30 10:12:24.131020,115.7463
2024-04-30 10:12:24.146650,110.4364
2024-04-30 10:12:24.162270,104.0627
2024-04-30 10:12:24.177900,97.91019
2024-04-30 10:12:24.193520,92.88608
2024-04-30 10:12:24.209150,89.05501
2024-04-30 10:12:24.224770,85.60455
2024-04-30 10:12:24.240400,81.23965
2024-04-30 10:12:24.256030,74.86824
2024-04-30 10:12:24.271650,66.20573
2024-04-30 10:12:24.287280,55.89432
2024-04-30 10:12:24.302900,45.24229
2024-04-30 10:12:24.318530,35.68443
2024-04-30 10:12:24.334150,28.10635
2024-04-30 10:12:24.349780,22.56009
2024-04-30 10:12:24.365410,18.19292
2024-04-30 10:12:24.381030,13.58167
2024-04-30 10:12:24.396660,7.080795
2024-04-30 10:12:24.412280,-2.680603
2024-04-30 10:12:24.427910,-16.48578
2024-04-30 10:12:24.443530,-34.03378
2024-04-30 10:12:24.459160,-53.67462
2024-04-30 10:12:24.474790,-72.44632
2024-04-30 10:12:24.490410,-86.457
2024-04-30 10:12:24.506040,-91.9722
2024-04-30 10:12:24.521660,-86.65179
2024-04-30 10:12:24.537290,-70.49759
2024-04-30 10:12:24.552910,-45.9884
2024-04-30 10:12:24.568540,-17.32947
2024-04-30 10:12:24.584170,11.09796
2024-04-30 10:12:24.599790,36.08929
2024-04-30 10:12:24.615420,56.29099
2024-04-30 10:12:24.631040,71.99365
2024-04-30 10:12:24.646670,84.30911
2024-04-30 10:12:24.662290,94.17465
2024-04-30 10:12:24.677920,101.9417
2024-04-30 10:12:24.693550,107.4679
2024-04-30 10:12:24.709170,110.4905
2024-04-30 10:12:24.724800,111.059
2024-04-30 10:12:24.740420,109.6073
2024-04-30 10:12:24.756050,106.6971
2024-04-30 10:12:24.771670,102.7977
2024-04-30 10:12:24.787300,98.18469
2024-04-30 10:12:24.802930,92.96472
2024-04-30 10:12:24.818550,87.3848
2024-04-30 10:12:24.834180,81.92648
2024-04-30 10:12:24.849800,77.27618
2024-04-30 10:12:24.865430,74.02386
2024-04-30 10:12:24.881050,72.354
2024-04-30 10:12:24.896680,71.75266
2024-04-30 10:12:24.912310,71.06815
2024-04-30 10:12:24.927930,68.84616
2024-04-30 10:12:24.943560,63.86362
2024-04-30 10:12:24.959180,55.72589
2024-04-30 10:12:24.974810,44.92484
2024-04-30 10:12:24.990430,32.72162
2024-04-30 10:12:25.006060,20.59869
2024-04-30 10:12:25.021690,9.674133
2024-04-30 10:12:25.037310,0.252655
2024-04-30 10:12:25.052940,-8.296143
2024-04-30 10:12:25.068560,-17.3548
2024-04-30 10:12:25.084190,-28.72055
2024-04-30 10:12:25.099810,-43.87726
2024-04-30 10:12:25.115440,-63.4859
2024-04-30 10:12:25.131070,-86.72971
2024-04-30 10:12:25.146690,-111.0107
2024-04-30 10:12:25.162320,-132.27
2024-04-30 10:12:25.177940,-145.931
2024-04-30 10:12:25.193570,-148.3543
2024-04-30 10:12:25.209190,-138.0979
2024-04-30 10:12:25.224820,-116.6576
2024-04-30 10:12:25.240450,-87.77684
2024-04-30 10:12:25.256070,-56.18243
2024-04-30 10:12:25.271700,-25.8541
2024-04-30 10:12:25.287320,1.10878
2024-04-30 10:12:25.302950,24.56882
2024-04-30 10:12:25.318570,45.61339
2024-04-30 10:12:25.334200,65.39017
2024-04-30 10:12:25.349830,84.34525
2024-04-30 10:12:25.365450,101.9603
2024-04-30 10:12:25.381080,117.289
2024-04-30 10:12:25.396700,129.4568
2024-04-30 10:12:25.412330,138.0884
2024-04-30 10:12:25.427950,143.2867
2024-04-30 10:12:25.443580,145.3515
2024-04-30 10:12:25.459210,144.5314
2024-04-30 10:12:25.474830,140.8876
2024-04-30 10:12:25.490460,134.4133
2024-04-30 10:12:25.506080,125.3431
2024-04-30 10:12:25.521710,114.237
2024-04-30 10:12:25.537330,101.9722
2024-04-30 10:12:25.552960,89.4825
2024-04-30 10:12:25.568590,77.47282
2024-04-30 10:12:25.584210,66.06867
2024-04-30 10:12:25.599840,54.85078
2024-04-30 10:12:25.615460,43.14804
2024-04-30 10:12:25.631090,30.44775
2024-04-30 10:12:25.646710,16.86353
2024-04-30 10:12:25.662340,3.198944
2024-04-30 10:12:25.677970,-9.28373
2024-04-30 10:12:25.693590,-19.49656
2024-04-30 10:12:25.709220,-26.99985
2024-04-30 10:12:25.724840,-32.46156
2024-04-30 10:12:25.740470,-37.45476
2024-04-30 10:12:25.756100,-44.09002
2024-04-30 10:12:25.771720,-54.32183
2024-04-30 10:12:25.787350,-69.3207
2024-04-30 10:12:25.802970,-88.92276
2024-04-30 10:12:25.818600,-111.2949
2024-04-30 10:12:25.834220,-133.0877
2024-04-30 10:12:25.849850,-149.9254
2024-04-30 10:12:25.865480,-157.6493
2024-04-30 10:12:25.881100,-153.549
2024-04-30 10:12:25.896730,-137.4502
2024-04-30 10:12:25.912350,-111.8011
2024-04-30 10:12:25.927980,-80.89549
2024-04-30 10:12:25.943600,-49.26968
2024-04-30 10:12:25.959230,-20.27499
2024-04-30 10:12:25.974860,4.620281
2024-04-30 10:12:25.990480,25.59823
2024-04-30 10:12:26.006110,43.54533
2024-04-30 10:12:26.021730,59.12134
2024-04-30 10:12:26.037360,72.32185
2024-04-30 10:12:26.052980,82.68768
2024-04-30 10:12:26.068610,89.81721
2024-04-30 10:12:26.084240,93.80985
2024-04-30 10:12:26.099860,95.24871
2024-04-30 10:12:26.115490,94.8895
2024-04-30 10:12:26.131110,93.32863
2024-04-30 10:12:26.146740,90.8026
2024-04-30 10:12:26.162360,87.39301
2024-04-30 10:12:26.177990,83.33508
2024-04-30 10:12:26.193620,79.27797
2024-04-30 10:12:26.209240,76.2057
2024-04-30 10:12:26.224870,75.11403
2024-04-30 10:12:26.240490,76.53172
2024-04-30 10:12:26.256120,80.14948
2024-04-30 10:12:26.271740,84.83957
2024-04-30 10:12:26.287370,88.83208
2024-04-30 10:12:26.303000,90.31825
2024-04-30 10:12:26.318620,87.95581
2024-04-30 10:12:26.334250,81.31403
2024-04-30 10:12:26.349870,70.96658
2024-04-30 10:12:26.365500,58.3316
2024-04-30 10:12:26.381120,45.2171
2024-04-30 10:12:26.396750,33.21188
2024-04-30 10:12:26.412380,23.16638
2024-04-30 10:12:26.428000,14.69955
2024-04-30 10:12:26.443630,6.240814
2024-04-30 10:12:26.459250,-4.498627
2024-04-30 10:12:26.474880,-19.66833
2024-04-30 10:12:26.490500,-40.23523
2024-04-30 10:12:26.506130,-65.14899
2024-04-30 10:12:26.521760,-91.28448
2024-04-30 10:12:26.537380,-114.2632
2024-04-30 10:12:26.553010,-129.7879
2024-04-30 10:12:26.568630,-135.2274
2024-04-30 10:12:26.584260,-130.5018
2024-04-30 10:12:26.599880,-117.9856
2024-04-30 10:12:26.615510,-101.5687
2024-04-30 10:12:26.631140,-85.22385
2024-04-30 10:12:26.646760,-71.81653
2024-04-30 10:12:26.662390,-62.54001
2024-04-30 10:12:26.678010,-57.19864
2024-04-30 10:12:26.693640,-54.87961
2024-04-30 10:12:26.709260,-54.81168
2024-04-30 10:12:26.724890,-56.84555
2024-04-30 10:12:26.740520,-61.44934
2024-04-30 10:12:26.756140,-69.22974
2024-04-30 10:12:26.771770,-80.2048
2024-04-30 10:12:26.787390,-93.56021
2024-04-30 10:12:26.803020,-107.7556
2024-04-30 10:12:26.818640,-121.1594
2024-04-30 10:12:26.834270,-132.6558
2024-04-30 10:12:26.849900,-142.0064
2024-04-30 10:12:26.865520,-149.6948
2024-04-30 10:12:26.881150,-156.5112
2024-04-30 10:12:26.896770,-163.1082
2024-04-30 10:12:26.912400,-169.7987
2024-04-30 10:12:26.928020,-176.5823
2024-04-30 10:12:26.943650,-183.2148
2024-04-30 10:12:26.959280,-189.0946
2024-04-30 10:12:26.974900,-193.0195
2024-04-30 10:12:26.990530,-193.3278
2024-04-30 10:12:27.006150,-188.2944
2024-04-30 10:12:27.021780,-176.6857
2024-04-30 10:12:27.037400,-158.2267
2024-04-30 10:12:27.053030,-133.6607
2024-04-30 10:12:27.068660,-104.4736
2024-04-30 10:12:27.084280,-72.77136
2024-04-30 10:12:27.099910,-41.26459
2024-04-30 10:12:27.115530,-13.25574
2024-04-30 10:12:27.131160,7.656555
2024-04-30 10:12:27.146780,18.57086
2024-04-30 10:12:27.162410,18.66949
2024-04-30 10:12:27.178040,10.16119
2024-04-30 10:12:27.193660,-1.809326
2024-04-30 10:12:27.209290,-10.52478
2024-04-30 10:12:27.224910,-9.721558
2024-04-30 10:12:27.240540,4.370361
2024-04-30 10:12:27.256160,32.18231
2024-04-30 10:12:27.271790,71.17523
2024-04-30 10:12:27.287420,117.1443
2024-04-30 10:12:27.303040,165.7349
2024-04-30 10:12:27.318670,213.6442
2024-04-30 10:12:27.334290,258.9893
2024-04-30 10:12:27.349920,301.0898
2024-04-30 10:12:27.365540,339.7145
2024-04-30 10:12:27.381170,374.2438
2024-04-30 10:12:27.396800,403.3257
2024-04-30 10:12:27.412420,425.0011
2024-04-30 10:12:27.428050,437.5066
2024-04-30 10:12:27.443670,439.9921
2024-04-30 10:12:27.459300,432.9348
2024-04-30 10:12:27.474920,417.8925
2024-04-30 10:12:27.490550,396.7599
2024-04-30 10:12:27.506180,371.0862
2024-04-30 10:12:27.521800,341.6284
2024-04-30 10:12:27.537430,308.6765
2024-04-30 10:12:27.553050,272.4685
2024-04-30 10:12:27.568680,233.7727
2024-04-30 10:12:27.584300,193.8915
2024-04-30 10:12:27.599930,154.3671
2024-04-30 10:12:27.615560,116.475
2024-04-30 10:12:27.631180,80.86108
2024-04-30 10:12:27.646810,47.5686
2024-04-30 10:12:27.662430,16.25647
2024-04-30 10:12:27.678060,-13.44751
2024-04-30 10:12:27.693680,-41.80664
2024-04-30 10:12:27.709310,-68.93597
2024-04-30 10:12:27.724940,-94.9599
2024-04-30 10:12:27.740560,-119.8497
2024-04-30 10:12:27.756190,-143.2672
2024-04-30 10:12:27.771810,-164.2215
2024-04-30 10:12:27.787440,-180.8766
2024-04-30 10:12:27.803060,-190.7701
2024-04-30 10:12:27.818690,-191.4438
2024-04-30 10:12:27.834320,-181.3665
2024-04-30 10:12:27.849940,-160.6218
2024-04-30 10:12:27.865570,-131.2841
2024-04-30 10:12:27.881190,-96.91803
2024-04-30 10:12:27.896820,-61.71533
2024-04-30 10:12:27.912440,-29.32568
2024-04-30 10:12:27.928070,-1.79834
2024-04-30 10:12:27.943700,20.67346
2024-04-30 10:12:27.959320,39.44727
2024-04-30 10:12:27.974950,56.50244
2024-04-30 10:12:27.990570,73.35657
2024-04-30 10:12:28.006200,90.23132
2024-04-30 10:12:28.021830,106.1787
2024-04-30 10:12:28.037450,119.7474
2024-04-30 10:12:28.053080,129.9236
2024-04-30 10:12:28.068700,136.9563
2024-04-30 10:12:28.084330,142.2651
2024-04-30 10:12:28.099950,147.7448
2024-04-30 10:12:28.115580,154.8289
2024-04-30 10:12:28.131210,163.7015
2024-04-30 10:12:28.146830,173.2662
2024-04-30 10:12:28.162460,181.6843
2024-04-30 10:12:28.178080,187.1061
2024-04-30 10:12:28.193710,188.1969
2024-04-30 10:12:28.209330,184.4974
2024-04-30 10:12:28.224960,176.109
2024-04-30 10:12:28.240590,163.5294
2024-04-30 10:12:28.256210,147.4399
2024-04-30 10:12:28.271840,128.6567
2024-04-30 10:12:28.287460,108.0547
2024-04-30 10:12:28.303090,86.62585
2024-04-30 10:12:28.318710,65.38171
2024-04-30 10:12:28.334340,45.20984
2024-04-30 10:12:28.349970,26.90381
2024-04-30 10:12:28.365590,10.89221
2024-04-30 10:12:28.381220,-2.759033
2024-04-30 10:12:28.396840,-14.44788
2024-04-30 10:12:28.412470,-25.00073
2024-04-30 10:12:28.428090,-35.4552
2024-04-30 10:12:28.443720,-46.68262
2024-04-30 10:12:28.459350,-59.11292
2024-04-30 10:12:28.474970,-72.63733
2024-04-30 10:12:28.490600,-86.59338
2024-04-30 10:12:28.506220,-100.2371
2024-04-30 10:12:28.521850,-113.0105
2024-04-30 10:12:28.537470,-124.8257
2024-04-30 10:12:28.553100,-136.0676
2024-04-30 10:12:28.568730,-147.342
2024-04-30 10:12:28.584350,-159.1848
2024-04-30 10:12:28.599980,-171.9385
2024-04-30 10:12:28.615600,-185.7886
2024-04-30 10:12:28.631230,-200.925
2024-04-30 10:12:28.646850,-217.6399
2024-04-30 10:12:28.662480,-235.9829
2024-04-30 10:12:28.678110,-255.2888
2024-04-30 10:12:28.693730,-273.7813
2024-04-30 10:12:28.709360,-288.6995
2024-04-30 10:12:28.724980,-297.0093
2024-04-30 10:12:28.740610,-296.5991
2024-04-30 10:12:28.756230,-287.2217
2024-04-30 10:12:28.771860,-270.7554
2024-04-30 10:12:28.787490,-250.72
2024-04-30 10:12:28.803110,-231.2036
2024-04-30 10:12:28.818740,-215.7263
2024-04-30 10:12:28.834360,-206.4954
2024-04-30 10:12:28.849990,-204.1311
2024-04-30 10:12:28.865610,-207.863
2024-04-30 10:12:28.881240,-215.9336
2024-04-30 10:12:28.896870,-226.0144
2024-04-30 10:12:28.912490,-235.6721
2024-04-30 10:12:28.928120,-242.8748
2024-04-30 10:12:28.943740,-246.3687
2024-04-30 10:12:28.959370,-246.0417
2024-04-30 10:12:28.974990,-242.9929
2024-04-30 10:12:28.990620,-239.2844
2024-04-30 10:12:29.006250,-237.3745
2024-04-30 10:12:29.021870,-239.0923
2024-04-30 10:12:29.037500,-244.5647
2024-04-30 10:12:29.053120,-251.6057
2024-04-30 10:12:29.068750,-255.9563
2024-04-30 10:12:29.084370,-252.5356
2024-04-30 10:12:29.100000,-237.3865
2024-04-30 10:12:29.115630,-209.3567
2024-04-30 10:12:29.131250,-170.834
2024-04-30 10:12:29.146880,-126.9238
2024-04-30 10:12:29.162500,-83.64722
2024-04-30 10:12:29.178130,-45.90088
2024-04-30 10:12:29.193750,-16.14868
2024-04-30 10:12:29.209380,5.595215
2024-04-30 10:12:29.225010,20.88062
2024-04-30 10:12:29.240630,31.5127
2024-04-30 10:12:29.256260,38.66406
2024-04-30 10:12:29.271880,42.50952
2024-04-30 10:12:29.287510,42.7063
2024-04-30 10:12:29.303130,38.86548
2024-04-30 10:12:29.318760,31.0979
2024-04-30 10:12:29.334390,20.15381
2024-04-30 10:12:29.350010,7.401611
2024-04-30 10:12:29.365640,-5.557129
2024-04-30 10:12:29.381260,-17.21313
2024-04-30 10:12:29.396890,-26.37939
2024-04-30 10:12:29.412510,-32.36475
2024-04-30 10:12:29.428140,-34.95532
2024-04-30 10:12:29.443770,-34.47021
2024-04-30 10:12:29.459390,-31.80664
2024-04-30 10:12:29.475020,-28.42188
2024-04-30 10:12:29.490640,-26.07129
2024-04-30 10:12:29.506270,-26.41919
2024-04-30 10:12:29.521890,-30.49976
2024-04-30 10:12:29.537520,-38.25977
2024-04-30 10:12:29.553150,-48.58789
2024-04-30 10:12:29.568770,-59.70117
2024-04-30 10:12:29.584400,-69.93164
2024-04-30 10:12:29.600020,-78.37573
2024-04-30 10:12:29.615650,-85.26563
2024-04-30 10:12:29.631270,-91.87378
2024-04-30 10:12:29.646900,-100.0349
2024-04-30 10:12:29.662530,-111.4478
2024-04-30 10:12:29.678150,-126.8977
2024-04-30 10:12:29.693780,-145.5586
2024-04-30 10:12:29.709400,-164.6094
2024-04-30 10:12:29.725030,-179.5305
2024-04-30 10:12:29.740650,-185.1304
2024-04-30 10:12:29.756280,-177.2507
2024-04-30 10:12:29.771910,-154.384
2024-04-30 10:12:29.787530,-118.5798
2024-04-30 10:12:29.803160,-74.99731
2024-04-30 10:12:29.818780,-30.14307
2024-04-30 10:12:29.834410,10.1814
2024-04-30 10:12:29.850030,42.62109
2024-04-30 10:12:29.865660,66.67029
2024-04-30 10:12:29.881290,83.84082
2024-04-30 10:12:29.896910,96.2168
2024-04-30 10:12:29.912540,105.2885
2024-04-30 10:12:29.928160,111.5188
2024-04-30 10:12:29.943790,114.7253
2024-04-30 10:12:29.959410,114.7952
2024-04-30 10:12:29.975040,112.0909
2024-04-30 10:12:29.990670,107.5355
2024-04-30 10:12:30.006290,102.1469
2024-04-30 10:12:30.021920,96.61353
2024-04-30 10:12:30.037540,91.14819
2024-04-30 10:12:30.053170,85.53149
2024-04-30 10:12:30.068790,79.49426
2024-04-30 10:12:30.084420,73.05225
2024-04-30 10:12:30.100050,66.60071
2024-04-30 10:12:30.115670,60.65051
2024-04-30 10:12:30.131300,55.44446
2024-04-30 10:12:30.146920,50.65039
2024-04-30 10:12:30.162550,45.31775
2024-04-30 10:12:30.178170,38.29456
2024-04-30 10:12:30.193800,28.81677
2024-04-30 10:12:30.209430,17.03845
2024-04-30 10:12:30.225050,4.116455
2024-04-30 10:12:30.240680,-8.141724
2024-04-30 10:12:30.256300,-18.15393
2024-04-30 10:12:30.271930,-25.31653
2024-04-30 10:12:30.287550,-30.375
2024-04-30 10:12:30.303180,-35.26135
2024-04-30 10:12:30.318810,-42.47107
2024-04-30 10:12:30.334430,-54.2793
2024-04-30 10:12:30.350060,-71.8717
2024-04-30 10:12:30.365680,-94.73279
2024-04-30 10:12:30.381310,-120.2825
2024-04-30 10:12:30.396930,-144.0913
2024-04-30 10:12:30.412560,-160.6385
2024-04-30 10:12:30.428190,-164.8115
2024-04-30 10:12:30.443810,-153.5226
2024-04-30 10:12:30.459440,-126.938
2024-04-30 10:12:30.475060,-88.77173
2024-04-30 10:12:30.490690,-45.13977
2024-04-30 10:12:30.506310,-2.621826
2024-04-30 10:12:30.521940,33.79333
2024-04-30 10:12:30.537570,61.93408
2024-04-30 10:12:30.553190,82.3833
2024-04-30 10:12:30.568820,97.19067
2024-04-30 10:12:30.584440,108.3538
2024-04-30 10:12:30.600070,116.7813
2024-04-30 10:12:30.615700,122.1533
2024-04-30 10:12:30.631320,123.6406
2024-04-30 10:12:30.646950,120.8667
2024-04-30 10:12:30.662570,114.4703
2024-04-30 10:12:30.678200,105.9486
2024-04-30 10:12:30.693820,97.01355
2024-04-30 10:12:30.709450,88.74561
2024-04-30 10:12:30.725080,81.18689
2024-04-30 10:12:30.740700,73.59448
2024-04-30 10:12:30.756330,65.07849
2024-04-30 10:12:30.771950,55.30432
2024-04-30 10:12:30.787580,44.77478
2024-04-30 10:12:30.803200,34.60278
2024-04-30 10:12:30.818830,25.78296
2024-04-30 10:12:30.834460,18.53247
2024-04-30 10:12:30.850080,11.9884
2024-04-30 10:12:30.865710,4.609009
2024-04-30 10:12:30.881330,-5.127502
2024-04-30 10:12:30.896960,-17.92834
2024-04-30 10:12:30.912580,-33.4245
2024-04-30 10:12:30.928210,-50.2793
2024-04-30 10:12:30.943840,-66.8891
2024-04-30 10:12:30.959460,-82.02014
2024-04-30 10:12:30.975090,-95.23273
2024-04-30 10:12:30.990710,-106.9986
2024-04-30 10:12:31.006340,-118.4275
2024-04-30 10:12:31.021960,-130.8766
2024-04-30 10:12:31.037590,-145.3627
2024-04-30 10:12:31.053220,-161.9104
2024-04-30 10:12:31.068840,-179.0527
2024-04-30 10:12:31.084470,-193.8281
2024-04-30 10:12:31.100090,-202.3021
2024-04-30 10:12:31.115720,-200.7877
2024-04-30 10:12:31.131340,-187.1851
2024-04-30 10:12:31.146970,-161.7054
2024-04-30 10:12:31.162600,-126.6915
2024-04-30 10:12:31.178220,-85.62433
2024-04-30 10:12:31.193850,-41.91516
2024-04-30 10:12:31.209470,1.920471
2024-04-30 10:12:31.225100,44.19122
2024-04-30 10:12:31.240720,83.63525
2024-04-30 10:12:31.256350,118.8377
2024-04-30 10:12:31.271980,148.1602
2024-04-30 10:12:31.287600,170.1564
2024-04-30 10:12:31.303230,184.193
2024-04-30 10:12:31.318850,190.809
2024-04-30 10:12:31.334480,191.6037
2024-04-30 10:12:31.350100,188.7709
2024-04-30 10:12:31.365730,184.4102
2024-04-30 10:12:31.381360,180.0439
2024-04-30 10:12:31.396980,176.4156
2024-04-30 10:12:31.412610,173.3859
2024-04-30 10:12:31.428230,170.2389
2024-04-30 10:12:31.443860,166.0971
2024-04-30 10:12:31.459480,160.3847
2024-04-30 10:12:31.475110,153.1985
2024-04-30 10:12:31.490740,145.3024
2024-04-30 10:12:31.506360,137.7
2024-04-30 10:12:31.521990,131.0046
2024-04-30 10:12:31.537610,125.0264
2024-04-30 10:12:31.553240,118.7543
2024-04-30 10:12:31.568860,110.8857
2024-04-30 10:12:31.584490,100.5638
2024-04-30 10:12:31.600120,87.86725
2024-04-30 10:12:31.615740,73.8154
2024-04-30 10:12:31.631370,59.90897
2024-04-30 10:12:31.646990,47.32596
2024-04-30 10:12:31.662620,36.41263
2024-04-30 10:12:31.678240,26.633
2024-04-30 10:12:31.693870,16.95216
2024-04-30 10:12:31.709500,6.314514
2024-04-30 10:12:31.725120,-5.896667
2024-04-30 10:12:31.740750,-19.75558
2024-04-30 10:12:31.756370,-34.56649
2024-04-30 10:12:31.772000,-48.68133
2024-04-30 10:12:31.787620,-59.33423
2024-04-30 10:12:31.803250,-62.85282
2024-04-30 10:12:31.818880,-55.56351
2024-04-30 10:12:31.834500,-35.2493
2024-04-30 10:12:31.850130,-2.546959
2024-04-30 10:12:31.865750,38.56761
2024-04-30 10:12:31.881380,81.71226
2024-04-30 10:12:31.897000,120.0697
2024-04-30 10:12:31.912630,148.7359
2024-04-30 10:12:31.928260,166.1668
2024-04-30 10:12:31.943880,174.1575
2024-04-30 10:12:31.959510,176.3962
2024-04-30 10:12:31.975130,176.4922
2024-04-30 10:12:31.990760,176.4975
2024-04-30 10:12:32.006380,176.6715
2024-04-30 10:12:32.022010,176.1971
2024-04-30 10:12:32.037640,174.3675
2024-04-30 10:12:32.053260,171.2478
2024-04-30 10:12:32.068890,167.5156
2024-04-30 10:12:32.084510,163.6273
2024-04-30 10:12:32.100140,159.0786
2024-04-30 10:12:32.115760,152.1082
2024-04-30 10:12:32.131390,140.4293
2024-04-30 10:12:32.147020,122.5098
2024-04-30 10:12:32.162640,98.57397
2024-04-30 10:12:32.178270,70.81075
2024-04-30 10:12:32.193890,42.64386
2024-04-30 10:12:32.209520,17.19307
2024-04-30 10:12:32.225140,-3.986968
2024-04-30 10:12:32.240770,-21.42388
2024-04-30 10:12:32.256400,-37.12341
2024-04-30 10:12:32.272020,-53.32177
2024-04-30 10:12:32.287650,-71.16412
2024-04-30 10:12:32.303270,-90.02409
2024-04-30 10:12:32.318900,-107.8078
2024-04-30 10:12:32.334520,-121.8527
2024-04-30 10:12:32.350150,-130.1428
2024-04-30 10:12:32.365780,-132.2223
2024-04-30 10:12:32.381400,-129.2373
2024-04-30 10:12:32.397030,-123.5238
2024-04-30 10:12:32.412650,-117.8782
2024-04-30 10:12:32.428280,-114.8191
2024-04-30 10:12:32.443900,-115.9896
2024-04-30 10:12:32.459530,-121.6959
2024-04-30 10:12:32.475160,-130.4644
2024-04-30 10:12:32.490780,-139.0914
2024-04-30 10:12:32.506410,-143.125
2024-04-30 10:12:32.522030,-138.0441
2024-04-30 10:12:32.537660,-120.8604
2024-04-30 10:12:32.553280,-91.49886
2024-04-30 10:12:32.568910,-53.02103
2024-04-30 10:12:32.584540,-10.73774
2024-04-30 10:12:32.600160,29.73697
2024-04-30 10:12:32.615790,64.47866
2024-04-30 10:12:32.631410,92.15608
2024-04-30 10:12:32.647040,113.6157
2024-04-30 10:12:32.662660,130.614
2024-04-30 10:12:32.678290,144.3502
2024-04-30 10:12:32.693920,154.8322
2024-04-30 10:12:32.709540,161.2466
2024-04-30 10:12:32.725170,162.9671
2024-04-30 10:12:32.740790,160.3385
2024-04-30 10:12:32.756420,154.8493
2024-04-30 10:12:32.772040,148.502
2024-04-30 10:12:32.787670,142.8164
2024-04-30 10:12:32.803300,138.1208
2024-04-30 10:12:32.818920,133.5217
2024-04-30 10:12:32.834550,127.501
2024-04-30 10:12:32.850170,118.892
2024-04-30 10:12:32.865800,107.5382
2024-04-30 10:12:32.881430,94.29947
2024-04-30 10:12:32.897050,80.4987
2024-04-30 10:12:32.912680,67.01723
2024-04-30 10:12:32.928300,53.72797
2024-04-30 10:12:32.943930,39.56686
2024-04-30 10:12:32.959550,23.26492
2024-04-30 10:12:32.975180,4.297523
2024-04-30 10:12:32.990810,-16.4938
2024-04-30 10:12:33.006430,-36.99672
2024-04-30 10:12:33.022060,-54.67507
2024-04-30 10:12:33.037680,-67.65816
2024-04-30 10:12:33.053310,-75.67495
2024-04-30 10:12:33.068930,-80.18646
2024-04-30 10:12:33.084560,-83.77924
2024-04-30 10:12:33.100190,-89.29768
2024-04-30 10:12:33.115810,-98.91924
2024-04-30 10:12:33.131440,-113.4214
2024-04-30 10:12:33.147060,-131.8597
2024-04-30 10:12:33.162690,-151.3929
2024-04-30 10:12:33.178310,-167.5706
2024-04-30 10:12:33.193940,-175.1573
2024-04-30 10:12:33.209570,-169.5649
2024-04-30 10:12:33.225190,-148.5042
2024-04-30 10:12:33.240820,-113.1213
2024-04-30 10:12:33.256440,-68.09543
2024-04-30 10:12:33.272070,-20.28104
2024-04-30 10:12:33.287690,23.39385
2024-04-30 10:12:33.303320,58.06175
2024-04-30 10:12:33.318950,81.92
2024-04-30 10:12:33.334570,95.95306
2024-04-30 10:12:33.350200,102.579
2024-04-30 10:12:33.365820,104.1807
2024-04-30 10:12:33.381450,102.162
2024-04-30 10:12:33.397070,97.00888
2024-04-30 10:12:33.412700,88.89253
2024-04-30 10:12:33.428330,78.24698
2024-04-30 10:12:33.443950,66.02409
2024-04-30 10:12:33.459580,53.38762
2024-04-30 10:12:33.475200,41.20541
2024-04-30 10:12:33.490830,29.7771
2024-04-30 10:12:33.506450,18.76836
2024-04-30 10:12:33.522080,7.661819
2024-04-30 10:12:33.537710,-3.652344
2024-04-30 10:12:33.553330,-14.69858
2024-04-30 10:12:33.568960,-24.62401
2024-04-30 10:12:33.584580,-32.79276
2024-04-30 10:12:33.600210,-39.35902
2024-04-30 10:12:33.615830,-45.49326
2024-04-30 10:12:33.631460,-52.89685
2024-04-30 10:12:33.647090,-62.99054
2024-04-30 10:12:33.662710,-76.11301
2024-04-30 10:12:33.678340,-91.13045
2024-04-30 10:12:33.693960,-105.8971
2024-04-30 10:12:33.709590,-118.0435
2024-04-30 10:12:33.725210,-125.9437
2024-04-30 10:12:33.740840,-129.2628
2024-04-30 10:12:33.756470,-128.9849
2024-04-30 10:12:33.772090,-126.966
2024-04-30 10:12:33.787720,-125.5036
2024-04-30 10:12:33.803340,-126.6197
2024-04-30 10:12:33.818970,-131.4475
2024-04-30 10:12:33.834590,-139.6472
2024-04-30 10:12:33.850220,-148.9159
2024-04-30 10:12:33.865850,-155.2143
2024-04-30 10:12:33.881470,-153.8617
2024-04-30 10:12:33.897100,-141.2589
2024-04-30 10:12:33.912720,-116.5027
2024-04-30 10:12:33.928350,-82.18823
2024-04-30 10:12:33.943970,-43.57355
2024-04-30 10:12:33.959600,-6.739021
2024-04-30 10:12:33.975230,23.51237
2024-04-30 10:12:33.990850,45.21326
2024-04-30 10:12:34.006480,59.14791
2024-04-30 10:12:34.022100,67.74487
2024-04-30 10:12:34.037730,73.51271
2024-04-30 10:12:34.053350,77.95005
2024-04-30 10:12:34.068980,81.3106
2024-04-30 10:12:34.084610,83.20179
2024-04-30 10:12:34.100230,83.33987
2024-04-30 10:12:34.115860,81.92388
2024-04-30 10:12:34.131480,79.64771
2024-04-30 10:12:34.147110,77.20072
2024-04-30 10:12:34.162730,74.84698
2024-04-30 10:12:34.178360,72.31887
2024-04-30 10:12:34.193990,69.0691
2024-04-30 10:12:34.209610,64.68404
2024-04-30 10:12:34.225240,59.30894
2024-04-30 10:12:34.240860,53.63132
2024-04-30 10:12:34.256490,48.51435
2024-04-30 10:12:34.272110,44.40225
2024-04-30 10:12:34.287740,40.83532
2024-04-30 10:12:34.303370,36.46279
2024-04-30 10:12:34.318990,29.53082
2024-04-30 10:12:34.334620,18.70188
2024-04-30 10:12:34.350240,3.66059
2024-04-30 10:12:34.365870,-14.67993
2024-04-30 10:12:34.381490,-34.56211
2024-04-30 10:12:34.397120,-54.18603
2024-04-30 10:12:34.412750,-72.43091
2024-04-30 10:12:34.428370,-89.35248
2024-04-30 10:12:34.444000,-106.0674
2024-04-30 10:12:34.459620,-124.3206
2024-04-30 10:12:34.475250,-145.8278
2024-04-30 10:12:34.490870,-171.4919
2024-04-30 10:12:34.506500,-200.6504
2024-04-30 10:12:34.522130,-230.6223
2024-04-30 10:12:34.537750,-256.8654
2024-04-30 10:12:34.553380,-274.0857
2024-04-30 10:12:34.569000,-277.9501
2024-04-30 10:12:34.584630,-266.86
2024-04-30 10:12:34.600250,-242.9431
2024-04-30 10:12:34.615880,-211.5892
2024-04-30 10:12:34.631510,-179.6715
2024-04-30 10:12:34.647130,-153.1715
2024-04-30 10:12:34.662760,-135.3801
2024-04-30 10:12:34.678380,-126.4418
2024-04-30 10:12:34.694010,-124.2151
2024-04-30 10:12:34.709630,-125.9734
2024-04-30 10:12:34.725260,-129.782
2024-04-30 10:12:34.740890,-135.0639
2024-04-30 10:12:34.756510,-142.0445
2024-04-30 10:12:34.772140,-150.9595
2024-04-30 10:12:34.787760,-161.2995
2024-04-30 10:12:34.803390,-171.6734
2024-04-30 10:12:34.819010,-180.2818
2024-04-30 10:12:34.834640,-185.5114
2024-04-30 10:12:34.850270,-186.3631
2024-04-30 10:12:34.865890,-182.5869
2024-04-30 10:12:34.881520,-174.5017
2024-04-30 10:12:34.897140,-162.5607
2024-04-30 10:12:34.912770,-147.2341
2024-04-30 10:12:34.928390,-128.8734
2024-04-30 10:12:34.944020,-107.9896
2024-04-30 10:12:34.959650,-85.42108
2024-04-30 10:12:34.975270,-62.3775
2024-04-30 10:12:34.990900,-40.26465
2024-04-30 10:12:35.006520,-20.32178
2024-04-30 10:12:35.022150,-3.34906
2024-04-30 10:12:35.037780,10.5481
2024-04-30 10:12:35.053400,21.66199
2024-04-30 10:12:35.069030,30.41187
2024-04-30 10:12:35.084650,36.80615
2024-04-30 10:12:35.100280,40.20764
2024-04-30 10:12:35.115900,39.40875
2024-04-30 10:12:35.131530,32.98657
2024-04-30 10:12:35.147160,19.93689
2024-04-30 10:12:35.162780,0.2455444
2024-04-30 10:12:35.178410,-24.61877
2024-04-30 10:12:35.194030,-51.70544
2024-04-30 10:12:35.209660,-76.99536
2024-04-30 10:12:35.225280,-96.40649
2024-04-30 10:12:35.240910,-106.8861
2024-04-30 10:12:35.256540,-107.3248
2024-04-30 10:12:35.272160,-98.7887
2024-04-30 10:12:35.287790,-83.98242
2024-04-30 10:12:35.303410,-66.19373
2024-04-30 10:12:35.319040,-48.07849
2024-04-30 10:12:35.334660,-31.0564
2024-04-30 10:12:35.350290,-15.32422
2024-04-30 10:12:35.365920,-0.4290771
2024-04-30 10:12:35.381540,14.06543
2024-04-30 10:12:35.397170,28.25928
2024-04-30 10:12:35.412790,41.92554
2024-04-30 10:12:35.428420,54.99707
2024-04-30 10:12:35.444040,67.76575
2024-04-30 10:12:35.459670,80.90039
2024-04-30 10:12:35.475300,95.10779
2024-04-30 10:12:35.490920,110.7701
2024-04-30 10:12:35.506550,127.7747
2024-04-30 10:12:35.522170,145.6465
2024-04-30 10:12:35.537800,163.8363
2024-04-30 10:12:35.553420,181.8199
2024-04-30 10:12:35.569050,199.1195
2024-04-30 10:12:35.584680,215.0483
2024-04-30 10:12:35.600300,228.5098
2024-04-30 10:12:35.615930,238.1133
2024-04-30 10:12:35.631550,242.5674
2024-04-30 10:12:35.647180,241.2426
2024-04-30 10:12:35.662800,234.5005
2024-04-30 10:12:35.678430,223.8281
2024-04-30 10:12:35.694060,211.2773
2024-04-30 10:12:35.709680,198.9417
2024-04-30 10:12:35.725310,188.2085
2024-04-30 10:12:35.740930,179.5007
2024-04-30 10:12:35.756560,172.2686
2024-04-30 10:12:35.772180,165.2712
2024-04-30 10:12:35.787810,156.9829
2024-04-30 10:12:35.803440,145.8574
2024-04-30 10:12:35.819060,130.5464
2024-04-30 10:12:35.834690,110.1348
2024-04-30 10:12:35.850310,84.61572
2024-04-30 10:12:35.865940,55.32349
2024-04-30 10:12:35.881560,25.3064
2024-04-30 10:12:35.897190,-0.9570313
2024-04-30 10:12:35.912820,-18.58594
2024-04-30 10:12:35.928440,-23.74707
2024-04-30 10:12:35.944070,-15.14551
2024-04-30 10:12:35.959690,5.432129
2024-04-30 10:12:35.975320,33.71704
2024-04-30 10:12:35.990940,64.61646
2024-04-30 10:12:36.006570,93.96191
2024-04-30 10:12:36.022200,119.77
2024-04-30 10:12:36.037820,142.2156
2024-04-30 10:12:36.053450,162.7383
2024-04-30 10:12:36.069070,182.7939
2024-04-30 10:12:36.084700,202.917
2024-04-30 10:12:36.100320,222.5889
2024-04-30 10:12:36.115950,240.6631
2024-04-30 10:12:36.131580,256.1533
2024-04-30 10:12:36.147200,268.7583
2024-04-30 10:12:36.162830,278.8845
2024-04-30 10:12:36.178450,287.5112
2024-04-30 10:12:36.194080,295.6851
2024-04-30 10:12:36.209700,304.1536
2024-04-30 10:12:36.225330,313.1682
2024-04-30 10:12:36.240960,322.5659
2024-04-30 10:12:36.256580,331.9585
2024-04-30 10:12:36.272210,340.9463
2024-04-30 10:12:36.287830,349.1685
2024-04-30 10:12:36.303460,356.176
2024-04-30 10:12:36.319080,361.3604
2024-04-30 10:12:36.334710,363.9001
2024-04-30 10:12:36.350340,363.0352
2024-04-30 10:12:36.365960,358.4397
2024-04-30 10:12:36.381590,350.5146
2024-04-30 10:12:36.397210,340.498
2024-04-30 10:12:36.412840,330.1238
2024-04-30 10:12:36.428460,321.0198
2024-04-30 10:12:36.444090,314.0017
2024-04-30 10:12:36.459720,308.6699
2024-04-30 10:12:36.475340,303.4426
2024-04-30 10:12:36.490970,296.0374
2024-04-30 10:12:36.506590,284.3652
2024-04-30 10:12:36.522220,267.4824
2024-04-30 10:12:36.537840,246.2917
2024-04-30 10:12:36.553470,223.6721
2024-04-30 10:12:36.569100,203.9268
2024-04-30 10:12:36.584720,191.4487
2024-04-30 10:12:36.600350,189.1663
2024-04-30 10:12:36.615970,197.2188
2024-04-30 10:12:36.631600,212.5742
2024-04-30 10:12:36.647220,229.9137
2024-04-30 10:12:36.662850,243.3466
2024-04-30 10:12:36.678480,248.3527
2024-04-30 10:12:36.694100,243.1323
2024-04-30 10:12:36.709730,228.6967
2024-04-30 10:12:36.725350,207.9695
2024-04-30 10:12:36.740980,184.316
2024-04-30 10:12:36.756600,160.2941
2024-04-30 10:12:36.772230,137.2421
2024-04-30 10:12:36.787860,115.6002
2024-04-30 10:12:36.803480,95.48999
2024-04-30 10:12:36.819110,77.19006
2024-04-30 10:12:36.834730,61.17249
2024-04-30 10:12:36.850360,47.67322
2024-04-30 10:12:36.865980,36.42029
2024-04-30 10:12:36.881610,26.54675
2024-04-30 10:12:36.897240,16.79846
2024-04-30 10:12:36.912860,6.150024
2024-04-30 10:12:36.928490,-5.823853
2024-04-30 10:12:36.944110,-18.73975
2024-04-30 10:12:36.959740,-31.66553
2024-04-30 10:12:36.975360,-43.48486
2024-04-30 10:12:36.990990,-53.41418
2024-04-30 10:12:37.006620,-61.25232
2024-04-30 10:12:37.022240,-67.48468
2024-04-30 10:12:37.037870,-73.02948
2024-04-30 10:12:37.053490,-78.83405
2024-04-30 10:12:37.069120,-85.56073
2024-04-30 10:12:37.084740,-93.29858
2024-04-30 10:12:37.100370,-101.6235
2024-04-30 10:12:37.116000,-109.7572
2024-04-30 10:12:37.131620,-116.9193
2024-04-30 10:12:37.147250,-122.682
2024-04-30 10:12:37.162870,-127.1585
2024-04-30 10:12:37.178500,-131.0745
2024-04-30 10:12:37.194120,-135.4756
2024-04-30 10:12:37.209750,-141.3962
2024-04-30 10:12:37.225380,-149.4453
2024-04-30 10:12:37.241000,-159.61
2024-04-30 10:12:37.256630,-171.244
2024-04-30 10:12:37.272250,-183.4734
2024-04-30 10:12:37.287880,-195.4749
2024-04-30 10:12:37.303500,-206.918
2024-04-30 10:12:37.319130,-218.1386
2024-04-30 10:12:37.334760,-229.9152
2024-04-30 10:12:37.350380,-243.2161
2024-04-30 10:12:37.366010,-259.012
2024-04-30 10:12:37.381630,-278.1009
2024-04-30 10:12:37.397260,-300.9167
2024-04-30 10:12:37.412880,-327.1618
2024-04-30 10:12:37.428510,-355.3199
2024-04-30 10:12:37.444140,-382.4313
2024-04-30 10:12:37.459760,-404.4782
2024-04-30 10:12:37.475390,-417.4842
2024-04-30 10:12:37.491010,-418.9623
2024-04-30 10:12:37.506640,-408.7784
2024-04-30 10:12:37.522260,-389.312
2024-04-30 10:12:37.537890,-364.3091
2024-04-30 10:12:37.553520,-337.3904
2024-04-30 10:12:37.569140,-310.7842
2024-04-30 10:12:37.584770,-285.0774
2024-04-30 10:12:37.600390,-260.0024
2024-04-30 10:12:37.616020,-235.6043
2024-04-30 10:12:37.631640,-213.0857
2024-04-30 10:12:37.647270,-194.5263
2024-04-30 10:12:37.662900,-182.0633
2024-04-30 10:12:37.678520,-176.647
2024-04-30 10:12:37.694150,-177.431
2024-04-30 10:12:37.709770,-182.0582
2024-04-30 10:12:37.725400,-187.555
2024-04-30 10:12:37.741030,-191.5525
2024-04-30 10:12:37.756650,-193.0087
2024-04-30 10:12:37.772280,-192.3558
2024-04-30 10:12:37.787900,-190.8173
2024-04-30 10:12:37.803530,-189.6764
2024-04-30 10:12:37.819150,-189.7393
2024-04-30 10:12:37.834780,-191.1068
2024-04-30 10:12:37.850410,-193.2401
2024-04-30 10:12:37.866030,-195.1063
2024-04-30 10:12:37.881660,-195.232
2024-04-30 10:12:37.897280,-191.7997
2024-04-30 10:12:37.912910,-183.103
2024-04-30 10:12:37.928530,-168.1516
2024-04-30 10:12:37.944160,-147.4081
2024-04-30 10:12:37.959790,-122.9015
2024-04-30 10:12:37.975410,-97.68378
2024-04-30 10:12:37.991040,-74.7832
2024-04-30 10:12:38.006660,-56.05243
2024-04-30 10:12:38.022290,-41.67719
2024-04-30 10:12:38.037910,-30.43927
2024-04-30 10:12:38.053540,-20.66013
2024-04-30 10:12:38.069170,-11.13623
2024-04-30 10:12:38.084790,-1.65094
2024-04-30 10:12:38.100420,7.274567
2024-04-30 10:12:38.116040,14.90933
2024-04-30 10:12:38.131670,20.69769
2024-04-30 10:12:38.147290,24.61197
2024-04-30 10:12:38.162920,26.91895
2024-04-30 10:12:38.178550,27.99561
2024-04-30 10:12:38.194170,28.20776
2024-04-30 10:12:38.209800,27.89865
2024-04-30 10:12:38.225420,27.37585
2024-04-30 10:12:38.241050,26.95782
2024-04-30 10:12:38.256670,26.70114
2024-04-30 10:12:38.272300,26.26025
2024-04-30 10:12:38.287930,24.77985
2024-04-30 10:12:38.303550,21.10654
2024-04-30 10:12:38.319180,14.19916
2024-04-30 10:12:38.334800,3.585022
2024-04-30 10:12:38.350430,-10.28146
2024-04-30 10:12:38.366050,-26.17834
2024-04-30 10:12:38.381680,-42.42249
2024-04-30 10:12:38.397310,-57.5475
2024-04-30 10:12:38.412930,-70.76744
2024-04-30 10:12:38.428560,-82.17348
2024-04-30 10:12:38.444180,-92.6757
2024-04-30 10:12:38.459810,-103.7
2024-04-30 10:12:38.475430,-116.6388
2024-04-30 10:12:38.491060,-132.1825
2024-04-30 10:12:38.506690,-149.7884
2024-04-30 10:12:38.522310,-167.2623
2024-04-30 10:12:38.537940,-181.0532
2024-04-30 10:12:38.553560,-187.1057
2024-04-30 10:12:38.569190,-182.1801
2024-04-30 10:12:38.584810,-165.1683
2024-04-30 10:12:38.600440,-137.5856
2024-04-30 10:12:38.616070,-103.1373
2024-04-30 10:12:38.631690,-66.39655
2024-04-30 10:12:38.647320,-31.38833
2024-04-30 10:12:38.662940,-0.4573579
2024-04-30 10:12:38.678570,25.86002
2024-04-30 10:12:38.694190,48.34396
2024-04-30 10:12:38.709820,68.25993
2024-04-30 10:12:38.725450,86.53569
2024-04-30 10:12:38.741070,103.5685
2024-04-30 10:12:38.756700,119.2279
2024-04-30 10:12:38.772320,133.2182
2024-04-30 10:12:38.787950,145.2205
2024-04-30 10:12:38.803570,155.0136
2024-04-30 10:12:38.819200,162.473
2024-04-30 10:12:38.834830,167.4342
2024-04-30 10:12:38.850450,169.8226
2024-04-30 10:12:38.866080,169.5496
2024-04-30 10:12:38.881700,166.7307
2024-04-30 10:12:38.897330,161.7031
2024-04-30 10:12:38.912950,155.2015
2024-04-30 10:12:38.928580,148.07
2024-04-30 10:12:38.944210,141.1414
2024-04-30 10:12:38.959830,134.7898
2024-04-30 10:12:38.975460,128.7452
2024-04-30 10:12:38.991080,122.2393
2024-04-30 10:12:39.006710,114.3255
2024-04-30 10:12:39.022330,104.4519
2024-04-30 10:12:39.037960,92.68594
2024-04-30 10:12:39.053590,79.8349
2024-04-30 10:12:39.069210,66.94641
2024-04-30 10:12:39.084840,54.82242
2024-04-30 10:12:39.100460,43.50687
2024-04-30 10:12:39.116090,32.1275
2024-04-30 10:12:39.131710,19.14716
2024-04-30 10:12:39.147340,2.954224
2024-04-30 10:12:39.162970,-17.33817
2024-04-30 10:12:39.178590,-41.19211
2024-04-30 10:12:39.194220,-66.14151
2024-04-30 10:12:39.209840,-88.05261
2024-04-30 10:12:39.225470,-102.057
2024-04-30 10:12:39.241090,-104.1428
2024-04-30 10:12:39.256720,-92.67209
2024-04-30 10:12:39.272350,-69.05054
2024-04-30 10:12:39.287970,-37.38605
2024-04-30 10:12:39.303600,-3.017151
2024-04-30 10:12:39.319220,29.36298
2024-04-30 10:12:39.334850,57.00153
2024-04-30 10:12:39.350470,79.42462
2024-04-30 10:12:39.366100,97.67386
2024-04-30 10:12:39.381730,113.1597
2024-04-30 10:12:39.397350,126.5965
2024-04-30 10:12:39.412980,137.8492
2024-04-30 10:12:39.428600,146.1629
2024-04-30 10:12:39.444230,150.926
2024-04-30 10:12:39.459850,152.086
2024-04-30 10:12:39.475480,150.3021
2024-04-30 10:12:39.491110,146.582
2024-04-30 10:12:39.506730,141.8712
2024-04-30 10:12:39.522360,136.7543
2024-04-30 10:12:39.537980,131.2116
2024-04-30 10:12:39.553610,124.8921
2024-04-30 10:12:39.569230,117.3614
2024-04-30 10:12:39.584860,108.5572
2024-04-30 10:12:39.600490,98.89505
2024-04-30 10:12:39.616110,89.20551
2024-04-30 10:12:39.631740,80.27737
2024-04-30 10:12:39.647360,72.35092
2024-04-30 10:12:39.662990,64.9418
2024-04-30 10:12:39.678610,56.84448
2024-04-30 10:12:39.694240,46.79343
2024-04-30 10:12:39.709870,34.03311
2024-04-30 10:12:39.725490,18.85406
2024-04-30 10:12:39.741120,2.588165
2024-04-30 10:12:39.756740,-12.91675
2024-04-30 10:12:39.772370,-26.05969
2024-04-30 10:12:39.787990,-36.16937
2024-04-30 10:12:39.803620,-43.76074
2024-04-30 10:12:39.819250,-50.40906
2024-04-30 10:12:39.834870,-58.14276
2024-04-30 10:12:39.850500,-68.73898
2024-04-30 10:12:39.866120,-83.08807
2024-04-30 10:12:39.881750,-100.7041
2024-04-30 10:12:39.897380,-119.4379
2024-04-30 10:12:39.913000,-135.7026
2024-04-30 10:12:39.928630,-145.1436
2024-04-30 10:12:39.944250,-143.873
2024-04-30 10:12:39.959880,-129.984
2024-04-30 10:12:39.975500,-104.4016
2024-04-30 10:12:39.991130,-70.86823
2024-04-30 10:12:40.006760,-34.71497
2024-04-30 10:12:40.022380,-0.9227905
2024-04-30 10:12:40.038010,27.51483
2024-04-30 10:12:40.053630,50.14703
2024-04-30 10:12:40.069260,68.39838
2024-04-30 10:12:40.084880,84.18347
2024-04-30 10:12:40.100510,98.53363
2024-04-30 10:12:40.116140,111.2419
2024-04-30 10:12:40.131760,121.2477
2024-04-30 10:12:40.147390,127.6062
2024-04-30 10:12:40.163010,130.2331
2024-04-30 10:12:40.178640,129.9315
2024-04-30 10:12:40.194260,127.9534
2024-04-30 10:12:40.209890,125.3214
2024-04-30 10:12:40.225520,122.4045
2024-04-30 10:12:40.241140,118.9108
2024-04-30 10:12:40.256770,114.3154
2024-04-30 10:12:40.272390,108.2491
2024-04-30 10:12:40.288020,100.8294
2024-04-30 10:12:40.303640,92.72003
2024-04-30 10:12:40.319270,84.80432
2024-04-30 10:12:40.334900,77.81519
2024-04-30 10:12:40.350520,71.91214
2024-04-30 10:12:40.366150,66.49164
2024-04-30 10:12:40.381770,60.17505
2024-04-30 10:12:40.397400,51.40875
2024-04-30 10:12:40.413020,39.03607
2024-04-30 10:12:40.428650,22.9216
2024-04-30 10:12:40.444280,4.168594
2024-04-30 10:12:40.459900,-15.29253
2024-04-30 10:12:40.475530,-33.46259
2024-04-30 10:12:40.491150,-49.10696
2024-04-30 10:12:40.506780,-62.17166
2024-04-30 10:12:40.522400,-73.73071
2024-04-30 10:12:40.538030,-85.29654
2024-04-30 10:12:40.553660,-98.23624
2024-04-30 10:12:40.569280,-113.3222
2024-04-30 10:12:40.584910,-130.5815
2024-04-30 10:12:40.600530,-149.3203
2024-04-30 10:12:40.616160,-167.9498
2024-04-30 10:12:40.631780,-183.887
2024-04-30 10:12:40.647410,-193.7471
2024-04-30 10:12:40.663040,-194.0788
2024-04-30 10:12:40.678660,-182.6001
2024-04-30 10:12:40.694290,-159.4177
2024-04-30 10:12:40.709910,-127.4018
2024-04-30 10:12:40.725540,-91.41589
2024-04-30 10:12:40.741160,-56.71533
2024-04-30 10:12:40.756790,-27.11407
2024-04-30 10:12:40.772420,-4.009476
2024-04-30 10:12:40.788040,13.45422
2024-04-30 10:12:40.803670,27.33729
2024-04-30 10:12:40.819290,39.54146
2024-04-30 10:12:40.834920,51.00983
2024-04-30 10:12:40.850540,61.60757
2024-04-30 10:12:40.866170,70.67102
2024-04-30 10:12:40.881800,77.5639
2024-04-30 10:12:40.897420,81.99566
2024-04-30 10:12:40.913050,83.98742
2024-04-30 10:12:40.928670,83.6835
2024-04-30 10:12:40.944300,81.21375
2024-04-30 10:12:40.959920,76.64887
2024-04-30 10:12:40.975550,70.18851
2024-04-30 10:12:40.991180,62.28743
2024-04-30 10:12:41.006800,53.72249
2024-04-30 10:12:41.022430,45.50335
2024-04-30 10:12:41.038050,38.54618
2024-04-30 10:12:41.053680,33.25912
2024-04-30 10:12:41.069300,29.2817
2024-04-30 10:12:41.084930,25.49145
2024-04-30 10:12:41.100560,20.3486
2024-04-30 10:12:41.116180,12.54868
2024-04-30 10:12:41.131810,1.633476
2024-04-30 10:12:41.147430,-11.74509
2024-04-30 10:12:41.163060,-26.03534
2024-04-30 10:12:41.178680,-39.38927
2024-04-30 10:12:41.194310,-50.47054
2024-04-30 10:12:41.209940,-58.99997
2024-04-30 10:12:41.225560,-65.89536
2024-04-30 10:12:41.241190,-72.92519
2024-04-30 10:12:41.256810,-82.12993
2024-04-30 10:12:41.272440,-95.06056
2024-04-30 10:12:41.288060,-112.0883
2024-04-30 10:12:41.303690,-131.8404
2024-04-30 10:12:41.319320,-151.13
2024-04-30 10:12:41.334940,-165.5575
2024-04-30 10:12:41.350570,-170.7028
2024-04-30 10:12:41.366190,-163.8018
2024-04-30 10:12:41.381820,-144.9319
2024-04-30 10:12:41.397440,-117.199
2024-04-30 10:12:41.413070,-85.71892
2024-04-30 10:12:41.428700,-55.74269
2024-04-30 10:12:41.444320,-30.77338
2024-04-30 10:12:41.459950,-11.68805
2024-04-30 10:12:41.475570,2.928022
2024-04-30 10:12:41.491200,15.49083
2024-04-30 10:12:41.506820,27.80743
2024-04-30 10:12:41.522450,40.31869
2024-04-30 10:12:41.538080,52.06901
2024-04-30 10:12:41.553700,61.53537
2024-04-30 10:12:41.569330,67.53593
2024-04-30 10:12:41.584950,69.85992
2024-04-30 10:12:41.600580,69.20684
2024-04-30 10:12:41.616200,66.84134
2024-04-30 10:12:41.631830,63.99297
2024-04-30 10:12:41.647460,61.4151
2024-04-30 10:12:41.663080,59.33309
2024-04-30 10:12:41.678710,57.51389
2024-04-30 10:12:41.694330,55.58022
2024-04-30 10:12:41.709960,53.22366
2024-04-30 10:12:41.725580,50.32733
2024-04-30 10:12:41.741210,46.92068
2024-04-30 10:12:41.756840,43.12718
2024-04-30 10:12:41.772460,39.00547
2024-04-30 10:12:41.788090,34.53918
2024-04-30 10:12:41.803710,29.57478
2024-04-30 10:12:41.819340,23.88128
2024-04-30 10:12:41.834960,17.16335
2024-04-30 10:12:41.850590,9.250662
2024-04-30 10:12:41.866220,0.1890793
2024-04-30 10:12:41.881840,-9.64849
2024-04-30 10:12:41.897470,-19.63424
2024-04-30 10:12:41.913090,-29.13001
2024-04-30 10:12:41.928720,-37.71052
2024-04-30 10:12:41.944340,-45.37916
2024-04-30 10:12:41.959970,-52.6015
2024-04-30 10:12:41.975600,-60.09052
2024-04-30 10:12:41.991220,-68.56119
2024-04-30 10:12:42.006850,-78.57764
2024-04-30 10:12:42.022470,-90.47577
2024-04-30 10:12:42.038100,-104.1914
2024-04-30 10:12:42.053720,-119.0302
2024-04-30 10:12:42.069350,-133.2704
2024-04-30 10:12:42.084980,-144.1443
2024-04-30 10:12:42.100600,-148.2722
2024-04-30 10:12:42.116230,-142.7328
2024-04-30 10:12:42.131850,-126.2631
2024-04-30 10:12:42.147480,-100.154
2024-04-30 10:12:42.163110,-68.05932
2024-04-30 10:12:42.178730,-34.78003
2024-04-30 10:12:42.194360,-4.616494
2024-04-30 10:12:42.209980,20.08947
2024-04-30 10:12:42.225610,39.28706
2024-04-30 10:12:42.241230,54.56631
2024-04-30 10:12:42.256860,67.96694
2024-04-30 10:12:42.272490,80.77539
2024-04-30 10:12:42.288110,93.12419
2024-04-30 10:12:42.303740,104.1789
2024-04-30 10:12:42.319360,112.8605
2024-04-30 10:12:42.334990,118.4674
2024-04-30 10:12:42.350610,120.9863
2024-04-30 10:12:42.366240,120.9634
2024-04-30 10:12:42.381870,119.2646
2024-04-30 10:12:42.397490,116.7862
2024-04-30 10:12:42.413120,114.2155
2024-04-30 10:12:42.428740,112.0161
2024-04-30 10:12:42.444370,110.3957
2024-04-30 10:12:42.459990,109.3038
2024-04-30 10:12:42.475620,108.5099
2024-04-30 10:12:42.491250,107.6346
2024-04-30 10:12:42.506870,106.1804
2024-04-30 10:12:42.522500,103.6956
2024-04-30 10:12:42.538120,99.89673
2024-04-30 10:12:42.553750,94.72468
2024-04-30 10:12:42.569370,88.44751
2024-04-30 10:12:42.585000,81.49606
2024-04-30 10:12:42.600630,74.28536
2024-04-30 10:12:42.616250,66.99725
2024-04-30 10:12:42.631880,59.55023
2024-04-30 10:12:42.647500,51.68652
2024-04-30 10:12:42.663130,43.17707
2024-04-30 10:12:42.678750,34.03439
2024-04-30 10:12:42.694380,24.54425
2024-04-30 10:12:42.710010,15.25593
2024-04-30 10:12:42.725630,6.703468
2024-04-30 10:12:42.741260,-0.8581467
2024-04-30 10:12:42.756880,-7.577515
2024-04-30 10:12:42.772510,-14.02535
2024-04-30 10:12:42.788130,-21.06936
2024-04-30 10:12:42.803760,-29.67363
2024-04-30 10:12:42.819390,-40.55611
2024-04-30 10:12:42.835010,-53.66965
2024-04-30 10:12:42.850640,-67.70708
2024-04-30 10:12:42.866260,-79.96273
2024-04-30 10:12:42.881890,-86.71538
2024-04-30 10:12:42.897510,-84.37956
2024-04-30 10:12:42.913140,-70.88478
2024-04-30 10:12:42.928770,-46.68715
2024-04-30 10:12:42.944390,-14.90163
2024-04-30 10:12:42.960020,19.71327
2024-04-30 10:12:42.975640,52.42102
2024-04-30 10:12:42.991270,80.12921
2024-04-30 10:12:43.006890,102.0049
2024-04-30 10:12:43.022520,119.143
2024-04-30 10:12:43.038150,133.4319
2024-04-30 10:12:43.053770,146.3539
2024-04-30 10:12:43.069400,158.3446
2024-04-30 10:12:43.085020,168.7926
2024-04-30 10:12:43.100650,176.5371
2024-04-30 10:12:43.116270,180.4537
2024-04-30 10:12:43.131900,179.8723
2024-04-30 10:12:43.147530,174.6626
2024-04-30 10:12:43.163150,165.2332
2024-04-30 10:12:43.178780,152.3775
2024-04-30 10:12:43.194400,137.0834
2024-04-30 10:12:43.210030,120.3617
2024-04-30 10:12:43.225650,103.0391
2024-04-30 10:12:43.241280,85.63034
2024-04-30 10:12:43.256910,68.34985
2024-04-30 10:12:43.272530,51.33154
2024-04-30 10:12:43.288160,34.71698
2024-04-30 10:12:43.303780,18.80963
2024-04-30 10:12:43.319410,3.974304
2024-04-30 10:12:43.335030,-9.496582
2024-04-30 10:12:43.350660,-21.51904
2024-04-30 10:12:43.366290,-32.22192
2024-04-30 10:12:43.381910,-41.83472
2024-04-30 10:12:43.397540,-50.60059
2024-04-30 10:12:43.413160,-58.67322
2024-04-30 10:12:43.428790,-66.14465
2024-04-30 10:12:43.444410,-73.09442
2024-04-30 10:12:43.460040,-79.58716
2024-04-30 10:12:43.475670,-85.70398
2024-04-30 10:12:43.491290,-91.40991
2024-04-30 10:12:43.506920,-96.58521
2024-04-30 10:12:43.522540,-101.0781
2024-04-30 10:12:43.538170,-104.8085
2024-04-30 10:12:43.553790,-107.9709
2024-04-30 10:12:43.569420,-111.0691
2024-04-30 10:12:43.585050,-115.0152
2024-04-30 10:12:43.600670,-120.9065
2024-04-30 10:12:43.616300,-129.6523
2024-04-30 10:12:43.631920,-141.4303
2024-04-30 10:12:43.647550,-155.0597
2024-04-30 10:12:43.663170,-167.8004
2024-04-30 10:12:43.678800,-175.8194
2024-04-30 10:12:43.694430,-175.46
2024-04-30 10:12:43.710050,-164.6767
2024-04-30 10:12:43.725680,-144.213
2024-04-30 10:12:43.741300,-117.5701
2024-04-30 10:12:43.756930,-89.92114
2024-04-30 10:12:43.772550,-66.20422
2024-04-30 10:12:43.788180,-49.41968
2024-04-30 10:12:43.803810,-39.91565
2024-04-30 10:12:43.819430,-35.83826
2024-04-30 10:12:43.835060,-34.48157
2024-04-30 10:12:43.850680,-33.66553
2024-04-30 10:12:43.866310,-32.51147
2024-04-30 10:12:43.881930,-31.27808
2024-04-30 10:12:43.897560,-30.69861
2024-04-30 10:12:43.913190,-31.13403
2024-04-30 10:12:43.928810,-32.25458
2024-04-30 10:12:43.944440,-33.23407
2024-04-30 10:12:43.960060,-33.26324
2024-04-30 10:12:43.975690,-32.0921
2024-04-30 10:12:43.991310,-30.15784
2024-04-30 10:12:44.006940,-28.41498
2024-04-30 10:12:44.022570,-27.81989
2024-04-30 10:12:44.038190,-28.92963
2024-04-30 10:12:44.053820,-31.66821
2024-04-30 10:12:44.069440,-35.34418
2024-04-30 10:12:44.085070,-39.05524
2024-04-30 10:12:44.100690,-42.16718
2024-04-30 10:12:44.116320,-44.56775
2024-04-30 10:12:44.131950,-46.78113
2024-04-30 10:12:44.147570,-49.69641
2024-04-30 10:12:44.163200,-54.18109
2024-04-30 10:12:44.178820,-60.63135
2024-04-30 10:12:44.194450,-68.74872
2024-04-30 10:12:44.210070,-77.59546
2024-04-30 10:12:44.225700,-85.93793
2024-04-30 10:12:44.241330,-92.76489
2024-04-30 10:12:44.256950,-97.6994
2024-04-30 10:12:44.272580,-101.1918
2024-04-30 10:12:44.288200,-104.3909
2024-04-30 10:12:44.303830,-108.7808
2024-04-30 10:12:44.319450,-115.7226
2024-04-30 10:12:44.335080,-126.1034
2024-04-30 10:12:44.350710,-139.9817
2024-04-30 10:12:44.366330,-156.2308
2024-04-30 10:12:44.381960,-172.3251
2024-04-30 10:12:44.397580,-184.4716
2024-04-30 10:12:44.413210,-188.446
2024-04-30 10:12:44.428830,-180.8216
2024-04-30 10:12:44.444460,-160.4012
2024-04-30 10:12:44.460090,-129.0026
2024-04-30 10:12:44.475710,-91.15973
2024-04-30 10:12:44.491340,-52.67554
2024-04-30 10:12:44.506960,-18.68243
2024-04-30 10:12:44.522590,7.920776
2024-04-30 10:12:44.538210,27.021
2024-04-30 10:12:44.553840,40.51447
2024-04-30 10:12:44.569470,50.92572
2024-04-30 10:12:44.585090,60.07935
2024-04-30 10:12:44.600720,68.47748
2024-04-30 10:12:44.616340,75.54553
2024-04-30 10:12:44.631970,80.31494
2024-04-30 10:12:44.647590,82.25238
2024-04-30 10:12:44.663220,81.58899
2024-04-30 10:12:44.678850,79.22858
2024-04-30 10:12:44.694470,76.33893
2024-04-30 10:12:44.710100,73.7901
2024-04-30 10:12:44.725720,71.90869
2024-04-30 10:12:44.741350,70.46149
2024-04-30 10:12:44.756970,68.89648
2024-04-30 10:12:44.772600,66.6933
2024-04-30 10:12:44.788230,63.61615
2024-04-30 10:12:44.803850,59.81537
2024-04-30 10:12:44.819480,55.71448
2024-04-30 10:12:44.835100,51.74402
2024-04-30 10:12:44.850730,48.09827
2024-04-30 10:12:44.866360,44.58057
2024-04-30 10:12:44.881980,40.6604
2024-04-30 10:12:44.897610,35.69043
2024-04-30 10:12:44.913230,29.24982
2024-04-30 10:12:44.928860,21.42566
2024-04-30 10:12:44.944480,12.90265
2024-04-30 10:12:44.960110,4.809937
2024-04-30 10:12:44.975740,-1.687683
2024-04-30 10:12:44.991360,-5.840027
2024-04-30 10:12:45.006990,-7.508118
2024-04-30 10:12:45.022610,-7.225525
2024-04-30 10:12:45.038240,-5.969849
2024-04-30 10:12:45.053860,-4.838684
2024-04-30 10:12:45.069490,-4.877808
2024-04-30 10:12:45.085120,-6.923767
2024-04-30 10:12:45.100740,-11.38849
2024-04-30 10:12:45.116370,-17.76105
2024-04-30 10:12:45.131990,-24.1748
2024-04-30 10:12:45.147620,-27.37091
2024-04-30 10:12:45.163240,-23.28265
2024-04-30 10:12:45.178870,-8.394958
2024-04-30 10:12:45.194500,18.73645
2024-04-30 10:12:45.210120,56.53186
2024-04-30 10:12:45.225750,100.548
2024-04-30 10:12:45.241370,144.7289
2024-04-30 10:12:45.257000,183.2747
2024-04-30 10:12:45.272620,212.1922
2024-04-30 10:12:45.288250,230.0121
2024-04-30 10:12:45.303880,237.4894
2024-04-30 10:12:45.319500,236.7225
2024-04-30 10:12:45.335130,229.9878
2024-04-30 10:12:45.350750,218.9498
2024-04-30 10:12:45.366380,204.3469
2024-04-30 10:12:45.382000,186.2194
2024-04-30 10:12:45.397630,164.4798
2024-04-30 10:12:45.413260,139.3951
2024-04-30 10:12:45.428880,112.0601
2024-04-30 10:12:45.444510,84.22241
2024-04-30 10:12:45.460130,57.84662
2024-04-30 10:12:45.475760,34.46051
2024-04-30 10:12:45.491380,14.73175
2024-04-30 10:12:45.507010,-1.517212
2024-04-30 10:12:45.522640,-14.90521
2024-04-30 10:12:45.538260,-26.02759
2024-04-30 10:12:45.553890,-35.26959
2024-04-30 10:12:45.569510,-42.87909
2024-04-30 10:12:45.585140,-49.19965
2024-04-30 10:12:45.600760,-54.82794
2024-04-30 10:12:45.616390,-60.4436
2024-04-30 10:12:45.632020,-66.41241
2024-04-30 10:12:45.647640,-72.58728
2024-04-30 10:12:45.663270,-78.25305
2024-04-30 10:12:45.678890,-82.40497
2024-04-30 10:12:45.694520,-84.08533
2024-04-30 10:12:45.710140,-82.71613
2024-04-30 10:12:45.725770,-78.24194
2024-04-30 10:12:45.741400,-71.2608
2024-04-30 10:12:45.757020,-62.89539
2024-04-30 10:12:45.772650,-54.60632
2024-04-30 10:12:45.788270,-47.83032
2024-04-30 10:12:45.803900,-43.59192
2024-04-30 10:12:45.819520,-42.34143
2024-04-30 10:12:45.835150,-44.0755
2024-04-30 10:12:45.850780,-48.63092
2024-04-30 10:12:45.866400,-55.80957
2024-04-30 10:12:45.882030,-65.27905
2024-04-30 10:12:45.897650,-75.97229
2024-04-30 10:12:45.913280,-85.70703
2024-04-30 10:12:45.928900,-91.33984
2024-04-30 10:12:45.944530,-89.60785
2024-04-30 10:12:45.960160,-78.54523
2024-04-30 10:12:45.975780,-58.66644
2024-04-30 10:12:45.991410,-33.16022
2024-04-30 10:12:46.007030,-6.939636
2024-04-30 10:12:46.022660,15.00861
2024-04-30 10:12:46.038280,29.38104
2024-04-30 10:12:46.053910,35.29138
2024-04-30 10:12:46.069540,34.05243
2024-04-30 10:12:46.085160,28.17877
2024-04-30 10:12:46.100790,20.09741
2024-04-30 10:12:46.116410,11.25842
2024-04-30 10:12:46.132040,1.847839
2024-04-30 10:12:46.147660,-8.846863
2024-04-30 10:12:46.163290,-21.81915
2024-04-30 10:12:46.178920,-37.60583
2024-04-30 10:12:46.194540,-55.95099
2024-04-30 10:12:46.210170,-75.81464
2024-04-30 10:12:46.225790,-95.68524
2024-04-30 10:12:46.241420,-114.2517
2024-04-30 10:12:46.257040,-130.7489
2024-04-30 10:12:46.272670,-145.2028
2024-04-30 10:12:46.288300,-158.2025
2024-04-30 10:12:46.303920,-170.6931
2024-04-30 10:12:46.319550,-183.6132
2024-04-30 10:12:46.335170,-197.7055
2024-04-30 10:12:46.350800,-213.574
2024-04-30 10:12:46.366420,-231.5877
2024-04-30 10:12:46.382050,-251.9112
2024-04-30 10:12:46.397680,-274.3538
2024-04-30 10:12:46.413300,-298.2453
2024-04-30 10:12:46.428930,-322.3766
2024-04-30 10:12:46.444550,-345.1253
2024-04-30 10:12:46.460180,-364.6456
2024-04-30 10:12:46.475800,-379.2394
2024-04-30 10:12:46.491430,-387.6335
2024-04-30 10:12:46.507060,-389.0384
2024-04-30 10:12:46.522680,-383.1287
2024-04-30 10:12:46.538310,-369.881
2024-04-30 10:12:46.553930,-349.5556
2024-04-30 10:12:46.569560,-322.7586
2024-04-30 10:12:46.585180,-290.5964
2024-04-30 10:12:46.600810,-254.7442
2024-04-30 10:12:46.616440,-217.2261
2024-04-30 10:12:46.632060,-180.1252
2024-04-30 10:12:46.647690,-144.9919
2024-04-30 10:12:46.663310,-112.6102
2024-04-30 10:12:46.678940,-82.8013
2024-04-30 10:12:46.694560,-54.74924
2024-04-30 10:12:46.710190,-27.27759
2024-04-30 10:12:46.725820,0.8630524
2024-04-30 10:12:46.741440,30.62306
2024-04-30 10:12:46.757070,62.21162
2024-04-30 10:12:46.772690,94.5444
2024-04-30 10:12:46.788320,125.1152
2024-04-30 10:12:46.803940,150.3385
2024-04-30 10:12:46.819570,166.6223
2024-04-30 10:12:46.835200,171.7251
2024-04-30 10:12:46.850820,165.6908
2024-04-30 10:12:46.866450,150.9073
2024-04-30 10:12:46.882070,131.1599
2024-04-30 10:12:46.897700,110.2206
2024-04-30 10:12:46.913320,90.63089
2024-04-30 10:12:46.928950,73.22731
2024-04-30 10:12:46.944580,57.55138
2024-04-30 10:12:46.960200,42.67966
2024-04-30 10:12:46.975830,27.8793
2024-04-30 10:12:46.991450,12.91183
2024-04-30 10:12:47.007080,-2.131531
2024-04-30 10:12:47.022710,-17.13223
2024-04-30 10:12:47.038330,-32.05066
2024-04-30 10:12:47.053960,-46.7944
2024-04-30 10:12:47.069580,-60.95593
2024-04-30 10:12:47.085210,-73.63306
2024-04-30 10:12:47.100830,-83.46393
2024-04-30 10:12:47.116460,-89.104
2024-04-30 10:12:47.132090,-89.73187
2024-04-30 10:12:47.147710,-85.50763
2024-04-30 10:12:47.163340,-77.80157
2024-04-30 10:12:47.178960,-68.82239
2024-04-30 10:12:47.194590,-61.05164
2024-04-30 10:12:47.210210,-56.43896
2024-04-30 10:12:47.225840,-55.95587
2024-04-30 10:12:47.241470,-59.38873
2024-04-30 10:12:47.257090,-65.81738
2024-04-30 10:12:47.272720,-74.03186
2024-04-30 10:12:47.288340,-82.97559
2024-04-30 10:12:47.303970,-91.9635
2024-04-30 10:12:47.319590,-100.5458
2024-04-30 10:12:47.335220,-108.3033
2024-04-30 10:12:47.350850,-114.7158
2024-04-30 10:12:47.366470,-119.1533
2024-04-30 10:12:47.382100,-121.0203
2024-04-30 10:12:47.397720,-119.9952
2024-04-30 10:12:47.413350,-116.0861
2024-04-30 10:12:47.428970,-109.6658
2024-04-30 10:12:47.444600,-101.358
2024-04-30 10:12:47.460230,-91.7804
2024-04-30 10:12:47.475850,-81.44751
2024-04-30 10:12:47.491480,-70.6687
2024-04-30 10:12:47.507100,-59.55115
2024-04-30 10:12:47.522730,-48.16406
2024-04-30 10:12:47.538350,-36.58862
2024-04-30 10:12:47.553980,-25.01782
2024-04-30 10:12:47.569610,-13.7417
2024-04-30 10:12:47.585230,-3.123291
2024-04-30 10:12:47.600860,6.613647
2024-04-30 10:12:47.616480,15.38318
2024-04-30 10:12:47.632110,23.27527
2024-04-30 10:12:47.647730,30.52087
2024-04-30 10:12:47.663360,37.35522
2024-04-30 10:12:47.678990,43.95776
2024-04-30 10:12:47.694610,50.32544
2024-04-30 10:12:47.710240,56.34839
2024-04-30 10:12:47.725860,61.82495
2024-04-30 10:12:47.741490,66.67773
2024-04-30 10:12:47.757110,70.92651
2024-04-30 10:12:47.772740,74.82227
2024-04-30 10:12:47.788370,78.74512
2024-04-30 10:12:47.803990,83.06006
2024-04-30 10:12:47.819620,88.01343
2024-04-30 10:12:47.835240,93.61816
2024-04-30 10:12:47.850870,99.65308
2024-04-30 10:12:47.866490,105.7773
2024-04-30 10:12:47.882120,111.7849
2024-04-30 10:12:47.897750,117.6348
2024-04-30 10:12:47.913370,123.5847
2024-04-30 10:12:47.929000,130.0815
2024-04-30 10:12:47.944620,137.54
2024-04-30 10:12:47.960250,146.1887
2024-04-30 10:12:47.975870,155.9099
2024-04-30 10:12:47.991500,166.3127
2024-04-30 10:12:48.007130,176.887
2024-04-30 10:12:48.022750,187.2671
2024-04-30 10:12:48.038380,197.3313
2024-04-30 10:12:48.054000,207.2437
2024-04-30 10:12:48.069630,217.3511
2024-04-30 10:12:48.085250,228.0774
2024-04-30 10:12:48.100880,239.9692
2024-04-30 10:12:48.116510,253.6206
2024-04-30 10:12:48.132130,269.5083
2024-04-30 10:12:48.147760,287.5291
2024-04-30 10:12:48.163380,306.5955
2024-04-30 10:12:48.179010,324.4358
2024-04-30 10:12:48.194630,337.9983
2024-04-30 10:12:48.210260,344.4319
2024-04-30 10:12:48.225890,342.1277
2024-04-30 10:12:48.241510,331.5259
2024-04-30 10:12:48.257140,314.8606
2024-04-30 10:12:48.272760,295.3215
2024-04-30 10:12:48.288390,275.8047
2024-04-30 10:12:48.304010,258.0298
2024-04-30 10:12:48.319640,242.2996
2024-04-30 10:12:48.335270,227.885
2024-04-30 10:12:48.350890,213.7703
2024-04-30 10:12:48.366520,199.1123
2024-04-30 10:12:48.382140,183.5747
2024-04-30 10:12:48.397770,167.2341
2024-04-30 10:12:48.413390,150.4463
2024-04-30 10:12:48.429020,133.7305
2024-04-30 10:12:48.444650,117.7095
2024-04-30 10:12:48.460270,102.9692
2024-04-30 10:12:48.475900,89.81494
2024-04-30 10:12:48.491520,78.17407
2024-04-30 10:12:48.507150,67.44702
2024-04-30 10:12:48.522770,56.64917
2024-04-30 10:12:48.538400,44.54834
2024-04-30 10:12:48.554030,30.19189
2024-04-30 10:12:48.569650,13.38062
2024-04-30 10:12:48.585280,-4.805908
2024-04-30 10:12:48.600900,-21.85059
2024-04-30 10:12:48.616530,-34.26587
2024-04-30 10:12:48.632150,-38.53174
2024-04-30 10:12:48.647780,-32.51123
2024-04-30 10:12:48.663410,-16.37329
2024-04-30 10:12:48.679030,7.148682
2024-04-30 10:12:48.694660,33.71045
2024-04-30 10:12:48.710280,58.85449
2024-04-30 10:12:48.725910,79.5332
2024-04-30 10:12:48.741530,94.87646
2024-04-30 10:12:48.757160,105.9221
2024-04-30 10:12:48.772790,114.572
2024-04-30 10:12:48.788410,122.3328
2024-04-30 10:12:48.804040,129.6399
2024-04-30 10:12:48.819660,135.8196
2024-04-30 10:12:48.835290,139.7239
2024-04-30 10:12:48.850910,140.4473
2024-04-30 10:12:48.866540,137.823
2024-04-30 10:12:48.882170,132.4231
2024-04-30 10:12:48.897790,125.2317
2024-04-30 10:12:48.913420,117.1777
2024-04-30 10:12:48.929040,108.822
2024-04-30 10:12:48.944670,100.3503
2024-04-30 10:12:48.960290,91.72266
2024-04-30 10:12:48.975920,83.0
2024-04-30 10:12:48.991550,74.48145
2024-04-30 10:12:49.007170,66.58643
2024-04-30 10:12:49.022800,59.6665
2024-04-30 10:12:49.038420,53.65088
2024-04-30 10:12:49.054050,47.9082
2024-04-30 10:12:49.069670,41.3689
2024-04-30 10:12:49.085300,32.96558
2024-04-30 10:12:49.100930,22.13062
2024-04-30 10:12:49.116550,9.151611
2024-04-30 10:12:49.132180,-4.794678
2024-04-30 10:12:49.147800,-18.12354
2024-04-30 10:12:49.163430,-29.35376
2024-04-30 10:12:49.179050,-37.73413
2024-04-30 10:12:49.194680,-43.46606
2024-04-30 10:12:49.210310,-47.60254
2024-04-30 10:12:49.225930,-51.59351
2024-04-30 10:12:49.241560,-56.82446
2024-04-30 10:12:49.257180,-64.19434
2024-04-30 10:12:49.272810,-73.78076
2024-04-30 10:12:49.288430,-84.7771
2024-04-30 10:12:49.304060,-95.33594
2024-04-30 10:12:49.319690,-102.835
2024-04-30 10:12:49.335310,-104.3691
2024-04-30 10:12:49.350940,-97.64063
2024-04-30 10:12:49.366560,-81.90967
2024-04-30 10:12:49.382190,-58.50757
2024-04-30 10:12:49.397810,-30.58154
2024-04-30 10:12:49.413440,-2.10083
2024-04-30 10:12:49.429070,23.45337
2024-04-30 10:12:49.444690,44.2146
2024-04-30 10:12:49.460320,60.15625
2024-04-30 10:12:49.475940,72.54224
2024-04-30 10:12:49.491570,83.00146
2024-04-30 10:12:49.507200,92.61353
2024-04-30 10:12:49.522820,101.5361
2024-04-30 10:12:49.538450,109.2061
2024-04-30 10:12:49.554070,114.8667
2024-04-30 10:12:49.569700,117.9902
2024-04-30 10:12:49.585320,118.6204
2024-04-30 10:12:49.600950,117.3025
2024-04-30 10:12:49.616580,114.9067
2024-04-30 10:12:49.632200,112.3848
2024-04-30 10:12:49.647830,110.502
2024-04-30 10:12:49.663450,109.679
2024-04-30 10:12:49.679080,109.9116
2024-04-30 10:12:49.694700,110.9055
2024-04-30 10:12:49.710330,112.1592
2024-04-30 10:12:49.725960,113.23
2024-04-30 10:12:49.741580,113.8689
2024-04-30 10:12:49.757210,114.0442
2024-04-30 10:12:49.772830,113.9167
2024-04-30 10:12:49.788460,113.6563
2024-04-30 10:12:49.804080,113.3901
2024-04-30 10:12:49.819710,113.075
2024-04-30 10:12:49.835340,112.5664
2024-04-30 10:12:49.850960,111.6729
2024-04-30 10:12:49.866590,110.2729
2024-04-30 10:12:49.882210,108.5127
2024-04-30 10:12:49.897840,106.7556
2024-04-30 10:12:49.913460,105.6125
2024-04-30 10:12:49.929090,105.7065
2024-04-30 10:12:49.944720,107.437
2024-04-30 10:12:49.960340,110.8093
2024-04-30 10:12:49.975970,115.4102
2024-04-30 10:12:49.991590,120.4761
2024-04-30 10:12:50.007220,125.1228
2024-04-30 10:12:50.022840,128.5652
2024-04-30 10:12:50.038470,130.3503
2024-04-30 10:12:50.054100,130.7742
2024-04-30 10:12:50.069720,131.1079
2024-04-30 10:12:50.085350,133.6526
2024-04-30 10:12:50.100970,141.2397
2024-04-30 10:12:50.116600,156.3286
2024-04-30 10:12:50.132220,179.7688
2024-04-30 10:12:50.147850,209.9717
2024-04-30 10:12:50.163480,242.791
2024-04-30 10:12:50.179100,272.4812
2024-04-30 10:12:50.194730,293.4429
2024-04-30 10:12:50.210350,301.9487
2024-04-30 10:12:50.225980,297.1841
2024-04-30 10:12:50.241600,281.124
2024-04-30 10:12:50.257230,257.4595
2024-04-30 10:12:50.272860,230.1643
2024-04-30 10:12:50.288480,202.3806
2024-04-30 10:12:50.304110,176.0154
2024-04-30 10:12:50.319730,151.9783
2024-04-30 10:12:50.335360,130.6882
2024-04-30 10:12:50.350980,112.4852
2024-04-30 10:12:50.366610,97.58667
2024-04-30 10:12:50.382240,85.94702
2024-04-30 10:12:50.397860,77.01929
2024-04-30 10:12:50.413490,69.84314
2024-04-30 10:12:50.429110,63.41833
2024-04-30 10:12:50.444740,57.15186
2024-04-30 10:12:50.460360,51.0686
2024-04-30 10:12:50.475990,45.75989
2024-04-30 10:12:50.491620,42.06628
2024-04-30 10:12:50.507240,40.54309
2024-04-30 10:12:50.522870,41.1781
2024-04-30 10:12:50.538490,43.2959
2024-04-30 10:12:50.554120,45.77698
2024-04-30 10:12:50.569740,47.47607
2024-04-30 10:12:50.585370,47.62939
2024-04-30 10:12:50.601000,45.99817
2024-04-30 10:12:50.616620,42.85498
2024-04-30 10:12:50.632250,38.74609
2024-04-30 10:12:50.647870,34.14722
2024-04-30 10:12:50.663500,29.31824
2024-04-30 10:12:50.679120,24.19128
2024-04-30 10:12:50.694750,18.54382
2024-04-30 10:12:50.710380,12.13495
2024-04-30 10:12:50.726000,5.00061
2024-04-30 10:12:50.741630,-2.578613
2024-04-30 10:12:50.757250,-10.11108
2024-04-30 10:12:50.772880,-17.06061
2024-04-30 10:12:50.788500,-23.0116
2024-04-30 10:12:50.804130,-27.81866
2024-04-30 10:12:50.819760,-31.59256
2024-04-30 10:12:50.835380,-34.63205
2024-04-30 10:12:50.851010,-37.29565
2024-04-30 10:12:50.866630,-39.88312
2024-04-30 10:12:50.882260,-42.53595
2024-04-30 10:12:50.897880,-45.25294
2024-04-30 10:12:50.913510,-47.95566
2024-04-30 10:12:50.929140,-50.58939
2024-04-30 10:12:50.944760,-53.08443
2024-04-30 10:12:50.960390,-55.48491
2024-04-30 10:12:50.976010,-57.85533
2024-04-30 10:12:50.991640,-60.27078
2024-04-30 10:12:51.007260,-62.77829
2024-04-30 10:12:51.022890,-65.38744
2024-04-30 10:12:51.038520,-68.06783
2024-04-30 10:12:51.054140,-70.78329
2024-04-30 10:12:51.069770,-73.57846
2024-04-30 10:12:51.085390,-76.50317
2024-04-30 10:12:51.101020,-79.67502
2024-04-30 10:12:51.116640,-83.22058
2024-04-30 10:12:51.132270,-87.1936
2024-04-30 10:12:51.147900,-91.60168
2024-04-30 10:12:51.163520,-96.38885
2024-04-30 10:12:51.179150,-101.4872
2024-04-30 10:12:51.194770,-106.8741
2024-04-30 10:12:51.210400,-112.6403
2024-04-30 10:12:51.226020,-118.9471
2024-04-30 10:12:51.241650,-126.0012
2024-04-30 10:12:51.257280,-133.9734
2024-04-30 10:12:51.272900,-142.9049
2024-04-30 10:12:51.288530,-152.6859
2024-04-30 10:12:51.304150,-163.087
2024-04-30 10:12:51.319780,-173.8722
2024-04-30 10:12:51.335400,-184.963
2024-04-30 10:12:51.351030,-196.4298
2024-04-30 10:12:51.366660,-208.4818
2024-04-30 10:12:51.382280,-221.3372
2024-04-30 10:12:51.397910,-235.0013
2024-04-30 10:12:51.413530,-249.2344
2024-04-30 10:12:51.429160,-263.6469
2024-04-30 10:12:51.444780,-277.9514
2024-04-30 10:12:51.460410,-292.2433
2024-04-30 10:12:51.476040,-306.9495
2024-04-30 10:12:51.491660,-322.4742
2024-04-30 10:12:51.507290,-338.75
2024-04-30 10:12:51.522910,-354.9205
2024-04-30 10:12:51.538540,-369.4192
2024-04-30 10:12:51.554160,-380.4368
2024-04-30 10:12:51.569790,-386.3269
2024-04-30 10:12:51.585420,-385.8149
2024-04-30 10:12:51.601040,-377.9237
2024-04-30 10:12:51.616670,-361.8739
2024-04-30 10:12:51.632290,-337.2189
2024-04-30 10:12:51.647920,-304.3748
2024-04-30 10:12:51.663540,-265.0707
2024-04-30 10:12:51.679170,-222.3828
2024-04-30 10:12:51.694800,-180.0966
2024-04-30 10:12:51.710420,-141.5315
2024-04-30 10:12:51.726050,-108.3997
2024-04-30 10:12:51.741670,-80.47766
2024-04-30 10:12:51.757300,-55.99365
2024-04-30 10:12:51.772920,-32.79639
2024-04-30 10:12:51.788550,-9.466797
2024-04-30 10:12:51.804180,14.12476
2024-04-30 10:12:51.819800,37.00842
2024-04-30 10:12:51.835430,57.73145
2024-04-30 10:12:51.851050,75.05469
2024-04-30 10:12:51.866680,88.44946
2024-04-30 10:12:51.882310,98.13086
2024-04-30 10:12:51.897930,104.8555
2024-04-30 10:12:51.913560,109.4785
2024-04-30 10:12:51.929180,112.5857
2024-04-30 10:12:51.944810,114.3516
2024-04-30 10:12:51.960430,114.5776
2024-04-30 10:12:51.976060,112.9778
2024-04-30 10:12:51.991690,109.4756
2024-04-30 10:12:52.007310,104.3979
2024-04-30 10:12:52.022940,98.34595
2024-04-30 10:12:52.038560,91.97412
2024-04-30 10:12:52.054190,85.65088
2024-04-30 10:12:52.069810,79.27246
2024-04-30 10:12:52.085440,72.35815
2024-04-30 10:12:52.101070,64.34692
2024-04-30 10:12:52.116690,54.85693
2024-04-30 10:12:52.132320,44.0271
2024-04-30 10:12:52.147940,32.44873
2024-04-30 10:12:52.163570,21.00903
2024-04-30 10:12:52.179190,10.50513
2024-04-30 10:12:52.194820,1.330322
2024-04-30 10:12:52.210450,-6.681885
2024-04-30 10:12:52.226070,-14.1748
2024-04-30 10:12:52.241700,-22.00049
2024-04-30 10:12:52.257320,-30.98608
2024-04-30 10:12:52.272950,-41.72925
2024-04-30 10:12:52.288570,-54.58325
2024-04-30 10:12:52.304200,-69.58936
2024-04-30 10:12:52.319830,-86.3667
2024-04-30 10:12:52.335450,-103.8218
2024-04-30 10:12:52.351080,-119.9812
2024-04-30 10:12:52.366700,-132.252
2024-04-30 10:12:52.382330,-138.2107
2024-04-30 10:12:52.397950,-136.5679
2024-04-30 10:12:52.413580,-127.9636
2024-04-30 10:12:52.429210,-114.9785
2024-04-30 10:12:52.444830,-101.2905
2024-04-30 10:12:52.460460,-90.34546
2024-04-30 10:12:52.476080,-84.20532
2024-04-30 10:12:52.491710,-83.0835
2024-04-30 10:12:52.507330,-85.6394
2024-04-30 10:12:52.522960,-90.00342
2024-04-30 10:12:52.538590,-94.67163
2024-04-30 10:12:52.554210,-98.99927
2024-04-30 10:12:52.569840,-103.1726
2024-04-30 10:12:52.585460,-107.8127
2024-04-30 10:12:52.601090,-113.4551
2024-04-30 10:12:52.616710,-120.3218
2024-04-30 10:12:52.632340,-128.2708
2024-04-30 10:12:52.647970,-136.8936
2024-04-30 10:12:52.663590,-145.7356
2024-04-30 10:12:52.679220,-154.4417
2024-04-30 10:12:52.694840,-162.8289
2024-04-30 10:12:52.710470,-170.7524
2024-04-30 10:12:52.726090,-178.124
2024-04-30 10:12:52.741720,-184.8445
2024-04-30 10:12:52.757350,-190.8462
2024-04-30 10:12:52.772970,-196.1709
2024-04-30 10:12:52.788600,-200.9453
2024-04-30 10:12:52.804220,-205.363
2024-04-30 10:12:52.819850,-209.4749
2024-04-30 10:12:52.835470,-213.1321
2024-04-30 10:12:52.851100,-215.9775
2024-04-30 10:12:52.866730,-217.5737
2024-04-30 10:12:52.882350,-217.6965
2024-04-30 10:12:52.897980,-216.4351
2024-04-30 10:12:52.913600,-214.1614
2024-04-30 10:12:52.929230,-211.3811
2024-04-30 10:12:52.944850,-208.5193
2024-04-30 10:12:52.960480,-205.8452
2024-04-30 10:12:52.976110,-203.4661
2024-04-30 10:12:52.991730,-201.4023
2024-04-30 10:12:53.007360,-199.7222
2024-04-30 10:12:53.022980,-198.6123
2024-04-30 10:12:53.038610,-198.4578
2024-04-30 10:12:53.054230,-199.8687
2024-04-30 10:12:53.069860,-203.5503
2024-04-30 10:12:53.085490,-210.0576
2024-04-30 10:12:53.101110,-219.2803
2024-04-30 10:12:53.116740,-229.8271
2024-04-30 10:12:53.132360,-238.9063
2024-04-30 10:12:53.147990,-242.7292
2024-04-30 10:12:53.163610,-237.5811
2024-04-30 10:12:53.179240,-221.2412
2024-04-30 10:12:53.194870,-194.073
2024-04-30 10:12:53.210490,-159.1003
2024-04-30 10:12:53.226120,-120.969
2024-04-30 10:12:53.241740,-84.35986
2024-04-30 10:12:53.257370,-52.31592
2024-04-30 10:12:53.272990,-25.54883
2024-04-30 10:12:53.288620,-2.678467
2024-04-30 10:12:53.304250,18.6123
2024-04-30 10:12:53.319870,40.25513
2024-04-30 10:12:53.335500,62.9082
2024-04-30 10:12:53.351120,85.78003
2024-04-30 10:12:53.366750,107.3005
2024-04-30 10:12:53.382370,125.8149
2024-04-30 10:12:53.398000,140.3938
2024-04-30 10:12:53.413630,151.0386
2024-04-30 10:12:53.429250,158.5912
2024-04-30 10:12:53.444880,164.2468
2024-04-30 10:12:53.460500,169.0592
2024-04-30 10:12:53.476130,173.5974
2024-04-30 10:12:53.491750,177.9147
2024-04-30 10:12:53.507380,181.7979
2024-04-30 10:12:53.523010,184.9541
2024-04-30 10:12:53.538630,187.3083
2024-04-30 10:12:53.554260,188.9102
2024-04-30 10:12:53.569880,189.8953
2024-04-30 10:12:53.585510,190.2396
2024-04-30 10:12:53.601130,189.6533
2024-04-30 10:12:53.616760,187.5681
2024-04-30 10:12:53.632390,183.3311
2024-04-30 10:12:53.648010,176.4028
2024-04-30 10:12:53.663640,166.5457
2024-04-30 10:12:53.679260,154.0514
2024-04-30 10:12:53.694890,139.627
2024-04-30 10:12:53.710510,124.2048
2024-04-30 10:12:53.726140,108.6217
2024-04-30 10:12:53.741770,93.29272
2024-04-30 10:12:53.757390,78.07593
2024-04-30 10:12:53.773020,62.27954
2024-04-30 10:12:53.788640,44.99158
2024-04-30 10:12:53.804270,25.31921
2024-04-30 10:12:53.819890,2.666992
2024-04-30 10:12:53.835520,-23.104
2024-04-30 10:12:53.851150,-51.4491
2024-04-30 10:12:53.866770,-80.81653
2024-04-30 10:12:53.882400,-108.3799
2024-04-30 10:12:53.898020,-130.17
2024-04-30 10:12:53.913650,-141.9279
2024-04-30 10:12:53.929270,-140.3711
2024-04-30 10:12:53.944900,-124.6649
2024-04-30 10:12:53.960530,-97.12585
2024-04-30 10:12:53.976150,-62.75574
2024-04-30 10:12:53.991780,-27.64453
2024-04-30 10:12:54.007400,3.120239
2024-04-30 10:12:54.023030,26.94348
2024-04-30 10:12:54.038650,44.16772
2024-04-30 10:12:54.054280,57.02441
2024-04-30 10:12:54.069910,68.22363
2024-04-30 10:12:54.085530,79.48901
2024-04-30 10:12:54.101160,91.01367
2024-04-30 10:12:54.116780,101.7299
2024-04-30 10:12:54.132410,110.1477
2024-04-30 10:12:54.148040,115.1407
2024-04-30 10:12:54.163660,116.3613
2024-04-30 10:12:54.179290,114.386
2024-04-30 10:12:54.194910,110.3358
2024-04-30 10:12:54.210540,105.494
2024-04-30 10:12:54.226160,100.9827
2024-04-30 10:12:54.241790,97.48645
2024-04-30 10:12:54.257420,95.17517
2024-04-30 10:12:54.273040,93.75916
2024-04-30 10:12:54.288670,92.66931
2024-04-30 10:12:54.304290,91.24597
2024-04-30 10:12:54.319920,88.94287
2024-04-30 10:12:54.335540,85.36487
2024-04-30 10:12:54.351170,80.32458
2024-04-30 10:12:54.366800,73.74658
2024-04-30 10:12:54.382420,65.63403
2024-04-30 10:12:54.398050,55.96838
2024-04-30 10:12:54.413670,44.78137
2024-04-30 10:12:54.429300,32.12341
2024-04-30 10:12:54.444920,18.15381
2024-04-30 10:12:54.460550,3.243042
2024-04-30 10:12:54.476180,-12.13672
2024-04-30 10:12:54.491800,-27.4502
2024-04-30 10:12:54.507430,-42.25671
2024-04-30 10:12:54.523050,-56.3949
2024-04-30 10:12:54.538680,-70.02881
2024-04-30 10:12:54.554300,-83.56958
2024-04-30 10:12:54.569930,-97.6803
2024-04-30 10:12:54.585560,-113.2008
2024-04-30 10:12:54.601180,-130.9888
2024-04-30 10:12:54.616810,-151.5609
2024-04-30 10:12:54.632430,-174.429
2024-04-30 10:12:54.648060,-197.4685
2024-04-30 10:12:54.663680,-216.7653
2024-04-30 10:12:54.679310,-227.2428
2024-04-30 10:12:54.694940,-224.2053
2024-04-30 10:12:54.710560,-205.2085
2024-04-30 10:12:54.726190,-171.3883
2024-04-30 10:12:54.741810,-127.4229
2024-04-30 10:12:54.757440,-80.02844
2024-04-30 10:12:54.773060,-35.67395
2024-04-30 10:12:54.788690,1.46228
2024-04-30 10:12:54.804320,30.3844
2024-04-30 10:12:54.819940,52.73022
2024-04-30 10:12:54.835570,71.27625
2024-04-30 10:12:54.851190,88.31647
2024-04-30 10:12:54.866820,104.7632
2024-04-30 10:12:54.882440,120.1916
2024-04-30 10:12:54.898070,133.4144
2024-04-30 10:12:54.913700,143.3485
2024-04-30 10:12:54.929320,149.4935
2024-04-30 10:12:54.944950,151.9294
2024-04-30 10:12:54.960570,151.2144
2024-04-30 10:12:54.976200,148.0655
2024-04-30 10:12:54.991820,143.1392
2024-04-30 10:12:55.007450,137.0623
2024-04-30 10:12:55.023080,130.5107
2024-04-30 10:12:55.038700,124.2229
2024-04-30 10:12:55.054330,118.897
2024-04-30 10:12:55.069950,114.9445
2024-04-30 10:12:55.085580,112.1893
2024-04-30 10:12:55.101200,109.7433
2024-04-30 10:12:55.116830,106.2195
2024-04-30 10:12:55.132460,100.1738
2024-04-30 10:12:55.148080,90.78986
2024-04-30 10:12:55.163710,78.2973
2024-04-30 10:12:55.179330,63.95593
2024-04-30 10:12:55.194960,49.53119
2024-04-30 10:12:55.210580,36.49231
2024-04-30 10:12:55.226210,25.32397
2024-04-30 10:12:55.241840,15.28375
2024-04-30 10:12:55.257460,4.789795
2024-04-30 10:12:55.273090,-7.774475
2024-04-30 10:12:55.288710,-23.23242
2024-04-30 10:12:55.304340,-41.18909
2024-04-30 10:12:55.319960,-60.23444
2024-04-30 10:12:55.335590,-78.47418
2024-04-30 10:12:55.351220,-94.40778
2024-04-30 10:12:55.366840,-107.5399
2024-04-30 10:12:55.382470,-118.5509
2024-04-30 10:12:55.398090,-129.2117
2024-04-30 10:12:55.413720,-141.8436
2024-04-30 10:12:55.429340,-158.4274
2024-04-30 10:12:55.444970,-179.7221
2024-04-30 10:12:55.460600,-204.4393
2024-04-30 10:12:55.476220,-228.8416
2024-04-30 10:12:55.491850,-247.2796
2024-04-30 10:12:55.507470,-253.6605
2024-04-30 10:12:55.523100,-243.5179
2024-04-30 10:12:55.538720,-215.771
2024-04-30 10:12:55.554350,-173.4812
2024-04-30 10:12:55.569980,-122.9532
2024-04-30 10:12:55.585600,-71.68768
2024-04-30 10:12:55.601230,-25.96051
2024-04-30 10:12:55.616850,10.93671
2024-04-30 10:12:55.632480,39.02515
2024-04-30 10:12:55.648100,60.67877
2024-04-30 10:12:55.663730,78.8916
2024-04-30 10:12:55.679360,95.89185
2024-04-30 10:12:55.694980,112.3675
2024-04-30 10:12:55.710610,127.7163
2024-04-30 10:12:55.726230,140.795
2024-04-30 10:12:55.741860,150.628
2024-04-30 10:12:55.757480,156.902
2024-04-30 10:12:55.773110,159.9568
2024-04-30 10:12:55.788740,160.4969
2024-04-30 10:12:55.804360,159.1793
2024-04-30 10:12:55.819990,156.4456
2024-04-30 10:12:55.835610,152.5449
2024-04-30 10:12:55.851240,147.7914
2024-04-30 10:12:55.866860,142.6321
2024-04-30 10:12:55.882490,137.7739
2024-04-30 10:12:55.898120,133.8993
2024-04-30 10:12:55.913740,131.3387
2024-04-30 10:12:55.929370,129.7503
2024-04-30 10:12:55.944990,128.085
2024-04-30 10:12:55.960620,124.8297
2024-04-30 10:12:55.976240,118.5547
2024-04-30 10:12:55.991870,108.54
2024-04-30 10:12:56.007500,95.11783
2024-04-30 10:12:56.023120,79.72513
2024-04-30 10:12:56.038750,64.33795
2024-04-30 10:12:56.054370,50.75458
2024-04-30 10:12:56.070000,39.80771
2024-04-30 10:12:56.085620,31.03897
2024-04-30 10:12:56.101250,22.8924
2024-04-30 10:12:56.116880,13.36945
2024-04-30 10:12:56.132500,0.9517822
2024-04-30 10:12:56.148130,-14.70822
2024-04-30 10:12:56.163750,-32.59949
2024-04-30 10:12:56.179380,-50.83319
2024-04-30 10:12:56.195000,-67.43196
2024-04-30 10:12:56.210630,-81.23726
2024-04-30 10:12:56.226260,-92.28342
2024-04-30 10:12:56.241880,-101.7966
2024-04-30 10:12:56.257510,-111.7485
2024-04-30 10:12:56.273130,-124.2063
2024-04-30 10:12:56.288760,-140.6789
2024-04-30 10:12:56.304380,-161.5613
2024-04-30 10:12:56.320010,-185.6503
2024-04-30 10:12:56.335640,-209.8208
2024-04-30 10:12:56.351260,-229.275
2024-04-30 10:12:56.366890,-238.5248
2024-04-30 10:12:56.382510,-232.8896
2024-04-30 10:12:56.398140,-210.3741
2024-04-30 10:12:56.413760,-172.6233
2024-04-30 10:12:56.429390,-124.8125
2024-04-30 10:12:56.445020,-74.01215
2024-04-30 10:12:56.460640,-27.01242
2024-04-30 10:12:56.476270,11.80352
2024-04-30 10:12:56.491890,41.2791
2024-04-30 10:12:56.507520,63.0514
2024-04-30 10:12:56.523140,80.12661
2024-04-30 10:12:56.538770,95.19139
2024-04-30 10:12:56.554400,109.657
2024-04-30 10:12:56.570020,123.3914
2024-04-30 10:12:56.585650,135.4189
2024-04-30 10:12:56.601270,144.702
2024-04-30 10:12:56.616900,150.7839
2024-04-30 10:12:56.632520,153.9437
2024-04-30 10:12:56.648150,154.9194
2024-04-30 10:12:56.663780,154.4607
2024-04-30 10:12:56.679400,152.934
2024-04-30 10:12:56.695030,150.3822
2024-04-30 10:12:56.710650,146.6791
2024-04-30 10:12:56.726280,141.9385
2024-04-30 10:12:56.741910,136.693
2024-04-30 10:12:56.757530,131.757
2024-04-30 10:12:56.773160,127.8655
2024-04-30 10:12:56.788780,125.1961
2024-04-30 10:12:56.804410,123.12
2024-04-30 10:12:56.820030,120.2348
2024-04-30 10:12:56.835660,114.9792
2024-04-30 10:12:56.851290,106.2393
2024-04-30 10:12:56.866910,93.86973
2024-04-30 10:12:56.882540,78.92618
2024-04-30 10:12:56.898160,63.2123
2024-04-30 10:12:56.913790,48.6785
2024-04-30 10:12:56.929410,36.61921
2024-04-30 10:12:56.945040,27.25352
2024-04-30 10:12:56.960670,19.56414
2024-04-30 10:12:56.976290,11.8047
2024-04-30 10:12:56.991920,2.202164
2024-04-30 10:12:57.007540,-10.36733
2024-04-30 10:12:57.023170,-25.8587
2024-04-30 10:12:57.038790,-43.19352
2024-04-30 10:12:57.054420,-60.58868
2024-04-30 10:12:57.070050,-76.35741
2024-04-30 10:12:57.085670,-89.52158
2024-04-30 10:12:57.101300,-100.2252
2024-04-30 10:12:57.116920,-109.6639
2024-04-30 10:12:57.132550,-119.7209
2024-04-30 10:12:57.148170,-132.4501
2024-04-30 10:12:57.163800,-149.3056
2024-04-30 10:12:57.179430,-170.6335
2024-04-30 10:12:57.195050,-194.9942
2024-04-30 10:12:57.210680,-219.0258
2024-04-30 10:12:57.226300,-237.7094
2024-04-30 10:12:57.241930,-245.4701
2024-04-30 10:12:57.257550,-237.8889
2024-04-30 10:12:57.273180,-213.3401
2024-04-30 10:12:57.288810,-173.9427
2024-04-30 10:12:57.304430,-125.1333
2024-04-30 10:12:57.320060,-74.07677
2024-04-30 10:12:57.335680,-27.34384
2024-04-30 10:12:57.351310,10.92516
2024-04-30 10:12:57.366930,39.77039
2024-04-30 10:12:57.382560,60.82707
2024-04-30 10:12:57.398190,76.98686
2024-04-30 10:12:57.413810,90.84485
2024-04-30 10:12:57.429440,103.7959
2024-04-30 10:12:57.445060,115.9556
2024-04-30 10:12:57.460690,126.6998
2024-04-30 10:12:57.476310,135.2899
2024-04-30 10:12:57.491940,141.3973
2024-04-30 10:12:57.507570,145.2046
2024-04-30 10:12:57.523190,147.1793
2024-04-30 10:12:57.538820,147.7193
2024-04-30 10:12:57.554440,147.0069
2024-04-30 10:12:57.570070,145.0183
2024-04-30 10:12:57.585690,141.8397
2024-04-30 10:12:57.601320,137.9252
2024-04-30 10:12:57.616950,134.054
2024-04-30 10:12:57.632570,131.0942
2024-04-30 10:12:57.648200,129.4044
2024-04-30 10:12:57.663820,128.4963
2024-04-30 10:12:57.679450,127.035
2024-04-30 10:12:57.695070,123.3436
2024-04-30 10:12:57.710700,116.1264
2024-04-30 10:12:57.726330,105.157
2024-04-30 10:12:57.741950,91.52313
2024-04-30 10:12:57.757580,77.11096
2024-04-30 10:12:57.773200,63.87418
2024-04-30 10:12:57.788830,52.91702
2024-04-30 10:12:57.804450,44.08051
2024-04-30 10:12:57.820080,35.97537
2024-04-30 10:12:57.835710,26.74042
2024-04-30 10:12:57.851330,14.85504
2024-04-30 10:12:57.866960,-0.1297607
2024-04-30 10:12:57.882580,-17.41699
2024-04-30 10:12:57.898210,-35.34326
2024-04-30 10:12:57.913830,-52.08411
2024-04-30 10:12:57.929460,-66.43784
2024-04-30 10:12:57.945090,-78.25977
2024-04-30 10:12:57.960710,-88.51114
2024-04-30 10:12:57.976340,-98.86923
2024-04-30 10:12:57.991960,-111.3002
2024-04-30 10:12:58.007590,-127.4076
2024-04-30 10:12:58.023210,-147.6978
2024-04-30 10:12:58.038840,-171.0233
2024-04-30 10:12:58.054470,-194.1187
2024-04-30 10:12:58.070090,-211.9766
2024-04-30 10:12:58.085720,-219.0403
2024-04-30 10:12:58.101340,-210.9838
2024-04-30 10:12:58.116970,-186.4923
2024-04-30 10:12:58.132590,-148.1154
2024-04-30 10:12:58.148220,-101.6714
2024-04-30 10:12:58.163850,-54.35272
2024-04-30 10:12:58.179470,-12.41275
2024-04-30 10:12:58.195100,20.68799
2024-04-30 10:12:58.210720,44.69589
2024-04-30 10:12:58.226350,61.71744
2024-04-30 10:12:58.241970,74.67984
2024-04-30 10:12:58.257600,85.88315
2024-04-30 10:12:58.273230,96.35568
2024-04-30 10:12:58.288850,105.9855
2024-04-30 10:12:58.304480,114.1774
2024-04-30 10:12:58.320100,120.4189
2024-04-30 10:12:58.335730,124.5777
2024-04-30 10:12:58.351350,126.8353
2024-04-30 10:12:58.366980,127.4075
2024-04-30 10:12:58.382610,126.37
2024-04-30 10:12:58.398230,123.6917
2024-04-30 10:12:58.413860,119.4249
2024-04-30 10:12:58.429480,113.9186
2024-04-30 10:12:58.445110,107.9219
2024-04-30 10:12:58.460730,102.2331
2024-04-30 10:12:58.476360,97.34216
2024-04-30 10:12:58.491990,93.11127
2024-04-30 10:12:58.507610,88.62595
2024-04-30 10:12:58.523240,82.64041
2024-04-30 10:12:58.538860,74.14233
2024-04-30 10:12:58.554490,62.95023
2024-04-30 10:12:58.570110,49.8587
2024-04-30 10:12:58.585740,36.35144
2024-04-30 10:12:58.601370,23.88788
2024-04-30 10:12:58.616990,13.23026
2024-04-30 10:12:58.632620,4.107483
2024-04-30 10:12:58.648240,-4.625732
2024-04-30 10:12:58.663870,-14.42004
2024-04-30 10:12:58.679490,-26.33911
2024-04-30 10:12:58.695120,-40.45862
2024-04-30 10:12:58.710750,-55.84879
2024-04-30 10:12:58.726370,-71.01563
2024-04-30 10:12:58.742000,-84.55792
2024-04-30 10:12:58.757620,-95.8064
2024-04-30 10:12:58.773250,-105.1469
2024-04-30 10:12:58.788870,-113.8813
2024-04-30 10:12:58.804500,-123.8828
2024-04-30 10:12:58.820130,-136.9938
2024-04-30 10:12:58.835750,-154.2711
2024-04-30 10:12:58.851380,-175.2129
2024-04-30 10:12:58.867000,-197.2653
2024-04-30 10:12:58.882630,-215.8298
2024-04-30 10:12:58.898250,-225.2387
2024-04-30 10:12:58.913880,-220.4835
2024-04-30 10:12:58.929510,-199.1854
2024-04-30 10:12:58.945130,-162.7707
2024-04-30 10:12:58.960760,-116.4288
2024-04-30 10:12:58.976380,-67.39612
2024-04-30 10:12:58.992010,-22.57617
2024-04-30 10:12:59.007640,13.63092
2024-04-30 10:12:59.023260,40.26569
2024-04-30 10:12:59.038890,59.24295
2024-04-30 10:12:59.054510,73.78909
2024-04-30 10:12:59.070140,86.73605
2024-04-30 10:12:59.085760,99.47696
2024-04-30 10:12:59.101390,111.8694
2024-04-30 10:12:59.117020,122.8105
2024-04-30 10:12:59.132640,131.0629
2024-04-30 10:12:59.148270,135.8789
2024-04-30 10:12:59.163890,137.2649
2024-04-30 10:12:59.179520,135.8047
2024-04-30 10:12:59.195140,132.3441
2024-04-30 10:12:59.210770,127.6903
2024-04-30 10:12:59.226400,122.4203
2024-04-30 10:12:59.242020,116.899
2024-04-30 10:12:59.257650,111.3548
2024-04-30 10:12:59.273270,105.8817
2024-04-30 10:12:59.288900,100.451
2024-04-30 10:12:59.304520,94.80997
2024-04-30 10:12:59.320150,88.43326
2024-04-30 10:12:59.335780,80.64615
2024-04-30 10:12:59.351400,70.95279
2024-04-30 10:12:59.367030,59.2312
2024-04-30 10:12:59.382650,45.89572
2024-04-30 10:12:59.398280,31.7547
2024-04-30 10:12:59.413900,17.6315
2024-04-30 10:12:59.429530,3.938812
2024-04-30 10:12:59.445160,-9.426422
2024-04-30 10:12:59.460780,-22.95871
2024-04-30 10:12:59.476410,-37.1785
2024-04-30 10:12:59.492030,-52.18884
2024-04-30 10:12:59.507660,-67.56534
2024-04-30 10:12:59.523280,-82.47641
2024-04-30 10:12:59.538910,-96.11176
2024-04-30 10:12:59.554540,-108.0856
2024-04-30 10:12:59.570160,-118.7446
2024-04-30 10:12:59.585790,-129.1697
2024-04-30 10:12:59.601410,-140.9504
2024-04-30 10:12:59.617040,-155.7158
2024-04-30 10:12:59.632660,-174.2995
2024-04-30 10:12:59.648290,-195.9725
2024-04-30 10:12:59.663920,-217.8535
2024-04-30 10:12:59.679540,-235.037
2024-04-30 10:12:59.695170,-241.7911
2024-04-30 10:12:59.710790,-233.3653
2024-04-30 10:12:59.726420,-207.9198
2024-04-30 10:12:59.742040,-167.5909
2024-04-30 10:12:59.757670,-118.0966
2024-04-30 10:12:59.773300,-66.82996
2024-04-30 10:12:59.788920,-20.45959
2024-04-30 10:12:59.804550,17.10071
2024-04-30 10:12:59.820170,45.37579
2024-04-30 10:12:59.835800,66.46985
2024-04-30 10:12:59.851420,83.38708
2024-04-30 10:12:59.867050,98.42279
2024-04-30 10:12:59.882680,112.281
2024-04-30 10:12:59.898300,124.2039
2024-04-30 10:12:59.913930,132.9781
2024-04-30 10:12:59.929550,137.8167
2024-04-30 10:12:59.945180,138.9403
2024-04-30 10:12:59.960800,137.5489
2024-04-30 10:12:59.976430,135.1254
2024-04-30 10:12:59.992060,132.7551
2024-04-30 10:13:00.007680,130.6111
2024-04-30 10:13:00.023310,128.0502
2024-04-30 10:13:00.038930,124.0999
2024-04-30 10:13:00.054560,118.2036
2024-04-30 10:13:00.070180,110.5858
2024-04-30 10:13:00.085810,102.2614
2024-04-30 10:13:00.101440,94.44659
2024-04-30 10:13:00.117060,87.83832
2024-04-30 10:13:00.132690,82.08148
2024-04-30 10:13:00.148310,75.83075
2024-04-30 10:13:00.163940,67.30365
2024-04-30 10:13:00.179560,55.19775
2024-04-30 10:13:00.195190,39.38831
2024-04-30 10:13:00.210820,21.06818
2024-04-30 10:13:00.226440,2.294495
2024-04-30 10:13:00.242070,-14.82941
2024-04-30 10:13:00.257690,-29.03772
2024-04-30 10:13:00.273320,-40.29791
2024-04-30 10:13:00.288940,-49.7522
2024-04-30 10:13:00.304570,-59.20203
2024-04-30 10:13:00.320200,-70.42743
2024-04-30 10:13:00.335820,-84.7442
2024-04-30 10:13:00.351450,-102.7285
2024-04-30 10:13:00.367070,-124.0414
2024-04-30 10:13:00.382700,-147.1459
2024-04-30 10:13:00.398320,-169.0961
2024-04-30 10:13:00.413950,-185.6571
2024-04-30 10:13:00.429580,-192.1107
2024-04-30 10:13:00.445200,-184.7617
2024-04-30 10:13:00.460830,-162.4716
2024-04-30 10:13:00.476450,-127.5541
2024-04-30 10:13:00.492080,-85.28802
2024-04-30 10:13:00.507700,-42.18176
2024-04-30 10:13:00.523330,-3.709229
2024-04-30 10:13:00.538960,27.36108
2024-04-30 10:13:00.554580,51.32617
2024-04-30 10:13:00.570210,70.45471
2024-04-30 10:13:00.585830,87.35571
2024-04-30 10:13:00.601460,103.4003
2024-04-30 10:13:00.617080,118.2875
2024-04-30 10:13:00.632710,130.5848
2024-04-30 10:13:00.648340,138.7573
2024-04-30 10:13:00.663960,142.1946
2024-04-30 10:13:00.679590,141.5282
2024-04-30 10:13:00.695210,138.3582
2024-04-30 10:13:00.710840,134.4653
2024-04-30 10:13:00.726460,131.0997
2024-04-30 10:13:00.742090,128.4959
2024-04-30 10:13:00.757720,126.0726
2024-04-30 10:13:00.773340,122.9053
2024-04-30 10:13:00.788970,118.3745
2024-04-30 10:13:00.804590,112.5318
2024-04-30 10:13:00.820220,106.0457
2024-04-30 10:13:00.835840,99.76709
2024-04-30 10:13:00.851470,94.07715
2024-04-30 10:13:00.867100,88.57813
2024-04-30 10:13:00.882720,82.1319
2024-04-30 10:13:00.898350,73.3374
2024-04-30 10:13:00.913970,61.17322
2024-04-30 10:13:00.929600,45.52728
2024-04-30 10:13:00.945220,27.27014
2024-04-30 10:13:00.960850,7.955444
2024-04-30 10:13:00.976480,-10.73999
2024-04-30 10:13:00.992100,-27.70184
2024-04-30 10:13:01.007730,-42.73431
2024-04-30 10:13:01.023350,-56.55951
2024-04-30 10:13:01.038980,-70.42151
2024-04-30 10:13:01.054600,-85.6424
2024-04-30 10:13:01.070230,-103.1968
2024-04-30 10:13:01.085860,-123.5522
2024-04-30 10:13:01.101480,-146.4617
2024-04-30 10:13:01.117110,-170.7729
2024-04-30 10:13:01.132730,-194.0447
2024-04-30 10:13:01.148360,-212.6298
2024-04-30 10:13:01.163990,-222.1064
2024-04-30 10:13:01.179610,-218.6534
2024-04-30 10:13:01.195240,-200.6061
2024-04-30 10:13:01.210860,-169.4835
2024-04-30 10:13:01.226490,-129.9417
2024-04-30 10:13:01.242110,-88.25452
2024-04-30 10:13:01.257740,-50.14819
2024-04-30 10:13:01.273370,-18.92999
2024-04-30 10:13:01.288990,5.127319
2024-04-30 10:13:01.304620,24.07941
2024-04-30 10:13:01.320240,40.62555
2024-04-30 10:13:01.335870,56.61713
2024-04-30 10:13:01.351490,72.34607
2024-04-30 10:13:01.367120,86.76843
2024-04-30 10:13:01.382750,98.39392
2024-04-30 10:13:01.398370,106.1507
2024-04-30 10:13:01.414000,109.8549
2024-04-30 10:13:01.429620,110.1671
2024-04-30 10:13:01.445250,108.3149
2024-04-30 10:13:01.460870,105.45
2024-04-30 10:13:01.476500,102.3472
2024-04-30 10:13:01.492130,99.31012
2024-04-30 10:13:01.507750,96.21893
2024-04-30 10:13:01.523380,92.77618
2024-04-30 10:13:01.539000,88.7818
2024-04-30 10:13:01.554630,84.25348
2024-04-30 10:13:01.570250,79.44128
2024-04-30 10:13:01.585880,74.63953
2024-04-30 10:13:01.601510,69.9776
2024-04-30 10:13:01.617130,65.32092
2024-04-30 10:13:01.632760,60.28656
2024-04-30 10:13:01.648380,54.35132
2024-04-30 10:13:01.664010,47.09003
2024-04-30 10:13:01.679630,38.33453
2024-04-30 10:13:01.695260,28.28076
2024-04-30 10:13:01.710890,17.53455
2024-04-30 10:13:01.726510,6.904358
2024-04-30 10:13:01.742140,-2.798828
2024-04-30 10:13:01.757760,-11.02661
2024-04-30 10:13:01.773390,-17.58704
2024-04-30 10:13:01.789010,-22.77618
2024-04-30 10:13:01.804640,-27.24915
2024-04-30 10:13:01.820270,-31.94098
2024-04-30 10:13:01.835890,-37.96075
2024-04-30 10:13:01.851520,-46.26086
2024-04-30 10:13:01.867140,-57.21613
2024-04-30 10:13:01.882770,-70.02112
2024-04-30 10:13:01.898390,-82.19873
2024-04-30 10:13:01.914020,-89.64679
2024-04-30 10:13:01.929650,-87.70331
2024-04-30 10:13:01.945270,-72.66956
2024-04-30 10:13:01.960900,-43.45496
2024-04-30 10:13:01.976520,-2.388611
2024-04-30 10:13:01.992150,45.38135
2024-04-30 10:13:02.007770,93.66229
2024-04-30 10:13:02.023400,137.3997
2024-04-30 10:13:02.039030,174.1851
2024-04-30 10:13:02.054650,204.4993
2024-04-30 10:13:02.070280,230.6012
2024-04-30 10:13:02.085900,254.9209
2024-04-30 10:13:02.101530,278.5743
2024-04-30 10:13:02.117150,300.8849
2024-04-30 10:13:02.132780,319.6873
2024-04-30 10:13:02.148410,332.2815
2024-04-30 10:13:02.164030,336.4457
2024-04-30 10:13:02.179660,331.1187
2024-04-30 10:13:02.195280,316.6313
2024-04-30 10:13:02.210910,294.5342
2024-04-30 10:13:02.226530,267.0848
2024-04-30 10:13:02.242160,236.6151
2024-04-30 10:13:02.257790,205.0085
2024-04-30 10:13:02.273410,173.5398
2024-04-30 10:13:02.289040,142.8504
2024-04-30 10:13:02.304660,113.2371
2024-04-30 10:13:02.320290,84.77493
2024-04-30 10:13:02.335910,57.43579
2024-04-30 10:13:02.351540,31.08447
2024-04-30 10:13:02.367170,5.509766
2024-04-30 10:13:02.382790,-19.55087
2024-04-30 10:13:02.398420,-44.3222
2024-04-30 10:13:02.414040,-68.88409
2024-04-30 10:13:02.429670,-93.19183
2024-04-30 10:13:02.445290,-117.1581
2024-04-30 10:13:02.460920,-140.667
2024-04-30 10:13:02.476550,-163.5061
2024-04-30 10:13:02.492170,-185.2148
2024-04-30 10:13:02.507800,-205.0043
2024-04-30 10:13:02.523420,-221.9014
2024-04-30 10:13:02.539050,-234.9689
2024-04-30 10:13:02.554670,-243.7294
2024-04-30 10:13:02.570300,-248.3823
2024-04-30 10:13:02.585930,-249.7379
2024-04-30 10:13:02.601550,-249.0407
2024-04-30 10:13:02.617180,-247.6416
2024-04-30 10:13:02.632800,-246.659
2024-04-30 10:13:02.648430,-246.649
2024-04-30 10:13:02.664050,-247.129
2024-04-30 10:13:02.679680,-246.1729
2024-04-30 10:13:02.695310,-240.451
2024-04-30 10:13:02.710930,-225.8534
2024-04-30 10:13:02.726560,-198.8247
2024-04-30 10:13:02.742180,-157.8303
2024-04-30 10:13:02.757810,-104.4123
2024-04-30 10:13:02.773430,-42.91288
2024-04-30 10:13:02.789060,20.82364
2024-04-30 10:13:02.804690,81.53171
2024-04-30 10:13:02.820310,136.2035
2024-04-30 10:13:02.835940,184.5987
2024-04-30 10:13:02.851560,228.4438
2024-04-30 10:13:02.867190,269.8677
2024-04-30 10:13:02.882810,309.7874
2024-04-30 10:13:02.898440,347.1829
2024-04-30 10:13:02.914070,379.4275
2024-04-30 10:13:02.929690,403.3375
2024-04-30 10:13:02.945320,416.4806
2024-04-30 10:13:02.960940,417.9531
2024-04-30 10:13:02.976570,408.5098
2024-04-30 10:13:02.992190,389.9435
2024-04-30 10:13:03.007820,364.3499
2024-04-30 10:13:03.023450,333.3859
2024-04-30 10:13:03.039070,298.2489
2024-04-30 10:13:03.054700,259.959
2024-04-30 10:13:03.070320,219.8526
2024-04-30 10:13:03.085950,179.7857
2024-04-30 10:13:03.101570,141.9049
2024-04-30 10:13:03.117200,107.9766
2024-04-30 10:13:03.132830,78.67078
2024-04-30 10:13:03.148450,53.25394
2024-04-30 10:13:03.164080,29.78592
2024-04-30 10:13:03.179700,5.917755
2024-04-30 10:13:03.195330,-20.14166
2024-04-30 10:13:03.210950,-48.84088
2024-04-30 10:13:03.226580,-79.13171
2024-04-30 10:13:03.242210,-108.8543
2024-04-30 10:13:03.257830,-135.6888
2024-04-30 10:13:03.273460,-158.0799
2024-04-30 10:13:03.289080,-175.802
2024-04-30 10:13:03.304710,-189.9787
2024-04-30 10:13:03.320330,-202.4524
2024-04-30 10:13:03.335960,-215.0284
2024-04-30 10:13:03.351590,-228.7861
2024-04-30 10:13:03.367210,-243.8371
2024-04-30 10:13:03.382840,-259.3128
2024-04-30 10:13:03.398460,-273.6183
2024-04-30 10:13:03.414090,-284.7825
2024-04-30 10:13:03.429710,-290.8229
2024-04-30 10:13:03.445340,-290.3496
2024-04-30 10:13:03.460970,-283.1188
2024-04-30 10:13:03.476590,-270.335
2024-04-30 10:13:03.492220,-254.5643
2024-04-30 10:13:03.507840,-238.9342
2024-04-30 10:13:03.523470,-226.1682
2024-04-30 10:13:03.539090,-217.7472
2024-04-30 10:13:03.554720,-213.6315
2024-04-30 10:13:03.570350,-212.6238
2024-04-30 10:13:03.585970,-213.1759
2024-04-30 10:13:03.601600,-213.9957
2024-04-30 10:13:03.617220,-214.3253
2024-04-30 10:13:03.632850,-213.8412
2024-04-30 10:13:03.648470,-212.3735
2024-04-30 10:13:03.664100,-209.7783
2024-04-30 10:13:03.679730,-206.0126
2024-04-30 10:13:03.695350,-201.3076
2024-04-30 10:13:03.710980,-196.1797
2024-04-30 10:13:03.726600,-191.1577
2024-04-30 10:13:03.742230,-186.4764
2024-04-30 10:13:03.757850,-181.8055
2024-04-30 10:13:03.773480,-176.4214
2024-04-30 10:13:03.789110,-169.5197
2024-04-30 10:13:03.804730,-160.7874
2024-04-30 10:13:03.820360,-150.6603
2024-04-30 10:13:03.835980,-140.2656
2024-04-30 10:13:03.851610,-130.9929
2024-04-30 10:13:03.867240,-123.9564
2024-04-30 10:13:03.882860,-119.6305
2024-04-30 10:13:03.898490,-117.5736
2024-04-30 10:13:03.914110,-116.8906
2024-04-30 10:13:03.929740,-116.4567
2024-04-30 10:13:03.945360,-115.4679
2024-04-30 10:13:03.960990,-113.6879
2024-04-30 10:13:03.976620,-111.4338
2024-04-30 10:13:03.992240,-109.5256
2024-04-30 10:13:04.007870,-109.045
2024-04-30 10:13:04.023490,-111.0942
2024-04-30 10:13:04.039120,-116.2413
2024-04-30 10:13:04.054740,-124.0081
2024-04-30 10:13:04.070370,-132.3336
2024-04-30 10:13:04.086000,-137.7033
2024-04-30 10:13:04.101620,-135.8978
2024-04-30 10:13:04.117250,-123.4218
2024-04-30 10:13:04.132870,-99.03644
2024-04-30 10:13:04.148500,-64.52728
2024-04-30 10:13:04.164120,-24.38757
2024-04-30 10:13:04.179750,15.65826
2024-04-30 10:13:04.195380,50.58893
2024-04-30 10:13:04.211000,77.6087
2024-04-30 10:13:04.226630,96.65192
2024-04-30 10:13:04.242250,109.7366
2024-04-30 10:13:04.257880,119.556
2024-04-30 10:13:04.273500,128.113
2024-04-30 10:13:04.289130,136.1272
2024-04-30 10:13:04.304760,143.1304
2024-04-30 10:13:04.320380,148.1467
2024-04-30 10:13:04.336010,150.5541
2024-04-30 10:13:04.351630,150.3676
2024-04-30 10:13:04.367260,148.3641
2024-04-30 10:13:04.382880,145.5608
2024-04-30 10:13:04.398510,142.8624
2024-04-30 10:13:04.414140,140.6652
2024-04-30 10:13:04.429760,138.9427
2024-04-30 10:13:04.445390,137.3878
2024-04-30 10:13:04.461010,135.6205
2024-04-30 10:13:04.476640,133.3652
2024-04-30 10:13:04.492260,130.4085
2024-04-30 10:13:04.507890,126.65
2024-04-30 10:13:04.523520,122.0809
2024-04-30 10:13:04.539140,116.8459
2024-04-30 10:13:04.554770,111.3226
2024-04-30 10:13:04.570390,106.0827
2024-04-30 10:13:04.586020,101.728
2024-04-30 10:13:04.601640,98.61255
2024-04-30 10:13:04.617270,96.66333
2024-04-30 10:13:04.632900,95.17126
2024-04-30 10:13:04.648520,92.83209
2024-04-30 10:13:04.664150,88.09149
2024-04-30 10:13:04.679770,79.68573
2024-04-30 10:13:04.695400,67.49628
2024-04-30 10:13:04.711020,53.19464
2024-04-30 10:13:04.726650,40.32452
2024-04-30 10:13:04.742280,33.60986
2024-04-30 10:13:04.757900,37.35669
2024-04-30 10:13:04.773530,53.62891
2024-04-30 10:13:04.789150,81.12769
2024-04-30 10:13:04.804780,115.3168
2024-04-30 10:13:04.820400,149.9506
2024-04-30 10:13:04.836030,179.4185
2024-04-30 10:13:04.851660,200.5562
2024-04-30 10:13:04.867280,213.4471
2024-04-30 10:13:04.882910,220.6901
2024-04-30 10:13:04.898530,225.8494
2024-04-30 10:13:04.914160,231.6553
2024-04-30 10:13:04.929780,239.154
2024-04-30 10:13:04.945410,247.5812
2024-04-30 10:13:04.961040,255.1408
2024-04-30 10:13:04.976660,259.9331
2024-04-30 10:13:04.992290,260.5419
2024-04-30 10:13:05.007910,256.323
2024-04-30 10:13:05.023540,247.341
2024-04-30 10:13:05.039160,234.2202
2024-04-30 10:13:05.054790,217.8971
2024-04-30 10:13:05.070420,199.5241
2024-04-30 10:13:05.086040,180.2413
2024-04-30 10:13:05.101670,160.9512
2024-04-30 10:13:05.117290,142.0974
2024-04-30 10:13:05.132920,123.519
2024-04-30 10:13:05.148540,104.5427
2024-04-30 10:13:05.164170,84.35583
2024-04-30 10:13:05.179800,62.47357
2024-04-30 10:13:05.195420,39.0722
2024-04-30 10:13:05.211050,15.04395
2024-04-30 10:13:05.226670,-8.36377
2024-04-30 10:13:05.242300,-30.02277
2024-04-30 10:13:05.257920,-49.41486
2024-04-30 10:13:05.273550,-66.75311
2024-04-30 10:13:05.289180,-82.78156
2024-04-30 10:13:05.304800,-98.45422
2024-04-30 10:13:05.320430,-114.588
2024-04-30 10:13:05.336050,-131.6687
2024-04-30 10:13:05.351680,-149.7474
2024-04-30 10:13:05.367300,-168.1654
2024-04-30 10:13:05.382930,-185.2522
2024-04-30 10:13:05.398560,-198.2637
2024-04-30 10:13:05.414180,-203.8914
2024-04-30 10:13:05.429810,-199.3611
2024-04-30 10:13:05.445430,-183.8462
2024-04-30 10:13:05.461060,-159.2142
2024-04-30 10:13:05.476680,-129.7687
2024-04-30 10:13:05.492310,-100.8665
2024-04-30 10:13:05.507940,-76.85413
2024-04-30 10:13:05.523560,-59.65723
2024-04-30 10:13:05.539190,-48.39734
2024-04-30 10:13:05.554810,-40.37646
2024-04-30 10:13:05.570440,-32.69116
2024-04-30 10:13:05.586060,-23.6405
2024-04-30 10:13:05.601690,-13.28052
2024-04-30 10:13:05.617320,-2.962402
2024-04-30 10:13:05.632940,5.564575
2024-04-30 10:13:05.648570,11.06812
2024-04-30 10:13:05.664190,13.18408
2024-04-30 10:13:05.679820,12.28394
2024-04-30 10:13:05.695440,9.137695
2024-04-30 10:13:05.711070,4.515503
2024-04-30 10:13:05.726700,-0.932251
2024-04-30 10:13:05.742320,-6.598022
2024-04-30 10:13:05.757950,-11.8103
2024-04-30 10:13:05.773570,-15.87402
2024-04-30 10:13:05.789200,-18.14966
2024-04-30 10:13:05.804820,-18.49731
2024-04-30 10:13:05.820450,-17.48962
2024-04-30 10:13:05.836080,-16.41199
2024-04-30 10:13:05.851700,-16.93457
2024-04-30 10:13:05.867330,-20.46118
2024-04-30 10:13:05.882950,-27.52283
2024-04-30 10:13:05.898580,-37.46179
2024-04-30 10:13:05.914200,-48.70544
2024-04-30 10:13:05.929830,-59.3302
2024-04-30 10:13:05.945460,-67.9751
2024-04-30 10:13:05.961080,-74.32727
2024-04-30 10:13:05.976710,-79.25073
2024-04-30 10:13:05.992330,-84.45886
2024-04-30 10:13:06.007960,-91.83057
2024-04-30 10:13:06.023590,-102.8077
2024-04-30 10:13:06.039210,-117.7789
2024-04-30 10:13:06.054840,-135.6761
2024-04-30 10:13:06.070460,-153.8373
2024-04-30 10:13:06.086090,-168.4189
2024-04-30 10:13:06.101710,-175.2565
2024-04-30 10:13:06.117340,-171.2856
2024-04-30 10:13:06.132970,-155.9537
2024-04-30 10:13:06.148590,-131.7639
2024-04-30 10:13:06.164220,-103.6669
2024-04-30 10:13:06.179840,-77.37378
2024-04-30 10:13:06.195470,-57.2843
2024-04-30 10:13:06.211090,-45.11658
2024-04-30 10:13:06.226720,-39.97083
2024-04-30 10:13:06.242350,-39.37463
2024-04-30 10:13:06.257970,-40.94739
2024-04-30 10:13:06.273600,-43.62903
2024-04-30 10:13:06.289220,-47.776
2024-04-30 10:13:06.304850,-54.4397
2024-04-30 10:13:06.320470,-64.38904
2024-04-30 10:13:06.336100,-77.45776
2024-04-30 10:13:06.351730,-92.59253
2024-04-30 10:13:06.367350,-108.4452
2024-04-30 10:13:06.382980,-123.9352
2024-04-30 10:13:06.398600,-138.4984
2024-04-30 10:13:06.414230,-151.9764
2024-04-30 10:13:06.429850,-163.9973
2024-04-30 10:13:06.445480,-173.5313
2024-04-30 10:13:06.461110,-178.632
2024-04-30 10:13:06.476730,-176.8584
2024-04-30 10:13:06.492360,-166.0704
2024-04-30 10:13:06.507980,-145.4675
2024-04-30 10:13:06.523610,-116.2838
2024-04-30 10:13:06.539230,-81.83264
2024-04-30 10:13:06.554860,-46.71436
2024-04-30 10:13:06.570490,-15.34167
2024-04-30 10:13:06.586110,9.340942
2024-04-30 10:13:06.601740,26.71228
2024-04-30 10:13:06.617360,38.27405
2024-04-30 10:13:06.632990,46.6582
2024-04-30 10:13:06.648610,54.24377
2024-04-30 10:13:06.664240,62.11743
2024-04-30 10:13:06.679870,69.76343
2024-04-30 10:13:06.695490,75.41772
2024-04-30 10:13:06.711120,77.05835
2024-04-30 10:13:06.726740,73.18298
2024-04-30 10:13:06.742370,63.50415
2024-04-30 10:13:06.757990,49.19067
2024-04-30 10:13:06.773620,32.79187
2024-04-30 10:13:06.789250,17.77747
2024-04-30 10:13:06.804870,7.709839
2024-04-30 10:13:06.820500,5.237549
2024-04-30 10:13:06.836120,10.95007
2024-04-30 10:13:06.851750,23.10449
2024-04-30 10:13:06.867370,38.01147
2024-04-30 10:13:06.883000,51.45251
2024-04-30 10:13:06.898630,60.37805
2024-04-30 10:13:06.914250,63.96362
2024-04-30 10:13:06.929880,63.64587
2024-04-30 10:13:06.945500,61.99548
2024-04-30 10:13:06.961130,61.22437
2024-04-30 10:13:06.976750,61.85083
2024-04-30 10:13:06.992380,62.46777
2024-04-30 10:13:07.008010,60.32568
2024-04-30 10:13:07.023630,52.61438
2024-04-30 10:13:07.039260,37.61816
2024-04-30 10:13:07.054880,15.30823
2024-04-30 10:13:07.070510,-12.64966
2024-04-30 10:13:07.086130,-43.53162
2024-04-30 10:13:07.101760,-74.33386
2024-04-30 10:13:07.117390,-102.4735
2024-04-30 10:13:07.133010,-126.1277
2024-04-30 10:13:07.148640,-144.3453
2024-04-30 10:13:07.164260,-156.8452
2024-04-30 10:13:07.179890,-163.8693
2024-04-30 10:13:07.195510,-166.2727
2024-04-30 10:13:07.211140,-165.5724
2024-04-30 10:13:07.226770,-164.1406
2024-04-30 10:13:07.242390,-164.913
2024-04-30 10:13:07.258020,-170.9319
2024-04-30 10:13:07.273640,-184.5973
2024-04-30 10:13:07.289270,-207.0474
2024-04-30 10:13:07.304890,-237.9218
2024-04-30 10:13:07.320520,-275.213
2024-04-30 10:13:07.336150,-315.4104
2024-04-30 10:13:07.351770,-353.6831
2024-04-30 10:13:07.367400,-384.5663
2024-04-30 10:13:07.383020,-403.0793
2024-04-30 10:13:07.398650,-406.0388
2024-04-30 10:13:07.414270,-393.1891
2024-04-30 10:13:07.429900,-367.4426
2024-04-30 10:13:07.445530,-334.0273
2024-04-30 10:13:07.461150,-298.903
2024-04-30 10:13:07.476780,-267.0067
2024-04-30 10:13:07.492400,-241.3073
2024-04-30 10:13:07.508030,-222.7777
2024-04-30 10:13:07.523650,-211.0887
2024-04-30 10:13:07.539280,-205.4414
2024-04-30 10:13:07.554910,-204.925
2024-04-30 10:13:07.570530,-208.4758
2024-04-30 10:13:07.586160,-214.4741
2024-04-30 10:13:07.601780,-220.7777
2024-04-30 10:13:07.617410,-225.0267
2024-04-30 10:13:07.633030,-225.3113
2024-04-30 10:13:07.648660,-220.689
2024-04-30 10:13:07.664290,-211.2675
2024-04-30 10:13:07.679910,-197.7857
2024-04-30 10:13:07.695540,-181.0834
2024-04-30 10:13:07.711160,-161.6761
2024-04-30 10:13:07.726790,-139.6666
2024-04-30 10:13:07.742410,-115.0538
2024-04-30 10:13:07.758040,-88.14465
2024-04-30 10:13:07.773670,-59.84613
2024-04-30 10:13:07.789290,-31.57385
2024-04-30 10:13:07.804920,-4.906372
2024-04-30 10:13:07.820540,19.05078
2024-04-30 10:13:07.836170,40.0238
2024-04-30 10:13:07.851790,58.62805
2024-04-30 10:13:07.867420,75.93582
2024-04-30 10:13:07.883050,92.86469
2024-04-30 10:13:07.898670,109.7314
2024-04-30 10:13:07.914300,126.1158
2024-04-30 10:13:07.929920,141.2302
2024-04-30 10:13:07.945550,154.4283
2024-04-30 10:13:07.961170,165.6704
2024-04-30 10:13:07.976800,175.6145
2024-04-30 10:13:07.992430,185.3678
2024-04-30 10:13:08.008050,196.1006
2024-04-30 10:13:08.023680,208.7281
2024-04-30 10:13:08.039300,223.8133
2024-04-30 10:13:08.054930,241.3311
2024-04-30 10:13:08.070550,260.1204
2024-04-30 10:13:08.086180,277.3672
2024-04-30 10:13:08.101810,288.6721
2024-04-30 10:13:08.117430,288.9737
2024-04-30 10:13:08.133060,274.5792
2024-04-30 10:13:08.148680,245.0936
2024-04-30 10:13:08.164310,204.2907
2024-04-30 10:13:08.179930,159.0419
2024-04-30 10:13:08.195560,116.7974
2024-04-30 10:13:08.211190,82.80087
2024-04-30 10:13:08.226810,58.54654
2024-04-30 10:13:08.242440,42.39078
2024-04-30 10:13:08.258060,31.47034
2024-04-30 10:13:08.273690,23.89758
2024-04-30 10:13:08.289310,19.57874
2024-04-30 10:13:08.304940,19.57336
2024-04-30 10:13:08.320570,24.54626
2024-04-30 10:13:08.336190,33.70056
2024-04-30 10:13:08.351820,44.91089
2024-04-30 10:13:08.367440,55.93304
2024-04-30 10:13:08.383070,65.73688
2024-04-30 10:13:08.398690,75.05658
2024-04-30 10:13:08.414320,85.96906
2024-04-30 10:13:08.429950,100.5826
2024-04-30 10:13:08.445570,119.6818
2024-04-30 10:13:08.461200,142.0715
2024-04-30 10:13:08.476820,164.9395
2024-04-30 10:13:08.492450,184.9289
2024-04-30 10:13:08.508080,199.4387
2024-04-30 10:13:08.523700,207.5355
2024-04-30 10:13:08.539330,209.939
2024-04-30 10:13:08.554950,208.5399
2024-04-30 10:13:08.570580,205.276
2024-04-30 10:13:08.586200,201.2896
2024-04-30 10:13:08.601830,196.6118
2024-04-30 10:13:08.617460,190.3445
2024-04-30 10:13:08.633080,181.3461
2024-04-30 10:13:08.648710,168.8708
2024-04-30 10:13:08.664330,153.0854
2024-04-30 10:13:08.679960,135.1313
2024-04-30 10:13:08.695580,116.7775
2024-04-30 10:13:08.711210,99.86011
2024-04-30 10:13:08.726840,85.60474
2024-04-30 10:13:08.742460,74.19995
2024-04-30 10:13:08.758090,64.72595
2024-04-30 10:13:08.773710,55.78174
2024-04-30 10:13:08.789340,46.22925
2024-04-30 10:13:08.804960,36.02087
2024-04-30 10:13:08.820590,26.38477
2024-04-30 10:13:08.836220,19.41736
2024-04-30 10:13:08.851840,17.18701
2024-04-30 10:13:08.867470,20.87122
2024-04-30 10:13:08.883090,30.32532
2024-04-30 10:13:08.898720,44.12524
2024-04-30 10:13:08.914340,59.98254
2024-04-30 10:13:08.929970,75.37854
2024-04-30 10:13:08.945600,88.16919
2024-04-30 10:13:08.961220,97.17102
2024-04-30 10:13:08.976850,102.6787
2024-04-30 10:13:08.992470,106.5284
2024-04-30 10:13:09.008100,111.6041
2024-04-30 10:13:09.023720,120.8462
2024-04-30 10:13:09.039350,135.9635
2024-04-30 10:13:09.054980,156.6584
2024-04-30 10:13:09.070600,180.6149
2024-04-30 10:13:09.086230,204.24
2024-04-30 10:13:09.101850,223.7457
2024-04-30 10:13:09.117480,236.0983
2024-04-30 10:13:09.133100,239.5151
2024-04-30 10:13:09.148730,233.3999
2024-04-30 10:13:09.164360,218.1049
2024-04-30 10:13:09.179980,194.6809
2024-04-30 10:13:09.195610,164.6599
2024-04-30 10:13:09.211230,129.9052
2024-04-30 10:13:09.226860,92.38416
2024-04-30 10:13:09.242480,53.93445
2024-04-30 10:13:09.258110,16.01404
2024-04-30 10:13:09.273740,-20.33765
2024-04-30 10:13:09.289360,-54.4884
2024-04-30 10:13:09.304990,-86.16052
2024-04-30 10:13:09.320610,-115.397
2024-04-30 10:13:09.336240,-142.4214
2024-04-30 10:13:09.351860,-167.5338
2024-04-30 10:13:09.367490,-190.8412
2024-04-30 10:13:09.383120,-212.1946
2024-04-30 10:13:09.398740,-231.233
2024-04-30 10:13:09.414370,-247.5811
2024-04-30 10:13:09.429990,-261.1237
2024-04-30 10:13:09.445620,-272.1555
2024-04-30 10:13:09.461240,-281.2513
2024-04-30 10:13:09.476870,-289.0126
2024-04-30 10:13:09.492500,-295.7311
2024-04-30 10:13:09.508120,-301.28
2024-04-30 10:13:09.523750,-305.1628
2024-04-30 10:13:09.539370,-306.7961
2024-04-30 10:13:09.555000,-305.8894
2024-04-30 10:13:09.570620,-302.5298
2024-04-30 10:13:09.586250,-297.2369
2024-04-30 10:13:09.601880,-290.7246
2024-04-30 10:13:09.617500,-283.7544
2024-04-30 10:13:09.633130,-276.9486
2024-04-30 10:13:09.648750,-270.6028
2024-04-30 10:13:09.664380,-264.5204
2024-04-30 10:13:09.680000,-257.8719
2024-04-30 10:13:09.695630,-249.2986
2024-04-30 10:13:09.711260,-237.3452
2024-04-30 10:13:09.726880,-221.0291
2024-04-30 10:13:09.742510,-200.3571
2024-04-30 10:13:09.758130,-176.4167
2024-04-30 10:13:09.773760,-151.0033
2024-04-30 10:13:09.789380,-125.7761
2024-04-30 10:13:09.805010,-101.6637
2024-04-30 10:13:09.820640,-78.57349
2024-04-30 10:13:09.836260,-55.80066
2024-04-30 10:13:09.851890,-32.68311
2024-04-30 10:13:09.867510,-9.184326
2024-04-30 10:13:09.883140,14.09741
2024-04-30 10:13:09.898760,36.24805
2024-04-30 10:13:09.914390,56.62939
2024-04-30 10:13:09.930020,75.37866
2024-04-30 10:13:09.945640,93.354
2024-04-30 10:13:09.961270,111.7551
2024-04-30 10:13:09.976890,131.719
2024-04-30 10:13:09.992520,154.0181
2024-04-30 10:13:10.008140,178.8145
2024-04-30 10:13:10.023770,205.5525
2024-04-30 10:13:10.039400,232.9163
2024-04-30 10:13:10.055020,258.7449
2024-04-30 10:13:10.070650,280.478
2024-04-30 10:13:10.086270,295.717
2024-04-30 10:13:10.101900,302.9688
2024-04-30 10:13:10.117520,302.2112
2024-04-30 10:13:10.133150,294.8044
2024-04-30 10:13:10.148780,282.8491
2024-04-30 10:13:10.164400,268.2427
2024-04-30 10:13:10.180030,252.075
2024-04-30 10:13:10.195650,234.531
2024-04-30 10:13:10.211280,215.4167
2024-04-30 10:13:10.226900,194.7668
2024-04-30 10:13:10.242530,173.1882
2024-04-30 10:13:10.258160,151.6975
2024-04-30 10:13:10.273780,131.0571
2024-04-30 10:13:10.289410,111.385
2024-04-30 10:13:10.305030,91.91479
2024-04-30 10:13:10.320660,71.39844
2024-04-30 10:13:10.336280,48.77271
2024-04-30 10:13:10.351910,23.8313
2024-04-30 10:13:10.367540,-2.402832
2024-04-30 10:13:10.383160,-27.52734
2024-04-30 10:13:10.398790,-48.20801
2024-04-30 10:13:10.414410,-61.01147
2024-04-30 10:13:10.430040,-63.38232
2024-04-30 10:13:10.445660,-54.5083
2024-04-30 10:13:10.461290,-35.79395
2024-04-30 10:13:10.476920,-10.51514
2024-04-30 10:13:10.492540,17.12842
2024-04-30 10:13:10.508170,43.35205
2024-04-30 10:13:10.523790,65.83032
2024-04-30 10:13:10.539420,84.11206
2024-04-30 10:13:10.555040,99.21216
2024-04-30 10:13:10.570670,112.6362
2024-04-30 10:13:10.586300,125.479
2024-04-30 10:13:10.601920,137.7734
2024-04-30 10:13:10.617550,148.6741
2024-04-30 10:13:10.633170,157.0015
2024-04-30 10:13:10.648800,161.9868
2024-04-30 10:13:10.664420,163.7136
2024-04-30 10:13:10.680050,163.0183
2024-04-30 10:13:10.695680,161.0298
2024-04-30 10:13:10.711300,158.5837
2024-04-30 10:13:10.726930,155.8027
2024-04-30 10:13:10.742550,152.094
2024-04-30 10:13:10.758180,146.5706
2024-04-30 10:13:10.773800,138.6331
2024-04-30 10:13:10.789430,128.3357
2024-04-30 10:13:10.805060,116.488
2024-04-30 10:13:10.820680,104.1687
2024-04-30 10:13:10.836310,92.15894
2024-04-30 10:13:10.851930,80.48486
2024-04-30 10:13:10.867560,68.42725
2024-04-30 10:13:10.883190,54.92676
2024-04-30 10:13:10.898810,39.27222
2024-04-30 10:13:10.914440,21.53491
2024-04-30 10:13:10.930060,2.648438
2024-04-30 10:13:10.945690,-16.01929
2024-04-30 10:13:10.961310,-33.28784
2024-04-30 10:13:10.976940,-48.67627
2024-04-30 10:13:10.992570,-62.62744
2024-04-30 10:13:11.008190,-76.1377
2024-04-30 10:13:11.023820,-90.33472
2024-04-30 10:13:11.039440,-105.9888
2024-04-30 10:13:11.055070,-123.1921
2024-04-30 10:13:11.070690,-141.2158
2024-04-30 10:13:11.086320,-158.4648
2024-04-30 10:13:11.101950,-172.5071
2024-04-30 10:13:11.117570,-180.3296
2024-04-30 10:13:11.133200,-179.042
2024-04-30 10:13:11.148820,-166.7053
2024-04-30 10:13:11.164450,-143.2239
2024-04-30 10:13:11.180070,-110.6477
2024-04-30 10:13:11.195700,-72.86304
2024-04-30 10:13:11.211330,-34.47119
2024-04-30 10:13:11.226950,0.4926758
2024-04-30 10:13:11.242580,29.61523
2024-04-30 10:13:11.258200,52.37744
2024-04-30 10:13:11.273830,69.74487
2024-04-30 10:13:11.289450,83.26782
2024-04-30 10:13:11.305080,94.22388
2024-04-30 10:13:11.320710,103.3293
2024-04-30 10:13:11.336330,110.8115
2024-04-30 10:13:11.351960,116.7791
2024-04-30 10:13:11.367580,121.5818
2024-04-30 10:13:11.383210,125.7632
2024-04-30 10:13:11.398830,129.8088
2024-04-30 10:13:11.414460,133.8269
2024-04-30 10:13:11.430090,137.3652
2024-04-30 10:13:11.445710,139.5554
2024-04-30 10:13:11.461340,139.6855
2024-04-30 10:13:11.476960,137.6362
2024-04-30 10:13:11.492590,133.9978
2024-04-30 10:13:11.508210,129.8298
2024-04-30 10:13:11.523840,125.98
2024-04-30 10:13:11.539470,122.5845
2024-04-30 10:13:11.555090,118.9353
2024-04-30 10:13:11.570720,113.9209
2024-04-30 10:13:11.586340,106.6606
2024-04-30 10:13:11.601970,96.99097
2024-04-30 10:13:11.617590,85.54712
2024-04-30 10:13:11.633220,73.31055
2024-04-30 10:13:11.648850,61.11792
2024-04-30 10:13:11.664470,49.17456
2024-04-30 10:13:11.680100,37.08521
2024-04-30 10:13:11.695720,24.09985
2024-04-30 10:13:11.711350,9.605469
2024-04-30 10:13:11.726970,-6.4729
2024-04-30 10:13:11.742600,-23.42969
2024-04-30 10:13:11.758230,-39.71948
2024-04-30 10:13:11.773850,-53.16284
2024-04-30 10:13:11.789480,-61.32617
2024-04-30 10:13:11.805100,-62.29126
2024-04-30 10:13:11.820730,-55.39551
2024-04-30 10:13:11.836350,-41.66992
2024-04-30 10:13:11.851980,-23.75854
2024-04-30 10:13:11.867610,-5.047119
2024-04-30 10:13:11.883230,11.38354
2024-04-30 10:13:11.898860,23.74731
2024-04-30 10:13:11.914480,31.87158
2024-04-30 10:13:11.930110,36.84717
2024-04-30 10:13:11.945730,40.15576
2024-04-30 10:13:11.961360,42.88574
2024-04-30 10:13:11.976990,45.30493
2024-04-30 10:13:11.992610,46.97046
2024-04-30 10:13:12.008240,47.30029
2024-04-30 10:13:12.023860,45.98608
2024-04-30 10:13:12.039490,43.24463
2024-04-30 10:13:12.055110,39.64233
2024-04-30 10:13:12.070740,35.65039
2024-04-30 10:13:12.086370,31.43701
2024-04-30 10:13:12.101990,26.78564
2024-04-30 10:13:12.117620,21.40894
2024-04-30 10:13:12.133240,15.27515
2024-04-30 10:13:12.148870,8.889893
2024-04-30 10:13:12.164490,3.056396
2024-04-30 10:13:12.180120,-1.454102
2024-04-30 10:13:12.195750,-4.491455
2024-04-30 10:13:12.211370,-6.769287
2024-04-30 10:13:12.227000,-9.599121
2024-04-30 10:13:12.242620,-14.33081
2024-04-30 10:13:12.258250,-21.65747
2024-04-30 10:13:12.273870,-31.3186
2024-04-30 10:13:12.289500,-42.1853
2024-04-30 10:13:12.305130,-52.88477
2024-04-30 10:13:12.320750,-62.28345
2024-04-30 10:13:12.336380,-69.92017
2024-04-30 10:13:12.352000,-76.09399
2024-04-30 10:13:12.367630,-81.56787
2024-04-30 10:13:12.383250,-87.31787
2024-04-30 10:13:12.398880,-94.18604
2024-04-30 10:13:12.414510,-102.5586
2024-04-30 10:13:12.430130,-112.0374
2024-04-30 10:13:12.445760,-121.2922
2024-04-30 10:13:12.461380,-128.075
2024-04-30 10:13:12.477010,-129.7727
2024-04-30 10:13:12.492630,-124.312
2024-04-30 10:13:12.508260,-110.9714
2024-04-30 10:13:12.523890,-90.91504
2024-04-30 10:13:12.539510,-66.87061
2024-04-30 10:13:12.555140,-42.1897
2024-04-30 10:13:12.570760,-19.70581
2024-04-30 10:13:12.586390,-0.9748535
2024-04-30 10:13:12.602010,13.95508
2024-04-30 10:13:12.617640,25.98145
2024-04-30 10:13:12.633270,36.14941
2024-04-30 10:13:12.648890,45.10889
2024-04-30 10:13:12.664520,52.82715
2024-04-30 10:13:12.680140,58.85034
2024-04-30 10:13:12.695770,62.72876
2024-04-30 10:13:12.711390,64.39771
2024-04-30 10:13:12.727020,64.22168
2024-04-30 10:13:12.742650,62.88159
2024-04-30 10:13:12.758270,61.00732
2024-04-30 10:13:12.773900,58.8208
2024-04-30 10:13:12.789520,56.07739
2024-04-30 10:13:12.805150,52.19312
2024-04-30 10:13:12.820770,46.6543
2024-04-30 10:13:12.836400,39.41748
2024-04-30 10:13:12.852030,31.13208
2024-04-30 10:13:12.867650,22.92871
2024-04-30 10:13:12.883280,15.9502
2024-04-30 10:13:12.898900,10.76416
2024-04-30 10:13:12.914530,7.043213
2024-04-30 10:13:12.930150,3.789307
2024-04-30 10:13:12.945780,-0.2038574
2024-04-30 10:13:12.961410,-5.633789
2024-04-30 10:13:12.977030,-12.36963
2024-04-30 10:13:12.992660,-19.48657
2024-04-30 10:13:13.008280,-25.802
2024-04-30 10:13:13.023910,-30.40845
2024-04-30 10:13:13.039530,-33.11938
2024-04-30 10:13:13.055160,-34.54468
2024-04-30 10:13:13.070790,-35.63477
2024-04-30 10:13:13.086410,-37.33569
2024-04-30 10:13:13.102040,-40.13257
2024-04-30 10:13:13.117660,-44.03638
2024-04-30 10:13:13.133290,-48.66309
2024-04-30 10:13:13.148920,-53.35229
2024-04-30 10:13:13.164540,-56.87549
2024-04-30 10:13:13.180170,-57.70825
2024-04-30 10:13:13.195790,-54.23364
2024-04-30 10:13:13.211420,-45.06177
2024-04-30 10:13:13.227040,-29.6626
2024-04-30 10:13:13.242670,-8.79834
2024-04-30 10:13:13.258300,15.30225
2024-04-30 10:13:13.273920,39.46021
2024-04-30 10:13:13.289550,60.51001
2024-04-30 10:13:13.305170,76.6167
2024-04-30 10:13:13.320800,87.60425
2024-04-30 10:13:13.336420,94.59766
2024-04-30 10:13:13.352050,99.22949
2024-04-30 10:13:13.367680,102.7014
2024-04-30 10:13:13.383300,105.3499
2024-04-30 10:13:13.398930,106.6941
2024-04-30 10:13:13.414550,106.0376
2024-04-30 10:13:13.430180,103.1106
2024-04-30 10:13:13.445800,99.0647
2024-04-30 10:13:13.461430,95.53052
2024-04-30 10:13:13.477060,93.82861
2024-04-30 10:13:13.492680,94.40381
2024-04-30 10:13:13.508310,96.69189
2024-04-30 10:13:13.523930,99.69824
2024-04-30 10:13:13.539560,102.4924
2024-04-30 10:13:13.555180,104.5759
2024-04-30 10:13:13.570810,106.0867
2024-04-30 10:13:13.586440,109.2549
2024-04-30 10:13:13.602060,115.8401
2024-04-30 10:13:13.617690,126.0369
2024-04-30 10:13:13.633310,138.2212
2024-04-30 10:13:13.648940,149.8752
2024-04-30 10:13:13.664560,158.9895
2024-04-30 10:13:13.680190,164.7432
2024-04-30 10:13:13.695820,167.3386
2024-04-30 10:13:13.711440,167.5029
2024-04-30 10:13:13.727070,169.252
2024-04-30 10:13:13.742690,175.175
2024-04-30 10:13:13.758320,184.9556
2024-04-30 10:13:13.773940,195.6483
2024-04-30 10:13:13.789570,203.9119
2024-04-30 10:13:13.805200,208.2708
2024-04-30 10:13:13.820820,209.5957
2024-04-30 10:13:13.836450,210.0283
2024-04-30 10:13:13.852070,211.5892
2024-04-30 10:13:13.867700,220.8127
2024-04-30 10:13:13.883320,241.8713
2024-04-30 10:13:13.898950,274.6378
2024-04-30 10:13:13.914580,314.832
2024-04-30 10:13:13.930200,356.7775
2024-04-30 10:13:13.945830,396.0898
2024-04-30 10:13:13.961450,430.2821
2024-04-30 10:13:13.977080,457.9188
2024-04-30 10:13:13.992700,477.9728
2024-04-30 10:13:14.008330,496.6639
2024-04-30 10:13:14.023960,519.0392
2024-04-30 10:13:14.039580,545.7354
2024-04-30 10:13:14.055210,572.5052
2024-04-30 10:13:14.070830,593.408
2024-04-30 10:13:14.086460,604.7065
2024-04-30 10:13:14.102080,606.2064
2024-04-30 10:13:14.117710,600.2687
2024-04-30 10:13:14.133340,544.22
2024-04-30 10:13:14.148960,417.0513
2024-04-30 10:13:14.164590,226.359
2024-04-30 10:13:14.180210,7.414795
2024-04-30 10:13:14.195840,-197.832
2024-04-30 10:13:14.211460,-362.0271
2024-04-30 10:13:14.227090,-477.2334
2024-04-30 10:13:14.242720,-548.2878
2024-04-30 10:13:14.258340,-585.3446
2024-04-30 10:13:14.273970,-597.3748
2024-04-30 10:13:14.289590,-589.0523
2024-04-30 10:13:14.305220,-562.2599
2024-04-30 10:13:14.320840,-520.4503
2024-04-30 10:13:14.336470,-470.4844
2024-04-30 10:13:14.352100,-420.5183
2024-04-30 10:13:14.367720,-376.7034
2024-04-30 10:13:14.383350,-342.1066
2024-04-30 10:13:14.398970,-317.6263
2024-04-30 10:13:14.414600,-301.2505
2024-04-30 10:13:14.430220,-285.5749
2024-04-30 10:13:14.445850,-264.346
2024-04-30 10:13:14.461480,-235.7186
2024-04-30 10:13:14.477100,-202.7899
2024-04-30 10:13:14.492730,-171.0234
2024-04-30 10:13:14.508350,-145.0317
2024-04-30 10:13:14.523980,-127.2042
2024-04-30 10:13:14.539600,-117.9037
2024-04-30 10:13:14.555230,-116.1437
2024-04-30 10:13:14.570860,-117.066
2024-04-30 10:13:14.586480,-116.0639
2024-04-30 10:13:14.602110,-111.1635
2024-04-30 10:13:14.617730,-103.7311
2024-04-30 10:13:14.633360,-96.95181
2024-04-30 10:13:14.648980,-93.90558
2024-04-30 10:13:14.664610,-96.52533
2024-04-30 10:13:14.680240,-105.4483
2024-04-30 10:13:14.695860,-120.1516
2024-04-30 10:13:14.711490,-137.7998
2024-04-30 10:13:14.727110,-155.1953
2024-04-30 10:13:14.742740,-170.3435
2024-04-30 10:13:14.758360,-183.2797
2024-04-30 10:13:14.773990,-195.4953
2024-04-30 10:13:14.789620,-209.0648
2024-04-30 10:13:14.805240,-225.8105
2024-04-30 10:13:14.820870,-246.7478
2024-04-30 10:13:14.836490,-271.7467
2024-04-30 10:13:14.852120,-299.0071
2024-04-30 10:13:14.867740,-326.095
2024-04-30 10:13:14.883370,-350.9202
2024-04-30 10:13:14.899000,-372.6145
2024-04-30 10:13:14.914620,-391.6285
2024-04-30 10:13:14.930250,-409.3347
2024-04-30 10:13:14.945870,-427.5775
2024-04-30 10:13:14.961500,-448.4987
2024-04-30 10:13:14.977120,-474.33
2024-04-30 10:13:14.992750,-507.0711
2024-04-30 10:13:15.008380,-547.2289
2024-04-30 10:13:15.024000,-592.6803
2024-04-30 10:13:15.039630,-637.9009
2024-04-30 10:13:15.055250,-674.6004
2024-04-30 10:13:15.070880,-694.0904
2024-04-30 10:13:15.086500,-690.4703
2024-04-30 10:13:15.102130,-663.0321
2024-04-30 10:13:15.117760,-616.6409
2024-04-30 10:13:15.133380,-559.7167
2024-04-30 10:13:15.149010,-500.796
2024-04-30 10:13:15.164630,-445.6523
2024-04-30 10:13:15.180260,-396.2359
2024-04-30 10:13:15.195880,-351.663
2024-04-30 10:13:15.211510,-310.3209
2024-04-30 10:13:15.227140,-271.4708
2024-04-30 10:13:15.242760,-235.5734
2024-04-30 10:13:15.258390,-203.4268
2024-04-30 10:13:15.274010,-174.9529
2024-04-30 10:13:15.289640,-148.7684
2024-04-30 10:13:15.305260,-122.6723
2024-04-30 10:13:15.320890,-94.74066
2024-04-30 10:13:15.336520,-64.27933
2024-04-30 10:13:15.352140,-32.07162
2024-04-30 10:13:15.367770,-0.04516602
2024-04-30 10:13:15.383390,29.86957
2024-04-30 10:13:15.399020,56.57407
2024-04-30 10:13:15.414640,80.37259
2024-04-30 10:13:15.430270,102.7949
2024-04-30 10:13:15.445900,125.8727
2024-04-30 10:13:15.461520,151.2513
2024-04-30 10:13:15.477150,179.6612
2024-04-30 10:13:15.492770,210.8689
2024-04-30 10:13:15.508400,244.0919
2024-04-30 10:13:15.524020,278.4987
2024-04-30 10:13:15.539650,313.1774
2024-04-30 10:13:15.555280,346.9133
2024-04-30 10:13:15.570900,377.8453
2024-04-30 10:13:15.586530,403.4748
2024-04-30 10:13:15.602150,421.3271
2024-04-30 10:13:15.617780,429.8922
2024-04-30 10:13:15.633400,429.3307
2024-04-30 10:13:15.649030,421.4917
2024-04-30 10:13:15.664660,409.1099
2024-04-30 10:13:15.680280,394.5205
2024-04-30 10:13:15.695910,378.786
2024-04-30 10:13:15.711530,361.5769
2024-04-30 10:13:15.727160,341.7413
2024-04-30 10:13:15.742780,318.2202
2024-04-30 10:13:15.758410,290.6189
2024-04-30 10:13:15.774040,259.2964
2024-04-30 10:13:15.789660,225.084
2024-04-30 10:13:15.805290,189.0981
2024-04-30 10:13:15.820910,152.7256
2024-04-30 10:13:15.836540,117.9126
2024-04-30 10:13:15.852170,87.10461
2024-04-30 10:13:15.867790,62.75473
2024-04-30 10:13:15.883420,46.63907
2024-04-30 10:13:15.899040,38.94644
2024-04-30 10:13:15.914670,37.98242
2024-04-30 10:13:15.930290,40.49481
2024-04-30 10:13:15.945920,42.65353
2024-04-30 10:13:15.961550,41.24481
2024-04-30 10:13:15.977170,34.76047
2024-04-30 10:13:15.992800,23.84598
2024-04-30 10:13:16.008420,11.05658
2024-04-30 10:13:16.024050,0.09188843
2024-04-30 10:13:16.039670,-5.528076
2024-04-30 10:13:16.055300,-3.647064
2024-04-30 10:13:16.070930,5.856049
2024-04-30 10:13:16.086550,21.15756
2024-04-30 10:13:16.102180,39.47321
2024-04-30 10:13:16.117800,58.33124
2024-04-30 10:13:16.133430,76.46967
2024-04-30 10:13:16.149050,94.11227
2024-04-30 10:13:16.164680,112.3793
2024-04-30 10:13:16.180310,132.3588
2024-04-30 10:13:16.195930,154.3051
2024-04-30 10:13:16.211560,177.4883
2024-04-30 10:13:16.227180,200.5326
2024-04-30 10:13:16.242810,222.0789
2024-04-30 10:13:16.258430,241.2603
2024-04-30 10:13:16.274060,257.9284
2024-04-30 10:13:16.289690,272.5109
2024-04-30 10:13:16.305310,285.7858
2024-04-30 10:13:16.320940,298.5295
2024-04-30 10:13:16.336560,311.2965
2024-04-30 10:13:16.352190,324.2332
2024-04-30 10:13:16.367810,336.9181
2024-04-30 10:13:16.383440,348.4736
2024-04-30 10:13:16.399070,357.5922
2024-04-30 10:13:16.414690,362.7696
2024-04-30 10:13:16.430320,362.5511
2024-04-30 10:13:16.445940,355.7736
2024-04-30 10:13:16.461570,341.7714
2024-04-30 10:13:16.477190,320.4554
2024-04-30 10:13:16.492820,292.4219
2024-04-30 10:13:16.508450,258.8226
2024-04-30 10:13:16.524070,221.282
2024-04-30 10:13:16.539700,181.6052
2024-04-30 10:13:16.555320,141.4991
2024-04-30 10:13:16.570950,102.406
2024-04-30 10:13:16.586570,65.24805
2024-04-30 10:13:16.602200,30.42519
2024-04-30 10:13:16.617830,-2.24839
2024-04-30 10:13:16.633450,-33.49683
2024-04-30 10:13:16.649080,-64.36255
2024-04-30 10:13:16.664700,-95.9189
2024-04-30 10:13:16.680330,-129.0195
2024-04-30 10:13:16.695950,-164.1952
2024-04-30 10:13:16.711580,-201.6203
2024-04-30 10:13:16.727210,-240.9697
2024-04-30 10:13:16.742830,-281.0919
2024-04-30 10:13:16.758460,-319.8392
2024-04-30 10:13:16.774080,-354.1607
2024-04-30 10:13:16.789710,-380.7461
2024-04-30 10:13:16.805330,-397.1096
2024-04-30 10:13:16.820960,-402.4908
2024-04-30 10:13:16.836590,-398.1733
2024-04-30 10:13:16.852210,-386.8612
2024-04-30 10:13:16.867840,-371.4576
2024-04-30 10:13:16.883460,-353.8091
2024-04-30 10:13:16.899090,-334.2615
2024-04-30 10:13:16.914710,-312.1962
2024-04-30 10:13:16.930340,-287.1525
2024-04-30 10:13:16.945970,-259.8235
2024-04-30 10:13:16.961590,-232.1682
2024-04-30 10:13:16.977220,-206.6584
2024-04-30 10:13:16.992840,-185.0501
2024-04-30 10:13:17.008470,-167.5961
2024-04-30 10:13:17.024090,-153.0056
2024-04-30 10:13:17.039720,-139.2233
2024-04-30 10:13:17.055350,-124.5003
2024-04-30 10:13:17.070970,-108.1887
2024-04-30 10:13:17.086600,-91.01855
2024-04-30 10:13:17.102220,-74.57288
2024-04-30 10:13:17.117850,-60.58588
2024-04-30 10:13:17.133470,-50.17316
2024-04-30 10:13:17.149100,-43.60449
2024-04-30 10:13:17.164730,-40.341
2024-04-30 10:13:17.180350,-39.50598
2024-04-30 10:13:17.195980,-40.17572
2024-04-30 10:13:17.211600,-41.64557
2024-04-30 10:13:17.227230,-43.41217
2024-04-30 10:13:17.242850,-44.9668
2024-04-30 10:13:17.258480,-45.57031
2024-04-30 10:13:17.274110,-44.24597
2024-04-30 10:13:17.289730,-39.98236
2024-04-30 10:13:17.305360,-32.19153
2024-04-30 10:13:17.320980,-21.18286
2024-04-30 10:13:17.336610,-8.298584
2024-04-30 10:13:17.352230,4.371338
2024-04-30 10:13:17.367860,14.54413
2024-04-30 10:13:17.383490,20.5578
2024-04-30 10:13:17.399110,22.04401
2024-04-30 10:13:17.414740,20.2265
2024-04-30 10:13:17.430360,17.70056
2024-04-30 10:13:17.445990,17.85059
2024-04-30 10:13:17.461610,23.79736
2024-04-30 10:13:17.477240,37.45154
2024-04-30 10:13:17.492870,58.85718
2024-04-30 10:13:17.508490,86.1806
2024-04-30 10:13:17.524120,116.3021
2024-04-30 10:13:17.539740,145.8441
2024-04-30 10:13:17.555370,172.2261
2024-04-30 10:13:17.570990,194.2792
2024-04-30 10:13:17.586620,212.2968
2024-04-30 10:13:17.602250,227.4868
2024-04-30 10:13:17.617870,241.2017
2024-04-30 10:13:17.633500,254.3339
2024-04-30 10:13:17.649120,267.0445
2024-04-30 10:13:17.664750,278.9182
2024-04-30 10:13:17.680370,289.2103
2024-04-30 10:13:17.696000,297.1684
2024-04-30 10:13:17.711630,302.1283
2024-04-30 10:13:17.727250,303.5499
2024-04-30 10:13:17.742880,300.9592
2024-04-30 10:13:17.758500,293.9372
2024-04-30 10:13:17.774130,282.1677
2024-04-30 10:13:17.789750,265.5731
2024-04-30 10:13:17.805380,244.4373
2024-04-30 10:13:17.821010,219.429
2024-04-30 10:13:17.836630,191.5232
2024-04-30 10:13:17.852260,161.8178
2024-04-30 10:13:17.867880,131.437
2024-04-30 10:13:17.883510,101.4242
2024-04-30 10:13:17.899130,72.72748
2024-04-30 10:13:17.914760,46.25494
2024-04-30 10:13:17.930390,22.76331
2024-04-30 10:13:17.946010,2.788208
2024-04-30 10:13:17.961640,-13.4718
2024-04-30 10:13:17.977260,-26.14343
2024-04-30 10:13:17.992890,-35.61963
2024-04-30 10:13:18.008520,-42.2832
2024-04-30 10:13:18.024140,-46.42578
2024-04-30 10:13:18.039770,-48.26172
2024-04-30 10:13:18.055390,-48.08215
2024-04-30 10:13:18.071020,-46.52319
2024-04-30 10:13:18.086640,-44.63574
2024-04-30 10:13:18.102270,-43.65991
2024-04-30 10:13:18.117900,-44.46362
2024-04-30 10:13:18.133520,-47.02307
2024-04-30 10:13:18.149150,-50.12061
2024-04-30 10:13:18.164770,-51.59058
2024-04-30 10:13:18.180400,-49.19824
2024-04-30 10:13:18.196020,-41.5896
2024-04-30 10:13:18.211650,-29.02429
2024-04-30 10:13:18.227280,-13.33411
2024-04-30 10:13:18.242900,2.780273
2024-04-30 10:13:18.258530,16.8844
2024-04-30 10:13:18.274150,27.68567
2024-04-30 10:13:18.289780,35.28882
2024-04-30 10:13:18.305400,40.77283
2024-04-30 10:13:18.321030,45.27478
2024-04-30 10:13:18.336660,49.27173
2024-04-30 10:13:18.352280,52.25635
2024-04-30 10:13:18.367910,53.12451
2024-04-30 10:13:18.383530,50.71606
2024-04-30 10:13:18.399160,44.40723
2024-04-30 10:13:18.414780,34.32727
2024-04-30 10:13:18.430410,21.21399
2024-04-30 10:13:18.446040,6.108643
2024-04-30 10:13:18.461660,-10.06104
2024-04-30 10:13:18.477290,-26.63586
2024-04-30 10:13:18.492910,-43.25256
2024-04-30 10:13:18.508540,-59.67822
2024-04-30 10:13:18.524160,-75.66797
2024-04-30 10:13:18.539790,-90.83105
2024-04-30 10:13:18.555420,-104.6737
2024-04-30 10:13:18.571040,-116.7214
2024-04-30 10:13:18.586670,-126.7499
2024-04-30 10:13:18.602290,-135.0422
2024-04-30 10:13:18.617920,-142.3955
2024-04-30 10:13:18.633540,-149.9688
2024-04-30 10:13:18.649170,-158.8076
2024-04-30 10:13:18.664800,-169.447
2024-04-30 10:13:18.680420,-181.543
2024-04-30 10:13:18.696050,-193.9983
2024-04-30 10:13:18.711670,-205.4141
2024-04-30 10:13:18.727300,-214.6567
2024-04-30 10:13:18.742920,-221.3896
2024-04-30 10:13:18.758550,-226.1929
2024-04-30 10:13:18.774180,-230.3801
2024-04-30 10:13:18.789800,-235.5547
2024-04-30 10:13:18.805430,-243.0715
2024-04-30 10:13:18.821050,-253.5405
2024-04-30 10:13:18.836680,-266.457
2024-04-30 10:13:18.852300,-279.958
2024-04-30 10:13:18.867930,-290.8855
2024-04-30 10:13:18.883560,-295.3591
2024-04-30 10:13:18.899180,-289.8916
2024-04-30 10:13:18.914810,-272.636
2024-04-30 10:13:18.930430,-244.302
2024-04-30 10:13:18.946060,-208.1597
2024-04-30 10:13:18.961680,-169.0637
2024-04-30 10:13:18.977310,-131.8923
2024-04-30 10:13:18.992940,-99.99121
2024-04-30 10:13:19.008560,-74.38696
2024-04-30 10:13:19.024190,-54.02881
2024-04-30 10:13:19.039810,-36.81177
2024-04-30 10:13:19.055440,-20.79419
2024-04-30 10:13:19.071060,-5.072998
2024-04-30 10:13:19.086690,10.06128
2024-04-30 10:13:19.102320,23.521
2024-04-30 10:13:19.117940,34.08789
2024-04-30 10:13:19.133570,41.04858
2024-04-30 10:13:19.149190,44.46289
2024-04-30 10:13:19.164820,45.11499
2024-04-30 10:13:19.180440,44.09985
2024-04-30 10:13:19.196070,42.36084
2024-04-30 10:13:19.211700,40.33228
2024-04-30 10:13:19.227320,37.89453
2024-04-30 10:13:19.242950,34.62012
2024-04-30 10:13:19.258570,30.18188
2024-04-30 10:13:19.274200,24.67383
2024-04-30 10:13:19.289820,18.60278
2024-04-30 10:13:19.305450,12.63403
2024-04-30 10:13:19.321080,7.225586
2024-04-30 10:13:19.336700,2.234131
2024-04-30 10:13:19.352330,-3.069336
2024-04-30 10:13:19.367950,-9.761719
2024-04-30 10:13:19.383580,-18.79956
2024-04-30 10:13:19.399200,-30.48682
2024-04-30 10:13:19.414830,-44.27515
2024-04-30 10:13:19.430460,-58.94067
2024-04-30 10:13:19.446080,-72.96631
2024-04-30 10:13:19.461710,-85.10034
2024-04-30 10:13:19.477330,-94.7981
2024-04-30 10:13:19.492960,-102.3801
2024-04-30 10:13:19.508580,-108.9175
2024-04-30 10:13:19.524210,-115.8984
2024-04-30 10:13:19.539840,-124.8716
2024-04-30 10:13:19.555460,-137.0269
2024-04-30 10:13:19.571090,-152.7842
2024-04-30 10:13:19.586710,-171.2756
2024-04-30 10:13:19.602340,-189.9758
2024-04-30 10:13:19.617960,-204.8806
2024-04-30 10:13:19.633590,-211.2419
2024-04-30 10:13:19.649220,-205.1318
2024-04-30 10:13:19.664840,-184.9941
2024-04-30 10:13:19.680470,-152.6433
2024-04-30 10:13:19.696090,-113.0188
2024-04-30 10:13:19.711720,-72.63818
2024-04-30 10:13:19.727340,-37.45557
2024-04-30 10:13:19.742970,-11.02368
2024-04-30 10:13:19.758600,6.266846
2024-04-30 10:13:19.774220,16.60693
2024-04-30 10:13:19.789850,23.28467
2024-04-30 10:13:19.805470,29.09058
2024-04-30 10:13:19.821100,35.40942
2024-04-30 10:13:19.836720,42.05396
2024-04-30 10:13:19.852350,47.96118
2024-04-30 10:13:19.867980,51.93164
2024-04-30 10:13:19.883600,53.22241
2024-04-30 10:13:19.899230,51.698
2024-04-30 10:13:19.914850,47.646
2024-04-30 10:13:19.930480,41.53735
2024-04-30 10:13:19.946100,33.80786
2024-04-30 10:13:19.961730,24.94678
2024-04-30 10:13:19.977360,15.54321
2024-04-30 10:13:19.992980,6.364502
2024-04-30 10:13:20.008610,-1.79834
2024-04-30 10:13:20.024230,-8.408936
2024-04-30 10:13:20.039860,-13.56335
2024-04-30 10:13:20.055480,-18.07996
2024-04-30 10:13:20.071110,-23.31836
2024-04-30 10:13:20.086740,-30.76453
2024-04-30 10:13:20.102360,-41.41272
2024-04-30 10:13:20.117990,-55.45435
2024-04-30 10:13:20.133610,-72.13916
2024-04-30 10:13:20.149240,-90.07092
2024-04-30 10:13:20.164860,-107.7235
2024-04-30 10:13:20.180490,-124.0546
2024-04-30 10:13:20.196120,-138.844
2024-04-30 10:13:20.211740,-152.6797
2024-04-30 10:13:20.227370,-166.6654
2024-04-30 10:13:20.242990,-181.8945
2024-04-30 10:13:20.258620,-199.0609
2024-04-30 10:13:20.274250,-218.3539
2024-04-30 10:13:20.289870,-239.4901
2024-04-30 10:13:20.305500,-261.7825
2024-04-30 10:13:20.321120,-284.0376
2024-04-30 10:13:20.336750,-304.3063
2024-04-30 10:13:20.352370,-319.8203
2024-04-30 10:13:20.368000,-327.5004
2024-04-30 10:13:20.383630,-324.8351
2024-04-30 10:13:20.399250,-310.8787
2024-04-30 10:13:20.414880,-286.908
2024-04-30 10:13:20.430500,-256.152
2024-04-30 10:13:20.446130,-222.7179
2024-04-30 10:13:20.461750,-190.2917
2024-04-30 10:13:20.477380,-161.2405
2024-04-30 10:13:20.493010,-136.4155
2024-04-30 10:13:20.508630,-115.7952
2024-04-30 10:13:20.524260,-99.18079
2024-04-30 10:13:20.539880,-86.62988
2024-04-30 10:13:20.555510,-78.42358
2024-04-30 10:13:20.571130,-74.68616
2024-04-30 10:13:20.586760,-74.93933
2024-04-30 10:13:20.602390,-78.13306
2024-04-30 10:13:20.618010,-82.89978
2024-04-30 10:13:20.633640,-88.03857
2024-04-30 10:13:20.649260,-92.82843
2024-04-30 10:13:20.664890,-97.02167
2024-04-30 10:13:20.680510,-100.6915
2024-04-30 10:13:20.696140,-103.9388
2024-04-30 10:13:20.711770,-106.6118
2024-04-30 10:13:20.727390,-108.3494
2024-04-30 10:13:20.743020,-108.6299
2024-04-30 10:13:20.758640,-107.037
2024-04-30 10:13:20.774270,-103.4468
2024-04-30 10:13:20.789890,-98.09216
2024-04-30 10:13:20.805520,-91.49432
2024-04-30 10:13:20.821150,-84.19458
2024-04-30 10:13:20.836770,-76.66293
2024-04-30 10:13:20.852400,-69.07684
2024-04-30 10:13:20.868020,-61.39371
2024-04-30 10:13:20.883650,-53.4563
2024-04-30 10:13:20.899270,-45.13455
2024-04-30 10:13:20.914900,-36.46136
2024-04-30 10:13:20.930530,-27.60814
2024-04-30 10:13:20.946150,-18.86063
2024-04-30 10:13:20.961780,-10.43595
2024-04-30 10:13:20.977400,-2.476822
2024-04-30 10:13:20.993030,5.027484
2024-04-30 10:13:21.008650,12.17982
2024-04-30 10:13:21.024280,18.99049
2024-04-30 10:13:21.039910,25.42184
2024-04-30 10:13:21.055530,31.33438
2024-04-30 10:13:21.071160,36.58475
2024-04-30 10:13:21.086780,41.15076
2024-04-30 10:13:21.102410,45.16257
2024-04-30 10:13:21.118030,48.88712
2024-04-30 10:13:21.133660,52.62039
2024-04-30 10:13:21.149290,56.52161
2024-04-30 10:13:21.164910,60.49194
2024-04-30 10:13:21.180540,64.20026
2024-04-30 10:13:21.196160,67.25793
2024-04-30 10:13:21.211790,69.49078
2024-04-30 10:13:21.227410,71.08002
2024-04-30 10:13:21.243040,72.64258
2024-04-30 10:13:21.258670,75.01306
2024-04-30 10:13:21.274290,78.89703
2024-04-30 10:13:21.289920,84.60004
2024-04-30 10:13:21.305540,91.74445
2024-04-30 10:13:21.321170,99.48022
2024-04-30 10:13:21.336790,106.8068
2024-04-30 10:13:21.352420,113.095
2024-04-30 10:13:21.368050,118.41
2024-04-30 10:13:21.383670,123.6219
2024-04-30 10:13:21.399300,129.996
2024-04-30 10:13:21.414920,138.6615
2024-04-30 10:13:21.430550,150.0229
2024-04-30 10:13:21.446170,163.4679
2024-04-30 10:13:21.461800,177.6932
2024-04-30 10:13:21.477430,191.1891
2024-04-30 10:13:21.493050,202.954
2024-04-30 10:13:21.508680,212.9718
2024-04-30 10:13:21.524300,222.2037
2024-04-30 10:13:21.539930,232.2205
2024-04-30 10:13:21.555550,244.7471
2024-04-30 10:13:21.571180,261.1923
2024-04-30 10:13:21.586810,282.1611
2024-04-30 10:13:21.602430,307.0652
2024-04-30 10:13:21.618060,333.6055
2024-04-30 10:13:21.633680,357.741
2024-04-30 10:13:21.649310,374.3124
2024-04-30 10:13:21.664930,378.5645
2024-04-30 10:13:21.680560,368.0195
2024-04-30 10:13:21.696190,343.9445
2024-04-30 10:13:21.711810,311.4629
2024-04-30 10:13:21.727440,277.9355
2024-04-30 10:13:21.743060,250.4387
2024-04-30 10:13:21.758690,233.202
2024-04-30 10:13:21.774310,226.5054
2024-04-30 10:13:21.789940,227.2893
2024-04-30 10:13:21.805570,231.0774
2024-04-30 10:13:21.821190,234.0781
2024-04-30 10:13:21.836820,234.4292
2024-04-30 10:13:21.852440,232.1162
2024-04-30 10:13:21.868070,227.9526
2024-04-30 10:13:21.883690,222.6438
2024-04-30 10:13:21.899320,216.1499
2024-04-30 10:13:21.914950,207.9578
2024-04-30 10:13:21.930570,197.6038
2024-04-30 10:13:21.946200,185.1848
2024-04-30 10:13:21.961820,171.5444
2024-04-30 10:13:21.977450,157.8723
2024-04-30 10:13:21.993070,145.1819
2024-04-30 10:13:22.008700,133.8289
2024-04-30 10:13:22.024330,123.5007
2024-04-30 10:13:22.039950,113.4229
2024-04-30 10:13:22.055580,102.9172
2024-04-30 10:13:22.071200,91.81934
2024-04-30 10:13:22.086830,80.59009
2024-04-30 10:13:22.102450,70.02637
2024-04-30 10:13:22.118080,60.7251
2024-04-30 10:13:22.133710,52.6145
2024-04-30 10:13:22.149330,44.87012
2024-04-30 10:13:22.164960,36.2644
2024-04-30 10:13:22.180580,25.78906
2024-04-30 10:13:22.196210,13.20947
2024-04-30 10:13:22.211830,-0.6958008
2024-04-30 10:13:22.227460,-14.50098
2024-04-30 10:13:22.243090,-26.73608
2024-04-30 10:13:22.258710,-36.50415
2024-04-30 10:13:22.274340,-43.8877
2024-04-30 10:13:22.289960,-49.80908
2024-04-30 10:13:22.305590,-55.69824
2024-04-30 10:13:22.321210,-62.896
2024-04-30 10:13:22.336840,-72.15112
2024-04-30 10:13:22.352470,-83.05103
2024-04-30 10:13:22.368090,-93.90259
2024-04-30 10:13:22.383720,-101.9036
2024-04-30 10:13:22.399340,-103.8694
2024-04-30 10:13:22.414970,-97.33838
2024-04-30 10:13:22.430590,-81.5166
2024-04-30 10:13:22.446220,-57.84009
2024-04-30 10:13:22.461850,-29.52271
2024-04-30 10:13:22.477470,-0.494873
2024-04-30 10:13:22.493100,25.99902
2024-04-30 10:13:22.508720,48.36182
2024-04-30 10:13:22.524350,66.8064
2024-04-30 10:13:22.539970,82.64966
2024-04-30 10:13:22.555600,97.32813
2024-04-30 10:13:22.571230,111.5789
2024-04-30 10:13:22.586850,125.0847
2024-04-30 10:13:22.602480,136.8113
2024-04-30 10:13:22.618100,145.5496
2024-04-30 10:13:22.633730,150.4514
2024-04-30 10:13:22.649350,151.3123
2024-04-30 10:13:22.664980,148.5684
2024-04-30 10:13:22.680610,143.1118
2024-04-30 10:13:22.696230,135.9822
2024-04-30 10:13:22.711860,128.2205
2024-04-30 10:13:22.727480,120.635
2024-04-30 10:13:22.743110,113.7732
2024-04-30 10:13:22.758730,107.8381
2024-04-30 10:13:22.774360,102.6411
2024-04-30 10:13:22.789990,97.63818
2024-04-30 10:13:22.805610,92.00293
2024-04-30 10:13:22.821240,84.94312
2024-04-30 10:13:22.836860,75.88013
2024-04-30 10:13:22.852490,64.70557
2024-04-30 10:13:22.868120,51.89307
2024-04-30 10:13:22.883740,38.2981
2024-04-30 10:13:22.899370,24.92944
2024-04-30 10:13:22.914990,12.53931
2024-04-30 10:13:22.930620,1.408936
2024-04-30 10:13:22.946240,-8.732178
2024-04-30 10:13:22.961870,-18.54492
2024-04-30 10:13:22.977500,-28.90796
2024-04-30 10:13:22.993120,-40.57593
2024-04-30 10:13:23.008750,-53.77832
2024-04-30 10:13:23.024370,-67.78857
2024-04-30 10:13:23.040000,-80.75757
2024-04-30 10:13:23.055620,-89.94263
2024-04-30 10:13:23.071250,-92.427
2024-04-30 10:13:23.086880,-86.21606
2024-04-30 10:13:23.102500,-71.11743
2024-04-30 10:13:23.118130,-49.09717
2024-04-30 10:13:23.133750,-23.59009
2024-04-30 10:13:23.149380,1.675781
2024-04-30 10:13:23.165000,24.07251
2024-04-30 10:13:23.180630,42.72656
2024-04-30 10:13:23.196260,58.3479
2024-04-30 10:13:23.211880,72.37256
2024-04-30 10:13:23.227510,85.8042
2024-04-30 10:13:23.243130,98.67505
2024-04-30 10:13:23.258760,110.1038
2024-04-30 10:13:23.274380,118.9651
2024-04-30 10:13:23.290010,124.5747
2024-04-30 10:13:23.305640,127.1089
2024-04-30 10:13:23.321260,127.4525
2024-04-30 10:13:23.336890,126.7559
2024-04-30 10:13:23.352510,125.928
2024-04-30 10:13:23.368140,125.3492
2024-04-30 10:13:23.383760,124.9535
2024-04-30 10:13:23.399390,124.5463
2024-04-30 10:13:23.415020,124.1403
2024-04-30 10:13:23.430640,124.0428
2024-04-30 10:13:23.446270,124.7081
2024-04-30 10:13:23.461890,126.4126
2024-04-30 10:13:23.477520,128.9841
2024-04-30 10:13:23.493140,131.6748
2024-04-30 10:13:23.508770,133.3174
2024-04-30 10:13:23.524400,132.6864
2024-04-30 10:13:23.540020,128.7534
2024-04-30 10:13:23.555650,120.8414
2024-04-30 10:13:23.571270,108.5452
2024-04-30 10:13:23.586900,91.56128
2024-04-30 10:13:23.602520,69.60596
2024-04-30 10:13:23.618150,42.51526
2024-04-30 10:13:23.633780,10.4491
2024-04-30 10:13:23.649400,-25.95496
2024-04-30 10:13:23.665030,-65.56348
2024-04-30 10:13:23.680650,-106.9261
2024-04-30 10:13:23.696280,-148.3915
2024-04-30 10:13:23.711900,-188.0875
2024-04-30 10:13:23.727530,-223.7241
2024-04-30 10:13:23.743160,-252.542
2024-04-30 10:13:23.758780,-271.6487
2024-04-30 10:13:23.774410,-278.7959
2024-04-30 10:13:23.790030,-273.4115
2024-04-30 10:13:23.805660,-257.1373
2024-04-30 10:13:23.821280,-233.6639
2024-04-30 10:13:23.836910,-207.5781
2024-04-30 10:13:23.852540,-182.8987
2024-04-30 10:13:23.868160,-161.8711
2024-04-30 10:13:23.883790,-144.7385
2024-04-30 10:13:23.899410,-130.3553
2024-04-30 10:13:23.915040,-117.2689
2024-04-30 10:13:23.930660,-104.7101
2024-04-30 10:13:23.946290,-92.90039
2024-04-30 10:13:23.961920,-82.80164
2024-04-30 10:13:23.977540,-75.42761
2024-04-30 10:13:23.993170,-71.29761
2024-04-30 10:13:24.008790,-70.1864
2024-04-30 10:13:24.024420,-71.27527
2024-04-30 10:13:24.040040,-73.53149
2024-04-30 10:13:24.055670,-76.06152
2024-04-30 10:13:24.071300,-78.32971
2024-04-30 10:13:24.086920,-80.04565
2024-04-30 10:13:24.102550,-81.03625
2024-04-30 10:13:24.118170,-80.95264
2024-04-30 10:13:24.133800,-79.30847
2024-04-30 10:13:24.149420,-75.59583
2024-04-30 10:13:24.165050,-69.64819
2024-04-30 10:13:24.180680,-61.92957
2024-04-30 10:13:24.196300,-53.48816
2024-04-30 10:13:24.211930,-45.75171
2024-04-30 10:13:24.227550,-39.974
2024-04-30 10:13:24.243180,-36.92834
2024-04-30 10:13:24.258800,-36.68958
2024-04-30 10:13:24.274430,-38.78064
2024-04-30 10:13:24.290060,-42.41809
2024-04-30 10:13:24.305680,-46.81201
2024-04-30 10:13:24.321310,-51.40613
2024-04-30 10:13:24.336930,-55.91528
2024-04-30 10:13:24.352560,-60.38135
2024-04-30 10:13:24.368180,-65.01147
2024-04-30 10:13:24.383810,-70.14124
2024-04-30 10:13:24.399440,-76.11267
2024-04-30 10:13:24.415060,-83.04138
2024-04-30 10:13:24.430690,-90.61841
2024-04-30 10:13:24.446310,-97.85706
2024-04-30 10:13:24.461940,-103.0623
2024-04-30 10:13:24.477560,-104.0704
2024-04-30 10:13:24.493190,-98.83191
2024-04-30 10:13:24.508820,-86.12036
2024-04-30 10:13:24.524440,-66.12537
2024-04-30 10:13:24.540070,-40.66553
2024-04-30 10:13:24.555690,-12.7334
2024-04-30 10:13:24.571320,14.32605
2024-04-30 10:13:24.586940,37.85059
2024-04-30 10:13:24.602570,56.47351
2024-04-30 10:13:24.618200,70.22314
2024-04-30 10:13:24.633820,80.04028
2024-04-30 10:13:24.649450,87.02454
2024-04-30 10:13:24.665070,91.83997
2024-04-30 10:13:24.680700,94.42163
2024-04-30 10:13:24.696320,94.19836
2024-04-30 10:13:24.711950,90.46399
2024-04-30 10:13:24.727580,82.8811
2024-04-30 10:13:24.743200,71.68909
2024-04-30 10:13:24.758830,57.71863
2024-04-30 10:13:24.774450,42.14429
2024-04-30 10:13:24.790080,26.2041
2024-04-30 10:13:24.805700,10.93896
2024-04-30 10:13:24.821330,-2.978638
2024-04-30 10:13:24.836960,-15.23108
2024-04-30 10:13:24.852580,-25.90088
2024-04-30 10:13:24.868210,-35.26001
2024-04-30 10:13:24.883830,-43.72009
2024-04-30 10:13:24.899460,-51.67603
2024-04-30 10:13:24.915080,-59.42761
2024-04-30 10:13:24.930710,-67.08875
2024-04-30 10:13:24.946340,-74.55396
2024-04-30 10:13:24.961960,-81.56958
2024-04-30 10:13:24.977590,-87.8197
2024-04-30 10:13:24.993210,-93.11755
2024-04-30 10:13:25.008840,-97.43921
2024-04-30 10:13:25.024460,-100.9209
2024-04-30 10:13:25.040090,-103.7911
2024-04-30 10:13:25.055720,-106.2568
2024-04-30 10:13:25.071340,-108.4053
2024-04-30 10:13:25.086970,-110.1398
2024-04-30 10:13:25.102590,-111.1685
2024-04-30 10:13:25.118220,-111.0391
2024-04-30 10:13:25.133850,-109.3138
2024-04-30 10:13:25.149470,-105.7134
2024-04-30 10:13:25.165100,-100.3674
2024-04-30 10:13:25.180720,-93.85156
2024-04-30 10:13:25.196350,-86.96936
2024-04-30 10:13:25.211970,-80.33215
2024-04-30 10:13:25.227600,-73.85791
2024-04-30 10:13:25.243230,-66.48035
2024-04-30 10:13:25.258850,-56.4718
2024-04-30 10:13:25.274480,-42.15906
2024-04-30 10:13:25.290100,-22.76965
2024-04-30 10:13:25.305730,1.061401
2024-04-30 10:13:25.321350,27.45386
2024-04-30 10:13:25.336980,54.08875
2024-04-30 10:13:25.352610,79.13538
2024-04-30 10:13:25.368230,101.8492
2024-04-30 10:13:25.383860,122.5853
2024-04-30 10:13:25.399480,142.1763
2024-04-30 10:13:25.415110,161.2372
2024-04-30 10:13:25.430730,179.7771
2024-04-30 10:13:25.446360,197.196
2024-04-30 10:13:25.461990,212.6437
2024-04-30 10:13:25.477610,225.4708
2024-04-30 10:13:25.493240,235.4169
2024-04-30 10:13:25.508860,242.592
2024-04-30 10:13:25.524490,247.3833
2024-04-30 10:13:25.540110,250.3566
2024-04-30 10:13:25.555740,252.2588
2024-04-30 10:13:25.571370,253.9957
2024-04-30 10:13:25.586990,256.4838
2024-04-30 10:13:25.602620,260.3358
2024-04-30 10:13:25.618240,265.6091
2024-04-30 10:13:25.633870,271.6545
2024-04-30 10:13:25.649490,277.3584
2024-04-30 10:13:25.665120,281.6139
2024-04-30 10:13:25.680750,283.7632
2024-04-30 10:13:25.696370,283.8564
2024-04-30 10:13:25.712000,282.4924
2024-04-30 10:13:25.727620,280.3783
2024-04-30 10:13:25.743250,277.9176
2024-04-30 10:13:25.758870,274.9307
2024-04-30 10:13:25.774500,270.7103
2024-04-30 10:13:25.790130,264.2994
2024-04-30 10:13:25.805750,254.9012
2024-04-30 10:13:25.821380,242.1555
2024-04-30 10:13:25.837000,226.1685
2024-04-30 10:13:25.852630,207.4388
2024-04-30 10:13:25.868250,186.5551
2024-04-30 10:13:25.883880,164.1311
2024-04-30 10:13:25.899510,140.714
2024-04-30 10:13:25.915130,116.7096
2024-04-30 10:13:25.930760,92.38831
2024-04-30 10:13:25.946380,67.82178
2024-04-30 10:13:25.962010,42.87024
2024-04-30 10:13:25.977630,17.33276
2024-04-30 10:13:25.993260,-8.695923
2024-04-30 10:13:26.008890,-34.53772
2024-04-30 10:13:26.024510,-58.78027
2024-04-30 10:13:26.040140,-79.59106
2024-04-30 10:13:26.055760,-95.3634
2024-04-30 10:13:26.071390,-105.4003
2024-04-30 10:13:26.087010,-110.3125
2024-04-30 10:13:26.102640,-111.8108
2024-04-30 10:13:26.118270,-111.9673
2024-04-30 10:13:26.133890,-112.3895
2024-04-30 10:13:26.149520,-113.6973
2024-04-30 10:13:26.165140,-115.5012
2024-04-30 10:13:26.180770,-116.9344
2024-04-30 10:13:26.196390,-117.2464
2024-04-30 10:13:26.212020,-116.2614
2024-04-30 10:13:26.227650,-114.3586
2024-04-30 10:13:26.243270,-112.1712
2024-04-30 10:13:26.258900,-110.077
2024-04-30 10:13:26.274520,-108.0125
2024-04-30 10:13:26.290150,-105.5513
2024-04-30 10:13:26.305770,-102.2141
2024-04-30 10:13:26.321400,-97.8103
2024-04-30 10:13:26.337030,-92.5802
2024-04-30 10:13:26.352650,-87.03198
2024-04-30 10:13:26.368280,-81.66699
2024-04-30 10:13:26.383900,-76.83539
2024-04-30 10:13:26.399530,-72.64111
2024-04-30 10:13:26.415150,-69.13239
2024-04-30 10:13:26.430780,-66.47717
2024-04-30 10:13:26.446410,-64.94629
2024-04-30 10:13:26.462030,-64.78284
2024-04-30 10:13:26.477660,-66.07849
2024-04-30 10:13:26.493280,-68.77869
2024-04-30 10:13:26.508910,-72.77618
2024-04-30 10:13:26.524530,-78.12695
2024-04-30 10:13:26.540160,-85.02435
2024-04-30 10:13:26.555790,-93.61444
2024-04-30 10:13:26.571410,-103.7425
2024-04-30 10:13:26.587040,-114.7877
2024-04-30 10:13:26.602660,-125.7936
2024-04-30 10:13:26.618290,-135.8892
2024-04-30 10:13:26.633910,-144.6374
2024-04-30 10:13:26.649540,-152.3218
2024-04-30 10:13:26.665170,-159.7753
2024-04-30 10:13:26.680790,-167.8804
2024-04-30 10:13:26.696420,-176.9615
2024-04-30 10:13:26.712040,-186.341
2024-04-30 10:13:26.727670,-194.0647
2024-04-30 10:13:26.743290,-197.2433
2024-04-30 10:13:26.758920,-192.6049
2024-04-30 10:13:26.774550,-177.3074
2024-04-30 10:13:26.790170,-149.6855
2024-04-30 10:13:26.805800,-109.7644
2024-04-30 10:13:26.821420,-59.2623
2024-04-30 10:13:26.837050,-1.220764
2024-04-30 10:13:26.852670,60.61389
2024-04-30 10:13:26.868300,122.6232
2024-04-30 10:13:26.883930,181.8827
2024-04-30 10:13:26.899550,236.5296
2024-04-30 10:13:26.915180,285.5392
2024-04-30 10:13:26.930800,328.1038
2024-04-30 10:13:26.946430,362.8345
2024-04-30 10:13:26.962050,387.4995
2024-04-30 10:13:26.977680,399.484
2024-04-30 10:13:26.993310,396.8453
2024-04-30 10:13:27.008930,379.706
2024-04-30 10:13:27.024560,350.8119
2024-04-30 10:13:27.040180,315.0639
2024-04-30 10:13:27.055810,278.0438
2024-04-30 10:13:27.071430,244.1991
2024-04-30 10:13:27.087060,215.6071
2024-04-30 10:13:27.102690,192.0002
2024-04-30 10:13:27.118310,171.7121
2024-04-30 10:13:27.133940,153.0728
2024-04-30 10:13:27.149560,135.3755
2024-04-30 10:13:27.165190,118.9037
2024-04-30 10:13:27.180810,104.2967
2024-04-30 10:13:27.196440,91.73296
2024-04-30 10:13:27.212070,80.29109
2024-04-30 10:13:27.227690,68.09129
2024-04-30 10:13:27.243320,52.81889
2024-04-30 10:13:27.258940,32.46198
2024-04-30 10:13:27.274570,5.9608
2024-04-30 10:13:27.290190,-26.51593
2024-04-30 10:13:27.305820,-63.77959
2024-04-30 10:13:27.321450,-104.3411
2024-04-30 10:13:27.337070,-146.8852
2024-04-30 10:13:27.352700,-190.8649
2024-04-30 10:13:27.368320,-236.4555
2024-04-30 10:13:27.383950,-284.2418
2024-04-30 10:13:27.399580,-334.7936
2024-04-30 10:13:27.415200,-388.6398
2024-04-30 10:13:27.430830,-446.425
2024-04-30 10:13:27.446450,-508.7947
2024-04-30 10:13:27.462080,-575.7584
2024-04-30 10:13:27.477700,-645.2545
2024-04-30 10:13:27.493330,-712.1418
2024-04-30 10:13:27.508960,-768.38
2024-04-30 10:13:27.524580,-804.9506
2024-04-30 10:13:27.540210,-814.9197
2024-04-30 10:13:27.555830,-796.2775
2024-04-30 10:13:27.571460,-752.8665
2024-04-30 10:13:27.587080,-692.8677
2024-04-30 10:13:27.602710,-625.7398
2024-04-30 10:13:27.618340,-558.9517
2024-04-30 10:13:27.633960,-496.2924
2024-04-30 10:13:27.649590,-438.2668
2024-04-30 10:13:27.665210,-383.7689
2024-04-30 10:13:27.680840,-331.8398
2024-04-30 10:13:27.696460,-282.478
2024-04-30 10:13:27.712090,-236.2866
2024-04-30 10:13:27.727720,-193.7009
2024-04-30 10:13:27.743340,-154.3444
2024-04-30 10:13:27.758970,-117.2332
2024-04-30 10:13:27.774590,-81.24344
2024-04-30 10:13:27.790220,-45.74773
2024-04-30 10:13:27.805840,-10.77217
2024-04-30 10:13:27.821470,23.08644
2024-04-30 10:13:27.837100,55.36815
2024-04-30 10:13:27.852720,86.4044
2024-04-30 10:13:27.868350,117.4539
2024-04-30 10:13:27.883970,150.1549
2024-04-30 10:13:27.899600,185.346
2024-04-30 10:13:27.915220,221.9661
2024-04-30 10:13:27.930850,256.6973
2024-04-30 10:13:27.946480,284.8139
2024-04-30 10:13:27.962100,301.9801
2024-04-30 10:13:27.977730,306.0044
2024-04-30 10:13:27.993350,297.7896
2024-04-30 10:13:28.008980,280.7745
2024-04-30 10:13:28.024600,259.317
2024-04-30 10:13:28.040230,236.9534
2024-04-30 10:13:28.055860,215.4153
2024-04-30 10:13:28.071480,194.8802
2024-04-30 10:13:28.087110,175.0203
2024-04-30 10:13:28.102730,156.0889
2024-04-30 10:13:28.118360,139.1688
2024-04-30 10:13:28.133980,125.7091
2024-04-30 10:13:28.149610,116.6135
2024-04-30 10:13:28.165240,111.5445
2024-04-30 10:13:28.180860,109.161
2024-04-30 10:13:28.196490,107.7522
2024-04-30 10:13:28.212110,106.1409
2024-04-30 10:13:28.227740,104.1022
2024-04-30 10:13:28.243360,102.3481
2024-04-30 10:13:28.258990,101.7967
2024-04-30 10:13:28.274620,102.9083
2024-04-30 10:13:28.290240,105.3507
2024-04-30 10:13:28.305870,108.1241
2024-04-30 10:13:28.321490,110.1823
2024-04-30 10:13:28.337120,110.9527
2024-04-30 10:13:28.352740,110.5904
2024-04-30 10:13:28.368370,109.749
2024-04-30 10:13:28.384000,109.1702
2024-04-30 10:13:28.399620,109.1401
2024-04-30 10:13:28.415250,109.3404
2024-04-30 10:13:28.430870,109.0867
2024-04-30 10:13:28.446500,107.6804
2024-04-30 10:13:28.462120,104.8133
2024-04-30 10:13:28.477750,100.7204
2024-04-30 10:13:28.493380,96.03531
2024-04-30 10:13:28.509000,91.41992
2024-04-30 10:13:28.524630,87.22116
2024-04-30 10:13:28.540250,83.22479
2024-04-30 10:13:28.555880,78.72272
2024-04-30 10:13:28.571500,72.85944
2024-04-30 10:13:28.587130,64.97375
2024-04-30 10:13:28.602760,54.98962
2024-04-30 10:13:28.618380,43.46204
2024-04-30 10:13:28.634010,31.36426
2024-04-30 10:13:28.649630,19.75491
2024-04-30 10:13:28.665260,9.35672
2024-04-30 10:13:28.680880,0.4181213
2024-04-30 10:13:28.696510,-7.258148
2024-04-30 10:13:28.712140,-14.15497
2024-04-30 10:13:28.727760,-20.90253
2024-04-30 10:13:28.743390,-28.03915
2024-04-30 10:13:28.759010,-35.866
2024-04-30 10:13:28.774640,-44.27667
2024-04-30 10:13:28.790260,-52.53125
2024-04-30 10:13:28.805890,-59.34772
2024-04-30 10:13:28.821520,-63.1481
2024-04-30 10:13:28.837140,-62.64038
2024-04-30 10:13:28.852770,-57.39236
2024-04-30 10:13:28.868390,-48.12949
2024-04-30 10:13:28.884020,-36.40179
2024-04-30 10:13:28.899640,-23.89557
2024-04-30 10:13:28.915270,-11.66962
2024-04-30 10:13:28.930900,0.1424866
2024-04-30 10:13:28.946520,12.07837
2024-04-30 10:13:28.962150,24.65424
2024-04-30 10:13:28.977770,37.78192
2024-04-30 10:13:28.993400,50.55444
2024-04-30 10:13:29.009020,61.64001
2024-04-30 10:13:29.024650,69.93103
2024-04-30 10:13:29.040280,74.9595
2024-04-30 10:13:29.055900,77.02539
2024-04-30 10:13:29.071530,76.8559
2024-04-30 10:13:29.087150,75.09018
2024-04-30 10:13:29.102780,72.01443
2024-04-30 10:13:29.118400,67.59589
2024-04-30 10:13:29.134030,61.77847
2024-04-30 10:13:29.149660,54.82922
2024-04-30 10:13:29.165280,47.43365
2024-04-30 10:13:29.180910,40.46002
2024-04-30 10:13:29.196530,34.62094
2024-04-30 10:13:29.212160,30.14896
2024-04-30 10:13:29.227780,26.57489
2024-04-30 10:13:29.243410,23.01282
2024-04-30 10:13:29.259040,18.47214
2024-04-30 10:13:29.274660,12.2897
2024-04-30 10:13:29.290290,4.409424
2024-04-30 10:13:29.305910,-4.635284
2024-04-30 10:13:29.321540,-14.0213
2024-04-30 10:13:29.337160,-22.939
2024-04-30 10:13:29.352790,-30.83133
2024-04-30 10:13:29.368420,-37.55139
2024-04-30 10:13:29.384040,-43.30148
2024-04-30 10:13:29.399670,-48.48325
2024-04-30 10:13:29.415290,-53.58484
2024-04-30 10:13:29.430920,-59.08438
2024-04-30 10:13:29.446540,-65.27072
2024-04-30 10:13:29.462170,-72.09955
2024-04-30 10:13:29.477800,-78.95236
2024-04-30 10:13:29.493420,-84.58508
2024-04-30 10:13:29.509050,-87.32602
2024-04-30 10:13:29.524670,-85.55081
2024-04-30 10:13:29.540300,-78.34024
2024-04-30 10:13:29.555920,-65.91452
2024-04-30 10:13:29.571550,-49.62708
2024-04-30 10:13:29.587180,-31.5762
2024-04-30 10:13:29.602800,-13.84747
2024-04-30 10:13:29.618430,2.195282
2024-04-30 10:13:29.634050,16.19257
2024-04-30 10:13:29.649680,28.60559
2024-04-30 10:13:29.665300,40.22299
2024-04-30 10:13:29.680930,51.53177
2024-04-30 10:13:29.696560,62.40652
2024-04-30 10:13:29.712180,72.22708
2024-04-30 10:13:29.727810,80.17902
2024-04-30 10:13:29.743430,85.72415
2024-04-30 10:13:29.759060,88.86923
2024-04-30 10:13:29.774680,90.12042
2024-04-30 10:13:29.790310,90.14984
2024-04-30 10:13:29.805940,89.45135
2024-04-30 10:13:29.821560,88.08289
2024-04-30 10:13:29.837190,85.69736
2024-04-30 10:13:29.852810,81.81329
2024-04-30 10:13:29.868440,76.22849
2024-04-30 10:13:29.884060,69.19662
2024-04-30 10:13:29.899690,61.42383
2024-04-30 10:13:29.915320,53.79071
2024-04-30 10:13:29.930940,46.96219
2024-04-30 10:13:29.946570,41.13708
2024-04-30 10:13:29.962190,35.96094
2024-04-30 10:13:29.977820,30.75122
2024-04-30 10:13:29.993450,24.71722
2024-04-30 10:13:30.009070,17.4072
2024-04-30 10:13:30.024700,8.865509
2024-04-30 10:13:30.040320,-0.3512573
2024-04-30 10:13:30.055950,-9.425659
2024-04-30 10:13:30.071570,-17.58902
2024-04-30 10:13:30.087200,-24.44925
2024-04-30 10:13:30.102830,-30.09515
2024-04-30 10:13:30.118450,-34.99722
2024-04-30 10:13:30.134080,-39.8118
2024-04-30 10:13:30.149700,-45.14581
2024-04-30 10:13:30.165330,-51.3812
2024-04-30 10:13:30.180950,-58.52292
2024-04-30 10:13:30.196580,-66.05502
2024-04-30 10:13:30.212210,-72.86813
2024-04-30 10:13:30.227830,-77.36041
2024-04-30 10:13:30.243460,-77.80771
2024-04-30 10:13:30.259080,-72.86493
2024-04-30 10:13:30.274710,-62.1546
2024-04-30 10:13:30.290330,-46.47632
2024-04-30 10:13:30.305960,-27.63599
2024-04-30 10:13:30.321590,-7.845001
2024-04-30 10:13:30.337210,11.1069
2024-04-30 10:13:30.352840,28.32425
2024-04-30 10:13:30.368460,43.90082
2024-04-30 10:13:30.384090,58.573
2024-04-30 10:13:30.399710,73.13382
2024-04-30 10:13:30.415340,87.8942
2024-04-30 10:13:30.430970,102.5182
2024-04-30 10:13:30.446590,116.0638
2024-04-30 10:13:30.462220,127.3458
2024-04-30 10:13:30.477840,135.4536
2024-04-30 10:13:30.493470,140.0519
2024-04-30 10:13:30.509090,141.5184
2024-04-30 10:13:30.524720,140.7265
2024-04-30 10:13:30.540350,138.597
2024-04-30 10:13:30.555970,135.7278
2024-04-30 10:13:30.571600,132.2016
2024-04-30 10:13:30.587220,127.6501
2024-04-30 10:13:30.602850,121.5058
2024-04-30 10:13:30.618470,113.3772
2024-04-30 10:13:30.634100,103.1536
2024-04-30 10:13:30.649730,90.99904
2024-04-30 10:13:30.665350,77.18564
2024-04-30 10:13:30.680980,61.88467
2024-04-30 10:13:30.696600,45.16924
2024-04-30 10:13:30.712230,27.0222
2024-04-30 10:13:30.727850,7.475624
2024-04-30 10:13:30.743480,-13.34746
2024-04-30 10:13:30.759110,-35.09036
2024-04-30 10:13:30.774730,-57.17434
2024-04-30 10:13:30.790360,-78.72327
2024-04-30 10:13:30.805980,-98.7118
2024-04-30 10:13:30.821610,-116.1827
2024-04-30 10:13:30.837230,-130.5075
2024-04-30 10:13:30.852860,-141.4879
2024-04-30 10:13:30.868490,-149.4494
2024-04-30 10:13:30.884110,-155.1089
2024-04-30 10:13:30.899740,-159.4262
2024-04-30 10:13:30.915360,-163.3042
2024-04-30 10:13:30.930990,-167.2293
2024-04-30 10:13:30.946610,-170.9979
2024-04-30 10:13:30.962240,-173.4715
2024-04-30 10:13:30.977870,-172.8581
2024-04-30 10:13:30.993490,-167.214
2024-04-30 10:13:31.009120,-155.1756
2024-04-30 10:13:31.024740,-136.6221
2024-04-30 10:13:31.040370,-112.9231
2024-04-30 10:13:31.055990,-86.53541
2024-04-30 10:13:31.071620,-60.23933
2024-04-30 10:13:31.087250,-36.29261
2024-04-30 10:13:31.102870,-15.91162
2024-04-30 10:13:31.118500,0.6329498
2024-04-30 10:13:31.134120,13.65808
2024-04-30 10:13:31.149750,23.49596
2024-04-30 10:13:31.165370,30.28215
2024-04-30 10:13:31.181000,33.94109
2024-04-30 10:13:31.196630,34.50156
2024-04-30 10:13:31.212250,32.28224
2024-04-30 10:13:31.227880,27.87891
2024-04-30 10:13:31.243500,22.04688
2024-04-30 10:13:31.259130,15.40599
2024-04-30 10:13:31.274750,8.253738
2024-04-30 10:13:31.290380,0.6486511
2024-04-30 10:13:31.306010,-7.402077
2024-04-30 10:13:31.321630,-15.61219
2024-04-30 10:13:31.337260,-23.38902
2024-04-30 10:13:31.352880,-29.95229
2024-04-30 10:13:31.368510,-34.78345
2024-04-30 10:13:31.384130,-37.79486
2024-04-30 10:13:31.399760,-39.52508
2024-04-30 10:13:31.415390,-40.88386
2024-04-30 10:13:31.431010,-42.72523
2024-04-30 10:13:31.446640,-45.53915
2024-04-30 10:13:31.462260,-49.26044
2024-04-30 10:13:31.477890,-53.39202
2024-04-30 10:13:31.493510,-57.24438
2024-04-30 10:13:31.509140,-60.25311
2024-04-30 10:13:31.524770,-62.02728
2024-04-30 10:13:31.540390,-62.46133
2024-04-30 10:13:31.556020,-61.63974
2024-04-30 10:13:31.571640,-59.86681
2024-04-30 10:13:31.587270,-57.73244
2024-04-30 10:13:31.602890,-56.17742
2024-04-30 10:13:31.618520,-56.30492
2024-04-30 10:13:31.634150,-59.14545
2024-04-30 10:13:31.649770,-65.23457
2024-04-30 10:13:31.665400,-74.19888
2024-04-30 10:13:31.681020,-84.63402
2024-04-30 10:13:31.696650,-94.24893
2024-04-30 10:13:31.712270,-100.3448
2024-04-30 10:13:31.727900,-100.6393
2024-04-30 10:13:31.743530,-93.95609
2024-04-30 10:13:31.759150,-80.62489
2024-04-30 10:13:31.774780,-62.43773
2024-04-30 10:13:31.790400,-41.97526
2024-04-30 10:13:31.806030,-21.8414
2024-04-30 10:13:31.821650,-3.879578
2024-04-30 10:13:31.837280,11.10996
2024-04-30 10:13:31.852910,23.30653
2024-04-30 10:13:31.868530,33.39526
2024-04-30 10:13:31.884160,42.11664
2024-04-30 10:13:31.899780,49.91337
2024-04-30 10:13:31.915410,56.79762
2024-04-30 10:13:31.931030,62.60841
2024-04-30 10:13:31.946660,67.14331
2024-04-30 10:13:31.962290,70.32758
2024-04-30 10:13:31.977910,72.17899
2024-04-30 10:13:31.993540,72.79291
2024-04-30 10:13:32.009160,72.13576
2024-04-30 10:13:32.024790,70.07047
2024-04-30 10:13:32.040410,66.40871
2024-04-30 10:13:32.056040,61.02026
2024-04-30 10:13:32.071670,54.05936
2024-04-30 10:13:32.087290,45.97554
2024-04-30 10:13:32.102920,37.40026
2024-04-30 10:13:32.118540,29.00891
2024-04-30 10:13:32.134170,21.31526
2024-04-30 10:13:32.149800,14.555
2024-04-30 10:13:32.165420,8.763153
2024-04-30 10:13:32.181050,4.010666
2024-04-30 10:13:32.196670,0.5861359
2024-04-30 10:13:32.212300,-0.8591003
2024-04-30 10:13:32.227920,0.408905
2024-04-30 10:13:32.243550,4.812019
2024-04-30 10:13:32.259180,12.01464
2024-04-30 10:13:32.274800,20.77108
2024-04-30 10:13:32.290430,29.05097
2024-04-30 10:13:32.306050,34.54641
2024-04-30 10:13:32.321680,35.28732
2024-04-30 10:13:32.337300,30.19104
2024-04-30 10:13:32.352930,19.28032
2024-04-30 10:13:32.368560,3.648987
2024-04-30 10:13:32.384180,-14.70976
2024-04-30 10:13:32.399810,-33.1749
2024-04-30 10:13:32.415430,-48.90125
2024-04-30 10:13:32.431060,-59.2495
2024-04-30 10:13:32.446680,-62.32727
2024-04-30 10:13:32.462310,-57.54269
2024-04-30 10:13:32.477940,-45.80419
2024-04-30 10:13:32.493560,-29.33885
2024-04-30 10:13:32.509190,-11.08941
2024-04-30 10:13:32.524810,6.154152
2024-04-30 10:13:32.540440,20.48698
2024-04-30 10:13:32.556060,31.22672
2024-04-30 10:13:32.571690,38.74883
2024-04-30 10:13:32.587320,44.05667
2024-04-30 10:13:32.602940,48.12131
2024-04-30 10:13:32.618570,51.51544
2024-04-30 10:13:32.634190,54.29272
2024-04-30 10:13:32.649820,56.18288
2024-04-30 10:13:32.665440,56.91357
2024-04-30 10:13:32.681070,56.5157
2024-04-30 10:13:32.696700,55.40916
2024-04-30 10:13:32.712320,54.24812
2024-04-30 10:13:32.727950,53.7269
2024-04-30 10:13:32.743570,54.34779
2024-04-30 10:13:32.759200,56.31052
2024-04-30 10:13:32.774820,59.63499
2024-04-30 10:13:32.790450,64.28027
2024-04-30 10:13:32.806080,70.14883
2024-04-30 10:13:32.821700,77.05772
2024-04-30 10:13:32.837330,84.59089
2024-04-30 10:13:32.852950,91.93575
2024-04-30 10:13:32.868580,98.05512
2024-04-30 10:13:32.884200,101.9763
2024-04-30 10:13:32.899830,103.2536
2024-04-30 10:13:32.915460,102.3163
2024-04-30 10:13:32.931080,100.4008
2024-04-30 10:13:32.946710,99.16927
2024-04-30 10:13:32.962330,99.97102
2024-04-30 10:13:32.977960,103.2873
2024-04-30 10:13:32.993580,108.3863
2024-04-30 10:13:33.009210,113.6108
2024-04-30 10:13:33.024840,116.9344
2024-04-30 10:13:33.040460,116.7379
2024-04-30 10:13:33.056090,112.5022
2024-04-30 10:13:33.071710,104.9595
2024-04-30 10:13:33.087340,95.91759
2024-04-30 10:13:33.102960,87.54527
2024-04-30 10:13:33.118590,81.56289
2024-04-30 10:13:33.134220,78.62346
2024-04-30 10:13:33.149840,78.10448
2024-04-30 10:13:33.165470,78.29142
2024-04-30 10:13:33.181090,76.97867
2024-04-30 10:13:33.196720,72.14512
2024-04-30 10:13:33.212340,62.48068
2024-04-30 10:13:33.227970,47.71079
2024-04-30 10:13:33.243600,28.67226
2024-04-30 10:13:33.259220,7.188904
2024-04-30 10:13:33.274850,-14.18265
2024-04-30 10:13:33.290470,-32.64428
2024-04-30 10:13:33.306100,-45.92648
2024-04-30 10:13:33.321720,-53.06876
2024-04-30 10:13:33.337350,-54.73224
2024-04-30 10:13:33.352980,-52.89587
2024-04-30 10:13:33.368600,-49.93188
2024-04-30 10:13:33.384230,-47.55852
2024-04-30 10:13:33.399850,-46.39441
2024-04-30 10:13:33.415480,-46.40688
2024-04-30 10:13:33.431100,-47.82353
2024-04-30 10:13:33.446730,-51.60513
2024-04-30 10:13:33.462360,-59.02666
2024-04-30 10:13:33.477980,-70.48796
2024-04-30 10:13:33.493610,-84.32413
2024-04-30 10:13:33.509230,-96.40076
2024-04-30 10:13:33.524860,-101.1574
2024-04-30 10:13:33.540480,-93.29556
2024-04-30 10:13:33.556110,-69.24945
2024-04-30 10:13:33.571740,-27.94604
2024-04-30 10:13:33.587360,29.33148
2024-04-30 10:13:33.602990,99.39273
2024-04-30 10:13:33.618610,177.2023
2024-04-30 10:13:33.634240,255.9527
2024-04-30 10:13:33.649860,327.4054
2024-04-30 10:13:33.665490,383.1274
2024-04-30 10:13:33.681120,416.3717
2024-04-30 10:13:33.696740,424.051
2024-04-30 10:13:33.712370,407.6358
2024-04-30 10:13:33.727990,372.4296
2024-04-30 10:13:33.743620,325.7477
2024-04-30 10:13:33.759240,274.627
2024-04-30 10:13:33.774870,224.3226
2024-04-30 10:13:33.790500,177.8399
2024-04-30 10:13:33.806120,136.4467
2024-04-30 10:13:33.821750,100.4194
2024-04-30 10:13:33.837370,69.77533
2024-04-30 10:13:33.853000,44.58319
2024-04-30 10:13:33.868620,24.78735
2024-04-30 10:13:33.884250,10.06866
2024-04-30 10:13:33.899880,-0.3220215
2024-04-30 10:13:33.915500,-7.524536
2024-04-30 10:13:33.931130,-12.80237
2024-04-30 10:13:33.946750,-17.40137
2024-04-30 10:13:33.962380,-22.26776
2024-04-30 10:13:33.978000,-28.05627
2024-04-30 10:13:33.993630,-35.22235
2024-04-30 10:13:34.009260,-44.20978
2024-04-30 10:13:34.024880,-55.43066
2024-04-30 10:13:34.040510,-69.375
2024-04-30 10:13:34.056130,-86.47693
2024-04-30 10:13:34.071760,-106.9579
2024-04-30 10:13:34.087380,-130.9197
2024-04-30 10:13:34.103010,-158.4227
2024-04-30 10:13:34.118640,-189.7012
2024-04-30 10:13:34.134260,-224.9294
2024-04-30 10:13:34.149890,-263.6589
2024-04-30 10:13:34.165510,-303.9207
2024-04-30 10:13:34.181140,-341.9862
2024-04-30 10:13:34.196760,-372.9987
2024-04-30 10:13:34.212390,-392.5786
2024-04-30 10:13:34.228020,-398.6885
2024-04-30 10:13:34.243640,-392.6531
2024-04-30 10:13:34.259270,-378.7701
2024-04-30 10:13:34.274890,-362.5092
2024-04-30 10:13:34.290520,-348.4572
2024-04-30 10:13:34.306140,-338.8065
2024-04-30 10:13:34.321770,-333.3552
2024-04-30 10:13:34.337400,-330.4642
2024-04-30 10:13:34.353020,-328.3617
2024-04-30 10:13:34.368650,-325.8302
2024-04-30 10:13:34.384270,-322.2097
2024-04-30 10:13:34.399900,-317.0382
2024-04-30 10:13:34.415520,-309.8143
2024-04-30 10:13:34.431150,-300.1168
2024-04-30 10:13:34.446780,-287.9153
2024-04-30 10:13:34.462400,-273.5914
2024-04-30 10:13:34.478030,-257.2693
2024-04-30 10:13:34.493650,-238.1925
2024-04-30 10:13:34.509280,-214.45
2024-04-30 10:13:34.524900,-183.5514
2024-04-30 10:13:34.540530,-143.7438
2024-04-30 10:13:34.556160,-95.3075
2024-04-30 10:13:34.571780,-41.0033
2024-04-30 10:13:34.587410,14.58264
2024-04-30 10:13:34.603030,66.6145
2024-04-30 10:13:34.618660,111.6604
2024-04-30 10:13:34.634280,148.55
2024-04-30 10:13:34.649910,178.2244
2024-04-30 10:13:34.665540,202.7379
2024-04-30 10:13:34.681160,224.0756
2024-04-30 10:13:34.696790,243.417
2024-04-30 10:13:34.712410,261.0604
2024-04-30 10:13:34.728040,276.7452
2024-04-30 10:13:34.743660,290.0952
2024-04-30 10:13:34.759290,300.8715
2024-04-30 10:13:34.774920,308.949
2024-04-30 10:13:34.790540,314.1445
2024-04-30 10:13:34.806170,316.2485
2024-04-30 10:13:34.821790,314.9919
2024-04-30 10:13:34.837420,310.2496
2024-04-30 10:13:34.853050,302.1692
2024-04-30 10:13:34.868670,291.2583
2024-04-30 10:13:34.884300,278.3837
2024-04-30 10:13:34.899920,264.4927
2024-04-30 10:13:34.915550,250.2252
2024-04-30 10:13:34.931170,235.5767
2024-04-30 10:13:34.946800,219.8512
2024-04-30 10:13:34.962430,201.9719
2024-04-30 10:13:34.978050,181.2606
2024-04-30 10:13:34.993680,158.0625
2024-04-30 10:13:35.009300,133.9678
2024-04-30 10:13:35.024930,111.2986
2024-04-30 10:13:35.040550,92.13916
2024-04-30 10:13:35.056180,77.35461
2024-04-30 10:13:35.071810,66.31702
2024-04-30 10:13:35.087430,57.30884
2024-04-30 10:13:35.103060,48.32727
2024-04-30 10:13:35.118680,37.99683
2024-04-30 10:13:35.134310,26.02795
2024-04-30 10:13:35.149930,13.2146
2024-04-30 10:13:35.165560,1.075928
2024-04-30 10:13:35.181190,-8.554932
2024-04-30 10:13:35.196810,-14.05505
2024-04-30 10:13:35.212440,-14.38953
2024-04-30 10:13:35.228060,-9.504028
2024-04-30 10:13:35.243690,-0.5805664
2024-04-30 10:13:35.259310,10.22632
2024-04-30 10:13:35.274940,20.42432
2024-04-30 10:13:35.290570,28.00745
2024-04-30 10:13:35.306190,32.09302
2024-04-30 10:13:35.321820,33.09558
2024-04-30 10:13:35.337440,32.18555
2024-04-30 10:13:35.353070,30.55273
2024-04-30 10:13:35.368690,28.79541
2024-04-30 10:13:35.384320,26.73853
2024-04-30 10:13:35.399950,23.651
2024-04-30 10:13:35.415570,18.8147
2024-04-30 10:13:35.431200,11.85083
2024-04-30 10:13:35.446820,2.856079
2024-04-30 10:13:35.462450,-7.81897
2024-04-30 10:13:35.478070,-19.95618
2024-04-30 10:13:35.493700,-33.71936
2024-04-30 10:13:35.509330,-49.75586
2024-04-30 10:13:35.524950,-68.91528
2024-04-30 10:13:35.540580,-91.91113
2024-04-30 10:13:35.556200,-118.98
2024-04-30 10:13:35.571830,-149.8116
2024-04-30 10:13:35.587450,-183.6478
2024-04-30 10:13:35.603080,-219.6111
2024-04-30 10:13:35.618710,-256.9891
2024-04-30 10:13:35.634330,-295.3406
2024-04-30 10:13:35.649960,-334.3782
2024-04-30 10:13:35.665580,-373.6527
2024-04-30 10:13:35.681210,-412.3746
2024-04-30 10:13:35.696830,-449.4318
2024-04-30 10:13:35.712460,-483.688
2024-04-30 10:13:35.728090,-514.3258
2024-04-30 10:13:35.743710,-541.1271
2024-04-30 10:13:35.759340,-564.3965
2024-04-30 10:13:35.774960,-584.6788
2024-04-30 10:13:35.790590,-602.312
2024-04-30 10:13:35.806210,-616.996
2024-04-30 10:13:35.821840,-627.6669
2024-04-30 10:13:35.837470,-632.6123
2024-04-30 10:13:35.853090,-629.8943
2024-04-30 10:13:35.868720,-617.86
2024-04-30 10:13:35.884340,-595.7119
2024-04-30 10:13:35.899970,-563.8948
2024-04-30 10:13:35.915590,-524.1162
2024-04-30 10:13:35.931220,-479.0879
2024-04-30 10:13:35.946850,-431.8605
2024-04-30 10:13:35.962470,-385.1218
2024-04-30 10:13:35.978100,-340.7719
2024-04-30 10:13:35.993720,-299.7296
2024-04-30 10:13:36.009350,-262.2306
2024-04-30 10:13:36.024970,-228.1627
2024-04-30 10:13:36.040600,-197.4108
2024-04-30 10:13:36.056230,-169.7869
2024-04-30 10:13:36.071850,-145.0125
2024-04-30 10:13:36.087480,-122.4911
2024-04-30 10:13:36.103100,-101.4332
2024-04-30 10:13:36.118730,-81.11914
2024-04-30 10:13:36.134350,-61.20557
2024-04-30 10:13:36.149980,-41.97107
2024-04-30 10:13:36.165610,-24.1283
2024-04-30 10:13:36.181230,-8.483032
2024-04-30 10:13:36.196860,4.574341
2024-04-30 10:13:36.212480,15.29968
2024-04-30 10:13:36.228110,24.59766
2024-04-30 10:13:36.243730,33.63525
2024-04-30 10:13:36.259360,43.35498
2024-04-30 10:13:36.274990,54.11377
2024-04-30 10:13:36.290610,65.46393
2024-04-30 10:13:36.306240,76.46942
2024-04-30 10:13:36.321860,86.11249
2024-04-30 10:13:36.337490,93.83594
2024-04-30 10:13:36.353110,99.79871
2024-04-30 10:13:36.368740,104.8499
2024-04-30 10:13:36.384370,110.2646
2024-04-30 10:13:36.399990,117.3282
2024-04-30 10:13:36.415620,127.0196
2024-04-30 10:13:36.431240,139.5024
2024-04-30 10:13:36.446870,153.8929
2024-04-30 10:13:36.462490,168.1986
2024-04-30 10:13:36.478120,179.5728
2024-04-30 10:13:36.493750,185.1065
2024-04-30 10:13:36.509370,182.8155
2024-04-30 10:13:36.525000,172.6475
2024-04-30 10:13:36.540620,156.8105
2024-04-30 10:13:36.556250,139.3871
2024-04-30 10:13:36.571870,124.9837
2024-04-30 10:13:36.587500,117.3892
2024-04-30 10:13:36.603130,118.4031
2024-04-30 10:13:36.618750,127.7162
2024-04-30 10:13:36.634380,143.5681
2024-04-30 10:13:36.650000,163.6882
2024-04-30 10:13:36.665630,186.0871
2024-04-30 10:13:36.681250,209.3268
2024-04-30 10:13:36.696880,232.3745
2024-04-30 10:13:36.712510,254.1172
2024-04-30 10:13:36.728130,273.2083
2024-04-30 10:13:36.743760,288.0152
2024-04-30 10:13:36.759380,296.9406
2024-04-30 10:13:36.775010,298.8065
2024-04-30 10:13:36.790630,293.2322
2024-04-30 10:13:36.806260,280.7736
2024-04-30 10:13:36.821890,262.7624
2024-04-30 10:13:36.837510,240.9856
2024-04-30 10:13:36.853140,217.2595
2024-04-30 10:13:36.868760,193.0166
2024-04-30 10:13:36.884390,169.1349
2024-04-30 10:13:36.900010,145.9704
2024-04-30 10:13:36.915640,123.6743
2024-04-30 10:13:36.931270,102.4857
2024-04-30 10:13:36.946890,82.93018
2024-04-30 10:13:36.962520,65.65436
2024-04-30 10:13:36.978140,51.23615
2024-04-30 10:13:36.993770,39.94397
2024-04-30 10:13:37.009400,31.65698
2024-04-30 10:13:37.025020,26.13934
2024-04-30 10:13:37.040650,23.26147
2024-04-30 10:13:37.056270,23.2663
2024-04-30 10:13:37.071900,26.57343
2024-04-30 10:13:37.087520,33.51654
2024-04-30 10:13:37.103150,43.7193
2024-04-30 10:13:37.118780,55.78265
2024-04-30 10:13:37.134400,67.38721
2024-04-30 10:13:37.150030,75.78564
2024-04-30 10:13:37.165650,78.62396
2024-04-30 10:13:37.181280,74.6637
2024-04-30 10:13:37.196900,64.15186
2024-04-30 10:13:37.212530,48.78485
2024-04-30 10:13:37.228160,31.34607
2024-04-30 10:13:37.243780,15.08313
2024-04-30 10:13:37.259410,3.073547
2024-04-30 10:13:37.275030,-2.381958
2024-04-30 10:13:37.290660,-0.2667847
2024-04-30 10:13:37.306280,9.012634
2024-04-30 10:13:37.321910,23.82172
2024-04-30 10:13:37.337540,41.81201
2024-04-30 10:13:37.353160,60.73914
2024-04-30 10:13:37.368790,79.07843
2024-04-30 10:13:37.384410,96.26416
2024-04-30 10:13:37.400040,112.4725
2024-04-30 10:13:37.415660,128.0473
2024-04-30 10:13:37.431290,142.9821
2024-04-30 10:13:37.446920,156.7734
2024-04-30 10:13:37.462540,168.5308
2024-04-30 10:13:37.478170,177.4012
2024-04-30 10:13:37.493790,182.9938
2024-04-30 10:13:37.509420,185.4608
2024-04-30 10:13:37.525040,185.4065
2024-04-30 10:13:37.540670,183.6082
2024-04-30 10:13:37.556300,180.7589
2024-04-30 10:13:37.571920,177.3047
2024-04-30 10:13:37.587550,173.5409
2024-04-30 10:13:37.603170,169.7845
2024-04-30 10:13:37.618800,166.4995
2024-04-30 10:13:37.634420,164.2887
2024-04-30 10:13:37.650050,163.5892
2024-04-30 10:13:37.665680,164.3291
2024-04-30 10:13:37.681300,165.6257
2024-04-30 10:13:37.696930,165.845
2024-04-30 10:13:37.712550,162.9076
2024-04-30 10:13:37.728180,154.996
2024-04-30 10:13:37.743800,141.1121
2024-04-30 10:13:37.759430,121.4305
2024-04-30 10:13:37.775060,97.29187
2024-04-30 10:13:37.790680,70.88562
2024-04-30 10:13:37.806310,44.8053
2024-04-30 10:13:37.821930,21.51221
2024-04-30 10:13:37.837560,2.904297
2024-04-30 10:13:37.853180,-10.02173
2024-04-30 10:13:37.868810,-17.28992
2024-04-30 10:13:37.884440,-19.89105
2024-04-30 10:13:37.900060,-19.341
2024-04-30 10:13:37.915690,-17.02655
2024-04-30 10:13:37.931310,-13.55609
2024-04-30 10:13:37.946940,-8.363525
2024-04-30 10:13:37.962560,0.0009765625
2024-04-30 10:13:37.978190,13.05865
2024-04-30 10:13:37.993820,31.51007
2024-04-30 10:13:38.009440,54.67438
2024-04-30 10:13:38.025070,80.68054
2024-04-30 10:13:38.040690,107.2301
2024-04-30 10:13:38.056320,132.6333
2024-04-30 10:13:38.071940,156.3927
2024-04-30 10:13:38.087570,179.1006
2024-04-30 10:13:38.103200,201.8172
2024-04-30 10:13:38.118820,225.1531
2024-04-30 10:13:38.134450,248.8414
2024-04-30 10:13:38.150070,271.6396
2024-04-30 10:13:38.165700,291.865
2024-04-30 10:13:38.181320,307.9678
2024-04-30 10:13:38.196950,318.9783
2024-04-30 10:13:38.212580,324.5629
2024-04-30 10:13:38.228200,324.894
2024-04-30 10:13:38.243830,320.4997
2024-04-30 10:13:38.259450,312.1303
2024-04-30 10:13:38.275080,300.7304
2024-04-30 10:13:38.290700,287.3858
2024-04-30 10:13:38.306330,273.2491
2024-04-30 10:13:38.321960,259.2829
2024-04-30 10:13:38.337580,246.0557
2024-04-30 10:13:38.353210,233.5644
2024-04-30 10:13:38.368830,221.2918
2024-04-30 10:13:38.384460,208.4586
2024-04-30 10:13:38.400080,194.3679
2024-04-30 10:13:38.415710,178.6754
2024-04-30 10:13:38.431340,161.5403
2024-04-30 10:13:38.446960,143.5757
2024-04-30 10:13:38.462590,125.6105
2024-04-30 10:13:38.478210,108.4735
2024-04-30 10:13:38.493840,92.80348
2024-04-30 10:13:38.509460,78.95129
2024-04-30 10:13:38.525090,67.01503
2024-04-30 10:13:38.540720,56.86369
2024-04-30 10:13:38.556340,48.21197
2024-04-30 10:13:38.571970,40.71115
2024-04-30 10:13:38.587590,34.05363
2024-04-30 10:13:38.603220,28.05192
2024-04-30 10:13:38.618840,22.64035
2024-04-30 10:13:38.634470,17.92145
2024-04-30 10:13:38.650100,14.02237
2024-04-30 10:13:38.665720,11.01926
2024-04-30 10:13:38.681350,8.8349
2024-04-30 10:13:38.696970,7.269684
2024-04-30 10:13:38.712600,6.022339
2024-04-30 10:13:38.728220,4.807434
2024-04-30 10:13:38.743850,3.38443
2024-04-30 10:13:38.759480,1.647156
2024-04-30 10:13:38.775100,-0.4155884
2024-04-30 10:13:38.790730,-2.783325
2024-04-30 10:13:38.806350,-5.397644
2024-04-30 10:13:38.821980,-8.23877
2024-04-30 10:13:38.837600,-11.30219
2024-04-30 10:13:38.853230,-14.59747
2024-04-30 10:13:38.868860,-18.09064
2024-04-30 10:13:38.884480,-21.74115
2024-04-30 10:13:38.900110,-25.47375
2024-04-30 10:13:38.915730,-29.25037
2024-04-30 10:13:38.931360,-33.1438
2024-04-30 10:13:38.946980,-37.29688
2024-04-30 10:13:38.962610,-41.89587
2024-04-30 10:13:38.978240,-47.08862
2024-04-30 10:13:38.993860,-52.88086
2024-04-30 10:13:39.009490,-59.12012
2024-04-30 10:13:39.025110,-65.5531
2024-04-30 10:13:39.040740,-71.92859
2024-04-30 10:13:39.056360,-78.1449
2024-04-30 10:13:39.071990,-84.33826
2024-04-30 10:13:39.087620,-90.84705
2024-04-30 10:13:39.103240,-97.99207
2024-04-30 10:13:39.118870,-105.9585
2024-04-30 10:13:39.134490,-114.5608
2024-04-30 10:13:39.150120,-123.2523
2024-04-30 10:13:39.165740,-131.3345
2024-04-30 10:13:39.181370,-138.2072
2024-04-30 10:13:39.197000,-143.6396
2024-04-30 10:13:39.212620,-147.9729
2024-04-30 10:13:39.228250,-151.9698
2024-04-30 10:13:39.243870,-156.5225
2024-04-30 10:13:39.259500,-162.2545
2024-04-30 10:13:39.275130,-169.1927
2024-04-30 10:13:39.290750,-176.842
2024-04-30 10:13:39.306380,-184.4819
2024-04-30 10:13:39.322000,-191.5034
2024-04-30 10:13:39.337630,-197.8032
2024-04-30 10:13:39.353250,-203.8391
2024-04-30 10:13:39.368880,-210.5181
2024-04-30 10:13:39.384510,-218.845
2024-04-30 10:13:39.400130,-229.7705
2024-04-30 10:13:39.415760,-243.9995
2024-04-30 10:13:39.431380,-261.7915
2024-04-30 10:13:39.447010,-282.6482
2024-04-30 10:13:39.462630,-304.8711
2024-04-30 10:13:39.478260,-325.5422
2024-04-30 10:13:39.493890,-340.9033
2024-04-30 10:13:39.509510,-347.5437
2024-04-30 10:13:39.525140,-343.6943
2024-04-30 10:13:39.540760,-330.2249
2024-04-30 10:13:39.556390,-310.6145
2024-04-30 10:13:39.572010,-289.8745
2024-04-30 10:13:39.587640,-272.8396
2024-04-30 10:13:39.603270,-262.5986
2024-04-30 10:13:39.618890,-259.8276
2024-04-30 10:13:39.634520,-262.9185
2024-04-30 10:13:39.650140,-268.9668
2024-04-30 10:13:39.665770,-274.8767
2024-04-30 10:13:39.681390,-278.1587
2024-04-30 10:13:39.697020,-277.1519
2024-04-30 10:13:39.712650,-271.0149
2024-04-30 10:13:39.728270,-259.5786
2024-04-30 10:13:39.743900,-243.3369
2024-04-30 10:13:39.759520,-223.541
2024-04-30 10:13:39.775150,-202.1943
2024-04-30 10:13:39.790770,-181.7676
2024-04-30 10:13:39.806400,-164.7373
2024-04-30 10:13:39.822030,-152.6943
2024-04-30 10:13:39.837650,-145.7539
2024-04-30 10:13:39.853280,-142.376
2024-04-30 10:13:39.868900,-140.0095
2024-04-30 10:13:39.884530,-136.2688
2024-04-30 10:13:39.900150,-130.106
2024-04-30 10:13:39.915780,-122.5376
2024-04-30 10:13:39.931410,-116.2668
2024-04-30 10:13:39.947030,-114.4519
2024-04-30 10:13:39.962660,-118.8511
2024-04-30 10:13:39.978280,-128.6692
2024-04-30 10:13:39.993910,-140.2886
2024-04-30 10:13:40.009530,-148.5371
2024-04-30 10:13:40.025160,-148.6621
2024-04-30 10:13:40.040790,-138.2261
2024-04-30 10:13:40.056410,-117.9773
2024-04-30 10:13:40.072040,-91.37036
2024-04-30 10:13:40.087660,-62.98828
2024-04-30 10:13:40.103290,-36.5979
2024-04-30 10:13:40.118910,-14.10474
2024-04-30 10:13:40.134540,4.72168
2024-04-30 10:13:40.150170,21.32544
2024-04-30 10:13:40.165790,37.3252
2024-04-30 10:13:40.181420,53.51489
2024-04-30 10:13:40.197040,69.74048
2024-04-30 10:13:40.212670,85.18115
2024-04-30 10:13:40.228290,98.86816
2024-04-30 10:13:40.243920,110.1316
2024-04-30 10:13:40.259550,118.7158
2024-04-30 10:13:40.275170,124.6143
2024-04-30 10:13:40.290800,127.9287
2024-04-30 10:13:40.306420,128.7878
2024-04-30 10:13:40.322050,127.4438
2024-04-30 10:13:40.337670,124.4392
2024-04-30 10:13:40.353300,120.7039
2024-04-30 10:13:40.368930,117.4832
2024-04-30 10:13:40.384550,115.9836
2024-04-30 10:13:40.400180,116.8862
2024-04-30 10:13:40.415800,119.9741
2024-04-30 10:13:40.431430,124.0215
2024-04-30 10:13:40.447050,127.0845
2024-04-30 10:13:40.462680,127.2637
2024-04-30 10:13:40.478310,123.459
2024-04-30 10:13:40.493930,115.8513
2024-04-30 10:13:40.509560,105.918
2024-04-30 10:13:40.525180,95.88232
2024-04-30 10:13:40.540810,87.875
2024-04-30 10:13:40.556430,83.13354
2024-04-30 10:13:40.572060,81.5022
2024-04-30 10:13:40.587690,81.42383
2024-04-30 10:13:40.603310,80.40723
2024-04-30 10:13:40.618940,75.84473
2024-04-30 10:13:40.634560,65.94507
2024-04-30 10:13:40.650190,50.48242
2024-04-30 10:13:40.665810,31.19751
2024-04-30 10:13:40.681440,11.55396
2024-04-30 10:13:40.697070,-4.09668
2024-04-30 10:13:40.712690,-11.7605
2024-04-30 10:13:40.728320,-9.003906
2024-04-30 10:13:40.743940,4.175293
2024-04-30 10:13:40.759570,25.45947
2024-04-30 10:13:40.775190,50.99341
2024-04-30 10:13:40.790820,76.80737
2024-04-30 10:13:40.806450,100.0784
2024-04-30 10:13:40.822070,119.7534
2024-04-30 10:13:40.837700,136.2266
2024-04-30 10:13:40.853320,150.3411
2024-04-30 10:13:40.868950,162.376
2024-04-30 10:13:40.884570,171.4468
2024-04-30 10:13:40.900200,175.8088
2024-04-30 10:13:40.915830,173.9238
2024-04-30 10:13:40.931450,165.5518
2024-04-30 10:13:40.947080,152.3669
2024-04-30 10:13:40.962700,137.5991
2024-04-30 10:13:40.978330,125.0793
2024-04-30 10:13:40.993950,117.8516
2024-04-30 10:13:41.009580,117.1868
2024-04-30 10:13:41.025210,122.1201
2024-04-30 10:13:41.040830,129.7693
2024-04-30 10:13:41.056460,136.2842
2024-04-30 10:13:41.072080,137.9241
2024-04-30 10:13:41.087710,132.2029
2024-04-30 10:13:41.103330,118.4543
2024-04-30 10:13:41.118960,97.77539
2024-04-30 10:13:41.134590,72.14722
2024-04-30 10:13:41.150210,43.41821
2024-04-30 10:13:41.165840,12.39282
2024-04-30 10:13:41.181460,-21.3606
2024-04-30 10:13:41.197090,-58.79102
2024-04-30 10:13:41.212710,-100.314
2024-04-30 10:13:41.228340,-144.813
2024-04-30 10:13:41.243970,-189.4883
2024-04-30 10:13:41.259590,-230.6594
2024-04-30 10:13:41.275220,-265.2346
2024-04-30 10:13:41.290840,-292.0361
2024-04-30 10:13:41.306470,-312.2439
2024-04-30 10:13:41.322090,-328.7646
2024-04-30 10:13:41.337720,-344.9463
2024-04-30 10:13:41.353350,-363.2783
2024-04-30 10:13:41.368970,-384.5308
2024-04-30 10:13:41.384600,-407.6387
2024-04-30 10:13:41.400220,-430.1243
2024-04-30 10:13:41.415850,-448.6707
2024-04-30 10:13:41.431470,-459.7197
2024-04-30 10:13:41.447100,-460.1433
2024-04-30 10:13:41.462730,-447.9277
2024-04-30 10:13:41.478350,-422.8892
2024-04-30 10:13:41.493980,-387.0015
2024-04-30 10:13:41.509600,-344.0906
2024-04-30 10:13:41.525230,-298.6917
2024-04-30 10:13:41.540850,-254.698
2024-04-30 10:13:41.556480,-214.1443
2024-04-30 10:13:41.572110,-176.9858
2024-04-30 10:13:41.587730,-141.8289
2024-04-30 10:13:41.603360,-107.1174
2024-04-30 10:13:41.618980,-72.12817
2024-04-30 10:13:41.634610,-37.32886
2024-04-30 10:13:41.650230,-3.942627
2024-04-30 10:13:41.665860,26.85278
2024-04-30 10:13:41.681490,54.47217
2024-04-30 10:13:41.697110,79.01221
2024-04-30 10:13:41.712740,100.9065
2024-04-30 10:13:41.728360,120.4678
2024-04-30 10:13:41.743990,137.7455
2024-04-30 10:13:41.759610,152.6379
2024-04-30 10:13:41.775240,165.3218
2024-04-30 10:13:41.790870,176.5122
2024-04-30 10:13:41.806490,187.4224
2024-04-30 10:13:41.822120,199.2078
2024-04-30 10:13:41.837740,212.2853
2024-04-30 10:13:41.853370,225.6913
2024-04-30 10:13:41.868990,237.0183
2024-04-30 10:13:41.884620,242.9796
2024-04-30 10:13:41.900250,240.4208
2024-04-30 10:13:41.915870,227.4028
2024-04-30 10:13:41.931500,203.953
2024-04-30 10:13:41.947120,172.0885
2024-04-30 10:13:41.962750,135.228
2024-04-30 10:13:41.978380,97.05432
2024-04-30 10:13:41.994000,60.37134
2024-04-30 10:13:42.009630,26.20483
2024-04-30 10:13:42.025250,-6.384399
2024-04-30 10:13:42.040880,-39.88855
2024-04-30 10:13:42.056500,-77.31018
2024-04-30 10:13:42.072130,-120.8625
2024-04-30 10:13:42.087760,-170.7142
2024-04-30 10:13:42.103380,-224.2422
2024-04-30 10:13:42.119010,-276.0554
2024-04-30 10:13:42.134630,-319.0516
2024-04-30 10:13:42.150260,-346.269
2024-04-30 10:13:42.165880,-352.985
2024-04-30 10:13:42.181510,-338.2587
2024-04-30 10:13:42.197140,-305.2336
2024-04-30 10:13:42.212760,-260.0957
2024-04-30 10:13:42.228390,-210.0095
2024-04-30 10:13:42.244010,-160.9814
2024-04-30 10:13:42.259640,-116.4725
2024-04-30 10:13:42.275260,-77.27979
2024-04-30 10:13:42.290890,-42.47729
2024-04-30 10:13:42.306520,-10.77856
2024-04-30 10:13:42.322140,18.43347
2024-04-30 10:13:42.337770,44.80359
2024-04-30 10:13:42.353390,67.3324
2024-04-30 10:13:42.369020,85.01184
2024-04-30 10:13:42.384640,97.33228
2024-04-30 10:13:42.400270,104.5148
2024-04-30 10:13:42.415900,107.3777
2024-04-30 10:13:42.431520,107.0431
2024-04-30 10:13:42.447150,104.6161
2024-04-30 10:13:42.462770,100.9579
2024-04-30 10:13:42.478400,96.67688
2024-04-30 10:13:42.494020,92.22498
2024-04-30 10:13:42.509650,87.98621
2024-04-30 10:13:42.525280,84.33313
2024-04-30 10:13:42.540900,81.47461
2024-04-30 10:13:42.556530,79.23779
2024-04-30 10:13:42.572150,76.82031
2024-04-30 10:13:42.587780,72.94153
2024-04-30 10:13:42.603400,66.17932
2024-04-30 10:13:42.619030,55.57202
2024-04-30 10:13:42.634660,41.12964
2024-04-30 10:13:42.650280,23.98389
2024-04-30 10:13:42.665910,5.969238
2024-04-30 10:13:42.681530,-11.04541
2024-04-30 10:13:42.697160,-25.84778
2024-04-30 10:13:42.712780,-38.31348
2024-04-30 10:13:42.728410,-49.29266
2024-04-30 10:13:42.744040,-60.16461
2024-04-30 10:13:42.759660,-72.34723
2024-04-30 10:13:42.775290,-86.84827
2024-04-30 10:13:42.790910,-104.004
2024-04-30 10:13:42.806540,-123.2486
2024-04-30 10:13:42.822160,-142.8573
2024-04-30 10:13:42.837790,-159.9018
2024-04-30 10:13:42.853420,-170.7126
2024-04-30 10:13:42.869040,-171.7896
2024-04-30 10:13:42.884670,-160.9343
2024-04-30 10:13:42.900290,-138.1312
2024-04-30 10:13:42.915920,-105.6367
2024-04-30 10:13:42.931540,-67.03046
2024-04-30 10:13:42.947170,-25.80035
2024-04-30 10:13:42.962800,15.8161
2024-04-30 10:13:42.978420,57.12244
2024-04-30 10:13:42.994050,98.367
2024-04-30 10:13:43.009670,139.5515
2024-04-30 10:13:43.025300,179.7037
2024-04-30 10:13:43.040920,216.8024
2024-04-30 10:13:43.056550,248.4507
2024-04-30 10:13:43.072180,272.7657
2024-04-30 10:13:43.087800,288.9311
2024-04-30 10:13:43.103430,297.3451
2024-04-30 10:13:43.119050,299.2008
2024-04-30 10:13:43.134680,296.2026
2024-04-30 10:13:43.150300,290.1921
2024-04-30 10:13:43.165930,283.0029
2024-04-30 10:13:43.181560,276.1671
2024-04-30 10:13:43.197180,270.6956
2024-04-30 10:13:43.212810,266.8017
2024-04-30 10:13:43.228430,263.845
2024-04-30 10:13:43.244060,260.6805
2024-04-30 10:13:43.259680,256.1437
2024-04-30 10:13:43.275310,249.5764
2024-04-30 10:13:43.290940,240.9912
2024-04-30 10:13:43.306560,230.8452
2024-04-30 10:13:43.322190,219.5402
2024-04-30 10:13:43.337810,207.0526
2024-04-30 10:13:43.353440,192.8135
2024-04-30 10:13:43.369060,175.9919
2024-04-30 10:13:43.384690,156.0084
2024-04-30 10:13:43.400320,133.0135
2024-04-30 10:13:43.415940,107.9819
2024-04-30 10:13:43.431570,82.46144
2024-04-30 10:13:43.447190,58.06703
2024-04-30 10:13:43.462820,35.93526
2024-04-30 10:13:43.478440,16.37364
2024-04-30 10:13:43.494070,-1.116104
2024-04-30 10:13:43.509700,-17.69992
2024-04-30 10:13:43.525320,-34.88908
2024-04-30 10:13:43.540950,-54.20825
2024-04-30 10:13:43.556570,-76.66553
2024-04-30 10:13:43.572200,-102.0204
2024-04-30 10:13:43.587820,-128.05
2024-04-30 10:13:43.603450,-150.2169
2024-04-30 10:13:43.619080,-162.4602
2024-04-30 10:13:43.634700,-158.9214
2024-04-30 10:13:43.650330,-136.3234
2024-04-30 10:13:43.665950,-95.65286
2024-04-30 10:13:43.681580,-42.34203
2024-04-30 10:13:43.697200,15.47636
2024-04-30 10:13:43.712830,69.74426
2024-04-30 10:13:43.728460,115.0957
2024-04-30 10:13:43.744080,149.9648
2024-04-30 10:13:43.759710,175.9675
2024-04-30 10:13:43.775330,196.0335
2024-04-30 10:13:43.790960,212.5324
2024-04-30 10:13:43.806580,226.2986
2024-04-30 10:13:43.822210,236.7876
2024-04-30 10:13:43.837840,242.9592
2024-04-30 10:13:43.853460,244.1141
2024-04-30 10:13:43.869090,240.2722
2024-04-30 10:13:43.884710,232.0168
2024-04-30 10:13:43.900340,220.0541
2024-04-30 10:13:43.915960,204.8666
2024-04-30 10:13:43.931590,186.7311
2024-04-30 10:13:43.947220,165.9257
2024-04-30 10:13:43.962840,143.1497
2024-04-30 10:13:43.978470,119.7139
2024-04-30 10:13:43.994090,97.4787
2024-04-30 10:13:44.009720,78.31433
2024-04-30 10:13:44.025340,63.37262
2024-04-30 10:13:44.040970,52.40045
2024-04-30 10:13:44.056600,43.47513
2024-04-30 10:13:44.072220,33.52692
2024-04-30 10:13:44.087850,19.37466
2024-04-30 10:13:44.103470,-0.9416809
2024-04-30 10:13:44.119100,-27.28433
2024-04-30 10:13:44.134730,-57.4003
2024-04-30 10:13:44.150350,-87.84607
2024-04-30 10:13:44.165980,-115.3897
2024-04-30 10:13:44.181600,-138.3684
2024-04-30 10:13:44.197230,-157.2129
2024-04-30 10:13:44.212850,-174.2084
2024-04-30 10:13:44.228480,-192.5114
2024-04-30 10:13:44.244110,-215.1229
2024-04-30 10:13:44.259730,-244.0014
2024-04-30 10:13:44.275360,-279.4588
2024-04-30 10:13:44.290980,-319.8204
2024-04-30 10:13:44.306610,-361.1414
2024-04-30 10:13:44.322230,-397.4319
2024-04-30 10:13:44.337860,-421.6222
2024-04-30 10:13:44.353490,-427.4081
2024-04-30 10:13:44.369110,-411.4814
2024-04-30 10:13:44.384740,-375.1835
2024-04-30 10:13:44.400360,-324.5597
2024-04-30 10:13:44.415990,-268.687
2024-04-30 10:13:44.431610,-216.7625
2024-04-30 10:13:44.447240,-175.3287
2024-04-30 10:13:44.462870,-146.704
2024-04-30 10:13:44.478490,-129.2912
2024-04-30 10:13:44.494120,-119.1677
2024-04-30 10:13:44.509740,-112.0781
2024-04-30 10:13:44.525370,-104.9117
2024-04-30 10:13:44.540990,-96.08087
2024-04-30 10:13:44.556620,-85.22754
2024-04-30 10:13:44.572250,-72.69287
2024-04-30 10:13:44.587870,-59.1315
2024-04-30 10:13:44.603500,-45.43033
2024-04-30 10:13:44.619120,-32.7738
2024-04-30 10:13:44.634750,-22.57681
2024-04-30 10:13:44.650370,-16.07675
2024-04-30 10:13:44.666000,-13.8504
2024-04-30 10:13:44.681630,-15.46011
2024-04-30 10:13:44.697250,-19.45035
2024-04-30 10:13:44.712880,-23.87912
2024-04-30 10:13:44.728500,-27.07333
2024-04-30 10:13:44.744130,-28.42279
2024-04-30 10:13:44.759750,-28.65622
2024-04-30 10:13:44.775380,-29.55127
2024-04-30 10:13:44.791010,-33.16705
2024-04-30 10:13:44.806630,-40.86417
2024-04-30 10:13:44.822260,-52.79077
2024-04-30 10:13:44.837880,-67.79529
2024-04-30 10:13:44.853510,-83.96671
2024-04-30 10:13:44.869130,-99.35608
2024-04-30 10:13:44.884760,-112.7638
2024-04-30 10:13:44.900390,-124.0729
2024-04-30 10:13:44.916010,-134.2697
2024-04-30 10:13:44.931640,-145.073
2024-04-30 10:13:44.947260,-158.2306
2024-04-30 10:13:44.962890,-174.7188
2024-04-30 10:13:44.978510,-193.9176
2024-04-30 10:13:44.994140,-213.3262
2024-04-30 10:13:45.009770,-228.9294
2024-04-30 10:13:45.025390,-236.3861
2024-04-30 10:13:45.041020,-232.4886
2024-04-30 10:13:45.056640,-216.3328
2024-04-30 10:13:45.072270,-189.6861
2024-04-30 10:13:45.087890,-156.1003
2024-04-30 10:13:45.103520,-119.5121
2024-04-30 10:13:45.119150,-82.85722
2024-04-30 10:13:45.134770,-47.32954
2024-04-30 10:13:45.150400,-12.71923
2024-04-30 10:13:45.166020,21.87207
2024-04-30 10:13:45.181650,57.02742
2024-04-30 10:13:45.197270,92.51108
2024-04-30 10:13:45.212900,127.1409
2024-04-30 10:13:45.228530,159.2146
2024-04-30 10:13:45.244150,186.9009
2024-04-30 10:13:45.259780,208.7449
2024-04-30 10:13:45.275400,224.0127
2024-04-30 10:13:45.291030,232.7507
2024-04-30 10:13:45.306650,235.8564
2024-04-30 10:13:45.322280,234.7911
2024-04-30 10:13:45.337910,231.2719
2024-04-30 10:13:45.353530,226.9374
2024-04-30 10:13:45.369160,223.2178
2024-04-30 10:13:45.384780,221.0336
2024-04-30 10:13:45.400410,220.7324
2024-04-30 10:13:45.416030,221.968
2024-04-30 10:13:45.431660,223.5805
2024-04-30 10:13:45.447290,223.7513
2024-04-30 10:13:45.462910,220.5009
2024-04-30 10:13:45.478540,212.3256
2024-04-30 10:13:45.494160,198.884
2024-04-30 10:13:45.509790,181.2823
2024-04-30 10:13:45.525410,161.6806
2024-04-30 10:13:45.541040,142.5529
2024-04-30 10:13:45.556670,125.8532
2024-04-30 10:13:45.572290,112.1652
2024-04-30 10:13:45.587920,100.6042
2024-04-30 10:13:45.603540,89.08374
2024-04-30 10:13:45.619170,74.91754
2024-04-30 10:13:45.634790,55.78113
2024-04-30 10:13:45.650420,30.55298
2024-04-30 10:13:45.666050,0.2120972
2024-04-30 10:13:45.681670,-31.79181
2024-04-30 10:13:45.697300,-59.81085
2024-04-30 10:13:45.712920,-77.50568
2024-04-30 10:13:45.728550,-79.83936
2024-04-30 10:13:45.744170,-65.1261
2024-04-30 10:13:45.759800,-35.87695
2024-04-30 10:13:45.775430,1.983948
2024-04-30 10:13:45.791050,41.31696
2024-04-30 10:13:45.806680,76.33453
2024-04-30 10:13:45.822300,104.3871
2024-04-30 10:13:45.837930,126.1016
2024-04-30 10:13:45.853550,143.9234
2024-04-30 10:13:45.869180,160.3726
2024-04-30 10:13:45.884810,176.542
2024-04-30 10:13:45.900430,191.803
2024-04-30 10:13:45.916060,204.4595
2024-04-30 10:13:45.931680,212.7618
2024-04-30 10:13:45.947310,215.5538
2024-04-30 10:13:45.962930,212.5197
2024-04-30 10:13:45.978560,203.9684
2024-04-30 10:13:45.994190,190.452
2024-04-30 10:13:46.009810,172.5867
2024-04-30 10:13:46.025440,151.0793
2024-04-30 10:13:46.041060,126.785
2024-04-30 10:13:46.056690,100.8038
2024-04-30 10:13:46.072310,74.35767
2024-04-30 10:13:46.087940,48.49115
2024-04-30 10:13:46.103570,23.78168
2024-04-30 10:13:46.119190,0.04760742
2024-04-30 10:13:46.134820,-23.65997
2024-04-30 10:13:46.150440,-48.78186
2024-04-30 10:13:46.166070,-76.71619
2024-04-30 10:13:46.181690,-108.3056
2024-04-30 10:13:46.197320,-143.2864
2024-04-30 10:13:46.212950,-180.1917
2024-04-30 10:13:46.228570,-216.5107
2024-04-30 10:13:46.244200,-249.1649
2024-04-30 10:13:46.259820,-275.2261
2024-04-30 10:13:46.275450,-292.6871
2024-04-30 10:13:46.291070,-301.0783
2024-04-30 10:13:46.306700,-301.7842
2024-04-30 10:13:46.322330,-297.8737
2024-04-30 10:13:46.337950,-293.0842
2024-04-30 10:13:46.353580,-290.6021
2024-04-30 10:13:46.369200,-291.5396
2024-04-30 10:13:46.384830,-294.3336
2024-04-30 10:13:46.400460,-295.0869
2024-04-30 10:13:46.416080,-289.0726
2024-04-30 10:13:46.431710,-272.6255
2024-04-30 10:13:46.447330,-244.5291
2024-04-30 10:13:46.462960,-206.4682
2024-04-30 10:13:46.478580,-162.1759
2024-04-30 10:13:46.494210,-116.1152
2024-04-30 10:13:46.509840,-72.05872
2024-04-30 10:13:46.525460,-32.41052
2024-04-30 10:13:46.541090,1.903076
2024-04-30 10:13:46.556710,31.02264
2024-04-30 10:13:46.572340,55.60046
2024-04-30 10:13:46.587960,76.4812
2024-04-30 10:13:46.603590,94.41833
2024-04-30 10:13:46.619220,109.9514
2024-04-30 10:13:46.634840,123.1667
2024-04-30 10:13:46.650470,133.8234
2024-04-30 10:13:46.666090,141.4531
2024-04-30 10:13:46.681720,145.7321
2024-04-30 10:13:46.697340,146.8378
2024-04-30 10:13:46.712970,145.4293
2024-04-30 10:13:46.728600,142.5203
2024-04-30 10:13:46.744220,139.1702
2024-04-30 10:13:46.759850,136.2319
2024-04-30 10:13:46.775470,134.2819
2024-04-30 10:13:46.791100,133.6183
2024-04-30 10:13:46.806720,134.1661
2024-04-30 10:13:46.822350,135.3293
2024-04-30 10:13:46.837980,136.0382
2024-04-30 10:13:46.853600,134.8091
2024-04-30 10:13:46.869230,130.2548
2024-04-30 10:13:46.884850,121.6461
2024-04-30 10:13:46.900480,109.3274
2024-04-30 10:13:46.916100,94.76233
2024-04-30 10:13:46.931730,80.08679
2024-04-30 10:13:46.947360,67.33752
2024-04-30 10:13:46.962980,57.61951
2024-04-30 10:13:46.978610,50.75525
2024-04-30 10:13:46.994230,45.1571
2024-04-30 10:13:47.009860,38.26233
2024-04-30 10:13:47.025480,27.14343
2024-04-30 10:13:47.041110,9.417114
2024-04-30 10:13:47.056740,-15.64221
2024-04-30 10:13:47.072360,-46.18347
2024-04-30 10:13:47.087990,-77.55762
2024-04-30 10:13:47.103610,-103.0165
2024-04-30 10:13:47.119240,-115.5159
2024-04-30 10:13:47.134860,-110.1808
2024-04-30 10:13:47.150490,-86.04749
2024-04-30 10:13:47.166120,-46.61731
2024-04-30 10:13:47.181740,1.432861
2024-04-30 10:13:47.197370,50.59583
2024-04-30 10:13:47.212990,94.99829
2024-04-30 10:13:47.228620,131.7754
2024-04-30 10:13:47.244240,161.0355
2024-04-30 10:13:47.259870,184.6154
2024-04-30 10:13:47.275500,204.5054
2024-04-30 10:13:47.291120,221.825
2024-04-30 10:13:47.306750,236.5217
2024-04-30 10:13:47.322370,247.973
2024-04-30 10:13:47.338000,255.6707
2024-04-30 10:13:47.353620,259.7103
2024-04-30 10:13:47.369250,260.6499
2024-04-30 10:13:47.384880,259.1653
2024-04-30 10:13:47.400500,255.5894
2024-04-30 10:13:47.416130,249.8512
2024-04-30 10:13:47.431750,241.8948
2024-04-30 10:13:47.447380,232.1731
2024-04-30 10:13:47.463000,221.9369
2024-04-30 10:13:47.478630,212.9036
2024-04-30 10:13:47.494260,206.4803
2024-04-30 10:13:47.509880,202.7616
2024-04-30 10:13:47.525510,200.0551
2024-04-30 10:13:47.541130,195.0391
2024-04-30 10:13:47.556760,183.746
2024-04-30 10:13:47.572380,162.9677
2024-04-30 10:13:47.588010,131.3958
2024-04-30 10:13:47.603640,90.1842
2024-04-30 10:13:47.619260,42.61157
2024-04-30 10:13:47.634890,-6.869019
2024-04-30 10:13:47.650510,-53.84265
2024-04-30 10:13:47.666140,-95.04004
2024-04-30 10:13:47.681760,-128.8945
2024-04-30 10:13:47.697390,-155.6095
2024-04-30 10:13:47.713020,-176.7275
2024-04-30 10:13:47.728640,-194.5313
2024-04-30 10:13:47.744270,-211.3618
2024-04-30 10:13:47.759890,-228.9434
2024-04-30 10:13:47.775520,-247.7238
2024-04-30 10:13:47.791140,-266.23
2024-04-30 10:13:47.806770,-281.0596
2024-04-30 10:13:47.822400,-287.4501
2024-04-30 10:13:47.838020,-280.8552
2024-04-30 10:13:47.853650,-258.7501
2024-04-30 10:13:47.869270,-222.0272
2024-04-30 10:13:47.884900,-175.1818
2024-04-30 10:13:47.900520,-124.9503
2024-04-30 10:13:47.916150,-78.12134
2024-04-30 10:13:47.931780,-39.24841
2024-04-30 10:13:47.947400,-9.598267
2024-04-30 10:13:47.963030,12.56201
2024-04-30 10:13:47.978650,30.42419
2024-04-30 10:13:47.994280,46.92932
2024-04-30 10:13:48.009900,63.41394
2024-04-30 10:13:48.025530,79.42126
2024-04-30 10:13:48.041160,93.37207
2024-04-30 10:13:48.056780,103.6433
2024-04-30 10:13:48.072410,109.5906
2024-04-30 10:13:48.088030,111.7285
2024-04-30 10:13:48.103660,111.3927
2024-04-30 10:13:48.119280,109.8871
2024-04-30 10:13:48.134910,107.8428
2024-04-30 10:13:48.150540,105.0692
2024-04-30 10:13:48.166160,101.067
2024-04-30 10:13:48.181790,95.70044
2024-04-30 10:13:48.197410,89.65125
2024-04-30 10:13:48.213040,84.15631
2024-04-30 10:13:48.228660,80.10681
2024-04-30 10:13:48.244290,77.14246
2024-04-30 10:13:48.259920,73.34766
2024-04-30 10:13:48.275540,65.92169
2024-04-30 10:13:48.291170,52.53821
2024-04-30 10:13:48.306790,32.58118
2024-04-30 10:13:48.322420,7.657227
2024-04-30 10:13:48.338040,-19.04437
2024-04-30 10:13:48.353670,-44.09833
2024-04-30 10:13:48.369300,-65.25256
2024-04-30 10:13:48.384920,-82.06372
2024-04-30 10:13:48.400550,-95.6236
2024-04-30 10:13:48.416170,-107.6774
2024-04-30 10:13:48.431800,-119.7369
2024-04-30 10:13:48.447420,-132.6348
2024-04-30 10:13:48.463050,-146.6389
2024-04-30 10:13:48.478680,-161.6908
2024-04-30 10:13:48.494300,-177.2551
2024-04-30 10:13:48.509930,-191.876
2024-04-30 10:13:48.525550,-202.7866
2024-04-30 10:13:48.541180,-206.1716
2024-04-30 10:13:48.556800,-198.3662
2024-04-30 10:13:48.572430,-177.5165
2024-04-30 10:13:48.588060,-144.8556
2024-04-30 10:13:48.603680,-104.7764
2024-04-30 10:13:48.619310,-63.43347
2024-04-30 10:13:48.634930,-26.53699
2024-04-30 10:13:48.650560,2.578613
2024-04-30 10:13:48.666180,23.70593
2024-04-30 10:13:48.681810,39.06537
2024-04-30 10:13:48.697440,51.5578
2024-04-30 10:13:48.713060,63.16846
2024-04-30 10:13:48.728690,74.08435
2024-04-30 10:13:48.744310,83.02222
2024-04-30 10:13:48.759940,88.18817
2024-04-30 10:13:48.775560,88.50476
2024-04-30 10:13:48.791190,84.16052
2024-04-30 10:13:48.806820,76.48859
2024-04-30 10:13:48.822440,67.22113
2024-04-30 10:13:48.838070,57.66962
2024-04-30 10:13:48.853690,48.28192
2024-04-30 10:13:48.869320,38.86023
2024-04-30 10:13:48.884940,29.21552
2024-04-30 10:13:48.900570,19.82422
2024-04-30 10:13:48.916200,12.04034
2024-04-30 10:13:48.931820,7.556824
2024-04-30 10:13:48.947450,7.458679
2024-04-30 10:13:48.963070,11.38837
2024-04-30 10:13:48.978700,17.34595
2024-04-30 10:13:48.994330,22.31561
2024-04-30 10:13:49.009950,23.43713
2024-04-30 10:13:49.025580,19.1839
2024-04-30 10:13:49.041200,9.892029
2024-04-30 10:13:49.056830,-2.469055
2024-04-30 10:13:49.072450,-15.151
2024-04-30 10:13:49.088080,-25.75702
2024-04-30 10:13:49.103710,-33.05688
2024-04-30 10:13:49.119330,-37.23871
2024-04-30 10:13:49.134960,-39.65729
2024-04-30 10:13:49.150580,-42.35779
2024-04-30 10:13:49.166210,-47.49127
2024-04-30 10:13:49.181830,-56.77704
2024-04-30 10:13:49.197460,-70.94049
2024-04-30 10:13:49.213090,-89.11945
2024-04-30 10:13:49.228710,-108.5522
2024-04-30 10:13:49.244340,-124.8454
2024-04-30 10:13:49.259960,-133.067
2024-04-30 10:13:49.275590,-129.2916
2024-04-30 10:13:49.291210,-112.1487
2024-04-30 10:13:49.306840,-83.43268
2024-04-30 10:13:49.322470,-47.53522
2024-04-30 10:13:49.338090,-9.729919
2024-04-30 10:13:49.353720,25.64026
2024-04-30 10:13:49.369340,56.45624
2024-04-30 10:13:49.384970,82.81396
2024-04-30 10:13:49.400590,106.052
2024-04-30 10:13:49.416220,127.4317
2024-04-30 10:13:49.431850,147.2361
2024-04-30 10:13:49.447470,164.6697
2024-04-30 10:13:49.463100,178.5162
2024-04-30 10:13:49.478720,187.8646
2024-04-30 10:13:49.494350,192.6892
2024-04-30 10:13:49.509970,193.7057
2024-04-30 10:13:49.525600,191.9775
2024-04-30 10:13:49.541230,188.3275
2024-04-30 10:13:49.556850,182.9601
2024-04-30 10:13:49.572480,175.5758
2024-04-30 10:13:49.588100,165.7351
2024-04-30 10:13:49.603730,153.4069
2024-04-30 10:13:49.619350,139.2796
2024-04-30 10:13:49.634980,124.6653
2024-04-30 10:13:49.650610,110.959
2024-04-30 10:13:49.666230,99.03912
2024-04-30 10:13:49.681860,88.78308
2024-04-30 10:13:49.697480,79.09546
2024-04-30 10:13:49.713110,68.44714
2024-04-30 10:13:49.728730,55.6405
2024-04-30 10:13:49.744360,40.49973
2024-04-30 10:13:49.759990,24.03577
2024-04-30 10:13:49.775610,8.065308
2024-04-30 10:13:49.791240,-5.513733
2024-04-30 10:13:49.806860,-15.5004
2024-04-30 10:13:49.822490,-21.84256
2024-04-30 10:13:49.838110,-25.63113
2024-04-30 10:13:49.853740,-28.82742
2024-04-30 10:13:49.869370,-33.72958
2024-04-30 10:13:49.884990,-42.41046
2024-04-30 10:13:49.900620,-56.19553
2024-04-30 10:13:49.916240,-75.0307
2024-04-30 10:13:49.931870,-97.04913
2024-04-30 10:13:49.947490,-118.536
2024-04-30 10:13:49.963120,-134.6608
2024-04-30 10:13:49.978750,-140.8251
2024-04-30 10:13:49.994370,-134.2343
2024-04-30 10:13:50.010000,-115.091
2024-04-30 10:13:50.025620,-86.63257
2024-04-30 10:13:50.041250,-54.07242
2024-04-30 10:13:50.056870,-22.71933
2024-04-30 10:13:50.072500,3.75354
2024-04-30 10:13:50.088130,24.15457
2024-04-30 10:13:50.103750,39.43854
2024-04-30 10:13:50.119380,51.61986
2024-04-30 10:13:50.135000,62.46651
2024-04-30 10:13:50.150630,72.74629
2024-04-30 10:13:50.166250,82.19249
2024-04-30 10:13:50.181880,90.02417
2024-04-30 10:13:50.197510,95.59486
2024-04-30 10:13:50.213130,98.71378
2024-04-30 10:13:50.228760,99.61726
2024-04-30 10:13:50.244380,98.60596
2024-04-30 10:13:50.260010,95.76716
2024-04-30 10:13:50.275630,90.85191
2024-04-30 10:13:50.291260,83.53769
2024-04-30 10:13:50.306890,73.79893
2024-04-30 10:13:50.322510,62.2803
2024-04-30 10:13:50.338140,50.36177
2024-04-30 10:13:50.353760,39.68293
2024-04-30 10:13:50.369390,31.55037
2024-04-30 10:13:50.385010,26.22877
2024-04-30 10:13:50.400640,22.71814
2024-04-30 10:13:50.416270,19.02173
2024-04-30 10:13:50.431890,12.99171
2024-04-30 10:13:50.447520,3.275398
2024-04-30 10:13:50.463140,-10.11144
2024-04-30 10:13:50.478770,-25.83324
2024-04-30 10:13:50.494390,-41.89952
2024-04-30 10:13:50.510020,-56.54381
2024-04-30 10:13:50.525650,-68.99097
2024-04-30 10:13:50.541270,-79.6624
2024-04-30 10:13:50.556900,-89.9404
2024-04-30 10:13:50.572520,-101.6002
2024-04-30 10:13:50.588150,-116.2334
2024-04-30 10:13:50.603770,-134.6481
2024-04-30 10:13:50.619400,-156.4029
2024-04-30 10:13:50.635030,-179.4304
2024-04-30 10:13:50.650650,-199.9231
2024-04-30 10:13:50.666280,-212.9472
2024-04-30 10:13:50.681900,-213.7037
2024-04-30 10:13:50.697530,-199.267
2024-04-30 10:13:50.713150,-169.9815
2024-04-30 10:13:50.728780,-129.8232
2024-04-30 10:13:50.744410,-85.25262
2024-04-30 10:13:50.760030,-43.00186
2024-04-30 10:13:50.775660,-7.880096
2024-04-30 10:13:50.791280,18.56494
2024-04-30 10:13:50.806910,37.72839
2024-04-30 10:13:50.822530,52.56473
2024-04-30 10:13:50.838160,65.81628
2024-04-30 10:13:50.853790,78.74878
2024-04-30 10:13:50.869410,90.99725
2024-04-30 10:13:50.885040,101.1695
2024-04-30 10:13:50.900660,107.9338
2024-04-30 10:13:50.916290,110.6917
2024-04-30 10:13:50.931910,109.8302
2024-04-30 10:13:50.947540,106.3689
2024-04-30 10:13:50.963170,101.4422
2024-04-30 10:13:50.978790,95.85376
2024-04-30 10:13:50.994420,89.87231
2024-04-30 10:13:51.010040,83.32526
2024-04-30 10:13:51.025670,75.92303
2024-04-30 10:13:51.041290,67.63025
2024-04-30 10:13:51.056920,58.82086
2024-04-30 10:13:51.072550,50.15594
2024-04-30 10:13:51.088170,42.24408
2024-04-30 10:13:51.103800,35.21814
2024-04-30 10:13:51.119420,28.55859
2024-04-30 10:13:51.135050,21.1571
2024-04-30 10:13:51.150670,11.74335
2024-04-30 10:13:51.166300,-0.567749
2024-04-30 10:13:51.181930,-15.85327
2024-04-30 10:13:51.197550,-33.26617
2024-04-30 10:13:51.213180,-51.26001
2024-04-30 10:13:51.228800,-68.10999
2024-04-30 10:13:51.244430,-82.51654
2024-04-30 10:13:51.260060,-94.06561
2024-04-30 10:13:51.275680,-103.3385
2024-04-30 10:13:51.291310,-111.7695
2024-04-30 10:13:51.306930,-121.1411
2024-04-30 10:13:51.322560,-133.1939
2024-04-30 10:13:51.338180,-149.1848
2024-04-30 10:13:51.353810,-169.4448
2024-04-30 10:13:51.369440,-192.8829
2024-04-30 10:13:51.385060,-216.6103
2024-04-30 10:13:51.400690,-235.9666
2024-04-30 10:13:51.416310,-245.478
2024-04-30 10:13:51.431940,-240.4724
2024-04-30 10:13:51.447560,-218.9581
2024-04-30 10:13:51.463190,-182.9464
2024-04-30 10:13:51.478820,-138.1321
2024-04-30 10:13:51.494440,-92.1308
2024-04-30 10:13:51.510070,-51.91119
2024-04-30 10:13:51.525690,-21.53271
2024-04-30 10:13:51.541320,-1.286072
2024-04-30 10:13:51.556940,11.56067
2024-04-30 10:13:51.572570,20.93585
2024-04-30 10:13:51.588200,30.12732
2024-04-30 10:13:51.603820,40.64398
2024-04-30 10:13:51.619450,52.15869
2024-04-30 10:13:51.635070,63.19153
2024-04-30 10:13:51.650700,71.97968
2024-04-30 10:13:51.666320,77.1308
2024-04-30 10:13:51.681950,78.01489
2024-04-30 10:13:51.697580,74.87921
2024-04-30 10:13:51.713200,68.63788
2024-04-30 10:13:51.728830,60.63843
2024-04-30 10:13:51.744450,52.3161
2024-04-30 10:13:51.760080,44.7193
2024-04-30 10:13:51.775700,38.36914
2024-04-30 10:13:51.791330,33.10309
2024-04-30 10:13:51.806960,28.26691
2024-04-30 10:13:51.822580,22.94733
2024-04-30 10:13:51.838210,16.31305
2024-04-30 10:13:51.853830,7.676453
2024-04-30 10:13:51.869460,-3.385986
2024-04-30 10:13:51.885080,-17.19214
2024-04-30 10:13:51.900710,-33.98163
2024-04-30 10:13:51.916340,-53.90057
2024-04-30 10:13:51.931960,-77.05438
2024-04-30 10:13:51.947590,-103.4447
2024-04-30 10:13:51.963210,-133.1061
2024-04-30 10:13:51.978840,-166.1205
2024-04-30 10:13:51.994460,-202.6392
2024-04-30 10:13:52.010090,-242.4478
2024-04-30 10:13:52.025720,-284.4326
2024-04-30 10:13:52.041340,-326.1851
2024-04-30 10:13:52.056970,-364.131
2024-04-30 10:13:52.072590,-394.4754
2024-04-30 10:13:52.088220,-414.6078
2024-04-30 10:13:52.103840,-424.251
2024-04-30 10:13:52.119470,-425.4728
2024-04-30 10:13:52.135100,-421.4988
2024-04-30 10:13:52.150720,-414.7488
2024-04-30 10:13:52.166350,-405.383
2024-04-30 10:13:52.181970,-391.3254
2024-04-30 10:13:52.197600,-369.582
2024-04-30 10:13:52.213220,-338.3003
2024-04-30 10:13:52.228850,-298.1371
2024-04-30 10:13:52.244480,-252.1635
2024-04-30 10:13:52.260100,-204.4547
2024-04-30 10:13:52.275730,-158.2592
2024-04-30 10:13:52.291350,-114.8409
2024-04-30 10:13:52.306980,-73.5025
2024-04-30 10:13:52.322600,-32.62421
2024-04-30 10:13:52.338230,9.305054
2024-04-30 10:13:52.353860,52.87836
2024-04-30 10:13:52.369480,97.67664
2024-04-30 10:13:52.385110,142.4143
2024-04-30 10:13:52.400730,185.1033
2024-04-30 10:13:52.416360,223.335
2024-04-30 10:13:52.431980,254.6655
2024-04-30 10:13:52.447610,277.314
2024-04-30 10:13:52.463240,290.7495
2024-04-30 10:13:52.478860,296.0899
2024-04-30 10:13:52.494490,295.7108
2024-04-30 10:13:52.510110,292.3487
2024-04-30 10:13:52.525740,288.1586
2024-04-30 10:13:52.541360,284.0769
2024-04-30 10:13:52.556990,279.9341
2024-04-30 10:13:52.572620,274.9355
2024-04-30 10:13:52.588240,268.484
2024-04-30 10:13:52.603870,260.4805
2024-04-30 10:13:52.619490,251.3013
2024-04-30 10:13:52.635120,241.4005
2024-04-30 10:13:52.650740,230.8312
2024-04-30 10:13:52.666370,219.1165
2024-04-30 10:13:52.682000,205.382
2024-04-30 10:13:52.697620,188.8404
2024-04-30 10:13:52.713250,169.216
2024-04-30 10:13:52.728870,147.0266
2024-04-30 10:13:52.744500,123.4664
2024-04-30 10:13:52.760120,99.93053
2024-04-30 10:13:52.775750,77.45444
2024-04-30 10:13:52.791380,56.30649
2024-04-30 10:13:52.807000,35.90511
2024-04-30 10:13:52.822630,15.0457
2024-04-30 10:13:52.838250,-7.65036
2024-04-30 10:13:52.853880,-33.42509
2024-04-30 10:13:52.869500,-63.20074
2024-04-30 10:13:52.885130,-97.28253
2024-04-30 10:13:52.900760,-134.9273
2024-04-30 10:13:52.916380,-173.6656
2024-04-30 10:13:52.932010,-209.0351
2024-04-30 10:13:52.947630,-234.9431
2024-04-30 10:13:52.963260,-245.315
2024-04-30 10:13:52.978880,-236.273
2024-04-30 10:13:52.994510,-207.9638
2024-04-30 10:13:53.010140,-165.1431
2024-04-30 10:13:53.025760,-115.828
2024-04-30 10:13:53.041390,-68.76449
2024-04-30 10:13:53.057010,-30.53269
2024-04-30 10:13:53.072640,-3.981575
2024-04-30 10:13:53.088260,11.916
2024-04-30 10:13:53.103890,20.49623
2024-04-30 10:13:53.119520,25.39374
2024-04-30 10:13:53.135140,29.16105
2024-04-30 10:13:53.150770,32.70813
2024-04-30 10:13:53.166390,35.81612
2024-04-30 10:13:53.182020,37.84214
2024-04-30 10:13:53.197640,38.42789
2024-04-30 10:13:53.213270,37.66265
2024-04-30 10:13:53.228900,35.96143
2024-04-30 10:13:53.244520,33.73936
2024-04-30 10:13:53.260150,31.22682
2024-04-30 10:13:53.275770,28.44247
2024-04-30 10:13:53.291400,25.35419
2024-04-30 10:13:53.307020,22.10531
2024-04-30 10:13:53.322650,19.09806
2024-04-30 10:13:53.338280,16.94952
2024-04-30 10:13:53.353900,16.21599
2024-04-30 10:13:53.369530,16.98817
2024-04-30 10:13:53.385150,18.6821
2024-04-30 10:13:53.400780,20.07932
2024-04-30 10:13:53.416400,19.6325
2024-04-30 10:13:53.432030,16.00438
2024-04-30 10:13:53.447660,8.558105
2024-04-30 10:13:53.463280,-2.355774
2024-04-30 10:13:53.478910,-15.60237
2024-04-30 10:13:53.494530,-29.65553
2024-04-30 10:13:53.510160,-43.23073
2024-04-30 10:13:53.525780,-55.62537
2024-04-30 10:13:53.541410,-66.89236
2024-04-30 10:13:53.557040,-77.68887
2024-04-30 10:13:53.572660,-89.0463
2024-04-30 10:13:53.588290,-102.153
2024-04-30 10:13:53.603910,-118.1613
2024-04-30 10:13:53.619540,-138.0165
2024-04-30 10:13:53.635160,-161.9333
2024-04-30 10:13:53.650790,-188.6826
2024-04-30 10:13:53.666420,-215.1358
2024-04-30 10:13:53.682040,-236.5323
2024-04-30 10:13:53.697670,-247.6303
2024-04-30 10:13:53.713290,-244.3705
2024-04-30 10:13:53.728920,-225.3799
2024-04-30 10:13:53.744540,-192.3712
2024-04-30 10:13:53.760170,-149.4946
2024-04-30 10:13:53.775800,-101.9103
2024-04-30 10:13:53.791420,-54.17325
2024-04-30 10:13:53.807050,-9.393036
2024-04-30 10:13:53.822670,30.86267
2024-04-30 10:13:53.838300,66.09192
2024-04-30 10:13:53.853930,96.41956
2024-04-30 10:13:53.869550,122.082
2024-04-30 10:13:53.885180,143.4536
2024-04-30 10:13:53.900800,160.9767
2024-04-30 10:13:53.916430,175.0765
2024-04-30 10:13:53.932050,186.1556
2024-04-30 10:13:53.947680,194.5276
2024-04-30 10:13:53.963310,200.5216
2024-04-30 10:13:53.978930,204.4697
2024-04-30 10:13:53.994560,206.7272
2024-04-30 10:13:54.010180,207.4769
2024-04-30 10:13:54.025810,206.8278
2024-04-30 10:13:54.041430,204.895
2024-04-30 10:13:54.057060,201.9994
2024-04-30 10:13:54.072690,198.7892
2024-04-30 10:13:54.088310,195.9888
2024-04-30 10:13:54.103940,194.0408
2024-04-30 10:13:54.119560,192.6661
2024-04-30 10:13:54.135190,190.8275
2024-04-30 10:13:54.150810,187.0255
2024-04-30 10:13:54.166440,179.9291
2024-04-30 10:13:54.182070,169.0175
2024-04-30 10:13:54.197690,154.8716
2024-04-30 10:13:54.213320,138.9491
2024-04-30 10:13:54.228940,123.0266
2024-04-30 10:13:54.244570,108.5361
2024-04-30 10:13:54.260190,96.02332
2024-04-30 10:13:54.275820,85.00885
2024-04-30 10:13:54.291450,74.16663
2024-04-30 10:13:54.307070,61.75079
2024-04-30 10:13:54.322700,45.97748
2024-04-30 10:13:54.338320,25.66266
2024-04-30 10:13:54.353950,0.8048096
2024-04-30 10:13:54.369570,-26.76031
2024-04-30 10:13:54.385200,-53.03125
2024-04-30 10:13:54.400830,-72.23199
2024-04-30 10:13:54.416450,-78.09821
2024-04-30 10:13:54.432080,-65.87604
2024-04-30 10:13:54.447700,-34.19055
2024-04-30 10:13:54.463330,14.07629
2024-04-30 10:13:54.478950,72.44928
2024-04-30 10:13:54.494580,132.8541
2024-04-30 10:13:54.510210,188.1299
2024-04-30 10:13:54.525830,233.9253
2024-04-30 10:13:54.541460,269.2883
2024-04-30 10:13:54.557080,295.761
2024-04-30 10:13:54.572710,315.7524
2024-04-30 10:13:54.588330,331.0963
2024-04-30 10:13:54.603960,342.3389
2024-04-30 10:13:54.619590,349.0458
2024-04-30 10:13:54.635210,350.5186
2024-04-30 10:13:54.650840,346.477
2024-04-30 10:13:54.666460,337.2382
2024-04-30 10:13:54.682090,323.5339
2024-04-30 10:13:54.697710,306.1009
2024-04-30 10:13:54.713340,285.3989
2024-04-30 10:13:54.728970,261.8214
2024-04-30 10:13:54.744590,236.0435
2024-04-30 10:13:54.760220,209.3687
2024-04-30 10:13:54.775840,183.6245
2024-04-30 10:13:54.791470,160.6891
2024-04-30 10:13:54.807090,141.7564
2024-04-30 10:13:54.822720,126.7876
2024-04-30 10:13:54.838350,114.5111
2024-04-30 10:13:54.853970,103.0202
2024-04-30 10:13:54.869600,90.70114
2024-04-30 10:13:54.885220,76.9165
2024-04-30 10:13:54.900850,62.19177
2024-04-30 10:13:54.916470,47.68542
2024-04-30 10:13:54.932100,34.23468
2024-04-30 10:13:54.947730,21.58009
2024-04-30 10:13:54.963350,8.159576
2024-04-30 10:13:54.978980,-8.356979
2024-04-30 10:13:54.994600,-30.03868
2024-04-30 10:13:55.010230,-57.61037
2024-04-30 10:13:55.025850,-90.21744
2024-04-30 10:13:55.041480,-125.6061
2024-04-30 10:13:55.057110,-161.1648
2024-04-30 10:13:55.072730,-194.9401
2024-04-30 10:13:55.088360,-226.2561
2024-04-30 10:13:55.103980,-255.7942
2024-04-30 10:13:55.119610,-285.3004
2024-04-30 10:13:55.135230,-317.0599
2024-04-30 10:13:55.150860,-353.089
2024-04-30 10:13:55.166490,-394.2804
2024-04-30 10:13:55.182110,-439.2963
2024-04-30 10:13:55.197740,-483.9839
2024-04-30 10:13:55.213360,-521.8342
2024-04-30 10:13:55.228990,-545.5302
2024-04-30 10:13:55.244610,-549.3328
2024-04-30 10:13:55.260240,-531.2653
2024-04-30 10:13:55.275870,-493.8472
2024-04-30 10:13:55.291490,-443.0352
2024-04-30 10:13:55.307120,-385.9834
2024-04-30 10:13:55.322740,-328.5331
2024-04-30 10:13:55.338370,-274.0117
2024-04-30 10:13:55.353990,-223.4541
2024-04-30 10:13:55.369620,-176.8589
2024-04-30 10:13:55.385250,-134.5087
2024-04-30 10:13:55.400870,-97.46262
2024-04-30 10:13:55.416500,-67.03928
2024-04-30 10:13:55.432120,-43.91644
2024-04-30 10:13:55.447750,-27.51996
2024-04-30 10:13:55.463370,-16.10622
2024-04-30 10:13:55.479000,-7.541901
2024-04-30 10:13:55.494630,-0.1203918
2024-04-30 10:13:55.510250,7.070877
2024-04-30 10:13:55.525880,14.17104
2024-04-30 10:13:55.541500,21.15219
2024-04-30 10:13:55.557130,28.31343
2024-04-30 10:13:55.572750,36.46899
2024-04-30 10:13:55.588380,46.52798
2024-04-30 10:13:55.604010,58.87735
2024-04-30 10:13:55.619630,72.91733
2024-04-30 10:13:55.635260,86.99626
2024-04-30 10:13:55.650880,99.01137
2024-04-30 10:13:55.666510,107.1087
2024-04-30 10:13:55.682130,110.336
2024-04-30 10:13:55.697760,108.7942
2024-04-30 10:13:55.713390,103.353
2024-04-30 10:13:55.729010,95.36118
2024-04-30 10:13:55.744640,86.43918
2024-04-30 10:13:55.760260,78.52838
2024-04-30 10:13:55.775890,73.84622
2024-04-30 10:13:55.791510,74.55501
2024-04-30 10:13:55.807140,81.97165
2024-04-30 10:13:55.822770,95.88155
2024-04-30 10:13:55.838390,114.236
2024-04-30 10:13:55.854020,133.5395
2024-04-30 10:13:55.869640,149.991
2024-04-30 10:13:55.885270,160.5537
2024-04-30 10:13:55.900890,163.6593
2024-04-30 10:13:55.916520,159.099
2024-04-30 10:13:55.932150,147.4405
2024-04-30 10:13:55.947770,129.3061
2024-04-30 10:13:55.963400,105.1442
2024-04-30 10:13:55.979020,75.40033
2024-04-30 10:13:55.994650,41.07906
2024-04-30 10:13:56.010270,4.219498
2024-04-30 10:13:56.025900,-31.91106
2024-04-30 10:13:56.041530,-63.2041
2024-04-30 10:13:56.057150,-85.58202
2024-04-30 10:13:56.072780,-96.08755
2024-04-30 10:13:56.088400,-93.99292
2024-04-30 10:13:56.104030,-81.21529
2024-04-30 10:13:56.119660,-61.8476
2024-04-30 10:13:56.135280,-41.06717
2024-04-30 10:13:56.150910,-23.61197
2024-04-30 10:13:56.166530,-12.62146
2024-04-30 10:13:56.182160,-9.474136
2024-04-30 10:13:56.197780,-14.23288
2024-04-30 10:13:56.213410,-26.62209
2024-04-30 10:13:56.229040,-46.55482
2024-04-30 10:13:56.244660,-73.98441
2024-04-30 10:13:56.260290,-108.1671
2024-04-30 10:13:56.275910,-147.0384
2024-04-30 10:13:56.291540,-187.1011
2024-04-30 10:13:56.307160,-224.1595
2024-04-30 10:13:56.322790,-254.4684
2024-04-30 10:13:56.338420,-275.6876
2024-04-30 10:13:56.354040,-287.4097
2024-04-30 10:13:56.369670,-290.9919
2024-04-30 10:13:56.385290,-288.7237
2024-04-30 10:13:56.400920,-282.8761
2024-04-30 10:13:56.416540,-274.653
2024-04-30 10:13:56.432170,-263.6641
2024-04-30 10:13:56.447800,-248.1546
2024-04-30 10:13:56.463420,-225.8542
2024-04-30 10:13:56.479050,-195.2488
2024-04-30 10:13:56.494670,-156.5952
2024-04-30 10:13:56.510300,-112.0548
2024-04-30 10:13:56.525920,-64.94119
2024-04-30 10:13:56.541550,-18.41469
2024-04-30 10:13:56.557180,25.83424
2024-04-30 10:13:56.572800,68.0815
2024-04-30 10:13:56.588430,110.1159
2024-04-30 10:13:56.604050,154.2875
2024-04-30 10:13:56.619680,202.6206
2024-04-30 10:13:56.635300,256.016
2024-04-30 10:13:56.650930,313.7725
2024-04-30 10:13:56.666560,373.3517
2024-04-30 10:13:56.682180,430.2391
2024-04-30 10:13:56.697810,478.6202
2024-04-30 10:13:56.713430,512.7767
2024-04-30 10:13:56.729060,528.9249
2024-04-30 10:13:56.744680,526.5691
2024-04-30 10:13:56.760310,508.6974
2024-04-30 10:13:56.775940,480.3866
2024-04-30 10:13:56.791560,446.728
2024-04-30 10:13:56.807190,411.0666
2024-04-30 10:13:56.822810,374.4776
2024-04-30 10:13:56.838440,336.5973
2024-04-30 10:13:56.854060,297.0364
2024-04-30 10:13:56.869690,256.2173
2024-04-30 10:13:56.885320,215.4135
2024-04-30 10:13:56.900940,175.7746
2024-04-30 10:13:56.916570,137.5519
2024-04-30 10:13:56.932190,100.0214
2024-04-30 10:13:56.947820,62.18243
2024-04-30 10:13:56.963440,23.85432
2024-04-30 10:13:56.979070,-13.70082
2024-04-30 10:13:56.994700,-48.04695
2024-04-30 10:13:57.010320,-76.44736
2024-04-30 10:13:57.025950,-97.11591
2024-04-30 10:13:57.041570,-110.023
2024-04-30 10:13:57.057200,-116.9905
2024-04-30 10:13:57.072820,-120.9403
2024-04-30 10:13:57.088450,-124.8164
2024-04-30 10:13:57.104080,-130.4963
2024-04-30 10:13:57.119700,-138.0584
2024-04-30 10:13:57.135330,-145.73
2024-04-30 10:13:57.150950,-150.3637
2024-04-30 10:13:57.166580,-148.3587
2024-04-30 10:13:57.182200,-136.9111
2024-04-30 10:13:57.197830,-115.055
2024-04-30 10:13:57.213460,-84.23077
2024-04-30 10:13:57.229080,-48.02539
2024-04-30 10:13:57.244710,-11.19431
2024-04-30 10:13:57.260330,21.82806
2024-04-30 10:13:57.275960,48.21222
2024-04-30 10:13:57.291580,67.31577
2024-04-30 10:13:57.307210,80.31793
2024-04-30 10:13:57.322840,89.2691
2024-04-30 10:13:57.338460,95.91833
2024-04-30 10:13:57.354090,101.0537
2024-04-30 10:13:57.369710,104.4426
2024-04-30 10:13:57.385340,105.3367
2024-04-30 10:13:57.400960,103.0629
2024-04-30 10:13:57.416590,97.41107
2024-04-30 10:13:57.432220,88.7312
2024-04-30 10:13:57.447840,77.6214
2024-04-30 10:13:57.463470,64.50708
2024-04-30 10:13:57.479090,49.38354
2024-04-30 10:13:57.494720,31.84796
2024-04-30 10:13:57.510340,11.57001
2024-04-30 10:13:57.525970,-11.19684
2024-04-30 10:13:57.541600,-35.18085
2024-04-30 10:13:57.557220,-58.3924
2024-04-30 10:13:57.572850,-78.8045
2024-04-30 10:13:57.588470,-95.36853
2024-04-30 10:13:57.604100,-108.6124
2024-04-30 10:13:57.619720,-120.3557
2024-04-30 10:13:57.635350,-132.8509
2024-04-30 10:13:57.650980,-147.595
2024-04-30 10:13:57.666600,-164.6389
2024-04-30 10:13:57.682230,-182.7421
2024-04-30 10:13:57.697850,-200.3138
2024-04-30 10:13:57.713480,-216.3649
2024-04-30 10:13:57.729100,-231.1475
2024-04-30 10:13:57.744730,-245.9789
2024-04-30 10:13:57.760360,-262.5741
2024-04-30 10:13:57.775980,-282.2977
2024-04-30 10:13:57.791610,-305.4924
2024-04-30 10:13:57.807230,-331.2484
2024-04-30 10:13:57.822860,-357.2909
2024-04-30 10:13:57.838480,-380.223
2024-04-30 10:13:57.854110,-396.1476
2024-04-30 10:13:57.869740,-401.6633
2024-04-30 10:13:57.885360,-394.9161
2024-04-30 10:13:57.900990,-376.4046
2024-04-30 10:13:57.916610,-349.0176
2024-04-30 10:13:57.932240,-317.1282
2024-04-30 10:13:57.947860,-285.1872
2024-04-30 10:13:57.963490,-256.4528
2024-04-30 10:13:57.979120,-232.4124
2024-04-30 10:13:57.994740,-213.1371
2024-04-30 10:13:58.010370,-198.0878
2024-04-30 10:13:58.025990,-186.9429
2024-04-30 10:13:58.041620,-179.707
2024-04-30 10:13:58.057240,-176.53
2024-04-30 10:13:58.072870,-177.0157
2024-04-30 10:13:58.088500,-180.0422
2024-04-30 10:13:58.104120,-183.8979
2024-04-30 10:13:58.119750,-186.8498
2024-04-30 10:13:58.135370,-187.6976
2024-04-30 10:13:58.151000,-185.8445
2024-04-30 10:13:58.166620,-181.0977
2024-04-30 10:13:58.182250,-173.0319
2024-04-30 10:13:58.197880,-160.7188
2024-04-30 10:13:58.213500,-142.7708
2024-04-30 10:13:58.229130,-118.108
2024-04-30 10:13:58.244750,-86.65076
2024-04-30 10:13:58.260380,-49.92273
2024-04-30 10:13:58.276010,-10.96661
2024-04-30 10:13:58.291630,26.43671
2024-04-30 10:13:58.307260,58.80286
2024-04-30 10:13:58.322880,84.02545
2024-04-30 10:13:58.338510,101.7494
2024-04-30 10:13:58.354130,113.3317
2024-04-30 10:13:58.369760,121.1912
2024-04-30 10:13:58.385390,128.0768
2024-04-30 10:13:58.401010,136.2891
2024-04-30 10:13:58.416640,147.2574
2024-04-30 10:13:58.432260,161.3714
2024-04-30 10:13:58.447890,178.0191
2024-04-30 10:13:58.463510,195.9061
2024-04-30 10:13:58.479140,213.5487
2024-04-30 10:13:58.494770,229.8787
2024-04-30 10:13:58.510390,244.8358
2024-04-30 10:13:58.526020,259.7061
2024-04-30 10:13:58.541640,276.9312
2024-04-30 10:13:58.557270,299.3835
2024-04-30 10:13:58.572890,329.2988
2024-04-30 10:13:58.588520,367.1476
2024-04-30 10:13:58.604150,411.0793
2024-04-30 10:13:58.619770,457.0798
2024-04-30 10:13:58.635400,499.9127
2024-04-30 10:13:58.651020,534.4014
2024-04-30 10:13:58.666650,556.5435
2024-04-30 10:13:58.682270,564.0419
2024-04-30 10:13:58.697900,556.2261
2024-04-30 10:13:58.713530,533.7736
2024-04-30 10:13:58.729150,498.426
2024-04-30 10:13:58.744780,452.8359
2024-04-30 10:13:58.760400,400.5208
2024-04-30 10:13:58.776030,345.4586
2024-04-30 10:13:58.791650,291.3785
2024-04-30 10:13:58.807280,240.9553
2024-04-30 10:13:58.822910,195.2196
2024-04-30 10:13:58.838530,153.4116
2024-04-30 10:13:58.854160,113.5834
2024-04-30 10:13:58.869780,73.57578
2024-04-30 10:13:58.885410,32.1618
2024-04-30 10:13:58.901030,-10.34216
2024-04-30 10:13:58.916660,-52.0986
2024-04-30 10:13:58.932290,-90.39328
2024-04-30 10:13:58.947910,-122.7989
2024-04-30 10:13:58.963540,-148.205
2024-04-30 10:13:58.979160,-167.3199
2024-04-30 10:13:58.994790,-182.2811
2024-04-30 10:13:59.010410,-195.5978
2024-04-30 10:13:59.026040,-208.8386
2024-04-30 10:13:59.041670,-221.9736
2024-04-30 10:13:59.057290,-233.585
2024-04-30 10:13:59.072920,-241.8984
2024-04-30 10:13:59.088540,-246.0469
2024-04-30 10:13:59.104170,-246.6541
2024-04-30 10:13:59.119790,-245.6947
2024-04-30 10:13:59.135420,-245.5486
2024-04-30 10:13:59.151050,-248.0884
2024-04-30 10:13:59.166670,-254.0639
2024-04-30 10:13:59.182300,-262.9926
2024-04-30 10:13:59.197920,-273.2524
2024-04-30 10:13:59.213550,-282.2383
2024-04-30 10:13:59.229170,-286.5203
2024-04-30 10:13:59.244800,-282.3357
2024-04-30 10:13:59.260430,-266.4745
2024-04-30 10:13:59.276050,-237.4532
2024-04-30 10:13:59.291680,-196.5251
2024-04-30 10:13:59.307300,-147.6166
2024-04-30 10:13:59.322930,-96.30786
2024-04-30 10:13:59.338550,-48.13318
2024-04-30 10:13:59.354180,-6.913574
2024-04-30 10:13:59.369810,25.84906
2024-04-30 10:13:59.385430,50.59357
2024-04-30 10:13:59.401060,68.70172
2024-04-30 10:13:59.416680,81.49072
2024-04-30 10:13:59.432310,89.75128
2024-04-30 10:13:59.447930,93.92371
2024-04-30 10:13:59.463560,94.50751
2024-04-30 10:13:59.479190,92.2605
2024-04-30 10:13:59.494810,88.1098
2024-04-30 10:13:59.510440,82.77112
2024-04-30 10:13:59.526060,76.46362
2024-04-30 10:13:59.541690,68.93225
2024-04-30 10:13:59.557310,59.67249
2024-04-30 10:13:59.572940,48.31305
2024-04-30 10:13:59.588570,34.81073
2024-04-30 10:13:59.604190,19.37762
2024-04-30 10:13:59.619820,2.201843
2024-04-30 10:13:59.635440,-16.71924
2024-04-30 10:13:59.651070,-37.63916
2024-04-30 10:13:59.666690,-60.79688
2024-04-30 10:13:59.682320,-86.14505
2024-04-30 10:13:59.697950,-113.0929
2024-04-30 10:13:59.713570,-140.4455
2024-04-30 10:13:59.729200,-166.5623
2024-04-30 10:13:59.744820,-189.7048
2024-04-30 10:13:59.760450,-208.353
2024-04-30 10:13:59.776070,-221.5864
2024-04-30 10:13:59.791700,-229.4177
2024-04-30 10:13:59.807330,-232.944
2024-04-30 10:13:59.822950,-234.2142
2024-04-30 10:13:59.838580,-235.8003
2024-04-30 10:13:59.854200,-239.7743
2024-04-30 10:13:59.869830,-246.7187
2024-04-30 10:13:59.885450,-255.0706
2024-04-30 10:13:59.901080,-261.2997
2024-04-30 10:13:59.916710,-260.9971
2024-04-30 10:13:59.932330,-250.4435
2024-04-30 10:13:59.947960,-227.905
2024-04-30 10:13:59.963580,-194.0474
2024-04-30 10:13:59.979210,-151.458
2024-04-30 10:13:59.994830,-103.5861
2024-04-30 10:14:00.010460,-53.80713
2024-04-30 10:14:00.026090,-4.959747
2024-04-30 10:14:00.041710,40.66925
2024-04-30 10:14:00.057340,81.21124
2024-04-30 10:14:00.072960,115.2757
2024-04-30 10:14:00.088590,142.2408
2024-04-30 10:14:00.104210,162.4342
2024-04-30 10:14:00.119840,176.9472
2024-04-30 10:14:00.135470,187.1057
2024-04-30 10:14:00.151090,193.8138
2024-04-30 10:14:00.166720,197.2278
2024-04-30 10:14:00.182340,196.9331
2024-04-30 10:14:00.197970,192.5092
2024-04-30 10:14:00.213590,183.9641
2024-04-30 10:14:00.229220,171.9786
2024-04-30 10:14:00.244850,157.647
2024-04-30 10:14:00.260470,142.1066
2024-04-30 10:14:00.276100,126.3511
2024-04-30 10:14:00.291720,111.1306
2024-04-30 10:14:00.307350,96.8061
2024-04-30 10:14:00.322970,83.26649
2024-04-30 10:14:00.338600,69.74621
2024-04-30 10:14:00.354230,54.93563
2024-04-30 10:14:00.369850,37.41563
2024-04-30 10:14:00.385480,16.26873
2024-04-30 10:14:00.401100,-8.489731
2024-04-30 10:14:00.416730,-35.80328
2024-04-30 10:14:00.432350,-64.00622
2024-04-30 10:14:00.447980,-91.52353
2024-04-30 10:14:00.463610,-117.4882
2024-04-30 10:14:00.479230,-141.9421
2024-04-30 10:14:00.494860,-165.8079
2024-04-30 10:14:00.510480,-190.4747
2024-04-30 10:14:00.526110,-217.2681
2024-04-30 10:14:00.541730,-246.7951
2024-04-30 10:14:00.557360,-278.2971
2024-04-30 10:14:00.572990,-309.277
2024-04-30 10:14:00.588610,-335.7408
2024-04-30 10:14:00.604240,-353.1462
2024-04-30 10:14:00.619860,-357.908
2024-04-30 10:14:00.635490,-348.7143
2024-04-30 10:14:00.651110,-327.0552
2024-04-30 10:14:00.666740,-296.6551
2024-04-30 10:14:00.682370,-262.1695
2024-04-30 10:14:00.697990,-227.6546
2024-04-30 10:14:00.713620,-195.6895
2024-04-30 10:14:00.729240,-167.2829
2024-04-30 10:14:00.744870,-142.3638
2024-04-30 10:14:00.760490,-120.4041
2024-04-30 10:14:00.776120,-100.7546
2024-04-30 10:14:00.791750,-82.53528
2024-04-30 10:14:00.807370,-64.67621
2024-04-30 10:14:00.823000,-45.98969
2024-04-30 10:14:00.838620,-25.48792
2024-04-30 10:14:00.854250,-2.889771
2024-04-30 10:14:00.869870,21.31177
2024-04-30 10:14:00.885500,46.11517
2024-04-30 10:14:00.901130,70.49969
2024-04-30 10:14:00.916750,93.97321
2024-04-30 10:14:00.932380,116.9967
2024-04-30 10:14:00.948000,140.7736
2024-04-30 10:14:00.963630,166.7666
2024-04-30 10:14:00.979260,195.841
2024-04-30 10:14:00.994880,227.5056
2024-04-30 10:14:01.010510,259.6422
2024-04-30 10:14:01.026130,288.8859
2024-04-30 10:14:01.041760,311.7649
2024-04-30 10:14:01.057380,325.883
2024-04-30 10:14:01.073010,330.9707
2024-04-30 10:14:01.088640,328.9324
2024-04-30 10:14:01.104260,323.1724
2024-04-30 10:14:01.119890,317.2031
2024-04-30 10:14:01.135510,313.3728
2024-04-30 10:14:01.151140,312.1224
2024-04-30 10:14:01.166760,312.0604
2024-04-30 10:14:01.182390,310.829
2024-04-30 10:14:01.198020,306.2048
2024-04-30 10:14:01.213640,297.3617
2024-04-30 10:14:01.229270,285.4694
2024-04-30 10:14:01.244890,273.7006
2024-04-30 10:14:01.260520,266.3276
2024-04-30 10:14:01.276140,267.2166
2024-04-30 10:14:01.291770,278.4462
2024-04-30 10:14:01.307400,299.3616
2024-04-30 10:14:01.323020,326.6968
2024-04-30 10:14:01.338650,355.7745
2024-04-30 10:14:01.354270,382.1123
2024-04-30 10:14:01.369900,402.7607
2024-04-30 10:14:01.385520,416.8147
2024-04-30 10:14:01.401150,425.1038
2024-04-30 10:14:01.416780,429.1674
2024-04-30 10:14:01.432400,430.553
2024-04-30 10:14:01.448030,430.3241
2024-04-30 10:14:01.463650,429.1354
2024-04-30 10:14:01.479280,427.3002
2024-04-30 10:14:01.494900,424.7847
2024-04-30 10:14:01.510530,421.0669
2024-04-30 10:14:01.526160,415.0128
2024-04-30 10:14:01.541780,405.1288
2024-04-30 10:14:01.557410,390.0632
2024-04-30 10:14:01.573030,369.2384
2024-04-30 10:14:01.588660,343.1691
2024-04-30 10:14:01.604280,313.3868
2024-04-30 10:14:01.619910,281.8918
2024-04-30 10:14:01.635540,250.5908
2024-04-30 10:14:01.651160,221.0565
2024-04-30 10:14:01.666790,194.5305
2024-04-30 10:14:01.682410,172.0414
2024-04-30 10:14:01.698040,154.2379
2024-04-30 10:14:01.713660,141.0377
2024-04-30 10:14:01.729290,131.239
2024-04-30 10:14:01.744920,122.6574
2024-04-30 10:14:01.760540,112.7437
2024-04-30 10:14:01.776170,99.5639
2024-04-30 10:14:01.791790,82.59882
2024-04-30 10:14:01.807420,62.80682
2024-04-30 10:14:01.823040,42.02484
2024-04-30 10:14:01.838670,21.95319
2024-04-30 10:14:01.854300,3.448456
2024-04-30 10:14:01.869920,-13.6478
2024-04-30 10:14:01.885550,-30.0098
2024-04-30 10:14:01.901170,-46.29343
2024-04-30 10:14:01.916800,-62.70093
2024-04-30 10:14:01.932420,-79.00606
2024-04-30 10:14:01.948050,-94.69406
2024-04-30 10:14:01.963680,-109.0556
2024-04-30 10:14:01.979300,-121.1849
2024-04-30 10:14:01.994930,-129.9982
2024-04-30 10:14:02.010550,-134.4679
2024-04-30 10:14:02.026180,-133.8253
2024-04-30 10:14:02.041800,-127.9749
2024-04-30 10:14:02.057430,-117.4927
2024-04-30 10:14:02.073060,-103.4641
2024-04-30 10:14:02.088680,-87.22194
2024-04-30 10:14:02.104310,-70.08583
2024-04-30 10:14:02.119930,-53.39281
2024-04-30 10:14:02.135560,-38.50366
2024-04-30 10:14:02.151180,-26.8504
2024-04-30 10:14:02.166810,-19.60635
2024-04-30 10:14:02.182440,-17.25482
2024-04-30 10:14:02.198060,-19.39792
2024-04-30 10:14:02.213690,-24.88336
2024-04-30 10:14:02.229310,-32.28479
2024-04-30 10:14:02.244940,-40.39874
2024-04-30 10:14:02.260560,-48.67883
2024-04-30 10:14:02.276190,-57.04834
2024-04-30 10:14:02.291820,-65.64935
2024-04-30 10:14:02.307440,-74.53125
2024-04-30 10:14:02.323070,-83.47504
2024-04-30 10:14:02.338690,-92.2301
2024-04-30 10:14:02.354320,-100.8273
2024-04-30 10:14:02.369940,-109.7723
2024-04-30 10:14:02.385570,-119.8585
2024-04-30 10:14:02.401200,-131.9121
2024-04-30 10:14:02.416820,-146.2747
2024-04-30 10:14:02.432450,-162.612
2024-04-30 10:14:02.448070,-180.0732
2024-04-30 10:14:02.463700,-197.668
2024-04-30 10:14:02.479320,-214.7461
2024-04-30 10:14:02.494950,-231.3794
2024-04-30 10:14:02.510580,-248.3654
2024-04-30 10:14:02.526200,-266.7842
2024-04-30 10:14:02.541830,-287.6262
2024-04-30 10:14:02.557450,-311.3937
2024-04-30 10:14:02.573080,-337.9138
2024-04-30 10:14:02.588700,-366.4165
2024-04-30 10:14:02.604330,-395.5875
2024-04-30 10:14:02.619960,-423.8306
2024-04-30 10:14:02.635580,-449.527
2024-04-30 10:14:02.651210,-471.4294
2024-04-30 10:14:02.666830,-489.2336
2024-04-30 10:14:02.682460,-503.9606
2024-04-30 10:14:02.698080,-517.7961
2024-04-30 10:14:02.713710,-533.3202
2024-04-30 10:14:02.729340,-552.1686
2024-04-30 10:14:02.744960,-573.5736
2024-04-30 10:14:02.760590,-594.0668
2024-04-30 10:14:02.776210,-608.3116
2024-04-30 10:14:02.791840,-611.011
2024-04-30 10:14:02.807460,-599.1392
2024-04-30 10:14:02.823090,-573.1628
2024-04-30 10:14:02.838720,-536.7266
2024-04-30 10:14:02.854340,-495.0558
2024-04-30 10:14:02.869970,-452.9738
2024-04-30 10:14:02.885590,-413.4001
2024-04-30 10:14:02.901220,-377.2006
2024-04-30 10:14:02.916840,-343.8937
2024-04-30 10:14:02.932470,-312.6302
2024-04-30 10:14:02.948100,-282.9548
2024-04-30 10:14:02.963720,-254.7893
2024-04-30 10:14:02.979350,-227.9381
2024-04-30 10:14:02.994970,-201.7472
2024-04-30 10:14:03.010600,-175.2694
2024-04-30 10:14:03.026220,-147.6569
2024-04-30 10:14:03.041850,-118.7087
2024-04-30 10:14:03.057480,-89.0127
2024-04-30 10:14:03.073100,-59.61304
2024-04-30 10:14:03.088730,-31.46771
2024-04-30 10:14:03.104350,-4.870117
2024-04-30 10:14:03.119980,20.71118
2024-04-30 10:14:03.135610,46.08386
2024-04-30 10:14:03.151230,71.51691
2024-04-30 10:14:03.166860,96.09845
2024-04-30 10:14:03.182480,117.4614
2024-04-30 10:14:03.198110,132.2648
2024-04-30 10:14:03.213730,137.2526
2024-04-30 10:14:03.229360,130.413
2024-04-30 10:14:03.244990,111.9937
2024-04-30 10:14:03.260610,84.94043
2024-04-30 10:14:03.276240,54.39215
2024-04-30 10:14:03.291860,26.45947
2024-04-30 10:14:03.307490,6.73877
2024-04-30 10:14:03.323110,-1.224487
2024-04-30 10:14:03.338740,3.370575
2024-04-30 10:14:03.354370,18.75946
2024-04-30 10:14:03.369990,41.55832
2024-04-30 10:14:03.385620,68.05081
2024-04-30 10:14:03.401240,95.20279
2024-04-30 10:14:03.416870,121.0964
2024-04-30 10:14:03.432490,144.7955
2024-04-30 10:14:03.448120,165.9139
2024-04-30 10:14:03.463750,184.19
2024-04-30 10:14:03.479370,199.3108
2024-04-30 10:14:03.495000,211.0025
2024-04-30 10:14:03.510620,218.9982
2024-04-30 10:14:03.526250,223.0516
2024-04-30 10:14:03.541870,222.8115
2024-04-30 10:14:03.557500,217.8996
2024-04-30 10:14:03.573130,208.1485
2024-04-30 10:14:03.588750,193.8649
2024-04-30 10:14:03.604380,175.9298
2024-04-30 10:14:03.620000,155.7372
2024-04-30 10:14:03.635630,134.8585
2024-04-30 10:14:03.651250,114.5869
2024-04-30 10:14:03.666880,95.74256
2024-04-30 10:14:03.682510,78.53134
2024-04-30 10:14:03.698130,62.65863
2024-04-30 10:14:03.713760,47.35344
2024-04-30 10:14:03.729380,31.57295
2024-04-30 10:14:03.745010,14.14851
2024-04-30 10:14:03.760630,-5.848724
2024-04-30 10:14:03.776260,-28.64743
2024-04-30 10:14:03.791890,-53.62842
2024-04-30 10:14:03.807510,-79.26508
2024-04-30 10:14:03.823140,-103.6758
2024-04-30 10:14:03.838760,-125.2112
2024-04-30 10:14:03.854390,-143.0517
2024-04-30 10:14:03.870010,-157.2633
2024-04-30 10:14:03.885640,-168.5818
2024-04-30 10:14:03.901270,-177.9377
2024-04-30 10:14:03.916890,-186.0543
2024-04-30 10:14:03.932520,-193.3508
2024-04-30 10:14:03.948140,-199.9233
2024-04-30 10:14:03.963770,-205.4908
2024-04-30 10:14:03.979390,-209.3226
2024-04-30 10:14:03.995020,-210.2258
2024-04-30 10:14:04.010650,-206.795
2024-04-30 10:14:04.026270,-197.9415
2024-04-30 10:14:04.041900,-183.4347
2024-04-30 10:14:04.057520,-164.1371
2024-04-30 10:14:04.073150,-141.6746
2024-04-30 10:14:04.088770,-117.7864
2024-04-30 10:14:04.104400,-93.68225
2024-04-30 10:14:04.120030,-69.72748
2024-04-30 10:14:04.135650,-45.70563
2024-04-30 10:14:04.151280,-21.30945
2024-04-30 10:14:04.166900,3.521362
2024-04-30 10:14:04.182530,28.42596
2024-04-30 10:14:04.198150,52.99121
2024-04-30 10:14:04.213780,76.97656
2024-04-30 10:14:04.229410,100.5481
2024-04-30 10:14:04.245030,124.1841
2024-04-30 10:14:04.260660,148.5851
2024-04-30 10:14:04.276280,174.5088
2024-04-30 10:14:04.291910,202.5248
2024-04-30 10:14:04.307530,232.726
2024-04-30 10:14:04.323160,264.2014
2024-04-30 10:14:04.338790,294.855
2024-04-30 10:14:04.354410,321.5839
2024-04-30 10:14:04.370040,341.048
2024-04-30 10:14:04.385660,350.718
2024-04-30 10:14:04.401290,349.7813
2024-04-30 10:14:04.416910,339.3921
2024-04-30 10:14:04.432540,322.184
2024-04-30 10:14:04.448170,301.2627
2024-04-30 10:14:04.463790,279.1959
2024-04-30 10:14:04.479420,257.3944
2024-04-30 10:14:04.495040,236.132
2024-04-30 10:14:04.510670,215.0243
2024-04-30 10:14:04.526290,193.573
2024-04-30 10:14:04.541920,171.5841
2024-04-30 10:14:04.557550,149.1921
2024-04-30 10:14:04.573170,126.8065
2024-04-30 10:14:04.588800,104.9442
2024-04-30 10:14:04.604420,84.10876
2024-04-30 10:14:04.620050,64.68127
2024-04-30 10:14:04.635670,46.84119
2024-04-30 10:14:04.651300,30.44434
2024-04-30 10:14:04.666930,15.10205
2024-04-30 10:14:04.682550,0.06665039
2024-04-30 10:14:04.698180,-15.67432
2024-04-30 10:14:04.713800,-33.08582
2024-04-30 10:14:04.729430,-52.53394
2024-04-30 10:14:04.745050,-73.14148
2024-04-30 10:14:04.760680,-92.4209
2024-04-30 10:14:04.776310,-106.4618
2024-04-30 10:14:04.791930,-111.0421
2024-04-30 10:14:04.807560,-103.0239
2024-04-30 10:14:04.823180,-81.77661
2024-04-30 10:14:04.838810,-49.64929
2024-04-30 10:14:04.854430,-11.30774
2024-04-30 10:14:04.870060,27.87622
2024-04-30 10:14:04.885690,63.5896
2024-04-30 10:14:04.901310,93.70508
2024-04-30 10:14:04.916940,118.3998
2024-04-30 10:14:04.932560,139.2932
2024-04-30 10:14:04.948190,158.1941
2024-04-30 10:14:04.963810,176.1614
2024-04-30 10:14:04.979440,193.1012
2024-04-30 10:14:04.995070,208.0873
2024-04-30 10:14:05.010690,219.9534
2024-04-30 10:14:05.026320,227.8242
2024-04-30 10:14:05.041940,231.4335
2024-04-30 10:14:05.057570,231.1467
2024-04-30 10:14:05.073190,227.7
2024-04-30 10:14:05.088820,221.9238
2024-04-30 10:14:05.104450,214.5414
2024-04-30 10:14:05.120070,205.9154
2024-04-30 10:14:05.135700,196.1218
2024-04-30 10:14:05.151320,184.9524
2024-04-30 10:14:05.166950,172.1393
2024-04-30 10:14:05.182570,157.5769
2024-04-30 10:14:05.198200,141.4316
2024-04-30 10:14:05.213830,124.1729
2024-04-30 10:14:05.229450,106.4026
2024-04-30 10:14:05.245080,88.67297
2024-04-30 10:14:05.260700,71.17529
2024-04-30 10:14:05.276330,53.79517
2024-04-30 10:14:05.291950,36.18506
2024-04-30 10:14:05.307580,18.01245
2024-04-30 10:14:05.323210,-0.7589111
2024-04-30 10:14:05.338830,-19.8241
2024-04-30 10:14:05.354460,-38.62402
2024-04-30 10:14:05.370080,-56.60193
2024-04-30 10:14:05.385710,-73.30469
2024-04-30 10:14:05.401340,-88.56104
2024-04-30 10:14:05.416960,-102.4329
2024-04-30 10:14:05.432590,-115.2206
2024-04-30 10:14:05.448210,-127.5028
2024-04-30 10:14:05.463840,-140.0302
2024-04-30 10:14:05.479460,-153.5668
2024-04-30 10:14:05.495090,-168.2694
2024-04-30 10:14:05.510720,-183.1521
2024-04-30 10:14:05.526340,-195.8414
2024-04-30 10:14:05.541970,-203.0521
2024-04-30 10:14:05.557590,-201.7698
2024-04-30 10:14:05.573220,-190.6844
2024-04-30 10:14:05.588840,-171.2144
2024-04-30 10:14:05.604470,-147.3666
2024-04-30 10:14:05.620100,-124.5818
2024-04-30 10:14:05.635720,-107.8197
2024-04-30 10:14:05.651350,-99.88745
2024-04-30 10:14:05.666970,-100.5923
2024-04-30 10:14:05.682600,-107.0713
2024-04-30 10:14:05.698220,-114.9873
2024-04-30 10:14:05.713850,-120.1196
2024-04-30 10:14:05.729480,-119.723
2024-04-30 10:14:05.745100,-113.1479
2024-04-30 10:14:05.760730,-101.7689
2024-04-30 10:14:05.776350,-88.16992
2024-04-30 10:14:05.791980,-75.0542
2024-04-30 10:14:05.807600,-64.32825
2024-04-30 10:14:05.823230,-56.50171
2024-04-30 10:14:05.838860,-50.83887
2024-04-30 10:14:05.854480,-45.98218
2024-04-30 10:14:05.870110,-40.79346
2024-04-30 10:14:05.885730,-34.8252
2024-04-30 10:14:05.901360,-28.44263
2024-04-30 10:14:05.916980,-22.42236
2024-04-30 10:14:05.932610,-17.43359
2024-04-30 10:14:05.948240,-13.67651
2024-04-30 10:14:05.963860,-10.86133
2024-04-30 10:14:05.979490,-8.565674
2024-04-30 10:14:05.995110,-6.607178
2024-04-30 10:14:06.010740,-5.252441
2024-04-30 10:14:06.026360,-5.03418
2024-04-30 10:14:06.041990,-6.409668
2024-04-30 10:14:06.057620,-9.299561
2024-04-30 10:14:06.073240,-12.92554
2024-04-30 10:14:06.088870,-16.05078
2024-04-30 10:14:06.104490,-17.46875
2024-04-30 10:14:06.120120,-16.63281
2024-04-30 10:14:06.135740,-13.88647
2024-04-30 10:14:06.151370,-10.22705
2024-04-30 10:14:06.167000,-6.764404
2024-04-30 10:14:06.182620,-4.170166
2024-04-30 10:14:06.198250,-2.445068
2024-04-30 10:14:06.213870,-1.160645
2024-04-30 10:14:06.229500,0.2312012
2024-04-30 10:14:06.245120,2.135498
2024-04-30 10:14:06.260750,4.890381
2024-04-30 10:14:06.276380,9.187988
2024-04-30 10:14:06.292000,16.30786
2024-04-30 10:14:06.307630,27.85327
2024-04-30 10:14:06.323250,45.03052
2024-04-30 10:14:06.338880,67.85083
2024-04-30 10:14:06.354500,94.65698
2024-04-30 10:14:06.370130,122.4336
2024-04-30 10:14:06.385760,147.7722
2024-04-30 10:14:06.401380,167.988
2024-04-30 10:14:06.417010,181.9238
2024-04-30 10:14:06.432630,189.9905
2024-04-30 10:14:06.448260,193.6521
2024-04-30 10:14:06.463880,194.5493
2024-04-30 10:14:06.479510,194.0916
2024-04-30 10:14:06.495140,193.2708
2024-04-30 10:14:06.510760,192.9463
2024-04-30 10:14:06.526390,194.0535
2024-04-30 10:14:06.542010,197.6221
2024-04-30 10:14:06.557640,204.4536
2024-04-30 10:14:06.573260,214.7583
2024-04-30 10:14:06.588890,227.9846
2024-04-30 10:14:06.604520,242.9077
2024-04-30 10:14:06.620140,258.0596
2024-04-30 10:14:06.635770,272.0842
2024-04-30 10:14:06.651390,284.0586
2024-04-30 10:14:06.667020,293.4585
2024-04-30 10:14:06.682640,300.012
2024-04-30 10:14:06.698270,303.572
2024-04-30 10:14:06.713900,304.0327
2024-04-30 10:14:06.729520,301.387
2024-04-30 10:14:06.745150,295.8196
2024-04-30 10:14:06.760770,287.6655
2024-04-30 10:14:06.776400,277.2241
2024-04-30 10:14:06.792020,264.6777
2024-04-30 10:14:06.807650,249.9822
2024-04-30 10:14:06.823280,232.9346
2024-04-30 10:14:06.838900,213.3745
2024-04-30 10:14:06.854530,191.2871
2024-04-30 10:14:06.870150,166.9304
2024-04-30 10:14:06.885780,140.7849
2024-04-30 10:14:06.901400,113.5559
2024-04-30 10:14:06.917030,86.08228
2024-04-30 10:14:06.932660,59.08081
2024-04-30 10:14:06.948280,32.90015
2024-04-30 10:14:06.963910,7.192383
2024-04-30 10:14:06.979530,-18.95581
2024-04-30 10:14:06.995160,-46.6311
2024-04-30 10:14:07.010780,-76.2207
2024-04-30 10:14:07.026410,-106.7483
2024-04-30 10:14:07.042040,-135.7695
2024-04-30 10:14:07.057660,-159.9963
2024-04-30 10:14:07.073290,-176.4503
2024-04-30 10:14:07.088910,-183.6224
2024-04-30 10:14:07.104540,-181.9857
2024-04-30 10:14:07.120160,-173.7289
2024-04-30 10:14:07.135790,-161.8805
2024-04-30 10:14:07.151420,-149.2582
2024-04-30 10:14:07.167040,-137.7316
2024-04-30 10:14:07.182670,-127.8734
2024-04-30 10:14:07.198290,-119.1034
2024-04-30 10:14:07.213920,-110.0284
2024-04-30 10:14:07.229540,-99.22864
2024-04-30 10:14:07.245170,-85.92236
2024-04-30 10:14:07.260800,-70.47363
2024-04-30 10:14:07.276420,-54.44507
2024-04-30 10:14:07.292050,-40.01746
2024-04-30 10:14:07.307670,-29.1593
2024-04-30 10:14:07.323300,-22.96179
2024-04-30 10:14:07.338920,-21.41199
2024-04-30 10:14:07.354550,-23.6825
2024-04-30 10:14:07.370180,-28.64063
2024-04-30 10:14:07.385800,-35.15625
2024-04-30 10:14:07.401430,-42.18274
2024-04-30 10:14:07.417050,-48.72766
2024-04-30 10:14:07.432680,-53.8717
2024-04-30 10:14:07.448300,-57.04956
2024-04-30 10:14:07.463930,-58.34827
2024-04-30 10:14:07.479560,-58.5863
2024-04-30 10:14:07.495180,-58.99243
2024-04-30 10:14:07.510810,-60.82544
2024-04-30 10:14:07.526430,-64.92859
2024-04-30 10:14:07.542060,-71.71509
2024-04-30 10:14:07.557680,-81.25989
2024-04-30 10:14:07.573310,-93.37952
2024-04-30 10:14:07.588940,-107.6216
2024-04-30 10:14:07.604560,-123.0951
2024-04-30 10:14:07.620190,-138.4725
2024-04-30 10:14:07.635810,-152.1615
2024-04-30 10:14:07.651440,-162.7981
2024-04-30 10:14:07.667060,-169.7393
2024-04-30 10:14:07.682690,-173.4242
2024-04-30 10:14:07.698320,-175.2648
2024-04-30 10:14:07.713940,-177.0909
2024-04-30 10:14:07.729570,-180.462
2024-04-30 10:14:07.745190,-185.9221
2024-04-30 10:14:07.760820,-192.5879
2024-04-30 10:14:07.776440,-198.193
2024-04-30 10:14:07.792070,-199.8073
2024-04-30 10:14:07.807700,-194.7485
2024-04-30 10:14:07.823320,-181.7156
2024-04-30 10:14:07.838950,-161.3259
2024-04-30 10:14:07.854570,-135.8962
2024-04-30 10:14:07.870200,-108.5895
2024-04-30 10:14:07.885820,-82.19946
2024-04-30 10:14:07.901450,-58.26245
2024-04-30 10:14:07.917080,-36.80823
2024-04-30 10:14:07.932700,-16.88684
2024-04-30 10:14:07.948330,2.63501
2024-04-30 10:14:07.963950,22.30969
2024-04-30 10:14:07.979580,41.79712
2024-04-30 10:14:07.995210,60.12292
2024-04-30 10:14:08.010830,76.17297
2024-04-30 10:14:08.026460,89.24341
2024-04-30 10:14:08.042080,99.25293
2024-04-30 10:14:08.057710,106.6328
2024-04-30 10:14:08.073330,111.9974
2024-04-30 10:14:08.088960,115.931
2024-04-30 10:14:08.104590,118.8494
2024-04-30 10:14:08.120210,120.9894
2024-04-30 10:14:08.135840,122.5433
2024-04-30 10:14:08.151460,123.6825
2024-04-30 10:14:08.167090,124.6957
2024-04-30 10:14:08.182710,125.9214
2024-04-30 10:14:08.198340,127.7063
2024-04-30 10:14:08.213970,130.2902
2024-04-30 10:14:08.229590,133.6134
2024-04-30 10:14:08.245220,137.2231
2024-04-30 10:14:08.260840,140.2498
2024-04-30 10:14:08.276470,141.692
2024-04-30 10:14:08.292090,140.7821
2024-04-30 10:14:08.307720,137.4475
2024-04-30 10:14:08.323350,132.5009
2024-04-30 10:14:08.338970,127.4742
2024-04-30 10:14:08.354600,124.1627
2024-04-30 10:14:08.370220,123.8833
2024-04-30 10:14:08.385850,127.0513
2024-04-30 10:14:08.401470,132.9875
2024-04-30 10:14:08.417100,140.2728
2024-04-30 10:14:08.432730,147.323
2024-04-30 10:14:08.448350,153.0327
2024-04-30 10:14:08.463980,157.1719
2024-04-30 10:14:08.479600,160.3407
2024-04-30 10:14:08.495230,163.6145
2024-04-30 10:14:08.510850,167.9855
2024-04-30 10:14:08.526480,173.9661
2024-04-30 10:14:08.542110,181.2869
2024-04-30 10:14:08.557730,188.95
2024-04-30 10:14:08.573360,195.2833
2024-04-30 10:14:08.588980,198.2982
2024-04-30 10:14:08.604610,196.1782
2024-04-30 10:14:08.620230,187.849
2024-04-30 10:14:08.635860,173.7
2024-04-30 10:14:08.651490,155.8565
2024-04-30 10:14:08.667110,137.9102
2024-04-30 10:14:08.682740,123.8975
2024-04-30 10:14:08.698360,116.895
2024-04-30 10:14:08.713990,117.7859
2024-04-30 10:14:08.729610,124.9827
2024-04-30 10:14:08.745240,135.0955
2024-04-30 10:14:08.760870,144.3306
2024-04-30 10:14:08.776490,149.8657
2024-04-30 10:14:08.792120,150.5082
2024-04-30 10:14:08.807740,146.4334
2024-04-30 10:14:08.823370,138.4216
2024-04-30 10:14:08.838990,127.1333
2024-04-30 10:14:08.854620,112.8618
2024-04-30 10:14:08.870250,95.86148
2024-04-30 10:14:08.885870,76.79428
2024-04-30 10:14:08.901500,56.87909
2024-04-30 10:14:08.917120,37.60992
2024-04-30 10:14:08.932750,20.07886
2024-04-30 10:14:08.948370,4.424469
2024-04-30 10:14:08.964000,-10.328
2024-04-30 10:14:08.979630,-25.9101
2024-04-30 10:14:08.995250,-44.06189
2024-04-30 10:14:09.010880,-65.93266
2024-04-30 10:14:09.026500,-91.57957
2024-04-30 10:14:09.042130,-120.0901
2024-04-30 10:14:09.057750,-149.8873
2024-04-30 10:14:09.073380,-179.45
2024-04-30 10:14:09.089010,-207.8311
2024-04-30 10:14:09.104630,-234.748
2024-04-30 10:14:09.120260,-260.479
2024-04-30 10:14:09.135880,-285.2856
2024-04-30 10:14:09.151510,-309.0504
2024-04-30 10:14:09.167130,-331.1291
2024-04-30 10:14:09.182760,-350.6448
2024-04-30 10:14:09.198390,-366.8318
2024-04-30 10:14:09.214010,-379.3356
2024-04-30 10:14:09.229640,-388.0389
2024-04-30 10:14:09.245260,-392.6188
2024-04-30 10:14:09.260890,-392.2217
2024-04-30 10:14:09.276510,-385.428
2024-04-30 10:14:09.292140,-370.6647
2024-04-30 10:14:09.307770,-346.8415
2024-04-30 10:14:09.323390,-313.95
2024-04-30 10:14:09.339020,-273.0685
2024-04-30 10:14:09.354640,-226.1692
2024-04-30 10:14:09.370270,-175.4517
2024-04-30 10:14:09.385890,-122.873
2024-04-30 10:14:09.401520,-69.99817
2024-04-30 10:14:09.417150,-18.08624
2024-04-30 10:14:09.432770,31.60474
2024-04-30 10:14:09.448400,77.76807
2024-04-30 10:14:09.464020,119.1176
2024-04-30 10:14:09.479650,154.784
2024-04-30 10:14:09.495270,184.6284
2024-04-30 10:14:09.510900,209.3547
2024-04-30 10:14:09.526530,230.2409
2024-04-30 10:14:09.542150,248.6556
2024-04-30 10:14:09.557780,265.5594
2024-04-30 10:14:09.573400,281.2027
2024-04-30 10:14:09.589030,295.0729
2024-04-30 10:14:09.604650,306.1343
2024-04-30 10:14:09.620280,313.1298
2024-04-30 10:14:09.635910,314.8685
2024-04-30 10:14:09.651530,310.3853
2024-04-30 10:14:09.667160,299.1516
2024-04-30 10:14:09.682780,281.2785
2024-04-30 10:14:09.698410,257.6516
2024-04-30 10:14:09.714030,229.9191
2024-04-30 10:14:09.729660,200.2454
2024-04-30 10:14:09.745290,170.7961
2024-04-30 10:14:09.760910,143.2364
2024-04-30 10:14:09.776540,118.3826
2024-04-30 10:14:09.792160,96.07788
2024-04-30 10:14:09.807790,75.43634
2024-04-30 10:14:09.823410,55.17676
2024-04-30 10:14:09.839040,33.99908
2024-04-30 10:14:09.854670,10.703
2024-04-30 10:14:09.870290,-15.75745
2024-04-30 10:14:09.885920,-46.0025
2024-04-30 10:14:09.901540,-79.79401
2024-04-30 10:14:09.917170,-115.5044
2024-04-30 10:14:09.932790,-150.073
2024-04-30 10:14:09.948420,-179.5913
2024-04-30 10:14:09.964050,-200.6694
2024-04-30 10:14:09.979670,-211.8419
2024-04-30 10:14:09.995300,-214.3455
2024-04-30 10:14:10.010920,-211.6278
2024-04-30 10:14:10.026550,-207.8815
2024-04-30 10:14:10.042170,-206.1874
2024-04-30 10:14:10.057800,-207.4542
2024-04-30 10:14:10.073430,-210.5137
2024-04-30 10:14:10.089050,-213.2988
2024-04-30 10:14:10.104680,-214.3351
2024-04-30 10:14:10.120300,-213.5363
2024-04-30 10:14:10.135930,-211.9675
2024-04-30 10:14:10.151550,-210.8121
2024-04-30 10:14:10.167180,-210.4379
2024-04-30 10:14:10.182810,-210.1626
2024-04-30 10:14:10.198430,-209.0416
2024-04-30 10:14:10.214060,-207.0131
2024-04-30 10:14:10.229680,-205.5896
2024-04-30 10:14:10.245310,-207.5232
2024-04-30 10:14:10.260940,-215.5083
2024-04-30 10:14:10.276560,-230.5166
2024-04-30 10:14:10.292190,-250.9121
2024-04-30 10:14:10.307810,-272.7094
2024-04-30 10:14:10.323440,-291.1021
2024-04-30 10:14:10.339060,-302.3727
2024-04-30 10:14:10.354690,-305.2054
2024-04-30 10:14:10.370320,-300.9708
2024-04-30 10:14:10.385940,-292.7828
2024-04-30 10:14:10.401570,-284.1105
2024-04-30 10:14:10.417190,-277.3759
2024-04-30 10:14:10.432820,-273.3097
2024-04-30 10:14:10.448440,-270.948
2024-04-30 10:14:10.464070,-268.2778
2024-04-30 10:14:10.479700,-263.205
2024-04-30 10:14:10.495320,-254.4331
2024-04-30 10:14:10.510950,-242.0052
2024-04-30 10:14:10.526570,-227.3339
2024-04-30 10:14:10.542200,-212.6649
2024-04-30 10:14:10.557820,-200.2869
2024-04-30 10:14:10.573450,-191.8469
2024-04-30 10:14:10.589080,-187.8925
2024-04-30 10:14:10.604700,-187.803
2024-04-30 10:14:10.620330,-189.9735
2024-04-30 10:14:10.635950,-192.1379
2024-04-30 10:14:10.651580,-191.9073
2024-04-30 10:14:10.667200,-187.1995
2024-04-30 10:14:10.682830,-176.8057
2024-04-30 10:14:10.698460,-160.7317
2024-04-30 10:14:10.714080,-140.1348
2024-04-30 10:14:10.729710,-116.9382
2024-04-30 10:14:10.745330,-93.12646
2024-04-30 10:14:10.760960,-70.12097
2024-04-30 10:14:10.776580,-48.4834
2024-04-30 10:14:10.792210,-28.1217
2024-04-30 10:14:10.807840,-8.65918
2024-04-30 10:14:10.823460,10.12488
2024-04-30 10:14:10.839090,28.09863
2024-04-30 10:14:10.854710,44.83569
2024-04-30 10:14:10.870340,59.75342
2024-04-30 10:14:10.885960,72.31128
2024-04-30 10:14:10.901590,82.04395
2024-04-30 10:14:10.917220,88.66345
2024-04-30 10:14:10.932840,92.0882
2024-04-30 10:14:10.948470,92.44366
2024-04-30 10:14:10.964090,90.11786
2024-04-30 10:14:10.979720,85.70764
2024-04-30 10:14:10.995340,80.01215
2024-04-30 10:14:11.010970,73.88416
2024-04-30 10:14:11.026600,68.19208
2024-04-30 10:14:11.042220,63.48041
2024-04-30 10:14:11.057850,59.86139
2024-04-30 10:14:11.073470,56.88458
2024-04-30 10:14:11.089100,53.56555
2024-04-30 10:14:11.104720,48.73315
2024-04-30 10:14:11.120350,41.39465
2024-04-30 10:14:11.135980,31.28644
2024-04-30 10:14:11.151600,18.85645
2024-04-30 10:14:11.167230,5.216003
2024-04-30 10:14:11.182850,-8.37384
2024-04-30 10:14:11.198480,-21.01465
2024-04-30 10:14:11.214100,-32.46326
2024-04-30 10:14:11.229730,-43.18341
2024-04-30 10:14:11.245360,-54.13806
2024-04-30 10:14:11.260980,-66.46484
2024-04-30 10:14:11.276610,-81.07703
2024-04-30 10:14:11.292230,-98.37473
2024-04-30 10:14:11.307860,-117.8535
2024-04-30 10:14:11.323480,-137.8693
2024-04-30 10:14:11.339110,-155.6608
2024-04-30 10:14:11.354740,-167.7947
2024-04-30 10:14:11.370360,-171.1026
2024-04-30 10:14:11.385990,-163.7392
2024-04-30 10:14:11.401610,-146.0109
2024-04-30 10:14:11.417240,-120.3399
2024-04-30 10:14:11.432860,-90.4592
2024-04-30 10:14:11.448490,-60.0799
2024-04-30 10:14:11.464120,-31.69478
2024-04-30 10:14:11.479740,-6.011368
2024-04-30 10:14:11.495370,17.72385
2024-04-30 10:14:11.510990,40.75317
2024-04-30 10:14:11.526620,63.85687
2024-04-30 10:14:11.542240,86.79887
2024-04-30 10:14:11.557870,108.4135
2024-04-30 10:14:11.573500,127.1788
2024-04-30 10:14:11.589120,141.9426
2024-04-30 10:14:11.604750,152.398
2024-04-30 10:14:11.620370,159.04
2024-04-30 10:14:11.636000,162.8982
2024-04-30 10:14:11.651620,164.9577
2024-04-30 10:14:11.667250,165.7906
2024-04-30 10:14:11.682880,165.4248
2024-04-30 10:14:11.698500,163.5229
2024-04-30 10:14:11.714130,159.7393
2024-04-30 10:14:11.729750,154.0898
2024-04-30 10:14:11.745380,147.0488
2024-04-30 10:14:11.761000,139.4907
2024-04-30 10:14:11.776630,132.3634
2024-04-30 10:14:11.792260,126.3482
2024-04-30 10:14:11.807880,121.5744
2024-04-30 10:14:11.823510,117.6034
2024-04-30 10:14:11.839130,113.5677
2024-04-30 10:14:11.854760,108.5785
2024-04-30 10:14:11.870380,102.1454
2024-04-30 10:14:11.886010,94.35901
2024-04-30 10:14:11.901640,85.87711
2024-04-30 10:14:11.917260,77.51227
2024-04-30 10:14:11.932890,69.79343
2024-04-30 10:14:11.948510,62.62552
2024-04-30 10:14:11.964140,55.28946
2024-04-30 10:14:11.979760,46.67529
2024-04-30 10:14:11.995390,35.69305
2024-04-30 10:14:12.011020,21.64044
2024-04-30 10:14:12.026640,4.463745
2024-04-30 10:14:12.042270,-15.008
2024-04-30 10:14:12.057890,-34.96631
2024-04-30 10:14:12.073520,-52.65509
2024-04-30 10:14:12.089140,-64.80328
2024-04-30 10:14:12.104770,-68.41345
2024-04-30 10:14:12.120400,-61.82098
2024-04-30 10:14:12.136020,-45.45001
2024-04-30 10:14:12.151650,-21.86359
2024-04-30 10:14:12.167270,5.008057
2024-04-30 10:14:12.182900,31.23883
2024-04-30 10:14:12.198520,54.22229
2024-04-30 10:14:12.214150,73.237
2024-04-30 10:14:12.229780,89.14313
2024-04-30 10:14:12.245400,103.434
2024-04-30 10:14:12.261030,117.2465
2024-04-30 10:14:12.276650,130.7064
2024-04-30 10:14:12.292280,143.0731
2024-04-30 10:14:12.307900,153.2226
2024-04-30 10:14:12.323530,160.2825
2024-04-30 10:14:12.339160,164.0486
2024-04-30 10:14:12.354780,164.9258
2024-04-30 10:14:12.370410,163.7396
2024-04-30 10:14:12.386030,161.2333
2024-04-30 10:14:12.401660,157.9096
2024-04-30 10:14:12.417280,153.877
2024-04-30 10:14:12.432910,149.0107
2024-04-30 10:14:12.448540,143.1705
2024-04-30 10:14:12.464160,136.3342
2024-04-30 10:14:12.479790,128.7269
2024-04-30 10:14:12.495410,120.633
2024-04-30 10:14:12.511040,112.3278
2024-04-30 10:14:12.526660,103.893
2024-04-30 10:14:12.542290,95.21741
2024-04-30 10:14:12.557920,86.05127
2024-04-30 10:14:12.573540,76.07001
2024-04-30 10:14:12.589170,65.0495
2024-04-30 10:14:12.604790,52.90448
2024-04-30 10:14:12.620420,39.81036
2024-04-30 10:14:12.636040,26.21484
2024-04-30 10:14:12.651670,12.71936
2024-04-30 10:14:12.667300,-0.00579834
2024-04-30 10:14:12.682920,-11.53918
2024-04-30 10:14:12.698550,-21.85352
2024-04-30 10:14:12.714170,-31.28833
2024-04-30 10:14:12.729800,-40.49695
2024-04-30 10:14:12.745420,-50.26233
2024-04-30 10:14:12.761050,-61.20929
2024-04-30 10:14:12.776680,-73.65686
2024-04-30 10:14:12.792300,-87.41956
2024-04-30 10:14:12.807930,-101.5062
2024-04-30 10:14:12.823550,-114.0342
2024-04-30 10:14:12.839180,-122.4077
2024-04-30 10:14:12.854800,-123.9142
2024-04-30 10:14:12.870430,-116.5792
2024-04-30 10:14:12.886060,-100.1042
2024-04-30 10:14:12.901680,-76.1673
2024-04-30 10:14:12.917310,-48.02692
2024-04-30 10:14:12.932930,-19.52277
2024-04-30 10:14:12.948560,6.225159
2024-04-30 10:14:12.964190,27.59296
2024-04-30 10:14:12.979810,44.57825
2024-04-30 10:14:12.995440,58.18848
2024-04-30 10:14:13.011060,69.65265
2024-04-30 10:14:13.026690,79.70544
2024-04-30 10:14:13.042310,88.37067
2024-04-30 10:14:13.057940,95.18213
2024-04-30 10:14:13.073570,99.60962
2024-04-30 10:14:13.089190,101.4697
2024-04-30 10:14:13.104820,101.0051
2024-04-30 10:14:13.120440,98.80206
2024-04-30 10:14:13.136070,95.57306
2024-04-30 10:14:13.151690,91.86401
2024-04-30 10:14:13.167320,87.90857
2024-04-30 10:14:13.182950,83.69415
2024-04-30 10:14:13.198570,79.08051
2024-04-30 10:14:13.214200,74.0282
2024-04-30 10:14:13.229820,68.72375
2024-04-30 10:14:13.245450,63.5318
2024-04-30 10:14:13.261070,58.78577
2024-04-30 10:14:13.276700,54.61078
2024-04-30 10:14:13.292330,50.745
2024-04-30 10:14:13.307950,46.58588
2024-04-30 10:14:13.323580,41.44904
2024-04-30 10:14:13.339200,34.84375
2024-04-30 10:14:13.354830,26.69806
2024-04-30 10:14:13.370450,17.41504
2024-04-30 10:14:13.386080,7.706604
2024-04-30 10:14:13.401710,-1.625366
2024-04-30 10:14:13.417330,-10.01825
2024-04-30 10:14:13.432960,-17.30127
2024-04-30 10:14:13.448580,-23.70959
2024-04-30 10:14:13.464210,-29.77863
2024-04-30 10:14:13.479830,-36.15411
2024-04-30 10:14:13.495460,-43.44012
2024-04-30 10:14:13.511090,-52.09735
2024-04-30 10:14:13.526710,-62.32166
2024-04-30 10:14:13.542340,-73.84436
2024-04-30 10:14:13.557960,-85.76105
2024-04-30 10:14:13.573590,-96.37097
2024-04-30 10:14:13.589210,-103.2958
2024-04-30 10:14:13.604840,-104.0658
2024-04-30 10:14:13.620470,-96.95117
2024-04-30 10:14:13.636090,-81.71027
2024-04-30 10:14:13.651720,-59.92163
2024-04-30 10:14:13.667340,-34.64307
2024-04-30 10:14:13.682970,-9.4245
2024-04-30 10:14:13.698590,12.79907
2024-04-30 10:14:13.714220,30.52002
2024-04-30 10:14:13.729850,43.77124
2024-04-30 10:14:13.745470,53.6015
2024-04-30 10:14:13.761100,61.30676
2024-04-30 10:14:13.776720,67.73956
2024-04-30 10:14:13.792350,73.10205
2024-04-30 10:14:13.807970,77.06671
2024-04-30 10:14:13.823600,79.23871
2024-04-30 10:14:13.839230,79.4079
2024-04-30 10:14:13.854850,77.82007
2024-04-30 10:14:13.870480,75.0412
2024-04-30 10:14:13.886100,71.71936
2024-04-30 10:14:13.901730,68.39899
2024-04-30 10:14:13.917350,65.30969
2024-04-30 10:14:13.932980,62.32556
2024-04-30 10:14:13.948610,59.18677
2024-04-30 10:14:13.964230,55.65546
2024-04-30 10:14:13.979860,51.70813
2024-04-30 10:14:13.995480,47.58337
2024-04-30 10:14:14.011110,43.63348
2024-04-30 10:14:14.026730,40.04071
2024-04-30 10:14:14.042360,36.74268
2024-04-30 10:14:14.057990,33.30035
2024-04-30 10:14:14.073610,29.09216
2024-04-30 10:14:14.089240,23.62054
2024-04-30 10:14:14.104860,16.72961
2024-04-30 10:14:14.120490,8.695374
2024-04-30 10:14:14.136110,0.157959
2024-04-30 10:14:14.151740,-8.16449
2024-04-30 10:14:14.167370,-15.74536
2024-04-30 10:14:14.182990,-22.38098
2024-04-30 10:14:14.198620,-28.28473
2024-04-30 10:14:14.214240,-33.91284
2024-04-30 10:14:14.229870,-39.80835
2024-04-30 10:14:14.245490,-46.48999
2024-04-30 10:14:14.261120,-54.35742
2024-04-30 10:14:14.276750,-63.69116
2024-04-30 10:14:14.292370,-74.43414
2024-04-30 10:14:14.308000,-86.03027
2024-04-30 10:14:14.323620,-97.08661
2024-04-30 10:14:14.339250,-105.5471
2024-04-30 10:14:14.354870,-109.0426
2024-04-30 10:14:14.370500,-105.6555
2024-04-30 10:14:14.386130,-94.79437
2024-04-30 10:14:14.401750,-77.57544
2024-04-30 10:14:14.417380,-56.58673
2024-04-30 10:14:14.433000,-34.99878
2024-04-30 10:14:14.448630,-15.56396
2024-04-30 10:14:14.464250,0.2784424
2024-04-30 10:14:14.479880,12.4408
2024-04-30 10:14:14.495510,21.77136
2024-04-30 10:14:14.511130,29.37183
2024-04-30 10:14:14.526760,35.87653
2024-04-30 10:14:14.542380,41.38098
2024-04-30 10:14:14.558010,45.54456
2024-04-30 10:14:14.573630,48.07751
2024-04-30 10:14:14.589260,48.94727
2024-04-30 10:14:14.604890,48.59473
2024-04-30 10:14:14.620510,47.62421
2024-04-30 10:14:14.636140,46.57507
2024-04-30 10:14:14.651760,45.70599
2024-04-30 10:14:14.667390,44.8501
2024-04-30 10:14:14.683010,43.66248
2024-04-30 10:14:14.698640,41.75323
2024-04-30 10:14:14.714270,39.00391
2024-04-30 10:14:14.729890,35.61462
2024-04-30 10:14:14.745520,32.06366
2024-04-30 10:14:14.761140,28.75568
2024-04-30 10:14:14.776770,25.77509
2024-04-30 10:14:14.792390,22.80768
2024-04-30 10:14:14.808020,19.13647
2024-04-30 10:14:14.823650,14.09155
2024-04-30 10:14:14.839270,7.359253
2024-04-30 10:14:14.854900,-0.8096313
2024-04-30 10:14:14.870520,-9.631897
2024-04-30 10:14:14.886150,-18.08862
2024-04-30 10:14:14.901770,-25.36646
2024-04-30 10:14:14.917400,-31.18359
2024-04-30 10:14:14.933030,-35.77917
2024-04-30 10:14:14.948650,-39.86688
2024-04-30 10:14:14.964280,-44.27252
2024-04-30 10:14:14.979900,-49.72205
2024-04-30 10:14:14.995530,-56.65863
2024-04-30 10:14:15.011150,-65.19293
2024-04-30 10:14:15.026780,-74.94586
2024-04-30 10:14:15.042410,-84.92102
2024-04-30 10:14:15.058030,-93.47583
2024-04-30 10:14:15.073660,-98.52972
2024-04-30 10:14:15.089280,-98.16296
2024-04-30 10:14:15.104910,-91.28033
2024-04-30 10:14:15.120540,-78.18195
2024-04-30 10:14:15.136160,-60.61084
2024-04-30 10:14:15.151790,-41.15857
2024-04-30 10:14:15.167410,-22.41638
2024-04-30 10:14:15.183040,-6.036011
2024-04-30 10:14:15.198660,7.590698
2024-04-30 10:14:15.214290,19.07703
2024-04-30 10:14:15.229920,29.35645
2024-04-30 10:14:15.245540,39.05035
2024-04-30 10:14:15.261170,48.10785
2024-04-30 10:14:15.276790,55.90863
2024-04-30 10:14:15.292420,61.75269
2024-04-30 10:14:15.308040,65.25055
2024-04-30 10:14:15.323670,66.57996
2024-04-30 10:14:15.339300,66.33929
2024-04-30 10:14:15.354920,65.28088
2024-04-30 10:14:15.370550,63.93378
2024-04-30 10:14:15.386170,62.44934
2024-04-30 10:14:15.401800,60.64734
2024-04-30 10:14:15.417420,58.17578
2024-04-30 10:14:15.433050,54.86255
2024-04-30 10:14:15.448680,50.80615
2024-04-30 10:14:15.464300,46.46216
2024-04-30 10:14:15.479930,42.31873
2024-04-30 10:14:15.495550,38.71149
2024-04-30 10:14:15.511180,35.52502
2024-04-30 10:14:15.526800,32.21881
2024-04-30 10:14:15.542430,28.05304
2024-04-30 10:14:15.558060,22.4129
2024-04-30 10:14:15.573680,15.14703
2024-04-30 10:14:15.589310,6.618347
2024-04-30 10:14:15.604930,-2.445129
2024-04-30 10:14:15.620560,-11.28925
2024-04-30 10:14:15.636180,-19.45215
2024-04-30 10:14:15.651810,-26.89429
2024-04-30 10:14:15.667440,-34.00717
2024-04-30 10:14:15.683060,-41.33368
2024-04-30 10:14:15.698690,-49.34216
2024-04-30 10:14:15.714310,-58.31662
2024-04-30 10:14:15.729940,-68.28427
2024-04-30 10:14:15.745560,-79.03757
2024-04-30 10:14:15.761190,-90.06573
2024-04-30 10:14:15.776820,-100.4446
2024-04-30 10:14:15.792440,-108.7709
2024-04-30 10:14:15.808070,-113.3271
2024-04-30 10:14:15.823690,-112.5062
2024-04-30 10:14:15.839320,-105.3852
2024-04-30 10:14:15.854940,-92.15485
2024-04-30 10:14:15.870570,-74.16125
2024-04-30 10:14:15.886200,-53.56421
2024-04-30 10:14:15.901820,-32.58441
2024-04-30 10:14:15.917450,-12.95898
2024-04-30 10:14:15.933070,4.479126
2024-04-30 10:14:15.948700,19.66388
2024-04-30 10:14:15.964320,32.84296
2024-04-30 10:14:15.979950,44.07999
2024-04-30 10:14:15.995580,53.13901
2024-04-30 10:14:16.011200,59.60352
2024-04-30 10:14:16.026830,63.15884
2024-04-30 10:14:16.042450,64.01273
2024-04-30 10:14:16.058080,62.81589
2024-04-30 10:14:16.073700,60.49445
2024-04-30 10:14:16.089330,57.88995
2024-04-30 10:14:16.104960,55.43655
2024-04-30 10:14:16.120580,53.08417
2024-04-30 10:14:16.136210,50.55118
2024-04-30 10:14:16.151830,47.65649
2024-04-30 10:14:16.167460,44.46756
2024-04-30 10:14:16.183080,41.34451
2024-04-30 10:14:16.198710,38.6424
2024-04-30 10:14:16.214340,36.37115
2024-04-30 10:14:16.229960,34.1091
2024-04-30 10:14:16.245590,31.10727
2024-04-30 10:14:16.261210,26.68365
2024-04-30 10:14:16.276840,20.60028
2024-04-30 10:14:16.292460,13.20227
2024-04-30 10:14:16.308090,5.262482
2024-04-30 10:14:16.323720,-2.375305
2024-04-30 10:14:16.339340,-9.165283
2024-04-30 10:14:16.354970,-15.08383
2024-04-30 10:14:16.370590,-20.5961
2024-04-30 10:14:16.386220,-26.50705
2024-04-30 10:14:16.401840,-33.57343
2024-04-30 10:14:16.417470,-42.27682
2024-04-30 10:14:16.433100,-52.50238
2024-04-30 10:14:16.448720,-63.38821
2024-04-30 10:14:16.464350,-73.28442
2024-04-30 10:14:16.479970,-80.17212
2024-04-30 10:14:16.495600,-82.16055
2024-04-30 10:14:16.511220,-78.14771
2024-04-30 10:14:16.526850,-68.39426
2024-04-30 10:14:16.542480,-54.384
2024-04-30 10:14:16.558100,-38.34601
2024-04-30 10:14:16.573730,-22.44583
2024-04-30 10:14:16.589350,-8.139679
2024-04-30 10:14:16.604980,4.170349
2024-04-30 10:14:16.620600,14.81912
2024-04-30 10:14:16.636230,24.35907
2024-04-30 10:14:16.651860,33.12668
2024-04-30 10:14:16.667480,40.97321
2024-04-30 10:14:16.683110,47.4978
2024-04-30 10:14:16.698730,52.34515
2024-04-30 10:14:16.714360,55.45187
2024-04-30 10:14:16.729980,57.11282
2024-04-30 10:14:16.745610,57.78607
2024-04-30 10:14:16.761240,57.87912
2024-04-30 10:14:16.776860,57.48364
2024-04-30 10:14:16.792490,56.50293
2024-04-30 10:14:16.808110,54.71451
2024-04-30 10:14:16.823740,52.03348
2024-04-30 10:14:16.839360,48.6152
2024-04-30 10:14:16.854990,44.93109
2024-04-30 10:14:16.870620,41.55927
2024-04-30 10:14:16.886240,38.93527
2024-04-30 10:14:16.901870,37.16183
2024-04-30 10:14:16.917490,35.81369
2024-04-30 10:14:16.933120,34.18463
2024-04-30 10:14:16.948740,31.47916
2024-04-30 10:14:16.964370,27.25345
2024-04-30 10:14:16.980000,21.5397
2024-04-30 10:14:16.995620,14.91946
2024-04-30 10:14:17.011250,8.195526
2024-04-30 10:14:17.026870,2.117767
2024-04-30 10:14:17.042500,-2.921143
2024-04-30 10:14:17.058120,-7.094086
2024-04-30 10:14:17.073750,-10.9929
2024-04-30 10:14:17.089380,-15.53683
2024-04-30 10:14:17.105000,-21.67509
2024-04-30 10:14:17.120630,-30.12721
2024-04-30 10:14:17.136250,-41.03497
2024-04-30 10:14:17.151880,-53.72568
2024-04-30 10:14:17.167500,-66.55893
2024-04-30 10:14:17.183130,-77.20331
2024-04-30 10:14:17.198760,-83.21097
2024-04-30 10:14:17.214380,-82.82813
2024-04-30 10:14:17.230010,-75.65787
2024-04-30 10:14:17.245630,-62.84535
2024-04-30 10:14:17.261260,-46.70505
2024-04-30 10:14:17.276880,-29.83975
2024-04-30 10:14:17.292510,-14.36012
2024-04-30 10:14:17.308140,-1.280273
2024-04-30 10:14:17.323760,9.422745
2024-04-30 10:14:17.339390,18.38739
2024-04-30 10:14:17.355010,26.33003
2024-04-30 10:14:17.370640,33.64798
2024-04-30 10:14:17.386270,40.34499
2024-04-30 10:14:17.401890,46.1221
2024-04-30 10:14:17.417520,50.6769
2024-04-30 10:14:17.433140,53.77412
2024-04-30 10:14:17.448770,55.32724
2024-04-30 10:14:17.464390,55.38974
2024-04-30 10:14:17.480020,54.10869
2024-04-30 10:14:17.495650,51.75151
2024-04-30 10:14:17.511270,48.57256
2024-04-30 10:14:17.526900,44.85831
2024-04-30 10:14:17.542520,40.9185
2024-04-30 10:14:17.558150,37.11281
2024-04-30 10:14:17.573770,33.759
2024-04-30 10:14:17.589400,31.10152
2024-04-30 10:14:17.605030,29.1642
2024-04-30 10:14:17.620650,27.64233
2024-04-30 10:14:17.636280,25.90666
2024-04-30 10:14:17.651900,23.05751
2024-04-30 10:14:17.667530,18.29099
2024-04-30 10:14:17.683150,11.17962
2024-04-30 10:14:17.698780,1.994522
2024-04-30 10:14:17.714410,-8.418968
2024-04-30 10:14:17.730030,-18.88514
2024-04-30 10:14:17.745660,-28.41638
2024-04-30 10:14:17.761280,-36.65453
2024-04-30 10:14:17.776910,-43.9652
2024-04-30 10:14:17.792530,-51.31588
2024-04-30 10:14:17.808160,-59.86655
2024-04-30 10:14:17.823790,-70.54767
2024-04-30 10:14:17.839410,-83.70198
2024-04-30 10:14:17.855040,-98.95161
2024-04-30 10:14:17.870660,-115.1194
2024-04-30 10:14:17.886290,-130.2509
2024-04-30 10:14:17.901910,-142.0379
2024-04-30 10:14:17.917540,-148.2668
2024-04-30 10:14:17.933170,-147.4831
2024-04-30 10:14:17.948790,-139.4992
2024-04-30 10:14:17.964420,-125.5704
2024-04-30 10:14:17.980040,-107.9347
2024-04-30 10:14:17.995670,-89.07352
2024-04-30 10:14:18.011290,-70.89333
2024-04-30 10:14:18.026920,-54.20078
2024-04-30 10:14:18.042550,-38.84505
2024-04-30 10:14:18.058170,-24.07827
2024-04-30 10:14:18.073800,-9.32004
2024-04-30 10:14:18.089420,5.448946
2024-04-30 10:14:18.105050,19.57106
2024-04-30 10:14:18.120670,31.96064
2024-04-30 10:14:18.136300,41.51791
2024-04-30 10:14:18.151930,47.57012
2024-04-30 10:14:18.167550,50.04021
2024-04-30 10:14:18.183180,49.37948
2024-04-30 10:14:18.198800,46.39698
2024-04-30 10:14:18.214430,41.80336
2024-04-30 10:14:18.230050,36.04575
2024-04-30 10:14:18.245680,29.19498
2024-04-30 10:14:18.261310,21.16755
2024-04-30 10:14:18.276930,11.89033
2024-04-30 10:14:18.292560,1.553151
2024-04-30 10:14:18.308180,-9.404631
2024-04-30 10:14:18.323810,-20.50365
2024-04-30 10:14:18.339430,-31.41886
2024-04-30 10:14:18.355060,-42.07127
2024-04-30 10:14:18.370690,-52.58481
2024-04-30 10:14:18.386310,-63.03667
2024-04-30 10:14:18.401940,-73.18999
2024-04-30 10:14:18.417560,-82.53198
2024-04-30 10:14:18.433190,-90.37673
2024-04-30 10:14:18.448810,-96.1803
2024-04-30 10:14:18.464440,-99.85464
2024-04-30 10:14:18.480070,-101.7961
2024-04-30 10:14:18.495690,-102.7486
2024-04-30 10:14:18.511320,-103.567
2024-04-30 10:14:18.526940,-104.9232
2024-04-30 10:14:18.542570,-107.208
2024-04-30 10:14:18.558190,-110.4448
2024-04-30 10:14:18.573820,-114.2819
2024-04-30 10:14:18.589450,-117.9048
2024-04-30 10:14:18.605070,-119.9958
2024-04-30 10:14:18.620700,-118.8514
2024-04-30 10:14:18.636320,-112.8232
2024-04-30 10:14:18.651950,-100.8613
2024-04-30 10:14:18.667570,-83.06061
2024-04-30 10:14:18.683200,-60.80717
2024-04-30 10:14:18.698830,-36.40363
2024-04-30 10:14:18.714450,-12.33852
2024-04-30 10:14:18.730080,9.512543
2024-04-30 10:14:18.745700,28.29652
2024-04-30 10:14:18.761330,44.22168
2024-04-30 10:14:18.776950,58.07394
2024-04-30 10:14:18.792580,70.644
2024-04-30 10:14:18.808210,82.34024
2024-04-30 10:14:18.823830,93.06161
2024-04-30 10:14:18.839460,102.3626
2024-04-30 10:14:18.855080,109.7335
2024-04-30 10:14:18.870710,114.8222
2024-04-30 10:14:18.886330,117.5226
2024-04-30 10:14:18.901960,118.0252
2024-04-30 10:14:18.917590,116.6989
2024-04-30 10:14:18.933210,113.9761
2024-04-30 10:14:18.948840,110.2576
2024-04-30 10:14:18.964460,105.8006
2024-04-30 10:14:18.980090,100.7672
2024-04-30 10:14:18.995710,95.2733
2024-04-30 10:14:19.011340,89.46339
2024-04-30 10:14:19.026970,83.48357
2024-04-30 10:14:19.042590,77.42572
2024-04-30 10:14:19.058220,71.17694
2024-04-30 10:14:19.073840,64.36325
2024-04-30 10:14:19.089470,56.39227
2024-04-30 10:14:19.105090,46.67435
2024-04-30 10:14:19.120720,34.92554
2024-04-30 10:14:19.136350,21.35358
2024-04-30 10:14:19.151970,6.65332
2024-04-30 10:14:19.167600,-8.160919
2024-04-30 10:14:19.183220,-22.14621
2024-04-30 10:14:19.198850,-34.70911
2024-04-30 10:14:19.214470,-45.80835
2024-04-30 10:14:19.230100,-55.8707
2024-04-30 10:14:19.245730,-65.65958
2024-04-30 10:14:19.261350,-75.97906
2024-04-30 10:14:19.276980,-87.52103
2024-04-30 10:14:19.292600,-100.5909
2024-04-30 10:14:19.308230,-114.9223
2024-04-30 10:14:19.323850,-129.5305
2024-04-30 10:14:19.339480,-142.6851
2024-04-30 10:14:19.355110,-152.224
2024-04-30 10:14:19.370730,-156.0586
2024-04-30 10:14:19.386360,-152.8739
2024-04-30 10:14:19.401980,-142.5959
2024-04-30 10:14:19.417610,-126.5121
2024-04-30 10:14:19.433230,-106.9149
2024-04-30 10:14:19.448860,-86.44843
2024-04-30 10:14:19.464490,-67.37152
2024-04-30 10:14:19.480110,-51.06271
2024-04-30 10:14:19.495740,-37.92172
2024-04-30 10:14:19.511360,-27.52707
2024-04-30 10:14:19.526990,-19.12186
2024-04-30 10:14:19.542610,-11.97034
2024-04-30 10:14:19.558240,-5.659912
2024-04-30 10:14:19.573870,-0.1185303
2024-04-30 10:14:19.589490,4.569855
2024-04-30 10:14:19.605120,8.310425
2024-04-30 10:14:19.620740,11.22101
2024-04-30 10:14:19.636370,13.55511
2024-04-30 10:14:19.651990,15.60715
2024-04-30 10:14:19.667620,17.55231
2024-04-30 10:14:19.683250,19.35413
2024-04-30 10:14:19.698870,20.92752
2024-04-30 10:14:19.714500,22.24255
2024-04-30 10:14:19.730120,23.5415
2024-04-30 10:14:19.745750,25.18683
2024-04-30 10:14:19.761370,27.54846
2024-04-30 10:14:19.777000,30.63971
2024-04-30 10:14:19.792630,34.03162
2024-04-30 10:14:19.808250,36.97894
2024-04-30 10:14:19.823880,38.71356
2024-04-30 10:14:19.839500,38.84344
2024-04-30 10:14:19.855130,37.42181
2024-04-30 10:14:19.870750,34.96014
2024-04-30 10:14:19.886380,32.05127
2024-04-30 10:14:19.902010,29.05011
2024-04-30 10:14:19.917630,25.84296
2024-04-30 10:14:19.933260,21.93829
2024-04-30 10:14:19.948880,16.66077
2024-04-30 10:14:19.964510,9.414063
2024-04-30 10:14:19.980140,-0.06365967
2024-04-30 10:14:19.995760,-11.70282
2024-04-30 10:14:20.011390,-24.95105
2024-04-30 10:14:20.027010,-38.78278
2024-04-30 10:14:20.042640,-51.65192
2024-04-30 10:14:20.058260,-61.5564
2024-04-30 10:14:20.073890,-66.42834
2024-04-30 10:14:20.089520,-64.64099
2024-04-30 10:14:20.105140,-55.67999
2024-04-30 10:14:20.120770,-40.39679
2024-04-30 10:14:20.136390,-20.91687
2024-04-30 10:14:20.152020,0.1013184
2024-04-30 10:14:20.167640,20.27374
2024-04-30 10:14:20.183270,38.18286
2024-04-30 10:14:20.198900,53.57666
2024-04-30 10:14:20.214520,66.97882
2024-04-30 10:14:20.230150,79.18085
2024-04-30 10:14:20.245770,90.60492
2024-04-30 10:14:20.261400,101.1615
2024-04-30 10:14:20.277020,110.3337
2024-04-30 10:14:20.292650,117.5687
2024-04-30 10:14:20.308280,122.5389
2024-04-30 10:14:20.323900,125.2805
2024-04-30 10:14:20.339530,126.1234
2024-04-30 10:14:20.355150,125.4115
2024-04-30 10:14:20.370780,123.3254
2024-04-30 10:14:20.386400,119.9046
2024-04-30 10:14:20.402030,115.2076
2024-04-30 10:14:20.417660,109.5224
2024-04-30 10:14:20.433280,103.4426
2024-04-30 10:14:20.448910,97.64923
2024-04-30 10:14:20.464530,92.59161
2024-04-30 10:14:20.480160,88.22937
2024-04-30 10:14:20.495780,84.0224
2024-04-30 10:14:20.511410,79.24445
2024-04-30 10:14:20.527040,73.396
2024-04-30 10:14:20.542660,66.46649
2024-04-30 10:14:20.558290,58.92438
2024-04-30 10:14:20.589540,44.48907
2024-04-30 10:14:20.605160,38.16199
2024-04-30 10:14:20.620790,32.16364
2024-04-30 10:14:20.636420,25.97479
2024-04-30 10:14:20.652040,19.09747
2024-04-30 10:14:20.667670,11.12421
2024-04-30 10:14:20.683290,1.978943
2024-04-30 10:14:20.698920,-7.957581
2024-04-30 10:14:20.714540,-17.73456
2024-04-30 10:14:20.730170,-25.81171
2024-04-30 10:14:20.745800,-30.46124
2024-04-30 10:14:20.761420,-30.25745
2024-04-30 10:14:20.777050,-24.74792
2024-04-30 10:14:20.792670,-14.67932
2024-04-30 10:14:20.808300,-1.88092
2024-04-30 10:14:20.823920,11.36273
2024-04-30 10:14:20.839550,23.0282
2024-04-30 10:14:20.855180,31.93866
2024-04-30 10:14:20.870800,37.9071
2024-04-30 10:14:20.886430,41.44336
2024-04-30 10:14:20.902050,43.38062
2024-04-30 10:14:20.917680,44.35779
2024-04-30 10:14:20.933300,44.67957
2024-04-30 10:14:20.948930,44.33868
2024-04-30 10:14:20.964560,43.23798
2024-04-30 10:14:20.980180,41.31183
2024-04-30 10:14:20.995810,38.6571
2024-04-30 10:14:21.011430,35.39807
2024-04-30 10:14:21.027060,31.57648
2024-04-30 10:14:21.042680,27.04156
2024-04-30 10:14:21.058310,21.47504
2024-04-30 10:14:21.073940,14.6181
2024-04-30 10:14:21.089560,6.554993
2024-04-30 10:14:21.105190,-2.19043
2024-04-30 10:14:21.120810,-10.78058
2024-04-30 10:14:21.136440,-18.39771
2024-04-30 10:14:21.152060,-24.5517
2024-04-30 10:14:21.167690,-29.36572
2024-04-30 10:14:21.183320,-33.43683
2024-04-30 10:14:21.198940,-37.53326
2024-04-30 10:14:21.214570,-42.23462
2024-04-30 10:14:21.230190,-47.64075
2024-04-30 10:14:21.245820,-53.37292
2024-04-30 10:14:21.261440,-58.79297
2024-04-30 10:14:21.277070,-63.2735
2024-04-30 10:14:21.292700,-66.47308
2024-04-30 10:14:21.308320,-68.48535
2024-04-30 10:14:21.323950,-69.78821
2024-04-30 10:14:21.339570,-71.1629
2024-04-30 10:14:21.355200,-73.43658
2024-04-30 10:14:21.370820,-77.09839
2024-04-30 10:14:21.386450,-82.02771
2024-04-30 10:14:21.402080,-87.23517
2024-04-30 10:14:21.417700,-90.88574
2024-04-30 10:14:21.433330,-90.80658
2024-04-30 10:14:21.448950,-85.23328
2024-04-30 10:14:21.464580,-73.47168
2024-04-30 10:14:21.480200,-56.45209
2024-04-30 10:14:21.495830,-36.42468
2024-04-30 10:14:21.511460,-16.24323
2024-04-30 10:14:21.527080,1.595093
2024-04-30 10:14:21.542710,15.73193
2024-04-30 10:14:21.558330,26.16779
2024-04-30 10:14:21.573960,33.8559
2024-04-30 10:14:21.589580,40.03192
2024-04-30 10:14:21.605210,45.62482
2024-04-30 10:14:21.620840,50.91296
2024-04-30 10:14:21.636460,55.64374
2024-04-30 10:14:21.652090,59.29828
2024-04-30 10:14:21.667710,61.45013
2024-04-30 10:14:21.683340,61.91302
2024-04-30 10:14:21.698960,60.75934
2024-04-30 10:14:21.714590,58.22363
2024-04-30 10:14:21.730220,54.53015
2024-04-30 10:14:21.745840,49.90942
2024-04-30 10:14:21.761470,44.69031
2024-04-30 10:14:21.777090,39.36755
2024-04-30 10:14:21.792720,34.58246
2024-04-30 10:14:21.808340,31.00214
2024-04-30 10:14:21.823970,29.08154
2024-04-30 10:14:21.839600,28.81848
2024-04-30 10:14:21.855220,29.69305
2024-04-30 10:14:21.870850,30.77924
2024-04-30 10:14:21.886470,31.06366
2024-04-30 10:14:21.902100,29.75891
2024-04-30 10:14:21.917720,26.58252
2024-04-30 10:14:21.933350,21.83057
2024-04-30 10:14:21.948980,16.17444
2024-04-30 10:14:21.964600,10.48853
2024-04-30 10:14:21.980230,5.482605
2024-04-30 10:14:21.995850,1.472046
2024-04-30 10:14:22.011480,-1.691101
2024-04-30 10:14:22.027100,-4.517151
2024-04-30 10:14:22.042730,-7.727478
2024-04-30 10:14:22.058360,-11.98462
2024-04-30 10:14:22.073980,-17.64984
2024-04-30 10:14:22.089610,-24.6355
2024-04-30 10:14:22.105230,-32.32117
2024-04-30 10:14:22.120860,-39.52228
2024-04-30 10:14:22.136480,-44.69995
2024-04-30 10:14:22.152110,-46.34277
2024-04-30 10:14:22.167740,-43.46692
2024-04-30 10:14:22.183360,-36.09784
2024-04-30 10:14:22.198990,-25.45593
2024-04-30 10:14:22.214610,-13.58807
2024-04-30 10:14:22.230240,-2.662048
2024-04-30 10:14:22.245870,5.793762
2024-04-30 10:14:22.261490,11.43927
2024-04-30 10:14:22.277120,15.07062
2024-04-30 10:14:22.292740,18.01831
2024-04-30 10:14:22.308370,21.43774
2024-04-30 10:14:22.323990,25.72845
2024-04-30 10:14:22.339620,30.49261
2024-04-30 10:14:22.355250,34.82703
2024-04-30 10:14:22.370870,37.84039
2024-04-30 10:14:22.386500,39.03662
2024-04-30 10:14:22.402120,38.46509
2024-04-30 10:14:22.417750,36.5976
2024-04-30 10:14:22.433370,34.0614
2024-04-30 10:14:22.449000,31.37292
2024-04-30 10:14:22.464630,28.70862
2024-04-30 10:14:22.480250,25.96271
2024-04-30 10:14:22.495880,22.78455
2024-04-30 10:14:22.511500,18.73456
2024-04-30 10:14:22.527130,13.51385
2024-04-30 10:14:22.542750,7.069214
2024-04-30 10:14:22.558380,-0.4133911
2024-04-30 10:14:22.574010,-8.566772
2024-04-30 10:14:22.589630,-16.93988
2024-04-30 10:14:22.605260,-25.12616
2024-04-30 10:14:22.620880,-32.74432
2024-04-30 10:14:22.636510,-39.42523
2024-04-30 10:14:22.652130,-44.82361
2024-04-30 10:14:22.667760,-48.64899
2024-04-30 10:14:22.683390,-50.74927
2024-04-30 10:14:22.699010,-51.20282
2024-04-30 10:14:22.714640,-50.3739
2024-04-30 10:14:22.730260,-48.79431
2024-04-30 10:14:22.745890,-47.1217
2024-04-30 10:14:22.761510,-46.06128
2024-04-30 10:14:22.777140,-46.25702
2024-04-30 10:14:22.792770,-48.2453
2024-04-30 10:14:22.808390,-52.26843
2024-04-30 10:14:22.824020,-58.09497
2024-04-30 10:14:22.839640,-64.85852
2024-04-30 10:14:22.855270,-71.05865
2024-04-30 10:14:22.870890,-74.8194
2024-04-30 10:14:22.886520,-74.37201
2024-04-30 10:14:22.902150,-68.72113
2024-04-30 10:14:22.917770,-58.0155
2024-04-30 10:14:22.933400,-43.58893
2024-04-30 10:14:22.949020,-27.47369
2024-04-30 10:14:22.964650,-11.74866
2024-04-30 10:14:22.980270,2.177002
2024-04-30 10:14:22.995900,13.84314
2024-04-30 10:14:23.011530,23.5863
2024-04-30 10:14:23.027150,32.07813
2024-04-30 10:14:23.042780,39.8158
2024-04-30 10:14:23.058400,46.85767
2024-04-30 10:14:23.074030,52.86572
2024-04-30 10:14:23.089650,57.45697
2024-04-30 10:14:23.105280,60.41516
2024-04-30 10:14:23.120910,61.90723
2024-04-30 10:14:23.136530,62.27777
2024-04-30 10:14:23.152160,61.90369
2024-04-30 10:14:23.167780,61.00073
2024-04-30 10:14:23.183410,59.60754
2024-04-30 10:14:23.199030,57.62012
2024-04-30 10:14:23.214660,54.99316
2024-04-30 10:14:23.230290,51.8031
2024-04-30 10:14:23.245910,48.29962
2024-04-30 10:14:23.261540,44.8587
2024-04-30 10:14:23.277160,41.82684
2024-04-30 10:14:23.292790,39.4469
2024-04-30 10:14:23.308410,37.71204
2024-04-30 10:14:23.324040,36.39337
2024-04-30 10:14:23.339670,35.04169
2024-04-30 10:14:23.355290,33.23169
2024-04-30 10:14:23.370920,30.64093
2024-04-30 10:14:23.386540,27.21558
2024-04-30 10:14:23.402170,23.16852
2024-04-30 10:14:23.417790,18.91571
2024-04-30 10:14:23.433420,14.92841
2024-04-30 10:14:23.449050,11.56067
2024-04-30 10:14:23.464670,8.993591
2024-04-30 10:14:23.480300,7.124878
2024-04-30 10:14:23.495920,5.661682
2024-04-30 10:14:23.511550,4.26947
2024-04-30 10:14:23.527170,2.679138
2024-04-30 10:14:23.542800,0.8538208
2024-04-30 10:14:23.558430,-0.8765259
2024-04-30 10:14:23.574050,-1.868835
2024-04-30 10:14:23.589680,-1.268127
2024-04-30 10:14:23.605300,1.704529
2024-04-30 10:14:23.620930,7.478271
2024-04-30 10:14:23.636550,15.95984
2024-04-30 10:14:23.652180,26.47815
2024-04-30 10:14:23.667810,37.92566
2024-04-30 10:14:23.683430,49.12085
2024-04-30 10:14:23.699060,59.09045
2024-04-30 10:14:23.714680,67.3269
2024-04-30 10:14:23.730310,73.83398
2024-04-30 10:14:23.745930,78.93817
2024-04-30 10:14:23.761560,83.02728
2024-04-30 10:14:23.777190,86.37006
2024-04-30 10:14:23.792810,88.9259
2024-04-30 10:14:23.808440,90.46753
2024-04-30 10:14:23.824060,90.71259
2024-04-30 10:14:23.839690,89.50452
2024-04-30 10:14:23.855310,86.95428
2024-04-30 10:14:23.870940,83.45837
2024-04-30 10:14:23.886570,79.52438
2024-04-30 10:14:23.902190,75.54056
2024-04-30 10:14:23.917820,71.65915
2024-04-30 10:14:23.933440,67.71323
2024-04-30 10:14:23.949070,63.45541
2024-04-30 10:14:23.964690,58.77271
2024-04-30 10:14:23.980320,53.83981
2024-04-30 10:14:23.995950,49.0184
2024-04-30 10:14:24.011570,44.7438
2024-04-30 10:14:24.027200,41.255
2024-04-30 10:14:24.042820,38.43613
2024-04-30 10:14:24.058450,35.93777
2024-04-30 10:14:24.074070,33.38358
2024-04-30 10:14:24.089700,30.64496
2024-04-30 10:14:24.105330,27.93613
2024-04-30 10:14:24.120950,25.70099
2024-04-30 10:14:24.136580,24.37878
2024-04-30 10:14:24.152200,24.11615
2024-04-30 10:14:24.167830,24.65283
2024-04-30 10:14:24.183450,25.34976
2024-04-30 10:14:24.199080,25.45111
2024-04-30 10:14:24.214710,24.27704
2024-04-30 10:14:24.230330,21.49507
2024-04-30 10:14:24.245960,17.18556
2024-04-30 10:14:24.261580,11.79836
2024-04-30 10:14:24.277210,6.186554
2024-04-30 10:14:24.292830,1.385986
2024-04-30 10:14:24.308460,-1.404755
2024-04-30 10:14:24.324090,-1.171768
2024-04-30 10:14:24.339710,2.628265
2024-04-30 10:14:24.355340,9.71904
2024-04-30 10:14:24.370960,18.95753
2024-04-30 10:14:24.386590,28.5884
2024-04-30 10:14:24.402220,36.80598
2024-04-30 10:14:24.417840,42.35844
2024-04-30 10:14:24.433470,44.82497
2024-04-30 10:14:24.449090,44.62509
2024-04-30 10:14:24.464720,42.53763
2024-04-30 10:14:24.480340,39.32615
2024-04-30 10:14:24.495970,35.40278
2024-04-30 10:14:24.511600,30.91044
2024-04-30 10:14:24.527220,25.88565
2024-04-30 10:14:24.542850,20.47125
2024-04-30 10:14:24.558470,14.92619
2024-04-30 10:14:24.574100,9.507507
2024-04-30 10:14:24.589720,4.341606
2024-04-30 10:14:24.605350,-0.6422882
2024-04-30 10:14:24.620980,-5.579102
2024-04-30 10:14:24.636600,-10.51352
2024-04-30 10:14:24.652230,-15.30244
2024-04-30 10:14:24.667850,-19.66331
2024-04-30 10:14:24.683480,-23.35815
2024-04-30 10:14:24.699100,-26.3513
2024-04-30 10:14:24.714730,-28.95236
2024-04-30 10:14:24.730360,-31.71152
2024-04-30 10:14:24.745980,-35.24646
2024-04-30 10:14:24.761610,-40.06628
2024-04-30 10:14:24.777230,-46.32794
2024-04-30 10:14:24.792860,-53.79813
2024-04-30 10:14:24.808480,-61.88422
2024-04-30 10:14:24.824110,-69.81503
2024-04-30 10:14:24.839740,-76.88495
2024-04-30 10:14:24.855360,-82.75525
2024-04-30 10:14:24.870990,-87.59357
2024-04-30 10:14:24.886610,-92.03867
2024-04-30 10:14:24.902240,-96.92999
2024-04-30 10:14:24.917860,-102.9813
2024-04-30 10:14:24.933490,-110.4758
2024-04-30 10:14:24.949120,-119.0904
2024-04-30 10:14:24.964740,-127.9467
2024-04-30 10:14:24.980370,-135.694
2024-04-30 10:14:24.995990,-140.8214
2024-04-30 10:14:25.011620,-142.0045
2024-04-30 10:14:25.027240,-138.4069
2024-04-30 10:14:25.042870,-130.0503
2024-04-30 10:14:25.058500,-117.8215
2024-04-30 10:14:25.074120,-103.3134
2024-04-30 10:14:25.089750,-88.25427
2024-04-30 10:14:25.105370,-74.07367
2024-04-30 10:14:25.121000,-61.42694
2024-04-30 10:14:25.136620,-50.18518
2024-04-30 10:14:25.152250,-39.73907
2024-04-30 10:14:25.167880,-29.37958
2024-04-30 10:14:25.183500,-18.69647
2024-04-30 10:14:25.199130,-7.677063
2024-04-30 10:14:25.214750,3.338257
2024-04-30 10:14:25.230380,13.84943
2024-04-30 10:14:25.246000,23.27625
2024-04-30 10:14:25.261630,31.04163
2024-04-30 10:14:25.277260,36.64209
2024-04-30 10:14:25.292880,39.69543
2024-04-30 10:14:25.308510,40.078
2024-04-30 10:14:25.324130,37.95087
2024-04-30 10:14:25.339760,33.83905
2024-04-30 10:14:25.355380,28.50513
2024-04-30 10:14:25.371010,22.77094
2024-04-30 10:14:25.386640,17.29669
2024-04-30 10:14:25.402260,12.47101
2024-04-30 10:14:25.417890,8.315125
2024-04-30 10:14:25.433510,4.6073
2024-04-30 10:14:25.449140,1.08252
2024-04-30 10:14:25.464760,-2.438416
2024-04-30 10:14:25.480390,-5.875854
2024-04-30 10:14:25.496020,-8.919189
2024-04-30 10:14:25.511640,-11.17731
2024-04-30 10:14:25.527270,-12.3429
2024-04-30 10:14:25.542890,-12.2793
2024-04-30 10:14:25.558520,-11.13025
2024-04-30 10:14:25.574140,-9.231812
2024-04-30 10:14:25.589770,-6.96344
2024-04-30 10:14:25.605400,-4.694275
2024-04-30 10:14:25.621020,-2.55072
2024-04-30 10:14:25.636650,-0.314209
2024-04-30 10:14:25.652270,2.727844
2024-04-30 10:14:25.667900,7.72522
2024-04-30 10:14:25.683520,16.04858
2024-04-30 10:14:25.699150,28.79669
2024-04-30 10:14:25.714780,46.29199
2024-04-30 10:14:25.730400,67.83856
2024-04-30 10:14:25.746030,91.81049
2024-04-30 10:14:25.761650,116.1742
2024-04-30 10:14:25.777280,139.1255
2024-04-30 10:14:25.792900,159.6001
2024-04-30 10:14:25.808530,177.341
2024-04-30 10:14:25.824160,192.6406
2024-04-30 10:14:25.839780,205.8804
2024-04-30 10:14:25.855410,217.202
2024-04-30 10:14:25.871030,226.4829
2024-04-30 10:14:25.886660,233.4335
2024-04-30 10:14:25.902280,237.9205
2024-04-30 10:14:25.917910,240.0457
2024-04-30 10:14:25.933540,240.1307
2024-04-30 10:14:25.949160,238.5676
2024-04-30 10:14:25.964790,235.6948
2024-04-30 10:14:25.980410,231.7644
2024-04-30 10:14:25.996040,226.9408
2024-04-30 10:14:26.011660,221.4458
2024-04-30 10:14:26.027290,215.5117
2024-04-30 10:14:26.042920,209.5138
2024-04-30 10:14:26.058540,203.7677
2024-04-30 10:14:26.074170,198.4413
2024-04-30 10:14:26.089790,193.4138
2024-04-30 10:14:26.105420,188.1812
2024-04-30 10:14:26.121040,181.9309
2024-04-30 10:14:26.136670,173.7357
2024-04-30 10:14:26.152300,162.8344
2024-04-30 10:14:26.167920,148.8926
2024-04-30 10:14:26.183550,132.1476
2024-04-30 10:14:26.199170,113.3292
2024-04-30 10:14:26.214800,93.39404
2024-04-30 10:14:26.230420,73.24438
2024-04-30 10:14:26.246050,53.47888
2024-04-30 10:14:26.261680,34.32019
2024-04-30 10:14:26.277300,15.70593
2024-04-30 10:14:26.292930,-2.538086
2024-04-30 10:14:26.308550,-20.55261
2024-04-30 10:14:26.324180,-38.31616
2024-04-30 10:14:26.339800,-55.65796
2024-04-30 10:14:26.355430,-72.20325
2024-04-30 10:14:26.371060,-87.4574
2024-04-30 10:14:26.386680,-100.9275
2024-04-30 10:14:26.402310,-112.2778
2024-04-30 10:14:26.417930,-121.4526
2024-04-30 10:14:26.433560,-128.7211
2024-04-30 10:14:26.449180,-134.6023
2024-04-30 10:14:26.464810,-139.5378
2024-04-30 10:14:26.480440,-143.7815
2024-04-30 10:14:26.496060,-147.2324
2024-04-30 10:14:26.511690,-149.5796
2024-04-30 10:14:26.527310,-150.6333
2024-04-30 10:14:26.542940,-150.6233
2024-04-30 10:14:26.558560,-150.3013
2024-04-30 10:14:26.574190,-150.7593
2024-04-30 10:14:26.589820,-153.0005
2024-04-30 10:14:26.605440,-157.4131
2024-04-30 10:14:26.621070,-163.5801
2024-04-30 10:14:26.636690,-170.415
2024-04-30 10:14:26.652320,-176.655
2024-04-30 10:14:26.667940,-181.4172
2024-04-30 10:14:26.683570,-184.5559
2024-04-30 10:14:26.699200,-186.687
2024-04-30 10:14:26.714820,-188.8196
2024-04-30 10:14:26.730450,-191.896
2024-04-30 10:14:26.746070,-196.3184
2024-04-30 10:14:26.761700,-201.938
2024-04-30 10:14:26.777320,-208.1885
2024-04-30 10:14:26.792950,-214.4602
2024-04-30 10:14:26.808580,-220.3833
2024-04-30 10:14:26.824200,-225.8337
2024-04-30 10:14:26.839830,-230.9822
2024-04-30 10:14:26.855450,-236.0667
2024-04-30 10:14:26.871080,-241.3721
2024-04-30 10:14:26.886700,-247.155
2024-04-30 10:14:26.902330,-253.6177
2024-04-30 10:14:26.917960,-260.6626
2024-04-30 10:14:26.933580,-267.668
2024-04-30 10:14:26.949210,-273.4177
2024-04-30 10:14:26.964830,-276.1125
2024-04-30 10:14:26.980460,-273.905
2024-04-30 10:14:26.996080,-265.4641
2024-04-30 10:14:27.011710,-250.3862
2024-04-30 10:14:27.027340,-229.3113
2024-04-30 10:14:27.042960,-203.6313
2024-04-30 10:14:27.058590,-174.9673
2024-04-30 10:14:27.074210,-144.7961
2024-04-30 10:14:27.089840,-114.3293
2024-04-30 10:14:27.105470,-84.55054
2024-04-30 10:14:27.121090,-56.4021
2024-04-30 10:14:27.136720,-30.87451
2024-04-30 10:14:27.152340,-8.954834
2024-04-30 10:14:27.167970,8.511475
2024-04-30 10:14:27.183590,20.96948
2024-04-30 10:14:27.199220,28.27051
2024-04-30 10:14:27.214850,30.71777
2024-04-30 10:14:27.230470,29.0415
2024-04-30 10:14:27.246100,24.35254
2024-04-30 10:14:27.261720,17.96899
2024-04-30 10:14:27.277350,11.125
2024-04-30 10:14:27.292970,4.74292
2024-04-30 10:14:27.308600,-0.8850098
2024-04-30 10:14:27.324230,-5.993896
2024-04-30 10:14:27.339850,-11.21094
2024-04-30 10:14:27.355480,-17.28491
2024-04-30 10:14:27.371100,-24.82861
2024-04-30 10:14:27.386730,-34.08716
2024-04-30 10:14:27.402350,-44.90015
2024-04-30 10:14:27.417980,-56.77686
2024-04-30 10:14:27.433610,-68.96362
2024-04-30 10:14:27.449230,-80.72144
2024-04-30 10:14:27.464860,-91.4668
2024-04-30 10:14:27.480480,-100.9543
2024-04-30 10:14:27.496110,-109.386
2024-04-30 10:14:27.511730,-117.3616
2024-04-30 10:14:27.527360,-125.7144
2024-04-30 10:14:27.542990,-135.3328
2024-04-30 10:14:27.558610,-146.7341
2024-04-30 10:14:27.574240,-159.6714
2024-04-30 10:14:27.589860,-172.8557
2024-04-30 10:14:27.605490,-183.9658
2024-04-30 10:14:27.621110,-190.1838
2024-04-30 10:14:27.636740,-189.1394
2024-04-30 10:14:27.652370,-179.7471
2024-04-30 10:14:27.667990,-162.8269
2024-04-30 10:14:27.683620,-140.8909
2024-04-30 10:14:27.699240,-117.2646
2024-04-30 10:14:27.714870,-94.95605
2024-04-30 10:14:27.730490,-75.76514
2024-04-30 10:14:27.746120,-59.97729
2024-04-30 10:14:27.761750,-46.81348
2024-04-30 10:14:27.777370,-35.15283
2024-04-30 10:14:27.793000,-24.28394
2024-04-30 10:14:27.808620,-14.21362
2024-04-30 10:14:27.824250,-5.691162
2024-04-30 10:14:27.839870,0.2734375
2024-04-30 10:14:27.855500,2.797852
2024-04-30 10:14:27.871130,1.426758
2024-04-30 10:14:27.886750,-3.708252
2024-04-30 10:14:27.902380,-11.91504
2024-04-30 10:14:27.918000,-22.15601
2024-04-30 10:14:27.933630,-33.41821
2024-04-30 10:14:27.949250,-44.84644
2024-04-30 10:14:27.964880,-56.04541
2024-04-30 10:14:27.980510,-67.03564
2024-04-30 10:14:27.996130,-78.12695
2024-04-30 10:14:28.011760,-89.74561
2024-04-30 10:14:28.027380,-102.2295
2024-04-30 10:14:28.043010,-115.7786
2024-04-30 10:14:28.058630,-130.4297
2024-04-30 10:14:28.074260,-146.1458
2024-04-30 10:14:28.089890,-162.8169
2024-04-30 10:14:28.105510,-180.2385
2024-04-30 10:14:28.121140,-198.054
2024-04-30 10:14:28.136760,-215.7422
2024-04-30 10:14:28.152390,-232.6328
2024-04-30 10:14:28.168010,-247.9667
2024-04-30 10:14:28.183640,-260.9873
2024-04-30 10:14:28.199270,-270.9437
2024-04-30 10:14:28.214890,-277.1155
2024-04-30 10:14:28.230520,-278.8242
2024-04-30 10:14:28.246140,-275.4896
2024-04-30 10:14:28.261770,-266.8666
2024-04-30 10:14:28.277390,-253.1483
2024-04-30 10:14:28.293020,-235.068
2024-04-30 10:14:28.308650,-213.8331
2024-04-30 10:14:28.324270,-190.8578
2024-04-30 10:14:28.339900,-167.5011
2024-04-30 10:14:28.355520,-144.8218
2024-04-30 10:14:28.371150,-123.5507
2024-04-30 10:14:28.386770,-104.109
2024-04-30 10:14:28.402400,-86.73901
2024-04-30 10:14:28.418030,-71.38818
2024-04-30 10:14:28.433650,-57.77039
2024-04-30 10:14:28.449280,-45.27588
2024-04-30 10:14:28.464900,-32.94629
2024-04-30 10:14:28.480530,-19.7959
2024-04-30 10:14:28.496150,-5.037354
2024-04-30 10:14:28.511780,11.59143
2024-04-30 10:14:28.527410,29.7489
2024-04-30 10:14:28.543030,48.59778
2024-04-30 10:14:28.558660,67.22107
2024-04-30 10:14:28.574280,84.8949
2024-04-30 10:14:28.589910,101.4112
2024-04-30 10:14:28.605530,117.1343
2024-04-30 10:14:28.621160,132.9271
2024-04-30 10:14:28.636790,149.9945
2024-04-30 10:14:28.652410,169.5369
2024-04-30 10:14:28.668040,192.188
2024-04-30 10:14:28.683660,217.3207
2024-04-30 10:14:28.699290,242.6843
2024-04-30 10:14:28.714910,264.5864
2024-04-30 10:14:28.730540,278.8894
2024-04-30 10:14:28.746170,282.4532
2024-04-30 10:14:28.761790,274.3585
2024-04-30 10:14:28.777420,256.2599
2024-04-30 10:14:28.793040,231.7706
2024-04-30 10:14:28.808670,204.9513
2024-04-30 10:14:28.824290,178.8127
2024-04-30 10:14:28.839920,154.6263
2024-04-30 10:14:28.855550,132.024
2024-04-30 10:14:28.871170,109.8596
2024-04-30 10:14:28.886800,87.08945
2024-04-30 10:14:28.902420,63.31741
2024-04-30 10:14:28.918050,39.01321
2024-04-30 10:14:28.933670,15.55182
2024-04-30 10:14:28.949300,-4.902298
2024-04-30 10:14:28.964930,-19.6462
2024-04-30 10:14:28.980550,-25.90385
2024-04-30 10:14:28.996180,-21.68058
2024-04-30 10:14:29.011800,-6.545973
2024-04-30 10:14:29.027430,17.9657
2024-04-30 10:14:29.043050,48.61613
2024-04-30 10:14:29.058680,81.36374
2024-04-30 10:14:29.074310,112.5976
2024-04-30 10:14:29.089930,140.0137
2024-04-30 10:14:29.105560,162.9511
2024-04-30 10:14:29.121180,182.003
2024-04-30 10:14:29.136810,198.2348
2024-04-30 10:14:29.152430,212.4603
2024-04-30 10:14:29.168060,224.8483
2024-04-30 10:14:29.183690,234.8808
2024-04-30 10:14:29.199310,241.7143
2024-04-30 10:14:29.214940,244.5503
2024-04-30 10:14:29.230560,243.0203
2024-04-30 10:14:29.246190,237.3136
2024-04-30 10:14:29.261820,228.1232
2024-04-30 10:14:29.277440,216.4306
2024-04-30 10:14:29.293070,203.279
2024-04-30 10:14:29.308690,189.7265
2024-04-30 10:14:29.324320,176.7241
2024-04-30 10:14:29.339940,165.1658
2024-04-30 10:14:29.355570,155.675
2024-04-30 10:14:29.371200,148.43
2024-04-30 10:14:29.386820,142.8758
2024-04-30 10:14:29.402450,137.6595
2024-04-30 10:14:29.418070,130.8206
2024-04-30 10:14:29.433700,120.3906
2024-04-30 10:14:29.449320,105.1194
2024-04-30 10:14:29.464950,85.07306
2024-04-30 10:14:29.480580,61.77979
2024-04-30 10:14:29.496200,37.80743
2024-04-30 10:14:29.511830,15.89227
2024-04-30 10:14:29.527450,-1.958374
2024-04-30 10:14:29.543080,-15.08698
2024-04-30 10:14:29.558700,-24.31738
2024-04-30 10:14:29.574330,-31.51965
2024-04-30 10:14:29.589960,-39.02185
2024-04-30 10:14:29.605580,-48.96832
2024-04-30 10:14:29.621210,-62.85699
2024-04-30 10:14:29.636830,-81.10638
2024-04-30 10:14:29.652460,-102.7325
2024-04-30 10:14:29.668080,-125.1692
2024-04-30 10:14:29.683710,-144.5847
2024-04-30 10:14:29.699340,-156.6332
2024-04-30 10:14:29.714960,-157.8119
2024-04-30 10:14:29.730590,-146.6554
2024-04-30 10:14:29.746210,-124.3774
2024-04-30 10:14:29.761840,-94.54504
2024-04-30 10:14:29.777460,-61.79639
2024-04-30 10:14:29.793090,-30.19385
2024-04-30 10:14:29.808720,-2.014221
2024-04-30 10:14:29.824340,22.48914
2024-04-30 10:14:29.839970,44.52051
2024-04-30 10:14:29.855590,65.5094
2024-04-30 10:14:29.871220,86.06403
2024-04-30 10:14:29.886840,105.6254
2024-04-30 10:14:29.902470,122.8311
2024-04-30 10:14:29.918100,136.2889
2024-04-30 10:14:29.933720,145.375
2024-04-30 10:14:29.949350,150.5328
2024-04-30 10:14:29.964970,153.0463
2024-04-30 10:14:29.980600,154.4402
2024-04-30 10:14:29.996220,155.8182
2024-04-30 10:14:30.011850,157.4432
2024-04-30 10:14:30.027480,158.8559
2024-04-30 10:14:30.043100,159.3187
2024-04-30 10:14:30.058730,158.3611
2024-04-30 10:14:30.074350,156.1073
2024-04-30 10:14:30.089980,153.1978
2024-04-30 10:14:30.105600,150.4489
2024-04-30 10:14:30.121230,148.314
2024-04-30 10:14:30.136860,146.6305
2024-04-30 10:14:30.152480,144.5918
2024-04-30 10:14:30.168110,141.1888
2024-04-30 10:14:30.183730,135.5868
2024-04-30 10:14:30.199360,127.5852
2024-04-30 10:14:30.214980,117.622
2024-04-30 10:14:30.230610,106.5993
2024-04-30 10:14:30.246240,95.47717
2024-04-30 10:14:30.261860,84.91901
2024-04-30 10:14:30.277490,75.09338
2024-04-30 10:14:30.293110,65.63928
2024-04-30 10:14:30.308740,55.99567
2024-04-30 10:14:30.324360,45.48816
2024-04-30 10:14:30.339990,33.5484
2024-04-30 10:14:30.355620,19.83105
2024-04-30 10:14:30.371240,4.35675
2024-04-30 10:14:30.386870,-12.19232
2024-04-30 10:14:30.402490,-28.2417
2024-04-30 10:14:30.418120,-41.2959
2024-04-30 10:14:30.433740,-48.46271
2024-04-30 10:14:30.449370,-47.31934
2024-04-30 10:14:30.465000,-36.95941
2024-04-30 10:14:30.480620,-18.54065
2024-04-30 10:14:30.496250,4.922363
2024-04-30 10:14:30.511870,29.52167
2024-04-30 10:14:30.527500,51.75232
2024-04-30 10:14:30.543120,69.47644
2024-04-30 10:14:30.558750,82.21741
2024-04-30 10:14:30.574380,90.71252
2024-04-30 10:14:30.590000,96.09711
2024-04-30 10:14:30.605630,99.24219
2024-04-30 10:14:30.621250,100.4963
2024-04-30 10:14:30.636880,99.92676
2024-04-30 10:14:30.652500,97.63208
2024-04-30 10:14:30.668130,94.03186
2024-04-30 10:14:30.683760,89.78638
2024-04-30 10:14:30.699380,85.6134
2024-04-30 10:14:30.715010,81.96796
2024-04-30 10:14:30.730630,78.90875
2024-04-30 10:14:30.746260,76.06488
2024-04-30 10:14:30.761880,72.87451
2024-04-30 10:14:30.777510,68.89502
2024-04-30 10:14:30.793140,63.95618
2024-04-30 10:14:30.808760,58.30872
2024-04-30 10:14:30.824390,52.40344
2024-04-30 10:14:30.840010,46.63422
2024-04-30 10:14:30.855640,40.94019
2024-04-30 10:14:30.871260,34.73718
2024-04-30 10:14:30.886890,27.04681
2024-04-30 10:14:30.902520,16.94006
2024-04-30 10:14:30.918140,4.052185
2024-04-30 10:14:30.933770,-11.09229
2024-04-30 10:14:30.949390,-27.2287
2024-04-30 10:14:30.965020,-42.74194
2024-04-30 10:14:30.980640,-56.29688
2024-04-30 10:14:30.996270,-67.38898
2024-04-30 10:14:31.011900,-76.38373
2024-04-30 10:14:31.027520,-84.30017
2024-04-30 10:14:31.043150,-92.30212
2024-04-30 10:14:31.058770,-101.327
2024-04-30 10:14:31.074400,-111.8951
2024-04-30 10:14:31.090020,-124.1555
2024-04-30 10:14:31.105650,-137.8269
2024-04-30 10:14:31.121280,-152.0787
2024-04-30 10:14:31.136900,-165.246
2024-04-30 10:14:31.152530,-174.8381
2024-04-30 10:14:31.168150,-178.006
2024-04-30 10:14:31.183780,-172.421
2024-04-30 10:14:31.199400,-157.2742
2024-04-30 10:14:31.215030,-133.7774
2024-04-30 10:14:31.230660,-104.8934
2024-04-30 10:14:31.246280,-74.29218
2024-04-30 10:14:31.261910,-45.14734
2024-04-30 10:14:31.277530,-19.159
2024-04-30 10:14:31.293160,3.561035
2024-04-30 10:14:31.308780,23.84985
2024-04-30 10:14:31.324410,42.63586
2024-04-30 10:14:31.340040,60.26019
2024-04-30 10:14:31.355660,76.22571
2024-04-30 10:14:31.371290,89.58972
2024-04-30 10:14:31.386910,99.45898
2024-04-30 10:14:31.402540,105.451
2024-04-30 10:14:31.418160,107.814
2024-04-30 10:14:31.433790,107.297
2024-04-30 10:14:31.449420,104.6791
2024-04-30 10:14:31.465040,100.4608
2024-04-30 10:14:31.480670,94.72272
2024-04-30 10:14:31.496290,87.19315
2024-04-30 10:14:31.511920,77.56476
2024-04-30 10:14:31.527540,65.7887
2024-04-30 10:14:31.543170,52.26233
2024-04-30 10:14:31.558800,37.73526
2024-04-30 10:14:31.574420,23.04041
2024-04-30 10:14:31.590050,8.776215
2024-04-30 10:14:31.605670,-4.985809
2024-04-30 10:14:31.621300,-18.69061
2024-04-30 10:14:31.636920,-33.03442
2024-04-30 10:14:31.652550,-48.53491
2024-04-30 10:14:31.668180,-65.24585
2024-04-30 10:14:31.683800,-82.57547
2024-04-30 10:14:31.699430,-99.55307
2024-04-30 10:14:31.715050,-115.169
2024-04-30 10:14:31.730680,-128.7741
2024-04-30 10:14:31.746300,-140.2584
2024-04-30 10:14:31.761930,-150.0558
2024-04-30 10:14:31.777560,-158.9009
2024-04-30 10:14:31.793180,-167.4828
2024-04-30 10:14:31.808810,-176.3875
2024-04-30 10:14:31.824430,-185.9311
2024-04-30 10:14:31.840060,-196.1933
2024-04-30 10:14:31.855690,-206.8623
2024-04-30 10:14:31.871310,-216.9481
2024-04-30 10:14:31.886940,-224.7038
2024-04-30 10:14:31.902560,-227.7666
2024-04-30 10:14:31.918190,-223.8435
2024-04-30 10:14:31.933810,-211.5511
2024-04-30 10:14:31.949440,-191.0944
2024-04-30 10:14:31.965070,-164.3966
2024-04-30 10:14:31.980690,-134.5123
2024-04-30 10:14:31.996320,-104.7279
2024-04-30 10:14:32.011940,-77.51151
2024-04-30 10:14:32.027570,-54.11557
2024-04-30 10:14:32.043190,-34.58356
2024-04-30 10:14:32.058820,-18.24066
2024-04-30 10:14:32.074450,-4.260101
2024-04-30 10:14:32.090070,8.069397
2024-04-30 10:14:32.105700,19.1871
2024-04-30 10:14:32.121320,29.38168
2024-04-30 10:14:32.136950,38.75391
2024-04-30 10:14:32.152570,47.32382
2024-04-30 10:14:32.168200,55.00958
2024-04-30 10:14:32.183830,61.7847
2024-04-30 10:14:32.199450,67.86731
2024-04-30 10:14:32.215080,73.64792
2024-04-30 10:14:32.230700,79.66092
2024-04-30 10:14:32.246330,86.28552
2024-04-30 10:14:32.261950,93.51358
2024-04-30 10:14:32.277580,100.8348
2024-04-30 10:14:32.293210,107.4313
2024-04-30 10:14:32.308830,112.4311
2024-04-30 10:14:32.324460,115.2516
2024-04-30 10:14:32.340080,115.8038
2024-04-30 10:14:32.355710,114.3334
2024-04-30 10:14:32.371330,111.3558
2024-04-30 10:14:32.386960,107.3544
2024-04-30 10:14:32.402590,102.7661
2024-04-30 10:14:32.418210,97.94739
2024-04-30 10:14:32.433840,93.25903
2024-04-30 10:14:32.449460,89.02283
2024-04-30 10:14:32.465090,85.42871
2024-04-30 10:14:32.480710,82.36432
2024-04-30 10:14:32.496340,79.29047
2024-04-30 10:14:32.511970,75.4303
2024-04-30 10:14:32.527590,69.9422
2024-04-30 10:14:32.543220,62.30872
2024-04-30 10:14:32.558840,52.44995
2024-04-30 10:14:32.574470,40.86908
2024-04-30 10:14:32.590090,28.58197
2024-04-30 10:14:32.605720,17.02167
2024-04-30 10:14:32.621350,7.929382
2024-04-30 10:14:32.636970,2.928589
2024-04-30 10:14:32.652600,3.167297
2024-04-30 10:14:32.668220,8.830078
2024-04-30 10:14:32.683850,18.96667
2024-04-30 10:14:32.699470,31.71448
2024-04-30 10:14:32.715100,44.9201
2024-04-30 10:14:32.730730,56.86456
2024-04-30 10:14:32.746350,66.80798
2024-04-30 10:14:32.761980,75.01068
2024-04-30 10:14:32.777600,82.24243
2024-04-30 10:14:32.793230,89.18103
2024-04-30 10:14:32.808850,95.91611
2024-04-30 10:14:32.824480,101.9058
2024-04-30 10:14:32.840110,106.2792
2024-04-30 10:14:32.855730,108.3791
2024-04-30 10:14:32.871360,108.0854
2024-04-30 10:14:32.886980,105.8838
2024-04-30 10:14:32.902610,102.6709
2024-04-30 10:14:32.918230,99.33795
2024-04-30 10:14:32.933860,96.46951
2024-04-30 10:14:32.949490,94.15659
2024-04-30 10:14:32.965110,92.13141
2024-04-30 10:14:32.980740,89.96085
2024-04-30 10:14:32.996360,87.28604
2024-04-30 10:14:33.011990,84.06277
2024-04-30 10:14:33.027610,80.43689
2024-04-30 10:14:33.043240,76.7309
2024-04-30 10:14:33.058870,73.06754
2024-04-30 10:14:33.074490,69.34021
2024-04-30 10:14:33.090120,65.09662
2024-04-30 10:14:33.105740,59.79901
2024-04-30 10:14:33.121370,53.20862
2024-04-30 10:14:33.136990,45.60458
2024-04-30 10:14:33.152620,37.78583
2024-04-30 10:14:33.168250,30.64206
2024-04-30 10:14:33.183870,24.75092
2024-04-30 10:14:33.199500,19.8497
2024-04-30 10:14:33.215120,14.96954
2024-04-30 10:14:33.230750,8.736328
2024-04-30 10:14:33.246370,-0.04290771
2024-04-30 10:14:33.262000,-11.8882
2024-04-30 10:14:33.277630,-26.52696
2024-04-30 10:14:33.293250,-42.94742
2024-04-30 10:14:33.308880,-59.79764
2024-04-30 10:14:33.324500,-75.39482
2024-04-30 10:14:33.340130,-87.96477
2024-04-30 10:14:33.355750,-95.70308
2024-04-30 10:14:33.371380,-97.20103
2024-04-30 10:14:33.387010,-91.83884
2024-04-30 10:14:33.402630,-80.18818
2024-04-30 10:14:33.418260,-64.02062
2024-04-30 10:14:33.433880,-45.73793
2024-04-30 10:14:33.449510,-27.68674
2024-04-30 10:14:33.465130,-11.37065
2024-04-30 10:14:33.480760,2.744961
2024-04-30 10:14:33.496390,14.98732
2024-04-30 10:14:33.512010,25.99479
2024-04-30 10:14:33.527640,36.18542
2024-04-30 10:14:33.543260,45.58654
2024-04-30 10:14:33.558890,53.94753
2024-04-30 10:14:33.574510,61.02486
2024-04-30 10:14:33.590140,66.77594
2024-04-30 10:14:33.605770,71.4362
2024-04-30 10:14:33.621390,75.35336
2024-04-30 10:14:33.637020,78.87025
2024-04-30 10:14:33.652640,82.19288
2024-04-30 10:14:33.668270,85.32632
2024-04-30 10:14:33.683890,88.19864
2024-04-30 10:14:33.699520,90.69948
2024-04-30 10:14:33.715150,92.82893
2024-04-30 10:14:33.730770,94.79709
2024-04-30 10:14:33.746400,96.9464
2024-04-30 10:14:33.762020,99.66991
2024-04-30 10:14:33.777650,103.1031
2024-04-30 10:14:33.793270,106.9574
2024-04-30 10:14:33.808900,110.3071
2024-04-30 10:14:33.824530,111.7934
2024-04-30 10:14:33.840150,109.8586
2024-04-30 10:14:33.855780,103.278
2024-04-30 10:14:33.871400,91.44214
2024-04-30 10:14:33.887030,74.58273
2024-04-30 10:14:33.902650,53.59076
2024-04-30 10:14:33.918280,29.73297
2024-04-30 10:14:33.933910,4.263489
2024-04-30 10:14:33.949530,-21.98837
2024-04-30 10:14:33.965160,-48.74326
2024-04-30 10:14:33.980780,-76.19775
2024-04-30 10:14:33.996410,-104.6543
2024-04-30 10:14:34.012030,-133.9899
2024-04-30 10:14:34.027660,-163.058
2024-04-30 10:14:34.043290,-189.7265
2024-04-30 10:14:34.058910,-211.186
2024-04-30 10:14:34.074540,-224.8944
2024-04-30 10:14:34.090160,-229.5353
2024-04-30 10:14:34.105790,-225.6486
2024-04-30 10:14:34.121420,-215.4675
2024-04-30 10:14:34.137040,-202.1454
2024-04-30 10:14:34.152670,-188.6227
2024-04-30 10:14:34.168290,-176.7499
2024-04-30 10:14:34.183920,-167.0235
2024-04-30 10:14:34.199540,-159.0043
2024-04-30 10:14:34.215170,-152.0869
2024-04-30 10:14:34.230800,-146.0222
2024-04-30 10:14:34.246420,-141.1304
2024-04-30 10:14:34.262050,-137.9953
2024-04-30 10:14:34.277670,-137.0663
2024-04-30 10:14:34.293300,-138.3843
2024-04-30 10:14:34.308920,-141.5194
2024-04-30 10:14:34.324550,-145.6852
2024-04-30 10:14:34.340180,-150.0687
2024-04-30 10:14:34.355800,-154.0541
2024-04-30 10:14:34.371430,-157.447
2024-04-30 10:14:34.387050,-160.4226
2024-04-30 10:14:34.402680,-163.3712
2024-04-30 10:14:34.418300,-166.5402
2024-04-30 10:14:34.433930,-169.8549
2024-04-30 10:14:34.449560,-172.8677
2024-04-30 10:14:34.465180,-175.0523
2024-04-30 10:14:34.480810,-176.197
2024-04-30 10:14:34.496430,-176.7128
2024-04-30 10:14:34.512060,-177.7012
2024-04-30 10:14:34.527680,-180.5034
2024-04-30 10:14:34.543310,-186.1619
2024-04-30 10:14:34.558940,-194.8415
2024-04-30 10:14:34.574560,-205.8015
2024-04-30 10:14:34.590190,-217.5547
2024-04-30 10:14:34.605810,-228.5817
2024-04-30 10:14:34.621440,-237.8079
2024-04-30 10:14:34.637060,-244.9563
2024-04-30 10:14:34.652690,-250.5934
2024-04-30 10:14:34.668320,-255.8265
2024-04-30 10:14:34.683940,-261.9205
2024-04-30 10:14:34.699570,-269.8434
2024-04-30 10:14:34.715190,-279.9214
2024-04-30 10:14:34.730820,-291.4667
2024-04-30 10:14:34.746440,-302.7451
2024-04-30 10:14:34.762070,-311.2129
2024-04-30 10:14:34.777700,-314.1113
2024-04-30 10:14:34.793320,-309.4016
2024-04-30 10:14:34.808950,-296.5365
2024-04-30 10:14:34.824570,-276.7845
2024-04-30 10:14:34.840200,-252.8881
2024-04-30 10:14:34.855820,-228.054
2024-04-30 10:14:34.871450,-204.8271
2024-04-30 10:14:34.887080,-184.3289
2024-04-30 10:14:34.902700,-166.1232
2024-04-30 10:14:34.918330,-148.8193
2024-04-30 10:14:34.933950,-130.9198
2024-04-30 10:14:34.949580,-111.4681
2024-04-30 10:14:34.965200,-90.32167
2024-04-30 10:14:34.980830,-67.90987
2024-04-30 10:14:34.996460,-44.79202
2024-04-30 10:14:35.012080,-21.41018
2024-04-30 10:14:35.027710,1.921709
2024-04-30 10:14:35.043330,24.84527
2024-04-30 10:14:35.058960,46.80988
2024-04-30 10:14:35.074580,67.01557
2024-04-30 10:14:35.090210,84.78226
2024-04-30 10:14:35.105840,99.7803
2024-04-30 10:14:35.121460,112.287
2024-04-30 10:14:35.137090,123.1279
2024-04-30 10:14:35.152710,133.2985
2024-04-30 10:14:35.168340,143.5358
2024-04-30 10:14:35.183960,154.0219
2024-04-30 10:14:35.199590,164.2483
2024-04-30 10:14:35.215220,173.1735
2024-04-30 10:14:35.230840,179.6729
2024-04-30 10:14:35.246470,182.9693
2024-04-30 10:14:35.262090,182.9728
2024-04-30 10:14:35.277720,180.3763
2024-04-30 10:14:35.293340,176.3842
2024-04-30 10:14:35.308970,172.3333
2024-04-30 10:14:35.324600,169.2368
2024-04-30 10:14:35.340220,167.4346
2024-04-30 10:14:35.355850,166.5607
2024-04-30 10:14:35.371470,165.7449
2024-04-30 10:14:35.387100,163.9471
2024-04-30 10:14:35.402720,160.2685
2024-04-30 10:14:35.418350,154.313
2024-04-30 10:14:35.433980,146.3273
2024-04-30 10:14:35.449600,137.3928
2024-04-30 10:14:35.465230,129.3525
2024-04-30 10:14:35.480850,124.483
2024-04-30 10:14:35.496480,124.8522
2024-04-30 10:14:35.512100,131.5566
2024-04-30 10:14:35.527730,144.228
2024-04-30 10:14:35.543360,160.9886
2024-04-30 10:14:35.558980,179.1025
2024-04-30 10:14:35.574610,195.871
2024-04-30 10:14:35.590230,209.5295
2024-04-30 10:14:35.605860,219.6008
2024-04-30 10:14:35.621480,226.6053
2024-04-30 10:14:35.637110,231.4996
2024-04-30 10:14:35.652740,234.9568
2024-04-30 10:14:35.668360,237.077
2024-04-30 10:14:35.683990,237.5066
2024-04-30 10:14:35.699610,235.8733
2024-04-30 10:14:35.715240,232.0493
2024-04-30 10:14:35.730860,226.3928
2024-04-30 10:14:35.746490,219.6029
2024-04-30 10:14:35.762120,212.46
2024-04-30 10:14:35.777740,205.6147
2024-04-30 10:14:35.793370,199.3561
2024-04-30 10:14:35.808990,193.6008
2024-04-30 10:14:35.824620,187.9625
2024-04-30 10:14:35.840240,181.9261
2024-04-30 10:14:35.855870,174.9772
2024-04-30 10:14:35.871500,166.7264
2024-04-30 10:14:35.887120,157.0243
2024-04-30 10:14:35.902750,145.8765
2024-04-30 10:14:35.918370,133.4646
2024-04-30 10:14:35.934000,120.0286
2024-04-30 10:14:35.949620,105.7367
2024-04-30 10:14:35.965250,90.64905
2024-04-30 10:14:35.980880,74.75879
2024-04-30 10:14:35.996500,58.13293
2024-04-30 10:14:36.012130,40.99023
2024-04-30 10:14:36.027750,23.76355
2024-04-30 10:14:36.043380,6.919922
2024-04-30 10:14:36.059000,-9.235229
2024-04-30 10:14:36.074630,-24.70166
2024-04-30 10:14:36.090260,-39.77258
2024-04-30 10:14:36.105880,-54.84265
2024-04-30 10:14:36.121510,-70.13989
2024-04-30 10:14:36.137130,-85.51489
2024-04-30 10:14:36.152760,-100.4005
2024-04-30 10:14:36.168380,-113.8695
2024-04-30 10:14:36.184010,-124.6582
2024-04-30 10:14:36.199640,-131.2587
2024-04-30 10:14:36.215260,-132.1649
2024-04-30 10:14:36.230890,-126.2062
2024-04-30 10:14:36.246510,-113.0684
2024-04-30 10:14:36.262140,-93.67126
2024-04-30 10:14:36.277760,-70.21875
2024-04-30 10:14:36.293390,-45.60254
2024-04-30 10:14:36.309020,-22.64087
2024-04-30 10:14:36.324640,-3.178589
2024-04-30 10:14:36.340270,12.27124
2024-04-30 10:14:36.355890,24.30859
2024-04-30 10:14:36.371520,34.00159
2024-04-30 10:14:36.387150,42.25098
2024-04-30 10:14:36.402770,49.35156
2024-04-30 10:14:36.418400,55.0011
2024-04-30 10:14:36.434020,58.6488
2024-04-30 10:14:36.449650,59.76672
2024-04-30 10:14:36.465270,58.18665
2024-04-30 10:14:36.480900,54.09082
2024-04-30 10:14:36.496530,47.98682
2024-04-30 10:14:36.512150,40.61963
2024-04-30 10:14:36.527780,32.87439
2024-04-30 10:14:36.543400,25.64905
2024-04-30 10:14:36.559030,19.62073
2024-04-30 10:14:36.574650,15.22632
2024-04-30 10:14:36.590280,12.55591
2024-04-30 10:14:36.605910,11.46838
2024-04-30 10:14:36.621530,11.66333
2024-04-30 10:14:36.637160,12.7168
2024-04-30 10:14:36.652780,14.20544
2024-04-30 10:14:36.668410,15.59088
2024-04-30 10:14:36.684030,16.27789
2024-04-30 10:14:36.699660,15.61908
2024-04-30 10:14:36.715290,13.19281
2024-04-30 10:14:36.730910,8.854065
2024-04-30 10:14:36.746540,2.862122
2024-04-30 10:14:36.762160,-4.144775
2024-04-30 10:14:36.777790,-11.4837
2024-04-30 10:14:36.793410,-18.52301
2024-04-30 10:14:36.809040,-24.94922
2024-04-30 10:14:36.824670,-30.74365
2024-04-30 10:14:36.840290,-36.06549
2024-04-30 10:14:36.855920,-41.02216
2024-04-30 10:14:36.871540,-45.68085
2024-04-30 10:14:36.887170,-50.07904
2024-04-30 10:14:36.902790,-54.35211
2024-04-30 10:14:36.918420,-58.80737
2024-04-30 10:14:36.934050,-63.67352
2024-04-30 10:14:36.949670,-68.75079
2024-04-30 10:14:36.965300,-73.06372
2024-04-30 10:14:36.980920,-74.83099
2024-04-30 10:14:36.996550,-71.9447
2024-04-30 10:14:37.012170,-62.91663
2024-04-30 10:14:37.027800,-47.6236
2024-04-30 10:14:37.043430,-27.58612
2024-04-30 10:14:37.059050,-5.602112
2024-04-30 10:14:37.074680,15.30597
2024-04-30 10:14:37.090300,32.90698
2024-04-30 10:14:37.105930,46.43073
2024-04-30 10:14:37.121550,56.52319
2024-04-30 10:14:37.137180,64.58844
2024-04-30 10:14:37.152810,71.94684
2024-04-30 10:14:37.168430,79.25586
2024-04-30 10:14:37.184060,86.42517
2024-04-30 10:14:37.199680,92.76794
2024-04-30 10:14:37.215310,97.54352
2024-04-30 10:14:37.230930,100.2695
2024-04-30 10:14:37.246560,100.922
2024-04-30 10:14:37.262190,99.95581
2024-04-30 10:14:37.277810,98.10809
2024-04-30 10:14:37.293440,96.14343
2024-04-30 10:14:37.309060,94.65948
2024-04-30 10:14:37.324690,93.94489
2024-04-30 10:14:37.340310,93.92694
2024-04-30 10:14:37.355940,94.32428
2024-04-30 10:14:37.371570,94.75739
2024-04-30 10:14:37.387190,94.94269
2024-04-30 10:14:37.402820,94.73901
2024-04-30 10:14:37.418440,94.25183
2024-04-30 10:14:37.434070,93.6684
2024-04-30 10:14:37.449690,93.28186
2024-04-30 10:14:37.465320,93.36646
2024-04-30 10:14:37.480950,94.05493
2024-04-30 10:14:37.496570,95.31787
2024-04-30 10:14:37.512200,96.85223
2024-04-30 10:14:37.527820,98.11768
2024-04-30 10:14:37.543450,98.37769
2024-04-30 10:14:37.559070,96.9953
2024-04-30 10:14:37.574700,93.52002
2024-04-30 10:14:37.590330,87.88818
2024-04-30 10:14:37.605950,80.37463
2024-04-30 10:14:37.621580,71.39966
2024-04-30 10:14:37.637200,61.37769
2024-04-30 10:14:37.652830,50.479
2024-04-30 10:14:37.668450,38.57129
2024-04-30 10:14:37.684080,25.38763
2024-04-30 10:14:37.699710,10.88086
2024-04-30 10:14:37.715330,-4.398987
2024-04-30 10:14:37.730960,-19.11432
2024-04-30 10:14:37.746580,-31.27106
2024-04-30 10:14:37.762210,-38.8053
2024-04-30 10:14:37.777830,-40.26276
2024-04-30 10:14:37.793460,-35.44678
2024-04-30 10:14:37.809090,-25.64825
2024-04-30 10:14:37.824710,-13.31549
2024-04-30 10:14:37.840340,-1.310699
2024-04-30 10:14:37.855960,8.025787
2024-04-30 10:14:37.871590,13.4834
2024-04-30 10:14:37.887210,15.19894
2024-04-30 10:14:37.902840,14.24039
2024-04-30 10:14:37.918470,12.08975
2024-04-30 10:14:37.934090,9.955383
2024-04-30 10:14:37.949720,8.404877
2024-04-30 10:14:37.965340,7.375397
2024-04-30 10:14:37.980970,6.394348
2024-04-30 10:14:37.996590,4.932343
2024-04-30 10:14:38.012220,2.729279
2024-04-30 10:14:38.027850,-0.07144165
2024-04-30 10:14:38.043470,-3.121765
2024-04-30 10:14:38.059100,-6.009918
2024-04-30 10:14:38.074720,-8.509262
2024-04-30 10:14:38.090350,-10.70323
2024-04-30 10:14:38.105970,-12.88426
2024-04-30 10:14:38.121600,-15.40692
2024-04-30 10:14:38.137230,-18.53358
2024-04-30 10:14:38.152850,-22.3172
2024-04-30 10:14:38.168480,-26.65445
2024-04-30 10:14:38.184100,-31.40327
2024-04-30 10:14:38.199730,-36.44689
2024-04-30 10:14:38.215350,-41.71991
2024-04-30 10:14:38.230980,-47.28664
2024-04-30 10:14:38.246610,-53.27925
2024-04-30 10:14:38.262230,-59.94254
2024-04-30 10:14:38.277860,-67.55639
2024-04-30 10:14:38.293480,-76.31613
2024-04-30 10:14:38.309110,-86.21201
2024-04-30 10:14:38.324730,-96.95863
2024-04-30 10:14:38.340360,-107.9821
2024-04-30 10:14:38.355990,-118.5661
2024-04-30 10:14:38.371610,-128.1122
2024-04-30 10:14:38.387240,-136.2368
2024-04-30 10:14:38.402860,-143.0053
2024-04-30 10:14:38.418490,-148.8147
2024-04-30 10:14:38.434110,-154.2801
2024-04-30 10:14:38.449740,-159.9357
2024-04-30 10:14:38.465370,-165.942
2024-04-30 10:14:38.480990,-171.7246
2024-04-30 10:14:38.496620,-176.0134
2024-04-30 10:14:38.512240,-177.0109
2024-04-30 10:14:38.527870,-172.9833
2024-04-30 10:14:38.543490,-162.9651
2024-04-30 10:14:38.559120,-147.282
2024-04-30 10:14:38.574750,-127.5765
2024-04-30 10:14:38.590370,-106.3377
2024-04-30 10:14:38.606000,-86.06642
2024-04-30 10:14:38.621620,-68.37605
2024-04-30 10:14:38.637250,-53.68048
2024-04-30 10:14:38.652870,-41.31247
2024-04-30 10:14:38.668500,-30.19096
2024-04-30 10:14:38.684130,-19.47227
2024-04-30 10:14:38.699750,-8.983093
2024-04-30 10:14:38.715380,0.8235016
2024-04-30 10:14:38.731000,9.262192
2024-04-30 10:14:38.746630,15.85452
2024-04-30 10:14:38.762250,20.60234
2024-04-30 10:14:38.777880,23.90916
2024-04-30 10:14:38.793510,26.4201
2024-04-30 10:14:38.809130,28.57138
2024-04-30 10:14:38.824760,30.49725
2024-04-30 10:14:38.840380,32.04691
2024-04-30 10:14:38.856010,33.02245
2024-04-30 10:14:38.871630,33.30266
2024-04-30 10:14:38.887260,32.96014
2024-04-30 10:14:38.902890,32.21193
2024-04-30 10:14:38.918510,31.20845
2024-04-30 10:14:38.934140,29.93755
2024-04-30 10:14:38.949760,28.15103
2024-04-30 10:14:38.965390,25.45978
2024-04-30 10:14:38.981020,21.55322
2024-04-30 10:14:38.996640,16.31427
2024-04-30 10:14:39.012270,9.915283
2024-04-30 10:14:39.027890,2.777023
2024-04-30 10:14:39.043520,-4.546204
2024-04-30 10:14:39.059140,-11.56822
2024-04-30 10:14:39.074770,-17.96632
2024-04-30 10:14:39.090400,-23.6778
2024-04-30 10:14:39.106020,-28.92813
2024-04-30 10:14:39.121650,-34.11562
2024-04-30 10:14:39.137270,-39.71866
2024-04-30 10:14:39.152900,-46.16502
2024-04-30 10:14:39.168520,-53.75403
2024-04-30 10:14:39.184150,-62.49405
2024-04-30 10:14:39.199780,-72.00827
2024-04-30 10:14:39.215400,-81.37671
2024-04-30 10:14:39.231030,-89.17439
2024-04-30 10:14:39.246650,-93.77248
2024-04-30 10:14:39.262280,-93.81789
2024-04-30 10:14:39.277900,-88.88347
2024-04-30 10:14:39.293530,-79.60782
2024-04-30 10:14:39.309160,-67.67429
2024-04-30 10:14:39.324780,-55.19987
2024-04-30 10:14:39.340410,-43.9798
2024-04-30 10:14:39.356030,-34.9169
2024-04-30 10:14:39.371660,-27.93768
2024-04-30 10:14:39.387280,-22.36038
2024-04-30 10:14:39.402910,-17.4894
2024-04-30 10:14:39.418540,-13.11716
2024-04-30 10:14:39.434160,-9.582855
2024-04-30 10:14:39.449790,-7.540833
2024-04-30 10:14:39.465410,-7.588577
2024-04-30 10:14:39.481040,-9.875671
2024-04-30 10:14:39.496660,-14.08208
2024-04-30 10:14:39.512290,-19.53511
2024-04-30 10:14:39.527920,-25.51205
2024-04-30 10:14:39.543540,-31.46312
2024-04-30 10:14:39.559170,-37.11079
2024-04-30 10:14:39.574790,-42.47472
2024-04-30 10:14:39.590420,-47.68393
2024-04-30 10:14:39.606040,-52.84953
2024-04-30 10:14:39.621670,-57.90884
2024-04-30 10:14:39.637300,-62.56206
2024-04-30 10:14:39.652920,-66.42992
2024-04-30 10:14:39.668550,-69.28955
2024-04-30 10:14:39.684170,-71.26147
2024-04-30 10:14:39.699800,-72.85524
2024-04-30 10:14:39.715420,-74.82095
2024-04-30 10:14:39.731050,-77.73213
2024-04-30 10:14:39.746680,-81.61789
2024-04-30 10:14:39.762300,-85.85627
2024-04-30 10:14:39.777930,-89.38358
2024-04-30 10:14:39.793550,-91.16255
2024-04-30 10:14:39.809180,-90.66816
2024-04-30 10:14:39.824800,-88.12386
2024-04-30 10:14:39.840430,-84.4077
2024-04-30 10:14:39.856060,-80.68188
2024-04-30 10:14:39.871680,-78.00209
2024-04-30 10:14:39.887310,-76.95172
2024-04-30 10:14:39.902930,-77.58761
2024-04-30 10:14:39.918560,-79.40609
2024-04-30 10:14:39.934180,-81.42142
2024-04-30 10:14:39.949810,-82.24106
2024-04-30 10:14:39.965440,-80.32819
2024-04-30 10:14:39.981060,-74.32816
2024-04-30 10:14:39.996690,-63.52942
2024-04-30 10:14:40.012310,-48.18714
2024-04-30 10:14:40.027940,-29.49473
2024-04-30 10:14:40.043560,-9.297295
2024-04-30 10:14:40.059190,10.54159
2024-04-30 10:14:40.074820,28.69741
2024-04-30 10:14:40.090440,44.69797
2024-04-30 10:14:40.106070,58.82587
2024-04-30 10:14:40.121690,71.72509
2024-04-30 10:14:40.137320,83.99467
2024-04-30 10:14:40.152940,95.83662
2024-04-30 10:14:40.168570,107.039
2024-04-30 10:14:40.184200,117.0735
2024-04-30 10:14:40.199820,125.3702
2024-04-30 10:14:40.215450,131.5284
2024-04-30 10:14:40.231070,135.4274
2024-04-30 10:14:40.246700,137.3374
2024-04-30 10:14:40.262320,137.7042
2024-04-30 10:14:40.277950,137.0959
2024-04-30 10:14:40.293580,135.9478
2024-04-30 10:14:40.309200,134.5187
2024-04-30 10:14:40.324830,132.8521
2024-04-30 10:14:40.340450,130.8764
2024-04-30 10:14:40.356080,128.5767
2024-04-30 10:14:40.371700,125.9776
2024-04-30 10:14:40.387330,123.1163
2024-04-30 10:14:40.402960,119.9117
2024-04-30 10:14:40.418580,116.177
2024-04-30 10:14:40.434210,111.6449
2024-04-30 10:14:40.449830,106.2011
2024-04-30 10:14:40.465460,99.98874
2024-04-30 10:14:40.481080,93.39673
2024-04-30 10:14:40.496710,86.86481
2024-04-30 10:14:40.512340,80.70782
2024-04-30 10:14:40.527960,75.06564
2024-04-30 10:14:40.543590,69.89911
2024-04-30 10:14:40.559210,65.21164
2024-04-30 10:14:40.574840,61.10745
2024-04-30 10:14:40.590460,57.74655
2024-04-30 10:14:40.606090,55.12659
2024-04-30 10:14:40.621720,52.91953
2024-04-30 10:14:40.637340,50.51907
2024-04-30 10:14:40.652970,47.29874
2024-04-30 10:14:40.668590,43.05167
2024-04-30 10:14:40.684220,38.26718
2024-04-30 10:14:40.699840,34.10361
2024-04-30 10:14:40.715470,31.95197
2024-04-30 10:14:40.731100,33.0065
2024-04-30 10:14:40.746720,37.87143
2024-04-30 10:14:40.762350,46.48502
2024-04-30 10:14:40.777970,58.36522
2024-04-30 10:14:40.793600,72.81892
2024-04-30 10:14:40.809220,89.1366
2024-04-30 10:14:40.824850,106.5212
2024-04-30 10:14:40.840480,123.9918
2024-04-30 10:14:40.856100,140.218
2024-04-30 10:14:40.871730,153.6623
2024-04-30 10:14:40.887350,162.9442
2024-04-30 10:14:40.902980,167.2009
2024-04-30 10:14:40.918600,166.4201
2024-04-30 10:14:40.934230,161.4042
2024-04-30 10:14:40.949860,153.491
2024-04-30 10:14:40.965480,144.1176
2024-04-30 10:14:40.981110,134.4838
2024-04-30 10:14:40.996730,125.2242
2024-04-30 10:14:41.012360,116.3533
2024-04-30 10:14:41.027980,107.4208
2024-04-30 10:14:41.043610,97.67709
2024-04-30 10:14:41.059240,86.4437
2024-04-30 10:14:41.074860,73.33618
2024-04-30 10:14:41.090490,58.3978
2024-04-30 10:14:41.106110,42.10785
2024-04-30 10:14:41.121740,25.20904
2024-04-30 10:14:41.137360,8.463154
2024-04-30 10:14:41.152990,-7.583063
2024-04-30 10:14:41.168620,-22.74983
2024-04-30 10:14:41.184240,-37.18898
2024-04-30 10:14:41.199870,-51.19915
2024-04-30 10:14:41.215490,-64.97818
2024-04-30 10:14:41.231120,-78.49607
2024-04-30 10:14:41.246750,-91.40117
2024-04-30 10:14:41.262370,-103.2262
2024-04-30 10:14:41.278000,-113.5943
2024-04-30 10:14:41.293620,-122.4007
2024-04-30 10:14:41.309250,-129.8624
2024-04-30 10:14:41.324870,-136.42
2024-04-30 10:14:41.340500,-142.5213
2024-04-30 10:14:41.356130,-148.3703
2024-04-30 10:14:41.371750,-153.874
2024-04-30 10:14:41.387380,-158.3972
2024-04-30 10:14:41.403000,-160.8229
2024-04-30 10:14:41.418630,-159.5946
2024-04-30 10:14:41.434250,-153.0778
2024-04-30 10:14:41.449880,-139.9079
2024-04-30 10:14:41.465510,-119.5622
2024-04-30 10:14:41.481130,-92.61736
2024-04-30 10:14:41.496760,-60.7209
2024-04-30 10:14:41.512380,-26.19272
2024-04-30 10:14:41.528010,8.725067
2024-04-30 10:14:41.543630,42.45517
2024-04-30 10:14:41.559260,74.42239
2024-04-30 10:14:41.574890,104.898
2024-04-30 10:14:41.590510,134.5187
2024-04-30 10:14:41.606140,163.6984
2024-04-30 10:14:41.621760,192.3037
2024-04-30 10:14:41.637390,219.7156
2024-04-30 10:14:41.653010,245.1118
2024-04-30 10:14:41.668640,267.7744
2024-04-30 10:14:41.684270,287.1802
2024-04-30 10:14:41.699890,302.8955
2024-04-30 10:14:41.715520,314.388
2024-04-30 10:14:41.731140,320.8653
2024-04-30 10:14:41.746770,321.5244
2024-04-30 10:14:41.762390,315.9207
2024-04-30 10:14:41.778020,304.4049
2024-04-30 10:14:41.793650,288.2227
2024-04-30 10:14:41.809270,269.1949
2024-04-30 10:14:41.824900,249.1129
2024-04-30 10:14:41.840520,229.1804
2024-04-30 10:14:41.856150,209.8268
2024-04-30 10:14:41.871770,190.8686
2024-04-30 10:14:41.887400,171.9495
2024-04-30 10:14:41.903030,153.0009
2024-04-30 10:14:41.918650,134.3869
2024-04-30 10:14:41.934280,116.7322
2024-04-30 10:14:41.949900,100.6362
2024-04-30 10:14:41.965530,86.35321
2024-04-30 10:14:41.981150,73.75482
2024-04-30 10:14:41.996780,62.44702
2024-04-30 10:14:42.012410,52.0191
2024-04-30 10:14:42.028030,42.15283
2024-04-30 10:14:42.043660,32.76721
2024-04-30 10:14:42.059280,23.9989
2024-04-30 10:14:42.074910,16.01147
2024-04-30 10:14:42.090530,8.935425
2024-04-30 10:14:42.106160,2.806641
2024-04-30 10:14:42.121790,-2.464966
2024-04-30 10:14:42.137410,-7.031128
2024-04-30 10:14:42.153040,-11.04529
2024-04-30 10:14:42.168660,-14.58386
2024-04-30 10:14:42.184290,-17.68958
2024-04-30 10:14:42.199910,-20.30017
2024-04-30 10:14:42.215540,-22.3291
2024-04-30 10:14:42.231170,-23.7417
2024-04-30 10:14:42.246790,-24.54529
2024-04-30 10:14:42.262420,-24.80225
2024-04-30 10:14:42.278040,-24.64587
2024-04-30 10:14:42.293670,-24.17297
2024-04-30 10:14:42.309290,-23.43457
2024-04-30 10:14:42.324920,-22.39673
2024-04-30 10:14:42.340550,-20.90393
2024-04-30 10:14:42.356170,-18.78088
2024-04-30 10:14:42.371800,-15.87549
2024-04-30 10:14:42.387420,-12.20337
2024-04-30 10:14:42.403050,-7.971313
2024-04-30 10:14:42.418670,-3.62085
2024-04-30 10:14:42.434300,0.3812256
2024-04-30 10:14:42.449930,3.654297
2024-04-30 10:14:42.465550,6.080322
2024-04-30 10:14:42.481180,7.844849
2024-04-30 10:14:42.496800,9.311157
2024-04-30 10:14:42.512430,10.82666
2024-04-30 10:14:42.528050,12.40381
2024-04-30 10:14:42.543680,13.57446
2024-04-30 10:14:42.559310,13.37988
2024-04-30 10:14:42.574930,10.72168
2024-04-30 10:14:42.590560,4.708008
2024-04-30 10:14:42.606180,-4.93457
2024-04-30 10:14:42.621810,-17.73022
2024-04-30 10:14:42.637430,-32.68335
2024-04-30 10:14:42.653060,-48.67163
2024-04-30 10:14:42.668690,-65.01807
2024-04-30 10:14:42.684310,-81.82104
2024-04-30 10:14:42.699940,-99.95532
2024-04-30 10:14:42.715560,-120.6252
2024-04-30 10:14:42.731190,-144.7725
2024-04-30 10:14:42.746810,-172.5332
2024-04-30 10:14:42.762440,-203.0664
2024-04-30 10:14:42.778070,-234.9675
2024-04-30 10:14:42.793690,-266.7861
2024-04-30 10:14:42.809320,-297.6421
2024-04-30 10:14:42.824940,-327.5977
2024-04-30 10:14:42.840570,-357.5378
2024-04-30 10:14:42.856190,-388.8945
2024-04-30 10:14:42.871820,-423.479
2024-04-30 10:14:42.887450,-463.1938
2024-04-30 10:14:42.903070,-509.3733
2024-04-30 10:14:42.918700,-561.823
2024-04-30 10:14:42.934320,-617.5222
2024-04-30 10:14:42.949950,-670.1047
2024-04-30 10:14:42.965570,-710.8069
2024-04-30 10:14:42.981200,-730.9087
2024-04-30 10:14:42.996830,-724.8511
2024-04-30 10:14:43.012450,-692.4749
2024-04-30 10:14:43.028080,-639.2271
2024-04-30 10:14:43.043700,-574.05
2024-04-30 10:14:43.059330,-506.2429
2024-04-30 10:14:43.074950,-442.7502
2024-04-30 10:14:43.090580,-387.0073
2024-04-30 10:14:43.106210,-339.6748
2024-04-30 10:14:43.121830,-300.075
2024-04-30 10:14:43.137460,-267.3301
2024-04-30 10:14:43.153080,-240.6636
2024-04-30 10:14:43.168710,-218.9634
2024-04-30 10:14:43.184330,-200.4312
2024-04-30 10:14:43.199960,-182.835
2024-04-30 10:14:43.215590,-164.376
2024-04-30 10:14:43.231210,-144.4817
2024-04-30 10:14:43.246840,-124.1384
2024-04-30 10:14:43.262460,-105.3167
2024-04-30 10:14:43.278090,-90.15015
2024-04-30 10:14:43.293710,-79.83911
2024-04-30 10:14:43.309340,-74.21216
2024-04-30 10:14:43.324970,-71.80884
2024-04-30 10:14:43.340590,-70.49072
2024-04-30 10:14:43.356220,-68.18872
2024-04-30 10:14:43.371840,-63.59229
2024-04-30 10:14:43.387470,-56.49683
2024-04-30 10:14:43.403090,-47.69751
2024-04-30 10:14:43.418720,-38.56006
2024-04-30 10:14:43.434350,-30.36719
2024-04-30 10:14:43.449970,-23.95239
2024-04-30 10:14:43.465600,-19.58594
2024-04-30 10:14:43.481220,-17.27246
2024-04-30 10:14:43.496850,-17.26855
2024-04-30 10:14:43.512480,-20.38599
2024-04-30 10:14:43.528100,-27.98389
2024-04-30 10:14:43.543730,-41.58716
2024-04-30 10:14:43.559350,-62.1582
2024-04-30 10:14:43.574980,-89.43103
2024-04-30 10:14:43.590600,-121.51
2024-04-30 10:14:43.606230,-154.9178
2024-04-30 10:14:43.621860,-185.2437
2024-04-30 10:14:43.637480,-208.1541
2024-04-30 10:14:43.653110,-220.4857
2024-04-30 10:14:43.668730,-221.0698
2024-04-30 10:14:43.684360,-210.9684
2024-04-30 10:14:43.699980,-192.9308
2024-04-30 10:14:43.715610,-170.4344
2024-04-30 10:14:43.731240,-146.5367
2024-04-30 10:14:43.746860,-123.1555
2024-04-30 10:14:43.762490,-100.9463
2024-04-30 10:14:43.778110,-79.78589
2024-04-30 10:14:43.793740,-59.36499
2024-04-30 10:14:43.809360,-39.599
2024-04-30 10:14:43.824990,-20.70117
2024-04-30 10:14:43.840620,-2.929321
2024-04-30 10:14:43.856240,13.7334
2024-04-30 10:14:43.871870,29.63782
2024-04-30 10:14:43.887490,45.33667
2024-04-30 10:14:43.903120,61.37073
2024-04-30 10:14:43.918740,78.01416
2024-04-30 10:14:43.934370,95.32227
2024-04-30 10:14:43.950000,113.1565
2024-04-30 10:14:43.965620,131.2637
2024-04-30 10:14:43.981250,149.2325
2024-04-30 10:14:43.996870,166.4018
2024-04-30 10:14:44.012500,181.8416
2024-04-30 10:14:44.028120,194.5045
2024-04-30 10:14:44.043750,203.5766
2024-04-30 10:14:44.059380,208.7289
2024-04-30 10:14:44.075000,210.2648
2024-04-30 10:14:44.090630,208.9133
2024-04-30 10:14:44.106250,205.4587
2024-04-30 10:14:44.121880,200.412
2024-04-30 10:14:44.137500,193.9929
2024-04-30 10:14:44.153130,186.2549
2024-04-30 10:14:44.168760,177.3746
2024-04-30 10:14:44.184380,167.8076
2024-04-30 10:14:44.200010,158.1309
2024-04-30 10:14:44.215630,148.7552
2024-04-30 10:14:44.231260,139.6494
2024-04-30 10:14:44.246880,130.2517
2024-04-30 10:14:44.262510,119.5156
2024-04-30 10:14:44.278140,106.213
2024-04-30 10:14:44.293760,89.13582
2024-04-30 10:14:44.309390,67.32211
2024-04-30 10:14:44.325010,40.42143
2024-04-30 10:14:44.340640,9.005478
2024-04-30 10:14:44.356260,-25.10834
2024-04-30 10:14:44.371890,-58.89503
2024-04-30 10:14:44.387520,-88.66606
2024-04-30 10:14:44.403140,-111.0655
2024-04-30 10:14:44.418770,-124.1042
2024-04-30 10:14:44.434390,-127.6835
2024-04-30 10:14:44.450020,-123.4731
2024-04-30 10:14:44.465640,-113.9799
2024-04-30 10:14:44.481270,-101.5257
2024-04-30 10:14:44.496900,-87.60933
2024-04-30 10:14:44.512520,-72.74944
2024-04-30 10:14:44.528150,-57.02396
2024-04-30 10:14:44.543770,-40.62479
2024-04-30 10:14:44.559400,-24.2023
2024-04-30 10:14:44.575020,-8.701965
2024-04-30 10:14:44.590650,5.07077
2024-04-30 10:14:44.606280,16.99603
2024-04-30 10:14:44.621900,27.75037
2024-04-30 10:14:44.637530,38.53714
2024-04-30 10:14:44.653150,50.6687
2024-04-30 10:14:44.668780,64.84515
2024-04-30 10:14:44.684400,80.83417
2024-04-30 10:14:44.700030,97.35107
2024-04-30 10:14:44.715660,112.3418
2024-04-30 10:14:44.731280,123.5772
2024-04-30 10:14:44.746910,129.402
2024-04-30 10:14:44.762530,129.2117
2024-04-30 10:14:44.778160,123.5634
2024-04-30 10:14:44.793780,113.981
2024-04-30 10:14:44.809410,102.4429
2024-04-30 10:14:44.825040,90.95154
2024-04-30 10:14:44.840660,81.2561
2024-04-30 10:14:44.856290,74.69525
2024-04-30 10:14:44.871910,72.16016
2024-04-30 10:14:44.887540,74.03937
2024-04-30 10:14:44.903160,80.3009
2024-04-30 10:14:44.918790,90.54541
2024-04-30 10:14:44.934420,104.4076
2024-04-30 10:14:44.950040,121.8289
2024-04-30 10:14:44.965670,143.0565
2024-04-30 10:14:44.981290,168.2803
2024-04-30 10:14:44.996920,196.8507
2024-04-30 10:14:45.012540,226.7456
2024-04-30 10:14:45.028170,254.5676
2024-04-30 10:14:45.043800,276.6488
2024-04-30 10:14:45.059420,290.3538
2024-04-30 10:14:45.075050,295.1946
2024-04-30 10:14:45.090670,292.9888
2024-04-30 10:14:45.106300,287.0005
2024-04-30 10:14:45.121920,280.7893
2024-04-30 10:14:45.137550,277.0315
2024-04-30 10:14:45.153180,277.2133
2024-04-30 10:14:45.168800,281.6473
2024-04-30 10:14:45.184430,289.6412
2024-04-30 10:14:45.200050,299.418
2024-04-30 10:14:45.215680,308.2408
2024-04-30 10:14:45.231300,312.8021
2024-04-30 10:14:45.246930,310.1761
2024-04-30 10:14:45.262560,299.0798
2024-04-30 10:14:45.278180,280.4384
2024-04-30 10:14:45.293810,257.1129
2024-04-30 10:14:45.309430,232.6989
2024-04-30 10:14:45.325060,210.2411
2024-04-30 10:14:45.340680,191.501
2024-04-30 10:14:45.356310,177.254
2024-04-30 10:14:45.371940,168.0022
2024-04-30 10:14:45.387560,164.4297
2024-04-30 10:14:45.403190,167.2607
2024-04-30 10:14:45.418810,176.3588
2024-04-30 10:14:45.434440,190.3439
2024-04-30 10:14:45.450060,206.6532
2024-04-30 10:14:45.465690,222.4624
2024-04-30 10:14:45.481320,235.724
2024-04-30 10:14:45.496940,245.8481
2024-04-30 10:14:45.512570,253.8951
2024-04-30 10:14:45.528190,262.0706
2024-04-30 10:14:45.543820,273.228
2024-04-30 10:14:45.559440,289.8805
2024-04-30 10:14:45.575070,313.0701
2024-04-30 10:14:45.590700,341.2673
2024-04-30 10:14:45.606320,369.9539
2024-04-30 10:14:45.621950,392.4888
2024-04-30 10:14:45.637570,402.2672
2024-04-30 10:14:45.653200,395.3279
2024-04-30 10:14:45.668820,372.1534
2024-04-30 10:14:45.684450,337.6271
2024-04-30 10:14:45.700080,298.8357
2024-04-30 10:14:45.715700,262.0866
2024-04-30 10:14:45.731330,230.5606
2024-04-30 10:14:45.746950,203.9216
2024-04-30 10:14:45.762580,179.8182
2024-04-30 10:14:45.778200,156.013
2024-04-30 10:14:45.793830,131.926
2024-04-30 10:14:45.809460,108.6636
2024-04-30 10:14:45.825080,88.03729
2024-04-30 10:14:45.840710,71.41174
2024-04-30 10:14:45.856330,59.23413
2024-04-30 10:14:45.871960,51.05725
2024-04-30 10:14:45.887580,45.9519
2024-04-30 10:14:45.903210,42.61902
2024-04-30 10:14:45.918840,39.08276
2024-04-30 10:14:45.934460,32.85181
2024-04-30 10:14:45.950090,21.26978
2024-04-30 10:14:45.965710,2.632599
2024-04-30 10:14:45.981340,-22.66516
2024-04-30 10:14:45.996960,-51.65366
2024-04-30 10:14:46.012590,-79.48752
2024-04-30 10:14:46.028220,-100.9473
2024-04-30 10:14:46.043840,-112.3396
2024-04-30 10:14:46.059470,-112.7507
2024-04-30 10:14:46.075090,-104.2375
2024-04-30 10:14:46.090720,-90.91954
2024-04-30 10:14:46.106350,-77.66017
2024-04-30 10:14:46.121970,-68.64613
2024-04-30 10:14:46.137600,-66.6204
2024-04-30 10:14:46.153220,-72.60815
2024-04-30 10:14:46.168850,-86.12309
2024-04-30 10:14:46.184470,-105.6347
2024-04-30 10:14:46.200100,-128.9498
2024-04-30 10:14:46.215730,-153.6178
2024-04-30 10:14:46.231350,-177.1639
2024-04-30 10:14:46.246980,-197.4861
2024-04-30 10:14:46.262600,-213.1343
2024-04-30 10:14:46.278230,-223.8557
2024-04-30 10:14:46.293850,-230.7044
2024-04-30 10:14:46.309480,-235.6573
2024-04-30 10:14:46.325110,-240.8149
2024-04-30 10:14:46.340730,-247.4513
2024-04-30 10:14:46.356360,-255.3409
2024-04-30 10:14:46.371980,-262.8628
2024-04-30 10:14:46.387610,-267.7532
2024-04-30 10:14:46.403230,-268.0056
2024-04-30 10:14:46.418860,-262.6514
2024-04-30 10:14:46.434490,-252.0159
2024-04-30 10:14:46.450110,-237.5048
2024-04-30 10:14:46.465740,-221.3635
2024-04-30 10:14:46.481360,-206.3394
2024-04-30 10:14:46.496990,-195.235
2024-04-30 10:14:46.512610,-190.2913
2024-04-30 10:14:46.528240,-192.4227
2024-04-30 10:14:46.543870,-200.6235
2024-04-30 10:14:46.559490,-212.0091
2024-04-30 10:14:46.575120,-222.6796
2024-04-30 10:14:46.590740,-229.0255
2024-04-30 10:14:46.606370,-229.0151
2024-04-30 10:14:46.621990,-222.6732
2024-04-30 10:14:46.637620,-211.5452
2024-04-30 10:14:46.653250,-197.6985
2024-04-30 10:14:46.668870,-182.6745
2024-04-30 10:14:46.684500,-167.0259
2024-04-30 10:14:46.700120,-150.5225
2024-04-30 10:14:46.715750,-132.7448
2024-04-30 10:14:46.731370,-113.6071
2024-04-30 10:14:46.747000,-93.62531
2024-04-30 10:14:46.762630,-73.82349
2024-04-30 10:14:46.778250,-55.36774
2024-04-30 10:14:46.793880,-39.21021
2024-04-30 10:14:46.809500,-25.88928
2024-04-30 10:14:46.825130,-15.41711
2024-04-30 10:14:46.840750,-7.47168
2024-04-30 10:14:46.856380,-1.659302
2024-04-30 10:14:46.872010,2.234619
2024-04-30 10:14:46.887630,4.111572
2024-04-30 10:14:46.903260,3.613647
2024-04-30 10:14:46.918880,0.4824219
2024-04-30 10:14:46.934510,-5.203369
2024-04-30 10:14:46.950130,-12.90808
2024-04-30 10:14:46.965760,-21.75415
2024-04-30 10:14:46.981390,-31.07629
2024-04-30 10:14:46.997010,-40.77515
2024-04-30 10:14:47.012640,-51.50305
2024-04-30 10:14:47.028260,-64.36633
2024-04-30 10:14:47.043890,-80.36597
2024-04-30 10:14:47.059510,-99.77441
2024-04-30 10:14:47.075140,-121.8082
2024-04-30 10:14:47.090770,-144.759
2024-04-30 10:14:47.106390,-166.4702
2024-04-30 10:14:47.122020,-185.2017
2024-04-30 10:14:47.137640,-200.1929
2024-04-30 10:14:47.153270,-211.8518
2024-04-30 10:14:47.168890,-221.4161
2024-04-30 10:14:47.184520,-230.186
2024-04-30 10:14:47.200150,-238.7694
2024-04-30 10:14:47.215770,-246.6409
2024-04-30 10:14:47.231400,-252.1293
2024-04-30 10:14:47.247020,-252.9432
2024-04-30 10:14:47.262650,-247.0524
2024-04-30 10:14:47.278270,-233.4502
2024-04-30 10:14:47.293900,-212.5771
2024-04-30 10:14:47.309530,-186.2577
2024-04-30 10:14:47.325150,-157.2007
2024-04-30 10:14:47.340780,-128.2886
2024-04-30 10:14:47.356400,-102.0033
2024-04-30 10:14:47.372030,-79.93958
2024-04-30 10:14:47.387650,-62.59113
2024-04-30 10:14:47.403280,-49.54968
2024-04-30 10:14:47.418910,-39.83728
2024-04-30 10:14:47.434530,-32.41595
2024-04-30 10:14:47.450160,-26.57092
2024-04-30 10:14:47.465780,-22.07434
2024-04-30 10:14:47.481410,-19.03955
2024-04-30 10:14:47.497030,-17.59473
2024-04-30 10:14:47.512660,-17.61469
2024-04-30 10:14:47.528290,-18.62567
2024-04-30 10:14:47.543910,-19.97424
2024-04-30 10:14:47.559540,-21.15259
2024-04-30 10:14:47.575160,-22.02765
2024-04-30 10:14:47.590790,-22.83362
2024-04-30 10:14:47.606410,-23.91138
2024-04-30 10:14:47.622040,-25.40369
2024-04-30 10:14:47.637670,-27.09308
2024-04-30 10:14:47.653290,-28.52771
2024-04-30 10:14:47.668920,-29.43549
2024-04-30 10:14:47.684540,-29.95679
2024-04-30 10:14:47.700170,-30.75568
2024-04-30 10:14:47.715790,-32.7077
2024-04-30 10:14:47.731420,-36.5365
2024-04-30 10:14:47.747050,-42.38098
2024-04-30 10:14:47.762670,-49.72736
2024-04-30 10:14:47.778300,-57.59216
2024-04-30 10:14:47.793920,-64.91284
2024-04-30 10:14:47.809550,-71.0224
2024-04-30 10:14:47.825170,-75.84988
2024-04-30 10:14:47.840800,-79.88428
2024-04-30 10:14:47.856430,-83.92447
2024-04-30 10:14:47.872050,-88.83286
2024-04-30 10:14:47.887680,-95.21417
2024-04-30 10:14:47.903300,-103.2101
2024-04-30 10:14:47.918930,-112.2887
2024-04-30 10:14:47.934550,-121.2001
2024-04-30 10:14:47.950180,-127.9751
2024-04-30 10:14:47.965810,-130.252
2024-04-30 10:14:47.981430,-125.9374
2024-04-30 10:14:47.997060,-113.8528
2024-04-30 10:14:48.012680,-94.26213
2024-04-30 10:14:48.028310,-68.92339
2024-04-30 10:14:48.043930,-40.61505
2024-04-30 10:14:48.059560,-12.15898
2024-04-30 10:14:48.075190,14.43742
2024-04-30 10:14:48.090810,38.50728
2024-04-30 10:14:48.106440,60.73309
2024-04-30 10:14:48.122060,82.52266
2024-04-30 10:14:48.137690,105.3445
2024-04-30 10:14:48.153310,130.1537
2024-04-30 10:14:48.168940,157.145
2024-04-30 10:14:48.184570,185.934
2024-04-30 10:14:48.200190,215.8177
2024-04-30 10:14:48.215820,246.1435
2024-04-30 10:14:48.231440,276.369
2024-04-30 10:14:48.247070,306.0742
2024-04-30 10:14:48.262690,334.663
2024-04-30 10:14:48.278320,361.2679
2024-04-30 10:14:48.293950,384.7766
2024-04-30 10:14:48.309570,404.0518
2024-04-30 10:14:48.325200,418.2098
2024-04-30 10:14:48.340820,426.6198
2024-04-30 10:14:48.356450,428.7325
2024-04-30 10:14:48.372080,423.7078
2024-04-30 10:14:48.387700,410.3975
2024-04-30 10:14:48.403330,387.6924
2024-04-30 10:14:48.418950,355.3912
2024-04-30 10:14:48.434580,314.8293
2024-04-30 10:14:48.450200,269.0684
2024-04-30 10:14:48.465830,222.1884
2024-04-30 10:14:48.481460,178.0747
2024-04-30 10:14:48.497080,139.2173
2024-04-30 10:14:48.512710,106.2575
2024-04-30 10:14:48.528330,78.48169
2024-04-30 10:14:48.543960,54.75629
2024-04-30 10:14:48.559580,34.54912
2024-04-30 10:14:48.575210,18.22755
2024-04-30 10:14:48.590840,6.750854
2024-04-30 10:14:48.606460,1.068558
2024-04-30 10:14:48.622090,1.619751
2024-04-30 10:14:48.637710,8.290329
2024-04-30 10:14:48.653340,20.7648
2024-04-30 10:14:48.668960,38.77071
2024-04-30 10:14:48.684590,62.12581
2024-04-30 10:14:48.700220,90.38879
2024-04-30 10:14:48.715840,122.4748
2024-04-30 10:14:48.731470,156.4367
2024-04-30 10:14:48.747090,189.7992
2024-04-30 10:14:48.762720,220.1536
2024-04-30 10:14:48.778340,245.8099
2024-04-30 10:14:48.793970,266.2087
2024-04-30 10:14:48.809600,281.7454
2024-04-30 10:14:48.825220,293.2704
2024-04-30 10:14:48.840850,301.4938
2024-04-30 10:14:48.856470,306.5495
2024-04-30 10:14:48.872100,307.9738
2024-04-30 10:14:48.887720,304.9978
2024-04-30 10:14:48.903350,296.9355
2024-04-30 10:14:48.918980,283.657
2024-04-30 10:14:48.934600,265.6751
2024-04-30 10:14:48.950230,243.9836
2024-04-30 10:14:48.965850,219.7663
2024-04-30 10:14:48.981480,194.0773
2024-04-30 10:14:48.997100,167.6351
2024-04-30 10:14:49.012730,140.7924
2024-04-30 10:14:49.028360,113.6545
2024-04-30 10:14:49.043980,86.20511
2024-04-30 10:14:49.059610,58.51886
2024-04-30 10:14:49.075230,30.74136
2024-04-30 10:14:49.090860,3.109283
2024-04-30 10:14:49.106480,-24.08289
2024-04-30 10:14:49.122110,-50.56247
2024-04-30 10:14:49.137740,-76.07184
2024-04-30 10:14:49.153360,-100.3476
2024-04-30 10:14:49.168990,-123.1893
2024-04-30 10:14:49.184610,-144.4226
2024-04-30 10:14:49.200240,-163.8412
2024-04-30 10:14:49.215860,-181.2025
2024-04-30 10:14:49.231490,-196.2051
2024-04-30 10:14:49.247120,-208.6672
2024-04-30 10:14:49.262740,-218.52
2024-04-30 10:14:49.278370,-225.7915
2024-04-30 10:14:49.293990,-230.326
2024-04-30 10:14:49.309620,-231.6577
2024-04-30 10:14:49.325240,-229.1136
2024-04-30 10:14:49.340870,-222.2535
2024-04-30 10:14:49.356500,-211.433
2024-04-30 10:14:49.372120,-197.9963
2024-04-30 10:14:49.387750,-184.0224
2024-04-30 10:14:49.403370,-171.568
2024-04-30 10:14:49.419000,-161.9225
2024-04-30 10:14:49.434620,-155.1921
2024-04-30 10:14:49.450250,-150.674
2024-04-30 10:14:49.465880,-147.5264
2024-04-30 10:14:49.481500,-145.3384
2024-04-30 10:14:49.497130,-144.1204
2024-04-30 10:14:49.512750,-143.8947
2024-04-30 10:14:49.528380,-144.195
2024-04-30 10:14:49.544000,-144.129
2024-04-30 10:14:49.559630,-142.8632
2024-04-30 10:14:49.575260,-140.2891
2024-04-30 10:14:49.590880,-137.2062
2024-04-30 10:14:49.606510,-134.9532
2024-04-30 10:14:49.622130,-134.6364
2024-04-30 10:14:49.637760,-136.5157
2024-04-30 10:14:49.653380,-139.8938
2024-04-30 10:14:49.669010,-143.6428
2024-04-30 10:14:49.684640,-146.9099
2024-04-30 10:14:49.700260,-149.5992
2024-04-30 10:14:49.715890,-152.3964
2024-04-30 10:14:49.731510,-156.2198
2024-04-30 10:14:49.747140,-161.615
2024-04-30 10:14:49.762760,-168.3722
2024-04-30 10:14:49.778390,-175.5863
2024-04-30 10:14:49.794020,-181.9771
2024-04-30 10:14:49.809640,-186.4763
2024-04-30 10:14:49.825270,-188.5647
2024-04-30 10:14:49.840890,-188.5453
2024-04-30 10:14:49.856520,-187.4056
2024-04-30 10:14:49.872140,-186.5334
2024-04-30 10:14:49.887770,-187.3394
2024-04-30 10:14:49.903400,-190.8799
2024-04-30 10:14:49.919020,-197.564
2024-04-30 10:14:49.934650,-206.8176
2024-04-30 10:14:49.950270,-216.9128
2024-04-30 10:14:49.965900,-225.0336
2024-04-30 10:14:49.981520,-227.8495
2024-04-30 10:14:49.997150,-222.4355
2024-04-30 10:14:50.012780,-207.4175
2024-04-30 10:14:50.028400,-183.6165
2024-04-30 10:14:50.044030,-153.9647
2024-04-30 10:14:50.059650,-122.5328
2024-04-30 10:14:50.075280,-93.13806
2024-04-30 10:14:50.090900,-68.17914
2024-04-30 10:14:50.106530,-48.22662
2024-04-30 10:14:50.122160,-32.49359
2024-04-30 10:14:50.137780,-19.71228
2024-04-30 10:14:50.153410,-9.02002
2024-04-30 10:14:50.169030,-0.2598267
2024-04-30 10:14:50.184660,6.220825
2024-04-30 10:14:50.200280,10.0517
2024-04-30 10:14:50.215910,11.25623
2024-04-30 10:14:50.231540,10.2265
2024-04-30 10:14:50.247160,7.520386
2024-04-30 10:14:50.262790,3.600403
2024-04-30 10:14:50.278410,-1.312012
2024-04-30 10:14:50.294040,-7.167664
2024-04-30 10:14:50.309660,-13.94635
2024-04-30 10:14:50.325290,-21.42908
2024-04-30 10:14:50.340920,-29.14825
2024-04-30 10:14:50.356540,-36.36298
2024-04-30 10:14:50.372170,-42.22156
2024-04-30 10:14:50.387790,-45.96857
2024-04-30 10:14:50.403420,-47.22449
2024-04-30 10:14:50.419040,-46.19702
2024-04-30 10:14:50.434670,-43.62183
2024-04-30 10:14:50.450300,-40.4715
2024-04-30 10:14:50.465920,-37.46149
2024-04-30 10:14:50.481550,-34.62506
2024-04-30 10:14:50.497170,-31.25745
2024-04-30 10:14:50.512800,-26.29987
2024-04-30 10:14:50.528420,-18.89288
2024-04-30 10:14:50.544050,-9.069641
2024-04-30 10:14:50.559680,2.04892
2024-04-30 10:14:50.575300,12.49417
2024-04-30 10:14:50.590930,20.06876
2024-04-30 10:14:50.606550,23.06558
2024-04-30 10:14:50.622180,20.71848
2024-04-30 10:14:50.637800,13.54129
2024-04-30 10:14:50.653430,3.322876
2024-04-30 10:14:50.669060,-6.977661
2024-04-30 10:14:50.684680,-13.76382
2024-04-30 10:14:50.700310,-13.63565
2024-04-30 10:14:50.715930,-4.385803
2024-04-30 10:14:50.731560,14.11795
2024-04-30 10:14:50.747180,39.68304
2024-04-30 10:14:50.762810,68.49713
2024-04-30 10:14:50.778440,96.41606
2024-04-30 10:14:50.794060,120.4156
2024-04-30 10:14:50.809690,139.45
2024-04-30 10:14:50.825310,154.2833
2024-04-30 10:14:50.840940,166.6856
2024-04-30 10:14:50.856570,178.2353
2024-04-30 10:14:50.872190,189.5694
2024-04-30 10:14:50.887820,200.2896
2024-04-30 10:14:50.903440,209.5038
2024-04-30 10:14:50.919070,216.4078
2024-04-30 10:14:50.934690,220.6908
2024-04-30 10:14:50.950320,222.5211
2024-04-30 10:14:50.965950,222.18
2024-04-30 10:14:50.981570,219.8315
2024-04-30 10:14:50.997200,215.3163
2024-04-30 10:14:51.012820,208.2475
2024-04-30 10:14:51.028450,198.3336
2024-04-30 10:14:51.044070,185.7086
2024-04-30 10:14:51.059700,171.0332
2024-04-30 10:14:51.075330,155.381
2024-04-30 10:14:51.090950,139.7915
2024-04-30 10:14:51.106580,124.8481
2024-04-30 10:14:51.122200,110.3824
2024-04-30 10:14:51.137830,95.56288
2024-04-30 10:14:51.153450,79.26546
2024-04-30 10:14:51.169080,60.75445
2024-04-30 10:14:51.184710,40.13956
2024-04-30 10:14:51.200330,18.42363
2024-04-30 10:14:51.215960,-2.784624
2024-04-30 10:14:51.231580,-21.91658
2024-04-30 10:14:51.247210,-38.13434
2024-04-30 10:14:51.262830,-51.62522
2024-04-30 10:14:51.278460,-63.51112
2024-04-30 10:14:51.294090,-75.4576
2024-04-30 10:14:51.309710,-89.07747
2024-04-30 10:14:51.325340,-105.4685
2024-04-30 10:14:51.340960,-124.7763
2024-04-30 10:14:51.356590,-145.7629
2024-04-30 10:14:51.372210,-165.6759
2024-04-30 10:14:51.387840,-180.5861
2024-04-30 10:14:51.403470,-186.3269
2024-04-30 10:14:51.419090,-179.7939
2024-04-30 10:14:51.434720,-160.3388
2024-04-30 10:14:51.450340,-130.2268
2024-04-30 10:14:51.465970,-94.11808
2024-04-30 10:14:51.481590,-57.55011
2024-04-30 10:14:51.497220,-25.02711
2024-04-30 10:14:51.512850,1.226784
2024-04-30 10:14:51.528470,21.43218
2024-04-30 10:14:51.544100,37.41703
2024-04-30 10:14:51.559720,51.30556
2024-04-30 10:14:51.575350,64.49544
2024-04-30 10:14:51.590970,77.26528
2024-04-30 10:14:51.606600,89.10077
2024-04-30 10:14:51.622230,99.16977
2024-04-30 10:14:51.637850,106.8149
2024-04-30 10:14:51.653480,111.6364
2024-04-30 10:14:51.669100,113.4782
2024-04-30 10:14:51.684730,112.3658
2024-04-30 10:14:51.700350,108.4584
2024-04-30 10:14:51.715980,102.1126
2024-04-30 10:14:51.731610,93.94962
2024-04-30 10:14:51.747230,84.89127
2024-04-30 10:14:51.762860,76.01802
2024-04-30 10:14:51.778480,68.39073
2024-04-30 10:14:51.794110,62.64404
2024-04-30 10:14:51.809730,58.73517
2024-04-30 10:14:51.825360,55.77631
2024-04-30 10:14:51.840990,52.2067
2024-04-30 10:14:51.856610,46.27
2024-04-30 10:14:51.872240,36.67795
2024-04-30 10:14:51.887860,23.1776
2024-04-30 10:14:51.903490,6.707199
2024-04-30 10:14:51.919110,-10.84119
2024-04-30 10:14:51.934740,-27.37659
2024-04-30 10:14:51.950370,-41.33047
2024-04-30 10:14:51.965990,-52.17429
2024-04-30 10:14:51.981620,-60.6084
2024-04-30 10:14:51.997240,-68.23935
2024-04-30 10:14:52.012870,-77.0775
2024-04-30 10:14:52.028490,-88.76767
2024-04-30 10:14:52.044120,-103.9622
2024-04-30 10:14:52.059750,-121.6636
2024-04-30 10:14:52.075370,-139.0592
2024-04-30 10:14:52.091000,-152.0222
2024-04-30 10:14:52.106620,-156.2278
2024-04-30 10:14:52.122250,-148.701
2024-04-30 10:14:52.137870,-129.0967
2024-04-30 10:14:52.153500,-100.0619
2024-04-30 10:14:52.169130,-66.38126
2024-04-30 10:14:52.184750,-33.32207
2024-04-30 10:14:52.200380,-4.742203
2024-04-30 10:14:52.216000,17.9129
2024-04-30 10:14:52.231630,35.53253
2024-04-30 10:14:52.247250,50.18698
2024-04-30 10:14:52.262880,63.85254
2024-04-30 10:14:52.278510,77.38922
2024-04-30 10:14:52.294130,90.45612
2024-04-30 10:14:52.309760,102.0189
2024-04-30 10:14:52.325380,111.0703
2024-04-30 10:14:52.341010,117.1753
2024-04-30 10:14:52.356630,120.5609
2024-04-30 10:14:52.372260,121.9004
2024-04-30 10:14:52.387890,121.841
2024-04-30 10:14:52.403510,120.748
2024-04-30 10:14:52.419140,118.6136
2024-04-30 10:14:52.434760,115.2096
2024-04-30 10:14:52.450390,110.4392
2024-04-30 10:14:52.466010,104.5082
2024-04-30 10:14:52.481640,98.01044
2024-04-30 10:14:52.497270,91.67834
2024-04-30 10:14:52.512890,85.9805
2024-04-30 10:14:52.528520,80.81265
2024-04-30 10:14:52.544140,75.38498
2024-04-30 10:14:52.559770,68.54019
2024-04-30 10:14:52.575390,59.23578
2024-04-30 10:14:52.591020,47.10138
2024-04-30 10:14:52.606650,32.67819
2024-04-30 10:14:52.622270,17.33212
2024-04-30 10:14:52.637900,2.706818
2024-04-30 10:14:52.653520,-9.874634
2024-04-30 10:14:52.669150,-19.99115
2024-04-30 10:14:52.684770,-28.22946
2024-04-30 10:14:52.700400,-35.9985
2024-04-30 10:14:52.716030,-44.98755
2024-04-30 10:14:52.731650,-56.65286
2024-04-30 10:14:52.747280,-71.87479
2024-04-30 10:14:52.762900,-90.55911
2024-04-30 10:14:52.778530,-111.4194
2024-04-30 10:14:52.794150,-131.9118
2024-04-30 10:14:52.809780,-148.4081
2024-04-30 10:14:52.825410,-156.906
2024-04-30 10:14:52.841030,-154.2239
2024-04-30 10:14:52.856660,-139.2312
2024-04-30 10:14:52.872280,-113.5363
2024-04-30 10:14:52.887910,-81.24738
2024-04-30 10:14:52.903530,-47.64056
2024-04-30 10:14:52.919160,-17.36353
2024-04-30 10:14:52.934790,6.993469
2024-04-30 10:14:52.950410,25.36893
2024-04-30 10:14:52.966040,39.55182
2024-04-30 10:14:52.981660,51.91611
2024-04-30 10:14:52.997290,64.18112
2024-04-30 10:14:53.012910,76.85287
2024-04-30 10:14:53.028540,89.34991
2024-04-30 10:14:53.044170,100.5597
2024-04-30 10:14:53.059790,109.4333
2024-04-30 10:14:53.075420,115.3308
2024-04-30 10:14:53.091040,118.0742
2024-04-30 10:14:53.106670,117.8321
2024-04-30 10:14:53.122290,115.0448
2024-04-30 10:14:53.137920,110.3167
2024-04-30 10:14:53.153550,104.3805
2024-04-30 10:14:53.169170,97.96979
2024-04-30 10:14:53.184800,91.71265
2024-04-30 10:14:53.200420,85.91901
2024-04-30 10:14:53.216050,80.6059
2024-04-30 10:14:53.231680,75.55029
2024-04-30 10:14:53.247300,70.33923
2024-04-30 10:14:53.262930,64.53125
2024-04-30 10:14:53.278550,57.82529
2024-04-30 10:14:53.294180,50.09772
2024-04-30 10:14:53.309800,41.3063
2024-04-30 10:14:53.325430,31.51938
2024-04-30 10:14:53.341060,20.74719
2024-04-30 10:14:53.356680,9.070999
2024-04-30 10:14:53.372310,-3.353378
2024-04-30 10:14:53.387930,-16.17619
2024-04-30 10:14:53.403560,-28.90434
2024-04-30 10:14:53.419180,-41.0275
2024-04-30 10:14:53.434810,-52.12987
2024-04-30 10:14:53.450440,-62.12907
2024-04-30 10:14:53.466060,-71.32524
2024-04-30 10:14:53.481690,-80.38205
2024-04-30 10:14:53.497310,-90.18484
2024-04-30 10:14:53.512940,-101.697
2024-04-30 10:14:53.528560,-115.6351
2024-04-30 10:14:53.544190,-132.0788
2024-04-30 10:14:53.559820,-150.0465
2024-04-30 10:14:53.575440,-167.118
2024-04-30 10:14:53.591070,-179.6907
2024-04-30 10:14:53.606690,-183.8325
2024-04-30 10:14:53.622320,-176.6583
2024-04-30 10:14:53.637940,-157.571
2024-04-30 10:14:53.653570,-128.7866
2024-04-30 10:14:53.669200,-94.70508
2024-04-30 10:14:53.684820,-60.42644
2024-04-30 10:14:53.700450,-30.01337
2024-04-30 10:14:53.716070,-5.382797
2024-04-30 10:14:53.731700,13.79765
2024-04-30 10:14:53.747320,29.24831
2024-04-30 10:14:53.762950,42.89265
2024-04-30 10:14:53.778580,55.91611
2024-04-30 10:14:53.794200,68.56433
2024-04-30 10:14:53.809830,80.39334
2024-04-30 10:14:53.825450,90.77876
2024-04-30 10:14:53.841080,99.18745
2024-04-30 10:14:53.856700,105.2691
2024-04-30 10:14:53.872330,108.7584
2024-04-30 10:14:53.887960,109.4609
2024-04-30 10:14:53.903580,107.3509
2024-04-30 10:14:53.919210,102.7717
2024-04-30 10:14:53.934830,96.47861
2024-04-30 10:14:53.950460,89.60707
2024-04-30 10:14:53.966080,83.29976
2024-04-30 10:14:53.981710,78.41643
2024-04-30 10:14:53.997340,75.16402
2024-04-30 10:14:54.012960,73.05078
2024-04-30 10:14:54.028590,70.99022
2024-04-30 10:14:54.044210,67.7841
2024-04-30 10:14:54.059840,62.50504
2024-04-30 10:14:54.075460,54.88544
2024-04-30 10:14:54.091090,45.35481
2024-04-30 10:14:54.106720,34.84204
2024-04-30 10:14:54.122340,24.36382
2024-04-30 10:14:54.137970,14.57561
2024-04-30 10:14:54.153590,5.58049
2024-04-30 10:14:54.169220,-3.089645
2024-04-30 10:14:54.184840,-12.16408
2024-04-30 10:14:54.200470,-22.16071
2024-04-30 10:14:54.216100,-33.19479
2024-04-30 10:14:54.231720,-44.87691
2024-04-30 10:14:54.247350,-56.58821
2024-04-30 10:14:54.262970,-67.76099
2024-04-30 10:14:54.278600,-78.22426
2024-04-30 10:14:54.294220,-88.29362
2024-04-30 10:14:54.309850,-98.71397
2024-04-30 10:14:54.325480,-110.4892
2024-04-30 10:14:54.341100,-124.4961
2024-04-30 10:14:54.356730,-141.0706
2024-04-30 10:14:54.372350,-159.4488
2024-04-30 10:14:54.387980,-177.4512
2024-04-30 10:14:54.403600,-191.5756
2024-04-30 10:14:54.419230,-197.7794
2024-04-30 10:14:54.434860,-192.7821
2024-04-30 10:14:54.450480,-175.4302
2024-04-30 10:14:54.466110,-147.4648
2024-04-30 10:14:54.481730,-113.0804
2024-04-30 10:14:54.497360,-77.6046
2024-04-30 10:14:54.512980,-45.6823
2024-04-30 10:14:54.528610,-19.91246
2024-04-30 10:14:54.544240,-0.4999084
2024-04-30 10:14:54.559860,14.12439
2024-04-30 10:14:54.575490,26.12537
2024-04-30 10:14:54.591110,37.24121
2024-04-30 10:14:54.606740,48.24492
2024-04-30 10:14:54.622360,59.15791
2024-04-30 10:14:54.637990,69.51056
2024-04-30 10:14:54.653620,78.79755
2024-04-30 10:14:54.669240,86.57599
2024-04-30 10:14:54.684870,92.44836
2024-04-30 10:14:54.700490,96.06844
2024-04-30 10:14:54.716120,97.17517
2024-04-30 10:14:54.731740,95.73936
2024-04-30 10:14:54.747370,92.09975
2024-04-30 10:14:54.763000,87.05193
2024-04-30 10:14:54.778620,81.65076
2024-04-30 10:14:54.794250,76.93016
2024-04-30 10:14:54.809870,73.58405
2024-04-30 10:14:54.825500,71.61047
2024-04-30 10:14:54.841120,70.31085
2024-04-30 10:14:54.856750,68.47864
2024-04-30 10:14:54.872380,64.92812
2024-04-30 10:14:54.888000,58.86525
2024-04-30 10:14:54.903630,50.29178
2024-04-30 10:14:54.919250,39.94716
2024-04-30 10:14:54.934880,29.08368
2024-04-30 10:14:54.950500,18.96928
2024-04-30 10:14:54.966130,10.37885
2024-04-30 10:14:54.981760,3.311386
2024-04-30 10:14:54.997380,-2.917511
2024-04-30 10:14:55.013010,-9.369537
2024-04-30 10:14:55.028630,-17.06483
2024-04-30 10:14:55.044260,-26.47504
2024-04-30 10:14:55.059880,-37.37651
2024-04-30 10:14:55.075510,-48.87842
2024-04-30 10:14:55.091140,-59.81863
2024-04-30 10:14:55.106760,-69.25113
2024-04-30 10:14:55.122390,-76.8147
2024-04-30 10:14:55.138010,-82.8914
2024-04-30 10:14:55.153640,-88.44855
2024-04-30 10:14:55.169260,-94.87262
2024-04-30 10:14:55.184890,-103.4772
2024-04-30 10:14:55.200520,-114.9863
2024-04-30 10:14:55.216140,-129.0046
2024-04-30 10:14:55.231770,-143.6909
2024-04-30 10:14:55.247390,-155.8337
2024-04-30 10:14:55.263020,-161.5745
2024-04-30 10:14:55.278640,-157.629
2024-04-30 10:14:55.294270,-142.601
2024-04-30 10:14:55.309900,-117.627
2024-04-30 10:14:55.325520,-86.18814
2024-04-30 10:14:55.341150,-52.9397
2024-04-30 10:14:55.356770,-22.1835
2024-04-30 10:14:55.372400,3.45462
2024-04-30 10:14:55.388030,23.40137
2024-04-30 10:14:55.403650,38.68561
2024-04-30 10:14:55.419280,51.02374
2024-04-30 10:14:55.434900,61.87747
2024-04-30 10:14:55.450530,72.01678
2024-04-30 10:14:55.466150,81.59949
2024-04-30 10:14:55.481780,90.41888
2024-04-30 10:14:55.497410,98.19119
2024-04-30 10:14:55.513030,104.6541
2024-04-30 10:14:55.528660,109.578
2024-04-30 10:14:55.544280,112.7161
2024-04-30 10:14:55.559910,113.8221
2024-04-30 10:14:55.575530,112.8642
2024-04-30 10:14:55.591160,110.0782
2024-04-30 10:14:55.606790,106.1358
2024-04-30 10:14:55.622410,102.0089
2024-04-30 10:14:55.638040,98.69275
2024-04-30 10:14:55.653660,96.86884
2024-04-30 10:14:55.669290,96.68011
2024-04-30 10:14:55.684910,97.59601
2024-04-30 10:14:55.700540,98.59805
2024-04-30 10:14:55.716170,98.58429
2024-04-30 10:14:55.731790,96.69476
2024-04-30 10:14:55.747420,92.65182
2024-04-30 10:14:55.763040,86.81094
2024-04-30 10:14:55.778670,79.95993
2024-04-30 10:14:55.794290,72.9075
2024-04-30 10:14:55.809920,66.14767
2024-04-30 10:14:55.825550,59.59445
2024-04-30 10:14:55.841170,52.64099
2024-04-30 10:14:55.856800,44.39011
2024-04-30 10:14:55.872420,34.1019
2024-04-30 10:14:55.888050,21.56912
2024-04-30 10:14:55.903670,7.314575
2024-04-30 10:14:55.919300,-7.540283
2024-04-30 10:14:55.934930,-21.64841
2024-04-30 10:14:55.950550,-33.98236
2024-04-30 10:14:55.966180,-44.20456
2024-04-30 10:14:55.981800,-52.82019
2024-04-30 10:14:55.997430,-60.98172
2024-04-30 10:14:56.013050,-70.08289
2024-04-30 10:14:56.028680,-81.29672
2024-04-30 10:14:56.044310,-95.01257
2024-04-30 10:14:56.059930,-110.4425
2024-04-30 10:14:56.075560,-125.4114
2024-04-30 10:14:56.091180,-136.7032
2024-04-30 10:14:56.106810,-140.8133
2024-04-30 10:14:56.122430,-135.0922
2024-04-30 10:14:56.138060,-118.7757
2024-04-30 10:14:56.153690,-93.5043
2024-04-30 10:14:56.169310,-62.89188
2024-04-30 10:14:56.184940,-31.32047
2024-04-30 10:14:56.200560,-2.601563
2024-04-30 10:14:56.216190,21.17398
2024-04-30 10:14:56.231810,39.79575
2024-04-30 10:14:56.247440,54.40591
2024-04-30 10:14:56.263070,66.6329
2024-04-30 10:14:56.278690,77.73883
2024-04-30 10:14:56.294320,88.34229
2024-04-30 10:14:56.309940,98.43661
2024-04-30 10:14:56.325570,107.7505
2024-04-30 10:14:56.341190,115.9313
2024-04-30 10:14:56.356820,122.716
2024-04-30 10:14:56.372450,127.8523
2024-04-30 10:14:56.388070,131.0908
2024-04-30 10:14:56.403700,132.2224
2024-04-30 10:14:56.419320,131.2182
2024-04-30 10:14:56.434950,128.3605
2024-04-30 10:14:56.450570,124.2689
2024-04-30 10:14:56.466200,119.7849
2024-04-30 10:14:56.481830,115.6455
2024-04-30 10:14:56.497450,112.2225
2024-04-30 10:14:56.513080,109.2949
2024-04-30 10:14:56.528700,106.1082
2024-04-30 10:14:56.544330,101.6475
2024-04-30 10:14:56.559950,95.07216
2024-04-30 10:14:56.575580,86.04053
2024-04-30 10:14:56.591210,74.75121
2024-04-30 10:14:56.606830,61.81526
2024-04-30 10:14:56.622460,47.84805
2024-04-30 10:14:56.638080,33.21007
2024-04-30 10:14:56.653710,17.83249
2024-04-30 10:14:56.669330,1.36142
2024-04-30 10:14:56.684960,-16.57039
2024-04-30 10:14:56.700590,-36.13708
2024-04-30 10:14:56.716210,-57.16185
2024-04-30 10:14:56.731840,-79.17654
2024-04-30 10:14:56.747460,-101.5712
2024-04-30 10:14:56.763090,-123.7901
2024-04-30 10:14:56.778710,-145.4315
2024-04-30 10:14:56.794340,-166.2597
2024-04-30 10:14:56.809970,-186.2834
2024-04-30 10:14:56.825590,-205.7834
2024-04-30 10:14:56.841220,-225.3816
2024-04-30 10:14:56.856840,-245.8299
2024-04-30 10:14:56.872470,-267.602
2024-04-30 10:14:56.888090,-290.2183
2024-04-30 10:14:56.903720,-311.8549
2024-04-30 10:14:56.919350,-329.3384
2024-04-30 10:14:56.934970,-338.8728
2024-04-30 10:14:56.950600,-337.2964
2024-04-30 10:14:56.966220,-323.3182
2024-04-30 10:14:56.981850,-298.1403
2024-04-30 10:14:56.997470,-265.0272
2024-04-30 10:14:57.013100,-228.2251
2024-04-30 10:14:57.028730,-191.4837
2024-04-30 10:14:57.044350,-157.1825
2024-04-30 10:14:57.059980,-126.0689
2024-04-30 10:14:57.075600,-97.75565
2024-04-30 10:14:57.091230,-71.43559
2024-04-30 10:14:57.106850,-46.39812
2024-04-30 10:14:57.122480,-22.14
2024-04-30 10:14:57.138110,1.831268
2024-04-30 10:14:57.153730,26.09013
2024-04-30 10:14:57.169360,51.16199
2024-04-30 10:14:57.184980,77.17204
2024-04-30 10:14:57.200610,103.4493
2024-04-30 10:14:57.216230,128.5832
2024-04-30 10:14:57.231860,150.7056
2024-04-30 10:14:57.247490,168.2098
2024-04-30 10:14:57.263110,180.2859
2024-04-30 10:14:57.278740,187.145
2024-04-30 10:14:57.294360,189.8342
2024-04-30 10:14:57.309990,189.7937
2024-04-30 10:14:57.325610,188.4233
2024-04-30 10:14:57.341240,186.7335
2024-04-30 10:14:57.356870,185.3192
2024-04-30 10:14:57.372490,184.3336
2024-04-30 10:14:57.388120,183.6635
2024-04-30 10:14:57.403740,182.9915
2024-04-30 10:14:57.419370,181.9122
2024-04-30 10:14:57.434990,180.1242
2024-04-30 10:14:57.450620,177.6565
2024-04-30 10:14:57.466250,174.9853
2024-04-30 10:14:57.481870,172.9379
2024-04-30 10:14:57.497500,172.4708
2024-04-30 10:14:57.513120,174.2411
2024-04-30 10:14:57.528750,178.3841
2024-04-30 10:14:57.544370,184.3903
2024-04-30 10:14:57.560000,191.2958
2024-04-30 10:14:57.575630,197.9183
2024-04-30 10:14:57.591250,203.1881
2024-04-30 10:14:57.606880,206.3207
2024-04-30 10:14:57.622500,207.0913
2024-04-30 10:14:57.638130,205.9496
2024-04-30 10:14:57.653750,204.1613
2024-04-30 10:14:57.669380,203.6411
2024-04-30 10:14:57.685010,206.5835
2024-04-30 10:14:57.700630,214.7258
2024-04-30 10:14:57.716260,228.6126
2024-04-30 10:14:57.731880,247.2099
2024-04-30 10:14:57.747510,267.9778
2024-04-30 10:14:57.763130,287.6541
2024-04-30 10:14:57.778760,303.1734
2024-04-30 10:14:57.794390,312.4916
2024-04-30 10:14:57.810010,314.9425
2024-04-30 10:14:57.825640,311.0591
2024-04-30 10:14:57.841260,301.97
2024-04-30 10:14:57.856890,288.8177
2024-04-30 10:14:57.872510,272.4711
2024-04-30 10:14:57.888140,253.439
2024-04-30 10:14:57.903770,232.0842
2024-04-30 10:14:57.919390,208.6831
2024-04-30 10:14:57.935020,183.5508
2024-04-30 10:14:57.950640,156.9559
2024-04-30 10:14:57.966270,129.1433
2024-04-30 10:14:57.981890,100.3323
2024-04-30 10:14:57.997520,70.81339
2024-04-30 10:14:58.013150,41.07504
2024-04-30 10:14:58.028770,11.8363
2024-04-30 10:14:58.044400,-16.16055
2024-04-30 10:14:58.060020,-42.34012
2024-04-30 10:14:58.075650,-66.51605
2024-04-30 10:14:58.091280,-88.99866
2024-04-30 10:14:58.106900,-110.7782
2024-04-30 10:14:58.122530,-132.9107
2024-04-30 10:14:58.138150,-156.0496
2024-04-30 10:14:58.153780,-180.0042
2024-04-30 10:14:58.169400,-203.6138
2024-04-30 10:14:58.185030,-225.5259
2024-04-30 10:14:58.200660,-244.4446
2024-04-30 10:14:58.216280,-259.494
2024-04-30 10:14:58.231910,-270.6397
2024-04-30 10:14:58.247530,-279.0142
2024-04-30 10:14:58.263160,-286.3937
2024-04-30 10:14:58.278780,-294.6381
2024-04-30 10:14:58.294410,-305.0655
2024-04-30 10:14:58.310040,-317.9214
2024-04-30 10:14:58.325660,-332.5939
2024-04-30 10:14:58.341290,-347.3565
2024-04-30 10:14:58.356910,-359.3185
2024-04-30 10:14:58.372540,-364.9497
2024-04-30 10:14:58.388160,-361.5274
2024-04-30 10:14:58.403790,-347.4846
2024-04-30 10:14:58.419420,-323.0541
2024-04-30 10:14:58.435040,-290.2707
2024-04-30 10:14:58.450670,-252.1518
2024-04-30 10:14:58.466290,-212.8867
2024-04-30 10:14:58.481920,-176.0272
2024-04-30 10:14:58.497540,-143.4092
2024-04-30 10:14:58.513170,-115.2623
2024-04-30 10:14:58.528800,-92.42041
2024-04-30 10:14:58.544420,-75.34485
2024-04-30 10:14:58.560050,-64.00073
2024-04-30 10:14:58.575670,-57.35742
2024-04-30 10:14:58.591300,-52.5155
2024-04-30 10:14:58.606920,-48.49512
2024-04-30 10:14:58.622550,-44.91138
2024-04-30 10:14:58.638180,-41.60754
2024-04-30 10:14:58.653800,-39.06641
2024-04-30 10:14:58.669430,-41.37256
2024-04-30 10:14:58.685050,-52.12781
2024-04-30 10:14:58.700680,-72.40027
2024-04-30 10:14:58.716300,-99.41309
2024-04-30 10:14:58.731930,-125.6525
2024-04-30 10:14:58.747560,-147.8234
2024-04-30 10:14:58.763180,-165.1975
2024-04-30 10:14:58.778810,-178.5642
2024-04-30 10:14:58.794430,-190.2933
2024-04-30 10:14:58.810060,-207.9873
2024-04-30 10:14:58.825680,-237.7166
2024-04-30 10:14:58.841310,-280.9172
2024-04-30 10:14:58.856940,-332.9277
2024-04-30 10:14:58.872560,-381.5487
2024-04-30 10:14:58.888190,-420.9852
2024-04-30 10:14:58.903810,-448.3866
2024-04-30 10:14:58.919440,-461.7215
2024-04-30 10:14:58.935060,-460.4101
2024-04-30 10:14:58.950690,-451.5321
2024-04-30 10:14:58.966320,-443.4186
2024-04-30 10:14:58.981940,-443.004
2024-04-30 10:14:58.997570,-453.669
2024-04-30 10:14:59.013190,-471.1841
2024-04-30 10:14:59.028820,-498.1884
2024-04-30 10:14:59.044440,-536.5264
2024-04-30 10:14:59.060070,-583.0519
2024-04-30 10:14:59.075700,-587.6481
2024-04-30 10:14:59.091320,-513.2897
2024-04-30 10:14:59.106950,-353.4413
2024-04-30 10:14:59.122570,-140.3415
2024-04-30 10:14:59.138200,44.58344
2024-04-30 10:14:59.153820,185.5323
2024-04-30 10:14:59.169450,284.7552
2024-04-30 10:14:59.185080,349.3137
2024-04-30 10:14:59.200700,393.9044
2024-04-30 10:14:59.216330,425.8437
2024-04-30 10:14:59.231950,444.3221
2024-04-30 10:14:59.247580,448.1665
2024-04-30 10:14:59.263200,439.0093
2024-04-30 10:14:59.278830,423.0284
2024-04-30 10:14:59.294460,413.0848
2024-04-30 10:14:59.310080,411.4474
2024-04-30 10:14:59.325710,415.1416
2024-04-30 10:14:59.341330,419.8622
2024-04-30 10:14:59.356960,420.9772
2024-04-30 10:14:59.372580,411.6239
2024-04-30 10:14:59.388210,388.7895
2024-04-30 10:14:59.403840,355.27
2024-04-30 10:14:59.419460,319.5779
2024-04-30 10:14:59.435090,295.7256
2024-04-30 10:14:59.450710,288.3703
2024-04-30 10:14:59.466340,296.1739
2024-04-30 10:14:59.481960,314.9944
2024-04-30 10:14:59.497590,339.004
2024-04-30 10:14:59.513220,360.015
2024-04-30 10:14:59.528840,371.3125
2024-04-30 10:14:59.544470,369.1429
2024-04-30 10:14:59.560090,353.5051
2024-04-30 10:14:59.575720,329.4726
2024-04-30 10:14:59.591340,299.4232
2024-04-30 10:14:59.606970,265.7063
2024-04-30 10:14:59.622600,231.9457
2024-04-30 10:14:59.638220,201.607
2024-04-30 10:14:59.653850,175.6766
2024-04-30 10:14:59.669470,152.7086
2024-04-30 10:14:59.685100,129.1644
2024-04-30 10:14:59.700720,100.9338
2024-04-30 10:14:59.716350,65.97009
2024-04-30 10:14:59.731980,22.50574
2024-04-30 10:14:59.747600,-28.29614
2024-04-30 10:14:59.763230,-81.56949
2024-04-30 10:14:59.778850,-130.2227
2024-04-30 10:14:59.794480,-167.3596
2024-04-30 10:14:59.810100,-188.2511
2024-04-30 10:14:59.825730,-191.5804
2024-04-30 10:14:59.841360,-179.4096
2024-04-30 10:14:59.856980,-155.7987
2024-04-30 10:14:59.872610,-126.3514
2024-04-30 10:14:59.888230,-95.98512
2024-04-30 10:14:59.903860,-67.71672
2024-04-30 10:14:59.919480,-42.92503
2024-04-30 10:14:59.935110,-22.04172
2024-04-30 10:14:59.950740,-5.60965
2024-04-30 10:14:59.966360,5.339417
2024-04-30 10:14:59.981990,9.787994
2024-04-30 10:14:59.997610,7.542816
2024-04-30 10:15:00.013240,-0.2703857
2024-04-30 10:15:00.028860,-11.42603
2024-04-30 10:15:00.044490,-23.44839
2024-04-30 10:15:00.060120,-34.6286
2024-04-30 10:15:00.075740,-44.52417
2024-04-30 10:15:00.091370,-53.7142
2024-04-30 10:15:00.106990,-63.17218
2024-04-30 10:15:00.122620,-73.35294
2024-04-30 10:15:00.138240,-83.79669
2024-04-30 10:15:00.153870,-93.30261
2024-04-30 10:15:00.169500,-100.6168
2024-04-30 10:15:00.185120,-105.1464
2024-04-30 10:15:00.200750,-107.3973
2024-04-30 10:15:00.216370,-108.7806
2024-04-30 10:15:00.232000,-110.8546
2024-04-30 10:15:00.247630,-114.5608
2024-04-30 10:15:00.263250,-119.688
2024-04-30 10:15:00.278880,-124.9606
2024-04-30 10:15:00.294500,-128.6991
2024-04-30 10:15:00.310130,-129.7755
2024-04-30 10:15:00.325750,-128.2199
2024-04-30 10:15:00.341380,-125.3762
2024-04-30 10:15:00.357010,-123.4141
2024-04-30 10:15:00.372630,-124.5224
2024-04-30 10:15:00.388260,-130.1092
2024-04-30 10:15:00.403880,-140.2166
2024-04-30 10:15:00.419510,-153.4647
2024-04-30 10:15:00.435130,-167.2744
2024-04-30 10:15:00.450760,-178.573
2024-04-30 10:15:00.466390,-184.6145
2024-04-30 10:15:00.482010,-183.8883
2024-04-30 10:15:00.497640,-176.788
2024-04-30 10:15:00.513260,-165.657
2024-04-30 10:15:00.528890,-154.2038
2024-04-30 10:15:00.544510,-146.068
2024-04-30 10:15:00.560140,-143.323
2024-04-30 10:15:00.575770,-145.3963
2024-04-30 10:15:00.591390,-149.0363
2024-04-30 10:15:00.607020,-149.3911
2024-04-30 10:15:00.622640,-141.8738
2024-04-30 10:15:00.638270,-123.9263
2024-04-30 10:15:00.653890,-95.90819
2024-04-30 10:15:00.669520,-60.87784
2024-04-30 10:15:00.685150,-23.29482
2024-04-30 10:15:00.700770,12.52088
2024-04-30 10:15:00.716400,43.58406
2024-04-30 10:15:00.732020,68.60696
2024-04-30 10:15:00.747650,87.67395
2024-04-30 10:15:00.763270,101.4883
2024-04-30 10:15:00.778900,110.7138
2024-04-30 10:15:00.794530,115.8077
2024-04-30 10:15:00.810150,117.1842
2024-04-30 10:15:00.825780,115.53
2024-04-30 10:15:00.841400,111.913
2024-04-30 10:15:00.857030,107.5768
2024-04-30 10:15:00.872650,103.5124
2024-04-30 10:15:00.888280,100.1032
2024-04-30 10:15:00.903910,97.02794
2024-04-30 10:15:00.919530,93.55283
2024-04-30 10:15:00.935160,88.92375
2024-04-30 10:15:00.950780,82.8698
2024-04-30 10:15:00.966410,75.72182
2024-04-30 10:15:00.982030,68.34055
2024-04-30 10:15:00.997660,61.72276
2024-04-30 10:15:01.013290,56.56065
2024-04-30 10:15:01.028910,52.90355
2024-04-30 10:15:01.044540,50.15524
2024-04-30 10:15:01.060160,47.33481
2024-04-30 10:15:01.075790,43.42496
2024-04-30 10:15:01.091410,37.78363
2024-04-30 10:15:01.107040,30.23712
2024-04-30 10:15:01.122670,21.03613
2024-04-30 10:15:01.138290,10.68887
2024-04-30 10:15:01.153920,-0.1873474
2024-04-30 10:15:01.169540,-10.82904
2024-04-30 10:15:01.185170,-20.33911
2024-04-30 10:15:01.200790,-27.63428
2024-04-30 10:15:01.216420,-31.75931
2024-04-30 10:15:01.232050,-32.2944
2024-04-30 10:15:01.247670,-29.69443
2024-04-30 10:15:01.263300,-25.26282
2024-04-30 10:15:01.278920,-20.76303
2024-04-30 10:15:01.294550,-17.77029
2024-04-30 10:15:01.310170,-17.08643
2024-04-30 10:15:01.325800,-18.57822
2024-04-30 10:15:01.341430,-21.33813
2024-04-30 10:15:01.357050,-24.07193
2024-04-30 10:15:01.372680,-25.56961
2024-04-30 10:15:01.388300,-24.9671
2024-04-30 10:15:01.403930,-21.91388
2024-04-30 10:15:01.419550,-16.5285
2024-04-30 10:15:01.435180,-9.349548
2024-04-30 10:15:01.450810,-1.064392
2024-04-30 10:15:01.466430,7.73291
2024-04-30 10:15:01.482060,16.84058
2024-04-30 10:15:01.497680,26.55768
2024-04-30 10:15:01.513310,37.61609
2024-04-30 10:15:01.528930,50.77643
2024-04-30 10:15:01.544560,66.37048
2024-04-30 10:15:01.560190,83.9743
2024-04-30 10:15:01.575810,102.2787
2024-04-30 10:15:01.591440,119.4027
2024-04-30 10:15:01.607060,133.4063
2024-04-30 10:15:01.622690,142.9141
2024-04-30 10:15:01.638310,147.5345
2024-04-30 10:15:01.653940,147.7459
2024-04-30 10:15:01.669570,144.5991
2024-04-30 10:15:01.685190,139.1464
2024-04-30 10:15:01.700820,132.0997
2024-04-30 10:15:01.716440,123.7913
2024-04-30 10:15:01.732070,114.3275
2024-04-30 10:15:01.747690,103.8096
2024-04-30 10:15:01.763320,92.4306
2024-04-30 10:15:01.778950,80.38696
2024-04-30 10:15:01.794570,67.80096
2024-04-30 10:15:01.810200,54.92188
2024-04-30 10:15:01.825820,42.42053
2024-04-30 10:15:01.841450,31.58124
2024-04-30 10:15:01.857070,24.2818
2024-04-30 10:15:01.872700,22.26514
2024-04-30 10:15:01.888330,26.41943
2024-04-30 10:15:01.903950,36.17975
2024-04-30 10:15:01.919580,49.646
2024-04-30 10:15:01.935200,64.31024
2024-04-30 10:15:01.950830,78.12927
2024-04-30 10:15:01.966450,90.16144
2024-04-30 10:15:01.982080,100.606
2024-04-30 10:15:01.997710,110.3686
2024-04-30 10:15:02.013330,120.2621
2024-04-30 10:15:02.028960,130.5617
2024-04-30 10:15:02.044580,140.8787
2024-04-30 10:15:02.060210,150.5203
2024-04-30 10:15:02.075830,158.8402
2024-04-30 10:15:02.091460,165.498
2024-04-30 10:15:02.107090,170.3571
2024-04-30 10:15:02.122710,173.2722
2024-04-30 10:15:02.138340,173.9642
2024-04-30 10:15:02.153960,171.9808
2024-04-30 10:15:02.169590,166.8767
2024-04-30 10:15:02.185210,158.5054
2024-04-30 10:15:02.200840,147.1948
2024-04-30 10:15:02.216470,133.7582
2024-04-30 10:15:02.232090,119.289
2024-04-30 10:15:02.247720,104.7912
2024-04-30 10:15:02.263340,90.83453
2024-04-30 10:15:02.278970,77.41846
2024-04-30 10:15:02.294590,64.07544
2024-04-30 10:15:02.310220,50.16705
2024-04-30 10:15:02.325850,35.33557
2024-04-30 10:15:02.341470,19.758
2024-04-30 10:15:02.357100,4.124268
2024-04-30 10:15:02.372720,-10.68341
2024-04-30 10:15:02.388350,-24.07813
2024-04-30 10:15:02.403970,-36.15894
2024-04-30 10:15:02.419600,-47.78668
2024-04-30 10:15:02.435230,-60.25793
2024-04-30 10:15:02.450850,-74.79895
2024-04-30 10:15:02.466480,-92.10718
2024-04-30 10:15:02.482100,-112.1532
2024-04-30 10:15:02.497730,-134.103
2024-04-30 10:15:02.513360,-156.3989
2024-04-30 10:15:02.528980,-176.8307
2024-04-30 10:15:02.544610,-192.75
2024-04-30 10:15:02.560230,-201.4966
2024-04-30 10:15:02.575860,-201.112
2024-04-30 10:15:02.591480,-191.0098
2024-04-30 10:15:02.607110,-172.4111
2024-04-30 10:15:02.622740,-148.0317
2024-04-30 10:15:02.638360,-121.2285
2024-04-30 10:15:02.653990,-94.92828
2024-04-30 10:15:02.669610,-70.74924
2024-04-30 10:15:02.685240,-48.91376
2024-04-30 10:15:02.700860,-28.81012
2024-04-30 10:15:02.716490,-9.649017
2024-04-30 10:15:02.732120,8.757629
2024-04-30 10:15:02.747740,25.91745
2024-04-30 10:15:02.763370,40.94839
2024-04-30 10:15:02.778990,52.97095
2024-04-30 10:15:02.794620,61.59689
2024-04-30 10:15:02.810240,67.0499
2024-04-30 10:15:02.825870,70.03784
2024-04-30 10:15:02.841500,71.39319
2024-04-30 10:15:02.857120,71.8309
2024-04-30 10:15:02.872750,71.63837
2024-04-30 10:15:02.888370,70.70798
2024-04-30 10:15:02.904000,68.77405
2024-04-30 10:15:02.919620,65.64719
2024-04-30 10:15:02.935250,61.39963
2024-04-30 10:15:02.950880,56.31366
2024-04-30 10:15:02.966500,50.6243
2024-04-30 10:15:02.982130,44.25311
2024-04-30 10:15:02.997750,36.72443
2024-04-30 10:15:03.013380,27.33636
2024-04-30 10:15:03.029000,15.50874
2024-04-30 10:15:03.044630,1.165833
2024-04-30 10:15:03.060260,-15.07085
2024-04-30 10:15:03.075880,-31.99567
2024-04-30 10:15:03.091510,-48.18469
2024-04-30 10:15:03.107130,-62.5041
2024-04-30 10:15:03.122760,-74.54657
2024-04-30 10:15:03.138380,-84.85542
2024-04-30 10:15:03.154010,-94.7852
2024-04-30 10:15:03.169640,-106.1022
2024-04-30 10:15:03.185260,-120.3301
2024-04-30 10:15:03.200890,-138.1242
2024-04-30 10:15:03.216510,-158.7241
2024-04-30 10:15:03.232140,-179.7049
2024-04-30 10:15:03.247760,-197.3748
2024-04-30 10:15:03.263390,-207.6472
2024-04-30 10:15:03.279020,-207.3925
2024-04-30 10:15:03.294640,-195.6074
2024-04-30 10:15:03.310270,-173.9857
2024-04-30 10:15:03.325890,-146.443
2024-04-30 10:15:03.341520,-117.8989
2024-04-30 10:15:03.357140,-92.52983
2024-04-30 10:15:03.372770,-72.4917
2024-04-30 10:15:03.388400,-57.49098
2024-04-30 10:15:03.404020,-45.44315
2024-04-30 10:15:03.419650,-33.7345
2024-04-30 10:15:03.435270,-20.51091
2024-04-30 10:15:03.450900,-5.380203
2024-04-30 10:15:03.466520,10.71709
2024-04-30 10:15:03.482150,26.12404
2024-04-30 10:15:03.497780,39.239
2024-04-30 10:15:03.513400,49.08417
2024-04-30 10:15:03.529030,55.46175
2024-04-30 10:15:03.544650,58.78363
2024-04-30 10:15:03.560280,59.77243
2024-04-30 10:15:03.575900,59.20695
2024-04-30 10:15:03.591530,57.83801
2024-04-30 10:15:03.607160,56.44179
2024-04-30 10:15:03.622780,55.8161
2024-04-30 10:15:03.638410,56.75346
2024-04-30 10:15:03.654030,59.78305
2024-04-30 10:15:03.669660,64.85524
2024-04-30 10:15:03.685280,71.25192
2024-04-30 10:15:03.700910,77.6723
2024-04-30 10:15:03.716540,82.67975
2024-04-30 10:15:03.732160,85.24152
2024-04-30 10:15:03.747790,85.18977
2024-04-30 10:15:03.763410,83.1429
2024-04-30 10:15:03.779040,80.15816
2024-04-30 10:15:03.794660,77.06618
2024-04-30 10:15:03.810290,73.99883
2024-04-30 10:15:03.825920,70.24634
2024-04-30 10:15:03.841540,64.45799
2024-04-30 10:15:03.857170,55.18799
2024-04-30 10:15:03.872790,41.3394
2024-04-30 10:15:03.888420,22.55757
2024-04-30 10:15:03.904040,-0.5636444
2024-04-30 10:15:03.919670,-26.29808
2024-04-30 10:15:03.935300,-51.84938
2024-04-30 10:15:03.950920,-73.68744
2024-04-30 10:15:03.966550,-88.27475
2024-04-30 10:15:03.982170,-93.06773
2024-04-30 10:15:03.997800,-87.40683
2024-04-30 10:15:04.013420,-72.92564
2024-04-30 10:15:04.029050,-52.98593
2024-04-30 10:15:04.044680,-31.52397
2024-04-30 10:15:04.060300,-11.72926
2024-04-30 10:15:04.075930,4.920563
2024-04-30 10:15:04.091550,18.70766
2024-04-30 10:15:04.107180,31.08107
2024-04-30 10:15:04.122800,43.60889
2024-04-30 10:15:04.138430,57.17265
2024-04-30 10:15:04.154060,71.62254
2024-04-30 10:15:04.169680,85.88303
2024-04-30 10:15:04.185310,98.56119
2024-04-30 10:15:04.200930,108.3096
2024-04-30 10:15:04.216560,114.3465
2024-04-30 10:15:04.232180,116.4377
2024-04-30 10:15:04.247810,114.8696
2024-04-30 10:15:04.263440,110.1229
2024-04-30 10:15:04.279060,102.7364
2024-04-30 10:15:04.294690,93.12419
2024-04-30 10:15:04.310310,81.63796
2024-04-30 10:15:04.325940,68.70898
2024-04-30 10:15:04.341560,54.84819
2024-04-30 10:15:04.357190,40.66457
2024-04-30 10:15:04.372820,26.59946
2024-04-30 10:15:04.388440,12.78199
2024-04-30 10:15:04.404070,-1.151138
2024-04-30 10:15:04.419690,-15.94626
2024-04-30 10:15:04.435320,-32.43264
2024-04-30 10:15:04.450940,-51.08521
2024-04-30 10:15:04.466570,-71.68201
2024-04-30 10:15:04.482200,-93.30739
2024-04-30 10:15:04.497820,-114.488
2024-04-30 10:15:04.513450,-133.8105
2024-04-30 10:15:04.529070,-150.2706
2024-04-30 10:15:04.544700,-163.5531
2024-04-30 10:15:04.560320,-173.9986
2024-04-30 10:15:04.575950,-182.3576
2024-04-30 10:15:04.591580,-189.4122
2024-04-30 10:15:04.607200,-195.8586
2024-04-30 10:15:04.622830,-202.1631
2024-04-30 10:15:04.638450,-208.2928
2024-04-30 10:15:04.654080,-213.4875
2024-04-30 10:15:04.669700,-216.1027
2024-04-30 10:15:04.685330,-213.6903
2024-04-30 10:15:04.700960,-203.8507
2024-04-30 10:15:04.716580,-185.1733
2024-04-30 10:15:04.732210,-158.087
2024-04-30 10:15:04.747830,-125.0453
2024-04-30 10:15:04.763460,-89.84443
2024-04-30 10:15:04.779080,-56.20512
2024-04-30 10:15:04.794710,-26.6161
2024-04-30 10:15:04.810340,-1.715454
2024-04-30 10:15:04.825960,19.46648
2024-04-30 10:15:04.841590,38.55643
2024-04-30 10:15:04.857210,56.81587
2024-04-30 10:15:04.872840,74.69344
2024-04-30 10:15:04.888460,91.72897
2024-04-30 10:15:04.904090,107.0318
2024-04-30 10:15:04.919720,119.8037
2024-04-30 10:15:04.935340,129.5118
2024-04-30 10:15:04.950970,136.0231
2024-04-30 10:15:04.966590,139.6051
2024-04-30 10:15:04.982220,140.7649
2024-04-30 10:15:04.997840,140.204
2024-04-30 10:15:05.013470,138.7627
2024-04-30 10:15:05.029100,137.2085
2024-04-30 10:15:05.044720,136.0932
2024-04-30 10:15:05.060350,135.6702
2024-04-30 10:15:05.075970,135.7586
2024-04-30 10:15:05.091600,135.8677
2024-04-30 10:15:05.107230,135.439
2024-04-30 10:15:05.122850,134.0345
2024-04-30 10:15:05.138480,131.4588
2024-04-30 10:15:05.154100,127.7307
2024-04-30 10:15:05.169730,122.8668
2024-04-30 10:15:05.185350,116.6891
2024-04-30 10:15:05.200980,108.7093
2024-04-30 10:15:05.216610,98.22604
2024-04-30 10:15:05.232230,84.55386
2024-04-30 10:15:05.247860,67.30302
2024-04-30 10:15:05.263480,46.379
2024-04-30 10:15:05.279110,22.01846
2024-04-30 10:15:05.294730,-5.299049
2024-04-30 10:15:05.310360,-34.9523
2024-04-30 10:15:05.325990,-66.10098
2024-04-30 10:15:05.341610,-97.56373
2024-04-30 10:15:05.357240,-128.0692
2024-04-30 10:15:05.372860,-156.4951
2024-04-30 10:15:05.388490,-182.2548
2024-04-30 10:15:05.404110,-205.3575
2024-04-30 10:15:05.419740,-225.9181
2024-04-30 10:15:05.435370,-243.2702
2024-04-30 10:15:05.450990,-255.5945
2024-04-30 10:15:05.466620,-260.0497
2024-04-30 10:15:05.482240,-253.9272
2024-04-30 10:15:05.497870,-236.2448
2024-04-30 10:15:05.513490,-208.6842
2024-04-30 10:15:05.529120,-175.4186
2024-04-30 10:15:05.544750,-141.7421
2024-04-30 10:15:05.560370,-112.0784
2024-04-30 10:15:05.576000,-88.4106
2024-04-30 10:15:05.591620,-70.09991
2024-04-30 10:15:05.607250,-54.77518
2024-04-30 10:15:05.622870,-39.83459
2024-04-30 10:15:05.638500,-23.72906
2024-04-30 10:15:05.654130,-6.431671
2024-04-30 10:15:05.669750,10.94136
2024-04-30 10:15:05.685380,26.93349
2024-04-30 10:15:05.701000,40.40572
2024-04-30 10:15:05.716630,50.88913
2024-04-30 10:15:05.732250,58.55078
2024-04-30 10:15:05.747880,63.95537
2024-04-30 10:15:05.763510,67.79105
2024-04-30 10:15:05.779130,70.69713
2024-04-30 10:15:05.794760,73.22403
2024-04-30 10:15:05.810380,75.73747
2024-04-30 10:15:05.826010,78.43515
2024-04-30 10:15:05.841630,81.28418
2024-04-30 10:15:05.857260,84.08607
2024-04-30 10:15:05.872890,86.49667
2024-04-30 10:15:05.888510,88.08963
2024-04-30 10:15:05.904140,88.49773
2024-04-30 10:15:05.919760,87.38841
2024-04-30 10:15:05.935390,84.60123
2024-04-30 10:15:05.951010,80.14178
2024-04-30 10:15:05.966640,74.15816
2024-04-30 10:15:05.982270,66.89505
2024-04-30 10:15:05.997890,58.67586
2024-04-30 10:15:06.013520,49.86948
2024-04-30 10:15:06.029140,40.75287
2024-04-30 10:15:06.044770,31.60846
2024-04-30 10:15:06.060390,22.58514
2024-04-30 10:15:06.076020,13.83887
2024-04-30 10:15:06.091650,5.451569
2024-04-30 10:15:06.107270,-2.590424
2024-04-30 10:15:06.122900,-10.54166
2024-04-30 10:15:06.138520,-18.92151
2024-04-30 10:15:06.154150,-28.46368
2024-04-30 10:15:06.169770,-39.86978
2024-04-30 10:15:06.185400,-53.28214
2024-04-30 10:15:06.201030,-67.80585
2024-04-30 10:15:06.216650,-81.29224
2024-04-30 10:15:06.232280,-90.70319
2024-04-30 10:15:06.247900,-92.9812
2024-04-30 10:15:06.263530,-86.18991
2024-04-30 10:15:06.279150,-70.33054
2024-04-30 10:15:06.294780,-47.49838
2024-04-30 10:15:06.310410,-21.18494
2024-04-30 10:15:06.326030,4.829193
2024-04-30 10:15:06.341660,27.61517
2024-04-30 10:15:06.357280,45.71622
2024-04-30 10:15:06.372910,59.19308
2024-04-30 10:15:06.388530,69.09964
2024-04-30 10:15:06.404160,76.74158
2024-04-30 10:15:06.419790,83.11145
2024-04-30 10:15:06.435410,88.57224
2024-04-30 10:15:06.451040,92.99442
2024-04-30 10:15:06.466660,96.02692
2024-04-30 10:15:06.482290,97.44437
2024-04-30 10:15:06.497910,97.43164
2024-04-30 10:15:06.513540,96.58041
2024-04-30 10:15:06.529170,95.58792
2024-04-30 10:15:06.544790,94.87503
2024-04-30 10:15:06.560420,94.33542
2024-04-30 10:15:06.576040,93.28519
2024-04-30 10:15:06.591670,90.88245
2024-04-30 10:15:06.607290,86.57809
2024-04-30 10:15:06.622920,80.40207
2024-04-30 10:15:06.638550,73.01855
2024-04-30 10:15:06.654170,65.38089
2024-04-30 10:15:06.669800,58.29517
2024-04-30 10:15:06.685420,52.13278
2024-04-30 10:15:06.701050,46.6969
2024-04-30 10:15:06.716670,41.3606
2024-04-30 10:15:06.732300,35.34332
2024-04-30 10:15:06.747930,27.97192
2024-04-30 10:15:06.763550,18.83502
2024-04-30 10:15:06.779180,7.944305
2024-04-30 10:15:06.794800,-4.423981
2024-04-30 10:15:06.810430,-17.77451
2024-04-30 10:15:06.826050,-31.61368
2024-04-30 10:15:06.841680,-45.58453
2024-04-30 10:15:06.857310,-59.61362
2024-04-30 10:15:06.872930,-73.95728
2024-04-30 10:15:06.888560,-89.24014
2024-04-30 10:15:06.904180,-106.3457
2024-04-30 10:15:06.919810,-126.087
2024-04-30 10:15:06.935430,-148.6133
2024-04-30 10:15:06.951060,-172.7764
2024-04-30 10:15:06.966690,-195.7407
2024-04-30 10:15:06.982310,-213.4846
2024-04-30 10:15:06.997940,-221.9694
2024-04-30 10:15:07.013560,-218.938
2024-04-30 10:15:07.029190,-205.1431
2024-04-30 10:15:07.044810,-184.5491
2024-04-30 10:15:07.060440,-162.9985
2024-04-30 10:15:07.076070,-146.0966
2024-04-30 10:15:07.091690,-137.2378
2024-04-30 10:15:07.107320,-136.7835
2024-04-30 10:15:07.122940,-142.672
2024-04-30 10:15:07.138570,-151.8032
2024-04-30 10:15:07.154190,-161.6845
2024-04-30 10:15:07.169820,-171.2929
2024-04-30 10:15:07.185450,-181.1465
2024-04-30 10:15:07.201070,-192.8994
2024-04-30 10:15:07.216700,-208.6989
2024-04-30 10:15:07.232320,-230.5048
2024-04-30 10:15:07.247950,-259.1383
2024-04-30 10:15:07.263570,-293.4525
2024-04-30 10:15:07.279200,-329.5851
2024-04-30 10:15:07.294830,-361.3195
2024-04-30 10:15:07.310450,-381.6738
2024-04-30 10:15:07.326080,-385.1946
2024-04-30 10:15:07.341700,-370.0384
2024-04-30 10:15:07.357330,-338.7294
2024-04-30 10:15:07.372960,-297.2147
2024-04-30 10:15:07.388580,-252.6206
2024-04-30 10:15:07.404210,-211.0312
2024-04-30 10:15:07.419830,-176.1656
2024-04-30 10:15:07.435460,-149.3788
2024-04-30 10:15:07.451080,-130.5735
2024-04-30 10:15:07.466710,-119.0992
2024-04-30 10:15:07.482340,-114.1255
2024-04-30 10:15:07.497960,-114.3647
2024-04-30 10:15:07.513590,-117.8242
2024-04-30 10:15:07.529210,-121.7772
2024-04-30 10:15:07.544840,-123.5116
2024-04-30 10:15:07.560460,-121.1589
2024-04-30 10:15:07.576090,-114.2664
2024-04-30 10:15:07.591720,-103.7725
2024-04-30 10:15:07.607340,-91.43848
2024-04-30 10:15:07.622970,-79.02014
2024-04-30 10:15:07.638590,-67.51978
2024-04-30 10:15:07.654220,-56.9696
2024-04-30 10:15:07.669840,-46.63757
2024-04-30 10:15:07.685470,-35.54529
2024-04-30 10:15:07.701100,-23.03882
2024-04-30 10:15:07.716720,-9.161011
2024-04-30 10:15:07.732350,5.392456
2024-04-30 10:15:07.747970,19.65942
2024-04-30 10:15:07.763600,32.76672
2024-04-30 10:15:07.779220,44.28247
2024-04-30 10:15:07.794850,54.29407
2024-04-30 10:15:07.810480,63.22803
2024-04-30 10:15:07.826100,71.54163
2024-04-30 10:15:07.841730,79.56104
2024-04-30 10:15:07.857350,87.35803
2024-04-30 10:15:07.872980,94.80957
2024-04-30 10:15:07.888600,101.7694
2024-04-30 10:15:07.904230,108.1503
2024-04-30 10:15:07.919860,113.9755
2024-04-30 10:15:07.935480,119.3522
2024-04-30 10:15:07.951110,124.3523
2024-04-30 10:15:07.966730,128.9948
2024-04-30 10:15:07.982360,133.324
2024-04-30 10:15:07.997980,137.4976
2024-04-30 10:15:08.013610,141.8972
2024-04-30 10:15:08.029240,147.1104
2024-04-30 10:15:08.044860,153.7444
2024-04-30 10:15:08.060490,162.24
2024-04-30 10:15:08.076110,172.6431
2024-04-30 10:15:08.091740,184.6296
2024-04-30 10:15:08.107360,197.7383
2024-04-30 10:15:08.122990,211.5142
2024-04-30 10:15:08.138620,225.8022
2024-04-30 10:15:08.154240,240.696
2024-04-30 10:15:08.169870,256.4407
2024-04-30 10:15:08.185490,273.2834
2024-04-30 10:15:08.201120,291.5452
2024-04-30 10:15:08.216740,311.6968
2024-04-30 10:15:08.232370,334.2588
2024-04-30 10:15:08.248000,359.3538
2024-04-30 10:15:08.263620,385.8491
2024-04-30 10:15:08.279250,410.8914
2024-04-30 10:15:08.294870,430.1628
2024-04-30 10:15:08.310500,439.0396
2024-04-30 10:15:08.326120,434.1812
2024-04-30 10:15:08.341750,414.8513
2024-04-30 10:15:08.357380,383.0737
2024-04-30 10:15:08.373000,342.7681
2024-04-30 10:15:08.388630,298.3215
2024-04-30 10:15:08.404250,253.3645
2024-04-30 10:15:08.419880,210.458
2024-04-30 10:15:08.435500,171.49
2024-04-30 10:15:08.451130,138.1926
2024-04-30 10:15:08.466760,112.262
2024-04-30 10:15:08.482380,94.85327
2024-04-30 10:15:08.498010,85.89551
2024-04-30 10:15:08.513630,83.84302
2024-04-30 10:15:08.529260,86.15991
2024-04-30 10:15:08.544880,90.2395
2024-04-30 10:15:08.560510,94.34863
2024-04-30 10:15:08.576140,98.0061
2024-04-30 10:15:08.591760,101.6404
2024-04-30 10:15:08.607390,105.9983
2024-04-30 10:15:08.623010,111.3774
2024-04-30 10:15:08.638640,117.3152
2024-04-30 10:15:08.654260,122.7273
2024-04-30 10:15:08.669890,126.4163
2024-04-30 10:15:08.685520,127.6023
2024-04-30 10:15:08.701140,126.3137
2024-04-30 10:15:08.716770,123.3406
2024-04-30 10:15:08.732390,119.939
2024-04-30 10:15:08.748020,117.2839
2024-04-30 10:15:08.763640,115.9641
2024-04-30 10:15:08.779270,115.7546
2024-04-30 10:15:08.794900,115.7075
2024-04-30 10:15:08.810520,114.6353
2024-04-30 10:15:08.826150,111.665
2024-04-30 10:15:08.841770,106.636
2024-04-30 10:15:08.857400,100.1318
2024-04-30 10:15:08.873020,93.09058
2024-04-30 10:15:08.888650,86.22485
2024-04-30 10:15:08.904280,79.6123
2024-04-30 10:15:08.919900,72.65747
2024-04-30 10:15:08.935530,64.4751
2024-04-30 10:15:08.951150,54.50464
2024-04-30 10:15:08.966780,42.96069
2024-04-30 10:15:08.982400,30.84912
2024-04-30 10:15:08.998030,19.5791
2024-04-30 10:15:09.013660,10.29297
2024-04-30 10:15:09.029280,3.173096
2024-04-30 10:15:09.044910,-2.733643
2024-04-30 10:15:09.060530,-9.425049
2024-04-30 10:15:09.076160,-19.26904
2024-04-30 10:15:09.091780,-34.0437
2024-04-30 10:15:09.107410,-53.9707
2024-04-30 10:15:09.123040,-77.26904
2024-04-30 10:15:09.138660,-100.302
2024-04-30 10:15:09.154290,-118.6563
2024-04-30 10:15:09.169910,-128.668
2024-04-30 10:15:09.185540,-128.7148
2024-04-30 10:15:09.201160,-119.7571
2024-04-30 10:15:09.216790,-104.8181
2024-04-30 10:15:09.232420,-87.62158
2024-04-30 10:15:09.248040,-71.13574
2024-04-30 10:15:09.263670,-56.81079
2024-04-30 10:15:09.279290,-44.54126
2024-04-30 10:15:09.294920,-33.43945
2024-04-30 10:15:09.310540,-22.70605
2024-04-30 10:15:09.326170,-12.06274
2024-04-30 10:15:09.341800,-1.836426
2024-04-30 10:15:09.357420,7.455811
2024-04-30 10:15:09.373050,15.48828
2024-04-30 10:15:09.388670,22.30054
2024-04-30 10:15:09.404300,28.15112
2024-04-30 10:15:09.419920,33.28955
2024-04-30 10:15:09.435550,37.64111
2024-04-30 10:15:09.451180,40.77661
2024-04-30 10:15:09.466800,42.09277
2024-04-30 10:15:09.482430,41.1377
2024-04-30 10:15:09.498050,37.93481
2024-04-30 10:15:09.513680,33.13086
2024-04-30 10:15:09.529300,27.75012
2024-04-30 10:15:09.544930,22.823
2024-04-30 10:15:09.560560,18.85449
2024-04-30 10:15:09.576180,15.56506
2024-04-30 10:15:09.591810,11.92188
2024-04-30 10:15:09.607430,6.683105
2024-04-30 10:15:09.623060,-1.07251
2024-04-30 10:15:09.638680,-11.52039
2024-04-30 10:15:09.654310,-23.93066
2024-04-30 10:15:09.669940,-36.96252
2024-04-30 10:15:09.685560,-49.15466
2024-04-30 10:15:09.701190,-59.46619
2024-04-30 10:15:09.716810,-67.62805
2024-04-30 10:15:09.732440,-74.22583
2024-04-30 10:15:09.748060,-80.3866
2024-04-30 10:15:09.763690,-87.40833
2024-04-30 10:15:09.779320,-96.19849
2024-04-30 10:15:09.794940,-106.8263
2024-04-30 10:15:09.810570,-118.2197
2024-04-30 10:15:09.826190,-128.2253
2024-04-30 10:15:09.841820,-134.0668
2024-04-30 10:15:09.857450,-133.1479
2024-04-30 10:15:09.873070,-123.9446
2024-04-30 10:15:09.888700,-106.6162
2024-04-30 10:15:09.904320,-83.14722
2024-04-30 10:15:09.919950,-56.71509
2024-04-30 10:15:09.935570,-30.72314
2024-04-30 10:15:09.951200,-7.815796
2024-04-30 10:15:09.966830,10.65356
2024-04-30 10:15:09.982450,24.61475
2024-04-30 10:15:09.998080,34.74487
2024-04-30 10:15:10.013700,41.88367
2024-04-30 10:15:10.029330,46.70422
2024-04-30 10:15:10.044950,49.5675
2024-04-30 10:15:10.060580,50.66101
2024-04-30 10:15:10.076210,50.17444
2024-04-30 10:15:10.091830,48.33643
2024-04-30 10:15:10.107460,45.38171
2024-04-30 10:15:10.123080,41.58813
2024-04-30 10:15:10.138710,37.19836
2024-04-30 10:15:10.154330,32.41174
2024-04-30 10:15:10.169960,27.45398
2024-04-30 10:15:10.185590,22.53894
2024-04-30 10:15:10.201210,17.97424
2024-04-30 10:15:10.216840,14.12463
2024-04-30 10:15:10.232460,11.32092
2024-04-30 10:15:10.248090,9.718262
2024-04-30 10:15:10.263710,9.099121
2024-04-30 10:15:10.279340,8.817017
2024-04-30 10:15:10.294970,7.86438
2024-04-30 10:15:10.310590,5.265381
2024-04-30 10:15:10.326220,0.4110107
2024-04-30 10:15:10.341840,-6.566406
2024-04-30 10:15:10.357470,-14.82764
2024-04-30 10:15:10.373090,-23.15637
2024-04-30 10:15:10.388720,-30.45117
2024-04-30 10:15:10.404350,-36.15894
2024-04-30 10:15:10.419970,-40.45398
2024-04-30 10:15:10.435600,-44.10693
2024-04-30 10:15:10.451220,-48.16211
2024-04-30 10:15:10.466850,-53.57324
2024-04-30 10:15:10.482470,-60.80701
2024-04-30 10:15:10.498100,-69.59363
2024-04-30 10:15:10.513730,-78.85327
2024-04-30 10:15:10.529350,-86.77185
2024-04-30 10:15:10.544980,-91.14246
2024-04-30 10:15:10.560600,-90.06055
2024-04-30 10:15:10.576230,-82.60718
2024-04-30 10:15:10.591850,-69.25952
2024-04-30 10:15:10.607480,-51.92627
2024-04-30 10:15:10.623110,-33.26099
2024-04-30 10:15:10.638730,-15.80872
2024-04-30 10:15:10.654360,-1.20459
2024-04-30 10:15:10.669980,10.18823
2024-04-30 10:15:10.685610,19.00769
2024-04-30 10:15:10.701230,26.31824
2024-04-30 10:15:10.716860,32.92542
2024-04-30 10:15:10.732490,39.03943
2024-04-30 10:15:10.748110,44.36951
2024-04-30 10:15:10.763740,48.45715
2024-04-30 10:15:10.779360,51.00952
2024-04-30 10:15:10.794990,52.0304
2024-04-30 10:15:10.810610,51.75183
2024-04-30 10:15:10.826240,50.43066
2024-04-30 10:15:10.841870,48.2229
2024-04-30 10:15:10.857490,45.17725
2024-04-30 10:15:10.873120,41.36438
2024-04-30 10:15:10.888740,37.0321
2024-04-30 10:15:10.904370,32.63867
2024-04-30 10:15:10.919990,28.73755
2024-04-30 10:15:10.935620,25.74927
2024-04-30 10:15:10.951250,23.76135
2024-04-30 10:15:10.966870,22.43347
2024-04-30 10:15:10.982500,21.06152
2024-04-30 10:15:10.998120,18.79578
2024-04-30 10:15:11.013750,14.94568
2024-04-30 10:15:11.029370,9.178955
2024-04-30 10:15:11.045000,1.691284
2024-04-30 10:15:11.060630,-6.900513
2024-04-30 10:15:11.076250,-15.75513
2024-04-30 10:15:11.091880,-24.04871
2024-04-30 10:15:11.107500,-31.26367
2024-04-30 10:15:11.123130,-37.33203
2024-04-30 10:15:11.138750,-42.64771
2024-04-30 10:15:11.154380,-47.95142
2024-04-30 10:15:11.170010,-54.11072
2024-04-30 10:15:11.185630,-61.89539
2024-04-30 10:15:11.201260,-71.66882
2024-04-30 10:15:11.216880,-83.06525
2024-04-30 10:15:11.232510,-94.87329
2024-04-30 10:15:11.248130,-105.1044
2024-04-30 10:15:11.263760,-111.4028
2024-04-30 10:15:11.279390,-111.7681
2024-04-30 10:15:11.295010,-105.2837
2024-04-30 10:15:11.310640,-92.49927
2024-04-30 10:15:11.326260,-75.42865
2024-04-30 10:15:11.341890,-56.83911
2024-04-30 10:15:11.357510,-39.29236
2024-04-30 10:15:11.373140,-24.41675
2024-04-30 10:15:11.388770,-12.55847
2024-04-30 10:15:11.404390,-3.010925
2024-04-30 10:15:11.420020,5.399048
2024-04-30 10:15:11.435640,13.59863
2024-04-30 10:15:11.451270,21.9209
2024-04-30 10:15:11.466890,30.03156
2024-04-30 10:15:11.482520,37.18164
2024-04-30 10:15:11.498150,42.62274
2024-04-30 10:15:11.513770,45.91986
2024-04-30 10:15:11.529400,47.09503
2024-04-30 10:15:11.545020,46.60059
2024-04-30 10:15:11.560650,45.07935
2024-04-30 10:15:11.576270,43.10608
2024-04-30 10:15:11.591900,41.03699
2024-04-30 10:15:11.607530,38.96729
2024-04-30 10:15:11.623150,36.8053
2024-04-30 10:15:11.638780,34.49615
2024-04-30 10:15:11.654400,32.05164
2024-04-30 10:15:11.670030,29.61823
2024-04-30 10:15:11.685650,27.33746
2024-04-30 10:15:11.701280,25.14661
2024-04-30 10:15:11.716910,22.745
2024-04-30 10:15:11.732530,19.5957
2024-04-30 10:15:11.748160,15.17859
2024-04-30 10:15:11.763780,9.208435
2024-04-30 10:15:11.779410,1.848083
2024-04-30 10:15:11.795030,-6.377197
2024-04-30 10:15:11.810660,-14.72778
2024-04-30 10:15:11.826290,-22.53656
2024-04-30 10:15:11.841910,-29.50177
2024-04-30 10:15:11.857540,-35.73816
2024-04-30 10:15:11.873160,-41.67731
2024-04-30 10:15:11.888790,-47.90717
2024-04-30 10:15:11.904410,-54.95123
2024-04-30 10:15:11.920040,-63.14154
2024-04-30 10:15:11.935670,-72.58429
2024-04-30 10:15:11.951290,-83.09277
2024-04-30 10:15:11.966920,-93.93585
2024-04-30 10:15:11.982540,-103.8007
2024-04-30 10:15:11.998170,-110.8565
2024-04-30 10:15:12.013790,-113.1852
2024-04-30 10:15:12.029420,-109.3945
2024-04-30 10:15:12.045050,-99.2572
2024-04-30 10:15:12.060670,-83.88751
2024-04-30 10:15:12.076300,-65.51196
2024-04-30 10:15:12.091920,-46.72791
2024-04-30 10:15:12.107550,-29.59656
2024-04-30 10:15:12.123170,-15.15588
2024-04-30 10:15:12.138800,-3.332764
2024-04-30 10:15:12.154430,6.63916
2024-04-30 10:15:12.170050,15.6377
2024-04-30 10:15:12.185680,24.18713
2024-04-30 10:15:12.201300,32.30853
2024-04-30 10:15:12.216930,39.65009
2024-04-30 10:15:12.232560,45.75568
2024-04-30 10:15:12.248180,50.35242
2024-04-30 10:15:12.263810,53.41595
2024-04-30 10:15:12.279430,55.21088
2024-04-30 10:15:12.295060,56.08032
2024-04-30 10:15:12.310680,56.38483
2024-04-30 10:15:12.326310,56.4046
2024-04-30 10:15:12.341940,56.29144
2024-04-30 10:15:12.357560,56.08746
2024-04-30 10:15:12.373190,55.79681
2024-04-30 10:15:12.388810,55.41138
2024-04-30 10:15:12.404440,54.92133
2024-04-30 10:15:12.420060,54.34039
2024-04-30 10:15:12.435690,53.68103
2024-04-30 10:15:12.451320,52.8996
2024-04-30 10:15:12.466940,51.84094
2024-04-30 10:15:12.482570,50.20856
2024-04-30 10:15:12.498190,47.65295
2024-04-30 10:15:12.513820,43.91565
2024-04-30 10:15:12.529440,39.0144
2024-04-30 10:15:12.545070,33.28076
2024-04-30 10:15:12.560700,27.32831
2024-04-30 10:15:12.576320,21.79578
2024-04-30 10:15:12.591950,16.98944
2024-04-30 10:15:12.607570,12.7728
2024-04-30 10:15:12.623200,8.585266
2024-04-30 10:15:12.638820,3.71759
2024-04-30 10:15:12.654450,-2.39743
2024-04-30 10:15:12.670080,-9.999542
2024-04-30 10:15:12.685700,-19.03119
2024-04-30 10:15:12.701330,-29.22794
2024-04-30 10:15:12.716950,-40.19177
2024-04-30 10:15:12.732580,-51.2439
2024-04-30 10:15:12.748200,-61.22751
2024-04-30 10:15:12.763830,-68.49026
2024-04-30 10:15:12.779460,-71.15515
2024-04-30 10:15:12.795080,-67.8302
2024-04-30 10:15:12.810710,-58.20987
2024-04-30 10:15:12.826330,-43.38116
2024-04-30 10:15:12.841960,-25.54367
2024-04-30 10:15:12.857580,-7.30069
2024-04-30 10:15:12.873210,9.165588
2024-04-30 10:15:12.888840,22.59042
2024-04-30 10:15:12.904460,32.65912
2024-04-30 10:15:12.920090,39.67004
2024-04-30 10:15:12.935710,44.00287
2024-04-30 10:15:12.951340,45.90512
2024-04-30 10:15:12.966960,45.49515
2024-04-30 10:15:12.982590,42.85498
2024-04-30 10:15:12.998220,38.26035
2024-04-30 10:15:13.013840,32.20392
2024-04-30 10:15:13.029470,25.35495
2024-04-30 10:15:13.045090,18.40933
2024-04-30 10:15:13.060720,12.00165
2024-04-30 10:15:13.076340,6.546753
2024-04-30 10:15:13.091970,2.149567
2024-04-30 10:15:13.107600,-1.33905
2024-04-30 10:15:13.123220,-4.282501
2024-04-30 10:15:13.138850,-7.026184
2024-04-30 10:15:13.154470,-9.759003
2024-04-30 10:15:13.170100,-12.45667
2024-04-30 10:15:13.185720,-14.95291
2024-04-30 10:15:13.201350,-17.07343
2024-04-30 10:15:13.216980,-18.83376
2024-04-30 10:15:13.232600,-20.48613
2024-04-30 10:15:13.248230,-22.43996
2024-04-30 10:15:13.263850,-25.14041
2024-04-30 10:15:13.279480,-28.86841
2024-04-30 10:15:13.295100,-33.64511
2024-04-30 10:15:13.310730,-39.25858
2024-04-30 10:15:13.326360,-45.34399
2024-04-30 10:15:13.341980,-51.52748
2024-04-30 10:15:13.357610,-57.52252
2024-04-30 10:15:13.373230,-63.21317
2024-04-30 10:15:13.388860,-68.61011
2024-04-30 10:15:13.404480,-73.85049
2024-04-30 10:15:13.420110,-79.14117
2024-04-30 10:15:13.435740,-84.76022
2024-04-30 10:15:13.451360,-91.06952
2024-04-30 10:15:13.466990,-98.39099
2024-04-30 10:15:13.482610,-106.7469
2024-04-30 10:15:13.498240,-115.5188
2024-04-30 10:15:13.513860,-123.262
2024-04-30 10:15:13.529490,-127.8571
2024-04-30 10:15:13.545120,-127.1234
2024-04-30 10:15:13.560740,-119.5927
2024-04-30 10:15:13.576370,-105.1853
2024-04-30 10:15:13.591990,-85.41376
2024-04-30 10:15:13.607620,-62.86235
2024-04-30 10:15:13.623240,-40.34575
2024-04-30 10:15:13.638870,-19.97765
2024-04-30 10:15:13.654500,-2.692963
2024-04-30 10:15:13.670120,11.70651
2024-04-30 10:15:13.685750,23.96008
2024-04-30 10:15:13.701370,34.83571
2024-04-30 10:15:13.717000,44.62814
2024-04-30 10:15:13.732620,53.18111
2024-04-30 10:15:13.748250,60.11267
2024-04-30 10:15:13.763880,65.16681
2024-04-30 10:15:13.779500,68.33133
2024-04-30 10:15:13.795130,69.90419
2024-04-30 10:15:13.810750,70.33132
2024-04-30 10:15:13.826380,70.00488
2024-04-30 10:15:13.842000,69.21882
2024-04-30 10:15:13.857630,68.11342
2024-04-30 10:15:13.873260,66.71419
2024-04-30 10:15:13.888880,64.96895
2024-04-30 10:15:13.904510,62.76237
2024-04-30 10:15:13.920130,59.89541
2024-04-30 10:15:13.935760,56.17185
2024-04-30 10:15:13.951380,51.51519
2024-04-30 10:15:13.967010,45.99509
2024-04-30 10:15:13.982640,39.91712
2024-04-30 10:15:13.998260,33.67579
2024-04-30 10:15:14.013890,27.65401
2024-04-30 10:15:14.029510,22.00719
2024-04-30 10:15:14.045140,16.62083
2024-04-30 10:15:14.060760,11.12769
2024-04-30 10:15:14.076390,5.148415
2024-04-30 10:15:14.092020,-1.569878
2024-04-30 10:15:14.107640,-9.023773
2024-04-30 10:15:14.123270,-16.90487
2024-04-30 10:15:14.138890,-24.82722
2024-04-30 10:15:14.154520,-32.37435
2024-04-30 10:15:14.170140,-39.33517
2024-04-30 10:15:14.185770,-45.72525
2024-04-30 10:15:14.201400,-51.8599
2024-04-30 10:15:14.217020,-58.25013
2024-04-30 10:15:14.232650,-65.57417
2024-04-30 10:15:14.248270,-74.46745
2024-04-30 10:15:14.263900,-85.13217
2024-04-30 10:15:14.279520,-96.98383
2024-04-30 10:15:14.295150,-108.4019
2024-04-30 10:15:14.310780,-116.8885
2024-04-30 10:15:14.326400,-119.7831
2024-04-30 10:15:14.342030,-115.1936
2024-04-30 10:15:14.357650,-102.8107
2024-04-30 10:15:14.373280,-84.15254
2024-04-30 10:15:14.388900,-62.08678
2024-04-30 10:15:14.404530,-39.80812
2024-04-30 10:15:14.420160,-19.78947
2024-04-30 10:15:14.435780,-3.131973
2024-04-30 10:15:14.451410,10.44906
2024-04-30 10:15:14.467030,21.99802
2024-04-30 10:15:14.482660,32.6544
2024-04-30 10:15:14.498290,43.04369
2024-04-30 10:15:14.513910,53.15936
2024-04-30 10:15:14.529540,62.531
2024-04-30 10:15:14.545160,70.66385
2024-04-30 10:15:14.560790,77.24186
2024-04-30 10:15:14.576410,82.28944
2024-04-30 10:15:14.592040,86.0623
2024-04-30 10:15:14.607670,88.82477
2024-04-30 10:15:14.623290,90.77988
2024-04-30 10:15:14.638920,92.00086
2024-04-30 10:15:14.654540,92.56117
2024-04-30 10:15:14.670170,92.58549
2024-04-30 10:15:14.685790,92.35974
2024-04-30 10:15:14.701420,92.11977
2024-04-30 10:15:14.717050,92.02397
2024-04-30 10:15:14.732670,91.97113
2024-04-30 10:15:14.748300,91.59421
2024-04-30 10:15:14.763920,90.38039
2024-04-30 10:15:14.779550,87.85375
2024-04-30 10:15:14.795170,83.70273
2024-04-30 10:15:14.810800,77.81565
2024-04-30 10:15:14.826430,70.2745
2024-04-30 10:15:14.842050,61.23721
2024-04-30 10:15:14.857680,50.88786
2024-04-30 10:15:14.873300,39.40613
2024-04-30 10:15:14.888930,26.93174
2024-04-30 10:15:14.904550,13.61835
2024-04-30 10:15:14.920180,-0.3658123
2024-04-30 10:15:14.935810,-14.83539
2024-04-30 10:15:14.951430,-29.57639
2024-04-30 10:15:14.967060,-44.33872
2024-04-30 10:15:14.982680,-58.95263
2024-04-30 10:15:14.998310,-73.27293
2024-04-30 10:15:15.013930,-87.3182
2024-04-30 10:15:15.029560,-101.2169
2024-04-30 10:15:15.045190,-114.9888
2024-04-30 10:15:15.060810,-128.2673
2024-04-30 10:15:15.076440,-140.0823
2024-04-30 10:15:15.092060,-148.8899
2024-04-30 10:15:15.107690,-152.9165
2024-04-30 10:15:15.123310,-150.9463
2024-04-30 10:15:15.138940,-142.8564
2024-04-30 10:15:15.154570,-129.9351
2024-04-30 10:15:15.170190,-114.5385
2024-04-30 10:15:15.185820,-99.28281
2024-04-30 10:15:15.201440,-86.13266
2024-04-30 10:15:15.217070,-75.82465
2024-04-30 10:15:15.232690,-67.80106
2024-04-30 10:15:15.248320,-60.74078
2024-04-30 10:15:15.263950,-53.36254
2024-04-30 10:15:15.279570,-45.04031
2024-04-30 10:15:15.295200,-36.02164
2024-04-30 10:15:15.310820,-27.19691
2024-04-30 10:15:15.326450,-19.64681
2024-04-30 10:15:15.342070,-14.07814
2024-04-30 10:15:15.357700,-10.65421
2024-04-30 10:15:15.373330,-8.938324
2024-04-30 10:15:15.388950,-8.199677
2024-04-30 10:15:15.404580,-7.718651
2024-04-30 10:15:15.420200,-6.994385
2024-04-30 10:15:15.435830,-5.8209
2024-04-30 10:15:15.451450,-4.24276
2024-04-30 10:15:15.467080,-2.33828
2024-04-30 10:15:15.482710,-0.1791229
2024-04-30 10:15:15.498330,2.201897
2024-04-30 10:15:15.513960,4.799042
2024-04-30 10:15:15.529580,7.502113
2024-04-30 10:15:15.545210,10.01719
2024-04-30 10:15:15.560830,11.84317
2024-04-30 10:15:15.576460,12.36832
2024-04-30 10:15:15.592090,10.94966
2024-04-30 10:15:15.607710,7.249065
2024-04-30 10:15:15.623340,1.370331
2024-04-30 10:15:15.638960,-6.118164
2024-04-30 10:15:15.654590,-14.31307
2024-04-30 10:15:15.670210,-22.33262
2024-04-30 10:15:15.685840,-29.65906
2024-04-30 10:15:15.701470,-36.29055
2024-04-30 10:15:15.717090,-42.73273
2024-04-30 10:15:15.732720,-49.72869
2024-04-30 10:15:15.748340,-57.99173
2024-04-30 10:15:15.763970,-67.98655
2024-04-30 10:15:15.779590,-79.88994
2024-04-30 10:15:15.795220,-93.41869
2024-04-30 10:15:15.810850,-107.6756
2024-04-30 10:15:15.826470,-121.0137
2024-04-30 10:15:15.842100,-131.1006
2024-04-30 10:15:15.857720,-135.4136
2024-04-30 10:15:15.873350,-132.0607
2024-04-30 10:15:15.888970,-120.5765
2024-04-30 10:15:15.904600,-102.3218
2024-04-30 10:15:15.920230,-80.17596
2024-04-30 10:15:15.935850,-57.52354
2024-04-30 10:15:15.951480,-37.15519
2024-04-30 10:15:15.967100,-20.42659
2024-04-30 10:15:15.982730,-7.117302
2024-04-30 10:15:15.998350,3.958786
2024-04-30 10:15:16.013980,14.11141
2024-04-30 10:15:16.029610,24.02357
2024-04-30 10:15:16.045230,33.52966
2024-04-30 10:15:16.060860,41.79108
2024-04-30 10:15:16.076480,47.9182
2024-04-30 10:15:16.092110,51.45279
2024-04-30 10:15:16.107730,52.56761
2024-04-30 10:15:16.123360,52.08153
2024-04-30 10:15:16.138990,50.96886
2024-04-30 10:15:16.154610,49.98169
2024-04-30 10:15:16.170240,49.40457
2024-04-30 10:15:16.185860,48.9966
2024-04-30 10:15:16.201490,48.33296
2024-04-30 10:15:16.217110,47.0826
2024-04-30 10:15:16.232740,45.26663
2024-04-30 10:15:16.248370,43.15779
2024-04-30 10:15:16.263990,41.14287
2024-04-30 10:15:16.279620,39.3716
2024-04-30 10:15:16.295240,37.65607
2024-04-30 10:15:16.310870,35.54851
2024-04-30 10:15:16.326490,32.51349
2024-04-30 10:15:16.342120,28.20294
2024-04-30 10:15:16.357750,22.60284
2024-04-30 10:15:16.373370,16.05579
2024-04-30 10:15:16.389000,9.056488
2024-04-30 10:15:16.404620,2.128387
2024-04-30 10:15:16.420250,-4.393921
2024-04-30 10:15:16.435870,-10.46036
2024-04-30 10:15:16.451500,-16.3071
2024-04-30 10:15:16.467130,-22.36627
2024-04-30 10:15:16.482750,-29.11169
2024-04-30 10:15:16.498380,-37.01825
2024-04-30 10:15:16.514000,-46.44278
2024-04-30 10:15:16.529630,-57.64987
2024-04-30 10:15:16.545250,-70.57404
2024-04-30 10:15:16.560880,-84.60037
2024-04-30 10:15:16.576510,-98.32193
2024-04-30 10:15:16.592130,-109.4606
2024-04-30 10:15:16.607760,-115.3045
2024-04-30 10:15:16.623380,-113.4378
2024-04-30 10:15:16.639010,-102.7673
2024-04-30 10:15:16.654630,-84.05484
2024-04-30 10:15:16.670260,-59.84305
2024-04-30 10:15:16.685890,-33.67151
2024-04-30 10:15:16.701510,-8.924194
2024-04-30 10:15:16.717140,12.18079
2024-04-30 10:15:16.732760,29.11203
2024-04-30 10:15:16.748390,42.64597
2024-04-30 10:15:16.764010,54.17981
2024-04-30 10:15:16.779640,64.86075
2024-04-30 10:15:16.795270,75.10117
2024-04-30 10:15:16.810890,84.57739
2024-04-30 10:15:16.826520,92.60852
2024-04-30 10:15:16.842140,98.58569
2024-04-30 10:15:16.857770,102.311
2024-04-30 10:15:16.873390,104.0906
2024-04-30 10:15:16.889020,104.4824
2024-04-30 10:15:16.904650,104.0842
2024-04-30 10:15:16.920270,103.3223
2024-04-30 10:15:16.935900,102.3646
2024-04-30 10:15:16.951520,101.1475
2024-04-30 10:15:16.967150,99.51855
2024-04-30 10:15:16.982770,97.35699
2024-04-30 10:15:16.998400,94.63263
2024-04-30 10:15:17.014030,91.35883
2024-04-30 10:15:17.029650,87.59113
2024-04-30 10:15:17.045280,83.31476
2024-04-30 10:15:17.060900,78.50586
2024-04-30 10:15:17.076530,73.08887
2024-04-30 10:15:17.092160,66.96619
2024-04-30 10:15:17.107780,60.01105
2024-04-30 10:15:17.123410,52.19562
2024-04-30 10:15:17.139030,43.56958
2024-04-30 10:15:17.154660,34.33392
2024-04-30 10:15:17.170280,24.80798
2024-04-30 10:15:17.185910,15.38086
2024-04-30 10:15:17.201540,6.355591
2024-04-30 10:15:17.217160,-2.132263
2024-04-30 10:15:17.232790,-10.16296
2024-04-30 10:15:17.248410,-18.03168
2024-04-30 10:15:17.264040,-26.1792
2024-04-30 10:15:17.279660,-35.15387
2024-04-30 10:15:17.295290,-45.4812
2024-04-30 10:15:17.310920,-57.50323
2024-04-30 10:15:17.326540,-71.04462
2024-04-30 10:15:17.342170,-85.08252
2024-04-30 10:15:17.357790,-97.64032
2024-04-30 10:15:17.373420,-106.0207
2024-04-30 10:15:17.389040,-107.639
2024-04-30 10:15:17.404670,-100.9749
2024-04-30 10:15:17.420300,-86.30536
2024-04-30 10:15:17.435920,-65.74121
2024-04-30 10:15:17.451550,-42.59515
2024-04-30 10:15:17.467170,-20.16827
2024-04-30 10:15:17.482800,-0.7837524
2024-04-30 10:15:17.498420,14.79993
2024-04-30 10:15:17.514050,27.08667
2024-04-30 10:15:17.529680,37.23291
2024-04-30 10:15:17.545300,46.24805
2024-04-30 10:15:17.560930,54.565
2024-04-30 10:15:17.576550,62.03107
2024-04-30 10:15:17.592180,68.16626
2024-04-30 10:15:17.607800,72.5304
2024-04-30 10:15:17.623430,74.9801
2024-04-30 10:15:17.639060,75.73639
2024-04-30 10:15:17.654680,75.26294
2024-04-30 10:15:17.670310,74.06451
2024-04-30 10:15:17.685930,72.51172
2024-04-30 10:15:17.701560,70.76068
2024-04-30 10:15:17.717180,68.73798
2024-04-30 10:15:17.732810,66.31311
2024-04-30 10:15:17.748440,63.36273
2024-04-30 10:15:17.764060,59.92291
2024-04-30 10:15:17.779690,56.13837
2024-04-30 10:15:17.795310,52.18469
2024-04-30 10:15:17.810940,48.15436
2024-04-30 10:15:17.826560,43.93701
2024-04-30 10:15:17.842190,39.27252
2024-04-30 10:15:17.857820,33.83527
2024-04-30 10:15:17.873440,27.4032
2024-04-30 10:15:17.889070,19.95465
2024-04-30 10:15:17.904690,11.81531
2024-04-30 10:15:17.920320,3.517883
2024-04-30 10:15:17.935940,-4.302246
2024-04-30 10:15:17.951570,-11.20551
2024-04-30 10:15:17.967200,-17.06885
2024-04-30 10:15:17.982820,-22.15967
2024-04-30 10:15:17.998450,-26.96936
2024-04-30 10:15:18.014070,-32.03394
2024-04-30 10:15:18.029700,-37.83441
2024-04-30 10:15:18.045320,-44.63995
2024-04-30 10:15:18.060950,-52.59106
2024-04-30 10:15:18.076580,-61.52332
2024-04-30 10:15:18.092200,-70.85126
2024-04-30 10:15:18.107830,-79.26703
2024-04-30 10:15:18.123450,-84.81293
2024-04-30 10:15:18.139080,-85.27057
2024-04-30 10:15:18.154700,-78.83881
2024-04-30 10:15:18.170330,-64.99615
2024-04-30 10:15:18.185960,-44.84454
2024-04-30 10:15:18.201580,-20.90155
2024-04-30 10:15:18.217210,3.70166
2024-04-30 10:15:18.232830,26.26154
2024-04-30 10:15:18.248460,45.23871
2024-04-30 10:15:18.264080,60.43213
2024-04-30 10:15:18.279710,72.57239
2024-04-30 10:15:18.295340,82.64398
2024-04-30 10:15:18.310960,91.30597
2024-04-30 10:15:18.326590,98.65479
2024-04-30 10:15:18.342210,104.3164
2024-04-30 10:15:18.357840,107.7419
2024-04-30 10:15:18.373460,108.5399
2024-04-30 10:15:18.389090,106.5972
2024-04-30 10:15:18.404720,102.1431
2024-04-30 10:15:18.420340,95.63794
2024-04-30 10:15:18.435970,87.59198
2024-04-30 10:15:18.451590,78.42511
2024-04-30 10:15:18.467220,68.45435
2024-04-30 10:15:18.482840,57.90454
2024-04-30 10:15:18.498470,47.05914
2024-04-30 10:15:18.514100,36.30206
2024-04-30 10:15:18.529720,26.06793
2024-04-30 10:15:18.545350,16.73798
2024-04-30 10:15:18.560970,8.406982
2024-04-30 10:15:18.576600,0.9046631
2024-04-30 10:15:18.592220,-6.2677
2024-04-30 10:15:18.607850,-13.64832
2024-04-30 10:15:18.623480,-21.60217
2024-04-30 10:15:18.639100,-30.2171
2024-04-30 10:15:18.654730,-39.27515
2024-04-30 10:15:18.670350,-48.48724
2024-04-30 10:15:18.685980,-57.60193
2024-04-30 10:15:18.701600,-66.5401
2024-04-30 10:15:18.717230,-75.26282
2024-04-30 10:15:18.732860,-83.72357
2024-04-30 10:15:18.748480,-91.68463
2024-04-30 10:15:18.764110,-98.75366
2024-04-30 10:15:18.779730,-104.4833
2024-04-30 10:15:18.795360,-108.5061
2024-04-30 10:15:18.810980,-110.7278
2024-04-30 10:15:18.826610,-111.3782
2024-04-30 10:15:18.842240,-110.9538
2024-04-30 10:15:18.857860,-109.986
2024-04-30 10:15:18.873490,-108.7767
2024-04-30 10:15:18.889110,-107.0858
2024-04-30 10:15:18.904740,-104.0568
2024-04-30 10:15:18.920360,-98.35687
2024-04-30 10:15:18.935990,-88.638
2024-04-30 10:15:18.951620,-74.15088
2024-04-30 10:15:18.967240,-55.24445
2024-04-30 10:15:18.982870,-33.43994
2024-04-30 10:15:18.998490,-10.94397
2024-04-30 10:15:19.014120,10.0412
2024-04-30 10:15:19.029740,28.05975
2024-04-30 10:15:19.045370,42.74933
2024-04-30 10:15:19.061000,54.58051
2024-04-30 10:15:19.076620,64.44427
2024-04-30 10:15:19.092250,72.98621
2024-04-30 10:15:19.107870,80.29083
2024-04-30 10:15:19.123500,85.93494
2024-04-30 10:15:19.139120,89.3457
2024-04-30 10:15:19.154750,90.19843
2024-04-30 10:15:19.170380,88.74261
2024-04-30 10:15:19.186000,85.84998
2024-04-30 10:15:19.201630,82.68604
2024-04-30 10:15:19.217250,80.46149
2024-04-30 10:15:19.232880,79.91461
2024-04-30 10:15:19.248500,81.19763
2024-04-30 10:15:19.264130,83.84503
2024-04-30 10:15:19.279760,87.00214
2024-04-30 10:15:19.295380,89.724
2024-04-30 10:15:19.311010,91.33173
2024-04-30 10:15:19.326630,91.50964
2024-04-30 10:15:19.342260,90.24756
2024-04-30 10:15:19.357890,87.73718
2024-04-30 10:15:19.373510,84.16479
2024-04-30 10:15:19.389140,79.70728
2024-04-30 10:15:19.404760,74.48688
2024-04-30 10:15:19.420390,68.64343
2024-04-30 10:15:19.436010,62.24274
2024-04-30 10:15:19.451640,55.38361
2024-04-30 10:15:19.467270,48.08752
2024-04-30 10:15:19.482890,40.26178
2024-04-30 10:15:19.498520,31.82196
2024-04-30 10:15:19.514140,22.65112
2024-04-30 10:15:19.529770,12.70959
2024-04-30 10:15:19.545390,2.080322
2024-04-30 10:15:19.561020,-9.014282
2024-04-30 10:15:19.576650,-20.30731
2024-04-30 10:15:19.592270,-31.50684
2024-04-30 10:15:19.607900,-42.51697
2024-04-30 10:15:19.623520,-53.45758
2024-04-30 10:15:19.639150,-64.50073
2024-04-30 10:15:19.654770,-75.62073
2024-04-30 10:15:19.670400,-86.21552
2024-04-30 10:15:19.686030,-94.8678
2024-04-30 10:15:19.701650,-99.58417
2024-04-30 10:15:19.717280,-98.47009
2024-04-30 10:15:19.732900,-90.50323
2024-04-30 10:15:19.748530,-76.13068
2024-04-30 10:15:19.764150,-57.27985
2024-04-30 10:15:19.779780,-36.70532
2024-04-30 10:15:19.795410,-17.1106
2024-04-30 10:15:19.811030,-0.2853394
2024-04-30 10:15:19.826660,13.22119
2024-04-30 10:15:19.842280,23.91589
2024-04-30 10:15:19.857910,32.76208
2024-04-30 10:15:19.873530,40.57275
2024-04-30 10:15:19.889160,47.66559
2024-04-30 10:15:19.904790,53.82617
2024-04-30 10:15:19.920410,58.60724
2024-04-30 10:15:19.936040,61.56635
2024-04-30 10:15:19.951660,62.61176
2024-04-30 10:15:19.967290,62.04596
2024-04-30 10:15:19.982910,60.45819
2024-04-30 10:15:19.998540,58.45886
2024-04-30 10:15:20.014170,56.47778
2024-04-30 10:15:20.029790,54.59991
2024-04-30 10:15:20.045420,52.66772
2024-04-30 10:15:20.061040,50.45404
2024-04-30 10:15:20.076670,47.80109
2024-04-30 10:15:20.092290,44.7525
2024-04-30 10:15:20.107920,41.39783
2024-04-30 10:15:20.123550,37.78296
2024-04-30 10:15:20.139170,33.82349
2024-04-30 10:15:20.154800,29.40906
2024-04-30 10:15:20.170420,24.42804
2024-04-30 10:15:20.186050,18.85132
2024-04-30 10:15:20.201670,12.75226
2024-04-30 10:15:20.217300,6.200134
2024-04-30 10:15:20.232930,-0.7617188
2024-04-30 10:15:20.248550,-8.122437
2024-04-30 10:15:20.264180,-15.80206
2024-04-30 10:15:20.279800,-23.66211
2024-04-30 10:15:20.295430,-31.53564
2024-04-30 10:15:20.311050,-39.28186
2024-04-30 10:15:20.326680,-46.93091
2024-04-30 10:15:20.342310,-54.65045
2024-04-30 10:15:20.357930,-62.73749
2024-04-30 10:15:20.373560,-71.44482
2024-04-30 10:15:20.389180,-80.96277
2024-04-30 10:15:20.404810,-91.24457
2024-04-30 10:15:20.420430,-101.9051
2024-04-30 10:15:20.436060,-112.1248
2024-04-30 10:15:20.451690,-120.5091
2024-04-30 10:15:20.467310,-125.3619
2024-04-30 10:15:20.482940,-125.0503
2024-04-30 10:15:20.498560,-118.7018
2024-04-30 10:15:20.514190,-106.5723
2024-04-30 10:15:20.529810,-90.26099
2024-04-30 10:15:20.545440,-72.24127
2024-04-30 10:15:20.561070,-55.07581
2024-04-30 10:15:20.576690,-40.62457
2024-04-30 10:15:20.592320,-29.45245
2024-04-30 10:15:20.607940,-20.95233
2024-04-30 10:15:20.623570,-13.74936
2024-04-30 10:15:20.639190,-6.529602
2024-04-30 10:15:20.654820,1.509583
2024-04-30 10:15:20.670450,10.3653
2024-04-30 10:15:20.686070,19.47147
2024-04-30 10:15:20.701700,28.10666
2024-04-30 10:15:20.717320,35.77475
2024-04-30 10:15:20.732950,42.44669
2024-04-30 10:15:20.748570,48.41415
2024-04-30 10:15:20.764200,54.151
2024-04-30 10:15:20.779830,59.88016
2024-04-30 10:15:20.795450,65.5162
2024-04-30 10:15:20.811080,70.71109
2024-04-30 10:15:20.826700,75.12396
2024-04-30 10:15:20.842330,78.66754
2024-04-30 10:15:20.857950,81.51578
2024-04-30 10:15:20.873580,84.11172
2024-04-30 10:15:20.889210,86.75183
2024-04-30 10:15:20.904830,89.49139
2024-04-30 10:15:20.920460,91.96573
2024-04-30 10:15:20.936080,93.54401
2024-04-30 10:15:20.951710,93.4462
2024-04-30 10:15:20.967330,90.94202
2024-04-30 10:15:20.982960,85.4707
2024-04-30 10:15:20.998590,76.64096
2024-04-30 10:15:21.014210,64.43597
2024-04-30 10:15:21.029840,49.22369
2024-04-30 10:15:21.045460,31.79025
2024-04-30 10:15:21.061090,13.15952
2024-04-30 10:15:21.076710,-5.600403
2024-04-30 10:15:21.092340,-23.71457
2024-04-30 10:15:21.107970,-40.93259
2024-04-30 10:15:21.123590,-57.44415
2024-04-30 10:15:21.139220,-73.7916
2024-04-30 10:15:21.154840,-90.4566
2024-04-30 10:15:21.170470,-107.5273
2024-04-30 10:15:21.186090,-124.3675
2024-04-30 10:15:21.201720,-139.6031
2024-04-30 10:15:21.217350,-151.4088
2024-04-30 10:15:21.232970,-158.0041
2024-04-30 10:15:21.248600,-158.2764
2024-04-30 10:15:21.264220,-152.153
2024-04-30 10:15:21.279850,-140.6429
2024-04-30 10:15:21.295470,-125.5206
2024-04-30 10:15:21.311100,-108.684
2024-04-30 10:15:21.326730,-91.59555
2024-04-30 10:15:21.342350,-74.99857
2024-04-30 10:15:21.357980,-59.05377
2024-04-30 10:15:21.373600,-43.68503
2024-04-30 10:15:21.389230,-28.98267
2024-04-30 10:15:21.404850,-15.40369
2024-04-30 10:15:21.420480,-3.710297
2024-04-30 10:15:21.436110,5.373993
2024-04-30 10:15:21.451730,11.54724
2024-04-30 10:15:21.467360,15.19394
2024-04-30 10:15:21.482980,17.47067
2024-04-30 10:15:21.498610,19.94644
2024-04-30 10:15:21.514240,24.03244
2024-04-30 10:15:21.529860,30.50653
2024-04-30 10:15:21.545490,39.21011
2024-04-30 10:15:21.561110,49.15497
2024-04-30 10:15:21.576740,59.03281
2024-04-30 10:15:21.592360,67.75345
2024-04-30 10:15:21.607990,74.72205
2024-04-30 10:15:21.623620,79.90421
2024-04-30 10:15:21.639240,83.47858
2024-04-30 10:15:21.654870,85.51132
2024-04-30 10:15:21.670490,85.7326
2024-04-30 10:15:21.686120,83.66794
2024-04-30 10:15:21.701740,78.89737
2024-04-30 10:15:21.717370,71.32285
2024-04-30 10:15:21.733000,61.29062
2024-04-30 10:15:21.748620,49.46884
2024-04-30 10:15:21.764250,36.63159
2024-04-30 10:15:21.779870,23.45505
2024-04-30 10:15:21.795500,10.38605
2024-04-30 10:15:21.811120,-2.281525
2024-04-30 10:15:21.826750,-14.32111
2024-04-30 10:15:21.842380,-25.44626
2024-04-30 10:15:21.858000,-35.42386
2024-04-30 10:15:21.873630,-44.08801
2024-04-30 10:15:21.889250,-51.52814
2024-04-30 10:15:21.904880,-58.11642
2024-04-30 10:15:21.920500,-64.30753
2024-04-30 10:15:21.936130,-70.32233
2024-04-30 10:15:21.951760,-75.73355
2024-04-30 10:15:21.967380,-79.43387
2024-04-30 10:15:21.983010,-79.86099
2024-04-30 10:15:21.998630,-75.61374
2024-04-30 10:15:22.014260,-66.09039
2024-04-30 10:15:22.029880,-51.90558
2024-04-30 10:15:22.045510,-34.80981
2024-04-30 10:15:22.061140,-17.07208
2024-04-30 10:15:22.076760,-0.7443237
2024-04-30 10:15:22.092390,13.02878
2024-04-30 10:15:22.108010,24.15729
2024-04-30 10:15:22.123640,33.36957
2024-04-30 10:15:22.139260,41.64478
2024-04-30 10:15:22.154890,49.73215
2024-04-30 10:15:22.170520,57.79733
2024-04-30 10:15:22.186140,65.52237
2024-04-30 10:15:22.201770,72.35019
2024-04-30 10:15:22.217390,77.74335
2024-04-30 10:15:22.233020,81.47159
2024-04-30 10:15:22.248640,83.5661
2024-04-30 10:15:22.264270,84.29767
2024-04-30 10:15:22.279900,83.98264
2024-04-30 10:15:22.295520,82.86331
2024-04-30 10:15:22.311150,81.02823
2024-04-30 10:15:22.326770,78.40909
2024-04-30 10:15:22.342400,75.02066
2024-04-30 10:15:22.358020,70.93149
2024-04-30 10:15:22.373650,66.40182
2024-04-30 10:15:22.389280,61.73874
2024-04-30 10:15:22.404900,57.15216
2024-04-30 10:15:22.420530,52.65686
2024-04-30 10:15:22.436150,48.0079
2024-04-30 10:15:22.451780,42.87531
2024-04-30 10:15:22.467400,36.97623
2024-04-30 10:15:22.483030,30.22964
2024-04-30 10:15:22.498660,22.75531
2024-04-30 10:15:22.514280,14.82697
2024-04-30 10:15:22.529910,6.714722
2024-04-30 10:15:22.545530,-1.435425
2024-04-30 10:15:22.561160,-9.529205
2024-04-30 10:15:22.576780,-17.533
2024-04-30 10:15:22.592410,-25.36264
2024-04-30 10:15:22.608040,-32.8877
2024-04-30 10:15:22.623660,-40.00986
2024-04-30 10:15:22.639290,-46.81444
2024-04-30 10:15:22.654910,-53.54169
2024-04-30 10:15:22.670540,-60.54921
2024-04-30 10:15:22.686160,-68.08206
2024-04-30 10:15:22.701790,-75.88467
2024-04-30 10:15:22.717420,-83.09618
2024-04-30 10:15:22.733040,-88.23232
2024-04-30 10:15:22.748670,-89.61597
2024-04-30 10:15:22.764290,-86.04073
2024-04-30 10:15:22.779920,-77.26814
2024-04-30 10:15:22.795540,-64.1989
2024-04-30 10:15:22.811170,-48.69667
2024-04-30 10:15:22.826800,-32.98941
2024-04-30 10:15:22.842420,-18.92667
2024-04-30 10:15:22.858050,-7.596115
2024-04-30 10:15:22.873670,0.8283539
2024-04-30 10:15:22.889300,6.887604
2024-04-30 10:15:22.904920,11.3681
2024-04-30 10:15:22.920550,15.01276
2024-04-30 10:15:22.936180,18.34746
2024-04-30 10:15:22.951800,21.59962
2024-04-30 10:15:22.967430,24.74814
2024-04-30 10:15:22.983050,27.59416
2024-04-30 10:15:22.998680,29.78342
2024-04-30 10:15:23.014300,30.94836
2024-04-30 10:15:23.029930,30.92418
2024-04-30 10:15:23.045560,29.74288
2024-04-30 10:15:23.061180,27.7722
2024-04-30 10:15:23.076810,25.54462
2024-04-30 10:15:23.092430,23.57194
2024-04-30 10:15:23.108060,22.15709
2024-04-30 10:15:23.123680,21.33253
2024-04-30 10:15:23.139310,20.84556
2024-04-30 10:15:23.154940,20.33109
2024-04-30 10:15:23.170560,19.52017
2024-04-30 10:15:23.186190,18.17399
2024-04-30 10:15:23.201810,16.17597
2024-04-30 10:15:23.217440,13.47018
2024-04-30 10:15:23.233060,9.996933
2024-04-30 10:15:23.248690,5.851158
2024-04-30 10:15:23.264320,1.247444
2024-04-30 10:15:23.279940,-3.540382
2024-04-30 10:15:23.295570,-8.287231
2024-04-30 10:15:23.311190,-12.84895
2024-04-30 10:15:23.326820,-17.40189
2024-04-30 10:15:23.342440,-22.30539
2024-04-30 10:15:23.358070,-28.00323
2024-04-30 10:15:23.373700,-34.94573
2024-04-30 10:15:23.389320,-43.33083
2024-04-30 10:15:23.404950,-53.14746
2024-04-30 10:15:23.420570,-64.06383
2024-04-30 10:15:23.436200,-75.47299
2024-04-30 10:15:23.451820,-86.30941
2024-04-30 10:15:23.467450,-95.19365
2024-04-30 10:15:23.483080,-100.4955
2024-04-30 10:15:23.498700,-100.7888
2024-04-30 10:15:23.514330,-95.44512
