Subject,Time,Fp1_Delta,Fp1_Theta,Fp1_Alpha,Fp1_Beta,Fp1_Gamma,Fp2_Delta,Fp2_Theta,Fp2_Alpha,Fp2_Beta,Fp2_Gamma,C3_Delta,C3_Theta,C3_Alpha,C3_Beta,C3_Gamma,C4_Delta,C4_Theta,C4_Alpha,C4_Beta,C4_Gamma,P7_Delta,P7_Theta,P7_Alpha,P7_Beta,P7_Gamma,P8_Delta,P8_Theta,P8_Alpha,P8_Beta,P8_Gamma,O1_Delta,O1_Theta,O1_Alpha,O1_Beta,O1_Gamma,O2_Delta,O2_Theta,O2_Alpha,O2_Beta,O2_Gamma,Fp1_Engagement,Fp2_Engagement,C3_Engagement,C4_Engagement,P7_Engagement,P8_Engagement,O1_Engagement,O2_Engagement,Fp1_Fatigue,Fp2_Fatigue,C3_Fatigue,C4_Fatigue,P7_Fatigue,P8_Fatigue,O1_Fatigue,O2_Fatigue,Fp1_Excitement,Fp2_Excitement,C3_Excitement,C4_Excitement,P7_Excitement,P8_Excitement,O1_Excitement,O2_Excitement,Fp1_Relaxation,Fp2_Relaxation,C3_Relaxation,C4_Relaxation,P7_Relaxation,P8_Relaxation,O1_Relaxation,O2_Relaxation
1,0.0,3.2569617613137574,2.8676014653182005,3.09416246570601,2.9264818844639175,1.9199814904233112,-0.37694147755728724,0.40711187797873716,3.2091052824632134,3.1853810755882717,1.176379833187346,3.018104848665622,1.9371783707030779,1.624613406271559,-0.4142553279069766,0.12122407050078092,3.121943891443735,1.9721713372871639,1.6244644786269369,2.1299220359413233,1.7889350068053538,0.15075210693737046,-0.18238087881119577,0.046173391946631136,1.4473204300064146,3.174382154153228,0.20200115743964522,3.066105518276105,0.5994948243272503,0.5391092888435968,-0.3204340393443531,-0.11061940662777124,2.7007306624324445,3.0854733688839127,2.9151710680172473,3.0233101639284587,2.9767234220898438,0.9861913817654173,-0.21272128773004648,0.6666324509064308,3.0143171062660215,-0.09442701898959158,1.974172877657571,-0.6883807569818753,1.3419405521860441,2.134173004317455,0.27123667266205603,-0.4948261243357318,-0.5564623159936806,0.05377031716915396,1.458202224255819,0.34937165187709196,-0.2797923492541869,-0.3274750108441137,-0.26155548405185236,-0.737142099275036,-0.523360432316234,-0.25766526127479533,1.0083517247446583,-0.578761319609002,1.3991134888193844,0.5634377690685612,0.3607252612053793,-0.2691409496860227,-0.23010734239360836,-0.2633251460711233,-0.21040514227097357,-0.258278403924697,-0.9975019789694913,-0.6374101556788758,0.034834954111667774,1.098489351816111,0.03130769915366616
1,10.0,-0.4730838983184398,-0.6031601737769837,-0.506859317792984,-0.587971475046158,-0.45727996540850063,-0.5886258319313616,-0.6293535781998858,-0.523398673568776,-0.47235317747736244,-0.4754176101775492,-0.4979039836099959,-0.5777642575989438,-0.5053356956412196,-0.5020459037133056,-0.5628870479668006,-0.5445399228728747,-0.6486952832827434,-0.6205272827460382,-0.591472826606395,-0.6181811143743886,-0.33860633408248253,-0.6690661199499602,-0.6031155513155022,-0.6131901605278155,-0.4790892970263062,-0.3332135044870368,-0.5054884561489495,-0.4043686637713132,-0.398368680972523,-0.35284176320769955,-0.4184375149583362,-0.5802771436408496,-0.5023109840618926,-0.5683144680173572,-0.5014686986866006,-0.5499434087840038,-0.38425622836132034,-0.646760562419623,-0.7234250472494599,-0.5357178686905265,-0.326091046002014,-0.46677998639842616,-0.6465058932304238,0.1482790101243227,0.32102488041222077,-0.24366490647973688,-0.2992035639009516,-0.22043661514852922,0.47120857492162505,-0.51672806559081,-0.12592451745335229,-0.22252531836088754,-0.3111556508394883,-0.264482330311724,0.43969298314842165,-0.4974464136673176,-0.26366617014387717,0.24665650260746624,-0.5635995321161592,0.01734704758339157,-0.33303465337521987,-0.15865497990076227,-0.26790225728267025,-0.2708772290254102,-0.26245150030481035,-0.16071470561655773,-0.26220695143913375,0.002551791811349719,-0.6045765050956446,0.29300563927816065,-0.415362912364775,-0.07997077310019289
1,20.0,-0.26679394881062873,-0.4133160468739409,-0.29541716486754926,-0.39720484662698924,-0.3868682091355747,-0.5037323706843079,-0.6963259380507056,-0.3110905317918371,-0.300649685365962,-0.3981897198287552,-0.3232756014802986,-0.45986285827069046,-0.4546420953251165,-0.4676021539119173,-0.5892390805870467,-0.37172808303229476,0.7779815155746805,0.5005983690129613,0.3732773764579542,0.4134429918165835,-0.16025479467569745,0.09574712393725,-0.454648797976341,0.6389084696664494,-0.29707453353587904,-0.3065340469547106,-0.3126580572893579,-0.35293124905522333,-0.37410442408576977,-0.3401657036965268,-0.4323765151276086,-0.41101846490378513,0.063665454093707,-0.053669619931547966,-0.05124591660975946,-0.09565903577822203,-0.27948837384295894,-0.32319957283049017,-0.7365909770111576,-0.013053565597748335,-0.38689158001010515,1.556762250880195,-0.6380269739790211,-0.11833774871095737,1.2406741555881575,-0.3092343370021147,-0.4340393193918528,-0.5664974458481522,0.33015505160879244,1.6878981458167115,-0.24874004246992445,-0.30850510885981663,-0.45861462154965055,-0.26408226942168134,0.8256015801045472,-0.4875896222663794,-0.2629568922420245,0.33940805146633785,-0.5601298591250403,0.07372521813991025,1.3665959481106387,-0.23280983368124938,-0.27397032506579255,-0.4048106196166584,-0.2633862048081765,-0.3881275300698119,-0.26119111823919205,1.1960277399458552,-0.5677613067587918,0.3096283829789518,1.4580647360970178,-0.2631117996605143
1,30.0,-0.3646860646764796,-0.49280809346361615,-0.37141522540735994,-0.46026746725401,-0.4148968413976972,-0.5205121388262343,-0.5779857109637058,-0.38759118079854377,-0.3956657679320248,-0.43961969526405936,-0.4048654305244033,-0.5113542386912919,-0.4770707412716383,-0.47676654056728857,-0.5391792887687673,-0.4519673565408556,-0.45922849736451016,-0.492487937146081,-0.4447060690534456,-0.4613050122956318,-0.33192359901650337,-0.26723297399259266,-0.517524848833899,-0.42800460683974195,-0.41610956104955266,-0.3211983410996288,-0.4009125381526521,-0.37365483929645527,-0.38425751402075964,-0.3457772852161105,-0.4098449504192402,-0.4877635069159292,-0.325805689872242,-0.403084891526558,-0.3352677282765765,-0.37703326407229537,-0.3603747797612347,-0.43704621089120815,-0.5857908518675665,-0.3442753817565376,0.06193144872131753,-0.14611114206887962,-0.6295466885731376,0.33205126187241363,-0.0688139382317828,-0.2907397691236751,-0.3875873906806922,-0.32451982535602425,0.5687594328184478,-0.11729509489208616,-0.23146488279415556,-0.2927403258865904,-0.43748608807698913,-0.2614926387723956,0.11055863840068969,-0.4647941851678546,-0.26126285294392027,-0.26517301511495317,-0.5570860274779885,0.4596321591053343,-0.164511107227157,-0.2313383407151845,-0.27042065660809705,-0.35656218604918993,-0.26109261319940386,-0.32900136843637734,-0.25994005836799494,-0.3134632136113741,-0.45955512333234955,0.7131827899796047,-0.07418630347309492,-0.32551328920381
1,40.0,-0.5308902741165936,-0.6574732791108943,-0.5697600488653854,-0.6419879547070666,-0.48267804403237013,-0.5635426874999676,-0.7749871143124482,-0.5854815976835835,-0.522265909140061,-0.4998499741315874,-0.5539618075368195,-0.6130276801551936,-0.5275940539059009,-0.4928449859109942,-0.629811462645073,-0.6005151111918596,-0.8488708296432774,-0.8205542142877262,-0.7548478316454788,-0.7991100606975979,-0.39731590585388105,-0.6201387567956514,-0.8243017977339886,-0.827612381960959,-0.5183069123623154,-0.3409959622292437,-0.5622648204225804,-0.41624368513750215,-0.4083338840723883,-0.3478335688363844,-0.45166942649895936,-0.6284727591997356,-0.65386561655477,-0.7196877765329204,-0.6298976974599506,-0.6681028676425073,-0.4290201469941422,-0.6072603634700404,-0.9721326577998239,-0.6825085026255305,0.8377420124544036,1.3580493663242323,0.36732405387430417,0.5514176051364947,-0.7342504995424489,-0.7662734577182249,-0.6343532945243772,-0.6692529439589587,0.6933039416826619,2.3608612526848813,-0.7167251842476545,-0.29116453177307994,-0.5101783383270994,-0.23573679573523346,-0.5044713260167204,0.013466779118853649,-0.25597457970225174,-0.2063754439670416,-0.08751259405883267,0.6716327450202795,2.6353978008831667,-0.760982034469752,-0.2772079214007479,-0.4410779119527388,-0.259976779893869,-0.41660589092887024,-0.25436561424117754,0.016511019676186924,0.41455705334138937,0.12294714601339501,2.7491616034838353,-0.5039665225943545
1,50.0,0.7984921144203848,0.8341367124916811,1.1050593106458921,0.8889570224845165,2.8263091142575667,-0.2976721719118957,3.160741951718354,0.9155863521103222,0.8402280132522235,0.26325964650737477,1.1401885577955513,0.5140192761086181,2.0141629275400725,-0.3741155991557143,2.64529016962748,0.9309122823465571,1.6474825014803547,1.9715139695509956,1.6818146014255426,1.8663364621275893,3.522670981314141,0.14304345899564455,-0.047132711499045916,1.7912014300960004,0.8171295832475536,-0.10027384448051734,1.1163167122248938,0.012182156533145274,0.7147537794076751,-0.3066154187339857,0.9708952142428197,0.6839196786418973,1.2800816505385584,1.5799836413991122,1.4417305109677294,1.385277644319602,3.3534589982405505,0.14904824248971812,1.2837762012930745,1.3556357105104393,-0.2715361921932871,-0.5310754425279266,-0.687299407670282,0.5319640307065157,2.044598483258015,2.2741491942696017,0.13879167872504433,-0.622715984540933,0.3110500806498049,-0.6129676519616373,2.535571202885812,-0.14687140249109337,-0.4037544791097131,-0.26555965359298234,-0.4678221146730207,-0.5254616903113699,-0.26179994653478805,0.7398502406576132,-0.5784841407149693,0.142617211931008,1.0064919051360623,2.6174581323578274,-0.24595875104102713,-0.2683815176309082,-0.2565075132972419,0.10028401262946567,-0.2613932130050793,-0.6858096799968154,-0.6614687767422823,0.18400009474542772,-0.6177694601713264,3.273767728854517
1,60.0,-0.24313741543297782,-0.25709823633841056,-0.16934518686636366,-0.27105986778957675,-0.026680666605641175,0.005778022725992756,0.44429170128131273,-0.04228157366632594,-0.3644020718000043,-0.3706711209686051,-0.30896671893997535,-0.43909537650601027,-0.2211091302896594,-0.2425543778728189,-0.10897442614842263,-0.2853991030335679,1.613962473823784,1.845755320048705,1.6910136173632249,1.7860196280570175,0.36270488820567165,2.930848704237358,2.0964838582210223,2.074143174503234,-0.3836891254717214,-0.30041450747660225,-0.31043798437601045,-0.34831809756553755,-0.26818175351198187,-0.263821582938303,-0.21716797412802008,-0.3444129992964157,0.137440117872722,0.24455146552259988,0.23147103376994876,0.21645364506608467,0.1844039281725709,1.5375003752159242,1.618919790343876,0.413209050104762,-0.5654040387216527,-0.8665798043051812,-0.6071856131401682,0.6788607255782082,-0.18981390452077618,1.4841998666392842,0.3252963242572929,-0.3873342644677415,-0.04445858525404305,-0.5605534423367671,1.6696191215795866,-0.1658249292501619,-0.4081408429231387,-0.2615514978995858,0.48002979440498494,-0.4738238073585648,-0.26079782569124876,-1.5601381010031639,-0.5520046844998268,0.32550268981950853,-0.39811096248838934,1.6376077339473298,-0.24350503113301952,-0.3651215242224616,-0.2473910968339931,-0.3372871472812636,-0.2583649285900224,1.4529577055181178,-0.5383089218275484,-0.19115808103288162,-0.5491741818691187,0.6898669904789355
1,70.0,-0.3452175151063472,-0.48421850026416613,-0.37268844179486227,-0.4561108605985446,-0.3828113064804604,-0.5640957781903351,0.23155344403663464,-0.3859102029540392,-0.4135847083591921,-0.4537687800945381,-0.44919622493131894,-0.542325464909736,-0.44980812969802564,-0.4973224629569504,-0.4138270284125497,-0.49404558607283416,-0.13697660727199723,-0.21697681932693325,-0.23461147689070358,-0.22750032172062806,-0.1617027002261515,-0.6204440261123344,2.3592927472298704,-0.1487027617899604,-0.44395074997721307,-0.3266145235837527,-0.45782441569129156,-0.3893913018149486,-0.3724281350926277,-0.3510634778004212,-0.38557790833361755,-0.5383611099397795,-0.2148578886834847,-0.30736247472660755,-0.2604674871717642,-0.29730771455155947,-0.2580170761396229,-0.6032548779399838,1.8369050138861818,-0.25123382124819277,0.0688800084433052,-0.8872623859092927,-0.6724588509959449,0.007121253315459186,-0.6169386830525294,0.44773282131306136,-0.3790517637407821,1.0978380043254874,0.37720206450387644,-0.7392987707438293,0.5923560530797258,-0.28982727089448723,1.64710832690597,-0.26113235194854967,1.6840709645809804,-0.5165129421764518,-0.25952016465505323,-0.6020722091482618,-0.5733662304194341,0.1228103383120223,-0.8567216942032507,0.5404201449461798,-0.27292178215642326,0.8999868387946607,-0.2630305083505241,0.44648500838555905,-0.2601922069327978,0.9993314320392372,-0.6458538374488141,0.30101539791113824,-0.4821454119839169,0.15360682239932974
1,80.0,-0.38827664355084324,-0.5131416620430416,-0.4098364239116862,-0.4904458343865858,-0.475084736883668,-0.43598673396115595,0.14570592186245276,-0.35851080791330187,-0.3863171597410679,-0.43592461753803496,-0.40705267547314916,-0.5147779696149172,-0.5242472485453522,-0.40729476214442745,-0.13742768065620645,-0.4397951354342263,-0.4272105668797013,-0.4847055107371815,-0.4523834023487413,-0.4690015381191882,-0.37976877619352745,-0.28276752589288784,0.8118354077845483,-0.35229919228507567,-0.4032910396804176,-0.31937084787841796,-0.40375587622454784,-0.3763972620464964,-0.40719949836641406,-0.3202542360597802,-0.2200298717275288,-0.49629816506809554,-0.38952656325678786,-0.4588313061433827,-0.3921154531898231,-0.4303652772375006,-0.413512968631252,-0.439260877478524,1.0339592181305268,-0.26722725746447057,0.022111519675808013,-0.8241017543223608,0.15390144797452138,0.06597446841841155,-0.5816502367713008,-0.8798502238915775,-0.36001690858227686,2.4140548326536106,0.29904207207789324,-0.7031454579888703,-0.8977996519927748,-0.31499980066597,-0.09890135598483729,-0.2633605338759626,-0.11760176604105234,-0.29084118353980576,-0.25917838619213135,-0.4112490152297897,0.14183516807301108,0.29091414352044587,-0.8048382654691225,-0.8500711631548715,-0.2684122386606354,0.009147767523567095,-0.26037985041650846,-0.20201048982223288,-0.26072461650547485,-0.3150537998310739,-0.034017414456554686,0.3419648071927604,-0.6726279162926788,-0.676260174231664
1,90.0,-0.5189766534202651,-0.6254269424750974,-0.5617671011117938,-0.6341038176394028,-0.47542854897886627,-0.6100655633480716,-0.5436212370404476,-0.5698433158299431,-0.5136139580350927,-0.4917900593748164,-0.5486366659142901,-0.6085822800921973,-0.5212779560844976,-0.5133462080333233,-0.5081590226506943,-0.5907150441985558,-0.7071266961376611,-0.6457823824216631,-0.6313743064040189,-0.6852526330528438,-0.346956326346191,-0.7986027244710584,-0.23087721432498293,-0.6747468793731634,-0.5248190600062396,-0.33848094153678987,-0.5525053220307186,-0.41454714750001564,-0.40510545041488577,-0.356941212650251,-0.3956234747499935,-0.6176707474544234,-0.5941420657529837,-0.5564757650591622,-0.5813637875650801,-0.6149587242896435,-0.4068922745999777,-0.7392710592926669,-0.3951122664432068,-0.6009441973616042,-2.4326126367768737,-0.9484265723215325,-0.6809611117899818,0.013214485184368832,-0.39359373227958866,-0.32889864303483385,2.939227421900729,2.0130316015725804,-1.4650847828558198,-0.7997071374134,-0.05100989700274086,-0.1296764958156257,3.0306929740654285,-0.2510709843491129,0.619310666875977,-0.5229172177244037,-0.2562410115737103,-0.4076475396670551,-0.5760605787592867,-0.35061661611013073,-0.8006019583742412,-0.32590919907895716,-0.1416618485188939,3.4028204523389247,-0.23163040191752707,3.5103753895843113,-0.2531151968158803,1.8033856267459576,-0.6569346832652325,-0.6232589418804277,-0.6955533932104012,-0.10000213336725985
1,100.0,-0.5133511888945994,-0.6403089249817823,-0.5510797118768027,-0.6243401050247209,-0.4810720359068896,-0.5313372628709079,-0.7337794400800546,-0.567603048358777,-0.5154054960142619,-0.49674687865977696,-0.5470997315907072,-0.6090564480565158,-0.5260309212695276,-0.4771124065459768,-0.5994681381767195,-0.5947432314061052,-0.7929653222529006,-0.7793477260707281,-0.7256400240758992,-0.7700725010427666,-0.38620205475614655,-0.7759479623437552,-0.6091552733155806,-0.7803621047116838,-0.5311750058435145,-0.3417533028867811,-0.5648313373725029,-0.4185770929397843,-0.40792532487629374,-0.34629013383889007,-0.43561099780311135,-0.6344566098715616,-0.6192430161102654,-0.6876588202338482,-0.6024469665909583,-0.6439598260958128,-0.4197255579184347,-0.6908074905147654,-0.8518245239774691,-0.6510151458299736,0.30140612305542386,-0.5344916782689214,0.2697943573246402,-0.2469577007328047,-0.37757201444475935,-0.6081425706212522,-0.44156489193323034,-0.04513623428681627,0.4181627891604045,-0.3571427973062857,-0.602455534229166,-0.32466596940022474,0.1461616338394574,-0.2490018837665272,1.9255990061320392,-0.46238272251538964,-0.25794102202343616,-0.7731153442000025,-0.17768087588468248,0.01127863591517715,-0.7590352061935896,-0.5991361985890852,-0.27553849354995474,-0.29347953531112925,-0.26091201037498823,-0.3966463049713388,-0.2591637835190653,0.7439331113651735,-0.592593916183938,0.8352481105331526,-0.6436602891509577,-0.24867501414462664
1,110.0,0.8106937978807546,0.7283191461610027,0.9174369426753296,1.2761359337107223,-0.46394047946571876,3.0930765308918216,0.39959968041680693,0.7805483547608674,0.9861437901238765,0.2340727647326494,1.0922836276079353,0.9260546376745296,-0.5088171512270274,1.6504947130667362,0.25119367488536687,0.8784778595010307,0.06308351784158618,0.004441920691684661,-0.06613883031495743,0.18229245336119523,-0.382786148669581,1.3287482903503383,0.04388393755327339,-0.008904105478127929,1.034338022523353,-0.12403461170549371,1.0032433360338344,0.14546064858756957,-0.39707281694738894,0.3845825120626411,-0.09057394272455664,0.5524888815816679,0.3925583672157108,0.3785887579734118,0.3229110609070011,0.6389457057308934,-0.4173704704296588,2.946602170547072,0.007864775309473418,0.30643247201775714,2.538864727788259,0.6514050427534097,0.9098835102470207,0.0017896872751059253,-0.5285596519778484,-0.9017539853309995,-0.37461306853566356,-0.534405017294528,0.1602841752784837,-0.03639761389866067,-0.9467766875772359,-0.2606352530067367,-0.4590506449062847,-0.24814410259496025,-0.9152076765680905,3.0072696637393275,-0.23581659914308403,1.4782439853079696,2.8529447324705117,0.006802921686819751,-0.41198797686878325,-0.8775884385716329,-0.26109598228607545,-0.4259558333108472,-0.25967046254490284,-0.4062267754865647,-0.24406372753571148,-1.0426178277113138,2.2541403564971034,0.3076399521895383,-0.15646125413329248,-0.8162724265545847
1,120.0,-0.4053810282083995,-0.536031473789264,-0.4199626091105714,-0.5034552362333571,-0.4792430749618292,-0.028763767480802744,-0.5777078695088982,-0.4453537251179382,-0.3845511357880198,-0.4367314667149687,-0.3983253506490382,-0.5091980272581886,-0.5214356775323225,-0.17076375575459662,-0.49338383707367595,-0.4574536134739353,-0.7445474586795712,-0.7213815294326934,-0.6605453259523076,-0.6956916039272215,-0.396559860066279,-0.362640187302794,-0.7115331031901416,-0.7143479008102199,-0.36745438078433346,-0.3206142082326213,-0.4063374056346687,-0.37710407986797406,-0.40412237146472807,-0.24311456240323012,-0.380217042808787,-0.5035243704519263,-0.5518975948611894,-0.6126698741765418,-0.5275567870790602,-0.5679755858697546,-0.427934353835882,-0.18846844910240254,-0.7892662704019139,-0.5747684101352145,0.22773718228332906,-0.013013113168366362,1.4764925659944796,0.5698832533158433,-0.5756609681830126,-0.7956124297090573,-0.44627642977164844,-0.49512234515587356,0.6520678595428101,-0.32919460615670404,-0.862162080602919,-0.25053379009829335,-0.47910861457977394,-0.26336989214095946,-0.9119158148006715,1.142567232340787,-0.2605903363886652,0.9159911683067167,0.8747377715619722,0.514890734138067,-0.23543175769838776,-0.759702827352133,-0.2642423022743016,-0.4209418544755683,-0.26181776671099866,-0.4051561747460346,-0.26084962694767305,-0.9355296099960695,1.4692900831600095,0.4869107809157862,-0.4124627382013789,-0.7531170336904839
1,130.0,-0.5266931424202582,1.225358157663317,-0.568033555543616,0.3887805139667206,0.2518906565298152,0.9923864431124938,0.31743005304755556,-0.3834710434376209,-0.48477966456105454,3.209907204020317,-0.5145350475484597,2.448686399433073,2.1132089760745036,2.9773104920418803,2.0641458743366097,0.24946942430338692,-0.8651128317973505,-0.6548123469671624,-0.7783828913114548,-0.7309794110624998,-0.3682367850704351,-0.6070715732930515,-0.6992731236803904,-0.837415239604183,-0.3945823786839816,3.575450449498362,-0.41219595573027495,3.4630739882112387,3.375724899047766,3.545641890372631,3.37747296827928,1.7133354164232004,-0.6675528071672708,-0.21488368364342392,-0.6462156616503487,-0.44499359599964994,-0.3053507490985322,-0.15095636263139195,-0.6163260737197926,-0.6437825039047853,0.2585975555606015,-1.0081835146134945,-0.5697329148922942,-3.183262744121137,-0.9235270252841099,1.4673539817687062,1.647415977141014,-0.5097189251923173,-3.1109124845222893,-0.749851614283527,0.3789767469126456,3.6073159616476493,-0.4309988314393008,3.614655399320225,-1.6032411343408786,-0.4590935021760109,3.614705737674893,-1.8741344072502597,-0.5379697849963815,-3.2513989617915464,-0.8565895251731016,0.4254146416922588,3.6127061534157403,-0.40221034609081263,3.614657554208387,-0.39106869492489077,3.6147451827877677,-1.2593831601603216,-0.5011415264496761,-3.39413805386324,-0.6796436150808962,0.31459216479608765
1,140.0,-0.28965990065906416,-0.43243214851700434,-0.32049393187825664,-0.41340788931946576,-0.47219735195347795,0.9300347875320197,-0.5726737421857055,-0.34470428821371585,-0.2581641447502675,-0.3849095256949958,-0.29675779587065204,-0.4408940827656142,-0.5146165090958477,0.40821927936567304,-0.49949677626428285,-0.34990127033760315,-0.44394725269785507,-0.5101983087950765,-0.5359246465846416,-0.5799323458749731,-0.38581469150030795,0.68790515144469,-0.660106920865472,-0.5659881708911717,-0.26630771550265814,-0.3039529643864115,-0.29645339746127886,-0.3486781986639532,-0.40248811347327657,-0.03507141770933594,-0.40061915661456854,-0.4082187623367082,-0.44001673228372284,-0.5356562529210248,-0.4913765852932188,-0.5271011168854748,-0.42211132856552214,0.40585632604842586,-0.7775887813991724,-0.5250676842843958,-0.24030806528890367,0.6856358562889759,2.6427022758381638,-0.6939381395482911,-0.7500898692876914,-0.8205022137412312,-0.7991986466268686,-0.5933225213081246,0.2854494932181968,0.015320629815167333,-0.8428362979649394,-0.32955341589049486,-0.499098456230465,-0.26411498085869756,-0.8274617019321685,1.0609200440208146,-0.2612946891659067,1.3714034024897659,1.4731379555561088,-0.4342517560896689,0.0489396838728116,-0.7854328986353479,-0.28072761375207994,-0.43242915857781905,-0.26308569948431926,-0.41389418604442,-0.2608957367238669,-0.6653391568254176,1.7616346742412043,0.2781770209269647,0.09333178453487079,-0.6962522391350476
2,0.0,-0.04524332799163621,0.456039694183615,1.5960863476628786,1.8135168877745542,2.3498363915927225,2.469371215336002,1.974738583233097,2.7463467440419005,-0.16931442434328087,-0.03073625999491823,0.6631232911428947,0.9054391664935857,2.114097213142827,1.8895492990540712,1.9894736799718105,1.9410440743233583,3.2990795374857784,2.780984948700444,3.568891674667989,3.6074717839355035,3.608256816546109,3.5877480910346664,3.605522281755355,3.5957266718766405,-0.23402418642221992,-0.19820221160903415,-0.030307647717863147,0.026619002230334168,1.1515569771235772,0.41198478591843996,0.6079872449375598,0.6028664650350998,0.7443207383466892,0.7906947459358131,2.6774614465981923,3.255857293140378,3.0549576170047725,3.180189820875111,3.401173898219912,3.2054205034215677,-0.3925503136372464,-0.33484152543179674,-0.21108839308276142,-0.5696480354369968,-0.48288012367185923,1.0228503061268883,-0.5947552386502243,-0.12119902966196024,-0.5219209414225074,0.0651822994426635,0.6183397995012118,-1.45882765002014,-0.3249823778423005,-0.41201385535780594,0.08445527096823584,-0.3115092024355624,-0.2791961995884081,-0.3424386007945608,-0.302986361880693,1.5297095923456638,-0.6808325059542498,1.0578781483433566,-0.7951960539866887,-0.28992528465171463,0.6751820794560566,-0.6240362360850333,-0.29670140939375444,1.900270790327111,-0.442955603187205,-0.8858391082807834,-0.6847557913743025,0.27990298400049013
2,10.0,-0.39217814927581757,-0.3113296470291739,-0.3520930085965507,-0.3084627359767753,-0.3246983953031674,-0.09612070655670372,-0.20058482438811945,-0.3317250451394969,-0.3129889489107962,-0.28198332940601883,-0.3975013063210579,-0.413691907307741,-0.496907664948396,-0.22128095697057082,-0.4596330471605227,-0.4705394818096067,-0.36799745350634927,-0.29377728464737035,-0.24265755813217488,-0.2355074141231164,-0.20629739581860204,-0.21295190221044547,-0.23733117568738193,-0.2043109810102876,-0.27841680542708014,-0.26679222525195595,-0.2944836831702015,-0.3022370316711002,-0.4344494114281334,-0.24804263410856053,-0.35976409325601866,-0.3471681541590453,-0.3862862871998972,-0.23875920245823806,-0.31228901997545705,-0.2629315265794602,-0.22082532153810827,-0.026676412314762706,-0.28947205730224385,-0.1418970333273803,-0.217179318872753,-0.3433589883872404,0.9795173791691306,-0.22499812905042427,-0.43996704621812127,-0.03385203641621414,0.6985056042818357,-0.6919431177696728,-0.2944032583226781,-0.8141046688124604,-0.23606405243555026,0.5296148707642552,-0.5674239422487575,-0.02076227209033843,-0.091273037464075,0.2549366853882909,-0.22971685976582482,-0.33566218636807066,0.7469527460795682,-0.5716952882744822,-0.02470276572233073,-0.04104127681127432,0.1871358937489711,-0.612226302701441,0.1654970980639018,-0.6341127159237544,-0.21380801392694707,-0.1507123136016395,-0.2318901874827514,-0.39581539745673644,-0.21316836625077407,0.2349914927594941
2,20.0,0.12368896497124113,-0.1935325821219809,2.0852646456541977,2.3840753187403974,2.2255117512762896,2.0684224763792556,2.68871871459665,1.6541681079186543,-0.17841126245920025,-0.2150196660471943,0.839241880050253,1.164595271546553,1.7541254657396381,1.4597846285481417,1.8760826155990986,1.6836584708580133,-0.35230506177083304,-0.3056903200879813,-0.22548570893885936,-0.22717478736436691,-0.2005213421513669,-0.2318771137047282,-0.20573712713910303,-0.2179754047075636,-0.24879908610575774,-0.23935943853403416,0.05101424262337637,0.1461993074467022,0.9711364930121974,0.3422234532617675,0.5779703886896185,0.48121717381388696,-0.2901527395660667,-0.3589665119915725,0.9355900264561711,0.7432137745755868,0.5048020413958999,0.7250197312835605,0.6578499711811965,0.7433793013111082,0.4564789903813119,-0.3340913737503773,-0.25340412304090393,-0.2521073530722517,-0.4362609687246197,0.35289173416982395,-0.8042828866363841,-0.2018302858247079,2.8041094164889295,-0.9113928318176061,0.15890884324168705,-0.07377294173869257,-0.3316156975349604,-0.18214214620901747,-0.34677025711049514,-0.15009943451767582,-0.25233741513352065,-0.3197230846991403,-0.32122247522759745,-0.4069872852350865,-0.5629746370847489,0.3557863630776167,-0.8700541231863109,-0.36406586434169996,-0.9020687019540684,-0.4873636717852211,-0.2218164191816689,-0.5462446686762732,-0.3728216920159281,-0.011307201860883466,-1.0292297264628432,-0.008735937870438661
2,30.0,-0.44315929937343523,-0.37925922565714426,-0.5865936096205971,-0.5555622674220637,-0.4356301685074381,-0.593071958264892,-0.5408259591751642,-0.5959050016813191,-0.3258332802090817,-0.2987874172375415,-0.4594469812216462,-0.4841786504889202,-0.47293737501627897,-0.6070041318541759,-0.5686377261533613,-0.591742539712911,-0.4157162059730804,-0.6471667527441213,-0.37367842442956123,-0.3167987435136114,-0.29900870131194446,-0.35123690258712015,-0.3208649436073241,-0.3477945019141461,-0.2788691512816636,-0.2694638027740947,-0.3088790821595248,-0.3207105751853483,-0.3828733766819885,-0.3920617311891234,-0.3906351843084946,-0.3865180019477123,-0.5054463779946267,-0.5453917737807581,-0.6780063665755552,-0.547347804166227,-0.47717896619776,-0.5749846851225349,-0.48219118233519653,-0.6096664110666528,-0.002686897225507511,-0.328897496561954,-0.6394541764770906,0.24642910058044293,0.0584220916360225,0.827546148416733,0.7612837989594087,-0.379082529245563,-0.40163296505430257,-0.9435672976496683,1.1984860165480116,1.468986550925895,0.5976486799050086,0.06713255173512328,-0.4367876378293416,-0.9488593813754249,0.28045262375863605,-0.3110509615859422,-0.634245127855603,-0.3000851926578956,-0.5815840203038568,0.7907952403953162,2.3538449691669183,0.3006068985124689,1.9478189747407033,0.43880157188268626,0.35066635949744557,-0.5573866848402464,-0.8838692957498702,-0.1677205710600968,-0.3879740734028535,0.25373364435301465
2,40.0,-0.34340045350408616,-0.2492754964388217,-0.14137441827863534,-0.12276411884381508,0.8202708625856576,-0.18441891401360688,-0.04617797763133696,-0.3577763362405581,-0.2761566748440136,-0.22724691945253397,-0.08634072422194365,-0.029308247625353792,1.4414284048357877,-0.14211126683220357,0.22118163146957887,-0.12148767360485851,-0.26981728283472717,0.4547839027682158,-0.09533005467511405,-0.15288932453118495,-0.09996180564180873,-0.005751721893692179,-0.1501960706958737,-0.16729760384594314,-0.2669497969765987,-0.2500936267098536,-0.20818503116564863,-0.19631273631199156,0.76391185688315,-0.21055352336744204,-0.08954513487233774,-0.23876607715542553,-0.2709930512808852,0.14740329697166077,0.4865086202860747,0.36658372941520573,1.4575476332723982,0.07150665315741563,0.2314906196890302,0.17960570436615064,-0.33051563637830184,-0.257755320076012,-0.5969691600533878,-0.5196622762858353,-0.6648473530106671,2.6891876223480424,0.9771946064711843,-0.5798559139465451,-0.2887581534297859,-1.2105098412598458,2.5818413768946327,0.5532542662067946,-0.6491046783341847,-0.362318625882204,-0.033023625513057785,-0.8486568029287732,-0.43066844672321797,-0.17490036059364472,-0.6057874020351017,-0.8973071291503565,-0.6284086664422018,2.722500388100845,0.38183259781450235,-0.2482944278493439,0.05008602748947179,-0.45047260694415664,-0.29837630369017526,-0.11979285092484965,-0.069144846148321,-0.6688187677721442,-2.1013853915490865,2.281967758857303
2,50.0,-0.4467115520076606,-0.3957339910748592,-0.6336255121436757,-0.620646541379442,-0.5573118222542296,-0.6078701709572802,-0.6032738322427609,-0.6324874081263673,-0.3287335411315156,-0.30554661944781886,-0.4888277663536532,-0.5283765138316551,-0.6045362613163505,-0.6254365260042137,-0.6349912121112072,-0.6402798173393753,-0.4160550625011369,-0.6574842256284424,-0.37775169826588423,-0.32303689402273494,-0.30604922756405223,-0.3521058618196952,-0.32341544148638984,-0.3509876468162102,-0.28178565416147544,-0.27186182024142946,-0.3359342571673916,-0.35583023430269783,-0.5469905753518536,-0.4110002300883426,-0.46592123838597604,-0.45969520124739677,-0.5068841390479942,-0.5635077191016471,-0.7013728526172739,-0.590295928149024,-0.5207298599043138,-0.5807796554375896,-0.49425018925883424,-0.6255834540598696,0.08730611265639794,-0.3288301166476768,-0.511156046195662,0.0473498765037596,-0.21263323682002522,0.20024518317074758,-0.2954293540774032,0.5176547218837095,-0.16251914675290388,-0.45217446188134947,-0.058387324258462506,-0.2028341446571489,0.3099355414616449,0.5087848671861211,-0.42800787379504285,-0.7140966074256325,0.1514298934597647,-0.3274425806598721,-0.5215998045366774,0.06551116316384259,-0.7518821489566202,0.1399577766369925,0.1406148262959935,0.39690592272703523,0.22748998482817345,0.15372936091184386,0.3368123120782663,-0.5076229871440214,-0.6550975080113535,-0.2994644690857373,0.38724151647469834,-0.2862013593363688
2,60.0,-0.44446804001311974,-0.3933080179532769,-0.6322985707825464,-0.6225699157853604,-0.5319148247449526,-0.604636239717919,-0.592754546736497,-0.6284574089321677,-0.3277198771221892,-0.30452350750965446,-0.48445372624942346,-0.5239922965755013,-0.5728810994161107,-0.6196786111748713,-0.6222781425864748,-0.6189467755140061,-0.41519606274250015,-0.6520864268708337,-0.37335560211779817,-0.32064808835511627,-0.300467846949991,-0.3504219493424044,-0.32025831182278836,-0.34800176938669103,-0.28168653867278054,-0.27238024832170193,-0.3312535426311056,-0.3508678943442288,-0.505723516881532,-0.4069457137589218,-0.4508447549877776,-0.4417545849623711,-0.503965581262503,-0.5576869988843556,-0.6977508828971307,-0.5872290067578131,-0.49744154201158924,-0.5755651118984912,-0.4844280715036987,-0.6118736786144789,-0.49855689442687084,-0.3036182316563052,-0.58295076678336,0.3209662982563884,-0.22139793382005485,0.6893336647108896,-0.22933244619078638,-0.12064471033642955,-0.5894848338013616,-0.8021810348763921,1.2100950336735483,-0.05253525931259503,0.2743884111271584,0.07223918163476636,-0.4139114073251327,-0.8697691999350743,-0.3906341481615416,-0.2841656868772152,-0.5920278480923382,0.326109372540961,-0.7431627714438637,0.6555274807951049,-0.06279980158429861,0.25245559683386054,-0.0255362196735664,0.17576471415377654,-0.044263672636975254,-0.5153516794602848,-0.796002586660121,0.5542713785675227,0.3058551395168916,1.9262263486056634
2,70.0,-0.36231122535375515,-0.061983693723487096,-0.31371143662087775,-0.2688605809158504,-0.45775188579268783,0.5382580602114944,-0.13402080290708296,-0.09331949074166451,-0.30482015602826407,-0.2000399422887823,-0.3353368414921883,-0.3383003669487583,-0.5230835125622925,0.27259539724834053,-0.28681398697500027,-0.26129983563530956,-0.3230709604383463,0.29535161761944684,-0.1668314147151761,-0.186944839038341,-0.18455717916680306,-0.007416722790009326,-0.16289727972682283,-0.1187340328433327,-0.27693480982513463,-0.24484116372709883,-0.2910443063965338,-0.2994150475547577,-0.5197528035030757,-0.08570288125156181,-0.3338160215827276,-0.32457369776319817,-0.35349815925155087,0.24263352209091696,-0.12076029392574697,-0.11583295055655299,-0.2701413933863139,0.7636059523600253,-0.06107716062604518,0.002151210377940571,-0.9155531175044743,-0.3409843217675105,3.2868418742165444,-0.5108254327084389,-0.6006272465880057,-0.6545364120489562,2.7789325826836864,-0.6629293704840032,-1.031964382561677,-0.19890513051114866,-0.6812936117982925,1.3376320845178027,-0.6716633370389882,-0.1759154132386356,-0.0509702757734494,2.7852608506945855,-0.24982309553155166,-0.3454035059983493,3.346651677135408,-0.9845286851325253,-0.2610191026038964,-0.6428244930946105,1.7296630661885182,-0.6403451763159901,2.27054475479044,-0.7700617823208439,-0.2781468926943105,-0.1861505896202595,0.5680695663168347,-1.1344753718438143,-0.36346704812776215,-0.4329162531316751
2,80.0,1.3302395625867405,-0.018652193778002143,0.0996443273817804,-0.2057978825215571,-0.427434758478055,-0.5466174138309676,0.06865831180988084,0.5736447911410042,0.269802017435323,-0.2150141145980344,-0.1317454033179297,-0.2832383695898768,-0.5262205092370756,-0.5647099346895016,-0.16990853745210222,0.11886876054905497,1.1316607078341616,0.9486287081800487,-0.1102502559709261,-0.19474630029700601,-0.2533015717857023,-0.33095105288048077,-0.186459692476326,-0.018268994714372596,-0.0866994440212043,-0.23932975573653897,-0.21048738363723324,-0.22861239209841602,-0.4835957167057894,-0.4025283416234591,-0.2278745814585969,-0.10910465198664779,2.8596592971969663,0.6400439618481362,0.4182623030037107,-0.07892670363128182,-0.3463354532459961,-0.5248360572405526,0.007827526718550807,0.5205513759540754,-1.022212669961586,0.2840744629094499,-0.4571297492253188,-1.0652630910361987,3.066160150891048,-0.8515217796673006,-1.1878507633415476,3.2577543650027416,-0.7282135426344671,0.8073438068171616,-0.7866294370830732,-1.4243729439138568,3.134525175827856,-1.4855358417780684,3.5529815790965285,-0.8491500264215678,-1.3297368923985824,0.20266049414647322,-0.3956867972294038,-1.1360169133294162,0.6701662269492649,-0.7927169286933066,-1.2394456777887932,3.397819227474977,-1.0321523197392084,2.6626290233080927,-1.6600204591690968,2.8633562549532434,-0.7788890783762596,-0.9009109343244629,1.1218107944535425,-0.7593452080221079
2,90.0,-0.44082440482204505,-0.3949852536826661,-0.6227230467663647,-0.6077580857024568,-0.5652348547022579,-0.592714943162078,-0.5908522200113858,-0.6217339808451149,-0.32369997767896636,-0.3052520256887858,-0.4810275223534771,-0.5189484213636602,-0.6133423557452651,-0.616714481324605,-0.620777119309551,-0.618315921869918,-0.4154374068469694,-0.65325900191516,-0.37529647264082483,-0.3208590179406328,-0.30401962264294063,-0.34709262856462997,-0.3194004212336047,-0.34224294824984136,-0.2708569066937606,-0.272475389698763,-0.3220622205161453,-0.3381696474019189,-0.578196466491655,-0.4167004065572242,-0.4217933531766115,-0.4193167610890081,-0.503519518268462,-0.5538952161409957,-0.692918131395156,-0.5804990514565525,-0.5051534402270952,-0.5688477955967037,-0.484173511629565,-0.6025521433367856,0.2890977854835064,-0.16975021119697903,0.0009296202692442885,0.10868239230253665,-0.1681467426149652,-0.8398785932044711,-0.08413722164523484,-0.12857974008953532,0.46055117253968064,-0.5285283325545187,-0.8042036439440557,-0.02380033097143011,-0.32071026674940584,0.12403790247576386,-0.4210558557229217,-0.5921649141471346,0.03533606841081068,-0.13922313123426427,0.12818280575784735,0.0342615723642896,0.039067873633353165,-0.834756750648756,0.22502725083537972,-0.17233509165980226,-0.7665718970424835,-0.4103054316643522,0.016957482599634154,-0.525531789213168,-0.0907266594077976,1.5987297328200927,-0.3586167757395536,0.42661369787531067
2,100.0,-0.4437265302349458,-0.3949379280479966,-0.631232899158993,-0.6171422397470788,-0.5669102919727615,-0.6101933777319234,-0.5924954130217884,-0.5865898986873191,-0.3261496083654907,-0.3061154292061627,-0.487617672322753,-0.5282460135738759,-0.6156183975507618,-0.6295602645538957,-0.639047730200716,-0.6327861562707403,-0.4151870420919917,-0.6558061402413219,-0.37275597533874355,-0.3179881626503456,-0.30687497331145486,-0.3516099705908733,-0.3211815851036783,-0.3429398423372749,-0.2768992567158981,-0.2728787128203554,-0.3335686253638527,-0.3534629929570209,-0.5886222148584775,-0.4213365777525124,-0.46501354280184565,-0.4562534909178754,-0.5043030614745273,-0.5602424362146974,-0.6935990739256258,-0.5813644146763258,-0.5269624818039886,-0.5799900141322653,-0.4968469588960275,-0.5935694469454942,0.09060995241907319,-0.3080992924866474,-0.5220572575373857,0.6510272881538341,1.3324593928811108,-0.8144417908218436,-0.35740593580569396,0.8371695186656045,-0.20923437189692248,1.4843816728613493,-0.745184091405774,-0.5995395339527851,0.842061492020956,0.22187180684672558,-0.40653936528582696,0.46820329793593624,0.20438483039662483,-0.3302063526529981,-0.47757853846740655,1.443781429663967,0.579704447776733,-0.8128127352904604,-0.2764444417608183,-0.027942081816967834,-0.49369417481476774,1.8744734835258225,-0.04277060307809663,-0.4804762184083631,0.00504855312291668,1.4243348516442749,0.6182725646794703,-1.189883495625099
2,110.0,3.2039336612312943,3.515814406258359,1.9532153311053302,1.4196668894539826,0.12742368286052977,0.46178630043905716,0.30458579190540874,0.5568677733264901,3.571387222350687,3.604773385537948,3.2755148565786456,3.062996498366364,0.9115189969046903,2.1999768416764636,1.7621134359110149,2.0162877775338455,0.18573498621388018,1.259918333738778,0.19038248003223915,-0.1729647843550454,-0.27416677852612986,-0.11440788754854798,-0.13610749117281012,-0.17827249167674475,3.610395590816829,3.6139913207296472,3.5898740486764833,3.5745267121427338,2.8485086604706837,3.4769012658842864,3.378044624431761,3.4056026603558656,1.6867872876325851,3.2016873421779,1.327243883929827,0.44662018019849825,-0.16355084171571999,0.22194782985166733,-0.1084028847012974,0.21789097378156663,-1.2105798202830607,3.5702885670816493,0.03686646518353169,-0.7330610326077435,-0.5884961007538448,-0.8453024247452242,-0.1225295276814705,-0.5283198560669132,-1.1323748367951363,0.0576695774622543,-0.7334702511048218,-0.7749299947101391,-0.4592986212981634,-1.8146629700971644,-0.18504889527620952,0.5505159660837996,-0.8948057407247899,3.57908135862197,0.10666458895586454,-0.7844439410667746,-0.7601122762420306,-0.7708418987534674,-0.40857187423707075,-0.5600627277799719,-0.26333959925600303,-0.617424207051466,-1.0346824311903333,-0.20118208729954495,2.985521872026948,-1.2661511116150905,-0.6479690131234429,-0.7598871551318906
2,120.0,-0.41511583253402556,-0.3904715604527372,-0.5986641956462556,-0.5767548060187794,-0.551214133854039,-0.5388624187559864,-0.5578562314873112,-0.48037026568436564,-0.31754128759128053,-0.3047885422863736,-0.4798633176513667,-0.5172043324860622,-0.5973838186703535,-0.5950856148527662,-0.6156181587397147,-0.6048324918077481,-0.3985266903251301,-0.611299890389993,-0.35840337335740724,-0.31166059304821175,-0.29013460107510197,-0.28157185839804505,-0.3122684351848366,-0.3060306811154604,-0.2778229731887499,-0.27257306134919307,-0.3339111516645237,-0.35362197156432407,-0.5634236803107752,-0.4156507746898653,-0.46404467424860385,-0.45765568391241346,-0.4637054999048521,-0.5393241086738056,-0.6589185747185891,-0.5559654151523532,-0.4930045844891195,-0.4736079512668233,-0.471055248433177,-0.5313358565922162,0.29439611849737674,-0.27992249132442715,0.059976602994761055,-0.5853988447898546,-0.6004481660746986,-0.2817341639533123,-0.9425858783385266,-0.7389659175237566,0.3875847818596609,2.2377517655913617,-0.2619264969467162,-0.8947436046216078,-0.8593938323801029,0.31184330471180105,-0.033394333418222996,1.188780687506418,0.07847191347192632,-0.3118539869840987,-0.027928164882649646,-0.39195614404775514,1.7659435346585142,-0.30474501297982787,-1.0469676250931677,-0.6524104979974027,-0.9958049601867934,-0.6212945788712242,0.03675963686591644,-0.04697552635347774,1.2757287965713844,0.6118600479172281,0.3548629879442336,-0.0393188065621542
2,130.0,-0.4457606310065276,-0.3949401187159052,-0.6232857490121367,-0.608427813586999,-0.561212471203895,-0.6072599123492555,-0.6056203019509492,-0.6198587891270654,-0.3269180377537965,-0.30510318695265,-0.48540011335825806,-0.5236252453884496,-0.6119976150304374,-0.6279311173959611,-0.6435469298075019,-0.6339436596609975,-0.413882596624527,-0.6468496965945152,-0.3727050053722074,-0.3165536616821412,-0.3040421528431077,-0.35003642165779186,-0.32312100354709083,-0.3425835135941372,-0.2797184268794326,-0.2717657972640458,-0.3352212064423206,-0.3551596449263475,-0.5828077781509818,-0.42097692199352077,-0.47561610216730243,-0.4595227635604524,-0.5009283179487718,-0.5613814616425117,-0.6964456974807555,-0.5818200727095298,-0.5235313306965504,-0.5786527435549526,-0.49885001633881093,-0.6117405086122352,0.26949663997245504,-0.25909712716302036,-0.5203337079061722,-0.13760303154392528,0.5130612198145557,-0.6492213229242544,-0.792173850424255,-0.19173328262992748,0.39773379371210066,1.0420667409471003,-0.6648983544355485,-0.23926762238931207,-0.48138367622831574,0.4009125435353436,-0.37149648269666563,-0.26709894367014364,0.03820118528882861,-0.28461755243710996,-0.4901924118540659,-0.16674711898847644,2.540820264203447,-0.6601979749430792,-0.8289068027060618,-0.33555713767495365,0.003383287368111919,-0.07050634524005946,0.2651957947163934,-0.4019900094042838,-0.5323659009774538,-0.31042947965211654,2.0796537816464857,-0.9157564517508282
2,140.0,-0.4349627426722201,-0.3934443917659233,-0.5986082051775539,-0.5025121080687579,-0.5437290815017171,-0.5560719970251993,-0.5722392919926418,-0.5828037912226102,-0.3229021633481346,-0.3046164254214798,-0.4603186529080956,-0.4439205712266496,-0.5862614711296207,-0.5723932608742524,-0.5875987724553505,-0.565684730038801,-0.4132834058782286,-0.6162477718871968,-0.31477261074555085,-0.20969917301364785,-0.27885361775710327,-0.30031609704620327,-0.2862833028713243,-0.3102862596646341,-0.2709325544450727,-0.2719740666915478,-0.30555015326751506,-0.2929448535016174,-0.5486784471253447,-0.39960976868396,-0.41913357681264696,-0.38935723050330723,-0.5010845899761044,-0.5433074401358459,-0.5930053867626836,-0.3300621034945494,-0.47245207645651427,-0.47832956096310425,-0.42759473478379334,-0.5407805366572962,3.1024490688796793,-0.26511653354115206,-0.06958856153117061,3.2241122707347034,-0.5543979369258721,-0.8115661351615504,0.19456651039540923,-0.2674948519730403,1.310527268071366,0.16696773624109923,-0.7956138064467996,1.855136253872955,-0.4929828706874441,2.746528966527586,-0.4191578028543236,0.3037070252479598,3.268642283240853,-0.2750538618831769,0.04080311413285079,2.240394567804047,-0.6010234524675132,-0.8625083261344545,0.5102677962929262,-0.4446230527590563,-0.8608343340699656,-0.6198205778961094,3.084194619203691,-0.5242096403339396,0.019394569978976733,1.851736402002748,0.9188694013153079,-1.0113912590207097
3,0.0,3.1438084796532175,3.388702783368806,3.218244275585348,3.246228030923434,3.540387772464462,3.3845948975616835,3.024112971937442,3.530075116714942,3.3225548839524,3.473490431810998,3.3751140804996993,3.391543334104839,3.5350615577898914,3.4857179294317864,2.9630296901089386,3.5435101184169735,3.340218527906013,3.3659027042622056,3.602066167139082,3.6080451336149424,3.6127629790932443,3.3547089157375596,2.929000000428232,3.5520519885906494,3.4704439870747406,3.5090539049838387,3.4207760703999996,3.4304513799393352,3.524844541232441,3.519051025881477,3.0557213072957494,3.5429794468403517,2.6720371179062212,3.451777933039416,3.5049188376574,3.5340427505898417,3.60190129185435,3.4771503104155888,2.444576190514979,3.5683146906388252,-0.22323477889068694,1.3979530459805083,-1.9324253354446776,3.2790864484752724,3.5344003047759394,2.2109743091449485,0.4341406140289903,-1.5376599236288198,-0.8865465585999487,3.1437910944638494,2.6152248301672625,-0.8445003912274596,-2.1286424514535716,0.09373421599053582,-0.8772572558683321,-1.2474448020042206,0.37954567169615844,-1.040888944099478,-1.6399250323445833,3.5841560947205147,3.5375386636029567,2.1528795468852278,0.45132755472291314,-2.5003895415081154,0.4955042586657073,-2.2396361599845913,-0.165903171860534,-0.3257683343667735,-1.2459268907349499,-0.8388572179097941,3.0828540980028962,2.7270844816265956
3,10.0,-0.5091095917426222,-0.2658054901457874,-0.514356763278476,-0.46198194972700174,-0.39160798931640484,-0.289564148950579,-0.2740262553305882,-0.04162903891738667,-0.22050512692924154,-0.021602716607993594,-0.040061381139786904,-0.04341231690567467,-0.3181902307969845,0.087544050253569,0.40194532683774026,0.13805517753307434,-0.12460610793361661,0.05332147421123454,-0.22815573961343702,-0.23746262204312762,-0.2791338041497905,0.0968823248865648,0.2010844104911506,-0.038823566461868325,-0.17926040989381073,-0.07935072423281175,-0.0036507957223976067,-0.006527900619880923,-0.2880845802197154,0.14669604806988748,0.4044272794453614,0.0940033931496552,-0.3812687842069039,-0.3711691779179328,-0.37728708721775617,-0.3547044381688878,-0.3216896745211075,-0.31863813780127564,-0.30152208175254086,-0.2015339924075874,-0.44250033594075017,0.008766456163300127,1.2174996293349098,-0.49588989802745786,0.09678898555483727,-0.4163309380411724,-0.4445411488876965,0.8117774531511532,-1.3633911146440993,0.8702000390985778,-0.4806861145815575,-0.22953850583482846,-0.11824755013538296,-0.056184665578777424,-0.8469848580579186,0.7812188366020569,0.587769755540921,-0.7940542449990458,0.925106259764187,-0.3802714761824748,0.09284272668554887,-0.4131983296554993,-0.428019447673093,0.3635925446299124,0.828043749574038,0.21401180530875713,-0.15697508324502105,-0.6650954929881558,0.8662081975491356,0.23243121917527462,-0.08631004368065384,-0.6081820739512424
3,20.0,-0.5156407883860717,-0.4638984270830991,-0.5240268080318253,-0.49814946914352015,-0.4079841405246147,-0.5517233640119892,-0.4938161826390429,-0.32829880495656005,-0.5250248472220413,-0.5419709492114554,-0.6303122832401227,-0.6415603330265051,-0.3763983987938426,-0.5492213435134685,-0.6786456211667246,-0.35415922417496754,-0.30745584943501514,-0.043359153231733394,-0.21507679681485212,-0.22077443863486,-0.2799142235717167,-0.07766147613865906,0.11283753403221365,-0.0809414427924278,-0.12180012880763202,-0.15629089536342927,-0.26061065019233925,-0.210712183477591,-0.34867540336724484,-0.2032338088442911,0.01811366154794961,-0.16131284092529113,-0.3965035575904087,-0.20896646966667412,-0.27927789501602435,-0.2487035019499505,-0.32117740287473495,-0.24878107002486863,-0.05788650750975128,-0.12914910185631923,0.13235230395279804,-0.6850863193679642,0.7854408919129601,-0.011167919892223176,0.05892344494322569,-0.5336386796954583,0.186131420666113,1.0006528532656758,-0.15233131703965871,-0.03729715870137826,-0.5247825860755467,0.14073245290728806,0.5752782880633887,0.5318282387495025,-0.5006522525499616,0.9250746056874958,0.19954849224369844,-0.6910140962071264,0.8766413594332594,-0.2389014662041001,0.051198286502477805,-0.5385380489167662,0.18628519216951483,0.6180846236123049,-0.18590074037256632,1.711914177461202,-0.29456310171320027,0.29837189170655837,0.7659426376318014,-0.6767298378668947,-0.4001418374680629,-0.6330167100685099
3,30.0,-0.5373645346856164,-0.2623489990191037,-0.6759999588916412,-0.662712539266892,-0.41010394291844016,-0.48452945465578373,-0.5662339603021034,-0.31686588271290483,-0.6387963503649245,-0.6100851344408896,-0.7964745042097903,-0.7942903367364021,-0.3841202042063233,-0.6605509607155806,-0.9535525211729489,-0.45482738515980703,-0.22790302378980454,-0.2021901937374479,-0.2607747459070947,-0.2542362037894306,-0.28048487786403686,-0.25248843273764665,-0.16852056690133846,-0.17801493788969272,-0.5085803655948272,-0.4868864208891464,-0.6915999095924512,-0.6566135793094298,-0.3886759843281797,-0.49815603501943306,-0.6704505091671756,-0.4478059330066429,-0.3295256875078119,-0.49226249695636787,-0.4457974690995062,-0.400303931396021,-0.3250341452921323,-0.484556126822678,-0.5342738621090132,-0.3011679614256554,-1.744675098265488,-1.0498959220093924,0.7688499722732131,-0.4444516345125976,0.04254469899730056,-0.4922884444253953,-0.9575741983890683,1.0262705767737654,-2.2846643069167905,0.22399882779125513,-0.48938097896552246,-0.3146211078139502,0.5404149708569497,0.5935068244208721,0.7660165022864773,0.6565105109281302,-0.07430312836340222,-1.153645406108664,0.6641475898365928,-0.3056122245099771,0.03527292359530122,-0.4999776031744944,-0.9621698844807564,0.943421067727666,1.0149284744477916,0.3440951297262404,0.32661233797665246,1.5735170986065732,0.5843555184058787,-1.468464973028978,-0.2787531217403385,-0.6228621176543174
3,40.0,0.2687954793890258,-0.6118306542503057,-0.695156835478774,-0.5858271514309839,0.052016727002767826,-0.4596213214116063,-0.6695168522356835,-0.3354472304124651,-0.13261135622897255,-0.319992777402683,-0.35083094087456623,-0.2146113669972293,-0.2697846489252625,-0.3327782322619212,-0.4151665947310655,-0.21111355405316679,0.3212269936049327,0.5278246633489683,-0.08607348312108988,-0.12356999369484183,-0.21287364997502783,0.4950575631464283,0.8484221360744953,0.14853443703333807,-0.40858524682024827,-0.43107176614647885,-0.5692246657926097,-0.3991813765391452,-0.2654735884701208,-0.3876100506306734,-0.6564707925802082,-0.3315239948925542,0.9270562607472781,-0.01746327620765576,-0.03340719425856113,-0.033391997457576574,-0.19181947054148887,0.10080350177452964,0.8220460967327282,-0.06897352236867857,1.3075423470478171,1.8946948478272247,-0.5575418079832828,-0.439183342246452,0.022202959549058935,0.0711604370667647,-1.425916905849296,-0.6275020605615704,-0.17680722531544382,0.4308724320963268,-0.22990226828913068,-0.47866381486102855,0.10919756638416431,3.001789726519352,2.834293911919631,-0.9061263444645953,1.6895504825124206,0.818990141425452,-0.7331912105635391,-0.2065770651966031,0.01779683968755267,-0.04261250421299484,-1.4283650602939053,0.7353756524967812,-2.46980263411597,-0.5877936857822256,3.048486875674934,1.8264748224504241,-0.9513200972711721,-0.8528402665032834,0.6821612416286424,-0.027581224345242277
3,50.0,0.07006128218202212,-0.16872637316901087,-0.13260642401210276,-0.07041673830402725,0.2744184009123723,-0.09695575251827372,-0.07180800004781679,-0.13196321224507254,0.05481219913603644,-0.0741386700072434,0.0354652776401836,-0.01600167922542352,0.45941886379647817,-0.028614070001377022,0.3413734659573326,-0.13241943239585405,-0.3368782862477175,-0.5941603283402369,-0.3208762166678929,-0.303675877221848,-0.21446194935043658,-0.4457734421217544,-0.4769802633022527,-0.3327789894319982,0.046869439213398284,-0.26783015300126045,-0.11942126574546537,-0.17510304865387316,0.5124541587426787,-0.17677223630840938,-0.0023522389712020246,-0.22087174640844873,-0.5213776664636126,-0.39953103553791475,-0.3437616155332318,-0.3088562362124526,-0.09491928548874541,-0.33351058667921896,-0.8845150123756804,-0.19689023968809122,0.6539712679142293,0.47487319193203276,-1.9741136699845299,-0.5405885590167316,-0.23726497517194392,2.5756863226130746,-0.05355359046310946,-1.3571188443955342,0.12946983144422308,0.015197360623658457,2.0907700487239613,-0.6392211128112946,0.49943328920579017,-0.6217702086937387,-0.584992993246322,-1.1593522137833092,0.6319256244943022,0.2086431372728838,-1.6431839736458513,-0.16735193346015287,-0.23995379072940864,2.6333232535089603,-0.049125590217644344,-1.4342528014001574,-0.8530541488213633,-0.22815143208141372,-0.9182539678066138,-0.6565990859668047,-1.1229164873949475,0.9991031371259841,-0.6360387284285196,1.1176935164321715
3,60.0,-0.6555480686542269,-0.4312551466316611,-0.36895579018650204,-0.37405645616961586,-0.3861335823841523,-0.3981811747358843,-0.35102459212713044,-0.2518048890478281,-0.5484286843754439,-0.37034134123683005,-0.3414235390833604,-0.32376659078534364,-0.34842595282981653,-0.42690749188594396,-0.3737200153960979,-0.32914476621343786,-0.6355260871206173,-0.7205659846886026,-0.3527527216610683,-0.3234976198765924,-0.2839049543113083,-0.7253908860671672,-0.8745059415144507,-0.4520165014835356,-0.4877637710241802,-0.4565687880162109,-0.4023169132870092,-0.43327269369386195,-0.3731118628787984,-0.43591946869249426,-0.5131330225230264,-0.4126753387273636,-0.8718169130803957,-0.6422709283355384,-0.5120796216457268,-0.46475909990816694,-0.3275272071373211,-0.6000878810757148,-0.8962804213445313,-0.4332307375685283,0.2974400572553381,-1.0797630233187154,0.03500412154798621,0.23771852266754942,-0.29454132919123693,-0.5619937153417542,0.8385727334611676,0.7866018873673433,0.6518854788650889,0.035142527437996444,-0.5072239060869066,0.4434052067056104,0.8892456309059388,-0.5473056121725981,-0.90561866891837,0.5542155181265124,-0.15204409733448582,-1.064016853785642,0.23563421722454822,-0.2077275383226838,-0.29808221283987796,-0.5483126536676245,0.8577133477034479,0.5485843194971539,0.792362193796041,0.7865840401171921,0.3568440865297509,-1.2727607611528744,0.5199725238054312,0.8409368675444869,-0.5454189063998152,-0.6253451518075492
3,70.0,0.8731699394346624,0.41553982400671635,0.6267419277901808,0.5481827094654352,-0.3400447879181148,0.3930891623904359,0.9516470793035453,0.10347241167618727,0.8823258990472376,0.0928379407391927,0.30706266153596207,0.24945143210113044,-0.30896200432978654,0.07100737651163395,0.686602321620534,0.060911116959356026,0.7777168816109934,0.3124416923063392,-0.11364650457225273,-0.16774179731184768,-0.27829569452857045,0.4197111495766937,0.8927871736521665,-0.06953953229159342,0.527658028178804,0.26599972219058915,0.45793392189291254,0.4028045764750006,-0.2940987611034733,0.20046473566020842,1.0307994552547743,0.1032080246937631,1.5292494973637243,0.3482061390826135,0.19292697737243944,0.10215484360244712,-0.3104715816802872,0.3351407380944296,1.4049024743425627,0.02164350897794195,-0.013084714227722982,0.5769351813217128,0.4805429867946002,-0.8520893546831092,-0.5273302924997776,-0.5660323743537151,-1.3569621291811065,1.1777442485611733,0.33345011334986335,-0.524945536842267,-0.5245539830908895,-0.9488190383528279,0.5717316054285028,-0.3546696064838557,1.243859284185574,1.1669904953416845,-0.3247116891971643,1.0378988142963257,0.649195000137433,-0.14078484036948088,-0.52579692148943,-0.5557307945585943,-1.357738821650339,0.7685306995586985,-0.8384738420445467,0.596411935780937,-0.8841551200334301,1.5712191861575069,1.1598318025364498,0.35664406247458486,-0.8742947955878697,-0.6360673446367705
3,80.0,0.3890401274109668,0.5982620581771733,0.6511482049404437,0.6726555434929933,-0.19119886642222014,0.5316728629422758,0.8771904042939616,0.12709537161702525,0.14124336439123178,0.34950386835719427,0.38044866128063604,0.33641158299257307,-0.17754689034936932,0.20056867918518312,0.6790172046520779,-0.07881439391959899,-0.07387816365238666,-0.528468075891815,-0.3029044955210699,-0.2908427153751251,-0.2553738931353035,-0.5315427891165945,-0.5244719047993123,-0.3804830024507952,-0.14377729619877533,-0.002574679713999798,-0.144740154288832,-0.22584337646072652,-0.16282862118820748,-0.24178205212029286,-0.1777254946243768,-0.21843633622383277,0.0205371519788071,0.01409064812274114,-0.10267114047523622,-0.1351916325208963,-0.18226069671816775,-0.10443783300554874,0.1673247456111182,-0.14006370870650248,0.14839650472352098,-0.8010490787840022,-0.2454272909602952,-0.8546205781960146,-0.4219838805027227,0.15241211138739436,-0.3197260733753308,-0.8725801128554476,-0.25094572673543525,-0.39683178415341147,-0.20370914429867487,-0.9506630327773193,1.1303808229244041,-0.9105536605457635,0.3465149766284845,-0.9996849607076044,0.2973489656889817,-0.47654522728999715,-0.6095559232980602,-0.14109547956447552,-0.4243211611236048,0.19388763745455795,-0.32958077371347794,0.3387893488631726,0.529228635242622,-0.2043135810689151,-0.6898044855608257,-0.042940707934029286,-0.9824097867268257,-0.8907670922693917,-0.2497785756467208,0.13714682481775428
3,90.0,-0.28255526767576705,-0.2026705813635005,0.04251003794624098,0.05009873092774611,-0.21233129015028943,-0.16322745478449974,0.0656811039312781,-0.1097377292957104,-0.21774646088178737,-0.03741231557095922,0.13477338906860983,0.14973408993784676,-0.23091739734938013,-0.0906902823907216,0.389772307405047,-0.1345224551232651,-0.3378432363491055,0.04351134578916872,-0.1661429928708274,-0.20387928954399556,-0.26580679227186965,-0.0853083566621607,0.1989132737469708,-0.19634945617508587,-0.22931245197875066,0.03364154558662484,0.21041527108136296,0.2385056210630133,-0.2687762198313402,-0.024344086046180068,0.49465622165976214,-0.09887897943775575,-0.047851750724548954,0.10061299969653335,0.13073147513898628,0.05731103342311515,-0.26360937388132744,0.06159459487309404,0.6818656323361758,-0.09949088796666626,0.8321958510954547,-0.6508304677176,-0.4800935868124339,0.40079227960602276,-0.41172213554832865,-0.44785633480850795,0.03679096248461755,-0.10108794883594245,1.2626047488697267,-0.13140765358143183,-0.27479299928954354,0.3944458064013889,1.0021753066036556,0.21162246421306039,-0.11773891249609876,-0.5532253941045837,0.12500305217796956,-0.5852895232672873,-0.642193435677703,-0.10637419845641816,-0.41375334457371665,-0.44991172496009835,0.029047686987659485,0.6399095749192716,0.06093537600648453,0.8312978154526236,0.0925542803343013,-0.6544271350857537,-0.5620356731897589,0.5713403962764253,-0.8996279423147809,-0.42211296180421326
3,100.0,-0.5704669400402134,-0.4107960227152361,-0.3121842798460724,-0.2889122708061112,-0.37065862861509147,-0.38089108376858305,-0.292360946546589,-0.40311997349340345,-0.5539278514140429,-0.541337865746516,-0.508779314772487,-0.4815425275003355,-0.367903203118996,-0.3782976453652514,-0.6282634327844658,-0.4696847823034829,-0.45991508365125766,-0.43988836822235855,-0.30965055012858794,-0.29537315181578555,-0.28316414391615546,-0.45428472760212485,-0.5360668215932989,-0.35282516159872057,-0.3958120121748766,-0.5257040394762464,-0.48459151252774946,-0.4856089364148909,-0.3644283716650341,-0.5129876106233288,-0.6483406979966978,-0.42248213305158927,-0.6154296789039221,-0.4642829985814013,-0.47576877646827914,-0.43393918394518677,-0.32573827986402254,-0.5005842848976163,-0.6465749557044826,-0.40498333014879656,0.7070116005575608,-1.19393333654104,1.1385017015197731,-0.21665343547265117,-0.25763629630008417,-0.4779677339606307,0.0945144765443944,0.8987534715567942,0.8534677286076168,-0.8198348370538587,-0.544167834505772,0.044076072713100455,0.1983159040026583,-0.14519455366162362,-0.1871179841888803,0.6955029322780268,0.2120050000617544,-0.4184596079079609,1.2819572588906456,-0.3206299980115651,-0.2584974895649302,-0.4720960960504389,0.08751748997919072,0.63074598469043,0.3851881519395607,0.9529964779883685,0.7730421878778857,0.27868623150907346,1.0896536368399081,0.9665036195659955,-0.14666437719462452,-0.6179483060416999
3,110.0,-0.757454947873737,-0.5747352078782618,-0.551767363442229,-0.5570790920762476,-0.4162723604284179,-0.5576154590463658,-0.6607164126184161,-0.5088420986967489,-0.5205578006058638,-0.4167116006539426,-0.3772107447338722,-0.3777323054274636,-0.3624745617887185,-0.40397027981320843,-0.4653778982737324,-0.3761351295243684,-0.5458157413414186,-0.5097026379719825,-0.3018467772346179,-0.2893275049301488,-0.2826125821864906,-0.4469614451182536,-0.5695284393072492,-0.38911670428396666,-0.49279552849440234,-0.49651214917744185,-0.42724755304379064,-0.48837720588496897,-0.3657782087717426,-0.40478318623682763,-0.5754603060695875,-0.41337057049333326,-0.6775049240934236,-0.4402037954515915,-0.3465398536310924,-0.32924271463198684,-0.32367531582128956,-0.322630528743503,-0.4596164136662803,-0.3915173129087854,0.1985463211295629,-0.1856477930706579,0.519907796585949,0.2721828932650466,-0.41241581221319507,-0.5024002202286757,0.5741437900510251,0.675419782275178,0.6731050060573645,-0.7596908393201988,-0.5532350793381333,0.3656398881376664,-0.09022490403356093,-1.0191841516632372,-0.3899861434988668,1.0308114474198429,-0.28284033870834796,0.6348958272998018,0.8648550609097196,-0.16429399886825644,-0.4095850156454479,-0.4777252863809573,0.5680188993324039,-0.11662134966217584,0.5469292371026349,0.5304200429012589,-0.04047650180467774,-0.7251534811105138,0.8414252856259252,1.1240053777697012,-0.3476303230028345,-0.6320105585516799
3,120.0,-0.5133942001134082,-0.5580620638231125,-0.597799785114094,-0.5605981412632826,-0.07791210609833236,-0.4878472992137663,-0.8019391878008914,-0.5380577603182481,-0.331294147962764,-0.4940858231778793,-0.5297775723916712,-0.5306202847161537,-0.18184537358433023,-0.32670602985603303,-0.7034678363487997,-0.4544077458210724,-0.5027381318348269,-0.39394126487264913,-0.2841681894119246,-0.27999041908324146,-0.17682833266251374,-0.2569408459059688,-0.3823324492038841,-0.31889436544205974,-0.35799673955301375,-0.4647452465459399,-0.3865425469368988,-0.45593781400967426,-0.29782173419620134,-0.27874299905199346,-0.5006126291036869,-0.4038888693940956,-0.6784339970898158,-0.5092118259887046,-0.44306607820565047,-0.4141139947329701,-0.11559242127375405,-0.4032894278528718,-0.8593889203087581,-0.38576920140898713,0.4287977965024743,1.5432931476675382,-0.7903871529585971,0.18415102335353364,-0.304478458158577,-0.17880401282946493,0.20092112144842209,-1.3260523952548295,0.12058494859649996,-0.6329705619390368,0.5479576858912755,0.37724782733681345,-0.5273585138178261,-1.0742556201196551,-0.42648536614754645,-1.1621421075500036,0.36182917107536344,2.2479383829186337,-1.1714739589057923,-0.21470721207071938,-0.3005460615384762,-0.14025718895389414,0.19872549654449317,-0.9783377340023263,-0.6948618014813158,-1.2142791056196653,0.0040684402569141215,-0.10035446701857083,-1.1466269821995654,1.0818006586955191,-0.5193281245458494,1.416207576431915
3,130.0,0.3265459454121732,-0.015557232219261408,0.374370786852178,0.27377133873369824,-0.23899683308479394,0.1598779007222871,0.14242737227238378,-0.2109450786550116,-0.11108017157664328,-0.06903042686282121,-0.029876855486616654,-0.03522335467877274,-0.2867536619885502,-0.06430002894338487,-0.23658816799153554,-0.22202471777209898,-0.14269914963889527,-0.20309950669884932,-0.27439510024921876,-0.25544691261650665,-0.234427035575508,-0.25814699664512736,-0.38069343851038717,-0.34242509414879013,-0.13018763034617642,-0.07113891741904843,0.040036696741469764,0.10917112945971015,-0.22296520558568708,-0.14658465130526455,-0.29700551645327633,-0.0627365254609526,0.2855982312843474,0.14747166618648277,0.07970826415845994,0.020878671248172026,-0.16729836444392007,-0.038588156725644904,0.32143386043481775,-0.274756073846803,0.345856884200488,-0.4580416604637612,0.2737073270900495,-0.6812859054316086,-0.41953413153678426,-0.2549420229942423,-0.5150503423438261,-0.8828424776250112,1.565058056134035,-0.6143609936228057,-0.37712064667489087,-0.4904761679071178,-0.510539119511973,0.5947263189080874,0.2516191294111161,-1.0062168769396276,-0.5885395684472949,0.11845256778112687,-0.0482615210201421,-0.37639218361022486,-0.4143090525338891,-0.2731335927846549,-0.5216812335201994,0.3561555912889251,-0.9359772969180821,-0.7968914545811205,-0.19103131973444154,0.27697985872284,-1.0215555418132045,0.40353689157113626,0.9917536624183978,0.038090468517303126
3,140.0,-0.7298869143104081,-0.4368184672543557,-0.5401612248326769,-0.7312025453556302,-0.42357837251872826,-0.5990783105193515,-0.8796165420903497,-0.5839312012568132,-0.6009635489651782,-0.41912261998816935,-0.6281169340928163,-0.6683793431370889,-0.3811578935250095,-0.5828016706352813,-1.0069582287163006,-0.5252228264482837,-0.7439035421272712,-0.6676263662622434,-0.3856018533651455,-0.3622265876775895,-0.28548104559451576,-0.8318605552317898,-1.2699447032930522,-0.5683776711734535,-0.5890998735802491,-0.3700213927790365,-0.6392159929862015,-0.643754591873014,-0.3965801583693748,-0.5552956247323867,-0.9621667177143651,-0.5462075966619087,-0.9147652996195357,-0.5167973814840071,-0.5486288227762216,-0.591180567939481,-0.3310880723160508,-0.6195851115286969,-1.2020908252013445,-0.5624321293153676,-2.6286160070545797,0.20773173038082318,0.7605344170843742,0.16199946011142338,-0.46795308269771074,-0.5779787035331676,2.7081092698047025,0.32762349020607395,-0.4749396626730523,-0.8018629162972708,-0.5443970235859312,3.130955917383955,-2.141160845423133,-0.2980897098821771,-0.605469369458984,1.2238683531701955,-3.0620873934408843,1.1570950326709701,0.9902483092592894,-0.6134364798933811,-0.4498043900350519,-0.5685966145327284,2.698045144109785,-0.9135879807115497,1.3249503869789747,-0.6966660056186538,-1.2604454568916696,-1.3821496235294979,1.2054018569358924,-1.848642842620769,0.2272177739601322,-0.611096418964515
4,0.0,2.3375770994428153,2.592523914577282,3.0422358531877007,3.248081768757406,3.157574531943892,3.157574531943892,3.2732197889791164,3.4821253422371563,1.7515759858303814,1.4442402028763808,1.308416960571825,3.145343797130942,3.3659016903818655,3.3659016903818655,3.1460007801187366,3.2830886562682893,3.614751277554795,3.614150790665196,3.6147821573450627,3.614783288983405,3.61478445537861,3.61478445537861,3.6147843213728743,3.61478443125787,2.7823297986092372,2.153600909765056,2.4340687129220915,3.4684865467914023,3.4181800351039326,3.4181800351039326,3.2273430267855523,3.4550607425359927,3.611491211536718,3.5045805854017056,3.61470607486378,3.6147342809786376,3.6147844047334887,3.6147844047334887,3.6147738126934477,3.6147828215999884,-0.5121404588942154,-0.972553071540224,-1.2113026734839838,0.9572744783260605,-2.1431231641858197,1.0020902301947958,-0.5314056811893156,-2.812659506249188,-1.5096491270906773,0.6250649888431378,-1.1947777845452616,-1.12987033112204,-2.8494530499804087,2.819921590615384,1.2151980858499063,,0.953115960463162,-1.1105116392506937,,1.7099817476645793,3.2843569193954387,-0.36002262575217486,-1.322083271784815,-2.812659506249188,2.017440404309442,0.15997994078098685,2.9959106190433524,3.607140401092871,,-0.9761793178324876,2.300185014637627,3.5664980620498556
4,10.0,-0.4730859283654072,-0.36678830593085804,-0.3516295460374313,-0.47210877013225133,-0.4241768175347255,-0.4241768175347255,0.15006966057881593,-0.14898349288882895,-0.3303868547643094,-0.23590769090927474,-0.8188934101864906,-0.5867204647972244,0.13444858740740012,0.13444858740740012,0.7359446716118333,0.9077156868144187,-0.2595881407673813,-0.25864427948370133,-0.2584275354201898,-0.2586085926271535,-0.2582162865242786,-0.2582162865242786,-0.2584188544370629,-0.2582283988247186,0.227763729337262,0.12932473062397346,-0.024158647828761277,0.20788555511142262,0.26124638418253143,0.26124638418253143,0.8879327479370274,0.5001068417143738,-0.2711052118891378,-0.2927650964976151,-0.26019589794621606,-0.26089942749871287,-0.2583227876806935,-0.2583227876806935,-0.25920249636960047,-0.2583479913799111,-0.34574741456837454,-0.7113572212417902,1.6779082950954023,-1.0723139765642957,1.3502567205994143,0.3734695873726199,-0.7375889640910759,0.6300234305579339,-0.13595171272093423,-0.9628671508427024,1.7682201728588862,2.4179781738074078,-0.14678485303510447,0.41358622906991277,-0.48243730427082715,,-0.5000756599931754,-0.5044998528166087,,-1.0009582084766409,0.6828362384000405,-0.0475197376150831,2.051078302366877,0.6300234305579339,1.483602659993291,1.7174841474283011,-0.5146480022915807,-0.2888287863326496,,-0.7081537548935077,0.7437646354876896,-0.29512790027788155
4,20.0,-0.3630796228136415,-0.32448583158852773,0.28449525874979825,-0.19007299027259697,-0.40326426601127335,-0.40326426601127335,-0.10695597589654249,-0.10561894682940265,-0.3879833366367471,-0.2731743005134629,-1.2757566621961933,-0.6401153124260422,-0.3773747052743564,-0.3773747052743564,0.3171787031264231,0.1712480196110181,-0.2588242527322799,-0.25438975856216506,-0.2555693517695798,-0.2578989046393255,-0.25817702676543786,-0.25817702676543786,-0.25783614604683125,-0.25806312659528197,0.47527204668961887,-0.04501740359479231,-1.3476800519645435,-0.26193284541771816,-0.0195789663660791,-0.0195789663660791,0.02860958234407039,0.08331963927319683,-0.26513807338609,-0.24946415150442097,-0.24164062808107492,-0.25534004004831035,-0.25802361757223513,-0.25802361757223513,-0.25523484719158746,-0.25735163111644277,-0.1955866614961138,-0.6776368328123821,1.0445056109942004,-0.10310655044646735,0.4766965738795511,1.217323215510698,0.10441044777309172,0.6925080015395085,0.1721657659164532,-0.14000238149421607,1.0555499050447754,1.4947549173787,0.7938524560200615,0.6549884032428511,-0.45576400646491805,,-0.4045471837401673,-0.6913447989562574,,-0.4836892683109541,-0.2751600873468159,0.6216337781216849,1.9100524079378705,0.6925080015395085,0.470287150012083,0.7784817776324507,-0.47570497989332816,-0.28364198368092364,,-0.7909014662778098,0.8769139678084181,-0.38052998298236457
4,30.0,-0.32396511300999703,-0.33898082374579125,-0.6005039097725013,-0.4628792859496745,-0.46094098194961386,-0.46094098194961386,-0.3384341883173549,0.06820454873878769,-0.18598026208247098,-0.32663015446031285,0.6391386530689124,-0.3156626759807303,-0.019608659857844914,-0.019608659857844914,0.28633171844130884,0.31973618413658195,-0.2595722491951811,-0.2630316758461497,-0.2589818790652815,-0.258641325443002,-0.258218737461212,-0.258218737461212,-0.2583603034700452,-0.25820994482764054,-0.07398375138418861,-0.15149684143222977,-0.29948703524230336,-0.25806863746886705,0.279127837470708,0.279127837470708,-0.03557966613948574,0.2153302872222513,-0.2700860816306272,-0.31015247173008686,-0.26256794543858875,-0.26141518584682805,-0.2583772160958198,-0.2583772160958198,-0.25978574443403724,-0.25856569208764485,-0.3163702905575896,-0.28817258888148545,0.4413456591092838,-0.9358066683553092,1.679236701460991,1.3503482149627408,-0.7726203613300547,0.7613638206607073,-0.7703711762123715,1.6201166850093942,0.41212454675510024,0.528684167646792,0.5511616409308545,-0.21735101369070733,-0.47490322194413165,,-0.19539436392188858,-0.6141387433524648,,-0.8693517525881159,0.49479587631553856,1.473775453548458,0.5885575383751901,0.7613638206607073,-0.13472340478342765,0.21526775035011433,-0.49297925485791544,-0.2875892595194105,,-0.5384121976393715,1.5308341178598563,-0.3085304021755362
4,40.0,-0.38403035469093666,-0.4126321177925704,-0.3767592458443223,-0.5200047596541577,-0.270710099358735,-0.270710099358735,0.3156255425160941,-0.026171655896315118,-0.0988402068135913,-0.2935570635829171,-0.4727586395466723,-0.13062085656851044,-0.3997882248800948,-0.3997882248800948,0.6532043606995641,-0.035931342617531344,-0.25999006622677734,-0.26539655043575056,-0.259251628343571,-0.2588366186350831,-0.258217302846112,-0.258217302846112,-0.25838671706081495,-0.2583144879167726,-0.04376967260491059,-0.2434057846167453,0.07169945835658768,-0.16296300886469536,0.030894378449246265,0.030894378449246265,0.48529462126478823,-0.10901029949653428,-0.27417828322719673,-0.3327806021564428,-0.2628907880932354,-0.26168676137336244,-0.2582552395957812,-0.2582552395957812,-0.2586739396749756,-0.2589870040043874,-0.28562735679760753,-0.5366944516762324,-0.5644500539003392,-0.384400408959738,-0.7711700017465738,0.3305992668906992,-0.8588073619124498,0.36883813660844916,0.8514341473386399,-0.9242213078515227,-0.5913026930486069,0.5416898281749488,0.19774015184351426,-0.27267230805162573,-0.47616160850194333,,-0.5982137549669327,-0.3128690146197492,,-0.5682988729614128,-0.8080714989914201,0.4227151288241098,0.30658068832413704,0.36883813660844916,-0.9345995854091903,1.5415183936082308,0.013550092262000291,-0.2883279932287483,,-0.3569651309012852,-0.26697478604383396,-0.08720521719297153
4,50.0,-0.4652609288394002,-0.42204681474007744,-0.831158492907928,-0.6473879554863582,-0.6149624833792424,-0.6149624833792424,-0.8187751111919982,-0.4874987861619137,-0.2554787602790293,-0.35348834706319915,-0.3246801486577295,-0.3754116574143758,-0.15446627234040308,-0.15446627234040308,-0.4764085511665106,-0.23621145597962373,-0.2592805370747248,-0.2653401130301954,-0.2588852366944818,-0.25867144676352716,-0.2582134985040788,-0.2582134985040788,-0.2583406491521427,-0.25828258095081147,-0.1283985020778676,-0.3128499036678234,-0.09484551504665176,-0.022530359020784183,-0.17703960731616508,-0.17703960731616508,-0.47382562074792534,-0.27315139514398584,-0.27136129573415296,-0.3333829507675714,-0.2642211752812051,-0.26259793009388066,-0.25838311327335417,-0.25838311327335417,-0.26026708953503397,-0.2589905507642711,-0.3822480389210888,1.3110572114236387,0.42824903061782627,-0.168580985226354,-0.35119668466560344,-0.3032649461848919,-0.7055341985030851,0.2894940812495702,-0.11508066015577578,1.897028532813647,0.39851473846507407,-0.6963840180152184,0.25558890245119864,0.06764997390372324,-0.44188101289860104,,-0.547308498898473,0.7211515431932859,,-0.11972418677933801,-0.5735446983668561,-0.5146265204687708,-0.5593330587336527,0.2894940812495702,-0.40873998435021136,-1.1199038485696367,-0.35062452584681486,-0.2812991710034156,,-0.28014000477688245,0.3591503755893011,-0.0963027313280192
4,60.0,-0.2749434992998168,-0.369689624919469,0.21822201314618694,0.0703838541806999,0.14711252474749836,0.14711252474749836,-0.15563615567449715,-0.0820234597198067,-0.49266922330813,-0.33152410818086,-0.6570621552940294,-0.48807401410058127,0.012225184757816672,0.012225184757816672,-0.5822098616892976,-0.3620273065785495,-0.2586485854633603,-0.25741393919546546,-0.2565525111133788,-0.2576747261634851,-0.25815278964871435,-0.25815278964871435,-0.25786458559544534,-0.25809370825498673,-0.05980251476191647,-0.24592048099199135,-0.7690814426775358,-0.2425448094141134,-0.3529607082552178,-0.3529607082552178,-0.6451279783046683,-0.3765184426452714,-0.2629224616577543,-0.2985894995525927,-0.24623722829659653,-0.2531935579358884,-0.25785875474328207,-0.25785875474328207,-0.25584479052077785,-0.25674150071276214,0.38686616250944794,-0.8527208411901017,1.073814754452968,-0.21330992023680226,-0.36810660212013474,-0.146492119770837,0.3946757424821056,-0.3469060216581585,0.8344978333337553,0.11917844287473958,1.0876681455867232,0.5991128150483426,-0.21809848169353366,0.14697516773176356,-0.28823175013337354,,0.04467759172203108,-0.9200245208746088,,-0.4802909758868171,-0.39769208834422015,-0.4041260007987762,-0.14701231408858828,-0.3469060216581585,-0.846282404371018,-0.7064618725723785,-0.4176578121032125,-0.27069291881726565,,-0.5221247104028244,0.05300264589342053,-0.3723818658020261
4,70.0,-0.35124797004760416,-0.301268974730739,-0.44696680660505184,-0.4549538731670729,-0.4965294385602798,-0.4965294385602798,-0.6716399781877235,-0.47186612986725784,-0.3383143736374156,-0.35417465571021794,-0.23499480903990508,-0.4536733483430879,0.039940588313629996,0.039940588313629996,-0.6788107149631725,-0.4273290773542402,-0.2597382526097795,-0.2645141458595715,-0.2590114042504636,-0.25867197913716433,-0.2582208782719795,-0.2582208782719795,-0.25840274999765706,-0.25828553246390273,-0.3459316516310603,-0.4441866696892979,-0.5462962363388526,-0.6450978676784532,-0.15361083773213732,-0.15361083773213732,-0.6843864435031548,-0.4126920908819984,-0.27112360752417636,-0.32642553730675433,-0.26002588021482376,-0.2604906586578522,-0.25821036982585377,-0.25821036982585377,-0.25977657739811005,-0.25847021221210925,-0.4500976747823252,0.623131399926057,0.9877818934633934,-0.4861368067225184,0.17799413233521041,1.09333295600506,0.10340337184411783,-0.7627002893962972,-0.8215722519257262,0.6393851297743315,0.9936192717583302,0.25285503074360144,0.38166095784273424,-0.7998493368013472,-0.35943455068402386,,-0.36587315563321965,0.4030207510156285,,-0.5945243936112775,-0.3040876081213144,1.9931138342185535,-0.1435233983356793,-0.7627002893962972,0.72197174984249,-0.8519795855707296,-0.4733457193886049,-0.28131881451107243,,-0.10503566925528439,-0.20209840723740236,-0.21298107136304056
4,80.0,-0.4464416689732814,-0.38911762386796,-0.7544355706886617,-0.5861577778642534,-0.6927151235199537,-0.6927151235199537,-0.5027734755215086,-0.4922322333345031,-0.41761531963759224,-0.39448369697842633,-0.8754708464452153,-0.33868857519262563,-0.2966599331748333,-0.2966599331748333,-0.619620794417834,-0.494982832555379,-0.26001750823400616,-0.2664864965557232,-0.25947110475004925,-0.25887268854226353,-0.2582202416327828,-0.2582202416327828,-0.2585395233774971,-0.2583521625027641,-0.7124029848799888,-0.533631804380981,-0.7882890936114729,-0.381537451556077,-0.252279169719618,-0.252279169719618,-0.6547997635557335,-0.4387374799487858,-0.27371092828531807,-0.33600232816946185,-0.26705566574206324,-0.2632631383467904,-0.2584156917656295,-0.2584156917656295,-0.2612006745859272,-0.2593711303500702,-0.3737438250562667,0.12371362712861407,0.10473839888985134,-0.1679238756405356,-1.1864867718618102,0.3946650943687502,-0.033709995687335834,-0.45666904116245727,-0.5408227605381861,-0.4573234573503487,0.0670105072025182,-0.2662093972927746,-0.9084113150376802,-0.12362997233498876,-0.37338775512893474,,-0.4022305084471059,0.2532078687216201,,-0.31030794575063103,-0.6283343433568275,0.3572979202607999,-0.2197459566405512,-0.45666904116245727,0.23870293153056957,0.5444118740859987,-0.14801934771805098,-0.28347115911685417,,0.11988103302216983,-0.5602059331219776,0.10403939433972895
4,90.0,-0.3984062663329568,-0.42554071435456914,-0.553654848857465,-0.4902612175483131,-0.6302732825062661,-0.6302732825062661,-0.7942874905185271,-0.581933816286493,-0.3653210380731768,-0.41338847429215625,-1.064122467757926,-0.38915029169140525,-0.18590802750827132,-0.18590802750827132,-0.7381554815036083,-0.5029439808267009,-0.25939936337945263,-0.2661711935426548,-0.25824790956026117,-0.2584747804163848,-0.25820975613112945,-0.25820975613112945,-0.2581307082964653,-0.2582010447627615,-0.4275351473949425,-0.4900525122381796,-0.9074742254576557,-0.4584259961373017,-0.31698280272683665,-0.31698280272683665,-0.6414587557014179,-0.42022605386365286,-0.26955285275279206,-0.33391777408116824,-0.2575645537780597,-0.2602482123853918,-0.2582574705702664,-0.2582574705702664,-0.259009194350854,-0.25824526705276235,-0.016415666498242113,1.165159993601678,0.4244030057498445,2.001674211888627,0.429749430842699,0.4178849977507204,-0.3680539222732378,0.12878098436016397,0.8676091624138138,0.7597397808506888,0.39452085024979855,-0.8912994898115741,1.4576899156906389,-0.1964238587892245,-0.3166794614898764,,-0.34445408618810996,0.8796578128199185,,1.7901442611955194,-0.4802739779922182,0.44650306381481675,-0.8381461221775954,0.12878098436016397,-1.100549194688603,-0.9772895511849264,-0.16237187025304062,-0.2715014874554327,,-0.08243244675350493,-0.39932127646081195,-0.2863269003851163
4,100.0,-0.36076920282909863,-0.400751302539246,-0.44314053593810226,0.9260570830812731,0.061613175585094035,0.061613175585094035,-0.3738027919821938,-0.25670250201328454,-0.25246548735604346,-0.371203806028085,0.18492852315196917,1.3221023626323083,0.11034550707260841,0.11034550707260841,-0.6094958766304422,-0.4444636223116914,-0.25917578508558337,-0.26596214744702773,-0.2584809437168038,-0.257480527486536,-0.2581827320420942,-0.2581827320420942,-0.25817149871805767,-0.2581687973607985,-0.4668270436593908,-0.49518602234894604,-0.45093727749295487,0.28524471269597146,-0.6020334605688169,-0.6020334605688169,-0.6116360345998536,-0.4068646573479433,-0.2666093833832505,-0.327625769855172,-0.25826086911974017,-0.2485401729677241,-0.2581205331939131,-0.2581205331939131,-0.2571003983645947,-0.2577577996331707,3.4323565814598807,-0.011468322765313796,-1.8859382484214264,0.9315121874875834,0.01947955573356057,-1.5046235980904699,-0.29259847742283845,0.349850687039242,0.32823089934728744,0.2199326912999101,-1.792373532326056,-0.9382127464308428,-0.4034119108092017,0.9051190869283746,-0.2896160031186253,,3.3261143025593,-0.10122066418357031,,1.0313834454906234,-0.042359586877629696,-2.037032022944502,-0.8196617574146394,0.349850687039242,-0.8623886449930908,-1.0523624226756545,1.58346462091352,-0.2723692614010148,,0.0886149380196364,-0.3386984189743422,-0.5270541934663661
4,110.0,2.571724627155455,2.3235258217147927,1.0793604755523865,0.35761172830846205,0.7006806907235616,0.7006806907235616,0.726690751256951,0.3986054727755317,2.987089962961267,3.1948060003355865,0.7705803812854958,0.33922804875214485,-0.14305590941760019,-0.14305590941760019,-0.0727581738581229,-0.4472199350075266,-0.24281917221223104,-0.1919247896406796,-0.2566689160880604,-0.2557931967872342,-0.2581615287379295,-0.2581615287379295,-0.25755492365575794,-0.25789465599373973,1.531427205756897,2.622211051491244,0.6344813850212003,-0.08424171148967721,-0.03411579765512513,-0.03411579765512513,-0.15355631401269565,-0.4279562991794432,-0.1044625171386355,0.6291740885176952,-0.25486982510494743,-0.24569362961988994,-0.25792332709081484,-0.25792332709081484,-0.251749361218207,-0.25577441470844864,-0.8966402697844353,2.513617505441199,-1.0878290905312813,-1.9495247031391976,1.1916569771325705,-0.18320868389045933,3.2235860445108258,1.5874076533264254,-1.6143371073416013,-0.5823690201606859,-1.0819618257429529,0.04009359865308788,1.131718151305981,-0.4379873568392622,3.2859651856678123,,-0.1548173094334446,2.946675125755016,,-1.4167689227917448,0.002820285450851317,0.010258740384589736,0.9423700086494654,1.5874076533264254,1.3506957045999841,0.030132632571376324,0.21257496375825577,-0.027045113594449614,,-1.077579290194105,-0.9294305028749511,-0.5031754154731733
4,120.0,-0.4210316654049836,-0.41865141628243624,-0.8305536868548514,-0.5808446491581953,-0.8555921957639081,-0.8555921957639081,-0.5764410527665335,-0.47620075938425144,-0.6005366555197919,-0.45845060538209054,-0.5082708469213985,-0.4355104263196253,-0.997788971388599,-0.997788971388599,-0.41849460101505026,-0.5878642017639328,-0.25928201313358984,-0.2644088964086962,-0.25867714550333626,-0.2586912160118213,-0.25821623616656864,-0.25821623616656864,-0.25839534717708545,-0.2582640646600967,-0.7743028546470295,-0.6495982631410171,-0.31647282067048976,-0.4608377238740735,-0.7431973879387692,-0.7431973879387692,-0.38518624430841997,-0.4620591619573081,-0.2699167831805154,-0.3274540201367981,-0.26197917212538924,-0.26223757188751656,-0.2583548837811227,-0.2583548837811227,-0.26035368483966503,-0.258902627034906,-0.14439098039582704,-0.3159320602888647,-0.754421166966767,-0.2382065999267315,0.39318400567301637,-1.1588581674591205,0.3453206908444176,-0.14751595076280583,-0.1995956183723883,0.004081569264196171,-0.7717702579412737,-0.4076936212856632,0.040223731332534624,-0.5762401919563989,-0.16844118035567507,,-0.24558588707295526,-0.35288110182427734,,-0.3092345736507923,-0.030978671865606097,-0.9842711697185406,-0.43322943633298655,-0.14751595076280583,-0.7934970315668012,1.187756661483018,-0.38393247245716433,-0.25490916979335443,,1.1591569083871247,-1.0061531836948767,-0.13446753929432376
4,130.0,-0.21473263246287963,-0.33566626706583036,0.3634860621357585,0.17417765867353346,0.806585600959362,0.806585600959362,-0.07732712078444072,-0.392130286436907,-0.3698321653837113,-0.3813932982178159,2.1332250483364903,-0.08252841061723636,-0.004891293873085796,-0.004891293873085796,-0.4741257060829448,-0.5495923459259144,-0.2587620058411135,-0.26376925526964473,-0.2575724898600369,-0.2577961816845803,-0.2581631858744157,-0.2581631858744157,-0.2580225901194406,-0.25812564141521216,-0.9115870707589065,-0.6334714996801952,0.8683130804404317,-0.21877021226686888,-0.5842737220777424,-0.5842737220777424,-0.12802587889965072,-0.46459926558715275,-0.2698151636324086,-0.3250190736950221,-0.2580323356759494,-0.25870796503845195,-0.2580847997545863,-0.2580847997545863,-0.2587733095282453,-0.2585585047988545,0.3228946995851648,-0.4077901898469178,-0.15227121733051796,0.6342084285381415,-0.24819075561346815,-1.3891576793207971,0.5241673001350072,-0.7662119467260816,0.4182774133738757,-1.3136076225079683,-0.19008944318760643,-0.6082889255841398,-0.4516060654309679,-0.7329554946020332,-0.1453345758797019,,0.07701380864497344,0.015723350730817036,,0.37464092577113595,-0.19925004502245028,-1.1240522924316203,-0.31353643809378273,-0.7662119467260816,-0.7089662019044721,-1.312371346033267,-0.5203464771149658,-0.25060788402573503,,1.6331183610661826,-1.0967985865390384,-0.2600473955369041
4,140.0,-0.4323068735282662,-0.4104299187340004,0.2010029807344831,-0.37164081376850006,-0.024401835375407466,-0.024401835375407466,-0.049532402489654764,-0.4275732949325115,-0.6432422652996403,-0.4516700018931485,1.1957204196308777,-0.5705181750639546,-1.0833195602182295,-1.0833195602182295,-0.46858047267088243,-0.5932224459092194,-0.25965334559933395,-0.26669754938777157,-0.25898410120956916,-0.25867110464584403,-0.25821425477187704,-0.25821425477187704,-0.2583597242685706,-0.2583002847283833,-1.0722515865928142,-0.6603195060980731,1.5361597095909048,-0.7646661914101652,-0.7533761748499156,-0.7533761748499156,-0.21559727855843527,-0.4620023646937397,-0.2715085681146623,-0.34017539846629397,-0.2591641099658905,-0.2604200292780376,-0.2581965997901365,-0.2581965997901365,-0.2578017046818313,-0.25871849574424693,-0.22310880580240708,-0.9623541572778801,-0.5265341977384566,1.1946411889775346,-0.6499801174636095,-1.4941083683395058,-0.39524463518017044,0.4843959606129971,2.235165192633833,-1.5041368805226059,-0.5549526011294587,-0.9372100019106272,0.168129768569377,-1.6511309184264187,-0.22889084064708698,,-0.6424212550939941,-0.6119461163580555,,1.2469987206858695,-0.7250567132764999,0.14635245055646667,-1.0023671920512494,0.4843959606129971,-0.49295414822104616,-0.15466455133388465,-0.8658698340524502,-0.2655373986125442,,2.4371527484319477,-1.0641696623290766,-0.20640684111185906
6,0.0,3.877868755174011,3.877314665299509,3.8717717810166365,3.8719178774388623,3.8742203399217656,3.879761583376867,3.8784063798833275,3.8762437358979875,3.8452768922417575,3.74188204243028,3.518653200947037,3.5660887601963527,3.7951832796971874,3.875018682030548,3.845173176366976,3.819982629681891,3.880205977116314,3.880569999770395,3.8805478893482275,3.8805621295953605,3.8802058176639407,3.8803068905815876,3.880560201047926,3.880560139947597,3.136945082215676,2.093087683690684,1.5950078356237865,1.7108344226382017,2.535165627541891,3.7519517799392923,3.2415432677215015,2.827906337186061,3.876852464237562,3.880569867871954,3.8797357891552857,3.880234021561932,3.8774527174027384,3.876929972249469,3.880136853732314,3.879399231238973,-1.0956689339432264,-1.4674288991179643,3.148739986441693,-0.8506514572479649,1.4398895166345098,0.593658763121259,3.876019256481719,-0.19544613100839092,-1.0844686083265727,-0.4728239706074153,1.9981249506712015,3.8769361444689867,1.2303778914289716,1.1357182510928416,3.8483086014937196,-0.5295703295137685,-0.4596406806709344,-1.6219323709592737,2.7691206570697076,-2.1068153879250606,0.5046265792073136,0.4742838105949118,3.8697076427650035,0.932520492380568,-1.1703099492793236,0.21772633247357595,0.3683743761570071,3.857026610327419,-0.5210005463558942,-1.6959462008877182,-1.3621716787630096,-0.33614324418754915
6,10.0,-0.12056403453246566,-0.16872629427158795,-0.11843854347419652,-0.08476700308387759,-0.10001545017465978,-0.21024100865701573,-0.14235984729566073,-0.09836262509493422,0.12835670153040843,0.23324786296887084,0.5327220233428146,0.4022875055563024,0.12192679234987804,-0.23476040821178287,0.045869077940032914,0.19339332403859832,-0.1938812390874852,-0.24250320346876264,-0.24192693659904144,-0.2421926875446041,-0.22311647684685598,-0.24002093753554155,-0.2362939603129911,-0.2358655904179291,1.4231858928223544,1.6267916110081095,1.7051768634030124,1.6676506763163172,1.356718412938308,-0.20132267369266008,1.2916764596630868,1.6363213093676423,-0.08979321308471862,-0.2418696674412036,-0.20930074996553785,-0.2169990391446734,-0.1446361000963685,-0.2115696886774587,-0.1981289049360477,-0.15905600253146296,0.6570890444036525,0.7065787066048314,-1.367436492329036,-0.8148557736008972,1.223775222682496,-0.7500225873041925,-0.29586467015021906,-1.098978931668712,0.19561645066947755,0.4563949113881274,-0.23836286106447324,-0.28357528719240366,0.9091588455999664,-0.01797999491377751,-0.12402418945704541,-0.7307030152124612,0.349502300158892,0.5364115204834308,-1.5966860162127747,-0.7354038719067646,0.46876104751088093,-0.7396176426274712,-0.31822729780775577,0.7752540862693513,-1.1613004857662907,1.7884468358237537,-0.7934983670790543,-0.018149872212785086,-1.0581690978440998,0.29552627270008913,-0.2886959128847688,1.6964684314758456
6,20.0,-0.20660063510042076,-0.176358810699157,-0.2192304702530026,-0.1722422705724556,-0.22971591098345542,-0.2257815517746065,-0.19217978441385536,-0.17197989592322846,-0.0007046169724366813,0.2980026671828652,0.5789006560610988,0.6888456727948077,0.24151150787020811,-0.12042549121103459,0.10110390882276553,0.1397735841578425,-0.228996384157866,-0.24251323742585154,-0.24332068558039957,-0.2425936506845841,-0.24443307587137705,-0.24071201245525564,-0.24126874775616278,-0.2400184400849157,0.3867882228028489,0.5798419259138505,0.8044694312560616,0.8913288505852551,0.5032446148008874,0.02425812488783974,0.5748540413074293,0.5445748243869613,-0.20138451622590672,-0.24222422974954613,-0.23362906551141013,-0.2308394382936835,-0.23294955250771437,-0.2445092195489013,-0.23012764188361257,-0.22243348811545108,0.622790453632815,1.121246117980839,-0.9101363313138497,-0.7494869151078218,0.5338620158566784,-0.8421096703602885,-0.2809622845307719,-0.35396227142531717,-1.0481212773684305,0.27820626006273597,-0.3713488589108547,-0.27722199537913017,-0.6082000253362904,1.0408618389996136,-0.21453195306528602,-0.5458534119727593,1.242733064954971,1.0760799820419067,-1.0155812819477343,-0.9110727481176146,1.0811392669121196,-0.8983219232663652,-0.3010074436136808,0.7412224751422168,-0.4864216807294069,1.015566121435295,0.836464952109999,-0.2230961002728017,-0.1666170204271699,1.2454459805289513,-0.7583885361306362,-0.026854035315096107
6,30.0,-0.23962813115407772,-0.23007300119247714,-0.2044966790798577,-0.20879415121636116,-0.233710795261994,-0.24739868150151698,-0.2247555520572946,-0.22139032459185679,-0.15922332259764374,-0.08120404299803254,0.04758095286758192,0.05154378588805283,-0.12198000945704496,-0.21753479348719573,-0.09856965733021025,-0.08494417097699992,-0.2472256124072211,-0.24251695621178354,-0.2410534358089602,-0.24143037004861723,-0.24175518965834472,-0.24424937612824593,-0.24021662931441515,-0.24171235698436278,0.3574573995862812,0.6018181543481868,0.8157703876845518,0.886863084030254,0.7218876769349124,-0.23963096327790964,0.31805090880004505,0.6134352593737238,-0.245194466825393,-0.24235102148083645,-0.2271042411157128,-0.23104778526687977,-0.25286882654132314,-0.23408742751992678,-0.22428563148733804,-0.23033853301488294,-0.011836051003740097,0.7365629335698368,-0.7151218740091212,-0.04953660304063963,-0.11979536420621988,-0.5316895356970386,-0.2526500570110881,1.1253010018463159,0.403827866438645,0.001246329963552626,-0.48616448859805056,-0.23880081384159405,0.881422350227622,0.8835560321999274,-0.3239387956369092,0.004871825251360605,-0.3205226577068064,0.7960968618205848,-0.7433379727474241,-0.17208341366125668,-0.8249182302685282,-0.5891160205115665,-0.2597755432820877,0.40812448442156496,-0.3072450429214657,0.8280698916781529,0.027053397152142104,-0.32704376877598945,-0.785059949959581,1.175982824470913,0.27829005465530865,-0.6920644155950471
6,40.0,-0.21916340954560684,-0.22858723176582174,-0.19886293374624184,-0.20580745636862469,-0.27535925970312736,-0.2387574057657953,-0.23553656492964511,-0.23665666491085208,-0.1299067562469388,-0.14403227385648293,0.018478024320841793,0.09827012361679566,-0.29282078303590087,-0.2697065331331373,-0.22124066093575306,-0.1523926606749495,-0.2445719894311854,-0.2425349771758824,-0.24384806634503017,-0.24313469332922968,-0.24832277663808766,-0.24636907731909857,-0.24323974214318286,-0.24308973285250388,0.49180991450682443,0.5957920333342398,0.816307343818979,0.8771263808934832,0.11384295563970197,-0.21461767226977957,0.36375938304038613,0.5876233328081513,-0.23975243260043289,-0.24254871465570163,-0.25403514943935285,-0.24976204976173655,-0.26169283093740264,-0.2568102523009335,-0.24624636073773873,-0.24664906352087732,-0.07120735263311175,1.7778953140670157,-0.8916358972253215,-0.5350392510075418,0.3103180476257441,-1.401763066088085,-0.27895919708665484,0.6043913918660347,0.4689244091888668,-0.1032219007065605,-1.4656263798807827,-0.2653913654831896,0.08709217223849086,0.7825095791771615,-0.3099366658601733,-0.10459590270830757,-0.3964043870623772,2.0712929120156756,-0.5318352061813485,-0.5338406219830798,0.06630295479124163,-1.4228822606268237,-0.2943375777119896,0.12655841380559976,-0.7530316514150225,0.06477974422545281,0.799327655154819,-0.28639679402941354,-0.21785813224643175,1.2146773116844833,0.02516870566200707,-0.3778818466344604
6,50.0,-0.2208652001126939,-0.19925112973304368,-0.20058612590320676,-0.21253373559012664,-0.2538720874961037,-0.24370948356847555,-0.23479089648945825,-0.2040678471014614,-0.19846197566727278,-0.12265637988099973,-0.0681779316043813,-0.09433244320333876,-0.30287958191798353,-0.22072461295062532,-0.19332267980677448,-0.22034220666535545,-0.24114309513641458,-0.24252626957138262,-0.24257454209238793,-0.24222187907345202,-0.24794192228612996,-0.24451096968493558,-0.24366723868798157,-0.24121144006607464,0.21159742880173862,0.4434496544313549,0.6406026382667421,0.5622670613449768,-0.06392292475261048,-0.23133411280583516,0.10123349649460418,0.12676275412793836,-0.22562871390611774,-0.24228851576731975,-0.23817008337499015,-0.24255877295178302,-0.2553835970547841,-0.2506434353652933,-0.24521172697691165,-0.23347024154058107,-0.6524940397936532,0.11135003780514299,-0.08300870643638451,-0.5561858899894326,1.7234306032303055,-1.380072151425753,-0.26815383337275034,-0.05803434422874749,-0.362989943352758,1.1357253933344669,-1.135938024717697,-0.26935003536291585,-0.8376568655556575,-0.6596637287543331,-0.2313441763881234,-0.22522474215274585,-0.5318721692966734,-0.31332658564565163,0.39773544316510895,-0.35490333314294753,3.1384278363521805,-1.3199107892743644,-0.2863630262247833,-0.34017347889859184,-0.4274568579475261,0.27163795227173476,-0.35105315951553656,-0.21663964696643379,0.06026565569084833,1.1628452432377747,-0.36155305182827663,-0.410841610403273
6,60.0,-0.25173122714289425,-0.24695841332624072,-0.3137587685988624,-0.315114758235746,-0.27670182899168927,-0.19659827495857976,-0.26075782285457805,-0.2457405786842557,-0.3364274674543054,-0.46120533455422585,-0.6664338564999315,-0.6634498074179933,-0.38832410689443014,-0.27688988868910275,-0.28684879124849916,-0.3253400412679456,-0.24386567295244924,-0.24251028940382446,-0.240451129063857,-0.24106526697928854,-0.24162728053653076,-0.19830467115301206,-0.24085432582711727,-0.2413225316927162,-0.6100007390254113,-0.9181400588468901,-1.0600136574806507,-1.0388638129648842,-0.7550344632272042,-0.5202184280622751,-0.4425725810558146,-0.514912359950065,-0.25364894526474785,-0.24237488275493893,-0.24066256636446956,-0.23731883744248228,-0.2568722909783268,-0.08367946392151987,-0.24255502751228464,-0.24150301408770958,-1.0958047198933332,-1.0970518715057227,0.5273104490354701,-0.29925103082585847,-2.393648741892111,1.4870709664898445,-0.2217265921609264,-1.1100366059939741,-1.5908487427074491,1.0854777251821865,1.3201061832548509,-0.255281103501385,-2.1552774161373556,0.17937368441860244,-0.240887183824473,3.505752569511015,0.10441847679801747,-1.5231922929050095,0.222250421218213,-0.20074520214821376,-0.21349099063418792,1.4326740491652101,-0.23405006698792796,-2.832447271032515,-0.10819030099135982,-1.4270750372972874,-0.6762223254122645,-0.19260835950454513,3.065652274623819,-1.8716426962125379,-0.15213444137301338,-0.6740908481215668
6,70.0,-0.23534899726475436,-0.2695194278559584,-0.2674473025662076,-0.22597825939944421,-0.2786938297906672,-0.24148330429768394,-0.24486341251535024,-0.26898201932537724,-0.30078810288967,-0.44472861330693836,-0.5552334299626295,-0.44856307004648643,-0.4242267121906756,-0.30159191604598956,-0.3034306890805564,-0.3933849804416821,-0.24063521508556715,-0.24255524298513118,-0.2440507880198651,-0.2435000550672853,-0.25002218348291577,-0.24633401878551994,-0.24176870032621847,-0.2429623291454333,-0.5863998237760302,-0.7457694430725937,-0.7817704657485942,-0.7586826581141844,-0.8318082213746416,-0.39706697738974567,-0.554914686538614,-0.765997718688474,-0.2336395056842095,-0.24272271267540727,-0.2532527780516907,-0.24235452414753936,-0.263223219130676,-0.26079186808043425,-0.24346156395637797,-0.2534463148430165,2.386727452025917,-0.2474824534038405,-0.23087364399674634,-0.652552267128741,-0.16927258791184815,-0.2955226201446373,-0.29511477933518254,1.3091490253868654,0.4811256935618094,-1.0900753409675448,-0.9514811437931231,-0.28047033275973504,1.1257100716586714,0.30359407426609963,0.1013008354437182,-0.1379628770526369,1.6956253384349662,0.3266364717705118,0.07795188377171683,0.6515113790348,-0.9639393471576333,-0.3184721305526183,-0.3181783604681774,1.0923588123862404,-0.9425439417264444,-0.18594760956670936,2.0285833895826357,0.006056271871288421,0.698362098445051,-0.3302869830127239,-1.221410805412407,-0.8081189749879902
6,80.0,-0.25412127849832294,-0.301088920830367,-0.30930371435222853,-0.3195115816092883,-0.2847208009611621,-0.27696870552429614,-0.24370639842524514,-0.27039720776911297,-0.337158948514129,-0.5418830846385274,-0.6648010071274295,-0.6718752469640796,-0.4552624747986785,-0.2928640431251402,-0.3305920205572091,-0.35563356221280806,-0.24570716980577717,-0.24254373070128082,-0.2455720826675596,-0.24439926691366856,-0.24948963132189858,-0.24754045298936367,-0.24428180190196772,-0.2441151791923729,-0.7274800888852114,-1.245286901958189,-1.2477429580279913,-1.2363291337815847,-1.1316268359920905,-0.5353602251278206,-0.6561039652286933,-0.818811457189586,-0.2495944859513041,-0.24275117369590923,-0.25810039084870856,-0.25445927098928856,-0.26581920665755077,-0.26321299155500033,-0.2493146707517723,-0.25613192734443946,0.06528789086123699,-1.024735323574948,0.8444329046724055,-0.6603093493757883,0.03619516853655532,0.9563096731347122,-0.28569239195699186,1.0707438345386446,1.1483090613114533,-1.1934312388535484,0.22687546541337886,-0.26684476414638003,-0.11887189194731596,-0.3179814210324581,-0.025771822832944418,-0.04914639519338267,-0.5026200461186838,-0.7097234760720821,0.8593388517928785,-1.0306361651195852,-0.0775675019592193,0.9644247274661344,-0.3079696660807999,0.5033631743006022,-1.06887421898097,2.0678207353005913,-0.9868990538230052,-0.20732983457238843,-0.09246732253658084,0.1690804504314324,-0.5554367693279252,-0.3369271630497824
6,90.0,-0.25482617614220404,-0.27166728380793653,-0.28860801568068767,-0.29517808348688446,-0.2676539727504973,-0.25012035447165526,-0.26984134962212464,-0.2675774795627778,-0.30671233827981487,-0.44320784303912086,-0.5626027818570718,-0.5141726393368397,-0.4557347992062188,-0.28347903073677555,-0.32314061110185704,-0.38496001698903726,-0.24507337858606335,-0.242556573577038,-0.2436768497555774,-0.2430613893107037,-0.24880003105272314,-0.2465731218695672,-0.24430338617574412,-0.24418343279681975,-0.6266092489580283,-0.9027651040612558,-0.9486530305820758,-0.9488957682731934,-1.0810035100498903,-0.44818984799815953,-0.6404277045555367,-0.8185679483485856,-0.2608641853825081,-0.24274422300368081,-0.2539917267148785,-0.2499361223787245,-0.2606026846721963,-0.26243223601554494,-0.25118683350846605,-0.25507210585716794,-0.2561718478871998,0.27618643242318003,0.5605876197027253,-0.4759636157005337,-0.41614867893090546,-0.5507296637160991,-0.2625816588900396,0.018319314424300414,-0.10287227143129422,0.5004298750338455,-0.9926629035513833,-0.2760659374812728,-0.6051052471648247,-0.39151472382999436,-0.17812849718113,-0.31006549942199063,-0.30930208781541413,0.05454038110935332,1.1662318994007566,1.1154495383240328,-0.16090724802857112,-0.5166286648407786,-0.2817108761009098,0.06462395737863293,-0.4508879164916423,-0.9279696948405797,0.6576981793410228,-0.15303124782813896,-0.1059980937705629,-0.5121341970787918,-0.7965211386492071,-0.28771451456217695
6,100.0,-0.2669280442983475,-0.2678598812902419,-0.30050387506352727,-0.27063052988361674,-0.2166098524985772,-0.250116740713098,-0.25369663060515885,-0.27396759828217837,-0.3522921985982935,-0.5423685900966736,-0.6646889626674124,-0.6116414553818862,-0.29899985890970604,-0.2852500325169936,-0.3239639555332025,-0.35480360435308955,-0.24581735172611835,-0.24254738364849351,-0.24483085278603786,-0.2436650939480436,-0.24869516631972827,-0.24638659739193766,-0.24377227457107234,-0.24392443069081052,-0.7269431131095074,-1.113001533278875,-1.053696547833666,-1.0625625904717984,-0.5597771667334394,-0.4641889435398401,-0.5624616973751657,-0.7070973960622572,-0.2592847960146945,-0.24271639659637514,-0.2619314120916352,-0.2534691106461806,-0.2448231050268521,-0.2604438127130507,-0.2524769126828219,-0.25436534064014515,1.6542129516982564,-1.161248707176543,-0.32539152420761985,-0.5716869626851094,-0.3873311740850714,2.4975666180544978,-0.262645327384244,-1.0871276312315084,-0.6511250448016984,-0.9880202834196694,2.0044768254295637,-0.26878744726534143,-0.29019300380787183,-0.7786008660570909,-0.22246360197514542,-0.6084260675987931,1.839234247295048,-1.0252017738587642,-0.7564591268655072,-0.4798256828688166,-0.43098012207562036,2.5469234635366744,-0.2805579494100025,-0.39132817363577915,0.4707015038682643,-0.24915785818710873,0.8996319026216221,-0.21095269479302367,-0.09775577311971505,1.2240004881242859,-0.5391775122659813,1.4747766275177971
6,110.0,-0.2671804177566476,-0.2639314945041913,-0.3040617350519062,-0.2944257454979722,-0.2591134733543427,-0.2541157534895129,-0.24885969179851244,-0.2748849270848834,-0.32537844675636335,-0.37495364680564647,-0.4794158801981244,-0.47316245185208333,-0.3603869906219099,-0.2468615112103555,-0.3337544424576266,-0.3573696366275203,-0.248656551556352,-0.24255269565969587,-0.24401363116625707,-0.24336726782726137,-0.24003672740634815,-0.24781499558548759,-0.24287571119598664,-0.24293130985930025,-0.5797185638007506,-0.6617958773266448,-0.7560452931965397,-0.7869369104255209,-0.8407613047226836,-0.3496433745899032,-0.616840168913239,-0.7062874102743043,-0.26633698021992075,-0.24269585801487514,-0.25351771492571357,-0.25003511734891526,-0.2276802620512774,-0.2659813451446874,-0.25153133756071766,-0.2568872711841833,0.2400081692225591,-0.5898907321586815,0.44485000145462583,-0.19528939500195197,0.871852703161227,-0.320848075226197,-0.22450694677300737,-1.4320260583353048,-0.8987200505112476,-1.2245739203088295,-0.14234513019167505,-0.25940870072384437,1.4556873022967804,-0.9630198308724225,-0.2919808935364274,-0.793036154692968,0.7063774916031075,-0.048043818078358176,0.5366072028671695,0.41138287807447316,-0.11924056458092283,-0.24324790792291395,-0.23172297942890996,0.5573973190216653,0.6258499367260695,0.11571573154735715,-0.2442944373351076,-0.2818912688180686,-1.1340523753387217,-0.957534936178688,0.25301726279562153,2.092237632982139
6,120.0,-0.2752580994812181,-0.27141768756734796,-0.3020407367741809,-0.2905855623858284,-0.2918905842097639,-0.247121171531069,-0.26485024293761195,-0.27944304445480056,-0.3488760276284288,-0.450859325663849,-0.6172729885642562,-0.5733146643695741,-0.421544005556068,-0.2982448506055552,-0.32049730170911717,-0.3724605503102022,-0.25126410287540074,-0.242554945143973,-0.2451870370616644,-0.24389260058885165,-0.250343990443785,-0.24827945820532815,-0.24445823489721907,-0.24488327445129607,-0.6249733688904135,-0.894632087910906,-0.9086059042186473,-0.8253401601244144,-0.8740723856814389,-0.3906538382597447,-0.5910131064864238,-0.7094977866284687,-0.2707041469218346,-0.24276412503020345,-0.26185243827213583,-0.25255648778506945,-0.27080260410250845,-0.2632229763191989,-0.2579862755965672,-0.2591202356343842,0.6247545964820354,-0.7423537724072811,0.08926257866309534,0.3710836241247841,-0.7521121986765832,-0.062426679469984994,-0.20948394602844847,0.6193528126291019,-0.5606452398010439,-0.7431557852009438,-0.18567569607904946,-0.20035937955344194,0.2217372367892757,1.9183861320192623,-0.3343145395391363,0.5893798038051699,0.7866842026299551,-0.5915182493327203,0.13059025643005184,-0.23726025724753486,-1.1771108156721393,-0.2126657663081284,-0.20123260800264822,-1.0194189069839434,1.7751465999051317,-0.7967597544426948,0.5803771838085166,-0.3464910951798991,0.1502197878108033,-0.06959063074589529,-0.18854848043135608,-0.9209694185869071
6,130.0,-0.273005571549742,-0.2845924863483168,-0.3028840029526401,-0.30759520893220943,-0.2908472745991095,-0.274112854144947,-0.27154030349994684,-0.2799027825696855,-0.3401809617061313,-0.4236534737969325,-0.5097551889145285,-0.4476942602597058,-0.3422957643122564,-0.2686698251817995,-0.3397726943416741,-0.34880338971821867,-0.2514809463274224,-0.24255205878390054,-0.2441116088511747,-0.2432429276923351,-0.24992473152769418,-0.24697043888573494,-0.2448368711438555,-0.24468408618318538,-0.5840082396417577,-0.6433189966197975,-0.7040767051864631,-0.6551242434623621,-0.5037967110536444,-0.29449293346812433,-0.5776112574746802,-0.60250296123126,-0.273125284171486,-0.2428085216021089,-0.25995101510835983,-0.25618615652367843,-0.26990172977684684,-0.26876919512451036,-0.25418524363581685,-0.262508219490491,-0.0035244905848227904,-0.2633261208309729,-0.08802070439924084,1.1190070592060983,-0.728829876686014,0.46816094511401174,-0.2059641144343143,1.4887177039236479,0.07289162199338796,-0.2976730424759369,-0.10774029346849276,-0.16676826834519304,-0.871877808816665,0.8976879372488085,-0.36661434038510177,0.1038238810505614,-0.17055299889326872,-0.21941293991849398,-0.106631617284314,0.286206022277113,-0.26007472959503686,0.37398266619495474,-0.1629830355806764,0.5321332285415885,0.6497570453823773,-0.11721087364444176,0.9154931133016382,-0.35608924434096845,0.36886946317719266,-0.5778465582916839,0.7772033598693087,-0.6043660711306913
6,140.0,-0.26933010913976235,-0.27624987199208006,-0.27378875330896413,-0.30870839371338066,-0.2641354722322748,-0.2629981277433335,-0.2749843605735719,-0.26194865227524566,-0.32441497576119777,-0.3027332816530581,-0.3026296959985329,-0.36981855107673617,-0.25751411763013704,-0.2389323772447077,-0.2994230464518398,-0.3359037463626889,-0.25084273255497525,-0.24255698237425422,-0.24389143751451356,-0.24418597395572067,-0.2499528634763371,-0.24740283567384858,-0.24418146199731725,-0.2445428077611682,-0.4771647414904871,-0.23746071364828755,-0.2450972883043304,-0.33534970754449767,-0.08121426778759973,-0.12769969416616414,-0.47630844488459134,-0.4104022499767291,-0.2706380454830073,-0.24270832684952262,-0.2562769930641722,-0.25226775806078316,-0.26755915420036624,-0.25232550629124795,-0.25497222688534715,-0.2593037448988676,-1.4147936749095296,-0.21383273160445174,-0.15192236868417278,0.6517227404912468,-0.6773498849876088,0.3088648466675171,-0.20177404935341622,0.15633087333683227,0.6607221455417198,1.6067882112417233,0.24447343364686921,-0.2295831174882417,-0.10863901135069166,-1.472366850686185,-0.3610933122895627,0.586192044444485,-1.597088212850962,-0.7375555841338874,-0.2821735767319362,0.9986023740032863,-0.9062105205017602,0.4355290847012277,-0.16656726554336818,-1.390440971825652,0.4636784120041832,-0.8088143138510776,-1.2015626544553162,-0.3429357832459422,0.22409345321208385,-0.01141344035823043,1.0669987299564843,-0.6638953216108127
6,150.0,-0.2628152065732508,-0.24839099720613558,-0.14450950151192765,-0.2082738183782005,-0.2481433400529886,-0.23251627172833494,-0.2769637962081082,-0.26204854353799933,-0.25176030992276255,0.005873859272875312,0.19511904079827086,0.06625214823645297,-0.06403202670980675,-0.17743408938187544,-0.34969439260244334,-0.21389736947566515,-0.2507855742938842,-0.24254827210791538,-0.24133614855957272,-0.24306955754381684,-0.24957764766750573,-0.2446519334835062,-0.2445084158449913,-0.24408018536026643,-0.21616605167992503,0.7179063932454491,0.7686317364724543,0.6188471871588449,0.9355380344086226,0.24182683794946241,-0.3914502618403932,-0.029025733233079345,-0.26936886180345926,-0.24271342234816587,-0.23346595729585454,-0.24909805837137297,-0.2648847651125263,-0.2574599471254771,-0.2501739812742063,-0.2559780746037443,-0.9580415143563058,1.8939109170150827,-0.49655752477487053,1.4334495322821703,-0.7681251879389258,0.0388398896264485,-0.2312423075227676,0.5864967847034087,2.654691152328845,1.9208961217787264,-0.22509302115880406,-0.20930928548051464,-1.2614715182277394,-1.3191469610794428,-0.3695020526936461,0.08698210740931278,-1.6031537992121345,1.201451350831662,-0.5562019490191066,1.631254104051905,0.3458031843397338,0.14864484817133133,-0.1979953849884231,-0.35931219404688425,0.6166491877773221,-1.4979511526392126,-1.1002703667524136,-0.3560724282593271,0.9075752045768078,0.2751052634831479,2.7415570693360167,-0.6396153189758612
6,160.0,-0.2605022168816029,-0.17264173290860546,-0.1232506226989976,-0.15177131908484368,-0.1030364068613538,-0.22772189350694602,-0.2387197256572058,-0.25889354472933795,-0.2613471447767779,0.0544794584355946,0.19955782505665345,-0.005263406380041859,0.027379651323542645,-0.14164927829847584,-0.26789521997301163,-0.2529136018021686,-0.25025896113213236,-0.24249718153122501,-0.23070265747632832,-0.23553944908789776,-0.196166123127679,-0.2441859934352039,-0.24003269895170318,-0.24103301240844152,-0.2483199614781992,0.7034832607515655,0.5597356140533781,0.4331673221951006,0.5566204691109251,0.396382941871366,-0.38141368267390247,-0.2535207956676689,-0.2678938846978211,-0.24228807620615872,-0.18449350701066264,-0.21134549244914122,-0.13775278855601883,-0.24099060654628307,-0.22829251434628714,-0.23313565393156832,-0.6913279333215648,0.18362015231446435,-0.3550784725936557,2.8355455546079824,0.2732904175877811,-0.21528765277601705,-0.0986971004908972,-1.643190768763196,0.21368277726628918,-0.8721893454449086,0.5083819429985176,-0.1297183104644037,0.9461069181046368,-1.221413152196695,-0.35507741227233436,-0.8424178359520929,-0.8334180822477021,0.7273976108311159,-0.5709198687254515,1.6681803883552606,-0.47062079863985157,-0.11559954389941482,-0.027028561532863992,0.5995645527753354,2.2744793605861044,-0.35887705028680295,-1.7592037848566948,-0.3443547433989816,-1.2960596259378523,-0.7362681918948466,1.0818031447918426,1.5160000911854354
8,0.0,3.334448131029362,0.08129247077205715,2.2395739354920363,1.6156710100166392,0.1725580567323006,1.7786730592685884,2.1807825901365754,2.0805722961332145,3.400863406079334,0.2639200606055846,1.6828563244390489,0.9670310436602338,0.301125618394809,0.9209505626464085,2.569311178754418,1.7566497261568643,3.7499930922847633,3.7499999007151783,3.7499912299256177,3.749994064221929,3.74991357499579,3.749999883535886,3.7498319393601283,3.7499911894342937,2.669338456612796,1.078573244500896,2.084717200756483,1.836337253217899,1.2275759005965783,1.5262199743015652,3.155155829670313,2.746412793356161,3.749743226373368,3.7499900830590454,3.7493137830545264,3.749680034512813,3.738322822741932,3.7499922849900287,3.7441591508996117,3.7494527237729107,-1.2190938658743073,2.562943157774411,-0.05613547091940229,-1.5839544378078696,-2.9523825026076436,-1.0377120116601999,3.65011315573411,-2.835444505051637,2.837176730364288,-0.1615949146310662,-0.17087295686790144,3.7116491956853164,-2.2649312981098806,-1.1809060432963412,3.7487287016139246,3.746651783589046,-1.2625960632567146,2.3556038014065073,-0.06724781435584212,-2.1500698136234724,3.606087803223635,0.10469939385467439,3.625683012464738,-2.6114511817999833,-0.6410961695889053,-0.21692015124483094,-1.4922101526825233,3.7499831666934806,3.7491020183054586,-0.2577936586722614,0.23605332518225916,-2.1968984987094586
8,10.0,0.21900441401018733,-0.13917200841325506,-0.637491599744067,-0.3284628584127034,-0.41148645157570884,-0.3003260811376337,-0.9846810193317987,-0.3425567066729034,0.0015869770116983405,0.023367933358631125,-0.582836181425993,-1.228846826827122,-0.39626212289458096,-0.6677020977019561,-0.3426764274889544,-0.2689536131102238,-0.24880254923637912,-0.24964515400288284,-0.2498927457159309,-0.2480460461266005,-0.24645228746813513,-0.24980076932244635,-0.2488095039050452,-0.24907013131301675,0.7495213698852125,-0.02565073019756871,-0.34432691813377553,-0.13991347347294925,0.4471444587557049,1.20586432658042,0.1424070379144372,0.29082039984084807,-0.2471944975526604,-0.24755404390252114,-0.2526626141866865,-0.23922996112349829,-0.2316061355616774,-0.24854611519037437,-0.24820718367019426,-0.23852206930474543,0.8370979581082469,1.2274975614929962,0.5178538692757313,-0.44622939681512963,0.21452522306642421,1.4845585595839816,-0.04093374092668964,-0.4989284503077908,-0.7852172903759838,1.549175258382305,0.48968401882114077,-0.08987972743129806,-0.4750970690356322,0.07603574719804979,-0.26572397518539537,-0.23091654756193306,1.0401684981841661,0.5136355241141098,-0.1521193579061599,-1.0051710667395328,-0.09002027826288421,0.6084104707668585,-0.028335114484123312,-0.6376244720627139,-0.3191984905268601,-1.3869960058516142,-0.20480344767081002,-0.24754969421010434,-0.23426309538825288,-0.7216465958326513,0.2623592210088134,-0.7710237754229943
8,20.0,-0.5521038089606486,-0.3982251976514094,-0.5021363093819646,-0.23843922859633945,0.058800636671428305,-0.5731674132438622,0.1527183406148864,-0.7909500395595555,-0.13568179134388042,-0.2494309369550059,-0.48098309700229464,-0.1908530727589152,-0.3101418878454345,-0.7579100921913696,-0.15785316789083587,-0.39861728422324894,-0.25225762449801215,-0.25009097066052965,-0.25156769269479473,-0.25085883825718186,-0.2555245234520607,-0.25013820650473534,-0.2568097646550496,-0.25163211689709275,-0.40876458330547144,0.34284858572455607,-0.45186522860044903,0.2485753636412402,-0.22142472066250493,-0.6138186733465608,-0.42774748888485464,0.7369962464126545,-0.25266884299035547,-0.24994423052050427,-0.25671745858310774,-0.2512271024736457,-0.2752461654876621,-0.25103973667782964,-0.26515941928641124,-0.25804847011697196,0.5279485094314442,0.24063678709770583,-0.6628117957411479,-0.15536599425353922,-0.3184193022850143,0.19417495687756975,-0.22280582219354886,0.5148880041723779,-0.2149005622853123,-1.6210040873388374,-0.3415262489297095,-0.175861508785302,-0.3681100991596466,0.6135419356041685,-0.2866686931736532,-0.26573661823910083,0.3460543026480439,1.0673337435961419,-0.4899268123350009,-0.5711498371694644,-0.30125180865874834,-0.44373737949012687,-0.21429592232287958,0.5392649653234093,-0.1628438525481363,1.5435129597776924,0.36603023831806214,-0.25353738800211734,-0.21760000645728897,-1.1653534295807055,1.8822798067107986,-0.5193494473031783
8,30.0,-0.37304322625113734,-0.15005029797690747,-0.15144871048145073,-0.30075049826038364,-0.13208899353922351,0.7968262480256525,0.04924779183183837,-0.4938494171597305,-0.4800160373198223,-0.2622892253268988,-0.17882187341957864,-0.6567338825431019,-0.47012854941025334,1.241194700195395,-0.6601273616587215,-0.5912956330250811,-0.24951343846546925,-0.24988767618909996,-0.24825816987880903,-0.2514106343315468,-0.25358666781009703,-0.25010181052853947,-0.25132071280939633,-0.25026053932017844,-0.4851515091843653,-0.29331383418706203,0.0808825286845688,-0.2941925222144768,-0.398974830015956,0.8758678190924576,-0.6263462870753261,-0.2933511810115041,-0.24998019049040526,-0.2506009932506787,-0.24421924988094654,-0.2573294123750092,-0.2864922241184264,-0.2488909697742178,-0.256114191066396,-0.255462926066541,-0.7382449626628647,-0.7639046026008786,2.6307317273553714,1.0781521016879216,0.5846634712881902,-0.873392037193287,-0.3002381704863297,0.0190205172805249,0.024706559523395684,-1.021973356225575,-0.28352925900096215,-0.19805073750938829,0.4265777977505214,-0.6626204944314896,-0.24953584621198938,-0.13370815339255307,-0.7685366956073078,-0.4321293915453701,2.754962195038636,0.563884726929106,-0.2576969487793136,-0.33202323487183155,-0.3066428591961736,-0.6577682628720103,-0.027660290017005006,-1.289701010597358,-0.7611963535664381,-0.24696858864600937,-0.23786900026522131,0.3134926680975318,0.35989118586956476,0.18738361016609792
8,40.0,-0.6751196689335566,-0.5364395999199931,-0.7286518875159387,-0.8003627514344206,-0.479467107149392,-0.8393534601313734,-1.0615494232173315,-0.8362035578713004,-0.6488654850559283,-0.365538846116426,-0.5966781630651419,-0.5859523527645437,-0.6694015142983892,-1.07174142565134,-0.5296900472526617,-0.8967071492320972,-0.2518722615992256,-0.2501858935546667,-0.25250981569973413,-0.25128787027617067,-0.2557593270622827,-0.250240658758514,-0.2574737068040693,-0.25192087077831127,-0.9890953498706979,-0.590411504772957,-0.5255554939434077,-0.6731142126321634,-1.0344396560811822,-1.5631628482880715,-0.9316831571452063,-0.9046806459211345,-0.25890055685798147,-0.2520350040047491,-0.2659934209638015,-0.25957502394649984,-0.2902082459497413,-0.25107726279144105,-0.28536384381355834,-0.2605115402624593,0.48752522853318964,-0.19651379081539722,-0.521186673644147,-1.1268923318661788,-0.05555861582822625,-1.162882278969462,-0.4070594418119135,0.011257074582547868,-0.5496893902851117,0.43429505148933445,-0.718557492684737,-0.30578111560060034,0.1813112538639433,0.04215363399898095,-0.23998716882180354,-0.24160601418018168,0.47552209882073654,-0.3873810389555135,0.15236378488128424,-1.0078042540085497,-0.3750476739279965,-0.9587935846654846,-0.4197789630928137,-0.1458976318265584,-0.24473385885165946,-0.38739183432082847,0.5191179029865397,-0.2504527479507696,-0.2640456920241825,0.4823979531931244,-0.40428865493864125,0.6970041540851024
8,50.0,-0.3241527311112474,-0.3918497056580346,-0.27107783481641967,-0.822952555352545,-0.54344203928896,-0.9970177612033971,-1.0163568235244733,-0.4338536893017317,-0.5764358660438236,-0.3909711220945996,-0.2702574931306494,-0.28499496794736073,-0.3475791294212377,-0.8135870900250106,-0.8418416696476416,-0.5824353565138578,-0.2510413318599557,-0.2501443725334163,-0.24994784096807585,-0.25146850837855544,-0.24883241672966563,-0.2500166854435023,-0.25726505033799524,-0.2513980333712103,-1.060310256917818,-0.6486604748223413,-0.35751279135147573,0.4313612268653639,-0.6826774002975887,-0.5650676672408494,-0.5775870665098353,-0.6812791196921278,-0.2519207372236755,-0.2512391209727915,-0.24868356370777897,-0.2601274876829394,-0.2612316379388736,-0.25116179411979034,-0.2799204811250723,-0.26113930218481735,-1.253855928521234,-0.3805051245386076,-0.6410224338297541,1.1214131262191513,-0.5258997103306131,-0.9656628656474999,-0.35165691250009756,-0.24229580639015455,0.30273372530240933,1.4148216862051912,-0.33998003881275174,-0.31006150566225366,-0.9111550081711501,0.5236154303868971,-0.23309410794761556,-0.28846704957887825,-1.2170199277625233,-0.749095875488226,-0.46926394569202196,1.5332527690962292,-0.12658242433444958,-1.0325576439078548,-0.36236739175170274,0.13392050400436317,-0.2983342223469079,0.27983427847742415,-0.3483011103817323,-0.25028341925209197,-0.2668097394432648,1.219581503623395,-0.4420744574711801,2.226020880236226
8,60.0,-0.44591358537183257,-0.3386957879010476,-0.7658165121130402,-0.7533916695074567,-0.6435797768047704,-0.9791536194070524,-0.8507207255934777,-0.9578449621663332,-0.6852925130820345,-0.34618980407110655,-0.6063207006638202,-0.26680133485340335,-0.41149686227800625,-0.9877181079899451,-0.0099697175938512,-0.8234132094882199,-0.2509017921545457,-0.25020917563152173,-0.25167042113908555,-0.2503853447817588,-0.2506248410825676,-0.2501077699086909,-0.2587646975483399,-0.25052423448560074,-0.9549906685423822,-0.5374348748034232,-0.6958168398057899,0.864718621220686,-0.7208519621759969,-1.1206070046481653,-0.2597323443534039,-0.8904370735362975,-0.2531225790578937,-0.251627784835007,-0.26620686815157557,-0.25651362273804607,-0.2973713085811604,-0.25146477814514173,-0.3123879680781682,-0.2620975812392933,0.7112106642501449,-0.39156811875572606,-0.8307994131355488,-0.4429789750375931,1.6124178455879672,-0.6168890281175224,-0.38601215460434596,-0.9113903475931417,-0.8759239649660397,-0.4551378764513714,-0.46165395832173717,-0.3697202719022799,-0.8630576934535152,1.9709380131778835,-0.22132889178641038,-0.24890242156347414,1.0674177432336949,-0.28899885175698475,-0.536784072471256,0.32843824346406125,0.6478954624591281,-1.2242753749524908,-0.39901160226454674,-0.8703360824174772,-0.17199360767649288,0.6862687811059011,0.9082331636271538,-0.2485360523665293,-0.27668735951263096,-0.088278609710488,-1.1495365765308094,-0.34815434225155717
8,70.0,-0.27930063011386064,-0.6054280609287428,-0.821409436926412,-1.1482664167651457,-0.7325838843774407,-1.339112306320211,-1.272506799853449,-1.0324319203488874,-0.5920210576336589,-0.5946647180614535,-0.6750810239809324,-0.7101209492888383,-0.6680547281459339,-1.3038025953309114,-0.7839833708016256,-0.9756545941639688,-0.25017705841166493,-0.2502420622179139,-0.2526355506661494,-0.2520571210939522,-0.2591856460272884,-0.25036179071375575,-0.25831004557401144,-0.2523120278997414,-1.1690950818920556,-0.6154378983728253,-0.5849665347543592,-1.2605807250995729,-0.9394241575932034,-1.2959433076252818,-0.7035233838064137,-0.9367521060114404,-0.25072050601578577,-0.25209310014748176,-0.27018461338288513,-0.2616572464523529,-0.3129162212971598,-0.2524094295689441,-0.297618225263612,-0.2665157350344333,-0.15568444517656227,0.4955501732639285,-0.7580774448812309,-1.4824381553301205,0.34800524328475896,-0.6254174385822886,-0.4434137517485109,1.0468249643586494,-0.7307412360038528,0.5539237159665469,-0.6328411539997876,-0.41494905473810995,1.7290610642389956,-0.33319531069373737,-0.20891239247051027,-0.27948749256415123,0.018242974413832092,0.1798966969640376,-0.24818397000697393,-0.7663262337245637,-0.49994226351940263,-0.41096952446037877,-0.45917226363145247,1.24980173112529,-0.5200650191340281,1.1507461097600262,0.8381162872847118,-0.24550063416416418,-0.2686871811133731,0.4877828333819152,-0.7756715948170341,0.3865744487843849
8,80.0,0.18686704945070345,-0.15202874122959548,0.4961428693627426,2.2213003273083647,0.37030243520277856,0.6469545375350523,1.5242486323347055,1.6504327765921047,-0.29944865358921513,-0.4330884760426815,-0.1997409225901473,1.4688498904504808,-0.18358142962253698,-0.5948463964199273,-0.2020780111658984,0.07500019330382736,-0.24641538130755467,-0.2498720238731215,-0.24639066766923975,-0.2463993312759021,-0.23926452272113524,-0.24968483188309637,-0.23185256035361904,-0.24660228418761201,-0.6343774544923443,-0.46660663900345295,-0.43160439237251835,0.1612224194083444,-0.194451744184688,-0.8287000370791907,-0.6564197802044037,0.15522264726960472,-0.22855665294185704,-0.24785041575895722,-0.21876322003266996,-0.21611332962067534,-0.15264577734538198,-0.24680223444281957,-0.1373030886186555,-0.21994300040614062,0.6608671798970056,-1.6781192359998691,-1.3929109084087967,1.1685046177816585,0.32181388785213266,0.2400900262548164,-0.2087174324333285,0.5246973930063377,1.0993081909990565,0.053149904587016086,-0.9429670758633143,-0.3022710619055334,0.7597313084422392,0.4947191087260793,-0.22347552718605682,-0.25878256370159164,0.2282544083458916,-1.6234125417811494,-0.5800086209369619,1.492144703254159,-0.3865274643189698,-0.36447933870257654,-0.2143248802552159,0.4619188675053625,-0.3169137502497501,0.6440915808294311,0.5756234935620016,-0.24538409769009872,-0.26429424623015274,0.1256208195028398,1.2735647683136544,-0.9728198739571875
8,90.0,1.1607144429642493,0.32572998185466234,1.6204313030582105,1.623642523608521,3.4799087032324043,1.0708286422165874,1.0657662964839358,1.569422673189602,0.9428525358424242,0.11532325228757428,2.224005146082583,1.2997834497837872,3.5459174549645747,1.5084158716251925,1.7948808376085357,2.623564289723294,-0.24583508983953845,-0.24975314931019318,-0.24639044843894925,-0.2464778298317956,-0.23354042104943828,-0.24958815731103476,-0.23002358027733905,-0.24427539794606482,0.2926972493314973,-0.2640467242595015,2.0073471772807268,0.4215029010621634,3.01799709993575,0.4469370384893011,0.6957162940806076,0.972367561451942,-0.21924334202807852,-0.24702953503118613,-0.2037954717912348,-0.22717897472905688,0.006885869789451011,-0.2454930527781869,-0.12666066180334917,-0.20435458813008184,-0.9559693481795613,0.2331754526343097,-0.9902815705684286,0.8295145002522099,1.250913117399106,0.8929197099346522,-0.2101584099009239,-0.5224083418794784,1.4058137211908768,0.510707479858541,3.344220640553915,-0.26654873387398753,0.582424936761003,-1.540456257388961,-0.23948420886929467,-0.3043584321424199,-1.0354396207387193,-0.0344240288692049,-2.0875324027851296,0.7916159116158925,-0.12022372119378708,2.9381316553669934,-0.21361107485214706,0.10029001930532774,-0.3237076570570826,-0.484410556110666,-1.5780915426351574,-0.2524444550257483,-0.27747970631281477,2.68203502116338,0.5427434733758557,0.9988839321985178
8,100.0,-0.3489663828357061,3.5959330194257175,1.7431336948122393,-0.11565484490359894,-0.06143488937306099,0.11929502633878801,0.8535653956039871,-0.4615706622875336,-0.25054759663374976,3.5534084778553896,1.9726283858602967,-0.10113303167578898,0.13527825673240662,0.1865959693621541,0.8450668866820187,0.47828064460296676,-0.2506487960092668,-0.2495929561339836,-0.24751872161913846,-0.24883514099401888,-0.24890869353464856,-0.24988886528632973,-0.24454980345933008,-0.24913029226522837,0.016985413802204155,3.2961682496335705,1.7436532949788976,-0.018805492091468336,0.27668200327606957,0.4282575425715731,-0.16489724139409995,1.106774791562471,-0.25810547301409686,-0.24411082680205054,-0.22813347800092212,-0.2466581099598264,-0.24485200074676253,-0.249884735293473,-0.22618729540433183,-0.24681935418483408,-1.9202343794541128,-0.6750310033740714,0.05533983196854671,1.2375299146960916,0.08150441338006144,-1.5196378667503045,0.5041229569497125,0.6851979685829062,-0.54334819892216,-1.7616396821328992,0.3206527312005908,0.10568157761469606,0.28201202319079993,-1.5789530794934705,-0.3013616924697059,-0.25908158603935166,-1.6988934082885276,0.09800087942552864,-0.4086673705546001,-0.2410369585660567,-0.3598283862486906,0.303787864578134,0.6016415141083181,0.6071826524573807,3.6682011523207123,0.7992872081301355,-1.7760063933715928,-0.25336225952741576,-0.23082603603781673,-1.2936876523698089,1.9854668274751472,-0.39825470260826557
8,110.0,-0.7354704456311262,-0.32016680181727586,-0.5398486276763294,-0.20004945778495214,-0.20143409796399658,-0.09932268408875794,-0.4626995657909689,-0.06043760665988429,-0.2594892846178545,-0.5767056134573237,-0.6254321182221086,-0.7198105513165048,-0.037843521327850564,-0.07517304172434487,-1.1090582200716874,-0.10113101821095999,-0.25252163731827604,-0.2500413971301385,-0.250829881446883,-0.2509719653312343,-0.25123128396399735,-0.25001595271613636,-0.2555655905090137,-0.25093803605028026,0.07903341162882083,-0.5219948187667346,-0.6280107097493305,-1.3352853586363571,-0.22138641259715752,-0.5003802874172222,-0.7046874999578777,-0.8607356016233512,-0.26509646415400095,-0.25083838493322635,-0.2619301543195086,-0.2562200784078391,-0.282976114194418,-0.25106171844599007,-0.2952187259408199,-0.2599893899012163,0.7473597036433343,-0.20766570491147732,0.42612568448232957,0.611571037300098,-0.13288007235884908,1.4162561849971806,-0.18674632914237124,-0.5408540188834433,-0.42529970694016694,0.6737910809374114,0.6321828696375755,-0.08912638712163012,-0.6650421817885699,-0.30995396606390735,-0.2637626421707184,-0.25447160856347256,0.6295961868343735,-0.4566907568549844,-0.3273904535952924,-0.23684654626707888,-0.11838502588296167,0.9221863757693394,-0.18384203173246896,-0.5127241239311194,0.1272850761947595,-0.8159606954363312,0.5282417562161553,-0.25486471349439166,-0.24064723402316696,-0.01834766856629089,-0.6248705747727064,0.055096081826430374
8,120.0,-0.314164536016204,-0.6176785951098335,-0.8490588032009647,-0.9587514300605392,-0.5851768447899942,-0.798538684896316,-0.35396350866701326,-0.9322386746437814,-0.11086819496173511,-0.6098254732282482,-0.7482722958193957,-0.8902258691886815,-0.3748583529910837,0.019626100068644715,-0.7604438441751152,-0.8614528301172654,-0.2505878518153166,-0.25027505043622955,-0.2524718481304606,-0.25135737525208485,-0.2552891972276226,-0.2501980845087336,-0.2585069035125498,-0.251909042596261,0.1005274779751593,-0.4876186797645335,-0.887790589596686,-0.9431047238828941,-0.4364835224358323,0.9447341817612198,0.025339690592246982,-0.6997759273608921,-0.24699789703950115,-0.2523315656747761,-0.2714330354988347,-0.26323503424832695,-0.31652266479815006,-0.25221445435370304,-0.31280065748854374,-0.2654553373293545,1.2910835729143684,0.9196798960516068,1.1050516954208125,-1.2217355086254054,-0.14285609429326956,1.5088785899304182,-0.47599933223348406,-0.0647232616435551,-0.8097438504599794,-1.275007867943603,0.1280009205122959,-0.4308419855250349,-0.38914757492452406,0.8676211117163057,-0.2169265906420914,-0.2545034020997048,1.5265169805295724,1.5279095426881206,0.6808448809603919,-0.055150978758935064,-0.23860077833590107,0.12239424988791288,-0.4927434476170776,-0.09896434165813342,-0.520758741382159,1.2567927247936386,1.1537197699630564,-0.2474988538218685,-0.2512844660550361,-0.5901406030312731,-1.0909992434712705,0.9584952262122384
8,130.0,-0.4989426772552152,-0.36637127642154377,-0.4186375431767351,-0.35673770012619077,-0.18230029998730155,-0.26779234008314573,-0.13169248867149191,0.4194698754271348,-0.3482529722099907,-0.46347239620994635,-0.5509981657871749,-1.1373675519174802,-0.541587973617219,-0.41696253435974406,-0.3806215315906241,-0.2962392892879856,-0.24965381130197647,-0.250167786918154,-0.25045855209164375,-0.25066341503475326,-0.2545334478996459,-0.25022192849610814,-0.25073466477362394,-0.2506226861722899,0.11578066401418353,-0.6167453709778026,-0.5668096266039694,-1.6268176391233016,-0.5699081569519258,-0.4924691818298093,-0.3673330037230938,-0.5503478344141578,-0.26220985209411035,-0.2515885898008521,-0.25404149574380297,-0.25309404758596954,-0.25450085911614106,-0.2507806810294963,-0.2244158884393786,-0.24694670994710244,-0.08732811455959733,-0.8733880123974853,0.9816467809863725,0.17303956660526218,0.7263360459812558,0.4563682030169237,-0.3301918667503604,1.3876402625289879,-0.08910110413837968,0.8467128106498958,0.02327463705542714,-0.3762542684139338,1.6884603710291188,-0.686214133064322,-0.2699365703279702,-0.2807793374677603,-0.2077364348197588,-1.0570147980518343,0.6895372059763395,1.3001122256784854,-0.4128855384669652,0.678772541635832,-0.3349250890589296,1.6036289341612975,-0.1653283786418582,0.08709159865536178,-0.23063596459595215,-0.24898755420933721,-0.27402792409410137,0.5349863014805748,-0.46293692943471604,0.2534188173058414
8,140.0,0.042937244519181565,0.3164604629240311,0.14923014012732413,0.5070097867351284,0.5074539857322286,1.996746513519606,0.4315012653942886,0.6037055893330049,0.4501648195707449,0.511209166310733,0.05696917013391652,1.436713373721323,0.43555127288047335,1.797219317495548,0.5344140353201211,0.7708119765740792,-0.24821023718382942,-0.249685925317414,-0.2475744030033005,-0.24871145902118033,-0.24247689336050238,-0.24948179872406046,-0.23695789598139821,-0.248045956542506,1.3881333255961483,0.3888692474653173,0.12275583404782402,1.5183058311702435,0.5845633229898737,1.3738460264398986,0.9548876287918456,0.05302207277462568,-0.24635499034705152,-0.24938279136000444,-0.24214336106068976,-0.24331122975335717,-0.24427781463220652,-0.24742701417548346,-0.20149437298408593,-0.2432741525440265,-0.4173591808680622,0.28742534489991606,0.3147805445014887,0.7003504329976813,-0.6486766612331455,0.19890332913722703,-0.21251511543658383,0.3945939046694828,-0.15112543413010637,0.14033631222839255,-0.2501777247862549,-0.14619170701619613,-0.2083477840226054,0.29023765978188293,-0.2558819745054998,-0.17470782487461486,-0.4701600188624554,0.1298596175779763,0.38895881218310707,0.015300226407870248,-0.4504590349973582,-0.28375974035112583,-0.21305179228218202,-0.25271468438177336,0.08466886666283073,-1.8488621245798336,-0.06512389093659612,-0.2508718856070225,-0.2040149653170184,-0.7848353681221952,-0.8029595452780192,-0.6776793364361022
8,150.0,-0.39679358949314836,-0.30330986194882714,-0.5629346778192323,0.056195763535623014,-0.6160294327212918,-0.21553967639252128,-0.12365995775021421,0.01833402599658788,-0.4085482860125084,-0.1750522788542239,-0.42103699140860984,1.6004626334659133,-0.006936531119740482,1.0154408600012086,0.03467043097252445,0.0915931470118781,-0.25155423128375265,-0.2502063068059129,-0.2518744707634223,-0.25106318423519386,-0.2547034056067016,-0.250152573430203,-0.25288745885934827,-0.2513495396088989,0.2897675353591134,-0.038537777396136515,-0.5650969108367406,0.8097905305672415,-0.13394022255793891,0.17842209823870922,0.4464507720050633,-0.24425702309740066,-0.2586706445659135,-0.2517636960642589,-0.26440577775008134,-0.25820937341577044,-0.29436152276362126,-0.251738308203138,-0.27530714791703453,-0.26037256712089185,1.4846774085185759,-0.8002127798213641,-0.17830442286220352,-0.46048049780423894,-0.3635062889031317,0.409443967187803,-0.37778763251533526,1.0319246425673867,-0.4946481888729317,0.11944448441871543,-0.7959099085137896,-0.3417927078144632,0.4953099533889054,1.4134366438419879,-0.27264841984520916,-0.2711427316198587,1.3286089763256932,-0.8430925224691563,0.7004579415994836,0.008806882411847914,-0.5165319187553371,-0.627786730457879,-0.38522209403134194,1.0914731070673367,-0.16752105715745905,-0.017382863388154195,1.5672862438831254,-0.2537408227258113,-0.240565366031137,-0.9258135145570892,-0.7890210312217184,0.12130282587390938
9,0.0,3.5813015618026176,0.6603126531629087,3.730370403151309,3.71179297729251,3.6562925558601758,3.734556357414465,3.6130639251876633,3.6438590147864907,3.4028669572350423,0.47960537985184726,3.714713567284035,3.6578640040949386,3.702247817608199,3.7393061946736923,3.4812045153776796,3.4440760613226242,3.535349811483902,2.4645762155372375,3.2790275816641627,2.934902592638143,3.621084238456778,3.560747769537159,3.620641508832731,3.0982994799191848,3.510988221498602,0.282347396041935,3.6863052266589413,3.6825044541448824,3.71469421773221,3.745435446043093,3.4550145459028365,3.0941578504300264,3.242427450346767,1.1647254994220324,3.584139515501534,3.525537646953062,3.7054089046447345,3.644577966114753,3.4618459994248205,3.376168237206332,2.4349006155271686,-1.2142098485015351,1.2938214950650575,-0.7836903727096495,-0.6666229953404876,2.2246979411455103,-0.4251460330419815,-0.8409139153093093,2.484566356665547,-0.4929613819955936,0.49898973474554853,-0.3769217514687353,-0.7236772649132006,0.603054054822753,0.2852957247720984,-0.1615620607896612,0.06520639393614128,-1.0986125574160328,1.0175584394161992,-0.7549802256622525,-0.636942810006399,2.0411588143111676,-0.5503454679340852,-0.8667083273038699,-0.7444448656393604,-0.9036317329175231,0.04570394588667055,0.8447027464132123,-0.07073108142656388,3.5989115268201703,-0.6950343596055398,2.7209257219762386
9,10.0,0.2643208555841934,-0.11517026159427929,-0.02423290687608148,-0.03713645822418668,0.1269962215574285,0.07094097226849506,0.07876616622962802,-0.12732245571923953,0.13478170761562056,-0.20364577034605238,-0.07387674102871515,-0.0959058696759611,-0.04445310322426621,0.00946359235920959,-0.06978875457594155,-0.3417415010436339,0.2964996331071964,-0.2497476113281489,1.0366844946939575,1.0191543688731621,0.39403794737491427,0.8555843780424651,-0.06452617868653654,0.013772369523449053,-0.079508717110186,-0.23816654106840882,-0.19671632225711663,-0.2102583767341427,-0.11411239095554553,-0.10649459108708766,-0.274208139938512,-0.5462367996419751,0.9151827827834743,0.03291884525530426,0.5859084804409272,0.6529891155462615,0.15002991891813314,0.5851468003065904,0.31392708881596093,-0.003099739934397684,-0.059275944113537815,-0.22666073640871662,1.0007687138479353,-0.40364500833484007,-0.6824882301341626,0.8729187662521882,-0.43606300030212763,-0.8318982966869434,-0.35453867725619537,-0.732985965425908,0.4710821144551045,-0.771126056379831,-0.917248049256205,-0.10905047698028802,3.4999799542664802,0.09447443747529374,-0.0022435215908221573,0.44389244731106325,0.774851041966207,-0.3701369532825687,-0.5322820745871214,0.9104417625765283,-0.5923744107580892,-0.8774885930256665,-0.5637241326809704,-0.8872264446576552,-0.05182584908361439,3.099962311889182,0.12422850240059959,-0.15882352855526258,-1.5504086979768688,0.5098472693713466
9,20.0,-0.37451460383608737,-0.49880387789148,-0.3107359535762622,-0.32801217087634055,-0.34181517838037395,-0.2836195558113451,-0.3852154636215289,-0.37589131846462265,-0.3979389688909265,-0.4905291624743926,-0.3745337819826521,-0.399566344183753,-0.32425119686879267,-0.2756192063926838,-0.4247776785677898,-0.4522088068659643,-0.3201727029628948,-0.48607890934333664,-0.3974854478792608,-0.4878143308563497,-0.3406682631121215,-0.3517113049756366,-0.34519436375423956,-0.33483896025293575,-0.3614152465337574,-0.6247829556448212,-0.46726051016780984,-0.44634920902900094,-0.32688523494416005,-0.2623928301607355,-0.49720704589111947,-0.5543946102274445,-0.34814556307182704,-0.5440166160913242,-0.33026970290336116,-0.3620473247049574,-0.29856153430848437,-0.3271669046192381,-0.41619364202464304,-0.3249354452334729,0.45016074707661347,0.6297727490361853,-0.21556985698594275,-0.25915940035218465,-0.15777021942490624,-0.02111382160299099,-0.683562896955532,-0.6419898140307819,0.37590644918873845,0.1554068404245557,1.0683073991162748,-0.8907669257083857,-0.6650010285635133,-0.2034834287650961,0.06251214758670078,-0.32177667280355526,-0.42743519735186064,0.23511131311406563,-0.2741518750207373,-0.1632876384378792,0.2589501006621057,0.0038766679693446175,-0.7975307345498189,-0.7064709230123662,-0.6817126711985929,-0.7041374275628965,-0.6088550665593772,0.2143054470032052,-0.28364297805127525,-0.18307516784521405,-0.11889370703006225,-0.19517287679976472
9,30.0,-0.48139453522196385,-0.4404948674956592,-0.349253214526853,-0.3543328347043389,-0.38988393925848813,-0.291145106365554,-0.4112288459523765,-0.4577463921111657,-0.5470069897397323,-0.40824659782146516,-0.4052061458490858,-0.41568751155651,-0.36370954799449173,-0.2865607518992415,-0.4717623339540308,-0.6023772484061374,-0.4248107799336164,-0.47516169469365255,-0.5332595004677669,-0.565944002484567,-0.37346857556563606,-0.3709750255632316,-0.3563792245100763,-0.55137448097007,-0.7174428554576896,-0.6596541017533828,-0.5467507601517271,-0.5201700091590389,-0.3566570040719194,-0.2763792958468808,-0.6365228929425382,-0.7609036471544804,-0.5269929621700871,-0.38611765756967564,-0.4491386128100989,-0.43843913495526526,-0.3296114670417369,-0.3470480920118881,-0.4235280586310632,-0.5467039680424877,-0.8245258085554554,0.31185750437442483,-0.3805157332548682,-0.5721307351268103,-0.06739138162630248,0.027098803424172264,1.1460907820497106,0.022000904061907384,-0.8466454604992778,-0.4503541422944811,0.2619234630884354,0.6308010686927618,0.8449969751672901,-0.39382285506134435,-0.1068832810240874,-0.39629214812336605,-0.038474521495973274,0.4873822091678505,-0.38815495674628275,-0.5890117507082289,-0.3457675060040244,0.09502501716219523,1.1179492518799172,0.2151040912374002,1.099646166363966,-0.4298960696246194,-0.28451741223482985,-0.1731313867184994,-0.37910741220639826,-0.38377875481542173,-1.0248298015926822,-0.4935935985005395
9,40.0,-0.392354673517207,-0.30922008649090954,-0.30083382668688957,-0.3063077488857703,-0.39912785249056565,-0.29128431259432574,-0.39931457963674105,-0.18091711967471347,-0.4146700484477438,-0.23440510535322534,-0.33376839120063717,-0.35243494501425776,-0.371200164421325,-0.28831161685817186,-0.4391577363679923,-0.11722023305478785,-0.37991250562764234,-0.360458343219713,-0.4886518086970145,-0.5321163997576698,-0.37475097931656853,-0.3658339706733874,-0.35167927737114424,0.28854561026726466,-0.3393078635049903,-0.281465842130147,-0.24393643424071304,-0.2766140565866882,-0.3013562842334115,-0.2776856078641094,-0.5283755258490902,-0.34838770862573837,-0.4493864335060845,-0.15000831926949804,-0.3974791676401782,-0.3879386099513201,-0.3351966041489972,-0.34371513420642735,-0.4250583411076173,0.5574596312830229,-0.844315097907539,-1.0492346637377512,-0.49142338875451697,-0.7836324983412597,3.5290312577968175,-0.5386659815739757,1.1229325455535526,-0.010209301550072408,-0.865777511535943,3.293909611169765,-0.8966990430935493,1.1648392530180962,-0.2789348518943723,-0.38775297873852876,-0.3889910921044537,-0.329426924858178,0.007719772120668802,-1.479803262637037,-0.423566827135022,-0.7625901535846293,3.4771486896580193,-0.5097531300077793,1.4134006968538777,-0.29239405738805474,0.37183578578575177,-0.25337602221470173,-0.2519547808800481,-0.5933343154125894,-0.30935071035589784,-0.19138818566631327,2.562947924666325,-0.679444992696385
9,50.0,-0.3851768116085418,-0.5057719077389021,-0.3007439539047837,-0.31020089161075187,-0.4010390894442621,-0.19168422995103834,-0.33004159587970955,-0.4152728248107713,-0.4801941800679072,-0.4730099781218079,-0.363677037372618,-0.38367845911664206,-0.36693166028278845,-0.20212268866674918,-0.37333644797787263,-0.5073201719250887,-0.4001760931646105,-0.497971484751941,-0.4302712284109463,-0.48522043558551964,-0.3834543463001492,-0.16879506326151236,-0.3243221233301459,-0.48277765886339996,-0.6063667172530854,-0.5780141975025738,-0.4453266226097408,-0.4310645763006207,-0.321302810320641,-0.1691438132011954,-0.4452439695920071,-0.542363491838032,-0.5293742654508783,-0.5480054849583408,-0.3510145170751641,-0.3593478455871902,-0.34382165411687876,-0.20945662954974836,-0.39371953416044064,-0.5372891026826879,1.1200156018827565,-0.46277523892791156,3.047073495015636,0.1345362307317579,-0.6758869244806693,-0.05211970923674328,-0.4938430476289178,-0.8368135367857135,0.836574983648856,-0.7287637925160438,-0.540009284450438,-0.7382542902390925,-0.9216376899218607,-0.2577140218452206,-0.45193551747102245,3.519048004084527,-0.12110899797536391,0.12795130136912045,3.2612522433279776,0.13946876432231756,-0.4652356276227659,-0.017747157658693415,-0.5058062200712041,-0.893076787420134,-0.6960629936853164,-0.8965605189500434,-0.3918359072630039,-0.28761120736879037,3.697032583337468,-0.210031717609256,-0.5168373713667405,-0.8298952886233444
9,60.0,-0.47129474472208904,-0.532454535938151,-0.3519896237077138,-0.36210941092645405,-0.41573750462477543,-0.2935557943691664,-0.4067382967389515,-0.4545254293572491,-0.5272735577386254,-0.5073850836432231,-0.39285905440457725,-0.4035289309278321,-0.387836819894569,-0.2914623106061919,-0.46396503074689444,-0.5447531884935656,-0.4396298875259122,-0.5140533663704466,-0.5313839067640311,-0.5867856523468443,-0.39799097075876855,-0.37177389748844586,-0.3644230951224528,-0.5810440087252015,-0.5685951509777118,-0.6142647846472599,-0.4666430521969639,-0.45875875423164675,-0.35329579618089796,-0.2821127196188177,-0.5718649595922696,-0.5763148587568895,-0.5860822423908805,-0.5807498186690311,-0.5004751468497395,-0.5132871043145947,-0.3507123313937745,-0.3501715758856337,-0.4552457610261474,-0.6057176395628845,0.8385365784293718,0.6255232073536505,-0.5836266151969891,2.936595888477923,-0.08982564529083598,-0.4146437045449178,-0.6797025826356868,1.8458542886333433,0.8273066698811674,-0.4768076889645516,-0.9232556967773945,-0.8104220391466552,0.4177787853168491,-0.4481464373303213,-0.5975319963719224,-0.3346181068161414,-0.40212255154858373,0.8658181161497848,-0.5399739313227987,2.9998114841081716,-0.3118193465829947,-0.36712075486458373,-0.6317493719837909,0.9469005690640535,-0.6262097491501742,1.8820917448237366,-0.2252176448962406,-0.6791642596827808,-0.22440037071341146,-0.2034399713128755,0.6837999707448502,-0.8608098915329067
9,70.0,-0.46963705167018044,-0.5147506053765208,-0.3470187148458124,-0.3578050301264183,-0.3987756840524556,-0.2933519683531856,-0.39986700807895703,-0.43189766459089224,-0.5132974442458469,-0.48517775797435747,-0.35958641014875753,-0.3341672679206372,-0.37721563293927407,-0.29086750363552777,-0.4067595706120634,-0.4685303574123998,-0.43901237359411643,-0.5068273987090492,-0.5268505258894491,-0.5605285986613674,-0.3878302489153089,-0.37184171299201335,-0.3522807346058559,-0.5256847803874161,-0.5390629596189517,-0.43504225941004177,-0.33903881544050174,-0.254733400476391,-0.3100789755116017,-0.28124264212915645,-0.3695186182015478,-0.4130597101557506,-0.5697139572223943,-0.5719151396835478,-0.5009758705309301,-0.5006432582399104,-0.3430600188466415,-0.34972802871626196,-0.41741066445738323,-0.5303311369098775,0.1548983130719561,0.13853883634305386,-0.5876019309601452,0.4568967863111044,0.21274988696243347,-0.5351493795384294,-0.6456053873902733,1.5595105318066498,0.035183275103021695,-0.25506528303660675,-1.0807046421182671,-0.08246493273027962,2.884778704429407,0.9048021112658321,-0.592613416524674,-0.4016325009051734,-0.3950509335703119,0.07926862757426162,-0.5328887255318109,0.289139200107927,-0.3016160291233529,-0.6604559792109085,-0.5750718803025591,2.150381691996933,-0.39518798268118277,1.4812912497193416,0.8362888246139403,-0.7229418266274983,-0.37170008908317176,-0.1778358948647416,-0.12631907140248086,-0.6522862529142214
9,80.0,0.6100830417979165,3.4071120218222313,-0.12626362268274058,0.16364022951623958,0.35912404681657767,-0.2243933843678052,0.6150750577403844,0.5004995863127655,1.1691506072576308,3.4721822948247745,-0.02980905088594858,0.4782242161442694,0.053466903363975894,-0.2011453563283718,1.0658812158282278,1.056061188805961,0.7657649162523175,2.22827346380805,0.017017361150387992,1.2622339425554563,0.40317639308459013,0.06990346925563098,0.6569550368640176,1.6044133612989158,0.785414548637048,3.4658185588238637,-0.08890659330445672,0.2896659041296919,-0.05176133596423322,-0.19974717578578116,1.0175687029523357,1.6197859295316315,0.9766400965320196,2.9709388206999674,0.06561723679749698,0.3435070480188803,0.09622035009148151,-0.042221061090174976,0.947586244311022,0.9350524625028984,-1.3308856237495406,-0.21789193053400208,-0.3259431271170832,-0.8748306569635317,-0.5263736854025536,0.15624743869861113,1.0930356430712462,-0.2616162062498532,-1.2174292045355302,-0.5545644871376697,-0.5363019428141541,1.1521489206440645,-0.39275896310973624,3.2458841318411356,-0.05116401321757882,-0.24886876255521054,3.410427139027659,0.07273988577778376,-0.28418025027050836,-0.8360385329011062,-0.5215273795975213,-0.24399071559323926,1.033634111439721,-0.5685729455327647,1.446516249243261,-0.37967939617306673,3.2622895046808376,0.3944510702835257,-0.21723003124864934,-0.9215888824893252,0.7393162261092442,0.772039977284793
9,90.0,-0.32996041124916076,0.2681960670097229,-0.2047939268585829,-0.20918222695015146,-0.1948094097871421,-0.24828812609405718,-0.24408624881238233,-0.2320830023437913,-0.2821302882410223,0.7950355019069134,-0.016445526246710186,-0.056560807344851256,-0.13796259194647054,-0.23719978501151842,-0.007604194679473077,0.12484692565702785,-0.3555450129173665,-0.35334205777524663,-0.38861597182745655,-0.40982211568791693,-0.15335294513257422,-0.34001712887897095,-0.31052827333743055,-0.3625833569314526,-0.02114020835619185,0.8338231404726347,-0.07268404868007981,-0.11834929120599555,-0.32008115094286543,-0.26331526228106866,0.1471817511670889,0.3817422530279447,-0.4189618048479655,-0.3337809232423195,-0.3282904763869454,-0.3090386917260261,-0.15249953761771595,-0.30474836206768646,-0.3284138989833287,-0.38325298770342714,-1.1433955000416496,-0.5789281362566087,-0.2784796117253376,-0.7333234105011438,-0.41472290827822883,-1.0021115261820561,-0.07072748193228529,-0.7316561260791619,-1.035556628720435,-0.28247408631720755,-0.18973753562168555,0.6412623257852206,-0.5114407520579021,-0.22185398362720002,-0.5311773891015735,-0.38218552807965633,0.05983307147162878,-0.600531350213025,-0.272141336223609,-0.7204758811016323,-0.3391500014477151,-1.0196728136297621,0.21248568460275793,-0.6688275510686096,2.0153861673987232,-0.7735722868185998,-0.1439592489761601,-0.6061702542289907,-0.3604106628614307,-0.6160682379354647,0.6124457846531597,1.3859066499215973
9,100.0,-0.2238944855797635,-0.44506624677224793,-0.1572238740523664,-0.2855969388137447,-0.20290776762746943,-0.2870498345531349,-0.3782876553204458,-0.27075259903436083,-0.05535943998121378,-0.40311181254905604,-0.07205706469379321,-0.2951428223509472,-0.12381203060782285,-0.2816456499635479,-0.36489387864200795,-0.1205234699687241,-0.40988506514499323,-0.5086289930379916,-0.4652890189273459,-0.574313092280588,-0.3597297145030247,-0.3677089864580267,-0.3634998799638968,-0.4698991583734835,0.0852397859473628,-0.1946410918079451,0.1734089426094086,-0.11794259790433276,-0.05844062235035658,-0.2683168634658077,-0.07227118683504456,0.03563913024598116,-0.376793353218632,-0.5392102829587354,-0.3240223629078381,-0.44507760127405743,-0.2695870859528773,-0.3437845491240466,-0.4411498434908503,-0.3774937464635066,-0.1450573863251584,2.157264687155941,-0.5583995902878369,0.8422349052142004,0.36429573707494733,0.4041514089341284,-0.6862111404324983,-0.7764710994670612,1.1131778947731361,1.0962568649398095,1.8798893322820416,-0.9166538886698012,-0.5884047890508894,-1.4314369996356715,-0.43106086063412147,-0.4232283549655442,-1.5297388361134283,1.0911381930314343,-0.551552470216545,1.0926482731058909,0.8892247727873289,0.8629092332709325,-0.7606809642592938,-0.45471136397433887,-0.6926766985942097,-0.5543521237828601,-1.4393811941617447,-0.6855388067575543,-0.3608252255005898,0.40331896680582335,0.3863028810524589,0.7351138298179853
9,110.0,-0.31192959074629717,-0.3992756800566058,-0.2421594625602415,-0.27696004032417665,-0.3680469543824422,-0.2917053382561732,-0.3122543229089776,-0.19922335679437964,-0.32945334684992755,-0.34425565165888755,-0.21615782877056688,-0.2863086138042837,-0.3191202344745331,-0.2896477388742753,-0.2868825682992233,-0.25292777465816274,-0.40907467008549475,-0.4816429161956411,-0.25914742113839195,-0.4184208106107634,-0.3847718525381181,-0.3686098087479579,-0.35311001750528864,-0.46152190523520736,-0.29341220420440894,-0.05390514387031024,-0.08834171411323223,-0.17218896352187943,-0.29100027827428265,-0.2794394555746907,-0.18730955813916583,-0.29697114245415923,-0.42765247155311314,-0.491506454127411,-0.15599635235643156,-0.2891865911830159,-0.32956469197728355,-0.3463323468570184,-0.35229531259709396,-0.2833751963718324,-0.19025086268908184,-0.7479738009876761,-0.5925600359205523,0.15315627174859966,0.276956892797194,-0.7390481125549909,-0.44393952813647486,1.0954470815037811,-0.20005744533155045,0.37472326100333003,-0.5341200258226037,-0.23367951586444716,0.07213265817455375,-0.5570861438036984,-0.37807046170072045,-0.38791564765294373,-0.5517509696947164,-1.0235006055968519,-0.5640270406427733,0.04535049678153339,0.03857607138683176,-0.7006367462832784,-0.4816434543855194,1.1616066033481447,-0.43457916366053617,1.1640011499868088,-0.6571805128792347,-0.6433928492354317,-0.3080979957942192,-0.18302579775066827,-0.5712904514698426,-0.7024579411124975
9,120.0,-0.3336498849584147,-0.5076833302297687,-0.31702289053412863,-0.32780270745867696,-0.31815758148303686,-0.24032587537644964,-0.3318871588768649,-0.29801529541496713,-0.3572601176605728,-0.45503305026366836,-0.3151643620327152,-0.3344312331932794,-0.3290337870844416,-0.24738225108885079,-0.35504264858212536,-0.23015216657460508,-0.4212089087072111,-0.49486316098776734,-0.36887078335387147,-0.45647376535237655,-0.3781423508624715,-0.33786362655628294,-0.3552257262377279,-0.5030730425866491,-0.12034160142791371,-0.36521395367748155,-0.236370885604565,-0.26668028522750076,-0.34979222149517203,-0.25687297953671234,-0.11918227984895154,0.008353307533120002,-0.4842893053676157,-0.516666536373809,-0.3704685516947438,-0.3963121899162481,-0.3319320790589571,-0.24363722637889615,-0.4043830071483819,-0.45893418851303497,0.7791157714783244,-0.30013790568638266,0.35681522864719817,0.33141758450042524,-0.5575006569202475,-1.0068297847433167,-0.5151444203207043,-0.8196734495096718,0.540677022744772,0.01859009703583105,-0.31947863718638275,-0.3224856300224153,-0.8609299543697764,-0.3470633153059277,-0.5408652142106859,0.9637773524363348,-0.21395600834334022,-0.5148543258632671,0.3602382909454664,0.2092244639333701,-0.09921023752742324,-1.0129965040225428,-0.4476204728435623,-0.8839434656159632,-0.7725126695407374,-0.8580204089125739,-0.22045313281499299,-0.6992726674236046,0.1338282835625337,-0.06259138099864174,0.5361012600483478,-0.61665894539749
9,130.0,-0.4564272999354589,-0.5172738430552274,-0.349301352015222,-0.35500918752057803,-0.3918789100526679,-0.29235802177013714,-0.3915265660350077,-0.4504590718023406,-0.46694127270808894,-0.47038959017194343,-0.3563767656000384,-0.3675382518242151,-0.3539792271779436,-0.2897601241588011,-0.40179497148113236,-0.5589977329987995,-0.43840551252790194,-0.5098231814851082,-0.5183146702167954,-0.56772880848121,-0.3879160757687194,-0.3712348159974319,-0.36344350231132355,-0.5696351436553971,-0.31662262867379204,-0.3615031404185006,-0.2648238241753423,-0.28271478134421213,-0.3155115413707677,-0.27817368423608385,-0.31802958537172865,-0.539915393942201,-0.5725751166995698,-0.5599316053585314,-0.44095533475054427,-0.45868787790377213,-0.3389936989326452,-0.3483142860408162,-0.4536484277664788,-0.5791425570998663,0.4015853416680319,1.5112386731059688,-0.5608791626088016,1.0476241355617246,-0.047490039565525805,-0.6384459884745464,-0.4613117084621651,-0.1575393321144764,0.056588960750242015,-0.6226410648300709,-0.4314454219701851,-0.4361017216784151,0.15028252185763227,-0.26845936746810195,-0.5695675802371112,-0.3874851800367183,-0.08041453772185829,2.2303026883679724,-0.5338002930225,0.8583640343064308,-0.2325689777540599,-0.6326591895051715,-0.2979209137956166,-0.08550286301486236,-0.5377004726194764,0.314596181596683,-0.1306461445500606,-0.642944565311403,-0.35496916207838136,-0.12643865784835176,-1.3181990038711107,-0.64171568965291
9,140.0,-0.19598189469112995,0.7464291454640101,-0.08676314765331221,-0.11186623516489273,-0.31000924107960504,-0.2881766406511139,-0.02343057237075445,-0.03417512792482061,-0.310362002369496,0.1043345860303126,-0.16962255566344034,-0.20979799982706232,-0.3322839345955084,-0.28608843822171093,-0.1884406907045667,-0.22677759349865678,-0.011345233410559865,1.1274577982783598,0.896729623568317,0.815922960625097,-0.23148605961630458,-0.33474514622479096,-0.041258788928997855,0.32102398999397613,-0.2855129959583955,0.036360208108933555,-0.2581522516573876,-0.2725033182467239,-0.3389453712509143,-0.27535708782465873,-0.32766710696086,-0.3679939104230352,-0.11083306811088624,1.4224003667707386,0.2216221146489132,0.2540662155074467,-0.26847593327604274,-0.332964444163386,0.14972189963975932,0.13669834901019412,-1.16673503042185,-1.536991026596322,-0.5348878441206568,-0.8072802610222124,-0.22453953891742937,-0.8816467549356624,2.7843447001099704,1.829810670144545,-1.02921707080691,-0.4387890053227518,-0.9396041243452314,2.6680915822175852,1.1998990325195489,-0.21661495485050164,0.2452555366846767,-0.38661223501941644,-0.13913740762272703,-1.4774359029853863,-0.47431304297738003,-0.7828176453355989,-0.45834104760610483,-0.8940762024154753,2.5941364569683247,1.8476148494705538,1.7974473956771702,1.691053356977985,-0.2626865104603281,0.8871328238851208,-0.32846905594554177,-0.48247251495583415,-0.1362201167937942,-0.6088472304478328
9,150.0,-0.02948947144843304,-0.2960846448191206,-0.2620339326703182,-0.25311132522226865,-0.01022371157089783,-0.288559141169474,-0.2930268349249778,-0.21607694305594374,-0.024911615167188986,-0.37596820223576877,-0.23557285140377965,-0.20133916349897624,0.07607521054005137,-0.2809563653272602,-0.2928792260147949,-0.20145393088508765,-0.148435615241094,-0.38170835972560474,-0.3213187775044961,-0.38704585258668517,-0.2647361965265176,-0.36512512901756644,-0.33172536003163167,-0.4836223150215777,-0.13291340700593746,-0.21169529151649288,-0.14476233466871208,-0.14384273830640013,0.09452680013455894,-0.26876143743030706,-0.27236413085942573,-0.19313719754900013,0.26655021394767364,-0.3690746938458186,-0.30820125148289657,-0.31609379626929424,-0.25964253698231354,-0.3404361257101219,-0.36203474079813525,-0.3751029714849714,-0.4747717153304101,0.960607630267677,-0.5885920356430959,-0.684769459194103,-0.2724215492500433,2.1446604049330196,-0.605146443545833,-0.44384239836718226,-0.7207596140696415,0.09652022326759162,2.2111643105124856,-0.6782663984496689,0.29016466567217336,0.08874466548217243,0.5468174592879957,-0.41569567139059077,0.35824710647288516,0.5611332228482551,-0.5751492665458833,-0.6546679356517447,-0.41943859663480365,2.1456976979012645,-0.7308623108610577,-0.02391092776045466,-0.5860203650183164,0.10741874850998408,0.524231129578185,0.29294773929289836,-0.38615459403507135,-0.101671800978623,0.5371185338347376,0.1570492593059324
10,0.0,3.4856634782960256,1.6055013899425652,1.1068067439957865,3.6064818275870962,3.0055880551556773,1.8172640035641185,3.3831758470923017,3.089771002281885,3.5324753496866848,1.8080708033965889,0.5679965922415913,3.5958850841530943,2.529966100476889,1.9814658124200055,3.138398358585187,2.8217997930275707,3.5955296882250978,3.557645913687426,3.6130169751387866,3.6135237500796333,3.61146724691223,3.2894096681443807,3.613238558200231,3.593640202163086,3.5087101538219247,0.3337403392674004,-1.0677489610712438,3.219458739821688,-0.44477829964297266,1.7562789999465946,2.498319964498162,2.847051194477377,3.5442730652506818,3.247772584775451,3.586665352658847,3.6115374762690275,3.558242522674518,3.1337862132031704,3.589046743679517,3.2694648345594297,3.569913921371679,-0.3558287816521225,0.20919223980249568,-0.1648028449182815,-0.42311486821661315,-1.8256195693992843,-0.5369407595683157,-0.7741678407669411,-0.6505445392124055,-0.18474976947019722,-1.8740582859753006,-0.8688140361691944,-0.39666378100614536,3.495055049696846,1.3774456404549713,0.13336751100314814,3.590336683794707,-0.6478543446939016,1.60316905616903,0.018744666469467822,-0.5451836602123901,-2.0323946511366793,-0.8319010273164422,-0.7350717393578494,-1.1914628337433542,-0.5459098148708978,3.5920370621530897,1.2416131350805544,-0.5128771430648783,-0.9579463558468624,2.110188409200154,-0.9086884850973537
10,10.0,-0.3725633559013475,-0.4287039664847251,0.08584582748613807,-0.22862894927187843,-0.19182722517878856,-0.14168153314115503,-0.11697108268289144,0.4957200869142979,-0.3872665572103528,-0.47025220878568635,-0.13638167173447563,-0.24381100832701574,-0.12554770472172486,-0.28796194000320746,-0.13263806408432294,0.29852789206597746,-0.2930374639270519,-0.28257735101043097,-0.26289278542012734,-0.26107665427145227,-0.2674691036344691,-0.24805046010078896,-0.25281707012114596,0.03766327742843881,-0.4710566118168179,-0.049581270422778635,0.12432061468401352,-0.05782180246536604,1.1461756968596708,-0.32413709374826377,0.5647135854491082,0.41886778368278277,-0.3415018407032676,-0.3477588954433361,-0.25776584236915556,-0.25294394379899104,-0.2680635158951856,-0.16497520983611313,-0.24521231569651908,0.8580971994405782,-0.26092115396686355,-1.2805802467542649,-0.13275679146029828,-0.5732273042177559,-0.29393279738451134,1.3815826687397634,-0.1388696320435243,-1.1394444024165122,0.2620182389117032,0.59307486972875,0.2290019179961612,0.656377391443508,-0.9733595076238244,-0.12098516776646509,-0.6614349909662605,1.258547991324018,-0.29813338366801084,-1.2031240871934497,-0.2189729203068728,-0.5363498596973632,1.6335208527783576,0.8203895694742366,0.43262854841733306,-0.950324823915133,0.3101420143282475,-0.7737236017292516,-0.24374210255019288,-0.6076348206029454,1.7227968534617493,-0.10366860609733812,0.6764054230973645,-0.031431302051844356
10,20.0,-0.3979164196005898,-0.763584114383743,-0.8733691654565436,-0.31083091897968024,-0.5876642453999094,-0.47724835409393124,-0.4611566610148952,-0.5618997306395699,-0.3895638923997443,-0.6556252022519511,-1.0780956651446616,-0.3642065260304511,-0.5938842172806772,-0.42180700589318987,-0.5584318625053654,-0.5748940382907697,-0.3153439947961103,-0.36393485120236996,-0.28522412305031036,-0.2732318446521629,-0.2820117657686429,-0.4345500994999521,-0.2759403401853731,-0.33670892604462,-0.3624189362107214,-0.1997225186209354,-1.1706339794632394,-0.6244238881760018,-0.6138708922003033,-0.5825873944002982,-0.7747784975740842,-0.6199516620252721,-0.36824889625350327,-0.553557905562163,-0.36238391462295755,-0.27649649195817433,-0.37767386770471106,-0.4774845985262801,-0.33596631268235894,-0.5289467407845693,-0.09122422769576063,0.20056103636117767,-0.31546628568884433,0.23556405798332777,-0.37998064100436824,0.18943071087462807,-0.22597464343300347,0.2842952778029375,-0.1231301710110134,-0.40385091074501267,0.0014917222534608003,-0.09031073152934224,-0.37753829359280255,-0.24008750786256616,-0.4875602186236389,-0.565772342616452,-0.14318207973234992,-0.0414327097481779,-0.4112778354302765,-0.08050949276501226,-0.4701197386881318,0.11597963551201822,-0.31858054279580167,0.0479842329294964,-0.3926181473067211,-0.3206502843778038,-0.1788349463379426,-0.5428394776182336,-0.5183603500426545,-0.6353488093739834,-0.6939563008235552,-1.0421718258030612
10,30.0,0.3514274679376925,1.9777767292475716,2.6119208141077412,-0.0891458084988734,1.5934319622207491,2.7900039852257987,0.8711628362331557,0.18226080495647978,0.2542349364479727,2.0351800921401715,2.6063990186821013,-0.05390060847489636,2.0230156818483365,2.851032608812453,1.3892147369580568,0.26520193861334546,-0.19722447807849194,-0.17643276934682994,-0.20780375824292535,-0.23911937055054877,-0.20677222444327575,0.2005932697898788,-0.22311256450113037,-0.23602072366791746,-0.07339143695072195,0.27802072398269084,0.44597979204246807,-0.8998705063717347,0.7116383385884983,2.5646572030866923,0.9167243896383062,0.27162037982736986,0.003558544336694809,0.40000086742723323,0.0060686039324227975,-0.18126726739479712,0.24805290630975307,1.1392479613699507,0.05938562340389328,-0.08198016049244267,-0.43840584334221105,-0.6743514333521424,3.5165433238327153,-0.6555696058176685,-0.4982220438166794,1.6221524772486564,-0.05604142372660633,-1.229222722679874,-0.41196745533194845,-0.382571968974061,2.399115820199126,-0.4563401103141498,-1.0100343939259506,-0.8499152051022982,-0.03158881793639365,1.7051245748434707,-0.3923721834538444,-0.723118042375472,2.9594490573884658,-0.468257669019286,-0.3965172091623593,2.5274952518303806,-0.34208705246988447,-1.000542499348382,-0.40126435270445077,-1.1090079945413975,-0.419795217269846,-0.43383418367177207,1.2698352101387638,-0.23082000389485235,0.18491921231397654,2.345379573441208
10,40.0,-0.418923434791595,-0.812401056165154,-0.8548595240309111,-0.31139453191775573,-0.5085582620585128,-0.4926623630163241,-0.391664830693944,-0.5874460255357693,-0.3819119943757407,-0.6727430228194614,-1.1527458611429116,-0.39766351506444064,-0.30872026745672104,-0.40652456267423986,-0.3076810692318021,-0.5929402718141223,-0.31750918767903613,-0.36393446751417247,-0.2903063550186028,-0.2777487757452144,-0.282694690253059,-0.43694242669703015,-0.2758939679462226,-0.33964329746302957,-0.25497990382783803,-0.1598293841257906,-0.5456979720139137,-0.15943364509874536,0.3572728324886457,-0.2172332928944339,0.11593594841226912,-0.5311469026588744,-0.37971790725644217,-0.5740322996794407,-0.38509529867056436,-0.29663363701221057,-0.3700737543883413,-0.47778811937135923,-0.34181486027528,-0.5408345669830208,-0.07769240471274345,0.14284724226755183,-0.2986079882009779,-0.19942457611907974,-0.38409745531324746,0.8006351737055741,-0.34365424844254167,0.06820360033737385,0.21469936465781186,-0.5776557057003769,1.061554610477859,0.5243479866151193,0.33769554657876016,-0.004948216867156935,-0.6374407484037165,-0.6022085602816818,-0.16456571262144007,1.0582815071512242,-0.4825274459434501,-0.3687759565532272,-0.5717146620722693,0.29895345560430064,-0.14188973306408956,-0.06512993037757675,-0.22049426095927238,0.9630795008859369,-0.21662423096468125,-0.5607449119486708,-0.6199052537664659,-0.3449046379191703,-0.8552654097423834,-0.47005182592223177
10,50.0,-0.3530991558977718,-0.6376179641172797,-0.40001311774954107,-0.25941855491868143,-0.4193869759218472,-0.47075993959665596,-0.43569324915117597,0.3825115081691624,-0.3441877839985985,-0.6319242701288923,-0.3947316579411918,-0.21925118412116337,-0.4155936118732966,-0.37140945809403586,-0.31092710269292934,0.7396050243925278,-0.30848525088755024,-0.3545165598577727,-0.2784834666684104,-0.2651807033360481,-0.27611095276919556,-0.43629258553190114,-0.2726346461815578,-0.1662535471108944,-0.38927733334690495,-0.6785010795672397,-0.37589279072531495,-0.3287809165422844,-0.1866447168764552,-0.16573373277198095,0.01196411650389979,0.5698150245043568,-0.3411797854908361,-0.48444693160951663,-0.30438006217448055,-0.2492195610292419,-0.3043738724249561,-0.4760338046752095,-0.31371192146817173,0.4516790613476376,-0.1634422412489804,-1.1806258574759616,-0.2960687310951722,-0.0052710839637538625,3.272658611909042,0.15923176876519282,-0.5357554752809798,0.4011562244333602,0.2925844883130396,3.079582976292843,-0.44527330574313984,-0.34841833826591684,0.7315211974500653,-0.20619855406197854,-0.6703868596307256,-0.7028773903896506,-0.2305500274316944,-1.1713593200833738,-0.32351178082042115,-0.13636599867428578,2.9627496216694658,0.058074630142048646,-0.33259108725616765,0.40739138729773533,-0.4875221038705889,-0.23331722133800553,-0.150487656835154,-0.6420309627034659,-0.6865330940302037,0.2903845379635974,1.6253663359384005,-0.5038376264647044
10,60.0,-0.36044432962984607,-0.0151626903522859,0.42843890592910083,-0.2661374325687112,-0.05965368980535644,-0.4818580497597193,-0.13892058849920375,1.0976894215205628,-0.32011155058338164,0.027140883416135318,0.46553084427549724,-0.194857233022802,0.7077289742014954,-0.43139340237252305,0.15607202163747644,1.475708157174767,-0.30566138559031875,-0.31276212199224546,-0.26028082846683254,-0.26743660083134635,-0.26776717631548597,-0.43595799749271424,-0.2616979692799358,-0.21426808890960178,-0.20652077209328207,-0.012839515791533711,2.0396797545959884,0.40457411701377954,2.430801915867601,-0.33940203763574367,1.3304706376829256,1.467506996106092,-0.33888618100881207,-0.3221169849166194,-0.26480492865084154,-0.2801260052035772,-0.2250647184417102,-0.47789725852334464,-0.2177346985864633,0.20259906542642284,-0.43745494075009905,-1.2711434129369903,-0.5352460345345613,-0.05804920173085485,1.1593413776810337,1.505520407859393,-0.3588279950748711,2.2862703074452497,-0.14394317063197296,1.372542100212139,1.4214229490505381,1.1009487814203276,2.6588628642820487,-0.24480197611040583,-0.6990868272658062,-0.7601686879912747,-0.4091514931177462,-1.203656293579211,-0.7411709088225341,-0.35084591771753043,0.4471209530263798,1.0712216840871214,0.4982722567934064,2.9041184485563156,1.1744150094375847,2.8623640504390346,-0.2973355561891457,-0.6455749728231964,-0.7121646383230577,0.8098326820807821,1.561928065649008,1.5239759304094995
10,70.0,-0.4013392032703295,-0.6371725852831721,-0.6869256924710024,-0.26533594176640374,-0.46838614457445954,-0.4714076917296146,-0.4265691689716595,-0.5703572358222033,-0.367983287989162,-0.4211842529582637,-0.6632143775000383,-0.2414139626217816,-0.31450460396537305,-0.38276145639003284,-0.4843431092321739,-0.5867180761908213,-0.3077363778540318,-0.3513539997192509,-0.28527877453461725,-0.2692429167176342,-0.2779378784350014,-0.41331293648039613,-0.27296944005577445,-0.3325996506327269,-0.2521981652152396,0.5367591177726853,0.9427207736898087,0.21401208460013485,0.5835297200228253,-0.09724233728784222,-0.47728935897251035,-0.5394969794993245,-0.36504508501112354,-0.5056851696453925,-0.3742310783593365,-0.28232177573958894,-0.3618925905271516,-0.47355581306525635,-0.33663322199533124,-0.5409395408190475,-0.03457548196782408,0.3304383158348254,-0.32636227789402417,-0.5294012567087425,-0.47022459462926164,0.15269729983291946,0.013508824214509958,-0.10156165807100734,-0.1884564559333112,-0.4958981587947364,-0.14755820174211123,-0.2662180606777432,-0.8685895623677581,-0.1287818511811984,-0.5366784860539172,-0.5655987429064452,-0.09030194108212937,0.41563242232558917,-0.40702428436965454,-0.4326515167342297,-0.4739142896166026,-0.023953298868312854,0.06220535386674548,-0.21421378624889464,0.20165412500220167,-0.14974000329793696,-0.10644492840298372,-0.39182885909383075,-0.033950378780807186,-0.21297069464490492,-0.6191935648306787,-0.685194781308219
10,80.0,-0.32489283986335427,1.2711734383588567,-0.3034584535275785,-0.26021300069293907,-0.3844456487656847,-0.34557014995203533,-0.3474557246776341,-0.5393843274284632,-0.24984302537926964,1.219391874898245,0.24875685113483262,-0.2702088022539593,-0.377111254261104,-0.28583241167521806,-0.32240936968107176,-0.566352813680173,-0.22643793135401655,0.217962782656404,-0.23888513835559058,-0.23657433013801507,-0.24223793706424604,-0.004684218859274698,-0.2555504414216031,-0.28639236994825207,0.02742173980768534,2.2050706640463855,0.9062627644674267,0.3309267524729329,0.014349857589703896,0.40580145485720026,0.07520304877817147,-0.5134102112111053,-0.30911250582386596,0.6205897789913438,-0.26078664278341457,-0.23431885419519738,-0.25124214623830887,-0.11230275036955484,-0.2778430249836984,-0.4587981547779175,-0.4476993594573509,0.5926187988399843,-0.0538930391914141,-1.1131638876780088,-0.5021970578878178,-0.5335471543937051,3.5246113615116297,-1.2239130556916618,-0.9471172971176193,-0.48587198291143285,-0.11357619047982734,2.61810722059782,-1.0305346262983306,-0.03598420558341697,-0.2114216507788435,1.3719287595721676,-0.2666497443848933,0.602091777109279,-0.0661102019570586,-0.78013601232067,-0.32732022423655077,-0.5719979977073276,3.256501075998891,-0.9972474994389025,2.974057614702307,-0.7486743801293172,-0.34519738328930427,0.7615426623413549,1.7080360293112296,-1.1291257189127135,-0.8040586136230252,-0.20394524226582958
10,90.0,0.2068626912720534,0.20454133700236518,0.08847049388258757,-0.15057289917814923,0.3425368420212744,0.6826834838269241,0.14441198092552968,-0.3122094880801464,-0.0016308582495478637,-0.42754020164108814,-0.1994918611914143,-0.09788982135356408,-0.20260052043777024,-0.05733002393996552,-0.04620889311517816,-0.49130904238427303,0.06471145175789296,0.07706525309480301,-0.18044865899930748,-0.1737245297876743,-0.12105939749386209,1.0955438203650334,-0.16493835478893096,-0.10542121868062644,0.10812471615698614,0.6112036783178434,0.5191290214095687,0.29680287041267717,0.016281684773291994,0.5831722706379685,-0.1147337933059429,-0.42900644619890965,0.17299581232200034,0.12475465562501249,-0.19611359487757932,-0.16313959158385685,0.05588054689153259,0.7609096543250368,-0.022769230427960828,-0.19243480983149064,-0.18764879173305635,-0.28539209995315695,0.25640225384389115,-1.0215387116618144,-0.49966643904439245,-0.39719034734374187,-0.40443657811503686,-1.2191260163425022,-0.5111608419842586,-0.4481577266061648,-0.5708992625947528,-0.7520794845839286,-1.019602621524017,0.044136563996544906,2.0198643076989566,1.8809870750620048,-0.15731344310903744,-0.32010222711760905,0.47995638771238275,-0.637826111150226,-0.3633898538335666,-0.5380947056443846,-0.7270409844776606,-0.9951484150075414,-0.8903707208816097,-1.038109725687668,-0.041226007060858265,2.8032808392891386,1.5946030632155543,-0.44712289285874796,-0.531269043341697,0.8324074068601766
10,100.0,0.19746626488416144,1.1833541709365685,1.1884345330879738,-0.21022225723292332,-0.34136041485946994,-0.45999445099465397,-0.3174051728566008,-0.4921617715538548,0.15687532440152663,0.9868895881896088,1.4957478456794704,-0.17131268719431395,-0.11120144284838666,-0.39763669930341566,-0.29904085688945314,-0.49304400712107443,-0.14361471741933768,-0.19067327857906846,-0.23409106050588585,-0.26752540225022725,-0.2710347267953574,-0.43329236291614304,-0.26842782271462245,-0.3173471928361771,0.21132879413667574,1.025549079084047,0.7118587592320788,-0.2695092068930774,-0.044358120744034085,-0.40200412105794414,-0.33210833765714476,-0.45880528932465897,0.16846415630930853,0.5822329124640822,0.010650926851302792,-0.2521248846313874,-0.2871922943134821,-0.46863210956640383,-0.26699192336898553,-0.45424781746252196,-0.4650860148278556,2.471301540469113,-0.4147750328694261,-0.93837716043947,-0.1964389026787201,-0.1255276627842128,-0.09510084709352694,0.7952644315304112,-0.5185561231527648,-0.4121977059686145,-0.13043350749668015,-0.8345816811118466,0.2825738608526142,-0.42632086427301047,2.2135360100917207,-0.6641259769411892,-0.4057261769491679,1.7208219956182402,-0.5215521004484799,-0.5624002476687349,-0.35240944255547224,0.10169981506518883,-0.47401789805097655,0.5824491617892834,-0.4932790421425943,0.37230426918468135,-0.40683093016094335,0.9558730531935759,-0.6609990636017947,-0.6338909870151527,-0.4810730079724197,-0.26414427291393194
10,110.0,-0.38593024045796553,-0.5655681254257922,-0.5829347319042053,-0.2674333792078405,-0.4316457851055646,-0.48003312217301086,-0.38448865901769064,-0.44782288447899044,-0.34424374143683545,-0.2610976588185066,-0.3837468368985748,-0.3177111585351,-0.5618210041584702,-0.41091929117956605,-0.4973798630525585,-0.5207268182430126,-0.3040981246986956,-0.35382770404947134,-0.2650340293162865,-0.2589912039702774,-0.2761899637314317,-0.43470671946206396,-0.2672901447294916,-0.29003262968901544,-0.2997058067983404,-0.08878147160344875,-1.1637248023461801,-0.3551984022192388,-0.7238515817732184,-0.46222235106532683,-0.6842946865981555,-0.5652973884995848,-0.3479259437929391,-0.5034932177700263,-0.2517615926064538,-0.23548286508036073,-0.32987203071013715,-0.47285764773548605,-0.2918653230183449,-0.37432300460361384,-0.1382952576065683,-0.46555875065243185,-0.3190295827457069,0.5656606044046789,0.21279056975786012,-0.2484452911630972,-0.17696891666015688,0.8135319339476207,-0.21100356222640493,-0.20000861344387436,-0.23130597430291402,-0.6060961254439016,0.8584843586262415,0.026375613371496662,-0.39191364375073984,-0.6395904362328346,-0.16891826338233176,-0.7049068997355329,-0.38663517923231583,0.309059011014429,-0.03703363572896496,-0.4268902381189593,-0.34201452674346483,0.5308819076080119,0.132983893623492,0.4423942893318217,-0.2892784935796715,-0.4630495307641756,-0.6490217622900963,-0.7177410013958363,-0.5635983457949795,-0.9296846777385614
10,120.0,-0.41124149421355527,-0.7629886702167761,-0.9017308869299059,-0.3267015231245939,-0.5313518656218386,-0.4764553069042192,-0.4526865598678591,-0.590089002354483,-0.35501805495153793,-0.6743627601007273,-0.14737136585043306,-0.2606012490792257,-0.5338968896333723,-0.41527182480666486,-0.5287101163947593,-0.5823255809716252,-0.3178965868074832,-0.3623015013172028,-0.28728621958722833,-0.2754588324381128,-0.2799660159633839,-0.43628620696622394,-0.2753056353967464,-0.33565364946989806,-0.3138515692998048,-0.14964802275719344,0.6190322144198147,0.05848835438106455,-0.2647178666132492,-0.4241052746160446,-0.9082408022651384,-0.5854388738821655,-0.37621743779288713,-0.5242796292199688,-0.3757211020943103,-0.30287587668503857,-0.35656747900942476,-0.4744267210182703,-0.3382829723432229,-0.542701921401297,-0.19061635645627056,1.1641014286742044,-0.3680513970182944,0.13787576122609116,-0.3084474784926767,-0.5895125113483625,0.16504909890303135,-0.11638929394915741,-0.1979437149614033,-0.5426180352194505,-0.4792704263496555,0.9250750416201249,0.1567590102979229,-0.16172876143764672,-0.585924892960913,-0.5957081765577891,-0.21183404135214332,1.7774821662120799,-0.4169683687262596,-0.26059572807213205,-0.465873204691087,-0.5129882177926476,0.43028637970928874,-0.20068785113261597,-0.13895127089200918,-0.26278964691590534,-0.2628016836627771,-0.5779068587973689,-0.6486539943913748,0.24452630526038546,-0.44612882846408203,0.12626939590711972
10,130.0,-0.38794478547539674,-0.8209893462501809,0.07596770778682642,-0.32621177107212623,-0.40846000775915736,-0.49960521672277597,-0.4431292312829637,-0.5614639570990414,-0.4024596331086662,-0.9937560017457507,-0.22750931208189618,-0.3923153235632952,-0.8259041407118678,-0.485766813174594,-0.5575012576300135,-0.5823569676657118,-0.30696250585943,-0.37138399488014723,-0.26104122303506394,-0.2781127943953138,-0.28007037200255014,-0.43571801727366655,-0.2745596207242736,-0.33482927062562906,-0.6544960847181265,-1.8976495965320959,-0.5020347796575265,-0.824570948288408,-1.215890828829128,-1.1357598802930025,-0.8911431729407069,-0.6403552963253775,-0.34500758990736596,-0.5866811368672898,-0.20413000665184858,-0.3121645468199201,-0.35061080639804915,-0.47942233314873656,-0.33573905117327,-0.5228048753657608,-0.4790486788672829,-0.08172381258474289,-0.47389516790389946,2.200689902090117,-0.3209173701285386,-0.8452462383721504,-0.6445675136146687,0.30515094307778023,3.399170838337128,-0.4387504557274465,-0.408707019692406,-1.1854996952610752,0.09627136229707711,-0.6090299203845013,-0.22714664544536875,-0.676063693235656,-0.4744138910910603,-0.17604318723963197,-0.5705946059023577,3.2245198509515287,-0.4731257961030476,-0.23454943131591102,-0.8806715271575711,0.23789307208715832,-0.7234602709371892,0.7095131575818983,-0.4182010388576098,-0.39031314288086744,-0.6264641319340712,2.734762188022371,-0.6890842232960906,1.003546448764691
10,140.0,-0.4271246432881814,-0.7981585468088213,-0.9825934542064642,-0.33423485915653994,-0.608816594347113,-0.49267529453274744,-0.4826097355344668,-0.585118400849865,-0.39936523085334774,-0.868187662790425,-1.0011425425278921,-0.37074200451108685,-0.8899250991779635,-0.47788353172580567,-0.6384135526710946,-0.610175188912604,-0.31623313503143674,-0.36897534996967074,-0.2759605539375977,-0.2700997909956064,-0.280145042242269,-0.4357527270191383,-0.27210054015342267,-0.33613291451313554,-0.5776887836454767,-1.75379074305003,-1.4832504092637515,-1.004653602647422,-1.7659377395108817,-1.1594824127575756,-1.3307430416491552,-0.6919523289727046,-0.37644840517764183,-0.5732986285693695,-0.36621081958162965,-0.29242217513668595,-0.3795488998243458,-0.47856746306214226,-0.32386751106380335,-0.5438285682523855,-0.15780316873881226,0.6933360329149586,-0.4479854888764826,2.1190353075512163,-0.3675509107511094,-1.246161732221574,-0.18603125157593933,0.8499522713429226,-0.2646495986565829,-0.47286891267236614,-0.7115048456003644,-0.4164981583397994,0.5541545859540998,-0.5367849964342488,-0.4702621764293236,-0.5778419046518352,-0.17722430241885845,0.6172872433499467,-0.4962288693101944,1.0623909819372734,-0.5667897105737598,-0.6529455011310707,-0.2890992354536072,0.447648334558894,0.14617034634395637,-0.1677325945351917,-0.21523688699197888,-0.5065519690000961,-0.6263413459018911,1.334033994632428,-0.4751801083099906,-0.7924287158169607
